Time	numpids	numthreads	maxprocessors	maxcores	maxcpus	cpu_ids	sumuss	sumswap	sum_read_count	sum_write_count	sum_read_bytes	sum_write_bytes	sum_read_chars	sum_write_chars
2025-05-20 02:19:39	1	1	1	1	1	0	56094720	0	1056	1	29528064	0	6367169	47
2025-05-20 02:19:40	1	1	1	1	1	0	127635456	0	3597	123	54308864	0	20097092	470228
2025-05-20 02:19:41	2	2	2	2	1	0	197533696	0	6533	129	69885952	36864	36036063	470766
2025-05-20 02:19:42	2	2	2	2	1	0	220274688	0	9158	135	76288000	49152	56464517	471350
2025-05-20 02:19:43	2	2	2	2	1	0	188678144	0	11896	139	76304384	53248	76046263	476777
2025-05-20 02:19:44	1	1	1	1	1	0	369143808	0	16205	161	296370176	184320	282896252	567663
2025-05-20 02:19:45	1	1	1	1	1	0	814530560	0	26549	193	954810368	270336	947245547	581053
2025-05-20 02:19:46	2	2	2	2	1	0	897290240	0	28534	203	954875904	278528	961581287	666891
2025-05-20 02:19:47	2	2	2	2	1	0	915128320	0	28727	203	955203584	278528	961805260	666891
2025-05-20 02:19:48	2	2	2	2	1	0	917794816	0	28980	207	956706816	315392	963310358	668241
2025-05-20 02:19:49	2	2	2	1	1	0	969187328	0	29008	207	956796928	315392	963384315	668241
2025-05-20 02:19:50	2	2	2	1	1	0	1074352128	0	30023	208	959549440	335872	966146846	668748
2025-05-20 02:19:51	2	2	2	1	1	0	1087397888	0	30342	208	959836160	335872	967837893	668748
2025-05-20 02:19:52	2	2	2	1	1	0	1204912128	0	31366	209	959836160	339968	970602735	669255
2025-05-20 02:19:53	3	8	5	4	1	0	1326301184	0	31620	576	1015676928	339968	982353057	2003066
2025-05-20 02:19:54	3	8	6	4	1	0	1349857280	0	31682	596	1015676928	339968	988793613	2006250
2025-05-20 02:19:55	3	8	6	4	1	0	1361682432	0	32275	632	1016209408	339968	1000876998	2011976
2025-05-20 02:19:56	2	2	2	2	1	0	912437248	0	34145	573	1010782208	499712	1013591232	2106322
2025-05-20 02:19:57	2	2	2	2	1	0	934105088	0	34401	575	1010782208	503808	1014159328	2106877
2025-05-20 02:19:58	2	2	1	1	1	0	935243776	0	34828	578	1010782208	503808	1014405112	2107687
2025-05-20 02:20:00	2	2	1	1	1	0	957288448	0	36520	578	1010782208	503808	1015755885	2107687
2025-05-20 02:20:01	2	2	2	2	1	0	989773824	0	36524	578	1010782208	503808	1015759257	2107687
2025-05-20 02:20:02	2	2	2	2	1	0	990076928	0	36524	578	1010782208	503808	1015759257	2107687
2025-05-20 02:20:03	2	2	2	2	1	0	1046450176	0	37131	578	1010782208	503808	1015768969	2107687
2025-05-20 02:20:04	2	2	2	2	1	0	1094799360	0	37223	578	1010782208	503808	1015976017	2107687
2025-05-20 02:20:05	2	2	2	2	1	0	1112838144	0	37235	581	1010782208	503808	1015983550	2108497
2025-05-20 02:20:06	2	2	2	2	1	0	1172590592	0	39223	581	1010782208	503808	1017492587	2108497
2025-05-20 02:20:07	2	2	2	2	1	0	1172930560	0	39223	581	1010782208	503808	1017492587	2108497
2025-05-20 02:20:08	2	2	2	2	1	0	1174577152	0	39223	581	1010782208	503808	1017492587	2108497
2025-05-20 02:20:09	2	2	2	2	1	0	836526080	0	39842	584	1010782208	503808	1018790656	2108507
2025-05-20 02:20:10	3	8	6	3	1	0	1356455936	0	40104	969	1010782208	503808	1029252691	3442476
2025-05-20 02:20:11	3	8	6	4	1	0	1353211904	0	40166	989	1010782208	503808	1035693247	3445660
2025-05-20 02:20:12	5	20	8	4	1	0	1391398912	0	41852	2213	1024782336	18972672	1071450646	41316040
2025-05-20 02:20:13	6	32	8	4	1	0	1383780352	0	47639	6670	1045770240	90734592	1165654320	187264994
2025-05-20 02:20:14	6	32	8	4	1	0	1383780352	0	54397	12149	1066758144	181440512	1276347382	366669892
2025-05-20 02:20:15	6	32	8	4	1	0	1383788544	0	61189	17368	1091956736	266936320	1387594816	537587848
2025-05-20 02:20:16	6	32	8	4	1	0	1383788544	0	68305	22894	1117155328	357408768	1504184559	718598340
2025-05-20 02:20:17	6	32	8	4	1	0	1377075200	0	75163	28161	1146531840	443195392	1616022073	890106360
2025-05-20 02:20:18	6	32	8	4	1	0	1375854592	0	79387	31411	1159131136	495853568	1684698492	995488564
2025-05-20 02:20:20	6	32	8	4	1	0	1375879168	0	81997	33410	1171730432	528687104	1727388174	1060860822
2025-05-20 02:20:21	6	32	8	4	1	0	1375911936	0	86672	37016	1188524032	587276288	1804027919	1178923994
2025-05-20 02:20:22	6	32	8	4	1	0	1375940608	0	93705	42444	1213706240	676438016	1919241117	1356690462
2025-05-20 02:20:23	6	32	8	4	1	0	1375948800	0	100469	47686	1238904832	762290176	2030079232	1528394842
2025-05-20 02:20:24	6	32	8	4	1	0	1375969280	0	107505	53077	1268297728	850698240	2145341198	1704981654
2025-05-20 02:20:25	6	32	8	4	1	0	1375969280	0	114517	58461	1293479936	938778624	2260209889	1881306330
2025-05-20 02:20:26	6	32	8	4	1	0	1375993856	0	121704	64017	1318678528	1029775360	2377946498	2063299862
2025-05-20 02:20:27	6	32	8	4	1	0	1376002048	0	128807	69472	1348055040	1119068160	2494322749	2241951066
2025-05-20 02:20:28	6	32	8	4	1	0	1376006144	0	135797	74882	1373253632	1207640064	2608814948	2419094950
2025-05-20 02:20:29	6	32	8	4	1	0	1376018432	0	142868	80312	1398435840	1296539648	2724634079	2596894216
2025-05-20 02:20:30	6	32	8	4	1	0	1376022528	0	150110	85927	1427828736	1388519424	2843272066	2780821060
2025-05-20 02:20:31	6	32	8	4	1	0	1376034816	0	157382	91561	1453027328	1480769536	2962450725	2965370496
2025-05-20 02:20:32	6	32	8	4	1	0	1376051200	0	164333	96899	1478209536	1568169984	3076319901	3140187844
2025-05-20 02:20:33	6	32	8	4	1	0	1376075776	0	172080	103141	1503408128	1670447104	3203316728	3344594704
2025-05-20 02:20:34	6	32	8	4	1	0	1376088064	0	179266	108727	1532801024	1761779712	3321086264	3527538516
2025-05-20 02:20:35	6	32	8	4	1	0	1376108544	0	185691	113654	1553788928	1842626560	3426369113	3688920976
2025-05-20 02:20:37	6	32	8	4	1	0	1376116736	0	189884	116881	1570582528	1895456768	3495143641	3794597836
2025-05-20 02:20:38	6	32	8	4	1	0	1376063488	0	191732	118350	1578971136	1919578112	3525347517	3842603054
2025-05-20 02:20:39	6	32	8	4	1	0	1376088064	0	192707	119097	1583181824	1931833344	3541276746	3866949776
2025-05-20 02:20:41	6	32	8	4	1	0	1376112640	0	193687	119866	1583181824	1944186880	3557453600	3892017394
2025-05-20 02:20:42	6	32	8	4	1	0	1376206848	0	194646	120599	1587376128	1956278272	3573137049	3915905364
2025-05-20 02:20:44	6	32	8	4	1	0	1376227328	0	195620	121354	1591570432	1968467968	3589117262	3940514230
2025-05-20 02:20:45	6	32	8	4	1	0	1376227328	0	200539	125187	1612558336	2030960640	3669739250	4066048498
2025-05-20 02:20:46	6	32	8	4	1	0	1376235520	0	206651	129882	1633562624	2107936768	3769926042	4219796022
2025-05-20 02:20:47	6	32	8	4	1	0	1376239616	0	214294	136016	1658744832	2208505856	3895120233	4420696698
2025-05-20 02:20:48	6	32	8	4	1	0	1376251904	0	222209	142380	1683943424	2312421376	4024853306	4629134036
2025-05-20 02:20:49	6	32	8	4	1	0	1376256000	0	229335	148139	1704931328	2407092224	4141707187	4817779472
2025-05-20 02:20:50	6	32	8	4	1	0	1376260096	0	236691	153957	1730113536	2502356992	4262263239	5008358220
2025-05-20 02:20:51	6	32	8	4	1	0	1376280576	0	243796	159468	1759506432	2592641024	4378689096	5188877192
2025-05-20 02:20:52	6	32	8	4	1	0	1376284672	0	251031	165069	1784705024	2684395520	4497228694	5372345284
2025-05-20 02:20:53	6	32	8	4	1	0	1376288768	0	258364	170773	1809887232	2777759744	4617357946	5559155720
2025-05-20 02:20:55	6	32	8	4	1	0	1376288768	0	265873	176772	1835085824	2876006400	4740372463	5755632716
2025-05-20 02:20:56	6	32	8	4	1	0	1376292864	0	273779	183093	1860268032	2979524608	4869925166	5962693768
2025-05-20 02:20:57	6	32	8	4	1	0	1376292864	0	280656	188421	1889710080	3066855424	4982631322	6137183458
2025-05-20 02:20:58	6	32	8	4	1	0	1376817152	0	289493	195815	1905610752	3187777536	5127458690	6379371814
2025-05-20 02:20:59	3	8	6	4	1	0	1533014016	0	235894	98460	1010782208	3190263808	5155354299	3193210048
2025-05-20 02:21:00	3	8	5	3	1	0	1533022208	0	236959	98460	1010782208	3190263808	6272087739	3193210048
2025-05-20 02:21:01	3	8	5	3	1	0	1532841984	0	238065	98464	1010782208	3190296576	7427600798	3193210244
2025-05-20 02:21:02	5	21	8	4	1	0	1562959872	0	240812	98497	1020125184	3190300672	7599062517	3193227978
2025-05-20 02:21:03	6	32	8	4	1	0	1556295680	0	243889	98504	1020125184	3190325248	7797917006	3193228336
2025-05-20 02:21:04	6	32	8	4	1	0	1556299776	0	246524	98508	1020125184	3190325248	7970344101	3193228412
2025-05-20 02:21:05	6	32	8	4	1	0	1556328448	0	249141	98512	1020125184	3190325248	8141591548	3193228488
2025-05-20 02:21:06	6	32	8	4	1	0	1556332544	0	251367	98515	1020125184	3190325248	8287279948	3193228556
2025-05-20 02:21:07	6	32	8	4	1	0	1556340736	0	252068	98520	1020125184	3190325248	8332960421	3193228662
2025-05-20 02:21:09	6	32	8	4	1	0	1556348928	0	252462	98526	1020125184	3190325248	8358326607	3193228776
2025-05-20 02:21:10	6	32	8	4	1	0	1556369408	0	252867	98531	1020125184	3190325248	8384608423	3193228882
2025-05-20 02:21:12	6	32	8	4	1	0	1556385792	0	253276	98535	1020125184	3190325248	8411152383	3193228958
2025-05-20 02:21:13	6	32	8	4	1	0	1556406272	0	253701	98541	1020125184	3190325248	8438550191	3193229072
2025-05-20 02:21:14	6	32	8	4	1	0	1556414464	0	255457	98545	1020125184	3190325248	8553436675	3193229170
2025-05-20 02:21:15	6	32	8	4	1	0	1556504576	0	258762	98547	1020125184	3190325248	8769903951	3193229230
2025-05-20 02:21:16	6	32	8	4	1	0	1556508672	0	261878	98549	1020125184	3190325248	8973984922	3193229290
2025-05-20 02:21:18	6	32	8	4	1	0	1556557824	0	265114	98551	1020125184	3190325248	9185930213	3193229350
2025-05-20 02:21:19	6	32	8	4	1	0	1556566016	0	268137	98554	1020125184	3190325248	9383850810	3193229418
2025-05-20 02:21:20	6	32	8	4	1	0	1556574208	0	270808	98557	1020125184	3190325248	9558702735	3193229486
2025-05-20 02:21:21	6	32	8	4	1	0	1556582400	0	273724	98559	1020125184	3190325248	9749676507	3193229546
2025-05-20 02:21:22	6	32	8	4	1	0	1556590592	0	275603	98561	1020125184	3190325248	9872689447	3193229606
2025-05-20 02:21:23	6	32	8	4	1	0	1556606976	0	276533	98565	1020125184	3190325248	9933313993	3193229704
2025-05-20 02:21:24	6	32	8	4	1	0	1556635648	0	276924	98569	1020125184	3190325248	9958743838	3193229802
2025-05-20 02:21:26	6	32	8	4	1	0	1556652032	0	277278	98573	1020125184	3190325248	9981748850	3193229900
2025-05-20 02:21:27	6	32	8	4	1	0	1556652032	0	279034	98576	1020125184	3190325248	10096506131	3193229968
2025-05-20 02:21:28	6	32	8	4	1	0	1556668416	0	281548	98579	1020125184	3190325248	10261068904	3193230036
2025-05-20 02:21:29	6	32	8	4	1	0	1556684800	0	284417	98581	1020125184	3190329344	10448962485	3193230096
2025-05-20 02:21:30	3	8	6	3	1	0	1533026304	0	238230	98492	1010782208	3190321152	7494744008	3193218063
2025-05-20 02:21:31	3	8	6	3	1	0	1547718656	0	239168	98492	1010782208	3190321152	8478308296	3193218063
2025-05-20 02:21:32	3	8	6	3	1	0	1557155840	0	240137	98492	1010782208	3190321152	9494378440	3193218063
2025-05-20 02:21:33	3	8	5	3	1	0	1675649024	0	241377	98696	1010782208	3190587392	10513759024	3193223423
2025-05-20 02:21:34	16	50	8	4	1	0	1881264128	0	248505	98894	1065881600	3193671680	10730689047	3280277551
2025-05-20 02:21:36	17	60	8	4	1	0	1935691776	0	256720	99187	1086869504	3202273280	10909830217	3436852580
2025-05-20 02:21:37	17	60	8	4	1	0	1953452032	0	260566	99443	1095258112	3210838016	10995593370	3533403551
2025-05-20 02:21:38	17	60	8	4	1	0	1923305472	0	261195	99657	1095258112	3219271680	11022989315	3565849362
2025-05-20 02:21:39	17	60	8	4	1	0	1946439680	0	264326	99870	1103679488	3226513408	11101913501	3645078902
2025-05-20 02:21:40	17	60	8	4	1	0	1955414016	0	267643	100104	1112068096	3234582528	11191454843	3733141784
2025-05-20 02:21:41	17	60	8	4	1	0	1946464256	0	271625	100359	1120456704	3243204608	11285383107	3829761851
2025-05-20 02:21:42	17	60	8	4	1	0	1950023680	0	275159	100614	1128845312	3251888128	11385167126	3930441170
2025-05-20 02:21:43	17	60	8	4	1	0	2008203264	0	279065	100864	1141460992	3260583936	11471571142	4015131718
2025-05-20 02:21:45	17	60	8	4	1	0	2052452352	0	282327	101105	1149849600	3269038080	11554361598	4095575085
2025-05-20 02:21:46	17	60	8	4	1	0	2048581632	0	286456	101364	1158238208	3278000128	11656840715	4200535491
2025-05-20 02:21:47	17	60	8	4	1	0	1960370176	0	290055	101623	1166643200	3287027712	11756942126	4305557654
2025-05-20 02:21:48	17	60	8	4	1	0	2020786176	0	293791	101882	1175048192	3296317440	11844390866	4386843533
2025-05-20 02:21:49	17	60	8	4	1	0	2039009280	0	297917	102143	1183436800	3305238528	11947093677	4491760441
2025-05-20 02:21:50	17	60	8	4	1	0	1994797056	0	301182	102400	1191825408	3314266112	12031802581	4572788714
2025-05-20 02:21:51	17	60	8	4	1	0	1965441024	0	305321	102667	1204441088	3323359232	12135156186	4677875590
2025-05-20 02:21:53	17	60	8	4	1	0	1969070080	0	309455	102930	1212846080	3332399104	12238375133	4782915177
2025-05-20 02:21:54	17	60	8	4	1	0	1977069568	0	312760	103196	1221234688	3341611008	12324926825	4880121886
2025-05-20 02:21:55	17	60	8	4	1	0	2010185728	0	316881	103453	1229623296	3350458368	12426160186	4968965075
2025-05-20 02:21:56	17	60	8	4	1	0	2005676032	0	320891	103720	1238028288	3359633408	12529341352	5074134370
2025-05-20 02:21:57	17	60	8	4	1	0	1982353408	0	324253	103968	1246433280	3368263680	12613131767	5154763603
2025-05-20 02:21:58	17	60	8	4	1	0	2010406912	0	328377	104229	1259016192	3377209344	12715829174	5259702506
2025-05-20 02:21:59	17	60	8	4	1	0	2000683008	0	331904	104496	1267421184	3386286080	12816501555	5364776186
2025-05-20 02:22:00	17	60	8	4	1	0	2027802624	0	335784	104751	1275809792	3395219456	12903660806	5445703664
2025-05-20 02:22:02	17	60	8	4	1	0	2040598528	0	339947	105017	1284214784	3404337152	13007231476	5550820944
2025-05-20 02:22:03	17	60	8	4	1	0	1998860288	0	343499	105286	1292603392	3413499904	13108175484	5655978403
2025-05-20 02:22:04	17	60	8	4	1	0	1951608832	0	347355	105539	1301008384	3422347264	13194700987	5736821903
2025-05-20 02:22:05	17	60	8	4	1	0	1945071616	0	351323	105800	1313591296	3431288832	13296755959	5841753250
2025-05-20 02:22:06	17	60	8	4	1	0	2005692416	0	354750	106059	1321996288	3440447488	13382365708	5922909844
2025-05-20 02:22:07	17	60	8	4	1	0	2020909056	0	358897	106325	1330417664	3449540608	13485756394	6028001569
2025-05-20 02:22:08	17	60	8	4	1	0	1959849984	0	362431	106581	1338806272	3458203648	13585266712	6132659849
2025-05-20 02:22:09	17	60	8	4	1	0	1982541824	0	366283	106839	1347194880	3467345920	13672676807	6213794155
2025-05-20 02:22:10	17	60	8	4	1	0	1956311040	0	370404	107099	1359810560	3476303872	13775485419	6318746261
2025-05-20 02:22:12	17	60	8	4	1	0	1938878464	0	373682	107361	1364004864	3485523968	13860588536	6407963356
2025-05-20 02:22:13	17	60	8	4	1	0	1979334656	0	377817	107627	1376587776	3494567936	13963940596	6505002555
2025-05-20 02:22:14	17	60	8	4	1	0	1999642624	0	381949	107892	1384976384	3503636480	14067255324	6610068970
2025-05-20 02:22:15	17	60	8	4	1	0	2007662592	0	385742	108163	1393381376	3512901632	14169666534	6715318745
2025-05-20 02:22:16	17	60	8	4	1	0	2009657344	0	389416	108431	1401769984	3522314240	14257233867	6796730249
2025-05-20 02:22:17	17	60	8	4	1	0	2009698304	0	393577	108701	1414385664	3531468800	14360914413	6901877863
2025-05-20 02:22:18	17	60	8	4	1	0	2025467904	0	397730	108966	1422790656	3540602880	14464321285	7007008902
2025-05-20 02:22:19	17	60	8	4	1	0	2031230976	0	401019	109226	1431195648	3549822976	14549483736	7088227410
2025-05-20 02:22:21	17	60	8	4	1	0	2007949312	0	405180	109493	1439584256	3558961152	14652927392	7193358895
2025-05-20 02:22:22	17	60	8	4	1	0	2015678464	0	409337	109756	1447972864	3567996928	14755997584	7298389494
2025-05-20 02:22:23	17	60	8	4	1	0	2007711744	0	412648	110016	1456377856	3577184256	14841118326	7379574385
2025-05-20 02:22:24	17	60	8	4	1	0	1984794624	0	416796	110272	1468977152	3585961984	14943325185	7484349476
2025-05-20 02:22:25	17	60	8	4	1	0	1969016832	0	420432	110532	1477382144	3594997760	15044147557	7589382141
2025-05-20 02:22:26	17	60	8	4	1	0	1984614400	0	424217	110784	1485787136	3603972096	15130273480	7670352089
2025-05-20 02:22:27	17	60	8	4	1	0	1987235840	0	427406	111006	1494175744	3611738112	15210623790	7750117687
2025-05-20 02:22:28	17	60	8	4	1	0	2018148352	0	430623	111237	1502564352	3619880960	15292161438	7830257181
2025-05-20 02:22:30	17	60	8	4	1	0	2022170624	0	434605	111476	1510985728	3627986944	15391784177	7934360517
2025-05-20 02:22:31	17	60	8	4	1	0	2020110336	0	437986	111733	1519374336	3637018624	15476602719	8015387716
2025-05-20 02:22:32	17	60	8	4	1	0	2007887872	0	441882	111982	1527762944	3645562880	15576816293	8119927446
2025-05-20 02:22:33	17	60	8	4	1	0	2005590016	0	445248	112199	1536151552	3653099520	15657535163	8199462564
2025-05-20 02:22:34	17	60	8	4	1	0	1999343616	0	448497	112436	1544572928	3661418496	15739803056	8279776101
2025-05-20 02:22:35	17	60	8	4	1	0	1964986368	0	451925	112686	1552961536	3670151168	15834189755	8376501527
2025-05-20 02:22:36	17	60	8	4	1	0	1983438848	0	455868	112930	1565544448	3678531584	15924285290	8464882525
2025-05-20 02:22:37	17	60	8	4	1	0	2006249472	0	459068	113153	1573949440	3686326272	16004803932	8544673424
2025-05-20 02:22:39	17	60	8	4	1	0	2003623936	0	462319	113393	1573949440	3694800896	16087546042	8625143700
2025-05-20 02:22:40	17	60	8	4	1	0	2026123264	0	466479	113657	1590759424	3703865344	16190510869	8730205105
2025-05-20 02:22:41	17	60	8	4	1	0	2037121024	0	470097	113917	1599148032	3712897024	16290484450	8835223831
2025-05-20 02:22:42	17	60	8	4	1	0	2025873408	0	473912	114170	1607536640	3721879552	16377493384	8916203496
2025-05-20 02:22:43	17	60	8	4	1	0	2007412736	0	478072	114435	1615958016	3731091456	16480928210	9021413410
2025-05-20 02:22:44	17	60	8	4	1	0	2021199872	0	481282	114666	1620152320	3739279360	16562560192	9101591390
2025-05-20 02:22:45	17	60	8	4	1	0	2013184000	0	485131	114928	1632735232	3748229120	16664011337	9206533027
2025-05-20 02:22:46	17	60	8	4	1	0	2006011904	0	488718	115181	1641140224	3757137920	16749440048	9287437653
2025-05-20 02:22:47	17	60	8	4	1	0	2027917312	0	492884	115444	1653739520	3766280192	16852788988	9392574830
2025-05-20 02:22:49	17	60	8	4	1	0	2013929472	0	496151	115696	1657933824	3775262720	16936910859	9473552957
2025-05-20 02:22:50	17	60	8	4	1	0	1989935104	0	500286	115948	1670516736	3783897088	17038585395	9578182134
2025-05-20 02:22:51	17	60	8	4	1	0	2017280000	0	503558	116201	1674711040	3792789504	17122594786	9659072063
2025-05-20 02:22:52	17	60	8	4	1	0	2026237952	0	507696	116458	1687310336	3801612288	17224879581	9763889211
2025-05-20 02:22:53	17	60	8	4	1	0	2010378240	0	511450	116720	1695698944	3810697216	17326299136	9868971858
2025-05-20 02:22:54	17	60	8	4	1	0	2004320256	0	515133	116974	1708281856	3819659264	17412244583	9949928509
2025-05-20 02:22:55	17	60	8	4	1	0	1983156224	0	519293	117237	1716703232	3828789248	17515446679	10055054080
2025-05-20 02:22:56	17	60	8	4	1	0	1975361536	0	522871	117505	1725091840	3838062592	17616437628	10160323626
2025-05-20 02:22:58	17	60	8	4	1	0	2004312064	0	526741	117761	1733480448	3847168000	17703807790	10241429289
2025-05-20 02:22:59	17	60	8	4	1	0	2012733440	0	530919	118035	1741885440	3856592896	17808035209	10346852145
2025-05-20 02:23:00	17	60	8	4	1	0	2009092096	0	534560	118301	1750306816	3865845760	17909590936	10452100724
2025-05-20 02:23:01	17	60	8	4	1	0	2025926656	0	538367	118556	1762889728	3874902016	17996276349	10533152143
2025-05-20 02:23:02	17	60	8	4	1	0	2041184256	0	542522	118819	1771294720	3883974656	18099455052	10638225289
2025-05-20 02:23:03	17	60	8	4	1	0	2004201472	0	546401	119090	1779699712	3893313536	18202103957	10743559572
2025-05-20 02:23:04	17	60	8	4	1	0	1988096000	0	550023	119349	1788088320	3902447616	18288266043	10824691454
2025-05-20 02:23:05	17	60	8	4	1	0	1985404928	0	554214	119610	1796476928	3911483392	18391476370	10929722132
2025-05-20 02:23:06	17	60	8	4	1	0	1989804032	0	557498	119862	1804881920	3920486400	18475668582	11010720828
2025-05-20 02:23:08	17	60	8	4	1	0	2006888448	0	561630	120119	1817481216	3929374720	18577801962	11115607628
2025-05-20 02:23:09	17	60	8	4	1	0	2016661504	0	565169	120381	1825869824	3938467840	18677592034	11220697278
2025-05-20 02:23:10	17	60	8	4	1	0	1990098944	0	568965	120608	1834307584	3946409984	18761113640	11300630043
2025-05-20 02:23:11	17	60	8	4	1	0	2004000768	0	571843	120819	1842696192	3953704960	18839179047	11379923371
2025-05-20 02:23:12	17	60	8	4	1	0	2009669632	0	574378	121006	1846890496	3960360960	18898692834	11434572462
2025-05-20 02:23:13	17	60	8	4	1	0	2026082304	0	578419	121257	1855295488	3968884736	18999740072	11539092112
2025-05-20 02:23:14	17	60	8	4	1	0	2011762688	0	581713	121496	1863700480	3977277440	19082306330	11619481036
2025-05-20 02:23:15	17	60	8	4	1	0	2002083840	0	584949	121737	1872089088	3985797120	19165110140	11699996288
2025-05-20 02:23:16	17	60	8	4	1	0	1975500800	0	589071	121994	1880477696	3994578944	19267328895	11804775233
2025-05-20 02:23:18	17	60	8	4	1	0	1969393664	0	592244	122213	1888882688	4002177024	19347257988	11884370492
2025-05-20 02:23:19	17	60	8	4	1	0	1987256320	0	595375	122418	1897304064	4009160704	19425235571	11963347850
2025-05-20 02:23:20	17	60	8	4	1	0	2013384704	0	598567	122639	1905692672	4016857088	19505590908	12043040631
2025-05-20 02:23:21	17	60	8	4	1	0	1991909376	0	602094	122901	1914097664	4025843712	19605526252	12144025647
2025-05-20 02:23:22	17	60	8	4	1	0	1984475136	0	605963	123139	1920438272	4034232320	19691005527	12228408561
2025-05-20 02:23:23	17	60	8	4	1	0	2006728704	0	609203	123381	1920712704	4042653696	19773461232	12308824831
2025-05-20 02:23:24	16	58	8	4	1	0	1969860608	0	606124	123462	1920712704	4051607552	19513905210	12057853268
2025-05-20 02:23:25	13	52	8	4	1	0	1860325376	0	590393	123167	1920712704	4060569600	18518513864	11066853446
2025-05-20 02:23:27	8	43	8	4	1	0	1721499648	0	351354	120912	1032622080	4069605376	16260345308	6888010510
2025-05-20 02:23:28	4	14	8	4	1	0	1663610880	0	242331	98745	1010782208	3190620160	11242663104	3193235378
2025-05-20 02:23:29	7	52	8	4	1	0	1781661696	0	246874	98793	1082179584	3190661120	11508385018	3193254980
2025-05-20 02:23:30	8	63	8	4	1	0	2362060800	0	248131	98975	1091497984	3191316480	11763908918	3193889352
2025-05-20 02:23:31	8	63	8	4	1	0	2839408640	0	248627	98979	1091497984	3191316480	12011271700	3193889428
2025-05-20 02:23:32	8	63	8	4	1	0	2845708288	0	249023	98981	1091497984	3191320576	12213001590	3193889488
2025-05-20 02:23:33	8	63	8	4	1	0	2846060544	0	249405	98984	1091497984	3191320576	12407051489	3193889556
2025-05-20 02:23:34	8	63	8	4	1	0	2843860992	0	249901	98989	1091497984	3191320576	12657935287	3193889662
2025-05-20 02:23:35	8	63	8	4	1	0	2843873280	0	250112	98991	1091497984	3191320576	12764945178	3193889722
2025-05-20 02:23:36	8	63	8	4	1	0	2843881472	0	250432	98995	1091497984	3191320576	12926739085	3193889798
2025-05-20 02:23:38	8	63	8	4	1	0	2843926528	0	250435	98999	1091497984	3191320576	12926740985	3193889896
2025-05-20 02:23:39	8	63	8	4	1	0	2841706496	0	250495	99003	1091497984	3191320576	12954904782	3193889994
2025-05-20 02:23:40	8	63	8	4	1	0	2841718784	0	250650	99006	1091497984	3191320576	13033242677	3193890084
2025-05-20 02:23:42	8	63	8	4	1	0	2841755648	0	250739	99011	1091497984	3191324672	13075742491	3193890190
2025-05-20 02:23:44	8	63	8	4	1	0	2841763840	0	250752	99015	1091497984	3191324672	13080864398	3193890288
2025-05-20 02:23:45	8	63	8	4	1	0	2841788416	0	251294	99018	1091497984	3191324672	13356834304	3193890356
2025-05-20 02:23:46	8	63	8	4	1	0	2841804800	0	251831	99021	1091497984	3191324672	13630244209	3193890424
2025-05-20 02:23:47	8	63	8	4	1	0	2841812992	0	252264	99024	1091497984	3191328768	13850406115	3193890492
2025-05-20 02:23:48	8	63	8	4	1	0	2841817088	0	252661	99026	1091497984	3191328768	14052648014	3193890552
2025-05-20 02:23:49	8	63	8	4	1	0	2843602944	0	253097	99028	1091497984	3191328768	14274857913	3193890612
2025-05-20 02:23:50	8	63	8	4	1	0	2845007872	0	253730	99031	1091497984	3191328768	14597931811	3193890702
2025-05-20 02:23:51	4	14	8	4	1	0	1581457408	0	242700	98795	1010782208	3190665216	11497109579	3193247647
2025-05-20 02:23:52	4	14	8	4	1	0	1663610880	0	248036	101443	1010782208	3277049856	11595050249	3279621512
2025-05-20 02:23:53	6	27	8	4	1	0	2008997888	0	263707	101480	1015443456	3277053952	11923387387	3279639508
2025-05-20 02:23:54	7	38	8	4	1	0	2068955136	0	284899	101487	1015443456	3277074432	12269925414	3279639844
2025-05-20 02:23:55	7	38	8	4	1	0	2203185152	0	302993	101490	1015443456	3277074432	12566330243	3279639912
2025-05-20 02:23:56	7	38	8	4	1	0	2471632896	0	324842	101494	1015443456	3277078528	12924226112	3279640010
2025-05-20 02:23:58	7	38	8	4	1	0	2471661568	0	343802	101497	1015443456	3277078528	13234819491	3279640078
2025-05-20 02:23:59	7	38	8	4	1	0	2471665664	0	357164	101499	1015443456	3277078528	13453711614	3279640138
2025-05-20 02:24:00	7	38	8	4	1	0	2471673856	0	365038	101502	1015443456	3277078528	13582671969	3279640206
2025-05-20 02:24:01	7	38	8	4	1	0	2471677952	0	369360	101506	1015443456	3277078528	13653436356	3279640304
2025-05-20 02:24:02	7	38	8	4	1	0	2471702528	0	374254	101509	1015443456	3277078528	13733572391	3279640372
2025-05-20 02:24:04	7	38	8	4	1	0	2471714816	0	377675	101514	1015443456	3277078528	13789527535	3279640478
2025-05-20 02:24:05	7	38	8	4	1	0	2471751680	0	381176	101517	1015443456	3277078528	13846857038	3279640568
2025-05-20 02:24:06	7	38	8	4	1	0	3008647168	0	391487	101519	1015443456	3277078528	14015761581	3279640628
2025-05-20 02:24:07	7	38	8	4	1	0	3008684032	0	412768	101522	1015443456	3277078528	14364382231	3279640696
2025-05-20 02:24:08	7	38	8	4	1	0	3008700416	0	436731	101525	1015443456	3277078528	14756944769	3279640764
2025-05-20 02:24:09	7	38	8	4	1	0	3503738880	0	443012	101529	1015443456	3277078528	14859763126	3279640840
2025-05-20 02:24:10	7	38	8	4	1	0	3503742976	0	443017	101535	1015443456	3277078528	14859765040	3279640954
2025-05-20 02:24:11	7	38	8	4	1	0	3503759360	0	443022	101538	1015443456	3277078528	14859768828	3279641022
2025-05-20 02:24:13	7	38	8	4	1	0	3503771648	0	443026	101542	1015443456	3277078528	14859770734	3279641098
2025-05-20 02:24:14	7	38	8	4	1	0	3503779840	0	443029	101545	1015443456	4410712064	14859772647	3279641166
2025-05-20 02:24:15	7	38	8	4	1	0	1848569856	0	443041	101583	1015459840	4849733632	14862281871	4848482323
2025-05-20 02:24:16	7	38	8	4	1	0	1848586240	0	443044	101586	1015459840	4849733632	14862283781	4848482391
2025-05-20 02:24:17	7	38	8	4	1	0	1848610816	0	443047	101590	1015459840	4849737728	14862285692	4848482489
2025-05-20 02:24:18	7	38	8	4	1	0	1848619008	0	443052	101594	1015459840	4849741824	14862289506	4848482587
2025-05-20 02:24:20	7	38	8	4	1	0	1851133952	0	443054	101597	1015459840	4849741824	14862291410	4848482677
2025-05-20 02:24:21	7	38	8	4	1	0	1851449344	0	443060	101599	1015459840	4849741824	14864800066	4848482737
2025-05-20 02:24:22	7	38	8	4	1	0	1851449344	0	443062	101601	1015459840	4849741824	14864801970	4848482797
2025-05-20 02:24:23	7	38	8	4	1	0	1928986624	0	443066	101606	1015459840	4849741824	14864803890	4848482903
2025-05-20 02:24:25	7	38	8	4	1	0	1931816960	0	443075	101609	1015459840	4849741824	14867318554	4848482971
2025-05-20 02:24:26	7	38	8	4	1	0	1933717504	0	443078	101612	1015459840	4849741824	14867320466	4848483039
2025-05-20 02:24:27	7	38	8	4	1	0	1934667776	0	443085	101615	1015459840	4849741824	14869829130	4848483107
2025-05-20 02:24:28	7	38	8	4	1	0	1937494016	0	443093	101619	1015459840	4849741824	14872337802	4848483183
2025-05-20 02:24:29	7	38	8	4	1	0	1937510400	0	443095	101621	1015459840	4849741824	14872339706	4848483243
2025-05-20 02:24:30	7	38	8	4	1	0	1940332544	0	443102	101624	1015459840	4849741824	14874852466	4848483311
2025-05-20 02:24:31	7	38	8	4	1	0	1943162880	0	443108	101626	1015459840	4849741824	14877361122	4848483371
2025-05-20 02:24:32	7	38	8	4	1	0	1943187456	0	443111	101630	1015459840	4849741824	14877363034	4848483469
2025-05-20 02:24:33	7	38	8	4	1	0	1946021888	0	443119	101634	1015459840	4849741824	14879871705	4848483545
2025-05-20 02:24:34	7	38	8	4	1	0	1946046464	0	443121	101636	1015459840	4849741824	14879873608	4848483605
2025-05-20 02:24:35	7	38	8	4	1	0	1948868608	0	443128	101639	1015459840	4849741824	14882386368	4848483673
2025-05-20 02:24:36	7	38	8	4	1	0	1948876800	0	443131	101642	1015459840	4849741824	14882388280	4848483741
2025-05-20 02:24:37	7	38	8	4	1	0	1951703040	0	443140	101647	1015459840	4849741824	14884896960	4848483825
2025-05-20 02:24:38	7	38	8	4	1	0	1951739904	0	443142	101649	1015459840	4849741824	14884898864	4848483885
2025-05-20 02:24:39	7	38	8	4	1	0	1954570240	0	443150	101653	1015459840	4849745920	14887407607	4848484103
2025-05-20 02:24:40	7	38	8	4	1	0	1954586624	0	443154	101657	1015459840	4849745920	14887409527	4848484179
2025-05-20 02:24:41	7	38	8	4	1	0	1957416960	0	443161	101660	1015459840	4849745920	14889922287	4848484247
2025-05-20 02:24:42	7	38	8	4	1	0	1957425152	0	443164	101664	1015459840	4849745920	14889924199	4848484345
2025-05-20 02:24:44	7	38	8	4	1	0	1957462016	0	443166	101666	1015459840	4849745920	14889926102	4848484405
2025-05-20 02:24:45	7	38	8	4	1	0	1960321024	0	443174	101668	1015459840	4849745920	14892436661	4848484465
2025-05-20 02:24:46	7	38	8	4	1	0	1960321024	0	443178	101672	1015459840	4849745920	14892438581	4848484541
2025-05-20 02:24:47	7	38	8	4	1	0	1960337408	0	443181	101675	1015459840	4849745920	14892440493	4848484609
2025-05-20 02:24:48	7	38	8	4	1	0	1960353792	0	443184	101679	1015459840	4849750016	14892442404	4848484707
2025-05-20 02:24:49	7	38	8	4	1	0	1960357888	0	443187	101682	1015459840	4849750016	14892444319	4848484775
2025-05-20 02:24:50	7	38	8	4	1	0	1960366080	0	443190	101685	1015459840	4849754112	14892446231	4848484843
2025-05-20 02:24:51	7	39	8	4	1	0	1960710144	0	443192	101687	1015459840	4849754112	14892448135	4848484903
2025-05-20 02:24:52	7	39	8	4	1	0	1963532288	0	443199	101691	1015459840	4849754112	14894956799	4848485001
2025-05-20 02:24:53	7	39	8	4	1	0	1963540480	0	443202	101694	1015459840	4849754112	14894958711	4848485069
2025-05-20 02:24:55	7	39	8	4	1	0	1963544576	0	443204	101696	1015459840	4849754112	14894960615	4848485129
2025-05-20 02:24:56	7	39	8	4	1	0	1963556864	0	443209	101699	1015459840	4849754112	14894964431	4848485197
2025-05-20 02:24:57	7	39	8	4	1	0	1963560960	0	443213	101703	1015459840	4849754112	14894966351	4848485273
2025-05-20 02:24:58	7	39	8	4	1	0	1963565056	0	443216	101706	1015459840	4849754112	14894968263	4848485341
2025-05-20 02:24:59	7	39	8	4	1	0	1966391296	0	443223	101709	1015459840	4849754112	14897481023	4848485409
2025-05-20 02:25:00	7	39	8	4	1	0	1966399488	0	443226	101712	1015459840	4849754112	14897482934	4848485477
2025-05-20 02:25:01	7	39	8	4	1	0	1966403584	0	443229	101715	1015459840	4849754112	14897484845	4848485545
2025-05-20 02:25:02	7	39	8	4	1	0	1966403584	0	443233	101720	1015459840	4849758208	14897486765	4848485651
2025-05-20 02:25:03	7	39	8	4	1	0	1966411776	0	443235	101722	1015459840	4849758208	14897488669	4848485711
2025-05-20 02:25:04	7	39	8	4	1	0	1969233920	0	443241	101724	1015459840	4849758208	14899997324	4848485771
2025-05-20 02:25:05	7	39	8	4	1	0	1969242112	0	443245	101728	1015459840	4849758208	14899999243	4848485847
2025-05-20 02:25:06	7	39	8	4	1	0	1972064256	0	443251	101730	1015459840	4849758208	14902507899	4848485907
2025-05-20 02:25:07	7	39	8	4	1	0	1972068352	0	443253	101732	1015459840	4849758208	14902509803	4848485967
2025-05-20 02:25:08	7	39	8	4	1	0	1974890496	0	443259	101734	1015459840	4849758208	14905022555	4848486027
2025-05-20 02:25:09	7	39	8	4	1	0	1974890496	0	443264	101739	1015459840	4849758208	14905024483	4848486111
2025-05-20 02:25:10	7	39	8	4	1	0	1974923264	0	443266	101741	1015459840	4849758208	14905026387	4848486171
2025-05-20 02:25:11	7	39	8	4	1	0	1977765888	0	443273	101744	1015459840	4849758208	14907535051	4848486239
2025-05-20 02:25:12	7	39	8	4	1	0	1977765888	0	443276	101748	1015459840	4849758208	14907536963	4848486337
2025-05-20 02:25:14	7	39	8	4	1	0	1980588032	0	443284	101752	1015459840	4849758208	14910045635	4848486413
2025-05-20 02:25:15	7	39	8	4	1	0	1980588032	0	443286	101754	1015459840	4849758208	14910047539	4848486473
2025-05-20 02:25:16	7	39	8	4	1	0	1983422464	0	443298	101760	1015459840	4849762304	14912562299	4848486709
2025-05-20 02:25:17	7	39	8	4	1	0	1983422464	0	443302	101764	1015459840	4849762304	14912564219	4848486785
2025-05-20 02:25:18	7	39	8	4	1	0	1983422464	0	443306	101768	1015459840	4849762304	14912566139	4848486861
2025-05-20 02:25:19	7	39	8	4	1	0	1986244608	0	443314	101772	1015459840	4849762304	14915074811	4848486937
2025-05-20 02:25:20	7	39	8	4	1	0	1986248704	0	443318	101776	1015459840	4849762304	14915076731	4848487013
2025-05-20 02:25:21	7	39	8	4	1	0	1989066752	0	443325	101779	1015459840	4849766400	14917589490	4848487081
2025-05-20 02:25:22	7	39	8	4	1	0	1989070848	0	443327	101782	1015459840	4849766400	14917591393	4848487171
2025-05-20 02:25:23	7	39	8	4	1	0	1991901184	0	443335	101786	1015459840	4849766400	14920100065	4848487247
2025-05-20 02:25:24	7	39	8	4	1	0	1991901184	0	443338	101789	1015459840	4849766400	14920101977	4848487315
2025-05-20 02:25:25	7	39	8	4	1	0	1991909376	0	443340	101791	1015459840	4849766400	14920103881	4848487375
2025-05-20 02:25:26	7	39	8	4	1	0	1994727424	0	443346	101793	1015459840	4849766400	14922612537	4848487435
2025-05-20 02:25:27	7	39	8	4	1	0	1994727424	0	443349	101796	1015459840	4849766400	14922614449	4848487503
2025-05-20 02:25:28	7	39	8	4	1	0	1997549568	0	443356	101799	1015459840	4849766400	14925127208	4848487571
2025-05-20 02:25:29	7	39	8	4	1	0	1997553664	0	443359	101802	1015459840	4849766400	14925129119	4848487639
2025-05-20 02:25:30	7	39	8	4	1	0	2000371712	0	443366	101805	1015459840	4849766400	14927637783	4848487707
2025-05-20 02:25:31	7	39	8	4	1	0	2000379904	0	443368	101808	1015459840	4849766400	14927639687	4848487797
2025-05-20 02:25:33	7	39	8	4	1	0	2000379904	0	443370	101810	1015459840	4849766400	14927641591	4848487857
2025-05-20 02:25:34	7	39	8	4	1	0	2003202048	0	443376	101812	1015459840	4849766400	14930150247	4848487917
2025-05-20 02:25:35	7	39	8	4	1	0	2003202048	0	443380	101816	1015459840	4849766400	14930152168	4848487993
2025-05-20 02:25:36	7	39	8	4	1	0	2006020096	0	443387	101818	1015459840	4849766400	14932666829	4848488053
2025-05-20 02:25:37	7	39	8	4	1	0	2006024192	0	443390	101820	1015459840	4849766400	14932668736	4848488113
2025-05-20 02:25:38	7	39	8	4	1	0	2006024192	0	443392	101822	1015459840	4849766400	14932670643	4848488173
2025-05-20 02:25:39	7	39	8	4	1	0	2008842240	0	443398	101824	1015459840	4849766400	14935179302	4848488233
2025-05-20 02:25:40	7	39	8	4	1	0	2008842240	0	443402	101828	1015459840	4849766400	14935181224	4848488309
2025-05-20 02:25:41	7	39	8	4	1	0	2011660288	0	443412	101835	1015459840	4849766400	14937689987	4848488575
2025-05-20 02:25:42	7	39	8	4	1	0	2011664384	0	443414	101837	1015459840	4849766400	14937691895	4848488635
2025-05-20 02:25:43	7	39	8	4	1	0	2011664384	0	443417	101840	1015459840	4849766400	14937693811	4848488703
2025-05-20 02:25:44	7	39	8	4	1	0	2014482432	0	443425	101844	1015459840	4849766400	14940206583	4848488779
2025-05-20 02:25:45	7	39	8	4	1	0	2014482432	0	443429	101848	1015459840	4849766400	14940208507	4848488855
2025-05-20 02:25:46	7	39	8	4	1	0	2017304576	0	443436	101851	1015459840	4849766400	14942717175	4848488923
2025-05-20 02:25:47	7	39	8	4	1	0	2017308672	0	443438	101853	1015459840	4849766400	14942719083	4848488983
2025-05-20 02:25:48	7	39	8	4	1	0	2020126720	0	443444	101855	1015459840	4849766400	14945227743	4848489043
2025-05-20 02:25:49	7	39	8	4	1	0	2020130816	0	443446	101857	1015459840	4849766400	14945229651	4848489103
2025-05-20 02:25:50	7	39	8	4	1	0	2020139008	0	443448	101860	1015459840	4849766400	14945231559	4848489193
2025-05-20 02:25:52	7	39	8	4	1	0	2022957056	0	443455	101863	1015459840	4849766400	14947744323	4848489261
2025-05-20 02:25:53	7	39	8	4	1	0	2022957056	0	443457	101865	1015459840	4849766400	14947746231	4848489321
2025-05-20 02:25:54	7	39	8	4	1	0	2025775104	0	443463	101867	1015459840	4849766400	14950254891	4848489381
2025-05-20 02:25:55	7	39	8	4	1	0	2025779200	0	443466	101870	1015459840	4849766400	14950256807	4848489449
2025-05-20 02:25:56	7	39	8	4	1	0	2025779200	0	443472	101874	1015459840	4849766400	14950260639	4848489525
2025-05-20 02:25:57	7	39	8	4	1	0	2028593152	0	443480	101878	1015459840	4849770496	14952769315	4848489601
2025-05-20 02:25:58	7	39	8	4	1	0	2028593152	0	443483	101881	1015459840	4849770496	14952771230	4848489669
2025-05-20 02:25:59	7	39	8	4	1	0	2031407104	0	443486	101884	1015459840	4849770496	14952773145	4848489737
2025-05-20 02:26:00	7	39	8	4	1	0	2031415296	0	443493	101887	1015459840	4849770496	14955285909	4848489805
2025-05-20 02:26:01	7	39	8	4	1	0	2031415296	0	443496	101891	1015459840	4849770496	14955287825	4848489903
2025-05-20 02:26:02	7	39	8	4	1	0	2034233344	0	443502	101893	1015459840	4849770496	14957796485	4848489963
2025-05-20 02:26:03	7	39	8	4	1	0	2034233344	0	443506	101897	1015459840	4849770496	14957798409	4848490039
2025-05-20 02:26:04	7	39	8	4	1	0	2037055488	0	443512	101899	1015459840	4849770496	14960311165	4848490099
2025-05-20 02:26:05	7	39	8	4	1	0	2037059584	0	443517	101904	1015459840	4849770496	14960313097	4848490183
2025-05-20 02:26:06	7	39	8	4	1	0	2037067776	0	443520	101907	1015459840	4849770496	14960315013	4848490251
2025-05-20 02:26:07	7	39	8	4	1	0	2040500224	0	443529	101912	1015459840	4849774592	14962823773	4848490479
2025-05-20 02:26:08	7	39	8	4	1	0	2040500224	0	443532	101915	1015459840	4849774592	14962825692	4848490547
2025-05-20 02:26:09	7	39	8	4	1	0	2043330560	0	443538	101917	1015459840	4849774592	14965334355	4848490607
2025-05-20 02:26:10	7	39	8	4	1	0	2043346944	0	443541	101921	1015459840	4849778688	14965336275	4848490705
2025-05-20 02:26:12	7	39	8	4	1	0	2043351040	0	443544	101924	1015459840	4849778688	14965338194	4848490773
2025-05-20 02:26:13	7	39	8	4	1	0	2046173184	0	443551	101927	1015459840	4849778688	14967850961	4848490841
2025-05-20 02:26:14	7	39	8	4	1	0	2046173184	0	443554	101930	1015459840	4849778688	14967852881	4848490909
2025-05-20 02:26:15	7	39	8	4	1	0	2049249280	0	443560	101932	1015459840	4849778688	14970361545	4848490969
2025-05-20 02:26:16	7	39	8	4	1	0	2049253376	0	443563	101935	1015459840	4849778688	14970363465	4848491037
2025-05-20 02:26:17	7	39	8	4	1	0	2049257472	0	443569	101939	1015459840	4849778688	14970367305	4848491113
2025-05-20 02:26:18	7	39	8	4	1	0	2052079616	0	443576	101942	1015459840	4849778688	14972875977	4848491181
2025-05-20 02:26:19	7	39	8	4	1	0	2052079616	0	443581	101947	1015459840	4849778688	14972877913	4848491265
2025-05-20 02:26:20	7	39	8	4	1	0	2054897664	0	443590	101953	1015459840	4849778688	14975390697	4848491379
2025-05-20 02:26:21	7	39	8	4	1	0	2054897664	0	443594	101957	1015459840	4849778688	14975392624	4848491455
2025-05-20 02:26:22	7	39	8	4	1	0	2054897664	0	443597	101960	1015459840	4849778688	14975394538	4848491523
2025-05-20 02:26:23	7	39	8	4	1	0	2057715712	0	443605	101964	1015459840	4849778688	14977903213	4848491599
2025-05-20 02:26:24	7	39	8	4	1	0	2057715712	0	443610	101969	1015459840	4849778688	14977905145	4848491683
2025-05-20 02:26:25	7	39	8	4	1	0	2060537856	0	443617	101972	1015459840	4849778688	14980413813	4848491751
2025-05-20 02:26:26	7	39	8	4	1	0	2060550144	0	443619	101974	1015459840	4849778688	14980415721	4848491811
2025-05-20 02:26:27	7	39	8	4	1	0	2060554240	0	443621	101976	1015459840	4849782784	14980417629	4848491871
2025-05-20 02:26:28	7	39	8	4	1	0	2063372288	0	443627	101978	1015459840	4849782784	14982930385	4848491931
2025-05-20 02:26:29	7	39	8	4	1	0	2063372288	0	443631	101983	1015459840	4849782784	14982932308	4848492037
2025-05-20 02:26:30	7	39	8	4	1	0	2063388672	0	443633	101985	1015459840	4849782784	14982934215	4848492097
2025-05-20 02:26:32	7	39	8	4	1	0	2066210816	0	443639	101987	1015459840	4849782784	14985442875	4848492157
2025-05-20 02:26:33	7	39	8	4	1	0	2066219008	0	443642	101990	1015459840	4849782784	14985444795	4848492225
2025-05-20 02:26:34	7	39	8	4	1	0	2069041152	0	443650	101994	1015459840	4849782784	14987953547	4848492445
2025-05-20 02:26:35	7	39	8	4	1	0	2069041152	0	443653	101997	1015459840	4849782784	14987955466	4848492513
2025-05-20 02:26:36	7	39	8	4	1	0	2069041152	0	443656	102000	1015459840	4849782784	14987957385	4848492581
2025-05-20 02:26:37	7	39	8	4	1	0	2071871488	0	443665	102003	1015459840	4849782784	14990472065	4848492649
2025-05-20 02:26:38	7	39	8	4	1	0	2071871488	0	443668	102006	1015459840	4849782784	14990473985	4848492717
2025-05-20 02:26:39	7	39	8	4	1	0	2074689536	0	443674	102008	1015459840	4849782784	14992982649	4848492777
2025-05-20 02:26:40	7	39	8	4	1	0	2074693632	0	443678	102013	1015459840	4849782784	14992984577	4848492883
2025-05-20 02:26:41	7	39	8	4	1	0	2074705920	0	443681	102016	1015459840	4849782784	14992986497	4848492951
2025-05-20 02:26:42	7	39	8	4	1	0	2077548544	0	443688	102019	1015459840	4849782784	14995495169	4848493019
2025-05-20 02:26:43	7	39	8	4	1	0	2077552640	0	443691	102022	1015459840	4849782784	14995497089	4848493087
2025-05-20 02:26:44	7	39	8	4	1	0	2080382976	0	443697	102024	1015459840	4849782784	14998009849	4848493147
2025-05-20 02:26:45	7	39	8	4	1	0	2080387072	0	443700	102027	1015459840	4849782784	14998011769	4848493215
2025-05-20 02:26:46	7	39	8	4	1	0	2080415744	0	443703	102030	1015459840	4849782784	14998013689	4848493283
2025-05-20 02:26:47	7	39	8	4	1	0	2083229696	0	443709	102032	1015459840	4849782784	15000522353	4848493343
2025-05-20 02:26:48	7	39	8	4	1	0	2083229696	0	443713	102036	1015459840	4849782784	15000524281	4848493419
2025-05-20 02:26:49	7	39	8	4	1	0	2086047744	0	443719	102039	1015459840	4849782784	15003032945	4848493509
2025-05-20 02:26:51	7	39	8	4	1	0	2086047744	0	443721	102041	1015459840	4849782784	15003034857	4848493569
2025-05-20 02:26:52	7	39	8	4	1	0	2086047744	0	443724	102044	1015459840	4849782784	15003036776	4848493637
2025-05-20 02:26:53	7	39	8	4	1	0	2088865792	0	443731	102047	1015459840	4849782784	15005549543	4848493705
2025-05-20 02:26:54	7	39	8	4	1	0	2088873984	0	443734	102050	1015459840	4849782784	15005551459	4848493773
2025-05-20 02:26:55	7	39	8	4	1	0	2091704320	0	443740	102052	1015459840	4849782784	15008060119	4848493833
2025-05-20 02:26:56	7	39	8	4	1	0	2091737088	0	443742	102054	1015459840	4849782784	15008062026	4848493893
2025-05-20 02:26:57	7	39	8	4	1	0	2091745280	0	443748	102058	1015459840	4849782784	15008065857	4848493969
2025-05-20 02:26:58	7	39	8	4	1	0	2094596096	0	443754	102060	1015459840	4849786880	15010578613	4848494029
2025-05-20 02:26:59	7	39	8	4	1	0	2094612480	0	443759	102066	1015459840	4849786880	15010580544	4848494143
2025-05-20 02:27:00	7	39	8	4	1	0	2097430528	0	443767	102070	1015459840	4849790976	15013089291	4848494363
2025-05-20 02:27:01	7	39	8	4	1	0	2097430528	0	443770	102073	1015459840	4849790976	15013091207	4848494431
2025-05-20 02:27:02	7	39	8	4	1	0	2097430528	0	443774	102077	1015459840	4849790976	15013093131	4848494507
2025-05-20 02:27:03	7	39	8	4	1	0	2100256768	0	443781	102080	1015459840	4849790976	15015601798	4848494575
2025-05-20 02:27:04	7	39	8	4	1	0	2100256768	0	443785	102084	1015459840	4849790976	15015603721	4848494651
2025-05-20 02:27:05	7	39	8	4	1	0	2100256768	0	443787	102086	1015459840	4849790976	15015605629	4848494711
2025-05-20 02:27:06	7	39	8	4	1	0	2103074816	0	443793	102088	1015459840	4849790976	15018118385	4848494771
2025-05-20 02:27:07	7	39	8	4	1	0	2103095296	0	443796	102091	1015459840	4849790976	15018120300	4848494839
2025-05-20 02:27:08	7	39	8	4	1	0	2105921536	0	443803	102094	1015459840	4849790976	15020628967	4848494907
2025-05-20 02:27:09	7	39	8	4	1	0	2105937920	0	443806	102098	1015459840	4849790976	15020630881	4848495005
2025-05-20 02:27:11	7	39	8	4	1	0	2105946112	0	443808	102100	1015459840	4849790976	15020632787	4848495065
2025-05-20 02:27:12	7	39	8	4	1	0	2108780544	0	443815	102103	1015459840	4849790976	15023141455	4848495133
2025-05-20 02:27:13	7	39	8	4	1	0	2108792832	0	443817	102105	1015459840	4849790976	15023143363	4848495193
2025-05-20 02:27:14	7	39	8	4	1	0	2111643648	0	443823	102107	1015459840	4849790976	15025656119	4848495253
2025-05-20 02:27:15	7	39	8	4	1	0	2111651840	0	443826	102110	1015459840	4849790976	15025658035	4848495321
2025-05-20 02:27:16	7	39	8	4	1	0	2111664128	0	443829	102113	1015459840	4849790976	15025659950	4848495389
2025-05-20 02:27:17	7	39	8	4	1	0	2114490368	0	443838	102116	1015459840	4849790976	15028170523	4848495457
2025-05-20 02:27:18	7	39	8	4	1	0	2114494464	0	443842	102120	1015459840	4849790976	15028172447	4848495533
2025-05-20 02:27:19	7	39	8	4	1	0	2117316608	0	443849	102124	1015459840	4849795072	15030681115	4848495631
2025-05-20 02:27:20	7	39	8	4	1	0	2117316608	0	443852	102127	1015459840	4849795072	15030683031	4848495699
2025-05-20 02:27:21	7	39	8	4	1	0	2117316608	0	443856	102131	1015459840	4849795072	15030684955	4848495775
2025-05-20 02:27:22	7	39	8	4	1	0	2120138752	0	443863	102134	1015459840	4849795072	15033197719	4848495843
2025-05-20 02:27:23	7	39	8	4	1	0	2120138752	0	443866	102137	1015459840	4849795072	15033199635	4848495911
2025-05-20 02:27:24	7	39	8	4	1	0	2120138752	0	443868	102139	1015459840	4849795072	15033201543	4848495971
2025-05-20 02:27:25	7	39	8	4	1	0	2122956800	0	443875	102142	1015459840	4849795072	15035710211	4848496039
2025-05-20 02:27:26	7	39	8	4	1	0	2122964992	0	443878	102145	1015459840	4849795072	15035712127	4848496107
2025-05-20 02:27:27	7	39	8	4	1	0	2125783040	0	443886	102149	1015459840	4849795072	15038220879	4848496327
2025-05-20 02:27:28	7	39	8	4	1	0	2125783040	0	443888	102152	1015459840	4849799168	15038222791	4848496417
2025-05-20 02:27:30	7	39	8	4	1	0	2125783040	0	443890	102154	1015459840	4849799168	15038224703	4848496477
2025-05-20 02:27:31	7	39	8	4	1	0	2128601088	0	443897	102157	1015459840	4849799168	15040737471	4848496545
2025-05-20 02:27:32	7	39	8	4	1	0	2128601088	0	443899	102159	1015459840	4849799168	15040739383	4848496605
2025-05-20 02:27:33	7	39	8	4	1	0	2131419136	0	443905	102161	1015459840	4849799168	15043248047	4848496665
2025-05-20 02:27:34	7	39	8	4	1	0	2131419136	0	443909	102165	1015459840	4849799168	15043249975	4848496741
2025-05-20 02:27:35	7	39	8	4	1	0	2131419136	0	443912	102168	1015459840	4849799168	15043251895	4848496809
2025-05-20 02:27:36	7	40	8	4	1	0	2134032384	0	443918	102170	1015459840	4849799168	15045760559	4848496869
2025-05-20 02:27:37	7	40	8	4	1	0	2134032384	0	443923	102173	1015459840	4849799168	15045764391	4848496937
2025-05-20 02:27:38	7	40	8	4	1	0	2134376448	0	443926	102177	1015459840	4849799168	15045766311	4848497035
2025-05-20 02:27:39	7	40	8	4	1	0	2136846336	0	443933	102180	1015459840	4849799168	15048279079	4848497103
2025-05-20 02:27:40	7	40	8	4	1	0	2136846336	0	443936	102183	1015459840	4849799168	15048280999	4848497171
2025-05-20 02:27:41	7	40	8	4	1	0	2136846336	0	443939	102186	1015459840	4849799168	15048282919	4848497239
2025-05-20 02:27:42	7	40	8	4	1	0	2139664384	0	443946	102189	1015459840	4849799168	15050791591	4848497307
2025-05-20 02:27:43	7	40	8	4	1	0	2139664384	0	443951	102194	1015459840	4849799168	15050793527	4848497391
2025-05-20 02:27:44	7	40	8	4	1	0	2142482432	0	443957	102196	1015459840	4849799168	15053306287	4848497451
2025-05-20 02:27:45	7	40	8	4	1	0	2142482432	0	443960	102199	1015459840	4849799168	15053308207	4848497519
2025-05-20 02:27:46	7	40	8	4	1	0	2142482432	0	443963	102203	1015459840	4849799168	15053310127	4848497617
2025-05-20 02:27:47	7	40	8	4	1	0	2145300480	0	443970	102206	1015459840	4849799168	15055818799	4848497685
2025-05-20 02:27:49	7	40	8	4	1	0	2145300480	0	443973	102209	1015459840	4849799168	15055820719	4848497753
2025-05-20 02:27:50	7	40	8	4	1	0	2145300480	0	443975	102211	1015459840	4849799168	15055822631	4848497813
2025-05-20 02:27:51	7	40	8	4	1	0	2148118528	0	443981	102213	1015459840	4849799168	15058331295	4848497873
2025-05-20 02:27:52	7	40	8	4	1	0	2148118528	0	443984	102216	1015459840	4849799168	15058333215	4848497941
2025-05-20 02:27:53	7	40	8	4	1	0	2150940672	0	443991	102219	1015459840	4849799168	15060845983	4848498009
2025-05-20 02:27:54	7	40	8	4	1	0	2150940672	0	443994	102222	1015459840	4849799168	15060847903	4848498077
2025-05-20 02:27:55	7	40	8	4	1	0	2150940672	0	443997	102225	1015459840	4849799168	15060849823	4848498145
2025-05-20 02:27:56	7	40	8	4	1	0	2153758720	0	444007	102231	1015459840	4849803264	15063358591	4848498381
2025-05-20 02:27:57	7	40	8	4	1	0	2153758720	0	444012	102235	1015459840	4849803264	15063362423	4848498479
2025-05-20 02:27:58	7	40	8	4	1	0	2156572672	0	444015	102238	1015459840	4849803264	15063364339	4848498547
2025-05-20 02:27:59	7	40	8	4	1	0	2156576768	0	444022	102241	1015459840	4849803264	15065873007	4848498615
2025-05-20 02:28:00	7	40	8	4	1	0	2156576768	0	444026	102245	1015459840	4849803264	15065874931	4848498691
2025-05-20 02:28:01	7	40	8	4	1	0	2159394816	0	444032	102247	1015459840	4849803264	15068387687	4848498751
2025-05-20 02:28:02	7	40	8	4	1	0	2159394816	0	444035	102250	1015459840	4849803264	15068389602	4848498819
2025-05-20 02:28:03	7	40	8	4	1	0	2159394816	0	444037	102252	1015459840	4849807360	15068391509	4848498879
2025-05-20 02:28:04	7	40	8	4	1	0	2162212864	0	444043	102254	1015459840	4849807360	15070900169	4848498939
2025-05-20 02:28:05	7	40	8	4	1	0	2162212864	0	444045	102256	1015459840	4849807360	15070902077	4848498999
2025-05-20 02:28:06	7	40	8	4	1	0	2165030912	0	444052	102260	1015459840	4849807360	15073410745	4848499097
2025-05-20 02:28:08	7	40	8	4	1	0	2165030912	0	444055	102263	1015459840	4849807360	15073412661	4848499165
2025-05-20 02:28:09	7	40	8	4	1	0	2165030912	0	444057	102265	1015459840	4849807360	15073414569	4848499225
2025-05-20 02:28:10	7	40	8	4	1	0	2167848960	0	444064	102268	1015459840	4849807360	15075927333	4848499293
2025-05-20 02:28:11	7	40	8	4	1	0	2167848960	0	444066	102270	1015459840	4849807360	15075929241	4848499353
2025-05-20 02:28:12	7	40	8	4	1	0	2167848960	0	444069	102273	1015459840	4849807360	15075931157	4848499421
2025-05-20 02:28:13	7	40	8	4	1	0	2170667008	0	444075	102275	1015459840	4849807360	15078439816	4848499481
2025-05-20 02:28:14	7	40	8	4	1	0	2170667008	0	444078	102278	1015459840	4849807360	15078441731	4848499549
2025-05-20 02:28:15	7	40	8	4	1	0	2173485056	0	444085	102281	1015459840	4849807360	15080950399	4848499617
2025-05-20 02:28:16	7	40	8	4	1	0	2173485056	0	444089	102286	1015459840	4849807360	15080952323	4848499723
2025-05-20 02:28:17	7	40	8	4	1	0	2173485056	0	444095	102290	1015459840	4849807360	15080956155	4848499799
2025-05-20 02:28:18	7	40	8	4	1	0	2176303104	0	444102	102293	1015459840	4849807360	15083468919	4848499867
2025-05-20 02:28:19	7	40	8	4	1	0	2176303104	0	444105	102296	1015459840	4849807360	15083470835	4848499935
2025-05-20 02:28:20	7	40	8	4	1	0	2176303104	0	444108	102299	1015459840	4849807360	15083472751	4848500003
2025-05-20 02:28:21	7	40	8	4	1	0	2179125248	0	444116	102303	1015459840	4849807360	15085981427	4848500079
2025-05-20 02:28:22	7	40	8	4	1	0	2179125248	0	444119	102306	1015459840	4849807360	15085983343	4848500147
2025-05-20 02:28:23	7	40	8	4	1	0	2182004736	0	444127	102310	1015459840	4849807360	15088492091	4848500367
2025-05-20 02:28:24	7	40	8	4	1	0	2182004736	0	444130	102313	1015459840	4849807360	15088494007	4848500435
2025-05-20 02:28:25	7	40	8	4	1	0	2182004736	0	444133	102317	1015459840	4849807360	15088495923	4848500533
2025-05-20 02:28:27	7	40	8	4	1	0	2184822784	0	444140	102320	1015459840	4849807360	15091008687	4848500601
2025-05-20 02:28:28	7	40	8	4	1	0	2184822784	0	444144	102324	1015459840	4849811456	15091010611	4848500677
2025-05-20 02:28:29	7	40	8	4	1	0	2187636736	0	444147	102327	1015459840	4849811456	15091012527	4848500745
2025-05-20 02:28:30	7	40	8	4	1	0	2187640832	0	444153	102329	1015459840	4849811456	15093521187	4848500805
2025-05-20 02:28:31	7	40	8	4	1	0	2187640832	0	444156	102332	1015459840	4849811456	15093523103	4848500873
2025-05-20 02:28:32	7	40	8	4	1	0	2190454784	0	444164	102336	1015459840	4849811456	15096031779	4848500949
2025-05-20 02:28:33	7	40	8	4	1	0	2190454784	0	444166	102338	1015459840	4849811456	15096033687	4848501009
2025-05-20 02:28:34	7	40	8	4	1	0	2190454784	0	444169	102341	1015459840	4849811456	15096035603	4848501077
2025-05-20 02:28:35	7	40	8	4	1	0	2193276928	0	444176	102345	1015459840	4849811456	15098548367	4848501175
2025-05-20 02:28:36	7	40	8	4	1	0	2193276928	0	444181	102348	1015459840	4849811456	15098552191	4848501243
2025-05-20 02:28:37	7	40	8	4	1	0	2196094976	0	444188	102351	1015459840	4849811456	15101060859	4848501311
2025-05-20 02:28:38	7	40	8	4	1	0	2196094976	0	444192	102355	1015459840	4849811456	15101062783	4848501387
2025-05-20 02:28:39	7	40	8	4	1	0	2196094976	0	444196	102359	1015459840	4849811456	15101064707	4848501463
2025-05-20 02:28:40	7	40	8	4	1	0	2198913024	0	444203	102362	1015459840	4849815552	15103577471	4848501531
2025-05-20 02:28:41	7	40	8	4	1	0	2198917120	0	444206	102365	1015459840	4849815552	15103579387	4848501599
2025-05-20 02:28:42	7	40	8	4	1	0	2198917120	0	444208	102367	1015459840	4849815552	15103581295	4848501659
2025-05-20 02:28:43	7	40	8	4	1	0	2201735168	0	444216	102371	1015459840	4849815552	15106089970	4848501735
2025-05-20 02:28:44	7	40	8	4	1	0	2201739264	0	444219	102375	1015459840	4849815552	15106091885	4848501833
2025-05-20 02:28:46	7	40	8	4	1	0	2201743360	0	444221	102377	1015459840	4849815552	15106093793	4848501893
2025-05-20 02:28:47	7	40	8	4	1	0	2204561408	0	444228	102380	1015459840	4849815552	15108602461	4848501961
2025-05-20 02:28:48	7	40	8	4	1	0	2204561408	0	444231	102383	1015459840	4849815552	15108604377	4848502029
2025-05-20 02:28:49	7	40	8	4	1	0	2204561408	0	444234	102386	1015459840	4849815552	15108606293	4848502097
2025-05-20 02:28:50	7	40	8	4	1	0	2207490048	0	444243	102391	1015459840	4849815552	15111119072	4848502181
2025-05-20 02:28:51	7	40	8	4	1	0	2207490048	0	444245	102393	1015459840	4849815552	15111120979	4848502241
2025-05-20 02:28:52	7	40	8	4	1	0	2209603584	0	444255	102399	1015459840	4849819648	15113629744	4848502479
2025-05-20 02:28:53	7	40	8	4	1	0	2209603584	0	444258	102403	1015459840	4849819648	15113631660	4848502577
2025-05-20 02:28:54	7	40	8	4	1	0	2209603584	0	444260	102405	1015459840	4849819648	15113633568	4848502637
2025-05-20 02:28:55	7	40	8	4	1	0	2212421632	0	444269	102408	1015459840	4849819648	15116144144	4848502705
2025-05-20 02:28:56	7	40	8	4	1	0	2212421632	0	444272	102411	1015459840	4849819648	15116146060	4848502773
2025-05-20 02:28:57	7	40	8	4	1	0	2212421632	0	444275	102414	1015459840	4849819648	15116147976	4848502841
2025-05-20 02:28:58	7	40	8	4	1	0	2215239680	0	444283	102418	1015459840	4849819648	15118660748	4848502917
2025-05-20 02:28:59	7	40	8	4	1	0	2215030784	0	444286	102421	1015459840	4849819648	15118662663	4848502985
2025-05-20 02:29:00	7	40	8	4	1	0	2217816064	0	444288	102423	1015459840	4849819648	15118664570	4848503045
2025-05-20 02:29:01	7	40	8	4	1	0	2217820160	0	444295	102426	1015459840	4849819648	15121173238	4848503113
2025-05-20 02:29:02	7	40	8	4	1	0	2217820160	0	444298	102430	1015459840	4849819648	15121175154	4848503211
2025-05-20 02:29:04	7	40	8	4	1	0	2220638208	0	444305	102433	1015459840	4849819648	15123683822	4848503279
2025-05-20 02:29:05	7	40	8	4	1	0	2220638208	0	444308	102436	1015459840	4849819648	15123685738	4848503347
2025-05-20 02:29:06	7	40	8	4	1	0	2220638208	0	444311	102439	1015459840	4849819648	15123687654	4848503415
2025-05-20 02:29:07	7	40	8	4	1	0	2223460352	0	444318	102442	1015459840	4849819648	15126200418	4848503483
2025-05-20 02:29:08	7	40	8	4	1	0	2223460352	0	444321	102445	1015459840	4849819648	15126202334	4848503551
2025-05-20 02:29:09	7	40	8	4	1	0	2223460352	0	444325	102449	1015459840	4849819648	15126204258	4848503627
2025-05-20 02:29:10	7	40	8	4	1	0	2226278400	0	444332	102452	1015459840	4849819648	15128712926	4848503695
2025-05-20 02:29:11	7	40	8	4	1	0	2226278400	0	444335	102455	1015459840	4849819648	15128714842	4848503763
2025-05-20 02:29:12	7	40	8	4	1	0	2229096448	0	444343	102460	1015459840	4849819648	15131223518	4848503869
2025-05-20 02:29:13	7	40	8	4	1	0	2229096448	0	444346	102463	1015459840	4849823744	15131225434	4848503937
2025-05-20 02:29:14	7	40	8	4	1	0	2229096448	0	444351	102466	1015459840	4849823744	15131229258	4848504005
2025-05-20 02:29:15	7	40	8	4	1	0	2231914496	0	444359	102470	1015459840	4849823744	15133742030	4848504081
2025-05-20 02:29:16	7	40	8	4	1	0	2231914496	0	444362	102473	1015459840	4849823744	15133743946	4848504149
2025-05-20 02:29:17	7	40	8	4	1	0	2231914496	0	444364	102475	1015459840	4849823744	15133745854	4848504209
2025-05-20 02:29:18	7	40	8	4	1	0	2234732544	0	444372	102479	1015459840	4849823744	15136254530	4848504285
2025-05-20 02:29:19	7	40	8	4	1	0	2234732544	0	444375	102482	1015459840	4849823744	15136256446	4848504353
2025-05-20 02:29:20	7	40	8	4	1	0	2237554688	0	444384	102488	1015459840	4849823744	15138765204	4848504615
2025-05-20 02:29:21	7	40	8	4	1	0	2237554688	0	444387	102491	1015459840	4849823744	15138767120	4848504683
2025-05-20 02:29:23	7	40	8	4	1	0	2237554688	0	444390	102494	1015459840	4849823744	15138769036	4848504751
2025-05-20 02:29:24	7	40	8	4	1	0	2240372736	0	444397	102497	1015459840	4849823744	15141281800	4848504819
2025-05-20 02:29:25	7	40	8	4	1	0	2240372736	0	444400	102500	1015459840	4849823744	15141283716	4848504887
2025-05-20 02:29:26	7	40	8	4	1	0	2240372736	0	444404	102504	1015459840	4849823744	15141285640	4848504963
2025-05-20 02:29:27	7	40	8	4	1	0	2243186688	0	444410	102506	1015459840	4849823744	15143794300	4848505023
2025-05-20 02:29:28	7	40	8	4	1	0	2243186688	0	444414	102510	1015459840	4849823744	15143796224	4848505099
2025-05-20 02:29:29	7	40	8	4	1	0	2246004736	0	444421	102513	1015459840	4849823744	15146308988	4848505167
2025-05-20 02:29:30	7	40	8	4	1	0	2246004736	0	444424	102517	1015459840	4849823744	15146310904	4848505265
2025-05-20 02:29:31	7	40	8	4	1	0	2246004736	0	444427	102520	1015459840	4849823744	15146312820	4848505333
2025-05-20 02:29:32	7	40	8	4	1	0	2248822784	0	444433	102522	1015459840	4849823744	15148821480	4848505393
2025-05-20 02:29:33	7	40	8	4	1	0	2248822784	0	444439	102526	1015459840	4849823744	15148825312	4848505469
2025-05-20 02:29:34	7	40	8	4	1	0	2248822784	0	444442	102529	1015459840	4849823744	15148827228	4848505537
2025-05-20 02:29:35	7	40	8	4	1	0	2251644928	0	444449	102532	1015459840	4849827840	15151335896	4848505605
2025-05-20 02:29:36	7	40	8	4	1	0	2251644928	0	444452	102535	1015459840	4849827840	15151337812	4848505673
2025-05-20 02:29:37	7	40	8	4	1	0	2251644928	0	444455	102538	1015459840	4849827840	15151339728	4848505741
2025-05-20 02:29:38	7	40	8	4	1	0	2254462976	0	444462	102542	1015459840	4849827840	15153852492	4848505839
2025-05-20 02:29:40	7	40	8	4	1	0	2254462976	0	444465	102545	1015459840	4849827840	15153854408	4848505907
2025-05-20 02:29:41	7	40	8	4	1	0	2257281024	0	444473	102549	1015459840	4849827840	15156363084	4848505983
2025-05-20 02:29:42	7	40	8	4	1	0	2257281024	0	444476	102552	1015459840	4849827840	15156365000	4848506051
2025-05-20 02:29:43	7	40	8	4	1	0	2257281024	0	444480	102556	1015459840	4849827840	15156366924	4848506127
2025-05-20 02:29:44	7	40	8	4	1	0	2260099072	0	444487	102559	1015459840	4849831936	15158875592	4848506195
2025-05-20 02:29:45	7	40	8	4	1	0	2260099072	0	444490	102562	1015459840	4849831936	15158877508	4848506263
2025-05-20 02:29:46	7	40	8	4	1	0	2260099072	0	444494	102565	1015459840	4849831936	15158881324	4848506353
2025-05-20 02:29:47	7	40	8	4	1	0	2260099072	0	444497	102568	1015459840	4849831936	15158883240	4848506421
2025-05-20 02:29:48	7	40	8	4	1	0	2260099072	0	444499	102570	1015459840	4849831936	15158885148	4848506481
2025-05-20 02:29:49	7	40	8	4	1	0	2262917120	0	444507	102575	1015459840	4849831936	15161397920	4848506587
2025-05-20 02:29:51	7	40	8	4	1	0	2262917120	0	444510	102578	1015459840	4849831936	15161399836	4848506655
2025-05-20 02:29:52	7	40	8	4	1	0	2265731072	0	444514	102582	1015459840	4849831936	15161401760	4848506731
2025-05-20 02:29:53	7	40	8	4	1	0	2265739264	0	444523	102587	1015459840	4849836032	15163910518	4848506963
2025-05-20 02:29:54	7	40	8	4	1	0	2265739264	0	444526	102590	1015459840	4849836032	15163912433	4848507031
2025-05-20 02:29:55	7	40	8	4	1	0	2268557312	0	444533	102593	1015459840	4849836032	15166421100	4848507099
2025-05-20 02:29:56	7	40	8	4	1	0	2268557312	0	444537	102597	1015459840	4849836032	15166423024	4848507175
2025-05-20 02:29:57	7	40	8	4	1	0	2268561408	0	444540	102600	1015459840	4849836032	15166424940	4848507243
2025-05-20 02:29:58	7	40	8	4	1	0	2271375360	0	444548	102604	1015459840	4849836032	15168937712	4848507319
2025-05-20 02:29:59	7	40	8	4	1	0	2271375360	0	444551	102608	1015459840	4849836032	15168939628	4848507417
2025-05-20 02:30:00	7	40	8	4	1	0	2271379456	0	444554	102611	1015459840	4849836032	15168941544	4848507485
2025-05-20 02:30:01	7	40	8	4	1	0	2274197504	0	444562	102615	1015459840	4849836032	15171450220	4848507561
2025-05-20 02:30:02	7	40	8	4	1	0	2274197504	0	444565	102618	1015459840	4849836032	15171452136	4848507629
2025-05-20 02:30:03	7	40	8	4	1	0	2277015552	0	444575	102622	1015459840	4849836032	15173962720	4848507705
2025-05-20 02:30:04	7	40	8	4	1	0	2277015552	0	444577	102624	1015459840	4849836032	15173964628	4848507765
2025-05-20 02:30:05	7	40	8	4	1	0	2277019648	0	444579	102626	1015459840	4849836032	15173966536	4848507825
2025-05-20 02:30:06	7	40	8	4	1	0	2279841792	0	444586	102629	1015459840	4849836032	15176479300	4848507893
2025-05-20 02:30:07	7	40	8	4	1	0	2279845888	0	444589	102632	1015459840	4849836032	15176481216	4848507961
2025-05-20 02:30:08	7	40	8	4	1	0	2279845888	0	444592	102636	1015459840	4849836032	15176483132	4848508059
2025-05-20 02:30:10	7	40	8	4	1	0	2282663936	0	444599	102639	1015459840	4849836032	15178991800	4848508127
2025-05-20 02:30:11	7	40	8	4	1	0	2282766336	0	444603	102643	1015459840	4849836032	15178993724	4848508203
2025-05-20 02:30:12	7	40	8	4	1	0	2285584384	0	444610	102646	1015459840	4849836032	15181502392	4848508271
2025-05-20 02:30:13	7	40	8	4	1	0	2285584384	0	444612	102648	1015459840	4849836032	15181504300	4848508331
2025-05-20 02:30:14	7	40	8	4	1	0	2285584384	0	444615	102651	1015459840	4849836032	15181506216	4848508399
2025-05-20 02:30:15	7	40	8	4	1	0	2288402432	0	444624	102656	1015459840	4849836032	15184018996	4848508483
2025-05-20 02:30:16	7	40	8	4	1	0	2288402432	0	444628	102660	1015459840	4849836032	15184020920	4848508559
2025-05-20 02:30:17	7	40	8	4	1	0	2288402432	0	444632	102664	1015459840	4849836032	15184022844	4848508635
2025-05-20 02:30:18	7	40	8	4	1	0	2291220480	0	444638	102667	1015459840	4849840128	15186531504	4848508725
2025-05-20 02:30:19	7	40	8	4	1	0	2291220480	0	444641	102670	1015459840	4849840128	15186533419	4848508793
2025-05-20 02:30:20	7	40	8	4	1	0	2294038528	0	444649	102674	1015459840	4849840128	15189046264	4848509017
2025-05-20 02:30:21	7	40	8	4	1	0	2294038528	0	444653	102678	1015459840	4849840128	15189048188	4848509093
2025-05-20 02:30:22	7	40	8	4	1	0	2294038528	0	444656	102681	1015459840	4849840128	15189050104	4848509161
2025-05-20 02:30:23	7	40	8	4	1	0	2296856576	0	444667	102686	1015459840	4849840128	15191560696	4848509245
2025-05-20 02:30:24	7	40	8	4	1	0	2296856576	0	444671	102690	1015459840	4849840128	15191562620	4848509321
2025-05-20 02:30:25	7	40	8	4	1	0	2296856576	0	444673	102692	1015459840	4849840128	15191564528	4848509381
2025-05-20 02:30:26	7	40	8	4	1	0	2299678720	0	444679	102694	1015459840	4849840128	15194073188	4848509441
2025-05-20 02:30:27	7	40	8	4	1	0	2299678720	0	444682	102698	1015459840	4849840128	15194075104	4848509539
2025-05-20 02:30:28	7	40	8	4	1	0	2299678720	0	444686	102702	1015459840	4849840128	15194077028	4848509615
2025-05-20 02:30:30	7	40	8	4	1	0	2302496768	0	444694	102706	1015459840	4849840128	15196589800	4848509691
2025-05-20 02:30:31	7	40	8	4	1	0	2302496768	0	444697	102709	1015459840	4849840128	15196591716	4848509759
2025-05-20 02:30:32	7	40	8	4	1	0	2305314816	0	444703	102711	1015459840	4849840128	15199100376	4848509819
2025-05-20 02:30:33	7	40	8	4	1	0	2305314816	0	444708	102716	1015459840	4849840128	15199102308	4848509903
2025-05-20 02:30:34	7	40	8	4	1	0	2305314816	0	444712	102720	1015459840	4849840128	15199104232	4848509979
2025-05-20 02:30:35	7	40	8	4	1	0	2308132864	0	444719	102723	1015459840	4849840128	15201612900	4848510047
2025-05-20 02:30:36	7	40	8	4	1	0	2308132864	0	444722	102726	1015459840	4849840128	15201614816	4848510115
2025-05-20 02:30:37	7	40	8	4	1	0	2308132864	0	444724	102729	1015459840	4849840128	15201616723	4848510205
2025-05-20 02:30:38	7	40	8	4	1	0	2310955008	0	444730	102731	1015459840	4849840128	15204129478	4848510265
2025-05-20 02:30:39	7	40	8	4	1	0	2310955008	0	444732	102733	1015459840	4849840128	15204131386	4848510325
2025-05-20 02:30:40	7	40	8	4	1	0	2312040448	0	444735	102736	1015459840	4849840128	15204133302	4848510393
2025-05-20 02:30:41	7	40	8	4	1	0	2313773056	0	444743	102740	1015459840	4849840128	15206641978	4848510469
2025-05-20 02:30:42	7	40	8	4	1	0	2313773056	0	444746	102743	1015459840	4849840128	15206643892	4848510537
2025-05-20 02:30:43	7	40	8	4	1	0	2316591104	0	444754	102745	1015459840	4849840128	15209154458	4848510597
2025-05-20 02:30:44	7	40	8	4	1	0	2316595200	0	444756	102747	1015459840	4849844224	15209156365	4848510657
2025-05-20 02:30:45	7	40	8	4	1	0	2316595200	0	444758	102749	1015459840	4849844224	15209158272	4848510717
2025-05-20 02:30:46	7	40	8	4	1	0	2319413248	0	444766	102754	1015459840	4849844224	15211671044	4848510823
2025-05-20 02:30:48	7	40	8	4	1	0	2319413248	0	444768	102756	1015459840	4849848320	15211672952	4848510883
2025-05-20 02:30:49	7	40	8	4	1	0	2319413248	0	444770	102758	1015459840	4849848320	15211674860	4848510943
2025-05-20 02:30:50	7	40	8	4	1	0	2322284544	0	444779	102763	1015459840	4849852416	15214183618	4848511175
2025-05-20 02:30:51	7	40	8	4	1	0	2322284544	0	444782	102766	1015459840	4849852416	15214185534	4848511243
2025-05-20 02:30:52	7	40	8	4	1	0	2322284544	0	444785	102769	1015459840	4849852416	15214187450	4848511311
2025-05-20 02:30:53	7	40	8	4	1	0	2325102592	0	444792	102772	1015459840	4849852416	15216696118	4848511379
2025-05-20 02:30:54	7	40	8	4	1	0	2325102592	0	444794	102774	1015459840	4849852416	15216698026	4848511439
2025-05-20 02:30:55	7	40	8	4	1	0	2325102592	0	444796	102777	1015459840	4849852416	15216699934	4848511529
2025-05-20 02:30:56	7	40	8	4	1	0	2327920640	0	444802	102779	1015459840	4849852416	15219212690	4848511589
2025-05-20 02:30:57	7	40	8	4	1	0	2327920640	0	444804	102781	1015459840	4849852416	15219214598	4848511649
2025-05-20 02:30:58	7	40	8	4	1	0	2330738688	0	444810	102783	1015459840	4849852416	15221723258	4848511709
2025-05-20 02:30:59	7	40	8	4	1	0	2330738688	0	444812	102785	1015459840	4849852416	15221725166	4848511769
2025-05-20 02:31:00	7	40	8	4	1	0	2330738688	0	444814	102787	1015459840	4849852416	15221727074	4848511829
2025-05-20 02:31:01	7	40	8	4	1	0	2333556736	0	444824	102791	1015459840	4849852416	15224237658	4848511905
2025-05-20 02:31:02	7	40	8	4	1	0	2333556736	0	444828	102795	1015459840	4849852416	15224239582	4848511981
2025-05-20 02:31:03	7	40	8	4	1	0	2333556736	0	444832	102799	1015459840	4849852416	15224241506	4848512057
2025-05-20 02:31:04	7	40	8	4	1	0	2336374784	0	444838	102802	1015459840	4849852416	15226754262	4848512147
2025-05-20 02:31:06	7	40	8	4	1	0	2336374784	0	444840	102804	1015459840	4849852416	15226756170	4848512207
2025-05-20 02:31:07	7	40	8	4	1	0	2339196928	0	444846	102806	1015459840	4849852416	15229264830	4848512267
2025-05-20 02:31:08	7	40	8	4	1	0	2339196928	0	444850	102810	1015459840	4849852416	15229266754	4848512343
2025-05-20 02:31:09	7	40	8	4	1	0	2339196928	0	444853	102813	1015459840	4849852416	15229268670	4848512411
2025-05-20 02:31:10	7	40	8	4	1	0	2342014976	0	444861	102817	1015459840	4849852416	15231777346	4848512487
2025-05-20 02:31:11	7	40	8	4	1	0	2342014976	0	444865	102821	1015459840	4849852416	15231779270	4848512563
2025-05-20 02:31:12	7	40	8	4	1	0	2342014976	0	444868	102824	1015459840	4849852416	15231781185	4848512631
2025-05-20 02:31:13	7	40	8	4	1	0	2344833024	0	444876	102829	1015459840	4849852416	15234293956	4848512737
2025-05-20 02:31:14	7	40	8	4	1	0	2344833024	0	444878	102831	1015459840	4849852416	15234295864	4848512797
2025-05-20 02:31:15	7	40	8	4	1	0	2344833024	0	444880	102833	1015459840	4849852416	15234297772	4848512857
2025-05-20 02:31:16	7	40	8	4	1	0	2347651072	0	444886	102835	1015459840	4849852416	15236806431	4848512917
2025-05-20 02:31:17	7	40	8	4	1	0	2347651072	0	444888	102837	1015459840	4849852416	15236808338	4848512977
2025-05-20 02:31:18	7	40	8	4	1	0	2347651072	0	444892	102839	1015459840	4849852416	15236812153	4848513037
2025-05-20 02:31:19	7	40	8	4	1	0	2350465024	0	444900	102843	1015459840	4849856512	15239324998	4848513261
2025-05-20 02:31:20	7	40	8	4	1	0	2350465024	0	444902	102846	1015459840	4849856512	15239326906	4848513351
2025-05-20 02:31:22	7	40	8	4	1	0	2350465024	0	444904	102848	1015459840	4849856512	15239328814	4848513411
2025-05-20 02:31:23	7	40	8	4	1	0	2353287168	0	444912	102852	1015459840	4849856512	15241837489	4848513487
2025-05-20 02:31:24	7	40	8	4	1	0	2353287168	0	444915	102855	1015459840	4849856512	15241839402	4848513555
2025-05-20 02:31:25	7	40	8	4	1	0	2353287168	0	444919	102859	1015459840	4849856512	15241841324	4848513631
2025-05-20 02:31:26	7	40	8	4	1	0	2356105216	0	444926	102862	1015459840	4849856512	15244349992	4848513699
2025-05-20 02:31:27	7	40	8	4	1	0	2356105216	0	444929	102865	1015459840	4849856512	15244351908	4848513767
2025-05-20 02:31:28	7	40	8	4	1	0	2358923264	0	444936	102868	1015459840	4849856512	15246864672	4848513835
2025-05-20 02:31:29	7	40	8	4	1	0	2358923264	0	444940	102872	1015459840	4849856512	15246866596	4848513911
2025-05-20 02:31:30	7	40	8	4	1	0	2358923264	0	444943	102876	1015459840	4849856512	15246868512	4848514009
2025-05-20 02:31:31	7	40	8	4	1	0	2361741312	0	444950	102879	1015459840	4849856512	15249377179	4848514077
2025-05-20 02:31:32	7	40	8	4	1	0	2361741312	0	444954	102883	1015459840	4849856512	15249379102	4848514153
2025-05-20 02:31:33	7	40	8	4	1	0	2361741312	0	444958	102887	1015459840	4849856512	15249381026	4848514229
2025-05-20 02:31:34	7	40	8	4	1	0	2364559360	0	444965	102890	1015459840	4849856512	15251889694	4848514297
2025-05-20 02:31:35	7	40	8	4	1	0	2364559360	0	444969	102894	1015459840	4849856512	15251891618	4848514373
2025-05-20 02:31:36	7	40	8	4	1	0	2367373312	0	444973	102898	1015459840	4849856512	15251893542	4848514449
2025-05-20 02:31:37	7	40	8	4	1	0	2367377408	0	444983	102902	1015459840	4849856512	15254408221	4848514525
2025-05-20 02:31:38	7	40	8	4	1	0	2367377408	0	444986	102905	1015459840	4849856512	15254410136	4848514593
2025-05-20 02:31:39	7	40	8	4	1	0	2370199552	0	444992	102908	1015459840	4849856512	15256918796	4848514683
2025-05-20 02:31:41	7	40	8	4	1	0	2370199552	0	444996	102912	1015459840	4849856512	15256920720	4848514759
2025-05-20 02:31:42	7	40	8	4	1	0	2370199552	0	444998	102914	1015459840	4849856512	15256922628	4848514819
2025-05-20 02:31:43	7	40	8	4	1	0	2373017600	0	445004	102916	1015459840	4849856512	15259431288	4848514879
2025-05-20 02:31:44	7	40	8	4	1	0	2373017600	0	445008	102920	1015459840	4849856512	15259433212	4848514955
2025-05-20 02:31:45	7	40	8	4	1	0	2373017600	0	445012	102924	1015459840	4849856512	15259435136	4848515031
2025-05-20 02:31:46	7	40	8	4	1	0	2375839744	0	445019	102927	1015459840	4849856512	15261947900	4848515099
2025-05-20 02:31:47	7	40	8	4	1	0	2375839744	0	445022	102930	1015459840	4849856512	15261949815	4848515167
2025-05-20 02:31:48	7	40	8	4	1	0	2375839744	0	445025	102933	1015459840	4849856512	15261951730	4848515235
2025-05-20 02:31:49	7	40	8	4	1	0	2378653696	0	445034	102939	1015459840	4849864704	15264460488	4848515497
2025-05-20 02:31:50	7	40	8	4	1	0	2378653696	0	445037	102942	1015459840	4849864704	15264462404	4848515565
2025-05-20 02:31:51	7	40	8	4	1	0	2378653696	0	445040	102945	1015459840	4849864704	15264464320	4848515633
2025-05-20 02:31:52	7	40	8	4	1	0	2381471744	0	445047	102948	1015459840	4849868800	15266972988	4848515701
2025-05-20 02:31:53	7	40	8	4	1	0	2381471744	0	445050	102951	1015459840	4849868800	15266974904	4848515769
2025-05-20 02:31:54	7	40	8	4	1	0	2381471744	0	445053	102954	1015459840	4849868800	15266976820	4848515837
2025-05-20 02:31:55	7	40	8	4	1	0	2384293888	0	445060	102957	1015459840	4849868800	15269489584	4848515905
2025-05-20 02:31:56	7	40	8	4	1	0	2384293888	0	445063	102960	1015459840	4849868800	15269491500	4848515973
2025-05-20 02:31:57	7	40	8	4	1	0	2384293888	0	445069	102964	1015459840	4849868800	15269495332	4848516049
2025-05-20 02:31:58	7	40	8	4	1	0	2387111936	0	445076	102968	1015459840	4849868800	15272004000	4848516147
2025-05-20 02:32:00	7	40	8	4	1	0	2387111936	0	445079	102971	1015459840	4849868800	15272005916	4848516215
2025-05-20 02:32:01	7	40	8	4	1	0	2387111936	0	445082	102974	1015459840	4849868800	15272007832	4848516283
2025-05-20 02:32:02	7	40	8	4	1	0	2389929984	0	445089	102977	1015459840	4849868800	15274516500	4848516351
2025-05-20 02:32:03	7	40	8	4	1	0	2389929984	0	445092	102980	1015459840	4849868800	15274518416	4848516419
2025-05-20 02:32:04	7	40	8	4	1	0	2392743936	0	445095	102983	1015459840	4849868800	15274520332	4848516487
2025-05-20 02:32:05	7	40	8	4	1	0	2392748032	0	445102	102986	1015459840	4849868800	15277033096	4848516555
2025-05-20 02:32:06	7	40	8	4	1	0	2392748032	0	445105	102990	1015459840	4849868800	15277035012	4848516653
2025-05-20 02:32:07	7	40	8	4	1	0	2395561984	0	445107	102992	1015459840	4849868800	15277036920	4848516713
2025-05-20 02:32:08	7	40	8	4	1	0	2395566080	0	445113	102994	1015459840	4849868800	15279545580	4848516773
2025-05-20 02:32:09	7	40	8	4	1	0	2395566080	0	445116	102997	1015459840	4849868800	15279547496	4848516841
2025-05-20 02:32:10	7	40	8	4	1	0	2398388224	0	445123	103000	1015459840	4849868800	15282060260	4848516909
2025-05-20 02:32:11	7	40	8	4	1	0	2398388224	0	445125	103002	1015459840	4849868800	15282062168	4848516969
2025-05-20 02:32:12	7	40	8	4	1	0	2398388224	0	445129	103006	1015459840	4849868800	15282064092	4848517045
2025-05-20 02:32:13	7	40	8	4	1	0	2401206272	0	445135	103008	1015459840	4849868800	15284572752	4848517105
2025-05-20 02:32:14	7	40	8	4	1	0	2401206272	0	445139	103012	1015459840	4849868800	15284574676	4848517181
2025-05-20 02:32:15	7	40	8	4	1	0	2401206272	0	445145	103017	1015459840	4849868800	15284578506	4848517287
2025-05-20 02:32:17	7	40	8	4	1	0	2404024320	0	445152	103020	1015459840	4849868800	15287087174	4848517355
2025-05-20 02:32:18	7	40	8	4	1	0	2404024320	0	445155	103023	1015459840	4849868800	15287089089	4848517423
2025-05-20 02:32:19	7	40	8	4	1	0	2404024320	0	445158	103026	1015459840	4849868800	15287091004	4848517491
2025-05-20 02:32:20	7	40	8	4	1	0	2404024320	0	445162	103031	1015459840	4849872896	15287092928	4848517597
2025-05-20 02:32:21	7	40	8	4	1	0	2404024320	0	445166	103035	1015459840	4849872896	15287094852	4848517673
2025-05-20 02:32:22	7	40	8	4	1	0	2406838272	0	445174	103039	1015459840	4849876992	15289607698	4848517897
2025-05-20 02:32:23	7	40	8	4	1	0	2406838272	0	445176	103041	1015459840	4849876992	15289609606	4848517957
2025-05-20 02:32:24	7	40	8	4	1	0	2406838272	0	445181	103045	1015459840	4849876992	15289613430	4848518055
2025-05-20 02:32:25	7	40	8	4	1	0	2409656320	0	445187	103047	1015459840	4849876992	15292122090	4848518115
2025-05-20 02:32:27	7	40	8	4	1	0	2409660416	0	445191	103051	1015459840	4849876992	15292124013	4848518191
2025-05-20 02:32:28	7	40	8	4	1	0	2409660416	0	445194	103054	1015459840	4849876992	15292125928	4848518259
2025-05-20 02:32:29	7	40	8	4	1	0	2412482560	0	445201	103057	1015459840	4849876992	15294634596	4848518327
2025-05-20 02:32:30	7	40	8	4	1	0	2412482560	0	445205	103061	1015459840	4849876992	15294636520	4848518403
2025-05-20 02:32:31	7	40	8	4	1	0	2412482560	0	445208	103064	1015459840	4849876992	15294638436	4848518471
2025-05-20 02:32:32	7	40	8	4	1	0	2415300608	0	445215	103067	1015459840	4849876992	15297151200	4848518539
2025-05-20 02:32:33	7	40	8	4	1	0	2415300608	0	445219	103071	1015459840	4849876992	15297153124	4848518615
2025-05-20 02:32:34	7	40	8	4	1	0	2418118656	0	445226	103075	1015459840	4849876992	15299661792	4848518713
2025-05-20 02:32:35	7	40	8	4	1	0	2418118656	0	445230	103079	1015459840	4849876992	15299663716	4848518789
2025-05-20 02:32:36	7	40	8	4	1	0	2418118656	0	445234	103083	1015459840	4849876992	15299665639	4848518865
2025-05-20 02:32:37	7	40	8	4	1	0	2420936704	0	445241	103086	1015459840	4849876992	15302174306	4848518933
2025-05-20 02:32:38	7	40	8	4	1	0	2420936704	0	445244	103089	1015459840	4849876992	15302176222	4848519001
2025-05-20 02:32:39	7	40	8	4	1	0	2420936704	0	445247	103092	1015459840	4849876992	15302178138	4848519069
2025-05-20 02:32:40	7	40	8	4	1	0	2423754752	0	445254	103095	1015459840	4849876992	15304690902	4848519137
2025-05-20 02:32:41	7	40	8	4	1	0	2423754752	0	445257	103098	1015459840	4849876992	15304692818	4848519205
2025-05-20 02:32:42	7	40	8	4	1	0	2423754752	0	445261	103103	1015459840	4849876992	15304694742	4848519311
2025-05-20 02:32:43	7	40	8	4	1	0	2426576896	0	445271	103107	1015459840	4849876992	15307205326	4848519387
2025-05-20 02:32:45	7	40	8	4	1	0	2426576896	0	445274	103110	1015459840	4849876992	15307207242	4848519455
2025-05-20 02:32:46	7	40	8	4	1	0	2429394944	0	445282	103114	1015459840	4849876992	15309715918	4848519531
2025-05-20 02:32:47	7	40	8	4	1	0	2429394944	0	445285	103117	1015459840	4849876992	15309717834	4848519599
2025-05-20 02:32:48	7	40	8	4	1	0	2429394944	0	445288	103120	1015459840	4849876992	15309719750	4848519667
2025-05-20 02:32:49	7	40	8	4	1	0	2432208896	0	445295	103123	1015459840	4849876992	15312232514	4848519735
2025-05-20 02:32:50	7	40	8	4	1	0	2432208896	0	445298	103126	1015459840	4849876992	15312234430	4848519803
2025-05-20 02:32:51	7	40	8	4	1	0	2432208896	0	445301	103129	1015459840	4849881088	15312236346	4848519871
2025-05-20 02:32:52	7	40	8	4	1	0	2435092480	0	445311	103136	1015459840	4849881088	15314745111	4848520141
2025-05-20 02:32:53	7	40	8	4	1	0	2435092480	0	445314	103139	1015459840	4849881088	15314747026	4848520209
2025-05-20 02:32:54	7	40	8	4	1	0	2437906432	0	445317	103142	1015459840	4849881088	15314748942	4848520277
2025-05-20 02:32:55	7	40	8	4	1	0	2437910528	0	445323	103144	1015459840	4849881088	15317257602	4848520337
2025-05-20 02:32:56	7	40	8	4	1	0	2437910528	0	445325	103146	1015459840	4849881088	15317259510	4848520397
2025-05-20 02:32:57	7	40	8	4	1	0	2440728576	0	445332	103149	1015459840	4849881088	15319772274	4848520465
2025-05-20 02:32:58	7	40	8	4	1	0	2440728576	0	445335	103152	1015459840	4849881088	15319774189	4848520533
2025-05-20 02:32:59	7	40	8	4	1	0	2440732672	0	445339	103156	1015459840	4849881088	15319776112	4848520609
2025-05-20 02:33:00	7	40	8	4	1	0	2443554816	0	445346	103159	1015459840	4849885184	15322284780	4848520677
2025-05-20 02:33:01	7	40	8	4	1	0	2443554816	0	445350	103164	1015459840	4849885184	15322286704	4848520783
2025-05-20 02:33:03	7	40	8	4	1	0	2443554816	0	445354	103166	1015459840	4849885184	15322290520	4848520843
2025-05-20 02:33:04	7	40	8	4	1	0	2446372864	0	445361	103169	1015459840	4849885184	15324799188	4848520911
2025-05-20 02:33:05	7	40	8	4	1	0	2446372864	0	445364	103172	1015459840	4849885184	15324801104	4848520979
2025-05-20 02:33:06	7	40	8	4	1	0	2449195008	0	445371	103175	1015459840	4849885184	15327313868	4848521047
2025-05-20 02:33:07	7	40	8	4	1	0	2449207296	0	445374	103178	1015459840	4849885184	15327315784	4848521115
2025-05-20 02:33:08	7	40	8	4	1	0	2449207296	0	445378	103182	1015459840	4849885184	15327317707	4848521191
2025-05-20 02:33:09	7	40	8	4	1	0	2452033536	0	445385	103185	1015459840	4849885184	15329826374	4848521259
2025-05-20 02:33:10	7	40	8	4	1	0	2452033536	0	445388	103188	1015459840	4849885184	15329828290	4848521327
2025-05-20 02:33:11	7	40	8	4	1	0	2452041728	0	445391	103192	1015459840	4849885184	15329830206	4848521425
2025-05-20 02:33:12	7	40	8	4	1	0	2454884352	0	445398	103195	1015459840	4849885184	15332342970	4848521493
2025-05-20 02:33:13	7	40	8	4	1	0	2454904832	0	445402	103199	1015459840	4849885184	15332344894	4848521569
2025-05-20 02:33:14	7	40	8	4	1	0	2454945792	0	445404	103201	1015459840	4849885184	15332346802	4848521629
2025-05-20 02:33:15	7	40	8	4	1	0	2457772032	0	445411	103204	1015459840	4849885184	15334855470	4848521697
2025-05-20 02:33:16	7	40	8	4	1	0	2457776128	0	445414	103207	1015459840	4849885184	15334857386	4848521765
2025-05-20 02:33:17	7	40	8	4	1	0	2457776128	0	445417	103210	1015459840	4849885184	15334859302	4848521833
2025-05-20 02:33:18	7	40	8	4	1	0	2460590080	0	445425	103215	1015459840	4849885184	15337367978	4848521939
2025-05-20 02:33:20	7	40	8	4	1	0	2460590080	0	445428	103218	1015459840	4849885184	15337369894	4848522007
2025-05-20 02:33:21	7	40	8	4	1	0	2460590080	0	445433	103221	1015459840	4849885184	15337373718	4848522075
2025-05-20 02:33:22	7	40	8	4	1	0	2463408128	0	445442	103226	1015459840	4849893376	15339886572	4848522307
2025-05-20 02:33:23	7	40	8	4	1	0	2463408128	0	445445	103229	1015459840	4849893376	15339888488	4848522375
2025-05-20 02:33:24	7	40	8	4	1	0	2466226176	0	445453	103233	1015459840	4849893376	15342397164	4848522451
2025-05-20 02:33:25	7	40	8	4	1	0	2466226176	0	445456	103236	1015459840	4849893376	15342399080	4848522519
2025-05-20 02:33:26	7	40	8	4	1	0	2466226176	0	445460	103240	1015459840	4849893376	15342401004	4848522595
2025-05-20 02:33:27	7	40	8	4	1	0	2469044224	0	445467	103244	1015459840	4849893376	15344909672	4848522693
2025-05-20 02:33:28	7	40	8	4	1	0	2469044224	0	445469	103246	1015459840	4849893376	15344911580	4848522753
2025-05-20 02:33:29	7	40	8	4	1	0	2469044224	0	445472	103249	1015459840	4849893376	15344913496	4848522821
2025-05-20 02:33:30	7	40	8	4	1	0	2471976960	0	445480	103253	1015459840	4849893376	15347426268	4848522897
2025-05-20 02:33:31	7	40	8	4	1	0	2471976960	0	445483	103256	1015459840	4849893376	15347428184	4848522965
2025-05-20 02:33:32	7	40	8	4	1	0	2471976960	0	445486	103259	1015459840	4849893376	15347430100	4848523033
2025-05-20 02:33:33	7	40	8	4	1	0	2474795008	0	445494	103263	1015459840	4849893376	15349938776	4848523109
2025-05-20 02:33:34	7	40	8	4	1	0	2474795008	0	445497	103266	1015459840	4849893376	15349940692	4848523177
2025-05-20 02:33:35	7	40	8	4	1	0	2477608960	0	445500	103269	1015459840	4849893376	15349942608	4848523245
2025-05-20 02:33:36	7	40	8	4	1	0	2477613056	0	445508	103274	1015459840	4849893376	15352451284	4848523351
2025-05-20 02:33:38	7	40	8	4	1	0	2477613056	0	445511	103277	1015459840	4849893376	15352453200	4848523419
2025-05-20 02:33:39	7	40	8	4	1	0	2480431104	0	445520	103280	1015459840	4849893376	15354967869	4848523487
2025-05-20 02:33:40	7	40	8	4	1	0	2480431104	0	445523	103283	1015459840	4849893376	15354969784	4848523555
2025-05-20 02:33:41	7	40	8	4	1	0	2480431104	0	445528	103288	1015459840	4849893376	15354971716	4848523639
2025-05-20 02:33:42	7	40	8	4	1	0	2483249152	0	445535	103291	1015459840	4849893376	15357480384	4848523707
2025-05-20 02:33:43	7	40	8	4	1	0	2483249152	0	445538	103294	1015459840	4849893376	15357482300	4848523775
2025-05-20 02:33:44	7	40	8	4	1	0	2483249152	0	445541	103297	1015459840	4849893376	15357484216	4848523843
2025-05-20 02:33:45	7	40	8	4	1	0	2486067200	0	445548	103300	1015459840	4849893376	15359992884	4848523911
2025-05-20 02:33:46	7	40	8	4	1	0	2486067200	0	445552	103305	1015459840	4849893376	15359994808	4848524017
2025-05-20 02:33:47	7	40	8	4	1	0	2486067200	0	445554	103307	1015459840	4849893376	15359996715	4848524077
2025-05-20 02:33:48	7	40	8	4	1	0	2488885248	0	445561	103310	1015459840	4849893376	15362509478	4848524145
2025-05-20 02:33:49	7	40	8	4	1	0	2488885248	0	445564	103313	1015459840	4849893376	15362511394	4848524213
2025-05-20 02:33:50	7	40	8	4	1	0	2491703296	0	445573	103318	1015459840	4849893376	15365020152	4848524445
2025-05-20 02:33:51	7	40	8	4	1	0	2491703296	0	445576	103321	1015459840	4849893376	15365022068	4848524513
2025-05-20 02:33:52	7	40	8	4	1	0	2491703296	0	445578	103323	1015459840	4849897472	15365023976	4848524573
2025-05-20 02:33:53	7	40	8	4	1	0	2494521344	0	445584	103325	1015459840	4849897472	15367532636	4848524633
2025-05-20 02:33:54	7	40	8	4	1	0	2494521344	0	445586	103327	1015459840	4849897472	15367534544	4848524693
2025-05-20 02:33:55	7	40	8	4	1	0	2494521344	0	445589	103331	1015459840	4849897472	15367536460	4848524791
2025-05-20 02:33:57	7	40	8	4	1	0	2497339392	0	445595	103333	1015459840	4849897472	15370049215	4848524851
2025-05-20 02:33:58	7	40	8	4	1	0	2497339392	0	445598	103336	1015459840	4849897472	15370051130	4848524919
2025-05-20 02:33:59	7	40	8	4	1	0	2497339392	0	445604	103340	1015459840	4849897472	15370054962	4848524995
2025-05-20 02:34:00	7	40	8	4	1	0	2500161536	0	445612	103344	1015459840	4849897472	15372563638	4848525071
2025-05-20 02:34:01	7	40	8	4	1	0	2500161536	0	445614	103346	1015459840	4849897472	15372565546	4848525131
2025-05-20 02:34:02	7	40	8	4	1	0	2500161536	0	445617	103349	1015459840	4849897472	15372567462	4848525199
2025-05-20 02:34:03	7	40	8	4	1	0	2502979584	0	445624	103352	1015459840	4849897472	15375080226	4848525267
2025-05-20 02:34:04	7	40	8	4	1	0	2502979584	0	445628	103357	1015459840	4849897472	15375082149	4848525373
2025-05-20 02:34:05	7	40	8	4	1	0	2505797632	0	445636	103361	1015459840	4849897472	15377590824	4848525449
2025-05-20 02:34:06	7	40	8	4	1	0	2505797632	0	445640	103365	1015459840	4849897472	15377592748	4848525525
2025-05-20 02:34:07	7	40	8	4	1	0	2505797632	0	445643	103368	1015459840	4849897472	15377594663	4848525593
2025-05-20 02:34:08	7	40	8	4	1	0	2508615680	0	445649	103370	1015459840	4849901568	15380103322	4848525653
2025-05-20 02:34:09	7	40	8	4	1	0	2508615680	0	445652	103373	1015459840	4849901568	15380105238	4848525721
2025-05-20 02:34:10	7	40	8	4	1	0	2508615680	0	445656	103377	1015459840	4849901568	15380107162	4848525797
2025-05-20 02:34:11	7	40	8	4	1	0	2511433728	0	445664	103381	1015459840	4849901568	15382619934	4848525873
2025-05-20 02:34:12	7	40	8	4	1	0	2511433728	0	445667	103384	1015459840	4849901568	15382621849	4848525941
2025-05-20 02:34:13	7	40	8	4	1	0	2511433728	0	445670	103388	1015459840	4849901568	15382623764	4848526039
2025-05-20 02:34:15	7	40	8	4	1	0	2514247680	0	445677	103391	1015459840	4849901568	15385132432	4848526107
2025-05-20 02:34:16	7	40	8	4	1	0	2514247680	0	445680	103394	1015459840	4849901568	15385134348	4848526175
2025-05-20 02:34:17	7	40	8	4	1	0	2514247680	0	445685	103397	1015459840	4849901568	15385138172	4848526243
2025-05-20 02:34:18	7	40	8	4	1	0	2517069824	0	445693	103401	1015459840	4849901568	15387646848	4848526319
2025-05-20 02:34:19	7	40	8	4	1	0	2517069824	0	445695	103403	1015459840	4849901568	15387648756	4848526379
2025-05-20 02:34:20	7	40	8	4	1	0	2517069824	0	445698	103406	1015459840	4849901568	15387650672	4848526447
2025-05-20 02:34:21	7	40	8	4	1	0	2519887872	0	445707	103411	1015459840	4849905664	15390163526	4848526679
2025-05-20 02:34:22	7	40	8	4	1	0	2519887872	0	445709	103414	1015459840	4849905664	15390165434	4848526769
2025-05-20 02:34:23	7	40	8	4	1	0	2522701824	0	445712	103417	1015459840	4849909760	15390167350	4848526837
2025-05-20 02:34:24	7	40	8	4	1	0	2522705920	0	445719	103420	1015459840	4849909760	15392676018	4848526905
2025-05-20 02:34:25	7	40	8	4	1	0	2522705920	0	445721	103422	1015459840	4849909760	15392677925	4848526965
2025-05-20 02:34:26	7	40	8	4	1	0	2525523968	0	445728	103425	1015459840	4849909760	15395186592	4848527033
2025-05-20 02:34:27	7	40	8	4	1	0	2525523968	0	445731	103428	1015459840	4849909760	15395188508	4848527101
2025-05-20 02:34:28	7	40	8	4	1	0	2525523968	0	445735	103432	1015459840	4849909760	15395190432	4848527177
2025-05-20 02:34:29	7	40	8	4	1	0	2528342016	0	445742	103435	1015459840	4849909760	15397703196	4848527245
2025-05-20 02:34:30	7	40	8	4	1	0	2528342016	0	445746	103440	1015459840	4849909760	15397705120	4848527351
2025-05-20 02:34:31	7	40	8	4	1	0	2528342016	0	445749	103443	1015459840	4849909760	15397707036	4848527419
2025-05-20 02:34:33	7	40	8	4	1	0	2531164160	0	445757	103447	1015459840	4849909760	15400215712	4848527495
2025-05-20 02:34:34	7	40	8	4	1	0	2531164160	0	445760	103450	1015459840	4849909760	15400217628	4848527563
2025-05-20 02:34:35	7	40	8	4	1	0	2531164160	0	445763	103453	1015459840	4849909760	15400219544	4848527631
2025-05-20 02:34:36	7	40	8	4	1	0	2533982208	0	445772	103456	1015459840	4849909760	15402730120	4848527699
2025-05-20 02:34:37	7	40	8	4	1	0	2533982208	0	445775	103459	1015459840	4849909760	15402732035	4848527767
2025-05-20 02:34:38	7	40	8	4	1	0	2533982208	0	445778	103462	1015459840	4849909760	15402733950	4848527835
2025-05-20 02:34:39	7	40	8	4	1	0	2536800256	0	445786	103466	1015459840	4849909760	15405246722	4848527911
2025-05-20 02:34:40	7	40	8	4	1	0	2536800256	0	445790	103471	1015459840	4849909760	15405248646	4848528017
2025-05-20 02:34:41	7	40	8	4	1	0	2539618304	0	445798	103475	1015459840	4849909760	15407757322	4848528093
2025-05-20 02:34:42	7	40	8	4	1	0	2539618304	0	445801	103478	1015459840	4849909760	15407759238	4848528161
2025-05-20 02:34:43	7	40	8	4	1	0	2539618304	0	445804	103481	1015459840	4849909760	15407761154	4848528229
2025-05-20 02:34:44	7	40	8	4	1	0	2542432256	0	445811	103484	1015459840	4849909760	15410269822	4848528297
2025-05-20 02:34:45	7	40	8	4	1	0	2542432256	0	445814	103487	1015459840	4849909760	15410271738	4848528365
2025-05-20 02:34:46	7	40	8	4	1	0	2542432256	0	445816	103489	1015459840	4849909760	15410273646	4848528425
2025-05-20 02:34:47	7	40	8	4	1	0	2545254400	0	445823	103492	1015459840	4849909760	15412786410	4848528493
2025-05-20 02:34:48	7	40	8	4	1	0	2545254400	0	445826	103495	1015459840	4849909760	15412788326	4848528561
2025-05-20 02:34:49	7	40	8	4	1	0	2545254400	0	445828	103498	1015459840	4849909760	15412790234	4848528651
2025-05-20 02:34:51	7	40	8	4	1	0	2548072448	0	445837	103503	1015459840	4849909760	15415298992	4848528883
2025-05-20 02:34:52	7	40	8	4	1	0	2548072448	0	445840	103506	1015459840	4849909760	15415300908	4848528951
2025-05-20 02:34:53	7	40	8	4	1	0	2548072448	0	445844	103510	1015459840	4849909760	15415302832	4848529027
2025-05-20 02:34:54	7	40	8	4	1	0	2548072448	0	445846	103512	1015459840	4849909760	15415304740	4848529087
2025-05-20 02:34:55	7	40	8	4	1	0	2548072448	0	445852	103516	1015459840	4849909760	15415308572	4848529163
2025-05-20 02:34:56	7	40	8	4	1	0	2548072448	0	445855	103519	1015459840	4849909760	15415310488	4848529231
2025-05-20 02:34:57	7	40	8	4	1	0	2550890496	0	445862	103522	1015459840	4849913856	15417819156	4848529299
2025-05-20 02:34:58	7	40	8	4	1	0	2550890496	0	445865	103526	1015459840	4849913856	15417821072	4848529397
2025-05-20 02:34:59	7	40	8	4	1	0	2550890496	0	445868	103529	1015459840	4849913856	15417822988	4848529465
2025-05-20 02:35:00	7	40	8	4	1	0	2550890496	0	445870	103531	1015459840	4849913856	15417824896	4848529525
2025-05-20 02:35:01	7	40	8	4	1	0	2550890496	0	445874	103535	1015459840	4849913856	15417826820	4848529601
2025-05-20 02:35:02	7	40	8	4	1	0	2550890496	0	445877	103538	1015459840	4849913856	15417828736	4848529669
2025-05-20 02:35:03	7	40	8	4	1	0	2550890496	0	445880	103541	1015459840	4849913856	15417830652	4848529737
2025-05-20 02:35:04	7	40	8	4	1	0	2553708544	0	445887	103544	1015459840	4849913856	15420343416	4848529805
2025-05-20 02:35:05	7	40	8	4	1	0	2553708544	0	445889	103546	1015459840	4849913856	15420345324	4848529865
2025-05-20 02:35:06	7	40	8	4	1	0	2556526592	0	445895	103548	1015459840	4849913856	15422853984	4848529925
2025-05-20 02:35:07	7	40	8	4	1	0	2556530688	0	445897	103551	1015459840	4849913856	15422855892	4848530015
2025-05-20 02:35:09	7	40	8	4	1	0	2556530688	0	445899	103553	1015459840	4849913856	15422857800	4848530075
2025-05-20 02:35:10	7	40	8	4	1	0	2559352832	0	445905	103555	1015459840	4849913856	15425370556	4848530135
2025-05-20 02:35:11	7	40	8	4	1	0	2559352832	0	445908	103558	1015459840	4849913856	15425372472	4848530203
2025-05-20 02:35:12	7	40	8	4	1	0	2559356928	0	445911	103561	1015459840	4849913856	15425374388	4848530271
2025-05-20 02:35:13	7	40	8	4	1	0	2562174976	0	445920	103564	1015459840	4849913856	15427884964	4848530339
2025-05-20 02:35:14	7	40	8	4	1	0	2562174976	0	445923	103567	1015459840	4849913856	15427886880	4848530407
2025-05-20 02:35:15	7	40	8	4	1	0	2562174976	0	445926	103570	1015459840	4849913856	15427888796	4848530475
2025-05-20 02:35:16	7	40	8	4	1	0	2564993024	0	445932	103573	1015459840	4849913856	15430397456	4848530565
2025-05-20 02:35:17	7	40	8	4	1	0	2564993024	0	445935	103576	1015459840	4849917952	15430399372	4848530633
2025-05-20 02:35:18	7	40	8	4	1	0	2564993024	0	445938	103579	1015459840	4849917952	15430401288	4848530701
2025-05-20 02:35:19	7	40	8	4	1	0	2567806976	0	445946	103583	1015459840	4849917952	15432914059	4848530777
2025-05-20 02:35:20	7	40	8	4	1	0	2567806976	0	445950	103587	1015459840	4849917952	15432915982	4848530853
2025-05-20 02:35:21	7	40	8	4	1	0	2570620928	0	445953	103590	1015459840	4849917952	15432917898	4848530921
2025-05-20 02:35:22	7	40	8	4	1	0	2570625024	0	445960	103593	1015459840	4849917952	15435426566	4848530989
2025-05-20 02:35:23	7	40	8	4	1	0	2570625024	0	445963	103596	1015459840	4849917952	15435428482	4848531057
2025-05-20 02:35:24	7	40	8	4	1	0	2573443072	0	445970	103599	1015459840	4849917952	15437937150	4848531125
2025-05-20 02:35:25	7	40	8	4	1	0	2573443072	0	445973	103603	1015459840	4849917952	15437939066	4848531223
2025-05-20 02:35:27	7	40	8	4	1	0	2573443072	0	445977	103607	1015459840	4849922048	15437940989	4848531299
2025-05-20 02:35:28	7	40	8	4	1	0	2576265216	0	445987	103613	1015459840	4849926144	15440453850	4848531539
2025-05-20 02:35:29	7	40	8	4	1	0	2576265216	0	445990	103616	1015459840	4849926144	15440455766	4848531607
2025-05-20 02:35:30	7	40	8	4	1	0	2576265216	0	445993	103619	1015459840	4849926144	15440457682	4848531675
2025-05-20 02:35:31	7	40	8	4	1	0	2579083264	0	445999	103621	1015459840	4849926144	15442966341	4848531735
2025-05-20 02:35:32	7	40	8	4	1	0	2579083264	0	446005	103625	1015459840	4849926144	15442970172	4848531811
2025-05-20 02:35:33	7	40	8	4	1	0	2579083264	0	446007	103627	1015459840	4849926144	15442972080	4848531871
2025-05-20 02:35:34	7	40	8	4	1	0	2581901312	0	446015	103632	1015459840	4849926144	15445480756	4848531977
2025-05-20 02:35:35	7	40	8	4	1	0	2581901312	0	446018	103635	1015459840	4849926144	15445482671	4848532045
2025-05-20 02:35:36	7	40	8	4	1	0	2581901312	0	446021	103638	1015459840	4849926144	15445484586	4848532113
2025-05-20 02:35:37	7	40	8	4	1	0	2584719360	0	446030	103643	1015459840	4849926144	15447997366	4848532197
2025-05-20 02:35:38	7	40	8	4	1	0	2584719360	0	446033	103646	1015459840	4849926144	15447999282	4848532265
2025-05-20 02:35:39	7	40	8	4	1	0	2584719360	0	446036	103649	1015459840	4849926144	15448001198	4848532333
2025-05-20 02:35:40	7	40	8	4	1	0	2587537408	0	446042	103651	1015459840	4849926144	15450509858	4848532393
2025-05-20 02:35:41	7	40	8	4	1	0	2587537408	0	446044	103653	1015459840	4849926144	15450511766	4848532453
2025-05-20 02:35:42	7	40	8	4	1	0	2587537408	0	446046	103655	1015459840	4849926144	15450513673	4848532513
2025-05-20 02:35:43	7	40	8	4	1	0	2590359552	0	446052	103658	1015459840	4849926144	15453022332	4848532603
2025-05-20 02:35:45	7	40	8	4	1	0	2590359552	0	446056	103662	1015459840	4849926144	15453024256	4848532679
2025-05-20 02:35:46	7	40	8	4	1	0	2590359552	0	446060	103666	1015459840	4849926144	15453026180	4848532755
2025-05-20 02:35:47	7	40	8	4	1	0	2593177600	0	446067	103669	1015459840	4849926144	15455538944	4848532823
2025-05-20 02:35:48	7	40	8	4	1	0	2593177600	0	446070	103672	1015459840	4849926144	15455540860	4848532891
2025-05-20 02:35:49	7	40	8	4	1	0	2593177600	0	446073	103675	1015459840	4849926144	15455542776	4848532959
2025-05-20 02:35:50	7	40	8	4	1	0	2595991552	0	446079	103677	1015459840	4849926144	15458051436	4848533019
2025-05-20 02:35:51	7	40	8	4	1	0	2595991552	0	446086	103682	1015459840	4849926144	15458055276	4848533103
2025-05-20 02:35:52	7	40	8	4	1	0	2595991552	0	446089	103686	1015459840	4849926144	15458057192	4848533201
2025-05-20 02:35:53	7	40	8	4	1	0	2598809600	0	446096	103689	1015459840	4849926144	15460565860	4848533269
2025-05-20 02:35:54	7	40	8	4	1	0	2598809600	0	446100	103693	1015459840	4849926144	15460567784	4848533345
2025-05-20 02:35:55	7	40	8	4	1	0	2598809600	0	446104	103697	1015459840	4849926144	15460569708	4848533421
2025-05-20 02:35:56	7	40	8	4	1	0	2601627648	0	446111	103700	1015459840	4849926144	15463082472	4848533489
2025-05-20 02:35:57	7	40	8	4	1	0	2601627648	0	446116	103705	1015459840	4849930240	15463084404	4848533573
2025-05-20 02:35:58	7	40	8	4	1	0	2601627648	0	446121	103710	1015459840	4849930240	15463086336	4848533657
2025-05-20 02:35:59	7	40	8	4	1	0	2604449792	0	446130	103715	1015459840	4849930240	15465595094	4848533889
2025-05-20 02:36:00	7	40	8	4	1	0	2604449792	0	446132	103718	1015459840	4849930240	15465597002	4848533979
2025-05-20 02:36:01	7	40	8	4	1	0	2607263744	0	446136	103722	1015459840	4849930240	15465598926	4848534055
2025-05-20 02:36:03	7	40	8	4	1	0	2607267840	0	446144	103726	1015459840	4849930240	15468111698	4848534131
2025-05-20 02:36:04	7	40	8	4	1	0	2607267840	0	446147	103729	1015459840	4849930240	15468113614	4848534199
2025-05-20 02:36:05	7	40	8	4	1	0	2610085888	0	446154	103732	1015459840	4849930240	15470622282	4848534267
2025-05-20 02:36:06	7	40	8	4	1	0	2610085888	0	446157	103735	1015459840	4849930240	15470624198	4848534335
2025-05-20 02:36:07	7	40	8	4	1	0	2610085888	0	446161	103739	1015459840	4849930240	15470626122	4848534411
2025-05-20 02:36:08	7	40	8	4	1	0	2610085888	0	446167	103743	1015459840	4849930240	15470629954	4848534487
2025-05-20 02:36:09	7	40	8	4	1	0	2612903936	0	446174	103747	1015459840	4849930240	15473138622	4848534585
2025-05-20 02:36:10	7	40	8	4	1	0	2612903936	0	446176	103749	1015459840	4849930240	15473140530	4848534645
2025-05-20 02:36:11	7	40	8	4	1	0	2612903936	0	446180	103753	1015459840	4849930240	15473142453	4848534721
2025-05-20 02:36:12	7	40	8	4	1	0	2612903936	0	446183	103756	1015459840	4849930240	15473144367	4848534789
2025-05-20 02:36:13	7	40	8	4	1	0	2615721984	0	446191	103760	1015459840	4849930240	15475657137	4848534865
2025-05-20 02:36:14	7	40	8	4	1	0	2615721984	0	446194	103763	1015459840	4849930240	15475659052	4848534933
2025-05-20 02:36:15	7	40	8	4	1	0	2618535936	0	446198	103767	1015459840	4849930240	15475660976	4848535009
2025-05-20 02:36:16	7	40	8	4	1	0	2618544128	0	446207	103773	1015459840	4849930240	15478169660	4848535123
2025-05-20 02:36:18	7	40	8	4	1	0	2618544128	0	446210	103776	1015459840	4849930240	15478171576	4848535191
2025-05-20 02:36:19	7	40	8	4	1	0	2621374464	0	446218	103780	1015459840	4849930240	15480680252	4848535267
2025-05-20 02:36:20	7	40	8	4	1	0	2621374464	0	446220	103782	1015459840	4849930240	15480682160	4848535327
2025-05-20 02:36:21	7	40	8	4	1	0	2621374464	0	446223	103785	1015459840	4849930240	15480684076	4848535395
2025-05-20 02:36:22	7	40	8	4	1	0	2624192512	0	446230	103788	1015459840	4849930240	15483196840	4848535463
2025-05-20 02:36:23	7	40	8	4	1	0	2624192512	0	446235	103793	1015459840	4849930240	15483198772	4848535547
2025-05-20 02:36:24	7	40	8	4	1	0	2624192512	0	446239	103797	1015459840	4849930240	15483200696	4848535623
2025-05-20 02:36:25	7	40	8	4	1	0	2627010560	0	446247	103801	1015459840	4849934336	15485709372	4848535699
2025-05-20 02:36:26	7	40	8	4	1	0	2627010560	0	446253	103806	1015459840	4849934336	15485713201	4848535805
2025-05-20 02:36:27	7	40	8	4	1	0	2627010560	0	446256	103809	1015459840	4849934336	15485715116	4848535873
2025-05-20 02:36:28	7	40	8	4	1	0	2629832704	0	446264	103813	1015459840	4849938432	15488223792	4848535949
2025-05-20 02:36:29	7	40	8	4	1	0	2629832704	0	446268	103817	1015459840	4849938432	15488225716	4848536025
2025-05-20 02:36:30	7	40	8	4	1	0	2629832704	0	446271	103820	1015459840	4849938432	15488227632	4848536093
2025-05-20 02:36:31	7	40	8	4	1	0	2632654848	0	446281	103826	1015459840	4849942528	15490740494	4848536333
2025-05-20 02:36:32	7	40	8	4	1	0	2632663040	0	446285	103830	1015459840	4849942528	15490742418	4848536409
2025-05-20 02:36:33	7	40	8	4	1	0	2632663040	0	446290	103835	1015459840	4849942528	15490744350	4848536493
2025-05-20 02:36:34	7	40	8	4	1	0	2635485184	0	446297	103838	1015459840	4849942528	15493253017	4848536561
2025-05-20 02:36:35	7	40	8	4	1	0	2635489280	0	446300	103842	1015459840	4849942528	15493254932	4848536659
2025-05-20 02:36:37	7	40	8	4	1	0	2635489280	0	446302	103844	1015459840	4849942528	15493256840	4848536719
2025-05-20 02:36:38	7	40	8	4	1	0	2638307328	0	446311	103849	1015459840	4849942528	15495765524	4848536803
2025-05-20 02:36:39	7	40	8	4	1	0	2638307328	0	446316	103854	1015459840	4849942528	15495767456	4848536887
2025-05-20 02:36:40	7	40	8	4	1	0	2641121280	0	446320	103858	1015459840	4849942528	15495769380	4848536963
2025-05-20 02:36:41	7	40	8	4	1	0	2641125376	0	446328	103862	1015459840	4849942528	15498282152	4848537039
2025-05-20 02:36:42	7	40	8	4	1	0	2641125376	0	446332	103866	1015459840	4849942528	15498284076	4848537115
2025-05-20 02:36:43	7	40	8	4	1	0	2643939328	0	446335	103869	1015459840	4849942528	15498285992	4848537183
2025-05-20 02:36:44	7	40	8	4	1	0	2643943424	0	446344	103873	1015459840	4849942528	15500796568	4848537281
2025-05-20 02:36:45	7	40	8	4	1	0	2643943424	0	446347	103876	1015459840	4849942528	15500798484	4848537349
2025-05-20 02:36:46	7	40	8	4	1	0	2643943424	0	446352	103881	1015459840	4849942528	15500800416	4848537433
2025-05-20 02:36:47	7	40	8	4	1	0	2646761472	0	446359	103884	1015459840	4849942528	15503309084	4848537501
2025-05-20 02:36:48	7	40	8	4	1	0	2646761472	0	446363	103888	1015459840	4849942528	15503311008	4848537577
2025-05-20 02:36:49	7	40	8	4	1	0	2646761472	0	446367	103892	1015459840	4849942528	15503312932	4848537653
2025-05-20 02:36:50	7	40	8	4	1	0	2649579520	0	446375	103896	1015459840	4849942528	15505825704	4848537729
2025-05-20 02:36:51	7	40	8	4	1	0	2649579520	0	446379	103900	1015459840	4849942528	15505827628	4848537805
2025-05-20 02:36:52	7	40	8	4	1	0	2649579520	0	446382	103904	1015459840	4849942528	15505829544	4848537903
2025-05-20 02:36:54	7	40	8	4	1	0	2652397568	0	446390	103908	1015459840	4849942528	15508338220	4848537979
2025-05-20 02:36:55	7	40	8	4	1	0	2652397568	0	446394	103912	1015459840	4849942528	15508340143	4848538055
2025-05-20 02:36:56	7	40	8	4	1	0	2652397568	0	446398	103916	1015459840	4849942528	15508342066	4848538131
2025-05-20 02:36:57	7	40	8	4	1	0	2655215616	0	446405	103919	1015459840	4849942528	15510854830	4848538199
2025-05-20 02:36:58	7	40	8	4	1	0	2655215616	0	446410	103924	1015459840	4849942528	15510856762	4848538283
2025-05-20 02:36:59	7	40	8	4	1	0	2658029568	0	446413	103927	1015459840	4849946624	15510858678	4848538351
2025-05-20 02:37:00	7	40	8	4	1	0	2658033664	0	446419	103929	1015459840	4849946624	15513367336	4848538411
2025-05-20 02:37:01	7	40	8	4	1	0	2658033664	0	446424	103935	1015459840	4849946624	15513369266	4848538525
2025-05-20 02:37:02	7	40	8	4	1	0	2660851712	0	446436	103941	1015459840	4849946624	15515879940	4848538765
2025-05-20 02:37:03	7	40	8	4	1	0	2660851712	0	446439	103944	1015459840	4849946624	15515881856	4848538833
2025-05-20 02:37:04	7	40	8	4	1	0	2660851712	0	446443	103948	1015459840	4849946624	15515883780	4848538909
2025-05-20 02:37:05	7	40	8	4	1	0	2663673856	0	446449	103950	1015459840	4849946624	15518396536	4848538969
2025-05-20 02:37:06	7	40	8	4	1	0	2663673856	0	446453	103954	1015459840	4849946624	15518398459	4848539045
2025-05-20 02:37:07	7	40	8	4	1	0	2663673856	0	446456	103957	1015459840	4849946624	15518400374	4848539113
2025-05-20 02:37:08	7	40	8	4	1	0	2666491904	0	446463	103960	1015459840	4849946624	15520909042	4848539181
2025-05-20 02:37:09	7	40	8	4	1	0	2666491904	0	446467	103964	1015459840	4849946624	15520910965	4848539257
2025-05-20 02:37:10	7	40	8	4	1	0	2666491904	0	446470	103968	1015459840	4849946624	15520912880	4848539355
2025-05-20 02:37:12	7	40	8	4	1	0	2669309952	0	446477	103971	1015459840	4849946624	15523421548	4848539423
2025-05-20 02:37:13	7	40	8	4	1	0	2669309952	0	446479	103973	1015459840	4849946624	15523423456	4848539483
2025-05-20 02:37:14	7	40	8	4	1	0	2669309952	0	446483	103977	1015459840	4849946624	15523425380	4848539559
2025-05-20 02:37:15	7	40	8	4	1	0	2672128000	0	446490	103980	1015459840	4849946624	15525938144	4848539627
2025-05-20 02:37:16	7	40	8	4	1	0	2672128000	0	446493	103983	1015459840	4849946624	15525940060	4848539695
2025-05-20 02:37:17	7	40	8	4	1	0	2672128000	0	446496	103986	1015459840	4849946624	15525941976	4848539763
2025-05-20 02:37:18	7	40	8	4	1	0	2674937856	0	446500	103991	1015459840	4849946624	15525943900	4848539869
2025-05-20 02:37:19	7	40	8	4	1	0	2674941952	0	446510	103995	1015459840	4849946624	15528454484	4848539945
2025-05-20 02:37:20	7	40	8	4	1	0	2674941952	0	446513	103998	1015459840	4849946624	15528456400	4848540013
2025-05-20 02:37:21	7	40	8	4	1	0	2677755904	0	446517	104002	1015459840	4849946624	15528458324	4848540089
2025-05-20 02:37:22	7	40	8	4	1	0	2677764096	0	446524	104005	1015459840	4849946624	15530966992	4848540157
2025-05-20 02:37:23	7	40	8	4	1	0	2677764096	0	446526	104007	1015459840	4849946624	15530968900	4848540217
2025-05-20 02:37:24	7	40	8	4	1	0	2680582144	0	446535	104012	1015459840	4849946624	15533481680	4848540301
2025-05-20 02:37:25	7	40	8	4	1	0	2680582144	0	446540	104017	1015459840	4849946624	15533483612	4848540385
2025-05-20 02:37:26	7	40	8	4	1	0	2680582144	0	446545	104022	1015459840	4849946624	15533485543	4848540469
2025-05-20 02:37:27	7	40	8	4	1	0	2683400192	0	446555	104029	1015459840	4849946624	15535994234	4848540591
2025-05-20 02:37:29	7	40	8	4	1	0	2683400192	0	446558	104032	1015459840	4849946624	15535996150	4848540659
2025-05-20 02:37:30	7	40	8	4	1	0	2683400192	0	446561	104035	1015459840	4849950720	15535998066	4848540727
2025-05-20 02:37:31	7	40	8	4	1	0	2686218240	0	446568	104038	1015459840	4849950720	15538506734	4848540795
2025-05-20 02:37:32	7	40	8	4	1	0	2686218240	0	446571	104041	1015459840	4849950720	15538508650	4848540863
2025-05-20 02:37:33	7	40	8	4	1	0	2686218240	0	446575	104045	1015459840	4849950720	15538510574	4848540939
2025-05-20 02:37:34	7	40	8	4	1	0	2689036288	0	446583	104049	1015459840	4849958912	15541023420	4848541163
2025-05-20 02:37:35	7	40	8	4	1	0	2689036288	0	446586	104052	1015459840	4849958912	15541025338	4848541231
2025-05-20 02:37:36	7	40	8	4	1	0	2689036288	0	446589	104056	1015459840	4849958912	15541027256	4848541329
2025-05-20 02:37:37	7	40	8	4	1	0	2691858432	0	446597	104058	1015459840	4849958912	15543537828	4848541389
2025-05-20 02:37:38	7	40	8	4	1	0	2691858432	0	446602	104063	1015459840	4849958912	15543539762	4848541473
2025-05-20 02:37:39	7	40	8	4	1	0	2691858432	0	446605	104066	1015459840	4849958912	15543541680	4848541541
2025-05-20 02:37:40	7	40	8	4	1	0	2694672384	0	446608	104069	1015459840	4849958912	15543543598	4848541609
2025-05-20 02:37:41	7	40	8	4	1	0	2694676480	0	446614	104071	1015459840	4849958912	15546052260	4848541669
2025-05-20 02:37:42	7	40	8	4	1	0	2694676480	0	446617	104075	1015459840	4849958912	15546054178	4848541767
2025-05-20 02:37:44	7	40	8	4	1	0	2694676480	0	446620	104078	1015459840	4849958912	15546056096	4848541835
2025-05-20 02:37:45	7	40	8	4	1	0	2697490432	0	446623	104081	1015459840	4849958912	15546058014	4848541903
2025-05-20 02:37:46	7	40	8	4	1	0	2697494528	0	446629	104083	1015459840	4849958912	15548570772	4848541963
2025-05-20 02:37:47	7	40	8	4	1	0	2697494528	0	446634	104088	1015459840	4849958912	15548572706	4848542047
2025-05-20 02:37:48	7	40	8	4	1	0	2700316672	0	446642	104092	1015459840	4849958912	15551081384	4848542123
2025-05-20 02:37:49	7	40	8	4	1	0	2700316672	0	446645	104095	1015459840	4849958912	15551083302	4848542191
2025-05-20 02:37:50	7	40	8	4	1	0	2700316672	0	446648	104098	1015459840	4849958912	15551085220	4848542259
2025-05-20 02:37:51	7	40	8	4	1	0	2703130624	0	446656	104103	1015459840	4849958912	15553593898	4848542365
2025-05-20 02:37:52	7	40	8	4	1	0	2703130624	0	446658	104105	1015459840	4849958912	15553595808	4848542425
2025-05-20 02:37:53	7	40	8	4	1	0	2703130624	0	446663	104108	1015459840	4849958912	15553599636	4848542493
2025-05-20 02:37:54	7	40	8	4	1	0	2705952768	0	446670	104111	1015459840	4849958912	15556112402	4848542561
2025-05-20 02:37:55	7	40	8	4	1	0	2705952768	0	446673	104114	1015459840	4849958912	15556114320	4848542629
2025-05-20 02:37:56	7	40	8	4	1	0	2705952768	0	446675	104116	1015459840	4849958912	15556116228	4848542689
2025-05-20 02:37:57	7	40	8	4	1	0	2708770816	0	446682	104119	1015459840	4849958912	15558624896	4848542757
2025-05-20 02:37:58	7	40	8	4	1	0	2708770816	0	446685	104122	1015459840	4849958912	15558626814	4848542825
2025-05-20 02:37:59	7	40	8	4	1	0	2708770816	0	446689	104127	1015459840	4849958912	15558628740	4848542931
2025-05-20 02:38:01	7	40	8	4	1	0	2711588864	0	446695	104129	1015459840	4849963008	15561141498	4848542991
2025-05-20 02:38:02	7	40	8	4	1	0	2711588864	0	446697	104131	1015459840	4849963008	15561143408	4848543051
2025-05-20 02:38:03	7	40	8	4	1	0	2711588864	0	446701	104135	1015459840	4849963008	15561145334	4848543127
2025-05-20 02:38:04	7	40	8	4	1	0	2714411008	0	446708	104138	1015459840	4849963008	15563654004	4848543195
2025-05-20 02:38:05	7	40	8	4	1	0	2714411008	0	446710	104140	1015459840	4849963008	15563655914	4848543255
2025-05-20 02:38:06	7	40	8	4	1	0	2714419200	0	446714	104144	1015459840	4849963008	15563657840	4848543331
2025-05-20 02:38:07	7	40	8	4	1	0	2717237248	0	446723	104149	1015459840	4849967104	15566166600	4848543563
2025-05-20 02:38:08	7	40	8	4	1	0	2717241344	0	446727	104153	1015459840	4849967104	15566168525	4848543639
2025-05-20 02:38:09	7	40	8	4	1	0	2720059392	0	446730	104157	1015459840	4849967104	15566170442	4848543737
2025-05-20 02:38:10	7	40	8	4	1	0	2720063488	0	446737	104160	1015459840	4849967104	15568683208	4848543805
2025-05-20 02:38:11	7	40	8	4	1	0	2720063488	0	446743	104164	1015459840	4849967104	15568687044	4848543881
2025-05-20 02:38:12	7	40	8	4	1	0	2722910208	0	446751	104168	1015459840	4849967104	15571195722	4848543957
2025-05-20 02:38:13	7	40	8	4	1	0	2722918400	0	446754	104171	1015459840	4849967104	15571197640	4848544025
2025-05-20 02:38:14	7	40	8	4	1	0	2722926592	0	446758	104175	1015459840	4849967104	15571199566	4848544101
2025-05-20 02:38:15	7	40	8	4	1	0	2725752832	0	446764	104177	1015459840	4849967104	15573708228	4848544161
2025-05-20 02:38:16	7	40	8	4	1	0	2725752832	0	446768	104181	1015459840	4849967104	15573710154	4848544237
2025-05-20 02:38:17	7	40	8	4	1	0	2725773312	0	446772	104186	1015459840	4849967104	15573712080	4848544343
2025-05-20 02:38:19	7	40	8	4	1	0	2728587264	0	446778	104188	1015459840	4849967104	15576224838	4848544403
2025-05-20 02:38:20	7	40	8	4	1	0	2728603648	0	446781	104191	1015459840	4849967104	15576226756	4848544471
2025-05-20 02:38:21	7	40	8	4	1	0	2728603648	0	446784	104194	1015459840	4849967104	15576228674	4848544539
2025-05-20 02:38:22	7	40	8	4	1	0	2731433984	0	446792	104198	1015459840	4849967104	15578737352	4848544615
2025-05-20 02:38:23	7	40	8	4	1	0	2731450368	0	446795	104201	1015459840	4849967104	15578739270	4848544683
2025-05-20 02:38:24	7	40	8	4	1	0	2731454464	0	446799	104205	1015459840	4849967104	15578741196	4848544759
2025-05-20 02:38:25	7	40	8	4	1	0	2734272512	0	446806	104208	1015459840	4849967104	15581249866	4848544827
2025-05-20 02:38:26	7	40	8	4	1	0	2734280704	0	446809	104211	1015459840	4849967104	15581251784	4848544895
2025-05-20 02:38:27	7	40	8	4	1	0	2734305280	0	446813	104216	1015459840	4849967104	15581253710	4848545001
2025-05-20 02:38:28	7	40	8	4	1	0	2737127424	0	446820	104219	1015459840	4849967104	15583766475	4848545069
2025-05-20 02:38:29	7	40	8	4	1	0	2737156096	0	446823	104222	1015459840	4849967104	15583768392	4848545137
2025-05-20 02:38:30	7	40	8	4	1	0	2737156096	0	446829	104226	1015459840	4849967104	15583772226	4848545213
2025-05-20 02:38:31	7	40	8	4	1	0	2739994624	0	446836	104229	1015459840	4849971200	15586280896	4848545281
2025-05-20 02:38:32	7	40	8	4	1	0	2739998720	0	446840	104233	1015459840	4849971200	15586282822	4848545357
2025-05-20 02:38:33	7	40	8	4	1	0	2739998720	0	446843	104236	1015459840	4849971200	15586284740	4848545425
2025-05-20 02:38:34	7	40	8	4	1	0	2742833152	0	446851	104240	1015459840	4849971200	15588793418	4848545501
2025-05-20 02:38:35	7	40	8	4	1	0	2742837248	0	446855	104245	1015459840	4849971200	15588795344	4848545607
2025-05-20 02:38:37	7	40	8	4	1	0	2742841344	0	446858	104248	1015459840	4849971200	15588797262	4848545675
2025-05-20 02:38:38	7	40	8	4	1	0	2745667584	0	446868	104254	1015459840	4849971200	15591310126	4848545915
2025-05-20 02:38:39	7	40	8	4	1	0	2745683968	0	446871	104257	1015459840	4849971200	15591312044	4848545983
2025-05-20 02:38:40	7	40	8	4	1	0	2745696256	0	446875	104261	1015459840	4849971200	15591313970	4848546059
2025-05-20 02:38:41	7	40	8	4	1	0	2748530688	0	446883	104265	1015459840	4849971200	15593822648	4848546135
2025-05-20 02:38:42	7	40	8	4	1	0	2748530688	0	446886	104268	1015459840	4849975296	15593824566	4848546203
2025-05-20 02:38:43	7	40	8	4	1	0	2748538880	0	446889	104271	1015459840	4849975296	15593826483	4848546271
2025-05-20 02:38:44	7	40	8	4	1	0	2751361024	0	446897	104276	1015459840	4849975296	15596335160	4848546377
2025-05-20 02:38:45	7	40	8	4	1	0	2751369216	0	446901	104280	1015459840	4849975296	15596337084	4848546453
2025-05-20 02:38:46	7	40	8	4	1	0	2754199552	0	446904	104283	1015459840	4849975296	15596339000	4848546521
2025-05-20 02:38:47	7	40	8	4	1	0	2754215936	0	446911	104286	1015459840	4849975296	15598851766	4848546589
2025-05-20 02:38:48	7	40	8	4	1	0	2754232320	0	446916	104289	1015459840	4849975296	15598855594	4848546657
2025-05-20 02:38:49	7	40	8	4	1	0	2754232320	0	446919	104292	1015459840	4849975296	15598857512	4848546725
2025-05-20 02:38:50	7	40	8	4	1	0	2757046272	0	446925	104294	1015459840	4849975296	15601366174	4848546785
2025-05-20 02:38:51	7	40	8	4	1	0	2757074944	0	446929	104298	1015459840	4849975296	15601368100	4848546861
2025-05-20 02:38:52	7	40	8	4	1	0	2757091328	0	446932	104302	1015459840	4849975296	15601370018	4848546959
2025-05-20 02:38:53	7	40	8	4	1	0	2759921664	0	446939	104305	1015459840	4849975296	15603882784	4848547027
2025-05-20 02:38:55	7	40	8	4	1	0	2759929856	0	446942	104308	1015459840	4849975296	15603884702	4848547095
2025-05-20 02:38:56	7	40	8	4	1	0	2759938048	0	446946	104312	1015459840	4849975296	15603886628	4848547171
2025-05-20 02:38:57	7	40	8	4	1	0	2762768384	0	446953	104315	1015459840	4849975296	15606395296	4848547239
2025-05-20 02:38:58	7	40	8	4	1	0	2762776576	0	446956	104318	1015459840	4849975296	15606397212	4848547307
2025-05-20 02:38:59	7	40	8	4	1	0	2762784768	0	446960	104322	1015459840	4849975296	15606399138	4848547383
2025-05-20 02:39:00	7	40	8	4	1	0	2765623296	0	446968	104326	1015459840	4849975296	15608907816	4848547459
2025-05-20 02:39:01	7	40	8	4	1	0	2765627392	0	446971	104330	1015459840	4849975296	15608909734	4848547557
2025-05-20 02:39:02	7	40	8	4	1	0	2765627392	0	446973	104332	1015459840	4849979392	15608911644	4848547617
2025-05-20 02:39:03	7	40	8	4	1	0	2768445440	0	446980	104335	1015459840	4849979392	15611424409	4848547685
2025-05-20 02:39:04	7	40	8	4	1	0	2768453632	0	446983	104338	1015459840	4849979392	15611426325	4848547753
2025-05-20 02:39:05	7	40	8	4	1	0	2768453632	0	446987	104340	1015459840	4849979392	15611430143	4848547813
2025-05-20 02:39:06	7	40	8	4	1	0	2771271680	0	446995	104344	1015459840	4849979392	15613938818	4848547889
2025-05-20 02:39:07	7	40	8	4	1	0	2771271680	0	446998	104347	1015459840	4849979392	15613940734	4848547957
2025-05-20 02:39:08	7	40	8	4	1	0	2771275776	0	447002	104351	1015459840	4849979392	15613942660	4848548033
2025-05-20 02:39:09	7	40	8	4	1	0	2774093824	0	447012	104358	1015459840	4849983488	15616451428	4848548303
2025-05-20 02:39:11	7	40	8	4	1	0	2774093824	0	447015	104361	1015459840	4849983488	15616453346	4848548371
2025-05-20 02:39:12	7	40	8	4	1	0	2774093824	0	447018	104364	1015459840	4849983488	15616455264	4848548439
2025-05-20 02:39:13	7	40	8	4	1	0	2776911872	0	447026	104368	1015459840	4849983488	15618968038	4848548515
2025-05-20 02:39:14	7	40	8	4	1	0	2776911872	0	447029	104371	1015459840	4849983488	15618969956	4848548583
2025-05-20 02:39:15	7	40	8	4	1	0	2776911872	0	447033	104375	1015459840	4849983488	15618971882	4848548659
2025-05-20 02:39:16	7	40	8	4	1	0	2779734016	0	447040	104378	1015459840	4849983488	15621480552	4848548727
2025-05-20 02:39:17	7	40	8	4	1	0	2779734016	0	447043	104381	1015459840	4849983488	15621482470	4848548795
2025-05-20 02:39:18	7	40	8	4	1	0	2779734016	0	447046	104384	1015459840	4849983488	15621484388	4848548863
2025-05-20 02:39:19	7	40	8	4	1	0	2782552064	0	447053	104388	1015459840	4849983488	15623993058	4848548961
2025-05-20 02:39:20	7	40	8	4	1	0	2782552064	0	447056	104391	1015459840	4849983488	15623994976	4848549029
2025-05-20 02:39:21	7	40	8	4	1	0	2782552064	0	447060	104395	1015459840	4849983488	15623996902	4848549105
2025-05-20 02:39:22	7	40	8	4	1	0	2785366016	0	447066	104397	1015459840	4849983488	15626509660	4848549165
2025-05-20 02:39:23	7	40	8	4	1	0	2784841728	0	447068	104399	1015459840	4849983488	15626511570	4848549225
2025-05-20 02:39:24	7	40	8	4	1	0	2784841728	0	447073	104402	1015459840	4849983488	15626515398	4848549293
2025-05-20 02:39:25	7	40	8	4	1	0	2787659776	0	447080	104405	1015459840	4849983488	15629024068	4848549361
2025-05-20 02:39:26	7	40	8	4	1	0	2787659776	0	447083	104408	1015459840	4849983488	15629025986	4848549429
2025-05-20 02:39:27	7	40	8	4	1	0	2787659776	0	447086	104412	1015459840	4849983488	15629027904	4848549527
2025-05-20 02:39:29	7	40	8	4	1	0	2790477824	0	447092	104414	1015459840	4849983488	15631536566	4848549587
2025-05-20 02:39:30	7	40	8	4	1	0	2790477824	0	447095	104417	1015459840	4849983488	15631538483	4848549655
2025-05-20 02:39:31	7	40	8	4	1	0	2790477824	0	447098	104420	1015459840	4849983488	15631540400	4848549723
2025-05-20 02:39:32	7	40	8	4	1	0	2793295872	0	447105	104423	1015459840	4849983488	15634053166	4848549791
2025-05-20 02:39:33	7	40	8	4	1	0	2793295872	0	447108	104426	1015459840	4849987584	15634055084	4848549859
2025-05-20 02:39:34	7	40	8	4	1	0	2793295872	0	447111	104429	1015459840	4849987584	15634057002	4848549927
2025-05-20 02:39:35	7	40	8	4	1	0	2796118016	0	447119	104433	1015459840	4849987584	15636565680	4848550003
2025-05-20 02:39:36	7	40	8	4	1	0	2796118016	0	447122	104436	1015459840	4849987584	15636567598	4848550071
2025-05-20 02:39:37	7	40	8	4	1	0	2796118016	0	447125	104440	1015459840	4849987584	15636569516	4848550169
2025-05-20 02:39:38	7	40	8	4	1	0	2796118016	0	447129	104444	1015459840	4849987584	15636571442	4848550245
2025-05-20 02:39:39	7	40	8	4	1	0	2798936064	0	447136	104447	1015459840	4849987584	15639080111	4848550313
2025-05-20 02:39:40	7	40	8	4	1	0	2798936064	0	447139	104450	1015459840	4849987584	15639082028	4848550381
2025-05-20 02:39:41	7	40	8	4	1	0	2798936064	0	447142	104453	1015459840	4849987584	15639083946	4848550449
2025-05-20 02:39:42	7	40	8	4	1	0	2798936064	0	447147	104456	1015459840	4849987584	15639087774	4848550517
2025-05-20 02:39:43	7	40	8	4	1	0	2798936064	0	447151	104460	1015459840	4849987584	15639089700	4848550593
2025-05-20 02:39:44	7	40	8	4	1	0	2801754112	0	447160	104465	1015459840	4849995776	15641602556	4848550825
2025-05-20 02:39:45	7	40	8	4	1	0	2801754112	0	447164	104470	1015459840	4849995776	15641604482	4848550931
2025-05-20 02:39:47	7	40	8	4	1	0	2801754112	0	447167	104473	1015459840	4849995776	15641606400	4848550999
2025-05-20 02:39:48	7	40	8	4	1	0	2804572160	0	447175	104477	1015459840	4849995776	15644115078	4848551075
2025-05-20 02:39:49	7	40	8	4	1	0	2804572160	0	447178	104480	1015459840	4849995776	15644116996	4848551143
2025-05-20 02:39:50	7	40	8	4	1	0	2804572160	0	447181	104483	1015459840	4849999872	15644118913	4848551211
2025-05-20 02:39:51	7	40	8	4	1	0	2807390208	0	447188	104486	1015459840	4849999872	15646627581	4848551279
2025-05-20 02:39:52	7	40	8	4	1	0	2807390208	0	447191	104489	1015459840	4849999872	15646629498	4848551347
2025-05-20 02:39:53	7	40	8	4	1	0	2807390208	0	447195	104493	1015459840	4849999872	15646631424	4848551423
2025-05-20 02:39:54	7	40	8	4	1	0	2810208256	0	447202	104496	1015459840	4849999872	15649144190	4848551491
2025-05-20 02:39:55	7	40	8	4	1	0	2810208256	0	447206	104501	1015459840	4849999872	15649146116	4848551597
2025-05-20 02:39:56	7	40	8	4	1	0	2810208256	0	447209	104504	1015459840	4849999872	15649148034	4848551665
2025-05-20 02:39:57	7	40	8	4	1	0	2813026304	0	447215	104506	1015459840	4849999872	15651656697	4848551725
2025-05-20 02:39:58	7	40	8	4	1	0	2813026304	0	447218	104509	1015459840	4849999872	15651658615	4848551793
2025-05-20 02:39:59	7	40	8	4	1	0	2815844352	0	447225	104512	1015459840	4849999872	15654171380	4848551861
2025-05-20 02:40:00	7	40	8	4	1	0	2815844352	0	447230	104515	1015459840	4849999872	15654175209	4848551929
2025-05-20 02:40:01	7	40	8	4	1	0	2815844352	0	447234	104519	1015459840	4849999872	15654177136	4848552005
2025-05-20 02:40:02	7	40	8	4	1	0	2818662400	0	447241	104522	1015459840	4849999872	15656685807	4848552073
2025-05-20 02:40:03	7	40	8	4	1	0	2818662400	0	447245	104527	1015459840	4850003968	15656687734	4848552179
2025-05-20 02:40:05	7	40	8	4	1	0	2818662400	0	447248	104530	1015459840	4850003968	15656689653	4848552247
2025-05-20 02:40:06	7	40	8	4	1	0	2821480448	0	447254	104532	1015459840	4850003968	15659198316	4848552307
2025-05-20 02:40:07	7	40	8	4	1	0	2821480448	0	447258	104536	1015459840	4850003968	15659200243	4848552383
2025-05-20 02:40:08	7	40	8	4	1	0	2821480448	0	447261	104539	1015459840	4850003968	15659202162	4848552451
2025-05-20 02:40:09	7	40	8	4	1	0	2824302592	0	447269	104543	1015459840	4850003968	15661714937	4848552527
2025-05-20 02:40:10	7	40	8	4	1	0	2824302592	0	447272	104546	1015459840	4850003968	15661716856	4848552595
2025-05-20 02:40:11	7	40	8	4	1	0	2824302592	0	447275	104549	1015459840	4850003968	15661718775	4848552663
2025-05-20 02:40:12	7	40	8	4	1	0	2824302592	0	447279	104554	1015459840	4850003968	15661720702	4848552769
2025-05-20 02:40:13	7	40	8	4	1	0	2824302592	0	447283	104558	1015459840	4850003968	15661722629	4848552845
2025-05-20 02:40:14	7	40	8	4	1	0	2824302592	0	447285	104560	1015459840	4850003968	15661724540	4848552905
2025-05-20 02:40:15	7	40	8	4	1	0	2824302592	0	447287	104562	1015459840	4850003968	15661726451	4848552965
2025-05-20 02:40:16	7	40	8	4	1	0	2824302592	0	447290	104565	1015459840	4850003968	15661728370	4848553033
2025-05-20 02:40:17	7	40	8	4	1	0	2827120640	0	447297	104568	1015459840	4850003968	15664237041	4848553101
2025-05-20 02:40:18	7	40	8	4	1	0	2827120640	0	447299	104570	1015459840	4850003968	15664238952	4848553161
2025-05-20 02:40:19	7	40	8	4	1	0	2827120640	0	447304	104573	1015459840	4850003968	15664242782	4848553229
2025-05-20 02:40:20	7	40	8	4	1	0	2827120640	0	447308	104577	1015459840	4850003968	15664244708	4848553305
2025-05-20 02:40:21	7	40	8	4	1	0	2827120640	0	447312	104582	1015459840	4850003968	15664246634	4848553411
2025-05-20 02:40:23	7	40	8	4	1	0	2827120640	0	447314	104584	1015459840	4850003968	15664248545	4848553471
2025-05-20 02:40:24	7	40	8	4	1	0	2827120640	0	447316	104586	1015459840	4850003968	15664250456	4848553531
2025-05-20 02:40:25	7	40	8	4	1	0	2829938688	0	447325	104591	1015459840	4850008064	15666759217	4848553763
2025-05-20 02:40:26	7	40	8	4	1	0	2829938688	0	447328	104594	1015459840	4850008064	15666761136	4848553831
2025-05-20 02:40:27	7	40	8	4	1	0	2829938688	0	447332	104598	1015459840	4850008064	15666763063	4848553907
2025-05-20 02:40:28	7	40	8	4	1	0	2829938688	0	447336	104602	1015459840	4850008064	15666764990	4848553983
2025-05-20 02:40:29	7	40	8	4	1	0	2829938688	0	447339	104605	1015459840	4850008064	15666766909	4848554051
2025-05-20 02:40:30	7	40	8	4	1	0	2829938688	0	447343	104610	1015459840	4850008064	15666768836	4848554157
2025-05-20 02:40:31	7	40	8	4	1	0	2829938688	0	447346	104613	1015459840	4850008064	15666770755	4848554225
2025-05-20 02:40:32	7	40	8	4	1	0	2829938688	0	447350	104617	1015459840	4850008064	15666772682	4848554301
2025-05-20 02:40:33	7	40	8	4	1	0	2832756736	0	447356	104619	1015459840	4850008064	15669285441	4848554361
2025-05-20 02:40:34	7	40	8	4	1	0	2832756736	0	447358	104621	1015459840	4850012160	15669287352	4848554421
2025-05-20 02:40:35	7	40	8	4	1	0	2832756736	0	447363	104626	1015459840	4850012160	15669289288	4848554505
2025-05-20 02:40:36	7	40	8	4	1	0	2835574784	0	447370	104629	1015459840	4850012160	15671797961	4848554573
2025-05-20 02:40:37	7	40	8	4	1	0	2835574784	0	447375	104632	1015459840	4850012160	15671801795	4848554641
2025-05-20 02:40:38	7	40	8	4	1	0	2835574784	0	447379	104637	1015459840	4850012160	15671803725	4848554747
2025-05-20 02:40:40	7	40	8	4	1	0	2838392832	0	447385	104639	1015459840	4850012160	15674312391	4848554807
2025-05-20 02:40:41	7	40	8	4	1	0	2838392832	0	447388	104642	1015459840	4850012160	15674314313	4848554875
2025-05-20 02:40:42	7	40	8	4	1	0	2838392832	0	447391	104645	1015459840	4850012160	15674316236	4848554943
2025-05-20 02:40:43	7	40	8	4	1	0	2841210880	0	447399	104649	1015459840	4850012160	15676829013	4848555019
2025-05-20 02:40:44	7	40	8	4	1	0	2841210880	0	447402	104652	1015459840	4850012160	15676830934	4848555087
2025-05-20 02:40:45	7	40	8	4	1	0	2841210880	0	447405	104655	1015459840	4850012160	15676832857	4848555155
2025-05-20 02:40:46	7	40	8	4	1	0	2844028928	0	447412	104658	1015459840	4850012160	15679341532	4848555223
2025-05-20 02:40:47	7	40	8	4	1	0	2844028928	0	447416	104663	1015459840	4850012160	15679343463	4848555329
2025-05-20 02:40:48	7	40	8	4	1	0	2844028928	0	447420	104667	1015459840	4850012160	15679345394	4848555405
2025-05-20 02:40:49	7	40	8	4	1	0	2846851072	0	447428	104671	1015459840	4850012160	15681854077	4848555481
2025-05-20 02:40:50	7	40	8	4	1	0	2846851072	0	447431	104674	1015459840	4850012160	15681856000	4848555549
2025-05-20 02:40:51	7	40	8	4	1	0	2846851072	0	447435	104678	1015459840	4850012160	15681857931	4848555625
2025-05-20 02:40:52	7	40	8	4	1	0	2849669120	0	447443	104682	1015459840	4850012160	15684370709	4848555701
2025-05-20 02:40:53	7	40	8	4	1	0	2849775616	0	447446	104685	1015459840	4850012160	15684372631	4848555769
2025-05-20 02:40:54	7	40	8	4	1	0	2849775616	0	447449	104688	1015459840	4850012160	15684374554	4848555837
2025-05-20 02:40:55	7	40	8	4	1	0	2852597760	0	447456	104691	1015459840	4850012160	15686883229	4848555905
2025-05-20 02:40:56	7	40	8	4	1	0	2852597760	0	447461	104695	1015459840	4850012160	15686887067	4848556003
2025-05-20 02:40:58	7	40	8	4	1	0	2852597760	0	447464	104698	1015459840	4850012160	15686888990	4848556071
2025-05-20 02:40:59	7	40	8	4	1	0	2855415808	0	447471	104701	1015459840	4850016256	15689397665	4848556139
2025-05-20 02:41:00	7	40	8	4	1	0	2855415808	0	447475	104705	1015459840	4850016256	15689399596	4848556215
2025-05-20 02:41:01	7	40	8	4	1	0	2855415808	0	447479	104709	1015459840	4850016256	15689401527	4848556291
2025-05-20 02:41:02	7	40	8	4	1	0	2858233856	0	447488	104714	1015459840	4850020352	15691914388	4848556523
2025-05-20 02:41:03	7	40	8	4	1	0	2858233856	0	447491	104717	1015459840	4850020352	15691916311	4848556591
2025-05-20 02:41:04	7	40	8	4	1	0	2858233856	0	447493	104719	1015459840	4850020352	15691918226	4848556651
2025-05-20 02:41:05	7	40	8	4	1	0	2861051904	0	447502	104725	1015459840	4850024448	15694426917	4848556765
2025-05-20 02:41:06	7	40	8	4	1	0	2861051904	0	447505	104728	1015459840	4850024448	15694428840	4848556833
2025-05-20 02:41:07	7	40	8	4	1	0	2861051904	0	447507	104730	1015459840	4850024448	15694430755	4848556893
2025-05-20 02:41:08	7	40	8	4	1	0	2863865856	0	447514	104733	1015459840	4850024448	15696943526	4848556961
2025-05-20 02:41:09	7	40	8	4	1	0	2863865856	0	447517	104736	1015459840	4850024448	15696945449	4848557029
2025-05-20 02:41:10	7	40	8	4	1	0	2863865856	0	447521	104740	1015459840	4850024448	15696947380	4848557105
2025-05-20 02:41:11	7	40	8	4	1	0	2866683904	0	447528	104743	1015459840	4850024448	15699456055	4848557173
2025-05-20 02:41:12	7	40	8	4	1	0	2866683904	0	447531	104746	1015459840	4850024448	15699457978	4848557241
2025-05-20 02:41:13	7	40	8	4	1	0	2866683904	0	447535	104750	1015459840	4850024448	15699459908	4848557317
2025-05-20 02:41:14	7	40	8	4	1	0	2869506048	0	447544	104754	1015459840	4850024448	15701970496	4848557415
2025-05-20 02:41:16	7	40	8	4	1	0	2869506048	0	447546	104756	1015459840	4850024448	15701972409	4848557475
2025-05-20 02:41:17	7	40	8	4	1	0	2869506048	0	447548	104758	1015459840	4850024448	15701974323	4848557535
2025-05-20 02:41:18	7	40	8	4	1	0	2872324096	0	447554	104760	1015459840	4850024448	15704487086	4848557595
2025-05-20 02:41:19	7	40	8	4	1	0	2872324096	0	447556	104762	1015459840	4850024448	15704489001	4848557655
2025-05-20 02:41:20	7	40	8	4	1	0	2872324096	0	447559	104765	1015459840	4850024448	15704490924	4848557723
2025-05-20 02:41:21	7	40	8	4	1	0	2875142144	0	447566	104768	1015459840	4850024448	15706999599	4848557791
2025-05-20 02:41:22	7	40	8	4	1	0	2875142144	0	447570	104772	1015459840	4850024448	15707001530	4848557867
2025-05-20 02:41:23	7	40	8	4	1	0	2875142144	0	447573	104776	1015459840	4850024448	15707003453	4848557965
2025-05-20 02:41:24	7	40	8	4	1	0	2877960192	0	447579	104778	1015459840	4850024448	15709512120	4848558025
2025-05-20 02:41:25	7	40	8	4	1	0	2877960192	0	447582	104781	1015459840	4850024448	15709514043	4848558093
2025-05-20 02:41:26	7	40	8	4	1	0	2877960192	0	447585	104784	1015459840	4850024448	15709515966	4848558161
2025-05-20 02:41:27	7	40	8	4	1	0	2880778240	0	447593	104788	1015459840	4850024448	15712028744	4848558237
2025-05-20 02:41:28	7	40	8	4	1	0	2880778240	0	447595	104790	1015459840	4850024448	15712030658	4848558297
2025-05-20 02:41:29	7	40	8	4	1	0	2880778240	0	447598	104793	1015459840	4850024448	15712032581	4848558365
2025-05-20 02:41:30	7	40	8	4	1	0	2883600384	0	447606	104797	1015459840	4850024448	15714541264	4848558441
2025-05-20 02:41:31	7	40	8	4	1	0	2883600384	0	447609	104801	1015459840	4850024448	15714543186	4848558539
2025-05-20 02:41:33	7	40	8	4	1	0	2883600384	0	447614	104804	1015459840	4850024448	15714547023	4848558607
2025-05-20 02:41:34	7	40	8	4	1	0	2886418432	0	447623	104809	1015459840	4850024448	15717055788	4848558839
2025-05-20 02:41:35	7	40	8	4	1	0	2886418432	0	447626	104812	1015459840	4850024448	15717057711	4848558907
2025-05-20 02:41:36	7	40	8	4	1	0	2886418432	0	447628	104814	1015459840	4850028544	15717059626	4848558967
2025-05-20 02:41:37	7	40	8	4	1	0	2889236480	0	447634	104816	1015459840	4850028544	15719572389	4848559027
2025-05-20 02:41:38	7	40	8	4	1	0	2889236480	0	447636	104818	1015459840	4850028544	15719574304	4848559087
2025-05-20 02:41:39	7	40	8	4	1	0	2889236480	0	447639	104821	1015459840	4850028544	15719576227	4848559155
2025-05-20 02:41:40	7	40	8	4	1	0	2892050432	0	447647	104826	1015459840	4850028544	15722084910	4848559261
2025-05-20 02:41:41	7	40	8	4	1	0	2892050432	0	447651	104830	1015459840	4850028544	15722086841	4848559337
2025-05-20 02:41:42	7	40	8	4	1	0	2892050432	0	447654	104833	1015459840	4850028544	15722088764	4848559405
2025-05-20 02:41:43	7	40	8	4	1	0	2894864384	0	447658	104837	1015459840	4850028544	15722090695	4848559481
2025-05-20 02:41:44	7	40	8	4	1	0	2894868480	0	447664	104839	1015459840	4850028544	15724599361	4848559541
2025-05-20 02:41:45	7	40	8	4	1	0	2894868480	0	447667	104842	1015459840	4850028544	15724601283	4848559609
2025-05-20 02:41:46	7	40	8	4	1	0	2894868480	0	447670	104845	1015459840	4850028544	15724603206	4848559677
2025-05-20 02:41:47	7	40	8	4	1	0	2894868480	0	447674	104849	1015459840	4850028544	15724605137	4848559753
2025-05-20 02:41:48	7	40	8	4	1	0	2894868480	0	447677	104852	1015459840	4850028544	15724607060	4848559821
2025-05-20 02:41:49	7	40	8	4	1	0	2894868480	0	447681	104857	1015459840	4850028544	15724608991	4848559927
2025-05-20 02:41:51	7	40	8	4	1	0	2894868480	0	447686	104860	1015459840	4850028544	15724612829	4848559995
2025-05-20 02:41:52	7	40	8	4	1	0	2897690624	0	447692	104862	1015459840	4850028544	15727125592	4848560055
2025-05-20 02:41:53	7	40	8	4	1	0	2897690624	0	447695	104865	1015459840	4850028544	15727127515	4848560123
2025-05-20 02:41:54	7	40	8	4	1	0	2897690624	0	447699	104869	1015459840	4850028544	15727129446	4848560199
2025-05-20 02:41:55	7	40	8	4	1	0	2897690624	0	447702	104872	1015459840	4850028544	15727131369	4848560267
2025-05-20 02:41:56	7	40	8	4	1	0	2897694720	0	447705	104875	1015459840	4850028544	15727133292	4848560335
2025-05-20 02:41:57	7	40	8	4	1	0	2900512768	0	447713	104879	1015459840	4850028544	15729641975	4848560411
2025-05-20 02:41:58	7	40	8	4	1	0	2900512768	0	447716	104883	1015459840	4850028544	15729643898	4848560509
2025-05-20 02:41:59	7	40	8	4	1	0	2900512768	0	447719	104886	1015459840	4850028544	15729645821	4848560577
2025-05-20 02:42:00	7	40	8	4	1	0	2903330816	0	447725	104888	1015459840	4850028544	15732154487	4848560637
2025-05-20 02:42:01	7	40	8	4	1	0	2903330816	0	447729	104892	1015459840	4850028544	15732156417	4848560713
2025-05-20 02:42:02	7	40	8	4	1	0	2903330816	0	447732	104895	1015459840	4850028544	15732158340	4848560781
2025-05-20 02:42:03	7	40	8	4	1	0	2906148864	0	447739	104898	1015459840	4850028544	15734671111	4848560849
2025-05-20 02:42:04	7	40	8	4	1	0	2906148864	0	447741	104900	1015459840	4850028544	15734673025	4848560909
2025-05-20 02:42:05	7	40	8	4	1	0	2906148864	0	447745	104904	1015459840	4850028544	15734674955	4848560985
2025-05-20 02:42:06	7	40	8	4	1	0	2909093888	0	447748	104908	1015459840	4850036736	15734676878	4848561083
2025-05-20 02:42:08	7	40	8	4	1	0	2909097984	0	447754	104910	1015459840	4850036736	15737185545	4848561143
2025-05-20 02:42:09	7	40	8	4	1	0	2909102080	0	447760	104914	1015459840	4850036736	15737189391	4848561219
2025-05-20 02:42:10	7	40	8	4	1	0	2911916032	0	447763	104917	1015459840	4850036736	15737191314	4848561287
2025-05-20 02:42:11	7	40	8	4	1	0	2911928320	0	447770	104920	1015459840	4850036736	15739699989	4848561355
2025-05-20 02:42:12	7	40	8	4	1	0	2911940608	0	447774	104924	1015459840	4850036736	15739701920	4848561431
2025-05-20 02:42:13	7	40	8	4	1	0	2914754560	0	447777	104927	1015459840	4850036736	15739703842	4848561499
2025-05-20 02:42:14	7	40	8	4	1	0	2914758656	0	447786	104932	1015459840	4850040832	15742216701	4848561731
2025-05-20 02:42:15	7	40	8	4	1	0	2914766848	0	447789	104935	1015459840	4850040832	15742218622	4848561799
2025-05-20 02:42:16	7	40	8	4	1	0	2917580800	0	447793	104940	1015459840	4850040832	15742220552	4848561905
2025-05-20 02:42:17	7	40	8	4	1	0	2917597184	0	447800	104943	1015459840	4850040832	15744729227	4848561973
2025-05-20 02:42:18	7	40	8	4	1	0	2917597184	0	447803	104946	1015459840	4850040832	15744731150	4848562041
2025-05-20 02:42:19	7	40	8	4	1	0	2918342656	0	447807	104950	1015459840	4850040832	15744733081	4848562117
2025-05-20 02:42:20	7	40	8	4	1	0	2920443904	0	447814	104953	1015459840	4850040832	15747245852	4848562185
2025-05-20 02:42:21	7	40	8	4	1	0	2920480768	0	447818	104957	1015459840	4850040832	15747247782	4848562261
2025-05-20 02:42:22	7	40	8	4	1	0	2923302912	0	447822	104961	1015459840	4850040832	15747249712	4848562337
2025-05-20 02:42:23	7	40	8	4	1	0	2923311104	0	447829	104964	1015459840	4850040832	15749758387	4848562405
2025-05-20 02:42:24	7	40	8	4	1	0	2923311104	0	447832	104968	1015459840	4850040832	15749760310	4848562503
2025-05-20 02:42:26	7	40	8	4	1	0	2923323392	0	447834	104970	1015459840	4850040832	15749762225	4848562563
2025-05-20 02:42:27	7	40	8	4	1	0	2926178304	0	447843	104973	1015459840	4850040832	15752272814	4848562631
2025-05-20 02:42:28	7	40	8	4	1	0	2926190592	0	447845	104975	1015459840	4850040832	15752274728	4848562691
2025-05-20 02:42:29	7	40	8	4	1	0	2925805568	0	447848	104978	1015459840	4850040832	15752276651	4848562759
2025-05-20 02:42:30	7	40	8	4	1	0	2928623616	0	447855	104981	1015459840	4850040832	15754789422	4848562827
2025-05-20 02:42:31	7	40	8	4	1	0	2928623616	0	447859	104985	1015459840	4850040832	15754791353	4848562903
2025-05-20 02:42:32	7	40	8	4	1	0	2928623616	0	447862	104988	1015459840	4850040832	15754793276	4848562971
2025-05-20 02:42:33	7	40	8	4	1	0	2931441664	0	447868	104991	1015459840	4850040832	15757301943	4848563061
2025-05-20 02:42:34	7	40	8	4	1	0	2931441664	0	447872	104995	1015459840	4850040832	15757303874	4848563137
2025-05-20 02:42:35	7	40	8	4	1	0	2931441664	0	447875	104998	1015459840	4850040832	15757305797	4848563205
2025-05-20 02:42:36	7	40	8	4	1	0	2934259712	0	447881	105000	1015459840	4850040832	15759814464	4848563265
2025-05-20 02:42:37	7	40	8	4	1	0	2934259712	0	447885	105004	1015459840	4850044928	15759816395	4848563341
2025-05-20 02:42:38	7	40	8	4	1	0	2934259712	0	447887	105006	1015459840	4850044928	15759818310	4848563401
2025-05-20 02:42:39	7	40	8	4	1	0	2937077760	0	447896	105011	1015459840	4850044928	15762331097	4848563485
2025-05-20 02:42:40	7	40	8	4	1	0	2937077760	0	447899	105014	1015459840	4850044928	15762333020	4848563553
2025-05-20 02:42:41	7	40	8	4	1	0	2937077760	0	447901	105016	1015459840	4850044928	15762334935	4848563613
2025-05-20 02:42:42	7	40	8	4	1	0	2939895808	0	447908	105020	1015459840	4850044928	15764843610	4848563711
2025-05-20 02:42:44	7	40	8	4	1	0	2939895808	0	447912	105024	1015459840	4850044928	15764845541	4848563787
2025-05-20 02:42:45	7	40	8	4	1	0	2939895808	0	447916	105026	1015459840	4850044928	15764849370	4848563847
2025-05-20 02:42:46	7	40	8	4	1	0	2942717952	0	447925	105031	1015459840	4850044928	15767358134	4848564079
2025-05-20 02:42:47	7	40	8	4	1	0	2942717952	0	447929	105035	1015459840	4850044928	15767360065	4848564155
2025-05-20 02:42:48	7	40	8	4	1	0	2942717952	0	447931	105037	1015459840	4850044928	15767361979	4848564215
2025-05-20 02:42:49	7	40	8	4	1	0	2945531904	0	447937	105039	1015459840	4850044928	15769874741	4848564275
2025-05-20 02:42:50	7	40	8	4	1	0	2945531904	0	447942	105044	1015459840	4850044928	15769876680	4848564359
2025-05-20 02:42:51	7	40	8	4	1	0	2945531904	0	447944	105047	1015459840	4850044928	15769878595	4848564449
2025-05-20 02:42:52	7	40	8	4	1	0	2948349952	0	447951	105050	1015459840	4850044928	15772387270	4848564517
2025-05-20 02:42:53	7	40	8	4	1	0	2948349952	0	447954	105053	1015459840	4850044928	15772389193	4848564585
2025-05-20 02:42:54	7	40	8	4	1	0	2948349952	0	447957	105056	1015459840	4850044928	15772391116	4848564653
2025-05-20 02:42:55	7	40	8	4	1	0	2951168000	0	447963	105058	1015459840	4850044928	15774899783	4848564713
2025-05-20 02:42:56	7	40	8	4	1	0	2951168000	0	447967	105062	1015459840	4850044928	15774901713	4848564789
2025-05-20 02:42:57	7	40	8	4	1	0	2951168000	0	447970	105065	1015459840	4850044928	15774903635	4848564857
2025-05-20 02:42:58	7	40	8	4	1	0	2953986048	0	447977	105068	1015459840	4850044928	15777416406	4848564925
2025-05-20 02:42:59	7	40	8	4	1	0	2953986048	0	447980	105072	1015459840	4850044928	15777418329	4848565023
2025-05-20 02:43:01	7	40	8	4	1	0	2953986048	0	447982	105074	1015459840	4850044928	15777420244	4848565083
2025-05-20 02:43:02	7	40	8	4	1	0	2956808192	0	447989	105077	1015459840	4850044928	15779928918	4848565151
2025-05-20 02:43:03	7	40	8	4	1	0	2956808192	0	447993	105081	1015459840	4850044928	15779930848	4848565227
2025-05-20 02:43:04	7	40	8	4	1	0	2956808192	0	447997	105083	1015459840	4850044928	15779934678	4848565287
2025-05-20 02:43:05	7	40	8	4	1	0	2959626240	0	447999	105085	1015459840	4850044928	15779936593	4848565347
2025-05-20 02:43:06	7	40	8	4	1	0	2959630336	0	448005	105087	1015459840	4850044928	15782445260	4848565407
2025-05-20 02:43:07	7	40	8	4	1	0	2959630336	0	448007	105089	1015459840	4850044928	15782447175	4848565467
2025-05-20 02:43:08	7	40	8	4	1	0	2962444288	0	448009	105091	1015459840	4850049024	15782449090	4848565527
2025-05-20 02:43:09	7	40	8	4	1	0	2962448384	0	448015	105094	1015459840	4850049024	15784961853	4848565617
2025-05-20 02:43:10	7	40	8	4	1	0	2962448384	0	448017	105096	1015459840	4850049024	15784963768	4848565677
2025-05-20 02:43:11	7	40	8	4	1	0	2962448384	0	448019	105098	1015459840	4850049024	15784965683	4848565737
2025-05-20 02:43:12	7	40	8	4	1	0	2965266432	0	448028	105103	1015459840	4850049024	15787474374	4848565821
2025-05-20 02:43:13	7	40	8	4	1	0	2965266432	0	448033	105108	1015459840	4850049024	15787476313	4848565905
2025-05-20 02:43:14	7	40	8	4	1	0	2965266432	0	448036	105111	1015459840	4850049024	15787478236	4848565973
2025-05-20 02:43:15	7	40	8	4	1	0	2968084480	0	448043	105114	1015459840	4850053120	15789991007	4848566041
2025-05-20 02:43:16	7	40	8	4	1	0	2968084480	0	448046	105117	1015459840	4850053120	15789992930	4848566109
2025-05-20 02:43:17	7	40	8	4	1	0	2968084480	0	448049	105121	1015459840	4850053120	15789994853	4848566207
2025-05-20 02:43:19	7	40	8	4	1	0	2970906624	0	448059	105127	1015459840	4850057216	15792503626	4848566447
2025-05-20 02:43:20	7	40	8	4	1	0	2970906624	0	448061	105129	1015459840	4850057216	15792505541	4848566507
2025-05-20 02:43:21	7	40	8	4	1	0	2970906624	0	448063	105131	1015459840	4850057216	15792507456	4848566567
2025-05-20 02:43:22	7	40	8	4	1	0	2973720576	0	448073	105135	1015459840	4850057216	15795018054	4848566643
2025-05-20 02:43:23	7	40	8	4	1	0	2973720576	0	448077	105139	1015459840	4850057216	15795019984	4848566719
2025-05-20 02:43:24	7	40	8	4	1	0	2973720576	0	448080	105142	1015459840	4850057216	15795021906	4848566787
2025-05-20 02:43:25	7	40	8	4	1	0	2976538624	0	448087	105145	1015459840	4850057216	15797534676	4848566855
2025-05-20 02:43:26	7	40	8	4	1	0	2976546816	0	448090	105149	1015459840	4850057216	15797536598	4848566953
2025-05-20 02:43:27	7	40	8	4	1	0	2976546816	0	448093	105152	1015459840	4850057216	15797538521	4848567021
2025-05-20 02:43:28	7	40	8	4	1	0	2979364864	0	448101	105156	1015459840	4850057216	15800047204	4848567097
2025-05-20 02:43:29	7	40	8	4	1	0	2979364864	0	448106	105161	1015459840	4850057216	15800049142	4848567181
2025-05-20 02:43:30	7	40	8	4	1	0	2979364864	0	448109	105164	1015459840	4850057216	15800051064	4848567249
2025-05-20 02:43:31	7	40	8	4	1	0	2982182912	0	448117	105168	1015459840	4850057216	15802559746	4848567325
2025-05-20 02:43:32	7	40	8	4	1	0	2982182912	0	448121	105172	1015459840	4850057216	15802561676	4848567401
2025-05-20 02:43:33	7	40	8	4	1	0	2982182912	0	448124	105175	1015459840	4850057216	15802563599	4848567469
2025-05-20 02:43:34	7	40	8	4	1	0	2984996864	0	448126	105177	1015459840	4850057216	15802565514	4848567529
2025-05-20 02:43:35	7	40	8	4	1	0	2985005056	0	448134	105182	1015459840	4850057216	15805078293	4848567635
2025-05-20 02:43:37	7	40	8	4	1	0	2985005056	0	448136	105184	1015459840	4850057216	15805080208	4848567695
2025-05-20 02:43:38	7	40	8	4	1	0	2985005056	0	448139	105187	1015459840	4850057216	15805082131	4848567763
2025-05-20 02:43:39	7	40	8	4	1	0	2987823104	0	448146	105190	1015459840	4850061312	15807590806	4848567831
2025-05-20 02:43:40	7	40	8	4	1	0	2987823104	0	448151	105193	1015459840	4850061312	15807594644	4848567899
2025-05-20 02:43:41	7	40	8	4	1	0	2987823104	0	448155	105197	1015459840	4850061312	15807596575	4848567975
2025-05-20 02:43:42	7	40	8	4	1	0	2990641152	0	448162	105200	1015459840	4850061312	15810105250	4848568043
2025-05-20 02:43:43	7	40	8	4	1	0	2990641152	0	448166	105204	1015459840	4850061312	15810107181	4848568119
2025-05-20 02:43:44	7	40	8	4	1	0	2990641152	0	448171	105210	1015459840	4850061312	15810109120	4848568233
2025-05-20 02:43:45	7	40	8	4	1	0	2993459200	0	448177	105212	1015459840	4850061312	15812621883	4848568293
2025-05-20 02:43:46	7	40	8	4	1	0	2993463296	0	448179	105214	1015459840	4850061312	15812623798	4848568353
2025-05-20 02:43:47	7	40	8	4	1	0	2993463296	0	448182	105217	1015459840	4850061312	15812625721	4848568421
2025-05-20 02:43:48	7	40	8	4	1	0	2996281344	0	448189	105220	1015459840	4850061312	15815134395	4848568489
2025-05-20 02:43:49	7	40	8	4	1	0	2996281344	0	448192	105223	1015459840	4850061312	15815136317	4848568557
2025-05-20 02:43:50	7	40	8	4	1	0	2996281344	0	448194	105225	1015459840	4850061312	15815138232	4848568617
2025-05-20 02:43:51	7	40	8	4	1	0	2999099392	0	448203	105230	1015459840	4850065408	15817646997	4848568849
2025-05-20 02:43:52	7	40	8	4	1	0	2999099392	0	448206	105234	1015459840	4850065408	15817648920	4848568947
2025-05-20 02:43:54	7	40	8	4	1	0	2999099392	0	448208	105236	1015459840	4850065408	15817650835	4848569007
2025-05-20 02:43:55	7	40	8	4	1	0	3001917440	0	448214	105238	1015459840	4850065408	15820163597	4848569067
2025-05-20 02:43:56	7	40	8	4	1	0	3001917440	0	448217	105241	1015459840	4850065408	15820165519	4848569135
2025-05-20 02:43:57	7	40	8	4	1	0	3001917440	0	448219	105243	1015459840	4850065408	15820167434	4848569195
2025-05-20 02:43:58	7	40	8	4	1	0	3004739584	0	448227	105245	1015459840	4850065408	15822678015	4848569255
2025-05-20 02:43:59	7	40	8	4	1	0	3004739584	0	448230	105248	1015459840	4850065408	15822679937	4848569323
2025-05-20 02:44:00	7	40	8	4	1	0	3004739584	0	448233	105251	1015459840	4850065408	15822681860	4848569391
2025-05-20 02:44:01	7	40	8	4	1	0	3007557632	0	448239	105253	1015459840	4850065408	15825190527	4848569451
2025-05-20 02:44:02	7	40	8	4	1	0	3007557632	0	448242	105257	1015459840	4850065408	15825192450	4848569549
2025-05-20 02:44:03	7	40	8	4	1	0	3007557632	0	448245	105260	1015459840	4850065408	15825194373	4848569617
2025-05-20 02:44:04	7	40	8	4	1	0	3010371584	0	448248	105263	1015459840	4850065408	15825196296	4848569685
2025-05-20 02:44:05	7	40	8	4	1	0	3010375680	0	448255	105266	1015459840	4850065408	15827709067	4848569753
2025-05-20 02:44:06	7	40	8	4	1	0	3010375680	0	448259	105270	1015459840	4850065408	15827710998	4848569829
2025-05-20 02:44:07	7	40	8	4	1	0	3010375680	0	448262	105273	1015459840	4850065408	15827712921	4848569897
2025-05-20 02:44:08	7	40	8	4	1	0	3013193728	0	448268	105275	1015459840	4850065408	15830221588	4848569957
2025-05-20 02:44:09	7	40	8	4	1	0	3013193728	0	448271	105278	1015459840	4850069504	15830223511	4848570025
2025-05-20 02:44:10	7	40	8	4	1	0	3013193728	0	448274	105282	1015459840	4850069504	15830225434	4848570123
2025-05-20 02:44:12	7	40	8	4	1	0	3016015872	0	448281	105285	1015459840	4850069504	15832738205	4848570191
2025-05-20 02:44:13	7	40	8	4	1	0	3016015872	0	448284	105288	1015459840	4850069504	15832740128	4848570259
2025-05-20 02:44:14	7	40	8	4	1	0	3016015872	0	448288	105292	1015459840	4850069504	15832742059	4848570335
2025-05-20 02:44:15	7	40	8	4	1	0	3018833920	0	448294	105294	1015459840	4850069504	15835250725	4848570395
2025-05-20 02:44:16	7	40	8	4	1	0	3018833920	0	448298	105296	1015459840	4850069504	15835254554	4848570455
2025-05-20 02:44:17	7	40	8	4	1	0	3018833920	0	448300	105298	1015459840	4850069504	15835256469	4848570515
2025-05-20 02:44:18	7	40	8	4	1	0	3021651968	0	448307	105301	1015459840	4850069504	15837765144	4848570583
2025-05-20 02:44:19	7	40	8	4	1	0	3021651968	0	448311	105306	1015459840	4850069504	15837767075	4848570689
2025-05-20 02:44:20	7	40	8	4	1	0	3021651968	0	448313	105308	1015459840	4850069504	15837768990	4848570749
2025-05-20 02:44:21	7	40	8	4	1	0	3024465920	0	448316	105311	1015459840	4850069504	15837770912	4848570817
2025-05-20 02:44:22	7	40	8	4	1	0	3024470016	0	448322	105313	1015459840	4850069504	15840283674	4848570877
2025-05-20 02:44:23	7	40	8	4	1	0	3024470016	0	448325	105316	1015459840	4850073600	15840285597	4848570945
2025-05-20 02:44:24	7	40	8	4	1	0	3024470016	0	448329	105320	1015459840	4850073600	15840287528	4848571021
2025-05-20 02:44:25	7	40	8	4	1	0	3027283968	0	448337	105324	1015459840	4850077696	15842796285	4848571245
2025-05-20 02:44:26	7	40	8	4	1	0	3027283968	0	448341	105328	1015459840	4850077696	15842798216	4848571321
2025-05-20 02:44:27	7	40	8	4	1	0	3027283968	0	448344	105331	1015459840	4850077696	15842800139	4848571389
2025-05-20 02:44:28	7	40	8	4	1	0	3030106112	0	448350	105334	1015459840	4850077696	15845308806	4848571479
2025-05-20 02:44:30	7	40	8	4	1	0	3030106112	0	448353	105337	1015459840	4850077696	15845310729	4848571547
2025-05-20 02:44:31	7	40	8	4	1	0	3030106112	0	448357	105341	1015459840	4850077696	15845312660	4848571623
2025-05-20 02:44:32	7	40	8	4	1	0	3032924160	0	448365	105345	1015459840	4850077696	15847825439	4848571699
2025-05-20 02:44:33	7	40	8	4	1	0	3032924160	0	448368	105348	1015459840	4850077696	15847827362	4848571767
2025-05-20 02:44:34	7	40	8	4	1	0	3032924160	0	448372	105352	1015459840	4850077696	15847829293	4848571843
2025-05-20 02:44:35	7	40	8	4	1	0	3035742208	0	448381	105355	1015459840	4850077696	15850339883	4848571911
2025-05-20 02:44:36	7	40	8	4	1	0	3035746304	0	448384	105358	1015459840	4850077696	15850341806	4848571979
2025-05-20 02:44:37	7	40	8	4	1	0	3035746304	0	448388	105363	1015459840	4850077696	15850343737	4848572085
2025-05-20 02:44:38	7	40	8	4	1	0	3038588928	0	448395	105366	1015459840	4850077696	15852852412	4848572153
2025-05-20 02:44:39	7	40	8	4	1	0	3038588928	0	448399	105370	1015459840	4850077696	15852854343	4848572229
2025-05-20 02:44:40	7	40	8	4	1	0	3038588928	0	448402	105373	1015459840	4850081792	15852856266	4848572297
2025-05-20 02:44:41	7	40	8	4	1	0	3038597120	0	448405	105376	1015459840	4850081792	15852858189	4848572365
2025-05-20 02:44:42	7	40	8	4	1	0	3041431552	0	448413	105380	1015459840	4850081792	15855370968	4848572441
2025-05-20 02:44:43	7	40	8	4	1	0	3041464320	0	448416	105383	1015459840	4850081792	15855372891	4848572509
2025-05-20 02:44:44	7	40	8	4	1	0	3041464320	0	448419	105386	1015459840	4850081792	15855374814	4848572577
2025-05-20 02:44:45	7	40	8	4	1	0	3044290560	0	448427	105391	1015459840	4850081792	15857883497	4848572683
2025-05-20 02:44:47	7	40	8	4	1	0	3044290560	0	448429	105393	1015459840	4850081792	15857885412	4848572743
2025-05-20 02:44:48	7	40	8	4	1	0	3044302848	0	448432	105396	1015459840	4850081792	15857887335	4848572811
2025-05-20 02:44:49	7	40	8	4	1	0	3047141376	0	448438	105398	1015459840	4850081792	15860396002	4848572871
2025-05-20 02:44:50	7	40	8	4	1	0	3047149568	0	448440	105400	1015459840	4850081792	15860397917	4848572931
2025-05-20 02:44:51	7	40	8	4	1	0	3047157760	0	448442	105402	1015459840	4850081792	15860399832	4848572991
2025-05-20 02:44:52	7	40	8	4	1	0	3049988096	0	448448	105404	1015459840	4850081792	15862912595	4848573051
2025-05-20 02:44:53	7	40	8	4	1	0	3050012672	0	448452	105406	1015459840	4850081792	15862916425	4848573111
2025-05-20 02:44:54	7	40	8	4	1	0	3050016768	0	448455	105410	1015459840	4850081792	15862918348	4848573209
2025-05-20 02:44:55	7	40	8	4	1	0	3052834816	0	448461	105412	1015459840	4850081792	15865427015	4848573269
2025-05-20 02:44:56	7	40	8	4	1	0	3052838912	0	448463	105414	1015459840	4850081792	15865428930	4848573329
2025-05-20 02:44:57	7	40	8	4	1	0	3052838912	0	448466	105417	1015459840	4850081792	15865430853	4848573397
2025-05-20 02:44:58	7	40	8	4	1	0	3055665152	0	448475	105422	1015459840	4850085888	15867939618	4848573629
2025-05-20 02:44:59	7	40	8	4	1	0	3055665152	0	448477	105424	1015459840	4850085888	15867941532	4848573689
2025-05-20 02:45:00	7	40	8	4	1	0	3055665152	0	448480	105427	1015459840	4850085888	15867943454	4848573757
2025-05-20 02:45:01	7	40	8	4	1	0	3058479104	0	448482	105429	1015459840	4850085888	15867945369	4848573817
2025-05-20 02:45:02	7	40	8	4	1	0	3058487296	0	448488	105431	1015459840	4850085888	15870458132	4848573877
2025-05-20 02:45:03	7	40	8	4	1	0	3058487296	0	448490	105434	1015459840	4850085888	15870460047	4848573967
2025-05-20 02:45:05	7	40	8	4	1	0	3058487296	0	448493	105437	1015459840	4850085888	15870461970	4848574035
2025-05-20 02:45:06	7	40	8	4	1	0	3061305344	0	448499	105439	1015459840	4850085888	15872970637	4848574095
2025-05-20 02:45:07	7	40	8	4	1	0	3061305344	0	448503	105443	1015459840	4850085888	15872972567	4848574171
2025-05-20 02:45:08	7	40	8	4	1	0	3061305344	0	448505	105445	1015459840	4850085888	15872974481	4848574231
2025-05-20 02:45:09	7	40	8	4	1	0	3064123392	0	448512	105448	1015459840	4850085888	15875483156	4848574299
2025-05-20 02:45:10	7	40	8	4	1	0	3064123392	0	448515	105451	1015459840	4850085888	15875485079	4848574367
2025-05-20 02:45:11	7	40	8	4	1	0	3064123392	0	448520	105454	1015459840	4850089984	15875488917	4848574435
2025-05-20 02:45:12	7	40	8	4	1	0	3066941440	0	448526	105457	1015459840	4850089984	15878001680	4848574525
2025-05-20 02:45:13	7	40	8	4	1	0	3066941440	0	448528	105459	1015459840	4850089984	15878003595	4848574585
2025-05-20 02:45:14	7	40	8	4	1	0	3066941440	0	448530	105461	1015459840	4850089984	15878005510	4848574645
2025-05-20 02:45:15	7	40	8	4	1	0	3069759488	0	448536	105463	1015459840	4850089984	15880514177	4848574705
2025-05-20 02:45:16	7	40	8	4	1	0	3069759488	0	448538	105465	1015459840	4850089984	15880516092	4848574765
2025-05-20 02:45:17	7	40	8	4	1	0	3069759488	0	448541	105468	1015459840	4850089984	15880518015	4848574833
2025-05-20 02:45:18	7	40	8	4	1	0	3072577536	0	448548	105471	1015459840	4850089984	15883030786	4848574901
2025-05-20 02:45:19	7	40	8	4	1	0	3072577536	0	448551	105474	1015459840	4850089984	15883032709	4848574969
2025-05-20 02:45:20	7	40	8	4	1	0	3072577536	0	448556	105480	1015459840	4850089984	15883034648	4848575083
2025-05-20 02:45:22	7	40	8	4	1	0	3075399680	0	448563	105483	1015459840	4850089984	15885543323	4848575151
2025-05-20 02:45:23	7	40	8	4	1	0	3075399680	0	448565	105485	1015459840	4850089984	15885545238	4848575211
2025-05-20 02:45:24	7	40	8	4	1	0	3075399680	0	448568	105488	1015459840	4850089984	15885547161	4848575279
2025-05-20 02:45:25	7	40	8	4	1	0	3078217728	0	448576	105492	1015459840	4850089984	15888055844	4848575355
2025-05-20 02:45:26	7	40	8	4	1	0	3078217728	0	448579	105495	1015459840	4850089984	15888057767	4848575423
2025-05-20 02:45:27	7	40	8	4	1	0	3078217728	0	448583	105499	1015459840	4850089984	15888059698	4848575499
2025-05-20 02:45:28	7	40	8	4	1	0	3078217728	0	448586	105502	1015459840	4850089984	15888061621	4848575567
2025-05-20 02:45:29	7	40	8	4	1	0	3081031680	0	448594	105507	1015459840	4850089984	15890574399	4848575673
2025-05-20 02:45:30	7	40	8	4	1	0	3081031680	0	448598	105509	1015459840	4850089984	15890578226	4848575733
2025-05-20 02:45:31	7	40	8	4	1	0	3081031680	0	448602	105513	1015459840	4850094080	15890580156	4848575809
2025-05-20 02:45:32	7	40	8	4	1	0	3083849728	0	448611	105518	1015459840	4850098176	15893088920	4848576041
2025-05-20 02:45:33	7	40	8	4	1	0	3083849728	0	448615	105522	1015459840	4850098176	15893090851	4848576117
2025-05-20 02:45:34	7	40	8	4	1	0	3083849728	0	448619	105526	1015459840	4850098176	15893092780	4848576193
2025-05-20 02:45:35	7	40	8	4	1	0	3086667776	0	448626	105529	1015459840	4850098176	15895601453	4848576261
2025-05-20 02:45:36	7	40	8	4	1	0	3086667776	0	448630	105533	1015459840	4850098176	15895603384	4848576337
2025-05-20 02:45:37	7	40	8	4	1	0	3086483456	0	448633	105536	1015459840	4850098176	15895605307	4848576405
2025-05-20 02:45:38	7	40	8	4	1	0	3089305600	0	448640	105540	1015459840	4850098176	15898118077	4848576503
2025-05-20 02:45:40	7	40	8	4	1	0	3089305600	0	448643	105543	1015459840	4850098176	15898119999	4848576571
2025-05-20 02:45:41	7	40	8	4	1	0	3089305600	0	448646	105546	1015459840	4850098176	15898121922	4848576639
2025-05-20 02:45:42	7	40	8	4	1	0	3092123648	0	448653	105549	1015459840	4850102272	15900630597	4848576707
2025-05-20 02:45:43	7	40	8	4	1	0	3092123648	0	448657	105553	1015459840	4850102272	15900632528	4848576783
2025-05-20 02:45:44	7	40	8	4	1	0	3092123648	0	448659	105555	1015459840	4850102272	15900634443	4848576843
2025-05-20 02:45:45	7	40	8	4	1	0	3094937600	0	448662	105558	1015459840	4850102272	15900636366	4848576911
2025-05-20 02:45:46	7	40	8	4	1	0	3094941696	0	448669	105561	1015459840	4850102272	15903145041	4848576979
2025-05-20 02:45:47	7	40	8	4	1	0	3094941696	0	448673	105566	1015459840	4850102272	15903146971	4848577085
2025-05-20 02:45:48	7	40	8	4	1	0	3094941696	0	448678	105569	1015459840	4850102272	15903150808	4848577153
2025-05-20 02:45:49	7	40	8	4	1	0	3097759744	0	448685	105572	1015459840	4850102272	15905663579	4848577221
2025-05-20 02:45:50	7	40	8	4	1	0	3097759744	0	448688	105575	1015459840	4850102272	15905665502	4848577289
2025-05-20 02:45:51	7	40	8	4	1	0	3097759744	0	448691	105578	1015459840	4850102272	15905667425	4848577357
2025-05-20 02:45:52	7	40	8	4	1	0	3100577792	0	448698	105581	1015459840	4850102272	15908176100	4848577425
2025-05-20 02:45:53	7	40	8	4	1	0	3100577792	0	448701	105584	1015459840	4850102272	15908178023	4848577493
2025-05-20 02:45:54	7	40	8	4	1	0	3100577792	0	448704	105587	1015459840	4850102272	15908179946	4848577561
2025-05-20 02:45:55	7	40	8	4	1	0	3103399936	0	448711	105591	1015459840	4850102272	15910688621	4848577659
2025-05-20 02:45:57	7	40	8	4	1	0	3103399936	0	448713	105593	1015459840	4850102272	15910690536	4848577719
2025-05-20 02:45:58	7	40	8	4	1	0	3103399936	0	448716	105596	1015459840	4850102272	15910692459	4848577787
2025-05-20 02:45:59	7	40	8	4	1	0	3106213888	0	448723	105599	1015459840	4850102272	15913205230	4848577855
2025-05-20 02:46:00	7	40	8	4	1	0	3106213888	0	448726	105602	1015459840	4850102272	15913207153	4848577923
2025-05-20 02:46:01	7	40	8	4	1	0	3106213888	0	448728	105604	1015459840	4850102272	15913209068	4848577983
2025-05-20 02:46:02	7	40	8	4	1	0	3106213888	0	448732	105608	1015459840	4850102272	15913210999	4848578059
2025-05-20 02:46:03	7	40	8	4	1	0	3109027840	0	448734	105610	1015459840	4850102272	15913212914	4848578119
2025-05-20 02:46:04	7	40	8	4	1	0	3109031936	0	448740	105612	1015459840	4850102272	15915721581	4848578179
2025-05-20 02:46:05	7	40	8	4	1	0	3109031936	0	448743	105616	1015459840	4850102272	15915723504	4848578277
2025-05-20 02:46:06	7	40	8	4	1	0	3109031936	0	448748	105619	1015459840	4850102272	15915727342	4848578345
2025-05-20 02:46:07	7	40	8	4	1	0	3111849984	0	448757	105624	1015459840	4850106368	15918236107	4848578577
2025-05-20 02:46:08	7	40	8	4	1	0	3111849984	0	448761	105628	1015459840	4850106368	15918238038	4848578653
2025-05-20 02:46:09	7	40	8	4	1	0	3111849984	0	448763	105630	1015459840	4850106368	15918239953	4848578713
2025-05-20 02:46:10	7	40	8	4	1	0	3114668032	0	448771	105634	1015459840	4850106368	15920752731	4848578789
2025-05-20 02:46:11	7	40	8	4	1	0	3114668032	0	448774	105637	1015459840	4850106368	15920754653	4848578857
2025-05-20 02:46:12	7	40	8	4	1	0	3114668032	0	448777	105640	1015459840	4850110464	15920756576	4848578925
2025-05-20 02:46:13	7	40	8	4	1	0	3117490176	0	448784	105644	1015459840	4850110464	15923265251	4848579023
2025-05-20 02:46:15	7	40	8	4	1	0	3117490176	0	448788	105648	1015459840	4850110464	15923267182	4848579099
2025-05-20 02:46:16	7	40	8	4	1	0	3117490176	0	448791	105651	1015459840	4850110464	15923269105	4848579167
2025-05-20 02:46:17	7	40	8	4	1	0	3120308224	0	448797	105653	1015459840	4850110464	15925781868	4848579227
2025-05-20 02:46:18	7	40	8	4	1	0	3120308224	0	448799	105655	1015459840	4850110464	15925783783	4848579287
2025-05-20 02:46:19	7	40	8	4	1	0	3120312320	0	448801	105657	1015459840	4850110464	15925785698	4848579347
2025-05-20 02:46:20	7	40	8	4	1	0	3123126272	0	448803	105659	1015459840	4850110464	15925787613	4848579407
2025-05-20 02:46:21	7	40	8	4	1	0	3123130368	0	448810	105662	1015459840	4850110464	15928296288	4848579475
2025-05-20 02:46:22	7	40	8	4	1	0	3123130368	0	448814	105667	1015459840	4850110464	15928298219	4848579581
2025-05-20 02:46:23	7	40	8	4	1	0	3123130368	0	448817	105670	1015459840	4850110464	15928300142	4848579649
2025-05-20 02:46:24	7	40	8	4	1	0	3125948416	0	448826	105673	1015459840	4850110464	15930810732	4848579717
2025-05-20 02:46:25	7	40	8	4	1	0	3125948416	0	448829	105676	1015459840	4850110464	15930812655	4848579785
2025-05-20 02:46:26	7	40	8	4	1	0	3125952512	0	448831	105678	1015459840	4850110464	15930814570	4848579845
2025-05-20 02:46:27	7	40	8	4	1	0	3128770560	0	448837	105680	1015459840	4850110464	15933327333	4848579905
2025-05-20 02:46:28	7	40	8	4	1	0	3128770560	0	448839	105682	1015459840	4850110464	15933329248	4848579965
2025-05-20 02:46:29	7	40	8	4	1	0	3128770560	0	448841	105684	1015459840	4850110464	15933331163	4848580025
2025-05-20 02:46:30	7	40	8	4	1	0	3131592704	0	448849	105689	1015459840	4850110464	15935839845	4848580131
2025-05-20 02:46:32	7	40	8	4	1	0	3131592704	0	448853	105693	1015459840	4850110464	15935841775	4848580207
2025-05-20 02:46:33	7	40	8	4	1	0	3131592704	0	448856	105696	1015459840	4850110464	15935843698	4848580275
2025-05-20 02:46:34	7	40	8	4	1	0	3134406656	0	448862	105698	1015459840	4850110464	15938352365	4848580335
2025-05-20 02:46:35	7	40	8	4	1	0	3134406656	0	448865	105701	1015459840	4850110464	15938354288	4848580403
2025-05-20 02:46:36	7	40	8	4	1	0	3134406656	0	448868	105704	1015459840	4850110464	15938356211	4848580471
2025-05-20 02:46:37	7	40	8	4	1	0	3137220608	0	448870	105706	1015459840	4850110464	15938358126	4848580531
2025-05-20 02:46:38	7	40	8	4	1	0	3137224704	0	448878	105710	1015459840	4850110464	15940870904	4848580607
2025-05-20 02:46:39	7	40	8	4	1	0	3137224704	0	448881	105714	1015459840	4850114560	15940872826	4848580705
2025-05-20 02:46:40	7	40	8	4	1	0	3137224704	0	448884	105717	1015459840	4850114560	15940874749	4848580773
2025-05-20 02:46:41	7	40	8	4	1	0	3140042752	0	448894	105723	1015459840	4850114560	15943383522	4848581013
2025-05-20 02:46:42	7	40	8	4	1	0	3140042752	0	448899	105726	1015459840	4850118656	15943387359	4848581081
2025-05-20 02:46:43	7	40	8	4	1	0	3140042752	0	448902	105729	1015459840	4850118656	15943389281	4848581149
2025-05-20 02:46:44	7	40	8	4	1	0	3142860800	0	448909	105732	1015459840	4850118656	15945897956	4848581217
2025-05-20 02:46:45	7	40	8	4	1	0	3142860800	0	448913	105736	1015459840	4850118656	15945899887	4848581293
2025-05-20 02:46:46	7	40	8	4	1	0	3142860800	0	448915	105738	1015459840	4850118656	15945901802	4848581353
2025-05-20 02:46:47	7	40	8	4	1	0	3145678848	0	448922	105741	1015459840	4850118656	15948414573	4848581421
2025-05-20 02:46:48	7	40	8	4	1	0	3145678848	0	448926	105746	1015459840	4850118656	15948416503	4848581527
2025-05-20 02:46:50	7	40	8	4	1	0	3145678848	0	448929	105749	1015459840	4850118656	15948418424	4848581595
2025-05-20 02:46:51	7	40	8	4	1	0	3148492800	0	448932	105752	1015459840	4850118656	15948420346	4848581663
2025-05-20 02:46:52	7	40	8	4	1	0	3148500992	0	448938	105754	1015459840	4850118656	15950929013	4848581723
2025-05-20 02:46:53	7	40	8	4	1	0	3148500992	0	448941	105757	1015459840	4850118656	15950930936	4848581791
2025-05-20 02:46:54	7	40	8	4	1	0	3148500992	0	448944	105760	1015459840	4850118656	15950932859	4848581859
2025-05-20 02:46:55	7	40	8	4	1	0	3151319040	0	448951	105763	1015459840	4850118656	15953441534	4848581927
2025-05-20 02:46:56	7	40	8	4	1	0	3151319040	0	448954	105766	1015459840	4850118656	15953443457	4848581995
2025-05-20 02:46:57	7	40	8	4	1	0	3151319040	0	448956	105769	1015459840	4850118656	15953445371	4848582085
2025-05-20 02:46:58	7	40	8	4	1	0	3154137088	0	448963	105772	1015459840	4850118656	15955958141	4848582153
2025-05-20 02:46:59	7	40	8	4	1	0	3154137088	0	448965	105774	1015459840	4850118656	15955960056	4848582213
2025-05-20 02:47:00	7	40	8	4	1	0	3154137088	0	448970	105777	1015459840	4850118656	15955963892	4848582281
2025-05-20 02:47:01	7	40	8	4	1	0	3156955136	0	448977	105780	1015459840	4850118656	15958472567	4848582349
2025-05-20 02:47:02	7	40	8	4	1	0	3156955136	0	448979	105782	1015459840	4850118656	15958474482	4848582409
2025-05-20 02:47:03	7	40	8	4	1	0	3156955136	0	448981	105784	1015459840	4850118656	15958476397	4848582469
2025-05-20 02:47:04	7	40	8	4	1	0	3159773184	0	448989	105788	1015459840	4850118656	15960985080	4848582545
2025-05-20 02:47:05	7	40	8	4	1	0	3159773184	0	448992	105792	1015459840	4850118656	15960987003	4848582643
2025-05-20 02:47:07	7	40	8	4	1	0	3159773184	0	448994	105794	1015459840	4850118656	15960988918	4848582703
2025-05-20 02:47:08	7	40	8	4	1	0	3162583040	0	448997	105797	1015459840	4850118656	15960990841	4848582771
2025-05-20 02:47:09	7	40	8	4	1	0	3162591232	0	449004	105800	1015459840	4850118656	15963503612	4848582839
2025-05-20 02:47:10	7	40	8	4	1	0	3162591232	0	449007	105803	1015459840	4850118656	15963505535	4848582907
2025-05-20 02:47:11	7	40	8	4	1	0	3162591232	0	449009	105805	1015459840	4850118656	15963507450	4848582967
2025-05-20 02:47:12	7	40	8	4	1	0	3165409280	0	449016	105808	1015459840	4850118656	15966016125	4848583035
2025-05-20 02:47:13	7	40	8	4	1	0	3165560832	0	449018	105810	1015459840	4850122752	15966018040	4848583095
2025-05-20 02:47:14	7	40	8	4	1	0	3165564928	0	449021	105814	1015459840	4850122752	15966019963	4848583193
2025-05-20 02:47:15	7	40	8	4	1	0	3168382976	0	449029	105818	1015459840	4850126848	15968528720	4848583417
2025-05-20 02:47:16	7	40	8	4	1	0	3168382976	0	449032	105821	1015459840	4850126848	15968530643	4848583485
2025-05-20 02:47:17	7	40	8	4	1	0	3168382976	0	449035	105824	1015459840	4850126848	15968532566	4848583553
2025-05-20 02:47:18	7	40	8	4	1	0	3171201024	0	449044	105827	1015459840	4850126848	15971047248	4848583621
2025-05-20 02:47:19	7	40	8	4	1	0	3171201024	0	449046	105829	1015459840	4850126848	15971049162	4848583681
2025-05-20 02:47:20	7	40	8	4	1	0	3171201024	0	449049	105832	1015459840	4850126848	15971051084	4848583749
2025-05-20 02:47:21	7	40	8	4	1	0	3174014976	0	449053	105836	1015459840	4850126848	15971053015	4848583825
2025-05-20 02:47:22	7	40	8	4	1	0	3174019072	0	449061	105840	1015459840	4850126848	15973561698	4848583901
2025-05-20 02:47:23	7	40	8	4	1	0	3174019072	0	449063	105843	1015459840	4850126848	15973563613	4848583991
2025-05-20 02:47:25	7	40	8	4	1	0	3174019072	0	449066	105846	1015459840	4850126848	15973565536	4848584059
2025-05-20 02:47:26	7	40	8	4	1	0	3176841216	0	449074	105850	1015459840	4850126848	15976078315	4848584135
2025-05-20 02:47:27	7	40	8	4	1	0	3176841216	0	449076	105852	1015459840	4850126848	15976080230	4848584195
2025-05-20 02:47:28	7	40	8	4	1	0	3176841216	0	449079	105855	1015459840	4850126848	15976082153	4848584263
2025-05-20 02:47:29	7	40	8	4	1	0	3179659264	0	449085	105857	1015459840	4850126848	15978590820	4848584323
2025-05-20 02:47:30	7	40	8	4	1	0	3179659264	0	449088	105860	1015459840	4850126848	15978592743	4848584391
2025-05-20 02:47:31	7	40	8	4	1	0	3179659264	0	449092	105865	1015459840	4850126848	15978594674	4848584497
2025-05-20 02:47:32	7	40	8	4	1	0	3182473216	0	449096	105869	1015459840	4850126848	15978596605	4848584573
2025-05-20 02:47:33	7	40	8	4	1	0	3182477312	0	449104	105873	1015459840	4850126848	15981105288	4848584649
2025-05-20 02:47:34	7	40	8	4	1	0	3182477312	0	449109	105878	1015459840	4850126848	15981107227	4848584733
2025-05-20 02:47:35	7	40	8	4	1	0	3182477312	0	449113	105880	1015459840	4850126848	15981111057	4848584793
2025-05-20 02:47:36	7	40	8	4	1	0	3185295360	0	449120	105883	1015459840	4850126848	15983623828	4848584861
2025-05-20 02:47:37	7	40	8	4	1	0	3185295360	0	449124	105887	1015459840	4850126848	15983625759	4848584937
2025-05-20 02:47:38	7	40	8	4	1	0	3185295360	0	449127	105890	1015459840	4850126848	15983627682	4848585005
2025-05-20 02:47:39	7	40	8	4	1	0	3188109312	0	449137	105897	1015459840	4850126848	15986136380	4848585127
2025-05-20 02:47:41	7	40	8	4	1	0	3188109312	0	449140	105900	1015459840	4850126848	15986138302	4848585195
2025-05-20 02:47:42	7	40	8	4	1	0	3188109312	0	449145	105905	1015459840	4850126848	15986140241	4848585279
2025-05-20 02:47:43	7	40	8	4	1	0	3190931456	0	449152	105908	1015459840	4850126848	15988648916	4848585347
2025-05-20 02:47:44	7	40	8	4	1	0	3190931456	0	449156	105912	1015459840	4850130944	15988650847	4848585423
2025-05-20 02:47:45	7	40	8	4	1	0	3190931456	0	449159	105915	1015459840	4850130944	15988652770	4848585491
2025-05-20 02:47:46	7	40	8	4	1	0	3193745408	0	449162	105918	1015459840	4850130944	15988654693	4848585559
2025-05-20 02:47:47	7	40	8	4	1	0	3193749504	0	449168	105920	1015459840	4850130944	15991167456	4848585619
2025-05-20 02:47:48	7	40	8	4	1	0	3193749504	0	449172	105924	1015459840	4850135040	15991169387	4848585695
2025-05-20 02:47:49	7	40	8	4	1	0	3193749504	0	449176	105929	1015459840	4850135040	15991171318	4848585801
2025-05-20 02:47:50	7	40	8	4	1	0	3196567552	0	449185	105934	1015459840	4850139136	15993680083	4848586033
2025-05-20 02:47:51	7	40	8	4	1	0	3196567552	0	449187	105936	1015459840	4850139136	15993681998	4848586093
2025-05-20 02:47:52	7	40	8	4	1	0	3196567552	0	449189	105938	1015459840	4850139136	15993683913	4848586153
2025-05-20 02:47:53	7	40	8	4	1	0	3199385600	0	449198	105941	1015459840	4850139136	15996194503	4848586221
2025-05-20 02:47:54	7	40	8	4	1	0	3199385600	0	449201	105944	1015459840	4850139136	15996196425	4848586289
2025-05-20 02:47:55	7	40	8	4	1	0	3199385600	0	449203	105946	1015459840	4850139136	15996198339	4848586349
2025-05-20 02:47:56	7	40	8	4	1	0	3202203648	0	449210	105949	1015459840	4850139136	15998711110	4848586417
2025-05-20 02:47:57	7	40	8	4	1	0	3202203648	0	449215	105955	1015459840	4850139136	15998713049	4848586531
2025-05-20 02:47:59	7	40	8	4	1	0	3202207744	0	449219	105959	1015459840	4850139136	15998714980	4848586607
2025-05-20 02:48:00	7	40	8	4	1	0	3205021696	0	449224	105964	1015459840	4850139136	15998716919	4848586691
2025-05-20 02:48:01	7	40	8	4	1	0	3205029888	0	449232	105968	1015459840	4850139136	16001225602	4848586767
2025-05-20 02:48:02	7	40	8	4	1	0	3205029888	0	449236	105972	1015459840	4850139136	16001227533	4848586843
2025-05-20 02:48:03	7	40	8	4	1	0	3205054464	0	449238	105974	1015459840	4850139136	16001229448	4848586903
2025-05-20 02:48:04	7	40	8	4	1	0	3207888896	0	449246	105978	1015459840	4850139136	16003738131	4848586979
2025-05-20 02:48:05	7	40	8	4	1	0	3207897088	0	449249	105981	1015459840	4850139136	16003740054	4848587047
2025-05-20 02:48:06	7	40	8	4	1	0	3207897088	0	449251	105984	1015459840	4850139136	16003741968	4848587137
2025-05-20 02:48:07	7	40	8	4	1	0	3210719232	0	449254	105987	1015459840	4850139136	16003743890	4848587205
2025-05-20 02:48:08	7	40	8	4	1	0	3210727424	0	449262	105991	1015459840	4850139136	16006256668	4848587281
2025-05-20 02:48:09	7	40	8	4	1	0	3210731520	0	449264	105993	1015459840	4850139136	16006258582	4848587341
2025-05-20 02:48:10	7	40	8	4	1	0	3210731520	0	449266	105995	1015459840	4850139136	16006260497	4848587401
2025-05-20 02:48:11	7	40	8	4	1	0	3213549568	0	449276	105999	1015459840	4850139136	16008771095	4848587477
2025-05-20 02:48:12	7	40	8	4	1	0	3213549568	0	449279	106002	1015459840	4850139136	16008773018	4848587545
2025-05-20 02:48:13	7	40	8	4	1	0	3213549568	0	449282	106005	1015459840	4850139136	16008774941	4848587613
2025-05-20 02:48:14	7	40	8	4	1	0	3216363520	0	449288	106008	1015459840	4850143232	16011283608	4848587703
2025-05-20 02:48:16	7	40	8	4	1	0	3216363520	0	449292	106012	1015459840	4850143232	16011285539	4848587779
2025-05-20 02:48:17	7	40	8	4	1	0	3216363520	0	449295	106015	1015459840	4850143232	16011287462	4848587847
2025-05-20 02:48:18	7	40	8	4	1	0	3219181568	0	449301	106017	1015459840	4850143232	16013800224	4848587907
2025-05-20 02:48:19	7	40	8	4	1	0	3219181568	0	449303	106019	1015459840	4850143232	16013802138	4848587967
2025-05-20 02:48:20	7	40	8	4	1	0	3219181568	0	449305	106021	1015459840	4850143232	16013804053	4848588027
2025-05-20 02:48:21	7	40	8	4	1	0	3219181568	0	449307	106023	1015459840	4850143232	16013805967	4848588087
2025-05-20 02:48:22	7	40	8	4	1	0	3222003712	0	449315	106027	1015459840	4850143232	16016314649	4848588163
2025-05-20 02:48:23	7	40	8	4	1	0	3222003712	0	449320	106033	1015459840	4850143232	16016316588	4848588277
2025-05-20 02:48:24	7	40	8	4	1	0	3222003712	0	449323	106036	1015459840	4850143232	16016318510	4848588345
2025-05-20 02:48:25	7	40	8	4	1	0	3224821760	0	449332	106041	1015459840	4850147328	16018831369	4848588577
2025-05-20 02:48:26	7	40	8	4	1	0	3224821760	0	449336	106045	1015459840	4850147328	16018833299	4848588653
2025-05-20 02:48:27	7	40	8	4	1	0	3224821760	0	449338	106047	1015459840	4850147328	16018835214	4848588713
2025-05-20 02:48:28	7	40	8	4	1	0	3227639808	0	449347	106050	1015459840	4850147328	16021345804	4848588781
2025-05-20 02:48:29	7	40	8	4	1	0	3227639808	0	449349	106052	1015459840	4850147328	16021347719	4848588841
2025-05-20 02:48:30	7	40	8	4	1	0	3227639808	0	449352	106055	1015459840	4850147328	16021349642	4848588909
2025-05-20 02:48:31	7	40	8	4	1	0	3230453760	0	449355	106059	1015459840	4850147328	16021351565	4848589007
2025-05-20 02:48:33	7	40	8	4	1	0	3230457856	0	449362	106062	1015459840	4850147328	16023860240	4848589075
2025-05-20 02:48:34	7	40	8	4	1	0	3230457856	0	449365	106065	1015459840	4850147328	16023862163	4848589143
2025-05-20 02:48:35	7	40	8	4	1	0	3230457856	0	449368	106068	1015459840	4850147328	16023864086	4848589211
2025-05-20 02:48:36	7	40	8	4	1	0	3233275904	0	449374	106070	1015459840	4850147328	16026376849	4848589271
2025-05-20 02:48:37	7	40	8	4	1	0	3233275904	0	449378	106074	1015459840	4850147328	16026378780	4848589347
2025-05-20 02:48:38	7	40	8	4	1	0	3233275904	0	449382	106078	1015459840	4850147328	16026380711	4848589423
2025-05-20 02:48:39	7	40	8	4	1	0	3236098048	0	449389	106081	1015459840	4850147328	16028889386	4848589491
2025-05-20 02:48:40	7	40	8	4	1	0	3236098048	0	449391	106084	1015459840	4850147328	16028891300	4848589581
2025-05-20 02:48:41	7	40	8	4	1	0	3236098048	0	449393	106086	1015459840	4850147328	16028893214	4848589641
2025-05-20 02:48:42	7	40	8	4	1	0	3238916096	0	449399	106088	1015459840	4850147328	16031401881	4848589701
2025-05-20 02:48:43	7	40	8	4	1	0	3238592512	0	449402	106091	1015459840	4850147328	16031403804	4848589769
2025-05-20 02:48:44	7	40	8	4	1	0	3238592512	0	449406	106095	1015459840	4850147328	16031405735	4848589845
2025-05-20 02:48:45	7	40	8	4	1	0	3238592512	0	449409	106098	1015459840	4850151424	16031407658	4848589913
2025-05-20 02:48:46	7	40	8	4	1	0	3241406464	0	449418	106101	1015459840	4850151424	16033922342	4848589981
2025-05-20 02:48:47	7	40	8	4	1	0	3241406464	0	449420	106103	1015459840	4850151424	16033924256	4848590041
2025-05-20 02:48:48	7	40	8	4	1	0	3241406464	0	449424	106108	1015459840	4850151424	16033926186	4848590147
2025-05-20 02:48:50	7	40	8	4	1	0	3244224512	0	449431	106111	1015459840	4850151424	16036434861	4848590215
2025-05-20 02:48:51	7	40	8	4	1	0	3244224512	0	449433	106113	1015459840	4850151424	16036436775	4848590275
2025-05-20 02:48:52	7	40	8	4	1	0	3244224512	0	449435	106115	1015459840	4850151424	16036438689	4848590335
2025-05-20 02:48:53	7	40	8	4	1	0	3247042560	0	449441	106117	1015459840	4850151424	16038947356	4848590395
2025-05-20 02:48:54	7	40	8	4	1	0	3247042560	0	449444	106120	1015459840	4850151424	16038949279	4848590463
2025-05-20 02:48:55	7	40	8	4	1	0	3247042560	0	449449	106125	1015459840	4850151424	16038951217	4848590547
2025-05-20 02:48:56	7	40	8	4	1	0	3249856512	0	449452	106128	1015459840	4850155520	16038953139	4848590615
2025-05-20 02:48:57	7	40	8	4	1	0	3249864704	0	449460	106132	1015459840	4850155520	16041465918	4848590691
2025-05-20 02:48:58	7	40	8	4	1	0	3249864704	0	449464	106137	1015459840	4850155520	16041467849	4848590797
2025-05-20 02:48:59	7	40	8	4	1	0	3249864704	0	449468	106141	1015459840	4850155520	16041469780	4848590873
2025-05-20 02:49:00	7	40	8	4	1	0	3252678656	0	449472	106145	1015459840	4850155520	16041471711	4848590949
2025-05-20 02:49:01	7	40	8	4	1	0	3252682752	0	449483	106152	1015459840	4850159616	16043980492	4848591197
2025-05-20 02:49:02	7	40	8	4	1	0	3252682752	0	449487	106156	1015459840	4850159616	16043982423	4848591273
2025-05-20 02:49:03	7	40	8	4	1	0	3252682752	0	449490	106159	1015459840	4850159616	16043984346	4848591341
2025-05-20 02:49:04	7	40	8	4	1	0	3255500800	0	449498	106161	1015459840	4850159616	16046494928	4848591401
2025-05-20 02:49:05	7	40	8	4	1	0	3255500800	0	449500	106164	1015459840	4850159616	16046496843	4848591491
2025-05-20 02:49:07	7	40	8	4	1	0	3255500800	0	449502	106166	1015459840	4850159616	16046498758	4848591551
2025-05-20 02:49:08	7	40	8	4	1	0	3258318848	0	449509	106169	1015459840	4850159616	16049011529	4848591619
2025-05-20 02:49:09	7	40	8	4	1	0	3258318848	0	449513	106173	1015459840	4850159616	16049013460	4848591695
2025-05-20 02:49:10	7	40	8	4	1	0	3258318848	0	449515	106175	1015459840	4850159616	16049015375	4848591755
2025-05-20 02:49:11	7	40	8	4	1	0	3261136896	0	449522	106178	1015459840	4850159616	16051524050	4848591823
2025-05-20 02:49:12	7	40	8	4	1	0	3261136896	0	449525	106181	1015459840	4850159616	16051525973	4848591891
2025-05-20 02:49:13	7	40	8	4	1	0	3261136896	0	449528	106184	1015459840	4850159616	16051527895	4848591959
2025-05-20 02:49:14	7	40	8	4	1	0	3261136896	0	449531	106187	1015459840	4850159616	16051529817	4848592027
2025-05-20 02:49:15	7	40	8	4	1	0	3263959040	0	449538	106191	1015459840	4850159616	16054038492	4848592125
2025-05-20 02:49:16	7	40	8	4	1	0	3263959040	0	449540	106193	1015459840	4850163712	16054040407	4848592185
2025-05-20 02:49:17	7	40	8	4	1	0	3263959040	0	449542	106195	1015459840	4850163712	16054042322	4848592245
2025-05-20 02:49:18	7	40	8	4	1	0	3266777088	0	449551	106200	1015459840	4850163712	16056555109	4848592329
2025-05-20 02:49:19	7	40	8	4	1	0	3266777088	0	449555	106204	1015459840	4850163712	16056557039	4848592405
2025-05-20 02:49:20	7	40	8	4	1	0	3266777088	0	449558	106207	1015459840	4850163712	16056558961	4848592473
2025-05-20 02:49:21	7	40	8	4	1	0	3269591040	0	449567	106210	1015459840	4850163712	16059069551	4848592541
2025-05-20 02:49:22	7	40	8	4	1	0	3269591040	0	449570	106213	1015459840	4850163712	16059071474	4848592609
2025-05-20 02:49:23	7	40	8	4	1	0	3269591040	0	449574	106218	1015459840	4850163712	16059073405	4848592715
2025-05-20 02:49:25	7	40	8	4	1	0	3269591040	0	449577	106221	1015459840	4850163712	16059075328	4848592783
2025-05-20 02:49:26	7	40	8	4	1	0	3272409088	0	449584	106224	1015459840	4850163712	16061584003	4848592851
2025-05-20 02:49:27	7	40	8	4	1	0	3272409088	0	449588	106228	1015459840	4850163712	16061585934	4848592927
2025-05-20 02:49:28	7	40	8	4	1	0	3272409088	0	449591	106231	1015459840	4850163712	16061587857	4848592995
2025-05-20 02:49:29	7	40	8	4	1	0	3275227136	0	449597	106233	1015459840	4850163712	16064100620	4848593055
2025-05-20 02:49:30	7	40	8	4	1	0	3275227136	0	449599	106235	1015459840	4850163712	16064102535	4848593115
2025-05-20 02:49:31	7	40	8	4	1	0	3275227136	0	449601	106237	1015459840	4850163712	16064104450	4848593175
2025-05-20 02:49:32	7	40	8	4	1	0	3278049280	0	449607	106240	1015459840	4850163712	16066613117	4848593265
2025-05-20 02:49:33	7	40	8	4	1	0	3278049280	0	449610	106243	1015459840	4850163712	16066615040	4848593333
2025-05-20 02:49:34	7	40	8	4	1	0	3278049280	0	449612	106245	1015459840	4850163712	16066616955	4848593393
2025-05-20 02:49:35	7	40	8	4	1	0	3278049280	0	449615	106248	1015459840	4850163712	16066618878	4848593461
2025-05-20 02:49:36	7	40	8	4	1	0	3280867328	0	449624	106253	1015459840	4850167808	16069131739	4848593693
2025-05-20 02:49:37	7	40	8	4	1	0	3280867328	0	449627	106256	1015459840	4850167808	16069133662	4848593761
2025-05-20 02:49:38	7	40	8	4	1	0	3280867328	0	449631	106260	1015459840	4850167808	16069135593	4848593837
2025-05-20 02:49:39	7	40	8	4	1	0	3283685376	0	449640	106263	1015459840	4850167808	16071646183	4848593905
2025-05-20 02:49:40	7	40	8	4	1	0	3283685376	0	449645	106269	1015459840	4850167808	16071648122	4848594019
2025-05-20 02:49:42	7	40	8	4	1	0	3283685376	0	449649	106273	1015459840	4850167808	16071650053	4848594095
2025-05-20 02:49:43	7	40	8	4	1	0	3286503424	0	449656	106276	1015459840	4850167808	16074158728	4848594163
2025-05-20 02:49:44	7	40	8	4	1	0	3286503424	0	449659	106279	1015459840	4850167808	16074160651	4848594231
2025-05-20 02:49:45	7	40	8	4	1	0	3286503424	0	449662	106282	1015459840	4850167808	16074162573	4848594299
2025-05-20 02:49:46	7	40	8	4	1	0	3289317376	0	449666	106286	1015459840	4850167808	16074164503	4848594375
2025-05-20 02:49:47	7	40	8	4	1	0	3289321472	0	449673	106289	1015459840	4850171904	16076677274	4848594443
2025-05-20 02:49:48	7	40	8	4	1	0	3289321472	0	449676	106292	1015459840	4850171904	16076679197	4848594511
2025-05-20 02:49:49	7	40	8	4	1	0	3289321472	0	449678	106295	1015459840	4850171904	16076681112	4848594601
2025-05-20 02:49:50	7	40	8	4	1	0	3292139520	0	449685	106298	1015459840	4850171904	16079189787	4848594669
2025-05-20 02:49:51	7	40	8	4	1	0	3292139520	0	449688	106301	1015459840	4850171904	16079191709	4848594737
2025-05-20 02:49:52	7	40	8	4	1	0	3292139520	0	449691	106304	1015459840	4850171904	16079193631	4848594805
2025-05-20 02:49:53	7	40	8	4	1	0	3294961664	0	449698	106307	1015459840	4850171904	16081702306	4848594873
2025-05-20 02:49:54	7	40	8	4	1	0	3294961664	0	449700	106309	1015459840	4850171904	16081704221	4848594933
2025-05-20 02:49:55	7	40	8	4	1	0	3294961664	0	449703	106312	1015459840	4850171904	16081706144	4848595001
2025-05-20 02:49:56	7	40	8	4	1	0	3297775616	0	449710	106315	1015459840	4850171904	16084218915	4848595069
2025-05-20 02:49:57	7	40	8	4	1	0	3297775616	0	449714	106318	1015459840	4850171904	16084222743	4848595159
2025-05-20 02:49:59	7	40	8	4	1	0	3297775616	0	449718	106322	1015459840	4850171904	16084224674	4848595235
2025-05-20 02:50:00	7	40	8	4	1	0	3297775616	0	449721	106325	1015459840	4850171904	16084226597	4848595303
2025-05-20 02:50:01	7	40	8	4	1	0	3300593664	0	449727	106327	1015459840	4850171904	16086735264	4848595363
2025-05-20 02:50:02	7	40	8	4	1	0	3300593664	0	449730	106330	1015459840	4850171904	16086737187	4848595431
2025-05-20 02:50:03	7	40	8	4	1	0	3300593664	0	449733	106333	1015459840	4850171904	16086739108	4848595499
2025-05-20 02:50:04	7	40	8	4	1	0	3303411712	0	449739	106335	1015459840	4850171904	16089247773	4848595559
2025-05-20 02:50:05	7	40	8	4	1	0	3303411712	0	449742	106338	1015459840	4850176000	16089249696	4848595627
2025-05-20 02:50:06	7	40	8	4	1	0	3303411712	0	449745	106342	1015459840	4850176000	16089251619	4848595725
2025-05-20 02:50:07	7	40	8	4	1	0	3306229760	0	449752	106345	1015459840	4850176000	16091764390	4848595793
2025-05-20 02:50:08	7	40	8	4	1	0	3306229760	0	449756	106349	1015459840	4850176000	16091766321	4848595869
2025-05-20 02:50:09	7	40	8	4	1	0	3306229760	0	449759	106352	1015459840	4850176000	16091768244	4848595937
2025-05-20 02:50:10	7	40	8	4	1	0	3306229760	0	449761	106354	1015459840	4850176000	16091770159	4848595997
2025-05-20 02:50:11	7	40	8	4	1	0	3309051904	0	449770	106359	1015459840	4850180096	16094278924	4848596229
2025-05-20 02:50:12	7	40	8	4	1	0	3309051904	0	449772	106361	1015459840	4850180096	16094280839	4848596289
2025-05-20 02:50:13	7	40	8	4	1	0	3309146112	0	449775	106364	1015459840	4850180096	16094282762	4848596357
2025-05-20 02:50:14	7	40	8	4	1	0	3311968256	0	449785	106369	1015459840	4850180096	16096793360	4848596463
2025-05-20 02:50:16	7	40	8	4	1	0	3311968256	0	449787	106371	1015459840	4850180096	16096795275	4848596523
2025-05-20 02:50:17	7	40	8	4	1	0	3311988736	0	449789	106373	1015459840	4850180096	16096797190	4848596583
2025-05-20 02:50:18	7	40	8	4	1	0	3314806784	0	449797	106377	1015459840	4850184192	16099309969	4848596659
2025-05-20 02:50:19	7	40	8	4	1	0	3314806784	0	449801	106381	1015459840	4850184192	16099311900	4848596735
2025-05-20 02:50:20	7	40	8	4	1	0	3314806784	0	449804	106384	1015459840	4850184192	16099313823	4848596803
2025-05-20 02:50:21	7	40	8	4	1	0	3314810880	0	449807	106387	1015459840	4850184192	16099315746	4848596871
2025-05-20 02:50:22	7	40	8	4	1	0	3317633024	0	449815	106391	1015459840	4850184192	16101824429	4848596947
2025-05-20 02:50:23	7	40	8	4	1	0	3317633024	0	449819	106396	1015459840	4850184192	16101826359	4848597053
2025-05-20 02:50:24	7	40	8	4	1	0	3317641216	0	449822	106399	1015459840	4850184192	16101828281	4848597121
2025-05-20 02:50:25	7	40	8	4	1	0	3320467456	0	449829	106402	1015459840	4850184192	16104336956	4848597189
2025-05-20 02:50:26	7	40	8	4	1	0	3320467456	0	449833	106406	1015459840	4850184192	16104338887	4848597265
2025-05-20 02:50:27	7	40	8	4	1	0	3320467456	0	449835	106408	1015459840	4850184192	16104340802	4848597325
2025-05-20 02:50:29	7	40	8	4	1	0	3320479744	0	449841	106413	1015459840	4850184192	16104344648	4848597431
2025-05-20 02:50:30	7	40	8	4	1	0	3320483840	0	449845	106417	1015459840	4850184192	16104346578	4848597507
2025-05-20 02:50:31	7	40	8	4	1	0	3323301888	0	449852	106420	1015459840	4850184192	16106859348	4848597575
2025-05-20 02:50:32	7	40	8	4	1	0	3323305984	0	449855	106423	1015459840	4850184192	16106861271	4848597643
2025-05-20 02:50:33	7	40	8	4	1	0	3323305984	0	449858	106426	1015459840	4850184192	16106863194	4848597711
2025-05-20 02:50:34	7	40	8	4	1	0	3323330560	0	449860	106429	1015459840	4850184192	16106865108	4848597801
2025-05-20 02:50:35	7	40	8	4	1	0	3326164992	0	449867	106432	1015459840	4850184192	16109373782	4848597869
2025-05-20 02:50:36	7	40	8	4	1	0	3326169088	0	449870	106435	1015459840	4850184192	16109375705	4848597937
2025-05-20 02:50:37	7	40	8	4	1	0	3326177280	0	449873	106438	1015459840	4850184192	16109377628	4848598005
2025-05-20 02:50:38	7	40	8	4	1	0	3329003520	0	449882	106443	1015459840	4850184192	16111890415	4848598089
2025-05-20 02:50:39	7	40	8	4	1	0	3329011712	0	449885	106446	1015459840	4850184192	16111892338	4848598157
2025-05-20 02:50:40	7	40	8	4	1	0	3329019904	0	449888	106449	1015459840	4850184192	16111894261	4848598225
2025-05-20 02:50:41	7	40	8	4	1	0	3331833856	0	449890	106451	1015459840	4850184192	16111896176	4848598285
2025-05-20 02:50:42	7	40	8	4	1	0	3331837952	0	449898	106456	1015459840	4850184192	16114404859	4848598391
2025-05-20 02:50:44	7	40	8	4	1	0	3331858432	0	449904	106460	1015459840	4850184192	16114408705	4848598467
2025-05-20 02:50:45	7	40	8	4	1	0	3331874816	0	449907	106463	1015459840	4850184192	16114410626	4848598535
2025-05-20 02:50:46	7	40	8	4	1	0	3334692864	0	449914	106466	1015459840	4850184192	16116919299	4848598603
2025-05-20 02:50:47	7	40	8	4	1	0	3334701056	0	449917	106469	1015459840	4850184192	16116921222	4848598671
2025-05-20 02:50:48	7	40	8	4	1	0	3334705152	0	449920	106472	1015459840	4850188288	16116923145	4848598739
2025-05-20 02:50:49	7	40	8	4	1	0	3337535488	0	449929	106477	1015459840	4850192384	16119436005	4848598971
2025-05-20 02:50:50	7	40	8	4	1	0	3337543680	0	449933	106481	1015459840	4850192384	16119437935	4848599047
2025-05-20 02:50:51	7	40	8	4	1	0	3337547776	0	449938	106487	1015459840	4850192384	16119439874	4848599161
2025-05-20 02:50:52	7	40	8	4	1	0	3340374016	0	449945	106490	1015459840	4850192384	16121948549	4848599229
2025-05-20 02:50:53	7	40	8	4	1	0	3340390400	0	449949	106494	1015459840	4850192384	16121950480	4848599305
2025-05-20 02:50:54	7	40	8	4	1	0	3340406784	0	449952	106497	1015459840	4850192384	16121952403	4848599373
2025-05-20 02:50:55	7	40	8	4	1	0	3340406784	0	449954	106499	1015459840	4850192384	16121954318	4848599433
2025-05-20 02:50:56	7	40	8	4	1	0	3343224832	0	449962	106503	1015459840	4850192384	16124463001	4848599509
2025-05-20 02:50:57	7	40	8	4	1	0	3343228928	0	449967	106508	1015459840	4850192384	16124464940	4848599593
2025-05-20 02:50:58	7	40	8	4	1	0	3343253504	0	449969	106510	1015459840	4850192384	16124466855	4848599653
2025-05-20 02:50:59	7	40	8	4	1	0	3346071552	0	449976	106514	1015459840	4850192384	16126979626	4848599751
2025-05-20 02:51:01	7	40	8	4	1	0	3346071552	0	449979	106517	1015459840	4850192384	16126981547	4848599819
2025-05-20 02:51:02	7	40	8	4	1	0	3346071552	0	449983	106519	1015459840	4850192384	16126985375	4848599879
2025-05-20 02:51:03	7	40	8	4	1	0	3348897792	0	449990	106522	1015459840	4850192384	16129494050	4848599947
2025-05-20 02:51:04	7	40	8	4	1	0	3348910080	0	449992	106524	1015459840	4850192384	16129495965	4848600007
2025-05-20 02:51:05	7	40	8	4	1	0	3348914176	0	449996	106528	1015459840	4850192384	16129497896	4848600083
2025-05-20 02:51:06	7	40	8	4	1	0	3348926464	0	449999	106531	1015459840	4850192384	16129499819	4848600151
2025-05-20 02:51:07	7	40	8	4	1	0	3351760896	0	450006	106534	1015459840	4850192384	16132008494	4848600219
2025-05-20 02:51:08	7	40	8	4	1	0	3351781376	0	450008	106537	1015459840	4850192384	16132010408	4848600309
2025-05-20 02:51:09	7	40	8	4	1	0	3351793664	0	450011	106540	1015459840	4850192384	16132012330	4848600377
2025-05-20 02:51:10	7	40	8	4	1	0	3354611712	0	450018	106543	1015459840	4850192384	16134525101	4848600445
2025-05-20 02:51:11	7	40	8	4	1	0	3354619904	0	450021	106546	1015459840	4850192384	16134527024	4848600513
2025-05-20 02:51:12	7	40	8	4	1	0	3354628096	0	450024	106549	1015459840	4850196480	16134528947	4848600581
2025-05-20 02:51:13	7	40	8	4	1	0	3357442048	0	450028	106553	1015459840	4850196480	16134530878	4848600657
2025-05-20 02:51:14	7	40	8	4	1	0	3357450240	0	450035	106556	1015459840	4850196480	16137039553	4848600725
2025-05-20 02:51:15	7	40	8	4	1	0	3357458432	0	450040	106561	1015459840	4850196480	16137041492	4848600809
2025-05-20 02:51:16	7	40	8	4	1	0	3357495296	0	450042	106564	1015459840	4850196480	16137043407	4848600899
2025-05-20 02:51:18	7	40	8	4	1	0	3360317440	0	450052	106568	1015459840	4850196480	16139554005	4848600975
2025-05-20 02:51:19	7	40	8	4	1	0	3360329728	0	450054	106570	1015459840	4850200576	16139555920	4848601035
2025-05-20 02:51:20	7	40	8	4	1	0	3360329728	0	450057	106573	1015459840	4850200576	16139557843	4848601103
2025-05-20 02:51:21	7	40	8	4	1	0	3363147776	0	450065	106577	1015459840	4850200576	16142070622	4848601179
2025-05-20 02:51:22	7	40	8	4	1	0	3363151872	0	450070	106582	1015459840	4850200576	16142072561	4848601263
2025-05-20 02:51:23	7	40	8	4	1	0	3363151872	0	450075	106587	1015459840	4850200576	16142074500	4848601347
2025-05-20 02:51:24	7	40	8	4	1	0	3363151872	0	450079	106591	1015459840	4850200576	16142076431	4848601423
2025-05-20 02:51:25	7	40	8	4	1	0	3365969920	0	450087	106596	1015459840	4850204672	16144585188	4848601677
2025-05-20 02:51:26	7	40	8	4	1	0	3365974016	0	450091	106600	1015459840	4850204672	16144587119	4848601753
2025-05-20 02:51:27	7	40	8	4	1	0	3365974016	0	450095	106604	1015459840	4850204672	16144589050	4848601829
2025-05-20 02:51:28	7	40	8	4	1	0	3368796160	0	450101	106606	1015459840	4850204672	16147097717	4848601889
2025-05-20 02:51:29	7	40	8	4	1	0	3368796160	0	450104	106609	1015459840	4850204672	16147099640	4848601957
2025-05-20 02:51:30	7	40	8	4	1	0	3368796160	0	450108	106613	1015459840	4850204672	16147101571	4848602033
2025-05-20 02:51:31	7	40	8	4	1	0	3371610112	0	450110	106615	1015459840	4850204672	16147103486	4848602093
2025-05-20 02:51:32	7	40	8	4	1	0	3371614208	0	450117	106618	1015459840	4850204672	16149616257	4848602161
2025-05-20 02:51:33	7	40	8	4	1	0	3371614208	0	450120	106622	1015459840	4850204672	16149618180	4848602259
2025-05-20 02:51:35	7	40	8	4	1	0	3371614208	0	450122	106624	1015459840	4850204672	16149620095	4848602319
2025-05-20 02:51:36	7	40	8	4	1	0	3374432256	0	450132	106628	1015459840	4850204672	16152130693	4848602395
2025-05-20 02:51:37	7	40	8	4	1	0	3374432256	0	450135	106631	1015459840	4850204672	16152132616	4848602463
2025-05-20 02:51:38	7	40	8	4	1	0	3374432256	0	450137	106633	1015459840	4850204672	16152134531	4848602523
2025-05-20 02:51:39	7	40	8	4	1	0	3374436352	0	450140	106636	1015459840	4850204672	16152136454	4848602591
2025-05-20 02:51:40	7	40	8	4	1	0	3377250304	0	450146	106638	1015459840	4850204672	16154649217	4848602651
2025-05-20 02:51:41	7	40	8	4	1	0	3377250304	0	450150	106643	1015459840	4850204672	16154651148	4848602757
2025-05-20 02:51:42	7	40	8	4	1	0	3377254400	0	450153	106646	1015459840	4850204672	16154653071	4848602825
2025-05-20 02:51:43	7	40	8	4	1	0	3379613696	0	450159	106648	1015459840	4850204672	16157161738	4848602885
2025-05-20 02:51:44	7	40	8	4	1	0	3379613696	0	450163	106652	1015459840	4850204672	16157163669	4848602961
2025-05-20 02:51:45	7	40	8	4	1	0	3379613696	0	450167	106656	1015459840	4850204672	16157165600	4848603037
2025-05-20 02:51:46	7	40	8	4	1	0	3379613696	0	450169	106658	1015459840	4850204672	16157167515	4848603097
2025-05-20 02:51:47	7	40	8	4	1	0	3382427648	0	450173	106663	1015459840	4850204672	16157169446	4848603203
2025-05-20 02:51:49	7	40	8	4	1	0	3382435840	0	450182	106668	1015459840	4850204672	16159678137	4848603287
2025-05-20 02:51:50	7	40	8	4	1	0	3382435840	0	450185	106671	1015459840	4850208768	16159680060	4848603355
2025-05-20 02:51:51	7	40	8	4	1	0	3382435840	0	450190	106674	1015459840	4850208768	16159683897	4848603423
2025-05-20 02:51:52	7	40	8	4	1	0	3385253888	0	450197	106677	1015459840	4850208768	16162196667	4848603491
2025-05-20 02:51:53	7	40	8	4	1	0	3385253888	0	450201	106681	1015459840	4850208768	16162198598	4848603567
2025-05-20 02:51:54	7	40	8	4	1	0	3385253888	0	450203	106683	1015459840	4850208768	16162200513	4848603627
2025-05-20 02:51:55	7	40	8	4	1	0	3388067840	0	450206	106686	1015459840	4850208768	16162202436	4848603695
2025-05-20 02:51:56	7	40	8	4	1	0	3388071936	0	450212	106688	1015459840	4850208768	16164711103	4848603755
2025-05-20 02:51:57	7	40	8	4	1	0	3388071936	0	450214	106691	1015459840	4850208768	16164713018	4848603845
2025-05-20 02:51:58	7	40	8	4	1	0	3388071936	0	450217	106694	1015459840	4850208768	16164714940	4848603913
2025-05-20 02:51:59	7	40	8	4	1	0	3390894080	0	450226	106699	1015459840	4850208768	16167223630	4848603997
2025-05-20 02:52:00	7	40	8	4	1	0	3390894080	0	450229	106702	1015459840	4850208768	16167225553	4848604065
2025-05-20 02:52:01	7	40	8	4	1	0	3390894080	0	450232	106705	1015459840	4850208768	16167227476	4848604133
2025-05-20 02:52:02	7	40	8	4	1	0	3393712128	0	450242	106711	1015459840	4850212864	16169740345	4848604373
2025-05-20 02:52:03	7	40	8	4	1	0	3393712128	0	450245	106714	1015459840	4850212864	16169742267	4848604441
2025-05-20 02:52:04	7	40	8	4	1	0	3393712128	0	450247	106716	1015459840	4850212864	16169744181	4848604501
2025-05-20 02:52:05	7	40	8	4	1	0	3393712128	0	450249	106719	1015459840	4850212864	16169746096	4848604591
2025-05-20 02:52:07	7	40	8	4	1	0	3396534272	0	450255	106721	1015459840	4850212864	16172254763	4848604651
2025-05-20 02:52:08	7	40	8	4	1	0	3396534272	0	450258	106724	1015459840	4850212864	16172256686	4848604719
2025-05-20 02:52:09	7	40	8	4	1	0	3396534272	0	450262	106726	1015459840	4850212864	16172260516	4848604779
2025-05-20 02:52:10	7	40	8	4	1	0	3399352320	0	450269	106729	1015459840	4850212864	16174769191	4848604847
2025-05-20 02:52:11	7	40	8	4	1	0	3399352320	0	450271	106731	1015459840	4850212864	16174771106	4848604907
2025-05-20 02:52:12	7	40	8	4	1	0	3399352320	0	450274	106734	1015459840	4850212864	16174773029	4848604975
2025-05-20 02:52:13	7	40	8	4	1	0	3402166272	0	450276	106736	1015459840	4850212864	16174774944	4848605035
2025-05-20 02:52:14	7	40	8	4	1	0	3402170368	0	450282	106739	1015459840	4850212864	16177287707	4848605125
2025-05-20 02:52:15	7	40	8	4	1	0	3402170368	0	450284	106741	1015459840	4850212864	16177289620	4848605185
2025-05-20 02:52:16	7	40	8	4	1	0	3402170368	0	450288	106745	1015459840	4850212864	16177291549	4848605261
2025-05-20 02:52:17	7	40	8	4	1	0	3404984320	0	450294	106747	1015459840	4850212864	16179800215	4848605321
2025-05-20 02:52:18	7	40	8	4	1	0	3404984320	0	450296	106749	1015459840	4850212864	16179802129	4848605381
2025-05-20 02:52:19	7	40	8	4	1	0	3404984320	0	450299	106752	1015459840	4850212864	16179804051	4848605449
2025-05-20 02:52:20	7	40	8	4	1	0	3404984320	0	450302	106755	1015459840	4850216960	16179805972	4848605517
2025-05-20 02:52:21	7	40	8	4	1	0	3407802368	0	450310	106760	1015459840	4850221056	16182314654	4848605623
2025-05-20 02:52:23	7	40	8	4	1	0	3407802368	0	450313	106763	1015459840	4850221056	16182316577	4848605691
2025-05-20 02:52:24	7	40	8	4	1	0	3407802368	0	450315	106765	1015459840	4850221056	16182318492	4848605751
2025-05-20 02:52:25	7	40	8	4	1	0	3410624512	0	450324	106768	1015459840	4850221056	16184833178	4848605819
2025-05-20 02:52:26	7	40	8	4	1	0	3410624512	0	450327	106771	1015459840	4850221056	16184835101	4848605887
2025-05-20 02:52:27	7	40	8	4	1	0	3410624512	0	450330	106774	1015459840	4850221056	16184837024	4848605955
2025-05-20 02:52:28	7	40	8	4	1	0	3410624512	0	450332	106776	1015459840	4850221056	16184838939	4848606015
2025-05-20 02:52:29	7	40	8	4	1	0	3413442560	0	450338	106779	1015459840	4850221056	16187347606	4848606105
2025-05-20 02:52:30	7	40	8	4	1	0	3413442560	0	450342	106783	1015459840	4850221056	16187349537	4848606181
2025-05-20 02:52:31	7	40	8	4	1	0	3413442560	0	450345	106786	1015459840	4850221056	16187351460	4848606249
2025-05-20 02:52:32	7	40	8	4	1	0	3416260608	0	450352	106789	1015459840	4850221056	16189860135	4848606317
2025-05-20 02:52:33	7	40	8	4	1	0	3416260608	0	450356	106793	1015459840	4850221056	16189862066	4848606393
2025-05-20 02:52:34	7	40	8	4	1	0	3416260608	0	450358	106795	1015459840	4850221056	16189863981	4848606453
2025-05-20 02:52:35	7	40	8	4	1	0	3416260608	0	450362	106799	1015459840	4850221056	16189865912	4848606529
2025-05-20 02:52:36	7	40	8	4	1	0	3419078656	0	450370	106803	1015459840	4850221056	16192378691	4848606605
2025-05-20 02:52:37	7	40	8	4	1	0	3419078656	0	450375	106809	1015459840	4850221056	16192380630	4848606719
2025-05-20 02:52:38	7	40	8	4	1	0	3419078656	0	450378	106812	1015459840	4850221056	16192382553	4848606787
2025-05-20 02:52:40	7	40	8	4	1	0	3421896704	0	450386	106816	1015459840	4850225152	16194891310	4848607011
2025-05-20 02:52:41	7	40	8	4	1	0	3421896704	0	450388	106818	1015459840	4850225152	16194893225	4848607071
2025-05-20 02:52:42	7	40	8	4	1	0	3421896704	0	450392	106822	1015459840	4850225152	16194895156	4848607147
2025-05-20 02:52:43	7	40	8	4	1	0	3421896704	0	450396	106824	1015459840	4850225152	16194898986	4848607207
2025-05-20 02:52:44	7	40	8	4	1	0	3424718848	0	450404	106828	1015459840	4850225152	16197407669	4848607283
2025-05-20 02:52:45	7	40	8	4	1	0	3424718848	0	450407	106831	1015459840	4850225152	16197409590	4848607351
2025-05-20 02:52:46	7	40	8	4	1	0	3424718848	0	450409	106834	1015459840	4850225152	16197411503	4848607441
2025-05-20 02:52:47	7	40	8	4	1	0	3427536896	0	450417	106838	1015459840	4850225152	16199924282	4848607517
2025-05-20 02:52:48	7	40	8	4	1	0	3427536896	0	450420	106841	1015459840	4850225152	16199926205	4848607585
2025-05-20 02:52:49	7	40	8	4	1	0	3427536896	0	450424	106845	1015459840	4850225152	16199928136	4848607661
2025-05-20 02:52:50	7	40	8	4	1	0	3427536896	0	450427	106848	1015459840	4850225152	16199930059	4848607729
2025-05-20 02:52:51	7	40	8	4	1	0	3430350848	0	450433	106850	1015459840	4850229248	16202438726	4848607789
2025-05-20 02:52:52	7	40	8	4	1	0	3430350848	0	450436	106853	1015459840	4850229248	16202440649	4848607857
2025-05-20 02:52:53	7	40	8	4	1	0	3430350848	0	450440	106858	1015459840	4850229248	16202442580	4848607963
2025-05-20 02:52:55	7	40	8	4	1	0	3433164800	0	450444	106862	1015459840	4850229248	16202444511	4848608039
2025-05-20 02:52:56	7	40	8	4	1	0	3433168896	0	450450	106864	1015459840	4850229248	16204957274	4848608099
2025-05-20 02:52:57	7	40	8	4	1	0	3433168896	0	450452	106866	1015459840	4850229248	16204959189	4848608159
2025-05-20 02:52:58	7	40	8	4	1	0	3433168896	0	450455	106869	1015459840	4850229248	16204961112	4848608227
2025-05-20 02:52:59	7	40	8	4	1	0	3435986944	0	450466	106874	1015459840	4850229248	16207471718	4848608311
2025-05-20 02:53:00	7	40	8	4	1	0	3435986944	0	450471	106879	1015459840	4850229248	16207473657	4848608395
2025-05-20 02:53:01	7	40	8	4	1	0	3435986944	0	450475	106883	1015459840	4850229248	16207475588	4848608471
2025-05-20 02:53:02	7	40	8	4	1	0	3438800896	0	450479	106888	1015459840	4850229248	16207477519	4848608577
2025-05-20 02:53:03	7	40	8	4	1	0	3438804992	0	450486	106891	1015459840	4850229248	16209986194	4848608645
2025-05-20 02:53:04	7	40	8	4	1	0	3438804992	0	450490	106895	1015459840	4850229248	16209988125	4848608721
2025-05-20 02:53:05	7	40	8	4	1	0	3438804992	0	450494	106899	1015459840	4850229248	16209990056	4848608797
2025-05-20 02:53:06	7	40	8	4	1	0	3441627136	0	450501	106902	1015459840	4850229248	16212502827	4848608865
2025-05-20 02:53:07	7	40	8	4	1	0	3441627136	0	450504	106905	1015459840	4850229248	16212504750	4848608933
2025-05-20 02:53:08	7	40	8	4	1	0	3441627136	0	450506	106907	1015459840	4850229248	16212506665	4848608993
2025-05-20 02:53:09	7	40	8	4	1	0	3444445184	0	450512	106909	1015459840	4850229248	16215015332	4848609053
2025-05-20 02:53:10	7	40	8	4	1	0	3444445184	0	450515	106913	1015459840	4850229248	16215017255	4848609151
2025-05-20 02:53:12	7	40	8	4	1	0	3444445184	0	450518	106916	1015459840	4850229248	16215019178	4848609219
2025-05-20 02:53:13	7	40	8	4	1	0	3444445184	0	450520	106918	1015459840	4850229248	16215021093	4848609279
2025-05-20 02:53:14	7	40	8	4	1	0	3447263232	0	450527	106921	1015459840	4850229248	16217529767	4848609347
2025-05-20 02:53:15	7	40	8	4	1	0	3447263232	0	450530	106924	1015459840	4850229248	16217531689	4848609415
2025-05-20 02:53:16	7	40	8	4	1	0	3447263232	0	450535	106927	1015459840	4850229248	16217535527	4848609483
2025-05-20 02:53:17	7	40	8	4	1	0	3450077184	0	450539	106931	1015459840	4850229248	16217537458	4848609559
2025-05-20 02:53:18	7	40	8	4	1	0	3450081280	0	450548	106937	1015459840	4850233344	16220050319	4848609821
2025-05-20 02:53:19	7	40	8	4	1	0	3450081280	0	450550	106939	1015459840	4850233344	16220052234	4848609881
2025-05-20 02:53:20	7	40	8	4	1	0	3450081280	0	450552	106941	1015459840	4850233344	16220054149	4848609941
2025-05-20 02:53:21	7	40	8	4	1	0	3452899328	0	450558	106943	1015459840	4850233344	16222562816	4848610001
2025-05-20 02:53:22	7	40	8	4	1	0	3452899328	0	450560	106945	1015459840	4850237440	16222564731	4848610061
2025-05-20 02:53:23	7	40	8	4	1	0	3452899328	0	450562	106947	1015459840	4850237440	16222566646	4848610121
2025-05-20 02:53:24	7	40	8	4	1	0	3455713280	0	450564	106949	1015459840	4850237440	16222568561	4848610181
2025-05-20 02:53:25	7	40	8	4	1	0	3455721472	0	450572	106953	1015459840	4850237440	16225077244	4848610257
2025-05-20 02:53:26	7	40	8	4	1	0	3455721472	0	450575	106957	1015459840	4850237440	16225079166	4848610355
2025-05-20 02:53:28	7	40	8	4	1	0	3455721472	0	450577	106959	1015459840	4850237440	16225081080	4848610415
2025-05-20 02:53:29	7	40	8	4	1	0	3458535424	0	450584	106962	1015459840	4850241536	16227593851	4848610483
2025-05-20 02:53:30	7	40	8	4	1	0	3458535424	0	450588	106966	1015459840	4850241536	16227595782	4848610559
2025-05-20 02:53:31	7	40	8	4	1	0	3458535424	0	450593	106971	1015459840	4850241536	16227597721	4848610643
2025-05-20 02:53:32	7	40	8	4	1	0	3461349376	0	450596	106974	1015459840	4850241536	16227599644	4848610711
2025-05-20 02:53:33	7	40	8	4	1	0	3461353472	0	450606	106978	1015459840	4850241536	16230110242	4848610787
2025-05-20 02:53:34	7	40	8	4	1	0	3461353472	0	450609	106981	1015459840	4850241536	16230112165	4848610855
2025-05-20 02:53:35	7	40	8	4	1	0	3461353472	0	450612	106985	1015459840	4850241536	16230114088	4848610953
2025-05-20 02:53:36	7	40	8	4	1	0	3464167424	0	450614	106987	1015459840	4850241536	16230116003	4848611013
2025-05-20 02:53:37	7	40	8	4	1	0	3464171520	0	450621	106990	1015459840	4850241536	16232624677	4848611081
2025-05-20 02:53:38	7	40	8	4	1	0	3464171520	0	450625	106994	1015459840	4850241536	16232626607	4848611157
2025-05-20 02:53:39	7	40	8	4	1	0	3464171520	0	450627	106996	1015459840	4850241536	16232628522	4848611217
2025-05-20 02:53:40	7	40	8	4	1	0	3466985472	0	450629	106998	1015459840	4850241536	16232630437	4848611277
2025-05-20 02:53:41	7	40	8	4	1	0	3466989568	0	450635	107001	1015459840	4850241536	16235143200	4848611367
2025-05-20 02:53:43	7	40	8	4	1	0	3466989568	0	450637	107003	1015459840	4850241536	16235145115	4848611427
2025-05-20 02:53:44	7	40	8	4	1	0	3466989568	0	450640	107006	1015459840	4850241536	16235147038	4848611495
2025-05-20 02:53:45	7	40	8	4	1	0	3469811712	0	450646	107008	1015459840	4850241536	16237655705	4848611555
2025-05-20 02:53:46	7	40	8	4	1	0	3469811712	0	450648	107010	1015459840	4850241536	16237657620	4848611615
2025-05-20 02:53:47	7	40	8	4	1	0	3469811712	0	450650	107012	1015459840	4850241536	16237659535	4848611675
2025-05-20 02:53:48	7	40	8	4	1	0	3472625664	0	450652	107014	1015459840	4850241536	16237661450	4848611735
2025-05-20 02:53:49	7	40	8	4	1	0	3472629760	0	450661	107017	1015459840	4850241536	16240172040	4848611803
2025-05-20 02:53:50	7	40	8	4	1	0	3472629760	0	450663	107019	1015459840	4850241536	16240173955	4848611863
2025-05-20 02:53:51	7	40	8	4	1	0	3472629760	0	450665	107022	1015459840	4850241536	16240175870	4848611953
2025-05-20 02:53:52	7	40	8	4	1	0	3475447808	0	450671	107024	1015459840	4850245632	16242688633	4848612013
2025-05-20 02:53:53	7	40	8	4	1	0	3475447808	0	450673	107026	1015459840	4850245632	16242690548	4848612073
2025-05-20 02:53:54	7	40	8	4	1	0	3475447808	0	450676	107029	1015459840	4850245632	16242692470	4848612141
2025-05-20 02:53:55	7	40	8	4	1	0	3478261760	0	450679	107032	1015459840	4850245632	16242694392	4848612209
2025-05-20 02:53:56	7	40	8	4	1	0	3478265856	0	450689	107038	1015459840	4850249728	16245203165	4848612449
2025-05-20 02:53:57	7	40	8	4	1	0	3478265856	0	450691	107040	1015459840	4850249728	16245205080	4848612509
2025-05-20 02:53:58	7	40	8	4	1	0	3478265856	0	450694	107044	1015459840	4850249728	16245207002	4848612607
2025-05-20 02:54:00	7	40	8	4	1	0	3481083904	0	450701	107047	1015459840	4850249728	16247719772	4848612675
2025-05-20 02:54:01	7	40	8	4	1	0	3481083904	0	450704	107050	1015459840	4850249728	16247721695	4848612743
2025-05-20 02:54:02	7	40	8	4	1	0	3481083904	0	450708	107054	1015459840	4850249728	16247723626	4848612819
2025-05-20 02:54:03	7	40	8	4	1	0	3483893760	0	450710	107056	1015459840	4850249728	16247725541	4848612879
2025-05-20 02:54:04	7	40	8	4	1	0	3483901952	0	450716	107058	1015459840	4850249728	16250234208	4848612939
2025-05-20 02:54:05	7	40	8	4	1	0	3483901952	0	450719	107061	1015459840	4850249728	16250236131	4848613007
2025-05-20 02:54:06	7	40	8	4	1	0	3483901952	0	450724	107064	1015459840	4850249728	16250239967	4848613075
2025-05-20 02:54:07	7	40	8	4	1	0	3486720000	0	450731	107068	1015459840	4850249728	16252748640	4848613173
2025-05-20 02:54:08	7	40	8	4	1	0	3486720000	0	450733	107070	1015459840	4850249728	16252750555	4848613233
2025-05-20 02:54:09	7	40	8	4	1	0	3486720000	0	450735	107072	1015459840	4850249728	16252752470	4848613293
2025-05-20 02:54:10	7	40	8	4	1	0	3489538048	0	450743	107076	1015459840	4850249728	16255265249	4848613369
2025-05-20 02:54:11	7	40	8	4	1	0	3489538048	0	450747	107080	1015459840	4850249728	16255267180	4848613445
2025-05-20 02:54:12	7	40	8	4	1	0	3489538048	0	450749	107082	1015459840	4850249728	16255269095	4848613505
2025-05-20 02:54:13	7	40	8	4	1	0	3489538048	0	450752	107085	1015459840	4850249728	16255271018	4848613573
2025-05-20 02:54:14	7	40	8	4	1	0	3492356096	0	450759	107088	1015459840	4850249728	16257779693	4848613641
2025-05-20 02:54:15	7	40	8	4	1	0	3492356096	0	450764	107094	1015459840	4850249728	16257781632	4848613755
2025-05-20 02:54:17	7	40	8	4	1	0	3492356096	0	450767	107097	1015459840	4850249728	16257783555	4848613823
2025-05-20 02:54:18	7	40	8	4	1	0	3492356096	0	450770	107100	1015459840	4850249728	16257785478	4848613891
2025-05-20 02:54:19	7	40	8	4	1	0	3495174144	0	450777	107103	1015459840	4850249728	16260294153	4848613959
2025-05-20 02:54:20	7	40	8	4	1	0	3495174144	0	450782	107108	1015459840	4850249728	16260296092	4848614043
2025-05-20 02:54:21	7	40	8	4	1	0	3495174144	0	450785	107111	1015459840	4850249728	16260298015	4848614111
2025-05-20 02:54:22	7	40	8	4	1	0	3497996288	0	450794	107116	1015459840	4850249728	16262810802	4848614195
2025-05-20 02:54:23	7	40	8	4	1	0	3497996288	0	450798	107118	1015459840	4850253824	16262814632	4848614255
2025-05-20 02:54:24	7	40	8	4	1	0	3497996288	0	450801	107122	1015459840	4850253824	16262816553	4848614353
2025-05-20 02:54:25	7	40	8	4	1	0	3500810240	0	450803	107124	1015459840	4850253824	16262818466	4848614413
2025-05-20 02:54:26	7	40	8	4	1	0	3500814336	0	450809	107126	1015459840	4850253824	16265327133	4848614473
2025-05-20 02:54:27	7	40	8	4	1	0	3500814336	0	450812	107129	1015459840	4850253824	16265329056	4848614541
2025-05-20 02:54:28	7	40	8	4	1	0	3500814336	0	450815	107132	1015459840	4850253824	16265330979	4848614609
2025-05-20 02:54:29	7	40	8	4	1	0	3503632384	0	450823	107136	1015459840	4850253824	16267839660	4848614685
2025-05-20 02:54:30	7	40	8	4	1	0	3503632384	0	450826	107139	1015459840	4850253824	16267841581	4848614753
2025-05-20 02:54:31	7	40	8	4	1	0	3503632384	0	450830	107144	1015459840	4850253824	16267843511	4848614859
2025-05-20 02:54:32	7	40	8	4	1	0	3504975872	0	450839	107149	1015459840	4850257920	16270339987	4848615091
2025-05-20 02:54:34	7	40	8	4	1	0	3504975872	0	450842	107152	1015459840	4850257920	16270341910	4848615159
2025-05-20 02:54:35	7	40	8	4	1	0	3504975872	0	450844	107154	1015459840	4850257920	16270343823	4848615219
2025-05-20 02:54:36	7	40	8	4	1	0	3504975872	0	450847	107157	1015459840	4850257920	16270345744	4848615287
2025-05-20 02:54:37	7	40	8	4	1	0	3504979968	0	450854	107160	1015459840	4850257920	16272809363	4848615355
2025-05-20 02:54:38	7	40	8	4	1	0	3504979968	0	450857	107163	1015459840	4850262016	16272811286	4848615423
2025-05-20 02:54:39	7	40	8	4	1	0	3504979968	0	450860	107166	1015459840	4850262016	16272813209	4848615491
2025-05-20 02:54:40	7	40	8	4	1	0	3504984064	0	450871	107172	1015459840	4850262016	16275254183	4848615605
2025-05-20 02:54:41	7	40	8	4	1	0	3504984064	0	450875	107176	1015459840	4850262016	16275256114	4848615681
2025-05-20 02:54:42	7	40	8	4	1	0	3504984064	0	450878	107179	1015459840	4850262016	16275258037	4848615749
2025-05-20 02:54:43	7	40	8	4	1	0	3504984064	0	450880	107181	1015459840	4850262016	16275259952	4848615809
2025-05-20 02:54:44	7	40	8	4	1	0	3504992256	0	450888	107185	1015459840	4850262016	16277666235	4848615885
2025-05-20 02:54:45	7	40	8	4	1	0	3504992256	0	450891	107188	1015459840	4850262016	16277668157	4848615953
2025-05-20 02:54:46	7	40	8	4	1	0	3504992256	0	450896	107193	1015459840	4850262016	16277670095	4848616037
2025-05-20 02:54:47	7	40	8	4	1	0	3505020928	0	450902	107195	1015459840	4850262016	16280051786	4848616097
2025-05-20 02:54:48	7	40	8	4	1	0	3505020928	0	450907	107201	1015459840	4850262016	16280053725	4848616211
2025-05-20 02:54:50	7	40	8	4	1	0	3505020928	0	450911	107205	1015459840	4850262016	16280055656	4848616287
2025-05-20 02:54:51	7	40	8	4	1	0	3505025024	0	450918	107208	1015459840	4850262016	16282408683	4848616355
2025-05-20 02:54:52	7	40	8	4	1	0	3505025024	0	450923	107213	1015459840	4850262016	16282410621	4848616439
2025-05-20 02:54:53	7	40	8	4	1	0	3505029120	0	450926	107216	1015459840	4850262016	16282412543	4848616507
2025-05-20 02:54:54	7	40	8	4	1	0	3505033216	0	450932	107218	1015459840	4850266112	16284736890	4848616567
2025-05-20 02:54:55	7	40	8	4	1	0	3505033216	0	450935	107221	1015459840	4850266112	16284738813	4848616635
2025-05-20 02:54:56	7	40	8	4	1	0	3505033216	0	450938	107224	1015459840	4850266112	16284740736	4848616703
2025-05-20 02:54:57	7	40	8	4	1	0	3505033216	0	450943	107228	1015459840	4850266112	16284744574	4848616801
2025-05-20 02:54:58	7	40	8	4	1	0	3505037312	0	450949	107230	1015459840	4850266112	16287044345	4848616861
2025-05-20 02:54:59	7	40	8	4	1	0	3505037312	0	450951	107232	1015459840	4850266112	16287046259	4848616921
2025-05-20 02:55:00	7	40	8	4	1	0	3505037312	0	450953	107234	1015459840	4850266112	16287048173	4848616981
2025-05-20 02:55:01	7	40	8	4	1	0	3505041408	0	450960	107237	1015459840	4850266112	16289319280	4848617049
2025-05-20 02:55:02	7	40	8	4	1	0	3505041408	0	450962	107239	1015459840	4850266112	16289321195	4848617109
2025-05-20 02:55:03	7	40	8	4	1	0	3505041408	0	450965	107242	1015459840	4850266112	16289323116	4848617177
2025-05-20 02:55:04	7	40	8	4	1	0	3505045504	0	450973	107246	1015459840	4850266112	16291565557	4848617253
2025-05-20 02:55:05	7	40	8	4	1	0	3505045504	0	450976	107250	1015459840	4850266112	16291567480	4848617351
2025-05-20 02:55:07	7	40	8	4	1	0	3505045504	0	450978	107252	1015459840	4850266112	16291569395	4848617411
2025-05-20 02:55:08	7	40	8	4	1	0	3505049600	0	450987	107257	1015459840	4850270208	16293787344	4848617643
2025-05-20 02:55:09	7	40	8	4	1	0	3505049600	0	450991	107261	1015459840	4850270208	16293789275	4848617719
2025-05-20 02:55:10	7	40	8	4	1	0	3505049600	0	450995	107265	1015459840	4850270208	16293791206	4848617795
2025-05-20 02:55:11	7	40	8	4	1	0	3505049600	0	450998	107268	1015459840	4850270208	16293793129	4848617863
2025-05-20 02:55:12	7	40	8	4	1	0	3505053696	0	451006	107272	1015459840	4850270208	16295986420	4848617939
2025-05-20 02:55:13	7	40	8	4	1	0	3505053696	0	451009	107275	1015459840	4850270208	16295988343	4848618007
2025-05-20 02:55:14	7	40	8	4	1	0	3505053696	0	451015	107280	1015459840	4850270208	16295992189	4848618113
2025-05-20 02:55:15	7	40	8	4	1	0	3505057792	0	451022	107283	1015459840	4850270208	16298160896	4848618181
2025-05-20 02:55:16	7	40	8	4	1	0	3505057792	0	451026	107287	1015459840	4850270208	16298162827	4848618257
2025-05-20 02:55:17	7	40	8	4	1	0	3505057792	0	451030	107291	1015459840	4850270208	16298164757	4848618333
2025-05-20 02:55:18	7	40	8	4	1	0	3505061888	0	451039	107296	1015459840	4850270208	16300304807	4848618417
2025-05-20 02:55:19	7	40	8	4	1	0	3505061888	0	451042	107299	1015459840	4850270208	16300306730	4848618485
2025-05-20 02:55:20	7	40	8	4	1	0	3505061888	0	451044	107301	1015459840	4850270208	16300308645	4848618545
2025-05-20 02:55:21	7	40	8	4	1	0	3505065984	0	451051	107305	1015459840	4850270208	16302424104	4848618643
2025-05-20 02:55:23	7	40	8	4	1	0	3505065984	0	451055	107309	1015459840	4850270208	16302426035	4848618719
2025-05-20 02:55:24	7	40	8	4	1	0	3505065984	0	451057	107311	1015459840	4850270208	16302427949	4848618779
2025-05-20 02:55:25	7	40	8	4	1	0	3505070080	0	451063	107313	1015459840	4850274304	16304522919	4848618839
2025-05-20 02:55:26	7	40	8	4	1	0	3505070080	0	451066	107316	1015459840	4850274304	16304524842	4848618907
2025-05-20 02:55:27	7	40	8	4	1	0	3505070080	0	451069	107319	1015459840	4850274304	16304526765	4848618975
2025-05-20 02:55:28	7	40	8	4	1	0	3505074176	0	451075	107321	1015459840	4850274304	16306593064	4848619035
2025-05-20 02:55:29	7	40	8	4	1	0	3505074176	0	451079	107324	1015459840	4850274304	16306596892	4848619125
2025-05-20 02:55:30	7	40	8	4	1	0	3505074176	0	451081	107326	1015459840	4850274304	16306598805	4848619185
2025-05-20 02:55:31	7	40	8	4	1	0	3505074176	0	451083	107328	1015459840	4850274304	16306600720	4848619245
2025-05-20 02:55:32	7	40	8	4	1	0	3505078272	0	451089	107330	1015459840	4850274304	16308642443	4848619305
2025-05-20 02:55:33	7	40	8	4	1	0	3505078272	0	451092	107333	1015459840	4850274304	16308644366	4848619373
2025-05-20 02:55:34	7	40	8	4	1	0	3505078272	0	451094	107335	1015459840	4850274304	16308646281	4848619433
2025-05-20 02:55:35	7	40	8	4	1	0	3505082368	0	451101	107338	1015459840	4850274304	16310667532	4848619501
2025-05-20 02:55:36	7	40	8	4	1	0	3505082368	0	451104	107342	1015459840	4850274304	16310669455	4848619599
2025-05-20 02:55:38	7	40	8	4	1	0	3505086464	0	451113	107347	1015459840	4850274304	16312666146	4848619683
2025-05-20 02:55:39	7	40	8	4	1	0	3505086464	0	451117	107351	1015459840	4850274304	16312668077	4848619759
2025-05-20 02:55:40	7	40	8	4	1	0	3505086464	0	451119	107353	1015459840	4850274304	16312669992	4848619819
2025-05-20 02:55:41	7	40	8	4	1	0	3505090560	0	451129	107359	1015459840	4850278400	16314642189	4848620059
2025-05-20 02:55:42	7	40	8	4	1	0	3505090560	0	451134	107364	1015459840	4850278400	16314644128	4848620143
2025-05-20 02:55:43	7	40	8	4	1	0	3505090560	0	451137	107367	1015459840	4850278400	16314646051	4848620211
2025-05-20 02:55:44	7	40	8	4	1	0	3505094656	0	451143	107369	1015459840	4850278400	16316597662	4848620271
2025-05-20 02:55:45	7	40	8	4	1	0	3505094656	0	451145	107372	1015459840	4850282496	16316599577	4848620361
2025-05-20 02:55:46	7	40	8	4	1	0	3505094656	0	451149	107374	1015459840	4850282496	16316603407	4848620421
2025-05-20 02:55:47	7	40	8	4	1	0	3505098752	0	451156	107377	1015459840	4850282496	16318530450	4848620489
2025-05-20 02:55:48	7	40	8	4	1	0	3505098752	0	451160	107381	1015459840	4850282496	16318532381	4848620565
2025-05-20 02:55:49	7	40	8	4	1	0	3505098752	0	451163	107384	1015459840	4850282496	16318534304	4848620633
2025-05-20 02:55:50	7	40	8	4	1	0	3505106944	0	451170	107387	1015459840	4850282496	16320436771	4848620701
2025-05-20 02:55:51	7	40	8	4	1	0	3505106944	0	451174	107391	1015459840	4850282496	16320438702	4848620777
2025-05-20 02:55:52	7	40	8	4	1	0	3505111040	0	451181	107394	1015459840	4850282496	16322320689	4848620845
2025-05-20 02:55:53	7	40	8	4	1	0	3505111040	0	451183	107397	1015459840	4850282496	16322322604	4848620935
2025-05-20 02:55:55	7	40	8	4	1	0	3505111040	0	451185	107399	1015459840	4850282496	16322324519	4848620995
2025-05-20 02:55:56	7	40	8	4	1	0	3505115136	0	451194	107404	1015459840	4850286592	16324186042	4848621079
2025-05-20 02:55:57	7	40	8	4	1	0	3505115136	0	451197	107407	1015459840	4850286592	16324187965	4848621147
2025-05-20 02:55:58	7	40	8	4	1	0	3505115136	0	451200	107410	1015459840	4850286592	16324189888	4848621215
2025-05-20 02:55:59	7	40	8	4	1	0	3505119232	0	451208	107414	1015459840	4850286592	16326026827	4848621291
2025-05-20 02:56:00	7	40	8	4	1	0	3505119232	0	451211	107417	1015459840	4850286592	16326028749	4848621359
2025-05-20 02:56:01	7	40	8	4	1	0	3505123328	0	451219	107421	1015459840	4850286592	16327845208	4848621435
2025-05-20 02:56:02	7	40	8	4	1	0	3505123328	0	451222	107425	1015459840	4850286592	16327847132	4848621533
2025-05-20 02:56:03	7	40	8	4	1	0	3505123328	0	451224	107427	1015459840	4850286592	16327849048	4848621593
2025-05-20 02:56:04	7	40	8	4	1	0	3505127424	0	451233	107430	1015459840	4850286592	16329646936	4848621661
2025-05-20 02:56:05	7	40	8	4	1	0	3505127424	0	451236	107433	1015459840	4850286592	16329648860	4848621729
2025-05-20 02:56:06	7	40	8	4	1	0	3505127424	0	451239	107436	1015459840	4850286592	16329650784	4848621797
2025-05-20 02:56:07	7	40	8	4	1	0	3505127424	0	451246	107439	1015459840	4850286592	16331426276	4848621865
2025-05-20 02:56:08	7	40	8	4	1	0	3505127424	0	451249	107442	1015459840	4850286592	16331428200	4848621933
2025-05-20 02:56:09	7	40	8	4	1	0	3505127424	0	451251	107445	1015459840	4850286592	16331430116	4848622023
2025-05-20 02:56:11	7	40	8	4	1	0	3505131520	0	451260	107450	1015459840	4850286592	16333185218	4848622255
2025-05-20 02:56:12	7	40	8	4	1	0	3505131520	0	451263	107453	1015459840	4850286592	16333187142	4848622323
2025-05-20 02:56:13	7	40	8	4	1	0	3505131520	0	451265	107455	1015459840	4850286592	16333189058	4848622383
2025-05-20 02:56:14	7	40	8	4	1	0	3505168384	0	451272	107458	1015459840	4850286592	16334923590	4848622451
2025-05-20 02:56:15	7	40	8	4	1	0	3505168384	0	451274	107460	1015459840	4850286592	16334925505	4848622511
2025-05-20 02:56:16	7	40	8	4	1	0	3505172480	0	451280	107462	1015459840	4850286592	16336639548	4848622571
2025-05-20 02:56:17	7	40	8	4	1	0	3505172480	0	451286	107469	1015459840	4850286592	16336641496	4848622693
2025-05-20 02:56:18	7	40	8	4	1	0	3505172480	0	451289	107472	1015459840	4850286592	16336643420	4848622761
2025-05-20 02:56:19	7	40	8	4	1	0	3505176576	0	451298	107475	1015459840	4850286592	16338338908	4848622829
2025-05-20 02:56:20	7	40	8	4	1	0	3505176576	0	451300	107477	1015459840	4850286592	16338340824	4848622889
2025-05-20 02:56:21	7	40	8	4	1	0	3505176576	0	451303	107480	1015459840	4850286592	16338342748	4848622957
2025-05-20 02:56:22	7	40	8	4	1	0	3505176576	0	451309	107482	1015459840	4850286592	16340015832	4848623017
2025-05-20 02:56:23	7	40	8	4	1	0	3505176576	0	451312	107485	1015459840	4850286592	16340017756	4848623085
2025-05-20 02:56:24	7	40	8	4	1	0	3505180672	0	451320	107490	1015459840	4850286592	16341674472	4848623191
2025-05-20 02:56:26	7	40	8	4	1	0	3505180672	0	451325	107495	1015459840	4850290688	16341676411	4848623275
2025-05-20 02:56:27	7	40	8	4	1	0	3505180672	0	451329	107499	1015459840	4850290688	16341678342	4848623351
2025-05-20 02:56:28	7	40	8	4	1	0	3505184768	0	451338	107504	1015459840	4850290688	16343314586	4848623435
2025-05-20 02:56:29	7	40	8	4	1	0	3505184768	0	451342	107508	1015459840	4850290688	16343316518	4848623511
2025-05-20 02:56:30	7	40	8	4	1	0	3505188864	0	451349	107511	1015459840	4850290688	16344932266	4848623579
2025-05-20 02:56:31	7	40	8	4	1	0	3505188864	0	451353	107515	1015459840	4850290688	16344934198	4848623655
2025-05-20 02:56:32	7	40	8	4	1	0	3505188864	0	451355	107517	1015459840	4850290688	16344936113	4848623715
2025-05-20 02:56:33	7	40	8	4	1	0	3505192960	0	451363	107522	1015459840	4850290688	16346531387	4848623821
2025-05-20 02:56:34	7	40	8	4	1	0	3505192960	0	451366	107525	1015459840	4850290688	16346533310	4848623889
2025-05-20 02:56:35	7	40	8	4	1	0	3505192960	0	451374	107529	1015459840	4850290688	16348112201	4848623965
2025-05-20 02:56:36	7	40	8	4	1	0	3505192960	0	451380	107533	1015459840	4850290688	16348116048	4848624041
2025-05-20 02:56:37	7	40	8	4	1	0	3505192960	0	451383	107536	1015459840	4850290688	16348117972	4848624109
2025-05-20 02:56:38	7	40	8	4	1	0	3505197056	0	451392	107541	1015459840	4850294784	16349680562	4848624341
2025-05-20 02:56:39	7	40	8	4	1	0	3505197056	0	451395	107544	1015459840	4850294784	16349682486	4848624409
2025-05-20 02:56:40	7	40	8	4	1	0	3505201152	0	451403	107548	1015459840	4850294784	16351224514	4848624485
2025-05-20 02:56:41	7	40	8	4	1	0	3505201152	0	451407	107553	1015459840	4850294784	16351226446	4848624591
2025-05-20 02:56:43	7	40	8	4	1	0	3505201152	0	451410	107556	1015459840	4850294784	16351228370	4848624659
2025-05-20 02:56:44	7	40	8	4	1	0	3505205248	0	451419	107561	1015459840	4850294784	16352749926	4848624743
2025-05-20 02:56:45	7	40	8	4	1	0	3505205248	0	451423	107565	1015459840	4850294784	16352751857	4848624819
2025-05-20 02:56:46	7	40	8	4	1	0	3505209344	0	451430	107568	1015459840	4850294784	16354261108	4848624887
2025-05-20 02:56:47	7	40	8	4	1	0	3505233920	0	451432	107570	1015459840	4850294784	16354263024	4848624947
2025-05-20 02:56:48	7	40	8	4	1	0	3505246208	0	451435	107574	1015459840	4850294784	16354264948	4848625045
2025-05-20 02:56:49	7	40	8	4	1	0	3505258496	0	451444	107579	1015459840	4850294784	16355753736	4848625129
2025-05-20 02:56:50	7	40	8	4	1	0	3505278976	0	451447	107582	1015459840	4850294784	16355755660	4848625197
2025-05-20 02:56:51	7	40	8	4	1	0	3505283072	0	451457	107586	1015459840	4850294784	16357225876	4848625273
2025-05-20 02:56:52	7	40	8	4	1	0	3505291264	0	451460	107589	1015459840	4850294784	16357227800	4848625341
2025-05-20 02:56:53	7	40	8	4	1	0	3505299456	0	451466	107591	1015459840	4850294784	16358683795	4848625401
2025-05-20 02:56:54	7	40	8	4	1	0	3505307648	0	451469	107594	1015459840	4850298880	16358685718	4848625469
2025-05-20 02:56:55	7	40	8	4	1	0	3505319936	0	451473	107598	1015459840	4850298880	16358687650	4848625545
2025-05-20 02:56:56	7	40	8	4	1	0	3505336320	0	451482	107604	1015459840	4850302976	16360127286	4848625659
2025-05-20 02:56:58	7	40	8	4	1	0	3505344512	0	451484	107606	1015459840	4850302976	16360129202	4848625719
2025-05-20 02:56:59	7	40	8	4	1	0	3505352704	0	451492	107610	1015459840	4850302976	16361548350	4848625795
2025-05-20 02:57:00	7	40	8	4	1	0	3505373184	0	451494	107612	1015459840	4850302976	16361550266	4848625855
2025-05-20 02:57:01	7	40	8	4	1	0	3505397760	0	451501	107615	1015459840	4850302976	16362953021	4848625923
2025-05-20 02:57:02	7	40	8	4	1	0	3505401856	0	451505	107619	1015459840	4850302976	16362954952	4848625999
2025-05-20 02:57:03	7	40	8	4	1	0	3505401856	0	451508	107622	1015459840	4850302976	16362956876	4848626067
2025-05-20 02:57:04	7	40	8	4	1	0	3505405952	0	451519	107630	1015459840	4850302976	16364347450	4848626345
2025-05-20 02:57:05	7	40	8	4	1	0	3505405952	0	451521	107632	1015459840	4850302976	16364349366	4848626405
2025-05-20 02:57:06	7	40	8	4	1	0	3505405952	0	451526	107635	1015459840	4850302976	16364353206	4848626473
2025-05-20 02:57:07	7	40	8	4	1	0	3505410048	0	451534	107639	1015459840	4850302976	16365723202	4848626549
2025-05-20 02:57:08	7	40	8	4	1	0	3505410048	0	451536	107641	1015459840	4850302976	16365725118	4848626609
2025-05-20 02:57:09	7	40	8	4	1	0	3505410048	0	451542	107644	1015459840	4850302976	16367082810	4848626699
2025-05-20 02:57:11	7	40	8	4	1	0	3505410048	0	451545	107647	1015459840	4850302976	16367084734	4848626767
2025-05-20 02:57:12	7	40	8	4	1	0	3505414144	0	451551	107649	1015459840	4850302976	16368421946	4848626827
2025-05-20 02:57:13	7	40	8	4	1	0	3505414144	0	451553	107651	1015459840	4850302976	16368423862	4848626887
2025-05-20 02:57:14	7	40	8	4	1	0	3505418240	0	451559	107653	1015459840	4850302976	16369748786	4848626947
2025-05-20 02:57:15	7	40	8	4	1	0	3505418240	0	451561	107655	1015459840	4850302976	16369750702	4848627007
2025-05-20 02:57:16	7	40	8	4	1	0	3505418240	0	451563	107657	1015459840	4850302976	16369752618	4848627067
2025-05-20 02:57:17	7	40	8	4	1	0	3505418240	0	451570	107660	1015459840	4850302976	16371061166	4848627135
2025-05-20 02:57:18	7	40	8	4	1	0	3505418240	0	451574	107665	1015459840	4850302976	16371063098	4848627241
2025-05-20 02:57:19	7	40	8	4	1	0	3505422336	0	451580	107667	1015459840	4850302976	16372359350	4848627301
2025-05-20 02:57:20	7	40	8	4	1	0	3505422336	0	451583	107670	1015459840	4850302976	16372361274	4848627369
2025-05-20 02:57:21	7	40	8	4	1	0	3505426432	0	451591	107674	1015459840	4850302976	16373637062	4848627445
2025-05-20 02:57:22	7	40	8	4	1	0	3505426432	0	451596	107677	1015459840	4850302976	16373640902	4848627513
2025-05-20 02:57:23	7	40	8	4	1	0	3505426432	0	451604	107681	1015459840	4850302976	16374904402	4848627589
2025-05-20 02:57:24	7	40	8	4	1	0	3505426432	0	451607	107684	1015459840	4850302976	16374906326	4848627657
2025-05-20 02:57:25	7	40	8	4	1	0	3505430528	0	451614	107687	1015459840	4850302976	16376157530	4848627725
2025-05-20 02:57:26	7	40	8	4	1	0	3505430528	0	451618	107692	1015459840	4850302976	16376159462	4848627831
2025-05-20 02:57:28	7	40	8	4	1	0	3505430528	0	451627	107697	1015459840	4850311168	16377394372	4848628063
2025-05-20 02:57:29	7	40	8	4	1	0	3505430528	0	451631	107701	1015459840	4850311168	16377396304	4848628139
2025-05-20 02:57:30	7	40	8	4	1	0	3505434624	0	451639	107705	1015459840	4850311168	16378614748	4848628215
2025-05-20 02:57:31	7	40	8	4	1	0	3505434624	0	451642	107708	1015459840	4850311168	16378616672	4848628283
2025-05-20 02:57:32	7	40	8	4	1	0	3505434624	0	451647	107714	1015459840	4850311168	16378618612	4848628397
2025-05-20 02:57:33	7	40	8	4	1	0	3505434624	0	451653	107718	1015459840	4850311168	16378622460	4848628473
2025-05-20 02:57:34	7	40	8	4	1	0	3505434624	0	451661	107722	1015459840	4850311168	16379828616	4848628549
2025-05-20 02:57:35	7	40	8	4	1	0	3505434624	0	451665	107727	1015459840	4850311168	16379830547	4848628655
2025-05-20 02:57:37	7	40	8	4	1	0	3505438720	0	451673	107731	1015459840	4850311168	16381024414	4848628731
2025-05-20 02:57:38	7	40	8	4	1	0	3505438720	0	451676	107734	1015459840	4850311168	16381026338	4848628799
2025-05-20 02:57:39	7	40	8	4	1	0	3505442816	0	451683	107737	1015459840	4850311168	16382203814	4848628867
2025-05-20 02:57:40	7	40	8	4	1	0	3505442816	0	451686	107740	1015459840	4850311168	16382205738	4848628935
2025-05-20 02:57:41	7	40	8	4	1	0	3505442816	0	451693	107743	1015459840	4850311168	16383370926	4848629003
2025-05-20 02:57:42	7	40	8	4	1	0	3505442816	0	451696	107746	1015459840	4850311168	16383372850	4848629071
2025-05-20 02:57:43	7	40	8	4	1	0	3505446912	0	451702	107748	1015459840	4850311168	16384521646	4848629131
2025-05-20 02:57:44	7	40	8	4	1	0	3505446912	0	451706	107753	1015459840	4850311168	16384523577	4848629237
2025-05-20 02:57:45	7	40	8	4	1	0	3505446912	0	451713	107756	1015459840	4850311168	16385660092	4848629305
2025-05-20 02:57:46	7	40	8	4	1	0	3505139712	0	451715	107758	1015459840	4850311168	16385662008	4848629365
2025-05-20 02:57:47	7	40	8	4	1	0	3505143808	0	451721	107760	1015459840	4850311168	16386786227	4848629425
2025-05-20 02:57:48	7	40	8	4	1	0	3505143808	0	451724	107763	1015459840	4850311168	16386788149	4848629493
2025-05-20 02:57:49	7	40	8	4	1	0	3505143808	0	451733	107766	1015459840	4850311168	16387902004	4848629561
2025-05-20 02:57:50	7	40	8	4	1	0	3505143808	0	451735	107768	1015459840	4850311168	16387903920	4848629621
2025-05-20 02:57:51	7	40	8	4	1	0	3505147904	0	451744	107773	1015459840	4850311168	16389003662	4848629853
2025-05-20 02:57:52	7	40	8	4	1	0	3505147904	0	451747	107777	1015459840	4850311168	16389005584	4848629951
2025-05-20 02:57:54	7	40	8	4	1	0	3505147904	0	451755	107781	1015459840	4850311168	16390092954	4848630027
2025-05-20 02:57:55	7	40	8	4	1	0	3505147904	0	451759	107785	1015459840	4850311168	16390094886	4848630103
2025-05-20 02:57:56	7	40	8	4	1	0	3505152000	0	451765	107787	1015459840	4850311168	16391165858	4848630163
2025-05-20 02:57:57	7	40	8	4	1	0	3505152000	0	451768	107791	1015459840	4850311168	16391167782	4848630261
2025-05-20 02:57:58	7	40	8	4	1	0	3505152000	0	451773	107794	1015459840	4850315264	16391171622	4848630329
2025-05-20 02:58:00	7	40	8	4	1	0	3505152000	0	451776	107798	1015459840	4850315264	16391173546	4848630427
2025-05-20 02:58:01	7	40	8	4	1	0	3505152000	0	451784	107803	1015459840	4850315264	16392232246	4848630533
2025-05-20 02:58:02	7	40	8	4	1	0	3505152000	0	451787	107806	1015459840	4850319360	16392234170	4848630601
2025-05-20 02:58:03	7	40	8	4	1	0	3505156096	0	451794	107809	1015459840	4850319360	16393284670	4848630669
2025-05-20 02:58:04	7	40	8	4	1	0	3505156096	0	451797	107812	1015459840	4850319360	16393286594	4848630737
2025-05-20 02:58:05	7	40	8	4	1	0	3505156096	0	451805	107816	1015459840	4850319360	16394320718	4848630813
2025-05-20 02:58:06	7	40	8	4	1	0	3505156096	0	451811	107820	1015459840	4850319360	16394324565	4848630889
2025-05-20 02:58:07	7	40	8	4	1	0	3505160192	0	451818	107823	1015459840	4850319360	16395350488	4848630957
2025-05-20 02:58:08	7	40	8	4	1	0	3505160192	0	451825	107826	1015459840	4850319360	16396360028	4848631025
2025-05-20 02:58:09	7	40	8	4	1	0	3505160192	0	451828	107830	1015459840	4850319360	16396361952	4848631123
2025-05-20 02:58:11	7	40	8	4	1	0	3505164288	0	451835	107833	1015459840	4850319360	16397363299	4848631191
2025-05-20 02:58:12	7	40	8	4	1	0	3505164288	0	451839	107837	1015459840	4850319360	16397365230	4848631267
2025-05-20 02:58:13	7	40	8	4	1	0	3505164288	0	451845	107839	1015459840	4850319360	16398354282	4848631327
2025-05-20 02:58:14	7	40	8	4	1	0	3505164288	0	451848	107842	1015459840	4850319360	16398356205	4848631395
2025-05-20 02:58:15	7	40	8	4	1	0	3505168384	0	451857	107847	1015459840	4850323456	16399333066	4848631627
2025-05-20 02:58:16	7	40	8	4	1	0	3505168384	0	451863	107849	1015459840	4850323456	16400301638	4848631687
2025-05-20 02:58:17	7	40	8	4	1	0	3505168384	0	451867	107853	1015459840	4850323456	16400303570	4848631763
2025-05-20 02:58:18	7	40	8	4	1	0	3505172480	0	451875	107858	1015459840	4850323456	16401255774	4848631869
2025-05-20 02:58:19	7	40	8	4	1	0	3505172480	0	451878	107861	1015459840	4850323456	16401257697	4848631937
2025-05-20 02:58:20	7	40	8	4	1	0	3505172480	0	451885	107864	1015459840	4850323456	16402201700	4848632005
2025-05-20 02:58:21	7	40	8	4	1	0	3505172480	0	451889	107868	1015459840	4850323456	16402203632	4848632081
2025-05-20 02:58:22	7	40	8	4	1	0	3505176576	0	451897	107870	1015459840	4850323456	16403137254	4848632141
2025-05-20 02:58:23	7	40	8	4	1	0	3505176576	0	451904	107873	1015459840	4850323456	16404060776	4848632209
2025-05-20 02:58:24	7	40	8	4	1	0	3505176576	0	451908	107878	1015459840	4850323456	16404062708	4848632315
2025-05-20 02:58:26	7	40	8	4	1	0	3505176576	0	451910	107880	1015459840	4850323456	16404064624	4848632375
2025-05-20 02:58:27	7	40	8	4	1	0	3505176576	0	451917	107883	1015459840	4850323456	16404975860	4848632443
2025-05-20 02:58:28	7	40	8	4	1	0	3505176576	0	451922	107889	1015459840	4850323456	16404977800	4848632557
2025-05-20 02:58:29	7	40	8	4	1	0	3505176576	0	451928	107893	1015459840	4850327552	16404981648	4848632633
2025-05-20 02:58:30	7	40	8	4	1	0	3505180672	0	451936	107898	1015459840	4850327552	16405880604	4848632739
2025-05-20 02:58:32	7	40	8	4	1	0	3505180672	0	451943	107901	1015459840	4850327552	16406771360	4848632807
2025-05-20 02:58:33	7	40	8	4	1	0	3505180672	0	451946	107904	1015459840	4850327552	16406773284	4848632875
2025-05-20 02:58:34	7	40	8	4	1	0	3505184768	0	451953	107907	1015459840	4850327552	16407651752	4848632943
2025-05-20 02:58:35	7	40	8	4	1	0	3505184768	0	451957	107911	1015459840	4850327552	16407653684	4848633019
2025-05-20 02:58:36	7	40	8	4	1	0	3505184768	0	451966	107916	1015459840	4850327552	16408524050	4848633251
2025-05-20 02:58:37	7	40	8	4	1	0	3505184768	0	451969	107919	1015459840	4850327552	16408525974	4848633319
2025-05-20 02:58:38	7	40	8	4	1	0	3505188864	0	451976	107922	1015459840	4850327552	16409388058	4848633387
2025-05-20 02:58:39	7	40	8	4	1	0	3505188864	0	451983	107926	1015459840	4850327552	16410233758	4848633485
2025-05-20 02:58:40	7	40	8	4	1	0	3505188864	0	451986	107929	1015459840	4850327552	16410235682	4848633553
2025-05-20 02:58:41	7	40	8	4	1	0	3505188864	0	451993	107932	1015459840	4850327552	16411077286	4848633621
2025-05-20 02:58:42	7	40	8	4	1	0	3505192960	0	452000	107935	1015459840	4850327552	16411906602	4848633689
2025-05-20 02:58:43	7	40	8	4	1	0	3505192960	0	452002	107937	1015459840	4850327552	16411908518	4848633749
2025-05-20 02:58:44	7	40	8	4	1	0	3505192960	0	452009	107940	1015459840	4850327552	16412729642	4848633817
2025-05-20 02:58:45	7	40	8	4	1	0	3505197056	0	452018	107943	1015459840	4850327552	16413540394	4848633885
2025-05-20 02:58:46	7	40	8	4	1	0	3505197056	0	452022	107948	1015459840	4850327552	16413542326	4848633991
2025-05-20 02:58:48	7	40	8	4	1	0	3505197056	0	452029	107951	1015459840	4850327552	16414347066	4848634059
2025-05-20 02:58:49	7	40	8	4	1	0	3505197056	0	452032	107954	1015459840	4850327552	16414348990	4848634127
2025-05-20 02:58:50	7	40	8	4	1	0	3505197056	0	452039	107957	1015459840	4850327552	16415141442	4848634195
2025-05-20 02:58:51	7	40	8	4	1	0	3505205248	0	452046	107960	1015459840	4850327552	16415921606	4848634263
2025-05-20 02:58:52	7	40	8	4	1	0	3505205248	0	452050	107964	1015459840	4850327552	16415923538	4848634339
2025-05-20 02:58:53	7	40	8	4	1	0	3505205248	0	452059	107969	1015459840	4850331648	16416699694	4848634571
2025-05-20 02:58:54	7	40	8	4	1	0	3505205248	0	452063	107974	1015459840	4850331648	16416701624	4848634677
2025-05-20 02:58:55	7	40	8	4	1	0	3505205248	0	452070	107980	1015459840	4850331648	16416705480	4848634791
2025-05-20 02:58:57	7	40	8	4	1	0	3505205248	0	452073	107983	1015459840	4850331648	16416707403	4848634859
2025-05-20 02:58:58	7	40	8	4	1	0	3505205248	0	452077	107988	1015459840	4850331648	16416709334	4848634965
2025-05-20 02:59:00	7	40	8	4	1	0	3505205248	0	452088	107994	1015459840	4850335744	16417475045	4848635079
2025-05-20 02:59:01	7	40	8	4	1	0	3505205248	0	452090	107996	1015459840	4850335744	16417476960	4848635139
2025-05-20 02:59:02	7	40	8	4	1	0	3505209344	0	452098	108000	1015459840	4850335744	16418232556	4848635215
2025-05-20 02:59:03	7	40	8	4	1	0	3505209344	0	452104	108002	1015459840	4850335744	16418979944	4848635275
2025-05-20 02:59:04	7	40	8	4	1	0	3505209344	0	452111	108005	1015459840	4850335744	16419719148	4848635343
2025-05-20 02:59:05	7	40	8	4	1	0	3505209344	0	452114	108008	1015459840	4850335744	16419721071	4848635411
2025-05-20 02:59:06	7	40	8	4	1	0	3505213440	0	452121	108012	1015459840	4850335744	16420452082	4848635509
2025-05-20 02:59:07	7	40	8	4	1	0	3505213440	0	452127	108014	1015459840	4850335744	16421170798	4848635569
2025-05-20 02:59:08	7	40	8	4	1	0	3505213440	0	452130	108017	1015459840	4850335744	16421172722	4848635637
2025-05-20 02:59:09	7	40	8	4	1	0	3505262592	0	452137	108020	1015459840	4850335744	16421887350	4848635705
2025-05-20 02:59:10	7	40	8	4	1	0	3505262592	0	452144	108023	1015459840	4850339840	16422593786	4848635773
2025-05-20 02:59:11	7	40	8	4	1	0	3505262592	0	452152	108027	1015459840	4850339840	16423292038	4848635849
2025-05-20 02:59:12	7	40	8	4	1	0	3505262592	0	452155	108030	1015459840	4850339840	16423293962	4848635917
2025-05-20 02:59:13	7	40	8	4	1	0	3505266688	0	452163	108034	1015459840	4850339840	16423980000	4848636141
2025-05-20 02:59:14	7	40	8	4	1	0	3505266688	0	452174	108040	1015459840	4850339840	16424663790	4848636255
2025-05-20 02:59:16	7	40	8	4	1	0	3505266688	0	452181	108043	1015459840	4850339840	16425337458	4848636323
2025-05-20 02:59:17	7	40	8	4	1	0	3505266688	0	452185	108047	1015459840	4850339840	16425339390	4848636399
2025-05-20 02:59:18	7	40	8	4	1	0	3505266688	0	452193	108051	1015459840	4850339840	16426004874	4848636475
2025-05-20 02:59:19	7	40	8	4	1	0	3505266688	0	452197	108055	1015459840	4850339840	16426006804	4848636551
2025-05-20 02:59:20	7	40	8	4	1	0	3505270784	0	452203	108058	1015459840	4850339840	16426664078	4848636641
2025-05-20 02:59:21	7	40	8	4	1	0	3505270784	0	452205	108060	1015459840	4850339840	16426665994	4848636701
2025-05-20 02:59:23	7	40	8	4	1	0	3505270784	0	452210	108064	1015459840	4850339840	16426669834	4848636799
2025-05-20 02:59:24	7	40	8	4	1	0	3505270784	0	452213	108068	1015459840	4850339840	16426671758	4848636897
2025-05-20 02:59:26	7	40	8	4	1	0	3505270784	0	452219	108073	1015459840	4850339840	16426675606	4848637003
2025-05-20 02:59:27	7	40	8	4	1	0	3505270784	0	452226	108076	1015459840	4850339840	16427324698	4848637071
2025-05-20 02:59:28	7	40	8	4	1	0	3505270784	0	452233	108079	1015459840	4850339840	16427965598	4848637139
2025-05-20 02:59:29	7	40	8	4	1	0	3505274880	0	452241	108083	1015459840	4850339840	16428602410	4848637215
2025-05-20 02:59:30	7	40	8	4	1	0	3505274880	0	452244	108086	1015459840	4850339840	16428604334	4848637283
2025-05-20 02:59:31	7	40	8	4	1	0	3505274880	0	452252	108090	1015459840	4850343936	16429232954	4848637359
2025-05-20 02:59:32	7	40	8	4	1	0	3505274880	0	452259	108093	1015459840	4850343936	16429853374	4848637427
2025-05-20 02:59:33	7	40	8	4	1	0	3505278976	0	452269	108100	1015459840	4850348032	16430465700	4848637697
2025-05-20 02:59:34	7	40	8	4	1	0	3505278976	0	452275	108102	1015459840	4850348032	16431073823	4848637757
2025-05-20 02:59:35	7	40	8	4	1	0	3505278976	0	452277	108104	1015459840	4850348032	16431075737	4848637817
2025-05-20 02:59:36	7	40	8	4	1	0	3505278976	0	452283	108106	1015459840	4850348032	16431671572	4848637877
2025-05-20 02:59:37	7	40	8	4	1	0	3505278976	0	452289	108108	1015459840	4850348032	16432267408	4848637937
2025-05-20 02:59:38	7	40	8	4	1	0	3505283072	0	452296	108111	1015459840	4850348032	16432850964	4848638005
2025-05-20 02:59:39	7	40	8	4	1	0	3505283072	0	452303	108114	1015459840	4850348032	16433430424	4848638073
2025-05-20 02:59:40	7	40	8	4	1	0	3505283072	0	452310	108118	1015459840	4850348032	16434001692	4848638171
2025-05-20 02:59:42	7	40	8	4	1	0	3505283072	0	452316	108122	1015459840	4850348032	16434005540	4848638247
2025-05-20 02:59:43	7	40	8	4	1	0	3505287168	0	452324	108126	1015459840	4850348032	16434572720	4848638323
2025-05-20 02:59:44	7	40	8	4	1	0	3505287168	0	452331	108129	1015459840	4850348032	16435131700	4848638391
2025-05-20 02:59:45	7	40	8	4	1	0	3505287168	0	452333	108131	1015459840	4850348032	16435133616	4848638451
2025-05-20 02:59:46	7	40	8	4	1	0	3505287168	0	452339	108134	1015459840	4850348032	16435684396	4848638541
2025-05-20 02:59:47	7	40	8	4	1	0	3505287168	0	452343	108137	1015459840	4850348032	16435688228	4848638631
2025-05-20 02:59:49	7	40	8	4	1	0	3505287168	0	452345	108140	1015459840	4850348032	16435690144	4848638721
2025-05-20 02:59:50	7	40	8	4	1	0	3505287168	0	452347	108142	1015459840	4850348032	16435692059	4848638781
2025-05-20 02:59:51	7	40	8	4	1	0	3505287168	0	452355	108146	1015459840	4850348032	16436238832	4848639005
2025-05-20 02:59:52	7	40	8	4	1	0	3505291264	0	452363	108150	1015459840	4850348032	16436777340	4848639081
2025-05-20 02:59:53	7	40	8	4	1	0	3505299456	0	452370	108153	1015459840	4850348032	16437311744	4848639149
2025-05-20 02:59:54	7	40	8	4	1	0	3505311744	0	452377	108156	1015459840	4850348032	16437837955	4848639217
2025-05-20 02:59:55	7	40	8	4	1	0	3505344512	0	452382	108160	1015459840	4850348032	16438294534	4848639315
2025-05-20 02:59:57	7	40	8	4	1	0	3505360896	0	452389	108166	1015459840	4987031552	16438298444	4848643589
2025-05-20 02:59:58	7	40	8	4	1	0	3283005440	0	452585	108175	1015459840	6419095552	18007028008	6417366989
2025-05-20 02:59:59	7	40	8	4	1	0	3621896192	0	452588	108178	1015459840	6419095552	18007029942	6417367057
2025-05-20 03:00:00	7	40	8	4	1	0	3891216384	0	452590	108180	1015459840	6419095552	18007031868	6417367117
2025-05-20 03:00:01	7	40	8	4	1	0	4034625536	0	452593	108183	1015459840	6419099648	18007033802	6417367185
2025-05-20 03:00:02	7	40	8	4	1	0	4132220928	0	452596	108187	1015459840	6419099648	18007035736	6417367283
2025-05-20 03:00:03	7	40	8	4	1	0	4203921408	0	452599	108190	1015459840	6419099648	18007037670	6417367351
2025-05-20 03:00:05	7	40	8	4	1	0	4252581888	0	452604	108194	1015459840	6419099648	18007041530	6417367449
2025-05-20 03:00:06	7	40	8	4	1	0	4295520256	0	452607	108198	1015459840	6419099648	18007043464	6417367547
2025-05-20 03:00:07	7	40	8	4	1	0	4396253184	0	452610	108201	1015459840	6419099648	18007045398	6417367615
2025-05-20 03:00:08	7	40	8	4	1	0	4635222016	0	452613	108205	1015459840	6419099648	18007047332	6417367713
2025-05-20 03:00:10	7	40	8	4	1	0	4964024320	0	452616	108208	1015459840	6419099648	18007049273	6417367781
2025-05-20 03:00:11	7	40	8	4	1	0	5297680384	0	452620	108210	1015459840	6419099648	18007053141	6417367841
2025-05-20 03:00:12	7	40	8	4	1	0	5634953216	0	452623	108213	1015459840	6419103744	18007055084	6417367913
2025-05-20 03:00:13	7	40	8	4	1	0	5971894272	0	452626	108216	1015459840	6419103744	18007057027	6417367985
2025-05-20 03:00:14	7	40	8	4	1	0	6311825408	0	452628	108218	1015459840	6419103744	18007058962	6417368049
2025-05-20 03:00:15	7	40	8	4	1	0	4819673088	0	452630	108221	1015459840	8270966784	18007060896	6417372209
2025-05-20 03:00:16	7	40	8	4	1	0	1682210816	0	452633	108230	1015558144	9562542080	18007062847	9554822852
2025-05-20 03:00:17	7	40	8	4	1	0	2000633856	0	470151	108233	1016868864	9562611712	18294006012	9554822961
2025-05-20 03:00:18	7	40	8	4	1	0	2067742720	0	485487	108236	1016868864	9562615808	18545223816	9554823029
2025-05-20 03:00:19	7	40	8	4	1	0	2201960448	0	495489	108238	1016868864	9562615808	18709065740	9554823089
2025-05-20 03:00:20	7	40	8	4	1	0	2201960448	0	507354	108241	1016868864	9562615808	18903414680	9554823157
2025-05-20 03:00:22	7	40	8	4	1	0	2201960448	0	507356	108244	1016868864	9562615808	18903416603	9554823247
2025-05-20 03:00:23	7	40	8	4	1	0	2201960448	0	518588	108248	1016868864	9562615808	19087347250	9554823323
2025-05-20 03:00:24	7	40	8	4	1	0	2470395904	0	532797	108250	1016868864	9562615808	19320116662	9554823383
2025-05-20 03:00:25	7	40	8	4	1	0	2470395904	0	556930	108252	1016868864	9562615808	19715480890	9554823443
2025-05-20 03:00:26	7	40	8	4	1	0	2470395904	0	582025	108254	1016868864	9562615808	20126606526	9554823503
2025-05-20 03:00:27	7	40	8	4	1	0	3007266816	0	601658	108258	1016868864	9562615808	20448226380	9554823601
2025-05-20 03:00:28	7	40	8	4	1	0	3007266816	0	621361	108261	1016868864	9562615808	20770993114	9554823669
2025-05-20 03:00:29	7	40	8	4	1	0	3007266816	0	644764	108264	1016868864	9562615808	21154380648	9554823737
2025-05-20 03:00:30	7	40	8	4	1	0	2320769024	0	647438	108301	1016901632	10349592576	21817602053	10339301136
2025-05-20 03:00:31	7	40	8	4	1	0	4915638272	0	647743	108304	1016901632	10349592576	24334297490	10339301204
2025-05-20 03:00:32	7	40	8	4	1	0	5255708672	0	647745	108306	1016901632	10349592576	24334299416	10339301266
2025-05-20 03:00:34	7	40	8	4	1	0	5428871168	0	647748	108310	1016901632	10349592576	24334301353	10339301370
2025-05-20 03:00:35	7	40	8	4	1	0	5551906816	0	647754	108315	1016901632	10349592576	24334305227	10339301482
2025-05-20 03:00:36	7	40	8	4	1	0	5669347328	0	647757	108318	1016901632	10349592576	24334307164	10339301554
2025-05-20 03:00:37	7	40	8	4	1	0	5865103360	0	647760	108322	1016901632	10349592576	24334309101	10339301658
2025-05-20 03:00:39	7	40	8	4	1	0	5999730688	0	647764	108326	1016901632	10349592576	24334311046	10339301738
2025-05-20 03:00:40	7	40	8	4	1	0	6096089088	0	647768	108330	1016901632	10349592576	24334312991	10339301818
2025-05-20 03:00:41	7	40	8	4	1	0	6165499904	0	647773	108333	1016901632	10349592576	24334316858	10339301890
2025-05-20 03:00:42	7	40	8	4	1	0	6222585856	0	647776	108336	1016901632	10349596672	24334318796	10339301962
2025-05-20 03:00:43	7	40	8	4	1	0	6265049088	0	647779	108339	1016901632	10349596672	24334320734	10339302034
2025-05-20 03:00:44	7	40	8	4	1	0	6297026560	0	647783	108344	1016901632	10349596672	24334322680	10339302146
2025-05-20 03:00:45	7	40	8	4	1	0	6322872320	0	647785	108346	1016901632	10349596672	24334324610	10339302210
2025-05-20 03:00:46	7	40	8	4	1	0	6341713920	0	647788	108349	1016901632	10349596672	24334326548	10339302282
2025-05-20 03:00:47	7	40	8	4	1	0	6355156992	0	647792	108353	1016901632	10349596672	24334328494	10339302362
2025-05-20 03:00:48	7	40	8	4	1	0	6365028352	0	647796	108357	1016901632	10349596672	24334330440	10339302442
2025-05-20 03:00:49	7	40	8	4	1	0	6371840000	0	647798	108359	1016901632	10349596672	24334332370	10339302506
2025-05-20 03:00:50	7	40	8	4	1	0	6376747008	0	647801	108363	1016901632	10349596672	24334334308	10339302610
2025-05-20 03:00:52	7	40	8	4	1	0	6379409408	0	647804	108366	1016901632	10349596672	24334336246	10339302682
2025-05-20 03:00:53	7	40	8	4	1	0	6381518848	0	647807	108369	1016901632	10349596672	24334338184	10339302754
2025-05-20 03:00:54	7	40	8	4	1	0	6382542848	0	647813	108373	1016901632	10349596672	24334342058	10339302834
2025-05-20 03:00:55	7	40	8	4	1	0	6383349760	0	647815	108375	1016901632	10349596672	24334343988	10339302898
2025-05-20 03:00:56	7	40	8	4	1	0	6383931392	0	647818	108378	1016901632	10349596672	24334345926	10339302970
2025-05-20 03:00:57	7	40	8	4	1	0	6384316416	0	647822	108383	1016901632	10349596672	24334347871	10339303082
2025-05-20 03:00:58	7	40	8	4	1	0	6384599040	0	647825	108386	1016901632	10349596672	24334349808	10339303154
2025-05-20 03:00:59	7	40	8	4	1	0	6384762880	0	647828	108389	1016901632	10349596672	24334351746	10339303226
2025-05-20 03:01:00	7	40	8	4	1	0	6384893952	0	647831	108392	1016901632	10349596672	24334353684	10339303298
2025-05-20 03:01:01	7	40	8	4	1	0	6385283072	0	647834	108395	1016901632	10349596672	24334355622	10339303370
2025-05-20 03:01:02	7	40	8	4	1	0	6385401856	0	647837	108398	1016901632	10349596672	24334357560	10339303442
2025-05-20 03:01:03	7	40	8	4	1	0	6385430528	0	647840	108402	1016901632	10349596672	24334359493	10339303546
2025-05-20 03:01:05	7	40	8	4	1	0	6385446912	0	647843	108405	1016901632	10349596672	24334361426	10339303618
2025-05-20 03:01:06	7	40	8	4	1	0	6385537024	0	647846	108408	1016901632	10349596672	24334363360	10339303690
2025-05-20 03:01:07	7	40	8	4	1	0	6385594368	0	647852	108412	1016901632	10349596672	24334367226	10339303770
2025-05-20 03:01:08	7	40	8	4	1	0	6385618944	0	647855	108415	1016901632	10349596672	24334369158	10339303842
2025-05-20 03:01:09	7	40	8	4	1	0	6385635328	0	647857	108417	1016901632	10349596672	24334371083	10339303906
2025-05-20 03:01:10	7	40	8	4	1	0	6385668096	0	647861	108422	1016901632	10349596672	24334373024	10339304018
2025-05-20 03:01:11	7	40	8	4	1	0	6385676288	0	647864	108425	1016901632	10349596672	24334374958	10339304090
2025-05-20 03:01:12	7	40	8	4	1	0	6385700864	0	647867	108428	1016901632	10349596672	24334376892	10339304162
2025-05-20 03:01:13	7	40	8	4	1	0	6385704960	0	647870	108431	1016901632	10349600768	24334378826	10339304234
2025-05-20 03:01:14	7	40	8	4	1	0	6385721344	0	647872	108433	1016901632	10349600768	24334380752	10339304298
2025-05-20 03:01:15	7	40	8	4	1	0	6385729536	0	647876	108437	1016901632	10349600768	24334382694	10339304378
2025-05-20 03:01:16	7	40	8	4	1	0	6385737728	0	647879	108441	1016901632	10349600768	24334384628	10339304482
2025-05-20 03:01:18	7	40	8	4	1	0	6385741824	0	647882	108444	1016901632	10349600768	24334386562	10339304554
2025-05-20 03:01:19	7	40	8	4	1	0	6385750016	0	647885	108447	1016901632	10349600768	24334388494	10339304626
2025-05-20 03:01:20	7	40	8	4	1	0	6385770496	0	647888	108450	1016901632	10349600768	24334390426	10339304698
2025-05-20 03:01:21	7	40	8	4	1	0	6385770496	0	647893	108453	1016901632	10349600768	24334394286	10339304770
2025-05-20 03:01:22	7	40	8	4	1	0	6385782784	0	647896	108456	1016901632	10349600768	24334396220	10339304842
2025-05-20 03:01:23	7	40	8	4	1	0	6385790976	0	647900	108461	1016901632	10349604864	24334398162	10339304954
2025-05-20 03:01:24	7	40	8	4	1	0	6385860608	0	647904	108465	1016901632	10349604864	24334400103	10339305034
2025-05-20 03:01:25	7	40	8	4	1	0	6385864704	0	647908	108469	1016901632	10349604864	24334402044	10339305114
2025-05-20 03:01:26	7	40	8	4	1	0	6385872896	0	647910	108471	1016901632	10349604864	24334403970	10339305178
2025-05-20 03:01:27	7	40	8	4	1	0	6385872896	0	647912	108473	1016901632	10349604864	24334405896	10339305242
2025-05-20 03:01:28	7	40	8	4	1	0	6385876992	0	647915	108476	1016901632	10349604864	24334407830	10339305314
2025-05-20 03:01:30	7	40	8	4	1	0	6385868800	0	647917	108479	1016901632	10349604864	24334409760	10339305410
2025-05-20 03:01:31	7	40	8	4	1	0	6385876992	0	647919	108481	1016901632	10349604864	24334411690	10339305474
2025-05-20 03:01:32	7	40	8	4	1	0	6385881088	0	647922	108484	1016901632	10349604864	24334413629	10339305546
2025-05-20 03:01:33	7	40	8	4	1	0	6385889280	0	647925	108487	1016901632	10349604864	24334415568	10339305618
2025-05-20 03:01:34	7	40	8	4	1	0	6385893376	0	647931	108491	1016901632	10349604864	24334419436	10339305698
2025-05-20 03:01:35	7	40	8	4	1	0	6385852416	0	647934	108495	1016901632	10349604864	24334421374	10339305802
2025-05-20 03:01:36	7	40	8	4	1	0	6385856512	0	647937	108498	1016901632	10349604864	24334423312	10339305874
2025-05-20 03:01:37	7	40	8	4	1	0	6385856512	0	647940	108501	1016901632	10349604864	24334425250	10339305946
2025-05-20 03:01:38	7	40	8	4	1	0	6385856512	0	647943	108504	1016901632	10349604864	24334427188	10339306018
2025-05-20 03:01:39	7	40	8	4	1	0	6385864704	0	647946	108507	1016901632	10349604864	24334429126	10339306090
2025-05-20 03:01:40	7	40	8	4	1	0	6385868800	0	647950	108511	1016901632	10349604864	24334431072	10339306170
2025-05-20 03:01:41	7	40	8	4	1	0	6385868800	0	647953	108515	1016901632	10349604864	24334433010	10339306274
2025-05-20 03:01:43	7	40	8	4	1	0	6385872896	0	647956	108518	1016901632	10349604864	24334434948	10339306346
2025-05-20 03:01:44	7	40	8	4	1	0	6385876992	0	647959	108521	1016901632	10349608960	24334436886	10339306418
2025-05-20 03:01:45	7	40	8	4	1	0	6385876992	0	647962	108524	1016901632	10349608960	24334438824	10339306490
2025-05-20 03:01:46	7	40	8	4	1	0	6385876992	0	647965	108527	1016901632	10349608960	24334440762	10339306562
2025-05-20 03:01:47	7	40	8	4	1	0	6385876992	0	647970	108530	1016901632	10349608960	24334444630	10339306634
2025-05-20 03:01:48	7	40	8	4	1	0	6385881088	0	647974	108535	1016901632	10349608960	24334446576	10339306746
2025-05-20 03:01:49	7	40	8	4	1	0	6386212864	0	647977	108538	1016901632	10349608960	24334448514	10339306818
2025-05-20 03:01:50	7	40	8	4	1	0	6386225152	0	647980	108541	1016901632	10349608960	24334450452	10339306890
2025-05-20 03:01:51	7	40	8	4	1	0	6386225152	0	647982	108543	1016901632	10349608960	24334452382	10339306954
2025-05-20 03:01:52	7	40	8	4	1	0	6386225152	0	647984	108545	1016901632	10349608960	24334454312	10339307018
2025-05-20 03:01:53	7	40	8	4	1	0	6386229248	0	647987	108548	1016901632	10349608960	24334456250	10339307090
2025-05-20 03:01:54	7	40	8	4	1	0	6386233344	0	647990	108552	1016901632	10349608960	24334458188	10339307194
2025-05-20 03:01:56	7	40	8	4	1	0	6386057216	0	647993	108555	1016901632	10349608960	24334460126	10339307266
2025-05-20 03:01:57	7	40	8	4	1	0	6386061312	0	647996	108558	1016901632	10349608960	24334462064	10339307338
2025-05-20 03:01:58	7	40	8	4	1	0	6386061312	0	647998	108560	1016901632	10349608960	24334463994	10339307402
2025-05-20 03:01:59	7	40	8	4	1	0	6386077696	0	648004	108564	1016901632	10349608960	24334467869	10339307482
2025-05-20 03:02:00	7	40	8	4	1	0	6386077696	0	648007	108567	1016901632	10349608960	24334469806	10339307554
2025-05-20 03:02:01	7	40	8	4	1	0	6386077696	0	648011	108572	1016901632	10349608960	24334471752	10339307666
2025-05-20 03:02:02	7	40	8	4	1	0	6386077696	0	648013	108574	1016901632	10349608960	24334473682	10339307730
2025-05-20 03:02:03	7	40	8	4	1	0	6386077696	0	648016	108577	1016901632	10349608960	24334475620	10339307802
2025-05-20 03:02:04	7	40	8	4	1	0	6386077696	0	648019	108580	1016901632	10349608960	24334477554	10339307874
2025-05-20 03:02:05	7	40	8	4	1	0	6386077696	0	648021	108582	1016901632	10349608960	24334479480	10339307938
2025-05-20 03:02:06	7	40	8	4	1	0	6386077696	0	648023	108584	1016901632	10349608960	24334481406	10339308002
2025-05-20 03:02:07	7	40	8	4	1	0	6386077696	0	648026	108588	1016901632	10349608960	24334483339	10339308106
2025-05-20 03:02:09	7	40	8	4	1	0	6386077696	0	648029	108591	1016901632	10349608960	24334485272	10339308178
2025-05-20 03:02:10	7	40	8	4	1	0	6386077696	0	648033	108595	1016901632	10349608960	24334487214	10339308258
2025-05-20 03:02:11	7	40	8	4	1	0	6386077696	0	648036	108598	1016901632	10349608960	24334489147	10339308330
2025-05-20 03:02:12	7	40	8	4	1	0	6386077696	0	648038	108600	1016901632	10349608960	24334491071	10339308394
2025-05-20 03:02:13	7	40	8	4	1	0	6386077696	0	648043	108603	1016901632	10349608960	24334494930	10339308466
2025-05-20 03:02:14	7	40	8	4	1	0	6386077696	0	648047	108608	1016901632	10349613056	24334496872	10339308578
2025-05-20 03:02:15	7	40	8	4	1	0	6386184192	0	648050	108611	1016901632	10349613056	24334498806	10339308650
2025-05-20 03:02:16	7	40	8	4	1	0	6386184192	0	648052	108613	1016901632	10349613056	24334500732	10339308714
2025-05-20 03:02:17	7	40	8	4	1	0	6386184192	0	648056	108617	1016901632	10349613056	24334502674	10339308794
2025-05-20 03:02:18	7	40	8	4	1	0	6386184192	0	648059	108620	1016901632	10349613056	24334504608	10339308866
2025-05-20 03:02:19	7	40	8	4	1	0	6386184192	0	648062	108623	1016901632	10349613056	24334506542	10339308938
2025-05-20 03:02:20	7	40	8	4	1	0	6386184192	0	648064	108626	1016901632	10349613056	24334508467	10339309034
2025-05-20 03:02:22	7	40	8	4	1	0	6386184192	0	648067	108629	1016901632	10349613056	24334510400	10339309106
2025-05-20 03:02:23	7	40	8	4	1	0	6386184192	0	648071	108633	1016901632	10349613056	24334512342	10339309186
2025-05-20 03:02:24	7	40	8	4	1	0	6386184192	0	648074	108636	1016901632	10349613056	24334514276	10339309258
2025-05-20 03:02:25	7	40	8	4	1	0	6386184192	0	648077	108639	1016901632	10349613056	24334516210	10339309330
2025-05-20 03:02:26	7	40	8	4	1	0	6386184192	0	648083	108643	1016901632	10349613056	24334520078	10339309410
2025-05-20 03:02:27	7	40	8	4	1	0	6386188288	0	648086	108647	1016901632	10349617152	24334522012	10339309514
2025-05-20 03:02:28	7	40	8	4	1	0	6386192384	0	648089	108650	1016901632	10349617152	24334523946	10339309586
2025-05-20 03:02:29	7	40	8	4	1	0	6386192384	0	648092	108653	1016901632	10349617152	24334525880	10339309658
2025-05-20 03:02:30	7	40	8	4	1	0	6386192384	0	648096	108657	1016901632	10349617152	24334527821	10339309738
2025-05-20 03:02:31	7	40	8	4	1	0	6386192384	0	648098	108659	1016901632	10349617152	24334529746	10339309802
2025-05-20 03:02:32	7	40	8	4	1	0	6386192384	0	648101	108662	1016901632	10349617152	24334531680	10339309874
2025-05-20 03:02:33	7	40	8	4	1	0	6386192384	0	648103	108665	1016901632	10349617152	24334533606	10339309970
2025-05-20 03:02:35	7	40	8	4	1	0	6386192384	0	648105	108667	1016901632	10349617152	24334535532	10339310034
2025-05-20 03:02:36	7	40	8	4	1	0	6386192384	0	648107	108669	1016901632	10349617152	24334537458	10339310098
2025-05-20 03:02:37	7	40	8	4	1	0	6386192384	0	648111	108673	1016901632	10349617152	24334539400	10339310178
2025-05-20 03:02:38	7	40	8	4	1	0	6386192384	0	648113	108675	1016901632	10349617152	24334541326	10339310242
2025-05-20 03:02:39	7	40	8	4	1	0	6386192384	0	648118	108678	1016901632	10349617152	24334545186	10339310314
2025-05-20 03:02:40	7	40	8	4	1	0	6386192384	0	648122	108683	1016901632	10349617152	24334547128	10339310426
2025-05-20 03:02:41	7	40	8	4	1	0	6386192384	0	648124	108685	1016901632	10349617152	24334549051	10339310490
2025-05-20 03:02:42	7	40	8	4	1	0	6386192384	0	648127	108688	1016901632	10349617152	24334550982	10339310562
2025-05-20 03:02:43	7	40	8	4	1	0	6386192384	0	648130	108691	1016901632	10349617152	24334552916	10339310634
2025-05-20 03:02:44	7	40	8	4	1	0	6386204672	0	648132	108693	1016901632	10349617152	24334554841	10339310698
2025-05-20 03:02:45	7	40	8	4	1	0	6386204672	0	648135	108697	1016901632	10349621248	24334556772	10339310802
2025-05-20 03:02:47	7	40	8	4	1	0	6386204672	0	648137	108699	1016901632	10349621248	24334558696	10339310866
2025-05-20 03:02:48	7	40	8	4	1	0	6386204672	0	648140	108702	1016901632	10349621248	24334560629	10339310938
2025-05-20 03:02:49	7	40	8	4	1	0	6386204672	0	648144	108706	1016901632	10349621248	24334562570	10339311018
2025-05-20 03:02:50	7	40	8	4	1	0	6386204672	0	648146	108708	1016901632	10349621248	24334564496	10339311082
2025-05-20 03:02:51	7	40	8	4	1	0	6386204672	0	648149	108711	1016901632	10349621248	24334566430	10339311154
2025-05-20 03:02:52	7	40	8	4	1	0	6386212864	0	648155	108716	1016901632	10349621248	24334570298	10339311266
2025-05-20 03:02:53	7	40	8	4	1	0	6386237440	0	648157	108718	1016901632	10349621248	24334572224	10339311330
2025-05-20 03:02:54	7	40	8	4	1	0	6386249728	0	648160	108721	1016901632	10349621248	24334574158	10339311402
2025-05-20 03:02:55	7	40	8	4	1	0	6386253824	0	648162	108723	1016901632	10349621248	24334576084	10339311466
2025-05-20 03:02:56	7	40	8	4	1	0	6386270208	0	648165	108726	1016901632	10349621248	24334578018	10339311538
2025-05-20 03:02:57	7	40	8	4	1	0	6386278400	0	648168	108729	1016901632	10349621248	24334579952	10339311610
2025-05-20 03:02:58	7	40	8	4	1	0	6386298880	0	648170	108732	1016901632	10349621248	24334581878	10339311706
2025-05-20 03:03:00	7	40	8	4	1	0	6386307072	0	648173	108735	1016901632	10349621248	24334583812	10339311778
2025-05-20 03:03:01	7	40	8	4	1	0	6386319360	0	648176	108738	1016901632	10349621248	24334585746	10339311850
2025-05-20 03:03:02	7	40	8	4	1	0	6386323456	0	648180	108742	1016901632	10349621248	24334587688	10339311930
2025-05-20 03:03:03	7	40	8	4	1	0	6386343936	0	648183	108745	1016901632	10349621248	24334589622	10339312002
2025-05-20 03:03:04	7	40	8	4	1	0	6386352128	0	648186	108748	1016901632	10349621248	24334591556	10339312074
2025-05-20 03:03:05	7	40	8	4	1	0	6386356224	0	648192	108753	1016901632	10349621248	24334595424	10339312186
2025-05-20 03:03:06	7	40	8	4	1	0	6386356224	0	648194	108755	1016901632	10349621248	24334597350	10339312250
2025-05-20 03:03:07	7	40	8	4	1	0	6386356224	0	648197	108758	1016901632	10349621248	24334599284	10339312322
2025-05-20 03:03:08	7	40	8	4	1	0	6386356224	0	648199	108760	1016901632	10349621248	24334601210	10339312386
2025-05-20 03:03:09	7	40	8	4	1	0	6386356224	0	648202	108763	1016901632	10349621248	24334603143	10339312458
2025-05-20 03:03:10	7	40	8	4	1	0	6386356224	0	648204	108765	1016901632	10349621248	24334605068	10339312522
2025-05-20 03:03:11	7	40	8	4	1	0	6386356224	0	648206	108768	1016901632	10349621248	24334606994	10339312618
2025-05-20 03:03:13	7	40	8	4	1	0	6386356224	0	648209	108771	1016901632	10349621248	24334608928	10339312690
2025-05-20 03:03:14	7	40	8	4	1	0	6386356224	0	648211	108773	1016901632	10349621248	24334610854	10339312754
2025-05-20 03:03:15	7	40	8	4	1	0	6386356224	0	648214	108776	1016901632	10349621248	24334612788	10339312826
2025-05-20 03:03:16	7	40	8	4	1	0	6386356224	0	648216	108778	1016901632	10349625344	24334614714	10339312890
2025-05-20 03:03:17	7	40	8	4	1	0	6386356224	0	648219	108781	1016901632	10349625344	24334616648	10339312962
2025-05-20 03:03:18	7	40	8	4	1	0	6386356224	0	648223	108786	1016901632	10349625344	24334618590	10339313074
2025-05-20 03:03:19	7	40	8	4	1	0	6386425856	0	648229	108790	1016901632	10349625344	24334622458	10339313154
2025-05-20 03:03:20	7	40	8	4	1	0	6386425856	0	648233	108794	1016901632	10349625344	24334624400	10339313234
2025-05-20 03:03:21	7	40	8	4	1	0	6386425856	0	648237	108798	1016901632	10349625344	24334626342	10339313314
2025-05-20 03:03:22	7	40	8	4	1	0	6386425856	0	648241	108802	1016901632	10349625344	24334628284	10339313394
2025-05-20 03:03:23	7	40	8	4	1	0	6386425856	0	648244	108805	1016901632	10349625344	24334630218	10339313466
2025-05-20 03:03:24	7	40	8	4	1	0	6386425856	0	648249	108811	1016901632	10349625344	24334632168	10339313586
2025-05-20 03:03:26	7	40	8	4	1	0	6386425856	0	648251	108813	1016901632	10349625344	24334634094	10339313650
2025-05-20 03:03:27	7	40	8	4	1	0	6386425856	0	648253	108815	1016901632	10349625344	24334636020	10339313714
2025-05-20 03:03:28	7	40	8	4	1	0	6386425856	0	648256	108818	1016901632	10349625344	24334637954	10339313786
2025-05-20 03:03:29	7	40	8	4	1	0	6386425856	0	648260	108822	1016901632	10349625344	24334639896	10339313866
2025-05-20 03:03:30	7	40	8	4	1	0	6386425856	0	648264	108826	1016901632	10349625344	24334641838	10339313946
2025-05-20 03:03:31	7	40	8	4	1	0	6386425856	0	648268	108831	1016901632	10349629440	24334643779	10339314058
2025-05-20 03:03:32	7	40	8	4	1	0	6386425856	0	648274	108835	1016901632	10349629440	24334647646	10339314138
2025-05-20 03:03:33	7	40	8	4	1	0	6386425856	0	648278	108839	1016901632	10349629440	24334649588	10339314218
2025-05-20 03:03:34	7	40	8	4	1	0	6386425856	0	648281	108842	1016901632	10349629440	24334651522	10339314290
2025-05-20 03:03:35	7	40	8	4	1	0	6386425856	0	648284	108845	1016901632	10349629440	24334653456	10339314362
2025-05-20 03:03:36	7	40	8	4	1	0	6386425856	0	648286	108847	1016901632	10349629440	24334655382	10339314426
2025-05-20 03:03:37	7	40	8	4	1	0	6386425856	0	648288	108850	1016901632	10349629440	24334657308	10339314522
2025-05-20 03:03:39	7	40	8	4	1	0	6386425856	0	648292	108854	1016901632	10349629440	24334659250	10339314602
2025-05-20 03:03:40	7	40	8	4	1	0	6386425856	0	648297	108859	1016901632	10349629440	24334661200	10339314690
2025-05-20 03:03:41	7	40	8	4	1	0	6386425856	0	648301	108863	1016901632	10349629440	24334663142	10339314770
2025-05-20 03:03:42	7	40	8	4	1	0	6386425856	0	648304	108866	1016901632	10349629440	24334665076	10339314842
2025-05-20 03:03:43	7	40	8	4	1	0	6386425856	0	648306	108868	1016901632	10349629440	24334667002	10339314906
2025-05-20 03:03:44	7	40	8	4	1	0	6386425856	0	648310	108873	1016901632	10349629440	24334668944	10339315018
2025-05-20 03:03:45	7	40	8	4	1	0	6386425856	0	648314	108875	1016901632	10349629440	24334672796	10339315082
2025-05-20 03:03:46	7	40	8	4	1	0	6386425856	0	648316	108877	1016901632	10349633536	24334674722	10339315146
2025-05-20 03:03:47	7	40	8	4	1	0	6386167808	0	648319	108880	1016901632	10349633536	24334676656	10339315218
2025-05-20 03:03:48	7	40	8	4	1	0	6386167808	0	648322	108883	1016901632	10349633536	24334678590	10339315290
2025-05-20 03:03:49	7	40	8	4	1	0	6386167808	0	648326	108887	1016901632	10349633536	24334680532	10339315370
2025-05-20 03:03:50	7	40	8	4	1	0	6386167808	0	648330	108892	1016901632	10349633536	24334682474	10339315482
2025-05-20 03:03:52	7	40	8	4	1	0	6386167808	0	648333	108895	1016901632	10349633536	24334684408	10339315554
2025-05-20 03:03:53	7	40	8	4	1	0	6386167808	0	648336	108898	1016901632	10349633536	24334686342	10339315626
2025-05-20 03:03:54	7	40	8	4	1	0	6386167808	0	648339	108901	1016901632	10349633536	24334688276	10339315698
2025-05-20 03:03:55	7	40	8	4	1	0	6386167808	0	648342	108904	1016901632	10349633536	24334690210	10339315770
2025-05-20 03:03:56	7	40	8	4	1	0	6386167808	0	648345	108907	1016901632	10349633536	24334692141	10339315842
2025-05-20 03:03:57	7	40	8	4	1	0	6386167808	0	648348	108911	1016901632	10349633536	24334694071	10339315946
2025-05-20 03:03:58	7	40	8	4	1	0	6386167808	0	648354	108915	1016901632	10349633536	24334697938	10339316026
2025-05-20 03:03:59	7	40	8	4	1	0	6386167808	0	648357	108918	1016901632	10349633536	24334699872	10339316098
2025-05-20 03:04:00	7	40	8	4	1	0	6386167808	0	648360	108921	1016901632	10349633536	24334701806	10339316170
2025-05-20 03:04:01	7	40	8	4	1	0	6386167808	0	648363	108924	1016901632	10349633536	24334703739	10339316242
2025-05-20 03:04:02	7	40	8	4	1	0	6386167808	0	648366	108927	1016901632	10349633536	24334705672	10339316314
2025-05-20 03:04:03	7	40	8	4	1	0	6386167808	0	648370	108932	1016901632	10349633536	24334707614	10339316426
2025-05-20 03:04:05	7	40	8	4	1	0	6386167808	0	648373	108935	1016901632	10349633536	24334709548	10339316498
2025-05-20 03:04:06	7	40	8	4	1	0	6386167808	0	648377	108939	1016901632	10349633536	24334711490	10339316578
2025-05-20 03:04:07	7	40	8	4	1	0	6386167808	0	648380	108942	1016901632	10349633536	24334713424	10339316650
2025-05-20 03:04:08	7	40	8	4	1	0	6386167808	0	648383	108945	1016901632	10349633536	24334715358	10339316722
2025-05-20 03:04:09	7	40	8	4	1	0	6386167808	0	648386	108948	1016901632	10349633536	24334717292	10339316794
2025-05-20 03:04:10	7	40	8	4	1	0	6386167808	0	648390	108953	1016901632	10349633536	24334719234	10339316906
2025-05-20 03:04:11	7	40	8	4	1	0	6386167808	0	648393	108956	1016901632	10349633536	24334721168	10339316978
2025-05-20 03:04:12	7	40	8	4	1	0	6386167808	0	648399	108960	1016901632	10349633536	24334725036	10339317058
2025-05-20 03:04:13	7	40	8	4	1	0	6386167808	0	648402	108963	1016901632	10349633536	24334726970	10339317130
2025-05-20 03:04:14	7	40	8	4	1	0	6386167808	0	648405	108966	1016901632	10349633536	24334728904	10339317202
2025-05-20 03:04:15	7	40	8	4	1	0	6386167808	0	648407	108968	1016901632	10349633536	24334730830	10339317266
2025-05-20 03:04:16	7	40	8	4	1	0	6386167808	0	648409	108971	1016901632	10349637632	24334732756	10339317362
2025-05-20 03:04:18	7	40	8	4	1	0	6386167808	0	648411	108973	1016901632	10349637632	24334734682	10339317426
2025-05-20 03:04:19	7	40	8	4	1	0	6386167808	0	648415	108977	1016901632	10349637632	24334736623	10339317506
2025-05-20 03:04:20	7	40	8	4	1	0	6386167808	0	648418	108980	1016901632	10349637632	24334738556	10339317578
2025-05-20 03:04:21	7	40	8	4	1	0	6386167808	0	648421	108983	1016901632	10349637632	24334740490	10339317650
2025-05-20 03:04:22	7	40	8	4	1	0	6386167808	0	648423	108985	1016901632	10349637632	24334742416	10339317714
2025-05-20 03:04:23	7	40	8	4	1	0	6386167808	0	648427	108990	1016901632	10349637632	24334744358	10339317826
2025-05-20 03:04:24	7	40	8	4	1	0	6386167808	0	648430	108993	1016901632	10349637632	24334746292	10339317898
2025-05-20 03:04:25	7	40	8	4	1	0	6386167808	0	648434	108995	1016901632	10349637632	24334750144	10339317962
2025-05-20 03:04:26	7	40	8	4	1	0	6386167808	0	648437	108998	1016901632	10349637632	24334752078	10339318034
2025-05-20 03:04:27	7	40	8	4	1	0	6386167808	0	648439	109000	1016901632	10349637632	24334754004	10339318098
2025-05-20 03:04:28	7	40	8	4	1	0	6386167808	0	648442	109003	1016901632	10349637632	24334755936	10339318170
2025-05-20 03:04:29	7	40	8	4	1	0	6386167808	0	648446	109008	1016901632	10349637632	24334757876	10339318282
2025-05-20 03:04:31	7	40	8	4	1	0	6386167808	0	648449	109011	1016901632	10349637632	24334759810	10339318354
2025-05-20 03:04:32	7	40	8	4	1	0	6386167808	0	648452	109014	1016901632	10349637632	24334761744	10339318426
2025-05-20 03:04:33	7	40	8	4	1	0	6386167808	0	648454	109016	1016901632	10349637632	24334763670	10339318490
2025-05-20 03:04:34	7	40	8	4	1	0	6386167808	0	648457	109019	1016901632	10349637632	24334765604	10339318562
2025-05-20 03:04:35	7	40	8	4	1	0	6386167808	0	648460	109022	1016901632	10349637632	24334767538	10339318634
2025-05-20 03:04:36	7	40	8	4	1	0	6386167808	0	648464	109027	1016901632	10349641728	24334769480	10339318746
2025-05-20 03:04:37	7	40	8	4	1	0	6386167808	0	648467	109030	1016901632	10349641728	24334771413	10339318818
2025-05-20 03:04:38	7	40	8	4	1	0	6386167808	0	648472	109033	1016901632	10349641728	24334775272	10339318890
2025-05-20 03:04:39	7	40	8	4	1	0	6386167808	0	648475	109036	1016901632	10349641728	24334777206	10339318962
2025-05-20 03:04:40	7	40	8	4	1	0	6386167808	0	648478	109039	1016901632	10349641728	24334779140	10339319034
2025-05-20 03:04:41	7	40	8	4	1	0	6386167808	0	648481	109042	1016901632	10349641728	24334781074	10339319106
2025-05-20 03:04:42	7	40	8	4	1	0	6386167808	0	648485	109047	1016901632	10349641728	24334783016	10339319218
2025-05-20 03:04:44	7	40	8	4	1	0	6386167808	0	648487	109049	1016901632	10349641728	24334784942	10339319282
2025-05-20 03:04:45	7	40	8	4	1	0	6386167808	0	648490	109052	1016901632	10349641728	24334786876	10339319354
2025-05-20 03:04:46	7	40	8	4	1	0	6386167808	0	648493	109055	1016901632	10349641728	24334788810	10339319426
2025-05-20 03:04:47	7	40	8	4	1	0	6386167808	0	648496	109058	1016901632	10349641728	24334790744	10339319498
2025-05-20 03:04:48	7	40	8	4	1	0	6386167808	0	648498	109060	1016901632	10349645824	24334792670	10339319562
2025-05-20 03:04:49	7	40	8	4	1	0	6386167808	0	648502	109065	1016901632	10349645824	24334794612	10339319674
2025-05-20 03:04:50	7	40	8	4	1	0	6386167808	0	648505	109068	1016901632	10349645824	24334796546	10339319746
2025-05-20 03:04:51	7	40	8	4	1	0	6386167808	0	648508	109071	1016901632	10349645824	24334798480	10339319818
2025-05-20 03:04:52	7	40	8	4	1	0	6386167808	0	648513	109074	1016901632	10349645824	24334802338	10339319890
2025-05-20 03:04:53	7	40	8	4	1	0	6386167808	0	648516	109077	1016901632	10349645824	24334804272	10339319962
2025-05-20 03:04:54	7	40	8	4	1	0	6386167808	0	648520	109081	1016901632	10349645824	24334806214	10339320042
2025-05-20 03:04:55	7	40	8	4	1	0	6386167808	0	648524	109086	1016901632	10349645824	24334808156	10339320154
2025-05-20 03:04:57	7	40	8	4	1	0	6386167808	0	648527	109089	1016901632	10349645824	24334810090	10339320226
2025-05-20 03:04:58	7	40	8	4	1	0	6386167808	0	648531	109093	1016901632	10349645824	24334812032	10339320306
2025-05-20 03:04:59	7	40	8	4	1	0	6386167808	0	648535	109097	1016901632	10349645824	24334813973	10339320386
2025-05-20 03:05:00	7	40	8	4	1	0	6386167808	0	648537	109099	1016901632	10349645824	24334815898	10339320450
2025-05-20 03:05:01	7	40	8	4	1	0	6386167808	0	648540	109102	1016901632	10349645824	24334817832	10339320522
2025-05-20 03:05:02	7	40	8	4	1	0	6386167808	0	648544	109107	1016901632	10349645824	24334819774	10339320634
2025-05-20 03:05:03	7	40	8	4	1	0	6386167808	0	648547	109110	1016901632	10349645824	24334821708	10339320706
2025-05-20 03:05:04	7	40	8	4	1	0	6386167808	0	648550	109113	1016901632	10349645824	24334823642	10339320778
2025-05-20 03:05:05	7	40	8	4	1	0	6386167808	0	648555	109116	1016901632	10349645824	24334827502	10339320850
2025-05-20 03:05:06	7	40	8	4	1	0	6386167808	0	648558	109119	1016901632	10349645824	24334829436	10339320922
2025-05-20 03:05:07	7	40	8	4	1	0	6386167808	0	648561	109122	1016901632	10349645824	24334831370	10339320994
2025-05-20 03:05:08	7	40	8	4	1	0	6386167808	0	648564	109126	1016901632	10349645824	24334833304	10339321098
2025-05-20 03:05:10	7	40	8	4	1	0	6386167808	0	648567	109129	1016901632	10349645824	24334835238	10339321170
2025-05-20 03:05:11	7	40	8	4	1	0	6386167808	0	648570	109132	1016901632	10349645824	24334837172	10339321242
2025-05-20 03:05:12	7	40	8	4	1	0	6386167808	0	648573	109135	1016901632	10349645824	24334839106	10339321314
2025-05-20 03:05:13	7	40	8	4	1	0	6386167808	0	648577	109139	1016901632	10349645824	24334841048	10339321394
2025-05-20 03:05:14	7	40	8	4	1	0	6386167808	0	648581	109143	1016901632	10349645824	24334842989	10339321474
2025-05-20 03:05:15	7	40	8	4	1	0	6386167808	0	648584	109147	1016901632	10349645824	24334844922	10339321578
2025-05-20 03:05:16	7	40	8	4	1	0	6386167808	0	648587	109150	1016901632	10349645824	24334846855	10339321650
2025-05-20 03:05:17	7	40	8	4	1	0	6386167808	0	648590	109153	1016901632	10349645824	24334848788	10339321722
2025-05-20 03:05:18	7	40	8	4	1	0	6386167808	0	648595	109156	1016901632	10349649920	24334852648	10339321794
2025-05-20 03:05:19	7	40	8	4	1	0	6386176000	0	648598	109159	1016901632	10349649920	24334854582	10339321866
2025-05-20 03:05:20	7	40	8	4	1	0	6386176000	0	648600	109161	1016901632	10349649920	24334856508	10339321930
2025-05-20 03:05:22	7	40	8	4	1	0	6386180096	0	648603	109165	1016901632	10349649920	24334858442	10339322034
2025-05-20 03:05:23	7	40	8	4	1	0	6386180096	0	648606	109168	1016901632	10349649920	24334860376	10339322106
2025-05-20 03:05:24	7	40	8	4	1	0	6386180096	0	648609	109171	1016901632	10349649920	24334862310	10339322178
2025-05-20 03:05:25	7	40	8	4	1	0	6386180096	0	648612	109174	1016901632	10349649920	24334864243	10339322250
2025-05-20 03:05:26	7	40	8	4	1	0	6386180096	0	648615	109177	1016901632	10349649920	24334866175	10339322322
2025-05-20 03:05:27	7	40	8	4	1	0	6386180096	0	648618	109180	1016901632	10349649920	24334868108	10339322394
2025-05-20 03:05:28	7	40	8	4	1	0	6386180096	0	648623	109186	1016901632	10349649920	24334870058	10339322514
2025-05-20 03:05:29	7	40	8	4	1	0	6386180096	0	648626	109189	1016901632	10349649920	24334871990	10339322586
2025-05-20 03:05:30	7	40	8	4	1	0	6386180096	0	648629	109192	1016901632	10349649920	24334873922	10339322658
2025-05-20 03:05:31	7	40	8	4	1	0	6386180096	0	648635	109196	1016901632	10349649920	24334877790	10339322738
2025-05-20 03:05:32	7	40	8	4	1	0	6386180096	0	648638	109199	1016901632	10349649920	24334879724	10339322810
2025-05-20 03:05:33	7	40	8	4	1	0	6386180096	0	648642	109203	1016901632	10349649920	24334881665	10339322890
2025-05-20 03:05:35	7	40	8	4	1	0	6386180096	0	648645	109207	1016901632	10349649920	24334883598	10339322994
2025-05-20 03:05:36	7	40	8	4	1	0	6386180096	0	648648	109210	1016901632	10349649920	24334885532	10339323066
2025-05-20 03:05:37	7	40	8	4	1	0	6386180096	0	648651	109213	1016901632	10349649920	24334887466	10339323138
2025-05-20 03:05:38	7	40	8	4	1	0	6386180096	0	648654	109216	1016901632	10349649920	24334889400	10339323210
2025-05-20 03:05:39	7	40	8	4	1	0	6386180096	0	648657	109219	1016901632	10349649920	24334891334	10339323282
2025-05-20 03:05:40	7	40	8	4	1	0	6386180096	0	648661	109224	1016901632	10349654016	24334893275	10339323394
2025-05-20 03:05:41	7	40	8	4	1	0	6386180096	0	648665	109228	1016901632	10349654016	24334895216	10339323474
2025-05-20 03:05:42	7	40	8	4	1	0	6386180096	0	648668	109231	1016901632	10349654016	24334897150	10339323546
2025-05-20 03:05:43	7	40	8	4	1	0	6386180096	0	648671	109234	1016901632	10349654016	24334899084	10339323618
2025-05-20 03:05:44	7	40	8	4	1	0	6386180096	0	648676	109237	1016901632	10349654016	24334902944	10339323690
2025-05-20 03:05:45	7	40	8	4	1	0	6386180096	0	648679	109240	1016901632	10349654016	24334904878	10339323762
2025-05-20 03:05:46	7	40	8	4	1	0	6386180096	0	648682	109243	1016901632	10349654016	24334906812	10339323834
2025-05-20 03:05:48	7	40	8	4	1	0	6386180096	0	648685	109247	1016901632	10349654016	24334908746	10339323938
2025-05-20 03:05:49	7	40	8	4	1	0	6386180096	0	648688	109250	1016901632	10349654016	24334910680	10339324010
2025-05-20 03:05:50	7	40	8	4	1	0	6386180096	0	648691	109253	1016901632	10349658112	24334912614	10339324082
2025-05-20 03:05:51	7	40	8	4	1	0	6386180096	0	648693	109255	1016901632	10349658112	24334914540	10339324146
2025-05-20 03:05:52	7	40	8	4	1	0	6386180096	0	648696	109258	1016901632	10349658112	24334916474	10339324218
2025-05-20 03:05:53	7	40	8	4	1	0	6386180096	0	648699	109261	1016901632	10349658112	24334918408	10339324290
2025-05-20 03:05:54	7	40	8	4	1	0	6386180096	0	648703	109266	1016901632	10349658112	24334920350	10339324402
2025-05-20 03:05:55	7	40	8	4	1	0	6386180096	0	648705	109268	1016901632	10349658112	24334922276	10339324466
2025-05-20 03:05:56	7	40	8	4	1	0	6386180096	0	648708	109271	1016901632	10349658112	24334924209	10339324538
2025-05-20 03:05:57	7	40	8	4	1	0	6386180096	0	648711	109274	1016901632	10349658112	24334926142	10339324610
2025-05-20 03:05:58	7	40	8	4	1	0	6386180096	0	648716	109277	1016901632	10349658112	24334930002	10339324682
2025-05-20 03:05:59	7	40	8	4	1	0	6386180096	0	648719	109280	1016901632	10349658112	24334931935	10339324754
2025-05-20 03:06:00	7	40	8	4	1	0	6386180096	0	648724	109286	1016901632	10349658112	24334933884	10339324874
2025-05-20 03:06:02	7	40	8	4	1	0	6386180096	0	648728	109290	1016901632	10349658112	24334935826	10339324954
2025-05-20 03:06:03	7	40	8	4	1	0	6386180096	0	648732	109294	1016901632	10349658112	24334937768	10339325034
2025-05-20 03:06:04	7	40	8	4	1	0	6386180096	0	648735	109297	1016901632	10349658112	24334939702	10339325106
2025-05-20 03:06:05	7	40	8	4	1	0	6386180096	0	648738	109300	1016901632	10349658112	24334941636	10339325178
2025-05-20 03:06:06	7	40	8	4	1	0	6386180096	0	648741	109303	1016901632	10349658112	24334943570	10339325250
2025-05-20 03:06:07	7	40	8	4	1	0	6386180096	0	648746	109309	1016901632	10349658112	24334945520	10339325370
2025-05-20 03:06:08	7	40	8	4	1	0	6386180096	0	648749	109312	1016901632	10349658112	24334947453	10339325442
2025-05-20 03:06:09	7	40	8	4	1	0	6386180096	0	648753	109316	1016901632	10349658112	24334949394	10339325522
2025-05-20 03:06:10	7	40	8	4	1	0	6386180096	0	648756	109319	1016901632	10349658112	24334951328	10339325594
2025-05-20 03:06:11	7	40	8	4	1	0	6386180096	0	648761	109322	1016901632	10349658112	24334955187	10339325666
2025-05-20 03:06:12	7	40	8	4	1	0	6386180096	0	648764	109325	1016901632	10349658112	24334957120	10339325738
2025-05-20 03:06:14	7	40	8	4	1	0	6386180096	0	648768	109330	1016901632	10349658112	24334959061	10339325850
2025-05-20 03:06:15	7	40	8	4	1	0	6386180096	0	648771	109333	1016901632	10349658112	24334960994	10339325922
2025-05-20 03:06:16	7	40	8	4	1	0	6386180096	0	648775	109337	1016901632	10349658112	24334962936	10339326002
2025-05-20 03:06:17	7	40	8	4	1	0	6386180096	0	648778	109340	1016901632	10349658112	24334964870	10339326074
2025-05-20 03:06:18	7	40	8	4	1	0	6386180096	0	648781	109343	1016901632	10349658112	24334966804	10339326146
2025-05-20 03:06:19	7	40	8	4	1	0	6386180096	0	648785	109347	1016901632	10349658112	24334968746	10339326226
2025-05-20 03:06:20	7	40	8	4	1	0	6386180096	0	648790	109353	1016901632	10349662208	24334970695	10339326346
2025-05-20 03:06:21	7	40	8	4	1	0	6386180096	0	648794	109357	1016901632	10349662208	24334972636	10339326426
2025-05-20 03:06:22	7	40	8	4	1	0	6386180096	0	648798	109361	1016901632	10349662208	24334974577	10339326506
2025-05-20 03:06:23	7	40	8	4	1	0	6386180096	0	648801	109364	1016901632	10349662208	24334976510	10339326578
2025-05-20 03:06:24	7	40	8	4	1	0	6386180096	0	648807	109368	1016901632	10349662208	24334980378	10339326658
2025-05-20 03:06:25	7	40	8	4	1	0	6386180096	0	648811	109372	1016901632	10349662208	24334982320	10339326738
2025-05-20 03:06:26	7	40	8	4	1	0	6386180096	0	648816	109378	1016901632	10349662208	24334984270	10339326858
2025-05-20 03:06:28	7	40	8	4	1	0	6386180096	0	648819	109381	1016901632	10349662208	24334986204	10339326930
2025-05-20 03:06:29	7	40	8	4	1	0	6386180096	0	648822	109384	1016901632	10349662208	24334988138	10339327002
2025-05-20 03:06:30	7	40	8	4	1	0	6386180096	0	648825	109387	1016901632	10349662208	24334990072	10339327074
2025-05-20 03:06:31	7	40	8	4	1	0	6386180096	0	648829	109391	1016901632	10349662208	24334992014	10339327154
2025-05-20 03:06:32	7	40	8	4	1	0	6386180096	0	648833	109395	1016901632	10349662208	24334993956	10339327234
2025-05-20 03:06:33	7	40	8	4	1	0	6386180096	0	648836	109399	1016901632	10349662208	24334995890	10339327338
2025-05-20 03:06:34	7	40	8	4	1	0	6386180096	0	648839	109402	1016901632	10349662208	24334997824	10339327410
2025-05-20 03:06:35	7	40	8	4	1	0	6386180096	0	648842	109405	1016901632	10349662208	24334999758	10339327482
2025-05-20 03:06:36	7	40	8	4	1	0	6386180096	0	648846	109409	1016901632	10349662208	24335001700	10339327562
2025-05-20 03:06:37	7	40	8	4	1	0	6386180096	0	648851	109412	1016901632	10349662208	24335005558	10339327634
2025-05-20 03:06:38	7	40	8	4	1	0	6386180096	0	648854	109415	1016901632	10349662208	24335007492	10339327706
2025-05-20 03:06:39	7	40	8	4	1	0	6386180096	0	648856	109418	1016901632	10349662208	24335009418	10339327802
2025-05-20 03:06:41	7	40	8	4	1	0	6386180096	0	648859	109421	1016901632	10349662208	24335011352	10339327874
2025-05-20 03:06:42	7	40	8	4	1	0	6386180096	0	648862	109424	1016901632	10349662208	24335013285	10339327946
2025-05-20 03:06:43	7	40	8	4	1	0	6386180096	0	648865	109427	1016901632	10349662208	24335015217	10339328018
2025-05-20 03:06:44	7	40	8	4	1	0	6386180096	0	648868	109430	1016901632	10349666304	24335017150	10339328090
2025-05-20 03:06:45	7	40	8	4	1	0	6386180096	0	648872	109434	1016901632	10349666304	24335019092	10339328170
2025-05-20 03:06:46	7	40	8	4	1	0	6386180096	0	648875	109438	1016901632	10349666304	24335021026	10339328274
2025-05-20 03:06:47	7	40	8	4	1	0	6386180096	0	648879	109442	1016901632	10349666304	24335022968	10339328354
2025-05-20 03:06:48	7	40	8	4	1	0	6386180096	0	648883	109446	1016901632	10349666304	24335024910	10339328434
2025-05-20 03:06:49	7	40	8	4	1	0	6386180096	0	648886	109449	1016901632	10349666304	24335026844	10339328506
2025-05-20 03:06:50	7	40	8	4	1	0	6386180096	0	648888	109451	1016901632	10349666304	24335028770	10339328570
2025-05-20 03:06:51	7	40	8	4	1	0	6386180096	0	648893	109454	1016901632	10349670400	24335032630	10339328642
2025-05-20 03:06:52	7	40	8	4	1	0	6386180096	0	648896	109458	1016901632	10349670400	24335034564	10339328746
2025-05-20 03:06:54	7	40	8	4	1	0	6386180096	0	648899	109461	1016901632	10349670400	24335036498	10339328818
2025-05-20 03:06:55	7	40	8	4	1	0	6386180096	0	648902	109464	1016901632	10349670400	24335038432	10339328890
2025-05-20 03:06:56	7	40	8	4	1	0	6386180096	0	648905	109467	1016901632	10349670400	24335040366	10339328962
2025-05-20 03:06:57	7	40	8	4	1	0	6386180096	0	648907	109469	1016901632	10349670400	24335042292	10339329026
2025-05-20 03:06:58	7	40	8	4	1	0	6386180096	0	648909	109471	1016901632	10349670400	24335044217	10339329090
2025-05-20 03:06:59	7	40	8	4	1	0	6386180096	0	648913	109476	1016901632	10349670400	24335046158	10339329202
2025-05-20 03:07:00	7	40	8	4	1	0	6386180096	0	648916	109479	1016901632	10349670400	24335048092	10339329274
2025-05-20 03:07:01	7	40	8	4	1	0	6386180096	0	648919	109482	1016901632	10349670400	24335050026	10339329346
2025-05-20 03:07:02	7	40	8	4	1	0	6386180096	0	648923	109486	1016901632	10349670400	24335051968	10339329426
2025-05-20 03:07:03	7	40	8	4	1	0	6386270208	0	648925	109488	1016901632	10349670400	24335053894	10339329490
2025-05-20 03:07:04	7	40	8	4	1	0	6386274304	0	648930	109491	1016901632	10349670400	24335057754	10339329562
2025-05-20 03:07:05	7	40	8	4	1	0	6386274304	0	648934	109496	1016901632	10349670400	24335059696	10339329674
2025-05-20 03:07:07	7	40	8	4	1	0	6386274304	0	648937	109499	1016901632	10349670400	24335061630	10339329746
2025-05-20 03:07:08	7	40	8	4	1	0	6386274304	0	648940	109502	1016901632	10349670400	24335063564	10339329818
2025-05-20 03:07:09	7	40	8	4	1	0	6386274304	0	648943	109505	1016901632	10349670400	24335065498	10339329890
2025-05-20 03:07:10	7	40	8	4	1	0	6386274304	0	648947	109509	1016901632	10349670400	24335067440	10339329970
2025-05-20 03:07:11	7	40	8	4	1	0	6386278400	0	648950	109512	1016901632	10349670400	24335069374	10339330042
2025-05-20 03:07:12	7	40	8	4	1	0	6386278400	0	648954	109517	1016901632	10349670400	24335071316	10339330154
2025-05-20 03:07:13	7	40	8	4	1	0	6386286592	0	648957	109520	1016901632	10349670400	24335073250	10339330226
2025-05-20 03:07:14	7	40	8	4	1	0	6386302976	0	648960	109523	1016901632	10349670400	24335075184	10339330298
2025-05-20 03:07:15	7	40	8	4	1	0	6386319360	0	648962	109525	1016901632	10349670400	24335077110	10339330362
2025-05-20 03:07:16	7	40	8	4	1	0	6386319360	0	648965	109528	1016901632	10349670400	24335079044	10339330434
2025-05-20 03:07:17	7	40	8	4	1	0	6386331648	0	648970	109531	1016901632	10349670400	24335082904	10339330506
2025-05-20 03:07:18	7	40	8	4	1	0	6386343936	0	648974	109536	1016901632	10349670400	24335084845	10339330618
2025-05-20 03:07:20	7	40	8	4	1	0	6386343936	0	648977	109539	1016901632	10349670400	24335086778	10339330690
2025-05-20 03:07:21	7	40	8	4	1	0	6386343936	0	648979	109541	1016901632	10349670400	24335088704	10339330754
2025-05-20 03:07:22	7	40	8	4	1	0	6386352128	0	648982	109544	1016901632	10349674496	24335090637	10339330826
2025-05-20 03:07:23	7	40	8	4	1	0	6386384896	0	648984	109546	1016901632	10349674496	24335092562	10339330890
2025-05-20 03:07:24	7	40	8	4	1	0	6386393088	0	648988	109550	1016901632	10349674496	24335094504	10339330970
2025-05-20 03:07:25	7	40	8	4	1	0	6386413568	0	648991	109554	1016901632	10349674496	24335096438	10339331074
2025-05-20 03:07:26	7	40	8	4	1	0	6386425856	0	648993	109556	1016901632	10349674496	24335098364	10339331138
2025-05-20 03:07:27	7	40	8	4	1	0	6386434048	0	648997	109560	1016901632	10349674496	24335100305	10339331218
2025-05-20 03:07:28	7	40	8	4	1	0	6386442240	0	649000	109563	1016901632	10349674496	24335102238	10339331290
2025-05-20 03:07:29	7	40	8	4	1	0	6386442240	0	649002	109565	1016901632	10349674496	24335104164	10339331354
2025-05-20 03:07:30	7	40	8	4	1	0	6386442240	0	649005	109568	1016901632	10349674496	24335106098	10339331426
2025-05-20 03:07:31	7	40	8	4	1	0	6386442240	0	649010	109572	1016901632	10349674496	24335109958	10339331530
2025-05-20 03:07:33	7	40	8	4	1	0	6386454528	0	649013	109575	1016901632	10349674496	24335111892	10339331602
2025-05-20 03:07:34	7	40	8	4	1	0	6386454528	0	649016	109578	1016901632	10349674496	24335113826	10339331674
2025-05-20 03:07:35	7	40	8	4	1	0	6386466816	0	649021	109583	1016901632	10349674496	24335115776	10339331762
2025-05-20 03:07:36	7	40	8	4	1	0	6386475008	0	649023	109585	1016901632	10349674496	24335117702	10339331826
2025-05-20 03:07:37	7	40	8	4	1	0	6386475008	0	649027	109589	1016901632	10349674496	24335119644	10339331906
2025-05-20 03:07:38	7	40	8	4	1	0	6386475008	0	649030	109593	1016901632	10349674496	24335121578	10339332010
2025-05-20 03:07:39	7	40	8	4	1	0	6386475008	0	649032	109595	1016901632	10349674496	24335123504	10339332074
2025-05-20 03:07:40	7	40	8	4	1	0	6386483200	0	649035	109598	1016901632	10349674496	24335125438	10339332146
2025-05-20 03:07:41	7	40	8	4	1	0	6386503680	0	649038	109601	1016901632	10349674496	24335127371	10339332218
2025-05-20 03:07:42	7	40	8	4	1	0	6386511872	0	649041	109604	1016901632	10349674496	24335129304	10339332290
2025-05-20 03:07:43	7	40	8	4	1	0	6386520064	0	649043	109606	1016901632	10349674496	24335131229	10339332354
2025-05-20 03:07:44	7	40	8	4	1	0	6386548736	0	649049	109611	1016901632	10349674496	24335135096	10339332466
2025-05-20 03:07:46	7	40	8	4	1	0	6386548736	0	649052	109614	1016901632	10349674496	24335137030	10339332538
2025-05-20 03:07:47	7	40	8	4	1	0	6386561024	0	649056	109618	1016901632	10349674496	24335138971	10339332618
2025-05-20 03:07:48	7	40	8	4	1	0	6386561024	0	649058	109620	1016901632	10349678592	24335140896	10339332682
2025-05-20 03:07:49	7	40	8	4	1	0	6386561024	0	649061	109623	1016901632	10349678592	24335142830	10339332754
2025-05-20 03:07:50	7	40	8	4	1	0	6386561024	0	649064	109626	1016901632	10349678592	24335144764	10339332826
2025-05-20 03:07:51	7	40	8	4	1	0	6386561024	0	649069	109632	1016901632	10349678592	24335146714	10339332946
2025-05-20 03:07:52	7	40	8	4	1	0	6386561024	0	649071	109634	1016901632	10349682688	24335148640	10339333010
2025-05-20 03:07:53	7	40	8	4	1	0	6386561024	0	649074	109637	1016901632	10349682688	24335150574	10339333082
2025-05-20 03:07:54	7	40	8	4	1	0	6386561024	0	649077	109640	1016901632	10349682688	24335152508	10339333154
2025-05-20 03:07:55	7	40	8	4	1	0	6386561024	0	649079	109642	1016901632	10349682688	24335154433	10339333218
2025-05-20 03:07:56	7	40	8	4	1	0	6386561024	0	649082	109645	1016901632	10349682688	24335156366	10339333290
2025-05-20 03:07:57	7	40	8	4	1	0	6386561024	0	649087	109649	1016901632	10349682688	24335160226	10339333394
2025-05-20 03:07:59	7	40	8	4	1	0	6386561024	0	649090	109652	1016901632	10349682688	24335162159	10339333466
2025-05-20 03:08:00	7	40	8	4	1	0	6386561024	0	649093	109655	1016901632	10349682688	24335164092	10339333538
2025-05-20 03:08:01	7	40	8	4	1	0	6386561024	0	649097	109659	1016901632	10349682688	24335166034	10339333618
2025-05-20 03:08:02	7	40	8	4	1	0	6386561024	0	649100	109662	1016901632	10349682688	24335167968	10339333690
2025-05-20 03:08:03	7	40	8	4	1	0	6386561024	0	649103	109665	1016901632	10349682688	24335169902	10339333762
2025-05-20 03:08:04	7	40	8	4	1	0	6386561024	0	649106	109669	1016901632	10349682688	24335171836	10339333866
2025-05-20 03:08:05	7	40	8	4	1	0	6386561024	0	649109	109672	1016901632	10349682688	24335173770	10339333938
2025-05-20 03:08:06	7	40	8	4	1	0	6386561024	0	649112	109675	1016901632	10349682688	24335175704	10339334010
2025-05-20 03:08:07	7	40	8	4	1	0	6386561024	0	649115	109678	1016901632	10349682688	24335177638	10339334082
2025-05-20 03:08:08	7	40	8	4	1	0	6386561024	0	649118	109681	1016901632	10349682688	24335179572	10339334154
2025-05-20 03:08:09	7	40	8	4	1	0	6386561024	0	649121	109684	1016901632	10349682688	24335181506	10339334226
2025-05-20 03:08:10	7	40	8	4	1	0	6386561024	0	649127	109689	1016901632	10349682688	24335185374	10339334338
2025-05-20 03:08:12	7	40	8	4	1	0	6386561024	0	649130	109692	1016901632	10349682688	24335187308	10339334410
2025-05-20 03:08:13	7	40	8	4	1	0	6386561024	0	649133	109695	1016901632	10349682688	24335189242	10339334482
2025-05-20 03:08:14	7	40	8	4	1	0	6386561024	0	649136	109698	1016901632	10349682688	24335191176	10339334554
2025-05-20 03:08:15	7	40	8	4	1	0	6386561024	0	649140	109702	1016901632	10349682688	24335193118	10339334634
2025-05-20 03:08:16	7	40	8	4	1	0	6386573312	0	649143	109705	1016901632	10349682688	24335195052	10339334706
2025-05-20 03:08:17	7	40	8	4	1	0	6386581504	0	649147	109710	1016901632	10349682688	24335196994	10339334818
2025-05-20 03:08:18	7	40	8	4	1	0	6386593792	0	649150	109713	1016901632	10349682688	24335198928	10339334890
2025-05-20 03:08:19	7	40	8	4	1	0	6386601984	0	649154	109717	1016901632	10349682688	24335200870	10339334970
2025-05-20 03:08:20	7	40	8	4	1	0	6386606080	0	649158	109721	1016901632	10349682688	24335202812	10339335050
2025-05-20 03:08:21	7	40	8	4	1	0	6386618368	0	649162	109725	1016901632	10349682688	24335204754	10339335130
2025-05-20 03:08:22	7	40	8	4	1	0	6386626560	0	649166	109729	1016901632	10349682688	24335206696	10339335210
2025-05-20 03:08:23	7	40	8	4	1	0	6386634752	0	649169	109733	1016901632	10349686784	24335208630	10339335314
2025-05-20 03:08:25	7	40	8	4	1	0	6386663424	0	649175	109737	1016901632	10349686784	24335212494	10339335394
2025-05-20 03:08:26	7	40	8	4	1	0	6386667520	0	649178	109740	1016901632	10349686784	24335214428	10339335466
2025-05-20 03:08:27	7	40	8	4	1	0	6386692096	0	649182	109744	1016901632	10349686784	24335216370	10339335546
2025-05-20 03:08:28	7	40	8	4	1	0	6386692096	0	649186	109748	1016901632	10349686784	24335218312	10339335626
2025-05-20 03:08:29	7	40	8	4	1	0	6386704384	0	649189	109751	1016901632	10349686784	24335220246	10339335698
2025-05-20 03:08:30	7	40	8	4	1	0	6386720768	0	649194	109757	1016901632	10349686784	24335222196	10339335818
2025-05-20 03:08:31	7	40	8	4	1	0	6386720768	0	649197	109760	1016901632	10349686784	24335224130	10339335890
2025-05-20 03:08:32	7	40	8	4	1	0	6386720768	0	649200	109763	1016901632	10349686784	24335226064	10339335962
2025-05-20 03:08:33	7	40	8	4	1	0	6386720768	0	649203	109766	1016901632	10349686784	24335227997	10339336034
2025-05-20 03:08:34	7	40	8	4	1	0	6386720768	0	649206	109769	1016901632	10349686784	24335229930	10339336106
2025-05-20 03:08:35	7	40	8	4	1	0	6386724864	0	649210	109773	1016901632	10349686784	24335231871	10339336186
2025-05-20 03:08:36	7	40	8	4	1	0	6386724864	0	649213	109777	1016901632	10349686784	24335233803	10339336290
2025-05-20 03:08:38	7	40	8	4	1	0	6386724864	0	649218	109780	1016901632	10349686784	24335237662	10339336362
2025-05-20 03:08:39	7	40	8	4	1	0	6386724864	0	649222	109784	1016901632	10349686784	24335239604	10339336442
2025-05-20 03:08:40	7	40	8	4	1	0	6386724864	0	649225	109787	1016901632	10349686784	24335241538	10339336514
2025-05-20 03:08:41	7	40	8	4	1	0	6386724864	0	649228	109790	1016901632	10349686784	24335243472	10339336586
2025-05-20 03:08:42	7	40	8	4	1	0	6386397184	0	649232	109794	1016901632	10349686784	24335245414	10339336666
2025-05-20 03:08:43	7	40	8	4	1	0	6386397184	0	649235	109798	1016901632	10349686784	24335247348	10339336770
2025-05-20 03:08:44	7	40	8	4	1	0	6386397184	0	649239	109802	1016901632	10349686784	24335249289	10339336850
2025-05-20 03:08:45	7	40	8	4	1	0	6386397184	0	649243	109806	1016901632	10349686784	24335251230	10339336930
2025-05-20 03:08:46	7	40	8	4	1	0	6386397184	0	649246	109809	1016901632	10349686784	24335253163	10339337002
2025-05-20 03:08:47	7	40	8	4	1	0	6386397184	0	649249	109812	1016901632	10349686784	24335255096	10339337074
2025-05-20 03:08:48	7	40	8	4	1	0	6386397184	0	649252	109815	1016901632	10349686784	24335257030	10339337146
2025-05-20 03:08:49	7	40	8	4	1	0	6386397184	0	649256	109820	1016901632	10349686784	24335258972	10339337258
2025-05-20 03:08:51	7	40	8	4	1	0	6386397184	0	649259	109823	1016901632	10349686784	24335260906	10339337330
2025-05-20 03:08:52	7	40	8	4	1	0	6386397184	0	649264	109826	1016901632	10349690880	24335264766	10339337402
2025-05-20 03:08:53	7	40	8	4	1	0	6386397184	0	649267	109829	1016901632	10349690880	24335266700	10339337474
2025-05-20 03:08:54	7	40	8	4	1	0	6386397184	0	649271	109833	1016901632	10349694976	24335268642	10339337554
2025-05-20 03:08:55	7	40	8	4	1	0	6386397184	0	649274	109836	1016901632	10349694976	24335270575	10339337626
2025-05-20 03:08:56	7	40	8	4	1	0	6386397184	0	649278	109841	1016901632	10349694976	24335272516	10339337738
2025-05-20 03:08:57	7	40	8	4	1	0	6386397184	0	649281	109844	1016901632	10349694976	24335274450	10339337810
2025-05-20 03:08:58	7	40	8	4	1	0	6386397184	0	649286	109849	1016901632	10349694976	24335276400	10339337898
2025-05-20 03:08:59	7	40	8	4	1	0	6386397184	0	649290	109853	1016901632	10349694976	24335278342	10339337978
2025-05-20 03:09:00	7	40	8	4	1	0	6386397184	0	649293	109856	1016901632	10349694976	24335280276	10339338050
2025-05-20 03:09:01	7	40	8	4	1	0	6386397184	0	649296	109859	1016901632	10349694976	24335282210	10339338122
2025-05-20 03:09:02	7	40	8	4	1	0	6386397184	0	649300	109864	1016901632	10349694976	24335284152	10339338234
2025-05-20 03:09:04	7	40	8	4	1	0	6386397184	0	649303	109867	1016901632	10349694976	24335286086	10339338306
2025-05-20 03:09:05	7	40	8	4	1	0	6386397184	0	649309	109871	1016901632	10349694976	24335289954	10339338386
2025-05-20 03:09:06	7	40	8	4	1	0	6386397184	0	649312	109874	1016901632	10349694976	24335291888	10339338458
2025-05-20 03:09:07	7	40	8	4	1	0	6386397184	0	649317	109879	1016901632	10349694976	24335293838	10339338546
2025-05-20 03:09:08	7	40	8	4	1	0	6386397184	0	649322	109884	1016901632	10349694976	24335295788	10339338634
2025-05-20 03:09:09	7	40	8	4	1	0	6386397184	0	649326	109889	1016901632	10349694976	24335297730	10339338746
2025-05-20 03:09:10	7	40	8	4	1	0	6386397184	0	649330	109893	1016901632	10349694976	24335299672	10339338826
2025-05-20 03:09:11	7	40	8	4	1	0	6386397184	0	649333	109896	1016901632	10349694976	24335301606	10339338898
2025-05-20 03:09:12	7	40	8	4	1	0	6386397184	0	649337	109900	1016901632	10349694976	24335303548	10339338978
2025-05-20 03:09:13	7	40	8	4	1	0	6386397184	0	649339	109902	1016901632	10349694976	24335305474	10339339042
2025-05-20 03:09:14	7	40	8	4	1	0	6386397184	0	649342	109905	1016901632	10349694976	24335307408	10339339114
2025-05-20 03:09:15	7	40	8	4	1	0	6386397184	0	649344	109908	1016901632	10349694976	24335309334	10339339210
2025-05-20 03:09:17	7	40	8	4	1	0	6386397184	0	649346	109910	1016901632	10349694976	24335311260	10339339274
2025-05-20 03:09:18	7	40	8	4	1	0	6386397184	0	649352	109914	1016901632	10349694976	24335315128	10339339354
2025-05-20 03:09:19	7	40	8	4	1	0	6386397184	0	649354	109916	1016901632	10349694976	24335317053	10339339418
2025-05-20 03:09:20	7	40	8	4	1	0	6386397184	0	649358	109920	1016901632	10349694976	24335318994	10339339498
2025-05-20 03:09:21	7	40	8	4	1	0	6386397184	0	649362	109924	1016901632	10349694976	24335320936	10339339578
2025-05-20 03:09:22	7	40	8	4	1	0	6386397184	0	649365	109928	1016901632	10349694976	24335322870	10339339682
2025-05-20 03:09:23	7	40	8	4	1	0	6386397184	0	649370	109933	1016901632	10349694976	24335324820	10339339770
2025-05-20 03:09:24	7	40	8	4	1	0	6386397184	0	649373	109936	1016901632	10349699072	24335326754	10339339842
2025-05-20 03:09:25	7	40	8	4	1	0	6386397184	0	649376	109939	1016901632	10349699072	24335328688	10339339914
2025-05-20 03:09:26	7	40	8	4	1	0	6386397184	0	649380	109943	1016901632	10349699072	24335330630	10339339994
2025-05-20 03:09:27	7	40	8	4	1	0	6386397184	0	649382	109945	1016901632	10349699072	24335332556	10339340058
2025-05-20 03:09:28	7	40	8	4	1	0	6386397184	0	649386	109950	1016901632	10349699072	24335334498	10339340170
2025-05-20 03:09:30	7	40	8	4	1	0	6386397184	0	649389	109953	1016901632	10349699072	24335336432	10339340242
2025-05-20 03:09:31	7	40	8	4	1	0	6386397184	0	649394	109956	1016901632	10349699072	24335340291	10339340314
2025-05-20 03:09:32	7	40	8	4	1	0	6386397184	0	649397	109959	1016901632	10349699072	24335342224	10339340386
2025-05-20 03:09:33	7	40	8	4	1	0	6386397184	0	649399	109961	1016901632	10349699072	24335344150	10339340450
2025-05-20 03:09:34	7	40	8	4	1	0	6386397184	0	649404	109966	1016901632	10349699072	24335346100	10339340538
2025-05-20 03:09:35	7	40	8	4	1	0	6386397184	0	649408	109971	1016901632	10349699072	24335348042	10339340650
2025-05-20 03:09:36	7	40	8	4	1	0	6386397184	0	649411	109974	1016901632	10349699072	24335349976	10339340722
2025-05-20 03:09:37	7	40	8	4	1	0	6386397184	0	649414	109977	1016901632	10349699072	24335351910	10339340794
2025-05-20 03:09:38	7	40	8	4	1	0	6386397184	0	649416	109979	1016901632	10349699072	24335353836	10339340858
2025-05-20 03:09:39	7	40	8	4	1	0	6386397184	0	649419	109982	1016901632	10349699072	24335355770	10339340930
2025-05-20 03:09:40	7	40	8	4	1	0	6386397184	0	649423	109986	1016901632	10349699072	24335357712	10339341010
2025-05-20 03:09:41	7	40	8	4	1	0	6386397184	0	649426	109990	1016901632	10349699072	24335359646	10339341114
2025-05-20 03:09:43	7	40	8	4	1	0	6386397184	0	649429	109993	1016901632	10349699072	24335361580	10339341186
2025-05-20 03:09:44	7	40	8	4	1	0	6386397184	0	649432	109996	1016901632	10349699072	24335363514	10339341258
2025-05-20 03:09:45	7	40	8	4	1	0	6386397184	0	649437	109999	1016901632	10349699072	24335367374	10339341330
2025-05-20 03:09:46	7	40	8	4	1	0	6386397184	0	649439	110001	1016901632	10349699072	24335369300	10339341394
2025-05-20 03:09:47	7	40	8	4	1	0	6386397184	0	649441	110003	1016901632	10349699072	24335371226	10339341458
2025-05-20 03:09:48	7	40	8	4	1	0	6386397184	0	649443	110006	1016901632	10349699072	24335373151	10339341554
2025-05-20 03:09:49	7	40	8	4	1	0	6386397184	0	649446	110009	1016901632	10349699072	24335375084	10339341626
2025-05-20 03:09:50	7	40	8	4	1	0	6386397184	0	649449	110012	1016901632	10349699072	24335377017	10339341698
2025-05-20 03:09:51	7	40	8	4	1	0	6386397184	0	649452	110015	1016901632	10349699072	24335378950	10339341770
2025-05-20 03:09:52	7	40	8	4	1	0	6386397184	0	649455	110018	1016901632	10349699072	24335380883	10339341842
2025-05-20 03:09:53	7	40	8	4	1	0	6386397184	0	649459	110022	1016901632	10349699072	24335382824	10339341922
2025-05-20 03:09:54	7	40	8	4	1	0	6386397184	0	649461	110025	1016901632	10349703168	24335384750	10339342018
2025-05-20 03:09:56	7	40	8	4	1	0	6386397184	0	649463	110027	1016901632	10349707264	24335386676	10339342082
2025-05-20 03:09:57	7	40	8	4	1	0	6386397184	0	649465	110029	1016901632	10349707264	24335388602	10339342146
2025-05-20 03:09:58	7	40	8	4	1	0	6386397184	0	649470	110032	1016901632	10349707264	24335392461	10339342218
2025-05-20 03:09:59	7	40	8	4	1	0	6386397184	0	649473	110035	1016901632	10349707264	24335394394	10339342290
2025-05-20 03:10:00	7	40	8	4	1	0	6386397184	0	649475	110037	1016901632	10349707264	24335396320	10339342354
2025-05-20 03:10:01	7	40	8	4	1	0	6386397184	0	649477	110040	1016901632	10349707264	24335398246	10339342450
2025-05-20 03:10:02	7	40	8	4	1	0	6386397184	0	649479	110042	1016901632	10349707264	24335400172	10339342514
2025-05-20 03:10:03	7	40	8	4	1	0	6386397184	0	649481	110044	1016901632	10349707264	24335402098	10339342578
2025-05-20 03:10:04	7	40	8	4	1	0	6386397184	0	649483	110046	1016901632	10349707264	24335404024	10339342642
2025-05-20 03:10:05	7	40	8	4	1	0	6386397184	0	649486	110049	1016901632	10349707264	24335405958	10339342714
2025-05-20 03:10:06	7	40	8	4	1	0	6386397184	0	649489	110052	1016901632	10349707264	24335407892	10339342786
2025-05-20 03:10:07	7	40	8	4	1	0	6386397184	0	649492	110056	1016901632	10349707264	24335409826	10339342890
2025-05-20 03:10:09	7	40	8	4	1	0	6386397184	0	649494	110058	1016901632	10349707264	24335411752	10339342954
2025-05-20 03:10:10	7	40	8	4	1	0	6386397184	0	649497	110061	1016901632	10349707264	24335413686	10339343026
2025-05-20 03:10:11	7	40	8	4	1	0	6386397184	0	649503	110065	1016901632	10349707264	24335417554	10339343106
2025-05-20 03:10:12	7	40	8	4	1	0	6386397184	0	649506	110068	1016901632	10349707264	24335419488	10339343178
2025-05-20 03:10:13	7	40	8	4	1	0	6386397184	0	649510	110072	1016901632	10349707264	24335421430	10339343258
2025-05-20 03:10:14	7	40	8	4	1	0	6386397184	0	649513	110076	1016901632	10349707264	24335423364	10339343362
2025-05-20 03:10:15	7	40	8	4	1	0	6386397184	0	649517	110080	1016901632	10349707264	24335425306	10339343442
2025-05-20 03:10:16	7	40	8	4	1	0	6386397184	0	649520	110083	1016901632	10349707264	24335427240	10339343514
2025-05-20 03:10:17	7	40	8	4	1	0	6386397184	0	649523	110086	1016901632	10349707264	24335429174	10339343586
2025-05-20 03:10:18	7	40	8	4	1	0	6386397184	0	649526	110089	1016901632	10349707264	24335431108	10339343658
2025-05-20 03:10:19	7	40	8	4	1	0	6386397184	0	649530	110093	1016901632	10349707264	24335433050	10339343738
2025-05-20 03:10:21	7	40	8	4	1	0	6386397184	0	649532	110096	1016901632	10349707264	24335434975	10339343834
2025-05-20 03:10:22	7	40	8	4	1	0	6386397184	0	649536	110100	1016901632	10349707264	24335436916	10339343914
2025-05-20 03:10:23	7	40	8	4	1	0	6386397184	0	649539	110103	1016901632	10349707264	24335438850	10339343986
2025-05-20 03:10:24	7	40	8	4	1	0	6386397184	0	649544	110106	1016901632	10349707264	24335442710	10339344058
2025-05-20 03:10:25	7	40	8	4	1	0	6386397184	0	649546	110108	1016901632	10349707264	24335444636	10339344122
2025-05-20 03:10:26	7	40	8	4	1	0	6386397184	0	649549	110111	1016901632	10349711360	24335446570	10339344194
2025-05-20 03:10:27	7	40	8	4	1	0	6386397184	0	649553	110116	1016901632	10349711360	24335448511	10339344306
2025-05-20 03:10:28	7	40	8	4	1	0	6386397184	0	649556	110119	1016901632	10349711360	24335450444	10339344378
2025-05-20 03:10:29	7	40	8	4	1	0	6386397184	0	649559	110122	1016901632	10349711360	24335452378	10339344450
2025-05-20 03:10:30	7	40	8	4	1	0	6386397184	0	649562	110125	1016901632	10349711360	24335454312	10339344522
2025-05-20 03:10:31	7	40	8	4	1	0	6386397184	0	649565	110128	1016901632	10349711360	24335456246	10339344594
2025-05-20 03:10:32	7	40	8	4	1	0	6386397184	0	649568	110131	1016901632	10349711360	24335458180	10339344666
2025-05-20 03:10:33	7	40	8	4	1	0	6386397184	0	649572	110136	1016901632	10349711360	24335460122	10339344778
2025-05-20 03:10:35	7	40	8	4	1	0	6386397184	0	649575	110139	1016901632	10349711360	24335462056	10339344850
2025-05-20 03:10:36	7	40	8	4	1	0	6386397184	0	649578	110142	1016901632	10349711360	24335463990	10339344922
2025-05-20 03:10:37	7	40	8	4	1	0	6386397184	0	649581	110145	1016901632	10349711360	24335465924	10339344994
2025-05-20 03:10:38	7	40	8	4	1	0	6386397184	0	649587	110149	1016901632	10349711360	24335469792	10339345074
2025-05-20 03:10:39	7	40	8	4	1	0	6386397184	0	649591	110153	1016901632	10349711360	24335471734	10339345154
2025-05-20 03:10:40	7	40	8	4	1	0	6386397184	0	649594	110157	1016901632	10349711360	24335473668	10339345258
2025-05-20 03:10:41	7	40	8	4	1	0	6386397184	0	649598	110161	1016901632	10349711360	24335475610	10339345338
2025-05-20 03:10:42	7	40	8	4	1	0	6386397184	0	649601	110164	1016901632	10349711360	24335477544	10339345410
2025-05-20 03:10:43	7	40	8	4	1	0	6386397184	0	649604	110167	1016901632	10349711360	24335479478	10339345482
2025-05-20 03:10:44	7	40	8	4	1	0	6386397184	0	649607	110170	1016901632	10349711360	24335481412	10339345554
2025-05-20 03:10:45	7	40	8	4	1	0	6386397184	0	649610	110173	1016901632	10349711360	24335483346	10339345626
2025-05-20 03:10:47	7	40	8	4	1	0	6386397184	0	649612	110176	1016901632	10349711360	24335485272	10339345722
2025-05-20 03:10:48	7	40	8	4	1	0	6386397184	0	649614	110178	1016901632	10349711360	24335487198	10339345786
2025-05-20 03:10:49	7	40	8	4	1	0	6386397184	0	649617	110181	1016901632	10349711360	24335489132	10339345858
2025-05-20 03:10:50	7	40	8	4	1	0	6386397184	0	649621	110185	1016901632	10349711360	24335491073	10339345938
2025-05-20 03:10:51	7	40	8	4	1	0	6386397184	0	649626	110188	1016901632	10349711360	24335494932	10339346010
2025-05-20 03:10:52	7	40	8	4	1	0	6386397184	0	649629	110191	1016901632	10349711360	24335496866	10339346082
2025-05-20 03:10:53	7	40	8	4	1	0	6386397184	0	649632	110195	1016901632	10349711360	24335498800	10339346186
2025-05-20 03:10:54	7	40	8	4	1	0	6386397184	0	649635	110198	1016901632	10349711360	24335500734	10339346258
2025-05-20 03:10:55	7	40	8	4	1	0	6386397184	0	649638	110201	1016901632	10349711360	24335502668	10339346330
2025-05-20 03:10:56	7	40	8	4	1	0	6386397184	0	649642	110205	1016901632	10349715456	24335504610	10339346410
2025-05-20 03:10:57	7	40	8	4	1	0	6386397184	0	649645	110208	1016901632	10349715456	24335506544	10339346482
2025-05-20 03:10:58	7	40	8	4	1	0	6386397184	0	649649	110212	1016901632	10349715456	24335508486	10339346562
2025-05-20 03:10:59	7	40	8	4	1	0	6386397184	0	649653	110217	1016901632	10349719552	24335510428	10339346674
2025-05-20 03:11:01	7	40	8	4	1	0	6386397184	0	649655	110219	1016901632	10349719552	24335512354	10339346738
2025-05-20 03:11:02	7	40	8	4	1	0	6386397184	0	649658	110222	1016901632	10349719552	24335514287	10339346810
2025-05-20 03:11:03	7	40	8	4	1	0	6386397184	0	649661	110225	1016901632	10349719552	24335516220	10339346882
2025-05-20 03:11:04	7	40	8	4	1	0	6386397184	0	649666	110228	1016901632	10349719552	24335520080	10339346954
2025-05-20 03:11:05	7	40	8	4	1	0	6386397184	0	649669	110231	1016901632	10349719552	24335522014	10339347026
2025-05-20 03:11:06	7	40	8	4	1	0	6386397184	0	649673	110236	1016901632	10349719552	24335523956	10339347138
2025-05-20 03:11:07	7	40	8	4	1	0	6386397184	0	649676	110239	1016901632	10349719552	24335525890	10339347210
2025-05-20 03:11:08	7	40	8	4	1	0	6386397184	0	649679	110242	1016901632	10349719552	24335527824	10339347282
2025-05-20 03:11:09	7	40	8	4	1	0	6386397184	0	649682	110245	1016901632	10349719552	24335529758	10339347354
2025-05-20 03:11:10	7	40	8	4	1	0	6386397184	0	649686	110249	1016901632	10349719552	24335531699	10339347434
2025-05-20 03:11:11	7	40	8	4	1	0	6386397184	0	649689	110252	1016901632	10349719552	24335533632	10339347506
2025-05-20 03:11:12	7	40	8	4	1	0	6386397184	0	649692	110256	1016901632	10349719552	24335535566	10339347610
2025-05-20 03:11:14	7	40	8	4	1	0	6386397184	0	649695	110259	1016901632	10349719552	24335537500	10339347682
2025-05-20 03:11:15	7	40	8	4	1	0	6386397184	0	649698	110262	1016901632	10349719552	24335539434	10339347754
2025-05-20 03:11:16	7	40	8	4	1	0	6386397184	0	649701	110265	1016901632	10349719552	24335541368	10339347826
2025-05-20 03:11:17	7	40	8	4	1	0	6386397184	0	649704	110268	1016901632	10349719552	24335543301	10339347898
2025-05-20 03:11:18	7	40	8	4	1	0	6386397184	0	649709	110271	1016901632	10349719552	24335547160	10339347970
2025-05-20 03:11:19	7	40	8	4	1	0	6386397184	0	649711	110274	1016901632	10349719552	24335549085	10339348066
2025-05-20 03:11:20	7	40	8	4	1	0	6386397184	0	649713	110276	1016901632	10349719552	24335551010	10339348130
2025-05-20 03:11:21	7	40	8	4	1	0	6386397184	0	649716	110279	1016901632	10349719552	24335552944	10339348202
2025-05-20 03:11:22	7	40	8	4	1	0	6386397184	0	649719	110282	1016901632	10349719552	24335554878	10339348274
2025-05-20 03:11:23	7	40	8	4	1	0	6386397184	0	649722	110285	1016901632	10349719552	24335556812	10339348346
2025-05-20 03:11:24	7	40	8	4	1	0	6386397184	0	649725	110288	1016901632	10349719552	24335558746	10339348418
2025-05-20 03:11:25	7	40	8	4	1	0	6386397184	0	649728	110292	1016901632	10349719552	24335560680	10339348522
2025-05-20 03:11:27	7	40	8	4	1	0	6386397184	0	649731	110295	1016901632	10349723648	24335562614	10339348594
2025-05-20 03:11:28	7	40	8	4	1	0	6386397184	0	649735	110299	1016901632	10349723648	24335564556	10339348674
2025-05-20 03:11:29	7	40	8	4	1	0	6386397184	0	649737	110301	1016901632	10349723648	24335566482	10339348738
2025-05-20 03:11:30	7	40	8	4	1	0	6386397184	0	649741	110305	1016901632	10349723648	24335568424	10339348818
2025-05-20 03:11:31	7	40	8	4	1	0	6386397184	0	649747	110309	1016901632	10349723648	24335572291	10339348898
2025-05-20 03:11:32	7	40	8	4	1	0	6386397184	0	649750	110313	1016901632	10349723648	24335574224	10339349002
2025-05-20 03:11:33	7	40	8	4	1	0	6386397184	0	649753	110316	1016901632	10349723648	24335576158	10339349074
2025-05-20 03:11:34	7	40	8	4	1	0	6386397184	0	649756	110319	1016901632	10349723648	24335578092	10339349146
2025-05-20 03:11:35	7	40	8	4	1	0	6386397184	0	649758	110321	1016901632	10349723648	24335580018	10339349210
2025-05-20 03:11:36	7	40	8	4	1	0	6386397184	0	649761	110324	1016901632	10349723648	24335581951	10339349282
2025-05-20 03:11:37	7	40	8	4	1	0	6386397184	0	649764	110327	1016901632	10349723648	24335583884	10339349354
2025-05-20 03:11:39	7	40	8	4	1	0	6386397184	0	649767	110331	1016901632	10349723648	24335585817	10339349458
2025-05-20 03:11:40	7	40	8	4	1	0	6386397184	0	649770	110334	1016901632	10349723648	24335587750	10339349530
2025-05-20 03:11:41	7	40	8	4	1	0	6386397184	0	649774	110338	1016901632	10349723648	24335589692	10339349610
2025-05-20 03:11:42	7	40	8	4	1	0	6386397184	0	649777	110341	1016901632	10349723648	24335591626	10339349682
2025-05-20 03:11:43	7	40	8	4	1	0	6386397184	0	649780	110344	1016901632	10349723648	24335593560	10339349754
2025-05-20 03:11:44	7	40	8	4	1	0	6386397184	0	649785	110347	1016901632	10349723648	24335597420	10339349826
2025-05-20 03:11:45	7	40	8	4	1	0	6386397184	0	649789	110352	1016901632	10349723648	24335599362	10339349938
2025-05-20 03:11:46	7	40	8	4	1	0	6386397184	0	649791	110354	1016901632	10349723648	24335601288	10339350002
2025-05-20 03:11:47	7	40	8	4	1	0	6386397184	0	649794	110357	1016901632	10349723648	24335603222	10339350074
2025-05-20 03:11:48	7	40	8	4	1	0	6386397184	0	649797	110360	1016901632	10349723648	24335605156	10339350146
2025-05-20 03:11:49	7	40	8	4	1	0	6386397184	0	649800	110363	1016901632	10349723648	24335607090	10339350218
2025-05-20 03:11:50	7	40	8	4	1	0	6386397184	0	649803	110366	1016901632	10349723648	24335609024	10339350290
2025-05-20 03:11:51	7	40	8	4	1	0	6386397184	0	649807	110371	1016901632	10349723648	24335610966	10339350402
2025-05-20 03:11:53	7	40	8	4	1	0	6386397184	0	649809	110373	1016901632	10349723648	24335612892	10339350466
2025-05-20 03:11:54	7	40	8	4	1	0	6386397184	0	649813	110377	1016901632	10349723648	24335614834	10339350546
2025-05-20 03:11:55	7	40	8	4	1	0	6386397184	0	649816	110380	1016901632	10349723648	24335616768	10339350618
2025-05-20 03:11:56	7	40	8	4	1	0	6386397184	0	649818	110382	1016901632	10349723648	24335618693	10339350682
2025-05-20 03:11:57	7	40	8	4	1	0	6386397184	0	649823	110385	1016901632	10349723648	24335622552	10339350754
2025-05-20 03:11:58	7	40	8	4	1	0	6386397184	0	649827	110390	1016901632	10349727744	24335624494	10339350866
2025-05-20 03:11:59	7	40	8	4	1	0	6386397184	0	649830	110393	1016901632	10349727744	24335626428	10339350938
2025-05-20 03:12:00	7	40	8	4	1	0	6386397184	0	649833	110396	1016901632	10349727744	24335628362	10339351010
2025-05-20 03:12:01	7	40	8	4	1	0	6386462720	0	649835	110398	1016901632	10349727744	24335630288	10339351074
2025-05-20 03:12:02	7	40	8	4	1	0	6386462720	0	649839	110402	1016901632	10349727744	24335632230	10339351154
2025-05-20 03:12:03	7	40	8	4	1	0	6386462720	0	649843	110406	1016901632	10349731840	24335634172	10339351234
2025-05-20 03:12:05	7	40	8	4	1	0	6386462720	0	649848	110412	1016901632	10349731840	24335636122	10339351354
2025-05-20 03:12:06	7	40	8	4	1	0	6386462720	0	649853	110417	1016901632	10349731840	24335638072	10339351442
2025-05-20 03:12:07	7	40	8	4	1	0	6386462720	0	649858	110422	1016901632	10349731840	24335640022	10339351530
2025-05-20 03:12:08	7	40	8	4	1	0	6386462720	0	649861	110425	1016901632	10349731840	24335641956	10339351602
2025-05-20 03:12:09	7	40	8	4	1	0	6386470912	0	649863	110427	1016901632	10349731840	24335643882	10339351666
2025-05-20 03:12:10	7	40	8	4	1	0	6386470912	0	649866	110430	1016901632	10349731840	24335645816	10339351738
2025-05-20 03:12:11	7	40	8	4	1	0	6386475008	0	649872	110435	1016901632	10349731840	24335649684	10339351850
2025-05-20 03:12:12	7	40	8	4	1	0	6386475008	0	649875	110438	1016901632	10349731840	24335651618	10339351922
2025-05-20 03:12:13	7	40	8	4	1	0	6386479104	0	649879	110442	1016901632	10349731840	24335653560	10339352002
2025-05-20 03:12:14	7	40	8	4	1	0	6386479104	0	649883	110446	1016901632	10349731840	24335655501	10339352082
2025-05-20 03:12:15	7	40	8	4	1	0	6386483200	0	649887	110450	1016901632	10349731840	24335657442	10339352162
2025-05-20 03:12:16	7	40	8	4	1	0	6386483200	0	649891	110454	1016901632	10349731840	24335659384	10339352242
2025-05-20 03:12:17	7	40	8	4	1	0	6386483200	0	649895	110459	1016901632	10349731840	24335661326	10339352354
2025-05-20 03:12:19	7	40	8	4	1	0	6386495488	0	649898	110462	1016901632	10349731840	24335663260	10339352426
2025-05-20 03:12:20	7	40	8	4	1	0	6386503680	0	649901	110465	1016901632	10349731840	24335665194	10339352498
2025-05-20 03:12:21	7	40	8	4	1	0	6386511872	0	649904	110468	1016901632	10349731840	24335667128	10339352570
2025-05-20 03:12:22	7	40	8	4	1	0	6386528256	0	649908	110472	1016901632	10349731840	24335669070	10339352650
2025-05-20 03:12:23	7	40	8	4	1	0	6386528256	0	649912	110476	1016901632	10349731840	24335671012	10339352730
2025-05-20 03:12:24	7	40	8	4	1	0	6386536448	0	649918	110481	1016901632	10349731840	24335674880	10339352842
2025-05-20 03:12:25	7	40	8	4	1	0	6386556928	0	649920	110483	1016901632	10349731840	24335676806	10339352906
2025-05-20 03:12:26	7	40	8	4	1	0	6386581504	0	649923	110486	1016901632	10349731840	24335678740	10339352978
2025-05-20 03:12:27	7	40	8	4	1	0	6386581504	0	649927	110490	1016901632	10349731840	24335680682	10339353058
2025-05-20 03:12:28	7	40	8	4	1	0	6386585600	0	649931	110494	1016901632	10349735936	24335682624	10339353138
2025-05-20 03:12:29	7	40	8	4	1	0	6386593792	0	649934	110497	1016901632	10349735936	24335684558	10339353210
2025-05-20 03:12:31	7	40	8	4	1	0	6386618368	0	649936	110500	1016901632	10349735936	24335686484	10339353306
2025-05-20 03:12:32	7	40	8	4	1	0	6386626560	0	649939	110503	1016901632	10349735936	24335688418	10339353378
2025-05-20 03:12:33	7	40	8	4	1	0	6386626560	0	649943	110507	1016901632	10349735936	24335690360	10339353458
2025-05-20 03:12:34	7	40	8	4	1	0	6386630656	0	649946	110510	1016901632	10349735936	24335692294	10339353530
2025-05-20 03:12:35	7	40	8	4	1	0	6386647040	0	649948	110512	1016901632	10349735936	24335694220	10339353594
2025-05-20 03:12:36	7	40	8	4	1	0	6386663424	0	649951	110515	1016901632	10349735936	24335696154	10339353666
2025-05-20 03:12:37	7	40	8	4	1	0	6386663424	0	649955	110518	1016901632	10349735936	24335700006	10339353762
2025-05-20 03:12:38	7	40	8	4	1	0	6386663424	0	649957	110520	1016901632	10349735936	24335701932	10339353826
2025-05-20 03:12:39	7	40	8	4	1	0	6386663424	0	649959	110522	1016901632	10349735936	24335703858	10339353890
2025-05-20 03:12:40	7	40	8	4	1	0	6386663424	0	649961	110524	1016901632	10349735936	24335705784	10339353954
2025-05-20 03:12:41	7	40	8	4	1	0	6386663424	0	649963	110526	1016901632	10349735936	24335707710	10339354018
2025-05-20 03:12:42	7	40	8	4	1	0	6386663424	0	649965	110528	1016901632	10349735936	24335709635	10339354082
2025-05-20 03:12:43	7	40	8	4	1	0	6386663424	0	649967	110531	1016901632	10349735936	24335711560	10339354178
2025-05-20 03:12:45	7	40	8	4	1	0	6386663424	0	649969	110533	1016901632	10349735936	24335713486	10339354242
2025-05-20 03:12:46	7	40	8	4	1	0	6386663424	0	649971	110535	1016901632	10349735936	24335715412	10339354306
2025-05-20 03:12:47	7	40	8	4	1	0	6386679808	0	649974	110538	1016901632	10349735936	24335717346	10339354378
2025-05-20 03:12:48	7	40	8	4	1	0	6386679808	0	649976	110540	1016901632	10349735936	24335719272	10339354442
2025-05-20 03:12:49	7	40	8	4	1	0	6386679808	0	649978	110542	1016901632	10349735936	24335721198	10339354506
2025-05-20 03:12:50	7	40	8	4	1	0	6386679808	0	649983	110546	1016901632	10349735936	24335725056	10339354610
2025-05-20 03:12:51	7	40	8	4	1	0	6386679808	0	649985	110548	1016901632	10349735936	24335726982	10339354674
2025-05-20 03:12:52	7	40	8	4	1	0	6386683904	0	649988	110551	1016901632	10349735936	24335728916	10339354746
2025-05-20 03:12:53	7	40	8	4	1	0	6386688000	0	649993	110556	1016901632	10349735936	24335730866	10339354834
2025-05-20 03:12:54	7	40	8	4	1	0	6386688000	0	649995	110558	1016901632	10349735936	24335732792	10339354898
2025-05-20 03:12:55	7	40	8	4	1	0	6386688000	0	649998	110561	1016901632	10349735936	24335734726	10339354970
2025-05-20 03:12:57	7	40	8	4	1	0	6386696192	0	650004	110568	1016901632	10349735936	24335736684	10339355098
2025-05-20 03:12:58	7	40	8	4	1	0	6386696192	0	650006	110570	1016901632	10349735936	24335738610	10339355162
2025-05-20 03:12:59	7	40	8	4	1	0	6386696192	0	650010	110574	1016901632	10349735936	24335740551	10339355242
2025-05-20 03:13:00	7	40	8	4	1	0	6386696192	0	650012	110576	1016901632	10349740032	24335742476	10339355306
2025-05-20 03:13:01	7	40	8	4	1	0	6386696192	0	650014	110578	1016901632	10349740032	24335744402	10339355370
2025-05-20 03:13:02	7	40	8	4	1	0	6386696192	0	650018	110582	1016901632	10349740032	24335746344	10339355450
2025-05-20 03:13:03	7	40	8	4	1	0	6386696192	0	650020	110585	1016901632	10349740032	24335748270	10339355546
2025-05-20 03:13:04	7	40	8	4	1	0	6386696192	0	650025	110588	1016901632	10349740032	24335752130	10339355618
2025-05-20 03:13:05	7	40	8	4	1	0	6386696192	0	650027	110590	1016901632	10349740032	24335754056	10339355682
2025-05-20 03:13:06	7	40	8	4	1	0	6386696192	0	650029	110592	1016901632	10349740032	24335755982	10339355746
2025-05-20 03:13:07	7	40	8	4	1	0	6386696192	0	650032	110595	1016901632	10349744128	24335757916	10339355818
2025-05-20 03:13:08	7	40	8	4	1	0	6386696192	0	650035	110598	1016901632	10349744128	24335759850	10339355890
2025-05-20 03:13:09	7	40	8	4	1	0	6386696192	0	650038	110602	1016901632	10349744128	24335761784	10339355994
2025-05-20 03:13:11	7	40	8	4	1	0	6386696192	0	650041	110605	1016901632	10349744128	24335763718	10339356066
2025-05-20 03:13:12	7	40	8	4	1	0	6386696192	0	650045	110609	1016901632	10349744128	24335765660	10339356146
2025-05-20 03:13:13	7	40	8	4	1	0	6386696192	0	650047	110611	1016901632	10349744128	24335767586	10339356210
2025-05-20 03:13:14	7	40	8	4	1	0	6386696192	0	650049	110613	1016901632	10349744128	24335769512	10339356274
2025-05-20 03:13:15	7	40	8	4	1	0	6386696192	0	650051	110615	1016901632	10349744128	24335771438	10339356338
2025-05-20 03:13:16	7	40	8	4	1	0	6386696192	0	650054	110619	1016901632	10349744128	24335773372	10339356442
2025-05-20 03:13:17	7	40	8	4	1	0	6386696192	0	650059	110622	1016901632	10349744128	24335777232	10339356514
2025-05-20 03:13:18	7	40	8	4	1	0	6386696192	0	650062	110625	1016901632	10349744128	24335779166	10339356586
2025-05-20 03:13:19	7	40	8	4	1	0	6386696192	0	650065	110628	1016901632	10349744128	24335781100	10339356658
2025-05-20 03:13:20	7	40	8	4	1	0	6386696192	0	650069	110632	1016901632	10349744128	24335783042	10339356738
2025-05-20 03:13:21	7	40	8	4	1	0	6386696192	0	650072	110635	1016901632	10349744128	24335784976	10339356810
2025-05-20 03:13:23	7	40	8	4	1	0	6386696192	0	650076	110640	1016901632	10349744128	24335786918	10339356922
2025-05-20 03:13:24	7	40	8	4	1	0	6386696192	0	650080	110644	1016901632	10349744128	24335788860	10339357002
2025-05-20 03:13:25	7	40	8	4	1	0	6386696192	0	650083	110647	1016901632	10349744128	24335790794	10339357074
2025-05-20 03:13:26	7	40	8	4	1	0	6386696192	0	650087	110651	1016901632	10349744128	24335792736	10339357154
2025-05-20 03:13:27	7	40	8	4	1	0	6386696192	0	650090	110654	1016901632	10349744128	24335794670	10339357226
2025-05-20 03:13:28	7	40	8	4	1	0	6386696192	0	650092	110656	1016901632	10349744128	24335796596	10339357290
2025-05-20 03:13:29	7	40	8	4	1	0	6386696192	0	650096	110661	1016901632	10349744128	24335798538	10339357402
2025-05-20 03:13:30	7	40	8	4	1	0	6386696192	0	650102	110665	1016901632	10349748224	24335802406	10339357482
2025-05-20 03:13:31	7	40	8	4	1	0	6386696192	0	650106	110669	1016901632	10349748224	24335804348	10339357562
2025-05-20 03:13:32	7	40	8	4	1	0	6386700288	0	650111	110674	1016901632	10349748224	24335806298	10339357650
2025-05-20 03:13:33	7	40	8	4	1	0	6386700288	0	650114	110677	1016901632	10349748224	24335808232	10339357722
2025-05-20 03:13:34	7	40	8	4	1	0	6386700288	0	650118	110681	1016901632	10349748224	24335810174	10339357802
2025-05-20 03:13:36	7	40	8	4	1	0	6386700288	0	650121	110685	1016901632	10349748224	24335812108	10339357906
2025-05-20 03:13:37	7	40	8	4	1	0	6386700288	0	650123	110687	1016901632	10349748224	24335814034	10339357970
2025-05-20 03:13:38	7	40	8	4	1	0	6386700288	0	650125	110689	1016901632	10349748224	24335815960	10339358034
2025-05-20 03:13:39	7	40	8	4	1	0	6386700288	0	650127	110691	1016901632	10349748224	24335817886	10339358098
2025-05-20 03:13:40	7	40	8	4	1	0	6386700288	0	650129	110693	1016901632	10349748224	24335819812	10339358162
2025-05-20 03:13:41	7	40	8	4	1	0	6386700288	0	650131	110696	1016901632	10349748224	24335821738	10339358258
2025-05-20 03:13:42	7	40	8	4	1	0	6386548736	0	650134	110699	1016901632	10349748224	24335823672	10339358330
2025-05-20 03:13:43	7	40	8	4	1	0	6386548736	0	650140	110703	1016901632	10349748224	24335827539	10339358410
2025-05-20 03:13:44	7	40	8	4	1	0	6386548736	0	650144	110707	1016901632	10349748224	24335829480	10339358490
2025-05-20 03:13:45	7	40	8	4	1	0	6386548736	0	650148	110711	1016901632	10349748224	24335831422	10339358570
2025-05-20 03:13:46	7	40	8	4	1	0	6386548736	0	650152	110715	1016901632	10349748224	24335833364	10339358650
2025-05-20 03:13:47	7	40	8	4	1	0	6386548736	0	650156	110719	1016901632	10349748224	24335835305	10339358730
2025-05-20 03:13:49	7	40	8	4	1	0	6386548736	0	650158	110722	1016901632	10349748224	24335837230	10339358826
2025-05-20 03:13:50	7	40	8	4	1	0	6386548736	0	650162	110726	1016901632	10349748224	24335839172	10339358906
2025-05-20 03:13:51	7	40	8	4	1	0	6386548736	0	650165	110729	1016901632	10349748224	24335841106	10339358978
2025-05-20 03:13:52	7	40	8	4	1	0	6386548736	0	650170	110734	1016901632	10349748224	24335843056	10339359066
2025-05-20 03:13:53	7	40	8	4	1	0	6386548736	0	650173	110737	1016901632	10349748224	24335844990	10339359138
2025-05-20 03:13:54	7	40	8	4	1	0	6386548736	0	650178	110742	1016901632	10349748224	24335846940	10339359226
2025-05-20 03:13:55	7	40	8	4	1	0	6386548736	0	650181	110746	1016901632	10349748224	24335848873	10339359330
2025-05-20 03:13:56	7	40	8	4	1	0	6386548736	0	650185	110750	1016901632	10349748224	24335850814	10339359410
2025-05-20 03:13:57	7	40	8	4	1	0	6386548736	0	650193	110756	1016901632	10349748224	24335854698	10339359506
2025-05-20 03:13:58	7	40	8	4	1	0	6386548736	0	650197	110760	1016901632	10349748224	24335856640	10339359586
2025-05-20 03:13:59	7	40	8	4	1	0	6386548736	0	650200	110763	1016901632	10349748224	24335858574	10339359658
2025-05-20 03:14:00	7	40	8	4	1	0	6386548736	0	650203	110766	1016901632	10349748224	24335860508	10339359730
2025-05-20 03:14:02	7	40	8	4	1	0	6386548736	0	650206	110770	1016901632	10349752320	24335862442	10339359834
2025-05-20 03:14:03	7	40	8	4	1	0	6386573312	0	650208	110772	1016901632	10349752320	24335864368	10339359898
2025-05-20 03:14:04	7	40	8	4	1	0	6386573312	0	650210	110774	1016901632	10349752320	24335866294	10339359962
2025-05-20 03:14:05	7	40	8	4	1	0	6386573312	0	650213	110777	1016901632	10349752320	24335868228	10339360034
2025-05-20 03:14:06	7	40	8	4	1	0	6386577408	0	650217	110781	1016901632	10349752320	24335870170	10339360114
2025-05-20 03:14:07	7	40	8	4	1	0	6386581504	0	650220	110785	1016901632	10349752320	24335872104	10339360218
2025-05-20 03:14:08	7	40	8	4	1	0	6386593792	0	650223	110788	1016901632	10349752320	24335874038	10339360290
2025-05-20 03:14:09	7	40	8	4	1	0	6386597888	0	650226	110791	1016901632	10349752320	24335875972	10339360362
2025-05-20 03:14:10	7	40	8	4	1	0	6386614272	0	650230	110793	1016901632	10349752320	24335879824	10339360426
2025-05-20 03:14:11	7	40	8	4	1	0	6386622464	0	650233	110796	1016901632	10349756416	24335881757	10339360498
2025-05-20 03:14:12	7	40	8	4	1	0	6386647040	0	650237	110800	1016901632	10349756416	24335883698	10339360578
2025-05-20 03:14:13	7	40	8	4	1	0	6386655232	0	650241	110804	1016901632	10349756416	24335885639	10339360658
2025-05-20 03:14:15	7	40	8	4	1	0	6386663424	0	650244	110808	1016901632	10349756416	24335887572	10339360762
2025-05-20 03:14:16	7	40	8	4	1	0	6386671616	0	650247	110811	1016901632	10349756416	24335889506	10339360834
2025-05-20 03:14:17	7	40	8	4	1	0	6386679808	0	650249	110813	1016901632	10349756416	24335891432	10339360898
2025-05-20 03:14:18	7	40	8	4	1	0	6386704384	0	650251	110815	1016901632	10349756416	24335893358	10339360962
2025-05-20 03:14:19	7	40	8	4	1	0	6386720768	0	650254	110818	1016901632	10349756416	24335895292	10339361034
2025-05-20 03:14:20	7	40	8	4	1	0	6386728960	0	650258	110822	1016901632	10349756416	24335897234	10339361114
2025-05-20 03:14:21	7	40	8	4	1	0	6386728960	0	650260	110825	1016901632	10349756416	24335899160	10339361210
2025-05-20 03:14:22	7	40	8	4	1	0	6386728960	0	650262	110827	1016901632	10349756416	24335901086	10339361274
2025-05-20 03:14:23	7	40	8	4	1	0	6386749440	0	650266	110829	1016901632	10349756416	24335904938	10339361338
2025-05-20 03:14:24	7	40	8	4	1	0	6386749440	0	650269	110832	1016901632	10349756416	24335906872	10339361410
2025-05-20 03:14:25	7	40	8	4	1	0	6386753536	0	650272	110835	1016901632	10349756416	24335908806	10339361482
2025-05-20 03:14:26	7	40	8	4	1	0	6386757632	0	650274	110837	1016901632	10349756416	24335910732	10339361546
2025-05-20 03:14:28	7	40	8	4	1	0	6386757632	0	650276	110840	1016901632	10349756416	24335912658	10339361642
2025-05-20 03:14:29	7	40	8	4	1	0	6386757632	0	650279	110843	1016901632	10349756416	24335914592	10339361714
2025-05-20 03:14:30	7	40	8	4	1	0	6386761728	0	650283	110847	1016901632	10349756416	24335916534	10339361794
2025-05-20 03:14:31	7	40	8	4	1	0	6386761728	0	650286	110850	1016901632	10349756416	24335918468	10339361866
2025-05-20 03:14:32	7	40	8	4	1	0	6386761728	0	650288	110852	1016901632	10349760512	24335920394	10339361930
2025-05-20 03:14:33	7	40	8	4	1	0	6386761728	0	650290	110855	1016901632	10349760512	24335922320	10339362026
2025-05-20 03:14:34	7	40	8	4	1	0	6386761728	0	650294	110859	1016901632	10349760512	24335924262	10339362106
2025-05-20 03:14:35	7	40	8	4	1	0	6386761728	0	650298	110863	1016901632	10349760512	24335926204	10339362186
2025-05-20 03:14:36	7	40	8	4	1	0	6386761728	0	650305	110868	1016901632	10349760512	24335930080	10339362274
2025-05-20 03:14:37	7	40	8	4	1	0	6386761728	0	650309	110872	1016901632	10349760512	24335932022	10339362354
2025-05-20 03:14:38	7	40	8	4	1	0	6386761728	0	650312	110875	1016901632	10349760512	24335933956	10339362426
2025-05-20 03:14:39	7	40	8	4	1	0	6386761728	0	650314	110878	1016901632	10349760512	24335935882	10339362522
2025-05-20 03:14:41	7	40	8	4	1	0	6386761728	0	650317	110881	1016901632	10349760512	24335937816	10339362594
2025-05-20 03:14:42	7	40	8	4	1	0	6386761728	0	650319	110883	1016901632	10349760512	24335939742	10339362658
2025-05-20 03:14:43	7	40	8	4	1	0	6386761728	0	650323	110887	1016901632	10349760512	24335941683	10339362738
2025-05-20 03:14:44	7	40	8	4	1	0	6386761728	0	650327	110891	1016901632	10349760512	24335943623	10339362818
2025-05-20 03:14:45	7	40	8	4	1	0	6386761728	0	650332	110896	1016901632	10349760512	24335945572	10339362906
2025-05-20 03:14:46	7	40	8	4	1	0	6386761728	0	650336	110901	1016901632	10349760512	24335947514	10339363018
2025-05-20 03:14:47	7	40	8	4	1	0	6386761728	0	650339	110904	1016901632	10349760512	24335949447	10339363090
2025-05-20 03:14:48	7	40	8	4	1	0	6386761728	0	650341	110906	1016901632	10349760512	24335951371	10339363154
2025-05-20 03:14:49	7	40	8	4	1	0	6386761728	0	650347	110910	1016901632	10349760512	24335955238	10339363234
2025-05-20 03:14:50	7	40	8	4	1	0	6386761728	0	650350	110913	1016901632	10349760512	24335957172	10339363306
2025-05-20 03:14:51	7	40	8	4	1	0	6386761728	0	650353	110916	1016901632	10349760512	24335959106	10339363378
2025-05-20 03:14:52	7	40	8	4	1	0	6386761728	0	650355	110918	1016901632	10349760512	24335961032	10339363442
2025-05-20 03:14:54	7	40	8	4	1	0	6386761728	0	650359	110923	1016901632	10349760512	24335962974	10339363554
2025-05-20 03:14:55	7	40	8	4	1	0	6386761728	0	650364	110928	1016901632	10349760512	24335964924	10339363642
2025-05-20 03:14:56	7	40	8	4	1	0	6386761728	0	650369	110933	1016901632	10349760512	24335966874	10339363730
2025-05-20 03:14:57	7	40	8	4	1	0	6386761728	0	650372	110936	1016901632	10349760512	24335968808	10339363802
2025-05-20 03:14:58	7	40	8	4	1	0	6386761728	0	650375	110939	1016901632	10349760512	24335970742	10339363874
2025-05-20 03:14:59	7	40	8	4	1	0	6386761728	0	650380	110945	1016901632	10349760512	24335972692	10339363994
2025-05-20 03:15:00	7	40	8	4	1	0	6386761728	0	650383	110948	1016901632	10349760512	24335974626	10339364066
2025-05-20 03:15:01	7	40	8	4	1	0	6386761728	0	650387	110952	1016901632	10349760512	24335976568	10339364146
2025-05-20 03:15:02	7	40	8	4	1	0	6386761728	0	650390	110955	1016901632	10349760512	24335978502	10339364218
2025-05-20 03:15:03	7	40	8	4	1	0	6386761728	0	650397	110960	1016901632	10349760512	24335982378	10339364306
2025-05-20 03:15:04	7	40	8	4	1	0	6386761728	0	650400	110963	1016901632	10349760512	24335984312	10339364378
2025-05-20 03:15:05	7	40	8	4	1	0	6386761728	0	650403	110967	1016901632	10349760512	24335986246	10339364482
2025-05-20 03:15:07	7	40	8	4	1	0	6386761728	0	650407	110971	1016901632	10349764608	24335988188	10339364562
2025-05-20 03:15:08	7	40	8	4	1	0	6386761728	0	650410	110974	1016901632	10349764608	24335990122	10339364634
2025-05-20 03:15:09	7	40	8	4	1	0	6386761728	0	650414	110978	1016901632	10349764608	24335992064	10339364714
2025-05-20 03:15:10	7	40	8	4	1	0	6386761728	0	650417	110981	1016901632	10349764608	24335993998	10339364786
2025-05-20 03:15:11	7	40	8	4	1	0	6386761728	0	650420	110984	1016901632	10349764608	24335995932	10339364858
2025-05-20 03:15:12	7	40	8	4	1	0	6386171904	0	650423	110988	1016901632	10349764608	24335997866	10339364962
2025-05-20 03:15:13	7	40	8	4	1	0	6386171904	0	650427	110992	1016901632	10349764608	24335999808	10339365042
2025-05-20 03:15:14	7	40	8	4	1	0	6386171904	0	650430	110995	1016901632	10349764608	24336001742	10339365114
2025-05-20 03:15:15	7	40	8	4	1	0	6386171904	0	650433	110998	1016901632	10349768704	24336003676	10339365186
2025-05-20 03:15:16	7	40	8	4	1	0	6386171904	0	650439	111002	1016901632	10349768704	24336007544	10339365266
2025-05-20 03:15:17	7	40	8	4	1	0	6386171904	0	650442	111005	1016901632	10349768704	24336009478	10339365338
2025-05-20 03:15:18	7	40	8	4	1	0	6386171904	0	650447	111010	1016901632	10349768704	24336011426	10339365426
2025-05-20 03:15:20	7	40	8	4	1	0	6386171904	0	650451	111015	1016901632	10349768704	24336013366	10339365538
2025-05-20 03:15:21	7	40	8	4	1	0	6386171904	0	650453	111017	1016901632	10349768704	24336015292	10339365602
2025-05-20 03:15:22	7	40	8	4	1	0	6386171904	0	650455	111019	1016901632	10349768704	24336017218	10339365666
2025-05-20 03:15:23	7	40	8	4	1	0	6386171904	0	650457	111021	1016901632	10349768704	24336019143	10339365730
2025-05-20 03:15:24	7	40	8	4	1	0	6386171904	0	650459	111023	1016901632	10349768704	24336021068	10339365794
2025-05-20 03:15:25	7	40	8	4	1	0	6386171904	0	650461	111026	1016901632	10349768704	24336022994	10339365890
2025-05-20 03:15:26	7	40	8	4	1	0	6386171904	0	650465	111030	1016901632	10349768704	24336024936	10339365970
2025-05-20 03:15:27	7	40	8	4	1	0	6386171904	0	650468	111033	1016901632	10349768704	24336026870	10339366042
2025-05-20 03:15:28	7	40	8	4	1	0	6386171904	0	650472	111037	1016901632	10349768704	24336028812	10339366122
2025-05-20 03:15:29	7	40	8	4	1	0	6386171904	0	650478	111041	1016901632	10349768704	24336032678	10339366202
2025-05-20 03:15:30	7	40	8	4	1	0	6386171904	0	650482	111045	1016901632	10349768704	24336034620	10339366282
2025-05-20 03:15:31	7	40	8	4	1	0	6386171904	0	650487	111051	1016901632	10349768704	24336036570	10339366402
2025-05-20 03:15:33	7	40	8	4	1	0	6386171904	0	650491	111055	1016901632	10349768704	24336038512	10339366482
2025-05-20 03:15:34	7	40	8	4	1	0	6386171904	0	650495	111059	1016901632	10349768704	24336040454	10339366562
2025-05-20 03:15:35	7	40	8	4	1	0	6386171904	0	650498	111062	1016901632	10349768704	24336042388	10339366634
2025-05-20 03:15:36	7	40	8	4	1	0	6386171904	0	650501	111065	1016901632	10349768704	24336044322	10339366706
2025-05-20 03:15:37	7	40	8	4	1	0	6386171904	0	650505	111069	1016901632	10349768704	24336046264	10339366786
2025-05-20 03:15:38	7	40	8	4	1	0	6386171904	0	650509	111074	1016901632	10349772800	24336048206	10339366898
2025-05-20 03:15:39	7	40	8	4	1	0	6386171904	0	650512	111077	1016901632	10349772800	24336050139	10339366970
2025-05-20 03:15:40	7	40	8	4	1	0	6386171904	0	650516	111081	1016901632	10349772800	24336052080	10339367050
2025-05-20 03:15:41	7	40	8	4	1	0	6386171904	0	650519	111084	1016901632	10349772800	24336054014	10339367122
2025-05-20 03:15:42	7	40	8	4	1	0	6386171904	0	650523	111088	1016901632	10349772800	24336055955	10339367202
2025-05-20 03:15:43	7	40	8	4	1	0	6386171904	0	650530	111093	1016901632	10349772800	24336059829	10339367290
2025-05-20 03:15:44	7	40	8	4	1	0	6386171904	0	650535	111098	1016901632	10349772800	24336061778	10339367378
2025-05-20 03:15:46	7	40	8	4	1	0	6386171904	0	650538	111102	1016901632	10349772800	24336063712	10339367482
2025-05-20 03:15:47	7	40	8	4	1	0	6386171904	0	650542	111106	1016901632	10349772800	24336065654	10339367562
2025-05-20 03:15:48	7	40	8	4	1	0	6386171904	0	650546	111110	1016901632	10349772800	24336067596	10339367642
2025-05-20 03:15:49	7	40	8	4	1	0	6386171904	0	650549	111113	1016901632	10349772800	24336069530	10339367714
2025-05-20 03:15:50	7	40	8	4	1	0	6386171904	0	650553	111117	1016901632	10349772800	24336071472	10339367794
2025-05-20 03:15:51	7	40	8	4	1	0	6386171904	0	650555	111120	1016901632	10349772800	24336073398	10339367890
2025-05-20 03:15:52	7	40	8	4	1	0	6386171904	0	650558	111123	1016901632	10349772800	24336075332	10339367962
2025-05-20 03:15:53	7	40	8	4	1	0	6386171904	0	650560	111125	1016901632	10349772800	24336077258	10339368026
2025-05-20 03:15:54	7	40	8	4	1	0	6386171904	0	650563	111128	1016901632	10349772800	24336079192	10339368098
2025-05-20 03:15:55	7	40	8	4	1	0	6386171904	0	650566	111131	1016901632	10349772800	24336081125	10339368170
2025-05-20 03:15:56	7	40	8	4	1	0	6386171904	0	650571	111134	1016901632	10349772800	24336084983	10339368242
2025-05-20 03:15:57	7	40	8	4	1	0	6386171904	0	650577	111141	1016901632	10349772800	24336086940	10339368370
2025-05-20 03:15:59	7	40	8	4	1	0	6386171904	0	650580	111144	1016901632	10349772800	24336088874	10339368442
2025-05-20 03:16:00	7	40	8	4	1	0	6386171904	0	650585	111149	1016901632	10349772800	24336090824	10339368530
2025-05-20 03:16:01	7	40	8	4	1	0	6386171904	0	650588	111152	1016901632	10349772800	24336092758	10339368602
2025-05-20 03:16:02	7	40	8	4	1	0	6386171904	0	650592	111156	1016901632	10349772800	24336094700	10339368682
2025-05-20 03:16:03	7	40	8	4	1	0	6386171904	0	650594	111158	1016901632	10349772800	24336096626	10339368746
2025-05-20 03:16:04	7	40	8	4	1	0	6386171904	0	650596	111160	1016901632	10349772800	24336098552	10339368810
2025-05-20 03:16:05	7	40	8	4	1	0	6386171904	0	650598	111163	1016901632	10349772800	24336100477	10339368906
2025-05-20 03:16:06	7	40	8	4	1	0	6386171904	0	650600	111165	1016901632	10349772800	24336102402	10339368970
2025-05-20 03:16:07	7	40	8	4	1	0	6386171904	0	650602	111167	1016901632	10349772800	24336104328	10339369034
2025-05-20 03:16:08	7	40	8	4	1	0	6386171904	0	650606	111171	1016901632	10349772800	24336106270	10339369114
2025-05-20 03:16:09	7	40	8	4	1	0	6386171904	0	650611	111174	1016901632	10349776896	24336110130	10339369186
2025-05-20 03:16:10	7	40	8	4	1	0	6386171904	0	650614	111177	1016901632	10349776896	24336112064	10339369258
2025-05-20 03:16:12	7	40	8	4	1	0	6386171904	0	650617	111181	1016901632	10349776896	24336113998	10339369362
2025-05-20 03:16:13	7	40	8	4	1	0	6386171904	0	650621	111185	1016901632	10349776896	24336115940	10339369442
2025-05-20 03:16:14	7	40	8	4	1	0	6386171904	0	650626	111190	1016901632	10349776896	24336117890	10339369530
2025-05-20 03:16:15	7	40	8	4	1	0	6386171904	0	650629	111193	1016901632	10349776896	24336119824	10339369602
2025-05-20 03:16:16	7	40	8	4	1	0	6386171904	0	650631	111195	1016901632	10349776896	24336121750	10339369666
2025-05-20 03:16:17	7	40	8	4	1	0	6386171904	0	650633	111198	1016901632	10349776896	24336123676	10339369762
2025-05-20 03:16:18	7	40	8	4	1	0	6386171904	0	650636	111201	1016901632	10349776896	24336125610	10339369834
2025-05-20 03:16:19	7	40	8	4	1	0	6386171904	0	650639	111204	1016901632	10349780992	24336127544	10339369906
2025-05-20 03:16:20	7	40	8	4	1	0	6386171904	0	650642	111207	1016901632	10349780992	24336129478	10339369978
2025-05-20 03:16:21	7	40	8	4	1	0	6386171904	0	650645	111210	1016901632	10349780992	24336131412	10339370050
2025-05-20 03:16:22	7	40	8	4	1	0	6386171904	0	650651	111214	1016901632	10349780992	24336135280	10339370130
2025-05-20 03:16:23	7	40	8	4	1	0	6386171904	0	650654	111218	1016901632	10349780992	24336137214	10339370234
2025-05-20 03:16:25	7	40	8	4	1	0	6386171904	0	650658	111222	1016901632	10349780992	24336139156	10339370314
2025-05-20 03:16:26	7	40	8	4	1	0	6386171904	0	650663	111227	1016901632	10349780992	24336141106	10339370402
2025-05-20 03:16:27	7	40	8	4	1	0	6386171904	0	650668	111232	1016901632	10349780992	24336143056	10339370490
2025-05-20 03:16:28	7	40	8	4	1	0	6386171904	0	650672	111236	1016901632	10349780992	24336144998	10339370570
2025-05-20 03:16:29	7	40	8	4	1	0	6386171904	0	650675	111239	1016901632	10349780992	24336146932	10339370642
2025-05-20 03:16:30	7	40	8	4	1	0	6386171904	0	650678	111242	1016901632	10349780992	24336148866	10339370714
2025-05-20 03:16:31	7	40	8	4	1	0	6386171904	0	650682	111247	1016901632	10349780992	24336150808	10339370826
2025-05-20 03:16:32	7	40	8	4	1	0	6386171904	0	650686	111251	1016901632	10349780992	24336152750	10339370906
2025-05-20 03:16:33	7	40	8	4	1	0	6386171904	0	650691	111256	1016901632	10349780992	24336154700	10339370994
2025-05-20 03:16:34	7	40	8	4	1	0	6386171904	0	650694	111259	1016901632	10349780992	24336156634	10339371066
2025-05-20 03:16:35	7	40	8	4	1	0	6386171904	0	650697	111262	1016901632	10349780992	24336158568	10339371138
2025-05-20 03:16:36	7	40	8	4	1	0	6386171904	0	650701	111265	1016901632	10349780992	24336162420	10339371234
2025-05-20 03:16:38	7	40	8	4	1	0	6386171904	0	650706	111270	1016901632	10349780992	24336164370	10339371322
2025-05-20 03:16:39	7	40	8	4	1	0	6386171904	0	650708	111272	1016901632	10349780992	24336166296	10339371386
2025-05-20 03:16:40	7	40	8	4	1	0	6386171904	0	650711	111275	1016901632	10349780992	24336168230	10339371458
2025-05-20 03:16:41	7	40	8	4	1	0	6386171904	0	650714	111278	1016901632	10349780992	24336170164	10339371530
2025-05-20 03:16:42	7	40	8	4	1	0	6386171904	0	650717	111281	1016901632	10349780992	24336172098	10339371602
2025-05-20 03:16:43	7	40	8	4	1	0	6386171904	0	650720	111284	1016901632	10349785088	24336174032	10339371674
2025-05-20 03:16:44	7	40	8	4	1	0	6386171904	0	650724	111289	1016901632	10349785088	24336175974	10339371786
2025-05-20 03:16:45	7	40	8	4	1	0	6386204672	0	650728	111293	1016901632	10349785088	24336177916	10339371866
2025-05-20 03:16:46	7	40	8	4	1	0	6386204672	0	650731	111296	1016901632	10349785088	24336179850	10339371938
2025-05-20 03:16:47	7	40	8	4	1	0	6386204672	0	650736	111301	1016901632	10349785088	24336181799	10339372026
2025-05-20 03:16:48	7	40	8	4	1	0	6386204672	0	650741	111306	1016901632	10349785088	24336183748	10339372114
2025-05-20 03:16:49	7	40	8	4	1	0	6386204672	0	650746	111309	1016901632	10349785088	24336187605	10339372186
2025-05-20 03:16:51	7	40	8	4	1	0	6386204672	0	650750	111314	1016901632	10349785088	24336189546	10339372298
2025-05-20 03:16:52	7	40	8	4	1	0	6386204672	0	650753	111317	1016901632	10349785088	24336191480	10339372370
2025-05-20 03:16:53	7	40	8	4	1	0	6386204672	0	650756	111320	1016901632	10349785088	24336193414	10339372442
2025-05-20 03:16:54	7	40	8	4	1	0	6386204672	0	650759	111323	1016901632	10349785088	24336195348	10339372514
2025-05-20 03:16:55	7	40	8	4	1	0	6386204672	0	650762	111326	1016901632	10349785088	24336197282	10339372586
2025-05-20 03:16:56	7	40	8	4	1	0	6386204672	0	650765	111329	1016901632	10349785088	24336199216	10339372658
2025-05-20 03:16:57	7	40	8	4	1	0	6386204672	0	650770	111335	1016901632	10349785088	24336201166	10339372778
2025-05-20 03:16:58	7	40	8	4	1	0	6386204672	0	650773	111338	1016901632	10349785088	24336203100	10339372850
2025-05-20 03:16:59	7	40	8	4	1	0	6386204672	0	650776	111341	1016901632	10349785088	24336205034	10339372922
2025-05-20 03:17:00	7	40	8	4	1	0	6386204672	0	650779	111344	1016901632	10349785088	24336206967	10339372994
2025-05-20 03:17:01	7	40	8	4	1	0	6386204672	0	650782	111347	1016901632	10349785088	24336208900	10339373066
2025-05-20 03:17:02	7	40	8	4	1	0	6386204672	0	650788	111352	1016901632	10349785088	24336212768	10339373178
2025-05-20 03:17:04	7	40	8	4	1	0	6386204672	0	650792	111356	1016901632	10349785088	24336214709	10339373258
2025-05-20 03:17:05	7	40	8	4	1	0	6386204672	0	650795	111359	1016901632	10349785088	24336216642	10339373330
2025-05-20 03:17:06	7	40	8	4	1	0	6386204672	0	650797	111361	1016901632	10349785088	24336218568	10339373394
2025-05-20 03:17:07	7	40	8	4	1	0	6386204672	0	650799	111363	1016901632	10349785088	24336220493	10339373458
2025-05-20 03:17:08	7	40	8	4	1	0	6386204672	0	650804	111368	1016901632	10349785088	24336222442	10339373546
2025-05-20 03:17:09	7	40	8	4	1	0	6386204672	0	650808	111372	1016901632	10349785088	24336224383	10339373626
2025-05-20 03:17:10	7	40	8	4	1	0	6386204672	0	650810	111375	1016901632	10349785088	24336226308	10339373722
2025-05-20 03:17:11	7	40	8	4	1	0	6386204672	0	650814	111379	1016901632	10349785088	24336228249	10339373802
2025-05-20 03:17:12	7	40	8	4	1	0	6386204672	0	650818	111383	1016901632	10349785088	24336230190	10339373882
2025-05-20 03:17:13	7	40	8	4	1	0	6386204672	0	650822	111387	1016901632	10349789184	24336232132	10339373962
2025-05-20 03:17:14	7	40	8	4	1	0	6386204672	0	650826	111391	1016901632	10349789184	24336234074	10339374042
2025-05-20 03:17:15	7	40	8	4	1	0	6386204672	0	650829	111394	1016901632	10349789184	24336236008	10339374114
2025-05-20 03:17:17	7	40	8	4	1	0	6386204672	0	650838	111402	1016901632	10349789184	24336239900	10339374250
2025-05-20 03:17:18	7	40	8	4	1	0	6386204672	0	650841	111405	1016901632	10349789184	24336241834	10339374322
2025-05-20 03:17:19	7	40	8	4	1	0	6386204672	0	650845	111409	1016901632	10349789184	24336243776	10339374402
2025-05-20 03:17:20	7	40	8	4	1	0	6386204672	0	650849	111413	1016901632	10349789184	24336245718	10339374482
2025-05-20 03:17:21	7	40	8	4	1	0	6386204672	0	650854	111418	1016901632	10349789184	24336247667	10339374570
2025-05-20 03:17:22	7	40	8	4	1	0	6386204672	0	650857	111421	1016901632	10349789184	24336249600	10339374642
2025-05-20 03:17:23	7	40	8	4	1	0	6386204672	0	650860	111425	1016901632	10349793280	24336251534	10339374746
2025-05-20 03:17:24	7	40	8	4	1	0	6386204672	0	650862	111427	1016901632	10349793280	24336253460	10339374810
2025-05-20 03:17:25	7	40	8	4	1	0	6386216960	0	650864	111429	1016901632	10349793280	24336255386	10339374874
2025-05-20 03:17:26	7	40	8	4	1	0	6386221056	0	650866	111431	1016901632	10349793280	24336257312	10339374938
2025-05-20 03:17:27	7	40	8	4	1	0	6386233344	0	650869	111434	1016901632	10349793280	24336259246	10339375010
2025-05-20 03:17:28	7	40	8	4	1	0	6386249728	0	650874	111440	1016901632	10349793280	24336261196	10339375130
2025-05-20 03:17:30	7	40	8	4	1	0	6386249728	0	650881	111445	1016901632	10349793280	24336265072	10339375218
2025-05-20 03:17:31	7	40	8	4	1	0	6386253824	0	650884	111448	1016901632	10349793280	24336267006	10339375290
2025-05-20 03:17:32	7	40	8	4	1	0	6386278400	0	650887	111451	1016901632	10349793280	24336268940	10339375362
2025-05-20 03:17:33	7	40	8	4	1	0	6386290688	0	650891	111455	1016901632	10349793280	24336270881	10339375442
2025-05-20 03:17:34	7	40	8	4	1	0	6386290688	0	650894	111458	1016901632	10349793280	24336272814	10339375514
2025-05-20 03:17:35	7	40	8	4	1	0	6386294784	0	650898	111463	1016901632	10349793280	24336274756	10339375626
2025-05-20 03:17:36	7	40	8	4	1	0	6386294784	0	650900	111465	1016901632	10349793280	24336276681	10339375690
2025-05-20 03:17:37	7	40	8	4	1	0	6386331648	0	650902	111467	1016901632	10349793280	24336278606	10339375754
2025-05-20 03:17:38	7	40	8	4	1	0	6386335744	0	650907	111472	1016901632	10349793280	24336280555	10339375842
2025-05-20 03:17:39	7	40	8	4	1	0	6386339840	0	650911	111476	1016901632	10349793280	24336282496	10339375922
2025-05-20 03:17:40	7	40	8	4	1	0	6386343936	0	650914	111479	1016901632	10349793280	24336284430	10339375994
2025-05-20 03:17:41	7	40	8	4	1	0	6386352128	0	650917	111483	1016901632	10349793280	24336286364	10339376098
2025-05-20 03:17:43	7	40	8	4	1	0	6386360320	0	650924	111488	1016901632	10349793280	24336290240	10339376186
2025-05-20 03:17:44	7	40	8	4	1	0	6386360320	0	650927	111491	1016901632	10349793280	24336292174	10339376258
2025-05-20 03:17:45	7	40	8	4	1	0	6386368512	0	650930	111494	1016901632	10349797376	24336294108	10339376330
2025-05-20 03:17:46	7	40	8	4	1	0	6386368512	0	650933	111497	1016901632	10349797376	24336296042	10339376402
2025-05-20 03:17:47	7	40	8	4	1	0	6386368512	0	650938	111502	1016901632	10349797376	24336297992	10339376490
2025-05-20 03:17:48	7	40	8	4	1	0	6386368512	0	650943	111508	1016901632	10349797376	24336299942	10339376610
2025-05-20 03:17:49	7	40	8	4	1	0	6386368512	0	650947	111512	1016901632	10349797376	24336301884	10339376690
2025-05-20 03:17:50	7	40	8	4	1	0	6386368512	0	650950	111515	1016901632	10349797376	24336303818	10339376762
2025-05-20 03:17:51	7	40	8	4	1	0	6386368512	0	650952	111517	1016901632	10349797376	24336305744	10339376826
2025-05-20 03:17:52	7	40	8	4	1	0	6386368512	0	650955	111520	1016901632	10349797376	24336307678	10339376898
2025-05-20 03:17:53	7	40	8	4	1	0	6386368512	0	650958	111523	1016901632	10349797376	24336309611	10339376970
2025-05-20 03:17:54	7	40	8	4	1	0	6386368512	0	650963	111529	1016901632	10349797376	24336311560	10339377090
2025-05-20 03:17:56	7	40	8	4	1	0	6386368512	0	650968	111532	1016901632	10349797376	24336315420	10339377162
2025-05-20 03:17:57	7	40	8	4	1	0	6386368512	0	650971	111535	1016901632	10349797376	24336317354	10339377234
2025-05-20 03:17:58	7	40	8	4	1	0	6386368512	0	650974	111538	1016901632	10349797376	24336319288	10339377306
2025-05-20 03:17:59	7	40	8	4	1	0	6386368512	0	650977	111541	1016901632	10349797376	24336321222	10339377378
2025-05-20 03:18:00	7	40	8	4	1	0	6386368512	0	650981	111545	1016901632	10349797376	24336323164	10339377458
2025-05-20 03:18:01	7	40	8	4	1	0	6386368512	0	650983	111548	1016901632	10349797376	24336325090	10339377554
2025-05-20 03:18:02	7	40	8	4	1	0	6386368512	0	650985	111550	1016901632	10349797376	24336327016	10339377618
2025-05-20 03:18:03	7	40	8	4	1	0	6386368512	0	650987	111552	1016901632	10349797376	24336328942	10339377682
2025-05-20 03:18:04	7	40	8	4	1	0	6386368512	0	650989	111554	1016901632	10349797376	24336330868	10339377746
2025-05-20 03:18:05	7	40	8	4	1	0	6386368512	0	650991	111556	1016901632	10349797376	24336332794	10339377810
2025-05-20 03:18:06	7	40	8	4	1	0	6386368512	0	650993	111558	1016901632	10349797376	24336334720	10339377874
2025-05-20 03:18:07	7	40	8	4	1	0	6386368512	0	650997	111563	1016901632	10349797376	24336336662	10339377986
2025-05-20 03:18:09	7	40	8	4	1	0	6386368512	0	651003	111567	1016901632	10349797376	24336340530	10339378066
2025-05-20 03:18:10	7	40	8	4	1	0	6386368512	0	651007	111571	1016901632	10349797376	24336342472	10339378146
2025-05-20 03:18:11	7	40	8	4	1	0	6386368512	0	651010	111574	1016901632	10349797376	24336344405	10339378218
2025-05-20 03:18:12	7	40	8	4	1	0	6386368512	0	651014	111578	1016901632	10349797376	24336346346	10339378298
2025-05-20 03:18:13	7	40	8	4	1	0	6386368512	0	651017	111581	1016901632	10349797376	24336348280	10339378370
2025-05-20 03:18:14	7	40	8	4	1	0	6386368512	0	651020	111585	1016901632	10349797376	24336350214	10339378474
2025-05-20 03:18:15	7	40	8	4	1	0	6386368512	0	651023	111588	1016901632	10349801472	24336352148	10339378546
2025-05-20 03:18:16	7	40	8	4	1	0	6386368512	0	651026	111591	1016901632	10349801472	24336354081	10339378618
2025-05-20 03:18:17	7	40	8	4	1	0	6386368512	0	651029	111594	1016901632	10349801472	24336356014	10339378690
2025-05-20 03:18:18	7	40	8	4	1	0	6386368512	0	651033	111598	1016901632	10349801472	24336357956	10339378770
2025-05-20 03:18:19	7	40	8	4	1	0	6386368512	0	651038	111603	1016901632	10349801472	24336359906	10339378858
2025-05-20 03:18:20	7	40	8	4	1	0	6386368512	0	651041	111607	1016901632	10349801472	24336361839	10339378962
2025-05-20 03:18:22	7	40	8	4	1	0	6386368512	0	651046	111610	1016901632	10349801472	24336365698	10339379034
2025-05-20 03:18:23	7	40	8	4	1	0	6386368512	0	651048	111612	1016901632	10349801472	24336367623	10339379098
2025-05-20 03:18:24	7	40	8	4	1	0	6386368512	0	651052	111616	1016901632	10349801472	24336369564	10339379178
2025-05-20 03:18:25	7	40	8	4	1	0	6386368512	0	651056	111620	1016901632	10349801472	24336371506	10339379258
2025-05-20 03:18:26	7	40	8	4	1	0	6386368512	0	651060	111624	1016901632	10349801472	24336373448	10339379338
2025-05-20 03:18:27	7	40	8	4	1	0	6386368512	0	651062	111627	1016901632	10349805568	24336375374	10339379434
2025-05-20 03:18:28	7	40	8	4	1	0	6386368512	0	651065	111630	1016901632	10349805568	24336377308	10339379506
2025-05-20 03:18:29	7	40	8	4	1	0	6386368512	0	651068	111633	1016901632	10349805568	24336379242	10339379578
2025-05-20 03:18:30	7	40	8	4	1	0	6386368512	0	651073	111638	1016901632	10349805568	24336381192	10339379666
2025-05-20 03:18:31	7	40	8	4	1	0	6386368512	0	651076	111641	1016901632	10349805568	24336383126	10339379738
2025-05-20 03:18:32	7	40	8	4	1	0	6386368512	0	651079	111644	1016901632	10349805568	24336385060	10339379810
2025-05-20 03:18:33	7	40	8	4	1	0	6386368512	0	651082	111648	1016901632	10349805568	24336386994	10339379914
2025-05-20 03:18:35	7	40	8	4	1	0	6386368512	0	651084	111650	1016901632	10349805568	24336388920	10339379978
2025-05-20 03:18:36	7	40	8	4	1	0	6386368512	0	651090	111654	1016901632	10349805568	24336392788	10339380058
2025-05-20 03:18:37	7	40	8	4	1	0	6386368512	0	651094	111658	1016901632	10349805568	24336394730	10339380138
2025-05-20 03:18:38	7	40	8	4	1	0	6386368512	0	651098	111662	1016901632	10349805568	24336396672	10339380218
2025-05-20 03:18:39	7	40	8	4	1	0	6386368512	0	651100	111664	1016901632	10349805568	24336398598	10339380282
2025-05-20 03:18:40	7	40	8	4	1	0	6386368512	0	651104	111669	1016901632	10349805568	24336400540	10339380394
2025-05-20 03:18:41	7	40	8	4	1	0	6386368512	0	651109	111674	1016901632	10349805568	24336402490	10339380482
2025-05-20 03:18:42	7	40	8	4	1	0	6386368512	0	651112	111677	1016901632	10349805568	24336404424	10339380554
2025-05-20 03:18:43	7	40	8	4	1	0	6386368512	0	651114	111679	1016901632	10349805568	24336406350	10339380618
2025-05-20 03:18:44	7	40	8	4	1	0	6386368512	0	651116	111681	1016901632	10349805568	24336408276	10339380682
2025-05-20 03:18:45	7	40	8	4	1	0	6386368512	0	651120	111685	1016901632	10349805568	24336410218	10339380762
2025-05-20 03:18:46	7	40	8	4	1	0	6386368512	0	651124	111690	1016901632	10349809664	24336412160	10339380874
2025-05-20 03:18:48	7	40	8	4	1	0	6386368512	0	651127	111693	1016901632	10349809664	24336414094	10339380946
2025-05-20 03:18:49	7	40	8	4	1	0	6386368512	0	651131	111695	1016901632	10349809664	24336417946	10339381010
2025-05-20 03:18:50	7	40	8	4	1	0	6386368512	0	651134	111698	1016901632	10349809664	24336419880	10339381082
2025-05-20 03:18:51	7	40	8	4	1	0	6386368512	0	651138	111702	1016901632	10349809664	24336421822	10339381162
2025-05-20 03:18:52	7	40	8	4	1	0	6386368512	0	651142	111706	1016901632	10349809664	24336423764	10339381242
2025-05-20 03:18:53	7	40	8	4	1	0	6386368512	0	651144	111709	1016901632	10349809664	24336425690	10339381338
2025-05-20 03:18:54	7	40	8	4	1	0	6386368512	0	651147	111712	1016901632	10349809664	24336427624	10339381410
2025-05-20 03:18:55	7	40	8	4	1	0	6386368512	0	651150	111715	1016901632	10349809664	24336429558	10339381482
2025-05-20 03:18:56	7	40	8	4	1	0	6386368512	0	651155	111720	1016901632	10349809664	24336431507	10339381570
2025-05-20 03:18:57	7	40	8	4	1	0	6386368512	0	651159	111724	1016901632	10349809664	24336433448	10339381650
2025-05-20 03:18:58	7	40	8	4	1	0	6386368512	0	651164	111729	1016901632	10349809664	24336435398	10339381738
2025-05-20 03:18:59	7	40	8	4	1	0	6386368512	0	651168	111734	1016901632	10349809664	24336437340	10339381850
2025-05-20 03:19:01	7	40	8	4	1	0	6386368512	0	651170	111736	1016901632	10349809664	24336439266	10339381914
2025-05-20 03:19:02	7	40	8	4	1	0	6386368512	0	651176	111740	1016901632	10349809664	24336443134	10339381994
2025-05-20 03:19:03	7	40	8	4	1	0	6386368512	0	651178	111742	1016901632	10349809664	24336445060	10339382058
2025-05-20 03:19:04	7	40	8	4	1	0	6386368512	0	651182	111746	1016901632	10349809664	24336447002	10339382138
2025-05-20 03:19:05	7	40	8	4	1	0	6386368512	0	651185	111749	1016901632	10349809664	24336448936	10339382210
2025-05-20 03:19:06	7	40	8	4	1	0	6386368512	0	651188	111753	1016901632	10349809664	24336450869	10339382314
2025-05-20 03:19:07	7	40	8	4	1	0	6386368512	0	651191	111756	1016901632	10349809664	24336452802	10339382386
2025-05-20 03:19:08	7	40	8	4	1	0	6386368512	0	651193	111758	1016901632	10349809664	24336454728	10339382450
2025-05-20 03:19:09	7	40	8	4	1	0	6386368512	0	651198	111763	1016901632	10349809664	24336456678	10339382538
2025-05-20 03:19:10	7	40	8	4	1	0	6386368512	0	651201	111766	1016901632	10349809664	24336458612	10339382610
2025-05-20 03:19:11	7	40	8	4	1	0	6386368512	0	651204	111769	1016901632	10349809664	24336460546	10339382682
2025-05-20 03:19:12	7	40	8	4	1	0	6386368512	0	651209	111775	1016901632	10349809664	24336462496	10339382802
2025-05-20 03:19:14	7	40	8	4	1	0	6386368512	0	651213	111779	1016901632	10349809664	24336464438	10339382882
2025-05-20 03:19:15	7	40	8	4	1	0	6386368512	0	651216	111782	1016901632	10349809664	24336466371	10339382954
2025-05-20 03:19:16	7	40	8	4	1	0	6386368512	0	651222	111786	1016901632	10349809664	24336470238	10339383034
2025-05-20 03:19:17	7	40	8	4	1	0	6386368512	0	651224	111788	1016901632	10349813760	24336472164	10339383098
2025-05-20 03:19:18	7	40	8	4	1	0	6386368512	0	651226	111790	1016901632	10349813760	24336474090	10339383162
2025-05-20 03:19:19	7	40	8	4	1	0	6386368512	0	651231	111796	1016901632	10349813760	24336476040	10339383282
2025-05-20 03:19:20	7	40	8	4	1	0	6386368512	0	651234	111799	1016901632	10349813760	24336477974	10339383354
2025-05-20 03:19:21	7	40	8	4	1	0	6386368512	0	651237	111802	1016901632	10349813760	24336479908	10339383426
2025-05-20 03:19:22	7	40	8	4	1	0	6386368512	0	651240	111805	1016901632	10349813760	24336481842	10339383498
2025-05-20 03:19:23	7	40	8	4	1	0	6386368512	0	651245	111810	1016901632	10349813760	24336483792	10339383586
2025-05-20 03:19:24	7	40	8	4	1	0	6386368512	0	651249	111814	1016901632	10349813760	24336485734	10339383666
2025-05-20 03:19:25	7	40	8	4	1	0	6386368512	0	651251	111817	1016901632	10349813760	24336487660	10339383762
2025-05-20 03:19:27	7	40	8	4	1	0	6386368512	0	651254	111820	1016901632	10349813760	24336489593	10339383834
2025-05-20 03:19:28	7	40	8	4	1	0	6386368512	0	651256	111822	1016901632	10349813760	24336491518	10339383898
2025-05-20 03:19:29	7	40	8	4	1	0	6386368512	0	651262	111826	1016901632	10349813760	24336495386	10339383978
2025-05-20 03:19:30	7	40	8	4	1	0	6386368512	0	651265	111829	1016901632	10349813760	24336497319	10339384050
2025-05-20 03:19:31	7	40	8	4	1	0	6386368512	0	651268	111832	1016901632	10349813760	24336499252	10339384122
2025-05-20 03:19:32	7	40	8	4	1	0	6386368512	0	651270	111835	1016901632	10349817856	24336501178	10339384218
2025-05-20 03:19:33	7	40	8	4	1	0	6386368512	0	651275	111840	1016901632	10349817856	24336503128	10339384306
2025-05-20 03:19:34	7	40	8	4	1	0	6386368512	0	651277	111842	1016901632	10349817856	24336505054	10339384370
2025-05-20 03:19:35	7	40	8	4	1	0	6386368512	0	651280	111845	1016901632	10349817856	24336506988	10339384442
2025-05-20 03:19:36	7	40	8	4	1	0	6386368512	0	651284	111849	1016901632	10349817856	24336508930	10339384522
2025-05-20 03:19:37	7	40	8	4	1	0	6386368512	0	651288	111853	1016901632	10349817856	24336510872	10339384602
2025-05-20 03:19:38	7	40	8	4	1	0	6386368512	0	651292	111858	1016901632	10349817856	24336512813	10339384714
2025-05-20 03:19:40	7	40	8	4	1	0	6386368512	0	651294	111860	1016901632	10349817856	24336514738	10339384778
2025-05-20 03:19:41	7	40	8	4	1	0	6386368512	0	651298	111864	1016901632	10349817856	24336516680	10339384858
2025-05-20 03:19:42	7	40	8	4	1	0	6386368512	0	651304	111868	1016901632	10349817856	24336520548	10339384938
2025-05-20 03:19:43	7	40	8	4	1	0	6386368512	0	651307	111871	1016901632	10349817856	24336522481	10339385010
2025-05-20 03:19:44	7	40	8	4	1	0	6386368512	0	651311	111875	1016901632	10349817856	24336524422	10339385090
2025-05-20 03:19:45	7	40	8	4	1	0	6386368512	0	651313	111878	1016901632	10349817856	24336526348	10339385186
2025-05-20 03:19:46	7	40	8	4	1	0	6386368512	0	651316	111881	1016901632	10349817856	24336528282	10339385258
2025-05-20 03:19:47	7	40	8	4	1	0	6386368512	0	651319	111884	1016901632	10349817856	24336530216	10339385330
2025-05-20 03:19:48	7	40	8	4	1	0	6386368512	0	651321	111886	1016901632	10349817856	24336532142	10339385394
2025-05-20 03:19:49	7	40	8	4	1	0	6386368512	0	651326	111891	1016901632	10349821952	24336534092	10339385482
2025-05-20 03:19:50	7	40	8	4	1	0	6386368512	0	651328	111893	1016901632	10349821952	24336536018	10339385546
2025-05-20 03:19:51	7	40	8	4	1	0	6386368512	0	651330	111896	1016901632	10349821952	24336537944	10339385642
2025-05-20 03:19:53	7	40	8	4	1	0	6386171904	0	651335	111901	1016901632	10349821952	24336539894	10339385730
2025-05-20 03:19:54	7	40	8	4	1	0	6386171904	0	651338	111904	1016901632	10349821952	24336541828	10339385802
2025-05-20 03:19:55	7	40	8	4	1	0	6386171904	0	651341	111907	1016901632	10349821952	24336543762	10339385874
2025-05-20 03:19:56	7	40	8	4	1	0	6386171904	0	651346	111910	1016901632	10349821952	24336547622	10339385946
2025-05-20 03:19:57	7	40	8	4	1	0	6386171904	0	651349	111913	1016901632	10349821952	24336549556	10339386018
2025-05-20 03:19:58	7	40	8	4	1	0	6386171904	0	651353	111918	1016901632	10349821952	24336551498	10339386130
2025-05-20 03:19:59	7	40	8	4	1	0	6386171904	0	651358	111923	1016901632	10349821952	24336553448	10339386218
2025-05-20 03:20:00	7	40	8	4	1	0	6386171904	0	651362	111927	1016901632	10349821952	24336555390	10339386298
2025-05-20 03:20:01	7	40	8	4	1	0	6386171904	0	651366	111931	1016901632	10349821952	24336557332	10339386378
2025-05-20 03:20:02	7	40	8	4	1	0	6386171904	0	651371	111936	1016901632	10349821952	24336559282	10339386466
2025-05-20 03:20:03	7	40	8	4	1	0	6386171904	0	651374	111939	1016901632	10349821952	24336561216	10339386538
2025-05-20 03:20:04	7	40	8	4	1	0	6386171904	0	651377	111943	1016901632	10349821952	24336563150	10339386642
2025-05-20 03:20:06	7	40	8	4	1	0	6386171904	0	651382	111948	1016901632	10349821952	24336565100	10339386730
2025-05-20 03:20:07	7	40	8	4	1	0	6386171904	0	651386	111952	1016901632	10349821952	24336567042	10339386810
2025-05-20 03:20:08	7	40	8	4	1	0	6386171904	0	651390	111956	1016901632	10349821952	24336568984	10339386890
2025-05-20 03:20:09	7	40	8	4	1	0	6386171904	0	651395	111959	1016901632	10349821952	24336572844	10339386962
2025-05-20 03:20:10	7	40	8	4	1	0	6386171904	0	651399	111963	1016901632	10349821952	24336574786	10339387042
2025-05-20 03:20:11	7	40	8	4	1	0	6386171904	0	651403	111968	1016901632	10349821952	24336576728	10339387154
2025-05-20 03:20:12	7	40	8	4	1	0	6386171904	0	651406	111971	1016901632	10349821952	24336578662	10339387226
2025-05-20 03:20:13	7	40	8	4	1	0	6386171904	0	651409	111974	1016901632	10349821952	24336580596	10339387298
2025-05-20 03:20:14	7	40	8	4	1	0	6386171904	0	651411	111976	1016901632	10349821952	24336582522	10339387362
2025-05-20 03:20:15	7	40	8	4	1	0	6386171904	0	651414	111979	1016901632	10349821952	24336584456	10339387434
2025-05-20 03:20:16	7	40	8	4	1	0	6386171904	0	651416	111981	1016901632	10349821952	24336586381	10339387498
2025-05-20 03:20:17	7	40	8	4	1	0	6386171904	0	651419	111985	1016901632	10349821952	24336588314	10339387602
2025-05-20 03:20:19	7	40	8	4	1	0	6386171904	0	651421	111987	1016901632	10349821952	24336590240	10339387666
2025-05-20 03:20:20	7	40	8	4	1	0	6386171904	0	651424	111990	1016901632	10349826048	24336592174	10339387738
2025-05-20 03:20:21	7	40	8	4	1	0	6386171904	0	651427	111993	1016901632	10349826048	24336594108	10339387810
2025-05-20 03:20:22	7	40	8	4	1	0	6386171904	0	651433	111997	1016901632	10349826048	24336597976	10339387890
2025-05-20 03:20:23	7	40	8	4	1	0	6386171904	0	651436	112000	1016901632	10349826048	24336599910	10339387962
2025-05-20 03:20:24	7	40	8	4	1	0	6386171904	0	651441	112006	1016901632	10349826048	24336601860	10339388082
2025-05-20 03:20:25	7	40	8	4	1	0	6386171904	0	651444	112009	1016901632	10349826048	24336603794	10339388154
2025-05-20 03:20:26	7	40	8	4	1	0	6386171904	0	651449	112014	1016901632	10349826048	24336605744	10339388242
2025-05-20 03:20:27	7	40	8	4	1	0	6386171904	0	651453	112018	1016901632	10349826048	24336607686	10339388322
2025-05-20 03:20:28	7	40	8	4	1	0	6386171904	0	651457	112022	1016901632	10349826048	24336609628	10339388402
2025-05-20 03:20:29	7	40	8	4	1	0	6386171904	0	651461	112026	1016901632	10349826048	24336611570	10339388482
2025-05-20 03:20:30	7	40	8	4	1	0	6386171904	0	651463	112029	1016901632	10349826048	24336613496	10339388578
2025-05-20 03:20:32	7	40	8	4	1	0	6386171904	0	651466	112032	1016901632	10349826048	24336615430	10339388650
2025-05-20 03:20:33	7	40	8	4	1	0	6386171904	0	651468	112034	1016901632	10349826048	24336617356	10339388714
2025-05-20 03:20:34	7	40	8	4	1	0	6386171904	0	651471	112037	1016901632	10349826048	24336619289	10339388786
2025-05-20 03:20:35	7	40	8	4	1	0	6386171904	0	651475	112041	1016901632	10349826048	24336621229	10339388866
2025-05-20 03:20:36	7	40	8	4	1	0	6386171904	0	651482	112046	1016901632	10349830144	24336625104	10339388954
2025-05-20 03:20:37	7	40	8	4	1	0	6386171904	0	651485	112050	1016901632	10349830144	24336627038	10339389058
2025-05-20 03:20:38	7	40	8	4	1	0	6386171904	0	651488	112053	1016901632	10349830144	24336628972	10339389130
2025-05-20 03:20:39	7	40	8	4	1	0	6386171904	0	651491	112056	1016901632	10349830144	24336630906	10339389202
2025-05-20 03:20:40	7	40	8	4	1	0	6386171904	0	651494	112059	1016901632	10349830144	24336632840	10339389274
2025-05-20 03:20:41	7	40	8	4	1	0	6386171904	0	651497	112062	1016901632	10349830144	24336634774	10339389346
2025-05-20 03:20:42	7	40	8	4	1	0	6386171904	0	651500	112065	1016901632	10349830144	24336636708	10339389418
2025-05-20 03:20:43	7	40	8	4	1	0	6386171904	0	651503	112069	1016901632	10349830144	24336638642	10339389522
2025-05-20 03:20:45	7	40	8	4	1	0	6386171904	0	651508	112074	1016901632	10349830144	24336640592	10339389610
2025-05-20 03:20:46	7	40	8	4	1	0	6386171904	0	651511	112077	1016901632	10349830144	24336642526	10339389682
2025-05-20 03:20:47	7	40	8	4	1	0	6386171904	0	651516	112082	1016901632	10349830144	24336644476	10339389770
2025-05-20 03:20:48	7	40	8	4	1	0	6386171904	0	651520	112086	1016901632	10349830144	24336646418	10339389850
2025-05-20 03:20:49	7	40	8	4	1	0	6386171904	0	651526	112090	1016901632	10349830144	24336650286	10339389930
2025-05-20 03:20:50	7	40	8	4	1	0	6386171904	0	651531	112096	1016901632	10349834240	24336652236	10339390050
2025-05-20 03:20:51	7	40	8	4	1	0	6386171904	0	651535	112100	1016901632	10349834240	24336654178	10339390130
2025-05-20 03:20:52	7	40	8	4	1	0	6386171904	0	651539	112104	1016901632	10349834240	24336656120	10339390210
2025-05-20 03:20:53	7	40	8	4	1	0	6386171904	0	651543	112108	1016901632	10349834240	24336658062	10339390290
2025-05-20 03:20:54	7	40	8	4	1	0	6386171904	0	651546	112111	1016901632	10349834240	24336659996	10339390362
2025-05-20 03:20:55	7	40	8	4	1	0	6386171904	0	651549	112114	1016901632	10349834240	24336661930	10339390434
2025-05-20 03:20:56	7	40	8	4	1	0	6386171904	0	651553	112119	1016901632	10349834240	24336663872	10339390546
2025-05-20 03:20:58	7	40	8	4	1	0	6386171904	0	651556	112122	1016901632	10349834240	24336665805	10339390618
2025-05-20 03:20:59	7	40	8	4	1	0	6386171904	0	651559	112125	1016901632	10349834240	24336667738	10339390690
2025-05-20 03:21:00	7	40	8	4	1	0	6386171904	0	651562	112128	1016901632	10349834240	24336669672	10339390762
2025-05-20 03:21:01	7	40	8	4	1	0	6386171904	0	651565	112131	1016901632	10349834240	24336671606	10339390834
2025-05-20 03:21:02	7	40	8	4	1	0	6386171904	0	651569	112133	1016901632	10349834240	24336675458	10339390898
2025-05-20 03:21:03	7	40	8	4	1	0	6386171904	0	651571	112136	1016901632	10349834240	24336677384	10339390994
2025-05-20 03:21:04	7	40	8	4	1	0	6386171904	0	651573	112138	1016901632	10349834240	24336679310	10339391058
2025-05-20 03:21:05	7	40	8	4	1	0	6386171904	0	651575	112140	1016901632	10349834240	24336681236	10339391122
2025-05-20 03:21:06	7	40	8	4	1	0	6386171904	0	651577	112142	1016901632	10349834240	24336683162	10339391186
2025-05-20 03:21:07	7	40	8	4	1	0	6386171904	0	651579	112144	1016901632	10349834240	24336685088	10339391250
2025-05-20 03:21:08	7	40	8	4	1	0	6386171904	0	651583	112148	1016901632	10349834240	24336687030	10339391330
2025-05-20 03:21:09	7	40	8	4	1	0	6386171904	0	651586	112152	1016901632	10349834240	24336688964	10339391434
2025-05-20 03:21:11	7	40	8	4	1	0	6386171904	0	651589	112155	1016901632	10349834240	24336690897	10339391506
2025-05-20 03:21:12	7	40	8	4	1	0	6386171904	0	651591	112157	1016901632	10349834240	24336692822	10339391570
2025-05-20 03:21:13	7	40	8	4	1	0	6386171904	0	651594	112160	1016901632	10349834240	24336694756	10339391642
2025-05-20 03:21:14	7	40	8	4	1	0	6386171904	0	651597	112163	1016901632	10349834240	24336696690	10339391714
2025-05-20 03:21:15	7	40	8	4	1	0	6386171904	0	651600	112166	1016901632	10349834240	24336698623	10339391786
2025-05-20 03:21:16	7	40	8	4	1	0	6386171904	0	651605	112170	1016901632	10349834240	24336702482	10339391890
2025-05-20 03:21:17	7	40	8	4	1	0	6386171904	0	651608	112173	1016901632	10349834240	24336704416	10339391962
2025-05-20 03:21:18	7	40	8	4	1	0	6386171904	0	651611	112176	1016901632	10349834240	24336706350	10339392034
2025-05-20 03:21:19	7	40	8	4	1	0	6386171904	0	651614	112179	1016901632	10349834240	24336708284	10339392106
2025-05-20 03:21:20	7	40	8	4	1	0	6386171904	0	651617	112182	1016901632	10349834240	24336710218	10339392178
2025-05-20 03:21:21	7	40	8	4	1	0	6386171904	0	651621	112186	1016901632	10349834240	24336712160	10339392258
2025-05-20 03:21:22	7	40	8	4	1	0	6386171904	0	651625	112191	1016901632	10349834240	24336714102	10339392370
2025-05-20 03:21:24	7	40	8	4	1	0	6386171904	0	651627	112193	1016901632	10349838336	24336716028	10339392434
2025-05-20 03:21:25	7	40	8	4	1	0	6386171904	0	651629	112195	1016901632	10349838336	24336717954	10339392498
2025-05-20 03:21:26	7	40	8	4	1	0	6386171904	0	651634	112200	1016901632	10349838336	24336719904	10339392586
2025-05-20 03:21:27	7	40	8	4	1	0	6386290688	0	651637	112203	1016901632	10349838336	24336721838	10339392658
2025-05-20 03:21:28	7	40	8	4	1	0	6386290688	0	651639	112205	1016901632	10349838336	24336723764	10339392722
2025-05-20 03:21:29	7	40	8	4	1	0	6386294784	0	651647	112212	1016901632	10349838336	24336727648	10339392850
2025-05-20 03:21:30	7	40	8	4	1	0	6386294784	0	651651	112216	1016901632	10349838336	24336729590	10339392930
2025-05-20 03:21:31	7	40	8	4	1	0	6386294784	0	651656	112221	1016901632	10349838336	24336731540	10339393018
2025-05-20 03:21:32	7	40	8	4	1	0	6386298880	0	651660	112225	1016901632	10349838336	24336733482	10339393098
2025-05-20 03:21:33	7	40	8	4	1	0	6386298880	0	651663	112228	1016901632	10349838336	24336735416	10339393170
2025-05-20 03:21:34	7	40	8	4	1	0	6386298880	0	651666	112231	1016901632	10349838336	24336737350	10339393242
2025-05-20 03:21:35	7	40	8	4	1	0	6386298880	0	651668	112234	1016901632	10349838336	24336739276	10339393338
2025-05-20 03:21:37	7	40	8	4	1	0	6386298880	0	651673	112239	1016901632	10349838336	24336741226	10339393426
2025-05-20 03:21:38	7	40	8	4	1	0	6386298880	0	651676	112242	1016901632	10349838336	24336743160	10339393498
2025-05-20 03:21:39	7	40	8	4	1	0	6386298880	0	651679	112245	1016901632	10349838336	24336745094	10339393570
2025-05-20 03:21:40	7	40	8	4	1	0	6386307072	0	651681	112247	1016901632	10349842432	24336747020	10339393634
2025-05-20 03:21:41	7	40	8	4	1	0	6386319360	0	651683	112249	1016901632	10349842432	24336748945	10339393698
2025-05-20 03:21:42	7	40	8	4	1	0	6386319360	0	651689	112254	1016901632	10349842432	24336752809	10339393810
2025-05-20 03:21:43	7	40	8	4	1	0	6386319360	0	651691	112256	1016901632	10349842432	24336754733	10339393874
2025-05-20 03:21:44	7	40	8	4	1	0	6386323456	0	651696	112261	1016901632	10349842432	24336756682	10339393962
2025-05-20 03:21:45	7	40	8	4	1	0	6386331648	0	651700	112265	1016901632	10349842432	24336758624	10339394042
2025-05-20 03:21:46	7	40	8	4	1	0	6386335744	0	651704	112269	1016901632	10349842432	24336760566	10339394122
2025-05-20 03:21:47	7	40	8	4	1	0	6386343936	0	651708	112273	1016901632	10349842432	24336762508	10339394202
2025-05-20 03:21:48	7	40	8	4	1	0	6386343936	0	651712	112278	1016901632	10349842432	24336764449	10339394314
2025-05-20 03:21:50	7	40	8	4	1	0	6386343936	0	651714	112280	1016901632	10349842432	24336766374	10339394378
2025-05-20 03:21:51	7	40	8	4	1	0	6386364416	0	651717	112283	1016901632	10349842432	24336768308	10339394450
2025-05-20 03:21:52	7	40	8	4	1	0	6386380800	0	651720	112286	1016901632	10349842432	24336770242	10339394522
2025-05-20 03:21:53	7	40	8	4	1	0	6386380800	0	651722	112288	1016901632	10349842432	24336772167	10339394586
2025-05-20 03:21:54	7	40	8	4	1	0	6386388992	0	651725	112291	1016901632	10349846528	24336774100	10339394658
2025-05-20 03:21:55	7	40	8	4	1	0	6386388992	0	651733	112298	1016901632	10349846528	24336777980	10339394786
2025-05-20 03:21:56	7	40	8	4	1	0	6386401280	0	651737	112302	1016901632	10349846528	24336779922	10339394866
2025-05-20 03:21:57	7	40	8	4	1	0	6386401280	0	651740	112305	1016901632	10349846528	24336781855	10339394938
2025-05-20 03:21:58	7	40	8	4	1	0	6386405376	0	651743	112308	1016901632	10349846528	24336783788	10339395010
2025-05-20 03:21:59	7	40	8	4	1	0	6386417664	0	651746	112311	1016901632	10349846528	24336785721	10339395082
2025-05-20 03:22:00	7	40	8	4	1	0	6386421760	0	651749	112314	1016901632	10349846528	24336787651	10339395154
2025-05-20 03:22:01	7	40	8	4	1	0	6386434048	0	651752	112318	1016901632	10349846528	24336789582	10339395258
2025-05-20 03:22:03	7	40	8	4	1	0	6386442240	0	651755	112321	1016901632	10349846528	24336791516	10339395330
2025-05-20 03:22:04	7	40	8	4	1	0	6386458624	0	651757	112323	1016901632	10349846528	24336793442	10339395394
2025-05-20 03:22:05	7	40	8	4	1	0	6386458624	0	651762	112328	1016901632	10349846528	24336795392	10339395482
2025-05-20 03:22:06	7	40	8	4	1	0	6386458624	0	651765	112331	1016901632	10349846528	24336797326	10339395554
2025-05-20 03:22:07	7	40	8	4	1	0	6386483200	0	651769	112335	1016901632	10349846528	24336799268	10339395634
2025-05-20 03:22:08	7	40	8	4	1	0	6386503680	0	651773	112340	1016901632	10349846528	24336801210	10339395746
2025-05-20 03:22:09	7	40	8	4	1	0	6386528256	0	651779	112344	1016901632	10349846528	24336805078	10339395826
2025-05-20 03:22:10	7	40	8	4	1	0	6386548736	0	651782	112347	1016901632	10349846528	24336807012	10339395898
2025-05-20 03:22:11	7	40	8	4	1	0	6386569216	0	651784	112349	1016901632	10349846528	24336808938	10339395962
2025-05-20 03:22:12	7	40	8	4	1	0	6386581504	0	651788	112353	1016901632	10349846528	24336810880	10339396042
2025-05-20 03:22:13	7	40	8	4	1	0	6386606080	0	651792	112357	1016901632	10349846528	24336812822	10339396122
2025-05-20 03:22:14	7	40	8	4	1	0	6386610176	0	651794	112360	1016901632	10349846528	24336814748	10339396218
2025-05-20 03:22:16	7	40	8	4	1	0	6386626560	0	651798	112364	1016901632	10349846528	24336816690	10339396298
2025-05-20 03:22:17	7	40	8	4	1	0	6386647040	0	651801	112367	1016901632	10349846528	24336818624	10339396370
2025-05-20 03:22:18	7	40	8	4	1	0	6386667520	0	651805	112371	1016901632	10349846528	24336820566	10339396450
2025-05-20 03:22:19	7	40	8	4	1	0	6386675712	0	651808	112374	1016901632	10349846528	24336822500	10339396522
2025-05-20 03:22:20	7	40	8	4	1	0	6386688000	0	651812	112378	1016901632	10349846528	24336824442	10339396602
2025-05-20 03:22:21	7	40	8	4	1	0	6386696192	0	651815	112382	1016901632	10349846528	24336826376	10339396706
2025-05-20 03:22:22	7	40	8	4	1	0	6386724864	0	651819	112384	1016901632	10349846528	24336830228	10339396770
2025-05-20 03:22:23	7	40	8	4	1	0	6386745344	0	651822	112387	1016901632	10349846528	24336832162	10339396842
2025-05-20 03:22:24	7	40	8	4	1	0	6386765824	0	651825	112390	1016901632	10349850624	24336834096	10339396914
2025-05-20 03:22:25	7	40	8	4	1	0	6386769920	0	651829	112394	1016901632	10349850624	24336836038	10339396994
2025-05-20 03:22:26	7	40	8	4	1	0	6386786304	0	651833	112398	1016901632	10349850624	24336837980	10339397074
2025-05-20 03:22:27	7	40	8	4	1	0	6386790400	0	651838	112404	1016901632	10349850624	24336839930	10339397194
2025-05-20 03:22:29	7	40	8	4	1	0	6386814976	0	651840	112406	1016901632	10349850624	24336841856	10339397258
2025-05-20 03:22:30	7	40	8	4	1	0	6386819072	0	651843	112409	1016901632	10349850624	24336843789	10339397330
2025-05-20 03:22:31	7	40	8	4	1	0	6386835456	0	651846	112412	1016901632	10349850624	24336845722	10339397402
2025-05-20 03:22:32	7	40	8	4	1	0	6386847744	0	651849	112415	1016901632	10349850624	24336847656	10339397474
2025-05-20 03:22:33	7	40	8	4	1	0	6386868224	0	651852	112418	1016901632	10349850624	24336849590	10339397546
2025-05-20 03:22:34	7	40	8	4	1	0	6386872320	0	651854	112421	1016901632	10349850624	24336851516	10339397642
2025-05-20 03:22:35	7	40	8	4	1	0	6386876416	0	651859	112424	1016901632	10349850624	24336855375	10339397714
2025-05-20 03:22:36	7	40	8	4	1	0	6386876416	0	651861	112426	1016901632	10349850624	24336857300	10339397778
2025-05-20 03:22:37	7	40	8	4	1	0	6386876416	0	651863	112428	1016901632	10349850624	24336859226	10339397842
2025-05-20 03:22:38	7	40	8	4	1	0	6386876416	0	651866	112431	1016901632	10349850624	24336861159	10339397914
2025-05-20 03:22:39	7	40	8	4	1	0	6386884608	0	651870	112435	1016901632	10349850624	24336863100	10339397994
2025-05-20 03:22:40	7	40	8	4	1	0	6386884608	0	651873	112439	1016901632	10349850624	24336865034	10339398098
2025-05-20 03:22:42	7	40	8	4	1	0	6386888704	0	651877	112443	1016901632	10349850624	24336866976	10339398178
2025-05-20 03:22:43	7	40	8	4	1	0	6386909184	0	651880	112446	1016901632	10349850624	24336868910	10339398250
2025-05-20 03:22:44	7	40	8	4	1	0	6386913280	0	651883	112449	1016901632	10349854720	24336870844	10339398322
2025-05-20 03:22:45	7	40	8	4	1	0	6386925568	0	651886	112452	1016901632	10349854720	24336872778	10339398394
2025-05-20 03:22:46	7	40	8	4	1	0	6386929664	0	651889	112455	1016901632	10349854720	24336874712	10339398466
2025-05-20 03:22:47	7	40	8	4	1	0	6386941952	0	651892	112459	1016901632	10349854720	24336876646	10339398570
2025-05-20 03:22:48	7	40	8	4	1	0	6386941952	0	651897	112462	1016901632	10349854720	24336880506	10339398642
2025-05-20 03:22:49	7	40	8	4	1	0	6386941952	0	651900	112465	1016901632	10349854720	24336882440	10339398714
2025-05-20 03:22:50	7	40	8	4	1	0	6386941952	0	651902	112467	1016901632	10349854720	24336884365	10339398778
2025-05-20 03:22:51	7	40	8	4	1	0	6386941952	0	651906	112471	1016901632	10349854720	24336886306	10339398858
2025-05-20 03:22:52	7	40	8	4	1	0	6386941952	0	651908	112473	1016901632	10349854720	24336888232	10339398922
2025-05-20 03:22:53	7	40	8	4	1	0	6386941952	0	651911	112477	1016901632	10349854720	24336890166	10339399026
2025-05-20 03:22:55	7	40	8	4	1	0	6386941952	0	651913	112479	1016901632	10349858816	24336892090	10339399090
2025-05-20 03:22:56	7	40	8	4	1	0	6386941952	0	651917	112483	1016901632	10349858816	24336894030	10339399170
2025-05-20 03:22:57	7	40	8	4	1	0	6386941952	0	651919	112485	1016901632	10349858816	24336895956	10339399234
2025-05-20 03:22:58	7	40	8	4	1	0	6386941952	0	651922	112488	1016901632	10349858816	24336897890	10339399306
2025-05-20 03:22:59	7	40	8	4	1	0	6386941952	0	651925	112491	1016901632	10349858816	24336899824	10339399378
2025-05-20 03:23:00	7	40	8	4	1	0	6386941952	0	651929	112496	1016901632	10349858816	24336901766	10339399490
2025-05-20 03:23:01	7	40	8	4	1	0	6386941952	0	651932	112499	1016901632	10349858816	24336903699	10339399562
2025-05-20 03:23:02	7	40	8	4	1	0	6386352128	0	651939	112504	1016901632	10349858816	24336907574	10339399650
2025-05-20 03:23:03	7	40	8	4	1	0	6386352128	0	651943	112508	1016901632	10349858816	24336909516	10339399730
2025-05-20 03:23:04	7	40	8	4	1	0	6386352128	0	651948	112513	1016901632	10349858816	24336911466	10339399818
2025-05-20 03:23:05	7	40	8	4	1	0	6386352128	0	651952	112517	1016901632	10349858816	24336913408	10339399898
2025-05-20 03:23:06	7	40	8	4	1	0	6386352128	0	651958	112524	1016901632	10349858816	24336915366	10339400026
2025-05-20 03:23:08	7	40	8	4	1	0	6386352128	0	651962	112528	1016901632	10349858816	24336917308	10339400106
2025-05-20 03:23:09	7	40	8	4	1	0	6386352128	0	651965	112531	1016901632	10349858816	24336919242	10339400178
2025-05-20 03:23:10	7	40	8	4	1	0	6386352128	0	651969	112535	1016901632	10349858816	24336921184	10339400258
2025-05-20 03:23:11	7	40	8	4	1	0	6386352128	0	651972	112538	1016901632	10349858816	24336923117	10339400330
2025-05-20 03:23:12	7	40	8	4	1	0	6386352128	0	651976	112542	1016901632	10349858816	24336925058	10339400410
2025-05-20 03:23:13	7	40	8	4	1	0	6386352128	0	651980	112547	1016901632	10349858816	24336927000	10339400522
2025-05-20 03:23:14	7	40	8	4	1	0	6386352128	0	651982	112549	1016901632	10349858816	24336928926	10339400586
2025-05-20 03:23:15	7	40	8	4	1	0	6386352128	0	651988	112553	1016901632	10349858816	24336932794	10339400666
2025-05-20 03:23:16	7	40	8	4	1	0	6386352128	0	651991	112556	1016901632	10349858816	24336934728	10339400738
2025-05-20 03:23:17	7	40	8	4	1	0	6386352128	0	651993	112558	1016901632	10349858816	24336936654	10339400802
2025-05-20 03:23:18	7	40	8	4	1	0	6386352128	0	651995	112560	1016901632	10349858816	24336938579	10339400866
2025-05-20 03:23:19	7	40	8	4	1	0	6386352128	0	651997	112563	1016901632	10349858816	24336940504	10339400962
2025-05-20 03:23:21	7	40	8	4	1	0	6386352128	0	652000	112566	1016901632	10349858816	24336942438	10339401034
2025-05-20 03:23:22	7	40	8	4	1	0	6386352128	0	652003	112569	1016901632	10349858816	24336944372	10339401106
2025-05-20 03:23:23	7	40	8	4	1	0	6386352128	0	652006	112572	1016901632	10349858816	24336946306	10339401178
2025-05-20 03:23:24	7	40	8	4	1	0	6386352128	0	652010	112576	1016901632	10349858816	24336948248	10339401258
2025-05-20 03:23:25	7	40	8	4	1	0	6386352128	0	652014	112580	1016901632	10349858816	24336950190	10339401338
2025-05-20 03:23:26	7	40	8	4	1	0	6386352128	0	652018	112585	1016901632	10349862912	24336952131	10339401450
2025-05-20 03:23:27	7	40	8	4	1	0	6386352128	0	652023	112590	1016901632	10349862912	24336954080	10339401538
2025-05-20 03:23:28	7	40	8	4	1	0	6386339840	0	652028	112596	1016901632	11918774272	24336957957	11908128914
2025-05-20 03:23:29	4	14	8	4	1	0	1653493760	0	248874	101552	1410162688	3277279232	12146198886	3279635696
2025-05-20 03:23:30	4	14	8	4	1	0	1653694464	0	249962	101552	1673052160	3277279232	13287049574	3279635696
2025-05-20 03:23:31	4	14	8	4	1	0	1653694464	0	251156	101552	1673052160	3277279232	14539049318	3279635696
2025-05-20 03:23:32	4	14	8	4	1	0	1653694464	0	252181	101552	2425827328	3277279232	15605546978	3279635696
2025-05-20 03:23:33	4	14	8	4	1	0	1653694464	0	253225	101552	3133919232	3277279232	16700260322	3279635696
2025-05-20 03:23:34	4	14	8	4	1	0	1653694464	0	254403	101552	3133919232	3277279232	17935482850	3279635696
2025-05-20 03:23:35	4	14	8	4	1	0	1653694464	0	255553	101552	3133919232	3277279232	19135197774	3279635696
2025-05-20 03:23:36	4	14	8	4	1	0	1664860160	0	256532	101552	3133919232	3277279232	20161753678	3279635696
2025-05-20 03:23:37	6	28	8	4	1	0	1692233728	0	265348	109117	3167629312	3399806976	20490675138	3526493027
2025-05-20 03:23:39	7	41	8	4	1	0	1683853312	0	278542	120686	3192827904	3588931584	20706246402	3905389739
2025-05-20 03:23:40	7	41	8	4	1	0	1683869696	0	291773	132311	3218010112	3779399680	20923179718	4286219503
2025-05-20 03:23:41	7	41	8	4	1	0	1683869696	0	305132	144068	3247403008	3971989504	21142161554	4671407403
2025-05-20 03:23:42	7	41	8	4	1	0	1683886080	0	318591	155892	3272585216	4165619712	21362669118	5058758021
2025-05-20 03:23:43	7	41	8	4	1	0	1683898368	0	331844	167530	3297783808	4356329472	21579815488	5440046529
2025-05-20 03:23:44	7	41	8	4	1	0	1683910656	0	345204	179277	3327176704	4548579328	21798698898	5824873989
2025-05-20 03:23:45	7	41	8	4	1	0	1683922944	0	358344	190827	3352358912	4738011136	22013993705	6203278913
2025-05-20 03:23:46	7	41	8	4	1	0	1683927040	0	371540	202433	3377557504	4928036864	22230206080	6583518845
2025-05-20 03:23:47	7	41	8	4	1	0	1683951616	0	384668	213963	3402739712	5116882944	22445369558	6961268409
2025-05-20 03:23:48	7	41	8	4	1	0	1683968000	0	397712	225415	3427938304	5304553472	22659091030	7336429309
2025-05-20 03:23:49	7	41	8	4	1	0	1683976192	0	409752	236002	3453120512	5477969920	22856425545	7683245889
2025-05-20 03:23:50	7	41	8	4	1	0	1683992576	0	420236	245217	3474108416	5628944384	23028196317	7985104773
2025-05-20 03:23:51	7	41	8	4	1	0	1684004864	0	429567	253414	3495112704	5763198976	23181154649	8253605855
2025-05-20 03:23:52	7	41	8	4	1	0	1684025344	0	439078	261801	3511906304	5900374016	23337406801	8528365595
2025-05-20 03:23:53	7	41	8	4	1	0	1684037632	0	448432	270006	3532894208	6035025920	23490660187	8797161559
2025-05-20 03:23:55	7	41	8	4	1	0	1684045824	0	457685	278152	3549704192	6168236032	23642307630	9064024211
2025-05-20 03:23:56	7	41	8	4	1	0	1684058112	0	467109	286431	3566497792	6304002048	23796691789	9335212247
2025-05-20 03:23:57	7	41	8	4	1	0	1684115456	0	476467	294656	3587485696	6438719488	23950076255	9604598073
2025-05-20 03:23:58	7	41	8	4	1	0	1684144128	0	485595	302674	3604279296	6570090496	24099693564	9867266421
2025-05-20 03:23:59	7	41	8	4	1	0	1684148224	0	492902	309090	3621072896	6675283968	24219402715	10077407673
2025-05-20 03:24:00	7	41	8	4	1	0	1684156416	0	496175	311968	3625267200	6722310144	24273006537	10171648501
2025-05-20 03:24:01	7	41	8	4	1	0	1684168704	0	500734	315989	3633672192	6788112384	24347880774	10303277655
2025-05-20 03:24:02	7	41	8	4	1	0	1684168704	0	509923	324077	3654660096	6920495104	24498430356	10568239763
2025-05-20 03:24:03	7	41	8	4	1	0	1684193280	0	521362	334130	3675664384	7085129728	24685867063	10897590991
2025-05-20 03:24:04	7	41	8	4	1	0	1684197376	0	532957	344318	3700846592	7251828736	24875843678	11231365899
2025-05-20 03:24:05	7	41	8	4	1	0	1684217856	0	544522	354467	3721834496	7418331136	25065328797	11563862855
2025-05-20 03:24:07	7	41	8	4	1	0	1684226048	0	556109	364654	3747033088	7585226752	25255207228	11897604995
2025-05-20 03:24:08	7	41	8	4	1	0	1684258816	0	567119	374326	3768020992	7743705088	25435613931	12214438855
2025-05-20 03:24:09	7	41	8	4	1	0	1684250624	0	578452	384281	3789008896	7906725888	25621264426	12540546059
2025-05-20 03:24:10	7	41	8	4	1	0	1684262912	0	589797	394245	3814207488	8069955584	25807177106	12866948197
2025-05-20 03:24:11	7	41	8	4	1	0	1684320256	0	601412	404455	3835195392	8237178880	25997450704	13201444001
2025-05-20 03:24:12	7	41	8	4	1	0	1684340736	0	612974	414593	3860393984	8403845120	26186935905	13533580509
2025-05-20 03:24:13	7	41	8	4	1	0	1684344832	0	624441	424703	3881381888	8568770560	26374847778	13864799513
2025-05-20 03:24:14	7	41	8	4	1	0	1684357120	0	635974	434849	3902369792	8735080448	26564087110	14197165405
2025-05-20 03:24:15	7	41	8	4	1	0	1684369408	0	647374	444877	3927568384	8899387392	26750950360	14525697433
2025-05-20 03:24:16	7	41	8	4	1	0	1684393984	0	658939	455044	3948556288	9065857024	26940500988	14858784213
2025-05-20 03:24:17	7	41	8	4	1	0	1684418560	0	670486	465206	3973738496	9231867904	27129691032	15191707153
2025-05-20 03:24:18	7	41	8	4	1	0	1684422656	0	682140	475415	3994742784	9399615488	27320634583	15526170189
2025-05-20 03:24:19	7	41	8	4	1	0	1684430848	0	693141	485122	4019924992	9558646784	27501582086	15844118191
2025-05-20 03:24:20	7	41	8	4	1	0	1684439040	0	704773	495355	4040912896	9726099456	27692214274	16179367659
2025-05-20 03:24:21	7	41	8	4	1	0	1684459520	0	716313	505483	4066111488	9892237312	27881306102	16511176487
2025-05-20 03:24:22	7	41	8	4	1	0	1684467712	0	727953	515712	4087099392	10059788288	28072036618	16846294883
2025-05-20 03:24:23	7	41	8	4	1	0	1684504576	0	739540	525899	4112297984	10226614272	28261996922	17180037023
2025-05-20 03:24:24	7	41	8	4	1	0	1684525056	0	751073	536035	4133285888	10392592384	28450974010	17512107995
2025-05-20 03:24:26	7	41	8	4	1	0	1684549632	0	762485	546059	4154290176	10556768256	28637984626	17840476191
2025-05-20 03:24:27	7	41	8	4	1	0	1684553728	0	773980	556157	4179488768	10722283520	28826322671	18171301979
2025-05-20 03:24:28	7	41	8	4	1	0	1684561920	0	785506	566290	4200476672	10888196096	29015283348	18503274647
2025-05-20 03:24:29	7	41	8	4	1	0	1684574208	0	797089	576469	4225658880	11054960640	29205063441	18836721905
2025-05-20 03:24:30	7	41	8	4	1	0	1684578304	0	808462	586468	4246663168	11218677760	29391387762	19164270901
2025-05-20 03:24:31	7	41	8	4	1	0	1684582400	0	820127	596722	4271845376	11386523648	29582511545	19500208497
2025-05-20 03:24:32	7	41	8	4	1	0	1684582400	0	831513	606714	4292833280	11550334976	29769079721	19827560877
2025-05-20 03:24:33	7	41	8	4	1	0	1684582400	0	842961	616765	4318031872	11715035136	29956680269	20156846569
2025-05-20 03:24:34	7	41	8	4	1	0	1684582400	0	854125	626562	4339019776	11875602432	30139594121	20477809189
2025-05-20 03:24:35	7	41	8	4	1	0	1684946944	0	863620	634902	4360007680	12012220416	30295158057	20751028833
2025-05-20 03:24:36	7	41	8	4	1	0	1684959232	0	870291	640761	4372606976	12108169216	30404445017	20942951069
2025-05-20 03:24:37	7	41	8	4	1	0	1684959232	0	875727	645529	4381028352	12186296320	30493493973	21099090679
2025-05-20 03:24:38	7	41	8	4	1	0	1684959232	0	880811	649987	4393611264	12259274752	30576758285	21245072187
2025-05-20 03:24:39	7	41	8	4	1	0	1684967424	0	887584	655931	4406210560	12356562944	30687765801	21439779703
2025-05-20 03:24:41	7	41	8	4	1	0	1684967424	0	898270	665312	4427198464	12510089216	30862862953	21747110835
2025-05-20 03:24:42	7	41	8	4	1	0	1684975616	0	910218	675812	4452397056	12682063872	31058607921	22091076599
2025-05-20 03:24:43	7	41	8	4	1	0	1684992000	0	921855	686005	4473384960	12849090560	31249272665	22425015347
2025-05-20 03:24:44	7	41	8	4	1	0	1684992000	0	933494	696193	4498583552	13016055808	31439953765	22758724757
2025-05-20 03:24:45	7	41	8	4	1	0	1684992000	0	945193	706476	4523765760	13184454656	31631651120	23095612625
2025-05-20 03:24:46	7	41	8	4	1	0	1684996096	0	956992	716839	4544753664	13354201088	31824939883	23435121933
2025-05-20 03:24:47	7	41	8	4	1	0	1685004288	0	968910	727294	4569952256	13525458944	32020209470	23777645897
2025-05-20 03:24:48	7	41	8	4	1	0	1685004288	0	980614	737583	4590972928	13694025728	32211988805	24114730373
2025-05-20 03:24:49	7	41	8	4	1	0	1685016576	0	992365	747922	4616155136	13863378944	32404571145	24453453249
2025-05-20 03:24:50	4	14	8	4	1	0	1664974848	0	906507	426337	3565297664	13918982144	31436246292	13921264919
2025-05-20 03:24:51	4	14	8	4	1	0	1664991232	0	907377	426337	4478738432	13918982144	32348507412	13921264919
2025-05-20 03:24:52	4	14	8	4	1	0	1665007616	0	908255	426337	5371138048	13918982144	33269157140	13921264919
2025-05-20 03:24:53	4	14	8	4	1	0	1665007616	0	920530	437601	6244573184	13919858688	34220057626	13921524777
2025-05-20 03:24:54	4	14	8	4	1	0	1665007616	0	921411	437601	7168811008	13919858688	35143853082	13921524777
2025-05-20 03:24:55	4	14	8	4	1	0	1665007616	0	922295	437601	8075726848	13919858688	36070794266	13921524777
2025-05-20 03:24:56	4	14	8	4	1	0	1665007616	0	923172	437601	8916787200	13919858688	36990395418	13921524777
2025-05-20 03:24:57	4	14	8	4	1	0	1665007616	0	923984	437601	9767596032	13919858688	37841839130	13921524777
2025-05-20 03:24:58	4	14	8	4	1	0	1665007616	0	924581	437601	10390949888	13919858688	38467839002	13921524777
2025-05-20 03:24:59	4	14	8	4	1	0	1665007616	0	924954	437601	10785206272	13919858688	38858957850	13921524777
2025-05-20 03:25:00	4	14	8	4	1	0	1665007616	0	925182	437601	11024281600	13919858688	39098033178	13921524777
2025-05-20 03:25:02	4	14	8	4	1	0	1665007616	0	925332	437601	11179470848	13919858688	39255319578	13921524777
2025-05-20 03:25:03	4	14	8	4	1	0	1665007616	0	925446	437601	11301105664	13919858688	39374857242	13921524777
2025-05-20 03:25:04	4	14	8	4	1	0	1665007616	0	925549	437601	11405963264	13919858688	39482860570	13921524777
2025-05-20 03:25:05	4	14	8	4	1	0	1665007616	0	925659	437601	11523403776	13919858688	39598203930	13921524777
2025-05-20 03:25:06	4	14	8	4	1	0	1665007616	0	925792	437601	11661815808	13919858688	39737664538	13921524777
2025-05-20 03:25:08	4	14	8	4	1	0	1665007616	0	926154	437601	12042821632	13919858688	40117249050	13921524777
2025-05-20 03:25:09	4	14	8	4	1	0	1665007616	0	926607	437601	12182978560	13919858688	40592253978	13921524777
2025-05-20 03:25:10	4	14	8	4	1	0	1665007616	0	926973	437601	12182978560	13919858688	40976032794	13921524777
2025-05-20 03:25:11	4	14	8	4	1	0	1665007616	0	927343	437601	12182978560	13919858688	41364005914	13921524777
2025-05-20 03:25:12	6	28	8	4	1	0	1845395456	0	927726	437629	12346880000	13919899648	41794668216	13921544098
2025-05-20 03:25:13	7	40	8	4	1	0	3983032320	0	928021	437634	14490169344	13919916032	43925391085	13921544396
2025-05-20 03:25:14	7	40	8	4	1	0	5510529024	0	928214	437638	16050569216	13919920128	45485789280	13921544472
2025-05-20 03:25:15	7	40	8	4	1	0	6386176000	0	928324	437643	16893874176	13919924224	46349878251	13921544580
2025-05-20 03:25:16	7	40	8	4	1	0	6750638080	0	928359	437650	17288282112	13919932416	46349988783	13921544786
2025-05-20 03:25:18	7	42	8	4	1	0	7192526848	0	928779	437656	17686413312	13919936512	47137737628	13921544906
2025-05-20 03:25:19	7	44	8	4	1	0	7309914112	0	931957	437665	17715777536	13919944704	47163691984	13921545316
2025-05-20 03:25:20	7	44	8	4	1	0	7315443712	0	931960	437668	17715777536	13919944704	47163693891	13921545388
2025-05-20 03:25:21	7	44	8	4	1	0	7320956928	0	931963	437671	17715777536	13919944704	47163695800	13921545460
2025-05-20 03:25:22	7	44	8	4	1	0	7326765056	0	931966	437674	17715777536	13919944704	47163697711	13921545532
2025-05-20 03:25:24	7	44	8	4	1	0	7332421632	0	931970	437677	17715777536	13919944704	47163701518	13921545628
2025-05-20 03:25:25	7	44	8	4	1	0	7337738240	0	931974	437681	17715777536	13919944704	47163703439	13921545708
2025-05-20 03:25:26	7	44	8	4	1	0	7343251456	0	931977	437684	17715777536	13919944704	47163705352	13921545780
2025-05-20 03:25:27	7	44	8	4	1	0	7348719616	0	931980	437687	17715777536	13919944704	47163707264	13921545852
2025-05-20 03:25:28	7	44	8	4	1	0	7354146816	0	931983	437690	17715777536	13919944704	47163709176	13921545924
2025-05-20 03:25:29	7	44	8	4	1	0	7360225280	0	931986	437693	17715777536	13919944704	47163711089	13921545996
2025-05-20 03:25:30	7	44	8	4	1	0	7365832704	0	931990	437698	17715777536	13919944704	47163713010	13921546108
2025-05-20 03:25:31	7	44	8	4	1	0	7371460608	0	931993	437701	17715777536	13919944704	47163714923	13921546180
2025-05-20 03:25:32	7	44	8	4	1	0	7377113088	0	931996	437704	17715777536	13919944704	47163716836	13921546252
2025-05-20 03:25:33	7	44	8	4	1	0	7382691840	0	931998	437706	17715777536	13919944704	47163718741	13921546316
2025-05-20 03:25:34	7	44	8	4	1	0	7388409856	0	932000	437708	17715777536	13919944704	47163720646	13921546380
2025-05-20 03:25:35	7	44	8	4	1	0	7394009088	0	932002	437711	17715777536	13919944704	47163722551	13921546476
2025-05-20 03:25:37	7	44	8	4	1	0	7399739392	0	932008	437715	17715777536	13919944704	47163726373	13921546556
2025-05-20 03:25:38	7	44	8	4	1	0	7405469696	0	932011	437718	17715777536	13919944704	47163728286	13921546628
2025-05-20 03:25:39	7	44	8	4	1	0	7409537024	0	932018	437737	17716518912	13919948800	47163731959	13921548516
2025-05-20 03:25:40	7	44	8	4	1	0	7410380800	0	932021	437740	17716518912	13919948800	47163733872	13921548588
2025-05-20 03:25:41	7	44	8	4	1	0	7411167232	0	932025	437744	17716518912	13919948800	47163735792	13921548668
2025-05-20 03:25:42	7	44	8	4	1	0	7402049536	0	937013	457709	17729101824	13979414528	47236231424	14040480518
2025-05-20 03:25:43	7	44	8	4	1	0	7413272576	0	937229	457714	17729101824	13979414528	47237961908	14040480694
2025-05-20 03:25:44	7	44	8	4	1	0	7413399552	0	937234	457718	17729101824	13979414528	47237965726	14040480798
2025-05-20 03:25:46	7	44	8	4	1	0	7413510144	0	937239	457724	17729101824	13979414528	47237967655	14040480918
2025-05-20 03:25:48	7	44	8	4	1	0	7413596160	0	937246	457730	17729101824	13979414528	47237971489	14040481038
2025-05-20 03:25:49	7	44	8	4	1	0	7413665792	0	937251	457736	17729101824	13979414528	47237973418	14040481158
2025-05-20 03:25:50	7	44	8	4	1	0	7413952512	0	937255	457740	17729101824	13979414528	47237975339	14040481238
2025-05-20 03:25:51	7	44	8	4	1	0	7414505472	0	937258	457744	17729101824	13979414528	47237977252	14040481342
2025-05-20 03:25:53	7	44	8	4	1	0	7414923264	0	937260	457746	17729101824	13979414528	47237979157	14040481406
2025-05-20 03:25:54	7	44	8	4	1	0	7415492608	0	937266	457750	17729101824	13979418624	47237982980	14040481486
2025-05-20 03:25:55	7	44	8	4	1	0	7415861248	0	937269	457753	17729101824	13979418624	47237984892	14040481558
2025-05-20 03:25:56	7	44	8	4	1	0	7416291328	0	937272	457756	17729101824	13979418624	47237986804	14040481630
2025-05-20 03:25:57	7	44	8	4	1	0	7416729600	0	937274	457758	17729101824	13979418624	47237988708	14040481694
2025-05-20 03:25:58	7	44	8	4	1	0	7417057280	0	937277	457762	17729101824	13979418624	47237990620	14040481798
2025-05-20 03:25:59	7	44	8	4	1	0	7417389056	0	937279	457764	17729101824	13979418624	47237992524	14040481862
2025-05-20 03:26:00	7	44	8	4	1	0	7417774080	0	937281	457766	17729101824	13979418624	47237994429	14040481926
2025-05-20 03:26:01	7	44	8	4	1	0	7418126336	0	937283	457768	17729101824	13979418624	47237996334	14040481990
2025-05-20 03:26:02	7	44	8	4	1	0	7418458112	0	937286	457771	17729101824	13979418624	47237998247	14040482062
2025-05-20 03:26:03	7	44	8	4	1	0	7418826752	0	937288	457773	17729101824	13979418624	47238000152	14040482126
2025-05-20 03:26:05	7	44	8	4	1	0	7419150336	0	937291	457777	17729101824	13979418624	47238002065	14040482230
2025-05-20 03:26:06	7	44	8	4	1	0	7419518976	0	937296	457780	17729101824	13979418624	47238005884	14040482302
2025-05-20 03:26:07	7	44	8	4	1	0	7420784640	0	937307	457801	17729101824	13979418624	47238008744	14040484200
2025-05-20 03:26:08	7	44	8	4	1	0	7420813312	0	937309	457803	17729101824	13979418624	47238010649	14040484264
2025-05-20 03:26:09	7	44	8	4	1	0	7420833792	0	937312	457806	17729101824	13979418624	47238012563	14040484336
2025-05-20 03:26:10	7	44	8	4	1	0	7364132864	0	941397	477212	17733296128	14038949888	47300279985	14159547258
2025-05-20 03:26:11	7	44	8	4	1	0	7423553536	0	942867	477216	17745879040	14038949888	47312291426	14159547426
2025-05-20 03:26:12	7	44	8	4	1	0	7423766528	0	942869	477218	17745879040	14038949888	47312293335	14159547490
2025-05-20 03:26:13	7	44	8	4	1	0	7423983616	0	942872	477221	17745879040	14038949888	47312295252	14159547562
2025-05-20 03:26:14	7	44	8	4	1	0	7424172032	0	942875	477224	17745879040	14038949888	47312297168	14159547634
2025-05-20 03:26:15	7	44	8	4	1	0	7424372736	0	942878	477228	17745879040	14038949888	47312299083	14159547738
2025-05-20 03:26:17	7	44	8	4	1	0	7424565248	0	942880	477230	17745879040	14038949888	47312300991	14159547802
2025-05-20 03:26:18	7	44	8	4	1	0	7424741376	0	942884	477232	17745879040	14038953984	47312304809	14159547866
2025-05-20 03:26:19	7	44	8	4	1	0	7424925696	0	942886	477234	17745879040	14038953984	47312306718	14159547930
2025-05-20 03:26:20	7	44	8	4	1	0	7425122304	0	942888	477236	17745879040	14038953984	47312308627	14159547994
2025-05-20 03:26:21	7	44	8	4	1	0	7425335296	0	942890	477238	17745879040	14038953984	47312310536	14159548058
2025-05-20 03:26:22	7	44	8	4	1	0	7425536000	0	942892	477241	17745879040	14038953984	47312312445	14159548154
2025-05-20 03:26:23	7	44	8	4	1	0	7425732608	0	942894	477243	17745879040	14038953984	47312314354	14159548218
2025-05-20 03:26:24	7	44	8	4	1	0	7425929216	0	942897	477246	17745879040	14038953984	47312316271	14159548290
2025-05-20 03:26:25	7	44	8	4	1	0	7426113536	0	942899	477248	17745879040	14038953984	47312318179	14159548354
2025-05-20 03:26:26	7	44	8	4	1	0	7426293760	0	942902	477251	17745879040	14038953984	47312320095	14159548426
2025-05-20 03:26:27	7	44	8	4	1	0	7427047424	0	942905	477254	17745879040	14038953984	47312322012	14159548498
2025-05-20 03:26:29	7	44	8	4	1	0	7430041600	0	942907	477257	17745879040	14038958080	47312323920	14159548594
2025-05-20 03:26:30	7	44	8	4	1	0	7434407936	0	942914	477276	17745879040	14038966272	47312326765	14159550492
2025-05-20 03:26:31	7	44	8	4	1	0	7434424320	0	942919	477279	17745879040	14038966272	47312330591	14159550564
2025-05-20 03:26:32	7	44	8	4	1	0	7434514432	0	942923	477283	17745879040	14038966272	47312332516	14159550644
2025-05-20 03:26:33	7	42	8	4	1	0	7434637312	0	942926	490057	17745879040	14038966272	47312334433	14211856716
2025-05-20 03:26:34	7	44	8	4	1	0	7431344128	0	947616	497209	17758461952	14098472960	47386566403	14278564598
2025-05-20 03:26:35	7	44	8	4	1	0	7431544832	0	947620	497213	17758461952	14098472960	47386568328	14278564678
2025-05-20 03:26:36	7	44	8	4	1	0	7431749632	0	947623	497216	17758461952	14098472960	47386570245	14278564750
2025-05-20 03:26:37	7	44	8	4	1	0	7431921664	0	947626	497219	17758461952	14098472960	47386572162	14278564822
2025-05-20 03:26:38	7	44	8	4	1	0	7432040448	0	947630	497224	17758461952	14098472960	47386574087	14278564934
2025-05-20 03:26:40	7	44	8	4	1	0	7432142848	0	947633	497227	17758461952	14098472960	47386576004	14278565006
2025-05-20 03:26:41	7	44	8	4	1	0	7432282112	0	947638	497230	17758461952	14098472960	47386579830	14278565078
2025-05-20 03:26:42	7	44	8	4	1	0	7432474624	0	947641	497233	17758461952	14098472960	47386581747	14278565150
2025-05-20 03:26:43	7	44	8	4	1	0	7432671232	0	947644	497237	17758461952	14098472960	47386583664	14278565254
2025-05-20 03:26:44	7	44	8	4	1	0	7432851456	0	947647	497240	17758461952	14098472960	47386585581	14278565326
2025-05-20 03:26:45	7	44	8	4	1	0	7433052160	0	947650	497243	17758461952	14098472960	47386587498	14278565398
2025-05-20 03:26:46	7	44	8	4	1	0	7433248768	0	947652	497245	17758461952	14098472960	47386589407	14278565462
2025-05-20 03:26:47	7	44	8	4	1	0	7433428992	0	947655	497248	17758461952	14098472960	47386591324	14278565534
2025-05-20 03:26:48	7	44	8	4	1	0	7433621504	0	947658	497251	17758461952	14098472960	47386593241	14278565606
2025-05-20 03:26:50	7	44	8	4	1	0	7433809920	0	947661	497255	17758461952	14098472960	47386595157	14278565710
2025-05-20 03:26:51	7	44	8	4	1	0	7433994240	0	947663	497257	17758461952	14098472960	47386597065	14278565774
2025-05-20 03:26:52	7	44	8	4	1	0	7434182656	0	947666	497260	17758461952	14098472960	47386598982	14278565846
2025-05-20 03:26:53	7	44	8	4	1	0	7434485760	0	947670	497262	17758461952	14098472960	47386602800	14278565910
2025-05-20 03:26:54	7	44	8	4	1	0	7435202560	0	947679	497277	17758461952	14098472960	47386605351	14278567204
2025-05-20 03:26:55	7	44	8	4	1	0	7435206656	0	947681	497279	17758461952	14098472960	47386607259	14278567268
2025-05-20 03:26:56	7	44	8	4	1	0	7435210752	0	947685	497284	17758461952	14098472960	47386609184	14278567380
2025-05-20 03:26:57	7	44	8	4	1	0	7429283840	0	947688	511825	17758461952	14098472960	47386611100	14338107053
2025-05-20 03:26:58	7	44	8	4	1	0	7429328896	0	952751	516146	17775239168	14158012416	47461178565	14397646838
2025-05-20 03:26:59	7	44	8	4	1	0	7429554176	0	952754	516149	17775239168	14158016512	47461180482	14397646910
2025-05-20 03:27:00	7	44	8	4	1	0	7429730304	0	952758	516153	17775239168	14158016512	47461182407	14397646990
2025-05-20 03:27:02	7	44	8	4	1	0	7429906432	0	952762	516158	17775239168	14158016512	47461184332	14397647102
2025-05-20 03:27:03	7	44	8	4	1	0	7430103040	0	952766	516162	17775239168	14158016512	47461186257	14397647182
2025-05-20 03:27:04	7	44	8	4	1	0	7430295552	0	952772	516166	17775239168	14158016512	47461190091	14397647262
2025-05-20 03:27:05	7	44	8	4	1	0	7430500352	0	952775	516169	17775239168	14158016512	47461192008	14397647334
2025-05-20 03:27:06	7	44	8	4	1	0	7430684672	0	952778	516172	17775239168	14158016512	47461193925	14397647406
2025-05-20 03:27:07	7	44	8	4	1	0	7430873088	0	952782	516177	17775239168	14158016512	47461195850	14397647518
2025-05-20 03:27:08	7	44	8	4	1	0	7431069696	0	952786	516181	17775239168	14158016512	47461197775	14397647598
2025-05-20 03:27:09	7	44	8	4	1	0	7431249920	0	952789	516184	17775239168	14158016512	47461199692	14397647670
2025-05-20 03:27:10	7	44	8	4	1	0	7431438336	0	952791	516186	17775239168	14158016512	47461201601	14397647734
2025-05-20 03:27:11	7	44	8	4	1	0	7431622656	0	952794	516189	17775239168	14158016512	47461203518	14397647806
2025-05-20 03:27:12	7	44	8	4	1	0	7431815168	0	952797	516192	17775239168	14158016512	47461205435	14397647878
2025-05-20 03:27:14	7	44	8	4	1	0	7432003584	0	952799	516195	17775239168	14158016512	47461207344	14397647974
2025-05-20 03:27:15	7	44	8	4	1	0	7432200192	0	952801	516197	17775239168	14158016512	47461209253	14397648038
2025-05-20 03:27:16	7	44	8	4	1	0	7432404992	0	952803	516199	17775239168	14158016512	47461211162	14397648102
2025-05-20 03:27:17	7	44	8	4	1	0	7433768960	0	952812	516218	17775239168	14158020608	47461215917	14397650000
2025-05-20 03:27:18	7	44	8	4	1	0	7433797632	0	952815	516221	17775239168	14158020608	47461217834	14397650072
2025-05-20 03:27:19	7	44	8	4	1	0	7433809920	0	952818	516225	17775239168	14158020608	47461219751	14397650176
2025-05-20 03:27:20	7	44	8	4	1	0	7407792128	0	956669	535402	17779433472	14217510912	47524370165	14516631138
2025-05-20 03:27:21	7	44	8	4	1	0	7419039744	0	958070	535408	17787822080	14217515008	47535799990	14516631322
2025-05-20 03:27:22	7	44	8	4	1	0	7419224064	0	958073	535411	17787822080	14217515008	47535801907	14516631394
2025-05-20 03:27:23	7	44	8	4	1	0	7419400192	0	958076	535414	17787822080	14217515008	47535803824	14516631466
2025-05-20 03:27:24	7	44	8	4	1	0	7419551744	0	958080	535419	17787822080	14217515008	47535805749	14516631578
2025-05-20 03:27:26	7	44	8	4	1	0	7419670528	0	958083	535422	17787822080	14217515008	47535807666	14516631650
2025-05-20 03:27:27	7	44	8	4	1	0	7419723776	0	958089	535427	17787822080	14217515008	47535811498	14516631762
2025-05-20 03:27:29	7	44	8	4	1	0	7419772928	0	958096	535433	17787822080	14217515008	47535815340	14516631882
2025-05-20 03:27:30	7	44	8	4	1	0	7419817984	0	958099	535437	17787822080	14217519104	47535817257	14516631986
2025-05-20 03:27:32	7	44	8	4	1	0	7419932672	0	958103	535442	17787822080	14217519104	47535819182	14516632098
2025-05-20 03:27:33	7	44	8	4	1	0	7420108800	0	958107	535446	17787822080	14217519104	47535821107	14516632178
2025-05-20 03:27:34	7	44	8	4	1	0	7420280832	0	958113	535450	17787822080	14217519104	47535824941	14516632258
2025-05-20 03:27:35	7	44	8	4	1	0	7420481536	0	958115	535452	17787822080	14217519104	47535826850	14516632322
2025-05-20 03:27:36	7	44	8	4	1	0	7420661760	0	958119	535457	17787822080	14217519104	47535828775	14516632434
2025-05-20 03:27:37	7	44	8	4	1	0	7420850176	0	958121	535459	17787822080	14217519104	47535830684	14516632498
2025-05-20 03:27:38	7	44	8	4	1	0	7421128704	0	958124	535462	17787822080	14217519104	47535832601	14516632570
2025-05-20 03:27:39	7	44	8	4	1	0	7421222912	0	958127	535465	17787822080	14217519104	47535834518	14516632642
2025-05-20 03:27:40	7	44	8	4	1	0	7421808640	0	958129	535467	17787822080	14217519104	47535836427	14516632706
2025-05-20 03:27:41	7	44	8	4	1	0	7424622592	0	958132	535471	17787822080	14217519104	47535838344	14516632810
2025-05-20 03:27:43	7	44	8	4	1	0	7427743744	0	958136	535475	17787822080	14217519104	47535840269	14516632890
2025-05-20 03:27:44	7	44	8	4	1	0	7430782976	0	958138	535477	17787822080	14217519104	47535842178	14516632954
2025-05-20 03:27:45	7	44	8	4	1	0	7434399744	0	958141	535480	17787822080	14217519104	47535844095	14516633026
2025-05-20 03:27:46	7	44	8	4	1	0	7435239424	0	958147	535493	17787822080	14217519104	47535846631	14516634312
2025-05-20 03:27:47	7	44	8	4	1	0	7435239424	0	958154	535498	17787822080	14217519104	47535850473	14516634400
2025-05-20 03:27:48	7	44	8	4	1	0	7435350016	0	958157	535502	17787822080	14217519104	47535852389	14516634504
2025-05-20 03:27:49	7	44	8	4	1	0	7432327168	0	963659	555254	17804599296	14277046272	47610226318	14635689306
2025-05-20 03:27:50	7	44	8	4	1	0	7432638464	0	963662	555257	17804599296	14277046272	47610228235	14635689378
2025-05-20 03:27:51	7	44	8	4	1	0	7432855552	0	963664	555259	17804599296	14277046272	47610230144	14635689442
2025-05-20 03:27:52	7	44	8	4	1	0	7433203712	0	963666	555261	17804599296	14277046272	47610232053	14635689506
2025-05-20 03:27:53	7	44	8	4	1	0	7433510912	0	963668	555263	17804599296	14277046272	47610233962	14635689570
2025-05-20 03:27:55	7	44	8	4	1	0	7433744384	0	963671	555267	17804599296	14277046272	47610235879	14635689674
2025-05-20 03:27:56	7	44	8	4	1	0	7433949184	0	963673	555269	17804599296	14277046272	47610237788	14635689738
2025-05-20 03:27:57	7	44	8	4	1	0	7434137600	0	963675	555271	17804599296	14277046272	47610239697	14635689802
2025-05-20 03:27:58	7	44	8	4	1	0	7434338304	0	963677	555273	17804599296	14277046272	47610241605	14635689866
2025-05-20 03:27:59	7	44	8	4	1	0	7434526720	0	963682	555276	17804599296	14277046272	47610245430	14635689938
2025-05-20 03:28:00	7	44	8	4	1	0	7434711040	0	963686	555281	17804599296	14277046272	47610247355	14635690050
2025-05-20 03:28:01	7	44	8	4	1	0	7434887168	0	963689	555284	17804599296	14277050368	47610249272	14635690122
2025-05-20 03:28:02	7	44	8	4	1	0	7435063296	0	963691	555286	17804599296	14277050368	47610251181	14635690186
2025-05-20 03:28:03	7	44	8	4	1	0	7435243520	0	963693	555288	17804599296	14277050368	47610253090	14635690250
2025-05-20 03:28:04	7	44	8	4	1	0	7435423744	0	963695	555290	17804599296	14277050368	47610254999	14635690314
2025-05-20 03:28:05	7	44	8	4	1	0	7435595776	0	963697	555292	17804599296	14277050368	47610256908	14635690378
2025-05-20 03:28:07	7	44	8	4	1	0	7435743232	0	963699	555295	17804599296	14277050368	47610258817	14635690474
2025-05-20 03:28:08	7	44	8	4	1	0	7435845632	0	963701	555297	17804599296	14277050368	47610260726	14635690538
2025-05-20 03:28:09	7	44	8	4	1	0	7436623872	0	963703	555299	17804599296	14277050368	47610262635	14635690602
2025-05-20 03:28:10	7	44	8	4	1	0	7438073856	0	963714	555320	17804599296	14277058560	47610267397	14635692530
2025-05-20 03:28:11	7	44	8	4	1	0	7438086144	0	963716	555322	17804599296	14277058560	47610269306	14635692594
2025-05-20 03:28:12	7	44	8	4	1	0	7438172160	0	963718	555324	17804599296	14277058560	47610271215	14635692658
2025-05-20 03:28:13	7	44	8	4	1	0	7423864832	0	968551	575028	17812987904	14336622592	47677710117	14754821076
2025-05-20 03:28:14	7	44	8	4	1	0	7435173888	0	969398	575032	17817182208	14336622592	47684617942	14754821244
2025-05-20 03:28:15	7	44	8	4	1	0	7435378688	0	969400	575034	17817182208	14336622592	47684619851	14754821308
2025-05-20 03:28:17	7	44	8	4	1	0	7435608064	0	969402	575037	17817182208	14336622592	47684621760	14754821404
2025-05-20 03:28:18	7	44	8	4	1	0	7435812864	0	969405	575040	17817182208	14336622592	47684623677	14754821476
2025-05-20 03:28:19	7	44	8	4	1	0	7435997184	0	969407	575042	17817182208	14336622592	47684625585	14754821540
2025-05-20 03:28:20	7	44	8	4	1	0	7436189696	0	969410	575045	17817182208	14336622592	47684627501	14754821612
2025-05-20 03:28:21	7	44	8	4	1	0	7436406784	0	969414	575047	17817182208	14336622592	47684631317	14754821676
2025-05-20 03:28:22	7	44	8	4	1	0	7436607488	0	969416	575050	17817182208	14336622592	47684633226	14754821772
2025-05-20 03:28:23	7	44	8	4	1	0	7436808192	0	969418	575052	17817182208	14336622592	47684635135	14754821836
2025-05-20 03:28:24	7	44	8	4	1	0	7437004800	0	969420	575054	17817182208	14336622592	47684637044	14754821900
2025-05-20 03:28:25	7	44	8	4	1	0	7437193216	0	969425	575059	17817182208	14336626688	47684638977	14754821988
2025-05-20 03:28:26	7	44	8	4	1	0	7437385728	0	969428	575062	17817182208	14336626688	47684640894	14754822060
2025-05-20 03:28:27	7	44	8	4	1	0	7437590528	0	969430	575064	17817182208	14336626688	47684642803	14754822124
2025-05-20 03:28:29	7	44	8	4	1	0	7437795328	0	969432	575067	17817182208	14336626688	47684644712	14754822220
2025-05-20 03:28:30	7	44	8	4	1	0	7437979648	0	969435	575070	17817182208	14336626688	47684646629	14754822292
2025-05-20 03:28:31	7	44	8	4	1	0	7438188544	0	969438	575073	17817182208	14336626688	47684648545	14754822364
2025-05-20 03:28:32	7	44	8	4	1	0	7438327808	0	969440	575075	17817182208	14336626688	47684650453	14754822428
2025-05-20 03:28:33	7	44	8	4	1	0	7438426112	0	969445	575079	17817182208	14336630784	47684654279	14754822532
2025-05-20 03:28:34	7	44	8	4	1	0	7438471168	0	969448	575091	17817182208	14336630784	47684656196	14754823215
2025-05-20 03:28:35	7	44	8	4	1	0	7438540800	0	969457	575097	17817182208	14336630784	47684658748	14754823898
2025-05-20 03:28:37	7	44	8	4	1	0	7438540800	0	969459	575100	17817182208	14336630784	47684660657	14754823994
2025-05-20 03:28:38	7	44	8	4	1	0	7438540800	0	969461	575102	17817182208	14336630784	47684662566	14754824058
2025-05-20 03:28:39	7	44	8	4	1	0	7427231744	0	974960	594148	17833959424	14396178432	47758969368	14873919812
2025-05-20 03:28:40	7	44	8	4	1	0	7427416064	0	974963	594151	17833959424	14396182528	47758971285	14873919884
2025-05-20 03:28:41	7	44	8	4	1	0	7427600384	0	974965	594153	17833959424	14396182528	47758973193	14873919948
2025-05-20 03:28:42	7	44	8	4	1	0	7427776512	0	974970	594157	17833959424	14396182528	47758977018	14873920052
2025-05-20 03:28:43	7	44	8	4	1	0	7427973120	0	974972	594159	17833959424	14396182528	47758978927	14873920116
2025-05-20 03:28:44	7	44	8	4	1	0	7428165632	0	974974	594161	17833959424	14396182528	47758980835	14873920180
2025-05-20 03:28:45	7	44	8	4	1	0	7428349952	0	974976	594163	17833959424	14396182528	47758982743	14873920244
2025-05-20 03:28:46	7	44	8	4	1	0	7428534272	0	974978	594165	17833959424	14396182528	47758984652	14873920308
2025-05-20 03:28:47	7	44	8	4	1	0	7428710400	0	974980	594167	17833959424	14396182528	47758986561	14873920372
2025-05-20 03:28:49	7	44	8	4	1	0	7428898816	0	974982	594170	17833959424	14396182528	47758988470	14873920468
2025-05-20 03:28:50	7	44	8	4	1	0	7429074944	0	974984	594172	17833959424	14396182528	47758990379	14873920532
2025-05-20 03:28:51	7	44	8	4	1	0	7429263360	0	974986	594174	17833959424	14396182528	47758992288	14873920596
2025-05-20 03:28:52	7	44	8	4	1	0	7429451776	0	974988	594176	17833959424	14396182528	47758994197	14873920660
2025-05-20 03:28:53	7	44	8	4	1	0	7429640192	0	974990	594178	17833959424	14396182528	47758996106	14873920724
2025-05-20 03:28:54	7	44	8	4	1	0	7429836800	0	974995	594182	17833959424	14396182528	47758999932	14873920828
2025-05-20 03:28:55	7	44	8	4	1	0	7430082560	0	974997	594184	17833959424	14396182528	47759001841	14873920892
2025-05-20 03:28:56	7	44	8	4	1	0	7430074368	0	974999	594186	17833959424	14396182528	47759003750	14873920956
2025-05-20 03:28:57	7	44	8	4	1	0	7431684096	0	975002	594189	17833959424	14396182528	47759005667	14873921028
2025-05-20 03:28:58	7	44	8	4	1	0	7432155136	0	975010	594203	17833959424	14396186624	47759008211	14873922314
2025-05-20 03:28:59	7	44	8	4	1	0	7432155136	0	975012	594205	17833959424	14396186624	47759010120	14873922378
2025-05-20 03:29:01	7	44	8	4	1	0	7432282112	0	975015	594209	17833959424	14396186624	47759012037	14873922482
2025-05-20 03:29:02	7	44	8	4	1	0	7429074944	0	980414	613880	17846542336	14455685120	47833315743	14992919948
2025-05-20 03:29:03	7	44	8	4	1	0	7429279744	0	980417	613883	17846542336	14455685120	47833317660	14992920020
2025-05-20 03:29:04	7	44	8	4	1	0	7429488640	0	980421	613887	17846542336	14455685120	47833319585	14992920100
2025-05-20 03:29:05	7	44	8	4	1	0	7429668864	0	980424	613890	17846542336	14455685120	47833321502	14992920172
2025-05-20 03:29:06	7	44	8	4	1	0	7429812224	0	980429	613894	17846542336	14455685120	47833325328	14992920276
2025-05-20 03:29:07	7	44	8	4	1	0	7429914624	0	980432	613897	17846542336	14455685120	47833327245	14992920348
2025-05-20 03:29:08	7	44	8	4	1	0	7430004736	0	980434	613899	17846542336	14455685120	47833329154	14992920412
2025-05-20 03:29:10	7	44	8	4	1	0	7430103040	0	980439	613905	17846542336	14455685120	47833331087	14992920532
2025-05-20 03:29:11	7	44	8	4	1	0	7430266880	0	980441	613907	17846542336	14455689216	47833332996	14992920596
2025-05-20 03:29:12	7	44	8	4	1	0	7430447104	0	980444	613910	17846542336	14455689216	47833334913	14992920668
2025-05-20 03:29:13	7	44	8	4	1	0	7430635520	0	980446	613912	17846542336	14455689216	47833336822	14992920732
2025-05-20 03:29:14	7	44	8	4	1	0	7430811648	0	980451	613916	17846542336	14455689216	47833340644	14992920836
2025-05-20 03:29:15	7	44	8	4	1	0	7430991872	0	980453	613918	17846542336	14455689216	47833342553	14992920900
2025-05-20 03:29:16	7	44	8	4	1	0	7431180288	0	980455	613920	17846542336	14455689216	47833344462	14992920964
2025-05-20 03:29:17	7	44	8	4	1	0	7431360512	0	980457	613922	17846542336	14455689216	47833346371	14992921028
2025-05-20 03:29:18	7	44	8	4	1	0	7431544832	0	980459	613924	17846542336	14455689216	47833348280	14992921092
2025-05-20 03:29:19	7	44	8	4	1	0	7431729152	0	980462	613927	17846542336	14455689216	47833350197	14992921164
2025-05-20 03:29:21	7	44	8	4	1	0	7431913472	0	980465	613931	17846542336	14455689216	47833352114	14992921268
2025-05-20 03:29:22	7	44	8	4	1	0	7432097792	0	980468	613934	17846542336	14455689216	47833354031	14992921340
2025-05-20 03:29:23	7	44	8	4	1	0	7432548352	0	980476	613949	17846542336	14455689216	47833356583	14992922642
2025-05-20 03:29:24	7	44	8	4	1	0	7432548352	0	980480	613953	17846542336	14455689216	47833358508	14992922722
2025-05-20 03:29:25	7	44	8	4	1	0	7432548352	0	980483	613956	17846542336	14455689216	47833360425	14992922794
2025-05-20 03:29:26	7	44	8	4	1	0	7405109248	0	985245	632869	17859125248	14515159040	47904713046	15111862828
2025-05-20 03:29:27	7	44	8	4	1	0	7429275648	0	985608	632873	17863319552	14515159040	47907641466	15111862996
2025-05-20 03:29:28	7	44	8	4	1	0	7429439488	0	985611	632876	17863319552	14515159040	47907643382	15111863068
2025-05-20 03:29:29	7	44	8	4	1	0	7429554176	0	985613	632878	17863319552	14515163136	47907645291	15111863132
2025-05-20 03:29:31	7	44	8	4	1	0	7429648384	0	985617	632883	17863319552	14515167232	47907647216	15111863244
2025-05-20 03:29:32	7	44	8	4	1	0	7429795840	0	985620	632886	17863319552	14515167232	47907649133	15111863316
2025-05-20 03:29:33	7	44	8	4	1	0	7429984256	0	985623	632889	17863319552	14515167232	47907651050	15111863388
2025-05-20 03:29:34	7	44	8	4	1	0	7430168576	0	985626	632892	17863319552	14515167232	47907652967	15111863460
2025-05-20 03:29:35	7	44	8	4	1	0	7430356992	0	985631	632896	17863319552	14515167232	47907656790	15111863564
2025-05-20 03:29:36	7	44	8	4	1	0	7430537216	0	985634	632899	17863319552	14515167232	47907658705	15111863636
2025-05-20 03:29:37	7	44	8	4	1	0	7430721536	0	985637	632902	17863319552	14515167232	47907660621	15111863708
2025-05-20 03:29:38	7	44	8	4	1	0	7430897664	0	985639	632904	17863319552	14515167232	47907662528	15111863772
2025-05-20 03:29:39	7	44	8	4	1	0	7431086080	0	985642	632907	17863319552	14515167232	47907664443	15111863844
2025-05-20 03:29:41	7	44	8	4	1	0	7431270400	0	985646	632912	17863319552	14515167232	47907666368	15111863956
2025-05-20 03:29:42	7	44	8	4	1	0	7431462912	0	985649	632915	17863319552	14515167232	47907668285	15111864028
2025-05-20 03:29:43	7	44	8	4	1	0	7431643136	0	985652	632918	17863319552	14515167232	47907670202	15111864100
2025-05-20 03:29:44	7	44	8	4	1	0	7431835648	0	985655	632921	17863319552	14515167232	47907672119	15111864172
2025-05-20 03:29:45	7	44	8	4	1	0	7432019968	0	985658	632924	17863319552	14515167232	47907674035	15111864244
2025-05-20 03:29:46	7	44	8	4	1	0	7432208384	0	985661	632927	17863319552	14515167232	47907675951	15111864316
2025-05-20 03:29:47	7	44	8	4	1	0	7432437760	0	985668	632942	17863319552	14515171328	47907678495	15111865642
2025-05-20 03:29:48	7	44	8	4	1	0	7432437760	0	985674	632946	17863319552	14515171328	47907682329	15111865722
2025-05-20 03:29:49	7	44	8	4	1	0	7432437760	0	985677	632949	17863319552	14515171328	47907684246	15111865794
2025-05-20 03:29:50	7	44	8	4	1	0	7428796416	0	991033	652384	17875902464	14574682112	47982014712	15230887828
2025-05-20 03:29:51	7	44	8	4	1	0	7428976640	0	991035	652386	17875902464	14574682112	47982016621	15230887892
2025-05-20 03:29:53	7	44	8	4	1	0	7429177344	0	991037	652389	17875902464	14574682112	47982018530	15230887988
2025-05-20 03:29:54	7	44	8	4	1	0	7429353472	0	991039	652391	17875902464	14574682112	47982020439	15230888052
2025-05-20 03:29:55	7	44	8	4	1	0	7429533696	0	991042	652394	17875902464	14574682112	47982022356	15230888124
2025-05-20 03:29:56	7	44	8	4	1	0	7429713920	0	991045	652397	17875902464	14574682112	47982024273	15230888196
2025-05-20 03:29:57	7	44	8	4	1	0	7429894144	0	991049	652401	17875902464	14574682112	47982026198	15230888276
2025-05-20 03:29:58	7	44	8	4	1	0	7430074368	0	991053	652405	17875902464	14574682112	47982028123	15230888356
2025-05-20 03:29:59	7	44	8	4	1	0	7430262784	0	991055	652408	17875902464	14574682112	47982030032	15230888452
2025-05-20 03:30:00	7	44	8	4	1	0	7430443008	0	991059	652410	17875902464	14574682112	47982033850	15230888516
2025-05-20 03:30:01	7	44	8	4	1	0	7430627328	0	991062	652413	17875902464	14574682112	47982035767	15230888588
2025-05-20 03:30:02	7	44	8	4	1	0	7430811648	0	991064	652415	17875902464	14574686208	47982037676	15230888652
2025-05-20 03:30:03	7	44	8	4	1	0	7431000064	0	991067	652418	17875902464	14574686208	47982039593	15230888724
2025-05-20 03:30:05	7	44	8	4	1	0	7431188480	0	991071	652423	17875902464	14574686208	47982041518	15230888836
2025-05-20 03:30:06	7	44	8	4	1	0	7431385088	0	991074	652426	17875902464	14574686208	47982043435	15230888908
2025-05-20 03:30:07	7	44	8	4	1	0	7431577600	0	991076	652428	17875902464	14574686208	47982045343	15230888972
2025-05-20 03:30:08	7	44	8	4	1	0	7431753728	0	991079	652431	17875902464	14574686208	47982047259	15230889044
2025-05-20 03:30:09	7	44	8	4	1	0	7432048640	0	991082	652434	17875902464	14574686208	47982049176	15230889116
2025-05-20 03:30:10	7	44	8	4	1	0	7432761344	0	991092	652450	17875902464	14574690304	47982051736	15230890418
2025-05-20 03:30:11	7	44	8	4	1	0	7432761344	0	991095	652454	17875902464	14574690304	47982053653	15230890522
2025-05-20 03:30:12	7	44	8	4	1	0	7432761344	0	991099	652456	17875902464	14574690304	47982057471	15230890586
2025-05-20 03:30:13	7	44	8	4	1	0	7429517312	0	996701	671749	17892679680	14634209280	48056345825	15349929004
2025-05-20 03:30:14	7	44	8	4	1	0	7429709824	0	996703	671751	17892679680	14634209280	48056347734	15349929068
2025-05-20 03:30:15	7	44	8	4	1	0	7429980160	0	996705	671753	17892679680	14634209280	48056349643	15349929132
2025-05-20 03:30:17	7	44	8	4	1	0	7430115328	0	996709	671758	17892679680	14634209280	48056351568	15349929244
2025-05-20 03:30:18	7	44	8	4	1	0	7430230016	0	996711	671760	17892679680	14634213376	48056353477	15349929308
2025-05-20 03:30:19	7	44	8	4	1	0	7430328320	0	996713	671762	17892679680	14634213376	48056355386	15349929372
2025-05-20 03:30:20	7	44	8	4	1	0	7430475776	0	996715	671765	17892679680	14634213376	48056357295	15349929468
2025-05-20 03:30:21	7	44	8	4	1	0	7430664192	0	996717	671767	17892679680	14634213376	48056359204	15349929532
2025-05-20 03:30:22	7	44	8	4	1	0	7430856704	0	996721	671769	17892679680	14634213376	48056363021	15349929596
2025-05-20 03:30:23	7	44	8	4	1	0	7431049216	0	996725	671773	17892679680	14634213376	48056364945	15349929676
2025-05-20 03:30:24	7	44	8	4	1	0	7431233536	0	996728	671776	17892679680	14634213376	48056366862	15349929748
2025-05-20 03:30:25	7	44	8	4	1	0	7431417856	0	996730	671778	17892679680	14634213376	48056368771	15349929812
2025-05-20 03:30:27	7	44	8	4	1	0	7431606272	0	996733	671782	17892679680	14634213376	48056370688	15349929916
2025-05-20 03:30:28	7	44	8	4	1	0	7431790592	0	996735	671784	17892679680	14634213376	48056372597	15349929980
2025-05-20 03:30:29	7	44	8	4	1	0	7431974912	0	996738	671787	17892679680	14634213376	48056374514	15349930052
2025-05-20 03:30:30	7	44	8	4	1	0	7432151040	0	996742	671791	17892679680	14634213376	48056376439	15349930132
2025-05-20 03:30:31	7	44	8	4	1	0	7432335360	0	996744	671793	17892679680	14634213376	48056378348	15349930196
2025-05-20 03:30:32	7	44	8	4	1	0	7432519680	0	996748	671797	17892679680	14634213376	48056380273	15349930276
2025-05-20 03:30:33	7	44	8	4	1	0	7433445376	0	996751	671801	17892679680	14634217472	48056382190	15349930380
2025-05-20 03:30:34	7	44	8	4	1	0	7434825728	0	996760	671815	17892679680	14634221568	48056386643	15349931674
2025-05-20 03:30:35	7	44	8	4	1	0	7434825728	0	996762	671817	17892679680	14634221568	48056388552	15349931738
2025-05-20 03:30:36	7	44	8	4	1	0	7434825728	0	996764	671820	17892679680	14634221568	48056390461	15349931834
2025-05-20 03:30:38	7	44	8	4	1	0	7434825728	0	996766	671823	17892679680	14634221568	48056392369	15349931930
2025-05-20 03:30:39	7	44	8	4	1	0	7434825728	0	996772	671827	17892679680	14634221568	48056396202	15349932010
2025-05-20 03:30:40	7	44	8	4	1	0	7434825728	0	996774	671829	17892679680	14634221568	48056398111	15349932074
2025-05-20 03:30:42	7	44	8	4	1	0	7430696960	0	1002105	690953	17905262592	14693740544	48130685104	15468970524
2025-05-20 03:30:43	7	44	8	4	1	0	7430897664	0	1002107	690955	17905262592	14693740544	48130687012	15468970588
2025-05-20 03:30:44	7	44	8	4	1	0	7431106560	0	1002109	690957	17905262592	14693740544	48130688921	15468970652
2025-05-20 03:30:45	7	44	8	4	1	0	7431303168	0	1002111	690959	17905262592	14693740544	48130690830	15468970716
2025-05-20 03:30:46	7	44	8	4	1	0	7431495680	0	1002113	690961	17905262592	14693740544	48130692739	15468970780
2025-05-20 03:30:47	7	44	8	4	1	0	7431680000	0	1002116	690965	17905262592	14693740544	48130694656	15468970884
2025-05-20 03:30:48	7	44	8	4	1	0	7431860224	0	1002119	690968	17905262592	14693740544	48130696573	15468970956
2025-05-20 03:30:49	7	44	8	4	1	0	7432044544	0	1002123	690970	17905262592	14693740544	48130700391	15468971020
2025-05-20 03:30:50	7	44	8	4	1	0	7432232960	0	1002128	690975	17905262592	14693740544	48130702324	15468971108
2025-05-20 03:30:51	7	44	8	4	1	0	7432413184	0	1002131	690978	17905262592	14693744640	48130704241	15468971180
2025-05-20 03:30:52	7	44	8	4	1	0	7432597504	0	1002135	690983	17905262592	14693744640	48130706166	15468971292
2025-05-20 03:30:54	7	44	8	4	1	0	7432785920	0	1002138	690986	17905262592	14693744640	48130708083	15468971364
2025-05-20 03:30:55	7	44	8	4	1	0	7432962048	0	1002141	690989	17905262592	14693744640	48130710000	15468971436
2025-05-20 03:30:56	7	44	8	4	1	0	7433154560	0	1002143	690991	17905262592	14693744640	48130711909	15468971500
2025-05-20 03:30:57	7	44	8	4	1	0	7433342976	0	1002146	690994	17905262592	14693744640	48130713826	15468971572
2025-05-20 03:30:58	7	44	8	4	1	0	7433523200	0	1002149	690997	17905262592	14693744640	48130715743	15468971644
2025-05-20 03:30:59	7	44	8	4	1	0	7433711616	0	1002152	691001	17905262592	14693744640	48130717660	15468971748
2025-05-20 03:31:00	7	44	8	4	1	0	7433904128	0	1002155	691004	17905262592	14693744640	48130719577	15468971820
2025-05-20 03:31:01	7	44	8	4	1	0	7434326016	0	1002164	691018	17905262592	14693744640	48130724028	15468973114
2025-05-20 03:31:02	7	44	8	4	1	0	7434326016	0	1002167	691021	17905262592	14693744640	48130725945	15468973186
2025-05-20 03:31:03	7	44	8	4	1	0	7434326016	0	1002171	691025	17905262592	14693744640	48130727870	15468973266
2025-05-20 03:31:04	7	44	8	4	1	0	7429173248	0	1007212	709848	17922039808	14753271808	48205151704	15588028100
2025-05-20 03:31:06	7	44	8	4	1	0	7429390336	0	1007215	709851	17922039808	14753271808	48205153621	15588028172
2025-05-20 03:31:07	7	44	8	4	1	0	7429554176	0	1007218	709854	17922039808	14753275904	48205155538	15588028244
2025-05-20 03:31:08	7	44	8	4	1	0	7429672960	0	1007221	709857	17922039808	14753275904	48205157455	15588028316
2025-05-20 03:31:09	7	44	8	4	1	0	7429734400	0	1007226	709863	17922039808	14753275904	48205159388	15588028436
2025-05-20 03:31:11	7	44	8	4	1	0	7429779456	0	1007232	709868	17922039808	14753275904	48205163221	15588028548
2025-05-20 03:31:12	7	44	8	4	1	0	7429824512	0	1007238	709873	17922039808	14753275904	48205167054	15588028660
2025-05-20 03:31:14	7	44	8	4	1	0	7429890048	0	1007243	709879	17922039808	14753275904	48205168987	15588028780
2025-05-20 03:31:15	7	44	8	4	1	0	7430037504	0	1007246	709882	17922039808	14753275904	48205170904	15588028852
2025-05-20 03:31:16	7	44	8	4	1	0	7430213632	0	1007249	709885	17922039808	14753275904	48205172821	15588028924
2025-05-20 03:31:17	7	44	8	4	1	0	7430397952	0	1007252	709888	17922039808	14753275904	48205174738	15588028996
2025-05-20 03:31:18	7	44	8	4	1	0	7430578176	0	1007254	709891	17922039808	14753275904	48205176646	15588029092
2025-05-20 03:31:19	7	44	8	4	1	0	7430766592	0	1007258	709895	17922039808	14753275904	48205178570	15588029172
2025-05-20 03:31:20	7	44	8	4	1	0	7430950912	0	1007261	709898	17922039808	14753275904	48205180487	15588029244
2025-05-20 03:31:21	7	44	8	4	1	0	7431135232	0	1007266	709901	17922039808	14753275904	48205184310	15588029316
2025-05-20 03:31:22	7	44	8	4	1	0	7431315456	0	1007269	709904	17922039808	14753275904	48205186226	15588029388
2025-05-20 03:31:23	7	44	8	4	1	0	7431503872	0	1007272	709908	17922039808	14753275904	48205188143	15588029492
2025-05-20 03:31:25	7	44	8	4	1	0	7431692288	0	1007274	709910	17922039808	14753275904	48205190052	15588029556
2025-05-20 03:31:26	7	44	8	4	1	0	7431872512	0	1007277	709913	17922039808	14753275904	48205191969	15588029628
2025-05-20 03:31:27	7	44	8	4	1	0	7432048640	0	1007280	709916	17922039808	14753275904	48205193886	15588029700
2025-05-20 03:31:28	7	44	8	4	1	0	7432691712	0	1007282	709918	17922039808	14753275904	48205195795	15588029764
2025-05-20 03:31:29	7	44	8	4	1	0	7435317248	0	1007288	709936	17922039808	14753280000	48205198633	15588031654
2025-05-20 03:31:30	7	44	8	4	1	0	7435317248	0	1007291	709940	17922039808	14753280000	48205200550	15588031758
2025-05-20 03:31:31	7	44	8	4	1	0	7435317248	0	1007295	709944	17922039808	14753280000	48205202475	15588031838
2025-05-20 03:31:32	7	44	8	4	1	0	7432019968	0	1013065	729542	17931456512	14812758016	48279517925	15706988336
2025-05-20 03:31:33	7	44	8	4	1	0	7432175616	0	1013070	729545	17931456512	14812758016	48279521751	15706988408
2025-05-20 03:31:34	7	44	8	4	1	0	7432437760	0	1013072	729547	17931456512	14812758016	48279523660	15706988472
2025-05-20 03:31:35	7	44	8	4	1	0	7432613888	0	1013074	729549	17931456512	14812758016	48279525569	15706988536
2025-05-20 03:31:37	7	44	8	4	1	0	7432806400	0	1013078	729554	17931456512	14812758016	48279527494	15706988648
2025-05-20 03:31:38	7	44	8	4	1	0	7432994816	0	1013080	729556	17931456512	14812766208	48279529403	15706988712
2025-05-20 03:31:39	7	44	8	4	1	0	7433179136	0	1013083	729559	17931456512	14812766208	48279531320	15706988784
2025-05-20 03:31:40	7	44	8	4	1	0	7433355264	0	1013087	729563	17931456512	14812766208	48279533245	15706988864
2025-05-20 03:31:41	7	44	8	4	1	0	7433539584	0	1013090	729566	17931456512	14812766208	48279535162	15706988936
2025-05-20 03:31:42	7	44	8	4	1	0	7433728000	0	1013093	729570	17931456512	14812766208	48279537079	15706989040
2025-05-20 03:31:43	7	44	8	4	1	0	7433887744	0	1013095	729572	17931456512	14812766208	48279538988	15706989104
2025-05-20 03:31:44	7	44	8	4	1	0	7433994240	0	1013100	729575	17931456512	14812766208	48279542814	15706989176
2025-05-20 03:31:46	7	44	8	4	1	0	7434047488	0	1013103	729579	17931456512	14812766208	48279544731	15706989280
2025-05-20 03:31:47	7	44	8	4	1	0	7434100736	0	1013105	729582	17931456512	14812766208	48279546640	15706989376
2025-05-20 03:31:48	7	44	8	4	1	0	7434215424	0	1013109	729584	17931456512	14812766208	48279550458	15706989440
2025-05-20 03:31:50	7	44	8	4	1	0	7434403840	0	1013112	729588	17931456512	14812766208	48279552375	15706989544
2025-05-20 03:31:51	7	44	8	4	1	0	7434592256	0	1013117	729593	17931456512	14812766208	48279554308	15706989632
2025-05-20 03:31:52	7	44	8	4	1	0	7434768384	0	1013120	729596	17931456512	14812766208	48279556225	15706989704
2025-05-20 03:31:53	7	44	8	4	1	0	7434948608	0	1013122	729598	17931456512	14812766208	48279558134	15706989768
2025-05-20 03:31:54	7	44	8	4	1	0	7435141120	0	1013126	729602	17931456512	14812766208	48279560059	15706989848
2025-05-20 03:31:55	7	44	8	4	1	0	7435309056	0	1013132	729616	17931456512	14812766208	48279562595	15706991166
2025-05-20 03:31:56	7	44	8	4	1	0	7435313152	0	1013134	729618	17931456512	14812766208	48279564504	15706991230
2025-05-20 03:31:57	7	44	8	4	1	0	7435313152	0	1013136	729620	17931456512	14812766208	48279566412	15706991294
2025-05-20 03:31:58	7	44	8	4	1	0	7401205760	0	1017991	748971	17947873280	14872276992	48350594785	15826013224
2025-05-20 03:31:59	7	44	8	4	1	0	7428165632	0	1018396	748976	17952067584	14872276992	48353859087	15826013400
2025-05-20 03:32:00	7	44	8	4	1	0	7428354048	0	1018399	748980	17952067584	14872276992	48353861003	15826013504
2025-05-20 03:32:02	7	44	8	4	1	0	7428558848	0	1018402	748983	17952067584	14872276992	48353862919	15826013576
2025-05-20 03:32:03	7	44	8	4	1	0	7428759552	0	1018406	748987	17952067584	14872276992	48353864844	15826013656
2025-05-20 03:32:04	7	44	8	4	1	0	7428952064	0	1018409	748990	17952067584	14872276992	48353866761	15826013728
2025-05-20 03:32:05	7	44	8	4	1	0	7429140480	0	1018413	748994	17952067584	14872276992	48353868686	15826013808
2025-05-20 03:32:06	7	44	8	4	1	0	7429332992	0	1018415	748996	17952067584	14872276992	48353870595	15826013872
2025-05-20 03:32:07	7	44	8	4	1	0	7429513216	0	1018417	748999	17952067584	14872276992	48353872504	15826013968
2025-05-20 03:32:08	7	44	8	4	1	0	7429697536	0	1018419	749001	17952067584	14872281088	48353874415	15826014032
2025-05-20 03:32:09	7	44	8	4	1	0	7429877760	0	1018422	749004	17952067584	14872281088	48353876334	15826014104
2025-05-20 03:32:10	7	44	8	4	1	0	7430078464	0	1018426	749008	17952067584	14872281088	48353878261	15826014184
2025-05-20 03:32:11	7	44	8	4	1	0	7430287360	0	1018431	749011	17952067584	14872281088	48353882091	15826014256
2025-05-20 03:32:13	7	44	8	4	1	0	7430488064	0	1018433	749014	17952067584	14872281088	48353884002	15826014352
2025-05-20 03:32:14	7	44	8	4	1	0	7430672384	0	1018435	749016	17952067584	14872281088	48353885913	15826014416
2025-05-20 03:32:15	7	44	8	4	1	0	7430868992	0	1018437	749018	17952067584	14872281088	48353887824	15826014480
2025-05-20 03:32:16	7	44	8	4	1	0	7431077888	0	1018439	749020	17952067584	14872281088	48353889735	15826014544
2025-05-20 03:32:17	7	44	8	4	1	0	7431507968	0	1018441	749022	17952067584	14872281088	48353891646	15826014608
2025-05-20 03:32:18	7	44	8	4	1	0	7433986048	0	1018447	749035	17952067584	14872289280	48353894184	15826015894
2025-05-20 03:32:19	7	44	8	4	1	0	7434113024	0	1018450	749039	17952067584	14872289280	48353896103	15826015998
2025-05-20 03:32:20	7	44	8	4	1	0	7434113024	0	1018452	749041	17952067584	14872289280	48353898014	15826016062
2025-05-20 03:32:21	7	44	8	4	1	0	7430811648	0	1023746	768501	17964650496	14931824640	48428277786	15945087240
2025-05-20 03:32:22	7	44	8	4	1	0	7431065600	0	1023750	768505	17964650496	14931824640	48428279713	15945087320
2025-05-20 03:32:23	7	44	8	4	1	0	7431303168	0	1023756	768509	17964650496	14931824640	48428283551	15945087400
2025-05-20 03:32:25	7	44	8	4	1	0	7431499776	0	1023758	768512	17964650496	14931824640	48428285462	15945087496
2025-05-20 03:32:26	7	44	8	4	1	0	7431675904	0	1023760	768514	17964650496	14931824640	48428287373	15945087560
2025-05-20 03:32:27	7	44	8	4	1	0	7431811072	0	1023762	768516	17964650496	14931824640	48428289284	15945087624
2025-05-20 03:32:28	7	44	8	4	1	0	7431917568	0	1023764	768518	17964650496	14931824640	48428291195	15945087688
2025-05-20 03:32:29	7	44	8	4	1	0	7432040448	0	1023766	768521	17964650496	14931824640	48428293106	15945087784
2025-05-20 03:32:30	7	44	8	4	1	0	7432220672	0	1023768	768523	17964650496	14931824640	48428295017	15945087848
2025-05-20 03:32:31	7	44	8	4	1	0	7432409088	0	1023770	768525	17964650496	14931824640	48428296928	15945087912
2025-05-20 03:32:32	7	44	8	4	1	0	7432593408	0	1023773	768528	17964650496	14931824640	48428298846	15945087984
2025-05-20 03:32:33	7	44	8	4	1	0	7432781824	0	1023777	768530	17964650496	14931824640	48428302667	15945088048
2025-05-20 03:32:35	7	44	8	4	1	0	7432966144	0	1023781	768535	17964650496	14931824640	48428304594	15945088160
2025-05-20 03:32:36	7	44	8	4	1	0	7433146368	0	1023785	768539	17964650496	14931824640	48428306521	15945088240
2025-05-20 03:32:37	7	44	8	4	1	0	7433334784	0	1023789	768543	17964650496	14931824640	48428308448	15945088320
2025-05-20 03:32:38	7	44	8	4	1	0	7433519104	0	1023792	768546	17964650496	14931824640	48428310367	15945088392
2025-05-20 03:32:39	7	44	8	4	1	0	7433703424	0	1023796	768550	17964650496	14931824640	48428312294	15945088472
2025-05-20 03:32:40	7	44	8	4	1	0	7433887744	0	1023799	768553	17964650496	14931828736	48428314213	15945088544
2025-05-20 03:32:41	7	44	8	4	1	0	7434080256	0	1023802	768557	17964650496	14931832832	48428316132	15945088648
2025-05-20 03:32:42	7	44	8	4	1	0	7434178560	0	1023810	768571	17964650496	14931832832	48428318678	15945089934
2025-05-20 03:32:43	7	44	8	4	1	0	7434178560	0	1023812	768573	17964650496	14931832832	48428320589	15945089998
2025-05-20 03:32:44	7	44	8	4	1	0	7434178560	0	1023815	768576	17964650496	14931832832	48428322508	15945090070
2025-05-20 03:32:45	7	44	8	4	1	0	7428313088	0	1029238	787750	17981427712	14991339520	48502632327	16064103904
2025-05-20 03:32:47	7	44	8	4	1	0	7428505600	0	1029241	787754	17981427712	14991339520	48502634246	16064104008
2025-05-20 03:32:48	7	44	8	4	1	0	7428698112	0	1029243	787756	17981427712	14991339520	48502636157	16064104072
2025-05-20 03:32:49	7	44	8	4	1	0	7428878336	0	1029246	787759	17981427712	14991339520	48502638076	16064104144
2025-05-20 03:32:50	7	44	8	4	1	0	7429066752	0	1029248	787761	17981427712	14991343616	48502639987	16064104208
2025-05-20 03:32:51	7	44	8	4	1	0	7429255168	0	1029250	787763	17981427712	14991343616	48502641898	16064104272
2025-05-20 03:32:52	7	44	8	4	1	0	7429316608	0	1029253	787766	17981427712	14991343616	48502643817	16064104344
2025-05-20 03:32:53	7	44	8	4	1	0	7429500928	0	1029256	787770	17981427712	14991343616	48502645736	16064104448
2025-05-20 03:32:54	7	44	8	4	1	0	7429693440	0	1029259	787773	17981427712	14991343616	48502647655	16064104520
2025-05-20 03:32:55	7	44	8	4	1	0	7429877760	0	1029261	787775	17981427712	14991343616	48502649566	16064104584
2025-05-20 03:32:56	7	44	8	4	1	0	7430062080	0	1029263	787777	17981427712	14991343616	48502651477	16064104648
2025-05-20 03:32:57	7	44	8	4	1	0	7430234112	0	1029265	787779	17981427712	14991343616	48502653388	16064104712
2025-05-20 03:32:58	7	44	8	4	1	0	7430418432	0	1029270	787783	17981427712	14991343616	48502657216	16064104816
2025-05-20 03:33:00	7	44	8	4	1	0	7430602752	0	1029273	787786	17981427712	14991343616	48502659134	16064104888
2025-05-20 03:33:01	7	44	8	4	1	0	7430791168	0	1029275	787788	17981427712	14991343616	48502661044	16064104952
2025-05-20 03:33:02	7	44	8	4	1	0	7430975488	0	1029277	787790	17981427712	14991343616	48502662955	16064105016
2025-05-20 03:33:03	7	44	8	4	1	0	7431168000	0	1029279	787792	17981427712	14991343616	48502664866	16064105080
2025-05-20 03:33:04	7	44	8	4	1	0	7431491584	0	1029281	787808	17981427712	14991343616	48502666777	16064106057
2025-05-20 03:33:05	7	44	8	4	1	0	7431491584	0	1029290	787815	17981427712	14991347712	48502669633	16064107074
2025-05-20 03:33:06	7	44	8	4	1	0	7431491584	0	1029292	787817	17981427712	14991347712	48502671544	16064107138
2025-05-20 03:33:07	7	42	8	4	1	0	7421857792	0	1029294	802352	17981427712	14991347712	48502673455	16123630354
2025-05-20 03:33:08	7	44	8	4	1	0	7379488768	0	1033961	807609	17994010624	15050870784	48576969875	16183153804
2025-05-20 03:33:09	7	44	8	4	1	0	7382601728	0	1033963	807611	17994010624	15050870784	48576971786	16183153868
2025-05-20 03:33:11	7	44	8	4	1	0	7385350144	0	1033967	807614	17994010624	15050870784	48576975608	16183153964
2025-05-20 03:33:12	7	44	8	4	1	0	7387525120	0	1033970	807617	17994010624	15050870784	48576977526	16183154036
2025-05-20 03:33:13	7	44	8	4	1	0	7388635136	0	1033972	807620	17994010624	15050870784	48576979436	16183154132
2025-05-20 03:33:14	7	44	8	4	1	0	7389401088	0	1033977	807624	17994010624	15050870784	48576983266	16183154236
2025-05-20 03:33:16	7	44	8	4	1	0	7390887936	0	1033979	807626	17994010624	15050870784	48576985177	16183154300
2025-05-20 03:33:17	7	44	8	4	1	0	7393304576	0	1033982	807629	17994010624	15050870784	48576987095	16183154372
2025-05-20 03:33:18	7	44	8	4	1	0	7396298752	0	1033984	807632	17994010624	15050870784	48576989005	16183154468
2025-05-20 03:33:19	7	44	8	4	1	0	7399362560	0	1033986	807634	17994010624	15050870784	48576990916	16183154532
2025-05-20 03:33:20	7	44	8	4	1	0	7402307584	0	1033989	807637	17994010624	15050874880	48576992835	16183154604
2025-05-20 03:33:21	7	44	8	4	1	0	7405240320	0	1033991	807639	17994010624	15050874880	48576994745	16183154668
2025-05-20 03:33:22	7	44	8	4	1	0	7408263168	0	1033994	807642	17994010624	15050874880	48576996662	16183154740
2025-05-20 03:33:24	7	44	8	4	1	0	7410991104	0	1034000	807647	17994010624	15050874880	48577000499	16183154852
2025-05-20 03:33:25	7	44	8	4	1	0	7414054912	0	1034003	807650	17994010624	15050874880	48577002418	16183154924
2025-05-20 03:33:26	7	44	8	4	1	0	7417147392	0	1034005	807652	17994010624	15050874880	48577004329	16183154988
2025-05-20 03:33:27	7	44	8	4	1	0	7420084224	0	1034007	807654	17994010624	15050874880	48577006240	16183155052
2025-05-20 03:33:28	7	44	8	4	1	0	7423004672	0	1034009	807656	17994010624	15050874880	48577008151	16183155116
2025-05-20 03:33:29	7	44	8	4	1	0	7425949696	0	1034011	807658	17994010624	15050874880	48577010060	16183155180
2025-05-20 03:33:30	7	44	8	4	1	0	7429353472	0	1034014	807662	17994010624	15050874880	48577011977	16183155284
2025-05-20 03:33:31	7	44	8	4	1	0	7430914048	0	1034021	807676	17994010624	15050874880	48577014523	16183156578
2025-05-20 03:33:32	7	44	8	4	1	0	7431229440	0	1034024	807679	17994010624	15050874880	48577016442	16183156650
2025-05-20 03:33:33	7	44	8	4	1	0	7431512064	0	1034027	807682	17994010624	15050874880	48577018361	16183156722
2025-05-20 03:33:34	7	44	8	4	1	0	7428358144	0	1039803	827195	18010787840	15110348800	48651279894	16302105020
2025-05-20 03:33:36	7	44	8	4	1	0	7428587520	0	1039808	827199	18010787840	15110352896	48651283727	16302105124
2025-05-20 03:33:37	7	44	8	4	1	0	7428812800	0	1039812	827203	18010787840	15110352896	48651285655	16302105204
2025-05-20 03:33:38	7	44	8	4	1	0	7429013504	0	1039816	827207	18010787840	15110352896	48651287585	16302105284
2025-05-20 03:33:39	7	44	8	4	1	0	7429185536	0	1039818	827209	18010787840	15110352896	48651289500	16302105348
2025-05-20 03:33:40	7	44	8	4	1	0	7429300224	0	1039820	827212	18010787840	15110352896	48651291414	16302105444
2025-05-20 03:33:41	7	44	8	4	1	0	7429619712	0	1039823	827215	18010787840	15110352896	48651293336	16302105516
2025-05-20 03:33:42	7	44	8	4	1	0	7429935104	0	1039825	827217	18010787840	15110352896	48651295250	16302105580
2025-05-20 03:33:43	7	44	8	4	1	0	7430250496	0	1039829	827221	18010787840	15110352896	48651297179	16302105660
2025-05-20 03:33:44	7	44	8	4	1	0	7430574080	0	1039831	827223	18010787840	15110352896	48651299092	16302105724
2025-05-20 03:33:46	7	44	8	4	1	0	7430828032	0	1039834	827227	18010787840	15110356992	48651301014	16302105828
2025-05-20 03:33:47	7	44	8	4	1	0	7431127040	0	1039838	827229	18010787840	15110356992	48651304844	16302105892
2025-05-20 03:33:48	7	44	8	4	1	0	7431356416	0	1039841	827232	18010787840	15110356992	48651306766	16302105964
2025-05-20 03:33:49	7	44	8	4	1	0	7431626752	0	1039843	827234	18010787840	15110356992	48651308680	16302106028
2025-05-20 03:33:50	7	44	8	4	1	0	7431884800	0	1039845	827236	18010787840	15110356992	48651310594	16302106092
2025-05-20 03:33:51	7	44	8	4	1	0	7432241152	0	1039847	827238	18010787840	15110356992	48651312508	16302106156
2025-05-20 03:33:52	7	44	8	4	1	0	7432523776	0	1039851	827243	18010787840	15110356992	48651314439	16302106268
2025-05-20 03:33:53	7	44	8	4	1	0	7432781824	0	1039854	827246	18010787840	15110356992	48651316362	16302106340
2025-05-20 03:33:54	7	44	8	4	1	0	7433019392	0	1039857	827249	18010787840	15110356992	48651318285	16302106412
2025-05-20 03:33:55	7	44	8	4	1	0	7433654272	0	1039865	827269	18010787840	15110365184	48651321146	16302108320
2025-05-20 03:33:56	7	44	8	4	1	0	7433662464	0	1039867	827271	18010787840	15110365184	48651323060	16302108384
2025-05-20 03:33:58	7	44	8	4	1	0	7433687040	0	1039869	827274	18010787840	15110365184	48651324974	16302108480
2025-05-20 03:33:59	7	44	8	4	1	0	7429103616	0	1044993	846075	18023370752	15169871872	48725566281	16421122330
2025-05-20 03:34:00	7	44	8	4	1	0	7429214208	0	1044996	846078	18023370752	15169871872	48725568203	16421122402
2025-05-20 03:34:01	7	44	8	4	1	0	7429259264	0	1044998	846081	18023370752	15169871872	48725570117	16421122498
2025-05-20 03:34:03	7	44	8	4	1	0	7429300224	0	1045002	846085	18023370752	15169871872	48725573945	16421122626
2025-05-20 03:34:04	7	44	8	4	1	0	7429345280	0	1045004	846088	18023370752	15169871872	48725575860	16421122722
2025-05-20 03:34:06	7	44	8	4	1	0	7429435392	0	1045009	846091	18023370752	15169871872	48725579698	16421122794
2025-05-20 03:34:07	7	44	8	4	1	0	7429615616	0	1045013	846096	18023370752	15169875968	48725581629	16421122906
2025-05-20 03:34:08	7	44	8	4	1	0	7429799936	0	1045017	846100	18023370752	15169875968	48725583560	16421122986
2025-05-20 03:34:09	7	44	8	4	1	0	7429992448	0	1045021	846104	18023370752	15169875968	48725585491	16421123066
2025-05-20 03:34:10	7	44	8	4	1	0	7430176768	0	1045025	846108	18023370752	15169875968	48725587422	16421123146
2025-05-20 03:34:11	7	44	8	4	1	0	7430373376	0	1045029	846112	18023370752	15169875968	48725589353	16421123226
2025-05-20 03:34:12	7	44	8	4	1	0	7430557696	0	1045032	846115	18023370752	15169875968	48725591276	16421123298
2025-05-20 03:34:14	7	44	8	4	1	0	7430754304	0	1045034	846118	18023370752	15169875968	48725593191	16421123394
2025-05-20 03:34:15	7	44	8	4	1	0	7430934528	0	1045039	846121	18023370752	15169875968	48725597029	16421123466
2025-05-20 03:34:16	7	44	8	4	1	0	7431122944	0	1045043	846125	18023370752	15169875968	48725598960	16421123546
2025-05-20 03:34:17	7	44	8	4	1	0	7431311360	0	1045046	846128	18023370752	15169875968	48725600882	16421123618
2025-05-20 03:34:18	7	44	8	4	1	0	7431495680	0	1045050	846132	18023370752	15169875968	48725602812	16421123698
2025-05-20 03:34:19	7	44	8	4	1	0	7431680000	0	1045053	846135	18023370752	15169875968	48725604735	16421123770
2025-05-20 03:34:20	7	44	8	4	1	0	7431868416	0	1045056	846139	18023370752	15169875968	48725606657	16421123874
2025-05-20 03:34:21	7	44	8	4	1	0	7432056832	0	1045059	846142	18023370752	15169875968	48725608579	16421123946
2025-05-20 03:34:22	7	44	8	4	1	0	7432253440	0	1045061	846144	18023370752	15169875968	48725610494	16421124010
2025-05-20 03:34:23	7	44	8	4	1	0	7432417280	0	1045068	846158	18023370752	15169875968	48725613044	16421125304
2025-05-20 03:34:24	7	44	8	4	1	0	7432425472	0	1045072	846162	18023370752	15169875968	48725614975	16421125384
2025-05-20 03:34:26	7	44	8	4	1	0	7432458240	0	1045076	846167	18023370752	15169875968	48725616906	16421125496
2025-05-20 03:34:27	7	44	8	4	1	0	7407173632	0	1050540	865871	18035953664	15229382656	48797383217	16540139226
2025-05-20 03:34:28	7	44	8	4	1	0	7428411392	0	1050863	865876	18040147968	15229390848	48799990256	16540139402
2025-05-20 03:34:29	7	44	8	4	1	0	7428472832	0	1050867	865881	18040147968	15229390848	48799992187	16540139514
2025-05-20 03:34:30	7	44	8	4	1	0	7428513792	0	1050873	865886	18040147968	15229390848	48799996031	16540139626
2025-05-20 03:34:32	7	44	8	4	1	0	7428603904	0	1050877	865891	18040147968	15229390848	48799997962	16540139738
2025-05-20 03:34:33	7	44	8	4	1	0	7428755456	0	1050881	865895	18040147968	15229390848	48799999892	16540139818
2025-05-20 03:34:34	7	44	8	4	1	0	7428943872	0	1050884	865898	18040147968	15229390848	48800001814	16540139890
2025-05-20 03:34:35	7	44	8	4	1	0	7429136384	0	1050888	865902	18040147968	15229390848	48800003745	16540139970
2025-05-20 03:34:36	7	44	8	4	1	0	7429328896	0	1050891	865905	18040147968	15229390848	48800005668	16540140042
2025-05-20 03:34:37	7	44	8	4	1	0	7429525504	0	1050895	865910	18040147968	15229390848	48800007599	16540140154
2025-05-20 03:34:39	7	44	8	4	1	0	7429713920	0	1050898	865913	18040147968	15229390848	48800009522	16540140226
2025-05-20 03:34:40	7	44	8	4	1	0	7429898240	0	1050901	865916	18040147968	15229390848	48800011445	16540140298
2025-05-20 03:34:41	7	44	8	4	1	0	7430090752	0	1050906	865919	18040147968	15229390848	48800015283	16540140370
2025-05-20 03:34:42	7	44	8	4	1	0	7430270976	0	1050910	865923	18040147968	15229390848	48800017214	16540140450
2025-05-20 03:34:43	7	44	8	4	1	0	7430459392	0	1050913	865926	18040147968	15229390848	48800019137	16540140522
2025-05-20 03:34:44	7	44	8	4	1	0	7430635520	0	1050916	865930	18040147968	15229390848	48800021060	16540140626
2025-05-20 03:34:45	7	44	8	4	1	0	7430844416	0	1050919	865933	18040147968	15229390848	48800022983	16540140698
2025-05-20 03:34:46	7	44	8	4	1	0	7431057408	0	1050921	865935	18040147968	15229390848	48800024898	16540140762
2025-05-20 03:34:47	7	44	8	4	1	0	7431254016	0	1050923	865937	18040147968	15229390848	48800026813	16540140826
2025-05-20 03:34:48	7	44	8	4	1	0	7431446528	0	1050927	865941	18040147968	15229390848	48800028744	16540140906
2025-05-20 03:34:49	7	44	8	4	1	0	7431729152	0	1050936	865961	18040147968	15229394944	48800031604	16540142804
2025-05-20 03:34:51	7	44	8	4	1	0	7431729152	0	1050939	865965	18040147968	15229394944	48800033527	16540142908
2025-05-20 03:34:52	7	44	8	4	1	0	7431729152	0	1050945	865969	18040147968	15229394944	48800037373	16540142988
2025-05-20 03:34:53	7	44	8	4	1	0	7431741440	0	1050950	865975	18040147968	15229394944	48800039312	16540143108
2025-05-20 03:34:54	7	44	8	4	1	0	7431766016	0	1050955	865979	18040147968	15229394944	48800043146	16540143212
2025-05-20 03:34:56	7	44	8	4	1	0	7431766016	0	1050959	865984	18040147968	15229394944	48800045077	16540143324
2025-05-20 03:34:58	7	44	8	4	1	0	7431774208	0	1050963	865989	18040147968	15229399040	48800047008	16540143436
2025-05-20 03:34:59	7	44	8	4	1	0	7428546560	0	1056508	885482	18052730880	15288913920	48874420819	16659165470
2025-05-20 03:35:00	7	44	8	4	1	0	7428726784	0	1056510	885484	18052730880	15288913920	48874422733	16659165534
2025-05-20 03:35:01	7	44	8	4	1	0	7428927488	0	1056514	885489	18052730880	15288913920	48874424663	16659165646
2025-05-20 03:35:02	7	44	8	4	1	0	7429120000	0	1056517	885492	18052730880	15288913920	48874426586	16659165718
2025-05-20 03:35:03	7	44	8	4	1	0	7429304320	0	1056520	885495	18052730880	15288913920	48874428509	16659165790
2025-05-20 03:35:04	7	44	8	4	1	0	7429505024	0	1056523	885498	18052730880	15288913920	48874430432	16659165862
2025-05-20 03:35:05	7	44	8	4	1	0	7429697536	0	1056527	885502	18052730880	15288913920	48874432363	16659165942
2025-05-20 03:35:06	7	44	8	4	1	0	7429906432	0	1056530	885505	18052730880	15288913920	48874434286	16659166014
2025-05-20 03:35:08	7	44	8	4	1	0	7430107136	0	1056533	885509	18052730880	15288913920	48874436209	16659166118
2025-05-20 03:35:09	7	44	8	4	1	0	7430303744	0	1056536	885512	18052730880	15288913920	48874438130	16659166190
2025-05-20 03:35:10	7	44	8	4	1	0	7430500352	0	1056539	885515	18052730880	15288913920	48874440051	16659166262
2025-05-20 03:35:11	7	44	8	4	1	0	7430709248	0	1056544	885518	18052730880	15288913920	48874443887	16659166334
2025-05-20 03:35:12	7	44	8	4	1	0	7430897664	0	1056547	885521	18052730880	15288913920	48874445810	16659166406
2025-05-20 03:35:13	7	44	8	4	1	0	7431098368	0	1056550	885525	18052730880	15288913920	48874447733	16659166510
2025-05-20 03:35:14	7	44	8	4	1	0	7431286784	0	1056553	885528	18052730880	15288913920	48874449656	16659166582
2025-05-20 03:35:15	7	44	8	4	1	0	7431483392	0	1056556	885531	18052730880	15288913920	48874451579	16659166654
2025-05-20 03:35:16	7	44	8	4	1	0	7431675904	0	1056559	885534	18052730880	15288913920	48874453502	16659166726
2025-05-20 03:35:17	7	44	8	4	1	0	7432695808	0	1056562	885537	18052730880	15288913920	48874455423	16659166798
2025-05-20 03:35:18	7	44	8	4	1	0	7433236480	0	1056569	885556	18052730880	15288913920	48874458272	16659168694
2025-05-20 03:35:20	7	44	8	4	1	0	7433236480	0	1056571	885559	18052730880	15288913920	48874460187	16659168790
2025-05-20 03:35:21	7	44	8	4	1	0	7433240576	0	1056574	885562	18052730880	15288913920	48874462109	16659168862
2025-05-20 03:35:22	7	44	8	4	1	0	7430123520	0	1061893	904959	18069508096	15348432896	48948882372	16778207272
2025-05-20 03:35:23	7	44	8	4	1	0	7430336512	0	1061898	904962	18069508096	15348432896	48948886209	16778207344
2025-05-20 03:35:24	7	44	8	4	1	0	7430520832	0	1061901	904965	18069508096	15348436992	48948888131	16778207416
2025-05-20 03:35:25	7	44	8	4	1	0	7430696960	0	1061904	904969	18069508096	15348436992	48948890054	16778207520
2025-05-20 03:35:26	7	44	8	4	1	0	7430828032	0	1061907	904972	18069508096	15348436992	48948891977	16778207592
2025-05-20 03:35:27	7	44	8	4	1	0	7430914048	0	1061910	904975	18069508096	15348436992	48948893900	16778207664
2025-05-20 03:35:29	7	44	8	4	1	0	7430959104	0	1061915	904979	18069508096	15348436992	48948897738	16778207768
2025-05-20 03:35:30	7	44	8	4	1	0	7431004160	0	1061921	904987	18069508096	15348436992	48948899685	16778207928
2025-05-20 03:35:32	7	44	8	4	1	0	7431045120	0	1061925	904990	18069508096	15348436992	48948903515	16778208024
2025-05-20 03:35:33	7	44	8	4	1	0	7431159808	0	1061927	904992	18069508096	15348436992	48948905430	16778208088
2025-05-20 03:35:34	7	44	8	4	1	0	7431327744	0	1061930	904995	18069508096	15348436992	48948907353	16778208160
2025-05-20 03:35:35	7	44	8	4	1	0	7431512064	0	1061933	904998	18069508096	15348436992	48948909276	16778208232
2025-05-20 03:35:37	7	44	8	4	1	0	7431696384	0	1061936	905002	18069508096	15348436992	48948911199	16778208336
2025-05-20 03:35:38	7	44	8	4	1	0	7431880704	0	1061939	905005	18069508096	15348436992	48948913122	16778208408
2025-05-20 03:35:39	7	44	8	4	1	0	7432060928	0	1061942	905008	18069508096	15348436992	48948915045	16778208480
2025-05-20 03:35:40	7	44	8	4	1	0	7432253440	0	1061946	905012	18069508096	15348436992	48948916976	16778208560
2025-05-20 03:35:41	7	44	8	4	1	0	7432437760	0	1061951	905015	18069508096	15348436992	48948920814	16778208632
2025-05-20 03:35:42	7	44	8	4	1	0	7432626176	0	1061954	905019	18069508096	15348436992	48948922737	16778208736
2025-05-20 03:35:43	7	44	8	4	1	0	7432814592	0	1061957	905022	18069508096	15348436992	48948924660	16778208808
2025-05-20 03:35:44	7	44	8	4	1	0	7432998912	0	1061960	905025	18069508096	15348436992	48948926583	16778208880
2025-05-20 03:35:45	7	44	8	4	1	0	7433183232	0	1061963	905028	18069508096	15348436992	48948928506	16778208952
2025-05-20 03:35:46	7	44	8	4	1	0	7434342400	0	1061969	905046	18069508096	15348445184	48948931351	16778210844
2025-05-20 03:35:47	7	44	8	4	1	0	7434342400	0	1061972	905049	18069508096	15348445184	48948933274	16778210916
2025-05-20 03:35:49	7	44	8	4	1	0	7434342400	0	1061976	905054	18069508096	15348445184	48948935205	16778211028
2025-05-20 03:35:50	7	44	8	4	1	0	7431151616	0	1067158	924303	18086285312	15407915008	49023346189	16897151142
2025-05-20 03:35:51	7	44	8	4	1	0	7431352320	0	1067160	924305	18086285312	15407915008	49023348104	16897151206
2025-05-20 03:35:52	7	44	8	4	1	0	7431528448	0	1067162	924307	18086285312	15407915008	49023350019	16897151270
2025-05-20 03:35:53	7	44	8	4	1	0	7431708672	0	1067168	924311	18086285312	15407915008	49023353865	16897151350
2025-05-20 03:35:54	7	44	8	4	1	0	7431888896	0	1067172	924316	18086285312	15407923200	49023355796	16897151462
2025-05-20 03:35:55	7	44	8	4	1	0	7432081408	0	1067176	924320	18086285312	15407923200	49023357727	16897151542
2025-05-20 03:35:56	7	44	8	4	1	0	7432265728	0	1067179	924323	18086285312	15407923200	49023359650	16897151614
2025-05-20 03:35:57	7	44	8	4	1	0	7432450048	0	1067182	924326	18086285312	15407923200	49023361572	16897151686
2025-05-20 03:35:58	7	44	8	4	1	0	7432503296	0	1067185	924329	18086285312	15407923200	49023363494	16897151758
2025-05-20 03:35:59	7	44	8	4	1	0	7432683520	0	1067187	924331	18086285312	15407923200	49023365409	16897151822
2025-05-20 03:36:01	7	44	8	4	1	0	7432851456	0	1067191	924336	18086285312	15407923200	49023367340	16897151934
2025-05-20 03:36:02	7	44	8	4	1	0	7432982528	0	1067194	924339	18086285312	15407923200	49023369262	16897152006
2025-05-20 03:36:03	7	44	8	4	1	0	7433043968	0	1067201	924345	18086285312	15407923200	49023373115	16897152126
2025-05-20 03:36:04	7	44	8	4	1	0	7433084928	0	1067204	924349	18086285312	15407923200	49023375037	16897152230
2025-05-20 03:36:06	7	44	8	4	1	0	7433175040	0	1067207	924352	18086285312	15407923200	49023376959	16897152302
2025-05-20 03:36:07	7	44	8	4	1	0	7433338880	0	1067213	924357	18086285312	15407923200	49023380803	16897152414
2025-05-20 03:36:08	7	44	8	4	1	0	7433515008	0	1067216	924360	18086285312	15407923200	49023382726	16897152486
2025-05-20 03:36:09	7	44	8	4	1	0	7433703424	0	1067219	924363	18086285312	15407923200	49023384649	16897152558
2025-05-20 03:36:10	7	44	8	4	1	0	7433875456	0	1067221	924365	18086285312	15407923200	49023386564	16897152622
2025-05-20 03:36:11	7	44	8	4	1	0	7434063872	0	1067224	924368	18086285312	15407923200	49023388486	16897152694
2025-05-20 03:36:12	7	44	8	4	1	0	7435833344	0	1067234	924384	18086285312	15407927296	49023391051	16897153996
2025-05-20 03:36:14	7	44	8	4	1	0	7435919360	0	1067236	924387	18086285312	15407927296	49023392965	16897154092
2025-05-20 03:36:15	7	44	8	4	1	0	7435919360	0	1067239	924390	18086285312	15407927296	49023394887	16897154164
2025-05-20 03:36:16	7	44	8	4	1	0	7399931904	0	1072001	943663	18094673920	15467458560	49092067403	17016217062
2025-05-20 03:36:17	7	44	8	4	1	0	7432798208	0	1072725	943668	18098868224	15467458560	49097959432	17016217238
2025-05-20 03:36:18	7	44	8	4	1	0	7432986624	0	1072730	943671	18098868224	15467458560	49097963266	17016217310
2025-05-20 03:36:19	7	44	8	4	1	0	7433162752	0	1072735	943677	18098868224	15467458560	49097965203	17016217430
2025-05-20 03:36:20	7	44	8	4	1	0	7433355264	0	1072739	943681	18098868224	15467458560	49097967132	17016217510
2025-05-20 03:36:21	7	44	8	4	1	0	7433535488	0	1072742	943684	18098868224	15467458560	49097969052	17016217582
2025-05-20 03:36:22	7	44	8	4	1	0	7433719808	0	1072746	943688	18098868224	15467458560	49097970979	17016217662
2025-05-20 03:36:23	7	44	8	4	1	0	7433900032	0	1072750	943692	18098868224	15467458560	49097972907	17016217742
2025-05-20 03:36:24	7	44	8	4	1	0	7434100736	0	1072754	943697	18098868224	15467462656	49097974836	17016217854
2025-05-20 03:36:26	7	44	8	4	1	0	7434276864	0	1072757	943700	18098868224	15467462656	49097976757	17016217926
2025-05-20 03:36:27	7	44	8	4	1	0	7434457088	0	1072760	943703	18098868224	15467462656	49097978678	17016217998
2025-05-20 03:36:28	7	44	8	4	1	0	7434641408	0	1072763	943706	18098868224	15467462656	49097980597	17016218070
2025-05-20 03:36:29	7	44	8	4	1	0	7434776576	0	1072766	943709	18098868224	15467462656	49097982516	17016218142
2025-05-20 03:36:30	7	44	8	4	1	0	7434842112	0	1072772	943714	18098868224	15467462656	49097986358	17016218254
2025-05-20 03:36:32	7	44	8	4	1	0	7434883072	0	1072775	943718	18098868224	15467462656	49097988279	17016218358
2025-05-20 03:36:33	7	44	8	4	1	0	7434956800	0	1072781	943723	18098868224	15467462656	49097992121	17016218470
2025-05-20 03:36:34	7	44	8	4	1	0	7435116544	0	1072784	943726	18098868224	15467462656	49097994042	17016218542
2025-05-20 03:36:35	7	44	8	4	1	0	7435296768	0	1072788	943730	18098868224	15467462656	49097995971	17016218622
2025-05-20 03:36:36	7	44	8	4	1	0	7435485184	0	1072791	943733	18098868224	15467462656	49097997892	17016218694
2025-05-20 03:36:38	7	44	8	4	1	0	7435661312	0	1072794	943737	18098868224	15467462656	49097999813	17016218798
2025-05-20 03:36:39	7	44	8	4	1	0	7435837440	0	1072797	943740	18098868224	15467462656	49098001733	17016218870
2025-05-20 03:36:40	7	44	8	4	1	0	7435919360	0	1072803	943758	18098868224	15467462656	49098004575	17016220762
2025-05-20 03:36:41	7	44	8	4	1	0	7435919360	0	1072807	943762	18098868224	15467462656	49098006504	17016220842
2025-05-20 03:36:42	7	44	8	4	1	0	7435919360	0	1072809	943764	18098868224	15467462656	49098008417	17016220906
2025-05-20 03:36:43	7	44	8	4	1	0	7431008256	0	1078613	963805	18115645440	15526989824	49172515727	17135275740
2025-05-20 03:36:44	7	44	8	4	1	0	7431196672	0	1078619	963809	18115645440	15526989824	49172519568	17135275820
2025-05-20 03:36:45	7	44	8	4	1	0	7431389184	0	1078621	963811	18115645440	15526989824	49172521480	17135275884
2025-05-20 03:36:46	7	44	8	4	1	0	7431573504	0	1078624	963814	18115645440	15526989824	49172523401	17135275956
2025-05-20 03:36:47	7	44	8	4	1	0	7431757824	0	1078627	963817	18115645440	15526989824	49172525322	17135276028
2025-05-20 03:36:48	7	44	8	4	1	0	7431942144	0	1078630	963820	18115645440	15526989824	49172527243	17135276100
2025-05-20 03:36:50	7	44	8	4	1	0	7432126464	0	1078633	963824	18115645440	15526989824	49172529164	17135276204
2025-05-20 03:36:51	7	44	8	4	1	0	7432314880	0	1078636	963827	18115645440	15526989824	49172531085	17135276276
2025-05-20 03:36:52	7	44	8	4	1	0	7432495104	0	1078638	963829	18115645440	15526989824	49172532998	17135276340
2025-05-20 03:36:53	7	44	8	4	1	0	7432687616	0	1078641	963832	18115645440	15526989824	49172534919	17135276412
2025-05-20 03:36:54	7	44	8	4	1	0	7432871936	0	1078644	963835	18115645440	15526989824	49172536840	17135276484
2025-05-20 03:36:55	7	44	8	4	1	0	7433064448	0	1078647	963839	18115645440	15526993920	49172538760	17135276588
2025-05-20 03:36:56	7	44	8	4	1	0	7433252864	0	1078652	963842	18115645440	15526993920	49172542593	17135276660
2025-05-20 03:36:57	7	44	8	4	1	0	7433433088	0	1078656	963846	18115645440	15526998016	49172544522	17135276740
2025-05-20 03:36:58	7	44	8	4	1	0	7433568256	0	1078658	963848	18115645440	15526998016	49172546434	17135276804
2025-05-20 03:36:59	7	44	8	4	1	0	7433633792	0	1078661	963852	18115645440	15526998016	49172548354	17135276908
2025-05-20 03:37:01	7	44	8	4	1	0	7433674752	0	1078668	963858	18115645440	15526998016	49172552204	17135277028
2025-05-20 03:37:03	7	44	8	4	1	0	7433715712	0	1078673	963864	18115645440	15526998016	49172554141	17135277148
2025-05-20 03:37:04	7	44	8	4	1	0	7433822208	0	1078676	963868	18115645440	15526998016	49172556062	17135277252
2025-05-20 03:37:05	7	44	8	4	1	0	7433998336	0	1078680	963870	18115645440	15526998016	49172559887	17135277316
2025-05-20 03:37:06	7	44	8	4	1	0	7434567680	0	1078687	963885	18115645440	15527002112	49172562442	17135278610
2025-05-20 03:37:07	7	44	8	4	1	0	7434567680	0	1078690	963888	18115645440	15527002112	49172564363	17135278682
2025-05-20 03:37:08	7	44	8	4	1	0	7434567680	0	1078693	963891	18115645440	15527002112	49172566283	17135278754
2025-05-20 03:37:10	7	44	8	4	1	0	7399768064	0	1084162	983853	18124034048	15586512896	49242206900	17254300724
2025-05-20 03:37:11	7	44	8	4	1	0	7431479296	0	1084753	983858	18128228352	15586512896	49247009393	17254300900
2025-05-20 03:37:12	7	44	8	4	1	0	7431667712	0	1084757	983862	18128228352	15586512896	49247011322	17254300980
2025-05-20 03:37:13	7	44	8	4	1	0	7431860224	0	1084760	983865	18128228352	15586512896	49247013243	17254301052
2025-05-20 03:37:14	7	44	8	4	1	0	7432048640	0	1084763	983868	18128228352	15586512896	49247015164	17254301124
2025-05-20 03:37:15	7	44	8	4	1	0	7432232960	0	1084766	983872	18128228352	15586512896	49247017085	17254301228
2025-05-20 03:37:16	7	44	8	4	1	0	7432417280	0	1084769	983875	18128228352	15586512896	49247019006	17254301300
2025-05-20 03:37:17	7	44	8	4	1	0	7432605696	0	1084774	983878	18128228352	15586512896	49247022836	17254301372
2025-05-20 03:37:18	7	44	8	4	1	0	7432794112	0	1084777	983881	18128228352	15586512896	49247024757	17254301444
2025-05-20 03:37:19	7	44	8	4	1	0	7432982528	0	1084779	983883	18128228352	15586512896	49247026670	17254301508
2025-05-20 03:37:20	7	44	8	4	1	0	7433158656	0	1084782	983886	18128228352	15586512896	49247028591	17254301580
2025-05-20 03:37:22	7	44	8	4	1	0	7433334784	0	1084786	983891	18128228352	15586512896	49247030520	17254301692
2025-05-20 03:37:23	7	44	8	4	1	0	7433519104	0	1084789	983894	18128228352	15586512896	49247032441	17254301764
2025-05-20 03:37:24	7	44	8	4	1	0	7433711616	0	1084793	983898	18128228352	15586512896	49247034370	17254301844
2025-05-20 03:37:25	7	44	8	4	1	0	7433859072	0	1084795	983900	18128228352	15586512896	49247036283	17254301908
2025-05-20 03:37:26	7	44	8	4	1	0	7433977856	0	1084799	983905	18128228352	15586516992	49247038212	17254302020
2025-05-20 03:37:27	7	44	8	4	1	0	7434039296	0	1084804	983908	18128228352	15586516992	49247042046	17254302092
2025-05-20 03:37:29	7	44	8	4	1	0	7434121216	0	1084808	983913	18128228352	15586516992	49247043975	17254302204
2025-05-20 03:37:30	7	44	8	4	1	0	7434170368	0	1084815	983919	18128228352	15586516992	49247047825	17254302324
2025-05-20 03:37:31	7	44	8	4	1	0	7434305536	0	1084819	983923	18128228352	15586516992	49247049754	17254302404
2025-05-20 03:37:33	7	44	8	4	1	0	7434485760	0	1084821	983926	18128228352	15586516992	49247051666	17254302500
2025-05-20 03:37:34	7	44	8	4	1	0	7435685888	0	1084827	983939	18128228352	15586516992	49247054205	17254303786
2025-05-20 03:37:35	7	44	8	4	1	0	7435685888	0	1084830	983942	18128228352	15586516992	49247056126	17254303858
2025-05-20 03:37:36	7	44	8	4	1	0	7435685888	0	1084834	983946	18128228352	15586516992	49247058055	17254303938
2025-05-20 03:37:37	7	44	8	4	1	0	7432384512	0	1090221	1004120	18145005568	15646040064	49321554157	17373350556
2025-05-20 03:37:38	7	44	8	4	1	0	7432581120	0	1090224	1004124	18145005568	15646040064	49321556079	17373350660
2025-05-20 03:37:39	7	44	8	4	1	0	7432773632	0	1090228	1004126	18145005568	15646040064	49321559905	17373350724
2025-05-20 03:37:40	7	44	8	4	1	0	7432962048	0	1090231	1004129	18145005568	15646040064	49321561826	17373350796
2025-05-20 03:37:41	7	44	8	4	1	0	7433150464	0	1090234	1004132	18145005568	15646040064	49321563747	17373350868
2025-05-20 03:37:42	7	44	8	4	1	0	7433330688	0	1090236	1004134	18145005568	15646040064	49321565659	17373350932
2025-05-20 03:37:44	7	44	8	4	1	0	7433519104	0	1090240	1004139	18145005568	15646040064	49321567587	17373351044
2025-05-20 03:37:45	7	44	8	4	1	0	7433703424	0	1090242	1004141	18145005568	15646040064	49321569500	17373351108
2025-05-20 03:37:46	7	44	8	4	1	0	7433887744	0	1090245	1004144	18145005568	15646040064	49321571421	17373351180
2025-05-20 03:37:47	7	44	8	4	1	0	7434080256	0	1090247	1004146	18145005568	15646040064	49321573333	17373351244
2025-05-20 03:37:48	7	44	8	4	1	0	7434256384	0	1090249	1004148	18145005568	15646040064	49321575245	17373351308
2025-05-20 03:37:49	7	44	8	4	1	0	7434444800	0	1090251	1004150	18145005568	15646040064	49321577158	17373351372
2025-05-20 03:37:50	7	44	8	4	1	0	7434629120	0	1090253	1004153	18145005568	15646040064	49321579071	17373351468
2025-05-20 03:37:51	7	44	8	4	1	0	7434813440	0	1090256	1004156	18145005568	15646040064	49321580992	17373351540
2025-05-20 03:37:52	7	44	8	4	1	0	7434993664	0	1090261	1004159	18145005568	15646040064	49321584824	17373351612
2025-05-20 03:37:53	7	44	8	4	1	0	7435177984	0	1090265	1004163	18145005568	15646040064	49321586753	17373351692
2025-05-20 03:37:54	7	44	8	4	1	0	7435366400	0	1090268	1004166	18145005568	15646040064	49321588674	17373351764
2025-05-20 03:37:55	7	44	8	4	1	0	7435546624	0	1090271	1004169	18145005568	15646040064	49321590595	17373351836
2025-05-20 03:37:57	7	44	8	4	1	0	7435706368	0	1090278	1004185	18145005568	15646052352	49321593151	17373353162
2025-05-20 03:37:58	7	44	8	4	1	0	7435706368	0	1090281	1004188	18145005568	15646052352	49321595072	17373353234
2025-05-20 03:37:59	7	44	8	4	1	0	7435706368	0	1090283	1004190	18145005568	15646052352	49321596985	17373353298
2025-05-20 03:38:00	7	44	8	4	1	0	7427203072	0	1095814	1023953	18157588480	15705559040	49396040680	17492367132
2025-05-20 03:38:01	7	44	8	4	1	0	7427387392	0	1095816	1023955	18157588480	15705559040	49396042594	17492367196
2025-05-20 03:38:02	7	44	8	4	1	0	7427571712	0	1095819	1023959	18157588480	15705563136	49396044515	17492367300
2025-05-20 03:38:03	7	44	8	4	1	0	7427723264	0	1095821	1023961	18157588480	15705563136	49396046427	17492367364
2025-05-20 03:38:04	7	44	8	4	1	0	7427821568	0	1095826	1023964	18157588480	15705563136	49396050260	17492367436
2025-05-20 03:38:06	7	44	8	4	1	0	7427866624	0	1095831	1023970	18157588480	15705563136	49396052197	17492367556
2025-05-20 03:38:07	7	44	8	4	1	0	7427907584	0	1095838	1023976	18157588480	15705563136	49396056047	17492367676
2025-05-20 03:38:09	7	44	8	4	1	0	7427952640	0	1095843	1023983	18157588480	15705563136	49396057984	17492367828
2025-05-20 03:38:10	7	44	8	4	1	0	7428075520	0	1095849	1023987	18157588480	15705563136	49396061826	17492367908
2025-05-20 03:38:11	7	44	8	4	1	0	7428251648	0	1095853	1023991	18157588480	15705563136	49396063755	17492367988
2025-05-20 03:38:12	7	44	8	4	1	0	7428435968	0	1095856	1023994	18157588480	15705563136	49396065675	17492368060
2025-05-20 03:38:14	7	44	8	4	1	0	7428657152	0	1095861	1024000	18157588480	15705563136	49396067611	17492368180
2025-05-20 03:38:15	7	44	8	4	1	0	7428857856	0	1095864	1024003	18157588480	15705563136	49396069532	17492368252
2025-05-20 03:38:16	7	44	8	4	1	0	7429074944	0	1095867	1024006	18157588480	15705563136	49396071453	17492368324
2025-05-20 03:38:17	7	44	8	4	1	0	7429271552	0	1095871	1024010	18157588480	15705563136	49396073382	17492368404
2025-05-20 03:38:18	7	44	8	4	1	0	7429447680	0	1095873	1024012	18157588480	15705563136	49396075295	17492368468
2025-05-20 03:38:19	7	44	8	4	1	0	7429627904	0	1095876	1024015	18157588480	15705563136	49396077216	17492368540
2025-05-20 03:38:20	7	44	8	4	1	0	7429808128	0	1095880	1024020	18157588480	15705563136	49396079145	17492368652
2025-05-20 03:38:21	7	44	8	4	1	0	7429996544	0	1095883	1024023	18157588480	15705563136	49396081066	17492368724
2025-05-20 03:38:22	7	44	8	4	1	0	7430176768	0	1095886	1024026	18157588480	15705563136	49396082987	17492368796
2025-05-20 03:38:23	7	44	8	4	1	0	7432216576	0	1095892	1024030	18157588480	15705563136	49396086829	17492368876
2025-05-20 03:38:24	7	44	8	4	1	0	7434092544	0	1095899	1024044	18157588480	15705563136	49396089378	17492370170
2025-05-20 03:38:26	7	44	8	4	1	0	7434096640	0	1095901	1024047	18157588480	15705563136	49396091291	17492370266
2025-05-20 03:38:27	7	44	8	4	1	0	7434100736	0	1095903	1024049	18157588480	15705563136	49396093204	17492370330
2025-05-20 03:38:28	7	44	8	4	1	0	7431012352	0	1101018	1043159	18174365696	15765082112	49470527555	17611408748
2025-05-20 03:38:29	7	44	8	4	1	0	7431213056	0	1101020	1043161	18174365696	15765086208	49470529469	17611408812
2025-05-20 03:38:30	7	44	8	4	1	0	7431467008	0	1101022	1043163	18174365696	15765086208	49470531383	17611408876
2025-05-20 03:38:31	7	44	8	4	1	0	7431647232	0	1101024	1043166	18174365696	15765086208	49470533297	17611408972
2025-05-20 03:38:32	7	44	8	4	1	0	7431831552	0	1101026	1043168	18174365696	15765086208	49470535211	17611409036
2025-05-20 03:38:33	7	44	8	4	1	0	7432011776	0	1101029	1043171	18174365696	15765086208	49470537133	17611409108
2025-05-20 03:38:34	7	44	8	4	1	0	7432187904	0	1101032	1043174	18174365696	15765086208	49470539055	17611409180
2025-05-20 03:38:35	7	44	8	4	1	0	7432372224	0	1101037	1043177	18174365696	15765086208	49470542891	17611409252
2025-05-20 03:38:36	7	44	8	4	1	0	7432556544	0	1101040	1043180	18174365696	15765086208	49470544813	17611409324
2025-05-20 03:38:38	7	44	8	4	1	0	7432732672	0	1101043	1043184	18174365696	15765086208	49470546735	17611409428
2025-05-20 03:38:39	7	44	8	4	1	0	7432916992	0	1101047	1043188	18174365696	15765086208	49470548665	17611409508
2025-05-20 03:38:40	7	44	8	4	1	0	7433089024	0	1101050	1043191	18174365696	15765086208	49470550587	17611409580
2025-05-20 03:38:41	7	44	8	4	1	0	7433281536	0	1101052	1043193	18174365696	15765086208	49470552501	17611409644
2025-05-20 03:38:42	7	44	8	4	1	0	7433474048	0	1101055	1043196	18174365696	15765086208	49470554423	17611409716
2025-05-20 03:38:43	7	44	8	4	1	0	7433654272	0	1101059	1043201	18174365696	15765086208	49470556352	17611409828
2025-05-20 03:38:44	7	44	8	4	1	0	7433838592	0	1101062	1043204	18174365696	15765086208	49470558273	17611409900
2025-05-20 03:38:45	7	44	8	4	1	0	7433986048	0	1101066	1043208	18174365696	15765086208	49470560203	17611409980
2025-05-20 03:38:46	7	44	8	4	1	0	7434104832	0	1101071	1043211	18174365696	15765086208	49470564039	17611410052
2025-05-20 03:38:47	7	44	8	4	1	0	7434203136	0	1101076	1043217	18174365696	15765086208	49470565977	17611410172
2025-05-20 03:38:49	7	44	8	4	1	0	7434280960	0	1101085	1043237	18174365696	15765090304	49470568833	17611412064
2025-05-20 03:38:50	7	44	8	4	1	0	7434280960	0	1101088	1043240	18174365696	15765090304	49470570755	17611412136
2025-05-20 03:38:51	7	44	8	4	1	0	7434280960	0	1101092	1043244	18174365696	15765090304	49470572685	17611412216
2025-05-20 03:38:52	7	44	8	4	1	0	7387471872	0	1105396	1062941	18182754304	15824621568	49537454543	17730475114
2025-05-20 03:38:53	7	44	8	4	1	0	7430103040	0	1106327	1062947	18186948608	15824621568	49545042316	17730475322
2025-05-20 03:38:54	7	44	8	4	1	0	7430291456	0	1106330	1062950	18186948608	15824621568	49545044238	17730475394
2025-05-20 03:38:55	7	44	8	4	1	0	7430479872	0	1106333	1062953	18186948608	15824621568	49545046160	17730475466
2025-05-20 03:38:56	7	44	8	4	1	0	7430664192	0	1106336	1062956	18186948608	15824621568	49545048082	17730475538
2025-05-20 03:38:57	7	44	8	4	1	0	7430840320	0	1106341	1062959	18186948608	15824621568	49545051918	17730475610
2025-05-20 03:38:58	7	44	8	4	1	0	7431016448	0	1106343	1062961	18186948608	15824621568	49545053832	17730475674
2025-05-20 03:39:00	7	44	8	4	1	0	7431008256	0	1106347	1062966	18186948608	15824625664	49545055762	17730475786
2025-05-20 03:39:01	7	44	8	4	1	0	7431192576	0	1106349	1062968	18186948608	15824625664	49545057676	17730475850
2025-05-20 03:39:02	7	44	8	4	1	0	7431372800	0	1106352	1062971	18186948608	15824625664	49545059597	17730475922
2025-05-20 03:39:03	7	44	8	4	1	0	7431553024	0	1106354	1062973	18186948608	15824625664	49545061509	17730475986
2025-05-20 03:39:04	7	44	8	4	1	0	7431737344	0	1106357	1062976	18186948608	15824625664	49545063430	17730476058
2025-05-20 03:39:05	7	44	8	4	1	0	7431917568	0	1106359	1062979	18186948608	15824629760	49545065344	17730476154
2025-05-20 03:39:06	7	44	8	4	1	0	7432110080	0	1106362	1062982	18186948608	15824629760	49545067266	17730476226
2025-05-20 03:39:07	7	44	8	4	1	0	7432302592	0	1106364	1062984	18186948608	15824629760	49545069180	17730476290
2025-05-20 03:39:08	7	44	8	4	1	0	7432486912	0	1106367	1062987	18186948608	15824629760	49545071102	17730476362
2025-05-20 03:39:09	7	44	8	4	1	0	7432683520	0	1106372	1062990	18186948608	15824629760	49545074938	17730476434
2025-05-20 03:39:10	7	44	8	4	1	0	7432859648	0	1106374	1062992	18186948608	15824629760	49545076852	17730476498
2025-05-20 03:39:12	7	44	8	4	1	0	7434719232	0	1106380	1063006	18186948608	15824629760	49545079393	17730477816
2025-05-20 03:39:13	7	44	8	4	1	0	7434719232	0	1106382	1063008	18186948608	15824629760	49545081307	17730477880
2025-05-20 03:39:14	7	44	8	4	1	0	7434719232	0	1106385	1063011	18186948608	15824629760	49545083229	17730477952
2025-05-20 03:39:15	7	44	8	4	1	0	7434719232	0	1106387	1063013	18186948608	15824629760	49545085143	17730478016
2025-05-20 03:39:16	7	44	8	4	1	0	7420411904	0	1110738	1081791	18195337216	15884152832	49612647786	17849524546
2025-05-20 03:39:17	7	44	8	4	1	0	7431553024	0	1111591	1081795	18203742208	15884152832	49619604768	17849524714
2025-05-20 03:39:18	7	44	8	4	1	0	7431720960	0	1111597	1081799	18203742208	15884152832	49619608612	17849524794
2025-05-20 03:39:19	7	44	8	4	1	0	7431909376	0	1111600	1081803	18203742208	15884152832	49619610534	17849524898
2025-05-20 03:39:21	7	44	8	4	1	0	7432085504	0	1111604	1081807	18203742208	15884156928	49619612463	17849524978
2025-05-20 03:39:22	7	44	8	4	1	0	7432265728	0	1111607	1081810	18203742208	15884156928	49619614384	17849525050
2025-05-20 03:39:23	7	44	8	4	1	0	7432458240	0	1111610	1081813	18203742208	15884156928	49619616306	17849525122
2025-05-20 03:39:24	7	44	8	4	1	0	7432638464	0	1111613	1081816	18203742208	15884156928	49619618228	17849525194
2025-05-20 03:39:25	7	44	8	4	1	0	7432822784	0	1111615	1081818	18203742208	15884156928	49619620142	17849525258
2025-05-20 03:39:26	7	44	8	4	1	0	7433007104	0	1111619	1081823	18203742208	15884156928	49619622072	17849525370
2025-05-20 03:39:27	7	44	8	4	1	0	7433191424	0	1111621	1081825	18203742208	15884156928	49619623986	17849525434
2025-05-20 03:39:28	7	44	8	4	1	0	7433379840	0	1111625	1081829	18203742208	15884156928	49619625916	17849525514
2025-05-20 03:39:29	7	44	8	4	1	0	7433551872	0	1111628	1081832	18203742208	15884156928	49619627838	17849525586
2025-05-20 03:39:30	7	44	8	4	1	0	7433728000	0	1111634	1081836	18203742208	15884156928	49619631682	17849525666
2025-05-20 03:39:32	7	44	8	4	1	0	7433900032	0	1111636	1081839	18203742208	15884156928	49619633596	17849525762
2025-05-20 03:39:33	7	44	8	4	1	0	7434084352	0	1111639	1081842	18203742208	15884156928	49619635518	17849525834
2025-05-20 03:39:34	7	44	8	4	1	0	7434272768	0	1111641	1081844	18203742208	15884156928	49619637432	17849525898
2025-05-20 03:39:35	7	44	8	4	1	0	7434448896	0	1111644	1081847	18203742208	15884156928	49619639354	17849525970
2025-05-20 03:39:36	7	44	8	4	1	0	7434629120	0	1111647	1081850	18203742208	15884156928	49619641275	17849526042
2025-05-20 03:39:37	7	44	8	4	1	0	7435419648	0	1111655	1081870	18203742208	15884165120	49619644133	17849527948
2025-05-20 03:39:38	7	44	8	4	1	0	7435419648	0	1111659	1081875	18203742208	15884165120	49619646063	17849528060
2025-05-20 03:39:39	7	44	8	4	1	0	7435419648	0	1111662	1081878	18203742208	15884165120	49619647985	17849528132
2025-05-20 03:39:40	7	44	8	4	1	0	7432138752	0	1117532	1101816	18220519424	15943696384	49694199528	17968591126
2025-05-20 03:39:41	7	44	8	4	1	0	7432261632	0	1117537	1101819	18220519424	15943696384	49694203364	17968591198
2025-05-20 03:39:43	7	44	8	4	1	0	7432314880	0	1117542	1101825	18220519424	15943696384	49694205302	17968591318
2025-05-20 03:39:44	7	44	8	4	1	0	7432376320	0	1117547	1101831	18220519424	15943696384	49694207240	17968591438
2025-05-20 03:39:46	7	44	8	4	1	0	7432470528	0	1117553	1101836	18220519424	15943696384	49694211084	17968591550
2025-05-20 03:39:47	7	44	8	4	1	0	7432638464	0	1117557	1101840	18220519424	15943696384	49694213011	17968591630
2025-05-20 03:39:48	7	44	8	4	1	0	7432822784	0	1117561	1101844	18220519424	15943696384	49694214938	17968591710
2025-05-20 03:39:49	7	44	8	4	1	0	7432998912	0	1117564	1101847	18220519424	15943696384	49694216860	17968591782
2025-05-20 03:39:50	7	44	8	4	1	0	7433187328	0	1117567	1101850	18220519424	15943696384	49694218782	17968591854
2025-05-20 03:39:51	7	44	8	4	1	0	7433371648	0	1117571	1101855	18220519424	15943696384	49694220712	17968591966
2025-05-20 03:39:52	7	44	8	4	1	0	7433555968	0	1117574	1101858	18220519424	15943700480	49694222634	17968592038
2025-05-20 03:39:53	7	44	8	4	1	0	7433736192	0	1117577	1101861	18220519424	15943700480	49694224556	17968592110
2025-05-20 03:39:54	7	44	8	4	1	0	7433928704	0	1117580	1101864	18220519424	15943700480	49694226478	17968592182
2025-05-20 03:39:55	7	44	8	4	1	0	7434121216	0	1117583	1101867	18220519424	15943700480	49694228400	17968592254
2025-05-20 03:39:56	7	44	8	4	1	0	7434309632	0	1117588	1101870	18220519424	15943700480	49694232236	17968592326
2025-05-20 03:39:58	7	44	8	4	1	0	7434498048	0	1117593	1101876	18220519424	15943700480	49694234174	17968592446
2025-05-20 03:39:59	7	44	8	4	1	0	7434682368	0	1117596	1101879	18220519424	15943700480	49694236096	17968592518
2025-05-20 03:40:00	7	44	8	4	1	0	7434874880	0	1117598	1101881	18220519424	15943700480	49694238008	17968592582
2025-05-20 03:40:01	7	44	8	4	1	0	7435063296	0	1117601	1101884	18220519424	15943700480	49694239928	17968592654
2025-05-20 03:40:02	7	44	8	4	1	0	7435251712	0	1117604	1101887	18220519424	15943700480	49694241849	17968592726
2025-05-20 03:40:03	7	44	8	4	1	0	7435403264	0	1117612	1101907	18220519424	15943700480	49694244696	17968594642
2025-05-20 03:40:04	7	44	8	4	1	0	7435403264	0	1117615	1101910	18220519424	15943700480	49694246618	17968594714
2025-05-20 03:40:05	7	44	8	4	1	0	7435390976	0	1117618	1101913	18220519424	15943700480	49694248540	17968594786
2025-05-20 03:40:06	7	44	8	4	1	0	7431094272	0	1122962	1121438	18233102336	16003178496	49768710867	18087551284
2025-05-20 03:40:07	7	44	8	4	1	0	7431286784	0	1122965	1121441	18233102336	16003182592	49768712788	18087551356
2025-05-20 03:40:08	7	44	8	4	1	0	7431462912	0	1122968	1121444	18233102336	16003182592	49768714709	18087551428
2025-05-20 03:40:10	7	44	8	4	1	0	7431643136	0	1122974	1121449	18233102336	16003186688	49768718553	18087551540
2025-05-20 03:40:11	7	44	8	4	1	0	7431831552	0	1122977	1121452	18233102336	16003186688	49768720475	18087551612
2025-05-20 03:40:12	7	44	8	4	1	0	7432007680	0	1122979	1121454	18233102336	16003186688	49768722389	18087551676
2025-05-20 03:40:13	7	44	8	4	1	0	7432118272	0	1122982	1121457	18233102336	16003186688	49768724311	18087551748
2025-05-20 03:40:14	7	44	8	4	1	0	7432208384	0	1122985	1121461	18233102336	16003186688	49768726233	18087551852
2025-05-20 03:40:15	7	44	8	4	1	0	7432290304	0	1122989	1121465	18233102336	16003186688	49768728163	18087551932
2025-05-20 03:40:16	7	44	8	4	1	0	7432433664	0	1122992	1121468	18233102336	16003186688	49768730085	18087552004
2025-05-20 03:40:18	7	44	8	4	1	0	7432613888	0	1122997	1121472	18233102336	16003186688	49768733921	18087552108
2025-05-20 03:40:19	7	44	8	4	1	0	7432802304	0	1123000	1121475	18233102336	16003186688	49768735843	18087552180
2025-05-20 03:40:20	7	44	8	4	1	0	7432994816	0	1123002	1121477	18233102336	16003186688	49768737757	18087552244
2025-05-20 03:40:21	7	44	8	4	1	0	7433166848	0	1123004	1121479	18233102336	16003186688	49768739671	18087552308
2025-05-20 03:40:22	7	44	8	4	1	0	7433351168	0	1123007	1121482	18233102336	16003186688	49768741593	18087552380
2025-05-20 03:40:23	7	44	8	4	1	0	7433535488	0	1123010	1121485	18233102336	16003186688	49768743515	18087552452
2025-05-20 03:40:24	7	44	8	4	1	0	7433711616	0	1123013	1121489	18233102336	16003186688	49768745437	18087552556
2025-05-20 03:40:25	7	44	8	4	1	0	7433904128	0	1123016	1121492	18233102336	16003186688	49768747359	18087552628
2025-05-20 03:40:26	7	44	8	4	1	0	7434080256	0	1123018	1121494	18233102336	16003186688	49768749272	18087552692
2025-05-20 03:40:27	7	44	8	4	1	0	7436517376	0	1123025	1121508	18233102336	16003190784	49768751820	18087553986
2025-05-20 03:40:28	7	44	8	4	1	0	7436500992	0	1123028	1121511	18233102336	16003190784	49768753742	18087554058
2025-05-20 03:40:29	7	44	8	4	1	0	7436533760	0	1123032	1121514	18233102336	16003190784	49768757570	18087554154
2025-05-20 03:40:31	7	44	8	4	1	0	7436533760	0	1123034	1121516	18233102336	16003190784	49768759484	18087554218
2025-05-20 03:40:32	7	44	8	4	1	0	7431536640	0	1128333	1141123	18249879552	16062730240	49843242827	18206633588
2025-05-20 03:40:33	7	44	8	4	1	0	7431729152	0	1128336	1141126	18249879552	16062730240	49843244749	18206633660
2025-05-20 03:40:34	7	44	8	4	1	0	7431831552	0	1128338	1141128	18249879552	16062730240	49843246662	18206633724
2025-05-20 03:40:35	7	44	8	4	1	0	7432011776	0	1128340	1141130	18249879552	16062730240	49843248575	18206633788
2025-05-20 03:40:36	7	44	8	4	1	0	7432192000	0	1128342	1141133	18249879552	16062730240	49843250489	18206633884
2025-05-20 03:40:37	7	44	8	4	1	0	7432364032	0	1128344	1141135	18249879552	16062730240	49843252403	18206633948
2025-05-20 03:40:38	7	44	8	4	1	0	7432515584	0	1128346	1141137	18249879552	16062734336	49843254317	18206634012
2025-05-20 03:40:40	7	44	8	4	1	0	7432605696	0	1128351	1141141	18249879552	16062734336	49843258153	18206634116
2025-05-20 03:40:41	7	44	8	4	1	0	7432732672	0	1128354	1141144	18249879552	16062734336	49843260075	18206634188
2025-05-20 03:40:42	7	44	8	4	1	0	7432912896	0	1128357	1141147	18249879552	16062734336	49843261997	18206634260
2025-05-20 03:40:43	7	44	8	4	1	0	7433093120	0	1128361	1141151	18249879552	16062734336	49843263927	18206634340
2025-05-20 03:40:44	7	44	8	4	1	0	7433281536	0	1128365	1141156	18249879552	16062734336	49843265857	18206634452
2025-05-20 03:40:45	7	44	8	4	1	0	7433461760	0	1128368	1141159	18249879552	16062734336	49843267779	18206634524
2025-05-20 03:40:46	7	44	8	4	1	0	7433646080	0	1128372	1141163	18249879552	16062734336	49843269709	18206634604
2025-05-20 03:40:47	7	44	8	4	1	0	7433834496	0	1128374	1141165	18249879552	16062734336	49843271623	18206634668
2025-05-20 03:40:48	7	44	8	4	1	0	7434018816	0	1128376	1141167	18249879552	16062734336	49843273536	18206634732
2025-05-20 03:40:49	7	44	8	4	1	0	7434203136	0	1128379	1141170	18249879552	16062734336	49843275457	18206634804
2025-05-20 03:40:51	7	44	8	4	1	0	7434383360	0	1128382	1141174	18249879552	16062734336	49843277379	18206634908
2025-05-20 03:40:52	7	44	8	4	1	0	7434911744	0	1128387	1141177	18249879552	16062734336	49843281215	18206634980
2025-05-20 03:40:53	7	44	8	4	1	0	7435444224	0	1128393	1141190	18249879552	16062734336	49843283756	18206636266
2025-05-20 03:40:54	7	44	8	4	1	0	7435444224	0	1128396	1141193	18249879552	16062734336	49843285678	18206636338
2025-05-20 03:40:55	7	44	8	4	1	0	7435444224	0	1128399	1141196	18249879552	16062734336	49843287600	18206636410
2025-05-20 03:40:56	7	44	8	4	1	0	7430754304	0	1133753	1160827	18262462464	16122253312	49917750695	18325674820
2025-05-20 03:40:57	7	44	8	4	1	0	7430942720	0	1133758	1160833	18262462464	16122253312	49917752633	18325674940
2025-05-20 03:40:58	7	44	8	4	1	0	7431127040	0	1133761	1160836	18262462464	16122253312	49917754555	18325675012
2025-05-20 03:40:59	7	44	8	4	1	0	7431294976	0	1133765	1160840	18262462464	16122253312	49917756485	18325675092
2025-05-20 03:41:00	7	44	8	4	1	0	7431434240	0	1133768	1160843	18262462464	16122253312	49917758407	18325675164
2025-05-20 03:41:02	7	44	8	4	1	0	7431499776	0	1133774	1160848	18262462464	16122253312	49917762251	18325675276
2025-05-20 03:41:03	7	44	8	4	1	0	7431536640	0	1133777	1160852	18262462464	16122253312	49917764173	18325675380
2025-05-20 03:41:05	7	44	8	4	1	0	7431630848	0	1133783	1160857	18262462464	16122253312	49917768017	18325675492
2025-05-20 03:41:06	7	44	8	4	1	0	7431802880	0	1133786	1160860	18262462464	16122253312	49917769939	18325675564
2025-05-20 03:41:07	7	44	8	4	1	0	7431970816	0	1133789	1160863	18262462464	16122253312	49917771861	18325675636
2025-05-20 03:41:08	7	44	8	4	1	0	7432146944	0	1133791	1160865	18262462464	16122253312	49917773774	18325675700
2025-05-20 03:41:09	7	44	8	4	1	0	7432351744	0	1133794	1160869	18262462464	16122257408	49917775695	18325675804
2025-05-20 03:41:10	7	44	8	4	1	0	7432556544	0	1133798	1160873	18262462464	16122257408	49917777625	18325675884
2025-05-20 03:41:11	7	44	8	4	1	0	7432753152	0	1133801	1160876	18262462464	16122257408	49917779547	18325675956
2025-05-20 03:41:12	7	44	8	4	1	0	7432945664	0	1133804	1160879	18262462464	16122257408	49917781469	18325676028
2025-05-20 03:41:13	7	44	8	4	1	0	7433138176	0	1133808	1160883	18262462464	16122261504	49917783399	18325676108
2025-05-20 03:41:14	7	44	8	4	1	0	7433330688	0	1133812	1160888	18262462464	16122261504	49917785329	18325676220
2025-05-20 03:41:16	7	44	8	4	1	0	7433519104	0	1133815	1160891	18262462464	16122261504	49917787251	18325676292
2025-05-20 03:41:17	7	44	8	4	1	0	7433699328	0	1133819	1160893	18262462464	16122261504	49917791079	18325676356
2025-05-20 03:41:18	7	44	8	4	1	0	7433883648	0	1133822	1160896	18262462464	16122261504	49917793001	18325676428
2025-05-20 03:41:19	7	44	8	4	1	0	7434940416	0	1133828	1160915	18262462464	16122269696	49917795850	18325678314
2025-05-20 03:41:20	7	44	8	4	1	0	7434964992	0	1133831	1160918	18262462464	16122269696	49917797772	18325678386
2025-05-20 03:41:21	7	44	8	4	1	0	7434973184	0	1133834	1160922	18262462464	16122269696	49917799694	18325678490
2025-05-20 03:41:22	7	44	8	4	1	0	7429836800	0	1139171	1180225	18279239680	16181796864	49992317441	18444733240
2025-05-20 03:41:23	7	44	8	4	1	0	7430025216	0	1139176	1180229	18279239680	16181796864	49992319423	18444733364
2025-05-20 03:41:24	7	44	8	4	1	0	7430221824	0	1139179	1180232	18279239680	16181796864	49992321345	18444733436
2025-05-20 03:41:25	7	44	8	4	1	0	7430414336	0	1139182	1180235	18279239680	16181796864	49992323267	18444733508
2025-05-20 03:41:26	7	44	8	4	1	0	7430615040	0	1139185	1180239	18279239680	16181796864	49992325189	18444733612
2025-05-20 03:41:28	7	44	8	4	1	0	7430799360	0	1139189	1180243	18279239680	16181796864	49992327119	18444733692
2025-05-20 03:41:29	7	44	8	4	1	0	7431000064	0	1139194	1180246	18279239680	16181796864	49992330954	18444733764
2025-05-20 03:41:30	7	44	8	4	1	0	7431192576	0	1139197	1180249	18279239680	16181796864	49992332875	18444733836
2025-05-20 03:41:31	7	44	8	4	1	0	7431393280	0	1139200	1180252	18279239680	16181796864	49992334797	18444733908
2025-05-20 03:41:32	7	44	8	4	1	0	7431577600	0	1139203	1180255	18279239680	16181796864	49992336719	18444733980
2025-05-20 03:41:33	7	44	8	4	1	0	7431749632	0	1139208	1180261	18279239680	16181796864	49992338657	18444734100
2025-05-20 03:41:34	7	44	8	4	1	0	7431938048	0	1139211	1180264	18279239680	16181796864	49992340579	18444734172
2025-05-20 03:41:35	7	44	8	4	1	0	7432118272	0	1139214	1180267	18279239680	16181796864	49992342501	18444734244
2025-05-20 03:41:36	7	44	8	4	1	0	7432298496	0	1139218	1180271	18279239680	16181796864	49992344431	18444734324
2025-05-20 03:41:37	7	44	8	4	1	0	7432478720	0	1139221	1180274	18279239680	16181796864	49992346353	18444734396
2025-05-20 03:41:38	7	44	8	4	1	0	7432650752	0	1139226	1180280	18279239680	16181796864	49992348291	18444734516
2025-05-20 03:41:40	7	44	8	4	1	0	7432822784	0	1139228	1180282	18279239680	16181800960	49992350205	18444734580
2025-05-20 03:41:41	7	44	8	4	1	0	7433695232	0	1139233	1180285	18279239680	16181800960	49992354041	18444734652
2025-05-20 03:41:42	7	44	8	4	1	0	7435292672	0	1139242	1180305	18279239680	16181800960	49992356900	18444736550
2025-05-20 03:41:43	7	44	8	4	1	0	7435292672	0	1139244	1180307	18279239680	16181800960	49992358814	18444736614
2025-05-20 03:41:44	7	44	8	4	1	0	7435292672	0	1139248	1180312	18279239680	16181800960	49992360744	18444736726
2025-05-20 03:41:45	7	42	8	4	1	0	7435309056	0	1139250	1186400	18279239680	16181800960	49992362658	18469661030
2025-05-20 03:41:46	7	44	8	4	1	0	7430529024	0	1144389	1199880	18291822592	16241332224	50066812921	18563799784
2025-05-20 03:41:47	7	44	8	4	1	0	7430721536	0	1144391	1199882	18291822592	16241332224	50066814835	18563799848
2025-05-20 03:41:48	7	44	8	4	1	0	7430942720	0	1144393	1199884	18291822592	16241332224	50066816749	18563799912
2025-05-20 03:41:49	7	44	8	4	1	0	7431143424	0	1144397	1199888	18291822592	16241332224	50066818679	18563799992
2025-05-20 03:41:51	7	44	8	4	1	0	7431319552	0	1144400	1199892	18291822592	16241332224	50066820601	18563800096
2025-05-20 03:41:52	7	44	8	4	1	0	7431499776	0	1144403	1199895	18291822592	16241332224	50066822523	18563800168
2025-05-20 03:41:53	7	44	8	4	1	0	7431675904	0	1144408	1199898	18291822592	16241332224	50066826359	18563800240
2025-05-20 03:41:54	7	44	8	4	1	0	7431860224	0	1144411	1199901	18291822592	16241332224	50066828280	18563800312
2025-05-20 03:41:55	7	44	8	4	1	0	7432040448	0	1144414	1199904	18291822592	16241332224	50066830201	18563800384
2025-05-20 03:41:56	7	44	8	4	1	0	7432220672	0	1144418	1199909	18291822592	16241332224	50066832131	18563800496
2025-05-20 03:41:57	7	44	8	4	1	0	7432396800	0	1144421	1199912	18291822592	16241332224	50066834053	18563800568
2025-05-20 03:41:58	7	44	8	4	1	0	7432577024	0	1144424	1199915	18291822592	16241332224	50066835975	18563800640
2025-05-20 03:41:59	7	44	8	4	1	0	7432761344	0	1144427	1199918	18291822592	16241332224	50066837897	18563800712
2025-05-20 03:42:00	7	44	8	4	1	0	7432937472	0	1144430	1199921	18291822592	16241332224	50066839819	18563800784
2025-05-20 03:42:01	7	44	8	4	1	0	7433125888	0	1144434	1199925	18291822592	16241332224	50066841748	18563800864
2025-05-20 03:42:03	7	44	8	4	1	0	7433310208	0	1144437	1199929	18291822592	16241332224	50066843669	18563800968
2025-05-20 03:42:04	7	44	8	4	1	0	7433494528	0	1144439	1199931	18291822592	16241332224	50066845583	18563801032
2025-05-20 03:42:05	7	44	8	4	1	0	7435313152	0	1144452	1199953	18291822592	16241336320	50066850372	18563802946
2025-05-20 03:42:06	7	44	8	4	1	0	7435313152	0	1144454	1199955	18291822592	16241336320	50066852286	18563803010
2025-05-20 03:42:07	7	44	8	4	1	0	7435313152	0	1144456	1199957	18291822592	16241336320	50066854200	18563803074
2025-05-20 03:42:08	7	44	8	4	1	0	7367319552	0	1148008	1218815	18296016896	16300818432	50129166491	18682767684
2025-05-20 03:42:09	7	44	8	4	1	0	7429697536	0	1149496	1218820	18308599808	16300818432	50141317209	18682767860
2025-05-20 03:42:10	7	44	8	4	1	0	7429885952	0	1149498	1218822	18308599808	16300822528	50141319123	18682767924
2025-05-20 03:42:11	7	44	8	4	1	0	7430078464	0	1149500	1218824	18308599808	16300822528	50141321037	18682767988
2025-05-20 03:42:12	7	44	8	4	1	0	7430262784	0	1149503	1218827	18308599808	16300822528	50141322959	18682768060
2025-05-20 03:42:13	7	44	8	4	1	0	7430451200	0	1149506	1218830	18308599808	16300822528	50141324881	18682768132
2025-05-20 03:42:15	7	44	8	4	1	0	7430631424	0	1149508	1218833	18308599808	16300822528	50141326795	18682768228
2025-05-20 03:42:16	7	44	8	4	1	0	7430828032	0	1149513	1218838	18308599808	16300822528	50141328733	18682768316
2025-05-20 03:42:17	7	44	8	4	1	0	7431008256	0	1149518	1218841	18308599808	16300822528	50141332569	18682768388
2025-05-20 03:42:18	7	44	8	4	1	0	7431184384	0	1149521	1218844	18308599808	16300826624	50141334491	18682768460
2025-05-20 03:42:19	7	44	8	4	1	0	7431127040	0	1149523	1218846	18308599808	16300826624	50141336405	18682768524
2025-05-20 03:42:20	7	44	8	4	1	0	7431540736	0	1149526	1218850	18308599808	16300826624	50141338329	18682768628
2025-05-20 03:42:21	7	44	8	4	1	0	7431688192	0	1149529	1218853	18308599808	16300826624	50141340253	18682768700
2025-05-20 03:42:22	7	44	8	4	1	0	7431802880	0	1149532	1218856	18308599808	16300826624	50141342178	18682768772
2025-05-20 03:42:23	7	44	8	4	1	0	7431892992	0	1149534	1218859	18308599808	16300826624	50141344095	18682768868
2025-05-20 03:42:25	7	44	8	4	1	0	7432052736	0	1149537	1218862	18308599808	16300826624	50141346020	18682768940
2025-05-20 03:42:26	7	44	8	4	1	0	7432228864	0	1149539	1218864	18308599808	16300826624	50141347937	18682769004
2025-05-20 03:42:27	7	44	8	4	1	0	7432413184	0	1149545	1218868	18308599808	16300826624	50141351787	18682769084
2025-05-20 03:42:28	7	44	8	4	1	0	7432589312	0	1149548	1218871	18308599808	16300826624	50141353712	18682769156
2025-05-20 03:42:29	7	44	8	4	1	0	7433662464	0	1149551	1218874	18308599808	16300826624	50141355637	18682769228
2025-05-20 03:42:30	7	44	8	4	1	0	7434072064	0	1149559	1218889	18308599808	16300826624	50141358189	18682770546
2025-05-20 03:42:31	7	44	8	4	1	0	7434072064	0	1149562	1218892	18308599808	16300826624	50141360114	18682770618
2025-05-20 03:42:32	7	44	8	4	1	0	7434072064	0	1149566	1218896	18308599808	16300826624	50141362047	18682770698
2025-05-20 03:42:33	7	44	8	4	1	0	7429312512	0	1154882	1237987	18329210880	16360329216	50215829051	18801776340
2025-05-20 03:42:34	7	44	8	4	1	0	7429500928	0	1154884	1237989	18329210880	16360329216	50215830970	18801776404
2025-05-20 03:42:36	7	44	8	4	1	0	7429685248	0	1154888	1237994	18329210880	16360333312	50215832905	18801776516
2025-05-20 03:42:37	7	44	8	4	1	0	7429869568	0	1154891	1237997	18329210880	16360333312	50215834832	18801776588
2025-05-20 03:42:38	7	44	8	4	1	0	7430053888	0	1154895	1238001	18329210880	16360333312	50215836766	18801776668
2025-05-20 03:42:39	7	44	8	4	1	0	7430234112	0	1154900	1238004	18329210880	16360333312	50215840611	18801776740
2025-05-20 03:42:40	7	44	8	4	1	0	7430426624	0	1154903	1238007	18329210880	16360333312	50215842538	18801776812
2025-05-20 03:42:41	7	44	8	4	1	0	7430610944	0	1154906	1238010	18329210880	16360333312	50215844465	18801776884
2025-05-20 03:42:42	7	44	8	4	1	0	7430799360	0	1154910	1238015	18329210880	16360333312	50215846400	18801776996
2025-05-20 03:42:43	7	44	8	4	1	0	7430983680	0	1154914	1238019	18329210880	16360333312	50215848334	18801777076
2025-05-20 03:42:44	7	44	8	4	1	0	7431163904	0	1154918	1238023	18329210880	16360333312	50215850268	18801777156
2025-05-20 03:42:45	7	44	8	4	1	0	7431352320	0	1154921	1238026	18329210880	16360333312	50215852195	18801777228
2025-05-20 03:42:46	7	44	8	4	1	0	7431536640	0	1154924	1238029	18329210880	16360333312	50215854122	18801777300
2025-05-20 03:42:47	7	44	8	4	1	0	7431725056	0	1154927	1238033	18329210880	16360333312	50215856049	18801777404
2025-05-20 03:42:49	7	44	8	4	1	0	7431905280	0	1154929	1238035	18329210880	16360333312	50215857968	18801777468
2025-05-20 03:42:50	7	44	8	4	1	0	7432085504	0	1154933	1238039	18329210880	16360333312	50215859902	18801777548
2025-05-20 03:42:51	7	44	8	4	1	0	7432265728	0	1154937	1238041	18329210880	16360333312	50215863739	18801777612
2025-05-20 03:42:52	7	44	8	4	1	0	7433613312	0	1154946	1238056	18329210880	16360337408	50215866301	18801778906
2025-05-20 03:42:53	7	44	8	4	1	0	7433613312	0	1154949	1238059	18329210880	16360337408	50215868228	18801778978
2025-05-20 03:42:54	7	44	8	4	1	0	7433613312	0	1154952	1238063	18329210880	16360337408	50215870155	18801779082
2025-05-20 03:42:55	7	44	8	4	1	0	7433613312	0	1154954	1238065	18329210880	16360337408	50215872073	18801779146
2025-05-20 03:42:56	7	44	8	4	1	0	7430406144	0	1160829	1257976	18345988096	16419860480	50290349693	18920825748
2025-05-20 03:42:57	7	44	8	4	1	0	7430635520	0	1160832	1257979	18345988096	16419860480	50290351620	18920825820
2025-05-20 03:42:58	7	44	8	4	1	0	7430803456	0	1160835	1257982	18345988096	16419860480	50290353546	18920825892
2025-05-20 03:43:00	7	44	8	4	1	0	7430934528	0	1160838	1257986	18345988096	16419860480	50290355473	18920825996
2025-05-20 03:43:01	7	44	8	4	1	0	7431000064	0	1160844	1257990	18345988096	16419860480	50290359329	18920826076
2025-05-20 03:43:02	7	44	8	4	1	0	7431041024	0	1160849	1257996	18345988096	16419860480	50290361273	18920826196
2025-05-20 03:43:04	7	44	8	4	1	0	7431184384	0	1160853	1258001	18345988096	16419860480	50290363209	18920826308
2025-05-20 03:43:05	7	44	8	4	1	0	7431340032	0	1160858	1258004	18345988096	16419860480	50290367057	18920826380
2025-05-20 03:43:06	7	44	8	4	1	0	7431520256	0	1160860	1258006	18345988096	16419860480	50290368977	18920826444
2025-05-20 03:43:07	7	44	8	4	1	0	7431704576	0	1160862	1258009	18345988096	16419864576	50290370897	18920826540
2025-05-20 03:43:08	7	44	8	4	1	0	7431901184	0	1160865	1258012	18345988096	16419864576	50290372825	18920826612
2025-05-20 03:43:09	7	44	8	4	1	0	7432069120	0	1160867	1258014	18345988096	16419864576	50290374745	18920826676
2025-05-20 03:43:10	7	44	8	4	1	0	7432253440	0	1160870	1258017	18345988096	16419864576	50290376673	18920826748
2025-05-20 03:43:11	7	44	8	4	1	0	7432433664	0	1160872	1258019	18345988096	16419864576	50290378593	18920826812
2025-05-20 03:43:12	7	44	8	4	1	0	7432613888	0	1160874	1258021	18345988096	16419864576	50290380513	18920826876
2025-05-20 03:43:14	7	44	8	4	1	0	7432798208	0	1160876	1258024	18345988096	16419864576	50290382433	18920826972
2025-05-20 03:43:15	7	44	8	4	1	0	7432982528	0	1160878	1258026	18345988096	16419864576	50290384353	18920827036
2025-05-20 03:43:16	7	44	8	4	1	0	7433170944	0	1160881	1258029	18345988096	16419864576	50290386281	18920827108
2025-05-20 03:43:17	7	44	8	4	1	0	7433359360	0	1160886	1258032	18345988096	16419864576	50290390130	18920827180
2025-05-20 03:43:18	7	44	8	4	1	0	7433543680	0	1160888	1258034	18345988096	16419864576	50290392051	18920827244
2025-05-20 03:43:19	7	44	8	4	1	0	7433719808	0	1160894	1258048	18345988096	16419868672	50290394599	18920828562
2025-05-20 03:43:20	7	44	8	4	1	0	7433719808	0	1160896	1258050	18345988096	16419868672	50290396520	18920828626
2025-05-20 03:43:21	7	44	8	4	1	0	7433719808	0	1160899	1258053	18345988096	16419872768	50290398449	18920828698
2025-05-20 03:43:22	7	44	8	4	1	0	7423201280	0	1166196	1277522	18358571008	16479408128	50364876607	19039899884
2025-05-20 03:43:23	7	44	8	4	1	0	7423381504	0	1166199	1277525	18358571008	16479408128	50364878536	19039899956
2025-05-20 03:43:24	7	44	8	4	1	0	7423557632	0	1166201	1277527	18358571008	16479408128	50364880457	19039900020
2025-05-20 03:43:26	7	44	8	4	1	0	7423725568	0	1166203	1277530	18358571008	16479408128	50364882378	19039900116
2025-05-20 03:43:27	7	44	8	4	1	0	7423885312	0	1166206	1277533	18358571008	16479408128	50364884307	19039900188
2025-05-20 03:43:28	7	44	8	4	1	0	7424061440	0	1166208	1277535	18358571008	16479408128	50364886228	19039900252
2025-05-20 03:43:29	7	44	8	4	1	0	7424253952	0	1166212	1277537	18358571008	16479408128	50364890067	19039900316
2025-05-20 03:43:30	7	44	8	4	1	0	7424430080	0	1166214	1277539	18358571008	16479408128	50364891987	19039900380
2025-05-20 03:43:31	7	44	8	4	1	0	7424630784	0	1166217	1277543	18358571008	16479408128	50364893916	19039900484
2025-05-20 03:43:32	7	44	8	4	1	0	7424806912	0	1166219	1277545	18358571008	16479408128	50364895837	19039900548
2025-05-20 03:43:33	7	44	8	4	1	0	7424983040	0	1166221	1277547	18358571008	16479408128	50364897758	19039900612
2025-05-20 03:43:34	7	44	8	4	1	0	7425179648	0	1166223	1277549	18358571008	16479408128	50364899679	19039900676
2025-05-20 03:43:35	7	44	8	4	1	0	7425359872	0	1166225	1277551	18358571008	16479408128	50364901600	19039900740
2025-05-20 03:43:36	7	44	8	4	1	0	7425536000	0	1166227	1277553	18358571008	16479408128	50364903521	19039900804
2025-05-20 03:43:38	7	44	8	4	1	0	7425716224	0	1166230	1277557	18358571008	16479412224	50364905450	19039900908
2025-05-20 03:43:39	7	44	8	4	1	0	7427198976	0	1166232	1277559	18358571008	16479412224	50364907371	19039900972
2025-05-20 03:43:40	7	44	8	4	1	0	7430287360	0	1166235	1277562	18358571008	16479412224	50364909300	19039901044
2025-05-20 03:43:41	7	44	8	4	1	0	7433211904	0	1166238	1277565	18358571008	16479412224	50364911229	19039901116
2025-05-20 03:43:42	7	44	8	4	1	0	7435231232	0	1166246	1277578	18358571008	16479416320	50364915698	19039902402
2025-05-20 03:43:43	7	44	8	4	1	0	7435231232	0	1166250	1277583	18358571008	16479416320	50364917635	19039902514
2025-05-20 03:43:44	7	44	8	4	1	0	7435243520	0	1166253	1277586	18358571008	16479416320	50364919563	19039902586
2025-05-20 03:43:45	7	44	8	4	1	0	7429709824	0	1171489	1296314	18379182080	16538935296	50439350866	19158940996
2025-05-20 03:43:46	7	44	8	4	1	0	7429910528	0	1171492	1296317	18379182080	16538935296	50439352796	19158941068
2025-05-20 03:43:47	7	44	8	4	1	0	7430180864	0	1171495	1296320	18379182080	16538935296	50439354726	19158941140
2025-05-20 03:43:49	7	44	8	4	1	0	7430422528	0	1171498	1296324	18379182080	16538935296	50439356657	19158941244
2025-05-20 03:43:50	7	44	8	4	1	0	7430709248	0	1171501	1296327	18379182080	16538935296	50439358588	19158941316
2025-05-20 03:43:51	7	44	8	4	1	0	7430926336	0	1171504	1296330	18379182080	16538935296	50439360519	19158941388
2025-05-20 03:43:52	7	44	8	4	1	0	7431159808	0	1171507	1296333	18379182080	16538935296	50439362450	19158941460
2025-05-20 03:43:53	7	44	8	4	1	0	7431380992	0	1171510	1296336	18379182080	16538935296	50439364381	19158941532
2025-05-20 03:43:54	7	44	8	4	1	0	7431561216	0	1171516	1296340	18379182080	16538935296	50439368243	19158941612
2025-05-20 03:43:55	7	44	8	4	1	0	7431753728	0	1171519	1296344	18379182080	16538935296	50439370174	19158941716
2025-05-20 03:43:56	7	44	8	4	1	0	7431933952	0	1171521	1296346	18379182080	16538935296	50439372097	19158941780
2025-05-20 03:43:57	7	44	8	4	1	0	7432122368	0	1171523	1296348	18379182080	16538935296	50439374020	19158941844
2025-05-20 03:43:58	7	44	8	4	1	0	7432314880	0	1171526	1296351	18379182080	16538935296	50439375950	19158941916
2025-05-20 03:43:59	7	44	8	4	1	0	7432491008	0	1171528	1296353	18379182080	16538935296	50439377872	19158941980
2025-05-20 03:44:00	7	44	8	4	1	0	7432679424	0	1171531	1296357	18379182080	16538935296	50439379803	19158942084
2025-05-20 03:44:02	7	44	8	4	1	0	7432863744	0	1171534	1296360	18379182080	16538935296	50439381734	19158942156
2025-05-20 03:44:03	7	44	8	4	1	0	7433052160	0	1171537	1296363	18379182080	16538935296	50439383665	19158942228
2025-05-20 03:44:04	7	44	8	4	1	0	7433240576	0	1171540	1296366	18379182080	16538935296	50439385596	19158942300
2025-05-20 03:44:05	7	44	8	4	1	0	7433318400	0	1171547	1296380	18379182080	16538935296	50439388153	19158943592
2025-05-20 03:44:06	7	44	8	4	1	0	7433318400	0	1171551	1296382	18379182080	16538935296	50439391999	19158943656
2025-05-20 03:44:07	7	44	8	4	1	0	7433318400	0	1171554	1296386	18379182080	16538935296	50439393930	19158943760
2025-05-20 03:44:08	7	44	8	4	1	0	7420383232	0	1176600	1315011	18395959296	16598474752	50513820290	19278006746
2025-05-20 03:44:09	7	44	8	4	1	0	7420567552	0	1176602	1315013	18395959296	16598474752	50513822213	19278006810
2025-05-20 03:44:10	7	44	8	4	1	0	7420755968	0	1176604	1315015	18395959296	16598474752	50513824135	19278006874
2025-05-20 03:44:11	7	44	8	4	1	0	7420940288	0	1176607	1315018	18395959296	16598474752	50513826065	19278006946
2025-05-20 03:44:13	7	44	8	4	1	0	7421116416	0	1176610	1315022	18395959296	16598474752	50513827996	19278007050
2025-05-20 03:44:14	7	44	8	4	1	0	7421292544	0	1176613	1315025	18395959296	16598474752	50513829927	19278007122
2025-05-20 03:44:15	7	44	8	4	1	0	7421476864	0	1176616	1315028	18395959296	16598474752	50513831858	19278007194
2025-05-20 03:44:16	7	44	8	4	1	0	7421661184	0	1176618	1315030	18395959296	16598474752	50513833781	19278007258
2025-05-20 03:44:17	7	44	8	4	1	0	7421849600	0	1176621	1315033	18395959296	16598474752	50513835712	19278007330
2025-05-20 03:44:18	7	44	8	4	1	0	7422042112	0	1176625	1315035	18395959296	16598474752	50513839558	19278007394
2025-05-20 03:44:19	7	44	8	4	1	0	7422246912	0	1176627	1315038	18395959296	16598474752	50513841481	19278007490
2025-05-20 03:44:20	7	44	8	4	1	0	7422423040	0	1176630	1315041	18395959296	16598474752	50513843412	19278007562
2025-05-20 03:44:21	7	44	8	4	1	0	7422607360	0	1176632	1315043	18395959296	16598474752	50513845335	19278007626
2025-05-20 03:44:22	7	44	8	4	1	0	7422799872	0	1176635	1315046	18395959296	16598474752	50513847266	19278007698
2025-05-20 03:44:23	7	44	8	4	1	0	7423000576	0	1176638	1315049	18395959296	16598474752	50513849197	19278007770
2025-05-20 03:44:25	7	44	8	4	1	0	7423557632	0	1176642	1315054	18395959296	16598474752	50513851136	19278007882
2025-05-20 03:44:26	7	44	8	4	1	0	7426531328	0	1176645	1315057	18395959296	16598478848	50513853067	19278007954
2025-05-20 03:44:27	7	44	8	4	1	0	7430361088	0	1176652	1315071	18395959296	16598478848	50513855625	19278009248
2025-05-20 03:44:28	7	44	8	4	1	0	7430365184	0	1176656	1315075	18395959296	16598478848	50513857564	19278009328
2025-05-20 03:44:29	7	44	8	4	1	0	7430365184	0	1176658	1315077	18395959296	16598478848	50513859487	19278009392
2025-05-20 03:44:30	7	44	8	4	1	0	7366692864	0	1180082	1333534	18395959296	16657948672	50576379422	19396949442
2025-05-20 03:44:31	7	44	8	4	1	0	7427440640	0	1181536	1333538	18408542208	16657948672	50588259805	19396949610
2025-05-20 03:44:32	7	44	8	4	1	0	7427645440	0	1181538	1333540	18408542208	16657948672	50588261728	19396949674
2025-05-20 03:44:33	7	44	8	4	1	0	7427850240	0	1181542	1333544	18408542208	16657952768	50588263667	19396949754
2025-05-20 03:44:34	7	44	8	4	1	0	7428042752	0	1181544	1333546	18408542208	16657952768	50588265589	19396949818
2025-05-20 03:44:35	7	44	8	4	1	0	7428222976	0	1181546	1333548	18408542208	16657952768	50588267511	19396949882
2025-05-20 03:44:37	7	44	8	4	1	0	7428448256	0	1181548	1333551	18408542208	16657952768	50588269434	19396949978
2025-05-20 03:44:38	7	44	8	4	1	0	7428694016	0	1181551	1333554	18408542208	16657952768	50588271363	19396950050
2025-05-20 03:44:39	7	44	8	4	1	0	7428890624	0	1181553	1333556	18408542208	16657952768	50588273283	19396950114
2025-05-20 03:44:40	7	44	8	4	1	0	7429029888	0	1181555	1333558	18408542208	16657952768	50588275205	19396950178
2025-05-20 03:44:41	7	44	8	4	1	0	7429107712	0	1181559	1333561	18408542208	16657952768	50588279051	19396950274
2025-05-20 03:44:42	7	44	8	4	1	0	7429148672	0	1181562	1333565	18408542208	16657952768	50588280982	19396950378
2025-05-20 03:44:44	7	44	8	4	1	0	7429214208	0	1181566	1333569	18408542208	16657952768	50588282921	19396950458
2025-05-20 03:44:45	7	44	8	4	1	0	7429365760	0	1181570	1333572	18408542208	16657952768	50588286767	19396950554
2025-05-20 03:44:46	7	44	8	4	1	0	7429537792	0	1181573	1333575	18408542208	16657952768	50588288698	19396950626
2025-05-20 03:44:47	7	44	8	4	1	0	7429718016	0	1181577	1333579	18408542208	16657952768	50588290636	19396950706
2025-05-20 03:44:48	7	44	8	4	1	0	7429906432	0	1181580	1333582	18408542208	16657952768	50588292566	19396950778
2025-05-20 03:44:49	7	44	8	4	1	0	7430098944	0	1181583	1333585	18408542208	16657952768	50588294497	19396950850
2025-05-20 03:44:51	7	44	8	4	1	0	7430279168	0	1181586	1333589	18408542208	16657952768	50588296428	19396950954
2025-05-20 03:44:52	7	44	8	4	1	0	7430467584	0	1181590	1333593	18408542208	16657952768	50588298367	19396951034
2025-05-20 03:44:53	7	44	8	4	1	0	7430651904	0	1181594	1333597	18408542208	16657952768	50588300306	19396951114
2025-05-20 03:44:54	7	44	8	4	1	0	7431057408	0	1181600	1333610	18408542208	16657956864	50588302856	19396952400
2025-05-20 03:44:55	7	44	8	4	1	0	7431057408	0	1181603	1333613	18408542208	16657956864	50588304787	19396952472
2025-05-20 03:44:56	7	44	8	4	1	0	7431065600	0	1181606	1333616	18408542208	16657956864	50588306718	19396952544
2025-05-20 03:44:57	7	44	8	4	1	0	7426654208	0	1186820	1352946	18425319424	16717471744	50662830777	19515982802
2025-05-20 03:44:58	7	44	8	4	1	0	7421566976	0	1186824	1352950	18425319424	16717471744	50662832716	19515982882
2025-05-20 03:44:59	7	44	8	4	1	0	7421759488	0	1186827	1352953	18425319424	16717475840	50662834647	19515982954
2025-05-20 03:45:00	7	44	8	4	1	0	7421939712	0	1186830	1352956	18425319424	16717475840	50662836578	19515983026
2025-05-20 03:45:01	7	44	8	4	1	0	7422136320	0	1186834	1352960	18425319424	16717475840	50662838517	19515983106
2025-05-20 03:45:03	7	44	8	4	1	0	7422328832	0	1186838	1352965	18425319424	16717475840	50662840456	19515983218
2025-05-20 03:45:04	7	44	8	4	1	0	7422517248	0	1186842	1352969	18425319424	16717475840	50662842395	19515983298
2025-05-20 03:45:05	7	44	8	4	1	0	7422713856	0	1186844	1352971	18425319424	16717475840	50662844318	19515983362
2025-05-20 03:45:06	7	44	8	4	1	0	7422894080	0	1186846	1352973	18425319424	16717475840	50662846240	19515983426
2025-05-20 03:45:07	7	44	8	4	1	0	7423070208	0	1186848	1352975	18425319424	16717475840	50662848162	19515983490
2025-05-20 03:45:08	7	44	8	4	1	0	7423254528	0	1186851	1352978	18425319424	16717475840	50662850093	19515983562
2025-05-20 03:45:09	7	44	8	4	1	0	7423442944	0	1186855	1352981	18425319424	16717475840	50662853939	19515983658
2025-05-20 03:45:10	7	44	8	4	1	0	7423631360	0	1186858	1352984	18425319424	16717475840	50662855870	19515983730
2025-05-20 03:45:11	7	44	8	4	1	0	7423807488	0	1186860	1352986	18425319424	16717475840	50662857793	19515983794
2025-05-20 03:45:12	7	44	8	4	1	0	7423987712	0	1186864	1352990	18425319424	16717475840	50662859732	19515983874
2025-05-20 03:45:13	7	44	8	4	1	0	7424172032	0	1186867	1352993	18425319424	16717475840	50662861663	19515983946
2025-05-20 03:45:14	7	44	8	4	1	0	7424245760	0	1186870	1352997	18425319424	16717475840	50662863593	19515984050
2025-05-20 03:45:16	7	44	8	4	1	0	7426150400	0	1186876	1353015	18425319424	16717484032	50662866444	19515985940
2025-05-20 03:45:17	7	44	8	4	1	0	7426150400	0	1186878	1353017	18425319424	16717484032	50662868367	19515986004
2025-05-20 03:45:18	7	44	8	4	1	0	7426150400	0	1186881	1353020	18425319424	16717484032	50662870297	19515986076
2025-05-20 03:45:19	7	44	8	4	1	0	7391412224	0	1191636	1371851	18433724416	16777015296	50733783892	19635048958
2025-05-20 03:45:20	7	44	8	4	1	0	7423016960	0	1192098	1371857	18437918720	16777019392	50737529627	19635049166
2025-05-20 03:45:21	7	44	8	4	1	0	7423205376	0	1192103	1371860	18437918720	16777019392	50737533480	19635049238
2025-05-20 03:45:22	7	44	8	4	1	0	7423365120	0	1192105	1371862	18437918720	16777019392	50737535402	19635049302
2025-05-20 03:45:23	7	44	8	4	1	0	7423528960	0	1192107	1371864	18437918720	16777019392	50737537325	19635049366
2025-05-20 03:45:25	7	44	8	4	1	0	7423590400	0	1192111	1371869	18437918720	16777019392	50737539263	19635049478
2025-05-20 03:45:26	7	44	8	4	1	0	7423639552	0	1192117	1371874	18437918720	16777019392	50737543123	19635049590
2025-05-20 03:45:28	7	44	8	4	1	0	7423676416	0	1192120	1371878	18437918720	16777019392	50737545053	19635049694
2025-05-20 03:45:29	7	44	8	4	1	0	7423807488	0	1192123	1371882	18437918720	16777023488	50737546984	19635049798
2025-05-20 03:45:30	7	44	8	4	1	0	7423975424	0	1192126	1371885	18437918720	16777023488	50737548915	19635049870
2025-05-20 03:45:31	7	44	8	4	1	0	7424163840	0	1192132	1371889	18437918720	16777023488	50737552777	19635049950
2025-05-20 03:45:32	7	44	8	4	1	0	7424339968	0	1192135	1371892	18437918720	16777023488	50737554708	19635050022
2025-05-20 03:45:33	7	44	8	4	1	0	7424516096	0	1192138	1371895	18437918720	16777023488	50737556639	19635050094
2025-05-20 03:45:34	7	44	8	4	1	0	7424704512	0	1192141	1371898	18437918720	16777023488	50737558570	19635050166
2025-05-20 03:45:36	7	44	8	4	1	0	7424884736	0	1192144	1371902	18437918720	16777023488	50737560501	19635050270
2025-05-20 03:45:37	7	44	8	4	1	0	7425073152	0	1192147	1371905	18437918720	16777023488	50737562432	19635050342
2025-05-20 03:45:38	7	44	8	4	1	0	7425253376	0	1192149	1371907	18437918720	16777023488	50737564355	19635050406
2025-05-20 03:45:39	7	44	8	4	1	0	7425437696	0	1192152	1371910	18437918720	16777023488	50737566286	19635050478
2025-05-20 03:45:40	7	44	8	4	1	0	7425626112	0	1192155	1371913	18437918720	16777023488	50737568217	19635050550
2025-05-20 03:45:41	7	44	8	4	1	0	7425802240	0	1192157	1371915	18437918720	16777023488	50737570140	19635050614
2025-05-20 03:45:42	7	44	8	4	1	0	7426011136	0	1192160	1371919	18437918720	16777023488	50737572071	19635050718
2025-05-20 03:45:43	7	44	8	4	1	0	7428390912	0	1192169	1371934	18437918720	16777027584	50737576560	19635052012
2025-05-20 03:45:44	7	44	8	4	1	0	7428390912	0	1192172	1371937	18437918720	16777027584	50737578491	19635052084
2025-05-20 03:45:45	7	44	8	4	1	0	7428390912	0	1192174	1371939	18437918720	16777031680	50737580414	19635052148
2025-05-20 03:45:46	7	44	8	4	1	0	7425118208	0	1197843	1391821	18454695936	16836567040	50812131518	19754115134
2025-05-20 03:45:47	7	44	8	4	1	0	7425331200	0	1197846	1391825	18454695936	16836567040	50812133451	19754115238
2025-05-20 03:45:49	7	44	8	4	1	0	7425507328	0	1197850	1391829	18454695936	16836567040	50812135392	19754115318
2025-05-20 03:45:50	7	44	8	4	1	0	7425691648	0	1197853	1391832	18454695936	16836567040	50812137325	19754115390
2025-05-20 03:45:51	7	44	8	4	1	0	7425847296	0	1197856	1391835	18454695936	16836567040	50812139258	19754115462
2025-05-20 03:45:52	7	44	8	4	1	0	7425966080	0	1197859	1391839	18454695936	16836567040	50812141191	19754115566
2025-05-20 03:45:53	7	44	8	4	1	0	7426064384	0	1197863	1391841	18454695936	16836567040	50812145041	19754115630
2025-05-20 03:45:54	7	44	8	4	1	0	7426195456	0	1197866	1391844	18454695936	16836567040	50812146974	19754115702
2025-05-20 03:45:55	7	44	8	4	1	0	7426367488	0	1197869	1391847	18454695936	16836567040	50812148907	19754115774
2025-05-20 03:45:56	7	44	8	4	1	0	7426551808	0	1197872	1391850	18454695936	16836567040	50812150840	19754115846
2025-05-20 03:45:58	7	44	8	4	1	0	7426736128	0	1197876	1391855	18454695936	16836567040	50812152781	19754115958
2025-05-20 03:45:59	7	44	8	4	1	0	7426924544	0	1197879	1391858	18454695936	16836567040	50812154714	19754116030
2025-05-20 03:46:00	7	44	8	4	1	0	7427100672	0	1197882	1391861	18454695936	16836567040	50812156647	19754116102
2025-05-20 03:46:01	7	44	8	4	1	0	7427284992	0	1197884	1391863	18454695936	16836567040	50812158572	19754116166
2025-05-20 03:46:02	7	44	8	4	1	0	7427469312	0	1197888	1391867	18454695936	16836567040	50812160513	19754116246
2025-05-20 03:46:03	7	44	8	4	1	0	7427649536	0	1197891	1391871	18454695936	16836567040	50812162444	19754116350
2025-05-20 03:46:04	7	44	8	4	1	0	7427825664	0	1197894	1391874	18454695936	16836567040	50812164374	19754116422
2025-05-20 03:46:05	7	44	8	4	1	0	7428014080	0	1197899	1391877	18454695936	16836567040	50812168230	19754116494
2025-05-20 03:46:06	7	44	8	4	1	0	7428190208	0	1197902	1391880	18454695936	16836567040	50812170162	19754116566
2025-05-20 03:46:07	7	44	8	4	1	0	7428390912	0	1197909	1391899	18454695936	16836567040	50812173023	19754118464
2025-05-20 03:46:08	7	44	8	4	1	0	7428395008	0	1197912	1391902	18454695936	16836567040	50812174955	19754118536
2025-05-20 03:46:10	7	44	8	4	1	0	7428395008	0	1197915	1391906	18454695936	16836567040	50812176888	19754118640
2025-05-20 03:46:11	7	44	8	4	1	0	7359569920	0	1201686	1411144	18458890240	16896114688	50874778846	19873197914
2025-05-20 03:46:12	7	44	8	4	1	0	7421566976	0	1203143	1411149	18471473152	16896114688	50886675623	19873198090
2025-05-20 03:46:13	7	44	8	4	1	0	7421747200	0	1203146	1411152	18471473152	16896114688	50886677555	19873198162
2025-05-20 03:46:14	7	44	8	4	1	0	7421935616	0	1203149	1411155	18471473152	16896114688	50886679487	19873198234
2025-05-20 03:46:15	7	44	8	4	1	0	7422124032	0	1203152	1411159	18471473152	16896114688	50886681420	19873198338
2025-05-20 03:46:16	7	44	8	4	1	0	7422300160	0	1203156	1411163	18471473152	16896114688	50886683361	19873198418
2025-05-20 03:46:17	7	44	8	4	1	0	7422488576	0	1203160	1411165	18471473152	16896114688	50886687211	19873198482
2025-05-20 03:46:18	7	44	8	4	1	0	7422672896	0	1203163	1411168	18471473152	16896114688	50886689144	19873198554
2025-05-20 03:46:19	7	44	8	4	1	0	7422861312	0	1203167	1411172	18471473152	16896114688	50886691085	19873198634
2025-05-20 03:46:21	7	44	8	4	1	0	7423008768	0	1203170	1411176	18471473152	16896114688	50886693018	19873198738
2025-05-20 03:46:22	7	44	8	4	1	0	7423090688	0	1203173	1411179	18471473152	16896114688	50886694951	19873198810
2025-05-20 03:46:23	7	44	8	4	1	0	7423131648	0	1203179	1411184	18471473152	16896114688	50886698817	19873198922
2025-05-20 03:46:25	7	44	8	4	1	0	7423152128	0	1203184	1411190	18471473152	16896114688	50886700766	19873199042
2025-05-20 03:46:26	7	44	8	4	1	0	7423303680	0	1203187	1411193	18471473152	16896114688	50886702699	19873199114
2025-05-20 03:46:27	7	44	8	4	1	0	7423488000	0	1203190	1411196	18471473152	16896114688	50886704632	19873199186
2025-05-20 03:46:28	7	44	8	4	1	0	7423668224	0	1203195	1411202	18471473152	16896114688	50886706581	19873199306
2025-05-20 03:46:29	7	44	8	4	1	0	7423852544	0	1203198	1411205	18471473152	16896114688	50886708514	19873199378
2025-05-20 03:46:30	7	44	8	4	1	0	7424045056	0	1203204	1411209	18471473152	16896114688	50886712380	19873199458
2025-05-20 03:46:31	7	44	8	4	1	0	7424221184	0	1203207	1411212	18471473152	16896114688	50886714313	19873199530
2025-05-20 03:46:32	7	44	8	4	1	0	7424397312	0	1203211	1411216	18471473152	16896114688	50886716254	19873199610
2025-05-20 03:46:33	7	44	8	4	1	0	7425515520	0	1203214	1411220	18471473152	16896118784	50886718187	19873199714
2025-05-20 03:46:35	7	44	8	4	1	0	7426691072	0	1203221	1411234	18471473152	16896118784	50886720747	19873201008
2025-05-20 03:46:36	7	44	8	4	1	0	7426691072	0	1203225	1411238	18471473152	16896118784	50886722688	19873201088
2025-05-20 03:46:37	7	44	8	4	1	0	7426691072	0	1203228	1411241	18471473152	16896118784	50886724621	19873201160
2025-05-20 03:46:38	7	44	8	4	1	0	7423512576	0	1208425	1430190	18484056064	16955600896	50961161863	19992165850
2025-05-20 03:46:39	7	44	8	4	1	0	7423713280	0	1208427	1430192	18484056064	16955600896	50961163788	19992165914
2025-05-20 03:46:40	7	44	8	4	1	0	7423918080	0	1208429	1430195	18484056064	16955600896	50961165713	19992166010
2025-05-20 03:46:41	7	44	8	4	1	0	7424114688	0	1208432	1430198	18484056064	16955604992	50961167646	19992166082
2025-05-20 03:46:42	7	44	8	4	1	0	7424307200	0	1208435	1430201	18484056064	16955609088	50961169578	19992166154
2025-05-20 03:46:43	7	44	8	4	1	0	7424491520	0	1208440	1430204	18484056064	16955609088	50961173435	19992166226
2025-05-20 03:46:44	7	44	8	4	1	0	7424671744	0	1208443	1430207	18484056064	16955609088	50961175368	19992166298
2025-05-20 03:46:45	7	44	8	4	1	0	7424856064	0	1208447	1430212	18484056064	16955609088	50961177309	19992166410
2025-05-20 03:46:47	7	44	8	4	1	0	7425036288	0	1208451	1430216	18484056064	16955609088	50961179250	19992166490
2025-05-20 03:46:48	7	44	8	4	1	0	7425224704	0	1208454	1430219	18484056064	16955609088	50961181183	19992166562
2025-05-20 03:46:49	7	44	8	4	1	0	7425400832	0	1208457	1430222	18484056064	16955609088	50961183115	19992166634
2025-05-20 03:46:50	7	44	8	4	1	0	7425589248	0	1208460	1430225	18484056064	16955609088	50961185047	19992166706
2025-05-20 03:46:51	7	44	8	4	1	0	7425769472	0	1208463	1430228	18484056064	16955609088	50961186980	19992166778
2025-05-20 03:46:52	7	44	8	4	1	0	7425949696	0	1208467	1430233	18484056064	16955609088	50961188921	19992166890
2025-05-20 03:46:53	7	44	8	4	1	0	7426125824	0	1208469	1430235	18484056064	16955609088	50961190846	19992166954
2025-05-20 03:46:54	7	44	8	4	1	0	7426310144	0	1208471	1430237	18484056064	16955609088	50961192771	19992167018
2025-05-20 03:46:55	7	44	8	4	1	0	7426490368	0	1208476	1430240	18484056064	16955609088	50961196629	19992167090
2025-05-20 03:46:56	7	44	8	4	1	0	7426682880	0	1208478	1430242	18484056064	16955609088	50961198554	19992167154
2025-05-20 03:46:57	7	44	8	4	1	0	7426756608	0	1208485	1430256	18484056064	16955617280	50961201114	19992168448
2025-05-20 03:46:59	7	44	8	4	1	0	7426756608	0	1208487	1430259	18484056064	16955617280	50961203039	19992168544
2025-05-20 03:47:00	7	44	8	4	1	0	7426756608	0	1208490	1430262	18484056064	16955617280	50961204972	19992168616
2025-05-20 03:47:01	7	44	8	4	1	0	7420657664	0	1214288	1449989	18500833280	17015128064	51035636093	20111190650
2025-05-20 03:47:02	7	44	8	4	1	0	7420837888	0	1214292	1449993	18500833280	17015128064	51035638033	20111190730
2025-05-20 03:47:03	7	44	8	4	1	0	7421014016	0	1214294	1449995	18500833280	17015128064	51035639958	20111190794
2025-05-20 03:47:04	7	44	8	4	1	0	7421169664	0	1214297	1449999	18500833280	17015128064	51035641891	20111190898
2025-05-20 03:47:05	7	44	8	4	1	0	7421288448	0	1214299	1450001	18500833280	17015128064	51035643816	20111190962
2025-05-20 03:47:06	7	44	8	4	1	0	7421390848	0	1214303	1450003	18500833280	17015128064	51035647666	20111191026
2025-05-20 03:47:07	7	44	8	4	1	0	7421526016	0	1214305	1450006	18500833280	17015128064	51035649591	20111191122
2025-05-20 03:47:09	7	44	8	4	1	0	7421698048	0	1214308	1450009	18500833280	17015128064	51035651524	20111191194
2025-05-20 03:47:10	7	44	8	4	1	0	7421890560	0	1214313	1450014	18500833280	17015128064	51035653473	20111191282
2025-05-20 03:47:11	7	44	8	4	1	0	7422066688	0	1214316	1450017	18500833280	17015128064	51035655406	20111191354
2025-05-20 03:47:12	7	44	8	4	1	0	7422246912	0	1214318	1450019	18500833280	17015128064	51035657331	20111191418
2025-05-20 03:47:13	7	44	8	4	1	0	7422427136	0	1214321	1450022	18500833280	17015128064	51035659264	20111191490
2025-05-20 03:47:14	7	44	8	4	1	0	7422603264	0	1214324	1450026	18500833280	17015132160	51035661197	20111191594
2025-05-20 03:47:15	7	44	8	4	1	0	7422787584	0	1214327	1450029	18500833280	17015132160	51035663130	20111191666
2025-05-20 03:47:16	7	44	8	4	1	0	7422967808	0	1214330	1450032	18500833280	17015132160	51035665063	20111191738
2025-05-20 03:47:17	7	44	8	4	1	0	7423143936	0	1214332	1450034	18500833280	17015132160	51035666988	20111191802
2025-05-20 03:47:18	7	44	8	4	1	0	7423336448	0	1214337	1450037	18500833280	17015132160	51035670846	20111191874
2025-05-20 03:47:19	7	44	8	4	1	0	7423524864	0	1214341	1450041	18500833280	17015132160	51035672787	20111191954
2025-05-20 03:47:21	7	44	8	4	1	0	7426572288	0	1214345	1450046	18500833280	17015132160	51035674728	20111192066
2025-05-20 03:47:22	7	44	8	4	1	0	7429132288	0	1214353	1450065	18500833280	17015132160	51035677589	20111193954
2025-05-20 03:47:23	7	44	8	4	1	0	7429210112	0	1214356	1450068	18500833280	17015132160	51035679522	20111194026
2025-05-20 03:47:24	7	44	8	4	1	0	7429210112	0	1214358	1450070	18500833280	17015132160	51035681447	20111194090
2025-05-20 03:47:25	7	44	8	4	1	0	7429210112	0	1214360	1450073	18500833280	17015132160	51035683372	20111194186
2025-05-20 03:47:26	7	44	8	4	1	0	7429210112	0	1214366	1450078	18500833280	17015132160	51035687238	20111194298
2025-05-20 03:47:28	7	44	8	4	1	0	7429210112	0	1214369	1450082	18500833280	17015132160	51035689171	20111194402
2025-05-20 03:47:29	7	44	8	4	1	0	7414927360	0	1218920	1469659	18505027584	17074663424	51100564965	20230257284
2025-05-20 03:47:31	7	44	8	4	1	0	7426142208	0	1220086	1469664	18513416192	17074663424	51110086053	20230257484
2025-05-20 03:47:32	7	44	8	4	1	0	7426465792	0	1220088	1469666	18513416192	17074663424	51110087978	20230257548
2025-05-20 03:47:33	7	44	8	4	1	0	7426646016	0	1220090	1469668	18513416192	17074663424	51110089903	20230257612
2025-05-20 03:47:34	7	44	8	4	1	0	7426830336	0	1220092	1469670	18513416192	17074663424	51110091828	20230257676
2025-05-20 03:47:35	7	44	8	4	1	0	7427010560	0	1220095	1469673	18513416192	17074663424	51110093761	20230257748
2025-05-20 03:47:36	7	44	8	4	1	0	7427198976	0	1220097	1469676	18513416192	17074663424	51110095686	20230257844
2025-05-20 03:47:37	7	44	8	4	1	0	7427379200	0	1220099	1469678	18513416192	17074667520	51110097611	20230257908
2025-05-20 03:47:38	7	44	8	4	1	0	7427584000	0	1220102	1469681	18513416192	17074667520	51110099544	20230257980
2025-05-20 03:47:39	7	44	8	4	1	0	7427768320	0	1220106	1469685	18513416192	17074667520	51110101485	20230258060
2025-05-20 03:47:40	7	44	8	4	1	0	7427956736	0	1220109	1469688	18513416192	17074667520	51110103418	20230258132
2025-05-20 03:47:41	7	44	8	4	1	0	7428136960	0	1220115	1469692	18513416192	17074667520	51110107283	20230258212
2025-05-20 03:47:43	7	44	8	4	1	0	7428317184	0	1220118	1469696	18513416192	17074667520	51110109215	20230258316
2025-05-20 03:47:44	7	44	8	4	1	0	7428501504	0	1220121	1469699	18513416192	17074667520	51110111148	20230258388
2025-05-20 03:47:45	7	44	8	4	1	0	7428685824	0	1220124	1469702	18513416192	17074667520	51110113080	20230258460
2025-05-20 03:47:46	7	44	8	4	1	0	7428866048	0	1220128	1469706	18513416192	17074667520	51110115020	20230258540
2025-05-20 03:47:47	7	44	8	4	1	0	7429054464	0	1220130	1469708	18513416192	17074667520	51110116945	20230258604
2025-05-20 03:47:48	7	44	8	4	1	0	7429234688	0	1220133	1469711	18513416192	17074671616	51110118878	20230258676
2025-05-20 03:47:49	7	44	8	4	1	0	7429423104	0	1220139	1469725	18513416192	17074675712	51110121429	20230259992
2025-05-20 03:47:50	7	44	8	4	1	0	7429423104	0	1220141	1469727	18513416192	17074675712	51110123354	20230260056
2025-05-20 03:47:51	7	44	8	4	1	0	7429423104	0	1220144	1469730	18513416192	17074675712	51110125286	20230260128
2025-05-20 03:47:52	7	44	8	4	1	0	7412187136	0	1225347	1488881	18530209792	17134182400	51184047955	20349273858
2025-05-20 03:47:53	7	44	8	4	1	0	7420272640	0	1225410	1488887	18530209792	17134182400	51184502441	20349274042
2025-05-20 03:47:55	7	44	8	4	1	0	7420456960	0	1225412	1488890	18530209792	17134182400	51184504366	20349274138
2025-05-20 03:47:56	7	44	8	4	1	0	7420645376	0	1225415	1488893	18530209792	17134182400	51184506299	20349274210
2025-05-20 03:47:57	7	44	8	4	1	0	7420809216	0	1225418	1488896	18530209792	17134182400	51184508232	20349274282
2025-05-20 03:47:58	7	44	8	4	1	0	7420919808	0	1225421	1488899	18530209792	17134182400	51184510165	20349274354
2025-05-20 03:47:59	7	44	8	4	1	0	7420973056	0	1225424	1488903	18530209792	17134182400	51184512098	20349274458
2025-05-20 03:48:01	7	44	8	4	1	0	7421022208	0	1225430	1488908	18530209792	17134182400	51184515964	20349274570
2025-05-20 03:48:02	7	44	8	4	1	0	7421132800	0	1225433	1488912	18530209792	17134182400	51184517897	20349274674
2025-05-20 03:48:03	7	44	8	4	1	0	7421313024	0	1225435	1488914	18530209792	17134182400	51184519820	20349274738
2025-05-20 03:48:04	7	44	8	4	1	0	7421497344	0	1225437	1488916	18530209792	17134182400	51184521742	20349274802
2025-05-20 03:48:05	7	44	8	4	1	0	7421673472	0	1225439	1488918	18530209792	17134182400	51184523666	20349274866
2025-05-20 03:48:06	7	44	8	4	1	0	7421861888	0	1225443	1488920	18530209792	17134182400	51184527516	20349274930
2025-05-20 03:48:08	7	44	8	4	1	0	7422046208	0	1225446	1488924	18530209792	17134182400	51184529449	20349275034
2025-05-20 03:48:09	7	44	8	4	1	0	7422234624	0	1225448	1488926	18530209792	17134182400	51184531373	20349275098
2025-05-20 03:48:10	7	44	8	4	1	0	7422418944	0	1225450	1488928	18530209792	17134182400	51184533296	20349275162
2025-05-20 03:48:11	7	44	8	4	1	0	7422607360	0	1225453	1488931	18530209792	17134182400	51184535228	20349275234
2025-05-20 03:48:12	7	44	8	4	1	0	7422791680	0	1225458	1488936	18530209792	17134182400	51184537177	20349275322
2025-05-20 03:48:13	7	44	8	4	1	0	7422980096	0	1225461	1488940	18530209792	17134182400	51184539110	20349275426
2025-05-20 03:48:14	7	44	8	4	1	0	7423160320	0	1225465	1488944	18530209792	17134182400	51184541051	20349275506
2025-05-20 03:48:15	7	44	8	4	1	0	7423987712	0	1225472	1488958	18530209792	17134182400	51184543610	20349276798
2025-05-20 03:48:16	7	44	8	4	1	0	7423987712	0	1225475	1488961	18530209792	17134182400	51184545543	20349276870
2025-05-20 03:48:17	7	44	8	4	1	0	7423987712	0	1225478	1488964	18530209792	17134182400	51184547476	20349276942
2025-05-20 03:48:18	7	44	8	4	1	0	7409692672	0	1230740	1508361	18542792704	17193701376	51258351139	20468307056
2025-05-20 03:48:20	7	44	8	4	1	0	7420911616	0	1230823	1508368	18542792704	17193701376	51258983920	20468307272
2025-05-20 03:48:21	7	44	8	4	1	0	7421100032	0	1230828	1508373	18542792704	17193701376	51258985869	20468307360
2025-05-20 03:48:22	7	44	8	4	1	0	7421288448	0	1230831	1508376	18542792704	17193701376	51258987801	20468307432
2025-05-20 03:48:23	7	44	8	4	1	0	7421464576	0	1230834	1508379	18542792704	17193701376	51258989733	20468307504
2025-05-20 03:48:24	7	44	8	4	1	0	7421632512	0	1230836	1508381	18542792704	17193701376	51258991657	20468307568
2025-05-20 03:48:25	7	44	8	4	1	0	7421792256	0	1230838	1508384	18542792704	17193701376	51258993581	20468307664
2025-05-20 03:48:26	7	44	8	4	1	0	7421972480	0	1230841	1508387	18542792704	17193701376	51258995514	20468307736
2025-05-20 03:48:27	7	44	8	4	1	0	7422148608	0	1230844	1508390	18542792704	17193701376	51258997447	20468307808
2025-05-20 03:48:28	7	44	8	4	1	0	7422328832	0	1230846	1508392	18542792704	17193701376	51258999372	20468307872
2025-05-20 03:48:30	7	44	8	4	1	0	7422500864	0	1230852	1508397	18542792704	17193701376	51259003238	20468307984
2025-05-20 03:48:31	7	44	8	4	1	0	7422709760	0	1230855	1508400	18542792704	17193701376	51259005171	20468308056
2025-05-20 03:48:32	7	44	8	4	1	0	7422881792	0	1230857	1508402	18542792704	17193701376	51259007096	20468308120
2025-05-20 03:48:33	7	44	8	4	1	0	7423053824	0	1230860	1508405	18542792704	17193701376	51259009029	20468308192
2025-05-20 03:48:34	7	44	8	4	1	0	7423242240	0	1230863	1508409	18542792704	17193701376	51259010962	20468308296
2025-05-20 03:48:35	7	44	8	4	1	0	7423418368	0	1230866	1508412	18542792704	17193701376	51259012894	20468308368
2025-05-20 03:48:36	7	44	8	4	1	0	7423590400	0	1230868	1508414	18542792704	17193701376	51259014818	20468308432
2025-05-20 03:48:37	7	44	8	4	1	0	7423778816	0	1230870	1508416	18542792704	17193701376	51259016743	20468308496
2025-05-20 03:48:38	7	44	8	4	1	0	7424294912	0	1230873	1508419	18542792704	17193701376	51259018676	20468308568
2025-05-20 03:48:39	7	44	8	4	1	0	7426469888	0	1230881	1508435	18542792704	17193705472	51259021243	20468309900
2025-05-20 03:48:41	7	44	8	4	1	0	7426469888	0	1230886	1508438	18542792704	17193705472	51259025101	20468309972
2025-05-20 03:48:42	7	44	8	4	1	0	7426469888	0	1230889	1508441	18542792704	17193709568	51259027034	20468310044
2025-05-20 03:48:43	7	44	8	4	1	0	7423262720	0	1236131	1527677	18559569920	17253179392	51333470692	20587250166
2025-05-20 03:48:44	7	44	8	4	1	0	7423488000	0	1236135	1527681	18559569920	17253179392	51333472633	20587250246
2025-05-20 03:48:45	7	44	8	4	1	0	7423709184	0	1236139	1527685	18559569920	17253179392	51333474574	20587250326
2025-05-20 03:48:46	7	44	8	4	1	0	7423864832	0	1236141	1527688	18559569920	17253179392	51333476499	20587250422
2025-05-20 03:48:47	7	44	8	4	1	0	7423971328	0	1236143	1527690	18559569920	17253179392	51333478424	20587250486
2025-05-20 03:48:48	7	44	8	4	1	0	7424069632	0	1236145	1527692	18559569920	17253183488	51333480349	20587250550
2025-05-20 03:48:50	7	44	8	4	1	0	7424258048	0	1236147	1527695	18559569920	17253183488	51333482274	20587250646
2025-05-20 03:48:51	7	44	8	4	1	0	7424442368	0	1236154	1527700	18559569920	17253183488	51333486146	20587250734
2025-05-20 03:48:52	7	44	8	4	1	0	7424622592	0	1236157	1527703	18559569920	17253183488	51333488079	20587250806
2025-05-20 03:48:53	7	44	8	4	1	0	7424811008	0	1236160	1527706	18559569920	17253183488	51333490012	20587250878
2025-05-20 03:48:54	7	44	8	4	1	0	7424999424	0	1236163	1527709	18559569920	17253183488	51333491945	20587250950
2025-05-20 03:48:55	7	44	8	4	1	0	7425179648	0	1236165	1527711	18559569920	17253183488	51333493870	20587251014
2025-05-20 03:48:56	7	44	8	4	1	0	7425363968	0	1236167	1527714	18559569920	17253183488	51333495795	20587251110
2025-05-20 03:48:57	7	44	8	4	1	0	7425540096	0	1236169	1527716	18559569920	17253183488	51333497720	20587251174
2025-05-20 03:48:58	7	44	8	4	1	0	7425720320	0	1236173	1527720	18559569920	17253183488	51333499660	20587251254
2025-05-20 03:48:59	7	44	8	4	1	0	7425904640	0	1236176	1527723	18559569920	17253183488	51333501592	20587251326
2025-05-20 03:49:00	7	44	8	4	1	0	7426088960	0	1236178	1527725	18559569920	17253183488	51333503517	20587251390
2025-05-20 03:49:01	7	44	8	4	1	0	7426273280	0	1236183	1527731	18559569920	17253183488	51333505466	20587251510
2025-05-20 03:49:03	7	44	8	4	1	0	7426449408	0	1236187	1527733	18559569920	17253183488	51333509316	20587251574
2025-05-20 03:49:04	7	44	8	4	1	0	7428513792	0	1236193	1527746	18559569920	17253187584	51333511867	20587252858
2025-05-20 03:49:05	7	44	8	4	1	0	7428513792	0	1236195	1527748	18559569920	17253187584	51333513792	20587252922
2025-05-20 03:49:06	7	44	8	4	1	0	7428513792	0	1236197	1527750	18559569920	17253187584	51333515717	20587252986
2025-05-20 03:49:07	7	44	8	4	1	0	7414194176	0	1239885	1546632	18563764224	17312702464	51396368827	20706283108
2025-05-20 03:49:08	7	44	8	4	1	0	7425413120	0	1241309	1546637	18570342400	17312702464	51408003452	20706283308
2025-05-20 03:49:09	7	44	8	4	1	0	7425617920	0	1241312	1546640	18570342400	17312702464	51408005385	20706283380
2025-05-20 03:49:10	7	44	8	4	1	0	7425806336	0	1241314	1546642	18570342400	17312702464	51408007310	20706283444
2025-05-20 03:49:11	7	44	8	4	1	0	7425998848	0	1241318	1546646	18570342400	17312702464	51408009251	20706283524
2025-05-20 03:49:12	7	44	8	4	1	0	7426179072	0	1241320	1546648	18570342400	17312702464	51408011176	20706283588
2025-05-20 03:49:14	7	44	8	4	1	0	7426359296	0	1241322	1546651	18570342400	17312702464	51408013101	20706283684
2025-05-20 03:49:15	7	44	8	4	1	0	7426547712	0	1241326	1546653	18570342400	17312702464	51408016950	20706283748
2025-05-20 03:49:16	7	44	8	4	1	0	7426772992	0	1241328	1546655	18570342400	17312702464	51408018874	20706283812
2025-05-20 03:49:17	7	44	8	4	1	0	7426953216	0	1241330	1546657	18570342400	17312702464	51408020799	20706283876
2025-05-20 03:49:18	7	44	8	4	1	0	7427145728	0	1241332	1546659	18570342400	17312702464	51408022724	20706283940
2025-05-20 03:49:19	7	44	8	4	1	0	7427338240	0	1241334	1546661	18570342400	17312702464	51408024649	20706284004
2025-05-20 03:49:20	7	44	8	4	1	0	7427543040	0	1241336	1546664	18570342400	17312706560	51408026574	20706284100
2025-05-20 03:49:21	7	44	8	4	1	0	7427739648	0	1241339	1546667	18570342400	17312706560	51408028507	20706284172
2025-05-20 03:49:22	7	44	8	4	1	0	7427928064	0	1241342	1546670	18570342400	17312706560	51408030440	20706284244
2025-05-20 03:49:23	7	44	8	4	1	0	7428128768	0	1241344	1546672	18570342400	17312706560	51408032365	20706284308
2025-05-20 03:49:24	7	44	8	4	1	0	7428325376	0	1241346	1546674	18570342400	17312706560	51408034290	20706284372
2025-05-20 03:49:25	7	44	8	4	1	0	7428513792	0	1241349	1546678	18570342400	17312706560	51408036223	20706284476
2025-05-20 03:49:27	7	44	8	4	1	0	7429148672	0	1241357	1546691	18570342400	17312710656	51408040700	20706285762
2025-05-20 03:49:28	7	44	8	4	1	0	7429148672	0	1241359	1546693	18570342400	17312710656	51408042625	20706285826
2025-05-20 03:49:29	7	44	8	4	1	0	7429148672	0	1241361	1546695	18570342400	17312710656	51408044550	20706285890
2025-05-20 03:49:30	7	44	8	4	1	0	7361118208	0	1244952	1565636	18570342400	17372246016	51469362091	20825356964
2025-05-20 03:49:31	7	44	8	4	1	0	7371345920	0	1245107	1565641	18570342400	17372246016	51470589641	20825357160
2025-05-20 03:49:32	7	44	8	4	1	0	7371509760	0	1245109	1565643	18570342400	17372246016	51470591566	20825357224
2025-05-20 03:49:33	7	44	8	4	1	0	7371669504	0	1245112	1565646	18570342400	17372246016	51470593499	20825357296
2025-05-20 03:49:34	7	44	8	4	1	0	7371780096	0	1245114	1565648	18570342400	17372246016	51470595423	20825357360
2025-05-20 03:49:36	7	44	8	4	1	0	7371866112	0	1245116	1565651	18570342400	17372246016	51470597347	20825357456
2025-05-20 03:49:37	7	44	8	4	1	0	7371988992	0	1245120	1565653	18570342400	17372246016	51470601197	20825357520
2025-05-20 03:49:38	7	44	8	4	1	0	7372173312	0	1245123	1565656	18570342400	17372246016	51470603129	20825357592
2025-05-20 03:49:39	7	44	8	4	1	0	7372361728	0	1245125	1565658	18570342400	17372246016	51470605053	20825357656
2025-05-20 03:49:40	7	44	8	4	1	0	7372550144	0	1245127	1565661	18570342400	17372246016	51470606977	20825357752
2025-05-20 03:49:41	7	44	8	4	1	0	7372730368	0	1245129	1565663	18570342400	17372246016	51470608901	20825357816
2025-05-20 03:49:42	7	44	8	4	1	0	7372931072	0	1245131	1565665	18570342400	17372246016	51470610826	20825357880
2025-05-20 03:49:43	7	44	8	4	1	0	7373119488	0	1245133	1565667	18570342400	17372246016	51470612751	20825357944
2025-05-20 03:49:44	7	44	8	4	1	0	7373303808	0	1245135	1565669	18570342400	17372246016	51470614676	20825358008
2025-05-20 03:49:45	7	44	8	4	1	0	7373492224	0	1245137	1565671	18570342400	17372250112	51470616601	20825358072
2025-05-20 03:49:47	7	44	8	4	1	0	7373680640	0	1245139	1565674	18570342400	17372250112	51470618526	20825358168
2025-05-20 03:49:48	7	44	8	4	1	0	7373869056	0	1245144	1565677	18570342400	17372250112	51470622384	20825358240
2025-05-20 03:49:49	7	44	8	4	1	0	7374057472	0	1245146	1565679	18570342400	17372250112	51470624309	20825358304
2025-05-20 03:49:50	7	44	8	4	1	0	7374245888	0	1245149	1565682	18570342400	17372254208	51470626242	20825358376
2025-05-20 03:49:51	7	44	8	4	1	0	7374413824	0	1245151	1565684	18570342400	17372254208	51470628167	20825358440
2025-05-20 03:49:52	7	44	8	4	1	0	7374475264	0	1245158	1565699	18570342400	17372254208	51470630726	20825359766
2025-05-20 03:49:53	7	44	8	4	1	0	7374475264	0	1245161	1565702	18570342400	17372254208	51470632658	20825359838
2025-05-20 03:49:54	7	44	8	4	1	0	7374475264	0	1245163	1565704	18570342400	17372254208	51470634583	20825359902
2025-05-20 03:49:55	7	43	8	4	1	0	7353536512	0	1249322	1585298	18570342400	17431781376	51530200188	20944406398
2025-05-20 03:49:56	7	43	8	4	1	0	7353720832	0	1249325	1585301	18570342400	17431781376	51530202121	20944406470
2025-05-20 03:49:57	7	43	8	4	1	0	7353901056	0	1249328	1585304	18570342400	17431781376	51530204054	20944406542
2025-05-20 03:49:59	7	43	8	4	1	0	7352459264	0	1249334	1585318	18570342400	17431785472	51530206606	20944407858
2025-05-20 03:50:00	4	14	8	4	1	0	1657909248	0	1138056	723559	12196532224	17443323904	45652663353	17444804966
2025-05-20 03:50:01	4	14	8	4	1	0	1657909248	0	1139152	723559	12196532224	17443323904	46801902649	17444804966
2025-05-20 03:50:02	4	14	8	4	1	0	1644412928	0	1140008	723559	12196532224	17443323904	47699483705	17444804966
2025-05-20 03:50:03	4	14	8	4	1	0	1644412928	0	1140877	723559	12196532224	17443323904	48610696249	17444804966
2025-05-20 03:50:04	6	27	8	4	1	0	1751314432	0	1141909	723586	12213080064	17443397632	48748848696	17444820318
2025-05-20 03:50:05	7	38	8	4	1	0	1821884416	0	1142822	723592	12213080064	17443418112	48805948826	17444820668
2025-05-20 03:50:06	7	38	8	4	1	0	1856577536	0	1143193	723594	12213080064	17443418112	48830133485	17444820728
2025-05-20 03:50:08	7	38	8	4	1	0	1886507008	0	1143538	723600	12213080064	17443418112	48852417624	17444820842
2025-05-20 03:50:09	7	38	8	4	1	0	1919344640	0	1143913	723604	12213080064	17443418112	48876669702	17444820940
2025-05-20 03:50:10	7	38	8	4	1	0	2066681856	0	1145538	723608	12213080064	17443418112	48982905449	17444821016
2025-05-20 03:50:11	7	38	8	4	1	0	2320674816	0	1148322	723611	12213080064	17443418112	49165162949	17444821084
2025-05-20 03:50:12	7	38	8	4	1	0	2579673088	0	1151256	723614	12213080064	17443418112	49357250849	17444821152
2025-05-20 03:50:13	7	38	8	4	1	0	2836508672	0	1154168	723618	12213080064	17443418112	49547831432	17444821228
2025-05-20 03:50:14	7	38	8	4	1	0	3101741056	0	1156983	723621	12213080064	17443418112	49732120552	17444821296
2025-05-20 03:50:15	7	38	8	4	1	0	3317895168	0	1159432	723624	12213080064	17443418112	49892423497	17444821364
2025-05-20 03:50:16	7	38	8	4	1	0	3472666624	0	1161188	723629	12213080064	17443418112	50007244468	17444821470
2025-05-20 03:50:18	7	38	8	4	1	0	3583913984	0	1162451	723633	12213080064	17443418112	50089756193	17444821546
2025-05-20 03:50:19	7	38	8	4	1	0	3671109632	0	1163440	723635	12213080064	17443418112	50154442110	17444821606
2025-05-20 03:50:20	7	38	8	4	1	0	3743158272	0	1164258	723637	12213080064	17443418112	50207921371	17444821666
2025-05-20 03:50:21	7	38	8	4	1	0	3809271808	0	1165012	723643	12213080064	17443418112	50256880557	17444821780
2025-05-20 03:50:22	7	38	8	4	1	0	3926196224	0	1166339	723646	12213080064	17443418112	50343652114	17444821848
2025-05-20 03:50:23	7	38	8	4	1	0	4147224576	0	1168845	723649	12213080064	17443418112	50507690615	17444821916
2025-05-20 03:50:24	7	38	8	4	1	0	4436934656	0	1171748	723652	12213080064	17443418112	50697746908	17444821984
2025-05-20 03:50:25	7	38	8	4	1	0	4696088576	0	1174684	723655	12213080064	17443418112	50889965889	17444822052
2025-05-20 03:50:26	7	38	8	4	1	0	4955488256	0	1177624	723660	12213080064	17443418112	51082381486	17444822158
2025-05-20 03:50:28	7	38	8	4	1	0	5212446720	0	1180537	723664	12213080064	17443418112	51273027611	17444822236
2025-05-20 03:50:29	7	38	8	4	1	0	5468459008	0	1183439	723668	12213080064	17443418112	51462952840	17444822316
2025-05-20 03:50:30	7	38	8	4	1	0	5696487424	0	1186024	723671	12213080064	17443418112	51632168685	17444822388
2025-05-20 03:50:31	7	38	8	4	1	0	5869367296	0	1187984	723674	12213080064	17443418112	51760424530	17444822460
2025-05-20 03:50:32	7	38	8	4	1	0	5989941248	0	1189352	723677	12213080064	17443418112	51849883064	17444822532
2025-05-20 03:50:33	7	38	8	4	1	0	6075367424	0	1190325	723684	12213080064	17443418112	51913258293	17444822660
2025-05-20 03:50:34	7	38	8	4	1	0	6124052480	0	1190881	723687	12213080064	17443418112	51949372404	17444822732
2025-05-20 03:50:36	7	38	8	4	1	0	6154194944	0	1191227	723693	12213080064	17443418112	51971722085	17444822852
2025-05-20 03:50:37	7	38	8	4	1	0	6193135616	0	1191675	723699	12213080064	17443422208	52000627248	17444822972
2025-05-20 03:50:38	7	38	8	4	1	0	6342774784	0	1193373	723703	12213080064	17443422208	52111647130	17444823052
2025-05-20 03:50:39	7	38	8	4	1	0	6547587072	0	1194968	723706	12213080064	17443422208	52215851502	17444823124
2025-05-20 03:50:40	7	38	8	4	1	0	6547591168	0	1194972	723711	12213080064	17443422208	52215853400	17444823236
2025-05-20 03:50:42	7	38	8	4	1	0	6547591168	0	1194975	723714	12213080064	17443422208	52215855290	17444823308
2025-05-20 03:50:43	7	38	8	4	1	0	6547611648	0	1194978	723717	12213080064	17443422208	52215857180	17444823380
2025-05-20 03:50:44	7	45	8	4	1	0	6559756288	0	1194981	723720	12213080064	17443422208	52215859070	17444823452
2025-05-20 03:50:45	7	45	8	4	1	0	6620250112	0	1194985	723723	12213080064	17443422208	52215860962	17444823524
2025-05-20 03:50:46	7	45	8	4	1	0	6620262400	0	1194988	727822	12213080064	17494663168	52215862863	17496064178
2025-05-20 03:50:47	7	45	8	4	1	0	6620135424	0	1194991	731922	12213080064	17545687040	52215864764	17547085293
2025-05-20 03:50:48	7	45	8	4	1	0	6620291072	0	1194997	736022	12213080064	17596289024	52215868572	17597688574
2025-05-20 03:50:49	7	45	8	4	1	0	6620164096	0	1195000	740121	12213080064	17647149056	52215870476	17648549314
2025-05-20 03:50:50	7	45	8	4	1	0	6620307456	0	1195003	740124	12213080064	17647149056	52215872380	17648549386
2025-05-20 03:50:51	7	45	8	4	1	0	6620327936	0	1195006	744224	12213080064	17697927168	52215874292	17699326577
2025-05-20 03:50:53	7	45	8	4	1	0	6620344320	0	1195009	748323	12213080064	17748328448	52215876204	17749728575
2025-05-20 03:50:54	7	45	8	4	1	0	6620352512	0	1195013	752423	12213080064	17798864896	52215878126	17800263760
2025-05-20 03:50:55	7	45	8	4	1	0	6620180480	0	1195016	756522	12213080064	17849532416	52215880042	17850932025
2025-05-20 03:50:56	7	45	8	4	1	0	6620385280	0	1195020	756527	12213080064	17849532416	52215881967	17850932137
2025-05-20 03:50:57	7	45	8	4	1	0	6620336128	0	1195026	760627	12213080064	17900515328	52215885802	17901916775
2025-05-20 03:50:58	7	45	8	4	1	0	6620352512	0	1195030	764727	12213080064	17951170560	52215887727	17952571287
2025-05-20 03:50:59	7	45	8	4	1	0	6620311552	0	1195034	768827	12213080064	18002046976	52215889653	18003445708
2025-05-20 03:51:01	7	45	8	4	1	0	6620471296	0	1195039	768833	12213080064	18002046976	52215891587	18003445828
2025-05-20 03:51:02	7	45	8	4	1	0	6620491776	0	1195043	772933	12213080064	18053431296	52215893512	18054833864
2025-05-20 03:51:03	7	45	8	4	1	0	6620520448	0	1195047	777033	12213080064	18104508416	52215895437	18105907976
2025-05-20 03:51:04	7	45	8	4	1	0	6620250112	0	1195052	777039	12213080064	18104508416	52215897371	18105908096
2025-05-20 03:51:05	7	45	8	4	1	0	6620565504	0	1195056	781139	12213080064	18155548672	52215899297	18156951151
2025-05-20 03:51:06	7	45	8	4	1	0	6620581888	0	1195063	785240	12213080064	18206302208	52215903141	18207703057
2025-05-20 03:51:07	7	45	8	4	1	0	6620598272	0	1195066	789339	12213080064	18256584704	52215905059	18257979961
2025-05-20 03:51:08	7	45	8	4	1	0	6620610560	0	1195070	789344	12213080064	18256584704	52215906993	18257980073
2025-05-20 03:51:10	7	45	8	4	1	0	6620618752	0	1195074	793444	12213080064	18308210688	52215908927	18309602931
2025-05-20 03:51:11	7	45	8	4	1	0	6621138944	0	1195078	797544	12213080064	18360000512	52215910861	18361392487
2025-05-20 03:51:12	7	45	8	4	1	0	6621011968	0	1195081	801643	12213080064	18410901504	52215912787	18412294632
2025-05-20 03:51:13	7	45	8	4	1	0	6621089792	0	1195084	801647	12213080064	18410901504	52215914713	18412294736
2025-05-20 03:51:14	7	45	8	4	1	0	6621093888	0	1195086	805745	12213080064	18456076288	52215916631	18457468711
2025-05-20 03:51:15	7	38	8	4	1	0	6620028928	0	1195092	809164	12213088256	18492428288	52215920475	18492624757
2025-05-20 03:51:16	7	38	8	4	1	0	6620028928	0	1195095	809167	12213088256	18492428288	52215922393	18492624829
2025-05-20 03:51:17	7	38	8	4	1	0	6552915968	0	1195098	809170	12213088256	18492428288	52215924311	18492624901
2025-05-20 03:51:18	4	14	8	4	1	0	1644445696	0	1141197	723582	12350652416	17443401728	48877054762	17444810413
2025-05-20 03:51:20	7	44	8	4	1	0	1713070080	0	1147575	727948	12395282432	17444253696	49749071667	17444936335
2025-05-20 03:51:21	8	61	8	4	1	0	2055524352	0	1152412	728139	12431630336	17444909056	49767851034	17445573897
2025-05-20 03:51:22	8	59	8	4	1	0	2184904704	0	1156875	728142	12431630336	17444913152	49823199906	17445573965
2025-05-20 03:51:23	8	59	8	4	1	0	2237329408	0	1178784	728147	12431630336	17444958208	49877163896	17445615134
2025-05-20 03:51:24	8	59	8	4	1	0	2293608448	0	1207766	728157	12431630336	17445015552	49932892753	17445672974
2025-05-20 03:51:25	8	59	8	4	1	0	2300596224	0	1243526	728162	12431630336	17445089280	49991879314	17445745541
2025-05-20 03:51:26	8	60	8	4	1	0	2319589376	0	1247934	728172	12431630336	17445105664	50045983915	17445746167
2025-05-20 03:51:27	8	60	8	4	1	0	2320822272	0	1286836	728175	12431630336	17445187584	50096358330	17445827625
2025-05-20 03:51:28	8	60	8	4	1	0	2321068032	0	1331943	728180	12431630336	17445421056	50128669256	17446058230
2025-05-20 03:51:29	8	60	8	4	1	0	2321268736	0	1332945	728183	12431630336	17445421056	50140861386	17446058320
2025-05-20 03:51:31	8	60	8	4	1	0	2317021184	0	1333501	728187	12431630336	17445421056	50147644642	17446058396
2025-05-20 03:51:32	8	60	8	4	1	0	2317058048	0	1334002	728200	12431630336	17445421056	50153708747	17446059062
2025-05-20 03:51:34	8	60	8	4	1	0	2317844480	0	1334531	728203	12431630336	17445421056	50160130146	17446059130
2025-05-20 03:51:35	8	60	8	4	1	0	2317914112	0	1335081	728208	12431630336	17445421056	50166873381	17446059236
2025-05-20 03:51:36	8	60	8	4	1	0	2318671872	0	1384569	728214	12431630336	17445535744	50173553341	17446173786
2025-05-20 03:51:38	8	60	8	4	1	0	2318716928	0	1385123	728219	12431630336	17445535744	50180392541	17446173892
2025-05-20 03:51:39	8	60	8	4	1	0	2319331328	0	1385666	728225	12431630336	17445535744	50187075704	17446174006
2025-05-20 03:51:41	8	60	8	4	1	0	2319990784	0	1386212	728228	12431630336	17445535744	50193806024	17446174096
2025-05-20 03:51:42	8	60	8	4	1	0	2320068608	0	1386762	728233	12431630336	17445535744	50200680531	17446174202
2025-05-20 03:51:44	8	60	8	4	1	0	2320637952	0	1437484	728238	12431630336	17445650432	50232043782	17446287006
2025-05-20 03:51:45	8	67	8	4	1	0	2321842176	0	1440588	728241	12431630336	17445781504	50270001455	17446418131
2025-05-20 03:51:46	8	74	8	4	1	0	2322968576	0	1440715	728577	12431630336	17481498624	50270571321	17482129400
2025-05-20 03:51:47	8	74	8	4	1	0	2342973440	0	1488917	728939	12431630336	17522999296	50289421148	17523631117
2025-05-20 03:51:48	8	74	8	4	1	0	2449031168	0	1546691	728946	12431630336	17523257344	50344401073	17523887082
2025-05-20 03:51:49	8	74	8	4	1	0	2468048896	0	1607809	728952	12431630336	17523392512	50401207816	17524019416
2025-05-20 03:51:50	8	74	8	4	1	0	2470420480	0	1686631	728962	12431630336	17523437568	50455318097	17524063128
2025-05-20 03:51:51	8	74	8	4	1	0	2470465536	0	1780975	728969	12431630336	17523785728	50508390880	17524404789
2025-05-20 03:51:52	8	74	8	4	1	0	2470498304	0	1893958	728981	12431630336	17524125696	50557800723	17524660366
2025-05-20 03:51:53	8	74	8	4	1	0	2470531072	0	1961299	728987	12431630336	17524408320	50604657523	17524940072
2025-05-20 03:51:54	8	74	8	4	1	0	2470625280	0	2098074	728993	12431630336	17524625408	50650339109	17525148660
2025-05-20 03:51:55	8	74	8	4	1	0	2470641664	0	2171995	729004	12431630336	17524768768	50694257520	17525285778
2025-05-20 03:51:56	8	74	8	4	1	0	2470834176	0	2274965	729007	12431630336	17524875264	50728864239	17525389005
2025-05-20 03:51:58	8	74	8	4	1	0	2470850560	0	2285037	729012	12431630336	17525030912	50748015959	17525540003
2025-05-20 03:51:59	8	74	8	4	1	0	2508353536	0	2304457	729042	12431630336	17525161984	50754234003	17525584070
2025-05-20 03:52:00	8	74	8	4	1	0	2547888128	0	2382276	729068	12431630336	17525354496	50759050652	17525712401
2025-05-20 03:52:02	8	74	8	4	1	0	2547892224	0	2528361	729074	12431630336	17525354496	50763551250	17525712515
2025-05-20 03:52:03	8	74	8	4	1	0	2547896320	0	2529061	729079	12431630336	17525354496	50770867281	17525712621
2025-05-20 03:52:04	8	74	8	4	1	0	2550116352	0	2530465	729141	12431630336	17532329984	50785050106	17532685700
2025-05-20 03:52:06	8	74	8	4	1	0	2550054912	0	2530471	729730	12431630336	17601515520	50785053933	17601871538
2025-05-20 03:52:07	8	75	8	4	1	0	2553475072	0	2530929	730261	12431630336	17666940928	50789747746	17667294557
2025-05-20 03:52:08	8	74	8	4	1	0	2553610240	0	2532749	730739	12431630336	17725816832	50808474239	17726172829
2025-05-20 03:52:09	8	74	8	4	1	0	2383708160	0	2533753	730811	12431630336	17732182016	50935100797	17732535079
2025-05-20 03:52:10	8	74	8	4	1	0	2382831616	0	2534809	730820	12431630336	17732182016	51072323595	17732535507
2025-05-20 03:52:11	8	74	8	4	1	0	2395439104	0	2535518	730891	12431634432	17738547200	51098712746	17738895469
2025-05-20 03:52:12	8	74	8	4	1	0	2395893760	0	2536306	730977	12431634432	17748717568	51108731759	17749064331
2025-05-20 03:52:13	8	74	8	4	1	0	2395918336	0	2537163	731069	12431634432	17759416320	51119294336	17759764455
2025-05-20 03:52:14	8	74	8	4	1	0	2395942912	0	2538048	731164	12431634432	17770405888	51130138967	17770755820
2025-05-20 03:52:15	8	74	8	4	1	0	2391126016	0	2538936	731260	12431634432	17781579776	51141154927	17781928755
2025-05-20 03:52:16	8	74	8	4	1	0	2391158784	0	2539821	731355	12431634432	17792618496	51152043638	17792967871
2025-05-20 03:52:17	8	74	8	4	1	0	2391162880	0	2540570	731437	12431634432	17802149888	51161310761	17802500502
2025-05-20 03:52:18	8	74	8	4	1	0	2391150592	0	2541121	731497	12431634432	17809076224	51168166044	17809423787
2025-05-20 03:52:19	8	74	8	4	1	0	2391269376	0	2541476	731541	12431634432	17813991424	51172500096	17814336992
2025-05-20 03:52:21	8	74	8	4	1	0	2390335488	0	2541713	731568	12431634432	17816907776	51175405188	17817254701
2025-05-20 03:52:22	8	74	8	4	1	0	2390364160	0	2541902	731592	12431634432	17819303936	51177697226	17819649336
2025-05-20 03:52:23	8	74	8	4	1	0	2390388736	0	2542050	731611	12431634432	17821118464	51179494085	17821463344
2025-05-20 03:52:24	8	74	8	4	1	0	2390396928	0	2542180	731629	12431634432	17822720000	51181069820	17823062438
2025-05-20 03:52:26	8	78	8	4	1	0	2390929408	0	2542323	731649	12431634432	17824497664	51182856082	17824838558
2025-05-20 03:52:27	8	78	8	4	1	0	2390933504	0	2542624	731683	12431634432	17828220928	51186582669	17828561163
2025-05-20 03:52:28	8	78	8	4	1	0	2390937600	0	2543302	731756	12431634432	17836777472	51194963036	17837118934
2025-05-20 03:52:29	8	78	8	4	1	0	2390941696	0	2544197	731852	12431634432	17847988224	51206029277	17848327119
2025-05-20 03:52:30	8	78	8	4	1	0	2390970368	0	2545078	731947	12431634432	17859158016	51216996885	17859495159
2025-05-20 03:52:31	8	78	8	4	1	0	2390990848	0	2545955	732041	12431634432	17869991936	51227700985	17870330758
2025-05-20 03:52:32	8	78	8	4	1	0	2390994944	0	2546796	732133	12431634432	17880498176	51237995156	17880835263
2025-05-20 03:52:33	8	78	8	4	1	0	2390994944	0	2547665	732227	12431634432	17891463168	51248740266	17891802265
2025-05-20 03:52:34	8	78	8	4	1	0	2391044096	0	2548526	732324	12431634432	17902870528	51259532262	17903209202
2025-05-20 03:52:36	8	78	8	4	1	0	2391044096	0	2549306	732408	12431634432	17912725504	51269140308	17913062929
2025-05-20 03:52:37	8	78	8	4	1	0	2391044096	0	2549897	732472	12431634432	17920188416	51276519175	17920527006
2025-05-20 03:52:38	8	78	8	4	1	0	2391044096	0	2550311	732517	12431634432	17925365760	51281615882	17925705185
2025-05-20 03:52:39	8	78	8	4	1	0	2391052288	0	2550614	732553	12431634432	17929146368	51285256953	17929483727
2025-05-20 03:52:40	8	78	8	4	1	0	2391052288	0	2550850	732579	12431634432	17931997184	51288117718	17932335497
2025-05-20 03:52:41	8	78	8	4	1	0	2391056384	0	2551020	732600	12431634432	17934147584	51290182538	17934484509
2025-05-20 03:52:42	8	78	8	4	1	0	2391056384	0	2551221	732623	12431634432	17936547840	51292623233	17936883254
2025-05-20 03:52:44	8	78	8	4	1	0	2391060480	0	2551807	732686	12431634432	17943937024	51299901860	17944273174
2025-05-20 03:52:45	8	78	8	4	1	0	2391060480	0	2552666	732779	12431634432	17954754560	51310450850	17955089896
2025-05-20 03:52:46	8	78	8	4	1	0	2391060480	0	2553557	732875	12431634432	17965948928	51321445388	17966282799
2025-05-20 03:52:47	8	78	8	4	1	0	2391105536	0	2554421	732971	12431634432	17977339904	51332240479	17977675405
2025-05-20 03:52:48	8	78	8	4	1	0	2391105536	0	2555311	733067	12431634432	17988481024	51343185125	17988815916
2025-05-20 03:52:49	8	78	8	4	1	0	2391113728	0	2556189	733160	12431634432	17999360000	51353965507	17999696797
2025-05-20 03:52:50	8	78	8	4	1	0	2391113728	0	2556992	733247	12431634432	18009362432	51363764039	18009697168
2025-05-20 03:52:51	8	78	8	4	1	0	2391113728	0	2557554	733309	12431634432	18016251904	51370582019	18016585852
2025-05-20 03:52:52	8	78	8	4	1	0	2391117824	0	2557978	733355	12431634432	18021519360	51375782646	18021855393
2025-05-20 03:52:53	8	78	8	4	1	0	2391126016	0	2558285	733390	12431634432	18025340928	51379519254	18025676849
2025-05-20 03:52:54	8	78	8	4	1	0	2391126016	0	2558510	733417	12431634432	18028089344	51382249420	18028422442
2025-05-20 03:52:56	8	78	8	4	1	0	2391126016	0	2558738	733443	12431634432	18030956544	51385003706	18031287057
2025-05-20 03:52:57	8	78	8	4	1	0	2391130112	0	2559236	733502	12431634432	18037747712	51391254288	18038075814
2025-05-20 03:52:58	8	78	8	4	1	0	2391130112	0	2560053	733590	12431634432	18047893504	51401250330	18048223483
2025-05-20 03:52:59	8	78	8	4	1	0	2391130112	0	2560948	733685	12431634432	18059046912	51412194760	18059270853
2025-05-20 03:53:00	8	78	8	4	1	0	2391130112	0	2561825	733780	12431634432	18069921792	51422926843	18070251273
2025-05-20 03:53:01	8	78	8	4	1	0	2391130112	0	2562708	733877	12431634432	18080923648	51433732317	18081254465
2025-05-20 03:53:02	8	78	8	4	1	0	2391134208	0	2563594	733973	12431634432	18092044288	51444702845	18092374848
2025-05-20 03:53:03	8	78	8	4	1	0	2391142400	0	2564424	734065	12431634432	18102943744	51455113064	18103273432
2025-05-20 03:53:04	8	78	8	4	1	0	2391150592	0	2565137	734145	12431634432	18112151552	51464066338	18112479104
2025-05-20 03:53:05	8	78	8	4	1	0	2391150592	0	2565665	734202	12431634432	18118651904	51470457063	18118981302
2025-05-20 03:53:06	8	78	8	4	1	0	2391150592	0	2566032	734243	12431634432	18123186176	51474927945	18123515360
2025-05-20 03:53:08	8	78	8	4	1	0	2391162880	0	2566312	734274	12431634432	18126643200	51478334886	18126969320
2025-05-20 03:53:09	8	77	8	4	1	0	2391101440	0	2566542	734302	12431634432	18129412096	51481112320	18129738708
2025-05-20 03:53:10	8	77	8	4	1	0	2391101440	0	2566747	734326	12431634432	18131898368	51483581990	18132228389
2025-05-20 03:53:11	8	77	8	4	1	0	2391101440	0	2567119	734367	12431634432	18136580096	51488146900	18136906549
2025-05-20 03:53:12	8	77	8	4	1	0	2391109632	0	2567868	734448	12431634432	18145886208	51497311392	18146215823
2025-05-20 03:53:13	8	77	8	4	1	0	2391113728	0	2568717	734539	12431634432	18156511232	51507822684	18156835906
2025-05-20 03:53:14	8	77	8	4	1	0	2391113728	0	2569601	734640	12431634432	18168172544	51518809506	18168497660
2025-05-20 03:53:15	8	77	8	4	1	0	2391121920	0	2570487	734733	12431634432	18179248128	51529790649	18179571698
2025-05-20 03:53:16	8	77	8	4	1	0	2391121920	0	2571368	734828	12431634432	18190381056	51540724821	18190705048
2025-05-20 03:53:18	8	77	8	4	1	0	2391121920	0	2572254	734922	12431634432	18201464832	51551691147	18201789037
2025-05-20 03:53:19	8	77	8	4	1	0	2391126016	0	2573030	735005	12431634432	18211344384	51561407885	18211667762
2025-05-20 03:53:20	8	77	8	4	1	0	2391130112	0	2573606	735070	12431634432	18219032576	51568634878	18219361752
2025-05-20 03:53:21	8	77	8	4	1	0	2391134208	0	2574013	735115	12431634432	18224156672	51573679727	18224483084
2025-05-20 03:53:22	8	77	8	4	1	0	2391134208	0	2574324	735150	12431634432	18227908608	51577333115	18228236663
2025-05-20 03:53:23	8	77	8	4	1	0	2391138304	0	2574562	735176	12431634432	18230812672	51580244390	18231139839
2025-05-20 03:53:24	8	77	8	4	1	0	2391142400	0	2574745	735199	12431634432	18233094144	51582463762	18233421078
2025-05-20 03:53:26	8	77	8	4	1	0	2391142400	0	2574908	735219	12431634432	18235133952	51584439036	18235457346
2025-05-20 03:53:27	8	77	8	4	1	0	2391142400	0	2575229	735255	12431634432	18239078400	51588348799	18239402177
2025-05-20 03:53:28	8	77	8	4	1	0	2391142400	0	2575895	735328	12431634432	18247307264	51596403143	18247630567
2025-05-20 03:53:29	8	77	8	4	1	0	2391150592	0	2576771	735422	12431634432	18258198528	51607167500	18258522032
2025-05-20 03:53:30	8	77	8	4	1	0	2391150592	0	2577645	735520	12431634432	18269569024	51618037716	18269889220
2025-05-20 03:53:31	8	77	8	4	1	0	2391150592	0	2578540	735616	12431634432	18280771584	51629069774	18281092849
2025-05-20 03:53:32	8	77	8	4	1	0	2391158784	0	2579422	735712	12431634432	18291884032	51639976422	18292202529
2025-05-20 03:53:33	8	77	8	4	1	0	2391158784	0	2580297	735806	12431634432	18302906368	51650848446	18303226602
2025-05-20 03:53:34	8	77	8	4	1	0	2391162880	0	2581154	735902	12431634432	18314313728	51661720066	18314629842
2025-05-20 03:53:35	8	77	8	4	1	0	2391171072	0	2581904	735984	12431634432	18323783680	51671049218	18324102498
2025-05-20 03:53:36	8	77	8	4	1	0	2391203840	0	2582472	736046	12431634432	18330841088	51678018079	18331160448
2025-05-20 03:53:37	8	77	8	4	1	0	2391216128	0	2582861	736089	12431634432	18335715328	51682854318	18336030434
2025-05-20 03:53:39	8	77	8	4	1	0	2391220224	0	2583154	736122	12431634432	18339340288	51686460839	18339654136
2025-05-20 03:53:40	8	77	8	4	1	0	2391240704	0	2583388	736149	12431634432	18342404096	51689371847	18342718420
2025-05-20 03:53:41	8	77	8	4	1	0	2391269376	0	2583590	736172	12431634432	18344804352	51691844958	18345119493
2025-05-20 03:53:42	8	77	8	4	1	0	2391277568	0	2583872	736204	12431634432	18348445696	51695343715	18348759779
2025-05-20 03:53:43	8	77	8	4	1	0	2390892544	0	2584450	736269	12431634432	18356137984	51702660651	18356453918
2025-05-20 03:53:44	8	77	8	4	1	0	2390900736	0	2585282	736358	12431634432	18366623744	51712948252	18366937019
2025-05-20 03:53:45	8	77	8	4	1	0	2390908928	0	2586159	736453	12431634432	18377732096	51723963540	18378045404
2025-05-20 03:53:46	8	77	8	4	1	0	2390921216	0	2587039	736549	12431634432	18388774912	51734778515	18389087313
2025-05-20 03:53:47	8	77	8	4	1	0	2390937600	0	2587920	736647	12431634432	18400264192	51745778535	18400576199
2025-05-20 03:53:49	8	77	8	4	1	0	2390945792	0	2588792	736740	12431634432	18411290624	51756627814	18411602850
2025-05-20 03:53:50	8	77	8	4	1	0	2390949888	0	2589677	736835	12431634432	18422407168	51767596622	18422720169
2025-05-20 03:53:51	8	77	8	4	1	0	2390949888	0	2590535	736928	12431634432	18433044480	51778100662	18433356448
2025-05-20 03:53:52	8	77	8	4	1	0	2390958080	0	2591309	737013	12431634432	18442993664	51787845886	18443304504
2025-05-20 03:53:53	8	77	8	4	1	0	2390958080	0	2591887	737078	12431634432	18450657280	51795107341	18450967618
2025-05-20 03:53:54	8	77	8	4	1	0	2390958080	0	2592301	737124	12431634432	18455834624	51800215498	18456145364
2025-05-20 03:53:55	8	77	8	4	1	0	2390962176	0	2592593	737156	12431634432	18459426816	51803789771	18459740558
2025-05-20 03:53:56	8	77	8	4	1	0	2390978560	0	2592803	737180	12431634432	18462040064	51806328046	18462347691
2025-05-20 03:53:57	8	77	8	4	1	0	2390994944	0	2592980	737202	12431634432	18464161792	51808439459	18464471485
2025-05-20 03:53:59	8	77	8	4	1	0	2391007232	0	2593147	737222	12431634432	18466193408	51810458352	18466502536
2025-05-20 03:54:00	8	78	8	4	1	0	2391330816	0	2593501	737262	12431634432	18470563840	51814713103	18470871252
2025-05-20 03:54:01	8	78	8	4	1	0	2391420928	0	2594225	737343	12431634432	18479828992	51823643508	18480137269
2025-05-20 03:54:02	8	78	8	4	1	0	2391420928	0	2595111	737440	12431634432	18490982400	51834526541	18491289766
2025-05-20 03:54:03	8	78	8	4	1	0	2391425024	0	2595996	737535	12431634432	18502148096	51845543535	18502454799
2025-05-20 03:54:04	8	78	8	4	1	0	2391425024	0	2596873	737633	12431634432	18513453056	51856492974	18513762227
2025-05-20 03:54:05	8	78	8	4	1	0	2391425024	0	2597752	737728	12431634432	18524590080	51867409348	18524901066
2025-05-20 03:54:06	8	78	8	4	1	0	2391425024	0	2598623	737821	12431634432	18535686144	51878356107	18535925358
2025-05-20 03:54:07	8	78	8	4	1	0	2391433216	0	2599411	737910	12431634432	18545958912	51888343906	18546261033
2025-05-20 03:54:08	8	77	8	4	1	0	2391371776	0	2600083	737976	12431634432	18553806848	51896041634	18554111525
2025-05-20 03:54:09	8	77	8	4	1	0	2391371776	0	2600533	738020	12431634432	18558955520	51901150883	18559257776
2025-05-20 03:54:11	8	77	8	4	1	0	2391797760	0	2600836	738055	12431634432	18562834432	51904891839	18563138195
2025-05-20 03:54:12	8	77	8	4	1	0	2391810048	0	2601079	738084	12431634432	18565902336	51907897639	18566204224
2025-05-20 03:54:13	8	77	8	4	1	0	2391810048	0	2601277	738106	12431634432	18568359936	51910384411	18568661586
2025-05-20 03:54:14	8	77	8	4	1	0	2391814144	0	2601444	738130	12431634432	18570792960	51912526825	18571098617
2025-05-20 03:54:15	8	77	8	4	1	0	2391822336	0	2601757	738165	12431634432	18574782464	51916505244	18575085280
2025-05-20 03:54:17	8	77	8	4	1	0	2391830528	0	2602458	738241	12431634432	18583777280	51925340184	18584078886
2025-05-20 03:54:18	8	77	8	4	1	0	2391830528	0	2603332	738336	12431634432	18594922496	51936317333	18595224094
2025-05-20 03:54:19	8	77	8	4	1	0	2391842816	0	2604206	738431	12431634432	18606235648	51947298886	18606536623
2025-05-20 03:54:20	8	77	8	4	1	0	2391842816	0	2605066	738523	12431634432	18617057280	51957913029	18617357477
2025-05-20 03:54:21	8	77	8	4	1	0	2391842816	0	2605932	738618	12431634432	18628345856	51968869818	18628648956
2025-05-20 03:54:22	8	77	8	4	1	0	2391842816	0	2606802	738711	12431634432	18639601664	51980014507	18639902024
2025-05-20 03:54:23	8	77	8	4	1	0	2391842816	0	2607584	738795	12431634432	18649677824	51989850911	18649981030
2025-05-20 03:54:24	8	77	8	4	1	0	2391842816	0	2608186	738860	12431634432	18657394688	51997422715	18657697341
2025-05-20 03:54:25	8	77	8	4	1	0	2391842816	0	2608597	738906	12431634432	18662682624	52002599836	18662983761
2025-05-20 03:54:26	8	77	8	4	1	0	2391859200	0	2608906	738943	12431634432	18666680320	52006390444	18666983985
2025-05-20 03:54:27	8	77	8	4	1	0	2391863296	0	2609136	738970	12431634432	18669539328	52009179186	18669835597
2025-05-20 03:54:29	8	77	8	4	1	0	2391863296	0	2609322	738991	12431634432	18671824896	52011457785	18672121866
2025-05-20 03:54:30	8	77	8	4	1	0	2391871488	0	2609587	739022	12431634432	18675130368	52014766812	18675426840
2025-05-20 03:54:31	8	77	8	4	1	0	2391887872	0	2610186	739088	12431634432	18682937344	52022387354	18683232445
2025-05-20 03:54:32	8	77	8	4	1	0	2391887872	0	2611011	739178	12431634432	18693636096	52032838213	18693933785
2025-05-20 03:54:33	8	77	8	4	1	0	2391887872	0	2611893	739273	12431634432	18704793600	52043709714	18705091690
2025-05-20 03:54:34	8	77	8	4	1	0	2391887872	0	2612793	739365	12431634432	18715717632	52054510654	18716013091
2025-05-20 03:54:35	8	77	8	4	1	0	2391896064	0	2613677	739459	12431634432	18726694912	52065349106	18726990166
2025-05-20 03:54:36	8	77	8	4	1	0	2391904256	0	2614552	739553	12431634432	18737618944	52076122687	18737914651
2025-05-20 03:54:37	8	77	8	4	1	0	2391920640	0	2615606	739698	12431634432	18749394944	52087321564	18749693291
2025-05-20 03:54:38	8	77	8	4	1	0	2391949312	0	2616630	739806	12431634432	18760056832	52097658504	18760355469
2025-05-20 03:54:39	8	77	8	4	1	0	2391969792	0	2617415	739877	12431634432	18768248832	52105794775	18768550534
2025-05-20 03:54:40	8	77	8	4	1	0	2391969792	0	2617978	739928	12431634432	18774024192	52111428295	18774326291
2025-05-20 03:54:42	8	77	8	4	1	0	2391986176	0	2618386	739966	12431634432	18778382336	52115648642	18778682748
2025-05-20 03:54:43	8	77	8	4	1	0	2392002560	0	2618675	739996	12431634432	18781495296	52118691102	18781794642
2025-05-20 03:54:44	8	77	8	4	1	0	2392014848	0	2618923	740022	12431634432	18784116736	52121251288	18784416583
2025-05-20 03:54:45	8	77	8	4	1	0	2392014848	0	2619156	740045	12431634432	18786508800	52123591740	18786807651
2025-05-20 03:54:46	8	77	8	4	1	0	2392027136	0	2619497	740076	12431634432	18789761024	52126817603	18790053898
2025-05-20 03:54:48	8	77	8	4	1	0	2392043520	0	2620265	740144	12431634432	18797735936	52134639168	18798029306
2025-05-20 03:54:49	4	14	8	4	1	0	1645268992	0	1146719	727969	12350652416	17444270080	49931046567	17444932249
2025-05-20 03:54:50	5	25	8	4	1	0	1671860224	0	1147667	728000	12354727936	17444306944	50815028337	17444944234
2025-05-20 03:54:51	7	56	8	4	1	0	1934635008	0	1173773	728040	12414062592	17444376576	50842351908	17444957888
2025-05-20 03:54:52	7	56	8	4	1	0	2317803520	0	1173837	728043	12447617024	17444380672	50872562930	17444957956
2025-05-20 03:54:53	7	56	8	4	1	0	2889498624	0	1173924	728047	12489560064	17444380672	50915060832	17444958032
2025-05-20 03:54:54	7	56	8	4	1	0	2889908224	0	1174049	1484575	12497526784	17445138432	50928336653	17445714898
2025-05-20 03:54:55	7	56	8	4	1	0	2884173824	0	1174052	2620208	12497526784	17446273024	50928338557	17446850596
2025-05-20 03:54:56	7	57	8	4	1	0	2961444864	0	1175290	3098627	12519178240	17447837696	50934780398	17448411992
2025-05-20 03:54:57	7	57	8	4	1	0	3545280512	0	1175960	3098630	12523319296	17447837696	50941699707	17448412060
2025-05-20 03:54:58	7	57	8	4	1	0	4002148352	0	1177023	3098634	12523319296	17447837696	50951809439	17448412136
2025-05-20 03:54:59	7	57	8	4	1	0	4344819712	0	1178368	3098636	12527501312	17447837696	50964822446	17448412196
2025-05-20 03:55:00	7	57	8	4	1	0	4547964928	0	1179516	3098640	12527501312	17447837696	50976322904	17448412272
2025-05-20 03:55:01	7	57	8	4	1	0	4549349376	0	1180417	3098645	12535607296	17447837696	50985246227	17448412378
2025-05-20 03:55:03	7	57	8	4	1	0	4547473408	0	1180937	3098649	12535607296	17447837696	50990125365	17448412454
2025-05-20 03:55:04	7	57	8	4	1	0	4553629696	0	1181280	3098654	12535607296	17447837696	50993757451	17448412560
2025-05-20 03:55:05	7	57	8	4	1	0	4547899392	0	1181481	3098659	12535607296	17447837696	50995207725	17448412666
2025-05-20 03:55:07	7	57	8	4	1	0	4547915776	0	1181698	3098664	12535607296	17447837696	50997764951	17448412772
2025-05-20 03:55:08	7	57	8	4	1	0	4544184320	0	1182149	3098668	12539801600	17447837696	51001941594	17448412848
2025-05-20 03:55:09	7	57	8	4	1	0	4543311872	0	1183368	3098671	12539801600	17447837696	51013180887	17448412916
2025-05-20 03:55:10	7	57	8	4	1	0	4489400320	0	1184750	3098674	12543995904	17447837696	51026676344	17448412984
2025-05-20 03:55:11	7	57	8	4	1	0	4434522112	0	1186399	3098679	12548190208	17447837696	51043095029	17448413090
2025-05-20 03:55:13	7	57	8	4	1	0	4386471936	0	1187788	3098682	12552384512	17447837696	51055717248	17448413158
2025-05-20 03:55:14	7	57	8	4	1	0	4338442240	0	1189347	3098685	12556578816	17447837696	51071044676	17448413226
2025-05-20 03:55:15	7	57	8	4	1	0	4298690560	0	1190842	3098689	12560773120	17447837696	51084669560	17448413302
2025-05-20 03:55:16	7	57	8	4	1	0	4263116800	0	1192346	3098692	12560773120	17447837696	51099601177	17448413370
2025-05-20 03:55:17	7	57	8	4	1	0	4230262784	0	1193772	3098694	12564967424	17447837696	51112654280	17448413430
2025-05-20 03:55:18	7	57	8	4	1	0	4178460672	0	1195243	3098698	12569161728	17447837696	51127470656	17448413506
2025-05-20 03:55:19	7	57	8	4	1	0	4156088320	0	1196426	3098702	12573356032	17447837696	51138747510	17448413604
2025-05-20 03:55:20	7	57	8	4	1	0	4138274816	0	1197107	3098705	12573356032	17447837696	51144144386	17448413672
2025-05-20 03:55:21	7	57	8	4	1	0	4123115520	0	1197596	3098709	12577173504	17447837696	51149732508	17448413748
2025-05-20 03:55:22	7	57	8	4	1	0	4122136576	0	1197903	3098715	12577173504	17447837696	51152082634	17448413862
2025-05-20 03:55:24	7	57	8	4	1	0	4122152960	0	1198145	3098721	12577173504	17447841792	51154910316	17448413976
2025-05-20 03:55:25	7	57	8	4	1	0	4109111296	0	1198371	3098727	12577173504	17447841792	51156545542	17448414203
2025-05-20 03:55:27	7	57	8	4	1	0	4107272192	0	1198600	3098734	12577173504	17447845888	51159071966	17448414438
2025-05-20 03:55:28	7	57	8	4	1	0	4094787584	0	1199372	3098737	12577173504	17447845888	51165849315	17448414506
2025-05-20 03:55:29	7	57	8	4	1	0	4070244352	0	1200618	3098740	12581203968	17447845888	51178016940	17448414574
2025-05-20 03:55:30	7	57	8	4	1	0	4050948096	0	1202131	3098743	12584087552	17447845888	51191840385	17448414642
2025-05-20 03:55:31	7	57	8	4	1	0	4037472256	0	1203519	3098746	12586565632	17447845888	51205268660	17448414710
2025-05-20 03:55:32	7	57	8	4	1	0	4031340544	0	1204997	3098750	12586565632	17447845888	51219126063	17448414786
2025-05-20 03:55:33	7	57	8	4	1	0	4025171968	0	1206416	3098755	12586565632	17447845888	51231882593	17448414892
2025-05-20 03:55:35	7	57	8	4	1	0	4021694464	0	1207709	3098758	12590751744	17447845888	51243997245	17448414960
2025-05-20 03:55:36	7	57	8	4	1	0	4018667520	0	1208997	3098762	12598566912	17447845888	51255704278	17448415036
2025-05-20 03:55:37	7	57	8	4	1	0	4015656960	0	1209942	3098765	12602761216	17447845888	51264344034	17448415104
2025-05-20 03:55:38	7	57	8	4	1	0	4012625920	0	1210620	3098769	12602761216	17447845888	51270425082	17448415180
2025-05-20 03:55:39	7	57	8	4	1	0	4011638784	0	1211156	3098773	12606955520	17447845888	51275469681	17448415278
2025-05-20 03:55:40	7	57	8	4	1	0	4011687936	0	1211517	3098775	12606955520	17447845888	51278137351	17448415338
2025-05-20 03:55:41	7	57	8	4	1	0	4010655744	0	1211763	3098779	12606955520	17447845888	51280733989	17448415436
2025-05-20 03:55:43	7	57	8	4	1	0	4009652224	0	1212061	3098782	12606955520	17447845888	51283641876	17448415504
2025-05-20 03:55:44	7	57	8	4	1	0	4007677952	0	1212936	3098786	12611149824	17447845888	51291874090	17448415602
2025-05-20 03:55:45	7	57	8	4	1	0	4001497088	0	1214258	3098790	12611149824	17447845888	51303609847	17448415678
2025-05-20 03:55:46	7	57	8	4	1	0	3999571968	0	1215746	3098793	12615344128	17447845888	51318039046	17448415746
2025-05-20 03:55:47	7	57	8	4	1	0	3996516352	0	1217163	3098796	12619538432	17447845888	51330555809	17448415814
2025-05-20 03:55:48	7	57	8	4	1	0	3992031232	0	1218634	3098799	12623740928	17447845888	51344894010	17448415882
2025-05-20 03:55:49	7	57	8	4	1	0	3990085632	0	1220085	3098803	12627935232	17447845888	51357751388	17448415958
2025-05-20 03:55:50	7	57	8	4	1	0	3985657856	0	1221476	3098806	12632129536	17447845888	51370954587	17448416026
2025-05-20 03:55:51	7	57	8	4	1	0	3982123008	0	1223033	3098810	12632129536	17447845888	51385343885	17448416124
2025-05-20 03:55:53	7	57	8	4	1	0	3979190272	0	1224475	3098813	12636323840	17447845888	51399339967	17448416192
2025-05-20 03:55:54	7	57	8	4	1	0	3975684096	0	1225675	3098817	12640518144	17447845888	51409937596	17448416268
2025-05-20 03:55:55	7	57	8	4	1	0	3994734592	0	1227082	3098820	12661489664	17447845888	51433730538	17448416336
2025-05-20 03:55:56	7	57	8	4	1	0	3993190400	0	1227088	3098826	12661489664	17447845888	51433732586	17448416656
2025-05-20 03:55:57	7	57	8	4	1	0	3991662592	0	1227092	3098831	12661489664	17447845888	51433734503	17448416762
2025-05-20 03:55:58	7	57	8	4	1	0	3990085632	0	1227096	3098835	12661489664	17447849984	51433736420	17448416838
2025-05-20 03:56:00	7	57	8	4	1	0	3990130688	0	1227102	3098840	12661489664	17447854080	51433740240	17448416944
2025-05-20 03:56:01	7	57	8	4	1	0	3989110784	0	1227107	3098846	12661489664	17447854080	51433742165	17448417058
2025-05-20 03:56:02	7	57	8	4	1	0	3987013632	0	1227110	3098849	12661489664	17447854080	51433744074	17448417126
2025-05-20 03:56:03	7	57	8	4	1	0	3984396288	0	1227113	3098852	12661489664	17447854080	51433745984	17448417194
2025-05-20 03:56:04	7	57	8	4	1	0	3988127744	0	1228547	3098856	12665683968	17447854080	51448462460	17448417270
2025-05-20 03:56:05	7	57	8	4	1	0	3991334912	0	1230066	3098860	12669878272	17447854080	51463645521	17448417346
2025-05-20 03:56:06	7	57	8	4	1	0	3995639808	0	1231646	3098864	12674072576	17447854080	51478631026	17448417422
2025-05-20 03:56:07	7	57	8	4	1	0	3999948800	0	1233274	3098866	12678266880	17447854080	51495015963	17448417482
2025-05-20 03:56:08	7	57	8	4	1	0	4003332096	0	1234798	3098871	12682461184	17447854080	51508945708	17448417588
2025-05-20 03:56:10	7	58	8	4	1	0	4008275968	0	1236372	3098873	12686655488	17447854080	51524514763	17448417648
2025-05-20 03:56:11	7	58	8	4	1	0	4011610112	0	1237911	3098875	12686655488	17447854080	51538773739	17448417708
2025-05-20 03:56:12	7	58	8	4	1	0	4015964160	0	1239560	3098877	12690849792	17447854080	51555408684	17448417768
2025-05-20 03:56:13	7	58	8	4	1	0	4019281920	0	1241060	3098880	12695044096	17447854080	51569389505	17448417836
2025-05-20 03:56:14	7	58	8	4	1	0	4021526528	0	1242219	3098883	12699238400	17447854080	51580478581	17448417904
2025-05-20 03:56:15	7	58	8	4	1	0	4023685120	0	1243053	3098887	12699238400	17447854080	51588392822	17448417980
2025-05-20 03:56:16	7	58	8	4	1	0	4024782848	0	1243541	3098891	12699238400	17447854080	51592820355	17448418078
2025-05-20 03:56:17	7	58	8	4	1	0	4025880576	0	1243839	3098895	12699238400	17447854080	51595008445	17448418154
2025-05-20 03:56:19	7	58	8	4	1	0	4026953728	0	1244083	3098900	12703432704	17447854080	51597615657	17448418260
2025-05-20 03:56:20	7	58	8	4	1	0	4028022784	0	1244491	3098906	12703432704	17447854080	51601563407	17448418374
2025-05-20 03:56:21	7	58	8	4	1	0	4030291968	0	1245456	3098910	12703432704	17447854080	51610311107	17448418450
2025-05-20 03:56:22	7	58	8	4	1	0	4036603904	0	1246763	3098912	12707627008	17447854080	51622868580	17448418510
2025-05-20 03:56:23	7	58	8	4	1	0	4046852096	0	1248094	3098915	12711821312	17447854080	51635016821	17448418578
2025-05-20 03:56:24	7	58	8	4	1	0	4050046976	0	1249475	3098918	12716015616	17447854080	51648064633	17448418646
2025-05-20 03:56:25	7	58	8	4	1	0	4047618048	0	1250967	3098922	12716015616	17447854080	51661526868	17448418744
2025-05-20 03:56:27	7	58	8	4	1	0	4050837504	0	1252427	3098927	12720209920	17447858176	51675670252	17448419058
2025-05-20 03:56:28	7	58	8	4	1	0	4055166976	0	1253792	3098930	12724404224	17447858176	51687869748	17448419126
2025-05-20 03:56:29	7	58	8	4	1	0	4059504640	0	1255027	3098932	12728598528	17447862272	51699518534	17448419186
2025-05-20 03:56:30	7	58	8	4	1	0	4062777344	0	1256526	3098934	12732792832	17447862272	51713131416	17448419246
2025-05-20 03:56:31	7	58	8	4	1	0	4066099200	0	1257833	3098937	12736987136	17447862272	51726409345	17448419314
2025-05-20 03:56:32	7	58	8	4	1	0	4069347328	0	1258756	3098940	12736987136	17447862272	51734699539	17448419382
2025-05-20 03:56:33	7	58	8	4	1	0	4070457344	0	1259311	3098944	12741181440	17447862272	51739355838	17448419480
2025-05-20 03:56:34	7	58	8	4	1	0	4071542784	0	1259602	3098948	12741181440	17447862272	51742077765	17448419556
2025-05-20 03:56:36	7	58	8	4	1	0	4071575552	0	1259840	3098955	12741181440	17447862272	51744724009	17448419678
2025-05-20 03:56:37	7	58	8	4	1	0	4072615936	0	1260047	3098959	12741181440	17447862272	51746208521	17448419776
2025-05-20 03:56:38	7	58	8	4	1	0	4072681472	0	1260337	3098963	12741181440	17447862272	51749261063	17448419874
2025-05-20 03:56:40	7	58	8	4	1	0	4075929600	0	1261109	3098966	12745375744	17447862272	51756016904	17448419942
2025-05-20 03:56:41	7	58	8	4	1	0	4079190016	0	1262246	3098969	12745375744	17447862272	51765438762	17448420010
2025-05-20 03:56:42	7	58	8	4	1	0	4083482624	0	1263881	3098973	12749570048	17447862272	51781453864	17448420086
2025-05-20 03:56:43	7	58	8	4	1	0	4086763520	0	1265628	3098976	12753764352	17447862272	51797948152	17448420154
2025-05-20 03:56:44	7	58	8	4	1	0	4091088896	0	1267039	3098980	12757958656	17447862272	51811478750	17448420252
2025-05-20 03:56:45	7	58	8	4	1	0	4095410176	0	1268750	3098984	12762152960	17447862272	51828292589	17448420328
2025-05-20 03:56:46	7	58	8	4	1	0	4098740224	0	1270132	3098987	12766347264	17447862272	51840356389	17448420396
2025-05-20 03:56:47	7	58	8	4	1	0	4102025216	0	1271458	3098991	12770541568	17447862272	51852817068	17448420472
2025-05-20 03:56:48	7	58	8	4	1	0	4107022336	0	1272892	3113836	12774735872	17449336832	51892342487	17449893124
2025-05-20 03:56:49	7	58	8	4	1	0	4110352384	0	1274214	3113839	12774735872	17449336832	51904999463	17449893192
2025-05-20 03:56:50	7	58	8	4	1	0	4109484032	0	1275287	3113842	12778930176	17449336832	51914885129	17449893260
2025-05-20 03:56:51	7	58	8	4	1	0	4111622144	0	1275971	3113848	12778930176	17449336832	51921817549	17449893374
2025-05-20 03:56:53	7	58	8	4	1	0	4111659008	0	1276424	3113852	12778930176	17449336832	51926266006	17449893450
2025-05-20 03:56:54	7	58	8	4	1	0	4112699392	0	1276608	3113858	12778930176	17449336832	51927572128	17449893564
2025-05-20 03:56:56	7	58	8	4	1	0	4113215488	0	1276824	3113865	12783124480	17449336832	51930132368	17449893916
2025-05-20 03:56:57	7	58	8	4	1	0	4115329024	0	1277468	3113869	12783124480	17449336832	51935805903	17449894014
2025-05-20 03:56:58	7	58	8	4	1	0	4118597632	0	1278872	3113872	12787318784	17449336832	51949275727	17449894082
2025-05-20 03:56:59	7	58	8	4	1	0	4121878528	0	1280540	3113875	12791513088	17449336832	51965894891	17449894150
2025-05-20 03:57:00	7	58	8	4	1	0	4126195712	0	1282140	3113877	12791513088	17449336832	51980571109	17449894210
2025-05-20 03:57:01	7	58	8	4	1	0	4130492416	0	1283677	3113880	12795707392	17449336832	51995611871	17449894278
2025-05-20 03:57:02	7	58	8	4	1	0	4133793792	0	1285175	3113883	12799901696	17449336832	52009484684	17449894346
2025-05-20 03:57:03	7	58	8	4	1	0	4138020864	0	1286778	3113886	12804096000	17449340928	52025339915	17449894414
2025-05-20 03:57:04	7	58	8	4	1	0	4141453312	0	1288308	3113892	12808290304	17449340928	52039441551	17449894528
2025-05-20 03:57:06	7	58	8	4	1	0	4145774592	0	1289855	3113894	12812484608	17449340928	52054729653	17449894588
2025-05-20 03:57:07	7	58	8	4	1	0	4149047296	0	1291301	3113897	12812484608	17449340928	52067883211	17449894656
2025-05-20 03:57:08	7	58	8	4	1	0	3987419136	0	1292683	3113899	12816678912	17449345024	52081215754	17449894716
2025-05-20 03:57:09	7	58	8	4	1	0	3987427328	0	1293892	3113903	12820873216	17449345024	52093653170	17449894792
2025-05-20 03:57:10	7	58	8	4	1	0	3987427328	0	1294658	3113907	12820873216	17449345024	52100247294	17449894868
2025-05-20 03:57:11	7	58	8	4	1	0	3987431424	0	1295085	3113910	12820873216	17449345024	52104334255	17449894958
2025-05-20 03:57:13	7	58	8	4	1	0	3987431424	0	1295306	3113915	12825067520	17449345024	52106885527	17449895064
2025-05-20 03:57:14	7	58	8	4	1	0	3987431424	0	1295544	3113920	12825067520	17449345024	52108637724	17449895170
2025-05-20 03:57:15	7	58	8	4	1	0	3987435520	0	1296225	3113922	12825067520	17449345024	52115762303	17449895230
2025-05-20 03:57:16	7	58	8	4	1	0	3987435520	0	1297443	3113925	12829261824	17449345024	52127254166	17449895298
2025-05-20 03:57:18	7	58	8	4	1	0	3987451904	0	1298974	3113928	12833456128	17449345024	52141270340	17449895388
2025-05-20 03:57:19	7	58	8	4	1	0	3987464192	0	1300458	3113931	12837650432	17449345024	52155692753	17449895456
2025-05-20 03:57:20	7	58	8	4	1	0	3987468288	0	1301971	3113934	12837650432	17449345024	52169689133	17449895524
2025-05-20 03:57:21	7	58	8	4	1	0	3987476480	0	1303579	3113936	12841844736	17449345024	52185619705	17449895584
2025-05-20 03:57:22	7	58	8	4	1	0	3987480576	0	1305002	3113938	12846039040	17449345024	52198415358	17449895644
2025-05-20 03:57:23	7	58	8	4	1	0	3987484672	0	1306263	3113942	12850233344	17449345024	52210522354	17449895720
2025-05-20 03:57:24	7	58	8	4	1	0	3987492864	0	1307161	3113947	12850233344	17449345024	52219002885	17449895826
2025-05-20 03:57:25	7	58	8	4	1	0	3987496960	0	1307737	3113951	12850233344	17449345024	52224258579	17449895902
2025-05-20 03:57:26	7	58	8	4	1	0	3987505152	0	1308072	3113956	12854353920	17449349120	52227534988	17449896216
2025-05-20 03:57:28	7	58	8	4	1	0	3987513344	0	1308386	3113962	12854353920	17449349120	52230799087	17449896330
2025-05-20 03:57:29	7	58	8	4	1	0	3987517440	0	1308666	3113967	12854353920	17449349120	52232748299	17449896436
2025-05-20 03:57:30	7	58	8	4	1	0	3987521536	0	1309350	3113970	12854353920	17449349120	52239430452	17449896504
2025-05-20 03:57:31	7	58	8	4	1	0	3987533824	0	1310739	3113973	12858548224	17449349120	52252850310	17449896572
2025-05-20 03:57:32	7	58	8	4	1	0	3987644416	0	1312365	3113975	12862468096	17449349120	52268870586	17449896632
2025-05-20 03:57:33	7	58	8	4	1	0	3987976192	0	1313426	3113977	12866584576	17449353216	52278572711	17449896692
2025-05-20 03:57:34	7	58	8	4	1	0	3988099072	0	1314993	3113979	12866584576	17449353216	52294026009	17449896752
2025-05-20 03:57:35	7	58	8	4	1	0	3988221952	0	1316592	3113983	12870328320	17449353216	52310132688	17449896850
2025-05-20 03:57:37	7	58	8	4	1	0	3988353024	0	1318205	3113986	12878639104	17449353216	52325286544	17449896918
2025-05-20 03:57:38	7	58	8	4	1	0	3988430848	0	1319697	3113989	12882833408	17449353216	52339742085	17449896986
2025-05-20 03:57:39	7	58	8	4	1	0	3988545536	0	1321318	3113992	12886937600	17449353216	52355640876	17449897054
2025-05-20 03:57:40	7	58	8	4	1	0	3988672512	0	1322863	3113994	12886937600	17449353216	52370396055	17449897114
2025-05-20 03:57:41	7	58	8	4	1	0	3988783104	0	1324012	3113997	12891131904	17449353216	52381664530	17449897182
2025-05-20 03:57:42	7	58	8	4	1	0	3988873216	0	1324820	3114000	12891131904	17449353216	52388608827	17449897250
2025-05-20 03:57:43	7	58	8	4	1	0	3988942848	0	1325335	3114006	12895072256	17449353216	52394430240	17449897364
2025-05-20 03:57:44	7	59	8	4	1	0	3989213184	0	1325677	3114010	12895072256	17449353216	52396919574	17449897440
2025-05-20 03:57:46	7	59	8	4	1	0	3989221376	0	1325955	3114015	12895072256	17449353216	52399920609	17449897546
2025-05-20 03:57:47	7	59	8	4	1	0	3989254144	0	1326350	3114019	12895072256	17449353216	52403759531	17449897644
2025-05-20 03:57:48	7	59	8	4	1	0	3989323776	0	1327330	3114021	12899266560	17449353216	52412703579	17449897704
2025-05-20 03:57:49	7	59	8	4	1	0	3989458944	0	1328896	3114025	12903460864	17449353216	52428548970	17449897780
2025-05-20 03:57:50	7	59	8	4	1	0	3989577728	0	1330612	3114028	12907655168	17449353216	52445060459	17449897848
2025-05-20 03:57:51	7	59	8	4	1	0	3989626880	0	1332126	3114030	12907655168	17449353216	52459931825	17449897908
2025-05-20 03:57:52	7	59	8	4	1	0	3989766144	0	1333559	3114034	12911747072	17449353216	52472973326	17449897984
2025-05-20 03:57:53	7	59	8	4	1	0	3989876736	0	1335169	3114039	12915941376	17449353216	52488924946	17449898090
2025-05-20 03:57:55	7	59	8	4	1	0	3989962752	0	1336728	3114041	12920135680	17449353216	52503072896	17449898150
2025-05-20 03:57:56	7	59	8	4	1	0	3990085632	0	1338166	3114046	12924329984	17449353216	52516829486	17449898349
2025-05-20 03:57:57	7	59	8	4	1	0	3990171648	0	1339828	3114050	12928212992	17449353216	52532465975	17449898540
2025-05-20 03:57:58	7	59	8	4	1	0	3990298624	0	1341050	3114052	12928212992	17449353216	52543774502	17449898600
2025-05-20 03:57:59	7	59	8	4	1	0	3990298624	0	1341981	3114054	12932407296	17449353216	52552237833	17449898660
2025-05-20 03:58:00	7	59	8	4	1	0	3990302720	0	1342649	3114057	12932407296	17449353216	52559231994	17449898750
2025-05-20 03:58:01	7	59	8	4	1	0	3990306816	0	1343088	3114060	12932407296	17449353216	52563603411	17449898818
2025-05-20 03:58:02	7	59	8	4	1	0	3990306816	0	1343332	3114065	12932407296	17449353216	52565288263	17449898924
2025-05-20 03:58:04	7	59	8	4	1	0	3990319104	0	1343561	3114070	12936601600	17449353216	52567874878	17449899030
2025-05-20 03:58:05	7	59	8	4	1	0	3990335488	0	1344139	3114073	12936601600	17449353216	52573060251	17449899098
2025-05-20 03:58:06	7	59	8	4	1	0	3990568960	0	1345416	3114076	12940795904	17449353216	52585275726	17449899166
2025-05-20 03:58:07	7	59	8	4	1	0	3990573056	0	1346974	3114081	12940795904	17449357312	52599576818	17449899272
2025-05-20 03:58:09	7	59	8	4	1	0	3990577152	0	1348392	3114085	12944990208	17449357312	52613258604	17449899348
2025-05-20 03:58:10	7	59	8	4	1	0	3990577152	0	1349796	3114088	12949184512	17449357312	52625683573	17449899416
2025-05-20 03:58:11	7	59	8	4	1	0	3990589440	0	1351396	3114091	12953321472	17449357312	52641535315	17449899484
2025-05-20 03:58:12	7	59	8	4	1	0	3990609920	0	1352928	3114095	12957515776	17449357312	52655519110	17449899560
2025-05-20 03:58:13	7	59	8	4	1	0	3990630400	0	1354325	3114097	12961710080	17449357312	52669154704	17449899620
2025-05-20 03:58:14	7	59	8	4	1	0	3990663168	0	1355705	3114100	12965904384	17449357312	52681478237	17449899688
2025-05-20 03:58:15	7	59	8	4	1	0	3990667264	0	1357077	3114102	12965904384	17449357312	52694450922	17449899748
2025-05-20 03:58:16	7	59	8	4	1	0	3990671360	0	1358237	3114105	12969828352	17449361408	52704477039	17449899838
2025-05-20 03:58:17	7	59	8	4	1	0	3990679552	0	1359091	3114107	12974022656	17449361408	52711148207	17449899898
2025-05-20 03:58:18	7	59	8	4	1	0	3990695936	0	1359800	3114109	12974022656	17449361408	52718135009	17449899958
2025-05-20 03:58:19	7	59	8	4	1	0	3990716416	0	1360207	3114111	12974022656	17449361408	52721870687	17449900018
2025-05-20 03:58:21	7	59	8	4	1	0	3990728704	0	1360515	3114115	12978216960	17449361408	52725071909	17449900116
2025-05-20 03:58:22	7	59	8	4	1	0	3990728704	0	1360760	3114118	12978216960	17449361408	52726819634	17449900206
2025-05-20 03:58:23	7	59	8	4	1	0	3990728704	0	1360967	3114121	12978216960	17449361408	52729364961	17449900296
2025-05-20 03:58:25	7	59	8	4	1	0	3990732800	0	1361585	3114123	12978216960	17449361408	52734859965	17449900356
2025-05-20 03:58:26	7	59	8	4	1	0	3990749184	0	1363087	3114126	12982411264	17449361408	52749817627	17449900424
2025-05-20 03:58:27	7	59	8	4	1	0	3990749184	0	1364717	3114129	12986544128	17449361408	52765786256	17449900492
2025-05-20 03:58:28	7	59	8	4	1	0	3990769664	0	1366109	3114134	12990615552	17449361408	52778484051	17449900598
2025-05-20 03:58:29	7	59	8	4	1	0	3990802432	0	1367668	3114136	12994809856	17449361408	52794094345	17449900658
2025-05-20 03:58:30	7	59	8	4	1	0	3990810624	0	1369123	3114139	12994809856	17449361408	52807148120	17449900726
2025-05-20 03:58:31	7	59	8	4	1	0	3990827008	0	1370564	3114143	12998840320	17449361408	52821086815	17449900802
2025-05-20 03:58:32	7	59	8	4	1	0	3990843392	0	1371915	3114146	13003034624	17449361408	52833263095	17449900870
2025-05-20 03:58:33	7	59	8	4	1	0	3990843392	0	1373386	3114148	13007228928	17449361408	52847777382	17449900930
2025-05-20 03:58:34	7	59	8	4	1	0	3990847488	0	1374739	3114150	13010857984	17449361408	52860557373	17449900990
2025-05-20 03:58:35	7	59	8	4	1	0	3990847488	0	1375808	3114153	13010857984	17449361408	52871018970	17449901080
2025-05-20 03:58:37	7	59	8	4	1	0	3990904832	0	1376576	3114158	13015052288	17449365504	52878136479	17449901394
2025-05-20 03:58:38	7	59	8	4	1	0	3990913024	0	1377033	3114161	13015052288	17449369600	52882160196	17449901462
2025-05-20 03:58:39	7	59	8	4	1	0	3990929408	0	1377340	3126253	13015052288	17450557440	52911917912	17451087572
2025-05-20 03:58:40	7	59	8	4	1	0	3990867968	0	1377622	3126256	13015052288	17450557440	52914045339	17451087640
2025-05-20 03:58:42	7	59	8	4	1	0	3990872064	0	1378383	3126260	13017706496	17450557440	52921417452	17451087738
2025-05-20 03:58:43	7	59	8	4	1	0	3990892544	0	1379752	3126262	13017706496	17450557440	52934460638	17451087798
2025-05-20 03:58:44	7	59	8	4	1	0	3990892544	0	1381299	3126265	13021900800	17450557440	52949446626	17451087866
2025-05-20 03:58:45	7	59	8	4	1	0	3990917120	0	1383015	3126268	13026095104	17450557440	52965740934	17451087934
2025-05-20 03:58:46	7	59	8	4	1	0	3990937600	0	1384517	3126270	13030289408	17450557440	52980408533	17451087994
2025-05-20 03:58:47	7	59	8	4	1	0	3990945792	0	1385961	3126274	13034483712	17450557440	52993548126	17451088070
2025-05-20 03:58:48	7	59	8	4	1	0	3990958080	0	1387343	3126277	13038678016	17450557440	53006657152	17451088138
2025-05-20 03:58:49	7	59	8	4	1	0	3990986752	0	1388835	3126281	13042872320	17450557440	53020372378	17451088236
2025-05-20 03:58:50	7	59	8	4	1	0	3991011328	0	1390320	3126285	13042872320	17450557440	53034781208	17451088312
2025-05-20 03:58:51	7	59	8	4	1	0	3991023616	0	1391630	3126287	13047066624	17450557440	53046940670	17451088372
2025-05-20 03:58:52	7	59	8	4	1	0	3991027712	0	1392747	3126290	13051260928	17450557440	53058106035	17451088440
2025-05-20 03:58:53	7	59	8	4	1	0	3991027712	0	1393440	3126294	13051260928	17450557440	53064138295	17451088516
2025-05-20 03:58:54	7	59	8	4	1	0	3991031808	0	1393932	3126298	13051260928	17450557440	53069019979	17451088614
2025-05-20 03:58:56	7	59	8	4	1	0	3991040000	0	1394206	3126304	13055442944	17450557440	53071814053	17451088728
2025-05-20 03:58:57	7	59	8	4	1	0	3991048192	0	1394425	3126310	13055442944	17450557440	53073439342	17451088842
2025-05-20 03:58:59	7	59	8	4	1	0	3991048192	0	1394961	3126314	13055442944	17450557440	53078406080	17451088918
2025-05-20 03:59:00	7	59	8	4	1	0	3991068672	0	1396171	3126318	13059637248	17450557440	53090333822	17451088994
2025-05-20 03:59:01	7	59	8	4	1	0	3992264704	0	1397847	3126321	13063827456	17450557440	53107221201	17451089062
2025-05-20 03:59:02	7	59	8	4	1	0	3996479488	0	1399385	3126325	13063827456	17450557440	53121576982	17451089138
2025-05-20 03:59:03	7	59	8	4	1	0	3998625792	0	1400870	3126331	13068013568	17450557440	53135886541	17451089252
2025-05-20 03:59:04	7	59	8	4	1	0	3998629888	0	1402295	3126334	13072207872	17450557440	53149822294	17451089320
2025-05-20 03:59:05	7	59	8	4	1	0	3998638080	0	1403764	3126337	13076402176	17450557440	53163446766	17451089388
2025-05-20 03:59:06	7	59	8	4	1	0	3998728192	0	1405267	3126342	13079928832	17450557440	53178275604	17451089702
2025-05-20 03:59:07	7	59	8	4	1	0	3998732288	0	1406737	3126345	13079928832	17450557440	53191821953	17451089770
2025-05-20 03:59:08	7	59	8	4	1	0	3998744576	0	1408332	3126349	13082771456	17450557440	53207591989	17451089846
2025-05-20 03:59:09	7	59	8	4	1	0	3998744576	0	1409822	3126352	13086965760	17450557440	53221499331	17451089914
2025-05-20 03:59:10	7	59	8	4	1	0	3998748672	0	1411276	3126356	13091160064	17450557440	53234992905	17451089990
2025-05-20 03:59:12	7	59	8	4	1	0	3998752768	0	1412898	3126361	13095354368	17450557440	53251606294	17451090096
2025-05-20 03:59:13	7	59	8	4	1	0	3998752768	0	1413919	3126364	13095354368	17450561536	53260646766	17451090164
2025-05-20 03:59:14	7	59	8	4	1	0	3998752768	0	1414665	3126368	13099544576	17450561536	53267923482	17451090240
2025-05-20 03:59:15	7	59	8	4	1	0	3998756864	0	1415126	3126371	13099544576	17450561536	53272138305	17451090308
2025-05-20 03:59:16	7	59	8	4	1	0	3998814208	0	1415366	3126375	13099544576	17450561536	53274565953	17451090406
2025-05-20 03:59:17	7	59	8	4	1	0	3998826496	0	1415589	3126379	13099544576	17450561536	53276087755	17451090504
2025-05-20 03:59:19	7	59	8	4	1	0	3998830592	0	1415969	3126382	13099544576	17450561536	53279786626	17451090572
2025-05-20 03:59:20	7	59	8	4	1	0	3998838784	0	1417327	3126385	13107908608	17450561536	53291505849	17451090662
2025-05-20 03:59:21	7	59	8	4	1	0	3998838784	0	1418109	3126389	13107908608	17450561536	53299285817	17451090738
2025-05-20 03:59:22	7	59	8	4	1	0	3998851072	0	1419650	3126392	13112102912	17450561536	53314343709	17451090806
2025-05-20 03:59:23	7	59	8	4	1	0	3998855168	0	1421100	3126395	13116297216	17450561536	53327542178	17451090874
2025-05-20 03:59:24	7	59	8	4	1	0	3998863360	0	1422667	3126399	13120491520	17450565632	53342928794	17451090950
2025-05-20 03:59:25	7	59	8	4	1	0	3998867456	0	1424051	3126401	13124685824	17450565632	53355478323	17451091010
2025-05-20 03:59:26	7	59	8	4	1	0	3998883840	0	1425621	3126403	13124685824	17450565632	53371072839	17451091070
2025-05-20 03:59:28	7	59	8	4	1	0	3998900224	0	1427081	3126406	13128880128	17450565632	53384521381	17451091160
2025-05-20 03:59:29	7	59	8	4	1	0	3998920704	0	1428501	3126409	13133074432	17450565632	53398532942	17451091228
2025-05-20 03:59:30	7	59	8	4	1	0	3998928896	0	1429953	3126412	13137268736	17450565632	53411876244	17451091296
2025-05-20 03:59:31	7	59	8	4	1	0	3998932992	0	1431446	3126416	13141463040	17450565632	53426777308	17451091372
2025-05-20 03:59:32	7	59	8	4	1	0	3998941184	0	1432743	3126419	13141463040	17450565632	53438392157	17451091440
2025-05-20 03:59:33	7	59	8	4	1	0	3998941184	0	1433513	3126421	13145657344	17450565632	53445781043	17451091500
2025-05-20 03:59:34	7	59	8	4	1	0	3998945280	0	1434041	3126424	13145657344	17450565632	53451558759	17451091590
2025-05-20 03:59:35	7	59	8	4	1	0	3998945280	0	1434343	3126427	13145657344	17450565632	53453881866	17451091773
2025-05-20 03:59:37	7	59	8	4	1	0	3998388224	0	1434546	3126432	13149851648	17450569728	53456265464	17451091994
2025-05-20 03:59:38	7	59	8	4	1	0	3998388224	0	1434897	3126435	13149851648	17450569728	53459039923	17451092084
2025-05-20 03:59:39	7	59	8	4	1	0	3998392320	0	1435836	3126438	13149851648	17450569728	53468019728	17451092152
2025-05-20 03:59:40	7	59	8	4	1	0	3998404608	0	1437314	3126441	13154045952	17450569728	53483090279	17451092220
2025-05-20 03:59:41	7	59	8	4	1	0	3998416896	0	1438785	3126445	13158240256	17450569728	53496521668	17451092318
2025-05-20 03:59:43	7	59	8	4	1	0	3998420992	0	1440329	3126449	13162434560	17450569728	53511814314	17451092394
2025-05-20 03:59:44	7	59	8	4	1	0	3998429184	0	1441837	3126453	13162434560	17450569728	53525658943	17451092470
2025-05-20 03:59:45	7	59	8	4	1	0	3998433280	0	1443338	3126455	13166628864	17450569728	53540576702	17451092530
2025-05-20 03:59:46	7	59	8	4	1	0	3998445568	0	1444951	3126460	13170823168	17450573824	53555678789	17451092614
2025-05-20 03:59:47	7	59	8	4	1	0	3998449664	0	1446540	3126463	13175017472	17450573824	53571391355	17451092682
2025-05-20 03:59:48	7	59	8	4	1	0	3998453760	0	1448056	3126467	13179211776	17450573824	53585815571	17451092758
2025-05-20 03:59:49	7	59	8	4	1	0	3998461952	0	1449111	3126471	13179211776	17450573824	53595253747	17451092856
2025-05-20 03:59:50	7	59	8	4	1	0	3998461952	0	1449846	3126474	13183406080	17450573824	53602610292	17451092924
2025-05-20 03:59:51	7	59	8	4	1	0	3998466048	0	1450269	3126478	13183406080	17450573824	53606469327	17451093000
2025-05-20 03:59:52	7	59	8	4	1	0	3998494720	0	1450606	3126482	13183406080	17450573824	53609893355	17451093098
2025-05-20 03:59:54	7	59	8	4	1	0	3998494720	0	1450804	3126486	13183406080	17450573824	53611205554	17451093196
2025-05-20 03:59:55	7	59	8	4	1	0	3998543872	0	1451284	3126489	13183406080	17450573824	53615714449	17451093264
2025-05-20 03:59:56	7	59	8	4	1	0	3998617600	0	1452400	3126492	13187600384	17450573824	53626817223	17451093332
2025-05-20 03:59:57	7	59	8	4	1	0	3999727616	0	1453887	3126495	13191794688	17450573824	53640889101	17451093400
2025-05-20 03:59:58	7	59	8	4	1	0	4003033088	0	1455451	3126497	13195988992	17450573824	53655573810	17451093460
2025-05-20 04:00:00	7	59	8	4	1	0	4003037184	0	1457045	3126501	13200183296	17450573824	53671275809	17451093558
2025-05-20 04:00:01	7	59	8	4	1	0	4003045376	0	1458648	3126505	13200183296	17450573824	53686470396	17451093634
2025-05-20 04:00:02	7	59	8	4	1	0	4003057664	0	1460165	3126508	13204377600	17450573824	53701441770	17451093702
2025-05-20 04:00:03	7	59	8	4	1	0	4003057664	0	1461678	3126512	13208571904	17450573824	53715298425	17451093778
2025-05-20 04:00:04	7	59	8	4	1	0	4003057664	0	1462761	3126514	13212766208	17450573824	53724722665	17451093838
2025-05-20 04:00:05	7	59	8	4	1	0	4003082240	0	1464287	3138187	13216960512	17451671552	53761438631	17452174178
2025-05-20 04:00:06	7	59	8	4	1	0	4003028992	0	1465927	3138193	13217517568	17451671552	53777926401	17452174500
2025-05-20 04:00:07	7	59	8	4	1	0	4003037184	0	1467500	3138200	13218271232	17451671552	53793665236	17452174622
2025-05-20 04:00:08	7	59	8	4	1	0	4003041280	0	1468710	3138203	13218271232	17451671552	53804528640	17452174690
2025-05-20 04:00:09	7	59	8	4	1	0	4003045376	0	1469589	3138205	13218271232	17451671552	53813065378	17452174750
2025-05-20 04:00:10	7	59	8	4	1	0	4003049472	0	1470089	3138207	13218271232	17451671552	53818554818	17452174810
2025-05-20 04:00:11	7	59	8	4	1	0	4003049472	0	1470473	3138211	13218271232	17451671552	53821434282	17452174908
2025-05-20 04:00:13	7	59	8	4	1	0	4003049472	0	1470764	3138214	13218271232	17451671552	53824613266	17452174998
2025-05-20 04:00:14	7	59	8	4	1	0	4003049472	0	1471066	3138216	13218271232	17451671552	53827767353	17452175058
2025-05-20 04:00:16	7	59	8	4	1	0	4003049472	0	1471882	3138221	13222416384	17451671552	53835553535	17452175164
2025-05-20 04:00:17	7	59	8	4	1	0	4003053568	0	1473337	3138223	13222416384	17451671552	53848961495	17452175224
2025-05-20 04:00:18	7	59	8	4	1	0	4003061760	0	1474918	3138227	13225160704	17451671552	53863616183	17452175300
2025-05-20 04:00:19	7	59	8	4	1	0	4003074048	0	1476589	3138231	13228695552	17451671552	53880157529	17452175376
2025-05-20 04:00:20	7	59	8	4	1	0	4003074048	0	1478123	3138233	13237084160	17451671552	53894115146	17452175436
2025-05-20 04:00:21	7	59	8	4	1	0	4003078144	0	1479561	3138235	13241278464	17451675648	53908130092	17452175496
2025-05-20 04:00:22	7	59	8	4	1	0	4003086336	0	1481180	3138237	13241278464	17451675648	53923574585	17452175556
2025-05-20 04:00:23	7	59	8	4	1	0	4003086336	0	1482715	3138242	13245472768	17451675648	53938749030	17452175662
2025-05-20 04:00:24	7	59	8	4	1	0	4003102720	0	1484251	3138244	13249667072	17451675648	53952899688	17452175722
2025-05-20 04:00:25	7	59	8	4	1	0	4003106816	0	1485546	3138247	13253861376	17451675648	53964691054	17452175790
2025-05-20 04:00:26	7	59	8	4	1	0	4003110912	0	1487035	3138250	13258055680	17451675648	53979956251	17452175858
2025-05-20 04:00:27	7	59	8	4	1	0	4003110912	0	1488365	3138253	13262249984	17451675648	53992640431	17452175926
2025-05-20 04:00:28	7	59	8	4	1	0	4003110912	0	1489242	3138257	13266444288	17451675648	54000518890	17452176002
2025-05-20 04:00:29	7	59	8	4	1	0	4003115008	0	1489769	3138261	13266444288	17451675648	54004930942	17452176100
2025-05-20 04:00:31	7	59	8	4	1	0	4003115008	0	1490160	3138263	13266444288	17451675648	54008642727	17452176160
2025-05-20 04:00:32	7	59	8	4	1	0	4003115008	0	1490402	3138267	13266444288	17451679744	54011253659	17452176258
2025-05-20 04:00:34	7	59	8	4	1	0	4003115008	0	1490586	3138270	13266444288	17451679744	54012498166	17452176348
2025-05-20 04:00:35	7	59	8	4	1	0	4003123200	0	1490795	3138273	13266444288	17451679744	54014766909	17452176438
2025-05-20 04:00:36	7	59	8	4	1	0	4003135488	0	1491663	3138277	13270638592	17451683840	54022702380	17452176744
2025-05-20 04:00:37	7	59	8	4	1	0	4003164160	0	1493063	3138280	13274832896	17451683840	54035393904	17452176812
2025-05-20 04:00:38	7	59	8	4	1	0	4003168256	0	1494665	3138285	13279027200	17451683840	54051077283	17452176896
2025-05-20 04:00:39	7	59	8	4	1	0	4003172352	0	1496192	3138290	13279027200	17451683840	54064759707	17452176980
2025-05-20 04:00:40	7	59	8	4	1	0	4003184640	0	1497737	3138294	13283221504	17451683840	54079919235	17452177056
2025-05-20 04:00:41	7	59	8	4	1	0	4003192832	0	1499133	3138299	13287415808	17451683840	54093364711	17452177162
2025-05-20 04:00:43	7	59	8	4	1	0	4003205120	0	1500759	3138303	13291610112	17451683840	54108334923	17452177238
2025-05-20 04:00:44	7	59	8	4	1	0	4003233792	0	1502302	3138306	13295804416	17451683840	54123427296	17452177306
2025-05-20 04:00:45	7	59	8	4	1	0	4003241984	0	1503777	3138310	13299998720	17451683840	54136697826	17452177382
2025-05-20 04:00:46	7	59	8	4	1	0	4003250176	0	1505125	3138314	13304193024	17451683840	54149390721	17452177458
2025-05-20 04:00:47	7	59	8	4	1	0	4002914304	0	1506589	3138317	13304193024	17451683840	54162709149	17452177526
2025-05-20 04:00:48	7	59	8	4	1	0	4003672064	0	1507725	3138319	13308387328	17451683840	54173324943	17452177586
2025-05-20 04:00:49	7	59	8	4	1	0	4005888000	0	1508540	3138323	13312581632	17451683840	54180923998	17452177684
2025-05-20 04:00:50	7	59	8	4	1	0	4005888000	0	1509042	3138327	13312581632	17451683840	54185222620	17452177760
2025-05-20 04:00:51	7	59	8	4	1	0	4005888000	0	1509416	3138331	13312581632	17451687936	54188764641	17452177836
2025-05-20 04:00:53	7	59	8	4	1	0	4005888000	0	1509691	3138337	13312581632	17451687936	54191755609	17452177950
2025-05-20 04:00:54	7	59	8	4	1	0	4005888000	0	1509867	3138343	13312581632	17451687936	54192846594	17452178064
2025-05-20 04:00:56	7	59	8	4	1	0	4005888000	0	1510264	3138348	13316775936	17451687936	54196741647	17452178170
2025-05-20 04:00:57	7	59	8	4	1	0	4005900288	0	1511129	3138352	13316775936	17451687936	54204204681	17452178246
2025-05-20 04:00:58	7	59	8	4	1	0	4005900288	0	1512420	3138355	13320970240	17451687936	54216404265	17452178314
2025-05-20 04:00:59	7	59	8	4	1	0	4005904384	0	1513627	3138358	13325164544	17451687936	54226096053	17452178382
2025-05-20 04:01:00	7	59	8	4	1	0	4005904384	0	1514971	3138361	13329358848	17451687936	54238696975	17452178450
2025-05-20 04:01:01	7	59	8	4	1	0	4005912576	0	1516339	3138365	13333553152	17451687936	54251758090	17452178526
2025-05-20 04:01:02	7	59	8	4	1	0	4005916672	0	1517697	3138369	13333553152	17451687936	54263551467	17452178624
2025-05-20 04:01:03	7	59	8	4	1	0	4005920768	0	1518974	3138372	13337747456	17451687936	54275213561	17452178692
2025-05-20 04:01:04	7	59	8	4	1	0	4005933056	0	1520411	3138375	13341941760	17451687936	54288183986	17452178760
2025-05-20 04:01:05	7	59	8	4	1	0	4005933056	0	1521661	3138379	13346136064	17451687936	54299696876	17452178836
2025-05-20 04:01:06	7	59	8	4	1	0	4006019072	0	1522671	3138384	13350330368	17451687936	54309912328	17452179150
2025-05-20 04:01:07	7	59	8	4	1	0	4006027264	0	1523355	3138388	13350330368	17451687936	54316097961	17452179248
2025-05-20 04:01:09	7	59	8	4	1	0	4006027264	0	1523771	3138391	13350330368	17451687936	54320048518	17452179316
2025-05-20 04:01:10	7	59	8	4	1	0	4006027264	0	1524087	3138396	13350330368	17451687936	54323320858	17452179422
2025-05-20 04:01:11	7	59	8	4	1	0	4006027264	0	1524352	3138400	13350330368	17451687936	54325299180	17452179498
2025-05-20 04:01:12	7	59	8	4	1	0	4006027264	0	1524924	3138406	13354524672	17451687936	54330405148	17452179612
2025-05-20 04:01:14	7	59	8	4	1	0	4006031360	0	1526155	3138410	13354524672	17451687936	54342101761	17452179688
2025-05-20 04:01:15	7	59	8	4	1	0	4006047744	0	1527616	3138413	13358718976	17451687936	54356452197	17452179756
2025-05-20 04:01:16	7	59	8	4	1	0	4006047744	0	1529124	3138415	13362913280	17451687936	54370113347	17452179816
2025-05-20 04:01:17	7	59	8	4	1	0	4006060032	0	1530831	3138419	13367107584	17451687936	54387267680	17452179892
2025-05-20 04:01:18	7	59	8	4	1	0	4006060032	0	1532446	3138422	13371301888	17451687936	54402452967	17452179960
2025-05-20 04:01:19	7	59	8	4	1	0	4006060032	0	1534081	3138424	13375496192	17451687936	54418785045	17452180020
2025-05-20 04:01:20	7	59	8	4	1	0	4006068224	0	1535447	3138429	13375496192	17451687936	54431002221	17452180126
2025-05-20 04:01:21	7	59	8	4	1	0	4006076416	0	1536827	3138433	13379690496	17451687936	54443941693	17452180202
2025-05-20 04:01:22	7	59	8	4	1	0	4006076416	0	1538277	3138437	13383884800	17451687936	54457060685	17452180278
2025-05-20 04:01:23	7	59	8	4	1	0	4006076416	0	1539705	3138440	13388079104	17451692032	54470039636	17452180346
2025-05-20 04:01:24	7	59	8	4	1	0	4006092800	0	1541023	3138443	13392273408	17451692032	54482898284	17452180414
2025-05-20 04:01:25	7	59	8	4	1	0	4006096896	0	1542281	3138447	13392273408	17451692032	54495522971	17452180490
2025-05-20 04:01:26	7	59	8	4	1	0	4006096896	0	1543029	3138451	13396467712	17451692032	54501867488	17452180588
2025-05-20 04:01:28	7	59	8	4	1	0	4006096896	0	1543480	3149497	13396467712	17452761088	54528604578	17453231604
2025-05-20 04:01:29	7	59	8	4	1	0	4006096896	0	1543726	3149501	13396467712	17452761088	54530258280	17453231702
2025-05-20 04:01:30	7	59	8	4	1	0	4006096896	0	1543958	3149505	13396467712	17452761088	54532852888	17453231778
2025-05-20 04:01:32	7	59	8	4	1	0	4006039552	0	1544344	3149510	13400662016	17452761088	54536677847	17453231884
2025-05-20 04:01:33	7	59	8	4	1	0	4006043648	0	1545296	3149514	13400662016	17452761088	54545617257	17453231960
2025-05-20 04:01:34	7	59	8	4	1	0	4006051840	0	1546799	3149517	13404856320	17452761088	54560704170	17453232028
2025-05-20 04:01:35	7	59	8	4	1	0	4006055936	0	1548398	3149521	13409050624	17452761088	54575765733	17453232104
2025-05-20 04:01:36	7	59	8	4	1	0	4006064128	0	1549973	3149528	13413244928	17452765184	54591154109	17453232456
2025-05-20 04:01:37	7	59	8	4	1	0	4006064128	0	1551523	3149532	13413244928	17452765184	54605515069	17453232532
2025-05-20 04:01:38	7	59	8	4	1	0	4006068224	0	1553066	3149535	13417439232	17452765184	54620674670	17453232600
2025-05-20 04:01:39	7	59	8	4	1	0	4006076416	0	1554550	3149538	13421633536	17452765184	54634206951	17453232668
2025-05-20 04:01:40	7	59	8	4	1	0	4006084608	0	1556112	3149542	13425827840	17452765184	54649608623	17453232744
2025-05-20 04:01:41	7	59	8	4	1	0	4006088704	0	1557601	3149545	13430022144	17452769280	54663554318	17453232812
2025-05-20 04:01:42	7	59	8	4	1	0	4006146048	0	1558891	3149549	13434216448	17452769280	54675859476	17453232888
2025-05-20 04:01:43	7	59	8	4	1	0	4007530496	0	1559768	3149554	13434216448	17452769280	54683824340	17453232994
2025-05-20 04:01:45	7	59	8	4	1	0	4009639936	0	1560425	3149557	13438410752	17452769280	54690656540	17453233062
2025-05-20 04:01:46	7	59	8	4	1	0	4009709568	0	1560868	3149560	13438410752	17452769280	54695075021	17453233130
2025-05-20 04:01:47	7	59	8	4	1	0	4010844160	0	1561112	3149565	13438410752	17452769280	54696883391	17453233236
2025-05-20 04:01:48	7	59	8	4	1	0	4010844160	0	1561315	3149569	13438410752	17452769280	54699153496	17453233334
2025-05-20 04:01:50	7	59	8	4	1	0	4010848256	0	1561945	3149572	13438410752	17452769280	54704658986	17453233402
2025-05-20 04:01:51	7	59	8	4	1	0	4010856448	0	1563258	3149575	13442605056	17452769280	54717377741	17453233470
2025-05-20 04:01:52	7	59	8	4	1	0	4010860544	0	1564456	3149578	13446799360	17452769280	54728657763	17453233538
2025-05-20 04:01:53	7	59	8	4	1	0	4010864640	0	1565908	3149582	13450993664	17452769280	54742480782	17453233614
2025-05-20 04:01:54	7	59	8	4	1	0	4010868736	0	1567323	3149586	13455187968	17452769280	54757137587	17453233712
2025-05-20 04:01:55	7	59	8	4	1	0	4010868736	0	1568779	3149589	13459382272	17452769280	54770593766	17453233780
2025-05-20 04:01:56	7	59	8	4	1	0	4010872832	0	1569812	3149592	13459382272	17452769280	54780049069	17453233848
2025-05-20 04:01:57	7	59	8	4	1	0	4010872832	0	1571211	3149596	13463576576	17452773376	54794169078	17453233924
2025-05-20 04:01:58	7	59	8	4	1	0	4010876928	0	1572652	3149599	13467770880	17452773376	54807589384	17453233992
2025-05-20 04:01:59	7	59	8	4	1	0	4010876928	0	1574447	3149601	13471965184	17452773376	54825334192	17453234052
2025-05-20 04:02:00	7	59	8	4	1	0	4010889216	0	1575973	3149606	13471965184	17452773376	54839499955	17453234158
2025-05-20 04:02:02	7	59	8	4	1	0	4010889216	0	1577584	3149609	13476159488	17452773376	54855874999	17453234226
2025-05-20 04:02:03	7	59	8	4	1	0	4010893312	0	1579061	3149613	13480353792	17452773376	54869994088	17453234302
2025-05-20 04:02:04	7	59	8	4	1	0	4010897408	0	1580178	3149617	13484548096	17452773376	54880289015	17453234378
2025-05-20 04:02:05	7	59	8	4	1	0	4010901504	0	1580815	3149619	13484548096	17452773376	54886970748	17453234438
2025-05-20 04:02:06	7	59	8	4	1	0	4010905600	0	1581171	3149625	13484548096	17452773376	54890360940	17453234552
2025-05-20 04:02:07	7	59	8	4	1	0	4010905600	0	1581403	3149630	13484548096	17452773376	54891876506	17453234658
2025-05-20 04:02:09	7	59	8	4	1	0	4010905600	0	1581572	3149636	13488742400	17452773376	54893802654	17453234772
2025-05-20 04:02:10	7	59	8	4	1	0	4010905600	0	1581796	3149640	13488742400	17452773376	54895371929	17453234848
2025-05-20 04:02:11	7	59	8	4	1	0	4010909696	0	1582422	3149645	13488742400	17452773376	54901582800	17453234954
2025-05-20 04:02:13	7	59	8	4	1	0	4010913792	0	1583818	3149648	13492936704	17452773376	54914719570	17453235022
2025-05-20 04:02:14	7	59	8	4	1	0	4010921984	0	1585166	3149651	13492936704	17452773376	54926813751	17453235090
2025-05-20 04:02:15	7	59	8	4	1	0	4010930176	0	1586730	3149655	13497131008	17452773376	54942227274	17453235166
2025-05-20 04:02:16	7	59	8	4	1	0	4010967040	0	1588407	3149660	13501325312	17452777472	54958105371	17453235480
2025-05-20 04:02:17	7	59	8	4	1	0	4010979328	0	1589866	3149663	13505519616	17452777472	54972280998	17453235548
2025-05-20 04:02:18	7	59	8	4	1	0	4011098112	0	1591474	3149665	13509713920	17452777472	54987293874	17453235608
2025-05-20 04:02:19	7	59	8	4	1	0	4011106304	0	1593087	3149671	13513908224	17452777472	55003782052	17453235722
2025-05-20 04:02:20	7	59	8	4	1	0	4011118592	0	1594201	3149674	13513908224	17452777472	55013608518	17453235790
2025-05-20 04:02:21	7	59	8	4	1	0	4011057152	0	1595031	3149677	13518102528	17452777472	55021680482	17453235858
2025-05-20 04:02:22	7	59	8	4	1	0	4011061248	0	1595580	3149680	13518102528	17452777472	55026763384	17453235926
2025-05-20 04:02:24	7	59	8	4	1	0	4011065344	0	1595869	3149685	13518102528	17452777472	55029770262	17453236032
2025-05-20 04:02:25	7	59	8	4	1	0	4011065344	0	1596102	3149691	13518102528	17452777472	55031305905	17453236146
2025-05-20 04:02:26	7	59	8	4	1	0	4011065344	0	1596520	3149695	13518102528	17452777472	55035454924	17453236222
2025-05-20 04:02:28	7	59	8	4	1	0	4011069440	0	1597556	3149698	13522296832	17452781568	55045987860	17453236312
2025-05-20 04:02:29	7	59	8	4	1	0	4011069440	0	1599064	3149702	13526491136	17452781568	55060311324	17453236388
2025-05-20 04:02:30	7	59	8	4	1	0	4011073536	0	1600506	3149705	13530685440	17452781568	55074358567	17453236456
2025-05-20 04:02:31	7	59	8	4	1	0	4011102208	0	1602088	3149707	13534879744	17452781568	55089235423	17453236516
2025-05-20 04:02:32	7	59	8	4	1	0	4011126784	0	1603617	3149710	13539074048	17452781568	55104405242	17453236584
2025-05-20 04:02:33	7	59	8	4	1	0	4011126784	0	1605156	3149713	13539074048	17452781568	55118939693	17453236652
2025-05-20 04:02:34	7	59	8	4	1	0	4011134976	0	1606604	3149716	13543268352	17452781568	55132262489	17453236720
2025-05-20 04:02:35	7	59	8	4	1	0	4011134976	0	1608098	3149719	13547462656	17452781568	55147056206	17453236810
2025-05-20 04:02:36	7	59	8	4	1	0	4011134976	0	1609561	3149723	13551656960	17452781568	55160490160	17453236886
2025-05-20 04:02:37	7	59	8	4	1	0	4011155456	0	1611186	3149726	13555851264	17452781568	55176513300	17453236954
2025-05-20 04:02:38	7	59	8	4	1	0	4011237376	0	1612686	3149730	13555851264	17452781568	55190526330	17453237030
2025-05-20 04:02:39	7	59	8	4	1	0	4013125632	0	1613896	3149733	13560045568	17452781568	55202132795	17453237098
2025-05-20 04:02:40	7	59	8	4	1	0	4015255552	0	1614445	3149736	13564239872	17452781568	55207063942	17453237166
2025-05-20 04:02:42	7	59	8	4	1	0	4016320512	0	1614848	3149741	13564239872	17452781568	55210651552	17453237272
2025-05-20 04:02:43	7	59	8	4	1	0	4017393664	0	1615127	3149744	13564239872	17452781568	55213466282	17453237340
2025-05-20 04:02:44	7	59	8	4	1	0	4017434624	0	1615362	3149750	13564239872	17452781568	55215071879	17453237454
2025-05-20 04:02:46	7	59	8	4	1	0	4018483200	0	1615658	3149758	13564239872	17452781568	55218065938	17453237816
2025-05-20 04:02:47	7	59	8	4	1	0	4019597312	0	1616080	3149764	13568434176	17452781568	55221873271	17453237930
2025-05-20 04:02:48	7	59	8	4	1	0	4021862400	0	1617160	3149767	13568434176	17452781568	55231630579	17453237998
2025-05-20 04:02:49	7	59	8	4	1	0	4024090624	0	1618462	3149771	13572628480	17452785664	55244412383	17453238074
2025-05-20 04:02:50	7	59	8	4	1	0	4024102912	0	1619757	3149774	13576822784	17452785664	55255734852	17453238142
2025-05-20 04:02:51	7	59	8	4	1	0	4024102912	0	1621304	3149778	13581017088	17452785664	55271049176	17453238218
2025-05-20 04:02:52	7	59	8	4	1	0	4024131584	0	1622775	3160042	13585211392	17453613056	55305665840	17454062922
2025-05-20 04:02:53	7	59	8	4	1	0	4024168448	0	1624309	3160047	13585211392	17453613056	55320271353	17454063028
2025-05-20 04:02:55	7	59	8	4	1	0	4024188928	0	1625936	3160051	13589405696	17453613056	55336556046	17454063104
2025-05-20 04:02:56	7	59	8	4	1	0	4024221696	0	1627564	3160055	13593600000	17453613056	55351671873	17454063180
2025-05-20 04:02:57	7	59	8	4	1	0	4024160256	0	1629089	3160059	13597794304	17453613056	55366846966	17454063256
2025-05-20 04:02:58	7	59	8	4	1	0	4024160256	0	1630381	3160062	13601988608	17453613056	55378526028	17454063324
2025-05-20 04:02:59	7	59	8	4	1	0	4024168448	0	1631294	3160066	13601988608	17453613056	55387389385	17454063400
2025-05-20 04:03:00	7	59	8	4	1	0	4024176640	0	1631861	3160072	13606182912	17453613056	55393445916	17454063514
2025-05-20 04:03:01	7	59	8	4	1	0	4024197120	0	1632231	3160076	13606182912	17453613056	55397006167	17454063590
2025-05-20 04:03:02	7	59	8	4	1	0	4024201216	0	1632474	3160081	13606182912	17453617152	55398763553	17454063696
2025-05-20 04:03:04	7	59	8	4	1	0	4024213504	0	1632725	3160087	13606182912	17453617152	55401608599	17454063810
2025-05-20 04:03:05	7	59	8	4	1	0	4024213504	0	1633473	3160091	13606182912	17453617152	55408069041	17454063886
2025-05-20 04:03:06	7	59	8	4	1	0	4024229888	0	1634914	3160093	13610377216	17453617152	55422793757	17454063946
2025-05-20 04:03:07	7	59	8	4	1	0	4024233984	0	1636585	3160096	13614571520	17453617152	55439246473	17454064014
2025-05-20 04:03:08	7	59	8	4	1	0	4024254464	0	1638162	3160100	13618765824	17453617152	55455154024	17454064090
2025-05-20 04:03:09	7	59	8	4	1	0	4024266752	0	1639597	3160105	13622960128	17453617152	55468357743	17454064196
2025-05-20 04:03:11	7	59	8	4	1	0	4024303616	0	1641097	3160108	13627154432	17453617152	55483263369	17454064264
2025-05-20 04:03:12	7	59	8	4	1	0	4024352768	0	1642470	3160110	13627154432	17453617152	55495635868	17454064324
2025-05-20 04:03:13	7	59	8	4	1	0	4024356864	0	1643777	3160113	13631348736	17453617152	55507290623	17454064392
2025-05-20 04:03:14	7	59	8	4	1	0	4024377344	0	1645300	3160115	13635543040	17453617152	55522425483	17454064452
2025-05-20 04:03:15	7	59	8	4	1	0	4024381440	0	1646754	3160118	13639737344	17453617152	55535541025	17454064520
2025-05-20 04:03:16	7	59	8	4	1	0	4024451072	0	1647429	3160123	13643931648	17453621248	55545432368	17454064836
2025-05-20 04:03:17	7	59	8	4	1	0	4024451072	0	1648473	3160126	13648125952	17453621248	55554225268	17454064926
2025-05-20 04:03:18	7	59	8	4	1	0	4024455168	0	1649392	3160128	13648125952	17453621248	55563248099	17454064986
2025-05-20 04:03:19	7	59	8	4	1	0	4024455168	0	1650029	3160132	13652320256	17453621248	55568817615	17454065062
2025-05-20 04:03:20	7	59	8	4	1	0	4024459264	0	1650452	3160137	13652320256	17453621248	55572871063	17454065168
2025-05-20 04:03:22	7	59	8	4	1	0	4024471552	0	1650777	3160140	13652320256	17453621248	55576390922	17454065236
2025-05-20 04:03:23	7	59	8	4	1	0	4024475648	0	1651064	3160146	13652320256	17453621248	55578589068	17454065350
2025-05-20 04:03:24	7	59	8	4	1	0	4024479744	0	1651627	3160149	13652320256	17453621248	55583888312	17454065418
2025-05-20 04:03:25	7	59	8	4	1	0	4024483840	0	1652897	3160153	13656514560	17453621248	55596490211	17454065494
2025-05-20 04:03:26	7	59	8	4	1	0	4024487936	0	1654171	3160157	13660708864	17453621248	55608113731	17454065592
2025-05-20 04:03:28	7	59	8	4	1	0	4024496128	0	1655451	3160160	13664903168	17453621248	55619889853	17454065660
2025-05-20 04:03:29	7	59	8	4	1	0	4024500224	0	1656739	3160163	13664903168	17453621248	55632189587	17454065728
2025-05-20 04:03:30	7	59	8	4	1	0	4024500224	0	1658278	3160167	13669097472	17453621248	55647609538	17454065804
2025-05-20 04:03:31	7	59	8	4	1	0	4024504320	0	1659780	3160170	13673291776	17453621248	55661438623	17454065872
2025-05-20 04:03:32	7	59	8	4	1	0	4024512512	0	1661302	3160174	13677486080	17453621248	55675354232	17454065948
2025-05-20 04:03:33	7	59	8	4	1	0	4024516608	0	1662847	3160177	13681680384	17453621248	55690578367	17454066016
2025-05-20 04:03:34	7	59	8	4	1	0	4024520704	0	1664363	3160181	13681680384	17453621248	55704450313	17454066114
2025-05-20 04:03:35	7	59	8	4	1	0	4024524800	0	1665809	3160184	13685874688	17453621248	55718442117	17454066182
2025-05-20 04:03:36	7	59	8	4	1	0	4024578048	0	1667317	3160187	13690068992	17453621248	55732321721	17454066250
2025-05-20 04:03:37	7	59	8	4	1	0	4024664064	0	1668809	3160191	13694263296	17453625344	55746778484	17454066326
2025-05-20 04:03:38	7	59	8	4	1	0	4024721408	0	1670129	3160194	13698457600	17453625344	55758738774	17454066394
2025-05-20 04:03:39	7	59	8	4	1	0	4025905152	0	1671075	3160198	13698457600	17453625344	55767739783	17454066470
2025-05-20 04:03:40	7	59	8	4	1	0	4027031552	0	1671865	3160203	13702651904	17453625344	55775587564	17454066576
2025-05-20 04:03:42	7	59	8	4	1	0	4028166144	0	1672236	3160207	13702651904	17453625344	55778201499	17454066652
2025-05-20 04:03:43	7	59	8	4	1	0	4028166144	0	1672546	3160212	13702651904	17453625344	55781469856	17454066758
2025-05-20 04:03:44	7	59	8	4	1	0	4028166144	0	1672792	3160216	13702651904	17453625344	55784187810	17454066856
2025-05-20 04:03:46	7	59	8	4	1	0	4028166144	0	1673000	3160218	13702651904	17453625344	55785621313	17454066916
2025-05-20 04:03:47	7	59	8	4	1	0	4028166144	0	1673497	3160222	13706846208	17453625344	55790376643	17454067014
2025-05-20 04:03:48	7	59	8	4	1	0	4028166144	0	1674582	3160224	13711040512	17453625344	55800009686	17454067074
2025-05-20 04:03:49	7	59	8	4	1	0	4027731968	0	1675995	3160226	13711040512	17453625344	55812534641	17454067134
2025-05-20 04:03:50	7	59	8	4	1	0	4027740160	0	1677234	3160229	13715234816	17453625344	55823785645	17454067202
2025-05-20 04:03:51	7	59	8	4	1	0	4027748352	0	1678660	3160232	13719429120	17453625344	55836587475	17454067270
2025-05-20 04:03:52	7	59	8	4	1	0	4027756544	0	1680094	3160235	13723623424	17453625344	55850378909	17454067338
2025-05-20 04:03:53	7	59	8	4	1	0	4027756544	0	1681554	3160238	13727817728	17453625344	55863616298	17454067406
2025-05-20 04:03:54	7	59	8	4	1	0	4027760640	0	1682741	3160240	13732012032	17453625344	55874303463	17454067466
2025-05-20 04:03:56	7	59	8	4	1	0	4027768832	0	1684015	3160244	13736206336	17453625344	55886175046	17454067564
2025-05-20 04:03:57	7	59	8	4	1	0	4027801600	0	1685529	3160250	13736206336	17453633536	55900289026	17454067888
2025-05-20 04:03:58	7	59	8	4	1	0	4027809792	0	1686575	3160252	13740400640	17453637632	55909368792	17454067948
2025-05-20 04:03:59	7	59	8	4	1	0	4027817984	0	1687330	3160255	13740400640	17453637632	55916674896	17454068016
2025-05-20 04:04:00	7	59	8	4	1	0	4027817984	0	1687820	3160260	13744594944	17453637632	55922050295	17454068122
2025-05-20 04:04:01	7	59	8	4	1	0	4027817984	0	1688133	3160262	13744594944	17453637632	55924203024	17454068182
2025-05-20 04:04:02	7	59	8	4	1	0	4027817984	0	1688357	3160265	13744594944	17453637632	55926564331	17454068272
2025-05-20 04:04:04	7	59	8	4	1	0	4027822080	0	1688667	3160268	13744594944	17453637632	55929716776	17454068362
2025-05-20 04:04:05	7	59	8	4	1	0	4027826176	0	1689551	3160270	13748789248	17453637632	55937792624	17454068422
2025-05-20 04:04:06	7	59	8	4	1	0	4027834368	0	1690758	3160273	13752983552	17453637632	55948233726	17454068490
2025-05-20 04:04:07	7	59	8	4	1	0	4027834368	0	1692445	3169991	13752983552	17454481408	55984096169	17454910654
2025-05-20 04:04:08	7	59	8	4	1	0	4027842560	0	1693994	3169993	13757177856	17454481408	55999661852	17454910714
2025-05-20 04:04:09	7	59	8	4	1	0	4027846656	0	1695361	3169996	13761372160	17454481408	56012213880	17454910782
2025-05-20 04:04:10	7	59	8	4	1	0	4027854848	0	1696929	3169999	13765566464	17454481408	56027768245	17454910850
2025-05-20 04:04:11	7	59	8	4	1	0	4027863040	0	1698386	3170006	13769760768	17454485504	56041022313	17454910972
2025-05-20 04:04:13	7	59	8	4	1	0	4027863040	0	1699874	3170009	13773955072	17454485504	56055497505	17454911040
2025-05-20 04:04:14	7	59	8	4	1	0	4027867136	0	1701330	3170012	13778149376	17454485504	56068760484	17454911108
2025-05-20 04:04:15	7	59	8	4	1	0	4027867136	0	1702857	3170016	13782343680	17454485504	56084133877	17454911184
2025-05-20 04:04:16	7	59	8	4	1	0	4027875328	0	1704138	3170020	13782343680	17454485504	56096352784	17454911260
2025-05-20 04:04:17	7	59	8	4	1	0	4027879424	0	1705096	3170023	13786537984	17454485504	56105371291	17454911328
2025-05-20 04:04:18	7	59	8	4	1	0	4027887616	0	1705710	3170026	13786537984	17454485504	56110786908	17454911418
2025-05-20 04:04:19	7	59	8	4	1	0	4027887616	0	1706125	3170028	13786537984	17454485504	56114972550	17454911478
2025-05-20 04:04:20	7	59	8	4	1	0	4027887616	0	1706386	3170031	13786537984	17454485504	56117972480	17454911568
2025-05-20 04:04:22	7	59	8	4	1	0	4027887616	0	1706620	3170036	13786537984	17454485504	56119724872	17454911674
2025-05-20 04:04:23	7	59	8	4	1	0	4027891712	0	1707267	3170040	13790732288	17454485504	56126265703	17454911750
2025-05-20 04:04:24	7	59	8	4	1	0	4027895808	0	1708502	3170044	13794926592	17454485504	56137749854	17454911826
2025-05-20 04:04:25	7	59	8	4	1	0	4027899904	0	1710134	3170048	13794926592	17454485504	56152994858	17454911902
2025-05-20 04:04:26	7	59	8	4	1	0	4027899904	0	1711714	3170055	13799120896	17454485504	56168656022	17454912256
2025-05-20 04:04:28	7	59	8	4	1	0	4027899904	0	1713170	3170058	13803315200	17454485504	56182800156	17454912324
2025-05-20 04:04:29	7	59	8	4	1	0	4027904000	0	1714666	3170061	13807509504	17454485504	56196492369	17454912392
2025-05-20 04:04:30	7	59	8	4	1	0	4027924480	0	1716271	3170064	13811703808	17454485504	56212387612	17454912460
2025-05-20 04:04:31	7	59	8	4	1	0	4027928576	0	1717643	3170067	13815898112	17454485504	56224953671	17454912528
2025-05-20 04:04:32	7	59	8	4	1	0	4027928576	0	1719060	3170070	13820092416	17454485504	56239059127	17454912596
2025-05-20 04:04:33	7	59	8	4	1	0	4027928576	0	1720554	3170074	13824286720	17454485504	56253193113	17454912672
2025-05-20 04:04:34	7	59	8	4	1	0	4027940864	0	1721584	3170078	13824286720	17454485504	56263257323	17454912770
2025-05-20 04:04:35	7	59	8	4	1	0	4027969536	0	1722373	3170081	13828481024	17454485504	56270486136	17454912838
2025-05-20 04:04:36	7	59	8	4	1	0	4027981824	0	1722838	3170085	13828481024	17454485504	56275935736	17454912914
2025-05-20 04:04:37	7	59	8	4	1	0	4028182528	0	1723106	3170091	13828481024	17454485504	56277756073	17454913028
2025-05-20 04:04:39	7	59	8	4	1	0	4029247488	0	1723481	3170095	13828481024	17454485504	56281625570	17454913104
2025-05-20 04:04:40	7	59	8	4	1	0	4031385600	0	1724383	3170100	13832675328	17454485504	56290174212	17454913210
2025-05-20 04:04:41	7	59	8	4	1	0	4032593920	0	1725328	3170103	13836869632	17454485504	56297839729	17454913278
2025-05-20 04:04:42	7	59	8	4	1	0	4032598016	0	1726666	3170107	13841063936	17454485504	56310266359	17454913354
2025-05-20 04:04:43	7	59	8	4	1	0	4032602112	0	1728307	3170111	13845258240	17454489600	56326350681	17454913430
2025-05-20 04:04:44	7	59	8	4	1	0	4032602112	0	1729753	3170114	13849001984	17454489600	56339170876	17454913498
2025-05-20 04:04:45	7	59	8	4	1	0	4032606208	0	1731199	3170117	13857390592	17454489600	56352923706	17454913566
2025-05-20 04:04:46	7	59	8	4	1	0	4032614400	0	1732852	3170121	13861584896	17454489600	56368392700	17454913642
2025-05-20 04:04:47	7	59	8	4	1	0	4032614400	0	1734263	3170125	13869973504	17454489600	56382046267	17454913740
2025-05-20 04:04:49	7	59	8	4	1	0	4032618496	0	1735788	3170128	13874167808	17454489600	56396247283	17454913808
2025-05-20 04:04:50	7	59	8	4	1	0	4032626688	0	1737135	3170131	13874167808	17454489600	56408817574	17454913876
2025-05-20 04:04:51	7	59	8	4	1	0	4032630784	0	1738137	3170134	13882556416	17454489600	56418557552	17454913944
2025-05-20 04:04:52	7	59	8	4	1	0	4032630784	0	1738822	3170136	13886750720	17454489600	56425274866	17454914004
2025-05-20 04:04:53	7	59	8	4	1	0	4032634880	0	1739219	3170142	13886750720	17454489600	56428059396	17454914118
2025-05-20 04:04:54	7	59	8	4	1	0	4032638976	0	1739539	3170146	13886750720	17454489600	56431425738	17454914194
2025-05-20 04:04:56	7	59	8	4	1	0	4032663552	0	1739810	3170154	13886750720	17454493696	56434383199	17454914556
2025-05-20 04:04:57	7	59	8	4	1	0	4032663552	0	1740340	3170160	13886750720	17454493696	56439242799	17454914670
2025-05-20 04:04:58	7	59	8	4	1	0	4032663552	0	1741202	3170162	13890945024	17454493696	56446016855	17454914730
2025-05-20 04:04:59	7	59	8	4	1	0	4032671744	0	1742672	3170167	13899333632	17454493696	56460256934	17454914814
2025-05-20 04:05:00	7	59	8	4	1	0	4032679936	0	1744239	3170170	13899333632	17454493696	56474597425	17454914882
2025-05-20 04:05:01	7	59	8	4	1	0	4032684032	0	1745741	3170174	13903527936	17454493696	56489229379	17454914958
2025-05-20 04:05:02	7	59	8	4	1	0	4032688128	0	1747281	3170177	13907722240	17454493696	56504322767	17454915026
2025-05-20 04:05:03	7	59	8	4	1	0	4032688128	0	1748582	3170181	13916110848	17454493696	56515422811	17454915102
2025-05-20 04:05:04	7	59	8	4	1	0	4032696320	0	1750154	3170187	13920305152	17454493696	56531137764	17454915216
2025-05-20 04:05:06	7	59	8	4	1	0	4032696320	0	1751704	3170190	13924499456	17454497792	56545710193	17454915284
2025-05-20 04:05:07	7	59	8	4	1	0	4032704512	0	1753152	3170193	13932888064	17454497792	56559771382	17454915352
2025-05-20 04:05:08	7	59	8	4	1	0	4032712704	0	1754430	3170197	13937082368	17454497792	56572082875	17454915428
2025-05-20 04:05:09	7	59	8	4	1	0	4032712704	0	1755298	3170201	13937082368	17454497792	56580158742	17454915504
2025-05-20 04:05:10	7	59	8	4	1	0	4032712704	0	1755871	3170205	13937082368	17454497792	56585460181	17454915602
2025-05-20 04:05:11	7	59	8	4	1	0	4032712704	0	1756294	3170208	13937082368	17454497792	56589810027	17454915670
2025-05-20 04:05:12	7	59	8	4	1	0	4032712704	0	1756588	3170213	13941276672	17454497792	56593039880	17454915776
2025-05-20 04:05:14	7	59	8	4	1	0	4032716800	0	1756877	3170217	13941276672	17454501888	56595178855	17454915852
2025-05-20 04:05:15	7	59	8	4	1	0	4032724992	0	1757610	3170222	13941276672	17454501888	56602476381	17454915958
2025-05-20 04:05:16	7	59	8	4	1	0	4032737280	0	1758975	3179154	13949665280	17455378432	56634367357	17455773174
2025-05-20 04:05:17	7	59	8	4	1	0	4030640128	0	1760531	3179157	13953875968	17455378432	56649322532	17455773242
2025-05-20 04:05:18	7	59	8	4	1	0	4029067264	0	1762129	3179160	13958205440	17455378432	56665769037	17455773310
2025-05-20 04:05:19	7	59	8	4	1	0	4029079552	0	1763794	3179162	13966594048	17455378432	56682684382	17455773370
2025-05-20 04:05:20	7	59	8	4	1	0	4029079552	0	1765181	3179165	13966594048	17455378432	56695895237	17455773438
2025-05-20 04:05:21	7	59	8	4	1	0	4029083648	0	1766644	3179170	13970788352	17455378432	56709639602	17455773544
2025-05-20 04:05:23	7	59	8	4	1	0	4029091840	0	1768125	3179174	13974982656	17455378432	56724495193	17455773620
2025-05-20 04:05:24	7	59	8	4	1	0	4029136896	0	1769622	3179177	13983371264	17455378432	56738461869	17455773688
2025-05-20 04:05:25	7	59	8	4	1	0	4029145088	0	1771248	3179180	13987565568	17455378432	56755022170	17455773756
2025-05-20 04:05:26	7	59	8	4	1	0	4029153280	0	1772656	3179186	13991759872	17455378432	56768439424	17455774080
2025-05-20 04:05:27	7	59	8	4	1	0	4029153280	0	1773652	3179188	13991759872	17455378432	56778348367	17455774140
2025-05-20 04:05:28	7	59	8	4	1	0	4029153280	0	1774404	3179190	13995954176	17455378432	56784989748	17455774200
2025-05-20 04:05:29	7	59	8	4	1	0	4029157376	0	1774815	3179194	14000148480	17455378432	56788810924	17455774298
2025-05-20 04:05:30	7	59	8	4	1	0	4029157376	0	1775157	3179199	14000148480	17455378432	56792411522	17455774404
2025-05-20 04:05:32	7	59	8	4	1	0	4029202432	0	1775421	3179202	14000148480	17455378432	56795473392	17455774472
2025-05-20 04:05:33	7	59	8	4	1	0	4029202432	0	1775847	3179205	14000148480	17455378432	56799839237	17455774562
2025-05-20 04:05:34	7	59	8	4	1	0	4029292544	0	1776929	3179207	14004342784	17455378432	56810023960	17455774622
2025-05-20 04:05:35	7	59	8	4	1	0	4034449408	0	1778464	3179211	14008537088	17455378432	56824531470	17455774698
2025-05-20 04:05:36	7	59	8	4	1	0	4037582848	0	1779737	3179214	14016790528	17455378432	56836914363	17455774766
2025-05-20 04:05:37	7	59	8	4	1	0	4038680576	0	1781243	3179219	14020984832	17455378432	56852287782	17455774850
2025-05-20 04:05:38	7	59	8	4	1	0	4038684672	0	1782808	3179223	14025179136	17455378432	56866990349	17455774948
2025-05-20 04:05:40	7	59	8	4	1	0	4038692864	0	1784306	3179227	14029373440	17455378432	56881922047	17455775024
2025-05-20 04:05:41	7	59	8	4	1	0	4038692864	0	1785966	3179229	14033510400	17455378432	56897793614	17455775084
2025-05-20 04:05:42	7	59	8	4	1	0	4038664192	0	1787421	3179231	14037704704	17455378432	56911391563	17455775144
2025-05-20 04:05:43	7	59	8	4	1	0	4038668288	0	1788624	3179234	14041899008	17455378432	56923255049	17455775212
2025-05-20 04:05:44	7	59	8	4	1	0	4038676480	0	1789525	3179236	14041899008	17455378432	56931953867	17455775272
2025-05-20 04:05:45	7	59	8	4	1	0	4038676480	0	1790143	3179239	14046101504	17455382528	56938571640	17455775362
2025-05-20 04:05:46	7	59	8	4	1	0	4038676480	0	1790573	3179243	14046101504	17455382528	56941902106	17455775438
2025-05-20 04:05:47	7	59	8	4	1	0	4038680576	0	1790896	3179247	14046101504	17455382528	56945426322	17455775536
2025-05-20 04:05:49	7	59	8	4	1	0	4038688768	0	1791314	3179250	14046101504	17455382528	56949251234	17455775604
2025-05-20 04:05:50	7	59	8	4	1	0	4038696960	0	1792455	3179252	14050295808	17455382528	56960664913	17455775664
2025-05-20 04:05:51	7	59	8	4	1	0	4038701056	0	1793966	3179255	14054490112	17455382528	56974869818	17455775732
2025-05-20 04:05:52	7	59	8	4	1	0	4038705152	0	1795651	3179260	14058684416	17455382528	56992088947	17455775816
2025-05-20 04:05:53	7	59	8	4	1	0	4038705152	0	1797234	3179263	14058684416	17455382528	57006822470	17455775906
2025-05-20 04:05:54	7	59	8	4	1	0	4038709248	0	1798722	3179267	14062878720	17455382528	57021613408	17455775982
2025-05-20 04:05:55	7	59	8	4	1	0	4038713344	0	1800279	3179271	14067073024	17455382528	57036095896	17455776058
2025-05-20 04:05:56	7	59	8	4	1	0	4038717440	0	1801827	3179278	14071267328	17455386624	57051537245	17455776390
2025-05-20 04:05:57	7	59	8	4	1	0	4038729728	0	1803341	3179284	14075461632	17455386624	57065747262	17455776482
2025-05-20 04:05:58	7	59	8	4	1	0	4038733824	0	1804851	3179286	14079655936	17455386624	57081242231	17455776542
2025-05-20 04:05:59	7	59	8	4	1	0	4038737920	0	1806154	3179289	14079655936	17455386624	57093988277	17455776610
2025-05-20 04:06:00	7	59	8	4	1	0	4038742016	0	1807044	3179293	14083850240	17455386624	57102489348	17455776708
2025-05-20 04:06:02	7	59	8	4	1	0	4038742016	0	1807631	3179296	14084476928	17455386624	57107850079	17455776776
2025-05-20 04:06:03	7	59	8	4	1	0	4038742016	0	1807969	3179300	14085525504	17455386624	57111109548	17455776874
2025-05-20 04:06:04	7	59	8	4	1	0	4038742016	0	1808236	3179303	14085525504	17455386624	57113058899	17455776942
2025-05-20 04:06:06	7	59	8	4	1	0	4038742016	0	1808421	3179307	14091784192	17455386624	57115074922	17455777040
2025-05-20 04:06:07	7	59	8	4	1	0	4038742016	0	1809058	3179310	14091784192	17455386624	57121431508	17455777108
2025-05-20 04:06:08	7	59	8	4	1	0	4038750208	0	1810302	3179313	14100172800	17455386624	57133140690	17455777176
2025-05-20 04:06:09	7	59	8	4	1	0	4038754304	0	1811789	3179317	14100172800	17455386624	57146806562	17455777252
2025-05-20 04:06:10	7	59	8	4	1	0	4038762496	0	1813348	3179321	14108561408	17455386624	57162617566	17455777350
2025-05-20 04:06:11	7	59	8	4	1	0	4038774784	0	1814818	3179324	14112755712	17455386624	57176376239	17455777418
2025-05-20 04:06:12	7	59	8	4	1	0	4038774784	0	1816081	3179327	14116950016	17455386624	57188328272	17455777486
2025-05-20 04:06:13	7	59	8	4	1	0	4038774784	0	1817489	3179330	14125338624	17455386624	57201402748	17455777554
2025-05-20 04:06:14	7	59	8	4	1	0	4038774784	0	1818698	3179333	14129532928	17455390720	57213282878	17455777622
2025-05-20 04:06:15	7	59	8	4	1	0	4038791168	0	1819479	3179335	14129532928	17455390720	57220514227	17455777682
2025-05-20 04:06:16	7	59	8	4	1	0	4038795264	0	1819932	3179338	14133727232	17455390720	57225175674	17455777772
2025-05-20 04:06:18	7	59	8	4	1	0	4038795264	0	1820309	3179340	14133727232	17455390720	57228897324	17455777832
2025-05-20 04:06:19	7	59	8	4	1	0	4038795264	0	1820594	3179343	14133727232	17455394816	57231011425	17455777922
2025-05-20 04:06:20	7	59	8	4	1	0	4038799360	0	1821050	3179345	14133727232	17455394816	57235438429	17455777982
2025-05-20 04:06:21	7	59	8	4	1	0	4038803456	0	1822182	3187270	14142615552	17456062464	57262599179	17456427418
2025-05-20 04:06:22	7	59	8	4	1	0	4038807552	0	1823583	3187275	14146809856	17456062464	57275307296	17456427502
2025-05-20 04:06:23	7	59	8	4	1	0	4038815744	0	1825162	3187279	14151274496	17456062464	57291140554	17456427578
2025-05-20 04:06:24	7	59	8	4	1	0	4038815744	0	1826547	3187286	14155333632	17456062464	57303408390	17456427700
2025-05-20 04:06:26	7	59	8	4	1	0	4038823936	0	1828221	3187289	14159527936	17456062464	57320093253	17456427768
2025-05-20 04:06:27	7	59	8	4	1	0	4038823936	0	1829854	3187294	14163738624	17456062464	57335729034	17456428084
2025-05-20 04:06:28	7	59	8	4	1	0	4038832128	0	1831361	3187299	14167932928	17456062464	57350781889	17456428168
2025-05-20 04:06:29	7	59	8	4	1	0	4038889472	0	1832986	3187302	14176186368	17456062464	57366313379	17456428236
2025-05-20 04:06:30	7	59	8	4	1	0	4038914048	0	1834522	3187305	14180380672	17456062464	57380918551	17456428304
2025-05-20 04:06:31	7	59	8	4	1	0	4040130560	0	1835655	3187309	14180380672	17456062464	57391931923	17456428380
2025-05-20 04:06:32	7	59	8	4	1	0	4042285056	0	1836459	3187313	14184591360	17456062464	57399916482	17456428478
2025-05-20 04:06:33	7	59	8	4	1	0	4042371072	0	1836836	3187315	14184591360	17456062464	57403583859	17456428538
2025-05-20 04:06:34	7	59	8	4	1	0	4043464704	0	1837023	3187318	14184591360	17456062464	57404904434	17456428628
2025-05-20 04:06:36	7	59	8	4	1	0	4043464704	0	1837209	3187322	14188785664	17456062464	57407125269	17456428726
2025-05-20 04:06:37	7	59	8	4	1	0	4043464704	0	1837559	3187326	14188785664	17456062464	57409847606	17456428824
2025-05-20 04:06:39	7	59	8	4	1	0	4043472896	0	1838609	3187330	14192979968	17456062464	57420587242	17456428900
2025-05-20 04:06:40	7	59	8	4	1	0	4043472896	0	1840461	3187332	14197174272	17456062464	57438449312	17456428960
2025-05-20 04:06:41	7	59	8	4	1	0	4043481088	0	1842797	3187336	14222340096	17456062464	57470794229	17456429036
2025-05-20 04:06:42	7	59	8	4	1	0	4043481088	0	1842801	3187340	14222340096	17456062464	57470796160	17456429112
2025-05-20 04:06:43	7	59	8	4	1	0	4043481088	0	1842804	3187343	14222340096	17456062464	57470798083	17456429180
2025-05-20 04:06:44	7	59	8	4	1	0	4043481088	0	1843448	3187348	14226534400	17456062464	57477630481	17456429264
2025-05-20 04:06:45	7	59	8	4	1	0	4043481088	0	1844939	3187352	14230728704	17456062464	57491684657	17456429362
2025-05-20 04:06:46	7	59	8	4	1	0	4043485184	0	1846429	3187355	14235058176	17456062464	57506651306	17456429430
2025-05-20 04:06:47	7	59	8	4	1	0	4043489280	0	1847870	3187359	14239117312	17456062464	57520901353	17456429506
2025-05-20 04:06:48	7	59	8	4	1	0	4043493376	0	1848873	3187361	14243311616	17456062464	57530694888	17456429566
2025-05-20 04:06:49	7	59	8	4	1	0	4043497472	0	1849436	3187364	14243311616	17456066560	57535718018	17456429634
2025-05-20 04:06:50	7	59	8	4	1	0	4043501568	0	1849864	3187368	14243311616	17456066560	57539945612	17456429732
2025-05-20 04:06:52	7	59	8	4	1	0	4043501568	0	1850154	3187370	14243311616	17456066560	57543023684	17456429792
2025-05-20 04:06:53	7	59	8	4	1	0	4043505664	0	1850380	3187374	14247505920	17456066560	57545544620	17456429890
2025-05-20 04:06:54	7	59	8	4	1	0	4043505664	0	1850951	3187377	14247505920	17456066560	57550574794	17456429958
2025-05-20 04:06:55	7	59	8	4	1	0	4043583488	0	1852209	3187381	14251700224	17456066560	57562891632	17456430056
2025-05-20 04:06:57	7	59	8	4	1	0	4043608064	0	1853694	3187386	14255894528	17456070656	57576842807	17456430370
2025-05-20 04:06:58	7	59	8	4	1	0	4043616256	0	1855203	3187388	14260088832	17456070656	57591719919	17456430430
2025-05-20 04:06:59	7	59	8	4	1	0	4043616256	0	1856645	3187393	14264283136	17456070656	57605817331	17456430514
2025-05-20 04:07:00	7	59	8	4	1	0	4043620352	0	1858090	3187398	14272671744	17456070656	57618949771	17456430598
2025-05-20 04:07:01	7	59	8	4	1	0	4043620352	0	1859679	3187401	14276866048	17456070656	57634840248	17456430666
2025-05-20 04:07:02	7	59	8	4	1	0	4043628544	0	1861157	3187406	14281060352	17456070656	57648600209	17456430750
2025-05-20 04:07:03	7	59	8	4	1	0	4043636736	0	1862628	3187411	14285254656	17456070656	57663503415	17456430856
2025-05-20 04:07:04	7	59	8	4	1	0	4043640832	0	1863867	3187414	14289448960	17456070656	57675035714	17456430924
2025-05-20 04:07:05	7	59	8	4	1	0	4043640832	0	1864676	3187416	14293643264	17456070656	57682949577	17456430984
2025-05-20 04:07:06	7	59	8	4	1	0	4043649024	0	1865202	3187418	14293643264	17456070656	57688773271	17456431044
2025-05-20 04:07:07	7	59	8	4	1	0	4043649024	0	1865536	3187423	14293643264	17456070656	57691158324	17456431150
2025-05-20 04:07:09	7	59	8	4	1	0	4043649024	0	1865862	3187427	14293643264	17456070656	57694738956	17456431248
2025-05-20 04:07:10	7	59	8	4	1	0	4043649024	0	1866209	3187430	14297837568	17456070656	57698411581	17456431316
2025-05-20 04:07:11	7	59	8	4	1	0	4043649024	0	1867052	3187433	14297837568	17456070656	57706711788	17456431384
2025-05-20 04:07:13	7	59	8	4	1	0	4043649024	0	1868427	3187437	14306226176	17456070656	57719815115	17456431482
2025-05-20 04:07:14	7	59	8	4	1	0	4043653120	0	1869817	3187440	14310420480	17456070656	57733011979	17456431550
2025-05-20 04:07:15	7	59	8	4	1	0	4043665408	0	1871333	3187443	14314614784	17456070656	57748359671	17456431618
2025-05-20 04:07:16	7	59	8	4	1	0	4043669504	0	1872686	3187446	14314614784	17456070656	57760615607	17456431686
2025-05-20 04:07:17	7	59	8	4	1	0	4043677696	0	1874237	3187449	14323003392	17456070656	57776482511	17456431754
2025-05-20 04:07:18	7	59	8	4	1	0	4043681792	0	1875694	3195718	14327197696	17456979968	57804492243	17457323746
2025-05-20 04:07:19	7	59	8	4	1	0	4043681792	0	1877288	3195720	14331392000	17456979968	57819537393	17457323806
2025-05-20 04:07:20	7	59	8	4	1	0	4043681792	0	1878789	3195726	14339780608	17456984064	57833765594	17457323920
2025-05-20 04:07:21	7	59	8	4	1	0	4043689984	0	1879804	3195730	14339780608	17456984064	57843606210	17457323996
2025-05-20 04:07:22	7	59	8	4	1	0	4043694080	0	1880502	3195732	14343974912	17456988160	57850682565	17457324056
2025-05-20 04:07:23	7	59	8	4	1	0	4043698176	0	1880940	3195734	14343974912	17456988160	57854743692	17457324116
2025-05-20 04:07:25	7	59	8	4	1	0	4043698176	0	1881262	3195739	14343974912	17456988160	57857044632	17457324222
2025-05-20 04:07:26	7	59	8	4	1	0	4043698176	0	1881477	3195745	14343974912	17456988160	57859298881	17457324568
2025-05-20 04:07:27	7	59	8	4	1	0	4043698176	0	1881912	3195748	14348169216	17456988160	57863470389	17457324636
2025-05-20 04:07:28	7	59	8	4	1	0	4043698176	0	1883024	3195750	14348169216	17456988160	57874678570	17457324696
2025-05-20 04:07:29	7	59	8	4	1	0	4043796480	0	1884520	3195752	14356557824	17456988160	57888594790	17457324756
2025-05-20 04:07:30	7	59	8	4	1	0	4046159872	0	1886084	3195757	14360752128	17456988160	57903954769	17457324862
2025-05-20 04:07:32	7	59	8	4	1	0	4050489344	0	1887649	3195762	14364946432	17456988160	57918434190	17457324946
2025-05-20 04:07:33	7	59	8	4	1	0	4053757952	0	1889036	3195764	14373335040	17456988160	57931992349	17457325006
2025-05-20 04:07:34	7	59	8	4	1	0	4055851008	0	1890493	3195767	14373335040	17456988160	57945471399	17457325074
2025-05-20 04:07:35	7	59	8	4	1	0	4055855104	0	1892311	3195770	14381723648	17456988160	57962816788	17457325142
2025-05-20 04:07:36	7	59	8	4	1	0	4055859200	0	1893411	3195774	14385917952	17456988160	57974275430	17457325218
2025-05-20 04:07:37	7	59	8	4	1	0	4055830528	0	1894994	3195777	14385917952	17456988160	57989803494	17457325286
2025-05-20 04:07:38	7	59	8	4	1	0	4055830528	0	1896056	3195780	14394306560	17456988160	58000667453	17457325376
2025-05-20 04:07:39	7	59	8	4	1	0	4055834624	0	1896649	3195782	14394306560	17456988160	58005776689	17457325436
2025-05-20 04:07:40	7	59	8	4	1	0	4055834624	0	1897075	3195784	14394306560	17456988160	58009823520	17457325496
2025-05-20 04:07:42	7	59	8	4	1	0	4055834624	0	1897413	3195788	14398500864	17456988160	58013366797	17457325594
2025-05-20 04:07:43	7	59	8	4	1	0	4055838720	0	1897687	3195791	14398500864	17456988160	58016375436	17457325684
2025-05-20 04:07:44	7	59	8	4	1	0	4055846912	0	1898360	3195793	14398500864	17456988160	58022576388	17457325744
2025-05-20 04:07:45	7	59	8	4	1	0	4055855104	0	1899701	3195795	14402695168	17456988160	58035536671	17457325804
2025-05-20 04:07:46	7	59	8	4	1	0	4055855104	0	1901288	3195798	14411083776	17456988160	58050379832	17457325872
2025-05-20 04:07:47	7	59	8	4	1	0	4055859200	0	1902776	3195800	14415278080	17456988160	58065016760	17457325932
2025-05-20 04:07:48	7	59	8	4	1	0	4055863296	0	1904253	3195802	14415278080	17456988160	58078293432	17457325992
2025-05-20 04:07:49	7	59	8	4	1	0	4055867392	0	1905808	3195806	14419472384	17456988160	58093860395	17457326090
2025-05-20 04:07:51	7	59	8	4	1	0	4055867392	0	1907478	3195810	14428131328	17456992256	58109916972	17457326166
2025-05-20 04:07:52	7	59	8	4	1	0	4055871488	0	1908975	3195814	14432325632	17456992256	58124540392	17457326242
2025-05-20 04:07:53	7	59	8	4	1	0	4055883776	0	1910354	3195816	14436519936	17456992256	58137921315	17457326302
2025-05-20 04:07:54	7	59	8	4	1	0	4055887872	0	1911244	3195818	14436519936	17456992256	58146271456	17457326362
2025-05-20 04:07:55	7	59	8	4	1	0	4055891968	0	1911857	3195822	14440714240	17456992256	58151790200	17457326460
2025-05-20 04:07:56	7	59	8	4	1	0	4055891968	0	1912222	3195826	14444908544	17456996352	58155168095	17457326768
2025-05-20 04:07:57	7	59	8	4	1	0	4055891968	0	1912500	3195829	14444908544	17456996352	58158038375	17457326858
2025-05-20 04:07:59	7	59	8	4	1	0	4055891968	0	1912772	3195832	14444908544	17456996352	58159867230	17457326926
2025-05-20 04:08:00	7	59	8	4	1	0	4055896064	0	1913440	3195836	14444908544	17456996352	58166659264	17457327024
2025-05-20 04:08:01	7	59	8	4	1	0	4055900160	0	1914868	3195840	14449102848	17456996352	58180326667	17457327100
2025-05-20 04:08:02	7	59	8	4	1	0	4055900160	0	1916376	3195844	14453297152	17456996352	58194266450	17457327176
2025-05-20 04:08:03	7	59	8	4	1	0	4055904256	0	1917912	3195846	14461415424	17456996352	58209611826	17457327236
2025-05-20 04:08:04	7	59	8	4	1	0	4055916544	0	1919451	3195848	14465609728	17456996352	58223915731	17457327296
2025-05-20 04:08:05	7	59	8	4	1	0	4055920640	0	1921046	3195852	14465609728	17456996352	58239872579	17457327372
2025-05-20 04:08:06	7	59	8	4	1	0	4055924736	0	1922589	3195855	14473994240	17456996352	58254063691	17457327440
2025-05-20 04:08:07	7	59	8	4	1	0	4055928832	0	1923999	3195858	14478176256	17456996352	58267646603	17457327530
2025-05-20 04:08:09	7	59	8	4	1	0	4055928832	0	1925569	3195861	14482370560	17456996352	58283124777	17457327598
2025-05-20 04:08:10	7	59	8	4	1	0	4055928832	0	1927080	3195863	14490759168	17456996352	58297462216	17457327658
2025-05-20 04:08:11	7	59	8	4	1	0	4055932928	0	1928220	3195868	14494953472	17456996352	58308646553	17457327742
2025-05-20 04:08:12	7	59	8	4	1	0	4055937024	0	1929080	3195870	14494953472	17456996352	58316241658	17457327802
2025-05-20 04:08:13	7	59	8	4	1	0	4055937024	0	1929439	3195873	14494953472	17456996352	58320307500	17457327892
2025-05-20 04:08:14	7	59	8	4	1	0	4055937024	0	1929784	3195875	14494953472	17456996352	58322975990	17457327952
2025-05-20 04:08:15	7	59	8	4	1	0	4055937024	0	1930016	3195880	14499147776	17456996352	58325530019	17457328058
2025-05-20 04:08:17	7	59	8	4	1	0	4055937024	0	1930227	3195884	14499147776	17456996352	58327025578	17457328156
2025-05-20 04:08:18	7	59	8	4	1	0	4055941120	0	1930623	3195887	14499147776	17456996352	58331261600	17457328224
2025-05-20 04:08:19	7	59	8	4	1	0	4055953408	0	1931641	3195890	14503342080	17456996352	58340507756	17457328292
2025-05-20 04:08:20	7	59	8	4	1	0	4055957504	0	1933012	3204134	14511693824	17457721344	58368238217	17458034180
2025-05-20 04:08:21	7	59	8	4	1	0	4055961600	0	1934704	3204139	14511693824	17457721344	58384376667	17458034264
2025-05-20 04:08:23	7	59	8	4	1	0	4055961600	0	1936270	3204142	14515867648	17457721344	58400002211	17458034354
2025-05-20 04:08:24	7	59	8	4	1	0	4055969792	0	1937873	3204145	14524252160	17457721344	58415185034	17458034422
2025-05-20 04:08:25	7	59	8	4	1	0	4055969792	0	1939401	3204147	14528446464	17457725440	58430378042	17458034482
2025-05-20 04:08:26	7	59	8	4	1	0	4056014848	0	1940943	3204152	14532640768	17457725440	58444510119	17458034798
2025-05-20 04:08:27	7	59	8	4	1	0	4056023040	0	1942403	3204154	14536835072	17457725440	58459089680	17458034858
2025-05-20 04:08:28	7	59	8	4	1	0	4056076288	0	1943870	3204157	14541029376	17457725440	58472687212	17458034926
2025-05-20 04:08:29	7	59	8	4	1	0	4055986176	0	1945403	3204159	14545215488	17457725440	58488297683	17458034986
2025-05-20 04:08:30	7	59	8	4	1	0	4056076288	0	1946778	3204164	14549409792	17457729536	58501015925	17458035092
2025-05-20 04:08:31	7	59	8	4	1	0	4057133056	0	1947743	3204166	14553604096	17457729536	58509723391	17458035152
2025-05-20 04:08:32	7	59	8	4	1	0	4059303936	0	1948341	3204169	14557798400	17457729536	58515849856	17458035220
2025-05-20 04:08:33	7	59	8	4	1	0	4059303936	0	1948697	3204173	14557798400	17457729536	58518406708	17458035318
2025-05-20 04:08:35	7	59	8	4	1	0	4059303936	0	1948920	3204177	14557798400	17457729536	58521092823	17458035416
2025-05-20 04:08:36	7	59	8	4	1	0	4059303936	0	1949105	3204180	14557798400	17457729536	58522331314	17458035506
2025-05-20 04:08:38	7	59	8	4	1	0	4059303936	0	1949546	3204182	14561992704	17457729536	58526399315	17458035566
2025-05-20 04:08:39	7	59	8	4	1	0	4059308032	0	1950716	3204186	14561992704	17457729536	58537896276	17458035642
2025-05-20 04:08:40	7	59	8	4	1	0	4059308032	0	1952173	3204189	14566187008	17457729536	58551511447	17458035710
2025-05-20 04:08:41	7	59	8	4	1	0	4059312128	0	1953739	3204193	14574575616	17457729536	58567072126	17458035808
2025-05-20 04:08:42	7	59	8	4	1	0	4059324416	0	1955177	3204196	14578769920	17457729536	58580811895	17458035876
2025-05-20 04:08:43	7	59	8	4	1	0	4059324416	0	1956458	3204199	14582964224	17457729536	58592852812	17458035944
2025-05-20 04:08:44	7	59	8	4	1	0	4059332608	0	1958014	3204203	14587133952	17457729536	58607344588	17458036020
2025-05-20 04:08:45	7	59	8	4	1	0	4059336704	0	1959514	3204208	14595506176	17457729536	58622319098	17458036104
2025-05-20 04:08:46	7	59	8	4	1	0	4059336704	0	1961157	3204210	14599708672	17457729536	58638049284	17458036164
2025-05-20 04:08:47	7	59	8	4	1	0	4059336704	0	1962782	3204212	14599708672	17457729536	58654710611	17458036224
2025-05-20 04:08:48	7	59	8	4	1	0	4059344896	0	1964476	3204214	14603886592	17457729536	58671097835	17458036284
2025-05-20 04:08:49	7	59	8	4	1	0	4059357184	0	1966032	3204218	14612267008	17457729536	58686961836	17458036382
2025-05-20 04:08:51	7	59	8	4	1	0	4059361280	0	1967290	3204221	14616457216	17457729536	58699294850	17458036450
2025-05-20 04:08:52	7	59	8	4	1	0	4059361280	0	1968102	3204224	14616457216	17457729536	58707088615	17458036518
2025-05-20 04:08:53	7	59	8	4	1	0	4059365376	0	1968612	3204227	14620643328	17457729536	58711736542	17458036586
2025-05-20 04:08:54	7	59	8	4	1	0	4059365376	0	1968895	3204230	14620643328	17457729536	58713607241	17458036676
2025-05-20 04:08:55	7	59	8	4	1	0	4059365376	0	1969133	3204234	14620643328	17457733632	58716327022	17458036890
2025-05-20 04:08:57	7	59	8	4	1	0	4059369472	0	1969485	3204238	14620643328	17457737728	58719810358	17458037082
2025-05-20 04:08:58	7	59	8	4	1	0	4059369472	0	1970496	3204241	14625079296	17457737728	58729578589	17458037172
2025-05-20 04:08:59	7	59	8	4	1	0	4059369472	0	1971942	3204244	14625079296	17457737728	58743003333	17458037240
2025-05-20 04:09:00	7	59	8	4	1	0	4059373568	0	1973486	3204247	14629273600	17457737728	58758230358	17458037308
2025-05-20 04:09:01	7	59	8	4	1	0	4059385856	0	1975029	3204251	14633467904	17457737728	58772359946	17458037384
2025-05-20 04:09:02	7	59	8	4	1	0	4059389952	0	1976531	3204255	14637645824	17457737728	58787044407	17458037460
2025-05-20 04:09:03	7	59	8	4	1	0	4059394048	0	1978112	3204257	14641790976	17457737728	58801853664	17458037520
2025-05-20 04:09:04	7	59	8	4	1	0	4059394048	0	1979647	3204260	14645985280	17457737728	58817113137	17458037588
2025-05-20 04:09:05	7	59	8	4	1	0	4059402240	0	1981101	3204264	14645985280	17457737728	58830489523	17458037686
2025-05-20 04:09:07	7	59	8	4	1	0	4059406336	0	1982721	3204266	14650167296	17457737728	58846765928	17458037746
2025-05-20 04:09:08	7	59	8	4	1	0	4059410432	0	1984283	3204270	14654337024	17457737728	58861388005	17458037822
2025-05-20 04:09:09	7	59	8	4	1	0	4059414528	0	1985735	3204273	14658527232	17457737728	58875809178	17458037890
2025-05-20 04:09:10	7	59	8	4	1	0	4059418624	0	1986933	3204275	14662721536	17457737728	58887066926	17458037950
2025-05-20 04:09:11	7	59	8	4	1	0	4059418624	0	1987920	3204278	14662721536	17457737728	58896442394	17458038018
2025-05-20 04:09:12	7	59	8	4	1	0	4059418624	0	1988487	3204282	14662721536	17457737728	58901366373	17458038116
2025-05-20 04:09:13	7	59	8	4	1	0	4059422720	0	1988906	3204285	14667571200	17457737728	58905525891	17458038184
2025-05-20 04:09:15	7	59	8	4	1	0	4059422720	0	1989138	3204289	14668591104	17457737728	58908235776	17458038282
2025-05-20 04:09:16	7	59	8	4	1	0	4059422720	0	1989330	3204292	14668591104	17457737728	58909602909	17458038372
2025-05-20 04:09:18	7	59	8	4	1	0	4059422720	0	1989549	3204296	14668591104	17457737728	58912188568	17458038470
2025-05-20 04:09:19	7	59	8	4	1	0	4059426816	0	1990049	3204300	14670688256	17457737728	58916489979	17458038546
2025-05-20 04:09:20	7	59	8	4	1	0	4059725824	0	1991220	3204304	14679674880	17457754112	58927625011	17458038644
2025-05-20 04:09:21	7	59	8	4	1	0	4057866240	0	1992764	3212477	14684139520	17458651136	58957570249	17458934672
2025-05-20 04:09:22	7	59	8	4	1	0	4057346048	0	1994311	3212480	14692392960	17458651136	58972230146	17458934740
2025-05-20 04:09:23	7	59	8	4	1	0	4057346048	0	1995992	3212482	14696587264	17458651136	58989857955	17458934800
2025-05-20 04:09:24	7	59	8	4	1	0	4057350144	0	1997652	3212484	14696587264	17458651136	59006086641	17458934860
2025-05-20 04:09:25	7	59	8	4	1	0	4057354240	0	1999316	3212486	14704967680	17458651136	59022875392	17458934920
2025-05-20 04:09:26	7	59	8	4	1	0	4057362432	0	2000944	3212493	14709161984	17458651136	59038522962	17458935252
2025-05-20 04:09:27	7	59	8	4	1	0	4057378816	0	2002518	3212497	14713352192	17458655232	59054306941	17458935350
2025-05-20 04:09:29	7	59	8	4	1	0	4057399296	0	2003925	3212500	14717685760	17458655232	59067729577	17458935418
2025-05-20 04:09:30	7	59	8	4	1	0	4057407488	0	2005158	3212502	14725935104	17458655232	59080128465	17458935478
2025-05-20 04:09:31	7	59	8	4	1	0	4057436160	0	2005906	3212504	14725935104	17458655232	59086822887	17458935538
2025-05-20 04:09:32	7	59	8	4	1	0	4057714688	0	2006303	3212508	14725935104	17458655232	59090814532	17458935636
2025-05-20 04:09:33	7	59	8	4	1	0	4058750976	0	2006551	3212510	14725935104	17458655232	59093711633	17458935696
2025-05-20 04:09:35	7	59	8	4	1	0	4058750976	0	2006785	3212516	14725935104	17458655232	59095552039	17458935832
2025-05-20 04:09:36	7	59	8	4	1	0	4059824128	0	2007160	3212519	14730125312	17458655232	59099493692	17458935900
2025-05-20 04:09:37	7	59	8	4	1	0	4062998528	0	2007761	3212522	14734319616	17458655232	59105195774	17458935968
2025-05-20 04:09:38	7	59	8	4	1	0	4063002624	0	2009160	3212525	14734319616	17458659328	59118324157	17458936036
2025-05-20 04:09:39	7	59	8	4	1	0	4063010816	0	2010593	3212530	14742568960	17458659328	59131794299	17458936142
2025-05-20 04:09:41	7	59	8	4	1	0	4063010816	0	2012134	3212534	14746763264	17458659328	59147336768	17458936218
2025-05-20 04:09:42	7	59	8	4	1	0	4063014912	0	2013653	3212536	14750957568	17458659328	59161885476	17458936278
2025-05-20 04:09:43	7	59	8	4	1	0	4063023104	0	2015229	3212539	14755151872	17458659328	59177899596	17458936346
2025-05-20 04:09:44	7	59	8	4	1	0	4063027200	0	2016857	3212541	14759346176	17458659328	59193713292	17458936406
2025-05-20 04:09:45	7	59	8	4	1	0	4063035392	0	2018450	3212545	14763540480	17458659328	59209609077	17458936482
2025-05-20 04:09:46	7	59	8	4	1	0	4063035392	0	2019826	3212550	14767734784	17458659328	59222177177	17458936566
2025-05-20 04:09:47	7	59	8	4	1	0	4063035392	0	2021163	3212553	14776123392	17458659328	59235429314	17458936656
2025-05-20 04:09:48	7	59	8	4	1	0	4063039488	0	2022130	3212555	14776123392	17458659328	59244951135	17458936716
2025-05-20 04:09:49	7	59	8	4	1	0	4063039488	0	2022757	3212557	14780317696	17458659328	59251750884	17458936776
2025-05-20 04:09:50	7	59	8	4	1	0	4063047680	0	2023110	3212561	14780317696	17458659328	59254199151	17458936874
2025-05-20 04:09:52	7	59	8	4	1	0	4063051776	0	2023367	3212563	14780317696	17458659328	59256939370	17458936934
2025-05-20 04:09:53	7	59	8	4	1	0	4063051776	0	2023609	3212567	14780317696	17458659328	59259521476	17458937032
2025-05-20 04:09:54	7	59	8	4	1	0	4063051776	0	2024367	3212569	14780317696	17458659328	59266321666	17458937092
2025-05-20 04:09:55	7	59	8	4	1	0	4063055872	0	2025605	3212571	14784647168	17458659328	59278141857	17458937152
2025-05-20 04:09:56	7	59	8	4	1	0	4063088640	0	2027192	3212575	14792900608	17458663424	59293944233	17458937460
2025-05-20 04:09:57	7	59	8	4	1	0	4063092736	0	2028828	3212577	14797094912	17458663424	59309380744	17458937520
2025-05-20 04:09:59	7	59	8	4	1	0	4063092736	0	2030354	3212581	14801289216	17458663424	59324350269	17458937618
2025-05-20 04:10:00	7	59	8	4	1	0	4063092736	0	2031868	3212584	14809677824	17458667520	59338433103	17458937686
2025-05-20 04:10:01	7	59	8	4	1	0	4063100928	0	2033351	3212586	14813872128	17458667520	59353637023	17458937746
2025-05-20 04:10:02	7	59	8	4	1	0	4063105024	0	2034672	3212590	14813872128	17458667520	59365810522	17458937822
2025-05-20 04:10:03	7	59	8	4	1	0	4063105024	0	2035606	3212593	14813872128	17458667520	59374879312	17458937890
2025-05-20 04:10:04	7	59	8	4	1	0	4063109120	0	2036193	3212597	14818066432	17458667520	59381280849	17458937988
2025-05-20 04:10:05	7	59	8	4	1	0	4063113216	0	2036568	3212600	14818066432	17458667520	59385037309	17458938056
2025-05-20 04:10:06	7	59	8	4	1	0	4063113216	0	2036819	3212603	14822260736	17458667520	59386877626	17458938146
2025-05-20 04:10:08	7	59	8	4	1	0	4063113216	0	2037113	3212605	14822260736	17458667520	59389989105	17458938206
2025-05-20 04:10:09	7	59	8	4	1	0	4063121408	0	2037841	3212610	14826455040	17458667520	59397302412	17458938312
2025-05-20 04:10:10	7	59	8	4	1	0	4063125504	0	2039261	3212613	14830649344	17458667520	59411007720	17458938380
2025-05-20 04:10:11	7	59	8	4	1	0	4063125504	0	2040945	3212617	14830649344	17458667520	59427241905	17458938456
2025-05-20 04:10:12	7	59	8	4	1	0	4063125504	0	2042542	3212620	14839037952	17458667520	59443159090	17458938524
2025-05-20 04:10:13	7	59	8	4	1	0	4063129600	0	2043995	3212624	14843219968	17458667520	59457760235	17458938600
2025-05-20 04:10:14	7	59	8	4	1	0	4063137792	0	2045572	3212628	14847250432	17458667520	59473161111	17458938676
2025-05-20 04:10:15	7	59	8	4	1	0	4063137792	0	2047027	3212630	14851293184	17458667520	59487646003	17458938736
2025-05-20 04:10:16	7	59	8	4	1	0	4063150080	0	2048501	3212633	14859530240	17458667520	59501953077	17458938826
2025-05-20 04:10:18	7	59	8	4	1	0	4063158272	0	2050082	3219665	14863724544	17459253248	59532463350	17459505806
2025-05-20 04:10:19	7	59	8	4	1	0	4063158272	0	2052564	3219668	14880501760	17459253248	59551915539	17459505874
2025-05-20 04:10:20	7	59	8	4	1	0	4063158272	0	2052567	3219671	14880501760	17459253248	59551917475	17459505942
2025-05-20 04:10:21	7	59	8	4	1	0	4063158272	0	2052569	3219673	14880501760	17459253248	59551919402	17459506002
2025-05-20 04:10:22	7	59	8	4	1	0	4063158272	0	2052571	3219675	14880501760	17459253248	59551921329	17459506062
2025-05-20 04:10:23	7	59	8	4	1	0	4063158272	0	2052667	3219679	14880636928	17459253248	59553654005	17459506160
2025-05-20 04:10:24	7	59	8	4	1	0	4063158272	0	2053008	3219682	14880636928	17459253248	59556243323	17459506228
2025-05-20 04:10:26	7	59	8	4	1	0	4063158272	0	2053278	3219688	14884831232	17459253248	59559330428	17459506574
2025-05-20 04:10:27	7	59	8	4	1	0	4063158272	0	2053768	3219692	14884831232	17459253248	59563999096	17459506672
2025-05-20 04:10:28	7	59	8	4	1	0	4063162368	0	2054957	3219696	14884831232	17459253248	59575554397	17459506748
2025-05-20 04:10:29	7	59	8	4	1	0	4063166464	0	2056451	3219699	14893084672	17459253248	59590100368	17459506816
2025-05-20 04:10:30	7	59	8	4	1	0	4063178752	0	2058012	3219702	14897278976	17459257344	59604854213	17459506884
2025-05-20 04:10:31	7	59	8	4	1	0	4063342592	0	2059520	3219705	14901473280	17459257344	59619677546	17459506952
2025-05-20 04:10:32	7	59	8	4	1	0	4066525184	0	2061032	3219708	14909861888	17459257344	59633886818	17459507020
2025-05-20 04:10:33	7	59	8	4	1	0	4068696064	0	2062531	3219711	14909861888	17459257344	59648248729	17459507088
2025-05-20 04:10:34	7	59	8	4	1	0	4068700160	0	2064057	3219714	14913007616	17459257344	59663373203	17459507178
2025-05-20 04:10:36	7	59	8	4	1	0	4068704256	0	2065403	3219716	14917201920	17459257344	59676318592	17459507238
2025-05-20 04:10:37	7	59	8	4	1	0	4068708352	0	2066241	3219718	14925590528	17459257344	59683660390	17459507298
2025-05-20 04:10:38	7	59	8	4	1	0	4068708352	0	2066640	3219720	14925590528	17459257344	59687177382	17459507358
2025-05-20 04:10:39	7	59	8	4	1	0	4068712448	0	2066959	3219724	14925590528	17459257344	59690261675	17459507456
2025-05-20 04:10:40	7	59	8	4	1	0	4068712448	0	2067235	3219727	14925590528	17459257344	59693265752	17459507546
2025-05-20 04:10:42	7	59	8	4	1	0	4068712448	0	2067507	3219730	14925590528	17459257344	59695161928	17459507614
2025-05-20 04:10:43	7	59	8	4	1	0	4068712448	0	2068224	3219733	14929784832	17459257344	59702685127	17459507704
2025-05-20 04:10:44	7	59	8	4	1	0	4068712448	0	2069468	3219736	14933979136	17459257344	59714070013	17459507772
2025-05-20 04:10:45	7	59	8	4	1	0	4068712448	0	2070864	3219739	14938173440	17459257344	59726395962	17459507840
2025-05-20 04:10:46	7	59	8	4	1	0	4068737024	0	2072454	3219741	14942326784	17459257344	59742017172	17459507900
2025-05-20 04:10:47	7	59	8	4	1	0	4068741120	0	2073767	3219743	14946521088	17459261440	59753137634	17459507960
2025-05-20 04:10:48	7	59	8	4	1	0	4068741120	0	2075272	3219746	14950715392	17459261440	59767919508	17459508028
2025-05-20 04:10:49	7	59	8	4	1	0	4068745216	0	2076901	3219749	14959104000	17459261440	59783237010	17459508096
2025-05-20 04:10:50	7	59	8	4	1	0	4068745216	0	2078398	3219754	14963298304	17459261440	59797960526	17459508202
2025-05-20 04:10:52	7	59	8	4	1	0	4068753408	0	2079639	3219756	14963298304	17459261440	59808961671	17459508262
2025-05-20 04:10:53	7	59	8	4	1	0	4068761600	0	2080435	3219758	14967492608	17459261440	59816293010	17459508322
2025-05-20 04:10:54	7	59	8	4	1	0	4068761600	0	2081006	3219761	14971686912	17459261440	59822443711	17459508390
2025-05-20 04:10:55	7	59	8	4	1	0	4068765696	0	2081374	3219764	14971686912	17459261440	59825074690	17459508480
2025-05-20 04:10:56	7	59	8	4	1	0	4068765696	0	2081667	3219768	14971686912	17459265536	59828119695	17459508788
2025-05-20 04:10:58	7	59	8	4	1	0	4068769792	0	2081957	3219772	14975881216	17459265536	59831131949	17459508886
2025-05-20 04:10:59	7	59	8	4	1	0	4068773888	0	2082770	3219774	14975881216	17459265536	59838989790	17459508946
2025-05-20 04:11:00	7	59	8	4	1	0	4068782080	0	2084070	3219777	14980001792	17459265536	59850893728	17459509014
2025-05-20 04:11:01	7	59	8	4	1	0	4068782080	0	2085698	3219781	14980001792	17459269632	59866274237	17459509112
2025-05-20 04:11:02	7	59	8	4	1	0	4068786176	0	2087406	3219785	14988390400	17459269632	59883764991	17459509188
2025-05-20 04:11:03	7	59	8	4	1	0	4068790272	0	2089027	3219787	14992584704	17459269632	59899929153	17459509248
2025-05-20 04:11:04	7	59	8	4	1	0	4068798464	0	2090482	3219789	14996779008	17459269632	59913022860	17459509308
2025-05-20 04:11:05	7	59	8	4	1	0	4068798464	0	2091779	3219793	15005167616	17459269632	59924944095	17459509384
2025-05-20 04:11:06	7	59	8	4	1	0	4068806656	0	2093210	3219797	15009361920	17459269632	59937933477	17459509460
2025-05-20 04:11:07	7	59	8	4	1	0	4068810752	0	2096633	3226352	15030333440	17459765248	59976691969	17459985500
2025-05-20 04:11:08	7	59	8	4	1	0	4068810752	0	2096636	3226356	15030333440	17459765248	59976693909	17459985598
2025-05-20 04:11:10	7	59	8	4	1	0	4068810752	0	2096639	3226359	15030333440	17459765248	59976695849	17459985666
2025-05-20 04:11:11	7	59	8	4	1	0	4068810752	0	2096643	3226363	15030333440	17459765248	59976697798	17459985742
2025-05-20 04:11:12	7	59	8	4	1	0	4068818944	0	2097583	3226365	15034871808	17459765248	59986783675	17459985802
2025-05-20 04:11:13	7	59	8	4	1	0	4068818944	0	2098184	3226367	15035396096	17459765248	59992109577	17459985862
2025-05-20 04:11:14	7	59	8	4	1	0	4068818944	0	2098565	3226371	15039590400	17459765248	59995907250	17459985960
2025-05-20 04:11:15	7	59	8	4	1	0	4068818944	0	2098833	3226374	15043784704	17459765248	59998647807	17459986028
2025-05-20 04:11:17	7	59	8	4	1	0	4068818944	0	2099043	3226378	15043784704	17459765248	60000144282	17459986126
2025-05-20 04:11:18	7	59	8	4	1	0	4068818944	0	2099612	3226382	15043784704	17459765248	60005407073	17459986224
2025-05-20 04:11:19	7	59	8	4	1	0	4068823040	0	2100848	3226385	15043784704	17459765248	60017486011	17459986292
2025-05-20 04:11:20	7	59	8	4	1	0	4068827136	0	2102307	3226390	15049027584	17459765248	60031793163	17459986376
2025-05-20 04:11:21	7	59	8	4	1	0	4068831232	0	2103713	3226395	15053217792	17459765248	60044425785	17459986460
2025-05-20 04:11:22	7	59	8	4	1	0	4068831232	0	2105154	3226397	15061606400	17459765248	60058586470	17459986520
2025-05-20 04:11:23	7	59	8	4	1	0	4068839424	0	2106583	3226401	15065800704	17459765248	60071536025	17459986596
2025-05-20 04:11:24	7	59	8	4	1	0	4068843520	0	2108082	3226403	15069995008	17459765248	60085974229	17459986656
2025-05-20 04:11:25	7	59	8	4	1	0	4068843520	0	2109366	3226407	15080480768	17459765248	60096897999	17459986754
2025-05-20 04:11:27	7	59	8	4	1	0	4068876288	0	2110901	3226412	15080480768	17459765248	60112123908	17459987070
2025-05-20 04:11:28	7	59	8	4	1	0	4068925440	0	2112190	3226415	15084675072	17459765248	60124506982	17459987138
2025-05-20 04:11:29	7	59	8	4	1	0	4069351424	0	2113049	3226417	15088869376	17459765248	60132715797	17459987198
2025-05-20 04:11:30	7	59	8	4	1	0	4069351424	0	2113502	3226421	15088869376	17459765248	60136698470	17459987296
2025-05-20 04:11:31	7	59	8	4	1	0	4069351424	0	2113809	3226424	15093063680	17459765248	60139904883	17459987364
2025-05-20 04:11:32	7	59	8	4	1	0	4069355520	0	2114039	3226427	15093063680	17459765248	60141660289	17459987454
2025-05-20 04:11:34	7	59	8	4	1	0	4069355520	0	2114276	3226430	15093063680	17459769344	60144296514	17459987544
2025-05-20 04:11:35	7	59	8	4	1	0	4069355520	0	2115033	3226432	15097249792	17459769344	60151387704	17459987604
2025-05-20 04:11:36	7	59	8	4	1	0	4069367808	0	2116344	3226434	15101444096	17459769344	60163342693	17459987664
2025-05-20 04:11:37	7	59	8	4	1	0	4069371904	0	2117903	3226436	15105638400	17459769344	60178785736	17459987724
2025-05-20 04:11:38	7	59	8	4	1	0	4069371904	0	2119404	3226440	15109808128	17459769344	60192451571	17459987800
2025-05-20 04:11:39	7	59	8	4	1	0	4069376000	0	2120916	3226443	15114002432	17459769344	60207556815	17459987868
2025-05-20 04:11:41	7	59	8	4	1	0	4069384192	0	2122497	3226446	15122391040	17459769344	60222407153	17459987958
2025-05-20 04:11:42	7	59	8	4	1	0	4069388288	0	2123950	3226449	15130779648	17459769344	60236568413	17459988026
2025-05-20 04:11:43	7	59	8	4	1	0	4069388288	0	2125389	3226451	15134973952	17459769344	60249595103	17459988086
2025-05-20 04:11:44	7	59	8	4	1	0	4069400576	0	2126839	3226453	15139168256	17459769344	60263881652	17459988146
2025-05-20 04:11:45	7	59	8	4	1	0	4069400576	0	2128152	3226457	15139168256	17459769344	60276208677	17459988222
2025-05-20 04:11:46	7	59	8	4	1	0	4069404672	0	2129352	3226460	15147556864	17459769344	60288706361	17459988290
2025-05-20 04:11:47	7	59	8	4	1	0	4069408768	0	2130015	3226463	15147556864	17459769344	60294603174	17459988380
2025-05-20 04:11:48	7	59	8	4	1	0	4069408768	0	2130424	3226467	15151751168	17459769344	60298505643	17459988456
2025-05-20 04:11:49	7	59	8	4	1	0	4069412864	0	2130705	3226471	15151751168	17459769344	60301439806	17459988554
2025-05-20 04:11:51	7	59	8	4	1	0	4069416960	0	2130938	3226475	15151751168	17459769344	60303084396	17459988652
2025-05-20 04:11:52	7	59	8	4	1	0	4069421056	0	2131153	3226479	15151751168	17459769344	60305430109	17459988728
2025-05-20 04:11:53	7	59	8	4	1	0	4069425152	0	2131838	3226482	15155945472	17459769344	60312371318	17459988796
2025-05-20 04:11:54	7	59	8	4	1	0	4069425152	0	2133169	3226486	15155945472	17459769344	60325085602	17459988894
2025-05-20 04:11:56	7	59	8	4	1	0	4069425152	0	2136365	3232747	15176916992	17460248576	60361298826	17460445822
2025-05-20 04:11:57	7	59	8	4	1	0	4069425152	0	2136369	3232751	15176916992	17460248576	60361300775	17460445898
2025-05-20 04:11:58	7	59	8	4	1	0	4069425152	0	2136373	3232755	15176916992	17460248576	60361302723	17460445974
2025-05-20 04:11:59	7	59	8	4	1	0	4069425152	0	2137215	3232758	15185305600	17460248576	60370558737	17460446042
2025-05-20 04:12:00	7	59	8	4	1	0	4069425152	0	2138784	3232761	15189635072	17460248576	60385256362	17460446110
2025-05-20 04:12:01	7	59	8	4	1	0	4069433344	0	2140322	3232766	15193829376	17460248576	60400554892	17460446194
2025-05-20 04:12:02	7	59	8	4	1	0	4069437440	0	2141956	3232769	15198023680	17460248576	60416710810	17460446284
2025-05-20 04:12:03	7	59	8	4	1	0	4069437440	0	2143481	3232772	15202217984	17460248576	60431645274	17460446352
2025-05-20 04:12:04	7	59	8	4	1	0	4069441536	0	2144601	3232775	15206412288	17460252672	60441958183	17460446420
2025-05-20 04:12:05	7	59	8	4	1	0	4069453824	0	2145378	3232777	15206412288	17460252672	60449834922	17460446480
2025-05-20 04:12:06	7	59	8	4	1	0	4069453824	0	2145864	3232783	15210606592	17460256768	60454529019	17460446804
2025-05-20 04:12:08	7	59	8	4	1	0	4069453824	0	2146238	3232787	15210606592	17460256768	60458546115	17460446902
2025-05-20 04:12:09	7	59	8	4	1	0	4069453824	0	2146501	3232791	15210606592	17460256768	60461537265	17460447000
2025-05-20 04:12:10	7	59	8	4	1	0	4069457920	0	2146710	3232795	15210606592	17460256768	60462996958	17460447098
2025-05-20 04:12:12	7	59	8	4	1	0	4069457920	0	2147232	3232797	15210606592	17460256768	60467685898	17460447158
2025-05-20 04:12:13	7	59	8	4	1	0	4069457920	0	2148457	3232799	15218794496	17460256768	60479712352	17460447218
2025-05-20 04:12:14	7	59	8	4	1	0	4069462016	0	2149961	3232801	15222984704	17460256768	60494684482	17460447278
2025-05-20 04:12:15	7	59	8	4	1	0	4069466112	0	2151420	3232804	15227179008	17460256768	60508244639	17460447346
2025-05-20 04:12:16	7	59	8	4	1	0	4069466112	0	2152980	3232808	15235522560	17460256768	60524032210	17460447422
2025-05-20 04:12:17	7	59	8	4	1	0	4069478400	0	2154534	3232811	15239716864	17460256768	60538764339	17460447512
2025-05-20 04:12:18	7	59	8	4	1	0	4069482496	0	2156106	3232813	15243862016	17460256768	60554710413	17460447572
2025-05-20 04:12:19	7	59	8	4	1	0	4069486592	0	2157710	3232817	15248056320	17460256768	60570160347	17460447648
2025-05-20 04:12:20	7	59	8	4	1	0	4069490688	0	2158958	3232821	15252250624	17460256768	60582151615	17460447724
2025-05-20 04:12:21	7	59	8	4	1	0	4069494784	0	2159828	3232823	15252250624	17460256768	60590355448	17460447784
2025-05-20 04:12:22	7	59	8	4	1	0	4069494784	0	2160427	3232827	15256444928	17460256768	60596752579	17460447882
2025-05-20 04:12:24	7	59	8	4	1	0	4069494784	0	2160783	3232830	15256444928	17460256768	60600137282	17460447950
2025-05-20 04:12:25	7	59	8	4	1	0	4069498880	0	2161090	3232833	15256444928	17460256768	60602559039	17460448040
2025-05-20 04:12:26	7	59	8	4	1	0	4069498880	0	2161405	3232835	15256444928	17460256768	60606043400	17460448100
2025-05-20 04:12:27	7	59	8	4	1	0	4069502976	0	2162087	3232839	15260639232	17460256768	60613154258	17460448198
2025-05-20 04:12:29	7	59	8	4	1	0	4069736448	0	2163293	3232841	15264833536	17460256768	60624601717	17460448258
2025-05-20 04:12:30	7	59	8	4	1	0	4073951232	0	2164646	3232844	15264833536	17460256768	60636218328	17460448326
2025-05-20 04:12:31	7	59	8	4	1	0	4077182976	0	2166178	3232846	15269027840	17460256768	60651539204	17460448386
2025-05-20 04:12:32	7	59	8	4	1	0	4078235648	0	2167393	3232848	15273222144	17460256768	60662770517	17460448446
2025-05-20 04:12:33	7	59	8	4	1	0	4078239744	0	2168994	3232851	15277346816	17460256768	60679352894	17460448514
2025-05-20 04:12:34	7	59	8	4	1	0	4078239744	0	2170403	3232856	15281459200	17460256768	60692241268	17460448598
2025-05-20 04:12:35	7	59	8	4	1	0	4078247936	0	2171745	3237971	15285653504	17460617216	60715913503	17460787488
2025-05-20 04:12:36	7	59	8	4	1	0	4078252032	0	2172767	3237976	15285653504	17460617216	60725158867	17460787804
2025-05-20 04:12:37	7	59	8	4	1	0	4078256128	0	2173467	3237979	15289847808	17460617216	60731320429	17460787872
2025-05-20 04:12:38	7	59	8	4	1	0	4078256128	0	2173973	3237982	15289847808	17460617216	60735769602	17460787940
2025-05-20 04:12:39	7	59	8	4	1	0	4078260224	0	2174296	3237986	15289847808	17460617216	60738837574	17460788038
2025-05-20 04:12:41	7	59	8	4	1	0	4078260224	0	2174570	3237988	15289847808	17460617216	60741812523	17460788098
2025-05-20 04:12:42	7	59	8	4	1	0	4078260224	0	2175113	3237991	15294042112	17460617216	60746553579	17460788188
2025-05-20 04:12:43	7	59	8	4	1	0	4078276608	0	2176295	3237993	15294042112	17460617216	60757874773	17460788248
2025-05-20 04:12:44	7	59	8	4	1	0	4078276608	0	2177714	3237997	15298236416	17460617216	60771680084	17460788324
2025-05-20 04:12:45	7	59	8	4	1	0	4078280704	0	2179291	3238000	15302336512	17460617216	60787320452	17460788392
2025-05-20 04:12:46	7	59	8	4	1	0	4078288896	0	2180685	3238002	15306530816	17460617216	60799684588	17460788452
2025-05-20 04:12:47	7	59	8	4	1	0	4078292992	0	2182012	3238006	15310725120	17460617216	60812457981	17460788528
2025-05-20 04:12:48	7	59	8	4	1	0	4078292992	0	2183181	3238011	15314919424	17460617216	60822573562	17460788634
2025-05-20 04:12:50	7	59	8	4	1	0	4078297088	0	2184624	3238013	15319101440	17460617216	60835866935	17460788694
2025-05-20 04:12:51	7	59	8	4	1	0	4078297088	0	2185445	3238015	15323295744	17460617216	60849001032	17460788754
2025-05-20 04:12:52	7	59	8	4	1	0	4078297088	0	2185447	3238017	15323295744	17460617216	60849002965	17460788814
2025-05-20 04:12:53	7	59	8	4	1	0	4078297088	0	2185930	3238020	15323295744	17460617216	60853954933	17460788882
2025-05-20 04:12:54	7	59	8	4	1	0	4078297088	0	2186488	3238023	15323295744	17460617216	60859044444	17460788950
2025-05-20 04:12:55	7	59	8	4	1	0	4078297088	0	2186854	3238027	15323295744	17460617216	60862664929	17460789048
2025-05-20 04:12:56	7	59	8	4	1	0	4078297088	0	2187133	3238031	15323348992	17460617216	60865483145	17460789146
2025-05-20 04:12:58	7	59	8	4	1	0	4078297088	0	2187352	3238034	15323348992	17460617216	60867093679	17460789236
2025-05-20 04:12:59	7	59	8	4	1	0	4078301184	0	2187742	3238037	15323672576	17460617216	60870901578	17460789304
2025-05-20 04:13:00	7	59	8	4	1	0	4078305280	0	2188797	3238040	15323672576	17460617216	60880792357	17460789372
2025-05-20 04:13:01	7	59	8	4	1	0	4078313472	0	2190223	3238043	15323967488	17460617216	60895043613	17460789440
2025-05-20 04:13:02	7	59	8	4	1	0	4078325760	0	2191621	3238047	15324221440	17460617216	60907467823	17460789516
2025-05-20 04:13:03	7	59	8	4	1	0	4078329856	0	2193067	3238052	15324516352	17460621312	60921333584	17460789622
2025-05-20 04:13:05	7	59	8	4	1	0	4078329856	0	2194463	3238056	15324581888	17460621312	60934493954	17460789698
2025-05-20 04:13:06	7	59	8	4	1	0	4078329856	0	2196139	3238059	15324581888	17460625408	60950497469	17460789766
2025-05-20 04:13:07	7	59	8	4	1	0	4078333952	0	2197477	3238061	15324626944	17460625408	60963252675	17460789826
2025-05-20 04:13:08	7	59	8	4	1	0	4078346240	0	2198963	3238065	15324778496	17460625408	60976831342	17460789902
2025-05-20 04:13:09	7	59	8	4	1	0	4078358528	0	2200515	3238068	15324778496	17460625408	60992567041	17460789970
2025-05-20 04:13:10	7	59	8	4	1	0	4078366720	0	2202007	3238072	15324901376	17460625408	61006488611	17460790046
2025-05-20 04:13:11	7	59	8	4	1	0	4078366720	0	2203346	3238076	15324987392	17460625408	61020526476	17460790144
2025-05-20 04:13:12	7	59	8	4	1	0	4078366720	0	2204230	3242859	15324987392	17460936704	61038588096	17461082868
2025-05-20 04:13:13	7	59	8	4	1	0	4078366720	0	2204733	3242862	15324987392	17460936704	61042796824	17461082936
2025-05-20 04:13:14	7	59	8	4	1	0	4078366720	0	2205052	3242865	15324987392	17460936704	61045718893	17461083026
2025-05-20 04:13:16	7	59	8	4	1	0	4078366720	0	2205231	3242869	15328792576	17460940800	61047669797	17461083332
2025-05-20 04:13:17	7	59	8	4	1	0	4078366720	0	2205458	3242872	15328792576	17460940800	61049560631	17461083422
2025-05-20 04:13:19	7	59	8	4	1	0	4078366720	0	2205708	3242876	15332986880	17460940800	61052232892	17461083520
2025-05-20 04:13:20	7	59	8	4	1	0	4078379008	0	2206402	3242878	15337177088	17460940800	61058271532	17461083580
2025-05-20 04:13:21	7	59	8	4	1	0	4078379008	0	2207783	3242880	15341371392	17460940800	61071952306	17461083640
2025-05-20 04:13:22	7	59	8	4	1	0	4078391296	0	2209326	3242885	15341371392	17460940800	61086313960	17461083724
2025-05-20 04:13:23	7	59	8	4	1	0	4078399488	0	2210670	3242889	15349760000	17460940800	61099212323	17461083822
2025-05-20 04:13:24	7	59	8	4	1	0	4078399488	0	2212013	3242892	15353954304	17460940800	61111099200	17461083890
2025-05-20 04:13:25	7	59	8	4	1	0	4078497792	0	2212767	3242895	15358148608	17460940800	61121898668	17461083958
2025-05-20 04:13:26	7	59	8	4	1	0	4079153152	0	2214097	3242899	15362338816	17460940800	61133924345	17461084034
2025-05-20 04:13:27	7	59	8	4	1	0	4082327552	0	2215354	3242903	15366533120	17460940800	61146341833	17461084110
2025-05-20 04:13:28	7	59	8	4	1	0	4082339840	0	2216620	3242905	15370727424	17460940800	61158103204	17461084170
2025-05-20 04:13:29	7	59	8	4	1	0	4082339840	0	2217463	3242908	15370727424	17460940800	61165521496	17461084238
2025-05-20 04:13:31	7	59	8	4	1	0	4082343936	0	2218008	3242913	15376629760	17460940800	61171266535	17461084344
2025-05-20 04:13:32	7	59	8	4	1	0	4082348032	0	2218127	3242917	15376629760	17460940800	61171769760	17461084442
2025-05-20 04:13:33	7	59	8	4	1	0	4082352128	0	2218371	3242920	15376629760	17460940800	61173751996	17461084532
2025-05-20 04:13:35	7	59	8	4	1	0	4082352128	0	2218550	3242923	15378726912	17460940800	61175849611	17461084622
2025-05-20 04:13:36	7	59	8	4	1	0	4082352128	0	2219233	3242925	15378726912	17460944896	61182438361	17461084682
2025-05-20 04:13:37	7	59	8	4	1	0	4082360320	0	2220636	3242928	15387111424	17460944896	61195587645	17461084750
2025-05-20 04:13:38	7	59	8	4	1	0	4082360320	0	2222044	3242930	15395471360	17460944896	61209046780	17461084810
2025-05-20 04:13:39	7	59	8	4	1	0	4082360320	0	2223473	3242935	15399620608	17460944896	61221849087	17461084916
2025-05-20 04:13:41	7	59	8	4	1	0	4082364416	0	2224801	3242939	15403806720	17460944896	61234402859	17461084992
2025-05-20 04:13:42	7	59	8	4	1	0	4082368512	0	2226133	3242941	15407996928	17460944896	61247130402	17461085052
2025-05-20 04:13:43	7	59	8	4	1	0	4082368512	0	2227475	3242944	15412191232	17460944896	61258938151	17461085120
2025-05-20 04:13:44	7	59	8	4	1	0	4082384896	0	2228643	3242946	15416381440	17460944896	61269576879	17461085180
2025-05-20 04:13:45	7	59	8	4	1	0	4082393088	0	2230188	3242948	15420575744	17460944896	61285051978	17461085240
2025-05-20 04:13:46	7	59	8	4	1	0	4082393088	0	2231751	3242952	15428964352	17460944896	61300676449	17461085548
2025-05-20 04:13:47	7	59	8	4	1	0	4082393088	0	2232566	3242955	15433154560	17460944896	61307749315	17461085638
2025-05-20 04:13:48	7	59	8	4	1	0	4082397184	0	2233107	3242957	15433154560	17460944896	61313033507	17461085698
2025-05-20 04:13:49	7	59	8	4	1	0	4082397184	0	2233424	3242959	15433154560	17460944896	61315724840	17461085758
2025-05-20 04:13:51	7	59	8	4	1	0	4082397184	0	2233655	3242963	15437344768	17460944896	61318040120	17461085856
2025-05-20 04:13:52	7	59	8	4	1	0	4082401280	0	2233829	3242966	15437344768	17460944896	61319024411	17461085946
2025-05-20 04:13:53	7	59	8	4	1	0	4082401280	0	2234066	3247736	15437504512	17461321728	61331279254	17461444708
2025-05-20 04:13:55	7	59	8	4	1	0	4082401280	0	2234782	3247739	15437504512	17461321728	61338478989	17461444776
2025-05-20 04:13:56	7	59	8	4	1	0	4082409472	0	2236107	3247741	15445770240	17461321728	61351109593	17461444836
2025-05-20 04:13:57	7	59	8	4	1	0	4082421760	0	2237600	3247745	15448121344	17461321728	61365126418	17461444912
2025-05-20 04:13:58	7	59	8	4	1	0	4082425856	0	2239177	3247748	15448301568	17461321728	61381255706	17461444980
2025-05-20 04:13:59	7	59	8	4	1	0	4082429952	0	2240924	3247753	15448301568	17461321728	61397449255	17461445064
2025-05-20 04:14:00	7	59	8	4	1	0	4082429952	0	2241910	3247759	15452495872	17461321728	61407980862	17461445178
2025-05-20 04:14:01	7	59	8	4	1	0	4082429952	0	2243276	3247762	15452688384	17461321728	61420474409	17461445246
2025-05-20 04:14:02	7	59	8	4	1	0	4082429952	0	2244818	3247767	15452688384	17461321728	61435982001	17461445330
2025-05-20 04:14:03	7	59	8	4	1	0	4082438144	0	2246342	3247769	15452704768	17461321728	61450207723	17461445390
2025-05-20 04:14:04	7	59	8	4	1	0	4082442240	0	2247655	3247774	15457067008	17461321728	61462180463	17461445474
2025-05-20 04:14:05	7	59	8	4	1	0	4082446336	0	2248845	3247777	15457067008	17461321728	61474223560	17461445542
2025-05-20 04:14:06	7	59	8	4	1	0	4082450432	0	2249597	3247781	15457071104	17461325824	61481923603	17461445640
2025-05-20 04:14:08	7	59	8	4	1	0	4082454528	0	2250076	3247784	15457071104	17461325824	61486393864	17461445708
2025-05-20 04:14:09	7	59	8	4	1	0	4082454528	0	2250374	3247786	15457071104	17461325824	61488546590	17461445768
2025-05-20 04:14:10	7	59	8	4	1	0	4082454528	0	2250558	3247789	15457071104	17461325824	61490579300	17461445858
2025-05-20 04:14:11	7	59	8	4	1	0	4082454528	0	2250926	3247793	15457071104	17461329920	61493923389	17461445956
2025-05-20 04:14:13	7	59	8	4	1	0	4082462720	0	2251869	3247796	15461265408	17461329920	61502417120	17461446024
2025-05-20 04:14:14	7	59	8	4	1	0	4082462720	0	2253401	3247799	15461265408	17461329920	61518025238	17461446092
2025-05-20 04:14:15	7	59	8	4	1	0	4082462720	0	2254647	3247802	15461265408	17461329920	61529721213	17461446160
2025-05-20 04:14:16	7	59	8	4	1	0	4082462720	0	2256035	3247809	15461265408	17461334016	61542103376	17461446492
2025-05-20 04:14:17	7	59	8	4	1	0	4082475008	0	2257282	3247812	15465488384	17461334016	61554026792	17461446560
2025-05-20 04:14:18	7	59	8	4	1	0	4082479104	0	2258713	3247816	15465488384	17461334016	61567216603	17461446636
2025-05-20 04:14:19	7	59	8	4	1	0	4082487296	0	2259916	3247821	15465492480	17461334016	61578606672	17461446742
2025-05-20 04:14:20	7	59	8	4	1	0	4082495488	0	2261332	3247824	15469686784	17461334016	61591603292	17461446810
2025-05-20 04:14:21	7	59	8	4	1	0	4082495488	0	2262770	3247827	15469686784	17461334016	61606002051	17461446878
2025-05-20 04:14:22	7	59	8	4	1	0	4082495488	0	2263807	3247829	15473434624	17461334016	61615938775	17461446938
2025-05-20 04:14:23	7	59	8	4	1	0	4082495488	0	2264637	3247832	15473434624	17461334016	61623805732	17461447006
2025-05-20 04:14:24	7	59	8	4	1	0	4082536448	0	2265130	3251282	15473434624	17461649408	61638099308	17461677532
2025-05-20 04:14:26	7	59	8	4	1	0	4082565120	0	2265523	3251284	15473434624	17461649408	61641257648	17461677592
2025-05-20 04:14:27	7	59	8	4	1	0	4082806784	0	2265833	3251288	15477628928	17461649408	61644851699	17461677690
2025-05-20 04:14:28	7	59	8	4	1	0	4082843648	0	2266138	3251290	15477628928	17461649408	61648489863	17461677750
2025-05-20 04:14:30	7	59	8	4	1	0	4085059584	0	2266851	3251293	15477628928	17461649408	61655319682	17461677840
2025-05-20 04:14:31	7	59	8	4	1	0	4086153216	0	2267916	3251295	15477628928	17461649408	61665721109	17461677900
2025-05-20 04:14:32	7	59	8	4	1	0	4086153216	0	2269233	3251298	15477628928	17461649408	61678947167	17461677968
2025-05-20 04:14:33	7	59	8	4	1	0	4086161408	0	2270758	3251301	15477628928	17461649408	61693753471	17461678036
2025-05-20 04:14:34	7	59	8	4	1	0	4086165504	0	2272237	3251304	15481823232	17461649408	61708014192	17461678104
2025-05-20 04:14:35	7	59	8	4	1	0	4086165504	0	2273880	3251308	15481823232	17461649408	61725048060	17461678180
2025-05-20 04:14:36	7	59	8	4	1	0	4086173696	0	2274998	3251311	15481823232	17461649408	61737585788	17461678270
2025-05-20 04:14:37	7	59	8	4	1	0	4086177792	0	2275791	3251314	15481823232	17461653504	61745156312	17461678338
2025-05-20 04:14:38	7	59	8	4	1	0	4086181888	0	2277010	3251316	15486017536	17461653504	61756341613	17461678398
2025-05-20 04:14:39	7	59	8	4	1	0	4086181888	0	2278410	3251319	15486058496	17461653504	61769763215	17461678466
2025-05-20 04:14:40	7	59	8	4	1	0	4086190080	0	2279323	3251322	15486058496	17461653504	61778141887	17461678534
2025-05-20 04:14:41	7	59	8	4	1	0	4086194176	0	2279921	3251324	15486058496	17461653504	61783636083	17461678594
2025-05-20 04:14:42	7	59	8	4	1	0	4086194176	0	2280447	3251328	15490252800	17461653504	61788712117	17461678692
2025-05-20 04:14:44	7	59	8	4	1	0	4086194176	0	2280857	3251332	15490252800	17461653504	61793123560	17461678768
2025-05-20 04:14:45	7	59	8	4	1	0	4086194176	0	2281154	3251336	15490252800	17461653504	61795565641	17461678866
2025-05-20 04:14:46	7	59	8	4	1	0	4086198272	0	2281523	3251341	15490252800	17461653504	61799443154	17461679204
2025-05-20 04:14:48	7	59	8	4	1	0	4086198272	0	2282531	3251344	15490252800	17461653504	61809586878	17461679272
2025-05-20 04:14:49	7	59	8	4	1	0	4086206464	0	2283884	3251346	15490252800	17461653504	61823327623	17461679332
2025-05-20 04:14:50	7	59	8	4	1	0	4086218752	0	2285175	3251351	15490252800	17461653504	61834774441	17461679416
2025-05-20 04:14:51	7	59	8	4	1	0	4086218752	0	2286446	3251353	15494447104	17461653504	61846950140	17461679476
2025-05-20 04:14:52	7	59	8	4	1	0	4086222848	0	2287872	3255204	15494447104	17462018048	61867501171	17462043588
2025-05-20 04:14:53	7	59	8	4	1	0	4086235136	0	2289418	3255207	15494447104	17462018048	61883132433	17462043656
2025-05-20 04:14:54	7	59	8	4	1	0	4086235136	0	2291041	3255212	15498645504	17462018048	61898347463	17462043762
2025-05-20 04:14:55	7	59	8	4	1	0	4086235136	0	2292607	3255217	15498645504	17462018048	61913748403	17462043846
2025-05-20 04:14:56	7	59	8	4	1	0	4086239232	0	2294217	3255221	15498829824	17462018048	61928982336	17462043922
2025-05-20 04:14:57	7	59	8	4	1	0	4086247424	0	2295830	3255225	15503024128	17462018048	61945271181	17462043998
2025-05-20 04:14:58	7	59	8	4	1	0	4086251520	0	2297441	3255228	15503069184	17462018048	61960475298	17462044066
2025-05-20 04:14:59	7	59	8	4	1	0	4086259712	0	2298953	3255232	15503069184	17462018048	61975008404	17462044142
2025-05-20 04:15:00	7	59	8	4	1	0	4086259712	0	2299336	3255237	15503069184	17462018048	61979550361	17462044248
2025-05-20 04:15:02	7	59	8	4	1	0	4086259712	0	2299943	3255239	15503069184	17462018048	61985186288	17462044308
2025-05-20 04:15:03	7	59	8	4	1	0	4086263808	0	2300313	3255241	15503069184	17462018048	61988860952	17462044368
2025-05-20 04:15:04	7	59	8	4	1	0	4086263808	0	2300565	3255244	15503069184	17462018048	61990780610	17462044458
2025-05-20 04:15:05	7	59	8	4	1	0	4086263808	0	2300749	3255248	15503069184	17462018048	61992980364	17462044556
2025-05-20 04:15:07	7	59	8	4	1	0	4086267904	0	2301088	3255251	15503069184	17462018048	61996383160	17462044646
2025-05-20 04:15:08	7	59	8	4	1	0	4086267904	0	2301942	3255253	15507128320	17462022144	62004193001	17462044706
2025-05-20 04:15:09	7	59	8	4	1	0	4086267904	0	2303323	3255257	15507128320	17462022144	62016853520	17462044782
2025-05-20 04:15:10	7	59	8	4	1	0	4086267904	0	2305028	3255260	15507517440	17462022144	62034406396	17462044850
2025-05-20 04:15:11	7	59	8	4	1	0	4086276096	0	2306533	3255264	15507783680	17462022144	62048533769	17462044926
2025-05-20 04:15:12	7	59	8	4	1	0	4086284288	0	2308004	3255267	15512043520	17462022144	62063325629	17462044994
2025-05-20 04:15:13	7	59	8	4	1	0	4086284288	0	2309420	3255273	15512059904	17462022144	62077271134	17462045108
2025-05-20 04:15:15	7	59	8	4	1	0	4086296576	0	2310803	3255276	15512059904	17462022144	62089618818	17462045176
2025-05-20 04:15:16	7	59	8	4	1	0	4086300672	0	2312327	3255278	15516254208	17462022144	62104851149	17462045236
2025-05-20 04:15:17	7	59	8	4	1	0	4086312960	0	2313104	3257708	15516254208	17462206464	62127079056	17462209328
2025-05-20 04:15:18	7	59	8	4	1	0	4086312960	0	2313106	3257710	15516254208	17462206464	62127080989	17462209388
2025-05-20 04:15:19	7	59	8	4	1	0	4086345728	0	2313293	3257713	15516254208	17462206464	62129530215	17462209456
2025-05-20 04:15:20	7	59	8	4	1	0	4086345728	0	2313691	3257716	15516254208	17462210560	62133440638	17462209546
2025-05-20 04:15:21	7	59	8	4	1	0	4088225792	0	2314299	3257719	15516254208	17462210560	62138303794	17462209614
2025-05-20 04:15:23	7	59	8	4	1	0	4088295424	0	2314304	3257723	15516254208	17462210560	62138307668	17462209712
2025-05-20 04:15:24	7	59	8	4	1	0	4089303040	0	2314418	3257726	15516254208	17462210560	62140157948	17462209802
2025-05-20 04:15:25	7	59	8	4	1	0	4091506688	0	2315700	3257730	15516254208	17462210560	62152627344	17462209878
2025-05-20 04:15:26	7	59	8	4	1	0	4094742528	0	2317115	3257735	15517757440	17462210560	62166072257	17462209962
2025-05-20 04:15:27	7	59	8	4	1	0	4094750720	0	2318754	3257738	15517757440	17462210560	62181820526	17462210030
2025-05-20 04:15:28	7	59	8	4	1	0	4094754816	0	2320208	3257743	15517757440	17462210560	62196296590	17462210114
2025-05-20 04:15:29	7	59	8	4	1	0	4094758912	0	2321651	3257748	15517757440	17462210560	62209688878	17462210198
2025-05-20 04:15:30	7	59	8	4	1	0	4094771200	0	2322898	3257753	15517757440	17462210560	62221512758	17462210304
2025-05-20 04:15:32	7	59	8	4	1	0	4094771200	0	2324331	3257756	15517757440	17462210560	62234991544	17462210372
2025-05-20 04:15:33	7	59	8	4	1	0	4094771200	0	2325583	3257759	15517757440	17462210560	62247367847	17462210440
2025-05-20 04:15:34	7	59	8	4	1	0	4094775296	0	2326735	3257763	15517757440	17462210560	62258607108	17462210516
2025-05-20 04:15:35	7	59	8	4	1	0	4094787584	0	2327653	3257766	15517757440	17462210560	62267760721	17462210584
2025-05-20 04:15:36	7	59	8	4	1	0	4094787584	0	2328126	3257769	15517757440	17462210560	62272081292	17462210674
2025-05-20 04:15:37	7	59	8	4	1	0	4094787584	0	2328347	3259940	15517757440	17462378496	62293783122	17462362038
2025-05-20 04:15:38	7	59	8	4	1	0	4094787584	0	2328350	3259944	15517757440	17462378496	62293785063	17462362136
2025-05-20 04:15:40	7	59	8	4	1	0	4094787584	0	2328355	3259947	15517757440	17462378496	62293788937	17462362204
2025-05-20 04:15:41	7	59	8	4	1	0	4094787584	0	2328358	3259951	15517757440	17462382592	62293790878	17462362302
2025-05-20 04:15:42	7	59	8	4	1	0	4094787584	0	2328362	3259955	15517757440	17462382592	62293792827	17462362378
2025-05-20 04:15:43	7	59	8	4	1	0	4094791680	0	2328981	3259958	15517757440	17462382592	62300282816	17462362446
2025-05-20 04:15:44	7	59	8	4	1	0	4094795776	0	2330567	3259961	15517757440	17462382592	62316500817	17462362514
2025-05-20 04:15:45	7	59	8	4	1	0	4094803968	0	2331971	3259964	15517757440	17462382592	62329902379	17462362582
2025-05-20 04:15:46	7	59	8	4	1	0	4094803968	0	2333504	3259969	15517757440	17462382592	62344487693	17462362896
2025-05-20 04:15:47	7	59	8	4	1	0	4094816256	0	2334907	3259971	15517757440	17462382592	62358427439	17462362956
2025-05-20 04:15:49	7	59	8	4	1	0	4094816256	0	2336381	3259975	15517757440	17462382592	62373538690	17462363054
2025-05-20 04:15:50	7	59	8	4	1	0	4094820352	0	2338056	3259977	15517757440	17462382592	62390046409	17462363114
2025-05-20 04:15:51	7	59	8	4	1	0	4094824448	0	2339421	3259980	15517757440	17462382592	62403083241	17462363182
2025-05-20 04:15:52	7	59	8	4	1	0	4094828544	0	2340641	3259983	15517757440	17462382592	62416048625	17462363250
2025-05-20 04:15:53	7	59	8	4	1	0	4094836736	0	2341271	3259986	15519404032	17462382592	62422038254	17462363318
2025-05-20 04:15:54	7	59	8	4	1	0	4094836736	0	2341606	3259989	15519404032	17462382592	62425590497	17462363408
2025-05-20 04:15:55	7	59	8	4	1	0	4094836736	0	2341792	3259993	15521501184	17462382592	62427498681	17462363506
2025-05-20 04:15:57	7	59	8	4	1	0	4094836736	0	2341959	3259998	15521501184	17462382592	62428605123	17462363612
2025-05-20 04:15:58	7	59	8	4	1	0	4094840832	0	2342330	3260000	15521501184	17462382592	62431896796	17462363672
2025-05-20 04:15:59	7	59	8	4	1	0	4094844928	0	2343367	3269472	15525789696	17463169024	62447299236	17463132792
2025-05-20 04:16:00	7	59	8	4	1	0	4094853120	0	2344977	3269476	15526453248	17463169024	62463641381	17463132868
2025-05-20 04:16:01	7	59	8	4	1	0	4094853120	0	2346725	3269480	15530123264	17463169024	62480152883	17463132944
2025-05-20 04:16:02	7	59	8	4	1	0	4094857216	0	2348418	3269485	15530123264	17463169024	62497535110	17463133050
2025-05-20 04:16:04	7	59	8	4	1	0	4094857216	0	2350123	3269490	15530123264	17463169024	62513520773	17463133134
2025-05-20 04:16:05	7	59	8	4	1	0	4094857216	0	2351726	3269493	15534182400	17463169024	62529235971	17463133202
2025-05-20 04:16:06	7	59	8	4	1	0	4094861312	0	2353402	3269496	15534182400	17463169024	62544977446	17463133270
2025-05-20 04:16:07	7	59	8	4	1	0	4094865408	0	2355089	3269499	15534182400	17463169024	62561939303	17463133338
2025-05-20 04:16:08	7	59	8	4	1	0	4094873600	0	2356446	3269503	15534182400	17463169024	62574619619	17463133414
2025-05-20 04:16:09	7	59	8	4	1	0	4094873600	0	2357368	3269505	15538376704	17463169024	62583041065	17463133474
2025-05-20 04:16:10	7	59	8	4	1	0	4094873600	0	2357917	3269508	15538376704	17463169024	62587836966	17463133564
2025-05-20 04:16:11	7	59	8	4	1	0	4094873600	0	2358307	3269511	15538376704	17463173120	62591612470	17463133632
2025-05-20 04:16:12	7	59	8	4	1	0	4094873600	0	2358568	3269515	15538376704	17463173120	62594284610	17463133730
2025-05-20 04:16:14	7	59	8	4	1	0	4094873600	0	2358853	3269519	15538376704	17463173120	62597306961	17463133828
2025-05-20 04:16:15	7	59	8	4	1	0	4094873600	0	2359605	3269521	15538376704	17463173120	62603840238	17463133888
2025-05-20 04:16:16	7	59	8	4	1	0	4094881792	0	2360991	3269526	15538376704	17463177216	62616784537	17463134204
2025-05-20 04:16:17	7	59	8	4	1	0	4094881792	0	2362286	3269529	15542571008	17463177216	62628535146	17463134272
2025-05-20 04:16:18	7	59	8	4	1	0	4094894080	0	2363594	3269531	15542571008	17463177216	62640210852	17463134332
2025-05-20 04:16:19	7	59	8	4	1	0	4094918656	0	2365110	3269534	15542571008	17463177216	62654320760	17463134400
2025-05-20 04:16:20	7	59	8	4	1	0	4094963712	0	2366737	3269539	15542571008	17463177216	62670039998	17463134506
2025-05-20 04:16:22	7	59	8	4	1	0	4096909312	0	2368726	3269542	15546765312	17463177216	62688278669	17463134574
2025-05-20 04:16:23	7	59	8	4	1	0	4102098944	0	2369575	3269546	15546765312	17463177216	62696698325	17463134650
2025-05-20 04:16:24	7	59	8	4	1	0	4104146944	0	2370941	3269549	15546765312	17463177216	62710405954	17463134718
2025-05-20 04:16:25	7	59	8	4	1	0	4104155136	0	2372142	3269552	15550959616	17463177216	62720968765	17463134786
2025-05-20 04:16:26	7	59	8	4	1	0	4104159232	0	2372977	3269556	15550959616	17463177216	62728872746	17463134862
2025-05-20 04:16:27	7	59	8	4	1	0	4104159232	0	2373478	3269561	15550959616	17463177216	62734257698	17463134968
2025-05-20 04:16:28	7	59	8	4	1	0	4104097792	0	2373822	3269565	15550959616	17463181312	62737586552	17463135044
2025-05-20 04:16:30	7	59	8	4	1	0	4104097792	0	2374122	3269570	15550959616	17463181312	62739866370	17463135150
2025-05-20 04:16:31	7	59	8	4	1	0	4104097792	0	2374441	3269574	15550959616	17463181312	62742991516	17463135248
2025-05-20 04:16:32	7	59	8	4	1	0	4104105984	0	2375414	3269577	15551094784	17463181312	62752248433	17463135316
2025-05-20 04:16:33	7	59	8	4	1	0	4104105984	0	2376891	3269580	15551094784	17463181312	62766930098	17463135384
2025-05-20 04:16:34	7	59	8	4	1	0	4104110080	0	2378342	3269584	15555289088	17463181312	62779872814	17463135460
2025-05-20 04:16:35	7	59	8	4	1	0	4104110080	0	2379823	3269586	15555289088	17463181312	62793872117	17463135520
2025-05-20 04:16:36	7	59	8	4	1	0	4104114176	0	2381374	3269589	15555289088	17463181312	62807746094	17463135588
2025-05-20 04:16:37	7	59	8	4	1	0	4104114176	0	2383012	3269592	15559483392	17463181312	62823720704	17463135656
2025-05-20 04:16:38	7	59	8	4	1	0	4104118272	0	2384604	3269598	15559483392	17463181312	62838974047	17463135770
2025-05-20 04:16:40	7	59	8	4	1	0	4104126464	0	2386153	3269601	15559483392	17463181312	62852840458	17463135838
2025-05-20 04:16:41	7	59	8	4	1	0	4104126464	0	2387637	3269604	15563542528	17463181312	62867549298	17463135906
2025-05-20 04:16:42	7	59	8	4	1	0	4104126464	0	2388663	3269608	15563542528	17463181312	62876500823	17463135982
2025-05-20 04:16:43	7	59	8	4	1	0	4104130560	0	2389381	3269611	15563542528	17463185408	62883628535	17463136050
2025-05-20 04:16:44	7	59	8	4	1	0	4104130560	0	2389833	3269617	15563542528	17463185408	62887726691	17463136164
2025-05-20 04:16:45	7	59	8	4	1	0	4104134656	0	2390200	3269621	15563542528	17463185408	62891459438	17463136240
2025-05-20 04:16:47	7	59	8	4	1	0	4104138752	0	2390403	3269629	15563542528	17463185408	62892714276	17463136602
2025-05-20 04:16:48	7	59	8	4	1	0	4104138752	0	2390858	3269633	15563542528	17463185408	62896781262	17463136678
2025-05-20 04:16:49	7	59	8	4	1	0	4104142848	0	2392040	3269638	15563542528	17463185408	62908178721	17463136784
2025-05-20 04:16:50	7	59	8	4	1	0	4104146944	0	2393704	3269640	15567736832	17463185408	62924614577	17463136844
2025-05-20 04:16:51	7	59	8	4	1	0	4104151040	0	2395156	3269643	15567736832	17463185408	62937380672	17463136912
2025-05-20 04:16:52	7	59	8	4	1	0	4104151040	0	2396625	3269647	15567736832	17463185408	62951120452	17463136988
2025-05-20 04:16:53	7	59	8	4	1	0	4104151040	0	2398192	3269650	15571931136	17463185408	62966276519	17463137056
2025-05-20 04:16:54	7	59	8	4	1	0	4104151040	0	2399625	3269653	15571931136	17463185408	62978627610	17463137124
2025-05-20 04:16:55	7	59	8	4	1	0	4104151040	0	2401295	3269656	15571931136	17463185408	62994817628	17463137192
2025-05-20 04:16:56	7	59	8	4	1	0	4104159232	0	2402809	3269661	15571931136	17463185408	63009286438	17463137298
2025-05-20 04:16:58	7	59	8	4	1	0	4104163328	0	2404144	3269664	15576219648	17463185408	63021694465	17463137366
2025-05-20 04:16:59	7	59	8	4	1	0	4104163328	0	2405048	3269667	15576256512	17463185408	63029772222	17463137434
2025-05-20 04:17:00	7	59	8	4	1	0	4104167424	0	2405608	3269671	15576256512	17463185408	63034588447	17463137510
2025-05-20 04:17:01	7	59	8	4	1	0	4104167424	0	2405898	3269677	15576256512	17463185408	63037244190	17463137624
2025-05-20 04:17:02	7	59	8	4	1	0	4104167424	0	2406120	3269683	15576256512	17463185408	63039641044	17463137738
2025-05-20 04:17:04	7	59	8	4	1	0	4104167424	0	2406281	3269688	15576256512	17463185408	63040501166	17463137844
2025-05-20 04:17:05	7	59	8	4	1	0	4104167424	0	2406694	3269691	15576256512	17463185408	63044411989	17463137912
2025-05-20 04:17:06	7	59	8	4	1	0	4104171520	0	2407885	3269696	15576256512	17463185408	63056402258	17463137996
2025-05-20 04:17:07	7	59	8	4	1	0	4104175616	0	2408590	3270080	15580450816	17463214080	63076624077	17463149210
2025-05-20 04:17:09	7	59	8	4	1	0	4104077312	0	2408914	3270084	15580450816	17463214080	63084024629	17463149286
2025-05-20 04:17:10	7	59	8	4	1	0	4104077312	0	2409130	3270086	15580450816	17463214080	63091686703	17463149346
2025-05-20 04:17:11	7	59	8	4	1	0	4104077312	0	2409330	3270089	15580479488	17463214080	63099060876	17463149414
2025-05-20 04:17:12	7	59	8	4	1	0	4104077312	0	2409464	3270092	15580479488	17463214080	63106461561	17463149482
2025-05-20 04:17:13	7	59	8	4	1	0	4111679488	0	2409761	3270095	15618228224	17463218176	63138079477	17463149550
2025-05-20 04:17:14	7	59	8	4	1	0	4111679488	0	2409764	3270098	15618228224	17463218176	63138081417	17463149618
2025-05-20 04:17:15	7	59	8	4	1	0	4111679488	0	2409766	3270101	15618228224	17463218176	63138083349	17463149708
2025-05-20 04:17:16	7	59	8	4	1	0	4111683584	0	2409771	3270106	15618228224	17463222272	63138085420	17463150024
2025-05-20 04:17:17	7	59	8	4	1	0	4111683584	0	2409777	3270110	15618228224	17463222272	63138089299	17463150100
2025-05-20 04:17:18	7	59	8	4	1	0	4111683584	0	2409781	3270115	15618228224	17463222272	63138091247	17463150206
2025-05-20 04:17:20	7	59	8	4	1	0	4111683584	0	2409784	3270118	15618228224	17463222272	63138093187	17463150274
2025-05-20 04:17:21	7	59	8	4	1	0	4111683584	0	2409789	3270124	15618228224	17463222272	63138095143	17463150388
2025-05-20 04:17:22	7	59	8	4	1	0	4111683584	0	2409794	3270127	15618228224	17463222272	63138099015	17463150456
2025-05-20 04:17:23	7	59	8	4	1	0	4113248256	0	2410500	3270187	15618248704	17463312384	63157004156	17463152204
2025-05-20 04:17:24	7	59	8	4	1	0	4113317888	0	2411788	3270382	15630831616	17463455744	63186070545	17463160320
2025-05-20 04:17:26	7	59	8	4	1	0	4110254080	0	2412908	3272715	15635161088	17463660544	63205714348	17463321214
2025-05-20 04:17:27	7	59	8	4	1	0	4110229504	0	2414673	3272718	15643414528	17463660544	63223523295	17463321282
2025-05-20 04:17:28	7	59	8	4	1	0	4108050432	0	2416332	3272721	15647608832	17463660544	63240687440	17463321350
2025-05-20 04:17:29	7	59	8	4	1	0	4105945088	0	2417816	3272725	15655997440	17463660544	63256085053	17463321426
2025-05-20 04:17:30	7	59	8	4	1	0	4104372224	0	2419062	3272729	15664386048	17463660544	63268389753	17463321502
2025-05-20 04:17:31	7	59	8	4	1	0	4100112384	0	2420579	3272732	15672774656	17463660544	63283009681	17463321570
2025-05-20 04:17:32	7	59	8	4	1	0	4095971328	0	2422092	3272735	15681298432	17463660544	63299271477	17463321638
2025-05-20 04:17:33	7	59	8	4	1	0	4093349888	0	2423617	3272739	15685357568	17463660544	63314662567	17463321736
2025-05-20 04:17:34	7	59	8	4	1	0	4057026560	0	2424944	3272742	15693815808	17463660544	63328851664	17463321804
2025-05-20 04:17:35	7	59	8	4	1	0	4052324352	0	2426094	3272744	15702134784	17463660544	63339671687	17463321864
2025-05-20 04:17:36	7	59	8	4	1	0	4049170432	0	2426938	3272748	15705812992	17463664640	63348070395	17463321940
2025-05-20 04:17:37	7	59	8	4	1	0	4046020608	0	2427419	3272752	15707328512	17463664640	63353224752	17463322038
2025-05-20 04:17:39	7	59	8	4	1	0	4045955072	0	2427747	3272756	15707328512	17463664640	63356921714	17463322114
2025-05-20 04:17:40	7	59	8	4	1	0	4044378112	0	2427982	3272762	15707328512	17463664640	63358863433	17463322228
2025-05-20 04:17:41	7	59	8	4	1	0	4042801152	0	2428305	3272766	15707328512	17463664640	63362474966	17463322326
2025-05-20 04:17:43	7	59	8	4	1	0	4038078464	0	2428990	3272769	15707328512	17463664640	63368752637	17463322394
2025-05-20 04:17:44	7	59	8	4	1	0	4033912832	0	2429630	3274163	15707365376	17475096576	63375731758	17474717534
2025-05-20 04:17:45	6	38	8	4	1	0	1666641920	0	1151970	732204	12354727936	17444691968	50817693095	17445047138
2025-05-20 04:17:46	6	46	8	4	1	0	1917845504	0	1167583	728109	12402733056	17444499456	50859910588	17444971870
2025-05-20 04:17:47	7	59	8	4	1	0	2176606208	0	1178067	728158	12437180416	17444524032	50900114263	17444976916
2025-05-20 04:17:48	7	59	8	4	1	0	2675703808	0	1179348	728161	12453957632	17444524032	50915911271	17444976984
2025-05-20 04:17:49	7	59	8	4	1	0	2684628992	0	1180408	728204	12478124032	17449000960	50939154382	17449445998
2025-05-20 04:17:50	7	59	8	4	1	0	2688446464	0	1180694	728275	12478181376	17457487872	50965673909	17457935409
2025-05-20 04:17:51	7	59	8	4	1	0	2902777856	0	1181945	728330	12494958592	17463803904	50997768801	17464249629
2025-05-20 04:17:52	7	59	8	4	1	0	3226775552	0	1183246	728399	12507541504	17471643648	51034403776	17472090451
2025-05-20 04:17:53	7	59	8	4	1	0	3464744960	0	1183337	728437	12507541504	17475780608	51045940015	17476228530
2025-05-20 04:17:54	7	59	8	4	1	0	3464806400	0	1184650	728518	12520124416	17485049856	51086459845	17485498401
2025-05-20 04:17:55	7	59	8	4	1	0	3469930496	0	1184917	728623	12520124416	17497210880	51121064757	17497659997
2025-05-20 04:17:57	7	59	8	4	1	0	3712786432	0	1186166	728694	12532707328	17505280000	51158059544	17505727857
2025-05-20 04:17:58	7	59	8	4	1	0	3712815104	0	1187497	728778	12545290240	17514967040	51200896888	17515415487
2025-05-20 04:17:59	7	59	8	4	1	0	3860774912	0	1188263	728861	12553678848	17524604928	51235671395	17525052037
2025-05-20 04:18:00	7	59	8	4	1	0	3861438464	0	1189054	728947	12557873152	17534623744	51271756052	17535070010
2025-05-20 04:18:01	7	59	8	4	1	0	4074352640	0	1190318	729008	12585414656	17541677056	51304104706	17542121603
2025-05-20 04:18:02	7	59	8	4	1	0	4074373120	0	1190804	729098	12595838976	17551958016	51337535788	17552402050
2025-05-20 04:18:03	7	59	8	4	1	0	4074385408	0	1191799	729154	12616499200	17558134784	51365651644	17558580264
2025-05-20 04:18:04	7	59	8	4	1	0	4074393600	0	1191941	729205	12621758464	17563779072	51383481250	17564224868
2025-05-20 04:18:05	7	59	8	4	1	0	4074700800	0	1192748	729222	12631744512	17565470720	51396912096	17565917358
2025-05-20 04:18:06	7	59	8	4	1	0	4074708992	0	1193115	729239	12638375936	17566785536	51405019895	17567232304
2025-05-20 04:18:08	7	59	8	4	1	0	4074713088	0	1193158	729258	12640464896	17568583680	51410264682	17569029721
2025-05-20 04:18:09	7	59	8	4	1	0	4074729472	0	1193219	729280	12640464896	17570897920	51417608520	17571344289
2025-05-20 04:18:10	7	59	8	4	1	0	4074729472	0	1193358	729334	12649291776	17576931328	51435436219	17577376976
2025-05-20 04:18:11	7	59	8	4	1	0	4074737664	0	1194647	729410	12672655360	17585213440	51472792268	17585659665
2025-05-20 04:18:13	7	59	8	4	1	0	4078448640	0	1195259	729501	12700442624	17595498496	51506882983	17595941776
2025-05-20 04:18:14	7	59	8	4	1	0	4078456832	0	1196586	729585	12732633088	17605177344	51549508342	17605624644
2025-05-20 04:18:15	7	59	8	4	1	0	4089982976	0	1197875	729659	12737978368	17613697024	51586798103	17614139919
2025-05-20 04:18:16	7	59	8	4	1	0	4089991168	0	1199012	729747	12753543168	17623859200	51626965307	17624298439
2025-05-20 04:18:17	7	59	8	4	1	0	4090068992	0	1199475	729846	12756410368	17635196928	51663859461	17635639098
2025-05-20 04:18:18	7	59	8	4	1	0	4361695232	0	1200717	729898	12766625792	17641111552	51695042642	17641548942
2025-05-20 04:18:19	7	59	8	4	1	0	4361711616	0	1200880	729962	12766625792	17648189440	51716016075	17648626003
2025-05-20 04:18:20	7	59	8	4	1	0	4361744384	0	1202033	729983	12771287040	17650335744	51735492747	17650770847
2025-05-20 04:18:21	7	59	8	4	1	0	4361764864	0	1202107	730013	12771287040	17653694464	51744931836	17654126138
2025-05-20 04:18:22	7	59	8	4	1	0	4361785344	0	1202174	730040	12771287040	17656475648	51753322357	17656908786
2025-05-20 04:18:24	7	59	8	4	1	0	4361793536	0	1202234	730066	12771287040	17659129856	51760664310	17659565240
2025-05-20 04:18:25	7	59	8	4	1	0	4361814016	0	1202544	730113	12771344384	17664356352	51777753564	17664791474
2025-05-20 04:18:26	7	59	8	4	1	0	4361834496	0	1202795	730207	12771344384	17675149312	51810261333	17675584455
2025-05-20 04:18:27	7	59	8	4	1	0	4362014720	0	1205143	730265	12791316480	17681784832	51854560204	17682220823
2025-05-20 04:18:28	7	59	8	4	1	0	4362031104	0	1205836	730363	12792836096	17693106176	51894257005	17693539175
2025-05-20 04:18:29	7	59	8	4	1	0	4477620224	0	1206723	730442	12793839616	17702154240	51929570401	17702589474
2025-05-20 04:18:30	7	59	8	4	1	0	4477628416	0	1208036	730525	12800049152	17711652864	51969946723	17712088810
2025-05-20 04:18:31	7	59	8	4	1	0	4477632512	0	1209358	730609	12810698752	17721077760	52011481108	17721513459
2025-05-20 04:18:32	7	59	8	4	1	0	4477632512	0	1209609	730709	12810698752	17732403200	52043988879	17732835913
2025-05-20 04:18:34	7	59	8	4	1	0	4477702144	0	1209842	730782	12810698752	17740693504	52068668216	17741127616
2025-05-20 04:18:35	7	59	8	4	1	0	4477726720	0	1210111	730829	12814495744	17745948672	52085249486	17746383760
2025-05-20 04:18:36	7	59	8	4	1	0	4477747200	0	1211360	730837	12824748032	17746432000	52101631288	17746866691
2025-05-20 04:18:37	7	59	8	4	1	0	4477763584	0	1212207	730850	12833058816	17747476480	52113668347	17747914618
2025-05-20 04:18:38	7	59	8	4	1	0	4477784064	0	1212267	730874	12833058816	17749778432	52121010302	17750216711
2025-05-20 04:18:40	7	59	8	4	1	0	4477804544	0	1212343	730902	12833058816	17752633344	52130449410	17753069866
2025-05-20 04:18:41	7	59	8	4	1	0	4477825024	0	1212497	730964	12833058816	17759719424	52150374262	17760158033
2025-05-20 04:18:42	7	59	8	4	1	0	4487430144	0	1213776	731032	12836499456	17767460864	52186548731	17767896910
2025-05-20 04:18:43	7	59	8	4	1	0	4487462912	0	1215098	731120	12843769856	17777336320	52228139603	17777771886
2025-05-20 04:18:44	7	59	8	4	1	0	4487479296	0	1216157	731211	12854984704	17787715584	52267620452	17788151330
2025-05-20 04:18:45	7	59	8	4	1	0	4487487488	0	1216456	731316	12854984704	17799897088	52304514936	17800333174
2025-05-20 04:18:46	7	59	8	4	1	0	4487643136	0	1217756	731395	12856508416	17808900096	52345064216	17809336831
2025-05-20 04:18:47	7	59	8	4	1	0	4487708672	0	1219074	731478	12867014656	17818374144	52385004717	17818803675
2025-05-20 04:18:48	7	59	8	4	1	0	4487720960	0	1220345	731541	12880834560	17825701888	52420180116	17826127254
2025-05-20 04:18:49	7	59	8	4	1	0	4573401088	0	1220468	731589	12880834560	17831059456	52435910672	17831485269
2025-05-20 04:18:51	7	59	8	4	1	0	4573413376	0	1220537	731619	12880834560	17833902080	52444301209	17834323268
2025-05-20 04:18:52	7	59	8	4	1	0	4573425664	0	1220605	731649	12880834560	17836978176	52452691739	17837400176
2025-05-20 04:18:53	7	59	8	4	1	0	4573458432	0	1221686	731657	12887937024	17837215744	52466488426	17837636291
2025-05-20 04:18:54	7	59	8	4	1	0	4573474816	0	1221853	731708	12887937024	17842909184	52483698465	17843330011
2025-05-20 04:18:55	7	59	8	4	1	0	4573495296	0	1222582	731789	12895010816	17852141568	52517256093	17852555722
2025-05-20 04:18:56	7	59	8	4	1	0	4573507584	0	1222968	731890	12896661504	17863634944	52552397592	17864049366
2025-05-20 04:18:57	7	59	8	4	1	0	4573577216	0	1225179	731945	12915585024	17869766656	52595819317	17870183832
2025-05-20 04:18:59	7	59	8	4	1	0	4573593600	0	1225463	732045	12915585024	17881567232	52629681220	17881982604
2025-05-20 04:19:00	7	59	8	4	1	0	4573626368	0	1226795	732128	12915585024	17891045376	52672322368	17891462603
2025-05-20 04:19:01	7	59	8	4	1	0	4586475520	0	1228093	732201	12915585024	17899659264	52710841610	17900078543
2025-05-20 04:19:02	7	59	8	4	1	0	4586483712	0	1228460	732303	12915585024	17911480320	52746699954	17911898442
2025-05-20 04:19:03	7	59	8	4	1	0	4586500096	0	1228695	732393	12915585024	17921884160	52777110578	17922301709
2025-05-20 04:19:04	7	59	8	4	1	0	4586524672	0	1230604	732423	12915585024	17925206016	52808817868	17925622392
2025-05-20 04:19:05	7	59	8	4	1	0	4586541056	0	1231081	732464	12915585024	17929699328	52825925115	17930114778
2025-05-20 04:19:06	7	59	8	4	1	0	4586553344	0	1231175	732499	12915585024	17933422592	52837463294	17933839195
2025-05-20 04:19:07	7	59	8	4	1	0	4586586112	0	1231251	732529	12915585024	17936453632	52846902408	17936870240
2025-05-20 04:19:09	7	59	8	4	1	0	4586610688	0	1231416	732554	12915585024	17939079168	52855487025	17939495832
2025-05-20 04:19:10	7	59	8	4	1	0	4586749952	0	1232461	732573	12923027456	17941004288	52873611646	17941421342
2025-05-20 04:19:11	7	59	8	4	1	0	4587286528	0	1232688	732662	12923027456	17951236096	52902973695	17951653639
2025-05-20 04:19:12	7	59	8	4	1	0	4587290624	0	1233826	732751	12923027456	17961406464	52942442023	17961822009
2025-05-20 04:19:13	7	59	8	4	1	0	4587294720	0	1235148	732834	12923027456	17970995200	52984026691	17971412524
2025-05-20 04:19:14	7	59	8	4	1	0	4587278336	0	1236519	732915	12923027456	17980485632	53026126287	17980905768
2025-05-20 04:19:15	7	59	8	4	1	0	4587290624	0	1237841	733000	12923027456	17990369280	53067873042	17990789049
2025-05-20 04:19:16	7	59	8	4	1	0	4587298816	0	1238117	733106	12923027456	18002694144	53103528454	18003115043
2025-05-20 04:19:17	7	59	8	4	1	0	4587319296	0	1238580	733195	12923027456	18012913664	53136795254	18013336173
2025-05-20 04:19:18	7	59	8	4	1	0	4587425792	0	1239800	733242	12923027456	18018156544	53164917175	18018576836
2025-05-20 04:19:19	7	59	8	4	1	0	4587429888	0	1240982	733269	12923027456	18021072896	53187510224	18021486992
2025-05-20 04:19:21	7	59	8	4	1	0	4587433984	0	1241064	733302	12923027456	18024804352	53197997898	18025220394
2025-05-20 04:19:22	7	59	8	4	1	0	4587458560	0	1241139	733328	12923027456	18027487232	53207437001	18027897796
2025-05-20 04:19:23	7	59	8	4	1	0	4587458560	0	1241200	733353	12923027456	18030125056	53214780865	18030537865
2025-05-20 04:19:24	7	59	8	4	1	0	4587458560	0	1241836	733388	12923027456	18034094080	53232908359	18034505555
2025-05-20 04:19:25	7	59	8	4	1	0	4587458560	0	1242603	733466	12923027456	18042912768	53266913920	18043322518
2025-05-20 04:19:27	7	59	8	4	1	0	4587462656	0	1243275	733558	12923027456	18053484544	53302684437	18053896921
2025-05-20 04:19:28	7	59	8	4	1	0	4587405312	0	1244588	733636	12923027456	18062516224	53343303700	18062928947
2025-05-20 04:19:29	7	59	8	4	1	0	4587405312	0	1245916	733718	12923027456	18072076288	53385218439	18072484504
2025-05-20 04:19:30	7	59	8	4	1	0	4587417600	0	1247237	733799	12928417792	18081353728	53426781544	18081762675
2025-05-20 04:19:31	7	59	8	4	1	0	4587433984	0	1247564	733902	12928417792	18093514752	53464981780	18093924315
2025-05-20 04:19:32	7	59	8	4	1	0	4587487232	0	1248215	733990	12928417792	18103599104	53499489353	18104009014
2025-05-20 04:19:33	7	59	8	4	1	0	4587499520	0	1249826	734066	12928417792	18112397312	53542515183	18112807019
2025-05-20 04:19:34	7	59	8	4	1	0	4587507712	0	1250822	734145	12928417792	18121019392	53577318807	18121424099
2025-05-20 04:19:35	7	59	8	4	1	0	4587511808	0	1251974	734189	12928417792	18126036992	53605445362	18126440919
2025-05-20 04:19:36	7	59	8	4	1	0	4640100352	0	1252129	734223	12928417792	18129756160	53616795210	18130161777
2025-05-20 04:19:37	7	59	8	4	1	0	4640124928	0	1252204	734253	12928417792	18132914176	53626234316	18133320665
2025-05-20 04:19:39	7	59	8	4	1	0	4640137216	0	1252263	734279	12928417792	18135650304	53633576270	18136056675
2025-05-20 04:19:40	7	59	8	4	1	0	4640137216	0	1252330	734306	12928417792	18138382336	53641966800	18138789116
2025-05-20 04:19:41	7	59	8	4	1	0	4640137216	0	1252916	734347	12928417792	18142969856	53661562885	18143374998
2025-05-20 04:19:42	7	59	8	4	1	0	4640137216	0	1253713	734431	12928417792	18152706048	53696907032	18153111681
2025-05-20 04:19:43	7	59	8	4	1	0	4640145408	0	1255549	734508	12928417792	18161704960	53742905109	18162116528
2025-05-20 04:19:44	7	59	8	4	1	0	4640169984	0	1256387	734601	12928417792	18172358656	53781553037	18172767767
2025-05-20 04:19:45	7	59	8	4	1	0	4640178176	0	1256662	734708	12928417792	18184433664	53817206543	18184845117
2025-05-20 04:19:47	7	59	8	4	1	0	4640182272	0	1258753	734779	12928417792	18192564224	53864762813	18192972680
2025-05-20 04:19:48	7	59	8	4	1	0	4640198656	0	1259321	734880	12928417792	18204311552	53902048552	18204720109
2025-05-20 04:19:49	7	59	8	4	1	0	4640210944	0	1259939	734976	12928442368	18215624704	53939100135	18216031812
2025-05-20 04:19:50	7	59	8	4	1	0	4640256000	0	1261650	735049	12928442368	18224082944	53983401854	18224487791
2025-05-20 04:19:51	7	59	8	4	1	0	4640260096	0	1262555	735122	12931616768	18232496128	54017234996	18232900397
2025-05-20 04:19:52	7	59	8	4	1	0	4640276480	0	1262824	735178	12940005376	18238836736	54037608689	18239236755
2025-05-20 04:19:53	7	59	8	4	1	0	4640292864	0	1262931	735219	12940054528	18243330048	54051242097	18243729954
2025-05-20 04:19:54	7	59	8	4	1	0	4640296960	0	1263014	735250	12940054528	18246746112	54061729777	18247145042
2025-05-20 04:19:55	7	59	8	4	1	0	4640321536	0	1263084	735278	12940054528	18249527296	54070122225	18249927136
2025-05-20 04:19:57	7	59	8	4	1	0	4640808960	0	1263419	735298	12944228352	18251321344	54079007402	18251716963
2025-05-20 04:19:58	7	59	8	4	1	0	4640821248	0	1264296	735312	12950765568	18252656640	54093106965	18253051701
2025-05-20 04:19:59	7	59	8	4	1	0	4640862208	0	1265546	735354	12957032448	18257563648	54120752019	18257961948
2025-05-20 04:20:00	7	59	8	4	1	0	4640890880	0	1265812	735428	12960784384	18266374144	54144895992	18266772232
2025-05-20 04:20:01	7	59	8	4	1	0	4640915456	0	1266068	735440	12967415808	18267594752	54148079983	18267991539
2025-05-20 04:20:02	7	59	8	4	1	0	4640927744	0	1266282	735530	12995350528	18278027264	54175346801	18278424044
2025-05-20 04:20:03	7	59	8	4	1	0	4640952320	0	1268648	735593	13014302720	18285477888	54224230777	18285864973
2025-05-20 04:20:04	7	59	8	4	1	0	4640952320	0	1268941	735700	13014302720	18297851904	54261981450	18298240909
2025-05-20 04:20:06	7	59	8	4	1	0	4641005568	0	1270257	735779	13014376448	18307203072	54302568363	18307589641
2025-05-20 04:20:07	7	59	8	4	1	0	4641009664	0	1271531	735859	13014499328	18316402688	54343111336	18316795161
2025-05-20 04:20:08	7	59	8	4	1	0	4641009664	0	1271980	735934	13047418880	18324967424	54372476337	18325358455
2025-05-20 04:20:09	7	59	8	4	1	0	4641009664	0	1272948	735975	13059973120	18329632768	54396840811	18330023234
2025-05-20 04:20:10	7	59	8	4	1	0	4641026048	0	1273055	736015	13072551936	18333904896	54410474219	18334295732
2025-05-20 04:20:11	7	59	8	4	1	0	4641030144	0	1273129	736045	13085134848	18337239040	54419913314	18337630674
2025-05-20 04:20:12	7	59	8	4	1	0	4641095680	0	1273574	736061	13089329152	18338652160	54429487786	18339039788
2025-05-20 04:20:14	7	59	8	4	1	0	4641103872	0	1273648	736089	13097717760	18341945344	54438926883	18342333736
2025-05-20 04:20:15	7	59	8	4	1	0	4641120256	0	1273850	736157	13127032832	18350104576	54465143197	18350494194
2025-05-20 04:20:16	7	59	8	4	1	0	4641144832	0	1275703	736226	13148000256	18358321152	54509894045	18358713348
2025-05-20 04:20:17	7	59	8	4	1	0	4641153024	0	1276054	736330	13189038080	18370498560	54547399380	18370889711
2025-05-20 04:20:18	7	59	8	4	1	0	4641243136	0	1278189	736392	13220794368	18377469952	54593886925	18377862975
2025-05-20 04:20:19	7	59	8	4	1	0	4641251328	0	1278457	736499	13262737408	18389676032	54628491863	18390066812
2025-05-20 04:20:20	7	59	8	4	1	0	4641263616	0	1279792	736584	13295902720	18399653888	54671757474	18400043063
2025-05-20 04:20:21	7	59	8	4	1	0	4641280000	0	1281124	736667	13325258752	18409472000	54714138153	18409858973
2025-05-20 04:20:22	7	59	8	4	1	0	4641288192	0	1282459	736750	13354651648	18418958336	54756735408	18419344901
2025-05-20 04:20:23	7	59	8	4	1	0	4641521664	0	1282665	736835	13384044544	18428723200	54782953651	18429105392
2025-05-20 04:20:24	7	59	8	4	1	0	4641538048	0	1283887	736889	13400821760	18434871296	54814762676	18435253783
2025-05-20 04:20:26	7	59	8	4	1	0	4641546240	0	1284025	736945	13421793280	18441158656	54832590382	18441542998
2025-05-20 04:20:27	7	59	8	4	1	0	4641546240	0	1284149	736984	13434376192	18445332480	54845493279	18445717108
2025-05-20 04:20:28	7	59	8	4	1	0	4641546240	0	1284231	737014	13442764800	18448662528	54855980953	18449045802
2025-05-20 04:20:29	7	59	8	4	1	0	4641546240	0	1284297	737040	13451038720	18451390464	54864371475	18451775569
2025-05-20 04:20:30	7	59	8	4	1	0	4641546240	0	1284357	737064	13459427328	18453876736	54871715335	18454259849
2025-05-20 04:20:32	7	59	8	4	1	0	4641546240	0	1284638	737085	13472026624	18456055808	54882459719	18456440662
2025-05-20 04:20:33	7	59	8	4	1	0	4641546240	0	1284791	737105	13472026624	18457985024	54883774139	18458370091
2025-05-20 04:20:34	7	59	8	4	1	0	4641546240	0	1285250	737176	13472026624	18461229056	54890034401	18461614536
2025-05-20 04:20:35	7	59	8	4	1	0	4641546240	0	1285252	737178	13472026624	18461229056	54890036315	18461614596
2025-05-20 04:20:36	7	59	8	4	1	0	4641550336	0	1285669	737236	13472026624	18465886208	54897520598	18466269333
2025-05-20 04:20:37	7	59	8	4	1	0	4641558528	0	1288069	737274	13472026624	18469855232	54924205440	18470238520
2025-05-20 04:20:38	7	59	8	4	1	0	4641558528	0	1288095	737315	13472026624	18474606592	54927353082	18474988481
2025-05-20 04:20:39	7	59	8	4	1	0	4641558528	0	1289353	737361	13472026624	18479972352	54947712114	18480354793
2025-05-20 04:20:40	7	59	8	4	1	0	4641566720	0	1289389	737390	13472026624	18483236864	54951910244	18483621366
2025-05-20 04:20:41	7	59	8	4	1	0	4641570816	0	1289399	737404	13472026624	18484563968	54952960734	18484946585
2025-05-20 04:20:43	7	59	8	4	1	0	4641570816	0	1289410	737415	13472026624	18485497856	54954011232	18485881497
2025-05-20 04:20:44	7	59	8	4	1	0	4641570816	0	1289413	737424	13472026624	18486222848	54954013154	18486606331
2025-05-20 04:20:45	7	59	8	4	1	0	4641570816	0	1289416	737434	13472026624	18486956032	54954015076	18487341520
2025-05-20 04:20:46	7	59	8	4	1	0	4641738752	0	1289418	737438	13472026624	18487201792	54954016990	18487584853
2025-05-20 04:20:47	7	59	8	4	1	0	4641738752	0	1289431	737445	13472026624	18487672832	54955069402	18488057225
2025-05-20 04:20:49	7	59	8	4	1	0	4641738752	0	1289434	737457	13472026624	18488664064	54955071324	18489049914
2025-05-20 04:20:50	7	59	8	4	1	0	4641738752	0	1289445	737475	13472026624	18490454016	54956121822	18490836131
2025-05-20 04:20:51	7	59	8	4	1	0	4641738752	0	1290650	737492	13472026624	18492125184	54968997850	18492505539
2025-05-20 04:20:52	7	59	8	4	1	0	4641738752	0	1290652	737511	13472026624	18494169088	54968999764	18494548750
2025-05-20 04:20:53	7	59	8	4	1	0	4641738752	0	1290654	737514	13472026624	18494287872	54969001678	18494669818
2025-05-20 04:20:54	7	59	8	4	1	0	4641738752	0	1290667	737524	13472026624	18494894080	54970052192	18495272929
2025-05-20 04:20:55	7	59	8	4	1	0	4641738752	0	1290669	737526	13472026624	18494894080	54970054100	18495272989
2025-05-20 04:20:56	7	59	8	4	1	0	4641738752	0	1290672	737541	13472026624	18496212992	54970056016	18496587524
2025-05-20 04:20:57	7	59	8	4	1	0	4641738752	0	1290684	737558	13472026624	18497740800	54971106634	18498113829
2025-05-20 04:20:58	7	59	8	4	1	0	4641738752	0	1290695	737572	13472026624	18499055616	54972157132	18499427301
2025-05-20 04:20:59	7	59	8	4	1	0	4641738752	0	1290699	737575	13472026624	18499055616	54972160960	18499427391
2025-05-20 04:21:01	7	59	8	4	1	0	4641738752	0	1290701	737577	13472026624	18499055616	54972162874	18499427451
2025-05-20 04:21:02	7	59	8	4	1	0	4641738752	0	1290704	737581	13472026624	18499055616	54972164796	18499427549
2025-05-20 04:21:03	7	59	8	4	1	0	4641738752	0	1290707	737595	13472026624	18500366336	54972166718	18500739585
2025-05-20 04:21:04	7	59	8	4	1	0	4641738752	0	1290718	737617	13472026624	18502627328	54973217216	18503002090
2025-05-20 04:21:05	7	59	8	4	1	0	4641738752	0	1290720	737628	13472026624	18503692288	54973219130	18504065662
2025-05-20 04:21:06	7	59	8	4	1	0	4641738752	0	1290965	737646	13472026624	18505519104	54977127431	18505893548
2025-05-20 04:21:07	7	59	8	4	1	0	4641738752	0	1290968	737652	13472026624	18505871360	54977129354	18506246136
2025-05-20 04:21:08	7	59	8	4	1	0	4641738752	0	1290971	737668	13472026624	18507419648	54977131277	18507794544
2025-05-20 04:21:09	7	59	8	4	1	0	4641738752	0	1290984	737689	13472026624	18509484032	54978183691	18509858551
2025-05-20 04:21:11	7	59	8	4	1	0	4641738752	0	1290994	737699	13472026624	18510462976	54979234182	18510836054
2025-05-20 04:21:12	7	59	8	4	1	0	4641742848	0	1290997	737712	13472026624	18511659008	54979236105	18512029994
2025-05-20 04:21:13	7	59	8	4	1	0	4641742848	0	1290999	737716	13472026624	18511904768	54979238020	18512275538
2025-05-20 04:21:14	7	59	8	4	1	0	4641742848	0	1291002	737723	13472026624	18512265216	54979239943	18512635767
2025-05-20 04:21:15	7	59	8	4	1	0	4641742848	0	1291005	737728	13472026624	18512519168	54979241866	18512889123
2025-05-20 04:21:16	7	59	8	4	1	0	4641742848	0	1291018	737743	13472026624	18513846272	54980294280	18514214142
2025-05-20 04:21:18	7	59	8	4	1	0	4641742848	0	1291020	737755	13472026624	18515070976	54980296195	18515440437
2025-05-20 04:21:19	7	59	8	4	1	0	4641742848	0	1291023	737761	13472026624	18515427328	54980298117	18515797095
2025-05-20 04:21:20	6	38	8	4	1	0	1669107712	0	1148642	728742	12354727936	17444528128	50842941318	17444980273
2025-05-20 04:21:21	4	14	8	4	1	0	1645961216	0	1149046	728145	12354727936	17444487168	51916857724	17444966076
2025-05-20 04:21:22	6	45	8	4	1	0	1903308800	0	1173453	728171	12403359744	17444560896	51939012381	17444985256
2025-05-20 04:21:23	7	57	8	4	1	0	2202378240	0	1175281	728205	12436463616	17444585472	51967257015	17444989302
2025-05-20 04:21:24	7	57	8	4	1	0	2665672704	0	1175370	728207	12456103936	17444585472	52011802892	17444989362
2025-05-20 04:21:25	7	57	8	4	1	0	2934415360	0	1175566	728215	12488810496	17444585472	52057338484	17444990318
2025-05-20 04:21:26	7	57	8	4	1	0	3437547520	0	1175639	728217	12526559232	17444585472	52093692366	17444990378
2025-05-20 04:21:27	7	57	8	4	1	0	3951931392	0	1175703	728220	12555919360	17444585472	52124926256	17444990446
2025-05-20 04:21:28	7	57	8	4	1	0	3951939584	0	1175788	728224	12597862400	17444585472	52166400155	17444990522
2025-05-20 04:21:29	7	57	8	4	1	0	3983605760	0	1175911	728229	12660776960	17444585472	52227330056	17444990628
2025-05-20 04:21:30	7	57	8	4	1	0	4508258304	0	1176037	728232	12723843072	17444585472	52290307958	17444990696
2025-05-20 04:21:31	7	57	8	4	1	0	4511186944	0	1176184	728236	12795146240	17444585472	52363525868	17444990772
2025-05-20 04:21:33	7	57	8	4	1	0	4509073408	0	1176328	728239	12866449408	17444585472	52435719769	17444990840
2025-05-20 04:21:34	7	57	8	4	1	0	4506976256	0	1176479	728242	12941946880	17444585472	52511497671	17444990908
2025-05-20 04:21:35	7	57	8	4	1	0	4506300416	0	1176612	728245	13009055744	17444585472	52578059574	17444990976
2025-05-20 04:21:36	7	57	8	4	1	0	4507045888	0	1176710	728249	13059387392	17444585472	52626189485	17444991052
2025-05-20 04:21:37	7	57	8	4	1	0	4454748160	0	1176777	728253	13088747520	17444585472	52657937283	17444991150
2025-05-20 04:21:38	7	57	8	4	1	0	4454760448	0	1176821	728257	13109719040	17444585472	52678419194	17444991226
2025-05-20 04:21:39	7	57	8	4	1	0	4454772736	0	1176854	728262	13126496256	17444585472	52693269105	17444991332
2025-05-20 04:21:41	7	57	8	4	1	0	4455337984	0	1176881	728266	13134884864	17444585472	52705047016	17444991408
2025-05-20 04:21:42	7	57	8	4	1	0	4455346176	0	1176941	728272	13164244992	17444585472	52732186830	17444991522
2025-05-20 04:21:43	7	57	8	4	1	0	4406689792	0	1177061	728275	13222965248	17444585472	52792092733	17444991590
2025-05-20 04:21:44	7	57	8	4	1	0	4406689792	0	1177206	728278	13294268416	17444585472	52864798635	17444991658
2025-05-20 04:21:45	7	57	8	4	1	0	4367790080	0	1177358	728282	13373960192	17444585472	52940576545	17444991734
2025-05-20 04:21:46	7	57	8	4	1	0	4325969920	0	1177507	728285	13445263360	17444585472	53015330450	17444991802
2025-05-20 04:21:47	7	57	8	4	1	0	4288004096	0	1177658	728289	13520760832	17444585472	53090596363	17444991878
2025-05-20 04:21:48	7	57	8	4	1	0	4288208896	0	1177809	728293	13596258304	17444585472	53166374269	17444991976
2025-05-20 04:21:49	7	57	8	4	1	0	4253896704	0	1177959	728296	13671755776	17444585472	53241640175	17444992044
2025-05-20 04:21:51	7	57	8	4	1	0	4223279104	0	1178091	728299	13738864640	17444585472	53307690081	17444992112
2025-05-20 04:21:52	7	57	8	4	1	0	4195598336	0	1178186	728303	13785001984	17444585472	53354283994	17444992188
2025-05-20 04:21:53	7	57	8	4	1	0	4196134912	0	1178246	728307	13814362112	17444585472	53382957907	17444992264
2025-05-20 04:21:54	7	57	8	4	1	0	4172013568	0	1178288	728312	13831139328	17444589568	53401393719	17444992370
2025-05-20 04:21:55	7	57	8	4	1	0	4172017664	0	1178319	728317	13847916544	17444589568	53415219633	17444992476
2025-05-20 04:21:57	7	57	8	4	1	0	4172042240	0	1178345	728322	13856305152	17444589568	53426485547	17444992582
2025-05-20 04:21:58	7	57	8	4	1	0	4172062720	0	1178384	728325	13877276672	17444589568	53443897351	17444992650
2025-05-20 04:21:59	7	57	8	4	1	0	4150996992	0	1178483	728329	13923414016	17444589568	53492539265	17444992726
2025-05-20 04:22:00	7	57	8	4	1	0	4116070400	0	1178626	728333	13994717184	17444589568	53564221172	17444992824
2025-05-20 04:22:01	7	57	8	4	1	0	4102524928	0	1178776	728336	14070214656	17444589568	53639487079	17444992892
2025-05-20 04:22:02	7	57	8	4	1	0	4080807936	0	1178926	728339	14145712128	17444589568	53714752985	17444992960
2025-05-20 04:22:04	7	57	8	4	1	0	4070010880	0	1179072	728342	14221209600	17444589568	53787970891	17444993028
2025-05-20 04:22:05	7	57	8	4	1	0	4047712256	0	1179223	728346	14296707072	17444589568	53863236806	17444993104
2025-05-20 04:22:06	7	57	8	4	1	0	4030152704	0	1179370	728349	14368010240	17444589568	53936966713	17444993172
2025-05-20 04:22:07	7	57	8	4	1	0	4025466880	0	1179518	728352	14443507712	17444589568	54011208620	17444993240
2025-05-20 04:22:08	7	57	8	4	1	0	4019806208	0	1179651	728356	14510616576	17444589568	54077258535	17444993316
2025-05-20 04:22:09	7	57	8	4	1	0	4017459200	0	1179752	728360	14560948224	17444589568	54127436442	17444993414
2025-05-20 04:22:10	7	57	8	4	1	0	4017369088	0	1179820	728362	14590308352	17444589568	54160208240	17444993474
2025-05-20 04:22:11	7	57	8	4	1	0	4015730688	0	1179866	728366	14611279872	17444589568	54181714154	17444993550
2025-05-20 04:22:12	7	57	8	4	1	0	4015484928	0	1179900	728372	14628057088	17444589568	54196564076	17444993664
2025-05-20 04:22:14	7	57	8	4	1	0	4015616000	0	1179929	728378	14640640000	17444589568	54208853999	17444993778
2025-05-20 04:22:15	7	57	8	4	1	0	4015054848	0	1179984	728382	14665805824	17444589568	54233945812	17444993854
2025-05-20 04:22:16	7	57	8	4	1	0	4013780992	0	1180099	728386	14720331776	17444589568	54290779726	17444993930
2025-05-20 04:22:17	7	57	8	4	1	0	4015157248	0	1180249	728389	14795829248	17444589568	54366045633	17444993998
2025-05-20 04:22:18	7	57	8	4	1	0	4016418816	0	1180397	728392	14871326720	17444589568	54440287540	17444994066
2025-05-20 04:22:19	7	57	8	4	1	0	4021231616	0	1180545	728397	14946824192	17444589568	54514017455	17444994172
2025-05-20 04:22:20	7	57	8	4	1	0	4016754688	0	1180696	728400	15022321664	17444589568	54589795362	17444994240
2025-05-20 04:22:21	7	57	8	4	1	0	4012838912	0	1180844	728402	15097819136	17444589568	54664549261	17444994300
2025-05-20 04:22:23	7	57	8	4	1	0	4011323392	0	1180992	728405	15167275008	17444589568	54738791168	17444994368
2025-05-20 04:22:24	7	57	8	4	1	0	4010475520	0	1181139	728409	15244619776	17444589568	54812009085	17444994444
2025-05-20 04:22:25	7	57	8	4	1	0	4010037248	0	1181286	728412	15315922944	17444593664	54885738994	17444994512
2025-05-20 04:22:26	7	57	8	4	1	0	4010975232	0	1181411	728416	15378837504	17444593664	54947692910	17444994588
2025-05-20 04:22:27	7	57	8	4	1	0	4011769856	0	1181503	728421	15424974848	17444593664	54992750825	17444994694
2025-05-20 04:22:28	7	57	8	4	1	0	4012126208	0	1181562	728425	15450140672	17444593664	55019890642	17444994770
2025-05-20 04:22:29	7	57	8	4	1	0	4012466176	0	1181600	728428	15471112192	17444593664	55037812551	17444994838
2025-05-20 04:22:31	7	57	8	4	1	0	4012609536	0	1181630	728434	15483695104	17444597760	55050614476	17444994952
2025-05-20 04:22:32	7	57	8	4	1	0	4012769280	0	1181662	728440	15496278016	17444597760	55063418302	17444995066
2025-05-20 04:22:33	7	57	8	4	1	0	4013232128	0	1181725	728442	15525638144	17444601856	55094652203	17444995126
2025-05-20 04:22:34	7	57	8	4	1	0	4014411776	0	1181855	728446	15592747008	17444601856	55159678112	17444995224
2025-05-20 04:22:35	7	57	8	4	1	0	4018954240	0	1181999	728450	15664050176	17444601856	55231360029	17444995300
2025-05-20 04:22:36	7	57	8	4	1	0	4014940160	0	1182149	728452	15739547648	17444601856	55307137930	17444995360
2025-05-20 04:22:38	7	57	8	4	1	0	4012412928	0	1182298	728455	15815045120	17444601856	55381891839	17444995428
2025-05-20 04:22:39	7	57	8	4	1	0	4010242048	0	1182443	728458	15886348288	17444601856	55454597751	17444995496
2025-05-20 04:22:40	7	57	8	4	1	0	4009783296	0	1182592	728462	15961845760	17444601856	55528839671	17444995572
2025-05-20 04:22:41	7	57	8	4	1	0	4008669184	0	1182741	728465	16033148928	17444601856	55603593583	17444995640
2025-05-20 04:22:42	7	57	8	4	1	0	4009750528	0	1182890	728468	16108646400	17444601856	55678347495	17444995708
2025-05-20 04:22:43	7	57	8	4	1	0	4010868736	0	1183043	728473	16184143872	17444601856	55754637415	17444995814
2025-05-20 04:22:44	7	57	8	4	1	0	4012007424	0	1183177	728476	16254701568	17444601856	55821711327	17444995882
2025-05-20 04:22:45	7	57	8	4	1	0	4015751168	0	1183274	728479	16301584384	17444601856	55868819142	17444995950
2025-05-20 04:22:46	7	57	8	4	1	0	4014661632	0	1183337	728482	16330944512	17444601856	55899541053	17444996018
2025-05-20 04:22:47	7	57	8	4	1	0	4013432832	0	1183381	728487	16351916032	17444601856	55920022973	17444996124
2025-05-20 04:22:49	7	57	8	4	1	0	4012023808	0	1183415	728491	16368693248	17444601856	55935384893	17444996200
2025-05-20 04:22:50	7	57	8	4	1	0	4011425792	0	1183458	728497	16385470464	17444601856	55954842821	17444996314
2025-05-20 04:22:51	7	57	8	4	1	0	4009046016	0	1183553	728499	16435802112	17444601856	56002460725	17444996374
2025-05-20 04:22:52	7	57	8	4	1	0	4007997440	0	1183697	728502	16502910976	17444601856	56073632541	17444996442
2025-05-20 04:22:53	7	57	8	4	1	0	4007747584	0	1183848	728506	16578408448	17444601856	56148898461	17444996518
2025-05-20 04:22:54	7	57	8	4	1	0	4007780352	0	1183993	728509	16653905920	17444601856	56221604373	17444996586
2025-05-20 04:22:55	7	57	8	4	1	0	4008824832	0	1184140	728512	16725209088	17444601856	56295334285	17444996654
2025-05-20 04:22:56	7	57	8	4	1	0	4009943040	0	1184290	728516	16800706560	17444601856	56370600198	17444996752
2025-05-20 04:22:57	7	57	8	4	1	0	4011098112	0	1184439	728520	16876204032	17444601856	56444842120	17444996828
2025-05-20 04:22:59	7	57	8	4	1	0	4019384320	0	1184586	728524	16947507200	17444601856	56518060042	17444996904
2025-05-20 04:23:00	7	57	8	4	1	0	4016750592	0	1184736	728528	17023004672	17444601856	56592813964	17444996980
2025-05-20 04:23:01	7	57	8	4	1	0	4016103424	0	1184864	728531	17090113536	17444601856	56656815879	17444997048
2025-05-20 04:23:02	7	57	8	4	1	0	4014043136	0	1184964	728535	17136250880	17444601856	56705969802	17444997124
2025-05-20 04:23:03	7	57	8	4	1	0	4013658112	0	1185031	728540	17169805312	17444601856	56738227725	17444997230
2025-05-20 04:23:04	7	57	8	4	1	0	4012810240	0	1185078	728544	17190776832	17444605952	56759223557	17444997306
2025-05-20 04:23:05	7	57	8	4	1	0	4012167168	0	1185113	728550	17207554048	17444605952	56774585489	17444997420
2025-05-20 04:23:07	7	57	8	4	1	0	4012384256	0	1185141	728554	17220136960	17444605952	56786875413	17444997496
2025-05-20 04:23:08	7	57	8	4	1	0	4011663360	0	1185197	728559	17245302784	17444605952	56813501337	17444997602
2025-05-20 04:23:09	7	57	8	4	1	0	4010921984	0	1185315	728562	17304023040	17444605952	56872383251	17444997670
2025-05-20 04:23:10	7	57	8	4	1	0	4009869312	0	1185461	728565	17375326208	17444605952	56945601165	17444997738
2025-05-20 04:23:11	7	57	8	4	1	0	4010278912	0	1185600	728567	17446629376	17444605952	57014724981	17444997798
2025-05-20 04:23:12	7	57	8	4	1	0	4015824896	0	1185746	728571	17517932544	17444605952	57087430905	17444997874
2025-05-20 04:23:13	7	57	8	4	1	0	4011896832	0	1185895	728574	17593430016	17444605952	57162184821	17444997942
2025-05-20 04:23:14	7	57	8	4	1	0	4008587264	0	1186044	728578	17668927488	17444605952	57236938737	17444998040
2025-05-20 04:23:15	7	57	8	4	1	0	4006985728	0	1186191	728581	17740230656	17444605952	57310668653	17444998108
2025-05-20 04:23:16	7	57	8	4	1	0	4006436864	0	1186336	728584	17815728128	17444605952	57383374569	17444998176
2025-05-20 04:23:18	7	57	8	4	1	0	4005687296	0	1186486	728588	17891225600	17444605952	57458128492	17444998252
2025-05-20 04:23:19	7	57	8	4	1	0	4006244352	0	1186635	728591	17962528768	17444605952	57532882407	17444998320
2025-05-20 04:23:20	7	57	8	4	1	0	4007366656	0	1186780	728594	18038026240	17444605952	57605588323	17444998388
2025-05-20 04:23:21	7	57	8	4	1	0	4011282432	0	1186895	728597	18093559808	17444605952	57662934239	17444998456
2025-05-20 04:23:22	7	57	8	4	1	0	4009734144	0	1186960	728602	18126106624	17444605952	57694168163	17444998562
2025-05-20 04:23:23	7	57	8	4	1	0	4010307584	0	1187001	728605	18142883840	17444605952	57712603987	17444998630
2025-05-20 04:23:24	7	57	8	4	1	0	4009930752	0	1187025	728609	18155466752	17444605952	57723357903	17444998728
2025-05-20 04:23:26	7	57	8	4	1	0	4008800256	0	1187049	728614	18163855360	17444605952	57733599827	17444998834
2025-05-20 04:23:27	7	57	8	4	1	0	4008800256	0	1187074	728618	18176438272	17444605952	57743843651	17444998932
2025-05-20 04:23:29	7	57	8	4	1	0	4007641088	0	1187138	728620	18205798400	17444605952	57775589559	17444998992
2025-05-20 04:23:30	7	57	8	4	1	0	4006805504	0	1187266	728623	18272907264	17444605952	57839591475	17444999060
2025-05-20 04:23:31	7	57	8	4	1	0	4005261312	0	1187415	728627	18344210432	17444605952	57914345390	17444999158
2025-05-20 04:23:32	7	57	8	4	1	0	4004671488	0	1187565	728631	18419707904	17444605952	57989099313	17444999234
2025-05-20 04:23:33	7	57	8	4	1	0	4004065280	0	1187717	728634	18495205376	17444605952	58065389229	17444999302
2025-05-20 04:23:34	7	57	8	4	1	0	4006141952	0	1187866	728637	18570702848	17444610048	58140143145	17444999370
2025-05-20 04:23:35	7	57	8	4	1	0	4003483648	0	1188011	728640	18646200320	17444610048	58212849061	17444999438
2025-05-20 04:23:36	7	57	8	4	1	0	4001484800	0	1188160	728644	18717503488	17444610048	58286068897	17444999514
2025-05-20 04:23:37	7	57	8	4	1	0	4000305152	0	1188308	728646	18793000960	17444610048	58360822807	17444999574
2025-05-20 04:23:38	7	57	8	4	1	0	3999744000	0	1188457	728649	18868498432	17444610048	58436088717	17444999664
2025-05-20 04:23:39	7	57	8	4	1	0	4000194560	0	1188608	728653	18943995904	17444614144	58511354643	17444999740
2025-05-20 04:23:40	7	57	8	4	1	0	4001128448	0	1188745	728656	19011104768	17444614144	58579964561	17444999808
2025-05-20 04:23:42	7	57	8	4	1	0	4004392960	0	1188846	728658	19061436416	17444614144	58630654471	17444999868
2025-05-20 04:23:43	7	57	8	4	1	0	4003373056	0	1188915	728660	19094990848	17444614144	58664960381	17444999928
2025-05-20 04:23:44	7	57	8	4	1	0	4002660352	0	1188959	728663	19115962368	17444614144	58686466291	17445000018
2025-05-20 04:23:45	7	57	8	4	1	0	4001787904	0	1188994	728666	19132739584	17444614144	58701830119	17445000086
2025-05-20 04:23:46	7	57	8	4	1	0	4001959936	0	1189020	728669	19145322496	17444614144	58714120029	17445000176
2025-05-20 04:23:48	7	57	8	4	1	0	4000313344	0	1189068	728672	19170488320	17444614144	58737161947	17445000244
2025-05-20 04:23:49	7	57	8	4	1	0	3998986240	0	1189179	728676	19225014272	17444614144	58792459865	17445000342
2025-05-20 04:23:50	7	57	8	4	1	0	3998494720	0	1189321	728678	19296317440	17444614144	58864141775	17445000402
2025-05-20 04:23:51	7	57	8	4	1	0	3998482432	0	1189470	728681	19371814912	17444614144	58938895693	17445000470
2025-05-20 04:23:52	7	57	8	4	1	0	3999371264	0	1189618	728683	19443150848	17444614144	59013649603	17445000530
2025-05-20 04:23:53	7	57	8	4	1	0	4000460800	0	1189770	728687	19518664704	17444614144	59089427529	17445000606
2025-05-20 04:23:54	7	57	8	4	1	0	4002430976	0	1189916	728690	19594162176	17444614144	59162645447	17445000674
2025-05-20 04:23:55	7	57	8	4	1	0	3998814208	0	1190065	728693	19669659648	17444614144	59236377275	17445000742
2025-05-20 04:23:56	7	57	8	4	1	0	3997732864	0	1190213	728697	19740962816	17444614144	59310619193	17445000840
2025-05-20 04:23:57	7	57	8	4	1	0	3997241344	0	1190360	728700	19816460288	17444614144	59384349111	17445000908
2025-05-20 04:23:58	7	57	8	4	1	0	3996618752	0	1190504	728703	19887763456	17444614144	59456543028	17445000976
2025-05-20 04:24:00	7	57	8	4	1	0	3996934144	0	1190627	728706	19950678016	17444614144	59517984945	17445001044
2025-05-20 04:24:01	7	57	8	4	1	0	3997646848	0	1190717	728709	19992621056	17444614144	59562530863	17445001112
2025-05-20 04:24:02	7	57	8	4	1	0	3997995008	0	1190770	728713	20017786880	17444614144	59588132781	17445001210
2025-05-20 04:24:03	7	57	8	4	1	0	4002639872	0	1190808	728715	20038758400	17444614144	59606566691	17445001270
2025-05-20 04:24:04	7	57	8	4	1	0	4002840576	0	1190841	728720	20051341312	17444614144	59620394527	17445001376
2025-05-20 04:24:06	7	57	8	4	1	0	4001673216	0	1190897	728722	20080701440	17444618240	59648044437	17445001436
2025-05-20 04:24:07	7	57	8	4	1	0	3998371840	0	1191012	728724	20135227392	17444618240	59705902347	17445001496
2025-05-20 04:24:08	7	57	8	4	1	0	3996188672	0	1191159	728726	20210724864	17444618240	59780144257	17445001556
2025-05-20 04:24:09	7	57	8	4	1	0	3995635712	0	1191306	728729	20286222336	17444618240	59853874175	17445001624
2025-05-20 04:24:10	7	57	8	4	1	0	3995131904	0	1191455	728732	20361719808	17444618240	59928628093	17445001692
2025-05-20 04:24:11	7	57	8	4	1	0	3996618752	0	1191604	728736	20433022976	17444618240	60003382010	17445001790
2025-05-20 04:24:12	7	57	8	4	1	0	3995504640	0	1191754	728739	20508520448	17444618240	60078647927	17445001858
2025-05-20 04:24:13	7	57	8	4	1	0	3993358336	0	1191899	728741	20584017920	17444618240	60151865837	17445001918
2025-05-20 04:24:14	7	57	8	4	1	0	3992293376	0	1192046	728743	20655321088	17444618240	60226107747	17445001978
2025-05-20 04:24:15	7	57	8	4	1	0	3994763264	0	1192194	728745	20730818560	17444618240	60300861657	17445002038
2025-05-20 04:24:16	7	57	8	4	1	0	3992973312	0	1192339	728749	20806316032	17444618240	60373055583	17445002114
2025-05-20 04:24:17	7	57	8	4	1	0	3991646208	0	1192461	728752	20865036288	17444618240	60432963411	17445002182
2025-05-20 04:24:18	7	57	8	4	1	0	3990114304	0	1192545	728755	20906979328	17444618240	60474949321	17445002272
2025-05-20 04:24:20	7	57	8	4	1	0	3990089728	0	1192598	728758	20932145152	17444618240	60500551239	17445002340
2025-05-20 04:24:21	7	57	8	4	1	0	3989729280	0	1192637	728762	20948922368	17444618240	60518985157	17445002438
2025-05-20 04:24:22	7	57	8	4	1	0	3989889024	0	1192666	728765	20961505280	17444618240	60532299075	17445002506
2025-05-20 04:24:23	7	57	8	4	1	0	3989630976	0	1192696	728770	20974088192	17444618240	60544590911	17445002612
2025-05-20 04:24:25	7	57	8	4	1	0	3989086208	0	1192776	728772	21016031232	17444618240	60584528821	17445002672
2025-05-20 04:24:26	7	57	8	4	1	0	3988676608	0	1192911	728774	21083140096	17444618240	60652626731	17445002732
2025-05-20 04:24:27	7	57	8	4	1	0	3987017728	0	1193063	728777	21158637568	17444618240	60728916649	17445002800
2025-05-20 04:24:28	7	57	8	4	1	0	3987009536	0	1193211	728782	21234135040	17444618240	60802646575	17445002906
2025-05-20 04:24:29	7	57	8	4	1	0	3986763776	0	1193357	728784	21309632512	17444618240	60876376485	17445002966
2025-05-20 04:24:30	7	57	8	4	1	0	3988676608	0	1193502	728788	21380935680	17444618240	60948570411	17445003042
2025-05-20 04:24:31	7	57	8	4	1	0	3986571264	0	1193652	728792	21456433152	17444618240	61023324337	17445003118
2025-05-20 04:24:32	7	57	8	4	1	0	3985223680	0	1193792	728794	21523542016	17444618240	61093982247	17445003178
2025-05-20 04:24:33	7	57	8	4	1	0	3984654336	0	1193933	728797	21594845184	17444618240	61164640165	17445003246
2025-05-20 04:24:34	7	57	8	4	1	0	3985948672	0	1194060	728800	21657759744	17444618240	61228130083	17445003314
2025-05-20 04:24:35	7	57	8	4	1	0	3984945152	0	1194160	728803	21708091392	17444622336	61277285903	17445003404
2025-05-20 04:24:36	7	57	8	4	1	0	3984416768	0	1194227	728806	21741645824	17444622336	61310055822	17445003472
2025-05-20 04:24:38	7	57	8	4	1	0	3983642624	0	1194272	728809	21762617344	17444622336	61331561741	17445003540
2025-05-20 04:24:39	7	57	8	4	1	0	3983400960	0	1194304	728812	21779394560	17444622336	61346923652	17445003630
2025-05-20 04:24:40	7	57	8	4	1	0	3983003648	0	1194335	728817	21791977472	17444622336	61359727490	17445003736
2025-05-20 04:24:42	7	57	8	4	1	0	3982696448	0	1194384	728819	21812948992	17444622336	61383793401	17445003796
2025-05-20 04:24:43	7	57	8	4	1	0	3981406208	0	1194498	728823	21866590208	17444622336	61440115328	17445003872
2025-05-20 04:24:44	7	57	8	4	1	0	3982827520	0	1194642	728826	21934764032	17444622336	61512309247	17445003940
2025-05-20 04:24:45	7	57	8	4	1	0	3981897728	0	1194786	728829	22000189440	17444622336	61584503166	17445004008
2025-05-20 04:24:46	7	57	8	4	1	0	3980472320	0	1194935	728834	22031245312	17444622336	61658745093	17445004114
2025-05-20 04:24:47	7	57	8	4	1	0	3979812864	0	1195086	728838	22035570688	17444626432	61734011020	17445004190
2025-05-20 04:24:48	7	57	8	4	1	0	3980959744	0	1195235	728842	22044102656	17444626432	61808252947	17445004266
2025-05-20 04:24:49	7	57	8	4	1	0	3983900672	0	1195381	728845	22054088704	17444626432	61881470866	17445004334
2025-05-20 04:24:50	7	57	8	4	1	0	3984367616	0	1195532	728849	22060380160	17444626432	61956736793	17445004410
2025-05-20 04:24:51	7	57	8	4	1	0	3986305024	0	1195680	728853	22074470400	17444626432	62030466719	17445004486
2025-05-20 04:24:52	7	57	8	4	1	0	3984916480	0	1195806	728856	22124818432	17444626432	62093444637	17445004554
2025-05-20 04:24:53	7	57	8	4	1	0	3984326656	0	1195895	728860	22160502784	17444626432	62136456467	17445004652
2025-05-20 04:24:55	7	57	8	4	1	0	3985195008	0	1195952	728864	22183182336	17444626432	62163594394	17445004728
2025-05-20 04:24:56	7	57	8	4	1	0	3984035840	0	1195991	728869	22201131008	17444626432	62181516321	17445004834
2025-05-20 04:24:57	7	57	8	4	1	0	3984244736	0	1196021	728873	22212304896	17444626432	62194830248	17445004910
2025-05-20 04:24:58	7	57	8	4	1	0	3983376384	0	1196054	728877	22222790656	17444626432	62209170078	17445005008
2025-05-20 04:25:00	7	57	8	4	1	0	3982893056	0	1196129	728881	22242422784	17444626432	62245524005	17445005084
2025-05-20 04:25:01	7	57	8	4	1	0	3981942784	0	1196261	728884	22249402368	17444626432	62311573923	17445005152
2025-05-20 04:25:02	7	57	8	4	1	0	3980677120	0	1196411	728887	22279839744	17444626432	62386839841	17445005220
2025-05-20 04:25:03	7	57	8	4	1	0	3980087296	0	1196560	728890	22355099648	17444626432	62461593760	17445005288
2025-05-20 04:25:04	7	57	8	4	1	0	3979673600	0	1196707	728894	22378094592	17444626432	62535323680	17445005386
2025-05-20 04:25:05	7	57	8	4	1	0	3979231232	0	1196860	728898	22438625280	17444626432	62611613608	17445005462
2025-05-20 04:25:06	7	58	8	4	1	0	3986657280	0	1197824	728929	22513545216	17444630528	62675809118	17445008360
2025-05-20 04:25:07	7	58	8	4	1	0	4312289280	0	1199380	728931	22536613888	17444634624	62694863178	17445008420
2025-05-20 04:25:08	7	58	8	4	1	0	4304912384	0	1200122	728934	22571331584	17444634624	62719985167	17445008488
2025-05-20 04:25:09	7	58	8	4	1	0	4306182144	0	1200148	728939	22613012480	17444634624	62763987095	17445008594
2025-05-20 04:25:10	7	58	8	4	1	0	4254732288	0	1200180	728942	22671732736	17444634624	62821989015	17445008662
2025-05-20 04:25:11	7	58	8	4	1	0	4475129856	0	1200185	728945	22671732736	17444634624	62821992847	17445008730
2025-05-20 04:25:13	7	58	8	4	1	0	4478849024	0	1200194	728947	22683791360	17444634624	62835994759	17445008790
2025-05-20 04:25:14	7	58	8	4	1	0	4370444288	0	1200320	728949	22717259776	17444634624	62864257965	17445008850
2025-05-20 04:25:15	7	58	8	4	1	0	4380889088	0	1200378	728951	22725369856	17444634624	62871599909	17445008910
2025-05-20 04:25:16	7	58	8	4	1	0	4380999680	0	1200453	728955	22733737984	17444634624	62881039013	17445009008
2025-05-20 04:25:17	7	58	8	4	1	0	4432916480	0	1200519	728957	22742126592	17444634624	62889429533	17445009068
2025-05-20 04:25:18	7	58	8	4	1	0	4433035264	0	1200634	728960	22750515200	17444634624	62898000285	17445009136
2025-05-20 04:25:19	7	58	8	4	1	0	4500365312	0	1200677	728963	22754709504	17444634624	62903245085	17445009204
2025-05-20 04:25:20	7	58	8	4	1	0	4500480000	0	1201760	728966	22771486720	17444634624	62918923754	17445009272
2025-05-20 04:25:21	7	58	8	4	1	0	4794085376	0	1201865	728971	22812905472	17444634624	62957064991	17445009378
2025-05-20 04:25:22	7	58	8	4	1	0	5131517952	0	1201894	728974	22859042816	17444634624	63005068823	17445009446
2025-05-20 04:25:24	7	58	8	4	1	0	5234798592	0	1201932	728978	22909374464	17444634624	63056144369	17445009526
2025-05-20 04:25:25	7	58	8	4	1	0	5600092160	0	1201992	728982	22917763072	17444634624	63063486330	17445009606
2025-05-20 04:25:26	7	58	8	4	1	0	5664632832	0	1202051	728985	22925611008	17444634624	63070828283	17445009678
2025-05-20 04:25:27	7	58	8	4	1	0	5674983424	0	1202111	728990	22928449536	17444634624	63078170244	17445009790
2025-05-20 04:25:28	7	58	8	4	1	0	5907513344	0	1202138	728993	22930972672	17444634624	63081317894	17445009862
2025-05-20 04:25:29	7	58	8	4	1	0	5919166464	0	1202157	728996	22935158784	17444634624	63083416968	17445009934
2025-05-20 04:25:30	7	58	8	4	1	0	5919170560	0	1202232	728999	22942973952	17444634624	63092856074	17445010006
2025-05-20 04:25:31	7	58	8	4	1	0	5919092736	0	1203485	729001	22997499904	17444634624	63146727310	17445010070
2025-05-20 04:25:32	7	58	8	4	1	0	5919170560	0	1203516	729005	23052025856	17444634624	63202729232	17445010174
2025-05-20 04:25:34	7	58	8	4	1	0	5919170560	0	1203559	729009	23098163200	17444634624	63246134592	17445010254
2025-05-20 04:25:35	7	58	8	4	1	0	5953732608	0	1203610	729012	23102357504	17444634624	63252427970	17445010326
2025-05-20 04:25:36	7	58	8	4	1	0	6138671104	0	1203654	729016	23106551808	17444634624	63257672780	17445010406
2025-05-20 04:25:37	7	58	8	4	1	0	6139125760	0	1203656	729019	23106551808	17444638720	63257674694	17445010502
2025-05-20 04:25:38	7	58	8	4	1	0	6139977728	0	1203689	729024	23110746112	17444642816	63260824725	17445010814
2025-05-20 04:25:39	7	58	8	4	1	0	6139977728	0	1203724	729028	23114940416	17444642816	63265020951	17445010918
2025-05-20 04:25:40	7	58	8	4	1	0	6139977728	0	1203767	729031	23119134720	17444642816	63270265753	17445010990
2025-05-20 04:25:42	7	58	8	4	1	0	6139977728	0	1203844	729034	23131717632	17444642816	63279706773	17445011062
2025-05-20 04:25:43	7	58	8	4	1	0	6139854848	0	1205024	729038	23175340032	17444642816	63328450564	17445011142
2025-05-20 04:25:44	7	58	8	4	1	0	6140919808	0	1205057	729041	23238254592	17444642816	63388452486	17445011214
2025-05-20 04:25:45	7	58	8	4	1	0	6139977728	0	1205083	729045	23279443968	17444642816	63432454416	17445011294
2025-05-20 04:25:46	7	58	8	4	1	0	6139834368	0	1205136	729049	23295832064	17444642816	63441837247	17445011398
2025-05-20 04:25:47	7	58	8	4	1	0	6139842560	0	1205179	729052	23304220672	17444642816	63447082049	17445011470
2025-05-20 04:25:48	7	58	8	4	1	0	6139842560	0	1205214	729055	23308414976	17444642816	63451278275	17445011542
2025-05-20 04:25:49	7	58	8	4	1	0	6139875328	0	1205258	729060	23312609280	17444642816	63456523085	17445011654
2025-05-20 04:25:51	7	58	8	4	1	0	6139961344	0	1205328	729064	23320997888	17444642816	63464915537	17445011734
2025-05-20 04:25:52	7	58	8	4	1	0	6139842560	0	1205394	729066	23329386496	17444642816	63473306059	17445011798
2025-05-20 04:25:53	7	58	8	4	1	0	6139932672	0	1206348	729070	23362711552	17444642816	63511680747	17445011878
2025-05-20 04:25:54	7	58	8	4	1	0	6242750464	0	1206373	729074	23408848896	17444646912	63553682677	17445011958
2025-05-20 04:25:55	7	58	8	4	1	0	6303760384	0	1206392	729079	23438209024	17444646912	63583684606	17445012070
2025-05-20 04:25:56	7	58	8	4	1	0	6306484224	0	1206409	729083	23460327424	17444646912	63609686534	17445012150
2025-05-20 04:25:57	7	58	8	4	1	0	6306484224	0	1206464	729086	23489110016	17444646912	63638366352	17445012222
2025-05-20 04:25:58	7	58	8	4	1	0	6306381824	0	1206538	729088	23497498624	17444646912	63647805450	17445012286
2025-05-20 04:25:59	7	58	8	4	1	0	6269988864	0	1206613	729092	23505887232	17444646912	63657244556	17445012390
2025-05-20 04:26:00	7	58	8	4	1	0	6229577728	0	1206687	729094	23514275840	17444646912	63666683654	17445012454
2025-05-20 04:26:01	7	58	8	4	1	0	6179639296	0	1207200	729097	23526858752	17444646912	63679490336	17445012526
2025-05-20 04:26:03	7	58	8	4	1	0	6179590144	0	1207923	729099	23560413184	17444646912	63717156410	17445012590
2025-05-20 04:26:04	7	58	8	4	1	0	6179778560	0	1207933	729102	23572611072	17444646912	63733158324	17445012686
2025-05-20 04:26:05	7	58	8	4	1	0	6179778560	0	1207944	729105	23585071104	17444646912	63749160246	17445012758
2025-05-20 04:26:06	7	58	8	4	1	0	6230753280	0	1207965	729110	23617937408	17444646912	63783162175	17445012870
2025-05-20 04:26:08	7	58	8	4	1	0	6350508032	0	1207999	729114	23633707008	17444651008	63811378052	17445013174
2025-05-20 04:26:09	7	58	8	4	1	0	6350508032	0	1208053	729118	23637901312	17444651008	63817673352	17445013254
2025-05-20 04:26:10	7	58	8	4	1	0	6350508032	0	1208122	729121	23646289920	17444651008	63826064097	17445013326
2025-05-20 04:26:11	7	58	8	4	1	0	6350508032	0	1208189	729125	23654678528	17444651008	63834454627	17445013430
2025-05-20 04:26:12	7	58	8	4	1	0	6431248384	0	1208224	729128	23658872832	17444651008	63838650852	17445013502
2025-05-20 04:26:13	7	58	8	4	1	0	6432559104	0	1208243	729131	23658872832	17444651008	63840749925	17445013574
2025-05-20 04:26:14	7	58	8	4	1	0	6432559104	0	1209396	729134	23702028288	17444651008	63896037272	17445013646
2025-05-20 04:26:15	7	58	8	4	1	0	6432559104	0	1209427	729137	23755898880	17444651008	63952039193	17445013718
2025-05-20 04:26:16	7	58	8	4	1	0	6432559104	0	1209458	729142	23803744256	17444651008	64005625126	17445013830
2025-05-20 04:26:17	7	58	8	4	1	0	6429880320	0	1209533	729145	23816343552	17444651008	64015064232	17445013902
2025-05-20 04:26:19	7	58	8	4	1	0	6405017600	0	1209615	729147	23824732160	17444651008	64025551906	17445013966
2025-05-20 04:26:20	7	58	8	4	1	0	6338297856	0	1209709	729151	23837315072	17444651008	64037090086	17445014046
2025-05-20 04:26:21	7	58	8	4	1	0	6234816512	0	1209783	729153	23845703680	17444651008	64046529184	17445014110
2025-05-20 04:26:22	7	58	8	4	1	0	6143565824	0	1211022	729156	23915405312	17444651008	64110120647	17445014206
2025-05-20 04:26:23	7	58	8	4	1	0	6144012288	0	1211052	729160	23965736960	17444651008	64162122576	17445014286
2025-05-20 04:26:24	7	58	8	4	1	0	6342529024	0	1211078	729164	24007680000	17444651008	64206124504	17445014366
2025-05-20 04:26:25	7	58	8	4	1	0	6351163392	0	1211107	729168	24016068608	17444651008	64210386832	17445014446
2025-05-20 04:26:26	7	58	8	4	1	0	6360260608	0	1211121	729173	24016068608	17444651008	64211439254	17445014558
2025-05-20 04:26:28	7	58	8	4	1	0	6360264704	0	1211133	729179	24016068608	17444651008	64212489761	17445014702
2025-05-20 04:26:30	7	58	8	4	1	0	6360264704	0	1211155	729184	24020262912	17444651008	64214590759	17445014814
2025-05-20 04:26:31	7	58	8	4	1	0	6360264704	0	1211168	729190	24020262912	17444651008	64215641274	17445014934
2025-05-20 04:26:33	7	58	8	4	1	0	6369701888	0	1211197	729193	24024457216	17444651008	64218790840	17445015006
2025-05-20 04:26:34	7	58	8	4	1	0	6696509440	0	1211241	729198	24028651520	17444651008	64224035651	17445015118
2025-05-20 04:26:35	7	58	8	4	1	0	6807494656	0	1211244	729201	24028651520	17444651008	64224037576	17445015190
2025-05-20 04:26:36	7	58	8	4	1	0	6809120768	0	1211295	729204	24032845824	17444651008	64230330957	17445015262
2025-05-20 04:26:37	7	58	8	4	1	0	6809120768	0	1211378	729208	24045428736	17444651008	64240818642	17445015366
2025-05-20 04:26:38	7	58	8	4	1	0	6808707072	0	1212574	729213	24078987264	17444655104	64277678747	17445015678
2025-05-20 04:26:40	7	58	8	4	1	0	6808707072	0	1212609	729216	24141901824	17444659200	64341680672	17445015750
2025-05-20 04:26:41	7	58	8	4	1	0	6808584192	0	1212642	729218	24200622080	17444659200	64402048112	17445015814
2025-05-20 04:26:42	7	58	8	4	1	0	6764195840	0	1212719	729221	24209010688	17444659200	64411489138	17445015886
2025-05-20 04:26:43	7	58	8	4	1	0	6679535616	0	1212818	729224	24221593600	17444659200	64424073974	17445015958
2025-05-20 04:26:44	7	58	8	4	1	0	6678339584	0	1212910	729229	24238370816	17444659200	64435610241	17445016070
2025-05-20 04:26:45	7	58	8	4	1	0	6596009984	0	1213572	729231	24255148032	17444659200	64452990698	17445016134
2025-05-20 04:26:46	7	58	8	4	1	0	6590603264	0	1214149	729234	24318062592	17444659200	64518497394	17445016206
2025-05-20 04:26:47	7	58	8	4	1	0	6691135488	0	1214181	729237	24376782848	17444659200	64576499319	17445016278
2025-05-20 04:26:48	7	58	8	4	1	0	6918025216	0	1214222	729241	24406142976	17444659200	64604694384	17445016358
2025-05-20 04:26:49	7	58	8	4	1	0	6918029312	0	1214281	729245	24414531584	17444659200	64612036341	17445016462
2025-05-20 04:26:51	7	58	8	4	1	0	6918029312	0	1214309	729249	24414531584	17444659200	64615184002	17445016542
2025-05-20 04:26:52	7	58	8	4	1	0	6922571776	0	1214331	729254	24418676736	17444659200	64617285003	17445016654
2025-05-20 04:26:54	7	58	8	4	1	0	6922579968	0	1214337	729260	24418676736	17444659200	64617288852	17445016798
2025-05-20 04:26:55	7	58	8	4	1	0	6922600448	0	1214344	729267	24418676736	17444659200	64617292710	17445016950
2025-05-20 04:26:57	7	58	8	4	1	0	6922711040	0	1214347	729271	24418676736	17444663296	64617294635	17445017054
2025-05-20 04:26:59	7	58	8	4	1	0	6922711040	0	1214407	729275	24422871040	17444663296	64624636600	17445017134
2025-05-20 04:27:00	7	58	8	4	1	0	6922711040	0	1214491	729279	24435453952	17444663296	64635124293	17445017214
2025-05-20 04:27:01	7	58	8	4	1	0	6922711040	0	1215671	729282	24460619776	17444663296	64664019750	17445017286
2025-05-20 04:27:02	7	58	8	4	1	0	6872281088	0	1215708	729285	24523534336	17444663296	64728023591	17445017358
2025-05-20 04:27:03	7	58	8	4	1	0	6872379392	0	1215739	729289	24577884160	17444663296	64784025516	17445017462
2025-05-20 04:27:04	7	58	8	4	1	0	6841921536	0	1215798	729291	24586780672	17444663296	64792311204	17445017526
2025-05-20 04:27:05	7	58	8	4	1	0	6841974784	0	1215872	729293	24595169280	17444663296	64801750305	17445017590
2025-05-20 04:27:06	7	58	8	4	1	0	6755246080	0	1215954	729295	24607752192	17444663296	64812237982	17445017654
2025-05-20 04:27:07	7	58	8	4	1	0	6669619200	0	1216036	729297	24616140800	17444663296	64822725659	17445017718
2025-05-20 04:27:08	7	58	8	4	1	0	6626566144	0	1216290	729302	24674861056	17444663296	64881611049	17445018054
2025-05-20 04:27:09	7	58	8	4	1	0	6626922496	0	1216325	729305	24741969920	17444663296	64945612974	17445018126
2025-05-20 04:27:11	7	58	8	4	1	0	6704857088	0	1216370	729308	24762941440	17444663296	64969673944	17445018198
2025-05-20 04:27:12	7	58	8	4	1	0	6704857088	0	1216429	729311	24771330048	17444667392	64977015901	17445018270
2025-05-20 04:27:13	7	58	8	4	1	0	6704857088	0	1216488	729314	24779718656	17444667392	64984357858	17445018342
2025-05-20 04:27:14	7	58	8	4	1	0	6737162240	0	1216542	729319	24783912960	17444667392	64990653164	17445018454
2025-05-20 04:27:15	7	58	8	4	1	0	6771404800	0	1216545	729322	24783912960	17444667392	64990655089	17445018526
2025-05-20 04:27:17	7	58	8	4	1	0	6771535872	0	1216552	729329	24783912960	17444667392	64990658947	17445018678
2025-05-20 04:27:19	7	58	8	4	1	0	6771642368	0	1216554	729332	24783912960	17444667392	64990660864	17445018774
2025-05-20 04:27:20	7	58	8	4	1	0	6771732480	0	1216599	729336	24788107264	17444667392	64995907586	17445018878
2025-05-20 04:27:21	7	58	8	4	1	0	6771732480	0	1217252	729339	24809078784	17444667392	65012284945	17445018950
2025-05-20 04:27:22	7	58	8	4	1	0	6771494912	0	1217844	729342	24851021824	17444667392	65056294694	17445019022
2025-05-20 04:27:23	7	58	8	4	1	0	6771425280	0	1219023	729347	24884576256	17444667392	65096066798	17445019134
2025-05-20 04:27:24	7	58	8	4	1	0	6782685184	0	1219057	729351	24947490816	17444667392	65156068729	17445019214
2025-05-20 04:27:26	7	58	8	4	1	0	6829850624	0	1219087	729354	24997822464	17444667392	65210070654	17445019286
2025-05-20 04:27:27	7	58	8	4	1	0	6829858816	0	1219123	729357	25022988288	17444667392	65231099796	17445019358
2025-05-20 04:27:28	7	58	8	4	1	0	6829887488	0	1219184	729363	25031376896	17444667392	65238441769	17445019478
2025-05-20 04:27:29	7	58	8	4	1	0	6829961216	0	1219213	729366	25035571200	17444667392	65241591339	17445019550
2025-05-20 04:27:30	7	58	8	4	1	0	6831362048	0	1219241	729370	25035571200	17444667392	65244739000	17445019630
2025-05-20 04:27:31	7	58	8	4	1	0	6831370240	0	1219323	729372	25048154112	17444667392	65255226677	17445019694
2025-05-20 04:27:32	7	58	8	4	1	0	6831267840	0	1219397	729374	25056542720	17444667392	65264665778	17445019758
2025-05-20 04:27:33	7	58	8	4	1	0	6831079424	0	1220570	729377	25098502144	17444667392	65311270695	17445019854
2025-05-20 04:27:34	7	58	8	4	1	0	6831374336	0	1220600	729379	25157222400	17444667392	65367272612	17445019918
2025-05-20 04:27:36	7	58	8	4	1	0	6831374336	0	1220628	729383	25203359744	17444667392	65415274545	17445019998
2025-05-20 04:27:37	7	58	8	4	1	0	6846996480	0	1220678	729385	25221869568	17444667392	65435301894	17445020062
2025-05-20 04:27:38	7	58	8	4	1	0	6846996480	0	1220738	729390	25230258176	17444667392	65442643859	17445020174
2025-05-20 04:27:39	7	58	8	4	1	0	6847041536	0	1220807	729393	25238646784	17444667392	65451036308	17445020246
2025-05-20 04:27:40	7	58	8	4	1	0	6847045632	0	1220867	729397	25242841088	17444671488	65458378384	17445020550
2025-05-20 04:27:41	7	58	8	4	1	0	6847008768	0	1220903	729401	25247002624	17444671488	65462574621	17445020630
2025-05-20 04:27:42	7	58	8	4	1	0	6846988288	0	1220932	729407	25251196928	17444675584	65465722290	17445020750
2025-05-20 04:27:44	7	58	8	4	1	0	6846988288	0	1220960	729411	25255391232	17444675584	65468869951	17445020830
2025-05-20 04:27:45	7	58	8	4	1	0	6846881792	0	1222109	729414	25288945664	17444675584	65497609416	17445020926
2025-05-20 04:27:46	7	58	8	4	1	0	6818627584	0	1222143	729417	25343471616	17444675584	65555613258	17445020998
2025-05-20 04:27:47	7	58	8	4	1	0	6818820096	0	1222171	729420	25393803264	17444675584	65605615183	17445021070
2025-05-20 04:27:48	7	58	8	4	1	0	6818828288	0	1222215	729424	25414774784	17444675584	65624204869	17445021150
2025-05-20 04:27:49	7	58	8	4	1	0	7011098624	0	1222242	729427	25418969088	17444675584	65627352522	17445021222
2025-05-20 04:27:50	7	58	8	4	1	0	7011688448	0	1222261	729431	25423163392	17444675584	65629451599	17445021326
2025-05-20 04:27:52	7	58	8	4	1	0	7011688448	0	1222344	729434	25435746304	17444675584	65639939284	17445021398
2025-05-20 04:27:53	7	58	8	4	1	0	7011602432	0	1222428	729438	25444134912	17444675584	65650426977	17445021478
2025-05-20 04:27:54	7	58	8	4	1	0	7011414016	0	1223076	729440	25456717824	17444675584	65666642970	17445021542
2025-05-20 04:27:55	7	58	8	4	1	0	6938558464	0	1223658	729444	25523826688	17444675584	65732372663	17445021622
2025-05-20 04:27:56	7	58	8	4	1	0	6938869760	0	1223688	729448	25574158336	17444675584	65786374588	17445021726
2025-05-20 04:27:57	7	58	8	4	1	0	7020568576	0	1223723	729452	25603518464	17444675584	65813239372	17445021806
2025-05-20 04:27:58	7	58	8	4	1	0	7020572672	0	1223789	729454	25611907072	17444675584	65821629897	17445021870
2025-05-20 04:27:59	7	58	8	4	1	0	7020589056	0	1223848	729457	25616101376	17444675584	65828971853	17445021942
2025-05-20 04:28:00	7	58	8	4	1	0	7020601344	0	1223924	729462	25624489984	17444675584	65838410969	17445022054
2025-05-20 04:28:01	7	58	8	4	1	0	7020625920	0	1223974	729464	25632878592	17444679680	65844704342	17445022118
2025-05-20 04:28:03	7	58	8	4	1	0	7020527616	0	1224016	729466	25637072896	17444679680	65849949139	17445022182
2025-05-20 04:28:04	7	58	8	4	1	0	7020482560	0	1224173	729470	25653850112	17444679680	65867031313	17445022286
2025-05-20 04:28:05	7	58	8	4	1	0	7020498944	0	1224186	729475	25666433024	17444679680	65881035163	17445022398
2025-05-20 04:28:07	7	58	8	4	1	0	7002095616	0	1224199	729478	25687404544	17444679680	65901037088	17445022470
2025-05-20 04:28:08	7	58	8	4	1	0	6968483840	0	1224224	729481	25728319488	17444679680	65945039013	17445022542
2025-05-20 04:28:09	7	58	8	4	1	0	6968909824	0	1224267	729486	25778651136	17444679680	65992493795	17445022654
2025-05-20 04:28:10	7	58	8	4	1	0	6968913920	0	1224319	729490	25782845440	17444679680	65998787183	17445022734
2025-05-20 04:28:11	7	58	8	4	1	0	7036796928	0	1224383	729496	25791234048	17444679680	66006131192	17445023054
2025-05-20 04:28:12	7	58	8	4	1	0	7036985344	0	1224395	729500	25791234048	17444679680	66007181701	17445023134
2025-05-20 04:28:13	7	58	8	4	1	0	7036846080	0	1224471	729505	25799622656	17444683776	66016620818	17445023246
2025-05-20 04:28:14	7	58	8	4	1	0	7036780544	0	1224554	729508	25812205568	17444683776	66027108503	17445023318
2025-05-20 04:28:16	7	58	8	4	1	0	7036723200	0	1225734	729511	25854148608	17444683776	66067212969	17445023390
2025-05-20 04:28:17	7	58	8	4	1	0	7037009920	0	1226913	729513	25900285952	17444683776	66111537730	17445023454
2025-05-20 04:28:18	7	58	8	4	1	0	7036907520	0	1226948	729516	25963200512	17444683776	66175539655	17445023526
2025-05-20 04:28:19	7	58	8	4	1	0	7131983872	0	1226974	729520	26009337856	17444683776	66221541580	17445023630
2025-05-20 04:28:20	7	58	8	4	1	0	7131721728	0	1227007	729524	26038697984	17444683776	66248564453	17445023710
2025-05-20 04:28:21	7	58	8	4	1	0	7131983872	0	1227069	729528	26047012864	17444683776	66255908333	17445023790
2025-05-20 04:28:22	7	58	8	4	1	0	7131983872	0	1227112	729531	26051207168	17444683776	66261153136	17445023862
2025-05-20 04:28:23	7	58	8	4	1	0	7131983872	0	1227147	729535	26055327744	17444683776	66265349365	17445023966
2025-05-20 04:28:25	7	58	8	4	1	0	7131983872	0	1227166	729539	26055327744	17444683776	66267448442	17445024070
2025-05-20 04:28:26	7	58	8	4	1	0	7131983872	0	1227186	729542	26059481088	17444683776	66269549428	17445024166
2025-05-20 04:28:28	7	58	8	4	1	0	7131983872	0	1227204	729545	26059481088	17444683776	66271648497	17445024262
2025-05-20 04:28:29	7	58	8	4	1	0	7131983872	0	1227264	729547	26067869696	17444683776	66278992363	17445024326
2025-05-20 04:28:30	7	58	8	4	1	0	7116861440	0	1227507	729550	26076258304	17444683776	66290431875	17445024398
2025-05-20 04:28:31	7	58	8	4	1	0	7097491456	0	1228493	729553	26139172864	17444683776	66354887421	17445024470
2025-05-20 04:28:32	7	58	8	4	1	0	7097724928	0	1228521	729556	26193698816	17444683776	66406889337	17445024566
2025-05-20 04:28:33	7	58	8	4	1	0	7097724928	0	1228554	729560	26235469824	17444683776	66449742321	17445024646
2025-05-20 04:28:35	7	58	8	4	1	0	7097831424	0	1228559	729565	26235469824	17444683776	66449744261	17445024734
2025-05-20 04:28:36	7	58	8	4	1	0	7098880000	0	1228602	729568	26243858432	17444683776	66454989065	17445024806
2025-05-20 04:28:37	7	58	8	4	1	0	7098880000	0	1228676	729571	26252247040	17444683776	66464428166	17445024902
2025-05-20 04:28:38	7	58	8	4	1	0	7098658816	0	1228759	729574	26263359488	17444683776	66474915851	17445024974
2025-05-20 04:28:39	7	58	8	4	1	0	7031341056	0	1228833	729576	26273218560	17444683776	66484354952	17445025038
2025-05-20 04:28:40	7	58	8	4	1	0	6988267520	0	1230012	729579	26319355904	17444683776	66532960757	17445025110
2025-05-20 04:28:41	7	58	8	4	1	0	6988779520	0	1230044	729583	26373881856	17444683776	66588962690	17445025190
2025-05-20 04:28:42	7	58	8	4	1	0	6988779520	0	1230086	729588	26415824896	17444683776	66633594063	17445025302
2025-05-20 04:28:43	7	58	8	4	1	0	7080415232	0	1230137	729591	26424213504	17444683776	66639887444	17445025374
2025-05-20 04:28:45	7	58	8	4	1	0	7080415232	0	1230197	729595	26432602112	17444687872	66647229408	17445025454
2025-05-20 04:28:46	7	58	8	4	1	0	7080415232	0	1230264	729598	26440990720	17444687872	66655619940	17445025526
2025-05-20 04:28:47	7	58	8	4	1	0	7080415232	0	1230315	729601	26445185024	17444687872	66661913321	17445025598
2025-05-20 04:28:48	7	58	8	4	1	0	7080415232	0	1230341	729604	26449379328	17444687872	66665060966	17445025694
2025-05-20 04:28:49	7	58	8	4	1	0	7080288256	0	1230371	729608	26449379328	17444687872	66668210544	17445025774
2025-05-20 04:28:51	7	58	8	4	1	0	7080288256	0	1230407	729613	26453573632	17444691968	66670501492	17445026110
2025-05-20 04:28:52	7	58	8	4	1	0	7080169472	0	1231501	729616	26470350848	17444691968	66686615956	17445026206
2025-05-20 04:28:53	7	58	8	4	1	0	7072931840	0	1231528	729619	26512293888	17444691968	66730619796	17445026278
2025-05-20 04:28:54	7	58	8	4	1	0	7072141312	0	1231558	729624	26566819840	17444691968	66782621729	17445026390
2025-05-20 04:28:56	7	58	8	4	1	0	7072141312	0	1231586	729627	26600374272	17444691968	66817523515	17445026462
2025-05-20 04:28:57	7	58	8	4	1	0	7143174144	0	1231629	729630	26604568576	17444691968	66822768320	17445026534
2025-05-20 04:28:58	7	58	8	4	1	0	7143530496	0	1231641	729635	26608762880	17444691968	66823818829	17445026646
2025-05-20 04:28:59	7	58	8	4	1	0	7143608320	0	1231724	729638	26617151488	17444691968	66834306514	17445026718
2025-05-20 04:29:00	7	58	8	4	1	0	7143616512	0	1231806	729640	26629734400	17444691968	66844794191	17445026782
2025-05-20 04:29:01	7	58	8	4	1	0	7143501824	0	1231905	729643	26638123008	17444691968	66855482682	17445026854
2025-05-20 04:29:02	7	58	8	4	1	0	7143706624	0	1233057	729646	26705231872	17444691968	66922236079	17445026926
2025-05-20 04:29:03	7	58	8	4	1	0	7167229952	0	1233090	729648	26768146432	17444691968	66984237996	17445026990
2025-05-20 04:29:04	7	58	8	4	1	0	7167229952	0	1233128	729655	26797506560	17444691968	67017905839	17445027118
2025-05-20 04:29:05	7	58	8	4	1	0	7167184896	0	1233179	729658	26805895168	17444696064	67024199220	17445027190
2025-05-20 04:29:07	7	58	8	4	1	0	7167102976	0	1233246	729661	26811666432	17444696064	67032589753	17445027262
2025-05-20 04:29:08	7	58	8	4	1	0	7167193088	0	1233313	729664	26822672384	17444696064	67040980286	17445027334
2025-05-20 04:29:09	7	58	8	4	1	0	7167127552	0	1233388	729668	26831060992	17444696064	67050419395	17445027438
2025-05-20 04:29:10	7	58	8	4	1	0	7167033344	0	1234614	729671	26877198336	17444696064	67095289991	17445027510
2025-05-20 04:29:11	7	58	8	4	1	0	7167139840	0	1234644	729675	26931724288	17444696064	67147291924	17445027590
2025-05-20 04:29:12	7	58	8	4	1	0	7167229952	0	1234663	729678	26961084416	17444696064	67175295766	17445027662
2025-05-20 04:29:13	7	58	8	4	1	0	7211401216	0	1234673	729684	26969473024	17444696064	67187297699	17445027806
2025-05-20 04:29:15	7	58	8	4	1	0	7211401216	0	1234685	729689	26980474880	17444696064	67199301549	17445027918
2025-05-20 04:29:17	7	58	8	4	1	0	7211401216	0	1234707	729693	27003027456	17444700160	67221392908	17445028022
2025-05-20 04:29:18	7	58	8	4	1	0	7211401216	0	1234767	729697	27011416064	17444700160	67228734872	17445028102
2025-05-20 04:29:19	7	58	8	4	1	0	7321165824	0	1234769	729699	27011416064	17444700160	67228736787	17445028166
2025-05-20 04:29:20	7	58	8	4	1	0	7322353664	0	1234825	729705	27015610368	17444700160	67235032218	17445028486
2025-05-20 04:29:21	7	58	8	4	1	0	7322161152	0	1234909	729710	27028193280	17444700160	67245519911	17445028598
2025-05-20 04:29:23	7	58	8	4	1	0	7293665280	0	1234985	729714	27036581888	17444700160	67254959027	17445028678
2025-05-20 04:29:24	7	58	8	4	1	0	7200686080	0	1236168	729718	27065958400	17444700160	67287565232	17445028758
2025-05-20 04:29:25	7	58	8	4	1	0	7201140736	0	1236202	729721	27128872960	17444700160	67349567157	17445028830
2025-05-20 04:29:26	7	58	8	4	1	0	7201140736	0	1236235	729724	27187593216	17444700160	67409569082	17445028902
2025-05-20 04:29:27	7	58	8	4	1	0	7259668480	0	1236288	729729	27195981824	17444700160	67416609128	17445029014
2025-05-20 04:29:28	7	58	8	4	1	0	7259668480	0	1236356	729733	27200176128	17444700160	67424999668	17445029094
2025-05-20 04:29:29	7	58	8	4	1	0	7259639808	0	1236438	729735	27216953344	17444700160	67435487344	17445029158
2025-05-20 04:29:30	7	58	8	4	1	0	7259545600	0	1236529	729738	27225341952	17444700160	67447023605	17445029230
2025-05-20 04:29:31	7	58	8	4	1	0	7259385856	0	1237617	729742	27242135552	17444700160	67463787109	17445029310
2025-05-20 04:29:32	7	58	8	4	1	0	7259529216	0	1237710	729748	27275689984	17444700160	67491758998	17445029430
2025-05-20 04:29:34	7	58	8	4	1	0	7259541504	0	1237722	729754	27288272896	17444700160	67505760939	17445029550
2025-05-20 04:29:35	7	58	8	4	1	0	7259570176	0	1237734	729760	27296661504	17444700160	67515764797	17445029670
2025-05-20 04:29:37	7	58	8	4	1	0	7259717632	0	1237744	729766	27309244416	17444700160	67525766737	17445029790
2025-05-20 04:29:38	7	58	8	4	1	0	7259717632	0	1237765	729770	27342798848	17444700160	67559768669	17445029870
2025-05-20 04:29:39	7	58	8	4	1	0	7337836544	0	1237806	729774	27384741888	17444700160	67600306913	17445029974
2025-05-20 04:29:40	7	58	8	4	1	0	7337791488	0	1237857	729777	27388936192	17444700160	67606600294	17445030046
2025-05-20 04:29:42	7	58	8	4	1	0	7365988352	0	1237932	729780	27397324800	17444700160	67616039403	17445030118
2025-05-20 04:29:43	7	58	8	4	1	0	7375081472	0	1238015	729783	27409907712	17444700160	67626527088	17445030190
2025-05-20 04:29:44	7	58	8	4	1	0	7341539328	0	1238099	729787	27418296320	17444700160	67637014781	17445030270
2025-05-20 04:29:45	7	58	8	4	1	0	7323164672	0	1238869	729790	27485405184	17444700160	67706989413	17445030342
2025-05-20 04:29:46	7	58	8	4	1	0	7328542720	0	1238902	729795	27544125440	17444700160	67764991346	17445030454
2025-05-20 04:29:47	7	58	8	4	1	0	7595126784	0	1238949	729799	27569291264	17444700160	67790480166	17445030534
2025-05-20 04:29:48	7	58	8	4	1	0	7741382656	0	1238952	729802	27569291264	17444700160	67790482091	17445030606
2025-05-20 04:29:49	7	58	8	4	1	0	7741288448	0	1239013	729806	27577679872	17444704256	67797825965	17445030710
2025-05-20 04:29:51	7	58	8	4	1	0	7741317120	0	1239098	729811	27586068480	17444708352	67808313778	17445031022
2025-05-20 04:29:52	7	58	8	4	1	0	7741329408	0	1239189	729814	27598651392	17444708352	67819850039	17445031094
2025-05-20 04:29:53	7	58	8	4	1	0	7741218816	0	1240376	729816	27632238592	17444708352	67852631598	17445031158
2025-05-20 04:29:54	7	58	8	4	1	0	7741497344	0	1240410	729819	27695153152	17444708352	67914633523	17445031230
2025-05-20 04:29:55	7	58	8	4	1	0	7741526016	0	1240467	729825	27724496896	17444708352	67942503520	17445031350
2025-05-20 04:29:56	7	58	8	4	1	0	7741534208	0	1240534	729828	27732885504	17444708352	67950894053	17445031422
2025-05-20 04:29:57	7	58	8	4	1	0	7741538304	0	1240594	729832	27737079808	17444708352	67958236018	17445031502
2025-05-20 04:29:58	7	58	8	4	1	0	7741423616	0	1240786	729838	27745468416	17444708352	67965633992	17445031622
2025-05-20 04:29:59	7	59	8	4	1	0	7741554688	0	1241790	729841	27770634240	17444708352	67990858034	17445031694
2025-05-20 04:30:01	7	59	8	4	1	0	7741476864	0	1241799	729846	27779022848	17444708352	68000859967	17445031806
2025-05-20 04:30:02	7	59	8	4	1	0	7741476864	0	1241810	729851	27791605760	17444708352	68010863817	17445031918
2025-05-20 04:30:04	7	59	8	4	1	0	7741476864	0	1241823	729856	27808382976	17444708352	68028865750	17445032030
2025-05-20 04:30:05	7	59	8	4	1	0	7729328128	0	1241852	729859	27862908928	17444708352	68080867676	17445032102
2025-05-20 04:30:06	7	59	8	4	1	0	7729332224	0	1241885	729862	27921629184	17444708352	68140869603	17445032174
2025-05-20 04:30:07	7	59	8	4	1	0	7729631232	0	1241965	729867	27934212096	17444708352	68153454264	17445032286
2025-05-20 04:30:09	7	59	8	4	1	0	7729553408	0	1242048	729870	27942600704	17444708352	68163941951	17445032358
2025-05-20 04:30:10	7	59	8	4	1	0	7729553408	0	1242131	729873	27955183616	17444712448	68174429638	17445032430
2025-05-20 04:30:11	7	59	8	4	1	0	7729631232	0	1242215	729877	27963572224	17444712448	68184917333	17445032510
2025-05-20 04:30:12	7	59	8	4	1	0	7729623040	0	1243369	729881	28030681088	17444712448	68253545165	17445032590
2025-05-20 04:30:13	7	59	8	4	1	0	7895855104	0	1243399	729885	28085207040	17444712448	68307547092	17445032694
2025-05-20 04:30:14	7	59	8	4	1	0	7902048256	0	1243427	729888	28118761472	17444712448	68342463596	17445032766
2025-05-20 04:30:15	7	59	8	4	1	0	7902089216	0	1243433	729893	28118761472	17444712448	68342467453	17445032878
2025-05-20 04:30:17	7	59	8	4	1	0	7902294016	0	1243436	729898	28118761472	17444712448	68342469382	17445033014
2025-05-20 04:30:19	7	59	8	4	1	0	7902445568	0	1243442	729904	28118761472	17444712448	68342473240	17445033158
2025-05-20 04:30:21	7	59	8	4	1	0	7903166464	0	1243472	729909	28122955776	17444712448	68345622938	17445033494
2025-05-20 04:30:22	7	59	8	4	1	0	7903166464	0	1243539	729912	28131344384	17444712448	68354013475	17445033566
2025-05-20 04:30:23	7	59	8	4	1	0	7846039552	0	1243613	729914	28139732992	17444716544	68363452580	17445033630
2025-05-20 04:30:24	7	59	8	4	1	0	7784497152	0	1243696	729917	28152315904	17444716544	68373940269	17445033702
2025-05-20 04:30:25	7	59	8	4	1	0	7784525824	0	1244881	729920	28181676032	17444716544	68401837122	17445033774
2025-05-20 04:30:26	7	59	8	4	1	0	7784726528	0	1244918	729925	28248784896	17444716544	68467839059	17445033886
2025-05-20 04:30:27	7	59	8	4	1	0	7845363712	0	1244948	729928	28298805248	17444716544	68521840988	17445033958
2025-05-20 04:30:29	7	59	8	4	1	0	7885185024	0	1245008	729934	28307193856	17444716544	68536032999	17445034054
2025-05-20 04:30:30	7	59	8	4	1	0	7885185024	0	1245050	729936	28315582464	17444716544	68541277800	17445034118
2025-05-20 04:30:31	7	59	8	4	1	0	7885193216	0	1245070	729941	28315582464	17444716544	68543376889	17445034230
2025-05-20 04:30:33	7	59	8	4	1	0	7885209600	0	1245083	729945	28315582464	17444716544	68544429315	17445034334
2025-05-20 04:30:34	7	59	8	4	1	0	7885209600	0	1245101	729948	28319776768	17444716544	68546528387	17445034430
2025-05-20 04:30:35	7	59	8	4	1	0	7885217792	0	1245152	729952	28323971072	17444716544	68552821771	17445034534
2025-05-20 04:30:36	7	59	8	4	1	0	7885225984	0	1245242	729954	28336553984	17444716544	68564358028	17445034598
2025-05-20 04:30:38	7	59	8	4	1	0	7803494400	0	1245774	729956	28381442048	17444716544	68606611128	17445034662
2025-05-20 04:30:39	7	59	8	4	1	0	7737032704	0	1245812	729961	28430647296	17444716544	68668614994	17445034750
2025-05-20 04:30:40	7	59	8	4	1	0	7736938496	0	1245838	729964	28476928000	17444716544	68713544819	17445034822
2025-05-20 04:30:41	7	59	8	4	1	0	7737077760	0	1245912	729967	28485316608	17444716544	68722983924	17445034918
2025-05-20 04:30:42	7	59	8	4	1	0	7736999936	0	1246003	729970	28497899520	17444716544	68734520189	17445034990
2025-05-20 04:30:43	7	59	8	4	1	0	7736995840	0	1246086	729973	28506288128	17444716544	68745007877	17445035062
2025-05-20 04:30:44	7	59	8	4	1	0	7736950784	0	1247279	729976	28535648256	17444716544	68768598342	17445035134
2025-05-20 04:30:45	7	59	8	4	1	0	7737159680	0	1247306	729978	28580741120	17444716544	68818600263	17445035198
2025-05-20 04:30:46	7	59	8	4	1	0	7737171968	0	1247333	729982	28601712640	17444716544	68835614239	17445035302
2025-05-20 04:30:48	7	59	8	4	1	0	7748538368	0	1247346	729986	28601712640	17444716544	68836666665	17445035406
2025-05-20 04:30:49	7	59	8	4	1	0	7748591616	0	1247368	729991	28601712640	17444716544	68838767675	17445035518
2025-05-20 04:30:51	7	59	8	4	1	0	7748612096	0	1247381	729997	28605906944	17444724736	68839818308	17445035862
2025-05-20 04:30:52	7	59	8	4	1	0	7748624384	0	1247424	730001	28610101248	17444724736	68845063117	17445035966
2025-05-20 04:30:54	7	59	8	4	1	0	7748648960	0	1248654	730003	28629757952	17444728832	68869899370	17445036030
2025-05-20 04:30:55	7	59	8	4	1	0	7748665344	0	1248690	730006	28683104256	17444728832	68931903220	17445036102
2025-05-20 04:30:56	7	59	8	4	1	0	7785852928	0	1248718	730008	28730773504	17444728832	68983905140	17445036166
2025-05-20 04:30:57	7	59	8	4	1	0	7787053056	0	1248724	730015	28730773504	17444728832	68983907092	17445036294
2025-05-20 04:30:58	7	59	8	4	1	0	7787216896	0	1248773	730019	28776857600	17444728832	69028263884	17445036374
2025-05-20 04:30:59	7	59	8	4	1	0	7787302912	0	1248847	730021	28785246208	17444728832	69037702989	17445036438
2025-05-20 04:31:00	7	59	8	4	1	0	7787302912	0	1248929	730023	28793634816	17444728832	69048190670	17445036502
2025-05-20 04:31:01	7	59	8	4	1	0	7787249664	0	1249020	730027	28806217728	17444728832	69059726935	17445036606
2025-05-20 04:31:03	7	59	8	4	1	0	7787159552	0	1250215	730031	28839772160	17444728832	69092724963	17445036686
2025-05-20 04:31:04	7	59	8	4	1	0	7787384832	0	1250250	730033	28902621184	17444728832	69158726882	17445036750
2025-05-20 04:31:05	7	59	8	4	1	0	7853875200	0	1250280	730037	28952952832	17444728832	69206730738	17445036830
2025-05-20 04:31:06	7	59	8	4	1	0	7853879296	0	1250329	730041	28982312960	17444728832	69237877008	17445036934
2025-05-20 04:31:07	7	59	8	4	1	0	7853735936	0	1250382	730046	28986507264	17444728832	69244170407	17445037022
2025-05-20 04:31:08	7	59	8	4	1	0	7853789184	0	1250456	730048	28994895872	17444728832	69253609511	17445037086
2025-05-20 04:31:09	7	59	8	4	1	0	7853895680	0	1250514	730050	29007478784	17444728832	69260951463	17445037150
2025-05-20 04:31:10	7	59	8	4	1	0	7853772800	0	1250548	730053	29011673088	17444728832	69265147687	17445037246
2025-05-20 04:31:12	7	59	8	4	1	0	7853834240	0	1250585	730056	29015867392	17444728832	69269345840	17445037318
2025-05-20 04:31:13	7	59	8	4	1	0	7853875200	0	1250611	730059	29015867392	17444728832	69272493489	17445037414
2025-05-20 04:31:14	7	59	8	4	1	0	7813591040	0	1251777	730062	29045227520	17444732928	69299354239	17445037486
2025-05-20 04:31:15	7	59	8	4	1	0	7813844992	0	1251811	730065	29108142080	17444732928	69361356168	17445037558
2025-05-20 04:31:16	7	59	8	4	1	0	7837646848	0	1251841	730068	29162668032	17444732928	69415358097	17445037630
2025-05-20 04:31:17	7	59	8	4	1	0	7837659136	0	1251896	730072	29175250944	17444732928	69428503874	17445037734
2025-05-20 04:31:19	7	59	8	4	1	0	7837536256	0	1251955	730075	29179445248	17444732928	69435845835	17445037806
2025-05-20 04:31:20	7	59	8	4	1	0	7837532160	0	1252037	730077	29192028160	17444732928	69446333516	17445037870
2025-05-20 04:31:21	7	59	8	4	1	0	7837528064	0	1252122	730080	29200416768	17444732928	69456823126	17445037942
2025-05-20 04:31:22	7	59	8	4	1	0	7799967744	0	1253323	730085	29250748416	17444732928	69502224602	17445038254
2025-05-20 04:31:23	7	59	8	4	1	0	7800242176	0	1253356	730089	29309468672	17444732928	69562226531	17445038358
2025-05-20 04:31:24	7	59	8	4	1	0	7800242176	0	1253383	730093	29355606016	17444737024	69608228468	17445038438
2025-05-20 04:31:25	7	59	8	4	1	0	7800246272	0	1253387	730097	29355606016	17444737024	69608230405	17445038518
2025-05-20 04:31:26	7	59	8	4	1	0	7801008128	0	1253408	730102	29372383232	17444737024	69626801985	17445038630
2025-05-20 04:31:28	7	59	8	4	1	0	7800975360	0	1253438	730106	29376577536	17444737024	69629951570	17445038710
2025-05-20 04:31:29	7	59	8	4	1	0	7800975360	0	1253457	730110	29380771840	17444737024	69632050650	17445038814
2025-05-20 04:31:30	7	59	8	4	1	0	7800840192	0	1253484	730114	29380771840	17444737024	69635198307	17445038918
2025-05-20 04:31:32	7	59	8	4	1	0	7800975360	0	1253543	730117	29389160448	17444737024	69642540268	17445038990
2025-05-20 04:31:33	7	59	8	4	1	0	7800750080	0	1253625	730119	29401743360	17444737024	69653027949	17445039054
2025-05-20 04:31:34	7	59	8	4	1	0	7773908992	0	1253718	730122	29410131968	17444737024	69664566135	17445039126
2025-05-20 04:31:35	7	59	8	4	1	0	7774035968	0	1254910	730126	29460480000	17444737024	69713499524	17445039230
2025-05-20 04:31:36	7	59	8	4	1	0	7773782016	0	1254947	730129	29527588864	17444737024	69781501452	17445039302
2025-05-20 04:31:37	7	59	8	4	1	0	7850057728	0	1254973	730132	29573726208	17444737024	69827503380	17445039374
2025-05-20 04:31:38	7	59	8	4	1	0	7901564928	0	1255014	730135	29615669248	17444737024	69872296416	17445039446
2025-05-20 04:31:39	7	59	8	4	1	0	7901564928	0	1255058	730140	29619863552	17444737024	69877541232	17445039558
2025-05-20 04:31:40	7	59	8	4	1	0	7901564928	0	1255133	730143	29632446464	17444737024	69886980344	17445039630
2025-05-20 04:31:42	7	59	8	4	1	0	7901564928	0	1255208	730146	29640835072	17444737024	69896419457	17445039702
2025-05-20 04:31:43	7	59	8	4	1	0	7889043456	0	1255251	730148	29645029376	17444737024	69901795330	17445039766
2025-05-20 04:31:44	7	59	8	4	1	0	7825465344	0	1255288	730153	29649223680	17444737024	69905862420	17445039878
2025-05-20 04:31:45	7	59	8	4	1	0	7757697024	0	1255323	730156	29653417984	17444737024	69910058652	17445039950
2025-05-20 04:31:46	7	59	8	4	1	0	7735635968	0	1256503	730159	29686972416	17444737024	69943641969	17445040022
2025-05-20 04:31:47	7	59	8	4	1	0	7736037376	0	1256536	730164	29744689152	17444737024	70001643906	17445040134
2025-05-20 04:31:48	7	59	8	4	1	0	7737761792	0	1256564	730167	29795020800	17444737024	70051645835	17445040206
2025-05-20 04:31:50	7	59	8	4	1	0	7737761792	0	1256611	730170	29803409408	17444737024	70064823396	17445040278
2025-05-20 04:31:51	7	59	8	4	1	0	7737761792	0	1256687	730174	29820186624	17444737024	70074262517	17445040358
2025-05-20 04:31:52	7	59	8	4	1	0	7737573376	0	1256773	730178	29828575232	17444737024	70084752135	17445040438
2025-05-20 04:31:53	7	59	8	4	1	0	7737536512	0	1256856	730182	29841158144	17444737024	70095239824	17445040542
2025-05-20 04:31:54	7	59	8	4	1	0	7737495552	0	1257725	730186	29895684096	17444737024	70152428201	17445040622
2025-05-20 04:31:55	7	59	8	4	1	0	7787302912	0	1257756	730189	29950210048	17444737024	70208430130	17445040694
2025-05-20 04:31:56	7	59	8	4	1	0	7787302912	0	1257790	730192	29983764480	17444737024	70239371062	17445040766
2025-05-20 04:31:57	7	59	8	4	1	0	8067854336	0	1257818	730197	29983764480	17444737024	70242518727	17445040878
2025-05-20 04:31:59	7	59	8	4	1	0	8067854336	0	1257824	730203	29983764480	17444737024	70242522585	17445041022
2025-05-20 04:32:01	7	59	8	4	1	0	8067858432	0	1257830	730208	29983764480	17444741120	70242526443	17445041134
2025-05-20 04:32:02	7	59	8	4	1	0	8068911104	0	1257851	730213	29987958784	17444745216	70244625652	17445041446
2025-05-20 04:32:03	7	59	8	4	1	0	8068747264	0	1257926	730217	29996347392	17444745216	70254064765	17445041550
2025-05-20 04:32:05	7	59	8	4	1	0	8068775936	0	1258009	730220	30004736000	17444745216	70264552454	17445041622
2025-05-20 04:32:06	7	59	8	4	1	0	8068800512	0	1258100	730223	30017318912	17444745216	70276088719	17445041694
2025-05-20 04:32:07	7	59	8	4	1	0	8068911104	0	1259263	730227	30084153344	17444745216	70339472631	17445041774
2025-05-20 04:32:08	7	59	8	4	1	0	8105193472	0	1259302	730232	30147067904	17444745216	70405230867	17445041886
2025-05-20 04:32:09	7	59	8	4	1	0	8105193472	0	1259362	730236	30155456512	17444745216	70412572835	17445041966
2025-05-20 04:32:10	7	59	8	4	1	0	8105148416	0	1259437	730239	30163845120	17444745216	70422011946	17445042038
2025-05-20 04:32:11	7	59	8	4	1	0	8105062400	0	1259521	730243	30176428032	17444745216	70432499642	17445042118
2025-05-20 04:32:12	7	59	8	4	1	0	8105078784	0	1260936	730247	30230970368	17444745216	70490423380	17445042198
2025-05-20 04:32:13	7	59	8	4	1	0	8105193472	0	1260966	730251	30285496320	17444745216	70544425309	17445042302
2025-05-20 04:32:14	7	59	8	4	1	0	8105193472	0	1260985	730254	30319050752	17444745216	70576427238	17445042374
2025-05-20 04:32:16	7	59	8	4	1	0	8105005056	0	1260996	730259	30327439360	17444745216	70586431096	17445042486
2025-05-20 04:32:17	7	59	8	4	1	0	8105029632	0	1261004	730262	30340022272	17444749312	70598433017	17445042582
2025-05-20 04:32:19	7	59	8	4	1	0	8105041920	0	1261023	730264	30356799488	17444749312	70615858897	17445042646
2025-05-20 04:32:20	7	59	8	4	1	0	8105123840	0	1261086	730270	30365204480	17444749312	70623202794	17445042766
2025-05-20 04:32:21	7	59	8	4	1	0	8105238528	0	1261163	730275	30373593088	17444749312	70632641923	17445042854
2025-05-20 04:32:22	7	59	8	4	1	0	8105230336	0	1261246	730278	30386192384	17444749312	70643129612	17445042926
2025-05-20 04:32:23	7	59	8	4	1	0	8105127936	0	1261330	730282	30394597376	17444749312	70653617309	17445043006
2025-05-20 04:32:24	7	59	8	4	1	0	8105275392	0	1262495	730287	30457511936	17444749312	70717347133	17445043118
2025-05-20 04:32:25	7	59	8	4	1	0	8105287680	0	1262531	730291	30520426496	17444749312	70781349070	17445043198
2025-05-20 04:32:27	7	59	8	4	1	0	8224292864	0	1262603	730296	30549786624	17444749312	70810609430	17445043286
2025-05-20 04:32:28	7	59	8	4	1	0	8224301056	0	1262695	730300	30570369024	17444749312	70822145703	17445043366
2025-05-20 04:32:29	7	59	8	4	1	0	8129781760	0	1262714	730303	30570369024	17444749312	70824244784	17445043438
2025-05-20 04:32:30	7	59	8	4	1	0	8130793472	0	1262721	730309	30570369024	17444749312	70824248650	17445043558
2025-05-20 04:32:31	7	59	8	4	1	0	8130793472	0	1262755	730312	30574563328	17444753408	70828444875	17445043654
2025-05-20 04:32:33	7	59	8	4	1	0	8130965504	0	1262799	730316	30578757632	17444753408	70833689804	17445043958
2025-05-20 04:32:34	7	59	8	4	1	0	8113459200	0	1262874	730319	30587146240	17444753408	70843128917	17445044030
2025-05-20 04:32:35	7	59	8	4	1	0	8072499200	0	1263823	730322	30608117760	17444753408	70862177722	17445044102
2025-05-20 04:32:36	7	59	8	4	1	0	8072777728	0	1264110	730326	30671032320	17444753408	70928416867	17445044206
2025-05-20 04:32:37	7	59	8	4	1	0	8072798208	0	1264146	730330	30729752576	17444753408	70988420725	17445044286
2025-05-20 04:32:38	7	59	8	4	1	0	8106823680	0	1264188	730333	30763307008	17444753408	71021486205	17445044358
2025-05-20 04:32:39	7	59	8	4	1	0	8106827776	0	1264256	730337	30771695616	17444753408	71029876750	17445044438
2025-05-20 04:32:40	7	59	8	4	1	0	8106803200	0	1264346	730340	30784278528	17444753408	71041413007	17445044534
2025-05-20 04:32:41	7	59	8	4	1	0	8106754048	0	1264429	730343	30792667136	17444753408	71051900696	17445044606
2025-05-20 04:32:43	7	59	8	4	1	0	8106655744	0	1265506	730346	30813638656	17444753408	71071905261	17445044678
2025-05-20 04:32:44	7	59	8	4	1	0	8106647552	0	1265677	730349	30868164608	17444753408	71120881593	17445044750
2025-05-20 04:32:45	7	59	8	4	1	0	8106876928	0	1265691	730353	30889136128	17444753408	71142883522	17445044854
2025-05-20 04:32:46	7	59	8	4	1	0	8106893312	0	1265705	730358	30905847808	17444753408	71158887379	17445044966
2025-05-20 04:32:48	7	59	8	4	1	0	8106893312	0	1265714	730360	30922625024	17444753408	71172889299	17445045030
2025-05-20 04:32:49	7	59	8	4	1	0	8106897408	0	1265737	730365	30960373760	17444753408	71210891236	17445045142
2025-05-20 04:32:50	7	59	8	4	1	0	8106901504	0	1265787	730368	30989733888	17444753408	71239734721	17445045214
2025-05-20 04:32:51	7	59	8	4	1	0	8106840064	0	1265839	730372	30993928192	17444753408	71246028114	17445045294
2025-05-20 04:32:52	7	59	8	4	1	0	8106778624	0	1265923	730376	31006511104	17444753408	71256515811	17445045374
2025-05-20 04:32:53	7	59	8	4	1	0	8106762240	0	1266014	730379	31014899712	17444753408	71268052076	17445045446
2025-05-20 04:32:54	7	59	8	4	1	0	8065245184	0	1266668	730384	31031676928	17444753408	71285367501	17445045558
2025-05-20 04:32:56	7	59	8	4	1	0	8065290240	0	1267260	730387	31098785792	17444753408	71353205761	17445045630
2025-05-20 04:32:57	7	59	8	4	1	0	8065552384	0	1267295	730391	31161700352	17444753408	71415207697	17445045710
2025-05-20 04:32:58	7	59	8	4	1	0	8065552384	0	1267328	730396	31186866176	17444753408	71441287345	17445045798
2025-05-20 04:32:59	7	59	8	4	1	0	8154202112	0	1267372	730401	31191060480	17444753408	71446532162	17445045910
2025-05-20 04:33:00	7	59	8	4	1	0	8155099136	0	1267385	730404	31191060480	17444753408	71447584588	17445045982
2025-05-20 04:33:01	7	59	8	4	1	0	8155230208	0	1267435	730406	31199449088	17444753408	71453877965	17445046046
2025-05-20 04:33:02	7	59	8	4	1	0	8155090944	0	1267528	730412	31203643392	17444757504	71458282454	17445046390
2025-05-20 04:33:04	7	59	8	4	1	0	8155054080	0	1267572	730416	31207837696	17444757504	71463527271	17445046470
2025-05-20 04:33:05	7	59	8	4	1	0	8154955776	0	1267639	730419	31216226304	17444757504	71471917808	17445046542
2025-05-20 04:33:06	7	59	8	4	1	0	8107114496	0	1268087	730421	31233003520	17444761600	71489024245	17445046606
2025-05-20 04:33:07	7	59	8	4	1	0	8107270144	0	1268125	730427	31300112384	17444761600	71555026190	17445046726
2025-05-20 04:33:08	7	59	8	4	1	0	8107520000	0	1268163	730431	31359782912	17444761600	71619030048	17445046806
2025-05-20 04:33:09	7	59	8	4	1	0	8200331264	0	1268210	730434	31372365824	17444761600	71631654813	17445046878
2025-05-20 04:33:10	7	59	8	4	1	0	8200204288	0	1268269	730437	31380754432	17444761600	71638996774	17445046950
2025-05-20 04:33:11	7	59	8	4	1	0	8200331264	0	1268322	730443	31389143040	17444761600	71645290175	17445047070
2025-05-20 04:33:13	7	59	8	4	1	0	8200192000	0	1268373	730446	31393337344	17444761600	71651583560	17445047142
2025-05-20 04:33:14	7	59	8	4	1	0	8200163328	0	1268425	730450	31397531648	17444761600	71657876953	17445047222
2025-05-20 04:33:15	7	59	8	4	1	0	8200065024	0	1269073	730452	31418503168	17444761600	71674289851	17445047286
2025-05-20 04:33:16	7	59	8	4	1	0	8200142848	0	1269661	730455	31477223424	17444761600	71739375721	17445047382
2025-05-20 04:33:17	7	59	8	4	1	0	8200142848	0	1269736	730457	31485612032	17444761600	71749016359	17445047446
2025-05-20 04:33:18	7	59	8	4	1	0	8200040448	0	1270917	730460	31523360768	17444761600	71784182951	17445047518
2025-05-20 04:33:19	7	59	8	4	1	0	8199925760	0	1270950	730463	31586275328	17444761600	71844184880	17445047590
2025-05-20 04:33:20	7	59	8	4	1	0	8199921664	0	1270976	730466	31632412672	17444761600	71892186801	17445047686
2025-05-20 04:33:21	7	59	8	4	1	0	8199938048	0	1271000	730468	31657578496	17444765696	71920352908	17445047750
2025-05-20 04:33:23	7	59	8	4	1	0	8200032256	0	1271042	730470	31661772800	17444765696	71925597709	17445047814
2025-05-20 04:33:24	7	59	8	4	1	0	8200032256	0	1271094	730475	31670161408	17444765696	71931891102	17445047926
2025-05-20 04:33:25	7	59	8	4	1	0	8200101888	0	1271176	730477	31678550016	17444765696	71942378783	17445047990
2025-05-20 04:33:26	7	59	8	4	1	0	8200081408	0	1271253	730480	31686938624	17444765696	71951819811	17445048062
2025-05-20 04:33:27	7	59	8	4	1	0	8200060928	0	1272247	730482	31707910144	17444765696	71971234581	17445048126
2025-05-20 04:33:28	7	59	8	4	1	0	8283758592	0	1272482	730485	31775019008	17444765696	72034795602	17445048222
2025-05-20 04:33:29	7	59	8	4	1	0	8247058432	36720640	1272512	730488	31815032832	17444765696	72088797531	17445048294
2025-05-20 04:33:31	7	59	8	4	1	0	8247058432	36720640	1272535	730490	31856975872	17444765696	72130799452	17445048358
2025-05-20 04:33:32	7	59	8	4	1	0	8258408448	36720640	1272555	730495	31861170176	17444765696	72133957915	17445048582
2025-05-20 04:33:33	7	59	8	4	1	0	8258285568	36720640	1272578	730500	31861170176	17444765696	72136059045	17445048806
2025-05-20 04:33:35	7	59	8	4	1	0	8439922688	36720640	1272601	730506	31865364480	17444765696	72138160063	17445048926
2025-05-20 04:33:36	7	59	8	4	1	0	8439939072	36720640	1272606	730512	31865364480	17444765696	72138162008	17445049046
2025-05-20 04:33:38	7	59	8	4	1	0	8440905728	36720640	1272641	730516	31869558784	17444765696	72142227177	17445049126
2025-05-20 04:33:39	7	59	8	4	1	0	8397316096	36720640	1272724	730518	31882141696	17444769792	72152845929	17445049190
2025-05-20 04:33:40	7	59	8	4	1	0	8397295616	36720640	1272814	730520	31890546688	17444769792	72164382185	17445049254
2025-05-20 04:33:41	7	59	8	4	1	0	8387227648	36720640	1273319	730526	31907323904	17444769792	72179917727	17445049374
2025-05-20 04:33:42	7	59	8	4	1	0	8387354624	36720640	1273358	730529	31978627072	17444769792	72251118103	17445049446
2025-05-20 04:33:43	7	59	8	4	1	0	8387391488	36720640	1273394	730532	32041541632	17444769792	72317120031	17445049518
2025-05-20 04:33:44	7	59	8	4	1	0	8375635968	111751168	1273443	730535	32054124544	17444769792	72329517041	17445049590
2025-05-20 04:33:45	7	59	8	4	1	0	8375635968	111751168	1273510	730538	32062513152	17444769792	72337907576	17445049662
2025-05-20 04:33:46	7	59	8	4	1	0	8309743616	111751168	1273584	730541	32070901760	17444769792	72347346679	17445049758
2025-05-20 04:33:47	7	59	8	4	1	0	8309604352	111751168	1273666	730543	32083484672	17444769792	72357834360	17445049822
2025-05-20 04:33:49	7	59	8	4	1	0	8285433856	111751168	1274854	730545	32117039104	17444769792	72396105906	17445049886
2025-05-20 04:33:50	7	59	8	4	1	0	8285626368	111751168	1274903	730549	32163176448	17444769792	72439582311	17445049966
2025-05-20 04:33:51	7	59	8	4	1	0	8285589504	111751168	1274979	730553	32171565056	17444769792	72449021431	17445050046
2025-05-20 04:33:52	7	59	8	4	1	0	8285626368	111751168	1276144	730556	32226091008	17444769792	72498145169	17445050142
2025-05-20 04:33:53	7	59	8	4	1	0	8278601728	111751168	1276167	730558	32268034048	17444769792	72540147090	17445050206
2025-05-20 04:33:54	7	59	8	4	1	0	8278601728	111751168	1276187	730562	32292208640	17444769792	72568150948	17445050286
2025-05-20 04:33:55	7	59	8	4	1	0	8278773760	111751168	1276195	730567	32300597248	17444769792	72576152885	17445050398
2025-05-20 04:33:57	7	59	8	4	1	0	8278773760	111751168	1276205	730572	32313180160	17444769792	72586156735	17445050534
2025-05-20 04:33:59	7	59	8	4	1	0	8278773760	111751168	1276214	730574	32325763072	17444769792	72600158656	17445050598
2025-05-20 04:34:00	7	59	8	4	1	0	8273874944	111751168	1276250	730577	32342540288	17444769792	72621926438	17445050694
2025-05-20 04:34:01	7	59	8	4	1	0	8274092032	111751168	1276326	730581	32350928896	17444769792	72631365559	17445050774
2025-05-20 04:34:02	7	59	8	4	1	0	8274128896	111751168	1276403	730585	32363511808	17444769792	72640806593	17445050966
2025-05-20 04:34:03	7	59	8	4	1	0	8274038784	111751168	1276489	730590	32371900416	17444773888	72651294418	17445051166
2025-05-20 04:34:04	7	59	8	4	1	0	8274116608	111751168	1277681	730594	32397066240	17444773888	72678261605	17445051270
2025-05-20 04:34:06	7	59	8	4	1	0	8211992576	173891584	1277717	730597	32464175104	17444773888	72744263534	17445051342
2025-05-20 04:34:07	7	59	8	4	1	0	8323653632	173891584	1277750	730601	32522895360	17444773888	72802265471	17445051422
2025-05-20 04:34:08	7	59	8	4	1	0	8334950400	173891584	1277814	730604	32539672576	17444773888	72818137455	17445051494
2025-05-20 04:34:09	7	59	8	4	1	0	8487452672	173891584	1277835	730610	32543866880	17444773888	72820236552	17445051614
2025-05-20 04:34:10	7	59	8	4	1	0	8488415232	173891584	1277870	730613	32548061184	17444773888	72824432785	17445051686
2025-05-20 04:34:11	7	59	8	4	1	0	8488448000	173891584	1277954	730617	32556449792	17444773888	72834920482	17445051766
2025-05-20 04:34:12	7	59	8	4	1	0	8488570880	173891584	1278039	730620	32569032704	17444777984	72845410092	17445051838
2025-05-20 04:34:13	7	59	8	4	1	0	8488493056	173891584	1278554	730625	32619364352	17444777984	72893380970	17445051950
2025-05-20 04:34:14	7	59	8	4	1	0	8405319680	257163264	1278590	730628	32682278912	17444777984	72959382899	17445052022
2025-05-20 04:34:16	7	59	8	4	1	0	8405319680	257163264	1278626	730631	32714285056	17444777984	72995141283	17445052094
2025-05-20 04:34:17	7	59	8	4	1	0	8405188608	257163264	1278703	730636	32726867968	17444777984	73004580412	17445052182
2025-05-20 04:34:18	7	59	8	4	1	0	8405319680	257163264	1278771	730641	32735256576	17444777984	73012970957	17445052294
2025-05-20 04:34:19	7	59	8	4	1	0	8405213184	257163264	1278822	730644	32739450880	17444777984	73019264342	17445052366
2025-05-20 04:34:20	7	59	8	4	1	0	8405213184	257163264	1278858	730646	32743645184	17444777984	73023462488	17445052430
2025-05-20 04:34:21	7	59	8	4	1	0	8405204992	257163264	1278876	730649	32743645184	17444777984	73025561561	17445052526
2025-05-20 04:34:23	7	59	8	4	1	0	8405204992	257163264	1278894	730652	32747839488	17444777984	73027660634	17445052622
2025-05-20 04:34:25	7	59	8	4	1	0	8405204992	257163264	1278922	730655	32752033792	17444777984	73030810204	17445052718
2025-05-20 04:34:26	7	59	8	4	1	0	8405200896	257163264	1280080	730657	32789782528	17444782080	73069105916	17445052782
2025-05-20 04:34:27	7	59	8	4	1	0	8405319680	257163264	1280124	730661	32840114176	17444782080	73117664295	17445052862
2025-05-20 04:34:28	7	59	8	4	1	0	8405319680	257163264	1280200	730666	32848519168	17444782080	73127103416	17445052974
2025-05-20 04:34:29	7	59	8	4	1	0	8406839296	257163264	1281371	730671	32877879296	17444782080	73154775658	17445053062
2025-05-20 04:34:30	7	59	8	4	1	0	8405278720	257163264	1281407	730674	32940793856	17444782080	73220777587	17445053134
2025-05-20 04:34:31	7	59	8	4	1	0	8405319680	257163264	1281445	730679	33003708416	17444782080	73282781453	17445053222
2025-05-20 04:34:32	7	59	8	4	1	0	8380518400	257163264	1281520	730688	33028485120	17444782080	73297151511	17445053590
2025-05-20 04:34:34	7	59	8	4	1	0	8380653568	257163264	1281587	730691	33032679424	17444782080	73305542047	17445053662
2025-05-20 04:34:35	7	59	8	4	1	0	8380633088	257163264	1281677	730693	33045262336	17444782080	73317078304	17445053726
2025-05-20 04:34:36	7	59	8	4	1	0	8380637184	257163264	1281759	730695	33057845248	17444782080	73327565985	17445053790
2025-05-20 04:34:37	7	59	8	4	1	0	8380710912	257163264	1282381	730698	33112371200	17444782080	73388028903	17445053886
2025-05-20 04:34:38	7	59	8	4	1	0	8462114816	257163264	1282415	730700	33179480064	17444782080	73452030824	17445053950
2025-05-20 04:34:39	7	59	8	4	1	0	8462114816	257163264	1282452	730702	33204645888	17444782080	73476158653	17445054014
2025-05-20 04:34:40	7	59	8	4	1	0	8423079936	257163264	1282495	730705	33208840192	17444782080	73481403462	17445054086
2025-05-20 04:34:41	7	59	8	4	1	0	8423079936	257163264	1282524	730709	33213034496	17444782080	73484553040	17445054190
2025-05-20 04:34:43	7	59	8	4	1	0	8423186432	257163264	1282543	730713	33213034496	17444786176	73486652121	17445054294
2025-05-20 04:34:44	7	59	8	4	1	0	8423186432	257163264	1282565	730718	33217228800	17444786176	73488753129	17445054406
2025-05-20 04:34:46	7	59	8	4	1	0	8423084032	257163264	1282609	730721	33221423104	17444786176	73494129010	17445054478
2025-05-20 04:34:47	7	59	8	4	1	0	8423178240	257163264	1282690	730723	33229811712	17444786176	73504485619	17445054542
2025-05-20 04:34:48	7	59	8	4	1	0	8417824768	257163264	1283905	730727	33259188224	17444786176	73536347538	17445054646
2025-05-20 04:34:49	7	59	8	4	1	0	8417943552	257163264	1283943	730731	33326297088	17444786176	73604349475	17445054726
2025-05-20 04:34:50	7	59	8	4	1	0	8626339840	257163264	1283997	730735	33338880000	17444786176	73614561296	17445054806
2025-05-20 04:34:51	7	59	8	4	1	0	8626028544	257163264	1284025	730739	33338880000	17444786176	73617708960	17445054886
2025-05-20 04:34:52	7	59	8	4	1	0	8580845568	257163264	1284112	730745	33351462912	17444786176	73628198586	17445055006
2025-05-20 04:34:53	7	59	8	4	1	0	8580943872	257163264	1285269	730748	33414377472	17444786176	73689891169	17445055078
2025-05-20 04:34:55	7	59	8	4	1	0	8580894720	257163264	1285304	730752	33477292032	17444786176	73751893105	17445055158
2025-05-20 04:34:56	7	59	8	4	1	0	8580943872	257163264	1285362	730754	33516318720	17444786176	73788467946	17445055222
2025-05-20 04:34:57	7	59	8	4	1	0	8566706176	257163264	1285437	730757	33524707328	17444786176	73797907059	17445055294
2025-05-20 04:34:58	7	59	8	4	1	0	8566714368	257163264	1285520	730761	33533095936	17444786176	73808394748	17445055398
2025-05-20 04:34:59	7	59	8	4	1	0	8566722560	257163264	1285603	730764	33545678848	17444786176	73818882437	17445055470
2025-05-20 04:35:00	7	59	8	4	1	0	8568659968	257163264	1285994	730766	33596026880	17444786176	73868415523	17445055534
2025-05-20 04:35:01	7	59	8	4	1	0	8566833152	257163264	1286027	730769	33654747136	17444786176	73928417452	17445055606
2025-05-20 04:35:02	7	59	8	4	1	0	8566833152	257163264	1286054	730776	33692495872	17444790272	73966421438	17445055958
2025-05-20 04:35:04	7	59	8	4	1	0	8566833152	257163264	1286083	730779	33700884480	17444790272	73972972249	17445056030
2025-05-20 04:35:05	7	59	8	4	1	0	8566837248	257163264	1286102	730783	33700884480	17444790272	73975071330	17445056134
2025-05-20 04:35:06	7	59	8	4	1	0	8566837248	257163264	1286115	730787	33700884480	17444790272	73976123755	17445056238
2025-05-20 04:35:08	7	59	8	4	1	0	8566751232	257163264	1286127	730792	33705078784	17444790272	73977174267	17445056350
2025-05-20 04:35:10	7	59	8	4	1	0	8566751232	257163264	1286157	730797	33705078784	17444790272	73980323852	17445056462
2025-05-20 04:35:11	7	59	8	4	1	0	8566837248	257163264	1286232	730800	33713467392	17444790272	73989762964	17445056534
2025-05-20 04:35:12	7	59	8	4	1	0	8566751232	257163264	1286323	730804	33726050304	17444790272	74001299229	17445056638
2025-05-20 04:35:13	7	59	8	4	1	0	8566743040	257163264	1287270	730807	33747021824	17444794368	74020272228	17445056710
2025-05-20 04:35:14	7	59	8	4	1	0	8566837248	257163264	1287615	730810	33809936384	17444794368	74079112807	17445056782
2025-05-20 04:35:15	7	59	8	4	1	0	8566837248	257163264	1287700	730813	33818324992	17444794368	74089862640	17445056854
2025-05-20 04:35:16	7	59	8	4	1	0	8566837248	257163264	1288875	730818	33881239552	17444794368	74156955810	17445056966
2025-05-20 04:35:17	7	59	8	4	1	0	8564740096	257163264	1288909	730821	33939959808	17444794368	74214959660	17445057038
2025-05-20 04:35:19	7	59	8	4	1	0	8564654080	257163264	1288970	730823	33989902336	17444794368	74257909721	17445057102
2025-05-20 04:35:20	7	59	8	4	1	0	8564690944	257163264	1289061	730826	33998290944	17444794368	74269445986	17445057174
2025-05-20 04:35:21	7	59	8	4	1	0	8564699136	257163264	1289136	730829	34010873856	17444794368	74278885098	17445057246
2025-05-20 04:35:22	7	59	8	4	1	0	8564682752	257163264	1289204	730834	34019262464	17444794368	74287275642	17445057358
2025-05-20 04:35:23	7	59	8	4	1	0	8564682752	257163264	1289239	730837	34023456768	17444794368	74291471875	17445057430
2025-05-20 04:35:24	7	59	8	4	1	0	8564682752	257163264	1289267	730841	34023456768	17444794368	74294619540	17445057510
2025-05-20 04:35:26	7	59	8	4	1	0	8564682752	257163264	1289331	730846	34036039680	17444794368	74303499791	17445057622
2025-05-20 04:35:27	7	59	8	4	1	0	8564629504	257163264	1289343	730852	34052816896	17444794368	74317501735	17445057742
2025-05-20 04:35:28	7	59	8	4	1	0	8564629504	257163264	1289364	730857	34086371328	17444794368	74351503671	17445057854
2025-05-20 04:35:30	7	59	8	4	1	0	8503906304	317997056	1289399	730860	34145091584	17444798464	74411507521	17445057926
2025-05-20 04:35:31	7	59	8	4	1	0	8567869440	317997056	1289444	730862	34182840320	17444798464	74451020611	17445057990
2025-05-20 04:35:32	7	59	8	4	1	0	8513236992	317997056	1289503	730866	34191228928	17444798464	74458362572	17445058094
2025-05-20 04:35:33	7	59	8	4	1	0	8514760704	317997056	1289516	730871	34191228928	17444798464	74459413205	17445058406
2025-05-20 04:35:34	7	59	8	4	1	0	8514867200	317997056	1289599	730874	34203811840	17444798464	74469900894	17445058478
2025-05-20 04:35:35	7	59	8	4	1	0	8514789376	317997056	1289691	730878	34212200448	17444798464	74481437167	17445058558
2025-05-20 04:35:36	7	59	8	4	1	0	8453935104	378920960	1290979	730882	34237366272	17444798464	74504191231	17445058638
2025-05-20 04:35:37	7	59	8	4	1	0	8453943296	378920960	1292247	730888	34296086528	17444798464	74565723270	17445058758
2025-05-20 04:35:39	7	59	8	4	1	0	8454967296	378920960	1292282	730891	34359001088	17444798464	74625727120	17445058830
2025-05-20 04:35:40	7	59	8	4	1	0	8394866688	437997568	1292328	730895	34409332736	17444798464	74678289399	17445058910
2025-05-20 04:35:41	7	59	8	4	1	0	8394874880	437997568	1292402	730897	34417721344	17444798464	74687728503	17445058974
2025-05-20 04:35:42	7	59	8	4	1	0	8394805248	437997568	1292494	730902	34430304256	17444798464	74699264776	17445059086
2025-05-20 04:35:43	7	59	8	4	1	0	8394874880	437997568	1292578	730906	34438692864	17444798464	74709752473	17445059166
2025-05-20 04:35:44	7	59	8	4	1	0	8394797056	437997568	1292622	730910	34446692352	17444802560	74714997290	17445059246
2025-05-20 04:35:45	7	59	8	4	1	0	8394788864	437997568	1292818	730912	34446692352	17444802560	74720526491	17445059310
2025-05-20 04:35:46	7	59	8	4	1	0	8394772480	437997568	1292835	730917	34467663872	17444802560	74742530349	17445059422
2025-05-20 04:35:48	7	59	8	4	1	0	8394772480	437997568	1292848	730923	34484441088	17444802560	74758532294	17445059542
2025-05-20 04:35:49	7	59	8	4	1	0	8394772480	437997568	1292857	730927	34497024000	17444802560	74770534223	17445059646
2025-05-20 04:35:51	7	59	8	4	1	0	8322654208	510218240	1292873	730930	34517995520	17444802560	74792538071	17445059718
2025-05-20 04:35:52	7	59	8	4	1	0	8324530176	510218240	1292905	730935	34576687104	17444802560	74848540008	17445059830
2025-05-20 04:35:53	7	59	8	4	1	0	8322592768	510218240	1292928	730939	34601852928	17444802560	74869637569	17445059910
2025-05-20 04:35:54	7	59	8	4	1	0	8322646016	510218240	1293019	730942	34614435840	17444802560	74881173834	17445059982
2025-05-20 04:35:55	7	59	8	4	1	0	8322600960	510218240	1293110	730945	34622824448	17444802560	74892710099	17445060054
2025-05-20 04:35:56	7	59	8	4	1	0	8322633728	510218240	1293200	730948	34635407360	17444802560	74904246356	17445060150
2025-05-20 04:35:58	7	59	8	4	1	0	8322580480	510218240	1294397	730950	34694127616	17444802560	74959516804	17445060214
2025-05-20 04:35:59	7	59	8	4	1	0	8322658304	510218240	1295524	730953	34715099136	17444802560	74984993740	17445060286
2025-05-20 04:36:00	7	59	8	4	1	0	8331681792	510218240	1295556	730956	34773819392	17444802560	75042995669	17445060358
2025-05-20 04:36:01	7	59	8	4	1	0	8329789440	510218240	1295589	730961	34828345344	17444802560	75100997606	17445060470
2025-05-20 04:36:02	7	59	8	4	1	0	8329789440	510218240	1295627	730965	34870288384	17444802560	75138944675	17445060550
2025-05-20 04:36:03	7	59	8	4	1	0	8329752576	510218240	1295648	730970	34870288384	17444806656	75141043884	17445060862
2025-05-20 04:36:05	7	59	8	4	1	0	8329752576	510218240	1295671	730976	34874482688	17444806656	75143144902	17445060982
2025-05-20 04:36:06	7	59	8	4	1	0	8329752576	510218240	1295707	730981	34878676992	17444806656	75147341143	17445061094
2025-05-20 04:36:07	7	59	8	4	1	0	8265302016	574668800	1295766	730984	34882871296	17444806656	75154683103	17445061166
2025-05-20 04:36:08	7	59	8	4	1	0	8265297920	574668800	1295857	730988	34899648512	17444806656	75166219367	17445061270
2025-05-20 04:36:09	7	59	8	4	1	0	8265306112	574668800	1295949	730992	34908037120	17444806656	75177755640	17445061350
2025-05-20 04:36:11	7	59	8	4	1	0	8265359360	574668800	1297127	730995	34962563072	17444806656	75231613589	17445061422
2025-05-20 04:36:12	7	59	8	4	1	0	8225828864	614199296	1297163	730998	35028996096	17444806656	75297615518	17445061494
2025-05-20 04:36:13	7	59	8	4	1	0	8314839040	614199296	1297210	731001	35070939136	17444806656	75339573103	17445061566
2025-05-20 04:36:14	7	59	8	4	1	0	8544964608	614199296	1297230	731006	35070939136	17444806656	75341672192	17445061678
2025-05-20 04:36:15	7	59	8	4	1	0	8546578432	614199296	1297274	731010	35075133440	17444810752	75346917008	17445061758
2025-05-20 04:36:16	7	59	8	4	1	0	8546656256	614199296	1297358	731014	35087716352	17444810752	75357404704	17445061838
2025-05-20 04:36:17	7	59	8	4	1	0	8546603008	614199296	1297449	731017	35100299264	17444810752	75368940969	17445061910
2025-05-20 04:36:18	7	59	8	4	1	0	8546656256	614199296	1298564	731021	35129659392	17444810752	75400952035	17445062014
2025-05-20 04:36:20	7	59	8	4	1	0	8546656256	614199296	1298600	731024	35196768256	17444810752	75466953962	17445062086
2025-05-20 04:36:21	7	59	8	4	1	0	8546660352	614199296	1298632	731027	35251294208	17444810752	75520957811	17445062158
2025-05-20 04:36:22	7	59	8	4	1	0	8546656256	614199296	1298674	731031	35268071424	17444810752	75535847628	17445062238
2025-05-20 04:36:23	7	59	8	4	1	0	8546656256	614199296	1298694	731036	35268071424	17444810752	75537946717	17445062350
2025-05-20 04:36:24	7	59	8	4	1	0	8546656256	614199296	1298725	731042	35272265728	17444810752	75541096311	17445062470
2025-05-20 04:36:26	7	59	8	4	1	0	8546656256	614199296	1298736	731046	35272265728	17444810752	75542146816	17445062574
2025-05-20 04:36:28	7	59	8	4	1	0	8546656256	614199296	1298767	731052	35276460032	17444810752	75545296409	17445062694
2025-05-20 04:36:29	7	59	8	4	1	0	8546582528	614199296	1298843	731056	35289042944	17444810752	75554735528	17445062774
2025-05-20 04:36:30	7	59	8	4	1	0	8546328576	614199296	1298919	731061	35297431552	17444810752	75564174648	17445062886
2025-05-20 04:36:31	7	59	8	4	1	0	8522981376	625561600	1300020	731064	35318403072	17444810752	75586362600	17445062958
2025-05-20 04:36:32	7	59	8	4	1	0	8523096064	625561600	1300186	731067	35389706240	17444810752	75657224283	17445063030
2025-05-20 04:36:33	7	59	8	4	1	0	8523128832	625561600	1300222	731072	35448426496	17444810752	75719226340	17445063342
2025-05-20 04:36:34	7	59	8	4	1	0	8522993664	625561600	1300287	731075	35469398016	17444814848	75737413652	17445063414
2025-05-20 04:36:35	7	59	8	4	1	0	8523059200	625561600	1300363	731080	35477786624	17444814848	75746852773	17445063526
2025-05-20 04:36:37	7	59	8	4	1	0	8523018240	625561600	1300446	731083	35490369536	17444814848	75757340462	17445063598
2025-05-20 04:36:38	7	59	8	4	1	0	8523005952	625561600	1300665	731086	35498758144	17444814848	75769073402	17445063670
2025-05-20 04:36:39	7	59	8	4	1	0	8522952704	625561600	1300937	731089	35568349184	17444814848	75837247293	17445063742
2025-05-20 04:36:40	7	59	8	4	1	0	8523059200	625561600	1300973	731093	35635458048	17444814848	75903249222	17445063846
2025-05-20 04:36:41	7	59	8	4	1	0	8514142208	634478592	1301024	731096	35685789696	17444814848	75953645719	17445063918
2025-05-20 04:36:42	7	59	8	4	1	0	8514146304	634478592	1301099	731099	35694178304	17444814848	75963084832	17445063990
2025-05-20 04:36:43	7	59	8	4	1	0	8514105344	634478592	1301175	731103	35702566912	17444814848	75972523953	17445064070
2025-05-20 04:36:44	7	59	8	4	1	0	8514105344	634478592	1301227	731108	35706761216	17444814848	75978817346	17445064182
2025-05-20 04:36:45	7	59	8	4	1	0	8514138112	634478592	1301271	731112	35710955520	17444814848	75984062163	17445064262
2025-05-20 04:36:47	7	59	8	4	1	0	8514138112	634478592	1301294	731118	35719344128	17444814848	75986163181	17445064382
2025-05-20 04:36:48	7	59	8	4	1	0	8514138112	634478592	1301315	731124	35719344128	17444814848	75988262278	17445064502
2025-05-20 04:36:50	7	59	8	4	1	0	8514080768	634478592	1301337	731129	35723538432	17444818944	75990363288	17445064614
2025-05-20 04:36:51	7	59	8	4	1	0	8514080768	634478592	1301373	731133	35727732736	17444818944	75994559528	17445064694
2025-05-20 04:36:52	7	59	8	4	1	0	8514146304	634478592	1302536	731138	35782258688	17444818944	76049788681	17445064806
2025-05-20 04:36:53	7	59	8	4	1	0	8514146304	634478592	1302600	731142	35807424512	17444818944	76079324407	17445064886
2025-05-20 04:36:55	7	59	8	4	1	0	8514121728	634478592	1303219	731145	35832590336	17444818944	76102988557	17445064958
2025-05-20 04:36:56	7	59	8	4	1	0	8514146304	634478592	1303261	731149	35903893504	17444818944	76174992415	17445065038
2025-05-20 04:36:57	7	59	8	4	1	0	8514146304	634478592	1303295	731151	35971002368	17444818944	76238994336	17445065102
2025-05-20 04:36:58	7	59	8	4	1	0	8648740864	634478592	1303362	731156	35991973888	17444818944	76259403178	17445065214
2025-05-20 04:36:59	7	59	8	4	1	0	8734601216	634478592	1303365	731159	35991973888	17444818944	76259405107	17445065286
2025-05-20 04:37:00	7	59	8	4	1	0	8735412224	634478592	1303424	731162	36000362496	17444818944	76266747068	17445065358
2025-05-20 04:37:01	7	59	8	4	1	0	8735404032	634478592	1303516	731167	36008751104	17444818944	76278283341	17445065470
2025-05-20 04:37:03	7	59	8	4	1	0	8735391744	634478592	1303615	731170	36025528320	17444818944	76290868181	17445065542
2025-05-20 04:37:04	7	59	8	4	1	0	8735453184	634478592	1304804	731175	36071665664	17444823040	76339041183	17445065854
2025-05-20 04:37:05	7	59	8	4	1	0	8735453184	634478592	1304852	731178	36126191616	17444823040	76395048284	17445065926
2025-05-20 04:37:06	7	59	8	4	1	0	8735399936	634478592	1304928	731183	36134580224	17444823040	76404487405	17445066038
2025-05-20 04:37:07	7	59	8	4	1	0	8735453184	634478592	1305749	731187	36151357440	17444823040	76422772481	17445066118
2025-05-20 04:37:08	7	59	8	4	1	0	8735453184	634478592	1306001	731190	36218466304	17444823040	76490790262	17445066190
2025-05-20 04:37:09	7	59	8	4	1	0	8735322112	634478592	1306024	731193	36260409344	17444823040	76530792191	17445066262
2025-05-20 04:37:10	7	59	8	4	1	0	8735322112	634478592	1306042	731199	36285575168	17444823040	76556794135	17445066382
2025-05-20 04:37:12	7	59	8	4	1	0	8735322112	634478592	1306051	731203	36293963776	17444823040	76564797984	17445066486
2025-05-20 04:37:13	7	59	8	4	1	0	8735322112	634478592	1306068	731208	36306157568	17444823040	76575558015	17445066598
2025-05-20 04:37:15	7	59	8	4	1	0	8735322112	634478592	1306083	731214	36310351872	17444823040	76576610457	17445066718
2025-05-20 04:37:17	7	59	8	4	1	0	8735322112	634478592	1306091	731222	36310351872	17444823040	76576614331	17445066878
2025-05-20 04:37:18	7	59	8	4	1	0	8735322112	634478592	1306134	731225	36314546176	17444823040	76581859140	17445066950
2025-05-20 04:37:19	7	59	8	4	1	0	8735268864	634478592	1306201	731228	36327129088	17444823040	76590249677	17445067022
2025-05-20 04:37:20	7	59	8	4	1	0	8735322112	634478592	1306293	731232	36339712000	17444823040	76601785950	17445067102
2025-05-20 04:37:21	7	59	8	4	1	0	8735264768	634478592	1306699	731237	36348100608	17444823040	76615929351	17445067214
2025-05-20 04:37:23	7	59	8	4	1	0	8735322112	634478592	1307538	731240	36423598080	17444823040	76688794137	17445067286
2025-05-20 04:37:24	7	59	8	4	1	0	8735322112	634478592	1307571	731243	36482318336	17444823040	76748796066	17445067358
2025-05-20 04:37:25	7	59	8	4	1	0	8735248384	634478592	1307652	731247	36519677952	17444823040	76778651342	17445067438
2025-05-20 04:37:26	7	59	8	4	1	0	8735322112	634478592	1307744	731252	36528066560	17444827136	76790187615	17445067550
2025-05-20 04:37:27	7	59	8	4	1	0	8735281152	634478592	1307836	731256	36540649472	17444827136	76801723888	17445067630
2025-05-20 04:37:28	7	59	8	4	1	0	8735268864	634478592	1309138	731260	36570009600	17444827136	76832352072	17445067710
2025-05-20 04:37:29	7	59	8	4	1	0	8717291520	652509184	1309175	731262	36637118464	17444827136	76902353994	17445067774
2025-05-20 04:37:30	7	59	8	4	1	0	8717291520	652509184	1309243	731267	36662284288	17444827136	76924053318	17445067886
2025-05-20 04:37:31	7	59	8	4	1	0	8717287424	652509184	1309303	731271	36670672896	17444827136	76931395287	17445067966
2025-05-20 04:37:33	7	59	8	4	1	0	8717225984	652509184	1309346	731274	36674867200	17444827136	76936640097	17445068038
2025-05-20 04:37:34	7	59	8	4	1	0	8717225984	652509184	1309378	731281	36679061504	17444827136	76939789813	17445068390
2025-05-20 04:37:35	7	59	8	4	1	0	8717225984	652509184	1309397	731285	36679061504	17444827136	76941888895	17445068494
2025-05-20 04:37:37	7	59	8	4	1	0	8717225984	652509184	1309419	731290	36679061504	17444827136	76943989906	17445068606
2025-05-20 04:37:38	7	59	8	4	1	0	8717279232	652509184	1309463	731295	36687466496	17444831232	76949234723	17445068718
2025-05-20 04:37:39	7	59	8	4	1	0	8717209600	652509184	1310326	731298	36704243712	17444831232	76968003757	17445068790
2025-05-20 04:37:41	7	59	8	4	1	0	8717291520	652509184	1310721	731302	36775542784	17444831232	77040457086	17445068870
2025-05-20 04:37:42	7	59	8	4	1	0	8717291520	652509184	1310780	731305	36809113600	17444831232	77076733799	17445068942
2025-05-20 04:37:43	7	59	8	4	1	0	8717238272	652509184	1310872	731309	36821696512	17444831232	77088270073	17445069022
2025-05-20 04:37:44	7	59	8	4	1	0	8717217792	652509184	1310964	731312	36834295808	17444831232	77099808253	17445069118
2025-05-20 04:37:45	7	59	8	4	1	0	8717205504	652509184	1311064	731316	36846895104	17444831232	77112393103	17445069198
2025-05-20 04:37:46	7	59	8	4	1	0	8717291520	652509184	1312024	731319	36905611264	17444831232	77169804973	17445069270
2025-05-20 04:37:47	7	59	8	4	1	0	8764538880	652509184	1312070	731321	36964331520	17444831232	77226569733	17445069334
2025-05-20 04:37:48	7	59	8	4	1	0	9014472704	652509184	1312088	731324	36964331520	17444831232	77228668807	17445069430
2025-05-20 04:37:50	7	59	8	4	1	0	9014714368	652509184	1312148	731328	36972720128	17444831232	77236010776	17445069510
2025-05-20 04:37:51	7	59	8	4	1	0	9014771712	652509184	1312247	731331	36985303040	17444831232	77248595617	17445069582
2025-05-20 04:37:52	7	59	8	4	1	0	9014702080	652509184	1312338	731334	36997885952	17444831232	77260131883	17445069654
2025-05-20 04:37:53	7	59	8	4	1	0	9014730752	652509184	1312420	731339	37023051776	17444831232	77287975761	17445069766
2025-05-20 04:37:54	7	59	8	4	1	0	8974893056	692314112	1312442	731343	37060743168	17444831232	77323977699	17445069846
2025-05-20 04:37:55	7	59	8	4	1	0	8974893056	692314112	1312458	731350	37077454848	17444831232	77343798910	17445069974
2025-05-20 04:37:57	7	59	8	4	1	0	8974995456	692314112	1312473	731356	37077454848	17444831232	77344851353	17445070094
2025-05-20 04:37:58	7	59	8	4	1	0	8974995456	692314112	1312494	731362	37081665536	17444831232	77346950451	17445070214
2025-05-20 04:38:00	7	59	8	4	1	0	8975052800	692314112	1312547	731366	37085859840	17444831232	77353245758	17445070318
2025-05-20 04:38:01	7	59	8	4	1	0	8975056896	692314112	1312630	731369	37098442752	17444831232	77363733447	17445070390
2025-05-20 04:38:02	7	59	8	4	1	0	8974991360	692314112	1312729	731372	37106831360	17444831232	77376318289	17445070462
2025-05-20 04:38:03	7	59	8	4	1	0	8974954496	692314112	1313096	731377	37160820736	17444835328	77413816122	17445070774
2025-05-20 04:38:04	7	59	8	4	1	0	8975020032	692314112	1313725	731381	37171306496	17444835328	77422519355	17445070854
2025-05-20 04:38:05	7	59	8	4	1	0	8974934016	692314112	1313854	731384	37175500800	17444839424	77425388163	17445070950
2025-05-20 04:38:07	7	59	8	4	1	0	8975024128	692314112	1316131	731386	37200666624	17444839424	77451152502	17445071014
2025-05-20 04:38:08	7	59	8	4	1	0	9034244096	692314112	1317684	731389	37217443840	17444839424	77468860994	17445071086
2025-05-20 04:38:09	7	59	8	4	1	0	9034244096	692314112	1317703	731392	37217443840	17444839424	77470960076	17445071158
2025-05-20 04:38:10	7	59	8	4	1	0	9034244096	692314112	1317739	731395	37221638144	17444839424	77475158224	17445071254
2025-05-20 04:38:11	7	59	8	4	1	0	9034244096	692314112	1317765	731397	37225832448	17444839424	77478305873	17445071318
2025-05-20 04:38:12	7	59	8	4	1	0	9034244096	692314112	1317783	731400	37225832448	17444839424	77480404946	17445071414
2025-05-20 04:38:14	7	59	8	4	1	0	9034244096	692314112	1317796	731404	37230026752	17444839424	77481457374	17445071518
2025-05-20 04:38:15	7	59	8	4	1	0	9034244096	692314112	1317799	731408	37230026752	17444839424	77481459303	17445071622
2025-05-20 04:38:16	7	59	8	4	1	0	8998547456	692314112	1317825	731410	37230026752	17444839424	77484606952	17445071686
2025-05-20 04:38:18	7	59	8	4	1	0	8989618176	692314112	1317844	731413	37234221056	17444839424	77486706034	17445071758
2025-05-20 04:38:19	7	59	8	4	1	0	8989691904	692314112	1318928	731415	37245145088	17444839424	77498547587	17445071822
2025-05-20 04:38:20	7	59	8	4	1	0	8989704192	692314112	1319395	731418	37245145088	17444839424	77503528215	17445071894
2025-05-20 04:38:21	7	59	8	4	1	0	8989704192	692314112	1319413	731421	37249339392	17444839424	77505627289	17445071990
2025-05-20 04:38:22	7	59	8	4	1	0	8989704192	692314112	1319417	731423	37249339392	17444839424	77505631131	17445072054
2025-05-20 04:38:23	7	59	8	4	1	0	8989704192	692314112	1319427	731425	37249339392	17444839424	77506681629	17445072118
2025-05-20 04:38:24	7	59	8	4	1	0	8989622272	692314112	1319437	731427	37249339392	17444839424	77507732127	17445072182
2025-05-20 04:38:25	7	59	8	4	1	0	8986992640	692314112	1319455	731430	37253533696	17444839424	77509831201	17445072278
2025-05-20 04:38:26	7	59	8	4	1	0	8986992640	692314112	1319457	731432	37253533696	17444839424	77509833123	17445072342
2025-05-20 04:38:28	7	59	8	4	1	0	8986968064	692314112	1319469	731434	37253537792	17444839424	77510885661	17445072406
2025-05-20 04:38:29	7	59	8	4	1	0	8971239424	692314112	1319474	731438	37253537792	17444839424	77510889511	17445072510
2025-05-20 04:38:30	7	59	8	4	1	0	8971239424	692314112	1319476	731441	37253537792	17444839424	77510891433	17445072606
2025-05-20 04:38:31	7	59	8	4	1	0	8971268096	692314112	1319479	731444	37253537792	17444839424	77510893363	17445072678
2025-05-20 04:38:33	7	59	8	4	1	0	8970715136	692314112	1319490	731447	37253537792	17444839424	77511943869	17445072750
2025-05-20 04:38:34	7	59	8	4	1	0	8970768384	692314112	1319502	731451	37253537792	17444839424	77512994495	17445073054
2025-05-20 04:38:35	7	59	8	4	1	0	8970768384	692314112	1319514	731456	37254877184	17444839424	77514045009	17445073166
2025-05-20 04:38:36	7	59	8	4	1	0	8970792960	692314112	1319520	731460	37254877184	17444843520	77514048869	17445073246
2025-05-20 04:38:37	7	59	8	4	1	0	8970813440	692314112	1319564	731464	37254877184	17444843520	77519293686	17445073326
2025-05-20 04:38:38	6	38	8	4	1	0	976285696	692314112	1152457	731420	12354863104	17444802560	51918885809	17445059090
2025-05-20 04:38:39	6	47	8	4	1	0	1087107072	691818496	1155824	728269	12400910336	17444671488	51925108102	17445003148
2025-05-20 04:38:40	7	58	8	4	1	0	1455312896	691818496	1175302	728300	12412841984	17444696064	51945097568	17445006360
2025-05-20 04:38:41	7	59	8	4	1	0	1676677120	691818496	1178348	728325	12465598464	17444696064	51972594131	17445008390
2025-05-20 04:38:42	7	59	8	4	1	0	2115387392	691818496	1178857	728330	12465651712	17444696064	51975824369	17445008608
2025-05-20 04:38:44	7	59	8	4	1	0	2117996544	691818496	1178861	728346	12465651712	17446117376	51975826272	17446427892
2025-05-20 04:38:45	7	59	8	4	1	0	2189500416	691818496	1178863	728375	12465651712	17449308160	51975828165	17449618191
2025-05-20 04:38:46	7	59	8	4	1	0	2315276288	691818496	1178866	728416	12465651712	17453694976	51975830066	17454004526
2025-05-20 04:38:47	7	59	8	4	1	0	2444705792	691818496	1178907	728458	12465651712	17458286592	51975956869	17458596414
2025-05-20 04:38:48	7	59	8	4	1	0	2519724032	691818496	1178910	728501	12465651712	17463021568	51975958771	17463330390
2025-05-20 04:38:49	7	59	8	4	1	0	2643464192	691818496	1178912	728534	12465651712	17466683392	51975960664	17466996027
2025-05-20 04:38:50	7	59	8	4	1	0	2643484672	691818496	1178916	728562	12465651712	17469517824	51975962573	17469829260
2025-05-20 04:38:51	7	59	8	4	1	0	2723155968	691818496	1178919	728579	12465651712	17471164416	51975964474	17471477048
2025-05-20 04:38:52	7	59	8	4	1	0	2723201024	691818496	1178922	728593	12465651712	17472339968	51975966375	17472651713
2025-05-20 04:38:54	7	59	8	4	1	0	2802708480	691818496	1178926	728605	12465651712	17473286144	51975968285	17473598361
2025-05-20 04:38:55	7	59	8	4	1	0	2802728960	691818496	1180046	728623	12482428928	17475059712	51989212700	17475369423
2025-05-20 04:38:56	7	59	8	4	1	0	3026071552	691818496	1180050	728661	12482428928	17479065600	51989214613	17479378033
2025-05-20 04:38:57	7	59	8	4	1	0	3163992064	691818496	1180054	728701	12482428928	17483288576	51989216527	17483599893
2025-05-20 04:38:58	7	59	8	4	1	0	3164241920	691818496	1180057	728743	12482428928	17487867904	51989218433	17488180712
2025-05-20 04:38:59	7	59	8	4	1	0	3297353728	691818496	1180060	728784	12482428928	17492316160	51989220339	17492629475
2025-05-20 04:39:00	7	59	8	4	1	0	3304288256	691818496	1180063	728824	12482428928	17496645632	51989222245	17496957130
2025-05-20 04:39:01	7	59	8	4	1	0	3441963008	691818496	1180067	728867	12482428928	17501061120	51989224159	17501373403
2025-05-20 04:39:02	7	59	8	4	1	0	3451478016	691818496	1181093	728902	12495011840	17504681984	52001506367	17504994852
2025-05-20 04:39:03	7	59	8	4	1	0	3756498944	691818496	1181209	728937	12495011840	17508286464	52002839118	17508597659
2025-05-20 04:39:05	7	59	8	4	1	0	3777413120	691818496	1181213	728965	12495011840	17511088128	52002841032	17511400642
2025-05-20 04:39:06	7	59	8	4	1	0	3777425408	691818496	1181217	728987	12495011840	17513189376	52002842946	17513500329
2025-05-20 04:39:07	7	59	8	4	1	0	3929681920	691818496	1181223	729001	12495011840	17514246144	52002846758	17514557446
2025-05-20 04:39:08	7	59	8	4	1	0	3929698304	691818496	1181227	729012	12495011840	17515057152	52002848672	17515371280
2025-05-20 04:39:09	7	59	8	4	1	0	3929739264	691818496	1181230	729022	12495011840	17515765760	52002850577	17516078739
2025-05-20 04:39:11	7	59	8	4	1	0	3929907200	691818496	1181243	729037	12495011840	17516589056	52002856777	17516900591
2025-05-20 04:39:12	7	59	8	4	1	0	3940941824	691818496	1181246	729057	12495011840	17518587904	52002858683	17518897888
2025-05-20 04:39:13	7	59	8	4	1	0	3940970496	691818496	1181249	729093	12495011840	17522319360	52002860589	17522626129
2025-05-20 04:39:14	7	59	8	4	1	0	4088406016	691818496	1181252	729131	12495011840	17526390784	52002862500	17526694138
2025-05-20 04:39:16	7	59	8	4	1	0	4100116480	691818496	1181256	729172	12495011840	17530707968	52002864420	17531013264
2025-05-20 04:39:17	7	59	8	4	1	0	4235476992	691818496	1181881	729207	12503400448	17534455808	52010238411	17534759622
2025-05-20 04:39:18	7	59	8	4	1	0	4244201472	691818496	1182376	729243	12507594752	17538318336	52016145815	17538622718
2025-05-20 04:39:19	7	59	8	4	1	0	4328226816	691818496	1182379	729283	12507594752	17542569984	52016147728	17542874596
2025-05-20 04:39:20	7	59	8	4	1	0	4340834304	691818496	1182384	729327	12507594752	17547026432	52016149657	17547330233
2025-05-20 04:39:21	7	59	8	4	1	0	4354076672	691818496	1182390	729369	12507594752	17551507456	52016153483	17551813801
2025-05-20 04:39:22	7	59	8	4	1	0	4367343616	691818496	1182393	729410	12507594752	17555963904	52016155396	17556269879
2025-05-20 04:39:23	7	59	8	4	1	0	4381356032	691818496	1182395	729450	12507594752	17560420352	52016157301	17560725307
2025-05-20 04:39:24	7	59	8	4	1	0	4381368320	691818496	1182397	729487	12507594752	17564495872	52016159206	17564800911
2025-05-20 04:39:25	7	59	8	4	1	0	4395347968	691818496	1183473	729504	12520177664	17566134272	52029066144	17566437897
2025-05-20 04:39:26	7	59	8	4	1	0	4395352064	691818496	1183475	729522	12520177664	17568002048	52029068049	17568307845
2025-05-20 04:39:28	7	59	8	4	1	0	4410462208	691818496	1183479	729534	12520177664	17568940032	52029069970	17569247450
2025-05-20 04:39:29	7	59	8	4	1	0	4410880000	691818496	1183484	729545	12520177664	17569767424	52029073788	17570071727
2025-05-20 04:39:30	7	59	8	4	1	0	4410884096	691818496	1183489	729557	12520177664	17570471936	52029075717	17570776146
2025-05-20 04:39:32	7	59	8	4	1	0	4410888192	691818496	1183494	729572	12520177664	17571524608	52029077646	17571831095
2025-05-20 04:39:33	7	59	8	4	1	0	4422041600	691818496	1183500	729597	12520177664	17573978112	52029081472	17574283794
2025-05-20 04:39:34	7	59	8	4	1	0	4437495808	691818496	1183503	729635	12520177664	17578041344	52029083385	17578348807
2025-05-20 04:39:35	7	59	8	4	1	0	4452929536	691818496	1183506	729675	12520177664	17582333952	52029085298	17582640153
2025-05-20 04:39:36	7	59	8	4	1	0	4468887552	691818496	1183510	729719	12520177664	17586888704	52029087219	17587194888
2025-05-20 04:39:37	7	59	8	4	1	0	4468891648	691818496	1183513	729763	12520177664	17591713792	52029089132	17592021823
2025-05-20 04:39:38	7	59	8	4	1	0	4479614976	691818496	1184633	729795	12532760576	17595006976	52042592433	17595313339
2025-05-20 04:39:40	7	59	8	4	1	0	4479762432	691818496	1184636	729836	12532760576	17599451136	52042594345	17599756701
2025-05-20 04:39:41	7	59	8	4	1	0	4479950848	691818496	1184642	729881	12532760576	17604018176	52042596394	17604321316
2025-05-20 04:39:42	7	59	8	4	1	0	4487057408	691818496	1184647	729917	12532760576	17607884800	52042598522	17608187127
2025-05-20 04:39:43	7	59	8	4	1	0	4487065600	691818496	1184651	729948	12532760576	17610948608	52042600443	17611250468
2025-05-20 04:39:44	7	59	8	4	1	0	4497657856	691818496	1184655	729967	12532760576	17612709888	52042602364	17613012202
2025-05-20 04:39:45	7	59	8	4	1	0	4497657856	691818496	1184661	729981	12532760576	17613893632	52042606190	17614188099
2025-05-20 04:39:46	7	59	8	4	1	0	4497674240	691818496	1184666	729995	12532760576	17614835712	52042608121	17615125895
2025-05-20 04:39:48	7	59	8	4	1	0	4497678336	691818496	1184671	730009	12532760576	17615765504	52042610053	17616058516
2025-05-20 04:39:49	7	59	8	4	1	0	4497678336	691818496	1184677	730021	12532760576	17616703488	52042613887	17616994943
2025-05-20 04:39:50	7	59	8	4	1	0	4497793024	691818496	1184681	730043	12532760576	17618821120	52042615812	17619112082
2025-05-20 04:39:51	7	59	8	4	1	0	4498038784	691818496	1184684	730082	12532760576	17622941696	52042617729	17623231928
2025-05-20 04:39:52	7	59	8	4	1	0	4498063360	691818496	1185810	730123	12549537792	17627234304	52055953705	17627523376
2025-05-20 04:39:54	7	59	8	4	1	0	4498178048	691818496	1185812	730163	12549537792	17631690752	52055955615	17631979122
2025-05-20 04:39:55	7	59	8	4	1	0	4498345984	691818496	1185815	730204	12549537792	17636147200	52055957533	17636435315
2025-05-20 04:39:56	7	59	8	4	1	0	4534968320	691818496	1185818	730245	12549537792	17640591360	52055959451	17640880148
2025-05-20 04:39:57	7	59	8	4	1	0	4534968320	691818496	1185821	730291	12549537792	17645535232	52055961369	17645823734
2025-05-20 04:39:58	7	59	8	4	1	0	4535128064	691818496	1185824	730332	12549537792	17650032640	52055963287	17650321894
2025-05-20 04:39:59	7	59	8	4	1	0	4593356800	691818496	1186655	730364	12557926400	17653415936	52065833377	17653703803
2025-05-20 04:40:00	7	59	8	4	1	0	4593356800	691818496	1186962	730394	12562120704	17656573952	52069482529	17656864982
2025-05-20 04:40:01	7	59	8	4	1	0	4593491968	691818496	1186965	730415	12562120704	17658691584	52069484447	17658982048
2025-05-20 04:40:02	7	59	8	4	1	0	4593491968	691818496	1186969	730433	12562120704	17660215296	52069486373	17660503936
2025-05-20 04:40:04	7	59	8	4	1	0	4593491968	691818496	1186973	730447	12562120704	17661390848	52069488299	17661681242
2025-05-20 04:40:05	7	59	8	4	1	0	4593491968	691818496	1186977	730460	12562120704	17662332928	52069490225	17662623329
2025-05-20 04:40:06	7	59	8	4	1	0	4593491968	691818496	1186981	730474	12562120704	17663733760	52069494045	17664024365
2025-05-20 04:40:07	7	59	8	4	1	0	4593586176	691818496	1186985	730503	12562120704	17666641920	52069495971	17666933616
2025-05-20 04:40:08	7	59	8	4	1	0	4593750016	691818496	1186987	730543	12562120704	17670963200	52069497881	17671253120
2025-05-20 04:40:09	7	59	8	4	1	0	4593750016	691818496	1186990	730587	12562120704	17675763712	52069499799	17676051637
2025-05-20 04:40:11	7	59	8	4	1	0	4605087744	691818496	1186993	730629	12562120704	17680224256	52069501717	17680512689
2025-05-20 04:40:12	7	59	8	4	1	0	4605251584	691818496	1188117	730663	12574703616	17683628032	52082835161	17683919857
2025-05-20 04:40:13	7	59	8	4	1	0	4605374464	691818496	1188120	730704	12574703616	17688064000	52082837080	17688353323
2025-05-20 04:40:14	7	59	8	4	1	0	4605390848	691818496	1188124	730750	12574703616	17692852224	52082839007	17693140680
2025-05-20 04:40:15	7	59	8	4	1	0	4605526016	691818496	1188127	730786	12574703616	17696718848	52082840926	17697010683
2025-05-20 04:40:16	7	59	8	4	1	0	4605530112	691818496	1188131	730817	12574703616	17699889152	52082842853	17700176691
2025-05-20 04:40:17	7	59	8	4	1	0	4610060288	691818496	1188136	730836	12574703616	17701769216	52082846680	17702053820
2025-05-20 04:40:18	7	59	8	4	1	0	4610064384	691818496	1188141	730853	12574703616	17703067648	52082848613	17703348833
2025-05-20 04:40:20	7	59	8	4	1	0	4610064384	691818496	1188145	730865	12574703616	17703993344	52082850539	17704276111
2025-05-20 04:40:21	7	59	8	4	1	0	4610064384	691818496	1188149	730877	12574703616	17704808448	52082852464	17705092996
2025-05-20 04:40:22	7	59	8	4	1	0	4610064384	691818496	1188155	730897	12574703616	17706692608	52082856299	17706976145
2025-05-20 04:40:23	7	59	8	4	1	0	4610215936	691818496	1188158	730931	12574703616	17710329856	52082858218	17710610797
2025-05-20 04:40:24	7	59	8	4	1	0	4610400256	691818496	1189273	730964	12587286528	17713729536	52096003660	17714014330
2025-05-20 04:40:25	7	59	8	4	1	0	4610400256	691818496	1189276	731008	12587286528	17718550528	52096005579	17718832427
2025-05-20 04:40:26	7	59	8	4	1	0	4610895872	691818496	1189281	731051	12587286528	17723006976	52096007514	17723289217
2025-05-20 04:40:28	7	59	8	4	1	0	4611190784	691818496	1189283	731092	12587286528	17727598592	52096009425	17727883878
2025-05-20 04:40:29	7	59	8	4	1	0	4611203072	691818496	1189286	731136	12587286528	17732378624	52096011344	17732663813
2025-05-20 04:40:30	7	59	8	4	1	0	4611465216	691818496	1189289	731177	12587286528	17736798208	52096013262	17737081794
2025-05-20 04:40:31	7	59	8	4	1	0	4657451008	691818496	1189292	731211	12587286528	17740406784	52096015179	17740691877
2025-05-20 04:40:32	7	59	8	4	1	0	4657459200	691818496	1189408	731240	12587286528	17743212544	52097334367	17743495523
2025-05-20 04:40:33	7	59	8	4	1	0	4657467392	691818496	1190414	731251	12599869440	17744023552	52109300631	17744307364
2025-05-20 04:40:34	7	59	8	4	1	0	4657713152	691818496	1190420	731265	12599869440	17745068032	52109304469	17745351937
2025-05-20 04:40:36	7	59	8	4	1	0	4657713152	691818496	1190425	731276	12599869440	17745649664	52109306404	17745933020
2025-05-20 04:40:37	7	59	8	4	1	0	4657737728	691818496	1190432	731291	12599869440	17746698240	52109310250	17746984042
2025-05-20 04:40:39	7	59	8	4	1	0	4657737728	691818496	1190435	731322	12599869440	17749970944	52109312169	17750254173
2025-05-20 04:40:40	7	59	8	4	1	0	4657930240	691818496	1190439	731363	12599869440	17754271744	52109314096	17754554692
2025-05-20 04:40:41	7	60	8	4	1	0	4658872320	691818496	1190444	731406	12599869440	17758736384	52109316143	17759015180
2025-05-20 04:40:42	7	60	8	4	1	0	4658872320	691818496	1190447	731451	12599869440	17763647488	52109318062	17763929466
2025-05-20 04:40:43	7	60	8	4	1	0	4659032064	691818496	1190451	731494	12599869440	17768067072	52109319989	17768347850
2025-05-20 04:40:44	7	60	8	4	1	0	4659191808	691818496	1190454	731534	12599869440	17772367872	52109321908	17772650358
2025-05-20 04:40:45	7	60	8	4	1	0	4659191808	691818496	1190843	731575	12604063744	17776795648	52114035177	17777076164
2025-05-20 04:40:46	7	60	8	4	1	0	4659335168	691818496	1190846	731616	12604063744	17781235712	52114037096	17781514423
2025-05-20 04:40:47	7	60	8	4	1	0	4659462144	691818496	1190848	731652	12604063744	17785221120	52114039006	17785499385
2025-05-20 04:40:48	7	60	8	4	1	0	4659466240	691818496	1190852	731681	12604063744	17788383232	52114042826	17788660564
2025-05-20 04:40:49	7	60	8	4	1	0	4659474432	691818496	1190856	731705	12604063744	17790599168	52114044753	17790870860
2025-05-20 04:40:50	7	60	8	4	1	0	4659654656	691818496	1190860	731720	12604063744	17791881216	52114046680	17792148411
2025-05-20 04:40:52	7	60	8	4	1	0	4659658752	691818496	1190865	731735	12604063744	17792929792	52114048615	17793199235
2025-05-20 04:40:53	7	60	8	4	1	0	4659662848	691818496	1190869	731746	12604063744	17793748992	52114050542	17794019381
2025-05-20 04:40:54	7	60	8	4	1	0	4659662848	691818496	1190874	731765	12604063744	17795514368	52114054372	17795782873
2025-05-20 04:40:55	7	60	8	4	1	0	4659793920	691818496	1190877	731799	12604063744	17799151616	52114056291	17799419661
2025-05-20 04:40:56	7	60	8	4	1	0	4659994624	691818496	1191927	731832	12616646656	17802780672	52126588166	17803049606
2025-05-20 04:40:58	7	60	8	4	1	0	4660006912	691818496	1191995	731875	12620840960	17807605760	52127367328	17807874140
2025-05-20 04:40:59	7	60	8	4	1	0	4660142080	691818496	1191999	731919	12620840960	17812324352	52127369255	17812594999
2025-05-20 04:41:00	7	60	8	4	1	0	4660277248	691818496	1193116	731956	12633161728	17816281088	52140801955	17816548020
2025-05-20 04:41:01	7	60	8	4	1	0	4660285440	691818496	1193118	732000	12633161728	17821085696	52140803866	17821353793
2025-05-20 04:41:02	7	60	8	4	1	0	4660482048	691818496	1193121	732041	12633161728	17825579008	52140805785	17825846733
2025-05-20 04:41:03	7	60	8	4	1	0	4660666368	691818496	1193125	732076	12633161728	17829191680	52140807712	17829459326
2025-05-20 04:41:04	7	60	8	4	1	0	4660686848	691818496	1193128	732104	12633161728	17832108032	52140809631	17832374750
2025-05-20 04:41:05	7	60	8	4	1	0	4660703232	691818496	1193133	732123	12633161728	17833984000	52140813461	17834249180
2025-05-20 04:41:06	7	60	8	4	1	0	4660842496	691818496	1193138	732137	12633161728	17834917888	52140815396	17835183344
2025-05-20 04:41:08	7	60	8	4	1	0	4660862976	691818496	1193140	732146	12633161728	17835622400	52140817307	17835889087
2025-05-20 04:41:09	7	60	8	4	1	0	4660871168	691818496	1193146	732164	12633161728	17837248512	52140821145	17837514980
2025-05-20 04:41:10	7	60	8	4	1	0	4661063680	691818496	1193150	732201	12633161728	17841000448	52140823072	17841268203
2025-05-20 04:41:11	7	60	8	4	1	0	4661080064	691818496	1194270	732240	12645744640	17844846592	52153960979	17845115613
2025-05-20 04:41:13	7	60	8	4	1	0	4661231616	691818496	1194273	732281	12645744640	17849315328	52153962898	17849583903
2025-05-20 04:41:14	7	60	8	4	1	0	4661424128	691818496	1194276	732323	12645744640	17853919232	52153964817	17854185724
2025-05-20 04:41:15	7	60	8	4	1	0	4661440512	691818496	1194278	732366	12645744640	17858744320	52153966728	17859010862
2025-05-20 04:41:16	7	60	8	4	1	0	4661563392	691818496	1194281	732406	12645744640	17863081984	52153968647	17863349440
2025-05-20 04:41:17	7	60	8	4	1	0	4661727232	691818496	1194284	732445	12645744640	17867186176	52153970566	17867449575
2025-05-20 04:41:18	7	60	8	4	1	0	4661862400	691818496	1194287	732486	12645744640	17871642624	52153972484	17871906606
2025-05-20 04:41:19	7	60	8	4	1	0	4661874688	691818496	1195405	732510	12658327552	17873985536	52167330802	17874249488
2025-05-20 04:41:20	7	60	8	4	1	0	4661878784	691818496	1195409	732534	12658327552	17876316160	52167332728	17876574784
2025-05-20 04:41:21	7	60	8	4	1	0	4662022144	691818496	1195414	732549	12658327552	17877594112	52167336556	17877853998
2025-05-20 04:41:23	7	60	8	4	1	0	4662034432	691818496	1195417	732561	12658327552	17878638592	52167338473	17878899203
2025-05-20 04:41:24	7	60	8	4	1	0	4662059008	691818496	1195420	732572	12658327552	17879449600	52167340392	17879709233
2025-05-20 04:41:25	7	60	8	4	1	0	4662063104	691818496	1195425	732588	12658327552	17880842240	52167344222	17881101972
2025-05-20 04:41:26	7	60	8	4	1	0	4662149120	691818496	1195427	732617	12658327552	17883975680	52167346133	17884234025
2025-05-20 04:41:28	7	60	8	4	1	0	4662149120	691818496	1195430	732661	12658327552	17888731136	52167348052	17888991664
2025-05-20 04:41:29	7	60	8	4	1	0	4662370304	691818496	1195433	732703	12658327552	17893277696	52167349971	17893536334
2025-05-20 04:41:30	7	60	8	4	1	0	4662530048	691818496	1195436	732744	12658327552	17897709568	52167351890	17897969969
2025-05-20 04:41:31	7	60	8	4	1	0	4662534144	691818496	1195440	732789	12658327552	17902501888	52167353817	17902760892
2025-05-20 04:41:32	7	60	8	4	1	0	4662726656	691818496	1196558	732823	12670910464	17905885184	52180579404	17906145538
2025-05-20 04:41:33	7	60	8	4	1	0	4663205888	691818496	1196561	732864	12670910464	17910341632	52180581323	17910604207
2025-05-20 04:41:34	7	60	8	4	1	0	4663402496	691818496	1196564	732905	12670910464	17914826752	52180583242	17915087847
2025-05-20 04:41:35	7	60	8	4	1	0	4663418880	691818496	1196567	732948	12670910464	17919516672	52180585161	17919779236
2025-05-20 04:41:36	7	60	8	4	1	0	4663693312	691818496	1196570	732982	12670910464	17923153920	52180587080	17923414769
2025-05-20 04:41:37	7	60	8	4	1	0	4663697408	691818496	1196573	733010	12670910464	17926074368	52180588999	17926335423
2025-05-20 04:41:38	7	60	8	4	1	0	4663902208	691818496	1196578	733028	12670910464	17927704576	52180592829	17927967535
2025-05-20 04:41:40	7	60	8	4	1	0	4663914496	691818496	1196582	733042	12670910464	17928867840	52180594755	17929128084
2025-05-20 04:41:41	7	60	8	4	1	0	4663943168	691818496	1196587	733055	12670910464	17929687040	52180596801	17929946029
2025-05-20 04:41:42	7	60	8	4	1	0	4663943168	691818496	1196592	733067	12670910464	17930625024	52180600630	17930883556
2025-05-20 04:41:44	7	60	8	4	1	0	4663943168	691818496	1196595	733091	12670910464	17933078528	52180602548	17933334553
2025-05-20 04:41:45	7	60	8	4	1	0	4664147968	691818496	1196795	733129	12675104768	17937039360	52182993400	17937298636
2025-05-20 04:41:46	7	60	8	4	1	0	4664291328	691818496	1196798	733171	12675104768	17941581824	52182995319	17941839875
2025-05-20 04:41:47	7	60	8	4	1	0	4664291328	691818496	1196802	733217	12675104768	17946468352	52182997246	17946726176
2025-05-20 04:41:48	7	60	8	4	1	0	4664451072	691818496	1196805	733259	12675104768	17950892032	52182999163	17951146213
2025-05-20 04:41:49	7	60	8	4	1	0	4664594432	691818496	1196809	733302	12675104768	17955446784	52183001089	17955700728
2025-05-20 04:41:50	7	60	8	4	1	0	4664463360	691818496	1196812	733345	12675104768	17960153088	52183003007	17960408456
2025-05-20 04:41:51	7	60	8	4	1	0	4664463360	691818496	1197931	733381	12686909440	17963999232	52196366368	17964252362
2025-05-20 04:41:52	7	60	8	4	1	0	4664684544	691818496	1198066	733420	12686909440	17968246784	52197956699	17968501476
2025-05-20 04:41:53	7	60	8	4	1	0	4664811520	691818496	1199055	733446	12699262976	17970941952	52209680719	17971188382
2025-05-20 04:41:54	7	60	8	4	1	0	4664811520	691818496	1199062	733470	12699262976	17973075968	52209684565	17973318786
2025-05-20 04:41:56	7	60	8	4	1	0	4664811520	691818496	1199066	733487	12699262976	17974620160	52209686492	17974859719
2025-05-20 04:41:57	7	60	8	4	1	0	4664811520	691818496	1199069	733500	12699262976	17975681024	52209688411	17975924561
2025-05-20 04:41:58	7	60	8	4	1	0	4664811520	691818496	1199073	733511	12699262976	17976512512	52209690338	17976755607
2025-05-20 04:41:59	7	60	8	4	1	0	4664971264	691818496	1199078	733525	12699262976	17977683968	52209694168	17977925090
2025-05-20 04:42:01	7	60	8	4	1	0	4664971264	691818496	1199082	733556	12699262976	17980841984	52209696095	17981082782
2025-05-20 04:42:02	7	60	8	4	1	0	4665139200	691818496	1199085	733596	12699262976	17985163264	52209698014	17985403776
2025-05-20 04:42:03	7	60	8	4	1	0	4665266176	691818496	1199088	733640	12699262976	17989967872	52209699932	17990210561
2025-05-20 04:42:04	7	60	8	4	1	0	4665266176	691818496	1199091	733685	12699262976	17994727424	52209701850	17994967603
2025-05-20 04:42:05	7	60	8	4	1	0	4665389056	691818496	1199756	733721	12707651584	17998573568	52217526038	17998814757
2025-05-20 04:42:06	7	60	8	4	1	0	4665503744	691818496	1200208	733757	12711845888	18002554880	52222845214	18002797590
2025-05-20 04:42:07	7	60	8	4	1	0	4665503744	691818496	1200211	733801	12711845888	18007359488	52222847133	18007600577
2025-05-20 04:42:08	7	60	8	4	1	0	4665597952	691818496	1200214	733841	12711845888	18011701248	52222849052	18011943609
2025-05-20 04:42:09	7	60	8	4	1	0	4665790464	691818496	1200217	733876	12711845888	18015428608	52222850971	18015669919
2025-05-20 04:42:10	7	60	8	4	1	0	4665790464	691818496	1200222	733906	12711845888	18018447360	52222854801	18018691871
2025-05-20 04:42:11	7	60	8	4	1	0	4665937920	691818496	1200228	733927	12711845888	18020196352	52222856856	18020437454
2025-05-20 04:42:13	7	60	8	4	1	0	4665937920	691818496	1200230	733939	12711845888	18021367808	52222858767	18021608746
2025-05-20 04:42:14	7	60	8	4	1	0	4665942016	691818496	1200232	733950	12711845888	18022297600	52222860678	18022540157
2025-05-20 04:42:15	7	60	8	4	1	0	4665942016	691818496	1200238	733961	12711845888	18023002112	52222864516	18023245665
2025-05-20 04:42:17	7	60	8	4	1	0	4665942016	691818496	1200241	733975	12711845888	18024169472	52222866435	18024412205
2025-05-20 04:42:18	7	60	8	4	1	0	4666068992	691818496	1200243	734000	12711845888	18026864640	52222868346	18027104206
2025-05-20 04:42:19	7	60	8	4	1	0	4666073088	691818496	1201362	734032	12724420608	18030252032	52236025550	18030492964
2025-05-20 04:42:20	7	60	8	4	1	0	4666175488	691818496	1201366	734074	12724420608	18034696192	52236027476	18034936701
2025-05-20 04:42:21	7	60	8	4	1	0	4666355712	691818496	1201370	734116	12724420608	18039128064	52236029402	18039367662
2025-05-20 04:42:22	7	60	8	4	1	0	4666482688	691818496	1201374	734161	12724420608	18043887616	52236031329	18044127745
2025-05-20 04:42:23	7	60	8	4	1	0	4666470400	691818496	1201378	734206	12724420608	18048561152	52236033256	18048797440
2025-05-20 04:42:24	7	60	8	4	1	0	4666650624	691818496	1201384	734248	12724420608	18052976640	52236037093	18053212256
2025-05-20 04:42:26	7	60	8	4	1	0	4666798080	691818496	1201388	734290	12724420608	18057412608	52236039019	18057649557
2025-05-20 04:42:27	7	60	8	4	1	0	4666802176	691818496	1202505	734321	12741197824	18060664832	52249282265	18060901944
2025-05-20 04:42:28	7	60	8	4	1	0	4667260928	691818496	1202507	734348	12741197824	18063581184	52249284177	18063818670
2025-05-20 04:42:29	7	60	8	4	1	0	4667260928	691818496	1202509	734369	12741197824	18065686528	52249286089	18065923751
2025-05-20 04:42:30	7	60	8	4	1	0	4667260928	691818496	1202512	734384	12741197824	18067083264	52249288009	18067317569
2025-05-20 04:42:31	7	60	8	4	1	0	4667260928	691818496	1202515	734397	12741197824	18068242432	52249289929	18068478063
2025-05-20 04:42:33	7	60	8	4	1	0	4667469824	691818496	1202520	734405	12741197824	18068590592	52249293761	18068828664
2025-05-20 04:42:34	7	60	8	4	1	0	4667469824	691818496	1202523	734415	12741197824	18069295104	52249295681	18069529666
2025-05-20 04:42:35	7	60	8	4	1	0	4667469824	691818496	1202527	734438	12741197824	18071740416	52249299505	18071975352
2025-05-20 04:42:37	7	60	8	4	1	0	4667682816	691818496	1202531	734477	12741197824	18075803648	52249301433	18076038119
2025-05-20 04:42:38	7	60	8	4	1	0	4667682816	691818496	1202533	734521	12741197824	18080702464	52249303345	18080938751
2025-05-20 04:42:39	7	60	8	4	1	0	4667920384	691818496	1202537	734563	12741197824	18085142528	52249305273	18085379728
2025-05-20 04:42:40	7	60	8	4	1	0	4668129280	691818496	1202587	734605	12741197824	18089455616	52249863797	18089692574
2025-05-20 04:42:41	7	60	8	4	1	0	4668305408	691818496	1202589	734647	12741197824	18094120960	52249865709	18094359766
2025-05-20 04:42:42	7	60	8	4	1	0	4668305408	691818496	1202593	734693	12741197824	18099019776	52249867637	18099255262
2025-05-20 04:42:43	7	60	8	4	1	0	4668424192	691818496	1202596	734729	12741197824	18102865920	52249869557	18103102965
2025-05-20 04:42:44	7	60	8	4	1	0	4668424192	691818496	1202599	734758	12741197824	18105892864	52249871477	18106129779
2025-05-20 04:42:45	7	60	8	4	1	0	4668600320	691818496	1202602	734779	12741197824	18107871232	52249873397	18108109909
2025-05-20 04:42:46	7	60	8	4	1	0	4668600320	691818496	1202608	734795	12741197824	18109280256	52249877239	18109515934
2025-05-20 04:42:48	7	60	8	4	1	0	4668600320	691818496	1202611	734808	12741197824	18110443520	52249879160	18110681935
2025-05-20 04:42:49	7	60	8	4	1	0	4668600320	691818496	1202614	734819	12741197824	18111266816	52249881081	18111498279
2025-05-20 04:42:50	7	60	8	4	1	0	4668600320	691818496	1202616	734836	12741197824	18112905216	52249882992	18113139791
2025-05-20 04:42:51	7	60	8	4	1	0	4668928000	691818496	1202620	734869	12741197824	18116329472	52249885032	18116560389
2025-05-20 04:42:52	7	60	8	4	1	0	4669059072	691818496	1204859	734894	12766363648	18118922240	52276451406	18119151279
2025-05-20 04:42:54	7	60	8	4	1	0	4669157376	691818496	1204865	734941	12766363648	18123939840	52276455247	18124167002
2025-05-20 04:42:55	7	60	8	4	1	0	4669161472	691818496	1204870	734988	12766363648	18128871424	52276457184	18129095072
2025-05-20 04:42:56	7	60	8	4	1	0	4669321216	691818496	1204873	735029	12766363648	18133307392	52276459105	18133531484
2025-05-20 04:42:57	7	60	8	4	1	0	4669497344	691818496	1204878	735073	12766363648	18137722880	52276461042	18137945579
2025-05-20 04:42:58	7	60	8	4	1	0	4669607936	691818496	1204880	735116	12766363648	18142486528	52276462955	18142710736
2025-05-20 04:42:59	7	61	8	4	1	0	4669730816	691818496	1204882	735159	12766363648	18147307520	52276464868	18147525919
2025-05-20 04:43:00	7	61	8	4	1	0	4669865984	691818496	1205997	735190	12778942464	18150588416	52289591447	18150805187
2025-05-20 04:43:01	7	61	8	4	1	0	4669927424	691818496	1205999	735223	12778942464	18154205184	52289593359	18154423813
2025-05-20 04:43:02	7	61	8	4	1	0	4669927424	691818496	1206001	735248	12778942464	18156748800	52289595271	18156967926
2025-05-20 04:43:03	7	61	8	4	1	0	4669927424	691818496	1206003	735265	12778942464	18158493696	52289597184	18158711584
2025-05-20 04:43:05	7	61	8	4	1	0	4670115840	691818496	1206010	735280	12778942464	18159550464	52289601033	18159769374
2025-05-20 04:43:06	7	61	8	4	1	0	4670115840	691818496	1206012	735289	12778942464	18160254976	52289602945	18160472697
2025-05-20 04:43:08	7	61	8	4	1	0	4670115840	691818496	1206018	735303	12778942464	18161430528	52289606787	18161650123
2025-05-20 04:43:09	7	61	8	4	1	0	4670115840	691818496	1206021	735332	12778942464	18164465664	52289608708	18164685516
2025-05-20 04:43:10	7	61	8	4	1	0	4670234624	691818496	1206024	735373	12778942464	18168782848	52289610629	18169001317
2025-05-20 04:43:11	7	61	8	4	1	0	4670386176	691818496	1206028	735416	12778942464	18173345792	52289612558	18173565921
2025-05-20 04:43:12	7	61	8	4	1	0	4670513152	691818496	1206030	735458	12778942464	18178031616	52289614471	18178248925
2025-05-20 04:43:13	7	61	8	4	1	0	4670513152	691818496	1207146	735492	12791132160	18181783552	52302915489	18182004128
2025-05-20 04:43:14	7	61	8	4	1	0	4670607360	691818496	1207149	735533	12791132160	18186211328	52302917408	18186428714
2025-05-20 04:43:15	7	61	8	4	1	0	4670758912	691818496	1207151	735573	12791132160	18190618624	52302919319	18190839772
2025-05-20 04:43:16	7	61	8	4	1	0	4670758912	691818496	1207153	735617	12791132160	18195398656	52302921230	18195616814
2025-05-20 04:43:17	7	61	8	4	1	0	4670881792	691818496	1207157	735659	12791132160	18199814144	52302923158	18200034701
2025-05-20 04:43:18	7	61	8	4	1	0	4671066112	691818496	1207162	735701	12791132160	18204114944	52302925095	18204335972
2025-05-20 04:43:20	7	61	8	4	1	0	4671070208	691818496	1207169	735738	12791132160	18207858688	52302928942	18208074613
2025-05-20 04:43:21	7	61	8	4	1	0	4670590976	691818496	1208014	735758	12803715072	18209611776	52313055935	18209827487
2025-05-20 04:43:22	7	61	8	4	1	0	4670590976	691818496	1208016	735776	12803715072	18211356672	52313057847	18211573735
2025-05-20 04:43:23	7	61	8	4	1	0	4670590976	691818496	1208019	735790	12803715072	18212642816	52313059767	18212859455
2025-05-20 04:43:24	7	61	8	4	1	0	4671053824	691818496	1208022	735801	12803715072	18213457920	52313061687	18213669328
2025-05-20 04:43:26	7	61	8	4	1	0	4671053824	691818496	1208027	735810	12803715072	18214039552	52313065518	18214250971
2025-05-20 04:43:27	7	61	8	4	1	0	4671053824	691818496	1208030	735824	12803715072	18215202816	52313067437	18215417244
2025-05-20 04:43:29	7	61	8	4	1	0	4671053824	691818496	1208035	735858	12803715072	18218831872	52313071270	18219044564
2025-05-20 04:43:30	7	61	8	4	1	0	4671201280	691818496	1208038	735899	12803715072	18223259648	52313073191	18223472577
2025-05-20 04:43:31	7	61	8	4	1	0	4671377408	691818496	1208042	735941	12803715072	18227724288	52313075120	18227936376
2025-05-20 04:43:32	7	61	8	4	1	0	4671508480	691818496	1208048	735988	12803715072	18232422400	52313077065	18232633951
2025-05-20 04:43:33	7	61	8	4	1	0	4671471616	691818496	1208051	736031	12803715072	18237100032	52313078985	18237311188
2025-05-20 04:43:34	7	61	8	4	1	0	4671692800	691818496	1209170	736065	12816297984	18240737280	52326604528	18240949972
2025-05-20 04:43:35	7	61	8	4	1	0	4671795200	691818496	1209175	736108	12816297984	18245193728	52326606465	18245406059
2025-05-20 04:43:36	7	61	8	4	1	0	4671795200	691818496	1209180	736154	12816297984	18249973760	52326608402	18250186067
2025-05-20 04:43:37	7	61	8	4	1	0	4671905792	691818496	1209183	736188	12816297984	18253488128	52326610322	18253701399
2025-05-20 04:43:38	7	61	8	4	1	0	4671905792	691818496	1209186	736215	12816297984	18256318464	52326612242	18256531348
2025-05-20 04:43:40	7	61	8	4	1	0	4672090112	691818496	1209189	736232	12816297984	18257973248	52326614163	18258186509
2025-05-20 04:43:41	7	61	8	4	1	0	4672090112	691818496	1209193	736246	12816297984	18259283968	52326617989	18259496403
2025-05-20 04:43:42	7	61	8	4	1	0	4672090112	691818496	1209195	736256	12816297984	18260234240	52326619902	18260448433
2025-05-20 04:43:43	7	61	8	4	1	0	4672090112	691818496	1209480	736267	12820508672	18261065728	52330021405	18261279031
2025-05-20 04:43:45	7	61	8	4	1	0	4672204800	691818496	1210321	736287	12828897280	18262999040	52339826800	18263211412
2025-05-20 04:43:46	7	61	8	4	1	0	4672159744	691818496	1210325	736327	12828897280	18267238400	52339828729	18267450639
2025-05-20 04:43:47	7	61	8	4	1	0	4672294912	691818496	1210330	736368	12828897280	18271686656	52339832563	18271898264
2025-05-20 04:43:48	7	61	8	4	1	0	4672421888	691818496	1210334	736412	12828897280	18276278272	52339834492	18276488115
2025-05-20 04:43:49	7	61	8	4	1	0	4672421888	691818496	1210337	736457	12828897280	18281209856	52339836413	18281419994
2025-05-20 04:43:50	7	61	8	4	1	0	4672512000	691818496	1210341	736499	12828897280	18285682688	52339838342	18285893378
2025-05-20 04:43:51	7	61	8	4	1	0	4672610304	691818496	1210347	736542	12828897280	18290089984	52339840398	18290292239
2025-05-20 04:43:52	7	61	8	4	1	0	4672610304	691818496	1211463	736576	12841480192	18293854208	52353040345	18294059284
2025-05-20 04:43:53	7	61	8	4	1	0	4672716800	691818496	1211466	736617	12841480192	18298327040	52353042263	18298530311
2025-05-20 04:43:54	7	61	8	4	1	0	4672794624	691818496	1211471	736660	12841480192	18302758912	52353044199	18302963975
2025-05-20 04:43:55	7	61	8	4	1	0	4672794624	691818496	1211474	736705	12841480192	18307551232	52353046119	18307749789
2025-05-20 04:43:56	7	61	8	4	1	0	4672917504	691818496	1211477	736740	12841480192	18311303168	52353048039	18311504148
2025-05-20 04:43:58	7	61	8	4	1	0	4672917504	691818496	1211480	736769	12841480192	18314330112	52353049960	18314528927
2025-05-20 04:43:59	7	61	8	4	1	0	4673015808	691818496	1211486	736787	12841480192	18315956224	52353053802	18316155646
2025-05-20 04:44:00	7	61	8	4	1	0	4673015808	691818496	1211489	736803	12841480192	18317352960	52353055722	18317552062
2025-05-20 04:44:01	7	61	8	4	1	0	4673015808	691818496	1211491	736813	12841480192	18318290944	52353057634	18318491241
2025-05-20 04:44:03	7	61	8	4	1	0	4673015808	691818496	1211493	736823	12841480192	18319110144	52353059547	18319307040
2025-05-20 04:44:04	7	61	8	4	1	0	4673015808	691818496	1211499	736834	12841480192	18319810560	52353063389	18320005155
2025-05-20 04:44:05	7	61	8	4	1	0	4675080192	691818496	1211502	736848	12841480192	18320973824	52353065310	18321170931
2025-05-20 04:44:06	7	61	8	4	1	0	4675080192	691818496	1212617	736870	12854063104	18323189760	52366237163	18323386036
2025-05-20 04:44:08	7	61	8	4	1	0	4675174400	691818496	1212621	736911	12854063104	18327511040	52366239092	18327706190
2025-05-20 04:44:09	7	61	8	4	1	0	4675174400	691818496	1212625	736957	12854063104	18332422144	52366241020	18332618075
2025-05-20 04:44:10	7	61	8	4	1	0	4675231744	691818496	1212629	736999	12854063104	18336841728	52366242948	18337037324
2025-05-20 04:44:11	7	61	8	4	1	0	4675391488	691818496	1212634	737040	12854063104	18341257216	52366246782	18341456051
2025-05-20 04:44:12	7	61	8	4	1	0	4675481600	691818496	1212636	737083	12854063104	18345951232	52366248695	18346146886
2025-05-20 04:44:13	7	61	8	4	1	0	4675481600	691818496	1212638	737126	12854063104	18350739456	52366250607	18350936569
2025-05-20 04:44:14	7	61	8	4	1	0	4675579904	691818496	1213167	737165	12862451712	18354704384	52372561552	18354902759
2025-05-20 04:44:15	7	61	8	4	1	0	4676001792	691818496	1213170	737208	12862451712	18359369728	52372563473	18359565498
2025-05-20 04:44:16	7	61	8	4	1	0	4676001792	691818496	1213172	737250	12862451712	18364022784	52372565386	18364218847
2025-05-20 04:44:17	7	61	8	4	1	0	4676108288	691818496	1213175	737285	12862451712	18367643648	52372567307	18367842501
2025-05-20 04:44:18	7	61	8	4	1	0	4676108288	691818496	1213180	737314	12862451712	18370457600	52372569244	18370656731
2025-05-20 04:44:20	7	61	8	4	1	0	4676190208	691818496	1213182	737330	12862451712	18372083712	52372571157	18372279850
2025-05-20 04:44:21	7	61	8	4	1	0	4676190208	691818496	1213190	737347	12862451712	18373251072	52372575126	18373444657
2025-05-20 04:44:22	7	61	8	4	1	0	4676190208	691818496	1213192	737356	12862451712	18374070272	52372577036	18374265701
2025-05-20 04:44:24	7	61	8	4	1	0	4676190208	691818496	1213194	737364	12862451712	18374651904	52372578947	18374846457
2025-05-20 04:44:25	7	61	8	4	1	0	4676194304	691818496	1213198	737379	12862451712	18376048640	52372582770	18376241173
2025-05-20 04:44:26	7	61	8	4	1	0	4676308992	691818496	1213200	737405	12862451712	18378862592	52372584681	18379053841
2025-05-20 04:44:27	7	61	8	4	1	0	4676308992	691818496	1214321	737439	12874969088	18382491648	52386012126	18382680364
2025-05-20 04:44:28	7	61	8	4	1	0	4676431872	691818496	1214326	737483	12874969088	18387075072	52386014063	18387264339
2025-05-20 04:44:29	7	61	8	4	1	0	4676538368	691818496	1214329	737526	12874969088	18391638016	52386015984	18391830110
2025-05-20 04:44:30	7	61	8	4	1	0	4676538368	691818496	1215459	737566	12887527424	18395926528	52399610111	18396110964
2025-05-20 04:44:31	7	61	8	4	1	0	4676612096	691818496	1215463	737608	12887527424	18400440320	52399612040	18400627057
2025-05-20 04:44:33	7	61	8	4	1	0	4676726784	691818496	1215465	737646	12887527424	18404638720	52399613953	18404823770
2025-05-20 04:44:34	7	61	8	4	1	0	4676726784	691818496	1215467	737687	12887527424	18409185280	52399615866	18409371978
2025-05-20 04:44:35	7	61	8	4	1	0	4676820992	691818496	1215471	737728	12887527424	18413502464	52399617795	18413689952
2025-05-20 04:44:36	7	61	8	4	1	0	4676915200	691818496	1215477	737764	12887527424	18417143808	52399621637	18417329403
2025-05-20 04:44:37	7	61	8	4	1	0	4676915200	691818496	1215481	737792	12887527424	18419961856	52399623566	18420146731
2025-05-20 04:44:38	7	61	8	4	1	0	4676915200	691818496	1215483	737810	12887527424	18421841920	52399625479	18422029084
2025-05-20 04:44:39	7	61	8	4	1	0	4677001216	691818496	1215485	737822	12887527424	18422894592	52399627392	18423081851
2025-05-20 04:44:41	7	61	8	4	1	0	4677001216	691818496	1215488	737833	12887527424	18423832576	52399629313	18424016700
2025-05-20 04:44:42	7	61	8	4	1	0	4677001216	691818496	1215493	737843	12887527424	18424537088	52399633147	18424722700
2025-05-20 04:44:43	7	61	8	4	1	0	4677001216	691818496	1216343	737850	12893765632	18425004032	52409780351	18425190871
2025-05-20 04:44:44	7	61	8	4	1	0	4677091328	691818496	1216614	737876	12893765632	18427695104	52412940280	18427883329
2025-05-20 04:44:46	7	61	8	4	1	0	4677070848	691818496	1216618	737920	12893765632	18432393216	52412942209	18432577707
2025-05-20 04:44:47	7	61	8	4	1	0	4677148672	691818496	1216622	737962	12893765632	18436841472	52412944138	18437028746
2025-05-20 04:44:48	7	61	8	4	1	0	4677296128	691818496	1216625	738003	12893765632	18441289728	52412946058	18441475728
2025-05-20 04:44:49	7	61	8	4	1	0	4677296128	691818496	1216631	738050	12893765632	18446209024	52412949899	18446397376
2025-05-20 04:44:50	7	61	8	4	1	0	4677390336	691818496	1216636	738093	12893765632	18450702336	52412951836	18450890580
2025-05-20 04:44:51	7	61	8	4	1	0	4677586944	691818496	1216813	738137	12893765632	18455060480	52414941177	18455243098
2025-05-20 04:44:52	7	61	8	4	1	0	4677586944	691818496	1217765	738169	12910456832	18458320896	52426356723	18458501352
2025-05-20 04:44:53	7	61	8	4	1	0	4677697536	691818496	1217768	738197	12910456832	18461224960	52426358643	18461402628
2025-05-20 04:44:54	7	61	8	4	1	0	4677697536	691818496	1217770	738217	12910456832	18463195136	52426360556	18463375721
2025-05-20 04:44:55	7	61	8	4	1	0	4677697536	691818496	1217772	738232	12910456832	18464714752	52426362469	18464894359
2025-05-20 04:44:57	7	61	8	4	1	0	4677750784	691818496	1217777	738244	12910456832	18465652736	52426366303	18465827456
2025-05-20 04:44:58	7	61	8	4	1	0	4677750784	691818496	1217779	738254	12910456832	18466467840	52426368217	18466641679
2025-05-20 04:44:59	7	61	8	4	1	0	4677750784	691818496	1217781	738272	12910456832	18468331520	52426370131	18468508159
2025-05-20 04:45:01	7	61	8	4	1	0	4677857280	691818496	1217784	738307	12910456832	18472120320	52426372053	18472295543
2025-05-20 04:45:02	7	61	8	4	1	0	4677906432	691818496	1217786	738351	12910456832	18477060096	52426373967	18477237257
2025-05-20 04:45:03	7	61	8	4	1	0	4678004736	691818496	1217790	738393	12910456832	18481491968	52426375897	18481667920
2025-05-20 04:45:04	7	61	8	4	1	0	4678123520	691818496	1217894	738437	12910456832	18486030336	52427621282	18486204704
2025-05-20 04:45:05	7	61	8	4	1	0	4678123520	691818496	1217899	738482	12910456832	18490904576	52427625118	18491081872
2025-05-20 04:45:06	7	61	8	4	1	0	4678553600	691818496	1217902	738524	12910456832	18495475712	52427627040	18495653085
2025-05-20 04:45:07	7	61	8	4	1	0	4678680576	691818496	1217904	738566	12910456832	18500182016	52427628954	18500353199
2025-05-20 04:45:08	7	61	8	4	1	0	4678791168	691818496	1217908	738608	12910456832	18504646656	52427630884	18504818426
2025-05-20 04:45:09	7	61	8	4	1	0	4678791168	691818496	1217912	738645	12910456832	18508496896	52427632813	18508670448
2025-05-20 04:45:10	7	61	8	4	1	0	4678881280	691818496	1217914	738669	12910456832	18510974976	52427634726	18511145466
2025-05-20 04:45:11	7	61	8	4	1	0	4678881280	691818496	1217917	738687	12910456832	18512744448	52427636648	18512917327
2025-05-20 04:45:13	7	61	8	4	1	0	4678881280	691818496	1217919	738699	12910456832	18513924096	52427638562	18514096269
2025-05-20 04:45:14	7	61	8	4	1	0	4678881280	691818496	1217940	738710	12910456832	18514751488	52427839528	18514923298
2025-05-20 04:45:15	7	61	8	4	1	0	4678881280	691818496	1219044	738715	12927225856	18514989056	52441131967	18515161895
2025-05-20 04:45:17	7	61	8	4	1	0	4679032832	691818496	1219116	738738	12927225856	18517483520	52441978039	18517655289
2025-05-20 04:45:18	7	61	8	4	1	0	4679032832	691818496	1220165	738774	12939804672	18521391104	52454235094	18521561371
2025-05-20 04:45:19	7	61	8	4	1	0	4679114752	691818496	1220169	738818	12939804672	18526101504	52454237024	18526272097
2025-05-20 04:45:20	7	61	8	4	1	0	4679245824	691818496	1220171	738858	12939804672	18530570240	52454238938	18530740516
2025-05-20 04:45:21	7	61	8	4	1	0	4679368704	691818496	1220176	738903	12939804672	18535153664	52454240988	18535321593
2025-05-20 04:45:22	7	61	8	4	1	0	4679368704	691818496	1220183	738949	12939804672	18539982848	52454244840	18540153037
2025-05-20 04:45:23	7	61	8	4	1	0	4679503872	691818496	1220187	738990	12939804672	18544324608	52454246769	18544491727
2025-05-20 04:45:24	7	61	8	4	1	0	4679622656	691818496	1221080	739024	12948189184	18547949568	52464742276	18548116078
2025-05-20 04:45:25	7	61	8	4	1	0	4679700480	691818496	1221306	739061	12952383488	18551803904	52467344143	18551969365
2025-05-20 04:45:26	7	61	8	4	1	0	4679700480	691818496	1221310	739090	12952383488	18554642432	52467346073	18554809621
2025-05-20 04:45:27	7	61	8	4	1	0	4679700480	691818496	1221312	739111	12952383488	18556866560	52467347987	18557028382
2025-05-20 04:45:29	7	61	8	4	1	0	4679798784	691818496	1221315	739124	12952383488	18558038016	52467349909	18558198544
2025-05-20 04:45:30	7	61	8	4	1	0	4679798784	691818496	1221321	739137	12952383488	18558976000	52467353753	18559135982
2025-05-20 04:45:31	7	61	8	4	1	0	4679798784	691818496	1221323	739147	12952383488	18559795200	52467355667	18559956328
2025-05-20 04:45:33	7	61	8	4	1	0	4679798784	691818496	1221326	739157	12952383488	18560610304	52467357589	18560773118
2025-05-20 04:45:34	7	61	8	4	1	0	4679798784	691818496	1221328	739179	12952383488	18562834432	52467359503	18562998373
2025-05-20 04:45:35	7	61	8	4	1	0	4679962624	691818496	1221334	739217	12952383488	18566807552	52467363346	18566969554
2025-05-20 04:45:36	7	61	8	4	1	0	4680065024	691818496	1221338	739259	12952383488	18571243520	52467365275	18571407830
2025-05-20 04:45:37	7	61	8	4	1	0	4680167424	691818496	1221341	739302	12952383488	18575921152	52467367196	18576081698
2025-05-20 04:45:38	7	61	8	4	1	0	4680167424	691818496	1222276	739341	12960772096	18579853312	52478542882	18580015831
2025-05-20 04:45:39	7	61	8	4	1	0	4680298496	691818496	1222279	739384	12960772096	18584395776	52478544804	18584557640
2025-05-20 04:45:40	7	61	8	4	1	0	4680327168	691818496	1222282	739425	12960772096	18588860416	52478546726	18589024084
2025-05-20 04:45:41	7	61	8	4	1	0	4680445952	691818496	1222284	739465	12960772096	18593292288	52478548640	18593456882
2025-05-20 04:45:43	7	61	8	4	1	0	4680515584	691818496	1222286	739508	12960772096	18598096896	52478550554	18598258217
2025-05-20 04:45:44	7	61	8	4	1	0	4680667136	691818496	1222288	739545	12960772096	18602176512	52478552467	18602338224
2025-05-20 04:45:45	7	61	8	4	1	0	4680667136	691818496	1222290	739577	12960772096	18605551616	52478554380	18605712844
2025-05-20 04:45:46	7	61	8	4	1	0	4680806400	691818496	1222925	739591	12969160704	18606825472	52486085512	18606988556
2025-05-20 04:45:47	7	61	8	4	1	0	4680806400	691818496	1223412	739602	12977549312	18607751168	52491829850	18607913279
2025-05-20 04:45:48	7	61	8	4	1	0	4680806400	691818496	1223415	739614	12977549312	18608680960	52491831772	18608843158
2025-05-20 04:45:50	7	61	8	4	1	0	4680806400	691818496	1223418	739625	12977549312	18609491968	52491833694	18609656336
2025-05-20 04:45:51	7	61	8	4	1	0	4680810496	691818496	1223425	739638	12977549312	18610434048	52491837658	18610592202
2025-05-20 04:45:52	7	61	8	4	1	0	4681216000	691818496	1223428	739657	12977549312	18612297728	52491839580	18612459178
2025-05-20 04:45:53	7	61	8	4	1	0	4681216000	691818496	1223431	739694	12977549312	18616164352	52491841508	18616320196
2025-05-20 04:45:54	7	61	8	4	1	0	4681293824	691818496	1223435	739736	12977549312	18620616704	52491843437	18620772767
2025-05-20 04:45:56	7	61	8	4	1	0	4681412608	691818496	1223439	739779	12977549312	18625196032	52491845366	18625350643
2025-05-20 04:45:57	7	61	8	4	1	0	4681420800	691818496	1223442	739824	12977549312	18630144000	52491847288	18630299055
2025-05-20 04:45:58	7	61	8	4	1	0	4681519104	691818496	1224614	739860	12990132224	18633912320	52505845789	18634063478
2025-05-20 04:45:59	7	61	8	4	1	0	4681617408	691818496	1224619	739903	12990132224	18638360576	52505847727	18638508674
2025-05-20 04:46:00	7	61	8	4	1	0	4681691136	691818496	1224624	739947	12990132224	18642784256	52505849665	18642933778
2025-05-20 04:46:01	7	61	8	4	1	0	4681707520	691818496	1224626	739982	12990132224	18646650880	52505851579	18646800174
2025-05-20 04:46:02	7	61	8	4	1	0	4681707520	691818496	1224630	740007	12990132224	18649337856	52505855406	18649488246
2025-05-20 04:46:03	7	61	8	4	1	0	4681814016	691818496	1224632	740021	12990132224	18650734592	52505857319	18650884146
2025-05-20 04:46:04	7	61	8	4	1	0	4681814016	691818496	1224635	740035	12990132224	18651897856	52505859241	18652047001
2025-05-20 04:46:06	7	61	8	4	1	0	4681818112	691818496	1224638	740047	12990132224	18652827648	52505861163	18652977611
2025-05-20 04:46:07	7	61	8	4	1	0	4681826304	691818496	1224644	740061	12990132224	18653990912	52505865007	18654141513
2025-05-20 04:46:08	7	61	8	4	1	0	4686655488	691818496	1224647	740085	12990132224	18656444416	52505866929	18656592833
2025-05-20 04:46:09	7	61	8	4	1	0	4686675968	691818496	1224649	740125	12990132224	18660782080	52505868843	18660933227
2025-05-20 04:46:10	7	61	8	4	1	0	4686794752	691818496	1225767	740160	12993503232	18664435712	52519302433	18664582546
2025-05-20 04:46:11	7	61	8	4	1	0	4686897152	691818496	1225770	740205	12993503232	18669338624	52519304355	18669482698
2025-05-20 04:46:13	7	61	8	4	1	0	4686897152	691818496	1225772	740251	12993503232	18674438144	52519306269	18674585506
2025-05-20 04:46:14	7	61	8	4	1	0	4686962688	691818496	1225776	740293	12993503232	18678890496	52519308199	18679037127
2025-05-20 04:46:15	7	61	8	4	1	0	4687065088	691818496	1225780	740335	12993503232	18683342848	52519310129	18683487822
2025-05-20 04:46:16	7	61	8	4	1	0	4687065088	691818496	1225784	740381	12993503232	18688139264	52519312059	18688286024
2025-05-20 04:46:17	7	61	8	4	1	0	4687187968	691818496	1225788	740422	12993503232	18692489216	52519313989	18692635968
2025-05-20 04:46:18	7	61	8	4	1	0	4687286272	691818496	1226022	740459	12993503232	18696376320	52522197099	18696521654
2025-05-20 04:46:19	7	61	8	4	1	0	4687286272	691818496	1226026	740491	12993503232	18699665408	52522199029	18699813258
2025-05-20 04:46:20	7	61	8	4	1	0	4687376384	691818496	1226030	740510	12993503232	18701651968	52522202857	18701799246
2025-05-20 04:46:21	7	61	8	4	1	0	4687384576	691818496	1226035	740528	12993503232	18703048704	52522204907	18703193450
2025-05-20 04:46:23	7	61	8	4	1	0	4687400960	691818496	1226037	740539	12993503232	18704101376	52522206821	18704247799
2025-05-20 04:46:24	7	61	8	4	1	0	4687405056	691818496	1226040	740549	12993503232	18704805888	52522208743	18704947965
2025-05-20 04:46:25	7	61	8	4	1	0	4687421440	691818496	1226045	740561	12993503232	18705743872	52522212576	18705886543
2025-05-20 04:46:27	7	61	8	4	1	0	4687429632	691818496	1226048	740583	12993503232	18707972096	52522214497	18708114744
2025-05-20 04:46:28	7	61	8	4	1	0	4687523840	691818496	1226051	740621	12993503232	18712080384	52522216418	18712224193
2025-05-20 04:46:29	7	61	8	4	1	0	4687630336	691818496	1226056	740665	12993503232	18716655616	52522218355	18716796567
2025-05-20 04:46:30	7	61	8	4	1	0	4687761408	691818496	1226060	740709	12993503232	18721243136	52522220283	18721384041
2025-05-20 04:46:31	7	61	8	4	1	0	4687777792	691818496	1227180	740742	13006086144	18724691968	52535685815	18724834142
2025-05-20 04:46:32	7	61	8	4	1	0	4687896576	691818496	1227741	740779	13006086144	18728742912	52542348591	18728885214
2025-05-20 04:46:33	7	61	8	4	1	0	4687933440	691818496	1228308	740818	13006086144	18732916736	52549132402	18733056058
2025-05-20 04:46:34	7	61	8	4	1	0	4687962112	691818496	1228314	740861	13006086144	18737500160	52549136245	18737636191
2025-05-20 04:46:35	7	61	8	4	1	0	4687962112	691818496	1228316	740892	13006086144	18740932608	52549138158	18741066742
2025-05-20 04:46:36	7	61	8	4	1	0	4687962112	691818496	1228318	740917	13006086144	18743521280	52549140072	18743654628
2025-05-20 04:46:37	7	61	8	4	1	0	4687962112	691818496	1228320	740932	13006086144	18745036800	52549141986	18745170913
2025-05-20 04:46:39	7	61	8	4	1	0	4687966208	691818496	1228323	740945	13006086144	18746093568	52549143908	18746225985
2025-05-20 04:46:40	7	61	8	4	1	0	4687966208	691818496	1228328	740955	13006086144	18746912768	52549147744	18747046583
2025-05-20 04:46:41	7	61	8	4	1	0	4687990784	691818496	1228330	740969	13006086144	18748203008	52549149658	18748336657
2025-05-20 04:46:43	7	61	8	4	1	0	4688003072	691818496	1228333	740999	13006086144	18751369216	52549151580	18751503821
2025-05-20 04:46:44	7	61	8	4	1	0	4688003072	691818496	1228335	741037	13006086144	18755600384	52549153494	18755732754
2025-05-20 04:46:45	7	61	8	4	1	0	4688019456	691818496	1229453	741069	13006086144	18759114752	52562533556	18759248930
2025-05-20 04:46:46	7	61	8	4	1	0	4688023552	691818496	1229455	741111	13006086144	18763677696	52562535469	18763811477
2025-05-20 04:46:47	7	61	8	4	1	0	4688035840	691818496	1229457	741154	13006086144	18768478208	52562537382	18768613332
2025-05-20 04:46:48	7	61	8	4	1	0	4688019456	691818496	1229460	741195	13006086144	18772905984	52562539304	18773039028
2025-05-20 04:46:49	7	61	8	4	1	0	4688064512	691818496	1229463	741237	13006086144	18777464832	52562541226	18777597906
2025-05-20 04:46:50	7	61	8	4	1	0	4688072704	691818496	1229469	741280	13006086144	18782023680	52562545068	18782159284
2025-05-20 04:46:51	7	61	8	4	1	0	4688162816	691818496	1229529	741326	13006086144	18786971648	52562755238	18787103918
2025-05-20 04:46:52	7	61	8	4	1	0	4688179200	691818496	1229970	741364	13006086144	18790965248	52568092849	18791096262
2025-05-20 04:46:53	7	61	8	4	1	0	4688179200	691818496	1229972	741399	13006086144	18794819584	52568094763	18794951207
2025-05-20 04:46:54	7	61	8	4	1	0	4688191488	691818496	1229974	741426	13006086144	18797740032	52568096676	18797870314
2025-05-20 04:46:56	7	61	8	4	1	0	4688203776	691818496	1229976	741444	13006086144	18799611904	52568098588	18799740609
2025-05-20 04:46:57	7	61	8	4	1	0	4688207872	691818496	1229979	741458	13006086144	18800791552	52568100509	18800919336
2025-05-20 04:46:58	7	61	8	4	1	0	4688211968	691818496	1229985	741469	13006086144	18801606656	52568104351	18801735445
2025-05-20 04:47:00	7	61	8	4	1	0	4688211968	691818496	1229988	741480	13006086144	18802429952	52568106272	18802557695
2025-05-20 04:47:01	7	61	8	4	1	0	4688211968	691818496	1229990	741492	13006086144	18803490816	52568108185	18803617302
2025-05-20 04:47:02	7	61	8	4	1	0	4688211968	691818496	1229992	741521	13006086144	18806669312	52568110098	18806796295
2025-05-20 04:47:03	7	61	8	4	1	0	4688183296	691818496	1229997	741563	13006086144	18811248640	52568113931	18811374692
2025-05-20 04:47:04	7	61	8	4	1	0	4688187392	691818496	1229999	741605	13006086144	18815799296	52568115845	18815927344
2025-05-20 04:47:05	7	61	8	4	1	0	4688211968	691818496	1231117	741640	13006086144	18819670016	52581519695	18819798254
2025-05-20 04:47:06	7	61	8	4	1	0	4688572416	691818496	1231119	741682	13006086144	18824392704	52581521609	18824520812
2025-05-20 04:47:08	7	61	8	4	1	0	4688572416	691818496	1231121	741725	13006086144	18829230080	52581523523	18829359383
2025-05-20 04:47:09	7	61	8	4	1	0	4688281600	691818496	1232243	741762	13006086144	18833104896	52595061414	18833224246
2025-05-20 04:47:10	7	61	8	4	1	0	4688482304	691818496	1232247	741804	13006086144	18837573632	52595063343	18837696507
2025-05-20 04:47:11	7	61	8	4	1	0	4688482304	691818496	1232252	741847	13006086144	18841927680	52595065280	18842049660
2025-05-20 04:47:12	7	61	8	4	1	0	4688596992	691818496	1232254	741872	13006086144	18844618752	52595067193	18844741279
2025-05-20 04:47:13	7	61	8	4	1	0	4688596992	691818496	1232257	741893	13006086144	18846740480	52595069114	18846861028
2025-05-20 04:47:14	7	61	8	4	1	0	4688596992	691818496	1232263	741909	13006086144	18848137216	52595072958	18848259974
2025-05-20 04:47:15	7	61	8	4	1	0	4688719872	691818496	1232266	741920	13006086144	18848960512	52595074880	18849076738
2025-05-20 04:47:17	7	61	8	4	1	0	4688719872	691818496	1232268	741929	13006086144	18849660928	52595076794	18849777579
2025-05-20 04:47:18	7	61	8	4	1	0	4688723968	691818496	1232272	741938	13006086144	18850357248	52595080622	18850476706
2025-05-20 04:47:20	7	61	8	4	1	0	4688723968	691818496	1232275	741964	13006086144	18853044224	52595082544	18853161297
2025-05-20 04:47:21	7	61	8	4	1	0	4688809984	691818496	1232279	742004	13006086144	18857246720	52595084586	18857363545
2025-05-20 04:47:22	7	61	8	4	1	0	4688949248	691818496	1233368	742042	13006086144	18860986368	52607989384	18861104278
2025-05-20 04:47:23	7	61	8	4	1	0	4688949248	691818496	1233402	742084	13006086144	18865668096	52608382974	18865787921
2025-05-20 04:47:24	7	61	8	4	1	0	4689051648	691818496	1233405	742125	13006086144	18870128640	52608384896	18870248589
2025-05-20 04:47:25	7	61	8	4	1	0	4689158144	691818496	1233408	742167	13006086144	18874630144	52608386818	18874749998
2025-05-20 04:47:26	7	61	8	4	1	0	4689289216	691818496	1233412	742209	13006086144	18879127552	52608388748	18879241738
2025-05-20 04:47:27	7	61	8	4	1	0	4689289216	691818496	1233416	742250	13006086144	18883526656	52608390677	18883642853
2025-05-20 04:47:28	7	61	8	4	1	0	4689399808	691818496	1233423	742283	13006086144	18886709248	52608394528	18886823679
2025-05-20 04:47:29	7	61	8	4	1	0	4689399808	691818496	1233427	742306	13006086144	18888945664	52608396458	18889059984
2025-05-20 04:47:31	7	61	8	4	1	0	4689399808	691818496	1233430	742322	13006086144	18890465280	52608398380	18890578510
2025-05-20 04:47:32	7	61	8	4	1	0	4689530880	691818496	1233896	742330	13006086144	18891042816	52613991072	18891159592
2025-05-20 04:47:33	7	61	8	4	1	0	4689530880	691818496	1233902	742342	13006086144	18891857920	52613994916	18891974614
2025-05-20 04:47:34	7	61	8	4	1	0	4689530880	691818496	1233905	742358	13006086144	18893377536	52613996838	18893492940
2025-05-20 04:47:36	7	61	8	4	1	0	4689616896	691818496	1233908	742390	13006086144	18896760832	52613998760	18896875787
2025-05-20 04:47:37	7	61	8	4	1	0	4689616896	691818496	1233910	742433	13006086144	18901553152	52614000674	18901669639
2025-05-20 04:47:38	7	61	8	4	1	0	4689756160	691818496	1233912	742474	13006086144	18906112000	52614002588	18906228295
2025-05-20 04:47:39	7	61	8	4	1	0	4678238208	691818496	1233916	742518	13006086144	18910658560	52614004518	18910769593
2025-05-20 04:47:40	7	61	8	4	1	0	4678356992	691818496	1233920	742561	13006086144	18915209216	52614006448	18915319919
2025-05-20 04:47:41	7	61	8	4	1	0	4678356992	691818496	1233924	742606	13006086144	18920022016	52614008377	18920134486
2025-05-20 04:47:42	7	61	8	4	1	0	4678561792	691818496	1235044	742637	13006086144	18923204608	52627391702	18923316255
2025-05-20 04:47:43	7	61	8	4	1	0	4678963200	691818496	1235048	742667	13006086144	18926252032	52627393632	18926365871
2025-05-20 04:47:44	7	61	8	4	1	0	4678946816	691818496	1235054	742689	13006086144	18928250880	52627397476	18928362065
2025-05-20 04:47:45	7	61	8	4	1	0	4678946816	691818496	1235056	742703	13006086144	18929655808	52627399390	18929768502
2025-05-20 04:47:47	7	61	8	4	1	0	4678946816	691818496	1235058	742715	13006086144	18930716672	52627401304	18930830101
2025-05-20 04:47:48	7	61	8	4	1	0	4678946816	691818496	1235060	742725	13006086144	18931539968	52627403218	18931651739
2025-05-20 04:47:50	7	61	8	4	1	0	4678946816	691818496	1235066	742735	13006086144	18932248576	52627407062	18932359830
2025-05-20 04:47:51	7	61	8	4	1	0	4678995968	691818496	1236187	742756	13006086144	18933972992	52640782170	18934075840
2025-05-20 04:47:52	7	61	8	4	1	0	4679098368	691818496	1236190	742796	13006086144	18938331136	52640784091	18938432903
2025-05-20 04:47:53	7	61	8	4	1	0	4679172096	691818496	1236193	742841	13006086144	18943287296	52640786013	18943388809
2025-05-20 04:47:54	7	61	8	4	1	0	4679274496	691818496	1236195	742881	13006086144	18947735552	52640787927	18947836180
2025-05-20 04:47:55	7	61	8	4	1	0	4679376896	691818496	1236197	742918	13006086144	18951823360	52640789841	18951927251
2025-05-20 04:47:56	7	61	8	4	1	0	4679376896	691818496	1236200	742962	13006086144	18956505088	52640791763	18956604644
2025-05-20 04:47:57	7	61	8	4	1	0	4679467008	691818496	1236204	743002	13006086144	18960965632	52640795589	18961063947
2025-05-20 04:47:58	7	61	8	4	1	0	4679561216	691818496	1237319	743037	13006086144	18964647936	52654075554	18964745720
2025-05-20 04:48:00	7	61	8	4	1	0	4679659520	691818496	1237322	743078	13006086144	18969100288	52654077476	18969199060
2025-05-20 04:48:01	7	61	8	4	1	0	4679659520	691818496	1237325	743122	13006086144	18973929472	52654079398	18974028217
2025-05-20 04:48:02	7	61	8	4	1	0	4679770112	691818496	1237328	743163	13006086144	18978394112	52654081320	18978494012
2025-05-20 04:48:03	7	61	8	4	1	0	4679868416	691818496	1237330	743197	13006086144	18982125568	52654083234	18982225065
2025-05-20 04:48:04	7	61	8	4	1	0	4679868416	691818496	1237333	743226	13006086144	18985041920	52654085156	18985138470
2025-05-20 04:48:05	7	61	8	4	1	0	4679868416	691818496	1237336	743245	13006086144	18986913792	52654087078	18987010559
2025-05-20 04:48:06	7	61	8	4	1	0	4679950336	691818496	1237339	743257	13006086144	18987962368	52654089000	18988062658
2025-05-20 04:48:08	7	61	8	4	1	0	4679950336	691818496	1237344	743268	13006086144	18988777472	52654092836	18988876969
2025-05-20 04:48:09	7	61	8	4	1	0	4679950336	691818496	1237347	743277	13006086144	18989359104	52654094757	18989457319
2025-05-20 04:48:10	7	61	8	4	1	0	4679950336	691818496	1237353	743293	13006086144	18990645248	52654098600	18990741904
2025-05-20 04:48:12	7	61	8	4	1	0	4680044544	691818496	1237416	743320	13006086144	18993451008	52654833661	18993545819
2025-05-20 04:48:13	7	61	8	4	1	0	4680044544	691818496	1237845	743359	13006086144	18997637120	52660085999	18997732533
2025-05-20 04:48:14	7	61	8	4	1	0	4680142848	691818496	1237847	743401	13006086144	19002273792	52660087913	19002368685
2025-05-20 04:48:15	7	61	8	4	1	0	4680179712	691818496	1237849	743443	13006086144	19006824448	52660089827	19006921003
2025-05-20 04:48:16	7	61	8	4	1	0	4680335360	691818496	1237851	743484	13006086144	19011395584	52660091741	19011492764
2025-05-20 04:48:17	7	61	8	4	1	0	4680339456	691818496	1237853	743528	13006086144	19016314880	52660093655	19016409890
2025-05-20 04:48:18	7	61	8	4	1	0	4680339456	691818496	1237855	743568	13006086144	19020795904	52660095569	19020891618
2025-05-20 04:48:19	7	61	8	4	1	0	4678348800	691818496	1238974	743599	13006086144	19024093184	52673496714	19024185163
2025-05-20 04:48:20	7	61	8	4	1	0	4678799360	691818496	1238978	743642	13006086144	19028717568	52673498644	19028808316
2025-05-20 04:48:21	7	61	8	4	1	0	4678799360	691818496	1238984	743683	13006086144	19032850432	52673500701	19032939611
2025-05-20 04:48:22	7	61	8	4	1	0	4678893568	691818496	1238987	743711	13006086144	19035697152	52673502621	19035785093
2025-05-20 04:48:23	7	61	8	4	1	0	4678893568	691818496	1240107	743727	13006086144	19037069312	52686569058	19037152979
2025-05-20 04:48:25	7	61	8	4	1	0	4678893568	691818496	1240109	743740	13006086144	19038371840	52686570972	19038455773
2025-05-20 04:48:26	7	61	8	4	1	0	4678893568	691818496	1240112	743752	13006086144	19039309824	52686572894	19039394553
2025-05-20 04:48:27	7	61	8	4	1	0	4678893568	691818496	1240117	743761	13006086144	19039903744	52686576728	19039983415
2025-05-20 04:48:29	7	61	8	4	1	0	4679049216	691818496	1240120	743770	13006086144	19040493568	52686578649	19040573243
2025-05-20 04:48:30	7	61	8	4	1	0	4679049216	691818496	1240122	743797	13006086144	19043446784	52686580562	19043527334
2025-05-20 04:48:31	7	61	8	4	1	0	4679151616	691818496	1240125	743837	13006086144	19047796736	52686582483	19047876447
2025-05-20 04:48:32	7	61	8	4	1	0	4679151616	691818496	1240127	743878	13006086144	19052355584	52686584395	19052435167
2025-05-20 04:48:33	7	61	8	4	1	0	4679258112	691818496	1240132	743921	13006086144	19056689152	52686586332	19056768095
2025-05-20 04:48:34	7	61	8	4	1	0	4679344128	691818496	1240136	743963	13006086144	19061141504	52686588262	19061220704
2025-05-20 04:48:35	7	61	8	4	1	0	4679344128	691818496	1240142	744008	13006086144	19065946112	52686592106	19066025515
2025-05-20 04:48:37	7	61	8	4	1	0	4679446528	691818496	1240743	744043	13006086144	19069661184	52693768117	19069744004
2025-05-20 04:48:38	7	61	8	4	1	0	4679540736	691818496	1240747	744081	13006086144	19073613824	52693770045	19073695225
2025-05-20 04:48:39	7	61	8	4	1	0	4679540736	691818496	1240749	744108	13006086144	19076509696	52693771958	19076593012
2025-05-20 04:48:40	7	61	8	4	1	0	4679589888	691818496	1240752	744128	13006086144	19078373376	52693773879	19078453209
2025-05-20 04:48:41	7	61	8	4	1	0	4679589888	691818496	1240754	744140	13006086144	19079532544	52693775793	19079613660
2025-05-20 04:48:42	7	61	8	4	1	0	4679589888	691818496	1240760	744152	13006086144	19080351744	52693779637	19080435005
2025-05-20 04:48:44	7	61	8	4	1	0	4679589888	691818496	1240763	744162	13006086144	19081056256	52693781559	19081138062
2025-05-20 04:48:45	7	61	8	4	1	0	4679589888	691818496	1240766	744181	13006086144	19082919936	52693783481	19083000911
2025-05-20 04:48:46	7	61	8	4	1	0	4679729152	691818496	1240768	744215	13006086144	19086651392	52693785395	19086729400
2025-05-20 04:48:47	7	61	8	4	1	0	4679741440	691818496	1240772	744258	13006086144	19091177472	52693787325	19091253959
2025-05-20 04:48:48	7	61	8	4	1	0	4679741440	691818496	1240774	744302	13006086144	19095941120	52693789239	19096020159
2025-05-20 04:48:49	7	61	8	4	1	0	4679798784	691818496	1241898	744335	13006086144	19099570176	52707134414	19099649175
2025-05-20 04:48:51	7	61	8	4	1	0	4679872512	691818496	1241903	744377	13006086144	19104153600	52707138250	19104231153
2025-05-20 04:48:52	7	61	8	4	1	0	4679913472	691818496	1241906	744419	13006086144	19108712448	52707140172	19108788510
2025-05-20 04:48:53	7	61	8	4	1	0	4679913472	691818496	1242284	744452	13006086144	19112366080	52711642364	19112446256
2025-05-20 04:48:54	7	61	8	4	1	0	4680077312	691818496	1243024	744477	13006086144	19114668032	52720486277	19114746389
2025-05-20 04:48:55	7	61	8	4	1	0	4680077312	691818496	1243026	744493	13006086144	19116310528	52720488191	19116389892
2025-05-20 04:48:56	7	61	8	4	1	0	4680077312	691818496	1243028	744506	13006086144	19117613056	52720490105	19117693191
2025-05-20 04:48:57	7	61	8	4	1	0	4680077312	691818496	1243034	744519	13006086144	19118551040	52720493949	19118631382
2025-05-20 04:48:59	7	61	8	4	1	0	4680077312	691818496	1243036	744530	13006086144	19119484928	52720495861	19119563029
2025-05-20 04:49:00	7	61	8	4	1	0	4680167424	691818496	1243039	744552	13006086144	19121692672	52720497782	19121770086
2025-05-20 04:49:01	7	61	8	4	1	0	4680167424	691818496	1243043	744592	13006086144	19125907456	52720499823	19125979217
2025-05-20 04:49:02	7	61	8	4	1	0	4680261632	691818496	1243048	744634	13006086144	19130232832	52720501760	19130304033
2025-05-20 04:49:03	7	61	8	4	1	0	4680306688	691818496	1243051	744673	13006086144	19134414848	52720503682	19134487649
2025-05-20 04:49:04	7	61	8	4	1	0	4680306688	691818496	1243055	744718	13006086144	19139080192	52720505612	19139153173
2025-05-20 04:49:05	7	61	8	4	1	0	4680306688	691818496	1243431	744754	13006086144	19143061504	52725082891	19143133959
2025-05-20 04:49:07	7	61	8	4	1	0	4680306688	691818496	1243433	744795	13006086144	19147628544	52725084805	19147702933
2025-05-20 04:49:08	7	61	8	4	1	0	4680306688	691818496	1243438	744839	13006086144	19152429056	52725088641	19152503181
2025-05-20 04:49:09	7	61	8	4	1	0	4680290304	691818496	1243440	744880	13006086144	19157012480	52725090555	19157084083
2025-05-20 04:49:10	7	61	8	4	1	0	4680306688	691818496	1243442	744918	13006086144	19161260032	52725092469	19161331926
2025-05-20 04:49:11	7	61	8	4	1	0	4680306688	691818496	1243445	744951	13006086144	19164643328	52725094391	19164718336
2025-05-20 04:49:12	7	61	8	4	1	0	4680245248	691818496	1243447	744971	13006086144	19166740480	52725096305	19166812410
2025-05-20 04:49:13	7	61	8	4	1	0	4680245248	691818496	1243449	744985	13006086144	19168133120	52725098219	19168206148
2025-05-20 04:49:14	7	61	8	4	1	0	4680245248	691818496	1243452	744998	13006086144	19169185792	52725100141	19169259517
2025-05-20 04:49:16	7	61	8	4	1	0	4680245248	691818496	1243458	745010	13006086144	19170013184	52725103985	19170086102
2025-05-20 04:49:17	7	61	8	4	1	0	4680245248	691818496	1243461	745021	13006086144	19170955264	52725105907	19171027097
2025-05-20 04:49:18	7	61	8	4	1	0	4680269824	691818496	1243896	745037	13006086144	19172372480	52730326664	19172441918
2025-05-20 04:49:19	7	61	8	4	1	0	4680269824	691818496	1244597	745071	13006086144	19175784448	52738667008	19175853314
2025-05-20 04:49:21	7	61	8	4	1	0	4680278016	691818496	1244601	745114	13006086144	19180388352	52738668938	19180458161
2025-05-20 04:49:22	7	61	8	4	1	0	4680302592	691818496	1245722	745149	13006086144	19184152576	52752183507	19184217548
2025-05-20 04:49:23	7	61	8	4	1	0	4680302592	691818496	1245724	745193	13006086144	19189092352	52752185420	19189152922
2025-05-20 04:49:24	7	61	8	4	1	0	4680306688	691818496	1245728	745235	13006086144	19193561088	52752187349	19193623316
2025-05-20 04:49:25	7	61	8	4	1	0	4680306688	691818496	1245730	745276	13006086144	19198001152	52752189263	19198062447
2025-05-20 04:49:26	7	61	8	4	1	0	4680306688	691818496	1245732	745312	13006086144	19202007040	52752191177	19202067766
2025-05-20 04:49:27	7	61	8	4	1	0	4680306688	691818496	1245735	745336	13006086144	19204456448	52752193099	19204516289
2025-05-20 04:49:28	7	61	8	4	1	0	4680306688	691818496	1245737	745353	13006086144	19206201344	52752195013	19206263500
2025-05-20 04:49:29	7	61	8	4	1	0	4680306688	691818496	1245739	745367	13006086144	19207495680	52752196927	19207551242
2025-05-20 04:49:31	7	61	8	4	1	0	4680306688	691818496	1245746	745381	13006086144	19208548352	52752200889	19208605169
2025-05-20 04:49:32	7	61	8	4	1	0	4680306688	691818496	1245749	745392	13006086144	19209359360	52752202810	19209418193
2025-05-20 04:49:33	7	61	8	4	1	0	4680306688	691818496	1245752	745416	13006086144	19211821056	52752204730	19211879497
2025-05-20 04:49:34	7	61	8	4	1	0	4680306688	691818496	1245878	745454	13006086144	19215937536	52753716062	19215994301
2025-05-20 04:49:35	7	61	8	4	1	0	4680306688	691818496	1245880	745496	13006086144	19220656128	52753717975	19220711827
2025-05-20 04:49:36	7	61	8	4	1	0	4680306688	691818496	1245884	745540	13006086144	19225354240	52753719905	19225412491
2025-05-20 04:49:38	7	61	8	4	1	0	4680286208	691818496	1245887	745582	13006086144	19229958144	52753721827	19230014674
2025-05-20 04:49:39	7	61	8	4	1	0	4680306688	691818496	1245893	745627	13006086144	19234779136	52753725671	19234836669
2025-05-20 04:49:40	7	61	8	4	1	0	4680306688	691818496	1245896	745671	13006086144	19239608320	52753727593	19239664345
2025-05-20 04:49:41	7	61	8	4	1	0	4680241152	691818496	1247045	745703	13006086144	19242881024	52767455501	19242937296
2025-05-20 04:49:42	7	61	8	4	1	0	4680241152	691818496	1247185	745733	13006086144	19246186496	52768643736	19246242280
2025-05-20 04:49:43	7	61	8	4	1	0	4680306688	691818496	1248195	745745	13006086144	19247337472	52780459281	19247394920
2025-05-20 04:49:44	7	61	8	4	1	0	4680306688	691818496	1248197	745760	13006086144	19248766976	52780461195	19248826152
2025-05-20 04:49:45	7	61	8	4	1	0	4680306688	691818496	1248199	745771	13006086144	19249840128	52780463109	19249897342
2025-05-20 04:49:47	7	61	8	4	1	0	4680306688	691818496	1248203	745782	13006086144	19250794496	52780466935	19250850583
2025-05-20 04:49:48	7	61	8	4	1	0	4680306688	691818496	1248206	745792	13006086144	19251621888	52780468857	19251679011
2025-05-20 04:49:49	7	61	8	4	1	0	4680314880	691818496	1248210	745810	13006086144	19253157888	52780470787	19253216329
2025-05-20 04:49:51	7	61	8	4	1	0	4680314880	691818496	1248213	745846	13006086144	19257057280	52780472709	19257114872
2025-05-20 04:49:52	7	61	8	4	1	0	4680347648	691818496	1248215	745887	13006086144	19261669376	52780474623	19261727895
2025-05-20 04:49:53	7	61	8	4	1	0	4680364032	691818496	1248220	745928	13006086144	19266142208	52780478459	19266197657
2025-05-20 04:49:54	7	61	8	4	1	0	4680364032	691818496	1248222	745972	13006086144	19271118848	52780480373	19271174540
2025-05-20 04:49:55	7	61	8	4	1	0	4680368128	691818496	1248225	746012	13006086144	19275333632	52780482294	19275388057
2025-05-20 04:49:56	7	61	8	4	1	0	4680384512	691818496	1248574	746040	13006086144	19278401536	52784752261	19278457760
2025-05-20 04:49:57	7	61	8	4	1	0	4680335360	691818496	1248576	746077	13006086144	19282501632	52784754175	19282557100
2025-05-20 04:49:58	7	61	8	4	1	0	4680364032	691818496	1248580	746119	13006086144	19286966272	52784756105	19287021282
2025-05-20 04:49:59	7	61	8	4	1	0	4680364032	691818496	1248584	746157	13006086144	19290963968	52784758035	19291018303
2025-05-20 04:50:00	7	61	8	4	1	0	4680306688	691818496	1248588	746182	13006086144	19293413376	52784759963	19293462964
2025-05-20 04:50:01	7	61	8	4	1	0	4680306688	691818496	1248592	746201	13006086144	19295051776	52784762003	19295096415
2025-05-20 04:50:03	7	61	8	4	1	0	4680327168	691818496	1248596	746213	13006086144	19296227328	52784765828	19296274788
2025-05-20 04:50:04	7	61	8	4	1	0	4680351744	691818496	1248598	746224	13006086144	19297173504	52784767741	19297219444
2025-05-20 04:50:05	7	61	8	4	1	0	4680364032	691818496	1248600	746235	13006086144	19298119680	52784769653	19298167676
2025-05-20 04:50:07	7	61	8	4	1	0	4680425472	691818496	1248602	746247	13006086144	19299295232	52784771565	19299343444
2025-05-20 04:50:08	7	61	8	4	1	0	4680429568	691818496	1248608	746279	13006086144	19302592512	52784775408	19302641528
2025-05-20 04:50:09	7	61	8	4	1	0	4680437760	691818496	1249735	746312	13006086144	19306008576	52798555145	19306054044
2025-05-20 04:50:10	7	61	8	4	1	0	4680445952	691818496	1249738	746355	13006086144	19310735360	52798557067	19310782056
2025-05-20 04:50:11	7	61	8	4	1	0	4680511488	691818496	1250839	746393	13006086144	19314855936	52811970795	19314900596
2025-05-20 04:50:12	7	61	8	4	1	0	4680540160	691818496	1250842	746434	13006086144	19319369728	52811972717	19319412783
2025-05-20 04:50:13	7	61	8	4	1	0	4680552448	691818496	1250844	746474	13006086144	19323854848	52811974631	19323897677
2025-05-20 04:50:14	7	61	8	4	1	0	4680552448	691818496	1250849	746521	13006086144	19328815104	52811976569	19328858171
2025-05-20 04:50:15	7	61	8	4	1	0	4680552448	691818496	1250851	746561	13006086144	19333177344	52811978483	19333221715
2025-05-20 04:50:16	7	61	8	4	1	0	4680564736	691818496	1250854	746599	13006086144	19337297920	52811980405	19337343318
2025-05-20 04:50:18	7	61	8	4	1	0	4680572928	691818496	1250857	746628	13006086144	19340369920	52811982325	19340414665
2025-05-20 04:50:19	7	61	8	4	1	0	4680585216	691818496	1250859	746647	13006086144	19342376960	52811984237	19342423267
2025-05-20 04:50:20	7	61	8	4	1	0	4680347648	691818496	1250864	746660	13006086144	19343441920	52811988073	19343487674
2025-05-20 04:50:21	7	61	8	4	1	0	4680347648	691818496	1251759	746664	13006086144	19343560704	52822657659	19343607588
2025-05-20 04:50:23	7	61	8	4	1	0	4680347648	691818496	1251988	746673	13006086144	19344154624	52825337660	19344200025
2025-05-20 04:50:24	7	61	8	4	1	0	4680347648	691818496	1251992	746686	13006086144	19345334272	52825341488	19345374570
2025-05-20 04:50:25	7	61	8	4	1	0	4680351744	691818496	1251994	746711	13006086144	19348049920	52825343402	19348091145
2025-05-20 04:50:26	7	61	8	4	1	0	4680351744	691818496	1251997	746753	13006086144	19352621056	52825345324	19352661779
2025-05-20 04:50:27	7	61	8	4	1	0	4680318976	691818496	1252001	746796	13006086144	19357085696	52825347253	19357123939
2025-05-20 04:50:28	7	61	8	4	1	0	4680351744	691818496	1252003	746836	13006086144	19361558528	52825349165	19361597970
2025-05-20 04:50:29	7	61	8	4	1	0	4680351744	691818496	1252005	746880	13006086144	19366490112	52825351078	19366529270
2025-05-20 04:50:31	7	61	8	4	1	0	4680351744	691818496	1252007	746918	13006086144	19370778624	52825352992	19370810522
2025-05-20 04:50:32	7	61	8	4	1	0	4680351744	691818496	1253081	746954	13006086144	19374518272	52838134979	19374548108
2025-05-20 04:50:33	7	61	8	4	1	0	4680351744	691818496	1253083	746990	13006086144	19378499584	52838136892	19378531291
2025-05-20 04:50:34	7	61	8	4	1	0	4680351744	691818496	1253087	747020	13006086144	19381673984	52838140719	19381706926
2025-05-20 04:50:35	7	61	8	4	1	0	4680351744	691818496	1253090	747042	13006086144	19383914496	52838142641	19383947808
2025-05-20 04:50:36	7	61	8	4	1	0	4680282112	691818496	1253092	747054	13006086144	19385094144	52838144555	19385125226
2025-05-20 04:50:37	7	61	8	4	1	0	4680282112	691818496	1253095	747065	13006086144	19385909248	52838146477	19385942765
2025-05-20 04:50:39	7	61	8	4	1	0	4680282112	691818496	1253100	747076	13006086144	19386732544	52838150312	19386764448
2025-05-20 04:50:40	7	61	8	4	1	0	4680282112	691818496	1253103	747094	13006086144	19388493824	52838152233	19388527823
2025-05-20 04:50:41	7	61	8	4	1	0	4680351744	691818496	1253106	747126	13006086144	19391881216	52838154155	19391912332
2025-05-20 04:50:42	7	61	8	4	1	0	4680351744	691818496	1253110	747170	13006086144	19396538368	52838156085	19396570012
2025-05-20 04:50:43	7	61	8	4	1	0	4680351744	691818496	1253113	747212	13006086144	19400982528	52838158007	19401014237
2025-05-20 04:50:44	7	61	8	4	1	0	4680351744	691818496	1254236	747246	13006086144	19404591104	52852075089	19404624452
2025-05-20 04:50:46	7	61	8	4	1	0	4680339456	691818496	1254239	747287	13006086144	19409051648	52852077011	19409085380
2025-05-20 04:50:47	7	61	8	4	1	0	4680339456	691818496	1254244	747333	13006086144	19413848064	52852078949	19413879861
2025-05-20 04:50:48	7	61	8	4	1	0	4680302592	691818496	1254247	747369	13006086144	19417714688	52852080871	19417746849
2025-05-20 04:50:49	7	61	8	4	1	0	4680302592	691818496	1254249	747397	13006086144	19420749824	52852082785	19420782509
2025-05-20 04:50:50	7	61	8	4	1	0	4680351744	691818496	1254256	747417	13006086144	19422380032	52852086635	19422411557
2025-05-20 04:50:51	7	61	8	4	1	0	4680351744	691818496	1254258	747430	13006086144	19423657984	52852088549	19423690019
2025-05-20 04:50:52	7	61	8	4	1	0	4680351744	691818496	1254260	747442	13006086144	19424706560	52852090463	19424737893
2025-05-20 04:50:54	7	61	8	4	1	0	4680351744	691818496	1254263	747453	13006086144	19425640448	52852092385	19425672152
2025-05-20 04:50:55	7	61	8	4	1	0	4680376320	691818496	1254269	747473	13006086144	19427389440	52852096228	19427423657
2025-05-20 04:50:56	7	61	8	4	1	0	4680376320	691818496	1254272	747509	13006086144	19431276544	52852098149	19431306032
2025-05-20 04:50:57	7	61	8	4	1	0	4680376320	691818496	1254683	747550	13006086144	19435761664	52857196835	19435788801
2025-05-20 04:50:58	7	61	8	4	1	0	4680376320	691818496	1254688	747595	13006086144	19440508928	52857198773	19440533919
2025-05-20 04:50:59	7	61	8	4	1	0	4680376320	691818496	1254690	747638	13006086144	19445383168	52857200687	19445408774
2025-05-20 04:51:00	7	61	8	4	1	0	4680351744	691818496	1254694	747682	13006086144	19449991168	52857202617	19450017319
2025-05-20 04:51:01	7	61	8	4	1	0	4680409088	691818496	1254698	747721	13006086144	19454078976	52857204657	19454097012
2025-05-20 04:51:02	7	61	8	4	1	0	4680409088	691818496	1254703	747761	13006086144	19458203648	52857206594	19458220954
2025-05-20 04:51:04	7	61	8	4	1	0	4680343552	691818496	1254706	747787	13006086144	19460935680	52857208515	19460952467
2025-05-20 04:51:05	7	61	8	4	1	0	4680343552	691818496	1255192	747801	13006086144	19462352896	52863022699	19462372565
2025-05-20 04:51:06	7	61	8	4	1	0	4680343552	691818496	1255830	747811	13006086144	19462946816	52870690866	19462964386
2025-05-20 04:51:07	7	61	8	4	1	0	4680343552	691818496	1255832	747819	13006086144	19463532544	52870692779	19463552418
2025-05-20 04:51:09	7	61	8	4	1	0	4680343552	691818496	1255836	747830	13006086144	19464491008	52870696606	19464507910
2025-05-20 04:51:10	7	61	8	4	1	0	4680384512	691818496	1255839	747855	13006086144	19467104256	52870698527	19467123472
2025-05-20 04:51:11	7	61	8	4	1	0	4680388608	691818496	1255841	747894	13006086144	19471495168	52870700441	19471514023
2025-05-20 04:51:12	7	61	8	4	1	0	4680388608	691818496	1256411	747936	13006086144	19476000768	52877627757	19476022297
2025-05-20 04:51:13	7	61	8	4	1	0	4680364032	691818496	1256414	747979	13006086144	19480580096	52877629679	19480600708
2025-05-20 04:51:14	7	61	8	4	1	0	4680372224	691818496	1256418	748022	13006086144	19485138944	52877631609	19485159158
2025-05-20 04:51:15	7	61	8	4	1	0	4680372224	691818496	1256422	748068	13006086144	19490070528	52877633539	19490089491
2025-05-20 04:51:17	7	61	8	4	1	0	4680335360	691818496	1256425	748110	13006086144	19494645760	52877635461	19494666533
2025-05-20 04:51:18	7	61	8	4	1	0	4680396800	691818496	1256427	748151	13006086144	19499257856	52877637375	19499277028
2025-05-20 04:51:19	7	61	8	4	1	0	4680409088	691818496	1256918	748191	13006086144	19503587328	52883406016	19503608184
2025-05-20 04:51:20	7	61	8	4	1	0	4680409088	691818496	1257521	748226	13006086144	19507367936	52890689556	19507388354
2025-05-20 04:51:21	7	61	8	4	1	0	4680404992	691818496	1257523	748254	13006086144	19510325248	52890691470	19510344109
2025-05-20 04:51:22	7	61	8	4	1	0	4680404992	691818496	1257527	748274	13006086144	19512434688	52890695298	19512455356
2025-05-20 04:51:23	7	61	8	4	1	0	4680404992	691818496	1257529	748289	13006086144	19513966592	52890697212	19513986948
2025-05-20 04:51:24	7	61	8	4	1	0	4680404992	691818496	1257532	748301	13006086144	19514908672	52890699134	19514930392
2025-05-20 04:51:26	7	61	8	4	1	0	4680404992	691818496	1257534	748311	13006086144	19515736064	52890701048	19515752807
2025-05-20 04:51:27	7	61	8	4	1	0	4680327168	691818496	1257540	748322	13006086144	19516555264	52890704891	19516573652
2025-05-20 04:51:28	7	61	8	4	1	0	4680327168	691818496	1257590	748345	13006086144	19518939136	52891284098	19518956051
2025-05-20 04:51:29	7	61	8	4	1	0	4680409088	691818496	1258509	748379	13006086144	19522445312	52902629641	19522454372
2025-05-20 04:51:31	7	61	8	4	1	0	4680409088	691818496	1258512	748423	13006086144	19527233536	52902631563	19527239976
2025-05-20 04:51:32	7	61	8	4	1	0	4680785920	691818496	1258518	748466	13006086144	19531542528	52902633621	19531545879
2025-05-20 04:51:33	7	61	8	4	1	0	4680785920	691818496	1258521	748506	13006086144	19535859712	52902635541	19535864167
2025-05-20 04:51:34	7	61	8	4	1	0	4680785920	691818496	1258525	748553	13006086144	19540807680	52902637469	19540812883
2025-05-20 04:51:35	7	61	8	4	1	0	4680785920	691818496	1258529	748595	13006086144	19545292800	52902639399	19545295287
2025-05-20 04:51:36	7	61	8	4	1	0	4680781824	691818496	1259649	748628	13006086144	19548696576	52915911878	19548701221
2025-05-20 04:51:37	7	61	8	4	1	0	4680781824	691818496	1259652	748662	13006086144	19552350208	52915913800	19552355692
2025-05-20 04:51:38	7	61	8	4	1	0	4680781824	691818496	1259654	748686	13006086144	19554963456	52915915713	19554967666
2025-05-20 04:51:39	7	61	8	4	1	0	4680761344	691818496	1259657	748702	13006086144	19556380672	52915917634	19556384266
2025-05-20 04:51:41	7	61	8	4	1	0	4680761344	691818496	1259659	748713	13006086144	19557437440	52915919548	19557443773
2025-05-20 04:51:42	7	61	8	4	1	0	4680761344	691818496	1259662	748726	13006086144	19558502400	52915921470	19558507286
2025-05-20 04:51:43	7	61	8	4	1	0	4680761344	691818496	1259666	748750	13006086144	19561107456	52915925298	19561110924
2025-05-20 04:51:44	7	61	8	4	1	0	4680785920	691818496	1259669	748787	13006086144	19565137920	52915927220	19565140862
2025-05-20 04:51:45	7	61	8	4	1	0	4680785920	691818496	1259673	748830	13006086144	19569770496	52915929150	19569775120
2025-05-20 04:51:46	7	61	8	4	1	0	4680785920	691818496	1260365	748870	13006086144	19574042624	52923822419	19574048398
2025-05-20 04:51:47	7	61	8	4	1	0	4680785920	691818496	1260798	748909	13006086144	19578122240	52928984821	19578130126
2025-05-20 04:51:48	7	61	8	4	1	0	4680785920	691818496	1260800	748950	13006086144	19582685184	52928986735	19582693015
2025-05-20 04:51:50	7	61	8	4	1	0	4680785920	691818496	1260803	748994	13006086144	19587481600	52928988657	19587488433
2025-05-20 04:51:51	7	61	8	4	1	0	4680785920	691818496	1260805	749033	13006086144	19591811072	52928990571	19591818584
2025-05-20 04:51:52	7	61	8	4	1	0	4680843264	691818496	1260807	749073	13006086144	19596238848	52928992485	19596246173
2025-05-20 04:51:53	7	61	8	4	1	0	4680843264	691818496	1260809	749114	13006086144	19600781312	52928994400	19600788067
2025-05-20 04:51:54	7	61	8	4	1	0	4680843264	691818496	1260812	749144	13006086144	19603808256	52928996324	19603814858
2025-05-20 04:51:55	7	61	8	4	1	0	4680843264	691818496	1261934	749157	13006086144	19605102592	52942268582	19605108498
2025-05-20 04:51:56	7	61	8	4	1	0	4680843264	691818496	1261939	749172	13006086144	19606503424	52942272423	19606510399
2025-05-20 04:51:57	7	61	8	4	1	0	4680843264	691818496	1261942	749184	13006086144	19607437312	52942274347	19607443052
2025-05-20 04:51:59	7	61	8	4	1	0	4680843264	691818496	1261946	749193	13006086144	19608145920	52942278183	19608148896
2025-05-20 04:52:00	7	61	8	4	1	0	4680843264	691818496	1261948	749203	13006086144	19608965120	52942280101	19608968306
2025-05-20 04:52:02	7	61	8	4	1	0	4680843264	691818496	1261952	749226	13006086144	19611209728	52942282147	19611210425
2025-05-20 04:52:03	7	61	8	4	1	0	4680806400	691818496	1261954	749261	13006086144	19615088640	52942284064	19615081778
2025-05-20 04:52:04	7	61	8	4	1	0	4680843264	691818496	1261956	749298	13006086144	19619221504	52942285980	19619215351
2025-05-20 04:52:05	7	61	8	4	1	0	4680843264	691818496	1261959	749340	13006086144	19623809024	52942287905	19623801960
2025-05-20 04:52:06	7	61	8	4	1	0	4680843264	691818496	1261964	749384	13006086144	19628261376	52942289847	19628256381
2025-05-20 04:52:07	7	61	8	4	1	0	4680843264	691818496	1261967	749425	13006086144	19632713728	52942291773	19632708160
2025-05-20 04:52:08	7	61	8	4	1	0	4680847360	691818496	1263058	749461	13006086144	19636555776	52955255303	19636550796
2025-05-20 04:52:09	7	61	8	4	1	0	4680826880	691818496	1263065	749504	13006086144	19640975360	52955259163	19640968752
2025-05-20 04:52:10	7	61	8	4	1	0	4680847360	691818496	1263068	749544	13006086144	19645288448	52955261089	19645285887
2025-05-20 04:52:11	7	61	8	4	1	0	4680847360	691818496	1263070	749583	13006086144	19649597440	52955263007	19649591723
2025-05-20 04:52:12	7	61	8	4	1	0	4680822784	691818496	1263074	749614	13006086144	19652644864	52955264941	19652639461
2025-05-20 04:52:13	7	61	8	4	1	0	4680822784	691818496	1263076	749637	13006086144	19655077888	52955266859	19655074321
2025-05-20 04:52:15	7	61	8	4	1	0	4680847360	691818496	1263079	749652	13006086144	19656474624	52955268785	19656471630
2025-05-20 04:52:16	7	61	8	4	1	0	4680847360	691818496	1263083	749663	13006086144	19657412608	52955272621	19657407637
2025-05-20 04:52:17	7	61	8	4	1	0	4680847360	691818496	1263086	749674	13006086144	19658231808	52955274547	19658226410
2025-05-20 04:52:19	7	61	8	4	1	0	4680847360	691818496	1263088	749689	13006086144	19659751424	52955276465	19659745538
2025-05-20 04:52:20	7	61	8	4	1	0	4680847360	691818496	1263116	749720	13006086144	19662897152	52955595436	19662894374
2025-05-20 04:52:21	7	61	8	4	1	0	4680847360	691818496	1263120	749765	13006086144	19667582976	52955597369	19667577790
2025-05-20 04:52:22	7	61	8	4	1	0	4681183232	691818496	1263122	749807	13006086144	19672236032	52955599286	19672234189
2025-05-20 04:52:23	7	61	8	4	1	0	4681314304	691818496	1263124	749849	13006086144	19676921856	52955601204	19676919171
2025-05-20 04:52:24	7	61	8	4	1	0	4681428992	691818496	1263126	749892	13006086144	19681714176	52955603122	19681710696
2025-05-20 04:52:25	7	61	8	4	1	0	4681428992	691818496	1263133	749938	13006086144	19686494208	52955606982	19686491472
2025-05-20 04:52:26	7	61	8	4	1	0	4681551872	691818496	1263135	749980	13006086144	19691196416	52955608900	19691193587
2025-05-20 04:52:27	7	61	8	4	1	0	4681666560	691818496	1263352	750019	13006086144	19695005696	52957433692	19695001082
2025-05-20 04:52:28	7	61	8	4	1	0	4681785344	691818496	1263506	750049	13006086144	19698135040	52958752099	19698128733
2025-05-20 04:52:29	7	61	8	4	1	0	4681785344	691818496	1263937	750120	13006086144	19701510144	52963266084	19701506348
2025-05-20 04:52:31	7	61	8	4	1	0	4681908224	691818496	1263940	750141	13006086144	19703713792	52963268010	19703707409
2025-05-20 04:52:32	7	61	8	4	1	0	4681912320	691818496	1263944	750158	13006086144	19705139200	52963270058	19705130525
2025-05-20 04:52:33	7	61	8	4	1	0	4681912320	691818496	1263948	750165	13006086144	19705745408	52963273899	19705732687
2025-05-20 04:52:35	7	61	8	4	1	0	4682014720	691818496	1263950	750172	13006086144	19706236928	52963275814	19706219388
2025-05-20 04:52:36	7	61	8	4	1	0	4682018816	691818496	1263954	750180	13006086144	19706736640	52963279647	19706720264
2025-05-20 04:52:38	7	61	8	4	1	0	4682018816	691818496	1264028	750197	13006086144	19708178432	52963974067	19708159620
2025-05-20 04:52:39	7	61	8	4	1	0	4682113024	691818496	1264364	750246	13006086144	19711848448	52967475381	19711829333
2025-05-20 04:52:40	7	61	8	4	1	0	4668477440	691818496	1265535	750277	13006086144	19714953216	52979309498	19714935356
2025-05-20 04:52:41	7	61	8	4	1	0	4668477440	691818496	1266751	750310	13006086144	19718299648	52991288175	19718282666
2025-05-20 04:52:42	7	61	8	4	1	0	4668702720	691818496	1266756	750341	13006086144	19721461760	52991290117	19721445136
2025-05-20 04:52:43	7	61	8	4	1	0	4668825600	691818496	1266759	750378	13006086144	19725430784	52991292043	19725411402
2025-05-20 04:52:44	7	61	8	4	1	0	4668936192	691818496	1266762	750407	13006086144	19728588800	52991293969	19728570793
2025-05-20 04:52:45	7	61	8	4	1	0	4669050880	691818496	1266768	750436	13006086144	19731574784	52991297819	19731557459
2025-05-20 04:52:46	7	61	8	4	1	0	4669050880	691818496	1266770	750460	13006086144	19734175744	52991299737	19734156879
2025-05-20 04:52:47	7	61	8	4	1	0	4669050880	691818496	1266772	750477	13006086144	19735826432	52991301655	19735807950
2025-05-20 04:52:49	7	61	8	4	1	0	4669173760	691818496	1266775	750486	13006086144	19736420352	52991303581	19736402126
2025-05-20 04:52:50	7	61	8	4	1	0	4669173760	691818496	1266781	750496	13006086144	19736985600	52991307433	19736968216
2025-05-20 04:52:52	7	61	8	4	1	0	4669173760	691818496	1266783	750516	13006086144	19739127808	52991309351	19739108354
2025-05-20 04:52:53	7	61	8	4	1	0	4669296640	691818496	1267992	750541	13006086144	19741552640	53003466911	19741533474
2025-05-20 04:52:54	7	61	8	4	1	0	4669390848	691818496	1267996	750574	13006086144	19745034240	53003468845	19745015180
2025-05-20 04:52:55	7	61	8	4	1	0	4669542400	691818496	1268000	750608	13006086144	19748581376	53003470779	19748565673
2025-05-20 04:52:56	7	61	8	4	1	0	4669665280	691818496	1268004	750647	13006086144	19752566784	53003472713	19752549980
2025-05-20 04:52:57	7	61	8	4	1	0	4669751296	691818496	1268006	750676	13006086144	19755884544	53003474631	19755867229
2025-05-20 04:52:58	7	61	8	4	1	0	4669751296	691818496	1268011	750713	13006086144	19759722496	53003476573	19759707341
2025-05-20 04:52:59	7	61	8	4	1	0	4669677568	691818496	1269220	750743	13006086144	19762659328	53015477736	19762642455
2025-05-20 04:53:00	7	61	8	4	1	0	4669677568	691818496	1269225	750779	13006086144	19766386688	53015479677	19766368998
2025-05-20 04:53:01	7	61	8	4	1	0	4680499200	691818496	1269232	750803	13006086144	19768537088	53015483649	19768515263
2025-05-20 04:53:02	7	61	8	4	1	0	4674150400	691818496	1269234	750819	13006086144	19770175488	53015485567	19770156025
2025-05-20 04:53:04	7	61	8	4	1	0	4674084864	691818496	1269237	750830	13006086144	19771125760	53015487491	19771101323
2025-05-20 04:53:05	7	61	8	4	1	0	4674084864	691818496	1269240	750840	13006086144	19771846656	53015489412	19771816281
2025-05-20 04:53:06	7	61	8	4	1	0	4674084864	691818496	1269246	750851	13006086144	19772551168	53015493260	19772524067
2025-05-20 04:53:08	7	61	8	4	1	0	4674084864	691818496	1269248	750864	13006086144	19773878272	53015495177	19773849065
2025-05-20 04:53:09	7	61	8	4	1	0	4674113536	691818496	1269251	750891	13006086144	19776688128	53015497102	19776658762
2025-05-20 04:53:10	7	61	8	4	1	0	4674453504	691818496	1269257	750928	13006086144	19780325376	53015499051	19780296851
2025-05-20 04:53:11	7	61	8	4	1	0	4674486272	691818496	1269260	750959	13006086144	19783708672	53015500977	19783679440
2025-05-20 04:53:12	7	61	8	4	1	0	4674519040	691818496	1269497	750990	13006086144	19787055104	53018358334	19787028484
2025-05-20 04:53:13	7	61	8	4	1	0	4674527232	691818496	1269500	751024	13006086144	19790757888	53018360260	19790731548
2025-05-20 04:53:14	7	61	8	4	1	0	4674527232	691818496	1269504	751061	13006086144	19794739200	53018362194	19794710880
2025-05-20 04:53:15	7	61	8	4	1	0	4674576384	691818496	1269506	751094	13006086144	19798433792	53018364112	19798405612
2025-05-20 04:53:16	7	61	8	4	1	0	4674584576	691818496	1269512	751130	13006086144	19802202112	53018367963	19802174810
2025-05-20 04:53:17	7	61	8	4	1	0	4674658304	691818496	1269514	751155	13006086144	19804872704	53018369880	19804846340
2025-05-20 04:53:18	7	61	8	4	1	0	4674662400	691818496	1269524	751176	13006086144	19807154176	53018413655	19807124995
2025-05-20 04:53:20	7	61	8	4	1	0	4674715648	691818496	1269527	751195	13006086144	19808976896	53018415581	19808951073
2025-05-20 04:53:21	7	61	8	4	1	0	4674715648	691818496	1269530	751210	13006086144	19810222080	53018417507	19810195210
2025-05-20 04:53:22	6	40	8	4	1	0	977461248	691818496	1152085	730925	12357193728	17444872192	51919951688	17445063161
2025-05-20 04:53:23	6	40	8	4	1	0	977461248	691818496	1152090	730928	12357193728	17444872192	51919953608	17445063245
2025-05-20 04:53:25	4	14	8	4	1	0	954490880	691810304	1149640	728326	12357201920	17444720640	52087126512	17445000006
2025-05-20 04:53:26	4	14	8	4	1	0	954490880	691810304	1150218	728326	12357201920	17444720640	52693203440	17445000006
2025-05-20 04:53:27	4	14	8	4	1	0	954490880	691810304	1151214	728326	12357201920	17444720640	53737585136	17445000006
2025-05-20 04:53:28	6	46	8	4	1	0	1133154304	690642944	1160905	728355	12405714944	17444794368	54293302208	17445018716
2025-05-20 04:53:29	7	57	8	4	1	0	1364500480	690642944	1207942	742847	12436926464	17445965824	54315122445	17446156670
2025-05-20 04:53:30	7	60	8	4	1	0	1669328896	690642944	1210787	743340	12692156416	17446449152	54572418195	17446636869
2025-05-20 04:53:31	7	60	8	4	1	0	1954172928	690642944	1210823	743344	12692156416	17446449152	54572853147	17446636945
2025-05-20 04:53:32	7	60	8	4	1	0	2441723904	690642944	1210918	743347	12692156416	17446449152	54575460126	17446637013
2025-05-20 04:53:33	7	60	8	4	1	0	3381731328	690642944	1210972	743354	12692156416	17446449152	54575947076	17446637311
2025-05-20 04:53:34	7	60	8	4	1	0	3477438464	690642944	1211042	743358	12692156416	17446453248	54578752093	17446637563
2025-05-20 04:53:36	7	60	8	4	1	0	4094611456	690642944	1211096	743360	12692156416	17446453248	54581357044	17446637623
2025-05-20 04:53:37	7	60	8	4	1	0	4099874816	690642944	1211165	743363	12692156416	17446453248	54584168504	17446637691
2025-05-20 04:53:38	7	60	8	4	1	0	4067680256	690642944	1211233	743365	12692156416	17446453248	54587000113	17446637751
2025-05-20 04:53:39	7	60	8	4	1	0	4037459968	690642944	1211313	743368	12692156416	17446453248	54590019978	17446637841
2025-05-20 04:53:40	7	60	8	4	1	0	4014854144	690642944	1211410	743371	12692156416	17446453248	54595129613	17446637909
2025-05-20 04:53:41	7	60	8	4	1	0	3989889024	690642944	1211492	743373	12692156416	17446453248	54598088978	17446637969
2025-05-20 04:53:42	7	60	8	4	1	0	3966640128	690642944	1211571	743376	12692156416	17446453248	54601074165	17446638037
2025-05-20 04:53:43	7	60	8	4	1	0	3928408064	690642944	1211645	743379	12692156416	17446453248	54604005151	17446638127
2025-05-20 04:53:44	7	60	8	4	1	0	3919450112	690642944	1211728	743382	12692156416	17446453248	54606997746	17446638195
2025-05-20 04:53:45	7	60	8	4	1	0	3899629568	690642944	1211829	743385	12692156416	17446453248	54612170633	17446638263
2025-05-20 04:53:47	7	60	8	4	1	0	3887349760	690642944	1211906	743388	12692156416	17446453248	54615124975	17446638331
2025-05-20 04:53:48	7	60	8	4	1	0	3867963392	690642944	1211987	743391	12692156416	17446453248	54618112733	17446638399
2025-05-20 04:53:49	7	60	8	4	1	0	3868114944	690642944	1212062	743395	12692156416	17446453248	54620991890	17446638497
2025-05-20 04:53:50	7	60	8	4	1	0	3850317824	690642944	1212131	743398	12692156416	17446453248	54623829767	17446638565
2025-05-20 04:53:51	7	60	8	4	1	0	3853725696	690642944	1212203	743400	12692156416	17446453248	54626703710	17446638625
2025-05-20 04:53:52	7	60	8	4	1	0	3839037440	690642944	1212287	743404	12692156416	17446453248	54629749616	17446638701
2025-05-20 04:53:53	7	60	8	4	1	0	3815030784	690642944	1212369	743406	12692156416	17446453248	54632793760	17446638761
2025-05-20 04:53:54	7	60	8	4	1	0	3796742144	690642944	1212468	743410	12692156416	17446453248	54637906683	17446638859
2025-05-20 04:53:55	7	60	8	4	1	0	3793846272	690642944	1212542	743412	12692156416	17446453248	54640837068	17446638919
2025-05-20 04:53:56	7	60	8	4	1	0	3782713344	690642944	1212617	743415	12692156416	17446453248	54643765644	17446638987
2025-05-20 04:53:58	7	60	8	4	1	0	3768225792	690642944	1212699	743417	12692156416	17446453248	54646813744	17446639047
2025-05-20 04:53:59	7	60	8	4	1	0	3755167744	690642944	1212812	743422	12692156416	17446453248	54652074498	17446639375
2025-05-20 04:54:00	7	60	8	4	1	0	3743662080	690642944	1212900	743427	12692156416	17446457344	54655176847	17446639481
2025-05-20 04:54:01	7	60	8	4	1	0	3731660800	690642944	1212969	743430	12692156416	17446457344	54658011741	17446639549
2025-05-20 04:54:02	7	60	8	4	1	0	3727466496	690642944	1213016	743433	12692156416	17446457344	54660521925	17446639617
2025-05-20 04:54:03	7	60	8	4	1	0	3723821056	690642944	1213042	743435	12692156416	17446457344	54660876869	17446639677
2025-05-20 04:54:04	7	60	8	4	1	0	3718606848	690642944	1213091	743439	12692156416	17446457344	54663392674	17446639775
2025-05-20 04:54:05	7	60	8	4	1	0	3708649472	690642944	1213165	743441	12692156416	17446457344	54666321467	17446639835
2025-05-20 04:54:07	7	60	8	4	1	0	3706568704	690642944	1213242	743444	12692156416	17446457344	54669276654	17446639903
2025-05-20 04:54:08	7	60	8	4	1	0	3699781632	690642944	1213324	743446	12692156416	17446457344	54672316131	17446639963
2025-05-20 04:54:09	7	60	8	4	1	0	3688857600	690642944	1213434	743449	12692156416	17446457344	54677627543	17446640053
2025-05-20 04:54:10	7	60	8	4	1	0	3688943616	690642944	1213517	743452	12692156416	17446457344	54680671406	17446640121
2025-05-20 04:54:11	7	60	8	4	1	0	3685744640	690642944	1213599	743454	12692156416	17446457344	54683714555	17446640181
2025-05-20 04:54:12	7	60	8	4	1	0	3681935360	690642944	1213690	743457	12692156416	17446457344	54686877304	17446640249
2025-05-20 04:54:13	7	60	8	4	1	0	3675054080	690642944	1213790	743459	12692156416	17446457344	54692045157	17446640309
2025-05-20 04:54:14	7	60	8	4	1	0	3670208512	690642944	1213876	743461	12692156416	17446457344	54695143962	17446640369
2025-05-20 04:54:15	7	60	8	4	1	0	3662282752	690642944	1213964	743464	12692156416	17446457344	54698271380	17446640459
2025-05-20 04:54:16	7	60	8	4	1	0	3650707456	690642944	1214066	743468	12692156416	17446457344	54703418968	17446640535
2025-05-20 04:54:17	7	60	8	4	1	0	3645378560	690642944	1214151	743471	12692156416	17446457344	54706493954	17446640603
2025-05-20 04:54:19	7	60	8	4	1	0	3638444032	690642944	1214236	743474	12692156416	17446457344	54709564116	17446640671
2025-05-20 04:54:20	7	60	8	4	1	0	3629998080	690642944	1214342	743476	12692156416	17446457344	54714809387	17446640731
2025-05-20 04:54:21	7	60	8	4	1	0	3626717184	690642944	1214434	743478	12692156416	17446457344	54717987491	17446640791
2025-05-20 04:54:22	7	60	8	4	1	0	3622510592	690642944	1214531	743482	12692156416	17446457344	54721225870	17446640889
2025-05-20 04:54:23	7	60	8	4	1	0	3617333248	690642944	1214631	743484	12692156416	17446457344	54726395447	17446640949
2025-05-20 04:54:24	7	60	8	4	1	0	3623350272	690642944	1214709	743486	12692156416	17446457344	54729380921	17446641009
2025-05-20 04:54:25	7	60	8	4	1	0	3616083968	690642944	1214790	743489	12692156416	17446457344	54732384969	17446641077
2025-05-20 04:54:26	7	60	8	4	1	0	3610267648	690642944	1214863	743492	12692156416	17446457344	54735278162	17446641145
2025-05-20 04:54:27	7	60	8	4	1	0	3601297408	690642944	1214941	743495	12692156416	17446457344	54738256997	17446641235
2025-05-20 04:54:28	7	60	8	4	1	0	3593797632	690642944	1215041	743497	12692156416	17446457344	54743391670	17446641295
2025-05-20 04:54:29	7	60	8	4	1	0	3588517888	690642944	1215130	743502	12692156416	17446461440	54746478848	17446641623
2025-05-20 04:54:31	7	60	8	4	1	0	3584192512	690642944	1215214	743506	12692156416	17446461440	54749517531	17446641699
2025-05-20 04:54:32	7	60	8	4	1	0	3576823808	690642944	1215292	743508	12692156416	17446465536	54752497020	17446641759
2025-05-20 04:54:33	7	60	8	4	1	0	3569569792	690642944	1215374	743511	12692156416	17446465536	54755533196	17446641849
2025-05-20 04:54:34	7	60	8	4	1	0	3567988736	690642944	1215440	743513	12692271104	17446465536	54758276589	17446641909
2025-05-20 04:54:35	7	60	8	4	1	0	3565391872	690642944	1215469	743516	12692271104	17446465536	54758659978	17446641977
2025-05-20 04:54:36	7	60	8	4	1	0	3573157888	690642944	1215512	743520	12692271104	17446465536	54761106081	17446642075
2025-05-20 04:54:37	7	60	8	4	1	0	3568922624	690642944	1215578	743524	12692271104	17446469632	54763844248	17446642151
2025-05-20 04:54:38	7	60	8	4	1	0	3553808384	690642944	1215660	743526	12692271104	17446469632	54766881557	17446642211
2025-05-20 04:54:40	7	60	8	4	1	0	3546857472	690642944	1215739	743529	12692271104	17446469632	54769855862	17446642279
2025-05-20 04:54:41	7	60	8	4	1	0	3541766144	690642944	1215825	743531	12692271104	17446469632	54772942138	17446642339
2025-05-20 04:54:42	7	60	8	4	1	0	3539111936	690642944	1215908	743535	12692271104	17446469632	54775974434	17446642437
2025-05-20 04:54:43	7	60	8	4	1	0	3535405056	690642944	1216011	743538	12692271104	17446469632	54781156126	17446642505
2025-05-20 04:54:44	7	60	8	4	1	0	3529052160	690642944	1216087	743540	12692271104	17446469632	54784097894	17446642565
2025-05-20 04:54:45	7	60	8	4	1	0	3525857280	690642944	1216173	743542	12692271104	17446469632	54787187811	17446642625
2025-05-20 04:54:46	7	60	8	4	1	0	3519778816	690642944	1216253	743544	12692271104	17446469632	54790195141	17446642685
2025-05-20 04:54:47	7	60	8	4	1	0	3508236288	690642944	1216335	743546	12692271104	17446469632	54793226670	17446642745
2025-05-20 04:54:48	7	60	8	4	1	0	3497738240	690642944	1216420	743550	12692271104	17446469632	54796289690	17446642843
2025-05-20 04:54:49	7	60	8	4	1	0	3488321536	690642944	1216505	743553	12692271104	17446469632	54799319294	17446642911
2025-05-20 04:54:51	7	60	8	4	1	0	3481518080	690642944	1216584	743556	12692271104	17446469632	54802261835	17446642979
2025-05-20 04:54:52	7	60	8	4	1	0	3471040512	690642944	1216682	743558	12692271104	17446469632	54807388209	17446643039
2025-05-20 04:54:53	7	60	8	4	1	0	3463188480	690642944	1216767	743561	12692271104	17446469632	54810446839	17446643107
2025-05-20 04:54:54	7	60	8	4	1	0	3452706816	690642944	1216849	743564	12692271104	17446469632	54813476577	17446643197
2025-05-20 04:54:55	7	60	8	4	1	0	3442233344	690642944	1216933	743566	12692271104	17446469632	54816540991	17446643257
2025-05-20 04:54:56	7	60	8	4	1	0	3431768064	690642944	1217007	743568	12692271104	17446469632	54819458018	17446643317
2025-05-20 04:54:57	7	60	8	4	1	0	3426009088	690642944	1217078	743571	12692271104	17446469632	54822314888	17446643385
2025-05-20 04:54:58	7	60	8	4	1	0	3423387648	690642944	1217131	743575	12692271104	17446469632	54824912716	17446643483
2025-05-20 04:54:59	7	60	8	4	1	0	3419226112	690642944	1217164	743580	12692271104	17446469632	54825294908	17446643811
2025-05-20 04:55:01	7	60	8	4	1	0	3413463040	690642944	1217226	743582	12692271104	17446469632	54828036219	17446643871
2025-05-20 04:55:02	7	60	8	4	1	0	3407187968	690642944	1217302	743584	12692271104	17446473728	54830986059	17446643931
2025-05-20 04:55:03	7	60	8	4	1	0	3400908800	690642944	1217390	743588	12692271104	17446473728	54834076504	17446644007
2025-05-20 04:55:04	7	60	8	4	1	0	3392024576	690642944	1217470	743591	12692271104	17446473728	54837085399	17446644097
2025-05-20 04:55:05	7	63	8	4	1	0	3381121024	690642944	1217552	743593	12692271104	17446473728	54840122696	17446644157
2025-05-20 04:55:06	7	63	8	4	1	0	3373248512	690642944	1217653	743596	12692271104	17446473728	54845289725	17446644225
2025-05-20 04:55:07	7	63	8	4	1	0	3362230272	690642944	1217731	743598	12692271104	17446473728	54848268130	17446644285
2025-05-20 04:55:08	7	63	8	4	1	0	3350212608	690642944	1217815	743600	12692271104	17446473728	54851330627	17446644345
2025-05-20 04:55:09	7	63	8	4	1	0	3340255232	690642944	1217904	743604	12692271104	17446473728	54854446695	17446644443
2025-05-20 04:55:10	7	63	8	4	1	0	3332902912	690642944	1217981	743607	12692271104	17446473728	54857389355	17446644511
2025-05-20 04:55:11	7	63	8	4	1	0	3320377344	690642944	1218090	743610	12692271104	17446473728	54862639680	17446644579
2025-05-20 04:55:13	7	63	8	4	1	0	3312529408	690642944	1218176	743612	12692271104	17446473728	54865727504	17446644639
2025-05-20 04:55:14	7	63	8	4	1	0	3309207552	690642944	1218242	743614	12692271104	17446473728	54868495528	17446644699
2025-05-20 04:55:15	7	63	8	4	1	0	3302068224	690642944	1218331	743618	12692271104	17446473728	54871605670	17446644797
2025-05-20 04:55:16	7	63	8	4	1	0	3295789056	690642944	1218405	743620	12692271104	17446473728	54874520044	17446644857
2025-05-20 04:55:17	7	63	8	4	1	0	3287445504	690642944	1218483	743622	12692271104	17446473728	54877488608	17446644917
2025-05-20 04:55:18	7	63	8	4	1	0	3278929920	690642944	1218568	743625	12692271104	17446473728	54880545983	17446644985
2025-05-20 04:55:19	7	63	8	4	1	0	3269517312	690642944	1218655	743628	12692271104	17446473728	54883633344	17446645053
2025-05-20 04:55:20	7	63	8	4	1	0	3258056704	690642944	1218757	743633	12692271104	17446600704	54888801480	17446770603
2025-05-20 04:55:21	7	63	8	4	1	0	3248664576	690642944	1218837	743636	12692271104	17446600704	54891810368	17446770693
2025-05-20 04:55:22	7	63	8	4	1	0	3241324544	690642944	1218922	743639	12692271104	17446600704	54894872789	17446770761
2025-05-20 04:55:23	7	63	8	4	1	0	3230871552	690642944	1219002	743641	12692271104	17446600704	54897883549	17446770821
2025-05-20 04:55:24	7	63	8	4	1	0	3221458944	690642944	1219092	743643	12692271104	17446600704	54901009723	17446770881
2025-05-20 04:55:26	7	63	8	4	1	0	3214155776	690642944	1219173	743646	12692271104	17446600704	54904013893	17446770949
2025-05-20 04:55:27	7	63	8	4	1	0	3206848512	690642944	1219231	743648	12692271104	17446600704	54906700474	17446771009
2025-05-20 04:55:28	7	63	8	4	1	0	3203170304	690642944	1219278	743652	12692271104	17446600704	54909208576	17446771107
2025-05-20 04:55:29	7	63	8	4	1	0	3201662976	690642944	1219295	743658	12692271104	17446604800	54909386925	17446771465
2025-05-20 04:55:31	7	63	8	4	1	0	3201187840	690642944	1219312	743662	12692271104	17446604800	54909567801	17446771563
2025-05-20 04:55:32	7	63	8	4	1	0	3196526592	690642944	1219372	743664	12692271104	17446604800	54912278281	17446771623
2025-05-20 04:55:33	7	63	8	4	1	0	3186630656	690642944	1219451	743667	12692271104	17446608896	54915253790	17446771691
2025-05-20 04:55:34	7	63	8	4	1	0	3177918464	690642944	1219539	743671	12692271104	17446608896	54918347989	17446771767
2025-05-20 04:55:35	7	63	8	4	1	0	3171364864	690642944	1219632	743674	12692271104	17446608896	54923106242	17446771835
2025-05-20 04:55:36	7	63	8	4	1	0	3165544448	690642944	1219683	743678	12692271104	17446608896	54929399610	17446771933
2025-05-20 04:55:37	7	63	8	4	1	0	3675607040	690642944	1219733	743680	12692271104	17446608896	54935692970	17446771993
2025-05-20 04:55:38	7	63	8	4	1	0	4249493504	690642944	1219783	743682	12692271104	17446608896	54941986333	17446772053
2025-05-20 04:55:40	7	63	8	4	1	0	4502142976	690642944	1219835	743684	12692271104	17446608896	54948281603	17446772113
2025-05-20 04:55:41	7	63	8	4	1	0	4514004992	690642944	1219901	743686	12692271104	17446608896	54956672117	17446772177
2025-05-20 04:55:42	7	63	8	4	1	0	4517109760	690642944	1219953	743691	12692271104	17446608896	54962965496	17446772289
2025-05-20 04:55:43	7	63	8	4	1	0	4580245504	690642944	1219988	743694	12692271104	17446608896	54965284971	17446772361
2025-05-20 04:55:44	7	63	8	4	1	0	4581523456	690642944	1220075	743697	12692271104	17446608896	54968356348	17446772433
2025-05-20 04:55:45	7	63	8	4	1	0	4581523456	690642944	1220166	743700	12692271104	17446612992	54971498233	17446772505
2025-05-20 04:55:46	7	63	8	4	1	0	4581535744	690642944	1220252	743704	12692271104	17446612992	54974513185	17446772585
2025-05-20 04:55:47	7	63	8	4	1	0	4601851904	690642944	1220337	743708	12692271104	17446612992	54977577471	17446772689
2025-05-20 04:55:48	7	63	8	4	1	0	4593836032	690642944	1220448	743711	12692271104	17446612992	54982876231	17446772761
2025-05-20 04:55:49	7	63	8	4	1	0	4593836032	690642944	1220542	743713	12692271104	17446612992	54986079676	17446772825
2025-05-20 04:55:51	7	63	8	4	1	0	4593242112	690642944	1220624	743717	12692271104	17446612992	54989097092	17446772905
2025-05-20 04:55:52	7	63	8	4	1	0	4593254400	690642944	1220710	743721	12692271104	17446612992	54992144018	17446772985
2025-05-20 04:55:53	7	63	8	4	1	0	4593106944	690642944	1220809	743724	12692271104	17446612992	54997275803	17446773057
2025-05-20 04:55:54	7	63	8	4	1	0	4593106944	690642944	1220892	743728	12692271104	17446612992	55000319748	17446773161
2025-05-20 04:55:55	7	63	8	4	1	0	4593111040	690642944	1220977	743731	12692271104	17446612992	55003398767	17446773233
2025-05-20 04:55:56	7	63	8	4	1	0	4593119232	690642944	1221056	743734	12692271104	17446612992	55006387574	17446773305
2025-05-20 04:55:57	7	63	8	4	1	0	4594155520	690642944	1221152	743736	12692271104	17446612992	55011493080	17446773369
2025-05-20 04:55:58	7	63	8	4	1	0	4584570880	690642944	1221239	743739	12692271104	17446612992	55014581645	17446773441
2025-05-20 04:55:59	7	63	8	4	1	0	4584574976	690642944	1221315	743746	12692271104	17446612992	55017475314	17446773813
2025-05-20 04:56:00	7	63	8	4	1	0	4584587264	690642944	1221379	743748	12692271104	17446612992	55020255040	17446773877
2025-05-20 04:56:01	7	63	8	4	1	0	4584595456	690642944	1221453	743750	12692271104	17446612992	55023171154	17446773941
2025-05-20 04:56:03	7	63	8	4	1	0	4584632320	690642944	1221521	743752	12692271104	17446612992	55025976322	17446774005
2025-05-20 04:56:04	7	63	8	4	1	0	4584640512	690642944	1221596	743755	12692271104	17446612992	55028889411	17446774077
2025-05-20 04:56:05	7	63	8	4	1	0	4584656896	690642944	1221679	743759	12692271104	17446612992	55031927800	17446774181
2025-05-20 04:56:06	7	63	8	4	1	0	4585873408	690642944	1221754	743762	12692271104	17446612992	55034850740	17446774253
2025-05-20 04:56:07	7	63	8	4	1	0	4587294720	690642944	1221829	743765	12692271104	17446612992	55037773884	17446774325
2025-05-20 04:56:08	7	63	8	4	1	0	4583772160	690642944	1221917	743767	12692271104	17446617088	55040897301	17446774389
2025-05-20 04:56:09	7	63	8	4	1	0	4583776256	690642944	1222005	743769	12692271104	17446617088	55044013084	17446774453
2025-05-20 04:56:10	7	63	8	4	1	0	4583800832	690642944	1222104	743773	12692271104	17446617088	55049142483	17446774557
2025-05-20 04:56:11	7	63	8	4	1	0	4583804928	690642944	1222186	743775	12692271104	17446617088	55052175534	17446774621
2025-05-20 04:56:12	7	63	8	4	1	0	4583804928	690642944	1222277	743778	12692271104	17446617088	55055319355	17446774693
2025-05-20 04:56:14	7	63	8	4	1	0	4583809024	690642944	1222375	743782	12692271104	17446617088	55058531179	17446774773
2025-05-20 04:56:15	7	63	8	4	1	0	4583809024	690642944	1222473	743784	12692271104	17446617088	55063664384	17446774837
2025-05-20 04:56:16	7	63	8	4	1	0	4583809024	690642944	1222559	743789	12692271104	17446617088	55066726700	17446774949
2025-05-20 04:56:17	7	63	8	4	1	0	4583813120	690642944	1222651	743793	12692271104	17446617088	55069879318	17446775029
2025-05-20 04:56:18	7	63	8	4	1	0	4583817216	690642944	1222735	743797	12692271104	17446617088	55072917726	17446775109
2025-05-20 04:56:19	7	63	8	4	1	0	4583821312	690642944	1222835	743799	12692271104	17446617088	55078085730	17446775173
2025-05-20 04:56:20	7	63	8	4	1	0	4583825408	690642944	1222920	743802	12692271104	17446617088	55081151496	17446775245
2025-05-20 04:56:21	7	63	8	4	1	0	4583833600	690642944	1223010	743804	12692271104	17446617088	55084301130	17446775309
2025-05-20 04:56:22	7	63	8	4	1	0	4583833600	690642944	1223097	743808	12692271104	17446617088	55087394666	17446775413
2025-05-20 04:56:23	7	63	8	4	1	0	4583837696	690642944	1223202	743811	12692271104	17446617088	55092608826	17446775485
2025-05-20 04:56:24	7	63	8	4	1	0	4583837696	690642944	1223289	743814	12692271104	17446617088	55095696189	17446775557
2025-05-20 04:56:26	7	63	8	4	1	0	4583841792	690642944	1223354	743819	12692271104	17446617088	55098409872	17446775645
2025-05-20 04:56:27	7	63	8	4	1	0	4583841792	690642944	1223389	743823	12692271104	17446617088	55098874435	17446775749
2025-05-20 04:56:28	7	63	8	4	1	0	4583841792	690642944	1223438	743826	12692271104	17446617088	55101407538	17446775821
2025-05-20 04:56:29	7	63	8	4	1	0	4583845888	690642944	1223463	743829	12692271104	17446617088	55101730534	17446775893
2025-05-20 04:56:30	7	63	8	4	1	0	4583845888	690642944	1223524	743833	12692271104	17446617088	55104436547	17446775997
2025-05-20 04:56:31	7	63	8	4	1	0	4583845888	690642944	1223603	743836	12692271104	17446617088	55107404138	17446776069
2025-05-20 04:56:33	7	63	8	4	1	0	4583845888	690642944	1223688	743839	12692271104	17446617088	55110457706	17446776141
2025-05-20 04:56:34	7	63	8	4	1	0	4583866368	690642944	1223770	743841	12692271104	17446617088	55113490711	17446776205
2025-05-20 04:56:35	7	63	8	4	1	0	4597514240	690642944	1223850	743845	12692271104	17446617088	55116430615	17446776285
2025-05-20 04:56:36	7	63	8	4	1	0	4597522432	690642944	1223947	743849	12692271104	17446617088	55121527747	17446776389
2025-05-20 04:56:37	7	63	8	4	1	0	4597530624	690642944	1224033	743851	12692271104	17446617088	55124611030	17446776453
2025-05-20 04:56:38	7	63	8	4	1	0	4593336320	690642944	1224114	743854	12692271104	17446621184	55127614971	17446776525
2025-05-20 04:56:39	7	63	8	4	1	0	4593344512	690642944	1224209	743859	12692271104	17446625280	55130785294	17446776857
2025-05-20 04:56:40	7	63	8	4	1	0	4593348608	690642944	1224288	743862	12692271104	17446625280	55133766391	17446776929
2025-05-20 04:56:41	7	63	8	4	1	0	4593352704	690642944	1224366	743867	12692271104	17446625280	55136724572	17446777041
2025-05-20 04:56:42	7	63	8	4	1	0	4593352704	690642944	1224464	743869	12692271104	17446625280	55141865122	17446777105
2025-05-20 04:56:43	7	63	8	4	1	0	4585689088	690642944	1224541	743872	12692271104	17446625280	55144821404	17446777177
2025-05-20 04:56:45	7	63	8	4	1	0	4585693184	690642944	1224620	743875	12692271104	17446625280	55147807414	17446777249
2025-05-20 04:56:46	7	63	8	4	1	0	4585697280	690642944	1224729	743878	12692271104	17446625280	55153059500	17446777321
2025-05-20 04:56:47	7	63	8	4	1	0	4585701376	690642944	1224813	743881	12692271104	17446625280	55156123642	17446777417
2025-05-20 04:56:48	7	63	8	4	1	0	4585705472	690642944	1224885	743883	12692271104	17446625280	55159014056	17446777481
2025-05-20 04:56:49	7	63	8	4	1	0	4585709568	690642944	1224943	743885	12692271104	17446629376	55161699205	17446777545
2025-05-20 04:56:50	7	63	8	4	1	0	4585709568	690642944	1224974	743888	12692271104	17446629376	55162113587	17446777617
2025-05-20 04:56:51	7	63	8	4	1	0	4585709568	690642944	1225024	743893	12692271104	17446629376	55164655006	17446777729
2025-05-20 04:56:52	7	63	8	4	1	0	4585709568	690642944	1225096	743895	12692271104	17446629376	55167550203	17446777793
2025-05-20 04:56:54	7	63	8	4	1	0	4585709568	690642944	1225185	743898	12692271104	17446629376	55170676280	17446777865
2025-05-20 04:56:55	7	63	8	4	1	0	4585709568	690642944	1225269	743900	12692271104	17446629376	55173741302	17446777929
2025-05-20 04:56:56	7	63	8	4	1	0	4585713664	690642944	1225373	743904	12692271104	17446764544	55178929194	17446908235
2025-05-20 04:56:57	7	63	8	4	1	0	4585713664	690642944	1225455	743906	12692271104	17446764544	55181966114	17446908299
2025-05-20 04:56:58	7	63	8	4	1	0	4585717760	690642944	1225538	743911	12692271104	17446764544	55184969276	17446908387
2025-05-20 04:56:59	7	63	8	4	1	0	4585717760	690642944	1225616	743913	12692271104	17446764544	55187942858	17446908451
2025-05-20 04:57:00	7	63	8	4	1	0	4596391936	690642944	1225698	743915	12692271104	17446764544	55190980994	17446908515
2025-05-20 04:57:01	7	63	8	4	1	0	4593233920	690642944	1225784	743920	12692271104	17446764544	55194039055	17446908627
2025-05-20 04:57:02	7	63	8	4	1	0	4593238016	690642944	1225887	743925	12692271104	17446764544	55199201684	17446908715
2025-05-20 04:57:03	7	63	8	4	1	0	4592885760	690642944	1225965	743927	12692271104	17446764544	55202184513	17446908779
2025-05-20 04:57:04	7	63	8	4	1	0	4593070080	690642944	1226049	743931	12692271104	17446764544	55205223867	17446908859
2025-05-20 04:57:06	7	63	8	4	1	0	4593102848	690642944	1226134	743934	12692271104	17446764544	55208297129	17446908931
2025-05-20 04:57:07	7	63	8	4	1	0	4593111040	690642944	1226238	743938	12692271104	17446764544	55213464516	17446909011
2025-05-20 04:57:08	7	63	8	4	1	0	4593115136	690642944	1226331	743942	12692271104	17446764544	55216634771	17446909115
2025-05-20 04:57:09	7	63	8	4	1	0	4593123328	690642944	1226418	743947	12692271104	17446768640	55219705246	17446909447
2025-05-20 04:57:10	7	63	8	4	1	0	4593131520	690642944	1226498	743949	12692271104	17446768640	55222720486	17446909511
2025-05-20 04:57:11	7	63	8	4	1	0	4592918528	690642944	1226597	743952	12692271104	17446768640	55227857236	17446909583
2025-05-20 04:57:12	7	63	8	4	1	0	4593303552	690642944	1226679	743954	12692271104	17446768640	55230894612	17446909647
2025-05-20 04:57:13	7	63	8	4	1	0	4593307648	690642944	1226760	743958	12692271104	17446768640	55233904009	17446909751
2025-05-20 04:57:14	7	63	8	4	1	0	4593528832	690642944	1226837	743961	12692271104	17446768640	55236858348	17446909823
2025-05-20 04:57:15	7	63	8	4	1	0	4593532928	690642944	1226913	743963	12692271104	17446768640	55239804754	17446909887
2025-05-20 04:57:17	7	63	8	4	1	0	4592947200	690642944	1226988	743966	12692271104	17446768640	55242723404	17446909959
2025-05-20 04:57:18	7	63	8	4	1	0	4592959488	690642944	1227071	743969	12692271104	17446768640	55245757332	17446910031
2025-05-20 04:57:19	7	63	8	4	1	0	4592959488	690642944	1227138	743973	12692271104	17446768640	55248530195	17446910135
2025-05-20 04:57:20	7	63	8	4	1	0	4592959488	690642944	1227184	743975	12692271104	17446768640	55251041467	17446910199
2025-05-20 04:57:21	7	63	8	4	1	0	4592959488	690642944	1227210	743977	12692271104	17446768640	55251394571	17446910263
2025-05-20 04:57:22	7	63	8	4	1	0	4592963584	690642944	1227268	743980	12692271104	17446768640	55254082456	17446910359
2025-05-20 04:57:23	7	63	8	4	1	0	4592967680	690642944	1227352	743982	12692271104	17446768640	55257148800	17446910423
2025-05-20 04:57:24	7	63	8	4	1	0	4593479680	690642944	1227432	743984	12692271104	17446768640	55260162537	17446910487
2025-05-20 04:57:26	7	63	8	4	1	0	4593467392	690642944	1227525	743987	12692271104	17446768640	55265216743	17446910559
2025-05-20 04:57:27	7	63	8	4	1	0	4593475584	690642944	1227595	743989	12692271104	17446768640	55268085232	17446910623
2025-05-20 04:57:28	7	63	8	4	1	0	4593475584	690642944	1227675	743994	12692271104	17446768640	55271036942	17446910735
2025-05-20 04:57:29	6	39	8	4	1	0	977571840	690642944	1152589	729052	12359700480	17444835328	54284927145	17445032863
2025-05-20 04:57:30	2	6	6	4	1	0	234663936	619065344	32421	724	1016573952	479232	1001047392	2114872
2025-05-20 04:57:31	1	1	1	1	1	0	304365568	535941120	1151739	728258	12442513408	17445203968	54283878879	17445009866
2025-05-20 04:57:32	1	1	1	1	1	0	383143936	458534912	1151744	728258	12518920192	17445203968	54283889063	17445009866
