Time,PID,Virt,Res,CPU,Memory,TCP Connections,Thread Count,User,System,Children_User,Children_System,IO,uss,swap,processor_num,core_num,cpu_num,cpu_ids,process_status,read_count,write_count,read_bytes,write_bytes,read_chars,write_chars
2025-05-20 04:38:40,23408,2043207680,30400512,0.0,0.09109590882161146,0,11,0.0,0.01,0.0,0.0,0.0,10149888,0,6,4,1,0,sleeping,37,7,0,4096,14810,336
2025-05-20 04:38:41,23408,2043207680,30400512,0.0,0.09109590882161146,0,11,0.0,0.01,0.0,0.0,0.0,10158080,0,6,4,1,0,sleeping,40,10,0,4096,16697,404
2025-05-20 04:38:42,23408,2043207680,30400512,0.0,0.09109590882161146,0,11,0.0,0.01,0.0,0.0,0.0,10158080,0,6,4,1,0,sleeping,42,12,0,4096,18579,464
2025-05-20 04:38:44,23408,2043207680,30400512,0.0,0.09109590882161146,0,11,0.0,0.01,0.0,0.0,0.0,10166272,0,6,4,1,0,sleeping,46,16,0,4096,20482,540
2025-05-20 04:38:45,23408,2043207680,30400512,0.0,0.09109590882161146,0,11,0.0,0.01,0.0,0.0,0.0,10174464,0,7,4,1,0,sleeping,48,18,0,4096,22375,600
2025-05-20 04:38:46,23408,2043207680,30400512,0.0,0.09109590882161146,0,11,0.0,0.01,0.0,0.0,0.0,10199040,0,6,4,1,0,sleeping,51,22,0,4096,24276,698
2025-05-20 04:38:47,23408,2043207680,30400512,0.0,0.09109590882161146,0,11,0.0,0.01,0.0,0.0,0.0,10199040,0,7,4,1,0,sleeping,56,25,0,4096,28071,766
2025-05-20 04:38:48,23408,2043207680,30400512,0.0,0.09109590882161146,0,11,0.0,0.01,0.0,0.0,0.0,10203136,0,8,4,1,0,sleeping,59,28,0,4096,29973,834
2025-05-20 04:38:49,23408,2043207680,30400512,0.0,0.09109590882161146,0,11,0.0,0.01,0.0,0.0,0.0,10211328,0,6,4,1,0,sleeping,61,30,0,4096,31866,894
2025-05-20 04:38:50,23408,2043207680,30400512,0.9,0.09109590882161146,0,11,0.01,0.01,0.0,0.0,0.0,10223616,0,7,4,1,0,sleeping,65,34,0,4096,33775,970
2025-05-20 04:38:51,23408,2043207680,30400512,0.0,0.09109590882161146,0,11,0.01,0.01,0.0,0.0,0.0,10227712,0,7,4,1,0,sleeping,68,37,0,4096,35676,1038
2025-05-20 04:38:52,23408,2043207680,30400512,0.0,0.09109590882161146,0,11,0.01,0.01,0.0,0.0,0.0,10272768,0,7,4,1,0,sleeping,71,41,0,4096,37577,1136
2025-05-20 04:38:54,23408,2043207680,30400512,0.0,0.09109590882161146,0,11,0.01,0.01,0.0,0.0,0.0,10293248,0,7,4,1,0,sleeping,75,45,0,4096,39487,1212
2025-05-20 04:38:55,23408,2043207680,30400512,0.0,0.09109590882161146,0,11,0.01,0.01,0.0,0.0,0.0,10301440,0,6,4,1,0,sleeping,79,48,0,4096,43277,1302
2025-05-20 04:38:56,23408,2043207680,30400512,0.0,0.09109590882161146,0,11,0.01,0.01,0.0,0.0,0.0,10317824,0,6,4,1,0,sleeping,83,52,0,4096,45190,1378
2025-05-20 04:38:57,23408,2043207680,30400512,0.0,0.09109590882161146,0,11,0.01,0.01,0.0,0.0,0.0,10338304,0,6,4,1,0,sleeping,87,56,0,4096,47104,1454
2025-05-20 04:38:58,23408,2043207680,30400512,0.0,0.09109590882161146,0,11,0.01,0.01,0.0,0.0,0.0,10350592,0,7,4,1,0,sleeping,90,59,0,4096,49010,1522
2025-05-20 04:38:59,23408,2043207680,30400512,0.0,0.09109590882161146,0,11,0.01,0.01,0.0,0.0,0.0,10362880,0,6,4,1,0,sleeping,93,62,0,4096,50916,1590
2025-05-20 04:39:00,23408,2043207680,30531584,0.9,0.09148866940936294,0,11,0.01,0.02,0.0,0.0,0.0,10395648,0,6,4,1,0,sleeping,96,65,0,4096,52822,1658
2025-05-20 04:39:01,23408,2043207680,30531584,0.0,0.09148866940936294,0,11,0.01,0.02,0.0,0.0,0.0,10399744,0,6,4,1,0,sleeping,100,70,0,4096,54736,1764
2025-05-20 04:39:02,23408,2043207680,30531584,0.0,0.09148866940936294,0,11,0.01,0.02,0.0,0.0,0.0,10424320,0,6,4,1,0,sleeping,104,74,0,4096,56650,1840
2025-05-20 04:39:03,23408,2043207680,30531584,0.0,0.09148866940936294,0,11,0.01,0.02,0.0,0.0,0.0,10424320,0,6,4,1,0,sleeping,108,78,0,4096,58564,1916
2025-05-20 04:39:05,23408,2043207680,30531584,0.0,0.09148866940936294,0,11,0.01,0.02,0.0,0.0,0.0,10432512,0,6,4,1,0,sleeping,112,82,0,4096,60478,1992
2025-05-20 04:39:06,23408,2043207680,30531584,0.0,0.09148866940936294,0,11,0.01,0.02,0.0,0.0,0.0,10444800,0,7,4,1,0,sleeping,116,86,0,4096,62392,2068
2025-05-20 04:39:07,23408,2043207680,30531584,0.0,0.09148866940936294,0,11,0.01,0.02,0.0,0.0,0.0,10465280,0,6,3,1,0,sleeping,122,91,0,4096,66204,2174
2025-05-20 04:39:08,23408,2043207680,30531584,0.0,0.09148866940936294,0,11,0.01,0.02,0.0,0.0,0.0,10481664,0,6,3,1,0,sleeping,126,95,0,4096,68118,2250
2025-05-20 04:39:09,23408,2043207680,30531584,0.0,0.09148866940936294,0,11,0.01,0.02,0.0,0.0,0.0,10514432,0,7,4,1,0,sleeping,128,98,0,4096,70015,2340
2025-05-20 04:39:11,23408,2043469824,30531584,0.7,0.09148866940936294,0,11,0.02,0.02,0.0,0.0,0.0,10534912,0,8,4,1,0,sleeping,135,104,0,4096,73834,2454
2025-05-20 04:39:12,23408,2043469824,30531584,0.0,0.09148866940936294,0,11,0.02,0.02,0.0,0.0,0.0,10559488,0,8,4,1,0,sleeping,138,107,0,8192,75740,2522
2025-05-20 04:39:13,23408,2043469824,30662656,0.0,0.09188142999711443,0,11,0.02,0.02,0.0,0.0,0.0,10588160,0,8,4,1,0,sleeping,141,111,0,8192,77646,2620
2025-05-20 04:39:14,23408,2043469824,30662656,0.0,0.09188142999711443,0,11,0.02,0.02,0.0,0.0,0.0,10588160,0,8,4,1,0,sleeping,144,114,0,8192,79557,2688
2025-05-20 04:39:16,23408,2043469824,30793728,0.0,0.09227419058486593,0,11,0.02,0.02,0.0,0.0,0.0,10592256,0,8,4,1,0,sleeping,148,118,0,8192,81477,2764
2025-05-20 04:39:17,23408,2043469824,30793728,0.0,0.09227419058486593,0,11,0.02,0.02,0.0,0.0,0.0,10612736,0,8,4,1,0,sleeping,151,121,0,8192,83389,2832
2025-05-20 04:39:18,23408,2043469824,30793728,0.0,0.09227419058486593,0,11,0.02,0.02,0.0,0.0,0.0,10625024,0,8,4,1,0,sleeping,154,124,0,8192,85302,2900
2025-05-20 04:39:19,23408,2043469824,30793728,0.0,0.09227419058486593,0,11,0.02,0.02,0.0,0.0,0.0,10633216,0,8,4,1,0,sleeping,157,127,0,8192,87215,2968
2025-05-20 04:39:20,23408,2043469824,30924800,0.0,0.09266695117261742,0,11,0.02,0.02,0.0,0.0,0.0,10637312,0,8,4,1,0,sleeping,162,133,0,8192,89144,3086
2025-05-20 04:39:21,23408,2043469824,30924800,0.0,0.09266695117261742,0,11,0.02,0.02,0.0,0.0,0.0,10645504,0,7,4,1,0,sleeping,168,137,0,8192,92970,3166
2025-05-20 04:39:22,23408,2043469824,30924800,0.0,0.09266695117261742,0,11,0.02,0.02,0.0,0.0,0.0,10645504,0,7,4,1,0,sleeping,171,140,0,8192,94883,3238
2025-05-20 04:39:23,23408,2043469824,30924800,0.0,0.09266695117261742,0,11,0.02,0.02,0.0,0.0,0.0,10649600,0,8,4,1,0,sleeping,173,142,0,8192,96788,3302
2025-05-20 04:39:24,23408,2043469824,30924800,0.0,0.09266695117261742,0,11,0.02,0.02,0.0,0.0,0.0,10661888,0,8,4,1,0,sleeping,175,144,0,8192,98693,3366
2025-05-20 04:39:25,23408,2043469824,30924800,0.9,0.09266695117261742,0,11,0.03,0.02,0.0,0.0,0.0,10674176,0,7,4,1,0,sleeping,177,147,0,8192,100598,3462
2025-05-20 04:39:26,23408,2043469824,30924800,0.0,0.09266695117261742,0,11,0.03,0.02,0.0,0.0,0.0,10674176,0,7,4,1,0,sleeping,179,149,0,8192,102503,3526
2025-05-20 04:39:28,23408,2043469824,30924800,0.0,0.09266695117261742,0,11,0.03,0.02,0.0,0.0,0.0,10674176,0,7,4,1,0,sleeping,183,153,0,8192,104424,3606
2025-05-20 04:39:29,23408,2043797504,31858688,0.7,0.09546537036034679,0,11,0.04,0.02,0.0,0.0,0.0,11161600,0,7,4,1,0,sleeping,188,157,0,8192,108242,3710
2025-05-20 04:39:30,23408,2043797504,31858688,0.7,0.09546537036034679,0,11,0.05,0.02,0.0,0.0,0.0,11165696,0,7,4,1,0,sleeping,193,163,0,8192,110171,3830
2025-05-20 04:39:32,23408,2043797504,31858688,0.0,0.09546537036034679,0,11,0.05,0.02,0.0,0.0,0.0,11169792,0,7,4,1,0,sleeping,198,169,0,8192,112100,3950
2025-05-20 04:39:33,23408,2043797504,31858688,0.0,0.09546537036034679,0,11,0.05,0.02,0.0,0.0,0.0,11169792,0,7,4,1,0,sleeping,204,173,0,8192,115926,4030
2025-05-20 04:39:34,23408,2043797504,31858688,0.0,0.09546537036034679,0,11,0.05,0.02,0.0,0.0,0.0,11177984,0,7,4,1,0,sleeping,207,176,0,8192,117839,4102
2025-05-20 04:39:35,23408,2043797504,31858688,0.0,0.09546537036034679,0,11,0.05,0.02,0.0,0.0,0.0,11177984,0,7,4,1,0,sleeping,210,179,0,8192,119752,4174
2025-05-20 04:39:36,23408,2043797504,31858688,0.0,0.09546537036034679,0,11,0.05,0.02,0.0,0.0,0.0,11182080,0,6,4,1,0,sleeping,214,184,0,8192,121673,4286
2025-05-20 04:39:37,23408,2043797504,31858688,0.0,0.09546537036034679,0,11,0.05,0.02,0.0,0.0,0.0,11186176,0,7,4,1,0,sleeping,217,187,0,8192,123586,4358
2025-05-20 04:39:38,23408,2043797504,31858688,0.0,0.09546537036034679,0,11,0.05,0.02,0.0,0.0,0.0,11186176,0,7,4,1,0,sleeping,221,191,0,8192,125506,4438
2025-05-20 04:39:40,23408,2043797504,31858688,0.0,0.09546537036034679,0,11,0.05,0.02,0.0,0.0,0.0,11186176,0,7,4,1,0,sleeping,224,194,0,8192,127418,4510
2025-05-20 04:39:41,23408,2043797504,31858688,0.0,0.09546537036034679,0,11,0.05,0.02,0.0,0.0,0.0,11194368,0,7,4,1,0,sleeping,228,198,0,8192,129339,4590
2025-05-20 04:39:42,23408,2043797504,31858688,0.0,0.09546537036034679,0,11,0.05,0.02,0.0,0.0,0.0,11194368,0,7,4,1,0,sleeping,231,201,0,8192,131252,4662
2025-05-20 04:39:43,23408,2043797504,31858688,0.0,0.09546537036034679,0,11,0.05,0.02,0.0,0.0,0.0,11202560,0,6,4,1,0,sleeping,235,206,0,8192,133173,4774
2025-05-20 04:39:44,23408,2043797504,31858688,0.9,0.09546537036034679,0,11,0.06,0.02,0.0,0.0,0.0,11202560,0,7,4,1,0,sleeping,239,210,0,8192,135094,4854
2025-05-20 04:39:45,23408,2043797504,31858688,0.0,0.09546537036034679,0,11,0.06,0.02,0.0,0.0,0.0,11202560,0,7,4,1,0,sleeping,245,214,0,12288,138920,4934
2025-05-20 04:39:46,23408,2043797504,31858688,0.0,0.09546537036034679,0,11,0.06,0.02,0.0,0.0,0.0,11218944,0,7,4,1,0,sleeping,250,220,0,16384,140851,5054
2025-05-20 04:39:48,23408,2043797504,31858688,0.0,0.09546537036034679,0,11,0.06,0.02,0.0,0.0,0.0,11223040,0,7,4,1,0,sleeping,255,226,0,16384,142783,5174
2025-05-20 04:39:49,23408,2043797504,31858688,0.0,0.09546537036034679,0,11,0.06,0.02,0.0,0.0,0.0,11223040,0,7,4,1,0,sleeping,261,230,0,16384,146617,5254
2025-05-20 04:39:50,23408,2043797504,31858688,0.0,0.09546537036034679,0,11,0.06,0.02,0.0,0.0,0.0,11227136,0,7,4,1,0,sleeping,265,234,0,16384,148542,5334
2025-05-20 04:39:51,23408,2043797504,31858688,0.9,0.09546537036034679,0,11,0.07,0.02,0.0,0.0,0.0,11227136,0,7,4,1,0,sleeping,268,238,0,16384,150459,5438
2025-05-20 04:39:52,23408,2043797504,31858688,0.0,0.09546537036034679,0,11,0.07,0.02,0.0,0.0,0.0,11227136,0,7,4,1,0,sleeping,272,242,0,16384,152385,5518
2025-05-20 04:39:54,23408,2043797504,31989760,0.0,0.09585813094809828,0,11,0.07,0.02,0.0,0.0,0.0,11231232,0,7,4,1,0,sleeping,274,244,0,16384,154295,5582
2025-05-20 04:39:55,23408,2043797504,31989760,0.0,0.09585813094809828,0,11,0.07,0.02,0.0,0.0,0.0,11235328,0,7,4,1,0,sleeping,277,247,0,16384,156213,5654
2025-05-20 04:39:56,23408,2043797504,31989760,0.0,0.09585813094809828,0,11,0.07,0.02,0.0,0.0,0.0,11235328,0,7,4,1,0,sleeping,280,250,0,16384,158131,5726
2025-05-20 04:39:57,23408,2043797504,31989760,0.0,0.09585813094809828,0,11,0.07,0.02,0.0,0.0,0.0,11235328,0,7,4,1,0,sleeping,283,254,0,16384,160049,5830
2025-05-20 04:39:58,23408,2043797504,31989760,0.0,0.09585813094809828,0,11,0.07,0.02,0.0,0.0,0.0,11235328,0,7,4,1,0,sleeping,286,257,0,16384,161967,5902
2025-05-20 04:39:59,23408,2043797504,31989760,0.0,0.09585813094809828,0,11,0.07,0.02,0.0,0.0,0.0,11239424,0,7,4,1,0,sleeping,289,260,0,16384,163885,5974
2025-05-20 04:40:00,23408,2043797504,31989760,0.0,0.09585813094809828,0,11,0.07,0.02,0.0,0.0,0.0,11239424,0,7,4,1,0,sleeping,294,263,0,16384,167713,6046
2025-05-20 04:40:01,23408,2043797504,31989760,0.0,0.09585813094809828,0,11,0.07,0.02,0.0,0.0,0.0,11243520,0,7,4,1,0,sleeping,297,266,0,16384,169631,6118
2025-05-20 04:40:02,23408,2043797504,31989760,0.0,0.09585813094809828,0,11,0.07,0.02,0.0,0.0,0.0,11243520,0,7,4,1,0,sleeping,301,271,0,16384,171557,6230
2025-05-20 04:40:04,23408,2043797504,31989760,0.0,0.09585813094809828,0,11,0.07,0.02,0.0,0.0,0.0,11243520,0,7,4,1,0,sleeping,305,275,0,16384,173483,6310
2025-05-20 04:40:05,23408,2043797504,31989760,0.8,0.09585813094809828,0,11,0.08,0.02,0.0,0.0,0.0,11243520,0,8,4,1,0,sleeping,309,280,0,16384,175409,6422
2025-05-20 04:40:06,23408,2043797504,31989760,0.0,0.09585813094809828,0,11,0.08,0.02,0.0,0.0,0.0,11243520,0,7,4,1,0,sleeping,313,282,0,16384,179229,6486
2025-05-20 04:40:07,23408,2043797504,31989760,0.0,0.09585813094809828,0,11,0.08,0.02,0.0,0.0,0.0,11243520,0,7,4,1,0,sleeping,317,286,0,16384,181155,6566
2025-05-20 04:40:08,23408,2043797504,31989760,0.0,0.09585813094809828,0,11,0.08,0.02,0.0,0.0,0.0,11272192,0,7,4,1,0,sleeping,319,289,0,16384,183065,6662
2025-05-20 04:40:09,23408,2043797504,31989760,0.0,0.09585813094809828,0,11,0.08,0.02,0.0,0.0,0.0,11272192,0,7,4,1,0,sleeping,322,292,0,16384,184983,6734
2025-05-20 04:40:11,23408,2043797504,31989760,0.0,0.09585813094809828,0,11,0.08,0.02,0.0,0.0,0.0,11276288,0,7,4,1,0,sleeping,325,295,0,16384,186901,6806
2025-05-20 04:40:12,23408,2043797504,31989760,0.0,0.09585813094809828,0,11,0.08,0.02,0.0,0.0,0.0,11280384,0,7,4,1,0,sleeping,329,299,0,16384,188828,6886
2025-05-20 04:40:13,23408,2043797504,31989760,0.0,0.09585813094809828,0,11,0.08,0.02,0.0,0.0,0.0,11280384,0,7,4,1,0,sleeping,332,302,0,16384,190747,6958
2025-05-20 04:40:14,23408,2043797504,31989760,0.0,0.09585813094809828,0,11,0.08,0.02,0.0,0.0,0.0,11296768,0,7,4,1,0,sleeping,336,307,0,16384,192674,7070
2025-05-20 04:40:15,23408,2043797504,31989760,0.0,0.09585813094809828,0,11,0.08,0.02,0.0,0.0,0.0,11304960,0,7,4,1,0,sleeping,339,310,0,16384,194593,7142
2025-05-20 04:40:16,23408,2043797504,31989760,0.0,0.09585813094809828,0,11,0.08,0.02,0.0,0.0,0.0,11309056,0,7,4,1,0,sleeping,343,314,0,16384,196520,7222
2025-05-20 04:40:17,23408,2043797504,31989760,0.0,0.09585813094809828,0,11,0.08,0.02,0.0,0.0,0.0,11313152,0,7,4,1,0,sleeping,348,317,0,16384,200347,7294
2025-05-20 04:40:18,23408,2043797504,31989760,0.0,0.09585813094809828,0,11,0.08,0.02,0.0,0.0,0.0,11317248,0,7,4,1,0,sleeping,353,323,0,20480,202280,7414
2025-05-20 04:40:20,23408,2043797504,31989760,0.0,0.09585813094809828,0,11,0.08,0.02,0.0,0.0,0.0,11317248,0,6,4,1,0,sleeping,357,327,0,20480,204206,7494
2025-05-20 04:40:21,23408,2043797504,31989760,0.8,0.09585813094809828,0,11,0.08,0.03,0.0,0.0,0.0,11317248,0,6,4,1,0,sleeping,361,332,0,20480,206131,7606
2025-05-20 04:40:22,23408,2043797504,31989760,0.0,0.09585813094809828,0,11,0.08,0.03,0.0,0.0,0.0,11317248,0,6,4,1,0,sleeping,367,336,0,20480,209966,7686
2025-05-20 04:40:23,23408,2043797504,31989760,0.0,0.09585813094809828,0,11,0.08,0.03,0.0,0.0,0.0,11321344,0,6,4,1,0,sleeping,370,339,0,20480,211885,7758
2025-05-20 04:40:24,23408,2043797504,31989760,0.0,0.09585813094809828,0,11,0.08,0.03,0.0,0.0,0.0,11325440,0,6,4,1,0,sleeping,373,343,0,20480,213804,7862
2025-05-20 04:40:25,23408,2043797504,31989760,0.0,0.09585813094809828,0,11,0.08,0.03,0.0,0.0,0.0,11325440,0,6,4,1,0,sleeping,376,346,0,20480,215723,7934
2025-05-20 04:40:26,23408,2043797504,31989760,0.0,0.09585813094809828,0,11,0.08,0.03,0.0,0.0,0.0,11329536,0,6,4,1,0,sleeping,381,351,0,20480,217658,8022
2025-05-20 04:40:28,23408,2043797504,31989760,0.0,0.09585813094809828,0,11,0.08,0.03,0.0,0.0,0.0,11329536,0,7,4,1,0,sleeping,383,353,0,20480,219569,8086
2025-05-20 04:40:29,23408,2043797504,31989760,0.0,0.09585813094809828,0,11,0.08,0.03,0.0,0.0,0.0,11341824,0,7,4,1,0,sleeping,386,356,0,20480,221488,8158
2025-05-20 04:40:30,23408,2043797504,31989760,0.0,0.09585813094809828,0,11,0.08,0.03,0.0,0.0,0.0,11354112,0,7,4,1,0,sleeping,389,359,0,20480,223406,8230
2025-05-20 04:40:31,23408,2043797504,31989760,0.9,0.09585813094809828,0,11,0.09,0.03,0.0,0.0,0.0,11358208,0,7,4,1,0,sleeping,392,362,0,20480,225323,8302
2025-05-20 04:40:32,23408,2043797504,31989760,0.0,0.09585813094809828,0,11,0.09,0.03,0.0,0.0,0.0,11366400,0,6,4,1,0,sleeping,396,367,0,20480,227249,8414
2025-05-20 04:40:33,23408,2043797504,31989760,0.0,0.09585813094809828,0,11,0.09,0.03,0.0,0.0,0.0,11374592,0,6,4,1,0,sleeping,400,371,0,20480,229176,8494
2025-05-20 04:40:34,23408,2043797504,31989760,0.0,0.09585813094809828,0,11,0.09,0.03,0.0,0.0,0.0,11395072,0,6,4,1,0,sleeping,406,376,0,20480,233014,8606
2025-05-20 04:40:36,23408,2043797504,31989760,0.0,0.09585813094809828,0,11,0.09,0.03,0.0,0.0,0.0,11395072,0,6,4,1,0,sleeping,411,382,0,20480,234949,8726
2025-05-20 04:40:37,23408,2043797504,31989760,0.0,0.09585813094809828,0,11,0.09,0.03,0.0,0.0,0.0,11419648,0,7,4,1,0,sleeping,418,388,0,20480,238795,8846
2025-05-20 04:40:39,23408,2043797504,31989760,0.9,0.09585813094809828,0,11,0.1,0.03,0.0,0.0,0.0,11419648,0,7,4,1,0,sleeping,421,391,0,20480,240714,8918
2025-05-20 04:40:40,23408,2043797504,31989760,0.0,0.09585813094809828,0,11,0.1,0.03,0.0,0.0,0.0,11444224,0,7,4,1,0,sleeping,425,395,0,20480,242641,8998
2025-05-20 04:40:41,23408,2119561216,32251904,0.0,0.09664365212360126,0,12,0.1,0.03,0.0,0.0,0.0,11563008,0,7,4,1,0,sleeping,428,398,0,20480,244560,9070
2025-05-20 04:40:42,23408,2119561216,32251904,0.0,0.09664365212360126,0,12,0.1,0.03,0.0,0.0,0.0,11563008,0,7,4,1,0,sleeping,431,401,0,20480,246479,9142
2025-05-20 04:40:43,23408,2119561216,32251904,0.0,0.09664365212360126,0,12,0.1,0.03,0.0,0.0,0.0,11567104,0,7,4,1,0,sleeping,435,406,0,20480,248406,9254
2025-05-20 04:40:44,23408,2119561216,32251904,0.0,0.09664365212360126,0,12,0.1,0.03,0.0,0.0,0.0,11567104,0,7,4,1,0,sleeping,438,409,0,20480,250325,9326
2025-05-20 04:40:45,23408,2119561216,32251904,0.0,0.09664365212360126,0,12,0.1,0.03,0.0,0.0,0.0,11567104,0,7,4,1,0,sleeping,441,412,0,20480,252244,9398
2025-05-20 04:40:46,23408,2119561216,32251904,0.0,0.09664365212360126,0,12,0.1,0.03,0.0,0.0,0.0,11567104,0,7,4,1,0,sleeping,444,415,0,20480,254163,9470
2025-05-20 04:40:47,23408,2119561216,32251904,0.0,0.09664365212360126,0,12,0.1,0.03,0.0,0.0,0.0,11571200,0,7,4,1,0,sleeping,446,417,0,20480,256073,9534
2025-05-20 04:40:48,23408,2119561216,32251904,0.0,0.09664365212360126,0,12,0.1,0.03,0.0,0.0,0.0,11575296,0,7,4,1,0,sleeping,450,419,0,20480,259893,9598
2025-05-20 04:40:49,23408,2119561216,32382976,0.0,0.09703641271135276,0,12,0.1,0.03,0.0,0.0,0.0,11583488,0,7,4,1,0,sleeping,454,424,0,24576,261820,9710
2025-05-20 04:40:50,23408,2119561216,32382976,0.0,0.09703641271135276,0,12,0.1,0.03,0.0,0.0,0.0,11587584,0,7,4,1,0,sleeping,458,428,0,28672,263747,9790
2025-05-20 04:40:52,23408,2119561216,32382976,0.0,0.09703641271135276,0,12,0.1,0.03,0.0,0.0,0.0,11591680,0,7,4,1,0,sleeping,463,434,0,28672,265682,9910
2025-05-20 04:40:53,23408,2119561216,32382976,0.8,0.09703641271135276,0,12,0.11,0.03,0.0,0.0,0.0,11595776,0,7,4,1,0,sleeping,467,438,0,28672,267609,9990
2025-05-20 04:40:54,23408,2119561216,32382976,0.0,0.09703641271135276,0,12,0.11,0.03,0.0,0.0,0.0,11595776,0,7,4,1,0,sleeping,472,442,0,28672,271439,10094
2025-05-20 04:40:55,23408,2119561216,32382976,0.0,0.09703641271135276,0,12,0.11,0.03,0.0,0.0,0.0,11595776,0,7,4,1,0,sleeping,475,445,0,28672,273358,10166
2025-05-20 04:40:56,23408,2119561216,32382976,0.0,0.09703641271135276,0,12,0.11,0.03,0.0,0.0,0.0,11603968,0,7,4,1,0,sleeping,477,447,0,28672,275269,10230
2025-05-20 04:40:58,23408,2119561216,32382976,0.0,0.09703641271135276,0,12,0.11,0.03,0.0,0.0,0.0,11616256,0,7,4,1,0,sleeping,479,449,0,28672,277180,10294
2025-05-20 04:40:59,23408,2119561216,32382976,0.0,0.09703641271135276,0,12,0.11,0.03,0.0,0.0,0.0,11620352,0,7,4,1,0,sleeping,483,453,0,28672,279107,10374
2025-05-20 04:41:00,23408,2119561216,32382976,0.0,0.09703641271135276,0,12,0.11,0.03,0.0,0.0,0.0,11624448,0,7,4,1,0,sleeping,486,456,0,28672,281026,10446
2025-05-20 04:41:01,23408,2119561216,32382976,0.0,0.09703641271135276,0,12,0.11,0.03,0.0,0.0,0.0,11632640,0,7,4,1,0,sleeping,488,459,0,28672,282937,10542
2025-05-20 04:41:02,23408,2119561216,32382976,0.0,0.09703641271135276,0,12,0.11,0.03,0.0,0.0,0.0,11640832,0,7,4,1,0,sleeping,491,462,0,28672,284856,10614
2025-05-20 04:41:03,23408,2119561216,32382976,0.0,0.09703641271135276,0,12,0.11,0.03,0.0,0.0,0.0,11649024,0,7,4,1,0,sleeping,495,466,0,28672,286783,10694
2025-05-20 04:41:04,23408,2119561216,32382976,0.0,0.09703641271135276,0,12,0.11,0.03,0.0,0.0,0.0,11669504,0,7,4,1,0,sleeping,498,469,0,28672,288702,10766
2025-05-20 04:41:05,23408,2119561216,32382976,0.0,0.09703641271135276,0,12,0.11,0.03,0.0,0.0,0.0,11685888,0,7,4,1,0,sleeping,503,472,0,28672,292532,10838
2025-05-20 04:41:06,23408,2119561216,32382976,0.0,0.09703641271135276,0,12,0.11,0.03,0.0,0.0,0.0,11689984,0,7,4,1,0,sleeping,508,478,0,28672,294467,10958
2025-05-20 04:41:08,23408,2119561216,32382976,0.7,0.09703641271135276,0,12,0.12,0.03,0.0,0.0,0.0,11710464,0,6,3,1,0,sleeping,510,481,0,28672,296378,11054
2025-05-20 04:41:09,23408,2119561216,32382976,0.0,0.09703641271135276,0,12,0.12,0.03,0.0,0.0,0.0,11718656,0,7,4,1,0,sleeping,516,485,0,28672,300216,11134
2025-05-20 04:41:10,23408,2119561216,32514048,0.0,0.09742917329910425,0,12,0.12,0.03,0.0,0.0,0.0,11743232,0,7,4,1,0,sleeping,520,490,0,28672,302143,11246
2025-05-20 04:41:11,23408,2119561216,32514048,0.0,0.09742917329910425,0,12,0.12,0.03,0.0,0.0,0.0,11759616,0,7,4,1,0,sleeping,524,494,0,28672,304070,11326
2025-05-20 04:41:13,23408,2119561216,32514048,0.0,0.09742917329910425,0,12,0.12,0.03,0.0,0.0,0.0,11767808,0,7,4,1,0,sleeping,527,497,0,28672,305989,11398
2025-05-20 04:41:14,23408,2119561216,32514048,0.0,0.09742917329910425,0,12,0.12,0.03,0.0,0.0,0.0,11780096,0,7,4,1,0,sleeping,530,500,0,28672,307908,11470
2025-05-20 04:41:15,23408,2119561216,32514048,0.0,0.09742917329910425,0,12,0.12,0.03,0.0,0.0,0.0,11796480,0,7,4,1,0,sleeping,532,502,0,28672,309819,11534
2025-05-20 04:41:16,23408,2119561216,32514048,0.0,0.09742917329910425,0,12,0.12,0.03,0.0,0.0,0.0,11804672,0,7,4,1,0,sleeping,535,505,0,28672,311738,11606
2025-05-20 04:41:17,23408,2119561216,32514048,0.0,0.09742917329910425,0,12,0.12,0.03,0.0,0.0,0.0,11825152,0,7,4,1,0,sleeping,538,509,0,28672,313657,11710
2025-05-20 04:41:18,23408,2119561216,32514048,0.0,0.09742917329910425,0,12,0.12,0.03,0.0,0.0,0.0,11837440,0,7,4,1,0,sleeping,541,512,0,28672,315575,11782
2025-05-20 04:41:19,23408,2119561216,32514048,0.0,0.09742917329910425,0,12,0.12,0.03,0.0,0.0,0.0,11841536,0,7,4,1,0,sleeping,545,516,0,28672,317501,11862
2025-05-20 04:41:20,23408,2119561216,32514048,0.9,0.09742917329910425,0,12,0.13,0.03,0.0,0.0,0.0,11845632,0,7,4,1,0,sleeping,549,520,0,32768,319427,11942
2025-05-20 04:41:21,23408,2119561216,32514048,0.0,0.09742917329910425,0,12,0.13,0.03,0.0,0.0,0.0,11857920,0,6,3,1,0,sleeping,554,524,0,32768,323255,12046
2025-05-20 04:41:23,23408,2119561216,32514048,0.0,0.09742917329910425,0,12,0.13,0.03,0.0,0.0,0.0,11870208,0,7,4,1,0,sleeping,557,527,0,32768,325172,12118
2025-05-20 04:41:24,23408,2119561216,32514048,0.0,0.09742917329910425,0,12,0.13,0.03,0.0,0.0,0.0,11894784,0,7,4,1,0,sleeping,560,531,0,32768,327091,12222
2025-05-20 04:41:25,23408,2119561216,32514048,0.0,0.09742917329910425,0,12,0.13,0.03,0.0,0.0,0.0,11898880,0,7,4,1,0,sleeping,565,535,0,32768,330921,12326
2025-05-20 04:41:26,23408,2119561216,32514048,0.0,0.09742917329910425,0,12,0.13,0.03,0.0,0.0,0.0,11898880,0,7,4,1,0,sleeping,567,537,0,32768,332832,12390
2025-05-20 04:41:28,23408,2119561216,32514048,0.0,0.09742917329910425,0,12,0.13,0.03,0.0,0.0,0.0,11898880,0,7,4,1,0,sleeping,570,540,0,32768,334751,12462
2025-05-20 04:41:29,23408,2119561216,32514048,0.0,0.09742917329910425,0,12,0.13,0.03,0.0,0.0,0.0,11911168,0,7,4,1,0,sleeping,573,543,0,32768,336670,12534
2025-05-20 04:41:30,23408,2119561216,32514048,0.9,0.09742917329910425,0,12,0.14,0.03,0.0,0.0,0.0,11935744,0,6,3,1,0,sleeping,576,546,0,32768,338589,12606
2025-05-20 04:41:31,23408,2119561216,32514048,0.0,0.09742917329910425,0,12,0.14,0.03,0.0,0.0,0.0,11939840,0,7,4,1,0,sleeping,580,550,0,32768,340516,12686
2025-05-20 04:41:32,23408,2119561216,32514048,0.0,0.09742917329910425,0,12,0.14,0.03,0.0,0.0,0.0,11960320,0,6,3,1,0,sleeping,584,555,0,32768,342443,12798
2025-05-20 04:41:33,23408,2119561216,32514048,0.0,0.09742917329910425,0,12,0.14,0.03,0.0,0.0,0.0,11964416,0,7,4,1,0,sleeping,587,558,0,32768,344362,12870
2025-05-20 04:41:34,23408,2119561216,32514048,0.0,0.09742917329910425,0,12,0.14,0.03,0.0,0.0,0.0,11964416,0,7,4,1,0,sleeping,590,561,0,32768,346281,12942
2025-05-20 04:41:35,23408,2119561216,32645120,0.0,0.09782193388685574,0,12,0.14,0.03,0.0,0.0,0.0,11980800,0,8,4,1,0,sleeping,593,564,0,32768,348200,13014
2025-05-20 04:41:36,23408,2119561216,32645120,0.0,0.09782193388685574,0,12,0.14,0.03,0.0,0.0,0.0,11993088,0,7,4,1,0,sleeping,596,567,0,32768,350119,13086
2025-05-20 04:41:37,23408,2119561216,32645120,0.0,0.09782193388685574,0,12,0.14,0.03,0.0,0.0,0.0,11997184,0,8,4,1,0,sleeping,599,570,0,32768,352038,13158
2025-05-20 04:41:38,23408,2119561216,32645120,0.0,0.09782193388685574,0,12,0.14,0.03,0.0,0.0,0.0,11997184,0,7,4,1,0,sleeping,604,574,0,32768,355868,13262
2025-05-20 04:41:40,23408,2119561216,32645120,0.0,0.09782193388685574,0,12,0.14,0.03,0.0,0.0,0.0,12009472,0,8,4,1,0,sleeping,608,578,0,32768,357794,13342
2025-05-20 04:41:41,23408,2119561216,32776192,0.0,0.09821469447460723,0,12,0.14,0.03,0.0,0.0,0.0,12038144,0,7,4,1,0,sleeping,611,582,0,32768,359712,13446
2025-05-20 04:41:42,23408,2119561216,32776192,0.8,0.09821469447460723,0,12,0.15,0.03,0.0,0.0,0.0,12038144,0,7,4,1,0,sleeping,616,586,0,32768,363541,13550
2025-05-20 04:41:44,23408,2119561216,32776192,0.0,0.09821469447460723,0,12,0.15,0.03,0.0,0.0,0.0,12038144,0,7,4,1,0,sleeping,619,589,0,32768,365459,13622
2025-05-20 04:41:45,23408,2119561216,32776192,0.0,0.09821469447460723,0,12,0.15,0.03,0.0,0.0,0.0,12042240,0,7,4,1,0,sleeping,623,593,0,32768,367386,13702
2025-05-20 04:41:46,23408,2119561216,32776192,0.0,0.09821469447460723,0,12,0.15,0.03,0.0,0.0,0.0,12050432,0,7,4,1,0,sleeping,626,596,0,32768,369305,13774
2025-05-20 04:41:47,23408,2119561216,32776192,0.0,0.09821469447460723,0,12,0.15,0.03,0.0,0.0,0.0,12050432,0,8,4,1,0,sleeping,630,600,0,32768,371232,13854
2025-05-20 04:41:48,23408,2119561216,32776192,0.0,0.09821469447460723,0,12,0.15,0.03,0.0,0.0,0.0,12050432,0,7,4,1,0,sleeping,633,604,0,32768,373149,13958
2025-05-20 04:41:49,23408,2119561216,32776192,0.0,0.09821469447460723,0,12,0.15,0.03,0.0,0.0,0.0,12050432,0,8,4,1,0,sleeping,637,608,0,32768,375075,14038
2025-05-20 04:41:50,23408,2119561216,32636928,0.0,0.09779738635012127,0,12,0.15,0.03,0.0,0.0,0.0,11808768,0,8,4,1,0,sleeping,640,611,0,32768,376993,14110
2025-05-20 04:41:51,23408,2119561216,32636928,0.0,0.09779738635012127,0,12,0.15,0.03,0.0,0.0,0.0,11808768,0,8,4,1,0,sleeping,643,614,0,32768,378911,14182
2025-05-20 04:41:52,23408,2119561216,32636928,0.0,0.09779738635012127,0,12,0.15,0.03,0.0,0.0,0.0,11808768,0,8,4,1,0,sleeping,646,617,0,32768,380829,14254
2025-05-20 04:41:53,23408,2119561216,32636928,0.0,0.09779738635012127,0,12,0.15,0.03,0.0,0.0,0.0,11808768,0,8,4,1,0,sleeping,649,620,0,36864,382748,14326
2025-05-20 04:41:54,23408,2119561216,32636928,0.9,0.09779738635012127,0,12,0.16,0.03,0.0,0.0,0.0,11808768,0,8,4,1,0,sleeping,656,626,0,40960,386594,14446
2025-05-20 04:41:56,23408,2119561216,32636928,0.0,0.09779738635012127,0,12,0.16,0.03,0.0,0.0,0.0,11808768,0,8,4,1,0,sleeping,660,630,0,40960,388521,14526
2025-05-20 04:41:57,23408,2119561216,32636928,0.0,0.09779738635012127,0,12,0.16,0.03,0.0,0.0,0.0,11808768,0,8,4,1,0,sleeping,663,634,0,40960,390440,14630
2025-05-20 04:41:58,23408,2119561216,32636928,0.0,0.09779738635012127,0,12,0.16,0.03,0.0,0.0,0.0,11808768,0,8,4,1,0,sleeping,667,638,0,40960,392367,14710
2025-05-20 04:41:59,23408,2119561216,32636928,0.8,0.09779738635012127,0,12,0.16,0.04,0.0,0.0,0.0,11808768,0,8,4,1,0,sleeping,672,642,0,40960,396197,14814
2025-05-20 04:42:01,23408,2119561216,32636928,0.0,0.09779738635012127,0,12,0.16,0.04,0.0,0.0,0.0,11808768,0,8,4,1,0,sleeping,676,646,0,40960,398124,14894
2025-05-20 04:42:02,23408,2119561216,32636928,0.0,0.09779738635012127,0,12,0.16,0.04,0.0,0.0,0.0,11808768,0,8,4,1,0,sleeping,679,649,0,40960,400043,14966
2025-05-20 04:42:03,23408,2119561216,32636928,0.0,0.09779738635012127,0,12,0.16,0.04,0.0,0.0,0.0,11808768,0,8,4,1,0,sleeping,682,652,0,40960,401961,15038
2025-05-20 04:42:04,23408,2119561216,32636928,0.0,0.09779738635012127,0,12,0.16,0.04,0.0,0.0,0.0,11808768,0,8,4,1,0,sleeping,685,656,0,40960,403879,15142
2025-05-20 04:42:05,23408,2119561216,32636928,0.0,0.09779738635012127,0,12,0.16,0.04,0.0,0.0,0.0,11808768,0,8,4,1,0,sleeping,688,659,0,40960,405798,15214
2025-05-20 04:42:06,23408,2119561216,32636928,0.0,0.09779738635012127,0,12,0.16,0.04,0.0,0.0,0.0,11808768,0,8,4,1,0,sleeping,690,661,0,40960,407709,15278
2025-05-20 04:42:07,23408,2119561216,32636928,0.0,0.09779738635012127,0,12,0.16,0.04,0.0,0.0,0.0,11808768,0,8,4,1,0,sleeping,693,664,0,40960,409628,15350
2025-05-20 04:42:08,23408,2119561216,32636928,0.9,0.09779738635012127,0,12,0.17,0.04,0.0,0.0,0.0,11808768,0,8,4,1,0,sleeping,696,667,0,40960,411547,15422
2025-05-20 04:42:09,23408,2119561216,32636928,0.0,0.09779738635012127,0,12,0.17,0.04,0.0,0.0,0.0,11808768,0,8,4,1,0,sleeping,699,670,0,40960,413466,15494
2025-05-20 04:42:10,23408,2119561216,32636928,0.0,0.09779738635012127,0,12,0.17,0.04,0.0,0.0,0.0,11808768,0,8,4,1,0,sleeping,704,674,0,40960,417296,15598
2025-05-20 04:42:11,23408,2119561216,32636928,0.0,0.09779738635012127,0,12,0.17,0.04,0.0,0.0,0.0,11808768,0,8,4,1,0,sleeping,708,678,0,40960,419223,15678
2025-05-20 04:42:13,23408,2119561216,32636928,0.0,0.09779738635012127,0,12,0.17,0.04,0.0,0.0,0.0,11808768,0,8,4,1,0,sleeping,710,680,0,40960,421134,15742
2025-05-20 04:42:14,23408,2119561216,32636928,0.0,0.09779738635012127,0,12,0.17,0.04,0.0,0.0,0.0,11812864,0,8,4,1,0,sleeping,712,683,0,40960,423045,15838
2025-05-20 04:42:15,23408,2119561216,32636928,0.0,0.09779738635012127,0,12,0.17,0.04,0.0,0.0,0.0,11812864,0,8,4,1,0,sleeping,718,688,0,40960,426883,15950
2025-05-20 04:42:17,23408,2119561216,32636928,0.8,0.09779738635012127,0,12,0.18,0.04,0.0,0.0,0.0,11812864,0,8,4,1,0,sleeping,721,692,0,40960,428802,16054
2025-05-20 04:42:18,23408,2119561216,32636928,0.0,0.09779738635012127,0,12,0.18,0.04,0.0,0.0,0.0,11816960,0,8,4,1,0,sleeping,723,694,0,40960,430713,16118
2025-05-20 04:42:19,23408,2119561216,32636928,0.0,0.09779738635012127,0,12,0.18,0.04,0.0,0.0,0.0,11821056,0,8,4,1,0,sleeping,726,697,0,40960,432631,16190
2025-05-20 04:42:20,23408,2119561216,32636928,0.0,0.09779738635012127,0,12,0.18,0.04,0.0,0.0,0.0,11825152,0,8,4,1,0,sleeping,730,701,0,40960,434557,16270
2025-05-20 04:42:21,23408,2119561216,32636928,0.0,0.09779738635012127,0,12,0.18,0.04,0.0,0.0,0.0,11825152,0,8,4,1,0,sleeping,734,705,0,40960,436483,16350
2025-05-20 04:42:22,23408,2119561216,32636928,0.0,0.09779738635012127,0,12,0.18,0.04,0.0,0.0,0.0,11829248,0,8,4,1,0,sleeping,738,709,0,40960,438410,16430
2025-05-20 04:42:23,23408,2119561216,32636928,0.0,0.09779738635012127,0,12,0.18,0.04,0.0,0.0,0.0,11829248,0,8,4,1,0,sleeping,742,714,0,45056,440337,16542
2025-05-20 04:42:24,23408,2119561216,32636928,0.0,0.09779738635012127,0,12,0.18,0.04,0.0,0.0,0.0,11829248,0,8,4,1,0,sleeping,748,718,0,45056,444174,16622
2025-05-20 04:42:26,23408,2119561216,32636928,0.0,0.09779738635012127,0,12,0.18,0.04,0.0,0.0,0.0,11829248,0,8,4,1,0,sleeping,752,722,0,45056,446100,16702
2025-05-20 04:42:27,23408,2119561216,32636928,0.0,0.09779738635012127,0,12,0.18,0.04,0.0,0.0,0.0,11833344,0,8,4,1,0,sleeping,755,725,0,45056,448019,16774
2025-05-20 04:42:28,23408,2119561216,32636928,0.0,0.09779738635012127,0,12,0.18,0.04,0.0,0.0,0.0,11833344,0,8,4,1,0,sleeping,757,727,0,45056,449931,16838
2025-05-20 04:42:29,23408,2119561216,32636928,0.0,0.09779738635012127,0,12,0.18,0.04,0.0,0.0,0.0,11833344,0,8,4,1,0,sleeping,759,730,0,45056,451843,16934
2025-05-20 04:42:30,23408,2119561216,32636928,0.0,0.09779738635012127,0,12,0.18,0.04,0.0,0.0,0.0,11833344,0,8,4,1,0,sleeping,762,733,0,45056,453763,17006
2025-05-20 04:42:31,23408,2119561216,32636928,0.0,0.09779738635012127,0,12,0.18,0.04,0.0,0.0,0.0,11833344,0,8,4,1,0,sleeping,765,736,0,45056,455683,17078
2025-05-20 04:42:33,23408,2119561216,32636928,0.0,0.09779738635012127,0,12,0.18,0.04,0.0,0.0,0.0,11833344,0,8,4,1,0,sleeping,770,741,0,45056,459515,17214
2025-05-20 04:42:34,23408,2119561216,32636928,0.7,0.09779738635012127,0,12,0.19,0.04,0.0,0.0,0.0,11833344,0,7,4,1,0,sleeping,773,745,0,45056,461435,17318
2025-05-20 04:42:35,23408,2119561216,32636928,0.0,0.09779738635012127,0,12,0.19,0.04,0.0,0.0,0.0,11833344,0,7,4,1,0,sleeping,777,747,0,45056,465259,17382
2025-05-20 04:42:37,23408,2119561216,32636928,0.0,0.09779738635012127,0,12,0.19,0.04,0.0,0.0,0.0,11833344,0,7,4,1,0,sleeping,781,751,0,45056,467187,17462
2025-05-20 04:42:38,23408,2119561216,32636928,0.0,0.09779738635012127,0,12,0.19,0.04,0.0,0.0,0.0,11833344,0,8,4,1,0,sleeping,783,753,0,45056,469099,17526
2025-05-20 04:42:39,23408,2119561216,32636928,0.0,0.09779738635012127,0,12,0.19,0.04,0.0,0.0,0.0,11833344,0,8,4,1,0,sleeping,787,757,0,45056,471027,17606
2025-05-20 04:42:40,23408,2119561216,32636928,0.0,0.09779738635012127,0,12,0.19,0.04,0.0,0.0,0.0,11833344,0,7,4,1,0,sleeping,791,762,0,45056,472955,17718
2025-05-20 04:42:41,23408,2119561216,32636928,0.0,0.09779738635012127,0,12,0.19,0.04,0.0,0.0,0.0,11833344,0,8,4,1,0,sleeping,793,764,0,45056,474867,17782
2025-05-20 04:42:42,23408,2119561216,32636928,0.0,0.09779738635012127,0,12,0.19,0.04,0.0,0.0,0.0,11833344,0,7,4,1,0,sleeping,797,768,0,45056,476795,17862
2025-05-20 04:42:43,23408,2119561216,32636928,0.0,0.09779738635012127,0,12,0.19,0.04,0.0,0.0,0.0,11833344,0,7,4,1,0,sleeping,800,771,0,45056,478715,17934
2025-05-20 04:42:44,23408,2119561216,32636928,0.0,0.09779738635012127,0,12,0.19,0.04,0.0,0.0,0.0,11833344,0,7,4,1,0,sleeping,803,774,0,45056,480635,18006
2025-05-20 04:42:45,23408,2119561216,32636928,0.0,0.09779738635012127,0,12,0.19,0.04,0.0,0.0,0.0,11833344,0,8,4,1,0,sleeping,806,778,0,45056,482555,18110
2025-05-20 04:42:46,23408,2119561216,32636928,0.0,0.09779738635012127,0,12,0.19,0.04,0.0,0.0,0.0,11833344,0,8,4,1,0,sleeping,812,782,0,45056,486397,18190
2025-05-20 04:42:48,23408,2119561216,32636928,0.0,0.09779738635012127,0,12,0.19,0.04,0.0,0.0,0.0,11833344,0,8,4,1,0,sleeping,815,785,0,45056,488318,18262
2025-05-20 04:42:49,23408,2119561216,32636928,0.8,0.09779738635012127,0,12,0.19,0.05,0.0,0.0,0.0,11833344,0,8,4,1,0,sleeping,818,789,0,45056,490239,18366
2025-05-20 04:42:50,23408,2119561216,32636928,0.8,0.09779738635012127,0,12,0.2,0.05,0.0,0.0,0.0,11833344,0,8,4,1,0,sleeping,820,792,0,45056,492150,18462
2025-05-20 04:42:51,23408,2119561216,32636928,0.0,0.09779738635012127,0,12,0.2,0.05,0.0,0.0,0.0,11837440,0,8,4,1,0,sleeping,822,794,0,45056,494062,18526
2025-05-20 04:42:52,23408,2119561216,32636928,0.0,0.09779738635012127,0,12,0.2,0.05,0.0,0.0,0.0,11837440,0,7,4,1,0,sleeping,825,797,0,45056,495982,18598
2025-05-20 04:42:54,23408,2119561216,32636928,0.0,0.09779738635012127,0,12,0.2,0.05,0.0,0.0,0.0,11837440,0,7,4,1,0,sleeping,831,801,0,45056,499823,18678
2025-05-20 04:42:55,23408,2119561216,32636928,0.0,0.09779738635012127,0,12,0.2,0.05,0.0,0.0,0.0,11841536,0,7,4,1,0,sleeping,836,806,0,49152,501760,18766
2025-05-20 04:42:56,23408,2119561216,32636928,0.0,0.09779738635012127,0,12,0.2,0.05,0.0,0.0,0.0,11841536,0,7,4,1,0,sleeping,839,809,0,49152,503681,18838
2025-05-20 04:42:57,23408,2119561216,32636928,0.0,0.09779738635012127,0,12,0.2,0.05,0.0,0.0,0.0,11845632,0,7,4,1,0,sleeping,844,815,0,49152,505618,18958
2025-05-20 04:42:58,23408,2119561216,32636928,0.0,0.09779738635012127,0,12,0.2,0.05,0.0,0.0,0.0,11849728,0,7,4,1,0,sleeping,846,817,0,49152,507531,19022
2025-05-20 04:42:59,23408,2195062784,32636928,0.0,0.09779738635012127,0,13,0.2,0.05,0.0,0.0,0.0,11968512,0,8,4,1,0,sleeping,848,819,0,53248,509444,19086
2025-05-20 04:43:00,23408,2195062784,32636928,0.0,0.09779738635012127,0,13,0.2,0.05,0.0,0.0,0.0,11968512,0,8,4,1,0,sleeping,851,822,0,53248,511365,19158
2025-05-20 04:43:01,23408,2195062784,32636928,0.0,0.09779738635012127,0,13,0.2,0.05,0.0,0.0,0.0,11968512,0,8,4,1,0,sleeping,853,824,0,53248,513277,19222
2025-05-20 04:43:02,23408,2195062784,32636928,0.0,0.09779738635012127,0,13,0.2,0.05,0.0,0.0,0.0,11968512,0,8,4,1,0,sleeping,855,827,0,53248,515189,19318
2025-05-20 04:43:03,23408,2195062784,32636928,0.0,0.09779738635012127,0,13,0.2,0.05,0.0,0.0,0.0,11968512,0,8,4,1,0,sleeping,857,829,0,53248,517102,19382
2025-05-20 04:43:05,23408,2195062784,32636928,0.7,0.09779738635012127,0,13,0.21,0.05,0.0,0.0,0.0,11968512,0,7,4,1,0,sleeping,864,835,0,53248,520951,19502
2025-05-20 04:43:06,23408,2195062784,32636928,0.0,0.09779738635012127,0,13,0.21,0.05,0.0,0.0,0.0,11968512,0,8,4,1,0,sleeping,866,838,0,53248,522863,19598
2025-05-20 04:43:08,23408,2195062784,32636928,0.0,0.09779738635012127,0,13,0.21,0.05,0.0,0.0,0.0,11968512,0,8,4,1,0,sleeping,872,842,0,53248,526705,19678
2025-05-20 04:43:09,23408,2195062784,32636928,0.0,0.09779738635012127,0,13,0.21,0.05,0.0,0.0,0.0,11968512,0,8,4,1,0,sleeping,875,845,0,53248,528626,19750
2025-05-20 04:43:10,23408,2195062784,32636928,0.0,0.09779738635012127,0,13,0.21,0.05,0.0,0.0,0.0,11968512,0,8,4,1,0,sleeping,878,849,0,53248,530547,19854
2025-05-20 04:43:11,23408,2195062784,32636928,0.0,0.09779738635012127,0,13,0.21,0.05,0.0,0.0,0.0,11968512,0,7,4,1,0,sleeping,882,853,0,53248,532476,19934
2025-05-20 04:43:12,23408,2195062784,32636928,0.0,0.09779738635012127,0,13,0.21,0.05,0.0,0.0,0.0,11968512,0,7,4,1,0,sleeping,884,855,0,53248,534389,19998
2025-05-20 04:43:13,23408,2195062784,32636928,0.0,0.09779738635012127,0,13,0.21,0.05,0.0,0.0,0.0,11968512,0,7,4,1,0,sleeping,886,857,0,53248,536301,20062
2025-05-20 04:43:14,23408,2195062784,32636928,0.0,0.09779738635012127,0,13,0.21,0.05,0.0,0.0,0.0,11968512,0,7,4,1,0,sleeping,889,860,0,53248,538220,20134
2025-05-20 04:43:15,23408,2195062784,32636928,0.0,0.09779738635012127,0,13,0.21,0.05,0.0,0.0,0.0,11968512,0,7,4,1,0,sleeping,891,862,0,53248,540131,20198
2025-05-20 04:43:16,23408,2195062784,32636928,0.0,0.09779738635012127,0,13,0.21,0.05,0.0,0.0,0.0,11968512,0,7,4,1,0,sleeping,893,865,0,53248,542042,20294
2025-05-20 04:43:17,23408,2195062784,32636928,0.0,0.09779738635012127,0,13,0.21,0.05,0.0,0.0,0.0,11972608,0,7,4,1,0,sleeping,897,869,0,53248,543970,20374
2025-05-20 04:43:18,23408,2195062784,32636928,0.9,0.09779738635012127,0,13,0.22,0.05,0.0,0.0,0.0,11972608,0,7,4,1,0,sleeping,902,874,0,53248,545907,20462
2025-05-20 04:43:20,23408,2195062784,32636928,0.0,0.09779738635012127,0,13,0.22,0.05,0.0,0.0,0.0,11976704,0,7,4,1,0,sleeping,909,879,0,53248,549754,20550
2025-05-20 04:43:21,23408,2195062784,32636928,0.0,0.09779738635012127,0,13,0.22,0.05,0.0,0.0,0.0,11976704,0,7,4,1,0,sleeping,911,881,0,53248,551665,20614
2025-05-20 04:43:22,23408,2195062784,32636928,0.0,0.09779738635012127,0,13,0.22,0.05,0.0,0.0,0.0,11976704,0,7,4,1,0,sleeping,913,884,0,53248,553577,20710
2025-05-20 04:43:23,23408,2195062784,32636928,0.0,0.09779738635012127,0,13,0.22,0.05,0.0,0.0,0.0,11976704,0,7,4,1,0,sleeping,916,887,0,53248,555497,20782
2025-05-20 04:43:24,23408,2195062784,32636928,0.0,0.09779738635012127,0,13,0.22,0.05,0.0,0.0,0.0,11976704,0,7,4,1,0,sleeping,919,891,0,57344,557417,20886
2025-05-20 04:43:26,23408,2195062784,32636928,0.0,0.09779738635012127,0,13,0.22,0.05,0.0,0.0,0.0,11976704,0,7,4,1,0,sleeping,924,895,0,57344,561248,20990
2025-05-20 04:43:27,23408,2195062784,32636928,0.7,0.09779738635012127,0,13,0.23,0.05,0.0,0.0,0.0,11976704,0,6,3,1,0,sleeping,927,899,0,57344,563167,21094
2025-05-20 04:43:29,23408,2195062784,32636928,0.0,0.09779738635012127,0,13,0.23,0.05,0.0,0.0,0.0,11976704,0,6,3,1,0,sleeping,932,902,0,57344,567000,21166
2025-05-20 04:43:30,23408,2195062784,32636928,0.0,0.09779738635012127,0,13,0.23,0.05,0.0,0.0,0.0,11976704,0,6,3,1,0,sleeping,935,905,0,57344,568921,21238
2025-05-20 04:43:31,23408,2195062784,32636928,0.0,0.09779738635012127,0,13,0.23,0.05,0.0,0.0,0.0,11976704,0,7,4,1,0,sleeping,939,909,0,57344,570850,21318
2025-05-20 04:43:32,23408,2195062784,32636928,0.0,0.09779738635012127,0,13,0.23,0.05,0.0,0.0,0.0,11976704,0,7,4,1,0,sleeping,945,916,0,57344,572795,21446
2025-05-20 04:43:33,23408,2195062784,32636928,0.0,0.09779738635012127,0,13,0.23,0.05,0.0,0.0,0.0,11976704,0,7,4,1,0,sleeping,948,919,0,57344,574715,21518
2025-05-20 04:43:34,23408,2195062784,32636928,0.0,0.09779738635012127,0,13,0.23,0.05,0.0,0.0,0.0,11976704,0,7,4,1,0,sleeping,951,922,0,57344,576635,21590
2025-05-20 04:43:35,23408,2195062784,32636928,0.0,0.09779738635012127,0,13,0.23,0.05,0.0,0.0,0.0,11976704,0,7,4,1,0,sleeping,956,927,0,57344,578572,21678
2025-05-20 04:43:36,23408,2195062784,32636928,0.0,0.09779738635012127,0,13,0.23,0.05,0.0,0.0,0.0,11976704,0,7,4,1,0,sleeping,961,932,0,57344,580509,21766
2025-05-20 04:43:37,23408,2195062784,32636928,0.0,0.09779738635012127,0,13,0.23,0.05,0.0,0.0,0.0,11976704,0,7,4,1,0,sleeping,964,936,0,57344,582429,21870
2025-05-20 04:43:38,23408,2195062784,32636928,0.0,0.09779738635012127,0,13,0.23,0.05,0.0,0.0,0.0,11976704,0,7,4,1,0,sleeping,967,939,0,57344,584349,21942
2025-05-20 04:43:40,23408,2195062784,32636928,0.0,0.09779738635012127,0,13,0.23,0.05,0.0,0.0,0.0,11976704,0,7,4,1,0,sleeping,970,942,0,57344,586270,22014
2025-05-20 04:43:41,23408,2195062784,32636928,0.0,0.09779738635012127,0,13,0.23,0.05,0.0,0.0,0.0,11976704,0,7,4,1,0,sleeping,974,945,0,57344,590096,22110
2025-05-20 04:43:42,23408,2195062784,32636928,0.0,0.09779738635012127,0,13,0.23,0.05,0.0,0.0,0.0,11976704,0,7,4,1,0,sleeping,976,947,0,57344,592009,22174
2025-05-20 04:43:43,23408,2195062784,32636928,0.0,0.09779738635012127,0,13,0.23,0.05,0.0,0.0,0.0,11976704,0,7,4,1,0,sleeping,979,951,0,57344,593930,22278
2025-05-20 04:43:45,23408,2195062784,32636928,0.0,0.09779738635012127,0,13,0.23,0.05,0.0,0.0,0.0,11976704,0,7,4,1,0,sleeping,982,954,0,57344,595851,22350
2025-05-20 04:43:46,23408,2195062784,32636928,0.9,0.09779738635012127,0,13,0.24,0.05,0.0,0.0,0.0,11976704,0,7,4,1,0,sleeping,986,958,0,57344,597780,22430
2025-05-20 04:43:47,23408,2195062784,32636928,0.0,0.09779738635012127,0,13,0.24,0.05,0.0,0.0,0.0,11976704,0,7,4,1,0,sleeping,991,961,0,57344,601614,22502
2025-05-20 04:43:48,23408,2195062784,32636928,0.0,0.09779738635012127,0,13,0.24,0.05,0.0,0.0,0.0,11976704,0,7,4,1,0,sleeping,995,966,0,57344,603543,22614
2025-05-20 04:43:49,23408,2195062784,32636928,0.0,0.09779738635012127,0,13,0.24,0.05,0.0,0.0,0.0,11976704,0,7,4,1,0,sleeping,998,969,0,57344,605464,22686
2025-05-20 04:43:50,23408,2195062784,32636928,0.0,0.09779738635012127,0,13,0.24,0.05,0.0,0.0,0.0,11976704,0,7,4,1,0,sleeping,1002,973,0,57344,607393,22766
2025-05-20 04:43:51,23408,2195062784,32636928,0.0,0.09779738635012127,0,13,0.24,0.05,0.0,0.0,0.0,11976704,0,7,4,1,0,sleeping,1006,977,0,57344,609321,22846
2025-05-20 04:43:52,23408,2195062784,32636928,0.0,0.09779738635012127,0,13,0.24,0.05,0.0,0.0,0.0,11976704,0,7,4,1,0,sleeping,1008,979,0,57344,611231,22910
2025-05-20 04:43:53,23408,2195062784,32636928,0.0,0.09779738635012127,0,13,0.24,0.05,0.0,0.0,0.0,11976704,0,7,4,1,0,sleeping,1011,982,0,57344,613149,22982
2025-05-20 04:43:54,23408,2195062784,32636928,0.0,0.09779738635012127,0,13,0.24,0.05,0.0,0.0,0.0,11976704,0,7,4,1,0,sleeping,1016,987,0,57344,615085,23070
2025-05-20 04:43:55,23408,2195062784,32636928,0.0,0.09779738635012127,0,13,0.24,0.05,0.0,0.0,0.0,11976704,0,7,4,1,0,sleeping,1019,991,0,61440,617005,23174
2025-05-20 04:43:56,23408,2195062784,32636928,0.0,0.09779738635012127,0,13,0.24,0.05,0.0,0.0,0.0,11976704,0,7,4,1,0,sleeping,1022,994,0,61440,618925,23246
2025-05-20 04:43:58,23408,2195062784,32636928,0.0,0.09779738635012127,0,13,0.24,0.05,0.0,0.0,0.0,11976704,0,7,4,1,0,sleeping,1025,997,0,61440,620846,23318
2025-05-20 04:43:59,23408,2195062784,32636928,0.0,0.09779738635012127,0,13,0.24,0.05,0.0,0.0,0.0,11976704,0,6,3,1,0,sleeping,1031,1001,0,61440,624688,23398
2025-05-20 04:44:00,23408,2195062784,32636928,0.0,0.09779738635012127,0,13,0.24,0.05,0.0,0.0,0.0,11976704,0,6,3,1,0,sleeping,1034,1005,0,61440,626608,23502
2025-05-20 04:44:01,23408,2195062784,32636928,0.0,0.09779738635012127,0,13,0.24,0.05,0.0,0.0,0.0,11976704,0,6,3,1,0,sleeping,1036,1007,0,61440,628520,23566
2025-05-20 04:44:03,23408,2195062784,32636928,1.4,0.09779738635012127,0,13,0.25,0.06,0.0,0.0,0.0,11976704,0,6,3,1,0,sleeping,1038,1010,0,65536,630433,23662
2025-05-20 04:44:04,23408,2195062784,32636928,0.0,0.09779738635012127,0,13,0.25,0.06,0.0,0.0,0.0,11976704,0,6,3,1,0,sleeping,1044,1015,0,65536,634275,23774
2025-05-20 04:44:05,23408,2195062784,32636928,0.0,0.09779738635012127,0,13,0.25,0.06,0.0,0.0,0.0,11976704,0,6,3,1,0,sleeping,1047,1019,0,65536,636196,23878
2025-05-20 04:44:06,23408,2195062784,32636928,0.0,0.09779738635012127,0,13,0.25,0.06,0.0,0.0,0.0,11976704,0,6,3,1,0,sleeping,1050,1022,0,65536,638117,23950
2025-05-20 04:44:08,23408,2195062784,32636928,0.0,0.09779738635012127,0,13,0.25,0.06,0.0,0.0,0.0,11976704,0,6,3,1,0,sleeping,1054,1026,0,65536,640046,24030
2025-05-20 04:44:09,23408,2195062784,32636928,0.0,0.09779738635012127,0,13,0.25,0.06,0.0,0.0,0.0,11976704,0,6,3,1,0,sleeping,1058,1030,0,65536,641974,24110
2025-05-20 04:44:10,23408,2195062784,32636928,0.0,0.09779738635012127,0,13,0.25,0.06,0.0,0.0,0.0,11976704,0,6,3,1,0,sleeping,1062,1034,0,65536,643902,24190
2025-05-20 04:44:11,23408,2195062784,32636928,0.0,0.09779738635012127,0,13,0.25,0.06,0.0,0.0,0.0,11988992,0,7,4,1,0,sleeping,1067,1037,0,65536,647736,24262
2025-05-20 04:44:12,23408,2195062784,32636928,0.0,0.09779738635012127,0,13,0.25,0.06,0.0,0.0,0.0,11988992,0,6,4,1,0,sleeping,1069,1040,0,65536,649649,24358
2025-05-20 04:44:13,23408,2195062784,32636928,0.0,0.09779738635012127,0,13,0.25,0.06,0.0,0.0,0.0,11988992,0,6,4,1,0,sleeping,1071,1042,0,65536,651561,24422
2025-05-20 04:44:14,23408,2195062784,32636928,0.0,0.09779738635012127,0,13,0.25,0.06,0.0,0.0,0.0,11988992,0,6,4,1,0,sleeping,1076,1047,0,65536,653497,24510
2025-05-20 04:44:15,23408,2195062784,32636928,0.0,0.09779738635012127,0,13,0.25,0.06,0.0,0.0,0.0,11988992,0,6,4,1,0,sleeping,1079,1050,0,65536,655418,24582
2025-05-20 04:44:16,23408,2195062784,32636928,0.0,0.09779738635012127,0,13,0.25,0.06,0.0,0.0,0.0,11988992,0,6,4,1,0,sleeping,1081,1052,0,65536,657331,24646
2025-05-20 04:44:17,23408,2195062784,32636928,0.0,0.09779738635012127,0,13,0.25,0.06,0.0,0.0,0.0,11988992,0,6,4,1,0,sleeping,1084,1056,0,65536,659252,24750
2025-05-20 04:44:18,23408,2195062784,32636928,0.0,0.09779738635012127,0,13,0.25,0.06,0.0,0.0,0.0,11988992,0,6,4,1,0,sleeping,1089,1061,0,65536,661189,24838
2025-05-20 04:44:20,23408,2195062784,32636928,0.0,0.09779738635012127,0,13,0.25,0.06,0.0,0.0,0.0,11988992,0,6,4,1,0,sleeping,1091,1063,0,65536,663102,24902
2025-05-20 04:44:21,23408,2195062784,32636928,0.8,0.09779738635012127,0,13,0.25,0.07,0.0,0.0,0.0,11988992,0,6,4,1,0,sleeping,1097,1068,0,65536,666943,25014
2025-05-20 04:44:22,23408,2195062784,32636928,0.0,0.09779738635012127,0,13,0.25,0.07,0.0,0.0,0.0,11988992,0,7,4,1,0,sleeping,1099,1070,0,65536,668853,25078
2025-05-20 04:44:24,23408,2195062784,32636928,0.0,0.09779738635012127,0,13,0.25,0.07,0.0,0.0,0.0,11988992,0,7,4,1,0,sleeping,1101,1073,0,65536,670764,25174
2025-05-20 04:44:25,23408,2195062784,32636928,0.0,0.09779738635012127,0,13,0.25,0.07,0.0,0.0,0.0,11993088,0,7,4,1,0,sleeping,1105,1076,0,65536,674587,25270
2025-05-20 04:44:26,23408,2195062784,32636928,0.0,0.09779738635012127,0,13,0.25,0.07,0.0,0.0,0.0,11993088,0,7,4,1,0,sleeping,1107,1078,0,69632,676498,25334
2025-05-20 04:44:27,23408,2195062784,32636928,0.9,0.09779738635012127,0,13,0.25,0.08,0.0,0.0,0.0,11993088,0,7,4,1,0,sleeping,1110,1081,0,69632,678418,25406
2025-05-20 04:44:28,23408,2195062784,32636928,0.0,0.09779738635012127,0,13,0.25,0.08,0.0,0.0,0.0,11993088,0,7,4,1,0,sleeping,1115,1086,0,69632,680355,25494
2025-05-20 04:44:29,23408,2195062784,32636928,0.0,0.09779738635012127,0,13,0.25,0.08,0.0,0.0,0.0,11993088,0,7,4,1,0,sleeping,1118,1090,0,69632,682276,25598
2025-05-20 04:44:30,23408,2195062784,32636928,0.0,0.09779738635012127,0,13,0.25,0.08,0.0,0.0,0.0,11993088,0,7,4,1,0,sleeping,1122,1094,0,69632,684205,25678
2025-05-20 04:44:31,23408,2195062784,32636928,0.0,0.09779738635012127,0,13,0.25,0.08,0.0,0.0,0.0,11993088,0,7,4,1,0,sleeping,1126,1098,0,69632,686134,25758
2025-05-20 04:44:33,23408,2195062784,32636928,0.0,0.09779738635012127,0,13,0.25,0.08,0.0,0.0,0.0,11993088,0,7,4,1,0,sleeping,1128,1100,0,69632,688047,25822
2025-05-20 04:44:34,23408,2195062784,32636928,0.0,0.09779738635012127,0,13,0.25,0.08,0.0,0.0,0.0,11993088,0,7,4,1,0,sleeping,1130,1102,0,69632,689960,25886
2025-05-20 04:44:35,23408,2195062784,32636928,0.0,0.09779738635012127,0,13,0.25,0.08,0.0,0.0,0.0,11993088,0,6,4,1,0,sleeping,1134,1106,0,69632,691889,25966
2025-05-20 04:44:36,23408,2195062784,32636928,0.0,0.09779738635012127,0,13,0.25,0.08,0.0,0.0,0.0,11993088,0,5,3,1,0,sleeping,1140,1111,0,69632,695731,26078
2025-05-20 04:44:37,23408,2195062784,32636928,0.0,0.09779738635012127,0,13,0.25,0.08,0.0,0.0,0.0,11993088,0,5,3,1,0,sleeping,1144,1115,0,69632,697660,26158
2025-05-20 04:44:38,23408,2195062784,32636928,0.0,0.09779738635012127,0,13,0.25,0.08,0.0,0.0,0.0,11993088,0,6,3,1,0,sleeping,1146,1117,0,69632,699573,26222
2025-05-20 04:44:39,23408,2195062784,32636928,0.8,0.09779738635012127,0,13,0.26,0.08,0.0,0.0,0.0,11993088,0,6,3,1,0,sleeping,1148,1120,0,69632,701486,26318
2025-05-20 04:44:41,23408,2195062784,32636928,0.0,0.09779738635012127,0,13,0.26,0.08,0.0,0.0,0.0,11993088,0,6,3,1,0,sleeping,1151,1123,0,69632,703407,26390
2025-05-20 04:44:42,23408,2195062784,32636928,0.0,0.09779738635012127,0,13,0.26,0.08,0.0,0.0,0.0,11993088,0,7,4,1,0,sleeping,1156,1127,0,69632,707241,26494
2025-05-20 04:44:43,23408,2195062784,32636928,0.0,0.09779738635012127,0,13,0.26,0.08,0.0,0.0,0.0,11993088,0,6,4,1,0,sleeping,1158,1130,0,69632,709154,26590
2025-05-20 04:44:44,23408,2195062784,32636928,0.0,0.09779738635012127,0,13,0.26,0.08,0.0,0.0,0.0,11993088,0,6,4,1,0,sleeping,1161,1133,0,69632,711075,26662
2025-05-20 04:44:46,23408,2195062784,32636928,0.0,0.09779738635012127,0,13,0.26,0.08,0.0,0.0,0.0,11993088,0,6,4,1,0,sleeping,1165,1137,0,69632,713004,26742
2025-05-20 04:44:47,23408,2195062784,32636928,0.0,0.09779738635012127,0,13,0.26,0.08,0.0,0.0,0.0,11993088,0,6,4,1,0,sleeping,1169,1141,0,69632,714933,26822
2025-05-20 04:44:48,23408,2195062784,32636928,0.0,0.09779738635012127,0,13,0.26,0.08,0.0,0.0,0.0,11993088,0,6,4,1,0,sleeping,1172,1144,0,69632,716853,26894
2025-05-20 04:44:49,23408,2195062784,32636928,0.0,0.09779738635012127,0,13,0.26,0.08,0.0,0.0,0.0,11993088,0,6,4,1,0,sleeping,1178,1149,0,69632,720694,27006
2025-05-20 04:44:50,23408,2195062784,32636928,0.9,0.09779738635012127,0,13,0.27,0.08,0.0,0.0,0.0,11993088,0,6,4,1,0,sleeping,1183,1154,0,69632,722631,27094
2025-05-20 04:44:51,23408,2195062784,32636928,0.0,0.09779738635012127,0,13,0.27,0.08,0.0,0.0,0.0,11993088,0,6,4,1,0,sleeping,1188,1159,0,69632,724568,27182
2025-05-20 04:44:52,23408,2195062784,32636928,0.0,0.09779738635012127,0,13,0.27,0.08,0.0,0.0,0.0,11993088,0,6,4,1,0,sleeping,1192,1163,0,69632,726496,27262
2025-05-20 04:44:53,23408,2195062784,32636928,0.0,0.09779738635012127,0,13,0.27,0.08,0.0,0.0,0.0,11993088,0,6,4,1,0,sleeping,1195,1166,0,69632,728416,27334
2025-05-20 04:44:54,23408,2195062784,32636928,0.0,0.09779738635012127,0,13,0.27,0.08,0.0,0.0,0.0,11993088,0,7,4,1,0,sleeping,1197,1169,0,69632,730329,27430
2025-05-20 04:44:55,23408,2195062784,32636928,0.0,0.09779738635012127,0,13,0.27,0.08,0.0,0.0,0.0,11993088,0,7,4,1,0,sleeping,1199,1171,0,69632,732242,27494
2025-05-20 04:44:57,23408,2195062784,32636928,0.0,0.09779738635012127,0,13,0.27,0.08,0.0,0.0,0.0,11993088,0,5,3,1,0,sleeping,1204,1175,0,73728,736076,27598
2025-05-20 04:44:58,23408,2195062784,32636928,0.0,0.09779738635012127,0,13,0.27,0.08,0.0,0.0,0.0,11993088,0,6,4,1,0,sleeping,1206,1178,0,73728,737990,27694
2025-05-20 04:44:59,23408,2195062784,32636928,0.0,0.09779738635012127,0,13,0.27,0.08,0.0,0.0,0.0,11993088,0,6,4,1,0,sleeping,1208,1180,0,73728,739904,27758
2025-05-20 04:45:01,23408,2195062784,32636928,0.0,0.09779738635012127,0,13,0.27,0.08,0.0,0.0,0.0,11993088,0,6,4,1,0,sleeping,1211,1183,0,73728,741826,27830
2025-05-20 04:45:02,23408,2195062784,32636928,0.0,0.09779738635012127,0,13,0.27,0.08,0.0,0.0,0.0,11993088,0,6,4,1,0,sleeping,1213,1185,0,73728,743740,27894
2025-05-20 04:45:03,23408,2195062784,32636928,0.0,0.09779738635012127,0,13,0.27,0.08,0.0,0.0,0.0,11993088,0,6,4,1,0,sleeping,1217,1189,0,73728,745670,27974
2025-05-20 04:45:04,23408,2195062784,32636928,0.9,0.09779738635012127,0,13,0.28,0.08,0.0,0.0,0.0,11993088,0,5,3,1,0,sleeping,1221,1194,0,73728,747600,28086
2025-05-20 04:45:05,23408,2195062784,32636928,0.0,0.09779738635012127,0,13,0.28,0.08,0.0,0.0,0.0,11993088,0,5,3,1,0,sleeping,1226,1197,0,73728,751436,28158
2025-05-20 04:45:06,23408,2195062784,32636928,0.0,0.09779738635012127,0,13,0.28,0.08,0.0,0.0,0.0,11993088,0,5,3,1,0,sleeping,1229,1200,0,73728,753358,28230
2025-05-20 04:45:07,23408,2195062784,32636928,0.0,0.09779738635012127,0,13,0.28,0.08,0.0,0.0,0.0,11993088,0,5,3,1,0,sleeping,1231,1202,0,77824,755272,28294
2025-05-20 04:45:08,23408,2195062784,32636928,0.0,0.09779738635012127,0,13,0.28,0.08,0.0,0.0,0.0,11993088,0,5,3,1,0,sleeping,1235,1206,0,77824,757202,28374
2025-05-20 04:45:09,23408,2195062784,32636928,0.0,0.09779738635012127,0,13,0.28,0.08,0.0,0.0,0.0,11993088,0,6,4,1,0,sleeping,1239,1210,0,77824,759131,28454
2025-05-20 04:45:10,23408,2195062784,32636928,0.0,0.09779738635012127,0,13,0.28,0.08,0.0,0.0,0.0,11997184,0,5,3,1,0,sleeping,1241,1213,0,77824,761044,28550
2025-05-20 04:45:11,23408,2195062784,32636928,0.0,0.09779738635012127,0,13,0.28,0.08,0.0,0.0,0.0,11997184,0,6,4,1,0,sleeping,1244,1216,0,77824,762966,28622
2025-05-20 04:45:13,23408,2195062784,32636928,0.0,0.09779738635012127,0,13,0.28,0.08,0.0,0.0,0.0,11997184,0,6,4,1,0,sleeping,1246,1218,0,77824,764880,28686
2025-05-20 04:45:14,23408,2195062784,32636928,0.0,0.09779738635012127,0,13,0.28,0.08,0.0,0.0,0.0,11997184,0,6,3,1,0,sleeping,1251,1222,0,77824,768716,28790
2025-05-20 04:45:15,23408,2195062784,32636928,0.0,0.09779738635012127,0,13,0.28,0.08,0.0,0.0,0.0,11997184,0,6,3,1,0,sleeping,1253,1225,0,77824,770630,28886
2025-05-20 04:45:17,23408,2195062784,32636928,0.0,0.09779738635012127,0,13,0.28,0.08,0.0,0.0,0.0,11997184,0,6,3,1,0,sleeping,1255,1227,0,77824,772544,28950
2025-05-20 04:45:18,23408,2195062784,32636928,0.9,0.09779738635012127,0,13,0.29,0.08,0.0,0.0,0.0,11997184,0,6,3,1,0,sleeping,1258,1230,0,77824,774466,29022
2025-05-20 04:45:19,23408,2195062784,32636928,0.0,0.09779738635012127,0,13,0.29,0.08,0.0,0.0,0.0,11997184,0,6,3,1,0,sleeping,1262,1234,0,77824,776396,29102
2025-05-20 04:45:20,23408,2195062784,32636928,0.0,0.09779738635012127,0,13,0.29,0.08,0.0,0.0,0.0,12001280,0,7,4,1,0,sleeping,1264,1236,0,77824,778310,29166
2025-05-20 04:45:21,23408,2195062784,32636928,0.0,0.09779738635012127,0,13,0.29,0.08,0.0,0.0,0.0,12001280,0,6,3,1,0,sleeping,1267,1240,0,77824,780232,29270
2025-05-20 04:45:22,23408,2195062784,32636928,0.0,0.09779738635012127,0,13,0.29,0.08,0.0,0.0,0.0,12001280,0,6,3,1,0,sleeping,1274,1245,0,77824,784084,29358
2025-05-20 04:45:23,23408,2195062784,32636928,0.0,0.09779738635012127,0,13,0.29,0.08,0.0,0.0,0.0,12001280,0,6,3,1,0,sleeping,1278,1249,0,77824,786013,29438
2025-05-20 04:45:24,23408,2195062784,32636928,0.0,0.09779738635012127,0,13,0.29,0.08,0.0,0.0,0.0,12001280,0,6,3,1,0,sleeping,1281,1252,0,77824,787934,29510
2025-05-20 04:45:25,23408,2195062784,32636928,0.0,0.09779738635012127,0,13,0.29,0.08,0.0,0.0,0.0,12001280,0,6,3,1,0,sleeping,1285,1256,0,77824,789864,29590
2025-05-20 04:45:26,23408,2195062784,32636928,0.0,0.09779738635012127,0,13,0.29,0.08,0.0,0.0,0.0,12001280,0,6,3,1,0,sleeping,1289,1261,0,77824,791794,29702
2025-05-20 04:45:27,23408,2195062784,32636928,0.0,0.09779738635012127,0,13,0.29,0.08,0.0,0.0,0.0,12001280,0,7,4,1,0,sleeping,1291,1263,0,81920,793708,29766
2025-05-20 04:45:29,23408,2195062784,32636928,0.0,0.09779738635012127,0,13,0.29,0.08,0.0,0.0,0.0,12001280,0,6,3,1,0,sleeping,1294,1266,0,81920,795630,29838
2025-05-20 04:45:30,23408,2195062784,32636928,0.0,0.09779738635012127,0,13,0.29,0.08,0.0,0.0,0.0,12001280,0,6,3,1,0,sleeping,1300,1271,0,81920,799474,29950
2025-05-20 04:45:31,23408,2195062784,32636928,0.7,0.09779738635012127,0,13,0.3,0.08,0.0,0.0,0.0,12001280,0,6,3,1,0,sleeping,1302,1274,0,81920,801388,30046
2025-05-20 04:45:33,23408,2195062784,32636928,0.0,0.09779738635012127,0,13,0.3,0.08,0.0,0.0,0.0,12001280,0,7,4,1,0,sleeping,1305,1277,0,81920,803310,30118
2025-05-20 04:45:34,23408,2195062784,32636928,0.0,0.09779738635012127,0,13,0.3,0.08,0.0,0.0,0.0,12001280,0,6,3,1,0,sleeping,1307,1280,0,81920,805224,30214
2025-05-20 04:45:35,23408,2195062784,32636928,0.0,0.09779738635012127,0,13,0.3,0.08,0.0,0.0,0.0,12001280,0,6,4,1,0,sleeping,1313,1284,0,81920,809067,30294
2025-05-20 04:45:36,23408,2195062784,32636928,0.0,0.09779738635012127,0,13,0.3,0.08,0.0,0.0,0.0,12001280,0,6,4,1,0,sleeping,1317,1288,0,81920,810996,30374
2025-05-20 04:45:37,23408,2195062784,32636928,0.9,0.09779738635012127,0,13,0.3,0.09,0.0,0.0,0.0,12001280,0,6,4,1,0,sleeping,1320,1291,0,81920,812917,30446
2025-05-20 04:45:38,23408,2195062784,32636928,0.0,0.09779738635012127,0,13,0.3,0.09,0.0,0.0,0.0,12001280,0,6,4,1,0,sleeping,1325,1296,0,81920,814854,30534
2025-05-20 04:45:39,23408,2195062784,32636928,0.0,0.09779738635012127,0,13,0.3,0.09,0.0,0.0,0.0,12017664,0,6,4,1,0,sleeping,1328,1300,0,81920,816776,30638
2025-05-20 04:45:40,23408,2195062784,32636928,0.0,0.09779738635012127,0,13,0.3,0.09,0.0,0.0,0.0,12017664,0,6,4,1,0,sleeping,1331,1303,0,81920,818698,30710
2025-05-20 04:45:41,23408,2195062784,32636928,0.0,0.09779738635012127,0,13,0.3,0.09,0.0,0.0,0.0,12017664,0,6,4,1,0,sleeping,1333,1305,0,81920,820612,30774
2025-05-20 04:45:43,23408,2195062784,32636928,0.0,0.09779738635012127,0,13,0.3,0.09,0.0,0.0,0.0,12017664,0,6,4,1,0,sleeping,1335,1307,0,81920,822526,30838
2025-05-20 04:45:44,23408,2195062784,32768000,0.0,0.09819014693787276,0,13,0.3,0.09,0.0,0.0,0.0,12120064,0,7,4,1,0,sleeping,1337,1309,0,81920,824439,30902
2025-05-20 04:45:45,23408,2195062784,32768000,0.0,0.09819014693787276,0,13,0.3,0.09,0.0,0.0,0.0,12120064,0,8,4,1,0,sleeping,1339,1312,0,81920,826352,30998
2025-05-20 04:45:46,23408,2195062784,32768000,0.0,0.09819014693787276,0,13,0.3,0.09,0.0,0.0,0.0,12120064,0,7,4,1,0,sleeping,1342,1315,0,81920,828274,31070
2025-05-20 04:45:47,23408,2195062784,32768000,0.0,0.09819014693787276,0,13,0.3,0.09,0.0,0.0,0.0,12120064,0,7,4,1,0,sleeping,1347,1318,0,81920,832108,31142
2025-05-20 04:45:48,23408,2195062784,32768000,0.8,0.09819014693787276,0,13,0.31,0.09,0.0,0.0,0.0,12120064,0,7,4,1,0,sleeping,1350,1322,0,81920,834030,31246
2025-05-20 04:45:50,23408,2195062784,32768000,0.0,0.09819014693787276,0,13,0.31,0.09,0.0,0.0,0.0,12120064,0,7,4,1,0,sleeping,1353,1326,0,81920,835952,31350
2025-05-20 04:45:51,23408,2195062784,32768000,0.0,0.09819014693787276,0,13,0.31,0.09,0.0,0.0,0.0,12124160,0,7,4,1,0,sleeping,1358,1329,0,81920,839788,31422
2025-05-20 04:45:52,23408,2195062784,32768000,0.0,0.09819014693787276,0,13,0.31,0.09,0.0,0.0,0.0,12124160,0,7,4,1,0,sleeping,1361,1332,0,81920,841710,31494
2025-05-20 04:45:53,23408,2195062784,32768000,0.0,0.09819014693787276,0,13,0.31,0.09,0.0,0.0,0.0,12124160,0,7,4,1,0,sleeping,1364,1336,0,81920,843638,31598
2025-05-20 04:45:54,23408,2195062784,32768000,0.0,0.09819014693787276,0,13,0.31,0.09,0.0,0.0,0.0,12124160,0,7,4,1,0,sleeping,1368,1340,0,81920,845567,31678
2025-05-20 04:45:56,23408,2195062784,32768000,0.0,0.09819014693787276,0,13,0.31,0.09,0.0,0.0,0.0,12124160,0,7,4,1,0,sleeping,1372,1344,0,81920,847496,31758
2025-05-20 04:45:57,23408,2195062784,32768000,0.0,0.09819014693787276,0,13,0.31,0.09,0.0,0.0,0.0,12132352,0,7,4,1,0,sleeping,1375,1347,0,81920,849418,31830
2025-05-20 04:45:58,23408,2195062784,32768000,0.0,0.09819014693787276,0,13,0.31,0.09,0.0,0.0,0.0,12132352,0,7,4,1,0,sleeping,1379,1351,0,81920,851348,31910
2025-05-20 04:45:59,23408,2195062784,32768000,0.0,0.09819014693787276,0,13,0.31,0.09,0.0,0.0,0.0,12132352,0,7,4,1,0,sleeping,1384,1356,0,86016,853286,31998
2025-05-20 04:46:00,23408,2195062784,32768000,0.0,0.09819014693787276,0,13,0.31,0.09,0.0,0.0,0.0,12132352,0,7,4,1,0,sleeping,1389,1362,0,86016,855224,32118
2025-05-20 04:46:01,23408,2195062784,32768000,0.9,0.09819014693787276,0,13,0.32,0.09,0.0,0.0,0.0,12132352,0,7,4,1,0,sleeping,1391,1364,0,86016,857138,32182
2025-05-20 04:46:02,23408,2195062784,32768000,0.0,0.09819014693787276,0,13,0.32,0.09,0.0,0.0,0.0,12132352,0,7,4,1,0,sleeping,1395,1366,0,86016,860965,32246
2025-05-20 04:46:03,23408,2195062784,32768000,0.0,0.09819014693787276,0,13,0.32,0.09,0.0,0.0,0.0,12132352,0,7,4,1,0,sleeping,1397,1368,0,86016,862878,32310
2025-05-20 04:46:04,23408,2195062784,32768000,0.0,0.09819014693787276,0,13,0.32,0.09,0.0,0.0,0.0,12132352,0,7,4,1,0,sleeping,1400,1372,0,86016,864800,32414
2025-05-20 04:46:06,23408,2195062784,32768000,0.0,0.09819014693787276,0,13,0.32,0.09,0.0,0.0,0.0,12136448,0,7,4,1,0,sleeping,1403,1376,0,86016,866722,32518
2025-05-20 04:46:07,23408,2195062784,32768000,0.0,0.09819014693787276,0,13,0.32,0.09,0.0,0.0,0.0,12144640,0,7,4,1,0,sleeping,1409,1380,0,86016,870566,32598
2025-05-20 04:46:08,23408,2195062784,32768000,0.0,0.09819014693787276,0,13,0.32,0.09,0.0,0.0,0.0,12144640,0,7,4,1,0,sleeping,1412,1383,0,86016,872488,32670
2025-05-20 04:46:09,23408,2195062784,32899072,0.0,0.09858290752562425,0,13,0.32,0.09,0.0,0.0,0.0,12165120,0,7,4,1,0,sleeping,1414,1386,0,86016,874402,32766
2025-05-20 04:46:10,23408,2195062784,32899072,0.0,0.09858290752562425,0,13,0.32,0.09,0.0,0.0,0.0,12177408,0,7,4,1,0,sleeping,1418,1390,0,90112,876332,32846
2025-05-20 04:46:11,23408,2195062784,32899072,0.0,0.09858290752562425,0,13,0.32,0.09,0.0,0.0,0.0,12185600,0,7,4,1,0,sleeping,1421,1393,0,90112,878254,32918
2025-05-20 04:46:13,23408,2195062784,32899072,0.0,0.09858290752562425,0,13,0.32,0.09,0.0,0.0,0.0,12185600,0,7,4,1,0,sleeping,1423,1395,0,90112,880168,32982
2025-05-20 04:46:14,23408,2195062784,32899072,0.0,0.09858290752562425,0,13,0.32,0.09,0.0,0.0,0.0,12185600,0,7,4,1,0,sleeping,1427,1399,0,90112,882098,33062
2025-05-20 04:46:15,23408,2195062784,32899072,0.0,0.09858290752562425,0,13,0.32,0.09,0.0,0.0,0.0,12193792,0,7,4,1,0,sleeping,1431,1403,0,90112,884028,33142
2025-05-20 04:46:16,23408,2195062784,32899072,0.0,0.09858290752562425,0,13,0.32,0.09,0.0,0.0,0.0,12193792,0,7,4,1,0,sleeping,1435,1408,0,90112,885958,33254
2025-05-20 04:46:17,23408,2195062784,32899072,0.9,0.09858290752562425,0,13,0.33,0.09,0.0,0.0,0.0,12214272,0,7,4,1,0,sleeping,1439,1412,0,90112,887888,33334
2025-05-20 04:46:18,23408,2195062784,32899072,0.0,0.09858290752562425,0,13,0.33,0.09,0.0,0.0,0.0,12218368,0,7,4,1,0,sleeping,1443,1416,0,90112,889818,33414
2025-05-20 04:46:19,23408,2195062784,32899072,0.0,0.09858290752562425,0,13,0.33,0.09,0.0,0.0,0.0,12218368,0,7,4,1,0,sleeping,1447,1420,0,90112,891748,33494
2025-05-20 04:46:20,23408,2195062784,32899072,0.0,0.09858290752562425,0,13,0.33,0.09,0.0,0.0,0.0,12218368,0,7,4,1,0,sleeping,1451,1422,0,90112,895576,33558
2025-05-20 04:46:21,23408,2195062784,33030144,0.0,0.09897566811337576,0,13,0.33,0.09,0.0,0.0,0.0,12226560,0,7,4,1,0,sleeping,1454,1426,0,90112,897498,33662
2025-05-20 04:46:23,23408,2195062784,33030144,0.0,0.09897566811337576,0,13,0.33,0.09,0.0,0.0,0.0,12242944,0,7,4,1,0,sleeping,1456,1428,0,90112,899412,33726
2025-05-20 04:46:24,23408,2195062784,33030144,0.0,0.09897566811337576,0,13,0.33,0.09,0.0,0.0,0.0,12247040,0,7,4,1,0,sleeping,1459,1432,0,90112,901334,33830
2025-05-20 04:46:25,23408,2195062784,33030144,0.0,0.09897566811337576,0,13,0.33,0.09,0.0,0.0,0.0,12263424,0,7,4,1,0,sleeping,1464,1436,0,90112,905167,33934
2025-05-20 04:46:27,23408,2195062784,33030144,0.0,0.09897566811337576,0,13,0.33,0.09,0.0,0.0,0.0,12271616,0,7,4,1,0,sleeping,1467,1439,0,90112,907088,34006
2025-05-20 04:46:28,23408,2195062784,33030144,0.0,0.09897566811337576,0,13,0.33,0.09,0.0,0.0,0.0,12283904,0,7,4,1,0,sleeping,1470,1442,0,90112,909009,34078
2025-05-20 04:46:29,23408,2195062784,33030144,0.0,0.09897566811337576,0,13,0.33,0.09,0.0,0.0,0.0,12296192,0,7,4,1,0,sleeping,1475,1447,0,90112,910946,34166
2025-05-20 04:46:30,23408,2195062784,33161216,0.9,0.09936842870112722,0,13,0.34,0.09,0.0,0.0,0.0,12316672,0,7,4,1,0,sleeping,1479,1452,0,90112,912874,34278
2025-05-20 04:46:31,23408,2195062784,33161216,0.0,0.09936842870112722,0,13,0.34,0.09,0.0,0.0,0.0,12333056,0,7,4,1,0,sleeping,1483,1456,0,90112,914802,34358
2025-05-20 04:46:32,23408,2195062784,33161216,0.0,0.09936842870112722,0,13,0.34,0.09,0.0,0.0,0.0,12345344,0,7,4,1,0,sleeping,1486,1459,0,90112,916724,34430
2025-05-20 04:46:33,23408,2195062784,33161216,0.0,0.09936842870112722,0,13,0.34,0.09,0.0,0.0,0.0,12345344,0,7,4,1,0,sleeping,1489,1462,0,90112,918646,34502
2025-05-20 04:46:34,23408,2195062784,33161216,0.0,0.09936842870112722,0,13,0.34,0.09,0.0,0.0,0.0,12374016,0,7,4,1,0,sleeping,1495,1466,0,90112,922489,34582
2025-05-20 04:46:35,23408,2195062784,33161216,0.0,0.09936842870112722,0,13,0.34,0.09,0.0,0.0,0.0,12374016,0,7,4,1,0,sleeping,1497,1468,0,94208,924402,34646
2025-05-20 04:46:36,23408,2195062784,33161216,0.0,0.09936842870112722,0,13,0.34,0.09,0.0,0.0,0.0,12374016,0,7,4,1,0,sleeping,1499,1471,0,94208,926316,34742
2025-05-20 04:46:37,23408,2195062784,33161216,0.0,0.09936842870112722,0,13,0.34,0.09,0.0,0.0,0.0,12374016,0,7,4,1,0,sleeping,1501,1473,0,94208,928230,34806
2025-05-20 04:46:39,23408,2195062784,33161216,0.7,0.09936842870112722,0,13,0.34,0.1,0.0,0.0,0.0,12378112,0,7,4,1,0,sleeping,1504,1477,0,94208,930152,34910
2025-05-20 04:46:40,23408,2195062784,33161216,0.0,0.09936842870112722,0,13,0.34,0.1,0.0,0.0,0.0,12378112,0,7,4,1,0,sleeping,1509,1480,0,94208,933988,34982
2025-05-20 04:46:41,23408,2195062784,33161216,0.0,0.09936842870112722,0,13,0.34,0.1,0.0,0.0,0.0,12402688,0,7,4,1,0,sleeping,1511,1483,0,94208,935902,35078
2025-05-20 04:46:43,23408,2195062784,33161216,0.0,0.09936842870112722,0,13,0.34,0.1,0.0,0.0,0.0,12414976,0,7,4,1,0,sleeping,1514,1486,0,94208,937824,35150
2025-05-20 04:46:44,23408,2195062784,33161216,0.0,0.09936842870112722,0,13,0.34,0.1,0.0,0.0,0.0,12414976,0,7,4,1,0,sleeping,1516,1488,0,94208,939738,35214
2025-05-20 04:46:45,23408,2195062784,33292288,0.0,0.09976118928887873,0,13,0.34,0.1,0.0,0.0,0.0,12431360,0,7,4,1,0,sleeping,1518,1490,0,94208,941652,35278
2025-05-20 04:46:46,23408,2195062784,33292288,0.9,0.09976118928887873,0,13,0.35,0.1,0.0,0.0,0.0,12455936,0,7,4,1,0,sleeping,1520,1493,0,94208,943565,35374
2025-05-20 04:46:47,23408,2195062784,33292288,0.0,0.09976118928887873,0,13,0.35,0.1,0.0,0.0,0.0,12468224,0,7,4,1,0,sleeping,1522,1495,0,94208,945478,35438
2025-05-20 04:46:48,23408,2195062784,33292288,0.0,0.09976118928887873,0,13,0.35,0.1,0.0,0.0,0.0,12476416,0,8,4,1,0,sleeping,1525,1498,0,94208,947400,35510
2025-05-20 04:46:49,23408,2195062784,33292288,0.0,0.09976118928887873,0,13,0.35,0.1,0.0,0.0,0.0,12476416,0,8,4,1,0,sleeping,1528,1501,0,94208,949322,35582
2025-05-20 04:46:50,23408,2195062784,33292288,0.0,0.09976118928887873,0,13,0.35,0.1,0.0,0.0,0.0,12484608,0,8,4,1,0,sleeping,1534,1505,0,94208,953164,35662
2025-05-20 04:46:51,23408,2195062784,33292288,0.0,0.09976118928887873,0,13,0.35,0.1,0.0,0.0,0.0,12484608,0,8,4,1,0,sleeping,1536,1507,0,94208,955078,35726
2025-05-20 04:46:52,23408,2195062784,33292288,0.0,0.09976118928887873,0,13,0.35,0.1,0.0,0.0,0.0,12500992,0,8,4,1,0,sleeping,1539,1511,0,94208,957000,35830
2025-05-20 04:46:53,23408,2195062784,33292288,0.0,0.09976118928887873,0,13,0.35,0.1,0.0,0.0,0.0,12500992,0,8,4,1,0,sleeping,1541,1513,0,94208,958914,35894
2025-05-20 04:46:54,23408,2195062784,33292288,0.0,0.09976118928887873,0,13,0.35,0.1,0.0,0.0,0.0,12513280,0,8,4,1,0,sleeping,1543,1515,0,94208,960827,35958
2025-05-20 04:46:56,23408,2195062784,33292288,0.0,0.09976118928887873,0,13,0.35,0.1,0.0,0.0,0.0,12525568,0,8,4,1,0,sleeping,1545,1517,0,94208,962739,36022
2025-05-20 04:46:57,23408,2195062784,33292288,0.0,0.09976118928887873,0,13,0.35,0.1,0.0,0.0,0.0,12529664,0,8,4,1,0,sleeping,1548,1521,0,94208,964660,36126
2025-05-20 04:46:58,23408,2195062784,33292288,0.0,0.09976118928887873,0,13,0.35,0.1,0.0,0.0,0.0,12533760,0,8,4,1,0,sleeping,1554,1525,0,94208,968502,36206
2025-05-20 04:47:00,23408,2195062784,33292288,0.7,0.09976118928887873,0,13,0.36,0.1,0.0,0.0,0.0,12533760,0,8,4,1,0,sleeping,1557,1529,0,94208,970423,36310
2025-05-20 04:47:01,23408,2195062784,33292288,0.0,0.09976118928887873,0,13,0.36,0.1,0.0,0.0,0.0,12533760,0,8,4,1,0,sleeping,1559,1532,0,94208,972336,36406
2025-05-20 04:47:02,23408,2195062784,33292288,0.0,0.09976118928887873,0,13,0.36,0.1,0.0,0.0,0.0,12533760,0,8,4,1,0,sleeping,1561,1534,0,94208,974249,36470
2025-05-20 04:47:03,23408,2195062784,33292288,0.0,0.09976118928887873,0,13,0.36,0.1,0.0,0.0,0.0,12533760,0,8,4,1,0,sleeping,1566,1537,0,94208,978082,36542
2025-05-20 04:47:04,23408,2195062784,33292288,0.0,0.09976118928887873,0,13,0.36,0.1,0.0,0.0,0.0,12533760,0,7,4,1,0,sleeping,1568,1540,0,94208,979996,36638
2025-05-20 04:47:05,23408,2195062784,33292288,0.0,0.09976118928887873,0,13,0.36,0.1,0.0,0.0,0.0,12533760,0,7,4,1,0,sleeping,1570,1542,0,94208,981910,36702
2025-05-20 04:47:06,23408,2195062784,33292288,0.0,0.09976118928887873,0,13,0.36,0.1,0.0,0.0,0.0,12533760,0,7,4,1,0,sleeping,1572,1544,0,94208,983824,36766
2025-05-20 04:47:08,23408,2195062784,33292288,0.0,0.09976118928887873,0,13,0.36,0.1,0.0,0.0,0.0,12533760,0,7,4,1,0,sleeping,1574,1546,0,94208,985738,36830
2025-05-20 04:47:09,23408,2195062784,33292288,0.0,0.09976118928887873,0,13,0.36,0.1,0.0,0.0,0.0,12533760,0,7,4,1,0,sleeping,1578,1550,0,98304,987668,36910
2025-05-20 04:47:10,23408,2195062784,33292288,0.0,0.09976118928887873,0,13,0.36,0.1,0.0,0.0,0.0,12533760,0,7,4,1,0,sleeping,1582,1554,0,98304,989597,36990
2025-05-20 04:47:11,23408,2195062784,33292288,0.0,0.09976118928887873,0,13,0.36,0.1,0.0,0.0,0.0,12533760,0,7,4,1,0,sleeping,1587,1560,0,98304,991534,37110
2025-05-20 04:47:12,23408,2195062784,33292288,0.0,0.09976118928887873,0,13,0.36,0.1,0.0,0.0,0.0,12533760,0,7,4,1,0,sleeping,1589,1562,0,98304,993447,37174
2025-05-20 04:47:13,23408,2195062784,33292288,0.0,0.09976118928887873,0,13,0.36,0.1,0.0,0.0,0.0,12533760,0,7,4,1,0,sleeping,1592,1565,0,98304,995368,37246
2025-05-20 04:47:14,23408,2195062784,33292288,0.8,0.09976118928887873,0,13,0.37,0.1,0.0,0.0,0.0,12533760,0,7,4,1,0,sleeping,1598,1569,0,98304,999212,37326
2025-05-20 04:47:15,23408,2195062784,33292288,0.0,0.09976118928887873,0,13,0.37,0.1,0.0,0.0,0.0,12533760,0,7,4,1,0,sleeping,1601,1573,0,102400,1001134,37430
2025-05-20 04:47:17,23408,2195062784,33292288,0.0,0.09976118928887873,0,13,0.37,0.1,0.0,0.0,0.0,12533760,0,7,4,1,0,sleeping,1603,1576,0,102400,1003048,37526
2025-05-20 04:47:18,23408,2195062784,33292288,0.7,0.09976118928887873,0,13,0.38,0.1,0.0,0.0,0.0,12537856,0,7,4,1,0,sleeping,1607,1579,0,102400,1006876,37622
2025-05-20 04:47:20,23408,2195062784,33292288,0.0,0.09976118928887873,0,13,0.38,0.1,0.0,0.0,0.0,12537856,0,7,4,1,0,sleeping,1610,1582,0,102400,1008798,37694
2025-05-20 04:47:21,23408,2195062784,33292288,0.0,0.09976118928887873,0,13,0.38,0.1,0.0,0.0,0.0,12537856,0,7,4,1,0,sleeping,1612,1584,0,102400,1010712,37758
2025-05-20 04:47:22,23408,2195062784,33292288,0.0,0.09976118928887873,0,13,0.38,0.1,0.0,0.0,0.0,12537856,0,7,4,1,0,sleeping,1617,1590,0,102400,1012650,37878
2025-05-20 04:47:23,23408,2195062784,33292288,0.0,0.09976118928887873,0,13,0.38,0.1,0.0,0.0,0.0,12537856,0,7,4,1,0,sleeping,1619,1592,0,102400,1014564,37942
2025-05-20 04:47:24,23408,2195062784,33292288,0.0,0.09976118928887873,0,13,0.38,0.1,0.0,0.0,0.0,12537856,0,7,4,1,0,sleeping,1622,1595,0,102400,1016486,38014
2025-05-20 04:47:25,23408,2195062784,33292288,0.0,0.09976118928887873,0,13,0.38,0.1,0.0,0.0,0.0,12537856,0,7,4,1,0,sleeping,1625,1598,0,102400,1018408,38086
2025-05-20 04:47:26,23408,2195062784,33292288,0.0,0.09976118928887873,0,13,0.38,0.1,0.0,0.0,0.0,12537856,0,7,4,1,0,sleeping,1629,1602,0,102400,1020338,38166
2025-05-20 04:47:27,23408,2195062784,33292288,0.0,0.09976118928887873,0,13,0.38,0.1,0.0,0.0,0.0,12537856,0,7,4,1,0,sleeping,1633,1606,0,102400,1022267,38246
2025-05-20 04:47:28,23408,2195062784,33292288,0.0,0.09976118928887873,0,13,0.38,0.1,0.0,0.0,0.0,12537856,0,7,4,1,0,sleeping,1640,1612,0,102400,1026118,38366
2025-05-20 04:47:29,23408,2195062784,33292288,0.0,0.09976118928887873,0,13,0.38,0.1,0.0,0.0,0.0,12537856,0,7,4,1,0,sleeping,1644,1616,0,102400,1028048,38446
2025-05-20 04:47:31,23408,2195062784,33292288,0.0,0.09976118928887873,0,13,0.38,0.1,0.0,0.0,0.0,12537856,0,7,4,1,0,sleeping,1647,1619,0,102400,1029970,38518
2025-05-20 04:47:32,23408,2195062784,33292288,0.8,0.09976118928887873,0,13,0.39,0.1,0.0,0.0,0.0,12537856,0,7,4,1,0,sleeping,1649,1622,0,102400,1031884,38614
2025-05-20 04:47:33,23408,2195062784,33292288,0.0,0.09976118928887873,0,13,0.39,0.1,0.0,0.0,0.0,12537856,0,7,4,1,0,sleeping,1655,1627,0,102400,1035728,38726
2025-05-20 04:47:34,23408,2195062784,33292288,0.0,0.09976118928887873,0,13,0.39,0.1,0.0,0.0,0.0,12537856,0,7,4,1,0,sleeping,1658,1630,0,102400,1037650,38798
2025-05-20 04:47:36,23408,2195062784,33292288,0.0,0.09976118928887873,0,13,0.39,0.1,0.0,0.0,0.0,12537856,0,7,4,1,0,sleeping,1661,1633,0,102400,1039572,38870
2025-05-20 04:47:37,23408,2195062784,33292288,0.0,0.09976118928887873,0,13,0.39,0.1,0.0,0.0,0.0,12537856,0,7,4,1,0,sleeping,1663,1635,0,102400,1041486,38934
2025-05-20 04:47:38,23408,2195062784,33292288,0.0,0.09976118928887873,0,13,0.39,0.1,0.0,0.0,0.0,12537856,0,8,4,1,0,sleeping,1665,1637,0,102400,1043400,38998
2025-05-20 04:47:39,23408,2195062784,33292288,0.0,0.09976118928887873,0,13,0.39,0.1,0.0,0.0,0.0,12537856,0,8,4,1,0,sleeping,1669,1642,0,106496,1045330,39110
2025-05-20 04:47:40,23408,2195062784,33292288,0.0,0.09976118928887873,0,13,0.39,0.1,0.0,0.0,0.0,12537856,0,7,4,1,0,sleeping,1673,1646,0,106496,1047260,39190
2025-05-20 04:47:41,23408,2195062784,33292288,0.0,0.09976118928887873,0,13,0.39,0.1,0.0,0.0,0.0,12537856,0,7,4,1,0,sleeping,1677,1650,0,106496,1049189,39270
2025-05-20 04:47:42,23408,2195062784,33292288,0.0,0.09976118928887873,0,13,0.39,0.1,0.0,0.0,0.0,12537856,0,7,4,1,0,sleeping,1681,1654,0,106496,1051118,39350
2025-05-20 04:47:43,23408,2195062784,33292288,0.0,0.09976118928887873,0,13,0.39,0.1,0.0,0.0,0.0,12537856,0,7,4,1,0,sleeping,1685,1658,0,106496,1053048,39430
2025-05-20 04:47:44,23408,2195062784,33292288,0.9,0.09976118928887873,0,13,0.4,0.1,0.0,0.0,0.0,12541952,0,7,4,1,0,sleeping,1691,1663,0,106496,1056892,39542
2025-05-20 04:47:45,23408,2195062784,33292288,0.0,0.09976118928887873,0,13,0.4,0.1,0.0,0.0,0.0,12541952,0,8,4,1,0,sleeping,1693,1665,0,106496,1058806,39606
2025-05-20 04:47:47,23408,2195062784,33292288,0.0,0.09976118928887873,0,13,0.4,0.1,0.0,0.0,0.0,12541952,0,7,4,1,0,sleeping,1695,1668,0,106496,1060720,39702
2025-05-20 04:47:48,23408,2195062784,33292288,0.0,0.09976118928887873,0,13,0.4,0.1,0.0,0.0,0.0,12541952,0,8,4,1,0,sleeping,1697,1671,0,106496,1062634,39798
2025-05-20 04:47:50,23408,2195062784,33292288,0.0,0.09976118928887873,0,13,0.4,0.1,0.0,0.0,0.0,12541952,0,8,4,1,0,sleeping,1703,1675,0,106496,1066478,39878
2025-05-20 04:47:51,23408,2195062784,33292288,0.0,0.09976118928887873,0,13,0.4,0.1,0.0,0.0,0.0,12541952,0,8,4,1,0,sleeping,1706,1679,0,106496,1068399,39982
2025-05-20 04:47:52,23408,2195062784,33292288,0.9,0.09976118928887873,0,13,0.41,0.1,0.0,0.0,0.0,12541952,0,8,4,1,0,sleeping,1709,1682,0,106496,1070320,40054
2025-05-20 04:47:53,23408,2195062784,33292288,0.0,0.09976118928887873,0,13,0.41,0.1,0.0,0.0,0.0,12541952,0,8,4,1,0,sleeping,1712,1685,0,106496,1072242,40126
2025-05-20 04:47:54,23408,2195062784,33292288,0.0,0.09976118928887873,0,13,0.41,0.1,0.0,0.0,0.0,12541952,0,8,4,1,0,sleeping,1714,1687,0,106496,1074156,40190
2025-05-20 04:47:55,23408,2195062784,33292288,0.0,0.09976118928887873,0,13,0.41,0.1,0.0,0.0,0.0,12541952,0,8,4,1,0,sleeping,1716,1689,0,106496,1076070,40254
2025-05-20 04:47:56,23408,2195062784,33292288,0.0,0.09976118928887873,0,13,0.41,0.1,0.0,0.0,0.0,12541952,0,8,4,1,0,sleeping,1719,1693,0,106496,1077992,40358
2025-05-20 04:47:57,23408,2195062784,33292288,0.0,0.09976118928887873,0,13,0.41,0.1,0.0,0.0,0.0,12541952,0,8,4,1,0,sleeping,1723,1695,0,106496,1081818,40422
2025-05-20 04:47:58,23408,2195062784,33292288,0.0,0.09976118928887873,0,13,0.41,0.1,0.0,0.0,0.0,12541952,0,8,4,1,0,sleeping,1726,1698,0,106496,1083739,40494
2025-05-20 04:48:00,23408,2195062784,33292288,0.0,0.09976118928887873,0,13,0.41,0.1,0.0,0.0,0.0,12541952,0,8,4,1,0,sleeping,1729,1701,0,106496,1085661,40566
2025-05-20 04:48:01,23408,2195062784,33292288,0.0,0.09976118928887873,0,13,0.41,0.1,0.0,0.0,0.0,12541952,0,8,4,1,0,sleeping,1732,1704,0,106496,1087583,40638
2025-05-20 04:48:02,23408,2195062784,33292288,0.0,0.09976118928887873,0,13,0.41,0.1,0.0,0.0,0.0,12541952,0,8,4,1,0,sleeping,1735,1707,0,106496,1089505,40710
2025-05-20 04:48:03,23408,2195062784,33292288,0.0,0.09976118928887873,0,13,0.41,0.1,0.0,0.0,0.0,12541952,0,8,4,1,0,sleeping,1737,1709,0,106496,1091419,40774
2025-05-20 04:48:04,23408,2195062784,33292288,0.0,0.09976118928887873,0,13,0.41,0.1,0.0,0.0,0.0,12541952,0,8,4,1,0,sleeping,1740,1713,0,106496,1093341,40878
2025-05-20 04:48:05,23408,2195062784,33292288,0.0,0.09976118928887873,0,13,0.41,0.1,0.0,0.0,0.0,12541952,0,8,4,1,0,sleeping,1743,1716,0,106496,1095263,40950
2025-05-20 04:48:06,23408,2195062784,33292288,0.0,0.09976118928887873,0,13,0.41,0.1,0.0,0.0,0.0,12541952,0,8,4,1,0,sleeping,1746,1719,0,106496,1097185,41022
2025-05-20 04:48:08,23408,2195062784,33292288,0.7,0.09976118928887873,0,13,0.42,0.1,0.0,0.0,0.0,12541952,0,8,4,1,0,sleeping,1751,1723,0,106496,1101021,41126
2025-05-20 04:48:09,23408,2195062784,33292288,0.0,0.09976118928887873,0,13,0.42,0.1,0.0,0.0,0.0,12541952,0,7,4,1,0,sleeping,1754,1727,0,106496,1102942,41230
2025-05-20 04:48:10,23408,2195062784,33292288,0.0,0.09976118928887873,0,13,0.42,0.1,0.0,0.0,0.0,12541952,0,7,4,1,0,sleeping,1760,1732,0,110592,1106785,41342
2025-05-20 04:48:12,23408,2195062784,33292288,0.0,0.09976118928887873,0,13,0.42,0.1,0.0,0.0,0.0,12541952,0,7,4,1,0,sleeping,1763,1735,0,110592,1108707,41414
2025-05-20 04:48:13,23408,2195062784,33292288,0.0,0.09976118928887873,0,13,0.42,0.1,0.0,0.0,0.0,12541952,0,7,4,1,0,sleeping,1766,1738,0,110592,1110629,41486
2025-05-20 04:48:14,23408,2195062784,33292288,0.0,0.09976118928887873,0,13,0.42,0.1,0.0,0.0,0.0,12541952,0,7,4,1,0,sleeping,1768,1740,0,110592,1112543,41550
2025-05-20 04:48:15,23408,2195062784,33292288,0.0,0.09976118928887873,0,13,0.42,0.1,0.0,0.0,0.0,12541952,0,7,4,1,0,sleeping,1770,1743,0,110592,1114457,41646
2025-05-20 04:48:16,23408,2195062784,33292288,0.0,0.09976118928887873,0,13,0.42,0.1,0.0,0.0,0.0,12541952,0,7,4,1,0,sleeping,1772,1745,0,110592,1116371,41710
2025-05-20 04:48:17,23408,2195062784,33292288,0.9,0.09976118928887873,0,13,0.43,0.1,0.0,0.0,0.0,12546048,0,7,4,1,0,sleeping,1774,1747,0,110592,1118285,41774
2025-05-20 04:48:18,23408,2195062784,33292288,0.0,0.09976118928887873,0,13,0.43,0.1,0.0,0.0,0.0,12546048,0,7,4,1,0,sleeping,1776,1749,0,110592,1120199,41838
2025-05-20 04:48:19,23408,2195062784,33292288,0.0,0.09976118928887873,0,13,0.43,0.1,0.0,0.0,0.0,12546048,0,7,4,1,0,sleeping,1779,1752,0,114688,1122121,41910
2025-05-20 04:48:20,23408,2195062784,33292288,0.0,0.09976118928887873,0,13,0.43,0.1,0.0,0.0,0.0,12546048,0,7,4,1,0,sleeping,1783,1756,0,114688,1124051,41990
2025-05-20 04:48:21,23408,2195062784,33292288,0.0,0.09976118928887873,0,13,0.43,0.1,0.0,0.0,0.0,12546048,0,7,4,1,0,sleeping,1787,1760,0,114688,1125980,42070
2025-05-20 04:48:22,23408,2195062784,33292288,0.0,0.09976118928887873,0,13,0.43,0.1,0.0,0.0,0.0,12546048,0,7,4,1,0,sleeping,1790,1764,0,114688,1127900,42174
2025-05-20 04:48:23,23408,2195062784,33292288,0.0,0.09976118928887873,0,13,0.43,0.1,0.0,0.0,0.0,12546048,0,7,4,1,0,sleeping,1796,1768,0,114688,1131743,42254
2025-05-20 04:48:25,23408,2195062784,33292288,0.0,0.09976118928887873,0,13,0.43,0.1,0.0,0.0,0.0,12546048,0,7,4,1,0,sleeping,1798,1770,0,114688,1133657,42318
2025-05-20 04:48:26,23408,2195062784,33292288,0.0,0.09976118928887873,0,13,0.43,0.1,0.0,0.0,0.0,12546048,0,7,4,1,0,sleeping,1801,1774,0,114688,1135579,42422
2025-05-20 04:48:27,23408,2195062784,33292288,0.7,0.09976118928887873,0,13,0.44,0.1,0.0,0.0,0.0,12546048,0,7,4,1,0,sleeping,1806,1778,0,114688,1139413,42526
2025-05-20 04:48:29,23408,2195062784,33292288,0.0,0.09976118928887873,0,13,0.44,0.1,0.0,0.0,0.0,12546048,0,7,4,1,0,sleeping,1809,1782,0,114688,1141334,42630
2025-05-20 04:48:30,23408,2195062784,33292288,0.0,0.09976118928887873,0,13,0.44,0.1,0.0,0.0,0.0,12546048,0,7,4,1,0,sleeping,1811,1784,0,114688,1143247,42694
2025-05-20 04:48:31,23408,2195062784,33292288,0.0,0.09976118928887873,0,13,0.44,0.1,0.0,0.0,0.0,12546048,0,7,4,1,0,sleeping,1814,1787,0,114688,1145168,42766
2025-05-20 04:48:32,23408,2195062784,33292288,0.0,0.09976118928887873,0,13,0.44,0.1,0.0,0.0,0.0,12546048,0,7,4,1,0,sleeping,1816,1789,0,114688,1147080,42830
2025-05-20 04:48:33,23408,2195062784,33292288,0.0,0.09976118928887873,0,13,0.44,0.1,0.0,0.0,0.0,12546048,0,7,4,1,0,sleeping,1821,1795,0,114688,1149017,42950
2025-05-20 04:48:34,23408,2195062784,33292288,0.0,0.09976118928887873,0,13,0.44,0.1,0.0,0.0,0.0,12546048,0,7,4,1,0,sleeping,1825,1799,0,114688,1150947,43030
2025-05-20 04:48:35,23408,2195062784,33292288,0.0,0.09976118928887873,0,13,0.44,0.1,0.0,0.0,0.0,12546048,0,7,4,1,0,sleeping,1831,1803,0,114688,1154791,43110
2025-05-20 04:48:37,23408,2195062784,33292288,0.0,0.09976118928887873,0,13,0.44,0.1,0.0,0.0,0.0,12546048,0,7,4,1,0,sleeping,1834,1806,0,114688,1156711,43182
2025-05-20 04:48:38,23408,2195062784,33292288,0.0,0.09976118928887873,0,13,0.44,0.1,0.0,0.0,0.0,12546048,0,7,4,1,0,sleeping,1838,1810,0,114688,1158639,43262
2025-05-20 04:48:39,23408,2195062784,33292288,0.0,0.09976118928887873,0,13,0.44,0.1,0.0,0.0,0.0,12546048,0,7,4,1,0,sleeping,1840,1812,0,114688,1160552,43326
2025-05-20 04:48:40,23408,2195062784,33292288,0.0,0.09976118928887873,0,13,0.44,0.1,0.0,0.0,0.0,12546048,0,7,4,1,0,sleeping,1843,1816,0,114688,1162473,43430
2025-05-20 04:48:41,23408,2195062784,33292288,0.8,0.09976118928887873,0,13,0.45,0.1,0.0,0.0,0.0,12546048,0,8,4,1,0,sleeping,1845,1818,0,114688,1164387,43494
2025-05-20 04:48:42,23408,2195062784,33292288,0.0,0.09976118928887873,0,13,0.45,0.1,0.0,0.0,0.0,12546048,0,8,4,1,0,sleeping,1851,1823,0,114688,1168231,43606
2025-05-20 04:48:44,23408,2195062784,33292288,0.0,0.09976118928887873,0,13,0.45,0.1,0.0,0.0,0.0,12546048,0,8,4,1,0,sleeping,1854,1827,0,114688,1170153,43710
2025-05-20 04:48:45,23408,2195062784,33292288,0.0,0.09976118928887873,0,13,0.45,0.1,0.0,0.0,0.0,12546048,0,7,4,1,0,sleeping,1857,1830,0,114688,1172075,43782
2025-05-20 04:48:46,23408,2195062784,33292288,0.0,0.09976118928887873,0,13,0.45,0.1,0.0,0.0,0.0,12546048,0,7,4,1,0,sleeping,1859,1832,0,118784,1173989,43846
2025-05-20 04:48:47,23408,2195062784,33292288,0.0,0.09976118928887873,0,13,0.45,0.1,0.0,0.0,0.0,12546048,0,7,4,1,0,sleeping,1863,1836,0,118784,1175919,43926
2025-05-20 04:48:48,23408,2195062784,33292288,0.9,0.09976118928887873,0,13,0.46,0.1,0.0,0.0,0.0,12546048,0,7,4,1,0,sleeping,1865,1839,0,118784,1177833,44022
2025-05-20 04:48:49,23408,2195062784,33292288,0.0,0.09976118928887873,0,13,0.46,0.1,0.0,0.0,0.0,12423168,0,7,4,1,0,sleeping,1867,1841,0,118784,1179747,44086
2025-05-20 04:48:51,23408,2195062784,33292288,0.0,0.09976118928887873,0,13,0.46,0.1,0.0,0.0,0.0,12423168,0,7,4,1,0,sleeping,1872,1844,0,118784,1183583,44158
2025-05-20 04:48:52,23408,2195062784,33292288,0.0,0.09976118928887873,0,13,0.46,0.1,0.0,0.0,0.0,12423168,0,7,4,1,0,sleeping,1875,1847,0,118784,1185505,44230
2025-05-20 04:48:53,23408,2195062784,33292288,0.0,0.09976118928887873,0,13,0.46,0.1,0.0,0.0,0.0,12423168,0,7,4,1,0,sleeping,1877,1849,0,118784,1187419,44294
2025-05-20 04:48:54,23408,2195062784,33292288,0.0,0.09976118928887873,0,13,0.46,0.1,0.0,0.0,0.0,12423168,0,7,4,1,0,sleeping,1881,1854,0,118784,1189349,44406
2025-05-20 04:48:55,23408,2195062784,33292288,0.0,0.09976118928887873,0,13,0.46,0.1,0.0,0.0,0.0,12423168,0,7,4,1,0,sleeping,1883,1856,0,118784,1191263,44470
2025-05-20 04:48:56,23408,2195062784,33292288,0.0,0.09976118928887873,0,13,0.46,0.1,0.0,0.0,0.0,12423168,0,8,4,1,0,sleeping,1885,1858,0,118784,1193177,44534
2025-05-20 04:48:57,23408,2195062784,33292288,0.8,0.09976118928887873,0,13,0.47,0.1,0.0,0.0,0.0,12423168,0,7,4,1,0,sleeping,1891,1863,0,118784,1197021,44646
2025-05-20 04:48:59,23408,2195062784,33292288,0.0,0.09976118928887873,0,13,0.47,0.1,0.0,0.0,0.0,12423168,0,7,4,1,0,sleeping,1893,1866,0,118784,1198933,44742
2025-05-20 04:49:00,23408,2195062784,33292288,0.0,0.09976118928887873,0,13,0.47,0.1,0.0,0.0,0.0,12423168,0,7,4,1,0,sleeping,1896,1869,0,118784,1200854,44814
2025-05-20 04:49:01,23408,2195062784,33292288,0.0,0.09976118928887873,0,13,0.47,0.1,0.0,0.0,0.0,12423168,0,7,4,1,0,sleeping,1898,1871,0,118784,1202767,44878
2025-05-20 04:49:02,23408,2195062784,33292288,0.0,0.09976118928887873,0,13,0.47,0.1,0.0,0.0,0.0,12423168,0,7,4,1,0,sleeping,1903,1876,0,118784,1204704,44966
2025-05-20 04:49:03,23408,2195062784,33292288,0.0,0.09976118928887873,0,13,0.47,0.1,0.0,0.0,0.0,12423168,0,7,4,1,0,sleeping,1906,1879,0,118784,1206626,45038
2025-05-20 04:49:04,23408,2195062784,33292288,0.0,0.09976118928887873,0,13,0.47,0.1,0.0,0.0,0.0,12423168,0,7,4,1,0,sleeping,1910,1884,0,118784,1208556,45150
2025-05-20 04:49:05,23408,2195062784,33292288,0.0,0.09976118928887873,0,13,0.47,0.1,0.0,0.0,0.0,12423168,0,7,4,1,0,sleeping,1912,1886,0,118784,1210470,45214
2025-05-20 04:49:07,23408,2195062784,33292288,0.0,0.09976118928887873,0,13,0.47,0.1,0.0,0.0,0.0,12423168,0,7,4,1,0,sleeping,1914,1888,0,118784,1212384,45278
2025-05-20 04:49:08,23408,2195062784,33292288,0.0,0.09976118928887873,0,13,0.47,0.1,0.0,0.0,0.0,12423168,0,7,4,1,0,sleeping,1919,1891,0,118784,1216220,45350
2025-05-20 04:49:09,23408,2195062784,33292288,0.0,0.09976118928887873,0,13,0.47,0.1,0.0,0.0,0.0,12423168,0,7,4,1,0,sleeping,1921,1893,0,118784,1218134,45414
2025-05-20 04:49:10,23408,2195062784,33292288,0.0,0.09976118928887873,0,13,0.47,0.1,0.0,0.0,0.0,12423168,0,7,4,1,0,sleeping,1923,1895,0,118784,1220048,45478
2025-05-20 04:49:11,23408,2195062784,33292288,0.0,0.09976118928887873,0,13,0.47,0.1,0.0,0.0,0.0,12423168,0,7,4,1,0,sleeping,1926,1899,0,118784,1221970,45582
2025-05-20 04:49:12,23408,2195062784,33292288,0.0,0.09976118928887873,0,13,0.47,0.1,0.0,0.0,0.0,12423168,0,7,4,1,0,sleeping,1928,1901,0,118784,1223884,45646
2025-05-20 04:49:13,23408,2195062784,33292288,0.8,0.09976118928887873,0,13,0.48,0.1,0.0,0.0,0.0,12423168,0,7,4,1,0,sleeping,1930,1903,0,118784,1225798,45710
2025-05-20 04:49:14,23408,2195062784,33292288,0.0,0.09976118928887873,0,13,0.48,0.1,0.0,0.0,0.0,12423168,0,7,4,1,0,sleeping,1933,1907,0,118784,1227720,45814
2025-05-20 04:49:16,23408,2195062784,33292288,0.0,0.09976118928887873,0,13,0.48,0.1,0.0,0.0,0.0,12423168,0,7,4,1,0,sleeping,1939,1912,0,118784,1231564,45926
2025-05-20 04:49:17,23408,2195062784,33292288,0.0,0.09976118928887873,0,13,0.48,0.1,0.0,0.0,0.0,12423168,0,7,4,1,0,sleeping,1942,1915,0,118784,1233486,45998
2025-05-20 04:49:18,23408,2195062784,33292288,0.0,0.09976118928887873,0,13,0.48,0.1,0.0,0.0,0.0,12423168,0,7,4,1,0,sleeping,1945,1919,0,122880,1235408,46102
2025-05-20 04:49:19,23408,2195062784,33292288,0.0,0.09976118928887873,0,13,0.48,0.1,0.0,0.0,0.0,12423168,0,7,4,1,0,sleeping,1950,1924,0,122880,1237346,46190
2025-05-20 04:49:21,23408,2195062784,33292288,0.0,0.09976118928887873,0,13,0.48,0.1,0.0,0.0,0.0,12423168,0,7,4,1,0,sleeping,1954,1928,0,122880,1239276,46270
2025-05-20 04:49:22,23408,2195062784,33292288,0.0,0.09976118928887873,0,13,0.48,0.1,0.0,0.0,0.0,12423168,0,7,4,1,0,sleeping,1959,1931,0,122880,1243112,46342
2025-05-20 04:49:23,23408,2195062784,33292288,0.0,0.09976118928887873,0,13,0.48,0.1,0.0,0.0,0.0,12423168,0,7,4,1,0,sleeping,1961,1933,0,126976,1245025,46406
2025-05-20 04:49:24,23408,2195062784,33292288,0.9,0.09976118928887873,0,13,0.49,0.1,0.0,0.0,0.0,12423168,0,7,4,1,0,sleeping,1965,1937,0,126976,1246954,46486
2025-05-20 04:49:25,23408,2195062784,33292288,0.0,0.09976118928887873,0,13,0.49,0.1,0.0,0.0,0.0,12423168,0,7,4,1,0,sleeping,1967,1940,0,126976,1248868,46582
2025-05-20 04:49:26,23408,2195062784,33292288,0.0,0.09976118928887873,0,13,0.49,0.1,0.0,0.0,0.0,12423168,0,7,4,1,0,sleeping,1969,1942,0,126976,1250782,46646
2025-05-20 04:49:27,23408,2195062784,33292288,0.0,0.09976118928887873,0,13,0.49,0.1,0.0,0.0,0.0,12423168,0,7,4,1,0,sleeping,1972,1945,0,126976,1252704,46718
2025-05-20 04:49:28,23408,2195062784,33292288,0.0,0.09976118928887873,0,13,0.49,0.1,0.0,0.0,0.0,12423168,0,7,4,1,0,sleeping,1974,1947,0,126976,1254618,46782
2025-05-20 04:49:29,23408,2195062784,33292288,0.0,0.09976118928887873,0,13,0.49,0.1,0.0,0.0,0.0,12423168,0,7,4,1,0,sleeping,1976,1950,0,126976,1256532,46878
2025-05-20 04:49:31,23408,2195062784,33292288,0.0,0.09976118928887873,0,13,0.49,0.1,0.0,0.0,0.0,12423168,0,7,4,1,0,sleeping,1981,1953,0,126976,1260366,46950
2025-05-20 04:49:32,23408,2195062784,33292288,0.0,0.09976118928887873,0,13,0.49,0.1,0.0,0.0,0.0,12423168,0,7,4,1,0,sleeping,1984,1957,0,126976,1262287,47054
2025-05-20 04:49:33,23408,2195062784,33292288,0.0,0.09976118928887873,0,13,0.49,0.1,0.0,0.0,0.0,12423168,0,7,4,1,0,sleeping,1987,1960,0,126976,1264207,47126
2025-05-20 04:49:34,23408,2195062784,33292288,0.0,0.09976118928887873,0,13,0.49,0.1,0.0,0.0,0.0,12423168,0,7,4,1,0,sleeping,1989,1963,0,126976,1266118,47222
2025-05-20 04:49:35,23408,2195062784,33292288,0.0,0.09976118928887873,0,13,0.49,0.1,0.0,0.0,0.0,12423168,0,8,4,1,0,sleeping,1991,1965,0,126976,1268031,47286
2025-05-20 04:49:36,23408,2195062784,33292288,0.0,0.09976118928887873,0,13,0.49,0.1,0.0,0.0,0.0,12423168,0,8,4,1,0,sleeping,1995,1969,0,126976,1269961,47366
2025-05-20 04:49:38,23408,2195062784,33292288,0.0,0.09976118928887873,0,13,0.49,0.1,0.0,0.0,0.0,12423168,0,8,4,1,0,sleeping,1998,1972,0,126976,1271883,47438
2025-05-20 04:49:39,23408,2195062784,33292288,0.0,0.09976118928887873,0,13,0.49,0.1,0.0,0.0,0.0,12423168,0,7,4,1,0,sleeping,2004,1976,0,126976,1275727,47518
2025-05-20 04:49:40,23408,2195062784,33292288,0.9,0.09976118928887873,0,13,0.5,0.1,0.0,0.0,0.0,12423168,0,7,4,1,0,sleeping,2007,1979,0,126976,1277649,47590
2025-05-20 04:49:41,23408,2195062784,33292288,0.0,0.09976118928887873,0,13,0.5,0.1,0.0,0.0,0.0,12423168,0,7,4,1,0,sleeping,2010,1983,0,126976,1279571,47694
2025-05-20 04:49:42,23408,2195062784,33292288,0.0,0.09976118928887873,0,13,0.5,0.1,0.0,0.0,0.0,12423168,0,8,4,1,0,sleeping,2012,1985,0,126976,1281484,47758
2025-05-20 04:49:43,23408,2195062784,33292288,0.0,0.09976118928887873,0,13,0.5,0.1,0.0,0.0,0.0,12423168,0,8,4,1,0,sleeping,2014,1987,0,126976,1283397,47822
2025-05-20 04:49:44,23408,2195062784,33292288,0.0,0.09976118928887873,0,13,0.5,0.1,0.0,0.0,0.0,12423168,0,7,4,1,0,sleeping,2016,1990,0,126976,1285311,47918
2025-05-20 04:49:45,23408,2195062784,33292288,0.0,0.09976118928887873,0,13,0.5,0.1,0.0,0.0,0.0,12423168,0,8,4,1,0,sleeping,2018,1992,0,126976,1287225,47982
2025-05-20 04:49:47,23408,2195062784,33292288,0.0,0.09976118928887873,0,13,0.5,0.1,0.0,0.0,0.0,12423168,0,7,4,1,0,sleeping,2022,1995,0,126976,1291051,48078
2025-05-20 04:49:48,23408,2195062784,33292288,0.0,0.09976118928887873,0,13,0.5,0.1,0.0,0.0,0.0,12423168,0,8,4,1,0,sleeping,2025,1998,0,126976,1292973,48150
2025-05-20 04:49:49,23408,2195062784,33292288,0.9,0.09976118928887873,0,13,0.51,0.1,0.0,0.0,0.0,12431360,0,7,4,1,0,sleeping,2029,2003,0,126976,1294903,48262
2025-05-20 04:49:51,23408,2195062784,33292288,0.0,0.09976118928887873,0,13,0.51,0.1,0.0,0.0,0.0,12431360,0,7,4,1,0,sleeping,2032,2006,0,126976,1296825,48334
2025-05-20 04:49:52,23408,2195062784,33292288,0.0,0.09976118928887873,0,13,0.51,0.1,0.0,0.0,0.0,12464128,0,7,4,1,0,sleeping,2034,2008,0,126976,1298739,48398
2025-05-20 04:49:53,23408,2195062784,33292288,0.0,0.09976118928887873,0,13,0.51,0.1,0.0,0.0,0.0,12480512,0,7,4,1,0,sleeping,2039,2011,0,131072,1302575,48470
2025-05-20 04:49:54,23408,2195062784,33292288,0.0,0.09976118928887873,0,13,0.51,0.1,0.0,0.0,0.0,12480512,0,7,4,1,0,sleeping,2041,2013,0,131072,1304489,48534
2025-05-20 04:49:55,23408,2195062784,33292288,0.0,0.09976118928887873,0,13,0.51,0.1,0.0,0.0,0.0,12484608,0,7,4,1,0,sleeping,2044,2017,0,131072,1306410,48638
2025-05-20 04:49:56,23408,2195062784,33292288,0.0,0.09976118928887873,0,13,0.51,0.1,0.0,0.0,0.0,12500992,0,7,4,1,0,sleeping,2047,2020,0,131072,1308331,48710
2025-05-20 04:49:57,23408,2195062784,33292288,0.0,0.09976118928887873,0,13,0.51,0.1,0.0,0.0,0.0,12500992,0,7,4,1,0,sleeping,2049,2022,0,131072,1310245,48774
2025-05-20 04:49:58,23408,2195062784,33292288,0.0,0.09976118928887873,0,13,0.51,0.1,0.0,0.0,0.0,12500992,0,7,4,1,0,sleeping,2053,2026,0,131072,1312175,48854
2025-05-20 04:49:59,23408,2195062784,33292288,0.0,0.09976118928887873,0,13,0.51,0.1,0.0,0.0,0.0,12500992,0,7,4,1,0,sleeping,2057,2030,0,131072,1314105,48934
2025-05-20 04:50:00,23408,2195062784,33292288,0.0,0.09976118928887873,0,13,0.51,0.1,0.0,0.0,0.0,12509184,0,7,4,1,0,sleeping,2061,2034,0,131072,1316033,49014
2025-05-20 04:50:01,23408,2195062784,33292288,0.0,0.09976118928887873,0,13,0.51,0.1,0.0,0.0,0.0,12509184,0,7,4,1,0,sleeping,2063,2037,0,131072,1317945,49110
2025-05-20 04:50:03,23408,2195062784,33292288,0.0,0.09976118928887873,0,13,0.51,0.1,0.0,0.0,0.0,12529664,0,7,4,1,0,sleeping,2067,2039,0,131072,1321770,49174
2025-05-20 04:50:04,23408,2195062784,33292288,0.8,0.09976118928887873,0,13,0.52,0.1,0.0,0.0,0.0,12554240,0,7,4,1,0,sleeping,2069,2042,0,131072,1323683,49270
2025-05-20 04:50:05,23408,2195062784,33292288,0.0,0.09976118928887873,0,13,0.52,0.1,0.0,0.0,0.0,12566528,0,7,4,1,0,sleeping,2071,2045,0,131072,1325595,49366
2025-05-20 04:50:07,23408,2195062784,33292288,0.0,0.09976118928887873,0,13,0.52,0.1,0.0,0.0,0.0,12599296,0,7,4,1,0,sleeping,2073,2047,0,131072,1327507,49430
2025-05-20 04:50:08,23408,2195062784,33292288,0.0,0.09976118928887873,0,13,0.52,0.1,0.0,0.0,0.0,12603392,0,7,4,1,0,sleeping,2079,2051,0,131072,1331350,49510
2025-05-20 04:50:09,23408,2195062784,33292288,0.0,0.09976118928887873,0,13,0.52,0.1,0.0,0.0,0.0,12627968,0,7,4,1,0,sleeping,2082,2055,0,131072,1333272,49614
2025-05-20 04:50:10,23408,2195062784,33292288,0.0,0.09976118928887873,0,13,0.52,0.1,0.0,0.0,0.0,12636160,0,7,4,1,0,sleeping,2085,2058,0,131072,1335194,49686
2025-05-20 04:50:11,23408,2195062784,33423360,0.0,0.10015394987663022,0,13,0.52,0.1,0.0,0.0,0.0,12644352,0,7,4,1,0,sleeping,2088,2061,0,131072,1337116,49758
2025-05-20 04:50:12,23408,2195062784,33423360,0.0,0.10015394987663022,0,13,0.52,0.1,0.0,0.0,0.0,12656640,0,7,4,1,0,sleeping,2091,2064,0,131072,1339038,49830
2025-05-20 04:50:13,23408,2195062784,33423360,0.0,0.10015394987663022,0,13,0.52,0.1,0.0,0.0,0.0,12668928,0,7,4,1,0,sleeping,2093,2066,0,131072,1340952,49894
2025-05-20 04:50:14,23408,2195062784,33423360,0.0,0.10015394987663022,0,13,0.52,0.1,0.0,0.0,0.0,12668928,0,7,4,1,0,sleeping,2098,2071,0,131072,1342890,49982
2025-05-20 04:50:15,23408,2195062784,33423360,0.0,0.10015394987663022,0,13,0.52,0.1,0.0,0.0,0.0,12668928,0,8,4,1,0,sleeping,2100,2074,0,131072,1344804,50078
2025-05-20 04:50:16,23408,2195062784,33423360,0.0,0.10015394987663022,0,13,0.52,0.1,0.0,0.0,0.0,12681216,0,8,4,1,0,sleeping,2103,2077,0,131072,1346726,50150
2025-05-20 04:50:18,23408,2195062784,33423360,0.0,0.10015394987663022,0,13,0.52,0.1,0.0,0.0,0.0,12689408,0,8,4,1,0,sleeping,2106,2080,0,131072,1348646,50222
2025-05-20 04:50:19,23408,2195062784,33423360,0.9,0.10015394987663022,0,13,0.53,0.1,0.0,0.0,0.0,12701696,0,8,4,1,0,sleeping,2108,2082,0,131072,1350558,50286
2025-05-20 04:50:20,23408,2195062784,33423360,0.8,0.10015394987663022,0,13,0.54,0.1,0.0,0.0,0.0,12464128,0,6,4,1,0,sleeping,2113,2086,0,131072,1354394,50390
2025-05-20 04:50:21,23408,2195062784,33423360,0.0,0.10015394987663022,0,13,0.54,0.1,0.0,0.0,0.0,12464128,0,6,4,1,0,sleeping,2116,2089,0,131072,1356316,50462
2025-05-20 04:50:23,23408,2195062784,33423360,0.0,0.10015394987663022,0,13,0.54,0.1,0.0,0.0,0.0,12464128,0,6,4,1,0,sleeping,2119,2093,0,131072,1358238,50566
2025-05-20 04:50:24,23408,2195062784,33423360,0.0,0.10015394987663022,0,13,0.54,0.1,0.0,0.0,0.0,12464128,0,6,4,1,0,sleeping,2123,2096,0,135168,1362066,50662
2025-05-20 04:50:25,23408,2195062784,33423360,0.0,0.10015394987663022,0,13,0.54,0.1,0.0,0.0,0.0,12468224,0,6,4,1,0,sleeping,2125,2098,0,135168,1363980,50726
2025-05-20 04:50:26,23408,2195062784,33423360,0.9,0.10015394987663022,0,13,0.55,0.1,0.0,0.0,0.0,12468224,0,6,4,1,0,sleeping,2128,2101,0,135168,1365902,50798
2025-05-20 04:50:27,23408,2195062784,33423360,0.0,0.10015394987663022,0,13,0.55,0.1,0.0,0.0,0.0,12468224,0,6,4,1,0,sleeping,2132,2106,0,139264,1367831,50910
2025-05-20 04:50:28,23408,2195062784,33423360,0.0,0.10015394987663022,0,13,0.55,0.1,0.0,0.0,0.0,12468224,0,6,4,1,0,sleeping,2134,2108,0,139264,1369743,50974
2025-05-20 04:50:29,23408,2195062784,33423360,0.0,0.10015394987663022,0,13,0.55,0.1,0.0,0.0,0.0,12468224,0,7,4,1,0,sleeping,2136,2110,0,139264,1371656,51038
2025-05-20 04:50:31,23408,2195062784,33423360,0.0,0.10015394987663022,0,13,0.55,0.1,0.0,0.0,0.0,12468224,0,7,4,1,0,sleeping,2138,2112,0,139264,1373570,51102
2025-05-20 04:50:32,23408,2195062784,33423360,0.0,0.10015394987663022,0,13,0.55,0.1,0.0,0.0,0.0,12468224,0,7,4,1,0,sleeping,2140,2114,0,139264,1375483,51166
2025-05-20 04:50:33,23408,2195062784,33423360,0.0,0.10015394987663022,0,13,0.55,0.1,0.0,0.0,0.0,12468224,0,6,4,1,0,sleeping,2142,2116,0,139264,1377396,51230
2025-05-20 04:50:34,23408,2195062784,33423360,0.0,0.10015394987663022,0,13,0.55,0.1,0.0,0.0,0.0,12468224,0,6,4,1,0,sleeping,2146,2119,0,139264,1381223,51326
2025-05-20 04:50:35,23408,2195062784,33423360,0.0,0.10015394987663022,0,13,0.55,0.1,0.0,0.0,0.0,12468224,0,6,4,1,0,sleeping,2149,2122,0,139264,1383145,51398
2025-05-20 04:50:36,23408,2195062784,33423360,0.0,0.10015394987663022,0,13,0.55,0.1,0.0,0.0,0.0,12468224,0,6,4,1,0,sleeping,2151,2124,0,139264,1385059,51462
2025-05-20 04:50:37,23408,2195062784,33423360,0.0,0.10015394987663022,0,13,0.55,0.1,0.0,0.0,0.0,12468224,0,6,4,1,0,sleeping,2154,2128,0,139264,1386981,51566
2025-05-20 04:50:39,23408,2195062784,33423360,0.7,0.10015394987663022,0,13,0.55,0.11,0.0,0.0,0.0,12468224,0,7,4,1,0,sleeping,2159,2132,0,139264,1390816,51670
2025-05-20 04:50:40,23408,2195062784,33423360,0.0,0.10015394987663022,0,13,0.55,0.11,0.0,0.0,0.0,12468224,0,7,4,1,0,sleeping,2162,2135,0,139264,1392737,51742
2025-05-20 04:50:41,23408,2195062784,33423360,0.0,0.10015394987663022,0,13,0.55,0.11,0.0,0.0,0.0,12468224,0,7,4,1,0,sleeping,2165,2138,0,139264,1394659,51814
2025-05-20 04:50:42,23408,2195062784,33423360,0.0,0.10015394987663022,0,13,0.55,0.11,0.0,0.0,0.0,12468224,0,6,4,1,0,sleeping,2169,2142,0,139264,1396589,51894
2025-05-20 04:50:43,23408,2195062784,33423360,0.0,0.10015394987663022,0,13,0.55,0.11,0.0,0.0,0.0,12468224,0,6,4,1,0,sleeping,2172,2146,0,139264,1398511,51998
2025-05-20 04:50:44,23408,2195062784,33423360,0.0,0.10015394987663022,0,13,0.55,0.11,0.0,0.0,0.0,12468224,0,6,4,1,0,sleeping,2175,2149,0,139264,1400433,52070
2025-05-20 04:50:46,23408,2195062784,33423360,0.0,0.10015394987663022,0,13,0.55,0.11,0.0,0.0,0.0,12468224,0,6,4,1,0,sleeping,2178,2152,0,139264,1402355,52142
2025-05-20 04:50:47,23408,2195062784,33423360,0.0,0.10015394987663022,0,13,0.55,0.11,0.0,0.0,0.0,12468224,0,6,4,1,0,sleeping,2183,2157,0,139264,1404293,52230
2025-05-20 04:50:48,23408,2195062784,33423360,0.0,0.10015394987663022,0,13,0.55,0.11,0.0,0.0,0.0,12468224,0,6,4,1,0,sleeping,2186,2160,0,139264,1406215,52302
2025-05-20 04:50:49,23408,2195062784,33423360,0.0,0.10015394987663022,0,13,0.55,0.11,0.0,0.0,0.0,12468224,0,7,4,1,0,sleeping,2188,2162,0,139264,1408129,52366
2025-05-20 04:50:50,23408,2195062784,33423360,0.0,0.10015394987663022,0,13,0.55,0.11,0.0,0.0,0.0,12468224,0,7,4,1,0,sleeping,2195,2168,0,139264,1411979,52486
2025-05-20 04:50:51,23408,2195062784,33423360,0.0,0.10015394987663022,0,13,0.55,0.11,0.0,0.0,0.0,12468224,0,7,4,1,0,sleeping,2197,2170,0,139264,1413893,52550
2025-05-20 04:50:52,23408,2195062784,33423360,0.0,0.10015394987663022,0,13,0.55,0.11,0.0,0.0,0.0,12468224,0,7,4,1,0,sleeping,2199,2173,0,139264,1415807,52646
2025-05-20 04:50:54,23408,2195062784,33423360,0.8,0.10015394987663022,0,13,0.56,0.11,0.0,0.0,0.0,12468224,0,6,4,1,0,sleeping,2202,2176,0,139264,1417729,52718
2025-05-20 04:50:55,23408,2195062784,33423360,0.0,0.10015394987663022,0,13,0.56,0.11,0.0,0.0,0.0,12468224,0,6,4,1,0,sleeping,2208,2181,0,139264,1421572,52830
2025-05-20 04:50:56,23408,2195062784,33423360,0.0,0.10015394987663022,0,13,0.56,0.11,0.0,0.0,0.0,12468224,0,7,4,1,0,sleeping,2211,2184,0,143360,1423493,52902
2025-05-20 04:50:57,23408,2195062784,33423360,0.0,0.10015394987663022,0,13,0.56,0.11,0.0,0.0,0.0,12468224,0,6,4,1,0,sleeping,2214,2187,0,143360,1425415,52974
2025-05-20 04:50:58,23408,2195062784,33423360,0.0,0.10015394987663022,0,13,0.56,0.11,0.0,0.0,0.0,12468224,0,6,4,1,0,sleeping,2219,2192,0,143360,1427353,53062
2025-05-20 04:50:59,23408,2195062784,33423360,0.0,0.10015394987663022,0,13,0.56,0.11,0.0,0.0,0.0,12468224,0,6,4,1,0,sleeping,2221,2194,0,143360,1429267,53126
2025-05-20 04:51:00,23408,2195062784,33423360,0.0,0.10015394987663022,0,13,0.56,0.11,0.0,0.0,0.0,12468224,0,6,4,1,0,sleeping,2225,2199,0,143360,1431197,53238
2025-05-20 04:51:01,23408,2195062784,33423360,0.9,0.10015394987663022,0,13,0.56,0.12,0.0,0.0,0.0,12468224,0,6,4,1,0,sleeping,2227,2201,0,143360,1433109,53302
2025-05-20 04:51:02,23408,2195062784,33423360,0.0,0.10015394987663022,0,13,0.56,0.12,0.0,0.0,0.0,12468224,0,6,4,1,0,sleeping,2232,2206,0,143360,1435046,53390
2025-05-20 04:51:04,23408,2195062784,33423360,0.0,0.10015394987663022,0,13,0.56,0.12,0.0,0.0,0.0,12468224,0,6,4,1,0,sleeping,2235,2209,0,143360,1436967,53462
2025-05-20 04:51:05,23408,2195062784,33423360,0.0,0.10015394987663022,0,13,0.56,0.12,0.0,0.0,0.0,12468224,0,7,4,1,0,sleeping,2237,2211,0,143360,1438880,53526
2025-05-20 04:51:06,23408,2195062784,33423360,0.0,0.10015394987663022,0,13,0.56,0.12,0.0,0.0,0.0,12468224,0,7,4,1,0,sleeping,2243,2216,0,143360,1442723,53638
2025-05-20 04:51:07,23408,2195062784,33423360,0.7,0.10015394987663022,0,13,0.57,0.12,0.0,0.0,0.0,12468224,0,7,4,1,0,sleeping,2245,2219,0,143360,1444636,53734
2025-05-20 04:51:09,23408,2195062784,33423360,0.0,0.10015394987663022,0,13,0.57,0.12,0.0,0.0,0.0,12468224,0,6,4,1,0,sleeping,2249,2222,0,143360,1448463,53830
2025-05-20 04:51:10,23408,2195062784,33423360,0.0,0.10015394987663022,0,13,0.57,0.12,0.0,0.0,0.0,12468224,0,6,4,1,0,sleeping,2252,2225,0,143360,1450384,53902
2025-05-20 04:51:11,23408,2195062784,33423360,0.0,0.10015394987663022,0,13,0.57,0.12,0.0,0.0,0.0,12468224,0,7,4,1,0,sleeping,2254,2227,0,143360,1452298,53966
2025-05-20 04:51:12,23408,2195062784,33423360,0.0,0.10015394987663022,0,13,0.57,0.12,0.0,0.0,0.0,12468224,0,5,4,1,0,sleeping,2258,2231,0,143360,1454228,54046
2025-05-20 04:51:13,23408,2195062784,33423360,0.0,0.10015394987663022,0,13,0.57,0.12,0.0,0.0,0.0,12468224,0,5,4,1,0,sleeping,2261,2235,0,143360,1456150,54150
2025-05-20 04:51:14,23408,2195062784,33423360,0.0,0.10015394987663022,0,13,0.57,0.12,0.0,0.0,0.0,12468224,0,5,4,1,0,sleeping,2265,2239,0,143360,1458080,54230
2025-05-20 04:51:15,23408,2195062784,33423360,0.0,0.10015394987663022,0,13,0.57,0.12,0.0,0.0,0.0,12468224,0,5,4,1,0,sleeping,2269,2243,0,143360,1460010,54310
2025-05-20 04:51:17,23408,2195062784,33423360,0.0,0.10015394987663022,0,13,0.57,0.12,0.0,0.0,0.0,12468224,0,5,4,1,0,sleeping,2272,2246,0,143360,1461932,54382
2025-05-20 04:51:18,23408,2195062784,33423360,0.0,0.10015394987663022,0,13,0.57,0.12,0.0,0.0,0.0,12468224,0,6,4,1,0,sleeping,2274,2248,0,143360,1463846,54446
2025-05-20 04:51:19,23408,2195062784,33423360,0.0,0.10015394987663022,0,13,0.57,0.12,0.0,0.0,0.0,12468224,0,6,4,1,0,sleeping,2277,2251,0,143360,1465768,54518
2025-05-20 04:51:20,23408,2195062784,33423360,0.0,0.10015394987663022,0,13,0.57,0.12,0.0,0.0,0.0,12468224,0,6,4,1,0,sleeping,2280,2254,0,143360,1467690,54590
2025-05-20 04:51:21,23408,2195062784,33423360,0.0,0.10015394987663022,0,13,0.57,0.12,0.0,0.0,0.0,12468224,0,7,4,1,0,sleeping,2282,2257,0,143360,1469604,54686
2025-05-20 04:51:22,23408,2195062784,33423360,0.0,0.10015394987663022,0,13,0.57,0.12,0.0,0.0,0.0,12468224,0,7,4,1,0,sleeping,2286,2259,0,143360,1473432,54750
2025-05-20 04:51:23,23408,2195062784,33423360,0.8,0.10015394987663022,0,13,0.58,0.12,0.0,0.0,0.0,12468224,0,7,4,1,0,sleeping,2288,2261,0,143360,1475346,54814
2025-05-20 04:51:24,23408,2195062784,33423360,0.0,0.10015394987663022,0,13,0.58,0.12,0.0,0.0,0.0,12468224,0,7,4,1,0,sleeping,2291,2265,0,143360,1477268,54918
2025-05-20 04:51:26,23408,2195062784,33423360,0.0,0.10015394987663022,0,13,0.58,0.12,0.0,0.0,0.0,12468224,0,7,4,1,0,sleeping,2293,2268,0,147456,1479182,55014
2025-05-20 04:51:27,23408,2195062784,33423360,0.0,0.10015394987663022,0,13,0.58,0.12,0.0,0.0,0.0,12468224,0,7,4,1,0,sleeping,2299,2272,0,147456,1483025,55094
2025-05-20 04:51:28,23408,2195062784,33423360,0.0,0.10015394987663022,0,13,0.58,0.12,0.0,0.0,0.0,12468224,0,6,4,1,0,sleeping,2301,2275,0,147456,1484938,55190
2025-05-20 04:51:29,23408,2195062784,33423360,0.0,0.10015394987663022,0,13,0.58,0.12,0.0,0.0,0.0,12468224,0,6,4,1,0,sleeping,2304,2278,0,147456,1486860,55262
2025-05-20 04:51:31,23408,2195062784,33423360,0.0,0.10015394987663022,0,13,0.58,0.12,0.0,0.0,0.0,12468224,0,6,4,1,0,sleeping,2307,2281,0,151552,1488782,55334
2025-05-20 04:51:32,23408,2195062784,33423360,0.0,0.10015394987663022,0,13,0.58,0.12,0.0,0.0,0.0,12468224,0,6,4,1,0,sleeping,2311,2285,0,151552,1490712,55414
2025-05-20 04:51:33,23408,2195062784,33423360,0.9,0.10015394987663022,0,13,0.59,0.12,0.0,0.0,0.0,12468224,0,5,4,1,0,sleeping,2314,2288,0,151552,1492632,55486
2025-05-20 04:51:34,23408,2195062784,33423360,0.0,0.10015394987663022,0,13,0.59,0.12,0.0,0.0,0.0,12468224,0,5,4,1,0,sleeping,2318,2293,0,151552,1494560,55598
2025-05-20 04:51:35,23408,2195062784,33423360,0.0,0.10015394987663022,0,13,0.59,0.12,0.0,0.0,0.0,12468224,0,5,4,1,0,sleeping,2322,2297,0,151552,1496490,55678
2025-05-20 04:51:36,23408,2195062784,33423360,0.0,0.10015394987663022,0,13,0.59,0.12,0.0,0.0,0.0,12468224,0,6,4,1,0,sleeping,2328,2301,0,151552,1500334,55758
2025-05-20 04:51:37,23408,2195062784,33423360,0.0,0.10015394987663022,0,13,0.59,0.12,0.0,0.0,0.0,12468224,0,6,4,1,0,sleeping,2331,2304,0,151552,1502256,55830
2025-05-20 04:51:38,23408,2195062784,33423360,0.0,0.10015394987663022,0,13,0.59,0.12,0.0,0.0,0.0,12468224,0,7,4,1,0,sleeping,2333,2306,0,151552,1504169,55894
2025-05-20 04:51:39,23408,2195062784,33423360,0.0,0.10015394987663022,0,13,0.59,0.12,0.0,0.0,0.0,12468224,0,6,4,1,0,sleeping,2336,2310,0,151552,1506090,55998
2025-05-20 04:51:41,23408,2195062784,33423360,0.0,0.10015394987663022,0,13,0.59,0.12,0.0,0.0,0.0,12468224,0,6,4,1,0,sleeping,2338,2312,0,151552,1508004,56062
2025-05-20 04:51:42,23408,2195062784,33423360,0.0,0.10015394987663022,0,13,0.59,0.12,0.0,0.0,0.0,12468224,0,6,4,1,0,sleeping,2341,2316,0,151552,1509926,56166
2025-05-20 04:51:43,23408,2195062784,33423360,0.0,0.10015394987663022,0,13,0.59,0.12,0.0,0.0,0.0,12468224,0,6,4,1,0,sleeping,2345,2318,0,151552,1513754,56230
2025-05-20 04:51:44,23408,2195062784,33423360,0.0,0.10015394987663022,0,13,0.59,0.12,0.0,0.0,0.0,12468224,0,6,4,1,0,sleeping,2348,2321,0,151552,1515676,56302
2025-05-20 04:51:45,23408,2195062784,33423360,0.0,0.10015394987663022,0,13,0.59,0.12,0.0,0.0,0.0,12468224,0,6,4,1,0,sleeping,2352,2325,0,151552,1517606,56382
2025-05-20 04:51:46,23408,2195062784,33423360,0.0,0.10015394987663022,0,13,0.59,0.12,0.0,0.0,0.0,12468224,0,6,4,1,0,sleeping,2356,2329,0,151552,1519536,56462
2025-05-20 04:51:47,23408,2195062784,33423360,0.0,0.10015394987663022,0,13,0.59,0.12,0.0,0.0,0.0,12468224,0,7,4,1,0,sleeping,2359,2333,0,151552,1521458,56566
2025-05-20 04:51:48,23408,2195062784,33423360,0.0,0.10015394987663022,0,13,0.59,0.12,0.0,0.0,0.0,12468224,0,7,4,1,0,sleeping,2361,2335,0,151552,1523372,56630
2025-05-20 04:51:50,23408,2195062784,33423360,0.9,0.10015394987663022,0,13,0.6,0.12,0.0,0.0,0.0,12468224,0,7,4,1,0,sleeping,2364,2338,0,151552,1525294,56702
2025-05-20 04:51:51,23408,2195062784,33423360,0.0,0.10015394987663022,0,13,0.6,0.12,0.0,0.0,0.0,12468224,0,7,4,1,0,sleeping,2366,2340,0,151552,1527208,56766
2025-05-20 04:51:52,23408,2195062784,33423360,0.0,0.10015394987663022,0,13,0.6,0.12,0.0,0.0,0.0,12525568,0,6,4,1,0,sleeping,2368,2342,0,151552,1529122,56830
2025-05-20 04:51:53,23408,2195062784,33423360,0.0,0.10015394987663022,0,13,0.6,0.12,0.0,0.0,0.0,12525568,0,8,4,1,0,sleeping,2370,2344,0,151552,1531037,56894
2025-05-20 04:51:54,23408,2195062784,33423360,0.0,0.10015394987663022,0,13,0.6,0.12,0.0,0.0,0.0,12525568,0,8,4,1,0,sleeping,2373,2348,0,151552,1532961,56998
2025-05-20 04:51:55,23408,2195062784,33423360,0.0,0.10015394987663022,0,13,0.6,0.12,0.0,0.0,0.0,12525568,0,8,4,1,0,sleeping,2375,2350,0,151552,1534877,57062
2025-05-20 04:51:56,23408,2195062784,33423360,0.0,0.10015394987663022,0,13,0.6,0.12,0.0,0.0,0.0,12525568,0,8,4,1,0,sleeping,2380,2353,0,151552,1538718,57134
2025-05-20 04:51:57,23408,2195062784,33423360,0.0,0.10015394987663022,0,13,0.6,0.12,0.0,0.0,0.0,12525568,0,8,4,1,0,sleeping,2383,2357,0,151552,1540642,57238
2025-05-20 04:51:59,23408,2195062784,33423360,0.7,0.10015394987663022,0,13,0.61,0.12,0.0,0.0,0.0,12525568,0,7,4,1,0,sleeping,2387,2360,0,155648,1544478,57334
2025-05-20 04:52:00,23408,2195062784,33423360,0.0,0.10015394987663022,0,13,0.61,0.12,0.0,0.0,0.0,12525568,0,7,4,1,0,sleeping,2389,2363,0,155648,1546396,57430
2025-05-20 04:52:02,23408,2195062784,33423360,0.0,0.10015394987663022,0,13,0.61,0.12,0.0,0.0,0.0,12525568,0,7,4,1,0,sleeping,2391,2365,0,155648,1548314,57494
2025-05-20 04:52:03,23408,2195062784,33423360,0.0,0.10015394987663022,0,13,0.61,0.12,0.0,0.0,0.0,12525568,0,7,4,1,0,sleeping,2393,2367,0,155648,1550231,57558
2025-05-20 04:52:04,23408,2195062784,33423360,0.0,0.10015394987663022,0,13,0.61,0.12,0.0,0.0,0.0,12525568,0,7,4,1,0,sleeping,2395,2369,0,155648,1552147,57622
2025-05-20 04:52:05,23408,2195062784,33423360,0.0,0.10015394987663022,0,13,0.61,0.12,0.0,0.0,0.0,12525568,0,8,4,1,0,sleeping,2398,2372,0,155648,1554072,57694
2025-05-20 04:52:06,23408,2195062784,33423360,0.0,0.10015394987663022,0,13,0.61,0.12,0.0,0.0,0.0,12525568,0,8,4,1,0,sleeping,2403,2378,0,155648,1556014,57814
2025-05-20 04:52:07,23408,2195062784,33423360,0.0,0.10015394987663022,0,13,0.61,0.12,0.0,0.0,0.0,12525568,0,7,4,1,0,sleeping,2406,2381,0,155648,1557940,57886
2025-05-20 04:52:08,23408,2195062784,33423360,0.0,0.10015394987663022,0,13,0.61,0.12,0.0,0.0,0.0,12529664,0,7,4,1,0,sleeping,2409,2384,0,155648,1559866,57958
2025-05-20 04:52:09,23408,2195062784,33423360,0.0,0.10015394987663022,0,13,0.61,0.12,0.0,0.0,0.0,12529664,0,8,4,1,0,sleeping,2416,2389,0,155648,1563726,58046
2025-05-20 04:52:10,23408,2195062784,33423360,0.0,0.10015394987663022,0,13,0.61,0.12,0.0,0.0,0.0,12529664,0,6,4,1,0,sleeping,2419,2392,0,155648,1565652,58118
2025-05-20 04:52:11,23408,2195062784,33423360,0.0,0.10015394987663022,0,13,0.61,0.12,0.0,0.0,0.0,12529664,0,7,4,1,0,sleeping,2421,2394,0,155648,1567570,58182
2025-05-20 04:52:12,23408,2195062784,33423360,0.0,0.10015394987663022,0,13,0.61,0.12,0.0,0.0,0.0,12529664,0,6,4,1,0,sleeping,2425,2399,0,155648,1569504,58294
2025-05-20 04:52:13,23408,2195062784,33423360,0.0,0.10015394987663022,0,13,0.61,0.12,0.0,0.0,0.0,12529664,0,6,4,1,0,sleeping,2427,2401,0,155648,1571422,58358
2025-05-20 04:52:15,23408,2195062784,33423360,0.0,0.10015394987663022,0,13,0.61,0.12,0.0,0.0,0.0,12529664,0,6,4,1,0,sleeping,2430,2404,0,155648,1573348,58430
2025-05-20 04:52:16,23408,2195062784,33423360,0.0,0.10015394987663022,0,13,0.61,0.12,0.0,0.0,0.0,12529664,0,7,4,1,0,sleeping,2434,2407,0,155648,1577184,58526
2025-05-20 04:52:17,23408,2195062784,33423360,0.7,0.10015394987663022,0,13,0.61,0.13,0.0,0.0,0.0,12529664,0,7,4,1,0,sleeping,2437,2411,0,155648,1579110,58630
2025-05-20 04:52:19,23408,2195062784,33423360,0.0,0.10015394987663022,0,13,0.61,0.13,0.0,0.0,0.0,12529664,0,7,4,1,0,sleeping,2439,2413,0,155648,1581028,58694
2025-05-20 04:52:20,23408,2195062784,33423360,0.0,0.10015394987663022,0,13,0.61,0.13,0.0,0.0,0.0,12529664,0,7,4,1,0,sleeping,2443,2417,0,155648,1582962,58774
2025-05-20 04:52:21,23408,2195062784,33423360,0.9,0.10015394987663022,0,13,0.62,0.13,0.0,0.0,0.0,12529664,0,7,4,1,0,sleeping,2447,2422,0,155648,1584895,58886
2025-05-20 04:52:22,23408,2195062784,33423360,0.0,0.10015394987663022,0,13,0.62,0.13,0.0,0.0,0.0,12529664,0,7,4,1,0,sleeping,2449,2424,0,155648,1586812,58950
2025-05-20 04:52:23,23408,2195062784,33423360,0.0,0.10015394987663022,0,13,0.62,0.13,0.0,0.0,0.0,12529664,0,7,4,1,0,sleeping,2451,2426,0,155648,1588730,59014
2025-05-20 04:52:24,23408,2195062784,33423360,0.0,0.10015394987663022,0,13,0.62,0.13,0.0,0.0,0.0,12529664,0,6,4,1,0,sleeping,2453,2428,0,155648,1590648,59078
2025-05-20 04:52:25,23408,2195062784,33423360,0.0,0.10015394987663022,0,13,0.62,0.13,0.0,0.0,0.0,12529664,0,7,4,1,0,sleeping,2460,2433,0,155648,1594508,59166
2025-05-20 04:52:26,23408,2195062784,33423360,0.0,0.10015394987663022,0,13,0.62,0.13,0.0,0.0,0.0,12529664,0,6,4,1,0,sleeping,2462,2435,0,155648,1596426,59230
2025-05-20 04:52:27,23408,2195062784,33423360,0.0,0.10015394987663022,0,13,0.62,0.13,0.0,0.0,0.0,12529664,0,6,4,1,0,sleeping,2467,2441,0,155648,1598368,59350
2025-05-20 04:52:28,23408,2195062784,33423360,0.0,0.10015394987663022,0,13,0.62,0.13,0.0,0.0,0.0,12529664,0,6,4,1,0,sleeping,2469,2443,0,155648,1600286,59414
2025-05-20 04:52:29,23408,2195062784,33423360,0.0,0.10015394987663022,0,13,0.62,0.13,0.0,0.0,0.0,12529664,0,6,4,1,0,sleeping,2472,2446,0,155648,1602212,59486
2025-05-20 04:52:31,23408,2195062784,33423360,0.0,0.10015394987663022,0,13,0.62,0.13,0.0,0.0,0.0,12529664,0,6,4,1,0,sleeping,2475,2449,0,155648,1604138,59558
2025-05-20 04:52:32,23408,2195062784,33423360,0.0,0.10015394987663022,0,13,0.62,0.13,0.0,0.0,0.0,12533760,0,7,4,1,0,sleeping,2477,2452,0,159744,1606056,59654
2025-05-20 04:52:33,23408,2195062784,33423360,0.0,0.10015394987663022,0,13,0.62,0.13,0.0,0.0,0.0,12533760,0,7,4,1,0,sleeping,2481,2454,0,159744,1609897,59718
2025-05-20 04:52:35,23408,2195062784,33423360,0.7,0.10015394987663022,0,13,0.63,0.13,0.0,0.0,0.0,12533760,0,7,4,1,0,sleeping,2483,2457,0,163840,1611812,59814
2025-05-20 04:52:36,23408,2195062784,33423360,0.0,0.10015394987663022,0,13,0.63,0.13,0.0,0.0,0.0,12537856,0,8,4,1,0,sleeping,2487,2461,0,163840,1615645,59942
2025-05-20 04:52:38,23408,2195062784,33423360,0.0,0.10015394987663022,0,13,0.63,0.13,0.0,0.0,0.0,12537856,0,7,4,1,0,sleeping,2489,2463,0,163840,1617562,60006
2025-05-20 04:52:39,23408,2195062784,33423360,0.0,0.10015394987663022,0,13,0.63,0.13,0.0,0.0,0.0,12537856,0,8,4,1,0,sleeping,2491,2465,0,163840,1619479,60070
2025-05-20 04:52:40,23408,2195062784,33423360,0.0,0.10015394987663022,0,13,0.63,0.13,0.0,0.0,0.0,12537856,0,7,4,1,0,sleeping,2494,2468,0,163840,1621404,60142
2025-05-20 04:52:41,23408,2195062784,33423360,0.0,0.10015394987663022,0,13,0.63,0.13,0.0,0.0,0.0,12537856,0,7,4,1,0,sleeping,2496,2471,0,163840,1623322,60238
2025-05-20 04:52:42,23408,2195062784,33423360,0.0,0.10015394987663022,0,13,0.63,0.13,0.0,0.0,0.0,12537856,0,7,4,1,0,sleeping,2501,2476,0,163840,1625264,60326
2025-05-20 04:52:43,23408,2195062784,33423360,0.0,0.10015394987663022,0,13,0.63,0.13,0.0,0.0,0.0,12537856,0,7,4,1,0,sleeping,2504,2479,0,163840,1627190,60398
2025-05-20 04:52:44,23408,2195062784,33423360,0.0,0.10015394987663022,0,13,0.63,0.13,0.0,0.0,0.0,12537856,0,7,4,1,0,sleeping,2507,2482,0,163840,1629116,60470
2025-05-20 04:52:45,23408,2195062784,33423360,0.9,0.10015394987663022,0,13,0.64,0.13,0.0,0.0,0.0,12537856,0,7,4,1,0,sleeping,2513,2486,0,163840,1632966,60550
2025-05-20 04:52:46,23408,2195062784,33423360,0.0,0.10015394987663022,0,13,0.64,0.13,0.0,0.0,0.0,12537856,0,7,4,1,0,sleeping,2515,2488,0,163840,1634884,60614
2025-05-20 04:52:47,23408,2195062784,33423360,0.0,0.10015394987663022,0,13,0.64,0.13,0.0,0.0,0.0,12537856,0,7,4,1,0,sleeping,2517,2491,0,163840,1636802,60710
2025-05-20 04:52:49,23408,2195062784,33423360,0.0,0.10015394987663022,0,13,0.64,0.13,0.0,0.0,0.0,12537856,0,8,4,1,0,sleeping,2520,2495,0,163840,1638728,60814
2025-05-20 04:52:50,23408,2195062784,33423360,0.7,0.10015394987663022,0,13,0.64,0.14,0.0,0.0,0.0,12537856,0,8,4,1,0,sleeping,2526,2500,0,163840,1642580,60926
2025-05-20 04:52:52,23408,2195062784,33423360,0.0,0.10015394987663022,0,13,0.64,0.14,0.0,0.0,0.0,12537856,0,7,4,1,0,sleeping,2528,2502,0,163840,1644498,60990
2025-05-20 04:52:53,23408,2195062784,33423360,0.0,0.10015394987663022,0,13,0.64,0.14,0.0,0.0,0.0,12537856,0,7,4,1,0,sleeping,2533,2507,0,163840,1646440,61078
2025-05-20 04:52:54,23408,2195062784,33423360,0.0,0.10015394987663022,0,13,0.64,0.14,0.0,0.0,0.0,12537856,0,7,4,1,0,sleeping,2537,2511,0,163840,1648374,61158
2025-05-20 04:52:55,23408,2195062784,33423360,0.0,0.10015394987663022,0,13,0.64,0.14,0.0,0.0,0.0,12541952,0,7,4,1,0,sleeping,2541,2515,0,163840,1650308,61238
2025-05-20 04:52:56,23408,2195062784,33423360,0.0,0.10015394987663022,0,13,0.64,0.14,0.0,0.0,0.0,12541952,0,7,4,1,0,sleeping,2545,2520,0,163840,1652242,61350
2025-05-20 04:52:57,23408,2195062784,33423360,0.0,0.10015394987663022,0,13,0.64,0.14,0.0,0.0,0.0,12541952,0,8,4,1,0,sleeping,2547,2522,0,163840,1654160,61414
2025-05-20 04:52:58,23408,2195062784,33423360,0.0,0.10015394987663022,0,13,0.64,0.14,0.0,0.0,0.0,12541952,0,8,4,1,0,sleeping,2552,2527,0,163840,1656102,61502
2025-05-20 04:52:59,23408,2195062784,33423360,0.0,0.10015394987663022,0,13,0.64,0.14,0.0,0.0,0.0,12541952,0,7,4,1,0,sleeping,2557,2532,0,163840,1658043,61590
2025-05-20 04:53:00,23408,2195062784,33423360,0.0,0.10015394987663022,0,13,0.64,0.14,0.0,0.0,0.0,12541952,0,7,4,1,0,sleeping,2562,2537,0,163840,1659984,61678
2025-05-20 04:53:01,23408,2195062784,33423360,0.0,0.10015394987663022,0,13,0.64,0.14,0.0,0.0,0.0,12541952,0,8,4,1,0,sleeping,2567,2541,0,163840,1663828,61782
2025-05-20 04:53:02,23408,2195062784,33423360,0.0,0.10015394987663022,0,13,0.64,0.14,0.0,0.0,0.0,12541952,0,7,4,1,0,sleeping,2569,2543,0,163840,1665746,61846
2025-05-20 04:53:04,23408,2195062784,33423360,0.0,0.10015394987663022,0,13,0.64,0.14,0.0,0.0,0.0,12541952,0,6,4,1,0,sleeping,2572,2546,0,167936,1667670,61918
2025-05-20 04:53:05,23408,2195062784,33423360,0.7,0.10015394987663022,0,13,0.65,0.14,0.0,0.0,0.0,12541952,0,6,4,1,0,sleeping,2575,2550,0,167936,1669591,62022
2025-05-20 04:53:06,23408,2195062784,33423360,0.0,0.10015394987663022,0,13,0.65,0.14,0.0,0.0,0.0,12541952,0,7,4,1,0,sleeping,2581,2555,0,167936,1673439,62134
2025-05-20 04:53:08,23408,2195062784,33423360,0.0,0.10015394987663022,0,13,0.65,0.14,0.0,0.0,0.0,12541952,0,7,4,1,0,sleeping,2583,2557,0,167936,1675356,62198
2025-05-20 04:53:09,23408,2195062784,33423360,0.0,0.10015394987663022,0,13,0.65,0.14,0.0,0.0,0.0,12541952,0,7,4,1,0,sleeping,2586,2560,0,167936,1677281,62270
2025-05-20 04:53:10,23408,2195062784,33423360,0.0,0.10015394987663022,0,13,0.65,0.14,0.0,0.0,0.0,12541952,0,7,4,1,0,sleeping,2592,2567,0,167936,1679230,62398
2025-05-20 04:53:11,23408,2195062784,33423360,0.0,0.10015394987663022,0,13,0.65,0.14,0.0,0.0,0.0,12541952,0,7,4,1,0,sleeping,2595,2570,0,167936,1681156,62470
2025-05-20 04:53:12,23408,2195062784,33423360,0.0,0.10015394987663022,0,13,0.65,0.14,0.0,0.0,0.0,12541952,0,7,4,1,0,sleeping,2598,2573,0,167936,1683082,62542
2025-05-20 04:53:13,23408,2195062784,33423360,0.0,0.10015394987663022,0,13,0.65,0.14,0.0,0.0,0.0,12541952,0,7,4,1,0,sleeping,2601,2576,0,167936,1685008,62614
2025-05-20 04:53:14,23408,2195062784,33423360,0.0,0.10015394987663022,0,13,0.65,0.14,0.0,0.0,0.0,12541952,0,7,4,1,0,sleeping,2605,2580,0,167936,1686942,62694
2025-05-20 04:53:15,23408,2195062784,33423360,0.0,0.10015394987663022,0,13,0.65,0.14,0.0,0.0,0.0,12541952,0,8,4,1,0,sleeping,2607,2582,0,167936,1688860,62758
2025-05-20 04:53:16,23408,2195062784,33423360,0.0,0.10015394987663022,0,13,0.65,0.14,0.0,0.0,0.0,12541952,0,7,4,1,0,sleeping,2613,2586,0,167936,1692711,62838
2025-05-20 04:53:17,23408,2195062784,33423360,0.0,0.10015394987663022,0,13,0.65,0.14,0.0,0.0,0.0,12541952,0,7,4,1,0,sleeping,2615,2589,0,167936,1694628,62934
2025-05-20 04:53:18,23408,2195062784,33423360,0.0,0.10015394987663022,0,13,0.65,0.14,0.0,0.0,0.0,12541952,0,7,4,1,0,sleeping,2617,2591,0,167936,1696546,62998
2025-05-20 04:53:20,23408,2195062784,33423360,0.0,0.10015394987663022,0,13,0.65,0.14,0.0,0.0,0.0,12541952,0,7,4,1,0,sleeping,2620,2594,0,167936,1698472,63070
2025-05-20 04:53:21,23408,2195062784,33423360,0.8,0.10015394987663022,0,13,0.66,0.14,0.0,0.0,0.0,12541952,0,7,4,1,0,sleeping,2623,2598,0,167936,1700398,63174
2025-05-20 04:53:22,23408,2195062784,33423360,0.0,0.10015394987663022,0,13,0.66,0.14,0.0,0.0,0.0,12541952,0,8,4,1,0,sleeping,2626,2601,0,167936,1702324,63246
2025-05-20 04:53:23,23408,2195062784,33423360,0.8,0.10015394987663022,0,13,0.67,0.14,0.0,0.0,0.0,12541952,0,8,4,1,0,sleeping,2630,2604,0,167936,1704244,63330
