Time,PID,Virt,Res,CPU,Memory,TCP Connections,Thread Count,User,System,Children_User,Children_System,IO,uss,swap,processor_num,core_num,cpu_num,cpu_ids,process_status,read_count,write_count,read_bytes,write_bytes,read_chars,write_chars
2025-05-20 03:54:50,21177,2043731968,30650368,0.0,0.09184460869201273,0,11,0.0,0.01,0.0,0.0,0.0,26365952,0,7,4,1,0,sleeping,46,13,0,4096,13636,5270
2025-05-20 03:54:51,21177,2043731968,30650368,0.0,0.09184460869201273,0,11,0.0,0.01,0.0,0.0,0.0,9551872,0,5,3,1,0,sleeping,71,26,0,8192,15427,6957
2025-05-20 03:54:52,21177,2043731968,30650368,0.0,0.09184460869201273,0,11,0.0,0.01,0.0,0.0,0.0,9551872,0,5,3,1,0,sleeping,71,26,0,8192,15427,6957
2025-05-20 03:54:53,21177,2043731968,30650368,0.0,0.09184460869201273,0,11,0.0,0.01,0.0,0.0,0.0,9551872,0,5,3,1,0,sleeping,71,26,0,8192,15427,6957
2025-05-20 03:54:54,21177,2043731968,30650368,0.0,0.09184460869201273,0,11,0.0,0.01,0.0,0.0,0.0,9551872,0,5,3,1,0,sleeping,73,27,0,8192,15569,7091
2025-05-20 03:54:55,21177,2043731968,30650368,0.0,0.09184460869201273,0,11,0.0,0.01,0.0,0.0,0.0,9551872,0,5,3,1,0,sleeping,73,27,0,8192,15569,7091
2025-05-20 03:54:56,21177,2043731968,30650368,0.0,0.09184460869201273,0,11,0.0,0.01,0.0,0.0,0.0,9551872,0,6,4,1,0,sleeping,83,32,0,8192,16088,7570
2025-05-20 03:54:57,21177,2043731968,30650368,0.0,0.09184460869201273,0,11,0.0,0.01,0.0,0.0,0.0,9551872,0,6,4,1,0,sleeping,83,32,0,8192,16088,7570
2025-05-20 03:54:58,21177,2043731968,30650368,0.0,0.09184460869201273,0,11,0.0,0.01,0.0,0.0,0.0,9551872,0,6,4,1,0,sleeping,83,32,0,8192,16088,7570
2025-05-20 03:54:59,21177,2043731968,30650368,0.0,0.09184460869201273,0,11,0.0,0.01,0.0,0.0,0.0,9551872,0,6,4,1,0,sleeping,83,32,0,8192,16088,7570
2025-05-20 03:55:00,21177,2043731968,30650368,0.0,0.09184460869201273,0,11,0.0,0.01,0.0,0.0,0.0,9551872,0,6,4,1,0,sleeping,83,32,0,8192,16088,7570
2025-05-20 03:55:01,21177,2043731968,30650368,0.0,0.09184460869201273,0,11,0.0,0.01,0.0,0.0,0.0,9551872,0,6,4,1,0,sleeping,83,32,0,8192,16088,7570
2025-05-20 03:55:03,21177,2043731968,30650368,0.0,0.09184460869201273,0,11,0.0,0.01,0.0,0.0,0.0,9551872,0,6,4,1,0,sleeping,83,32,0,8192,16088,7570
2025-05-20 03:55:04,21177,2043731968,30650368,0.0,0.09184460869201273,0,11,0.0,0.01,0.0,0.0,0.0,9551872,0,6,4,1,0,sleeping,83,32,0,8192,16088,7570
2025-05-20 03:55:05,21177,2043731968,30650368,0.0,0.09184460869201273,0,11,0.0,0.01,0.0,0.0,0.0,9551872,0,6,4,1,0,sleeping,83,32,0,8192,16088,7570
2025-05-20 03:55:07,21177,2043731968,30650368,0.0,0.09184460869201273,0,11,0.0,0.01,0.0,0.0,0.0,9551872,0,6,4,1,0,sleeping,83,32,0,8192,16088,7570
2025-05-20 03:55:08,21177,2043731968,30650368,0.0,0.09184460869201273,0,11,0.0,0.01,0.0,0.0,0.0,9551872,0,6,4,1,0,sleeping,83,32,0,8192,16088,7570
2025-05-20 03:55:09,21177,2043731968,30650368,0.0,0.09184460869201273,0,11,0.0,0.01,0.0,0.0,0.0,9551872,0,6,4,1,0,sleeping,83,32,0,8192,16088,7570
2025-05-20 03:55:10,21177,2043731968,30650368,0.0,0.09184460869201273,0,11,0.0,0.01,0.0,0.0,0.0,9551872,0,6,4,1,0,sleeping,83,32,0,8192,16088,7570
2025-05-20 03:55:11,21177,2043731968,30650368,0.0,0.09184460869201273,0,11,0.0,0.01,0.0,0.0,0.0,9551872,0,6,4,1,0,sleeping,83,32,0,8192,16088,7570
2025-05-20 03:55:13,21177,2043731968,30650368,0.0,0.09184460869201273,0,11,0.0,0.01,0.0,0.0,0.0,9551872,0,6,4,1,0,sleeping,83,32,0,8192,16088,7570
2025-05-20 03:55:14,21177,2043731968,30650368,0.0,0.09184460869201273,0,11,0.0,0.01,0.0,0.0,0.0,9551872,0,6,4,1,0,sleeping,83,32,0,8192,16088,7570
2025-05-20 03:55:15,21177,2043731968,30650368,0.0,0.09184460869201273,0,11,0.0,0.01,0.0,0.0,0.0,9551872,0,6,4,1,0,sleeping,83,32,0,8192,16088,7570
2025-05-20 03:55:16,21177,2043731968,30650368,0.0,0.09184460869201273,0,11,0.0,0.01,0.0,0.0,0.0,9551872,0,6,4,1,0,sleeping,83,32,0,8192,16088,7570
2025-05-20 03:55:17,21177,2043731968,30650368,0.0,0.09184460869201273,0,11,0.0,0.01,0.0,0.0,0.0,9551872,0,6,4,1,0,sleeping,83,32,0,8192,16088,7570
2025-05-20 03:55:18,21177,2043731968,30650368,0.0,0.09184460869201273,0,11,0.0,0.01,0.0,0.0,0.0,9551872,0,6,4,1,0,sleeping,83,32,0,8192,16088,7570
2025-05-20 03:55:19,21177,2043731968,30650368,0.0,0.09184460869201273,0,11,0.0,0.01,0.0,0.0,0.0,9551872,0,6,4,1,0,sleeping,83,32,0,8192,16088,7570
2025-05-20 03:55:20,21177,2043731968,30650368,0.0,0.09184460869201273,0,11,0.0,0.01,0.0,0.0,0.0,9555968,0,6,4,1,0,sleeping,84,33,0,8192,16096,7578
2025-05-20 03:55:21,21177,2043731968,30650368,0.0,0.09184460869201273,0,11,0.0,0.01,0.0,0.0,0.0,9555968,0,6,4,1,0,sleeping,84,33,0,8192,16096,7578
2025-05-20 03:55:22,21177,2043731968,30650368,0.0,0.09184460869201273,0,11,0.0,0.01,0.0,0.0,0.0,9555968,0,6,4,1,0,sleeping,84,33,0,8192,16096,7578
2025-05-20 03:55:24,21177,2043731968,30650368,0.0,0.09184460869201273,0,11,0.0,0.01,0.0,0.0,0.0,9555968,0,6,4,1,0,sleeping,84,33,0,8192,16096,7578
2025-05-20 03:55:25,21177,2043731968,30650368,0.0,0.09184460869201273,0,11,0.0,0.01,0.0,0.0,0.0,9555968,0,6,4,1,0,sleeping,84,33,0,8192,16096,7578
2025-05-20 03:55:27,21177,2043731968,30650368,0.0,0.09184460869201273,0,11,0.0,0.01,0.0,0.0,0.0,9555968,0,6,4,1,0,sleeping,86,34,0,12288,16225,7699
2025-05-20 03:55:28,21177,2043731968,30650368,0.0,0.09184460869201273,0,11,0.0,0.01,0.0,0.0,0.0,9555968,0,6,4,1,0,sleeping,86,34,0,12288,16225,7699
2025-05-20 03:55:29,21177,2043731968,30650368,0.0,0.09184460869201273,0,11,0.0,0.01,0.0,0.0,0.0,9555968,0,6,4,1,0,sleeping,86,34,0,12288,16225,7699
2025-05-20 03:55:30,21177,2043731968,30650368,0.0,0.09184460869201273,0,11,0.0,0.01,0.0,0.0,0.0,9555968,0,6,4,1,0,sleeping,86,34,0,12288,16225,7699
2025-05-20 03:55:31,21177,2043731968,30650368,0.0,0.09184460869201273,0,11,0.0,0.01,0.0,0.0,0.0,9555968,0,6,4,1,0,sleeping,86,34,0,12288,16225,7699
2025-05-20 03:55:32,21177,2043731968,30650368,0.0,0.09184460869201273,0,11,0.0,0.01,0.0,0.0,0.0,9555968,0,6,4,1,0,sleeping,86,34,0,12288,16225,7699
2025-05-20 03:55:33,21177,2043731968,30650368,0.0,0.09184460869201273,0,11,0.0,0.01,0.0,0.0,0.0,9555968,0,6,4,1,0,sleeping,86,34,0,12288,16225,7699
2025-05-20 03:55:35,21177,2043731968,30650368,0.0,0.09184460869201273,0,11,0.0,0.01,0.0,0.0,0.0,9555968,0,6,4,1,0,sleeping,86,34,0,12288,16225,7699
2025-05-20 03:55:36,21177,2043731968,30650368,0.0,0.09184460869201273,0,11,0.0,0.01,0.0,0.0,0.0,9555968,0,6,4,1,0,sleeping,86,34,0,12288,16225,7699
2025-05-20 03:55:37,21177,2043731968,30650368,0.0,0.09184460869201273,0,11,0.0,0.01,0.0,0.0,0.0,9555968,0,6,4,1,0,sleeping,86,34,0,12288,16225,7699
2025-05-20 03:55:38,21177,2043731968,30650368,0.0,0.09184460869201273,0,11,0.0,0.01,0.0,0.0,0.0,9555968,0,6,4,1,0,sleeping,86,34,0,12288,16225,7699
2025-05-20 03:55:39,21177,2043731968,30650368,0.0,0.09184460869201273,0,11,0.0,0.01,0.0,0.0,0.0,9555968,0,6,4,1,0,sleeping,86,34,0,12288,16225,7699
2025-05-20 03:55:40,21177,2043731968,30650368,0.0,0.09184460869201273,0,11,0.0,0.01,0.0,0.0,0.0,9555968,0,6,4,1,0,sleeping,86,34,0,12288,16225,7699
2025-05-20 03:55:41,21177,2043731968,30650368,0.0,0.09184460869201273,0,11,0.0,0.01,0.0,0.0,0.0,9555968,0,6,4,1,0,sleeping,86,34,0,12288,16225,7699
2025-05-20 03:55:43,21177,2043731968,30650368,0.0,0.09184460869201273,0,11,0.0,0.01,0.0,0.0,0.0,9555968,0,6,4,1,0,sleeping,86,34,0,12288,16225,7699
2025-05-20 03:55:44,21177,2043731968,30650368,0.0,0.09184460869201273,0,11,0.0,0.01,0.0,0.0,0.0,9555968,0,6,4,1,0,sleeping,86,34,0,12288,16225,7699
2025-05-20 03:55:45,21177,2043731968,30650368,0.0,0.09184460869201273,0,11,0.0,0.01,0.0,0.0,0.0,9555968,0,6,4,1,0,sleeping,86,34,0,12288,16225,7699
2025-05-20 03:55:46,21177,2043731968,30650368,0.0,0.09184460869201273,0,11,0.0,0.01,0.0,0.0,0.0,9555968,0,6,4,1,0,sleeping,86,34,0,12288,16225,7699
2025-05-20 03:55:47,21177,2043731968,30650368,0.0,0.09184460869201273,0,11,0.0,0.01,0.0,0.0,0.0,9555968,0,6,4,1,0,sleeping,86,34,0,12288,16225,7699
2025-05-20 03:55:48,21177,2043731968,30650368,0.0,0.09184460869201273,0,11,0.0,0.01,0.0,0.0,0.0,9555968,0,6,4,1,0,sleeping,86,34,0,12288,16225,7699
2025-05-20 03:55:49,21177,2043731968,30650368,0.0,0.09184460869201273,0,11,0.0,0.01,0.0,0.0,0.0,9555968,0,6,4,1,0,sleeping,86,34,0,12288,16225,7699
2025-05-20 03:55:50,21177,2043731968,30650368,0.0,0.09184460869201273,0,11,0.0,0.01,0.0,0.0,0.0,9555968,0,6,4,1,0,sleeping,86,34,0,12288,16225,7699
2025-05-20 03:55:51,21177,2043731968,30650368,0.0,0.09184460869201273,0,11,0.0,0.01,0.0,0.0,0.0,9555968,0,6,4,1,0,sleeping,86,34,0,12288,16225,7699
2025-05-20 03:55:53,21177,2043731968,30650368,0.0,0.09184460869201273,0,11,0.0,0.01,0.0,0.0,0.0,9555968,0,6,4,1,0,sleeping,86,34,0,12288,16225,7699
2025-05-20 03:55:54,21177,2043731968,30650368,0.0,0.09184460869201273,0,11,0.0,0.01,0.0,0.0,0.0,9555968,0,6,4,1,0,sleeping,86,34,0,12288,16225,7699
2025-05-20 03:55:55,21177,2043731968,30650368,0.0,0.09184460869201273,0,11,0.0,0.01,0.0,0.0,0.0,9555968,0,6,4,1,0,sleeping,86,34,0,12288,16225,7699
2025-05-20 03:55:56,21177,2043731968,30650368,0.0,0.09184460869201273,0,11,0.0,0.01,0.0,0.0,0.0,9555968,0,6,4,1,0,sleeping,88,35,0,12288,16355,7821
2025-05-20 03:55:57,21177,2043731968,30650368,0.0,0.09184460869201273,0,11,0.0,0.01,0.0,0.0,0.0,9555968,0,6,4,1,0,sleeping,88,35,0,12288,16355,7821
2025-05-20 03:55:58,21177,2043731968,30650368,0.0,0.09184460869201273,0,11,0.0,0.01,0.0,0.0,0.0,9555968,0,6,4,1,0,sleeping,88,35,0,12288,16355,7821
2025-05-20 03:56:00,21177,2043731968,30650368,0.0,0.09184460869201273,0,11,0.0,0.01,0.0,0.0,0.0,9555968,0,6,4,1,0,sleeping,88,35,0,12288,16355,7821
2025-05-20 03:56:01,21177,2043731968,30650368,0.0,0.09184460869201273,0,11,0.0,0.01,0.0,0.0,0.0,9555968,0,6,4,1,0,sleeping,88,35,0,12288,16355,7821
2025-05-20 03:56:02,21177,2043731968,30650368,0.0,0.09184460869201273,0,11,0.0,0.01,0.0,0.0,0.0,9555968,0,6,4,1,0,sleeping,88,35,0,12288,16355,7821
2025-05-20 03:56:03,21177,2043731968,30650368,0.0,0.09184460869201273,0,11,0.0,0.01,0.0,0.0,0.0,9555968,0,6,4,1,0,sleeping,88,35,0,12288,16355,7821
2025-05-20 03:56:04,21177,2043731968,30650368,0.0,0.09184460869201273,0,11,0.0,0.01,0.0,0.0,0.0,9555968,0,6,4,1,0,sleeping,88,35,0,12288,16355,7821
2025-05-20 03:56:05,21177,2043731968,30650368,0.0,0.09184460869201273,0,11,0.0,0.01,0.0,0.0,0.0,9555968,0,6,4,1,0,sleeping,88,35,0,12288,16355,7821
2025-05-20 03:56:06,21177,2043731968,30650368,0.0,0.09184460869201273,0,11,0.0,0.01,0.0,0.0,0.0,9555968,0,6,4,1,0,sleeping,88,35,0,12288,16355,7821
2025-05-20 03:56:07,21177,2043731968,30650368,0.0,0.09184460869201273,0,11,0.0,0.01,0.0,0.0,0.0,9555968,0,6,4,1,0,sleeping,88,35,0,12288,16355,7821
2025-05-20 03:56:08,21177,2043731968,30650368,0.0,0.09184460869201273,0,11,0.0,0.01,0.0,0.0,0.0,9555968,0,6,4,1,0,sleeping,88,35,0,12288,16355,7821
2025-05-20 03:56:10,21177,2043731968,30650368,0.0,0.09184460869201273,0,11,0.0,0.01,0.0,0.0,0.0,9547776,0,6,4,1,0,sleeping,88,35,0,12288,16355,7821
2025-05-20 03:56:11,21177,2043731968,30650368,0.0,0.09184460869201273,0,11,0.0,0.01,0.0,0.0,0.0,9547776,0,6,4,1,0,sleeping,88,35,0,12288,16355,7821
2025-05-20 03:56:12,21177,2043731968,30650368,0.0,0.09184460869201273,0,11,0.0,0.01,0.0,0.0,0.0,9547776,0,6,4,1,0,sleeping,88,35,0,12288,16355,7821
2025-05-20 03:56:13,21177,2043731968,30650368,0.0,0.09184460869201273,0,11,0.0,0.01,0.0,0.0,0.0,9547776,0,6,4,1,0,sleeping,88,35,0,12288,16355,7821
2025-05-20 03:56:14,21177,2043731968,30650368,0.0,0.09184460869201273,0,11,0.0,0.01,0.0,0.0,0.0,9547776,0,6,4,1,0,sleeping,88,35,0,12288,16355,7821
2025-05-20 03:56:15,21177,2043731968,30650368,0.0,0.09184460869201273,0,11,0.0,0.01,0.0,0.0,0.0,9547776,0,6,4,1,0,sleeping,88,35,0,12288,16355,7821
2025-05-20 03:56:16,21177,2043731968,30650368,0.0,0.09184460869201273,0,11,0.0,0.01,0.0,0.0,0.0,9547776,0,6,4,1,0,sleeping,88,35,0,12288,16355,7821
2025-05-20 03:56:17,21177,2043731968,30650368,0.0,0.09184460869201273,0,11,0.0,0.01,0.0,0.0,0.0,9547776,0,6,4,1,0,sleeping,88,35,0,12288,16355,7821
2025-05-20 03:56:19,21177,2043731968,30650368,0.0,0.09184460869201273,0,11,0.0,0.01,0.0,0.0,0.0,9547776,0,6,4,1,0,sleeping,88,35,0,12288,16355,7821
2025-05-20 03:56:20,21177,2043731968,30650368,0.0,0.09184460869201273,0,11,0.0,0.01,0.0,0.0,0.0,9547776,0,6,4,1,0,sleeping,88,35,0,12288,16355,7821
2025-05-20 03:56:21,21177,2043731968,30650368,0.0,0.09184460869201273,0,11,0.0,0.01,0.0,0.0,0.0,9547776,0,6,4,1,0,sleeping,88,35,0,12288,16355,7821
2025-05-20 03:56:22,21177,2043731968,30650368,0.0,0.09184460869201273,0,11,0.0,0.01,0.0,0.0,0.0,9547776,0,6,4,1,0,sleeping,88,35,0,12288,16355,7821
2025-05-20 03:56:23,21177,2043731968,30650368,0.0,0.09184460869201273,0,11,0.0,0.01,0.0,0.0,0.0,9547776,0,6,4,1,0,sleeping,88,35,0,12288,16355,7821
2025-05-20 03:56:24,21177,2043731968,30650368,0.0,0.09184460869201273,0,11,0.0,0.01,0.0,0.0,0.0,9547776,0,6,4,1,0,sleeping,88,35,0,12288,16355,7821
2025-05-20 03:56:25,21177,2043731968,30650368,0.0,0.09184460869201273,0,11,0.0,0.01,0.0,0.0,0.0,9547776,0,6,4,1,0,sleeping,88,35,0,12288,16355,7821
2025-05-20 03:56:27,21177,2043731968,30650368,0.0,0.09184460869201273,0,11,0.0,0.01,0.0,0.0,0.0,9547776,0,6,4,1,0,sleeping,90,36,0,16384,16486,7944
2025-05-20 03:56:28,21177,2043731968,30650368,0.0,0.09184460869201273,0,11,0.0,0.01,0.0,0.0,0.0,9547776,0,6,4,1,0,sleeping,90,36,0,16384,16486,7944
2025-05-20 03:56:29,21177,2043731968,30650368,0.0,0.09184460869201273,0,11,0.0,0.01,0.0,0.0,0.0,9547776,0,6,4,1,0,sleeping,90,36,0,16384,16486,7944
2025-05-20 03:56:30,21177,2043731968,30650368,0.0,0.09184460869201273,0,11,0.0,0.01,0.0,0.0,0.0,9547776,0,6,4,1,0,sleeping,90,36,0,16384,16486,7944
2025-05-20 03:56:31,21177,2043731968,30650368,0.0,0.09184460869201273,0,11,0.0,0.01,0.0,0.0,0.0,9547776,0,6,4,1,0,sleeping,90,36,0,16384,16486,7944
2025-05-20 03:56:32,21177,2043731968,30650368,0.0,0.09184460869201273,0,11,0.0,0.01,0.0,0.0,0.0,9547776,0,6,4,1,0,sleeping,90,36,0,16384,16486,7944
2025-05-20 03:56:33,21177,2043731968,30650368,0.0,0.09184460869201273,0,11,0.0,0.01,0.0,0.0,0.0,9547776,0,6,4,1,0,sleeping,90,36,0,16384,16486,7944
2025-05-20 03:56:34,21177,2043731968,30650368,0.0,0.09184460869201273,0,11,0.0,0.01,0.0,0.0,0.0,9547776,0,6,4,1,0,sleeping,90,36,0,16384,16486,7944
2025-05-20 03:56:36,21177,2043731968,30650368,0.0,0.09184460869201273,0,11,0.0,0.01,0.0,0.0,0.0,9547776,0,6,4,1,0,sleeping,90,36,0,16384,16486,7944
2025-05-20 03:56:37,21177,2043731968,30650368,0.0,0.09184460869201273,0,11,0.0,0.01,0.0,0.0,0.0,9547776,0,6,4,1,0,sleeping,90,36,0,16384,16486,7944
2025-05-20 03:56:38,21177,2043731968,30650368,0.0,0.09184460869201273,0,11,0.0,0.01,0.0,0.0,0.0,9547776,0,6,4,1,0,sleeping,90,36,0,16384,16486,7944
2025-05-20 03:56:40,21177,2043731968,30650368,0.0,0.09184460869201273,0,11,0.0,0.01,0.0,0.0,0.0,9547776,0,6,4,1,0,sleeping,90,36,0,16384,16486,7944
2025-05-20 03:56:41,21177,2043731968,30650368,0.0,0.09184460869201273,0,11,0.0,0.01,0.0,0.0,0.0,9547776,0,6,4,1,0,sleeping,90,36,0,16384,16486,7944
2025-05-20 03:56:42,21177,2043731968,30650368,0.0,0.09184460869201273,0,11,0.0,0.01,0.0,0.0,0.0,9547776,0,6,4,1,0,sleeping,90,36,0,16384,16486,7944
2025-05-20 03:56:43,21177,2043731968,30650368,0.0,0.09184460869201273,0,11,0.0,0.01,0.0,0.0,0.0,9547776,0,6,4,1,0,sleeping,90,36,0,16384,16486,7944
2025-05-20 03:56:44,21177,2043731968,30650368,0.0,0.09184460869201273,0,11,0.0,0.01,0.0,0.0,0.0,9547776,0,6,4,1,0,sleeping,90,36,0,16384,16486,7944
2025-05-20 03:56:45,21177,2043731968,30650368,0.0,0.09184460869201273,0,11,0.0,0.01,0.0,0.0,0.0,9547776,0,6,4,1,0,sleeping,90,36,0,16384,16486,7944
2025-05-20 03:56:46,21177,2043731968,30650368,0.0,0.09184460869201273,0,11,0.0,0.01,0.0,0.0,0.0,9547776,0,6,4,1,0,sleeping,90,36,0,16384,16486,7944
2025-05-20 03:56:47,21177,2043731968,30650368,0.0,0.09184460869201273,0,11,0.0,0.01,0.0,0.0,0.0,9547776,0,6,4,1,0,sleeping,90,36,0,16384,16486,7944
2025-05-20 03:56:48,21177,2043731968,30650368,0.0,0.09184460869201273,0,11,0.0,0.01,0.0,0.0,0.0,9547776,0,6,4,1,0,sleeping,90,36,0,16384,16486,7944
2025-05-20 03:56:49,21177,2043731968,30650368,0.0,0.09184460869201273,0,11,0.0,0.01,0.0,0.0,0.0,9547776,0,6,4,1,0,sleeping,90,36,0,16384,16486,7944
2025-05-20 03:56:50,21177,2043731968,30650368,0.0,0.09184460869201273,0,11,0.0,0.01,0.0,0.0,0.0,9547776,0,6,4,1,0,sleeping,90,36,0,16384,16486,7944
2025-05-20 03:56:51,21177,2043731968,30650368,0.0,0.09184460869201273,0,11,0.0,0.01,0.0,0.0,0.0,9547776,0,6,4,1,0,sleeping,90,36,0,16384,16486,7944
2025-05-20 03:56:53,21177,2043731968,30650368,0.0,0.09184460869201273,0,11,0.0,0.01,0.0,0.0,0.0,9547776,0,6,4,1,0,sleeping,90,36,0,16384,16486,7944
2025-05-20 03:56:54,21177,2043731968,30650368,0.0,0.09184460869201273,0,11,0.0,0.01,0.0,0.0,0.0,9547776,0,6,4,1,0,sleeping,90,36,0,16384,16486,7944
2025-05-20 03:56:56,21177,2044321792,31436800,1.4,0.09420117221852167,0,11,0.02,0.01,0.0,0.0,0.0,10145792,0,6,4,1,0,sleeping,92,37,0,16384,16617,8067
2025-05-20 03:56:57,21177,2044321792,31436800,0.0,0.09420117221852167,0,11,0.02,0.01,0.0,0.0,0.0,10145792,0,6,4,1,0,sleeping,92,37,0,16384,16617,8067
2025-05-20 03:56:58,21177,2044321792,31436800,0.0,0.09420117221852167,0,11,0.02,0.01,0.0,0.0,0.0,10145792,0,6,4,1,0,sleeping,92,37,0,16384,16617,8067
2025-05-20 03:56:59,21177,2044321792,31436800,0.0,0.09420117221852167,0,11,0.02,0.01,0.0,0.0,0.0,10145792,0,6,4,1,0,sleeping,92,37,0,16384,16617,8067
2025-05-20 03:57:00,21177,2044321792,31436800,0.0,0.09420117221852167,0,11,0.02,0.01,0.0,0.0,0.0,10145792,0,6,4,1,0,sleeping,92,37,0,16384,16617,8067
2025-05-20 03:57:01,21177,2044321792,31436800,0.0,0.09420117221852167,0,11,0.02,0.01,0.0,0.0,0.0,10145792,0,6,4,1,0,sleeping,92,37,0,16384,16617,8067
2025-05-20 03:57:02,21177,2044321792,31436800,0.0,0.09420117221852167,0,11,0.02,0.01,0.0,0.0,0.0,10145792,0,6,4,1,0,sleeping,92,37,0,16384,16617,8067
2025-05-20 03:57:03,21177,2044321792,31436800,0.0,0.09420117221852167,0,11,0.02,0.01,0.0,0.0,0.0,10145792,0,6,4,1,0,sleeping,92,37,0,16384,16617,8067
2025-05-20 03:57:04,21177,2044321792,31436800,0.0,0.09420117221852167,0,11,0.02,0.01,0.0,0.0,0.0,10145792,0,6,4,1,0,sleeping,92,37,0,16384,16617,8067
2025-05-20 03:57:06,21177,2044321792,31436800,0.0,0.09420117221852167,0,11,0.02,0.01,0.0,0.0,0.0,10145792,0,6,4,1,0,sleeping,92,37,0,16384,16617,8067
2025-05-20 03:57:07,21177,2044321792,31436800,0.0,0.09420117221852167,0,11,0.02,0.01,0.0,0.0,0.0,10145792,0,6,4,1,0,sleeping,92,37,0,16384,16617,8067
2025-05-20 03:57:08,21177,2044321792,31436800,0.0,0.09420117221852167,0,11,0.02,0.01,0.0,0.0,0.0,10145792,0,6,4,1,0,sleeping,92,37,0,16384,16617,8067
2025-05-20 03:57:09,21177,2044321792,31436800,0.0,0.09420117221852167,0,11,0.02,0.01,0.0,0.0,0.0,10145792,0,6,4,1,0,sleeping,92,37,0,16384,16617,8067
2025-05-20 03:57:10,21177,2044321792,31436800,0.0,0.09420117221852167,0,11,0.02,0.01,0.0,0.0,0.0,10145792,0,6,4,1,0,sleeping,92,37,0,16384,16617,8067
2025-05-20 03:57:11,21177,2044321792,31436800,0.0,0.09420117221852167,0,11,0.02,0.01,0.0,0.0,0.0,10145792,0,6,4,1,0,sleeping,92,37,0,16384,16617,8067
2025-05-20 03:57:13,21177,2044321792,31436800,0.0,0.09420117221852167,0,11,0.02,0.01,0.0,0.0,0.0,10145792,0,6,4,1,0,sleeping,92,37,0,16384,16617,8067
2025-05-20 03:57:14,21177,2044321792,31436800,0.0,0.09420117221852167,0,11,0.02,0.01,0.0,0.0,0.0,10145792,0,6,4,1,0,sleeping,92,37,0,16384,16617,8067
2025-05-20 03:57:15,21177,2044321792,31436800,0.0,0.09420117221852167,0,11,0.02,0.01,0.0,0.0,0.0,10145792,0,6,4,1,0,sleeping,92,37,0,16384,16617,8067
2025-05-20 03:57:16,21177,2044321792,31436800,0.0,0.09420117221852167,0,11,0.02,0.01,0.0,0.0,0.0,10145792,0,6,4,1,0,sleeping,92,37,0,16384,16617,8067
2025-05-20 03:57:18,21177,2044321792,31436800,0.0,0.09420117221852167,0,11,0.02,0.01,0.0,0.0,0.0,10145792,0,6,4,1,0,sleeping,92,37,0,16384,16617,8067
2025-05-20 03:57:19,21177,2044321792,31436800,0.0,0.09420117221852167,0,11,0.02,0.01,0.0,0.0,0.0,10145792,0,6,4,1,0,sleeping,92,37,0,16384,16617,8067
2025-05-20 03:57:20,21177,2044321792,31436800,0.0,0.09420117221852167,0,11,0.02,0.01,0.0,0.0,0.0,10145792,0,6,4,1,0,sleeping,92,37,0,16384,16617,8067
2025-05-20 03:57:21,21177,2044321792,31436800,0.0,0.09420117221852167,0,11,0.02,0.01,0.0,0.0,0.0,10145792,0,6,4,1,0,sleeping,92,37,0,16384,16617,8067
2025-05-20 03:57:22,21177,2044321792,31436800,0.0,0.09420117221852167,0,11,0.02,0.01,0.0,0.0,0.0,10145792,0,6,4,1,0,sleeping,92,37,0,16384,16617,8067
2025-05-20 03:57:23,21177,2044321792,31436800,0.0,0.09420117221852167,0,11,0.02,0.01,0.0,0.0,0.0,10145792,0,6,4,1,0,sleeping,92,37,0,16384,16617,8067
2025-05-20 03:57:24,21177,2044321792,31436800,0.0,0.09420117221852167,0,11,0.02,0.01,0.0,0.0,0.0,10145792,0,6,4,1,0,sleeping,92,37,0,16384,16617,8067
2025-05-20 03:57:25,21177,2044321792,31436800,0.0,0.09420117221852167,0,11,0.02,0.01,0.0,0.0,0.0,10145792,0,6,4,1,0,sleeping,92,37,0,16384,16617,8067
2025-05-20 03:57:26,21177,2044321792,31436800,0.0,0.09420117221852167,0,11,0.02,0.01,0.0,0.0,0.0,10145792,0,7,4,1,0,sleeping,94,38,0,20480,16748,8190
2025-05-20 03:57:28,21177,2044321792,31436800,0.0,0.09420117221852167,0,11,0.02,0.01,0.0,0.0,0.0,10145792,0,7,4,1,0,sleeping,94,38,0,20480,16748,8190
2025-05-20 03:57:29,21177,2044321792,31436800,0.0,0.09420117221852167,0,11,0.02,0.01,0.0,0.0,0.0,10145792,0,7,4,1,0,sleeping,94,38,0,20480,16748,8190
2025-05-20 03:57:30,21177,2044321792,31436800,0.0,0.09420117221852167,0,11,0.02,0.01,0.0,0.0,0.0,10145792,0,7,4,1,0,sleeping,94,38,0,20480,16748,8190
2025-05-20 03:57:31,21177,2044321792,31436800,0.0,0.09420117221852167,0,11,0.02,0.01,0.0,0.0,0.0,10145792,0,7,4,1,0,sleeping,94,38,0,20480,16748,8190
2025-05-20 03:57:32,21177,2044321792,31436800,0.0,0.09420117221852167,0,11,0.02,0.01,0.0,0.0,0.0,10145792,0,7,4,1,0,sleeping,94,38,0,20480,16748,8190
2025-05-20 03:57:33,21177,2044321792,31436800,0.0,0.09420117221852167,0,11,0.02,0.01,0.0,0.0,0.0,10145792,0,7,4,1,0,sleeping,94,38,0,20480,16748,8190
2025-05-20 03:57:34,21177,2044321792,31436800,0.0,0.09420117221852167,0,11,0.02,0.01,0.0,0.0,0.0,10145792,0,7,4,1,0,sleeping,94,38,0,20480,16748,8190
2025-05-20 03:57:35,21177,2044321792,31436800,0.0,0.09420117221852167,0,11,0.02,0.01,0.0,0.0,0.0,10145792,0,7,4,1,0,sleeping,94,38,0,20480,16748,8190
2025-05-20 03:57:37,21177,2044321792,31436800,0.0,0.09420117221852167,0,11,0.02,0.01,0.0,0.0,0.0,10145792,0,7,4,1,0,sleeping,94,38,0,20480,16748,8190
2025-05-20 03:57:38,21177,2044321792,31436800,0.0,0.09420117221852167,0,11,0.02,0.01,0.0,0.0,0.0,10145792,0,7,4,1,0,sleeping,94,38,0,20480,16748,8190
2025-05-20 03:57:39,21177,2044321792,31436800,0.0,0.09420117221852167,0,11,0.02,0.01,0.0,0.0,0.0,10145792,0,7,4,1,0,sleeping,94,38,0,20480,16748,8190
2025-05-20 03:57:40,21177,2044321792,31436800,0.0,0.09420117221852167,0,11,0.02,0.01,0.0,0.0,0.0,10145792,0,7,4,1,0,sleeping,94,38,0,20480,16748,8190
2025-05-20 03:57:41,21177,2044321792,31436800,0.0,0.09420117221852167,0,11,0.02,0.01,0.0,0.0,0.0,10145792,0,7,4,1,0,sleeping,94,38,0,20480,16748,8190
2025-05-20 03:57:42,21177,2044321792,31436800,0.0,0.09420117221852167,0,11,0.02,0.01,0.0,0.0,0.0,10145792,0,7,4,1,0,sleeping,94,38,0,20480,16748,8190
2025-05-20 03:57:43,21177,2044321792,31436800,0.0,0.09420117221852167,0,11,0.02,0.01,0.0,0.0,0.0,10145792,0,7,4,1,0,sleeping,94,38,0,20480,16748,8190
2025-05-20 03:57:44,21177,2044321792,31436800,0.0,0.09420117221852167,0,11,0.02,0.01,0.0,0.0,0.0,10145792,0,7,4,1,0,sleeping,94,38,0,20480,16748,8190
2025-05-20 03:57:46,21177,2044321792,31436800,0.0,0.09420117221852167,0,11,0.02,0.01,0.0,0.0,0.0,10145792,0,7,4,1,0,sleeping,94,38,0,20480,16748,8190
2025-05-20 03:57:47,21177,2044321792,31436800,0.0,0.09420117221852167,0,11,0.02,0.01,0.0,0.0,0.0,10145792,0,7,4,1,0,sleeping,94,38,0,20480,16748,8190
2025-05-20 03:57:48,21177,2044321792,31436800,0.0,0.09420117221852167,0,11,0.02,0.01,0.0,0.0,0.0,10145792,0,7,4,1,0,sleeping,94,38,0,20480,16748,8190
2025-05-20 03:57:49,21177,2044321792,31436800,0.0,0.09420117221852167,0,11,0.02,0.01,0.0,0.0,0.0,10145792,0,7,4,1,0,sleeping,94,38,0,20480,16748,8190
2025-05-20 03:57:50,21177,2044321792,31436800,0.0,0.09420117221852167,0,11,0.02,0.01,0.0,0.0,0.0,10145792,0,7,4,1,0,sleeping,94,38,0,20480,16748,8190
2025-05-20 03:57:51,21177,2044321792,31436800,0.0,0.09420117221852167,0,11,0.02,0.01,0.0,0.0,0.0,10145792,0,7,4,1,0,sleeping,94,38,0,20480,16748,8190
2025-05-20 03:57:52,21177,2044321792,31436800,0.0,0.09420117221852167,0,11,0.02,0.01,0.0,0.0,0.0,10145792,0,7,4,1,0,sleeping,94,38,0,20480,16748,8190
2025-05-20 03:57:53,21177,2044321792,31436800,0.0,0.09420117221852167,0,11,0.02,0.01,0.0,0.0,0.0,10145792,0,7,4,1,0,sleeping,94,38,0,20480,16748,8190
2025-05-20 03:57:55,21177,2044321792,31436800,0.0,0.09420117221852167,0,11,0.02,0.01,0.0,0.0,0.0,10145792,0,7,4,1,0,sleeping,94,38,0,20480,16748,8190
2025-05-20 03:57:56,21177,2044321792,31436800,0.0,0.09420117221852167,0,11,0.02,0.01,0.0,0.0,0.0,10145792,0,7,4,1,0,sleeping,94,38,0,20480,16748,8190
2025-05-20 03:57:57,21177,2044321792,31436800,0.0,0.09420117221852167,0,11,0.02,0.01,0.0,0.0,0.0,10145792,0,7,4,1,0,sleeping,96,39,0,20480,16879,8313
2025-05-20 03:57:58,21177,2044321792,31436800,0.0,0.09420117221852167,0,11,0.02,0.01,0.0,0.0,0.0,10145792,0,7,4,1,0,sleeping,96,39,0,20480,16879,8313
2025-05-20 03:57:59,21177,2044321792,31436800,0.0,0.09420117221852167,0,11,0.02,0.01,0.0,0.0,0.0,10145792,0,7,4,1,0,sleeping,96,39,0,20480,16879,8313
2025-05-20 03:58:00,21177,2044321792,31436800,0.0,0.09420117221852167,0,11,0.02,0.01,0.0,0.0,0.0,10145792,0,7,4,1,0,sleeping,96,39,0,20480,16879,8313
2025-05-20 03:58:01,21177,2044321792,31436800,0.0,0.09420117221852167,0,11,0.02,0.01,0.0,0.0,0.0,10145792,0,7,4,1,0,sleeping,96,39,0,20480,16879,8313
2025-05-20 03:58:02,21177,2044321792,31436800,0.0,0.09420117221852167,0,11,0.02,0.01,0.0,0.0,0.0,10145792,0,7,4,1,0,sleeping,96,39,0,20480,16879,8313
2025-05-20 03:58:04,21177,2044321792,31436800,0.0,0.09420117221852167,0,11,0.02,0.01,0.0,0.0,0.0,10145792,0,7,4,1,0,sleeping,96,39,0,20480,16879,8313
2025-05-20 03:58:05,21177,2044321792,31436800,0.0,0.09420117221852167,0,11,0.02,0.01,0.0,0.0,0.0,10145792,0,7,4,1,0,sleeping,96,39,0,20480,16879,8313
2025-05-20 03:58:06,21177,2044321792,31436800,0.0,0.09420117221852167,0,11,0.02,0.01,0.0,0.0,0.0,10145792,0,7,4,1,0,sleeping,96,39,0,20480,16879,8313
2025-05-20 03:58:07,21177,2044321792,31436800,0.0,0.09420117221852167,0,11,0.02,0.01,0.0,0.0,0.0,10145792,0,7,4,1,0,sleeping,96,39,0,20480,16879,8313
2025-05-20 03:58:09,21177,2044321792,31436800,0.0,0.09420117221852167,0,11,0.02,0.01,0.0,0.0,0.0,10145792,0,7,4,1,0,sleeping,96,39,0,20480,16879,8313
2025-05-20 03:58:10,21177,2044321792,31436800,0.0,0.09420117221852167,0,11,0.02,0.01,0.0,0.0,0.0,10145792,0,7,4,1,0,sleeping,96,39,0,20480,16879,8313
2025-05-20 03:58:11,21177,2044321792,31436800,0.0,0.09420117221852167,0,11,0.02,0.01,0.0,0.0,0.0,10145792,0,7,4,1,0,sleeping,96,39,0,20480,16879,8313
2025-05-20 03:58:12,21177,2044321792,31436800,0.0,0.09420117221852167,0,11,0.02,0.01,0.0,0.0,0.0,10145792,0,7,4,1,0,sleeping,96,39,0,20480,16879,8313
2025-05-20 03:58:13,21177,2044321792,31436800,0.0,0.09420117221852167,0,11,0.02,0.01,0.0,0.0,0.0,10145792,0,7,4,1,0,sleeping,96,39,0,20480,16879,8313
2025-05-20 03:58:14,21177,2044321792,31436800,0.0,0.09420117221852167,0,11,0.02,0.01,0.0,0.0,0.0,10145792,0,7,4,1,0,sleeping,96,39,0,20480,16879,8313
2025-05-20 03:58:15,21177,2044321792,31436800,0.0,0.09420117221852167,0,11,0.02,0.01,0.0,0.0,0.0,10145792,0,7,4,1,0,sleeping,96,39,0,20480,16879,8313
2025-05-20 03:58:16,21177,2044321792,31436800,0.0,0.09420117221852167,0,11,0.02,0.01,0.0,0.0,0.0,10145792,0,7,4,1,0,sleeping,96,39,0,20480,16879,8313
2025-05-20 03:58:17,21177,2044321792,31436800,0.0,0.09420117221852167,0,11,0.02,0.01,0.0,0.0,0.0,10145792,0,7,4,1,0,sleeping,96,39,0,20480,16879,8313
2025-05-20 03:58:18,21177,2044321792,31436800,0.0,0.09420117221852167,0,11,0.02,0.01,0.0,0.0,0.0,10145792,0,7,4,1,0,sleeping,96,39,0,20480,16879,8313
2025-05-20 03:58:19,21177,2044321792,31436800,0.0,0.09420117221852167,0,11,0.02,0.01,0.0,0.0,0.0,10145792,0,7,4,1,0,sleeping,96,39,0,20480,16879,8313
2025-05-20 03:58:21,21177,2044321792,31436800,0.0,0.09420117221852167,0,11,0.02,0.01,0.0,0.0,0.0,10145792,0,7,4,1,0,sleeping,96,39,0,20480,16879,8313
2025-05-20 03:58:22,21177,2044321792,31436800,0.0,0.09420117221852167,0,11,0.02,0.01,0.0,0.0,0.0,10145792,0,7,4,1,0,sleeping,96,39,0,20480,16879,8313
2025-05-20 03:58:23,21177,2044321792,31436800,0.0,0.09420117221852167,0,11,0.02,0.01,0.0,0.0,0.0,10145792,0,7,4,1,0,sleeping,96,39,0,20480,16879,8313
2025-05-20 03:58:25,21177,2044321792,31436800,0.0,0.09420117221852167,0,11,0.02,0.01,0.0,0.0,0.0,10145792,0,7,4,1,0,sleeping,96,39,0,20480,16879,8313
2025-05-20 03:58:26,21177,2044321792,31436800,0.0,0.09420117221852167,0,11,0.02,0.01,0.0,0.0,0.0,10145792,0,7,4,1,0,sleeping,96,39,0,20480,16879,8313
2025-05-20 03:58:27,21177,2044321792,31436800,0.0,0.09420117221852167,0,11,0.02,0.01,0.0,0.0,0.0,10145792,0,7,4,1,0,sleeping,96,39,0,20480,16879,8313
2025-05-20 03:58:28,21177,2044321792,31436800,0.0,0.09420117221852167,0,11,0.02,0.01,0.0,0.0,0.0,10145792,0,7,4,1,0,sleeping,96,39,0,20480,16879,8313
2025-05-20 03:58:29,21177,2044321792,31436800,0.0,0.09420117221852167,0,11,0.02,0.01,0.0,0.0,0.0,10145792,0,7,4,1,0,sleeping,96,39,0,20480,16879,8313
2025-05-20 03:58:30,21177,2044321792,31436800,0.0,0.09420117221852167,0,11,0.02,0.01,0.0,0.0,0.0,10145792,0,7,4,1,0,sleeping,96,39,0,20480,16879,8313
2025-05-20 03:58:31,21177,2044321792,31436800,0.0,0.09420117221852167,0,11,0.02,0.01,0.0,0.0,0.0,10145792,0,7,4,1,0,sleeping,96,39,0,20480,16879,8313
2025-05-20 03:58:32,21177,2044321792,31436800,0.0,0.09420117221852167,0,11,0.02,0.01,0.0,0.0,0.0,10145792,0,7,4,1,0,sleeping,96,39,0,20480,16879,8313
2025-05-20 03:58:33,21177,2044321792,31436800,0.0,0.09420117221852167,0,11,0.02,0.01,0.0,0.0,0.0,10145792,0,7,4,1,0,sleeping,96,39,0,20480,16879,8313
2025-05-20 03:58:34,21177,2044321792,31436800,0.0,0.09420117221852167,0,11,0.02,0.01,0.0,0.0,0.0,10145792,0,7,4,1,0,sleeping,96,39,0,20480,16879,8313
2025-05-20 03:58:35,21177,2044321792,31436800,0.0,0.09420117221852167,0,11,0.02,0.01,0.0,0.0,0.0,10145792,0,7,4,1,0,sleeping,96,39,0,20480,16879,8313
2025-05-20 03:58:37,21177,2044321792,31436800,0.0,0.09420117221852167,0,11,0.02,0.01,0.0,0.0,0.0,10145792,0,7,4,1,0,sleeping,98,40,0,24576,17010,8436
2025-05-20 03:58:38,21177,2044321792,31436800,0.0,0.09420117221852167,0,11,0.02,0.01,0.0,0.0,0.0,10145792,0,7,4,1,0,sleeping,98,40,0,24576,17010,8436
2025-05-20 03:58:39,21177,2044321792,31436800,0.0,0.09420117221852167,0,11,0.02,0.01,0.0,0.0,0.0,10145792,0,7,4,1,0,sleeping,98,40,0,24576,17010,8436
2025-05-20 03:58:40,21177,2044321792,31436800,0.0,0.09420117221852167,0,11,0.02,0.01,0.0,0.0,0.0,10145792,0,7,4,1,0,sleeping,98,40,0,24576,17010,8436
2025-05-20 03:58:42,21177,2044321792,31436800,0.0,0.09420117221852167,0,11,0.02,0.01,0.0,0.0,0.0,10145792,0,7,4,1,0,sleeping,98,40,0,24576,17010,8436
2025-05-20 03:58:43,21177,2044321792,31436800,0.0,0.09420117221852167,0,11,0.02,0.01,0.0,0.0,0.0,10145792,0,7,4,1,0,sleeping,98,40,0,24576,17010,8436
2025-05-20 03:58:44,21177,2044321792,31436800,0.0,0.09420117221852167,0,11,0.02,0.01,0.0,0.0,0.0,10145792,0,7,4,1,0,sleeping,98,40,0,24576,17010,8436
2025-05-20 03:58:45,21177,2044321792,31436800,0.0,0.09420117221852167,0,11,0.02,0.01,0.0,0.0,0.0,10145792,0,7,4,1,0,sleeping,98,40,0,24576,17010,8436
2025-05-20 03:58:46,21177,2044321792,31436800,0.0,0.09420117221852167,0,11,0.02,0.01,0.0,0.0,0.0,10145792,0,7,4,1,0,sleeping,98,40,0,24576,17010,8436
2025-05-20 03:58:47,21177,2044321792,31436800,0.0,0.09420117221852167,0,11,0.02,0.01,0.0,0.0,0.0,10145792,0,7,4,1,0,sleeping,98,40,0,24576,17010,8436
2025-05-20 03:58:48,21177,2044321792,31436800,0.0,0.09420117221852167,0,11,0.02,0.01,0.0,0.0,0.0,10145792,0,7,4,1,0,sleeping,98,40,0,24576,17010,8436
2025-05-20 03:58:49,21177,2044321792,31436800,0.0,0.09420117221852167,0,11,0.02,0.01,0.0,0.0,0.0,10145792,0,7,4,1,0,sleeping,98,40,0,24576,17010,8436
2025-05-20 03:58:50,21177,2044321792,31436800,0.0,0.09420117221852167,0,11,0.02,0.01,0.0,0.0,0.0,10145792,0,7,4,1,0,sleeping,98,40,0,24576,17010,8436
2025-05-20 03:58:51,21177,2044321792,31436800,0.0,0.09420117221852167,0,11,0.02,0.01,0.0,0.0,0.0,10145792,0,7,4,1,0,sleeping,98,40,0,24576,17010,8436
2025-05-20 03:58:52,21177,2044321792,31436800,0.0,0.09420117221852167,0,11,0.02,0.01,0.0,0.0,0.0,10145792,0,7,4,1,0,sleeping,98,40,0,24576,17010,8436
2025-05-20 03:58:53,21177,2044321792,31436800,0.0,0.09420117221852167,0,11,0.02,0.01,0.0,0.0,0.0,10145792,0,7,4,1,0,sleeping,98,40,0,24576,17010,8436
2025-05-20 03:58:54,21177,2044321792,31436800,0.0,0.09420117221852167,0,11,0.02,0.01,0.0,0.0,0.0,10145792,0,7,4,1,0,sleeping,98,40,0,24576,17010,8436
2025-05-20 03:58:56,21177,2044321792,31436800,0.0,0.09420117221852167,0,11,0.02,0.01,0.0,0.0,0.0,10145792,0,7,4,1,0,sleeping,98,40,0,24576,17010,8436
2025-05-20 03:58:57,21177,2044321792,31436800,0.0,0.09420117221852167,0,11,0.02,0.01,0.0,0.0,0.0,10145792,0,7,4,1,0,sleeping,98,40,0,24576,17010,8436
2025-05-20 03:58:59,21177,2044321792,31436800,0.0,0.09420117221852167,0,11,0.02,0.01,0.0,0.0,0.0,10145792,0,7,4,1,0,sleeping,98,40,0,24576,17010,8436
2025-05-20 03:59:00,21177,2044321792,31436800,0.0,0.09420117221852167,0,11,0.02,0.01,0.0,0.0,0.0,10145792,0,7,4,1,0,sleeping,98,40,0,24576,17010,8436
2025-05-20 03:59:01,21177,2044321792,31436800,0.0,0.09420117221852167,0,11,0.02,0.01,0.0,0.0,0.0,10145792,0,7,4,1,0,sleeping,98,40,0,24576,17010,8436
2025-05-20 03:59:02,21177,2044321792,31436800,0.0,0.09420117221852167,0,11,0.02,0.01,0.0,0.0,0.0,10145792,0,7,4,1,0,sleeping,98,40,0,24576,17010,8436
2025-05-20 03:59:03,21177,2044321792,31436800,0.0,0.09420117221852167,0,11,0.02,0.01,0.0,0.0,0.0,10145792,0,7,4,1,0,sleeping,98,40,0,24576,17010,8436
2025-05-20 03:59:04,21177,2044321792,31436800,0.0,0.09420117221852167,0,11,0.02,0.01,0.0,0.0,0.0,10145792,0,7,4,1,0,sleeping,98,40,0,24576,17010,8436
2025-05-20 03:59:05,21177,2044321792,31436800,0.0,0.09420117221852167,0,11,0.02,0.01,0.0,0.0,0.0,10145792,0,7,4,1,0,sleeping,98,40,0,24576,17010,8436
2025-05-20 03:59:06,21177,2044321792,31436800,0.0,0.09420117221852167,0,11,0.02,0.01,0.0,0.0,0.0,10231808,0,6,3,1,0,sleeping,100,41,0,24576,17141,8559
2025-05-20 03:59:07,21177,2044321792,31436800,0.0,0.09420117221852167,0,11,0.02,0.01,0.0,0.0,0.0,10231808,0,6,3,1,0,sleeping,100,41,0,24576,17141,8559
2025-05-20 03:59:08,21177,2044321792,31436800,0.0,0.09420117221852167,0,11,0.02,0.01,0.0,0.0,0.0,10231808,0,6,3,1,0,sleeping,100,41,0,24576,17141,8559
2025-05-20 03:59:09,21177,2044321792,31436800,0.0,0.09420117221852167,0,11,0.02,0.01,0.0,0.0,0.0,10231808,0,6,3,1,0,sleeping,100,41,0,24576,17141,8559
2025-05-20 03:59:10,21177,2044321792,31436800,0.0,0.09420117221852167,0,11,0.02,0.01,0.0,0.0,0.0,10231808,0,6,3,1,0,sleeping,100,41,0,24576,17141,8559
2025-05-20 03:59:12,21177,2044321792,31436800,0.0,0.09420117221852167,0,11,0.02,0.01,0.0,0.0,0.0,10231808,0,6,3,1,0,sleeping,100,41,0,24576,17141,8559
2025-05-20 03:59:13,21177,2044321792,31436800,0.0,0.09420117221852167,0,11,0.02,0.01,0.0,0.0,0.0,10231808,0,6,3,1,0,sleeping,100,41,0,24576,17141,8559
2025-05-20 03:59:14,21177,2044321792,31436800,0.0,0.09420117221852167,0,11,0.02,0.01,0.0,0.0,0.0,10231808,0,6,3,1,0,sleeping,100,41,0,24576,17141,8559
2025-05-20 03:59:15,21177,2044321792,31436800,0.0,0.09420117221852167,0,11,0.02,0.01,0.0,0.0,0.0,10231808,0,6,3,1,0,sleeping,100,41,0,24576,17141,8559
2025-05-20 03:59:16,21177,2044321792,31436800,0.0,0.09420117221852167,0,11,0.02,0.01,0.0,0.0,0.0,10170368,0,6,3,1,0,sleeping,100,41,0,24576,17141,8559
2025-05-20 03:59:17,21177,2044321792,31436800,0.0,0.09420117221852167,0,11,0.02,0.01,0.0,0.0,0.0,10170368,0,6,3,1,0,sleeping,100,41,0,24576,17141,8559
2025-05-20 03:59:19,21177,2044321792,31436800,0.0,0.09420117221852167,0,11,0.02,0.01,0.0,0.0,0.0,10170368,0,6,3,1,0,sleeping,100,41,0,24576,17141,8559
2025-05-20 03:59:20,21177,2044321792,31436800,0.0,0.09420117221852167,0,11,0.02,0.01,0.0,0.0,0.0,10170368,0,6,3,1,0,sleeping,100,41,0,24576,17141,8559
2025-05-20 03:59:21,21177,2044321792,31436800,0.0,0.09420117221852167,0,11,0.02,0.01,0.0,0.0,0.0,10170368,0,6,3,1,0,sleeping,100,41,0,24576,17141,8559
2025-05-20 03:59:22,21177,2044321792,31436800,0.0,0.09420117221852167,0,11,0.02,0.01,0.0,0.0,0.0,10170368,0,6,3,1,0,sleeping,100,41,0,24576,17141,8559
2025-05-20 03:59:23,21177,2044321792,31436800,0.0,0.09420117221852167,0,11,0.02,0.01,0.0,0.0,0.0,10170368,0,6,3,1,0,sleeping,100,41,0,24576,17141,8559
2025-05-20 03:59:24,21177,2044321792,31436800,0.0,0.09420117221852167,0,11,0.02,0.01,0.0,0.0,0.0,10170368,0,6,3,1,0,sleeping,100,41,0,24576,17141,8559
2025-05-20 03:59:25,21177,2044321792,31436800,0.0,0.09420117221852167,0,11,0.02,0.01,0.0,0.0,0.0,10170368,0,6,3,1,0,sleeping,100,41,0,24576,17141,8559
2025-05-20 03:59:26,21177,2044321792,31436800,0.0,0.09420117221852167,0,11,0.02,0.01,0.0,0.0,0.0,10170368,0,6,3,1,0,sleeping,100,41,0,24576,17141,8559
2025-05-20 03:59:28,21177,2044321792,31436800,0.0,0.09420117221852167,0,11,0.02,0.01,0.0,0.0,0.0,10170368,0,6,3,1,0,sleeping,100,41,0,24576,17141,8559
2025-05-20 03:59:29,21177,2044321792,31436800,0.0,0.09420117221852167,0,11,0.02,0.01,0.0,0.0,0.0,10170368,0,6,3,1,0,sleeping,100,41,0,24576,17141,8559
2025-05-20 03:59:30,21177,2044321792,31436800,0.0,0.09420117221852167,0,11,0.02,0.01,0.0,0.0,0.0,10170368,0,6,3,1,0,sleeping,100,41,0,24576,17141,8559
2025-05-20 03:59:31,21177,2044321792,31436800,0.0,0.09420117221852167,0,11,0.02,0.01,0.0,0.0,0.0,10170368,0,6,3,1,0,sleeping,100,41,0,24576,17141,8559
2025-05-20 03:59:32,21177,2044321792,31436800,0.0,0.09420117221852167,0,11,0.02,0.01,0.0,0.0,0.0,10170368,0,6,3,1,0,sleeping,100,41,0,24576,17141,8559
2025-05-20 03:59:33,21177,2044321792,31436800,0.0,0.09420117221852167,0,11,0.02,0.01,0.0,0.0,0.0,10170368,0,6,3,1,0,sleeping,100,41,0,24576,17141,8559
2025-05-20 03:59:34,21177,2044321792,31436800,0.0,0.09420117221852167,0,11,0.02,0.01,0.0,0.0,0.0,10170368,0,6,3,1,0,sleeping,100,41,0,24576,17141,8559
2025-05-20 03:59:35,21177,2044321792,31436800,0.0,0.09420117221852167,0,11,0.02,0.01,0.0,0.0,0.0,10170368,0,6,3,1,0,sleeping,100,41,0,24576,17141,8559
2025-05-20 03:59:37,21177,2044321792,31019008,0.0,0.0929492478450638,0,11,0.02,0.01,0.0,0.0,0.0,9613312,0,7,4,1,0,sleeping,103,43,0,28672,17280,8690
2025-05-20 03:59:38,21177,2044321792,31019008,0.0,0.0929492478450638,0,11,0.02,0.01,0.0,0.0,0.0,9613312,0,7,4,1,0,sleeping,103,43,0,28672,17280,8690
2025-05-20 03:59:39,21177,2044321792,31019008,0.0,0.0929492478450638,0,11,0.02,0.01,0.0,0.0,0.0,9613312,0,7,4,1,0,sleeping,103,43,0,28672,17280,8690
2025-05-20 03:59:40,21177,2044321792,31019008,0.0,0.0929492478450638,0,11,0.02,0.01,0.0,0.0,0.0,9613312,0,7,4,1,0,sleeping,103,43,0,28672,17280,8690
2025-05-20 03:59:41,21177,2044321792,31019008,0.0,0.0929492478450638,0,11,0.02,0.01,0.0,0.0,0.0,9613312,0,7,4,1,0,sleeping,103,43,0,28672,17280,8690
2025-05-20 03:59:43,21177,2044321792,31019008,0.0,0.0929492478450638,0,11,0.02,0.01,0.0,0.0,0.0,9613312,0,7,4,1,0,sleeping,103,43,0,28672,17280,8690
2025-05-20 03:59:44,21177,2044321792,31019008,0.0,0.0929492478450638,0,11,0.02,0.01,0.0,0.0,0.0,9613312,0,7,4,1,0,sleeping,103,43,0,28672,17280,8690
2025-05-20 03:59:45,21177,2044321792,31019008,0.0,0.0929492478450638,0,11,0.02,0.01,0.0,0.0,0.0,9613312,0,7,4,1,0,sleeping,103,43,0,28672,17280,8690
2025-05-20 03:59:46,21177,2044321792,31019008,0.0,0.0929492478450638,0,11,0.02,0.01,0.0,0.0,0.0,9613312,0,7,4,1,0,sleeping,103,43,0,28672,17280,8690
2025-05-20 03:59:47,21177,2044321792,31019008,0.0,0.0929492478450638,0,11,0.02,0.01,0.0,0.0,0.0,9613312,0,7,4,1,0,sleeping,103,43,0,28672,17280,8690
2025-05-20 03:59:48,21177,2044321792,31019008,0.0,0.0929492478450638,0,11,0.02,0.01,0.0,0.0,0.0,9613312,0,7,4,1,0,sleeping,103,43,0,28672,17280,8690
2025-05-20 03:59:49,21177,2044321792,31019008,0.0,0.0929492478450638,0,11,0.02,0.01,0.0,0.0,0.0,9613312,0,7,4,1,0,sleeping,103,43,0,28672,17280,8690
2025-05-20 03:59:50,21177,2044321792,31019008,0.0,0.0929492478450638,0,11,0.02,0.01,0.0,0.0,0.0,9613312,0,7,4,1,0,sleeping,103,43,0,28672,17280,8690
2025-05-20 03:59:51,21177,2044321792,31019008,0.0,0.0929492478450638,0,11,0.02,0.01,0.0,0.0,0.0,9613312,0,7,4,1,0,sleeping,103,43,0,28672,17280,8690
2025-05-20 03:59:52,21177,2044321792,31019008,0.0,0.0929492478450638,0,11,0.02,0.01,0.0,0.0,0.0,9613312,0,7,4,1,0,sleeping,103,43,0,28672,17280,8690
2025-05-20 03:59:54,21177,2044321792,31019008,0.0,0.0929492478450638,0,11,0.02,0.01,0.0,0.0,0.0,9613312,0,7,4,1,0,sleeping,103,43,0,28672,17280,8690
2025-05-20 03:59:55,21177,2044321792,31019008,0.0,0.0929492478450638,0,11,0.02,0.01,0.0,0.0,0.0,9613312,0,7,4,1,0,sleeping,103,43,0,28672,17280,8690
2025-05-20 03:59:56,21177,2044321792,31019008,0.0,0.0929492478450638,0,11,0.02,0.01,0.0,0.0,0.0,9613312,0,7,4,1,0,sleeping,103,43,0,28672,17280,8690
2025-05-20 03:59:57,21177,2044321792,31019008,0.0,0.0929492478450638,0,11,0.02,0.01,0.0,0.0,0.0,9613312,0,7,4,1,0,sleeping,103,43,0,28672,17280,8690
2025-05-20 03:59:58,21177,2044321792,31019008,0.0,0.0929492478450638,0,11,0.02,0.01,0.0,0.0,0.0,9613312,0,7,4,1,0,sleeping,103,43,0,28672,17280,8690
2025-05-20 04:00:00,21177,2044321792,31019008,0.0,0.0929492478450638,0,11,0.02,0.01,0.0,0.0,0.0,9613312,0,7,4,1,0,sleeping,103,43,0,28672,17280,8690
2025-05-20 04:00:01,21177,2044321792,31019008,0.0,0.0929492478450638,0,11,0.02,0.01,0.0,0.0,0.0,9613312,0,7,4,1,0,sleeping,103,43,0,28672,17280,8690
2025-05-20 04:00:02,21177,2044321792,31019008,0.0,0.0929492478450638,0,11,0.02,0.01,0.0,0.0,0.0,9613312,0,7,4,1,0,sleeping,103,43,0,28672,17280,8690
2025-05-20 04:00:03,21177,2044321792,31019008,0.0,0.0929492478450638,0,11,0.02,0.01,0.0,0.0,0.0,9613312,0,7,4,1,0,sleeping,103,43,0,28672,17280,8690
2025-05-20 04:00:04,21177,2044321792,31019008,0.0,0.0929492478450638,0,11,0.02,0.01,0.0,0.0,0.0,9613312,0,7,4,1,0,sleeping,103,43,0,28672,17280,8690
2025-05-20 04:00:05,21177,2044321792,31019008,0.0,0.0929492478450638,0,11,0.02,0.01,0.0,0.0,0.0,9613312,0,7,4,1,0,sleeping,103,43,0,28672,17280,8690
2025-05-20 04:00:06,21177,2044321792,31019008,0.0,0.0929492478450638,0,11,0.02,0.01,0.0,0.0,0.0,9613312,0,7,4,1,0,sleeping,105,44,0,28672,17411,8813
2025-05-20 04:00:07,21177,2044321792,31019008,0.0,0.0929492478450638,0,11,0.02,0.01,0.0,0.0,0.0,9613312,0,7,4,1,0,sleeping,105,44,0,28672,17411,8813
2025-05-20 04:00:08,21177,2044321792,31019008,0.0,0.0929492478450638,0,11,0.02,0.01,0.0,0.0,0.0,9613312,0,7,4,1,0,sleeping,105,44,0,28672,17411,8813
2025-05-20 04:00:09,21177,2044321792,31019008,0.0,0.0929492478450638,0,11,0.02,0.01,0.0,0.0,0.0,9613312,0,7,4,1,0,sleeping,105,44,0,28672,17411,8813
2025-05-20 04:00:10,21177,2044321792,31019008,0.0,0.0929492478450638,0,11,0.02,0.01,0.0,0.0,0.0,9613312,0,7,4,1,0,sleeping,105,44,0,28672,17411,8813
2025-05-20 04:00:11,21177,2044321792,31019008,0.0,0.0929492478450638,0,11,0.02,0.01,0.0,0.0,0.0,9613312,0,7,4,1,0,sleeping,105,44,0,28672,17411,8813
2025-05-20 04:00:13,21177,2044321792,31019008,0.0,0.0929492478450638,0,11,0.02,0.01,0.0,0.0,0.0,9613312,0,7,4,1,0,sleeping,105,44,0,28672,17411,8813
2025-05-20 04:00:14,21177,2044321792,31019008,0.0,0.0929492478450638,0,11,0.02,0.01,0.0,0.0,0.0,9613312,0,7,4,1,0,sleeping,105,44,0,28672,17411,8813
2025-05-20 04:00:16,21177,2044321792,31019008,0.0,0.0929492478450638,0,11,0.02,0.01,0.0,0.0,0.0,9613312,0,7,4,1,0,sleeping,105,44,0,28672,17411,8813
2025-05-20 04:00:17,21177,2044321792,31019008,0.0,0.0929492478450638,0,11,0.02,0.01,0.0,0.0,0.0,9613312,0,7,4,1,0,sleeping,105,44,0,28672,17411,8813
2025-05-20 04:00:18,21177,2044321792,31019008,0.0,0.0929492478450638,0,11,0.02,0.01,0.0,0.0,0.0,9613312,0,7,4,1,0,sleeping,105,44,0,28672,17411,8813
2025-05-20 04:00:19,21177,2044321792,31019008,0.0,0.0929492478450638,0,11,0.02,0.01,0.0,0.0,0.0,9613312,0,7,4,1,0,sleeping,105,44,0,28672,17411,8813
2025-05-20 04:00:20,21177,2044321792,31019008,0.0,0.0929492478450638,0,11,0.02,0.01,0.0,0.0,0.0,9613312,0,7,4,1,0,sleeping,105,44,0,28672,17411,8813
2025-05-20 04:00:21,21177,2044321792,31019008,0.0,0.0929492478450638,0,11,0.02,0.01,0.0,0.0,0.0,9613312,0,7,4,1,0,sleeping,105,44,0,28672,17411,8813
2025-05-20 04:00:22,21177,2044321792,31019008,0.0,0.0929492478450638,0,11,0.02,0.01,0.0,0.0,0.0,9613312,0,7,4,1,0,sleeping,105,44,0,28672,17411,8813
2025-05-20 04:00:23,21177,2044321792,31019008,0.0,0.0929492478450638,0,11,0.02,0.01,0.0,0.0,0.0,9613312,0,7,4,1,0,sleeping,105,44,0,28672,17411,8813
2025-05-20 04:00:24,21177,2044321792,31019008,0.0,0.0929492478450638,0,11,0.02,0.01,0.0,0.0,0.0,9613312,0,7,4,1,0,sleeping,105,44,0,28672,17411,8813
2025-05-20 04:00:25,21177,2044321792,31019008,0.0,0.0929492478450638,0,11,0.02,0.01,0.0,0.0,0.0,9613312,0,7,4,1,0,sleeping,105,44,0,28672,17411,8813
2025-05-20 04:00:26,21177,2044321792,31019008,0.0,0.0929492478450638,0,11,0.02,0.01,0.0,0.0,0.0,9613312,0,7,4,1,0,sleeping,105,44,0,28672,17411,8813
2025-05-20 04:00:27,21177,2044321792,31019008,0.0,0.0929492478450638,0,11,0.02,0.01,0.0,0.0,0.0,9613312,0,7,4,1,0,sleeping,105,44,0,28672,17411,8813
2025-05-20 04:00:28,21177,2044321792,31019008,0.0,0.0929492478450638,0,11,0.02,0.01,0.0,0.0,0.0,9613312,0,7,4,1,0,sleeping,105,44,0,28672,17411,8813
2025-05-20 04:00:29,21177,2044321792,31019008,0.0,0.0929492478450638,0,11,0.02,0.01,0.0,0.0,0.0,9613312,0,7,4,1,0,sleeping,105,44,0,28672,17411,8813
2025-05-20 04:00:31,21177,2044321792,31019008,0.0,0.0929492478450638,0,11,0.02,0.01,0.0,0.0,0.0,9613312,0,7,4,1,0,sleeping,105,44,0,28672,17411,8813
2025-05-20 04:00:32,21177,2044321792,31019008,0.0,0.0929492478450638,0,11,0.02,0.01,0.0,0.0,0.0,9613312,0,7,4,1,0,sleeping,105,44,0,28672,17411,8813
2025-05-20 04:00:34,21177,2044321792,31019008,0.0,0.0929492478450638,0,11,0.02,0.01,0.0,0.0,0.0,9613312,0,7,4,1,0,sleeping,105,44,0,28672,17411,8813
2025-05-20 04:00:35,21177,2044321792,31019008,0.0,0.0929492478450638,0,11,0.02,0.01,0.0,0.0,0.0,9613312,0,7,4,1,0,sleeping,105,44,0,28672,17411,8813
2025-05-20 04:00:36,21177,2044321792,31019008,0.0,0.0929492478450638,0,11,0.02,0.01,0.0,0.0,0.0,9613312,0,7,4,1,0,sleeping,107,45,0,32768,17542,8936
2025-05-20 04:00:37,21177,2044321792,31019008,0.0,0.0929492478450638,0,11,0.02,0.01,0.0,0.0,0.0,9613312,0,7,4,1,0,sleeping,107,45,0,32768,17542,8936
2025-05-20 04:00:38,21177,2044321792,31019008,0.0,0.0929492478450638,0,11,0.02,0.01,0.0,0.0,0.0,9613312,0,7,4,1,0,sleeping,107,45,0,32768,17542,8936
2025-05-20 04:00:39,21177,2044321792,31019008,0.0,0.0929492478450638,0,11,0.02,0.01,0.0,0.0,0.0,9613312,0,7,4,1,0,sleeping,107,45,0,32768,17542,8936
2025-05-20 04:00:40,21177,2044321792,31019008,0.0,0.0929492478450638,0,11,0.02,0.01,0.0,0.0,0.0,9613312,0,7,4,1,0,sleeping,107,45,0,32768,17542,8936
2025-05-20 04:00:41,21177,2044321792,31019008,0.0,0.0929492478450638,0,11,0.02,0.01,0.0,0.0,0.0,9613312,0,7,4,1,0,sleeping,107,45,0,32768,17542,8936
2025-05-20 04:00:43,21177,2044321792,31019008,0.0,0.0929492478450638,0,11,0.02,0.01,0.0,0.0,0.0,9613312,0,7,4,1,0,sleeping,107,45,0,32768,17542,8936
2025-05-20 04:00:44,21177,2044321792,31019008,0.0,0.0929492478450638,0,11,0.02,0.01,0.0,0.0,0.0,9613312,0,7,4,1,0,sleeping,107,45,0,32768,17542,8936
2025-05-20 04:00:45,21177,2044321792,31019008,0.0,0.0929492478450638,0,11,0.02,0.01,0.0,0.0,0.0,9613312,0,7,4,1,0,sleeping,107,45,0,32768,17542,8936
2025-05-20 04:00:46,21177,2044321792,31019008,0.0,0.0929492478450638,0,11,0.02,0.01,0.0,0.0,0.0,9613312,0,7,4,1,0,sleeping,107,45,0,32768,17542,8936
2025-05-20 04:00:47,21177,2044321792,31019008,0.0,0.0929492478450638,0,11,0.02,0.01,0.0,0.0,0.0,9613312,0,7,4,1,0,sleeping,107,45,0,32768,17542,8936
2025-05-20 04:00:48,21177,2044321792,31019008,0.0,0.0929492478450638,0,11,0.02,0.01,0.0,0.0,0.0,9613312,0,7,4,1,0,sleeping,107,45,0,32768,17542,8936
2025-05-20 04:00:49,21177,2044321792,31019008,0.0,0.0929492478450638,0,11,0.02,0.01,0.0,0.0,0.0,9613312,0,7,4,1,0,sleeping,107,45,0,32768,17542,8936
2025-05-20 04:00:50,21177,2044321792,31019008,0.0,0.0929492478450638,0,11,0.02,0.01,0.0,0.0,0.0,9613312,0,7,4,1,0,sleeping,107,45,0,32768,17542,8936
2025-05-20 04:00:51,21177,2044321792,31019008,0.0,0.0929492478450638,0,11,0.02,0.01,0.0,0.0,0.0,9613312,0,7,4,1,0,sleeping,107,45,0,32768,17542,8936
2025-05-20 04:00:53,21177,2044321792,31019008,0.0,0.0929492478450638,0,11,0.02,0.01,0.0,0.0,0.0,9613312,0,7,4,1,0,sleeping,107,45,0,32768,17542,8936
2025-05-20 04:00:54,21177,2044321792,31019008,0.0,0.0929492478450638,0,11,0.02,0.01,0.0,0.0,0.0,9613312,0,7,4,1,0,sleeping,107,45,0,32768,17542,8936
2025-05-20 04:00:56,21177,2044321792,31019008,0.0,0.0929492478450638,0,11,0.02,0.01,0.0,0.0,0.0,9613312,0,7,4,1,0,sleeping,107,45,0,32768,17542,8936
2025-05-20 04:00:57,21177,2044321792,31019008,0.0,0.0929492478450638,0,11,0.02,0.01,0.0,0.0,0.0,9613312,0,7,4,1,0,sleeping,107,45,0,32768,17542,8936
2025-05-20 04:00:58,21177,2044321792,31019008,0.0,0.0929492478450638,0,11,0.02,0.01,0.0,0.0,0.0,9613312,0,7,4,1,0,sleeping,107,45,0,32768,17542,8936
2025-05-20 04:00:59,21177,2044321792,31019008,0.0,0.0929492478450638,0,11,0.02,0.01,0.0,0.0,0.0,9613312,0,7,4,1,0,sleeping,107,45,0,32768,17542,8936
2025-05-20 04:01:00,21177,2044321792,31019008,0.0,0.0929492478450638,0,11,0.02,0.01,0.0,0.0,0.0,9613312,0,7,4,1,0,sleeping,107,45,0,32768,17542,8936
2025-05-20 04:01:01,21177,2044321792,31019008,0.0,0.0929492478450638,0,11,0.02,0.01,0.0,0.0,0.0,9613312,0,7,4,1,0,sleeping,107,45,0,32768,17542,8936
2025-05-20 04:01:02,21177,2044321792,31019008,0.0,0.0929492478450638,0,11,0.02,0.01,0.0,0.0,0.0,9613312,0,7,4,1,0,sleeping,107,45,0,32768,17542,8936
2025-05-20 04:01:03,21177,2044321792,31019008,0.0,0.0929492478450638,0,11,0.02,0.01,0.0,0.0,0.0,9613312,0,7,4,1,0,sleeping,107,45,0,32768,17542,8936
2025-05-20 04:01:04,21177,2044321792,31019008,0.0,0.0929492478450638,0,11,0.02,0.01,0.0,0.0,0.0,9613312,0,7,4,1,0,sleeping,107,45,0,32768,17542,8936
2025-05-20 04:01:05,21177,2044321792,31019008,0.0,0.0929492478450638,0,11,0.02,0.01,0.0,0.0,0.0,9613312,0,7,4,1,0,sleeping,107,45,0,32768,17542,8936
2025-05-20 04:01:06,21177,2044321792,31019008,0.9,0.0929492478450638,0,11,0.03,0.01,0.0,0.0,0.0,9674752,0,6,4,1,0,sleeping,109,46,0,32768,17673,9059
2025-05-20 04:01:07,21177,2044321792,31019008,0.0,0.0929492478450638,0,11,0.03,0.01,0.0,0.0,0.0,9674752,0,6,4,1,0,sleeping,109,46,0,32768,17673,9059
2025-05-20 04:01:09,21177,2044321792,31019008,0.0,0.0929492478450638,0,11,0.03,0.01,0.0,0.0,0.0,9674752,0,6,4,1,0,sleeping,109,46,0,32768,17673,9059
2025-05-20 04:01:10,21177,2044321792,31019008,0.0,0.0929492478450638,0,11,0.03,0.01,0.0,0.0,0.0,9674752,0,6,4,1,0,sleeping,109,46,0,32768,17673,9059
2025-05-20 04:01:11,21177,2044321792,31019008,0.0,0.0929492478450638,0,11,0.03,0.01,0.0,0.0,0.0,9674752,0,6,4,1,0,sleeping,109,46,0,32768,17673,9059
2025-05-20 04:01:12,21177,2044321792,31019008,0.0,0.0929492478450638,0,11,0.03,0.01,0.0,0.0,0.0,9674752,0,6,4,1,0,sleeping,109,46,0,32768,17673,9059
2025-05-20 04:01:14,21177,2044321792,31019008,0.0,0.0929492478450638,0,11,0.03,0.01,0.0,0.0,0.0,9674752,0,6,4,1,0,sleeping,109,46,0,32768,17673,9059
2025-05-20 04:01:15,21177,2044321792,31019008,0.0,0.0929492478450638,0,11,0.03,0.01,0.0,0.0,0.0,9674752,0,6,4,1,0,sleeping,109,46,0,32768,17673,9059
2025-05-20 04:01:16,21177,2044321792,31019008,0.0,0.0929492478450638,0,11,0.03,0.01,0.0,0.0,0.0,9674752,0,6,4,1,0,sleeping,109,46,0,32768,17673,9059
2025-05-20 04:01:17,21177,2044321792,31019008,0.0,0.0929492478450638,0,11,0.03,0.01,0.0,0.0,0.0,9674752,0,6,4,1,0,sleeping,109,46,0,32768,17673,9059
2025-05-20 04:01:18,21177,2044321792,31019008,0.0,0.0929492478450638,0,11,0.03,0.01,0.0,0.0,0.0,9674752,0,6,4,1,0,sleeping,109,46,0,32768,17673,9059
2025-05-20 04:01:19,21177,2044321792,31019008,0.0,0.0929492478450638,0,11,0.03,0.01,0.0,0.0,0.0,9674752,0,6,4,1,0,sleeping,109,46,0,32768,17673,9059
2025-05-20 04:01:20,21177,2044321792,31019008,0.0,0.0929492478450638,0,11,0.03,0.01,0.0,0.0,0.0,9674752,0,6,4,1,0,sleeping,109,46,0,32768,17673,9059
2025-05-20 04:01:21,21177,2044321792,31019008,0.0,0.0929492478450638,0,11,0.03,0.01,0.0,0.0,0.0,9674752,0,6,4,1,0,sleeping,109,46,0,32768,17673,9059
2025-05-20 04:01:22,21177,2044321792,31019008,0.0,0.0929492478450638,0,11,0.03,0.01,0.0,0.0,0.0,9674752,0,6,4,1,0,sleeping,109,46,0,32768,17673,9059
2025-05-20 04:01:23,21177,2044321792,31019008,0.0,0.0929492478450638,0,11,0.03,0.01,0.0,0.0,0.0,9674752,0,6,4,1,0,sleeping,109,46,0,32768,17673,9059
2025-05-20 04:01:24,21177,2044321792,31019008,0.0,0.0929492478450638,0,11,0.03,0.01,0.0,0.0,0.0,9674752,0,6,4,1,0,sleeping,109,46,0,32768,17673,9059
2025-05-20 04:01:25,21177,2044321792,31019008,0.0,0.0929492478450638,0,11,0.03,0.01,0.0,0.0,0.0,9674752,0,6,4,1,0,sleeping,109,46,0,32768,17673,9059
2025-05-20 04:01:26,21177,2044321792,31019008,0.0,0.0929492478450638,0,11,0.03,0.01,0.0,0.0,0.0,9674752,0,6,4,1,0,sleeping,109,46,0,32768,17673,9059
2025-05-20 04:01:28,21177,2044321792,31019008,0.0,0.0929492478450638,0,11,0.03,0.01,0.0,0.0,0.0,9674752,0,6,4,1,0,sleeping,109,46,0,32768,17673,9059
2025-05-20 04:01:29,21177,2044321792,31019008,0.0,0.0929492478450638,0,11,0.03,0.01,0.0,0.0,0.0,9674752,0,6,4,1,0,sleeping,109,46,0,32768,17673,9059
2025-05-20 04:01:30,21177,2044321792,31019008,0.0,0.0929492478450638,0,11,0.03,0.01,0.0,0.0,0.0,9674752,0,6,4,1,0,sleeping,109,46,0,32768,17673,9059
2025-05-20 04:01:32,21177,2044321792,31019008,0.0,0.0929492478450638,0,11,0.03,0.01,0.0,0.0,0.0,9674752,0,6,4,1,0,sleeping,109,46,0,32768,17673,9059
2025-05-20 04:01:33,21177,2044321792,31019008,0.0,0.0929492478450638,0,11,0.03,0.01,0.0,0.0,0.0,9674752,0,6,4,1,0,sleeping,109,46,0,32768,17673,9059
2025-05-20 04:01:34,21177,2044321792,31019008,0.0,0.0929492478450638,0,11,0.03,0.01,0.0,0.0,0.0,9674752,0,6,4,1,0,sleeping,109,46,0,32768,17673,9059
2025-05-20 04:01:35,21177,2044321792,31019008,0.0,0.0929492478450638,0,11,0.03,0.01,0.0,0.0,0.0,9674752,0,6,4,1,0,sleeping,109,46,0,32768,17673,9059
2025-05-20 04:01:36,21177,2044321792,31019008,0.0,0.0929492478450638,0,11,0.03,0.01,0.0,0.0,0.0,9674752,0,6,4,1,0,sleeping,111,47,0,36864,17804,9182
2025-05-20 04:01:37,21177,2044321792,31019008,0.0,0.0929492478450638,0,11,0.03,0.01,0.0,0.0,0.0,9674752,0,6,4,1,0,sleeping,111,47,0,36864,17804,9182
2025-05-20 04:01:38,21177,2044321792,31019008,0.0,0.0929492478450638,0,11,0.03,0.01,0.0,0.0,0.0,9674752,0,6,4,1,0,sleeping,111,47,0,36864,17804,9182
2025-05-20 04:01:39,21177,2044321792,31019008,0.0,0.0929492478450638,0,11,0.03,0.01,0.0,0.0,0.0,9674752,0,6,4,1,0,sleeping,111,47,0,36864,17804,9182
2025-05-20 04:01:40,21177,2044321792,31019008,0.0,0.0929492478450638,0,11,0.03,0.01,0.0,0.0,0.0,9674752,0,6,4,1,0,sleeping,111,47,0,36864,17804,9182
2025-05-20 04:01:41,21177,2044321792,31019008,0.0,0.0929492478450638,0,11,0.03,0.01,0.0,0.0,0.0,9674752,0,6,4,1,0,sleeping,111,47,0,36864,17804,9182
2025-05-20 04:01:42,21177,2044321792,31019008,0.0,0.0929492478450638,0,11,0.03,0.01,0.0,0.0,0.0,9674752,0,6,4,1,0,sleeping,111,47,0,36864,17804,9182
2025-05-20 04:01:43,21177,2044321792,31019008,0.0,0.0929492478450638,0,11,0.03,0.01,0.0,0.0,0.0,9674752,0,6,4,1,0,sleeping,111,47,0,36864,17804,9182
2025-05-20 04:01:45,21177,2044321792,31019008,0.0,0.0929492478450638,0,11,0.03,0.01,0.0,0.0,0.0,9674752,0,6,4,1,0,sleeping,111,47,0,36864,17804,9182
2025-05-20 04:01:46,21177,2044321792,31019008,0.0,0.0929492478450638,0,11,0.03,0.01,0.0,0.0,0.0,9674752,0,6,4,1,0,sleeping,111,47,0,36864,17804,9182
2025-05-20 04:01:47,21177,2044321792,31019008,0.0,0.0929492478450638,0,11,0.03,0.01,0.0,0.0,0.0,9674752,0,6,4,1,0,sleeping,111,47,0,36864,17804,9182
2025-05-20 04:01:48,21177,2044321792,31019008,0.0,0.0929492478450638,0,11,0.03,0.01,0.0,0.0,0.0,9674752,0,6,4,1,0,sleeping,111,47,0,36864,17804,9182
2025-05-20 04:01:50,21177,2044321792,31019008,0.0,0.0929492478450638,0,11,0.03,0.01,0.0,0.0,0.0,9674752,0,6,4,1,0,sleeping,111,47,0,36864,17804,9182
2025-05-20 04:01:51,21177,2044321792,31019008,0.0,0.0929492478450638,0,11,0.03,0.01,0.0,0.0,0.0,9674752,0,6,4,1,0,sleeping,111,47,0,36864,17804,9182
2025-05-20 04:01:52,21177,2044321792,31019008,0.0,0.0929492478450638,0,11,0.03,0.01,0.0,0.0,0.0,9674752,0,6,4,1,0,sleeping,111,47,0,36864,17804,9182
2025-05-20 04:01:53,21177,2044321792,31019008,0.0,0.0929492478450638,0,11,0.03,0.01,0.0,0.0,0.0,9674752,0,6,4,1,0,sleeping,111,47,0,36864,17804,9182
2025-05-20 04:01:54,21177,2044321792,31019008,0.0,0.0929492478450638,0,11,0.03,0.01,0.0,0.0,0.0,9674752,0,6,4,1,0,sleeping,111,47,0,36864,17804,9182
2025-05-20 04:01:55,21177,2044321792,31019008,0.0,0.0929492478450638,0,11,0.03,0.01,0.0,0.0,0.0,9674752,0,6,4,1,0,sleeping,111,47,0,36864,17804,9182
2025-05-20 04:01:56,21177,2044321792,31019008,0.0,0.0929492478450638,0,11,0.03,0.01,0.0,0.0,0.0,9674752,0,6,4,1,0,sleeping,111,47,0,36864,17804,9182
2025-05-20 04:01:57,21177,2044321792,31019008,0.0,0.0929492478450638,0,11,0.03,0.01,0.0,0.0,0.0,9674752,0,6,4,1,0,sleeping,111,47,0,36864,17804,9182
2025-05-20 04:01:58,21177,2044321792,31019008,0.0,0.0929492478450638,0,11,0.03,0.01,0.0,0.0,0.0,9674752,0,6,4,1,0,sleeping,111,47,0,36864,17804,9182
2025-05-20 04:01:59,21177,2044321792,31019008,0.0,0.0929492478450638,0,11,0.03,0.01,0.0,0.0,0.0,9674752,0,6,4,1,0,sleeping,111,47,0,36864,17804,9182
2025-05-20 04:02:00,21177,2044321792,31019008,0.0,0.0929492478450638,0,11,0.03,0.01,0.0,0.0,0.0,9674752,0,6,4,1,0,sleeping,111,47,0,36864,17804,9182
2025-05-20 04:02:02,21177,2044321792,31019008,0.0,0.0929492478450638,0,11,0.03,0.01,0.0,0.0,0.0,9674752,0,6,4,1,0,sleeping,111,47,0,36864,17804,9182
2025-05-20 04:02:03,21177,2044321792,31019008,0.0,0.0929492478450638,0,11,0.03,0.01,0.0,0.0,0.0,9674752,0,6,4,1,0,sleeping,111,47,0,36864,17804,9182
2025-05-20 04:02:04,21177,2044321792,31019008,0.0,0.0929492478450638,0,11,0.03,0.01,0.0,0.0,0.0,9674752,0,6,4,1,0,sleeping,111,47,0,36864,17804,9182
2025-05-20 04:02:05,21177,2044321792,31019008,0.0,0.0929492478450638,0,11,0.03,0.01,0.0,0.0,0.0,9674752,0,6,4,1,0,sleeping,111,47,0,36864,17804,9182
2025-05-20 04:02:06,21177,2044321792,31019008,0.0,0.0929492478450638,0,11,0.03,0.01,0.0,0.0,0.0,9674752,0,6,4,1,0,sleeping,111,47,0,36864,17804,9182
2025-05-20 04:02:07,21177,2044321792,31019008,0.0,0.0929492478450638,0,11,0.03,0.01,0.0,0.0,0.0,9674752,0,6,4,1,0,sleeping,111,47,0,36864,17804,9182
2025-05-20 04:02:09,21177,2044321792,31019008,0.0,0.0929492478450638,0,11,0.03,0.01,0.0,0.0,0.0,9674752,0,6,4,1,0,sleeping,111,47,0,36864,17804,9182
2025-05-20 04:02:10,21177,2044321792,31019008,0.0,0.0929492478450638,0,11,0.03,0.01,0.0,0.0,0.0,9674752,0,6,4,1,0,sleeping,111,47,0,36864,17804,9182
2025-05-20 04:02:11,21177,2044321792,31019008,0.0,0.0929492478450638,0,11,0.03,0.01,0.0,0.0,0.0,9674752,0,6,4,1,0,sleeping,111,47,0,36864,17804,9182
2025-05-20 04:02:13,21177,2044321792,31019008,0.0,0.0929492478450638,0,11,0.03,0.01,0.0,0.0,0.0,9674752,0,6,4,1,0,sleeping,111,47,0,36864,17804,9182
2025-05-20 04:02:14,21177,2044321792,31019008,0.0,0.0929492478450638,0,11,0.03,0.01,0.0,0.0,0.0,9674752,0,6,4,1,0,sleeping,111,47,0,36864,17804,9182
2025-05-20 04:02:15,21177,2044321792,31019008,0.0,0.0929492478450638,0,11,0.03,0.01,0.0,0.0,0.0,9674752,0,6,4,1,0,sleeping,111,47,0,36864,17804,9182
2025-05-20 04:02:16,21177,2044321792,31019008,0.0,0.0929492478450638,0,11,0.03,0.01,0.0,0.0,0.0,9674752,0,6,4,1,0,sleeping,113,48,0,40960,17935,9305
2025-05-20 04:02:17,21177,2044321792,31019008,0.0,0.0929492478450638,0,11,0.03,0.01,0.0,0.0,0.0,9674752,0,6,4,1,0,sleeping,113,48,0,40960,17935,9305
2025-05-20 04:02:18,21177,2044321792,31019008,0.0,0.0929492478450638,0,11,0.03,0.01,0.0,0.0,0.0,9674752,0,6,4,1,0,sleeping,113,48,0,40960,17935,9305
2025-05-20 04:02:19,21177,2044321792,31019008,0.0,0.0929492478450638,0,11,0.03,0.01,0.0,0.0,0.0,9674752,0,6,4,1,0,sleeping,113,48,0,40960,17935,9305
2025-05-20 04:02:20,21177,2044321792,31019008,0.0,0.0929492478450638,0,11,0.03,0.01,0.0,0.0,0.0,9674752,0,6,4,1,0,sleeping,113,48,0,40960,17935,9305
2025-05-20 04:02:21,21177,2044321792,31019008,0.0,0.0929492478450638,0,11,0.03,0.01,0.0,0.0,0.0,9674752,0,6,4,1,0,sleeping,113,48,0,40960,17935,9305
2025-05-20 04:02:22,21177,2044321792,31019008,0.0,0.0929492478450638,0,11,0.03,0.01,0.0,0.0,0.0,9674752,0,6,4,1,0,sleeping,113,48,0,40960,17935,9305
2025-05-20 04:02:24,21177,2044321792,31019008,0.0,0.0929492478450638,0,11,0.03,0.01,0.0,0.0,0.0,9674752,0,6,4,1,0,sleeping,113,48,0,40960,17935,9305
2025-05-20 04:02:25,21177,2044321792,31019008,0.0,0.0929492478450638,0,11,0.03,0.01,0.0,0.0,0.0,9674752,0,6,4,1,0,sleeping,113,48,0,40960,17935,9305
2025-05-20 04:02:26,21177,2044321792,31019008,0.0,0.0929492478450638,0,11,0.03,0.01,0.0,0.0,0.0,9674752,0,6,4,1,0,sleeping,113,48,0,40960,17935,9305
2025-05-20 04:02:28,21177,2044321792,31019008,0.0,0.0929492478450638,0,11,0.03,0.01,0.0,0.0,0.0,9674752,0,6,4,1,0,sleeping,113,48,0,40960,17935,9305
2025-05-20 04:02:29,21177,2044321792,31019008,0.0,0.0929492478450638,0,11,0.03,0.01,0.0,0.0,0.0,9674752,0,6,4,1,0,sleeping,113,48,0,40960,17935,9305
2025-05-20 04:02:30,21177,2044321792,31019008,0.0,0.0929492478450638,0,11,0.03,0.01,0.0,0.0,0.0,9674752,0,6,4,1,0,sleeping,113,48,0,40960,17935,9305
2025-05-20 04:02:31,21177,2044321792,31019008,0.0,0.0929492478450638,0,11,0.03,0.01,0.0,0.0,0.0,9674752,0,6,4,1,0,sleeping,113,48,0,40960,17935,9305
2025-05-20 04:02:32,21177,2044321792,31019008,0.0,0.0929492478450638,0,11,0.03,0.01,0.0,0.0,0.0,9674752,0,6,4,1,0,sleeping,113,48,0,40960,17935,9305
2025-05-20 04:02:33,21177,2044321792,31019008,0.0,0.0929492478450638,0,11,0.03,0.01,0.0,0.0,0.0,9674752,0,6,4,1,0,sleeping,113,48,0,40960,17935,9305
2025-05-20 04:02:34,21177,2044321792,31019008,0.0,0.0929492478450638,0,11,0.03,0.01,0.0,0.0,0.0,9674752,0,6,4,1,0,sleeping,113,48,0,40960,17935,9305
2025-05-20 04:02:35,21177,2044321792,31019008,0.0,0.0929492478450638,0,11,0.03,0.01,0.0,0.0,0.0,9674752,0,6,4,1,0,sleeping,113,48,0,40960,17935,9305
2025-05-20 04:02:36,21177,2044321792,31019008,0.0,0.0929492478450638,0,11,0.03,0.01,0.0,0.0,0.0,9674752,0,6,4,1,0,sleeping,113,48,0,40960,17935,9305
2025-05-20 04:02:37,21177,2044321792,31019008,0.0,0.0929492478450638,0,11,0.03,0.01,0.0,0.0,0.0,9674752,0,6,4,1,0,sleeping,113,48,0,40960,17935,9305
2025-05-20 04:02:38,21177,2044321792,31019008,0.0,0.0929492478450638,0,11,0.03,0.01,0.0,0.0,0.0,9674752,0,6,4,1,0,sleeping,113,48,0,40960,17935,9305
2025-05-20 04:02:39,21177,2044321792,31019008,0.0,0.0929492478450638,0,11,0.03,0.01,0.0,0.0,0.0,9674752,0,6,4,1,0,sleeping,113,48,0,40960,17935,9305
2025-05-20 04:02:40,21177,2044321792,31019008,0.0,0.0929492478450638,0,11,0.03,0.01,0.0,0.0,0.0,9674752,0,6,4,1,0,sleeping,113,48,0,40960,17935,9305
2025-05-20 04:02:42,21177,2044321792,31019008,0.0,0.0929492478450638,0,11,0.03,0.01,0.0,0.0,0.0,9674752,0,6,4,1,0,sleeping,113,48,0,40960,17935,9305
2025-05-20 04:02:43,21177,2044321792,31019008,0.0,0.0929492478450638,0,11,0.03,0.01,0.0,0.0,0.0,9674752,0,6,4,1,0,sleeping,113,48,0,40960,17935,9305
2025-05-20 04:02:44,21177,2044321792,31019008,0.0,0.0929492478450638,0,11,0.03,0.01,0.0,0.0,0.0,9674752,0,6,4,1,0,sleeping,113,48,0,40960,17935,9305
2025-05-20 04:02:46,21177,2044321792,31019008,0.0,0.0929492478450638,0,11,0.03,0.01,0.0,0.0,0.0,9674752,0,6,4,1,0,sleeping,115,49,0,40960,18067,9429
2025-05-20 04:02:47,21177,2044321792,31019008,0.0,0.0929492478450638,0,11,0.03,0.01,0.0,0.0,0.0,9674752,0,6,4,1,0,sleeping,115,49,0,40960,18067,9429
2025-05-20 04:02:48,21177,2044321792,31019008,0.0,0.0929492478450638,0,11,0.03,0.01,0.0,0.0,0.0,9674752,0,6,4,1,0,sleeping,115,49,0,40960,18067,9429
2025-05-20 04:02:49,21177,2044321792,31019008,0.0,0.0929492478450638,0,11,0.03,0.01,0.0,0.0,0.0,9674752,0,6,4,1,0,sleeping,115,49,0,40960,18067,9429
2025-05-20 04:02:50,21177,2044321792,31019008,0.0,0.0929492478450638,0,11,0.03,0.01,0.0,0.0,0.0,9674752,0,6,4,1,0,sleeping,115,49,0,40960,18067,9429
2025-05-20 04:02:51,21177,2044321792,31019008,0.0,0.0929492478450638,0,11,0.03,0.01,0.0,0.0,0.0,9674752,0,6,4,1,0,sleeping,115,49,0,40960,18067,9429
2025-05-20 04:02:52,21177,2044321792,31019008,0.0,0.0929492478450638,0,11,0.03,0.01,0.0,0.0,0.0,9674752,0,6,4,1,0,sleeping,115,49,0,40960,18067,9429
2025-05-20 04:02:53,21177,2044321792,31019008,0.0,0.0929492478450638,0,11,0.03,0.01,0.0,0.0,0.0,9674752,0,6,4,1,0,sleeping,115,49,0,40960,18067,9429
2025-05-20 04:02:55,21177,2044321792,31019008,0.0,0.0929492478450638,0,11,0.03,0.01,0.0,0.0,0.0,9674752,0,6,4,1,0,sleeping,115,49,0,40960,18067,9429
2025-05-20 04:02:56,21177,2044321792,31019008,0.0,0.0929492478450638,0,11,0.03,0.01,0.0,0.0,0.0,9674752,0,6,4,1,0,sleeping,115,49,0,40960,18067,9429
2025-05-20 04:02:57,21177,2044321792,31019008,0.0,0.0929492478450638,0,11,0.03,0.01,0.0,0.0,0.0,9674752,0,6,4,1,0,sleeping,115,49,0,40960,18067,9429
2025-05-20 04:02:58,21177,2044321792,31019008,0.0,0.0929492478450638,0,11,0.03,0.01,0.0,0.0,0.0,9674752,0,6,4,1,0,sleeping,115,49,0,40960,18067,9429
2025-05-20 04:02:59,21177,2044321792,31019008,0.0,0.0929492478450638,0,11,0.03,0.01,0.0,0.0,0.0,9674752,0,6,4,1,0,sleeping,115,49,0,40960,18067,9429
2025-05-20 04:03:00,21177,2044321792,31019008,0.0,0.0929492478450638,0,11,0.03,0.01,0.0,0.0,0.0,9674752,0,6,4,1,0,sleeping,115,49,0,40960,18067,9429
2025-05-20 04:03:01,21177,2044321792,31019008,0.0,0.0929492478450638,0,11,0.03,0.01,0.0,0.0,0.0,9674752,0,6,4,1,0,sleeping,115,49,0,40960,18067,9429
2025-05-20 04:03:02,21177,2044321792,31019008,0.0,0.0929492478450638,0,11,0.03,0.01,0.0,0.0,0.0,9674752,0,6,4,1,0,sleeping,115,49,0,40960,18067,9429
2025-05-20 04:03:04,21177,2044321792,31019008,0.0,0.0929492478450638,0,11,0.03,0.01,0.0,0.0,0.0,9674752,0,6,4,1,0,sleeping,115,49,0,40960,18067,9429
2025-05-20 04:03:05,21177,2044321792,31019008,0.0,0.0929492478450638,0,11,0.03,0.01,0.0,0.0,0.0,9674752,0,6,4,1,0,sleeping,115,49,0,40960,18067,9429
2025-05-20 04:03:06,21177,2044321792,31019008,0.0,0.0929492478450638,0,11,0.03,0.01,0.0,0.0,0.0,9674752,0,6,4,1,0,sleeping,115,49,0,40960,18067,9429
2025-05-20 04:03:07,21177,2044321792,31019008,0.0,0.0929492478450638,0,11,0.03,0.01,0.0,0.0,0.0,9674752,0,6,4,1,0,sleeping,115,49,0,40960,18067,9429
2025-05-20 04:03:08,21177,2044321792,31019008,0.0,0.0929492478450638,0,11,0.03,0.01,0.0,0.0,0.0,9674752,0,6,4,1,0,sleeping,115,49,0,40960,18067,9429
2025-05-20 04:03:09,21177,2044321792,31019008,0.0,0.0929492478450638,0,11,0.03,0.01,0.0,0.0,0.0,9674752,0,6,4,1,0,sleeping,115,49,0,40960,18067,9429
2025-05-20 04:03:11,21177,2044321792,31019008,0.0,0.0929492478450638,0,11,0.03,0.01,0.0,0.0,0.0,9674752,0,6,4,1,0,sleeping,115,49,0,40960,18067,9429
2025-05-20 04:03:12,21177,2044321792,31019008,0.0,0.0929492478450638,0,11,0.03,0.01,0.0,0.0,0.0,9674752,0,6,4,1,0,sleeping,115,49,0,40960,18067,9429
2025-05-20 04:03:13,21177,2044321792,31019008,0.0,0.0929492478450638,0,11,0.03,0.01,0.0,0.0,0.0,9674752,0,6,4,1,0,sleeping,115,49,0,40960,18067,9429
2025-05-20 04:03:14,21177,2044321792,31019008,0.0,0.0929492478450638,0,11,0.03,0.01,0.0,0.0,0.0,9674752,0,6,4,1,0,sleeping,115,49,0,40960,18067,9429
2025-05-20 04:03:15,21177,2044321792,31019008,0.0,0.0929492478450638,0,11,0.03,0.01,0.0,0.0,0.0,9674752,0,6,4,1,0,sleeping,115,49,0,40960,18067,9429
2025-05-20 04:03:16,21177,2044321792,31019008,0.0,0.0929492478450638,0,11,0.03,0.01,0.0,0.0,0.0,9732096,0,7,4,1,0,sleeping,117,50,0,45056,18199,9553
2025-05-20 04:03:17,21177,2044321792,31019008,0.0,0.0929492478450638,0,11,0.03,0.01,0.0,0.0,0.0,9732096,0,7,4,1,0,sleeping,117,50,0,45056,18199,9553
2025-05-20 04:03:18,21177,2044321792,31019008,0.0,0.0929492478450638,0,11,0.03,0.01,0.0,0.0,0.0,9732096,0,7,4,1,0,sleeping,117,50,0,45056,18199,9553
2025-05-20 04:03:19,21177,2044321792,31019008,0.0,0.0929492478450638,0,11,0.03,0.01,0.0,0.0,0.0,9732096,0,7,4,1,0,sleeping,117,50,0,45056,18199,9553
2025-05-20 04:03:20,21177,2044321792,31019008,0.0,0.0929492478450638,0,11,0.03,0.01,0.0,0.0,0.0,9732096,0,7,4,1,0,sleeping,117,50,0,45056,18199,9553
2025-05-20 04:03:22,21177,2044321792,31019008,0.0,0.0929492478450638,0,11,0.03,0.01,0.0,0.0,0.0,9732096,0,7,4,1,0,sleeping,117,50,0,45056,18199,9553
2025-05-20 04:03:23,21177,2044321792,31019008,0.0,0.0929492478450638,0,11,0.03,0.01,0.0,0.0,0.0,9732096,0,7,4,1,0,sleeping,117,50,0,45056,18199,9553
2025-05-20 04:03:24,21177,2044321792,31019008,0.0,0.0929492478450638,0,11,0.03,0.01,0.0,0.0,0.0,9732096,0,7,4,1,0,sleeping,117,50,0,45056,18199,9553
2025-05-20 04:03:25,21177,2044321792,31019008,0.0,0.0929492478450638,0,11,0.03,0.01,0.0,0.0,0.0,9732096,0,7,4,1,0,sleeping,117,50,0,45056,18199,9553
2025-05-20 04:03:26,21177,2044321792,31019008,0.0,0.0929492478450638,0,11,0.03,0.01,0.0,0.0,0.0,9732096,0,7,4,1,0,sleeping,117,50,0,45056,18199,9553
2025-05-20 04:03:28,21177,2044321792,31019008,0.0,0.0929492478450638,0,11,0.03,0.01,0.0,0.0,0.0,9732096,0,7,4,1,0,sleeping,117,50,0,45056,18199,9553
2025-05-20 04:03:29,21177,2044321792,31019008,0.0,0.0929492478450638,0,11,0.03,0.01,0.0,0.0,0.0,9732096,0,7,4,1,0,sleeping,117,50,0,45056,18199,9553
2025-05-20 04:03:30,21177,2044321792,31019008,0.0,0.0929492478450638,0,11,0.03,0.01,0.0,0.0,0.0,9732096,0,7,4,1,0,sleeping,117,50,0,45056,18199,9553
2025-05-20 04:03:31,21177,2044321792,31019008,0.0,0.0929492478450638,0,11,0.03,0.01,0.0,0.0,0.0,9732096,0,7,4,1,0,sleeping,117,50,0,45056,18199,9553
2025-05-20 04:03:32,21177,2044321792,31019008,0.0,0.0929492478450638,0,11,0.03,0.01,0.0,0.0,0.0,9732096,0,7,4,1,0,sleeping,117,50,0,45056,18199,9553
2025-05-20 04:03:33,21177,2044321792,31019008,0.0,0.0929492478450638,0,11,0.03,0.01,0.0,0.0,0.0,9732096,0,7,4,1,0,sleeping,117,50,0,45056,18199,9553
2025-05-20 04:03:34,21177,2044321792,31019008,0.0,0.0929492478450638,0,11,0.03,0.01,0.0,0.0,0.0,9732096,0,7,4,1,0,sleeping,117,50,0,45056,18199,9553
2025-05-20 04:03:35,21177,2044321792,31019008,0.0,0.0929492478450638,0,11,0.03,0.01,0.0,0.0,0.0,9732096,0,7,4,1,0,sleeping,117,50,0,45056,18199,9553
2025-05-20 04:03:36,21177,2044321792,31019008,0.0,0.0929492478450638,0,11,0.03,0.01,0.0,0.0,0.0,9732096,0,7,4,1,0,sleeping,117,50,0,45056,18199,9553
2025-05-20 04:03:37,21177,2044321792,31019008,0.0,0.0929492478450638,0,11,0.03,0.01,0.0,0.0,0.0,9732096,0,7,4,1,0,sleeping,117,50,0,45056,18199,9553
2025-05-20 04:03:38,21177,2044321792,31019008,0.0,0.0929492478450638,0,11,0.03,0.01,0.0,0.0,0.0,9732096,0,7,4,1,0,sleeping,117,50,0,45056,18199,9553
2025-05-20 04:03:39,21177,2044321792,31019008,0.0,0.0929492478450638,0,11,0.03,0.01,0.0,0.0,0.0,9732096,0,7,4,1,0,sleeping,117,50,0,45056,18199,9553
2025-05-20 04:03:40,21177,2044321792,31019008,0.0,0.0929492478450638,0,11,0.03,0.01,0.0,0.0,0.0,9732096,0,7,4,1,0,sleeping,117,50,0,45056,18199,9553
2025-05-20 04:03:42,21177,2044321792,31019008,0.0,0.0929492478450638,0,11,0.03,0.01,0.0,0.0,0.0,9732096,0,7,4,1,0,sleeping,117,50,0,45056,18199,9553
2025-05-20 04:03:43,21177,2044321792,31019008,0.0,0.0929492478450638,0,11,0.03,0.01,0.0,0.0,0.0,9732096,0,7,4,1,0,sleeping,117,50,0,45056,18199,9553
2025-05-20 04:03:44,21177,2044321792,31019008,0.0,0.0929492478450638,0,11,0.03,0.01,0.0,0.0,0.0,9732096,0,7,4,1,0,sleeping,117,50,0,45056,18199,9553
2025-05-20 04:03:46,21177,2044321792,31019008,0.0,0.0929492478450638,0,11,0.03,0.01,0.0,0.0,0.0,9732096,0,7,4,1,0,sleeping,117,50,0,45056,18199,9553
2025-05-20 04:03:47,21177,2044321792,31019008,0.0,0.0929492478450638,0,11,0.03,0.01,0.0,0.0,0.0,9732096,0,7,4,1,0,sleeping,117,50,0,45056,18199,9553
2025-05-20 04:03:48,21177,2044321792,31019008,0.0,0.0929492478450638,0,11,0.03,0.01,0.0,0.0,0.0,9732096,0,7,4,1,0,sleeping,117,50,0,45056,18199,9553
2025-05-20 04:03:49,21177,2044321792,31019008,0.0,0.0929492478450638,0,11,0.03,0.01,0.0,0.0,0.0,9732096,0,7,4,1,0,sleeping,117,50,0,45056,18199,9553
2025-05-20 04:03:50,21177,2044321792,31019008,0.0,0.0929492478450638,0,11,0.03,0.01,0.0,0.0,0.0,9732096,0,7,4,1,0,sleeping,117,50,0,45056,18199,9553
2025-05-20 04:03:51,21177,2044321792,31019008,0.0,0.0929492478450638,0,11,0.03,0.01,0.0,0.0,0.0,9732096,0,7,4,1,0,sleeping,117,50,0,45056,18199,9553
2025-05-20 04:03:52,21177,2044321792,31019008,0.0,0.0929492478450638,0,11,0.03,0.01,0.0,0.0,0.0,9732096,0,7,4,1,0,sleeping,117,50,0,45056,18199,9553
2025-05-20 04:03:53,21177,2044321792,31019008,0.0,0.0929492478450638,0,11,0.03,0.01,0.0,0.0,0.0,9732096,0,7,4,1,0,sleeping,117,50,0,45056,18199,9553
2025-05-20 04:03:54,21177,2044321792,31019008,0.0,0.0929492478450638,0,11,0.03,0.01,0.0,0.0,0.0,9732096,0,7,4,1,0,sleeping,117,50,0,45056,18199,9553
2025-05-20 04:03:56,21177,2044321792,31019008,0.0,0.0929492478450638,0,11,0.03,0.01,0.0,0.0,0.0,9732096,0,7,4,1,0,sleeping,117,50,0,45056,18199,9553
2025-05-20 04:03:57,21177,2044321792,31019008,0.0,0.0929492478450638,0,11,0.03,0.01,0.0,0.0,0.0,9732096,0,6,3,1,0,sleeping,119,51,0,53248,18331,9677
2025-05-20 04:03:58,21177,2044321792,31019008,0.0,0.0929492478450638,0,11,0.03,0.01,0.0,0.0,0.0,9732096,0,6,3,1,0,sleeping,119,51,0,53248,18331,9677
2025-05-20 04:03:59,21177,2044321792,31019008,0.0,0.0929492478450638,0,11,0.03,0.01,0.0,0.0,0.0,9732096,0,6,3,1,0,sleeping,119,51,0,53248,18331,9677
2025-05-20 04:04:00,21177,2044321792,31019008,0.0,0.0929492478450638,0,11,0.03,0.01,0.0,0.0,0.0,9732096,0,6,3,1,0,sleeping,119,51,0,53248,18331,9677
2025-05-20 04:04:01,21177,2044321792,31019008,0.0,0.0929492478450638,0,11,0.03,0.01,0.0,0.0,0.0,9732096,0,6,3,1,0,sleeping,119,51,0,53248,18331,9677
2025-05-20 04:04:02,21177,2044321792,31019008,0.0,0.0929492478450638,0,11,0.03,0.01,0.0,0.0,0.0,9732096,0,6,3,1,0,sleeping,119,51,0,53248,18331,9677
2025-05-20 04:04:04,21177,2044321792,31019008,0.0,0.0929492478450638,0,11,0.03,0.01,0.0,0.0,0.0,9732096,0,6,3,1,0,sleeping,119,51,0,53248,18331,9677
2025-05-20 04:04:05,21177,2044321792,31019008,0.0,0.0929492478450638,0,11,0.03,0.01,0.0,0.0,0.0,9732096,0,6,3,1,0,sleeping,119,51,0,53248,18331,9677
2025-05-20 04:04:06,21177,2044321792,31019008,0.0,0.0929492478450638,0,11,0.03,0.01,0.0,0.0,0.0,9732096,0,6,3,1,0,sleeping,119,51,0,53248,18331,9677
2025-05-20 04:04:07,21177,2044321792,31019008,0.0,0.0929492478450638,0,11,0.03,0.01,0.0,0.0,0.0,9732096,0,6,3,1,0,sleeping,119,51,0,53248,18331,9677
2025-05-20 04:04:08,21177,2044321792,31019008,0.0,0.0929492478450638,0,11,0.03,0.01,0.0,0.0,0.0,9732096,0,6,3,1,0,sleeping,119,51,0,53248,18331,9677
2025-05-20 04:04:09,21177,2044321792,31019008,0.0,0.0929492478450638,0,11,0.03,0.01,0.0,0.0,0.0,9732096,0,6,3,1,0,sleeping,119,51,0,53248,18331,9677
2025-05-20 04:04:10,21177,2044321792,31019008,0.0,0.0929492478450638,0,11,0.03,0.01,0.0,0.0,0.0,9732096,0,6,3,1,0,sleeping,119,51,0,53248,18331,9677
2025-05-20 04:04:11,21177,2044321792,31019008,0.0,0.0929492478450638,0,11,0.03,0.01,0.0,0.0,0.0,9732096,0,6,3,1,0,sleeping,119,51,0,53248,18331,9677
2025-05-20 04:04:13,21177,2044321792,31019008,0.0,0.0929492478450638,0,11,0.03,0.01,0.0,0.0,0.0,9732096,0,6,3,1,0,sleeping,119,51,0,53248,18331,9677
2025-05-20 04:04:14,21177,2044321792,31019008,0.0,0.0929492478450638,0,11,0.03,0.01,0.0,0.0,0.0,9732096,0,6,3,1,0,sleeping,119,51,0,53248,18331,9677
2025-05-20 04:04:15,21177,2044321792,31019008,0.0,0.0929492478450638,0,11,0.03,0.01,0.0,0.0,0.0,9732096,0,6,3,1,0,sleeping,119,51,0,53248,18331,9677
2025-05-20 04:04:16,21177,2044321792,31019008,0.0,0.0929492478450638,0,11,0.03,0.01,0.0,0.0,0.0,9732096,0,6,3,1,0,sleeping,119,51,0,53248,18331,9677
2025-05-20 04:04:17,21177,2044321792,31019008,0.0,0.0929492478450638,0,11,0.03,0.01,0.0,0.0,0.0,9732096,0,6,3,1,0,sleeping,119,51,0,53248,18331,9677
2025-05-20 04:04:18,21177,2044321792,31019008,0.0,0.0929492478450638,0,11,0.03,0.01,0.0,0.0,0.0,9732096,0,6,3,1,0,sleeping,119,51,0,53248,18331,9677
2025-05-20 04:04:19,21177,2044321792,31019008,0.0,0.0929492478450638,0,11,0.03,0.01,0.0,0.0,0.0,9732096,0,6,3,1,0,sleeping,119,51,0,53248,18331,9677
2025-05-20 04:04:20,21177,2044321792,31019008,0.0,0.0929492478450638,0,11,0.03,0.01,0.0,0.0,0.0,9732096,0,6,3,1,0,sleeping,119,51,0,53248,18331,9677
2025-05-20 04:04:22,21177,2044321792,31019008,0.0,0.0929492478450638,0,11,0.03,0.01,0.0,0.0,0.0,9732096,0,6,3,1,0,sleeping,119,51,0,53248,18331,9677
2025-05-20 04:04:23,21177,2044321792,31019008,0.0,0.0929492478450638,0,11,0.03,0.01,0.0,0.0,0.0,9732096,0,6,3,1,0,sleeping,119,51,0,53248,18331,9677
2025-05-20 04:04:24,21177,2044321792,31019008,0.0,0.0929492478450638,0,11,0.03,0.01,0.0,0.0,0.0,9732096,0,6,3,1,0,sleeping,119,51,0,53248,18331,9677
2025-05-20 04:04:25,21177,2044321792,31019008,0.0,0.0929492478450638,0,11,0.03,0.01,0.0,0.0,0.0,9732096,0,6,3,1,0,sleeping,119,51,0,53248,18331,9677
2025-05-20 04:04:26,21177,2044321792,31019008,0.0,0.0929492478450638,0,11,0.03,0.01,0.0,0.0,0.0,9732096,0,6,3,1,0,sleeping,121,52,0,53248,18463,9801
2025-05-20 04:04:28,21177,2044321792,31019008,0.0,0.0929492478450638,0,11,0.03,0.01,0.0,0.0,0.0,9732096,0,6,3,1,0,sleeping,121,52,0,53248,18463,9801
2025-05-20 04:04:29,21177,2044321792,31019008,0.0,0.0929492478450638,0,11,0.03,0.01,0.0,0.0,0.0,9732096,0,6,3,1,0,sleeping,121,52,0,53248,18463,9801
2025-05-20 04:04:30,21177,2044321792,31019008,0.0,0.0929492478450638,0,11,0.03,0.01,0.0,0.0,0.0,9732096,0,6,3,1,0,sleeping,121,52,0,53248,18463,9801
2025-05-20 04:04:31,21177,2044321792,31019008,0.0,0.0929492478450638,0,11,0.03,0.01,0.0,0.0,0.0,9732096,0,6,3,1,0,sleeping,121,52,0,53248,18463,9801
2025-05-20 04:04:32,21177,2044321792,31019008,0.0,0.0929492478450638,0,11,0.03,0.01,0.0,0.0,0.0,9732096,0,6,3,1,0,sleeping,121,52,0,53248,18463,9801
2025-05-20 04:04:33,21177,2044321792,31019008,0.0,0.0929492478450638,0,11,0.03,0.01,0.0,0.0,0.0,9732096,0,6,3,1,0,sleeping,121,52,0,53248,18463,9801
2025-05-20 04:04:34,21177,2044321792,31019008,0.0,0.0929492478450638,0,11,0.03,0.01,0.0,0.0,0.0,9732096,0,6,3,1,0,sleeping,121,52,0,53248,18463,9801
2025-05-20 04:04:35,21177,2044321792,31019008,0.0,0.0929492478450638,0,11,0.03,0.01,0.0,0.0,0.0,9732096,0,6,3,1,0,sleeping,121,52,0,53248,18463,9801
2025-05-20 04:04:36,21177,2044321792,31019008,0.0,0.0929492478450638,0,11,0.03,0.01,0.0,0.0,0.0,9732096,0,6,3,1,0,sleeping,121,52,0,53248,18463,9801
2025-05-20 04:04:37,21177,2044321792,31019008,0.0,0.0929492478450638,0,11,0.03,0.01,0.0,0.0,0.0,9732096,0,6,3,1,0,sleeping,121,52,0,53248,18463,9801
2025-05-20 04:04:39,21177,2044321792,31019008,0.0,0.0929492478450638,0,11,0.03,0.01,0.0,0.0,0.0,9732096,0,6,3,1,0,sleeping,121,52,0,53248,18463,9801
2025-05-20 04:04:40,21177,2044321792,31019008,0.0,0.0929492478450638,0,11,0.03,0.01,0.0,0.0,0.0,9732096,0,6,3,1,0,sleeping,121,52,0,53248,18463,9801
2025-05-20 04:04:41,21177,2044321792,31019008,0.0,0.0929492478450638,0,11,0.03,0.01,0.0,0.0,0.0,9732096,0,6,3,1,0,sleeping,121,52,0,53248,18463,9801
2025-05-20 04:04:42,21177,2044321792,31019008,0.0,0.0929492478450638,0,11,0.03,0.01,0.0,0.0,0.0,9732096,0,6,3,1,0,sleeping,121,52,0,53248,18463,9801
2025-05-20 04:04:43,21177,2044321792,31019008,0.0,0.0929492478450638,0,11,0.03,0.01,0.0,0.0,0.0,9732096,0,6,3,1,0,sleeping,121,52,0,53248,18463,9801
2025-05-20 04:04:44,21177,2044321792,31019008,0.0,0.0929492478450638,0,11,0.03,0.01,0.0,0.0,0.0,9732096,0,6,3,1,0,sleeping,121,52,0,53248,18463,9801
2025-05-20 04:04:45,21177,2044321792,31019008,0.0,0.0929492478450638,0,11,0.03,0.01,0.0,0.0,0.0,9732096,0,6,3,1,0,sleeping,121,52,0,53248,18463,9801
2025-05-20 04:04:46,21177,2044321792,31019008,0.0,0.0929492478450638,0,11,0.03,0.01,0.0,0.0,0.0,9732096,0,6,3,1,0,sleeping,121,52,0,53248,18463,9801
2025-05-20 04:04:47,21177,2044321792,31019008,0.0,0.0929492478450638,0,11,0.03,0.01,0.0,0.0,0.0,9732096,0,6,3,1,0,sleeping,121,52,0,53248,18463,9801
2025-05-20 04:04:49,21177,2044321792,31019008,0.0,0.0929492478450638,0,11,0.03,0.01,0.0,0.0,0.0,9732096,0,6,3,1,0,sleeping,121,52,0,53248,18463,9801
2025-05-20 04:04:50,21177,2044321792,31019008,0.0,0.0929492478450638,0,11,0.03,0.01,0.0,0.0,0.0,9732096,0,6,3,1,0,sleeping,121,52,0,53248,18463,9801
2025-05-20 04:04:51,21177,2044321792,31019008,0.0,0.0929492478450638,0,11,0.03,0.01,0.0,0.0,0.0,9732096,0,6,3,1,0,sleeping,121,52,0,53248,18463,9801
2025-05-20 04:04:52,21177,2044321792,31019008,0.0,0.0929492478450638,0,11,0.03,0.01,0.0,0.0,0.0,9732096,0,6,3,1,0,sleeping,121,52,0,53248,18463,9801
2025-05-20 04:04:53,21177,2044321792,31019008,0.0,0.0929492478450638,0,11,0.03,0.01,0.0,0.0,0.0,9732096,0,6,3,1,0,sleeping,121,52,0,53248,18463,9801
2025-05-20 04:04:54,21177,2044321792,31019008,0.0,0.0929492478450638,0,11,0.03,0.01,0.0,0.0,0.0,9732096,0,6,3,1,0,sleeping,121,52,0,53248,18463,9801
2025-05-20 04:04:56,21177,2044321792,31019008,0.0,0.0929492478450638,0,11,0.03,0.01,0.0,0.0,0.0,9732096,0,7,4,1,0,sleeping,123,53,0,57344,18595,9925
2025-05-20 04:04:57,21177,2044321792,31019008,0.0,0.0929492478450638,0,11,0.03,0.01,0.0,0.0,0.0,9732096,0,7,4,1,0,sleeping,123,53,0,57344,18595,9925
2025-05-20 04:04:58,21177,2044321792,31019008,0.0,0.0929492478450638,0,11,0.03,0.01,0.0,0.0,0.0,9732096,0,7,4,1,0,sleeping,123,53,0,57344,18595,9925
2025-05-20 04:04:59,21177,2044321792,31019008,0.0,0.0929492478450638,0,11,0.03,0.01,0.0,0.0,0.0,9732096,0,7,4,1,0,sleeping,123,53,0,57344,18595,9925
2025-05-20 04:05:00,21177,2044321792,31019008,0.0,0.0929492478450638,0,11,0.03,0.01,0.0,0.0,0.0,9732096,0,7,4,1,0,sleeping,123,53,0,57344,18595,9925
2025-05-20 04:05:01,21177,2044321792,31019008,0.0,0.0929492478450638,0,11,0.03,0.01,0.0,0.0,0.0,9732096,0,7,4,1,0,sleeping,123,53,0,57344,18595,9925
2025-05-20 04:05:02,21177,2044321792,31019008,0.0,0.0929492478450638,0,11,0.03,0.01,0.0,0.0,0.0,9732096,0,7,4,1,0,sleeping,123,53,0,57344,18595,9925
2025-05-20 04:05:03,21177,2044321792,31019008,0.0,0.0929492478450638,0,11,0.03,0.01,0.0,0.0,0.0,9732096,0,7,4,1,0,sleeping,123,53,0,57344,18595,9925
2025-05-20 04:05:04,21177,2044321792,31019008,0.0,0.0929492478450638,0,11,0.03,0.01,0.0,0.0,0.0,9732096,0,7,4,1,0,sleeping,123,53,0,57344,18595,9925
2025-05-20 04:05:06,21177,2044321792,31019008,0.0,0.0929492478450638,0,11,0.03,0.01,0.0,0.0,0.0,9732096,0,7,4,1,0,sleeping,123,53,0,57344,18595,9925
2025-05-20 04:05:07,21177,2044321792,31019008,0.0,0.0929492478450638,0,11,0.03,0.01,0.0,0.0,0.0,9732096,0,7,4,1,0,sleeping,123,53,0,57344,18595,9925
2025-05-20 04:05:08,21177,2044321792,31019008,0.0,0.0929492478450638,0,11,0.03,0.01,0.0,0.0,0.0,9732096,0,7,4,1,0,sleeping,123,53,0,57344,18595,9925
2025-05-20 04:05:09,21177,2044321792,31019008,0.0,0.0929492478450638,0,11,0.03,0.01,0.0,0.0,0.0,9732096,0,7,4,1,0,sleeping,123,53,0,57344,18595,9925
2025-05-20 04:05:10,21177,2044321792,31019008,0.0,0.0929492478450638,0,11,0.03,0.01,0.0,0.0,0.0,9732096,0,7,4,1,0,sleeping,123,53,0,57344,18595,9925
2025-05-20 04:05:11,21177,2044321792,31019008,0.0,0.0929492478450638,0,11,0.03,0.01,0.0,0.0,0.0,9732096,0,7,4,1,0,sleeping,123,53,0,57344,18595,9925
2025-05-20 04:05:12,21177,2044321792,31019008,0.0,0.0929492478450638,0,11,0.03,0.01,0.0,0.0,0.0,9732096,0,7,4,1,0,sleeping,123,53,0,57344,18595,9925
2025-05-20 04:05:14,21177,2044321792,31019008,0.0,0.0929492478450638,0,11,0.03,0.01,0.0,0.0,0.0,9732096,0,7,4,1,0,sleeping,123,53,0,57344,18595,9925
2025-05-20 04:05:15,21177,2044321792,31019008,0.0,0.0929492478450638,0,11,0.03,0.01,0.0,0.0,0.0,9732096,0,7,4,1,0,sleeping,123,53,0,57344,18595,9925
2025-05-20 04:05:16,21177,2044321792,31019008,0.0,0.0929492478450638,0,11,0.03,0.01,0.0,0.0,0.0,9732096,0,7,4,1,0,sleeping,123,53,0,57344,18595,9925
2025-05-20 04:05:17,21177,2044321792,31019008,0.0,0.0929492478450638,0,11,0.03,0.01,0.0,0.0,0.0,9732096,0,7,4,1,0,sleeping,123,53,0,57344,18595,9925
2025-05-20 04:05:18,21177,2044321792,31019008,0.0,0.0929492478450638,0,11,0.03,0.01,0.0,0.0,0.0,9732096,0,7,4,1,0,sleeping,123,53,0,57344,18595,9925
2025-05-20 04:05:19,21177,2044321792,31019008,0.0,0.0929492478450638,0,11,0.03,0.01,0.0,0.0,0.0,9732096,0,7,4,1,0,sleeping,123,53,0,57344,18595,9925
2025-05-20 04:05:20,21177,2044321792,31019008,0.0,0.0929492478450638,0,11,0.03,0.01,0.0,0.0,0.0,9732096,0,7,4,1,0,sleeping,123,53,0,57344,18595,9925
2025-05-20 04:05:21,21177,2044321792,31019008,0.0,0.0929492478450638,0,11,0.03,0.01,0.0,0.0,0.0,9732096,0,7,4,1,0,sleeping,123,53,0,57344,18595,9925
2025-05-20 04:05:23,21177,2044321792,31019008,0.0,0.0929492478450638,0,11,0.03,0.01,0.0,0.0,0.0,9732096,0,7,4,1,0,sleeping,123,53,0,57344,18595,9925
2025-05-20 04:05:24,21177,2044321792,31019008,0.0,0.0929492478450638,0,11,0.03,0.01,0.0,0.0,0.0,9732096,0,7,4,1,0,sleeping,123,53,0,57344,18595,9925
2025-05-20 04:05:25,21177,2044321792,31019008,0.0,0.0929492478450638,0,11,0.03,0.01,0.0,0.0,0.0,9732096,0,7,4,1,0,sleeping,123,53,0,57344,18595,9925
2025-05-20 04:05:26,21177,2044321792,31019008,0.0,0.0929492478450638,0,11,0.03,0.01,0.0,0.0,0.0,9732096,0,7,4,1,0,sleeping,125,54,0,57344,18727,10049
2025-05-20 04:05:27,21177,2044321792,31019008,0.0,0.0929492478450638,0,11,0.03,0.01,0.0,0.0,0.0,9732096,0,7,4,1,0,sleeping,125,54,0,57344,18727,10049
2025-05-20 04:05:28,21177,2044321792,31019008,0.0,0.0929492478450638,0,11,0.03,0.01,0.0,0.0,0.0,9732096,0,7,4,1,0,sleeping,125,54,0,57344,18727,10049
2025-05-20 04:05:29,21177,2044321792,31019008,0.0,0.0929492478450638,0,11,0.03,0.01,0.0,0.0,0.0,9732096,0,7,4,1,0,sleeping,125,54,0,57344,18727,10049
2025-05-20 04:05:30,21177,2044321792,31019008,0.0,0.0929492478450638,0,11,0.03,0.01,0.0,0.0,0.0,9732096,0,7,4,1,0,sleeping,125,54,0,57344,18727,10049
2025-05-20 04:05:32,21177,2044321792,31019008,0.0,0.0929492478450638,0,11,0.03,0.01,0.0,0.0,0.0,9732096,0,7,4,1,0,sleeping,125,54,0,57344,18727,10049
2025-05-20 04:05:33,21177,2044321792,31019008,0.0,0.0929492478450638,0,11,0.03,0.01,0.0,0.0,0.0,9732096,0,7,4,1,0,sleeping,125,54,0,57344,18727,10049
2025-05-20 04:05:34,21177,2044321792,31019008,0.0,0.0929492478450638,0,11,0.03,0.01,0.0,0.0,0.0,9732096,0,7,4,1,0,sleeping,125,54,0,57344,18727,10049
2025-05-20 04:05:35,21177,2044321792,31019008,0.0,0.0929492478450638,0,11,0.03,0.01,0.0,0.0,0.0,9732096,0,7,4,1,0,sleeping,125,54,0,57344,18727,10049
2025-05-20 04:05:36,21177,2044321792,31019008,0.0,0.0929492478450638,0,11,0.03,0.01,0.0,0.0,0.0,9732096,0,7,4,1,0,sleeping,125,54,0,57344,18727,10049
2025-05-20 04:05:37,21177,2044321792,31019008,0.0,0.0929492478450638,0,11,0.03,0.01,0.0,0.0,0.0,9732096,0,7,4,1,0,sleeping,125,54,0,57344,18727,10049
2025-05-20 04:05:38,21177,2044321792,31019008,0.0,0.0929492478450638,0,11,0.03,0.01,0.0,0.0,0.0,9732096,0,7,4,1,0,sleeping,125,54,0,57344,18727,10049
2025-05-20 04:05:40,21177,2044321792,31019008,0.0,0.0929492478450638,0,11,0.03,0.01,0.0,0.0,0.0,9732096,0,7,4,1,0,sleeping,125,54,0,57344,18727,10049
2025-05-20 04:05:41,21177,2044321792,31019008,0.0,0.0929492478450638,0,11,0.03,0.01,0.0,0.0,0.0,9732096,0,7,4,1,0,sleeping,125,54,0,57344,18727,10049
2025-05-20 04:05:42,21177,2044321792,31019008,0.0,0.0929492478450638,0,11,0.03,0.01,0.0,0.0,0.0,9732096,0,7,4,1,0,sleeping,125,54,0,57344,18727,10049
2025-05-20 04:05:43,21177,2044321792,31019008,0.0,0.0929492478450638,0,11,0.03,0.01,0.0,0.0,0.0,9732096,0,7,4,1,0,sleeping,125,54,0,57344,18727,10049
2025-05-20 04:05:44,21177,2044321792,31019008,0.0,0.0929492478450638,0,11,0.03,0.01,0.0,0.0,0.0,9732096,0,7,4,1,0,sleeping,125,54,0,57344,18727,10049
2025-05-20 04:05:45,21177,2044321792,31019008,0.0,0.0929492478450638,0,11,0.03,0.01,0.0,0.0,0.0,9732096,0,7,4,1,0,sleeping,125,54,0,57344,18727,10049
2025-05-20 04:05:46,21177,2044321792,31019008,0.0,0.0929492478450638,0,11,0.03,0.01,0.0,0.0,0.0,9732096,0,7,4,1,0,sleeping,125,54,0,57344,18727,10049
2025-05-20 04:05:47,21177,2044321792,31019008,0.0,0.0929492478450638,0,11,0.03,0.01,0.0,0.0,0.0,9732096,0,7,4,1,0,sleeping,125,54,0,57344,18727,10049
2025-05-20 04:05:49,21177,2044321792,31019008,0.0,0.0929492478450638,0,11,0.03,0.01,0.0,0.0,0.0,9732096,0,7,4,1,0,sleeping,125,54,0,57344,18727,10049
2025-05-20 04:05:50,21177,2044321792,31019008,0.0,0.0929492478450638,0,11,0.03,0.01,0.0,0.0,0.0,9732096,0,7,4,1,0,sleeping,125,54,0,57344,18727,10049
2025-05-20 04:05:51,21177,2044321792,31019008,0.0,0.0929492478450638,0,11,0.03,0.01,0.0,0.0,0.0,9732096,0,7,4,1,0,sleeping,125,54,0,57344,18727,10049
2025-05-20 04:05:52,21177,2044321792,31019008,0.0,0.0929492478450638,0,11,0.03,0.01,0.0,0.0,0.0,9732096,0,7,4,1,0,sleeping,125,54,0,57344,18727,10049
2025-05-20 04:05:53,21177,2044321792,31019008,0.0,0.0929492478450638,0,11,0.03,0.01,0.0,0.0,0.0,9732096,0,7,4,1,0,sleeping,125,54,0,57344,18727,10049
2025-05-20 04:05:54,21177,2044321792,31019008,0.0,0.0929492478450638,0,11,0.03,0.01,0.0,0.0,0.0,9732096,0,7,4,1,0,sleeping,125,54,0,57344,18727,10049
2025-05-20 04:05:55,21177,2044321792,31019008,0.0,0.0929492478450638,0,11,0.03,0.01,0.0,0.0,0.0,9732096,0,7,4,1,0,sleeping,125,54,0,57344,18727,10049
2025-05-20 04:05:56,21177,2044321792,31019008,0.0,0.0929492478450638,0,11,0.03,0.01,0.0,0.0,0.0,9732096,0,6,3,1,0,sleeping,127,55,0,61440,18859,10173
2025-05-20 04:05:57,21177,2044321792,31019008,0.0,0.0929492478450638,0,11,0.03,0.01,0.0,0.0,0.0,9732096,0,6,3,1,0,sleeping,127,55,0,61440,18859,10173
2025-05-20 04:05:58,21177,2044321792,31019008,0.0,0.0929492478450638,0,11,0.03,0.01,0.0,0.0,0.0,9732096,0,6,3,1,0,sleeping,127,55,0,61440,18859,10173
2025-05-20 04:05:59,21177,2044321792,31019008,0.0,0.0929492478450638,0,11,0.03,0.01,0.0,0.0,0.0,9732096,0,6,3,1,0,sleeping,127,55,0,61440,18859,10173
2025-05-20 04:06:00,21177,2044321792,31019008,0.0,0.0929492478450638,0,11,0.03,0.01,0.0,0.0,0.0,9732096,0,6,3,1,0,sleeping,127,55,0,61440,18859,10173
2025-05-20 04:06:02,21177,2044321792,31019008,0.0,0.0929492478450638,0,11,0.03,0.01,0.0,0.0,0.0,9732096,0,6,3,1,0,sleeping,127,55,0,61440,18859,10173
2025-05-20 04:06:03,21177,2044321792,31019008,0.0,0.0929492478450638,0,11,0.03,0.01,0.0,0.0,0.0,9732096,0,6,3,1,0,sleeping,127,55,0,61440,18859,10173
2025-05-20 04:06:04,21177,2044321792,31019008,0.0,0.0929492478450638,0,11,0.03,0.01,0.0,0.0,0.0,9732096,0,6,3,1,0,sleeping,127,55,0,61440,18859,10173
2025-05-20 04:06:06,21177,2044321792,31019008,0.0,0.0929492478450638,0,11,0.03,0.01,0.0,0.0,0.0,9732096,0,6,3,1,0,sleeping,127,55,0,61440,18859,10173
2025-05-20 04:06:07,21177,2044321792,31019008,0.0,0.0929492478450638,0,11,0.03,0.01,0.0,0.0,0.0,9732096,0,6,3,1,0,sleeping,127,55,0,61440,18859,10173
2025-05-20 04:06:08,21177,2044321792,31019008,0.0,0.0929492478450638,0,11,0.03,0.01,0.0,0.0,0.0,9732096,0,6,3,1,0,sleeping,127,55,0,61440,18859,10173
2025-05-20 04:06:09,21177,2044321792,31019008,0.0,0.0929492478450638,0,11,0.03,0.01,0.0,0.0,0.0,9732096,0,6,3,1,0,sleeping,127,55,0,61440,18859,10173
2025-05-20 04:06:10,21177,2044321792,31019008,0.0,0.0929492478450638,0,11,0.03,0.01,0.0,0.0,0.0,9732096,0,6,3,1,0,sleeping,127,55,0,61440,18859,10173
2025-05-20 04:06:11,21177,2044321792,31019008,0.0,0.0929492478450638,0,11,0.03,0.01,0.0,0.0,0.0,9732096,0,6,3,1,0,sleeping,127,55,0,61440,18859,10173
2025-05-20 04:06:12,21177,2044321792,31019008,0.0,0.0929492478450638,0,11,0.03,0.01,0.0,0.0,0.0,9732096,0,6,3,1,0,sleeping,127,55,0,61440,18859,10173
2025-05-20 04:06:13,21177,2044321792,31019008,0.0,0.0929492478450638,0,11,0.03,0.01,0.0,0.0,0.0,9732096,0,6,3,1,0,sleeping,127,55,0,61440,18859,10173
2025-05-20 04:06:14,21177,2044321792,31019008,0.0,0.0929492478450638,0,11,0.03,0.01,0.0,0.0,0.0,9732096,0,6,3,1,0,sleeping,127,55,0,61440,18859,10173
2025-05-20 04:06:15,21177,2044321792,31019008,0.0,0.0929492478450638,0,11,0.03,0.01,0.0,0.0,0.0,9732096,0,6,3,1,0,sleeping,127,55,0,61440,18859,10173
2025-05-20 04:06:16,21177,2044321792,31019008,0.0,0.0929492478450638,0,11,0.03,0.01,0.0,0.0,0.0,9732096,0,6,3,1,0,sleeping,127,55,0,61440,18859,10173
2025-05-20 04:06:18,21177,2044321792,31019008,0.0,0.0929492478450638,0,11,0.03,0.01,0.0,0.0,0.0,9732096,0,6,3,1,0,sleeping,127,55,0,61440,18859,10173
2025-05-20 04:06:19,21177,2044321792,31019008,0.0,0.0929492478450638,0,11,0.03,0.01,0.0,0.0,0.0,9732096,0,6,3,1,0,sleeping,127,55,0,61440,18859,10173
2025-05-20 04:06:20,21177,2044321792,31019008,0.0,0.0929492478450638,0,11,0.03,0.01,0.0,0.0,0.0,9732096,0,6,3,1,0,sleeping,127,55,0,61440,18859,10173
2025-05-20 04:06:21,21177,2044321792,31019008,0.0,0.0929492478450638,0,11,0.03,0.01,0.0,0.0,0.0,9732096,0,6,3,1,0,sleeping,127,55,0,61440,18859,10173
2025-05-20 04:06:22,21177,2044321792,31019008,0.0,0.0929492478450638,0,11,0.03,0.01,0.0,0.0,0.0,9732096,0,6,3,1,0,sleeping,127,55,0,61440,18859,10173
2025-05-20 04:06:23,21177,2044321792,31019008,0.0,0.0929492478450638,0,11,0.03,0.01,0.0,0.0,0.0,9732096,0,6,3,1,0,sleeping,127,55,0,61440,18859,10173
2025-05-20 04:06:24,21177,2044321792,31019008,0.0,0.0929492478450638,0,11,0.03,0.01,0.0,0.0,0.0,9732096,0,6,3,1,0,sleeping,127,55,0,61440,18859,10173
2025-05-20 04:06:26,21177,2044321792,31019008,0.0,0.0929492478450638,0,11,0.03,0.01,0.0,0.0,0.0,9732096,0,6,3,1,0,sleeping,127,55,0,61440,18859,10173
2025-05-20 04:06:27,21177,2044321792,31019008,0.0,0.0929492478450638,0,11,0.03,0.01,0.0,0.0,0.0,9732096,0,6,4,1,0,sleeping,129,56,0,61440,18991,10297
2025-05-20 04:06:28,21177,2044321792,31019008,0.0,0.0929492478450638,0,11,0.03,0.01,0.0,0.0,0.0,9732096,0,6,4,1,0,sleeping,129,56,0,61440,18991,10297
2025-05-20 04:06:29,21177,2044321792,31019008,0.0,0.0929492478450638,0,11,0.03,0.01,0.0,0.0,0.0,9732096,0,6,4,1,0,sleeping,129,56,0,61440,18991,10297
2025-05-20 04:06:30,21177,2044321792,31019008,0.0,0.0929492478450638,0,11,0.03,0.01,0.0,0.0,0.0,9732096,0,6,4,1,0,sleeping,129,56,0,61440,18991,10297
2025-05-20 04:06:31,21177,2044321792,31019008,0.0,0.0929492478450638,0,11,0.03,0.01,0.0,0.0,0.0,9732096,0,6,4,1,0,sleeping,129,56,0,61440,18991,10297
2025-05-20 04:06:32,21177,2044321792,31019008,0.0,0.0929492478450638,0,11,0.03,0.01,0.0,0.0,0.0,9732096,0,6,4,1,0,sleeping,129,56,0,61440,18991,10297
2025-05-20 04:06:33,21177,2044321792,31019008,0.0,0.0929492478450638,0,11,0.03,0.01,0.0,0.0,0.0,9732096,0,6,4,1,0,sleeping,129,56,0,61440,18991,10297
2025-05-20 04:06:34,21177,2044321792,31019008,0.0,0.0929492478450638,0,11,0.03,0.01,0.0,0.0,0.0,9732096,0,6,4,1,0,sleeping,129,56,0,61440,18991,10297
2025-05-20 04:06:36,21177,2044321792,31019008,0.0,0.0929492478450638,0,11,0.03,0.01,0.0,0.0,0.0,9732096,0,6,4,1,0,sleeping,129,56,0,61440,18991,10297
2025-05-20 04:06:37,21177,2044321792,31019008,0.0,0.0929492478450638,0,11,0.03,0.01,0.0,0.0,0.0,9732096,0,6,4,1,0,sleeping,129,56,0,61440,18991,10297
2025-05-20 04:06:39,21177,2044321792,31019008,0.0,0.0929492478450638,0,11,0.03,0.01,0.0,0.0,0.0,9732096,0,6,4,1,0,sleeping,129,56,0,61440,18991,10297
2025-05-20 04:06:40,21177,2044321792,31019008,0.0,0.0929492478450638,0,11,0.03,0.01,0.0,0.0,0.0,9732096,0,6,4,1,0,sleeping,129,56,0,61440,18991,10297
2025-05-20 04:06:41,21177,2044321792,31019008,0.0,0.0929492478450638,0,11,0.03,0.01,0.0,0.0,0.0,9732096,0,6,4,1,0,sleeping,129,56,0,61440,18991,10297
2025-05-20 04:06:42,21177,2044321792,31019008,0.0,0.0929492478450638,0,11,0.03,0.01,0.0,0.0,0.0,9732096,0,6,4,1,0,sleeping,129,56,0,61440,18991,10297
2025-05-20 04:06:43,21177,2044321792,31019008,0.0,0.0929492478450638,0,11,0.03,0.01,0.0,0.0,0.0,9732096,0,6,4,1,0,sleeping,129,56,0,61440,18991,10297
2025-05-20 04:06:44,21177,2044321792,31019008,0.0,0.0929492478450638,0,11,0.03,0.01,0.0,0.0,0.0,9732096,0,6,4,1,0,sleeping,129,56,0,61440,18991,10297
2025-05-20 04:06:45,21177,2044321792,31019008,0.0,0.0929492478450638,0,11,0.03,0.01,0.0,0.0,0.0,9732096,0,6,4,1,0,sleeping,129,56,0,61440,18991,10297
2025-05-20 04:06:46,21177,2044321792,31019008,0.0,0.0929492478450638,0,11,0.03,0.01,0.0,0.0,0.0,9732096,0,6,4,1,0,sleeping,129,56,0,61440,18991,10297
2025-05-20 04:06:47,21177,2044321792,31019008,0.0,0.0929492478450638,0,11,0.03,0.01,0.0,0.0,0.0,9732096,0,6,4,1,0,sleeping,129,56,0,61440,18991,10297
2025-05-20 04:06:48,21177,2044321792,31019008,0.0,0.0929492478450638,0,11,0.03,0.01,0.0,0.0,0.0,9732096,0,6,4,1,0,sleeping,129,56,0,61440,18991,10297
2025-05-20 04:06:49,21177,2044321792,31019008,0.0,0.0929492478450638,0,11,0.03,0.01,0.0,0.0,0.0,9732096,0,6,4,1,0,sleeping,129,56,0,61440,18991,10297
2025-05-20 04:06:50,21177,2044321792,31019008,0.0,0.0929492478450638,0,11,0.03,0.01,0.0,0.0,0.0,9732096,0,6,4,1,0,sleeping,129,56,0,61440,18991,10297
2025-05-20 04:06:52,21177,2044321792,31019008,0.0,0.0929492478450638,0,11,0.03,0.01,0.0,0.0,0.0,9732096,0,6,4,1,0,sleeping,129,56,0,61440,18991,10297
2025-05-20 04:06:53,21177,2044321792,31019008,0.0,0.0929492478450638,0,11,0.03,0.01,0.0,0.0,0.0,9732096,0,6,4,1,0,sleeping,129,56,0,61440,18991,10297
2025-05-20 04:06:54,21177,2044321792,31019008,0.0,0.0929492478450638,0,11,0.03,0.01,0.0,0.0,0.0,9732096,0,6,4,1,0,sleeping,129,56,0,61440,18991,10297
2025-05-20 04:06:55,21177,2044321792,31019008,0.0,0.0929492478450638,0,11,0.03,0.01,0.0,0.0,0.0,9732096,0,6,4,1,0,sleeping,129,56,0,61440,18991,10297
2025-05-20 04:06:57,21177,2044321792,31019008,0.0,0.0929492478450638,0,11,0.03,0.01,0.0,0.0,0.0,9732096,0,6,3,1,0,sleeping,131,57,0,65536,19122,10420
2025-05-20 04:06:58,21177,2044321792,31019008,0.0,0.0929492478450638,0,11,0.03,0.01,0.0,0.0,0.0,9732096,0,6,3,1,0,sleeping,131,57,0,65536,19122,10420
2025-05-20 04:06:59,21177,2044321792,31019008,0.0,0.0929492478450638,0,11,0.03,0.01,0.0,0.0,0.0,9732096,0,6,3,1,0,sleeping,131,57,0,65536,19122,10420
2025-05-20 04:07:00,21177,2044321792,31019008,0.0,0.0929492478450638,0,11,0.03,0.01,0.0,0.0,0.0,9732096,0,6,3,1,0,sleeping,131,57,0,65536,19122,10420
2025-05-20 04:07:01,21177,2044321792,31019008,0.0,0.0929492478450638,0,11,0.03,0.01,0.0,0.0,0.0,9732096,0,6,3,1,0,sleeping,131,57,0,65536,19122,10420
2025-05-20 04:07:02,21177,2044321792,31019008,0.0,0.0929492478450638,0,11,0.03,0.01,0.0,0.0,0.0,9732096,0,6,3,1,0,sleeping,131,57,0,65536,19122,10420
2025-05-20 04:07:03,21177,2044321792,31019008,0.0,0.0929492478450638,0,11,0.03,0.01,0.0,0.0,0.0,9732096,0,6,3,1,0,sleeping,131,57,0,65536,19122,10420
2025-05-20 04:07:04,21177,2044321792,31019008,0.0,0.0929492478450638,0,11,0.03,0.01,0.0,0.0,0.0,9732096,0,6,3,1,0,sleeping,131,57,0,65536,19122,10420
2025-05-20 04:07:05,21177,2044321792,31019008,0.0,0.0929492478450638,0,11,0.03,0.01,0.0,0.0,0.0,9732096,0,6,3,1,0,sleeping,131,57,0,65536,19122,10420
2025-05-20 04:07:06,21177,2044321792,31019008,0.0,0.0929492478450638,0,11,0.03,0.01,0.0,0.0,0.0,9732096,0,6,3,1,0,sleeping,131,57,0,65536,19122,10420
2025-05-20 04:07:07,21177,2044321792,31019008,0.0,0.0929492478450638,0,11,0.03,0.01,0.0,0.0,0.0,9732096,0,6,3,1,0,sleeping,131,57,0,65536,19122,10420
2025-05-20 04:07:09,21177,2044321792,31019008,0.0,0.0929492478450638,0,11,0.03,0.01,0.0,0.0,0.0,9732096,0,6,3,1,0,sleeping,131,57,0,65536,19122,10420
2025-05-20 04:07:10,21177,2044321792,31019008,0.0,0.0929492478450638,0,11,0.03,0.01,0.0,0.0,0.0,9732096,0,6,3,1,0,sleeping,131,57,0,65536,19122,10420
2025-05-20 04:07:11,21177,2044321792,31019008,0.0,0.0929492478450638,0,11,0.03,0.01,0.0,0.0,0.0,9732096,0,6,3,1,0,sleeping,131,57,0,65536,19122,10420
2025-05-20 04:07:13,21177,2044321792,31019008,0.0,0.0929492478450638,0,11,0.03,0.01,0.0,0.0,0.0,9732096,0,6,3,1,0,sleeping,131,57,0,65536,19122,10420
2025-05-20 04:07:14,21177,2044321792,31019008,0.0,0.0929492478450638,0,11,0.03,0.01,0.0,0.0,0.0,9732096,0,6,3,1,0,sleeping,131,57,0,65536,19122,10420
2025-05-20 04:07:15,21177,2044321792,31019008,0.0,0.0929492478450638,0,11,0.03,0.01,0.0,0.0,0.0,9732096,0,6,3,1,0,sleeping,131,57,0,65536,19122,10420
2025-05-20 04:07:16,21177,2044321792,31019008,0.0,0.0929492478450638,0,11,0.03,0.01,0.0,0.0,0.0,9732096,0,6,3,1,0,sleeping,131,57,0,65536,19122,10420
2025-05-20 04:07:17,21177,2044321792,31019008,0.0,0.0929492478450638,0,11,0.03,0.01,0.0,0.0,0.0,9732096,0,6,3,1,0,sleeping,131,57,0,65536,19122,10420
2025-05-20 04:07:18,21177,2044321792,31019008,0.0,0.0929492478450638,0,11,0.03,0.01,0.0,0.0,0.0,9732096,0,6,3,1,0,sleeping,131,57,0,65536,19122,10420
2025-05-20 04:07:19,21177,2044321792,31019008,0.0,0.0929492478450638,0,11,0.03,0.01,0.0,0.0,0.0,9732096,0,6,3,1,0,sleeping,131,57,0,65536,19122,10420
2025-05-20 04:07:20,21177,2044321792,31019008,0.0,0.0929492478450638,0,11,0.03,0.01,0.0,0.0,0.0,9732096,0,6,3,1,0,sleeping,131,57,0,65536,19122,10420
2025-05-20 04:07:21,21177,2044321792,31019008,0.0,0.0929492478450638,0,11,0.03,0.01,0.0,0.0,0.0,9732096,0,6,3,1,0,sleeping,131,57,0,65536,19122,10420
2025-05-20 04:07:22,21177,2044321792,31019008,0.0,0.0929492478450638,0,11,0.03,0.01,0.0,0.0,0.0,9732096,0,6,3,1,0,sleeping,131,57,0,65536,19122,10420
2025-05-20 04:07:23,21177,2044321792,31019008,0.0,0.0929492478450638,0,11,0.03,0.01,0.0,0.0,0.0,9732096,0,6,3,1,0,sleeping,131,57,0,65536,19122,10420
2025-05-20 04:07:25,21177,2044321792,31019008,0.0,0.0929492478450638,0,11,0.03,0.01,0.0,0.0,0.0,9732096,0,6,3,1,0,sleeping,131,57,0,65536,19122,10420
2025-05-20 04:07:26,21177,2044321792,31019008,0.7,0.0929492478450638,0,11,0.04,0.01,0.0,0.0,0.0,9732096,0,8,4,1,0,sleeping,133,58,0,65536,19254,10544
2025-05-20 04:07:27,21177,2044321792,31019008,0.0,0.0929492478450638,0,11,0.04,0.01,0.0,0.0,0.0,9732096,0,8,4,1,0,sleeping,133,58,0,65536,19254,10544
2025-05-20 04:07:28,21177,2044321792,31019008,0.0,0.0929492478450638,0,11,0.04,0.01,0.0,0.0,0.0,9732096,0,8,4,1,0,sleeping,133,58,0,65536,19254,10544
2025-05-20 04:07:29,21177,2044321792,31019008,0.0,0.0929492478450638,0,11,0.04,0.01,0.0,0.0,0.0,9732096,0,8,4,1,0,sleeping,133,58,0,65536,19254,10544
2025-05-20 04:07:30,21177,2044321792,31019008,0.0,0.0929492478450638,0,11,0.04,0.01,0.0,0.0,0.0,9732096,0,8,4,1,0,sleeping,133,58,0,65536,19254,10544
2025-05-20 04:07:32,21177,2044321792,31019008,0.0,0.0929492478450638,0,11,0.04,0.01,0.0,0.0,0.0,9732096,0,8,4,1,0,sleeping,133,58,0,65536,19254,10544
2025-05-20 04:07:33,21177,2044321792,31019008,0.0,0.0929492478450638,0,11,0.04,0.01,0.0,0.0,0.0,9732096,0,8,4,1,0,sleeping,133,58,0,65536,19254,10544
2025-05-20 04:07:34,21177,2044321792,31019008,0.0,0.0929492478450638,0,11,0.04,0.01,0.0,0.0,0.0,9732096,0,8,4,1,0,sleeping,133,58,0,65536,19254,10544
2025-05-20 04:07:35,21177,2044321792,31019008,0.0,0.0929492478450638,0,11,0.04,0.01,0.0,0.0,0.0,9732096,0,8,4,1,0,sleeping,133,58,0,65536,19254,10544
2025-05-20 04:07:36,21177,2044321792,31019008,0.0,0.0929492478450638,0,11,0.04,0.01,0.0,0.0,0.0,9732096,0,8,4,1,0,sleeping,133,58,0,65536,19254,10544
2025-05-20 04:07:37,21177,2044321792,31019008,0.0,0.0929492478450638,0,11,0.04,0.01,0.0,0.0,0.0,9732096,0,8,4,1,0,sleeping,133,58,0,65536,19254,10544
2025-05-20 04:07:38,21177,2044321792,31019008,0.0,0.0929492478450638,0,11,0.04,0.01,0.0,0.0,0.0,9732096,0,8,4,1,0,sleeping,133,58,0,65536,19254,10544
2025-05-20 04:07:39,21177,2044321792,31019008,0.0,0.0929492478450638,0,11,0.04,0.01,0.0,0.0,0.0,9732096,0,8,4,1,0,sleeping,133,58,0,65536,19254,10544
2025-05-20 04:07:40,21177,2044321792,31019008,0.0,0.0929492478450638,0,11,0.04,0.01,0.0,0.0,0.0,9732096,0,8,4,1,0,sleeping,133,58,0,65536,19254,10544
2025-05-20 04:07:42,21177,2044321792,31019008,0.0,0.0929492478450638,0,11,0.04,0.01,0.0,0.0,0.0,9732096,0,8,4,1,0,sleeping,133,58,0,65536,19254,10544
2025-05-20 04:07:43,21177,2044321792,31019008,0.0,0.0929492478450638,0,11,0.04,0.01,0.0,0.0,0.0,9732096,0,8,4,1,0,sleeping,133,58,0,65536,19254,10544
2025-05-20 04:07:44,21177,2044321792,31019008,0.0,0.0929492478450638,0,11,0.04,0.01,0.0,0.0,0.0,9732096,0,8,4,1,0,sleeping,133,58,0,65536,19254,10544
2025-05-20 04:07:45,21177,2044321792,31019008,0.0,0.0929492478450638,0,11,0.04,0.01,0.0,0.0,0.0,9732096,0,8,4,1,0,sleeping,133,58,0,65536,19254,10544
2025-05-20 04:07:46,21177,2044321792,31019008,0.0,0.0929492478450638,0,11,0.04,0.01,0.0,0.0,0.0,9732096,0,8,4,1,0,sleeping,133,58,0,65536,19254,10544
2025-05-20 04:07:47,21177,2044321792,31019008,0.0,0.0929492478450638,0,11,0.04,0.01,0.0,0.0,0.0,9732096,0,8,4,1,0,sleeping,133,58,0,65536,19254,10544
2025-05-20 04:07:48,21177,2044321792,31019008,0.0,0.0929492478450638,0,11,0.04,0.01,0.0,0.0,0.0,9732096,0,8,4,1,0,sleeping,133,58,0,65536,19254,10544
2025-05-20 04:07:49,21177,2044321792,31019008,0.0,0.0929492478450638,0,11,0.04,0.01,0.0,0.0,0.0,9732096,0,8,4,1,0,sleeping,133,58,0,65536,19254,10544
2025-05-20 04:07:51,21177,2044321792,31019008,0.0,0.0929492478450638,0,11,0.04,0.01,0.0,0.0,0.0,9732096,0,8,4,1,0,sleeping,133,58,0,65536,19254,10544
2025-05-20 04:07:52,21177,2044321792,31019008,0.0,0.0929492478450638,0,11,0.04,0.01,0.0,0.0,0.0,9732096,0,8,4,1,0,sleeping,133,58,0,65536,19254,10544
2025-05-20 04:07:53,21177,2044321792,31019008,0.0,0.0929492478450638,0,11,0.04,0.01,0.0,0.0,0.0,9732096,0,8,4,1,0,sleeping,133,58,0,65536,19254,10544
2025-05-20 04:07:54,21177,2044321792,31019008,0.0,0.0929492478450638,0,11,0.04,0.01,0.0,0.0,0.0,9732096,0,8,4,1,0,sleeping,133,58,0,65536,19254,10544
2025-05-20 04:07:55,21177,2044321792,31019008,0.0,0.0929492478450638,0,11,0.04,0.01,0.0,0.0,0.0,9732096,0,8,4,1,0,sleeping,133,58,0,65536,19254,10544
2025-05-20 04:07:56,21177,2044321792,31019008,0.0,0.0929492478450638,0,11,0.04,0.01,0.0,0.0,0.0,9732096,0,7,4,1,0,sleeping,135,59,0,69632,19386,10668
2025-05-20 04:07:57,21177,2044321792,31019008,0.0,0.0929492478450638,0,11,0.04,0.01,0.0,0.0,0.0,9732096,0,7,4,1,0,sleeping,135,59,0,69632,19386,10668
2025-05-20 04:07:59,21177,2044321792,31019008,0.0,0.0929492478450638,0,11,0.04,0.01,0.0,0.0,0.0,9732096,0,7,4,1,0,sleeping,135,59,0,69632,19386,10668
2025-05-20 04:08:00,21177,2044321792,31019008,0.0,0.0929492478450638,0,11,0.04,0.01,0.0,0.0,0.0,9732096,0,7,4,1,0,sleeping,135,59,0,69632,19386,10668
2025-05-20 04:08:01,21177,2044321792,31019008,0.0,0.0929492478450638,0,11,0.04,0.01,0.0,0.0,0.0,9732096,0,7,4,1,0,sleeping,135,59,0,69632,19386,10668
2025-05-20 04:08:02,21177,2044321792,31019008,0.0,0.0929492478450638,0,11,0.04,0.01,0.0,0.0,0.0,9732096,0,7,4,1,0,sleeping,135,59,0,69632,19386,10668
2025-05-20 04:08:03,21177,2044321792,31019008,0.0,0.0929492478450638,0,11,0.04,0.01,0.0,0.0,0.0,9732096,0,7,4,1,0,sleeping,135,59,0,69632,19386,10668
2025-05-20 04:08:04,21177,2044321792,31019008,0.0,0.0929492478450638,0,11,0.04,0.01,0.0,0.0,0.0,9732096,0,7,4,1,0,sleeping,135,59,0,69632,19386,10668
2025-05-20 04:08:05,21177,2044321792,31019008,0.0,0.0929492478450638,0,11,0.04,0.01,0.0,0.0,0.0,9732096,0,7,4,1,0,sleeping,135,59,0,69632,19386,10668
2025-05-20 04:08:06,21177,2044321792,31019008,0.0,0.0929492478450638,0,11,0.04,0.01,0.0,0.0,0.0,9732096,0,7,4,1,0,sleeping,135,59,0,69632,19386,10668
2025-05-20 04:08:07,21177,2044321792,31019008,0.0,0.0929492478450638,0,11,0.04,0.01,0.0,0.0,0.0,9732096,0,7,4,1,0,sleeping,135,59,0,69632,19386,10668
2025-05-20 04:08:09,21177,2044321792,31019008,0.0,0.0929492478450638,0,11,0.04,0.01,0.0,0.0,0.0,9732096,0,7,4,1,0,sleeping,135,59,0,69632,19386,10668
2025-05-20 04:08:10,21177,2044321792,31019008,0.0,0.0929492478450638,0,11,0.04,0.01,0.0,0.0,0.0,9732096,0,7,4,1,0,sleeping,135,59,0,69632,19386,10668
2025-05-20 04:08:11,21177,2044321792,31019008,0.0,0.0929492478450638,0,11,0.04,0.01,0.0,0.0,0.0,9732096,0,7,4,1,0,sleeping,135,59,0,69632,19386,10668
2025-05-20 04:08:12,21177,2044321792,31019008,0.0,0.0929492478450638,0,11,0.04,0.01,0.0,0.0,0.0,9732096,0,7,4,1,0,sleeping,135,59,0,69632,19386,10668
2025-05-20 04:08:13,21177,2044321792,31019008,0.0,0.0929492478450638,0,11,0.04,0.01,0.0,0.0,0.0,9732096,0,7,4,1,0,sleeping,135,59,0,69632,19386,10668
2025-05-20 04:08:14,21177,2044321792,31019008,0.0,0.0929492478450638,0,11,0.04,0.01,0.0,0.0,0.0,9732096,0,7,4,1,0,sleeping,135,59,0,69632,19386,10668
2025-05-20 04:08:15,21177,2044321792,31019008,0.0,0.0929492478450638,0,11,0.04,0.01,0.0,0.0,0.0,9732096,0,7,4,1,0,sleeping,135,59,0,69632,19386,10668
2025-05-20 04:08:17,21177,2044321792,31019008,0.0,0.0929492478450638,0,11,0.04,0.01,0.0,0.0,0.0,9732096,0,7,4,1,0,sleeping,135,59,0,69632,19386,10668
2025-05-20 04:08:18,21177,2044321792,31019008,0.0,0.0929492478450638,0,11,0.04,0.01,0.0,0.0,0.0,9732096,0,7,4,1,0,sleeping,135,59,0,69632,19386,10668
2025-05-20 04:08:19,21177,2044321792,31019008,0.0,0.0929492478450638,0,11,0.04,0.01,0.0,0.0,0.0,9732096,0,7,4,1,0,sleeping,135,59,0,69632,19386,10668
2025-05-20 04:08:20,21177,2044321792,31019008,0.0,0.0929492478450638,0,11,0.04,0.01,0.0,0.0,0.0,9732096,0,7,4,1,0,sleeping,135,59,0,69632,19386,10668
2025-05-20 04:08:21,21177,2044321792,31019008,0.0,0.0929492478450638,0,11,0.04,0.01,0.0,0.0,0.0,9732096,0,7,4,1,0,sleeping,135,59,0,69632,19386,10668
2025-05-20 04:08:23,21177,2044321792,31019008,0.0,0.0929492478450638,0,11,0.04,0.01,0.0,0.0,0.0,9732096,0,7,4,1,0,sleeping,135,59,0,69632,19386,10668
2025-05-20 04:08:24,21177,2044321792,31019008,0.0,0.0929492478450638,0,11,0.04,0.01,0.0,0.0,0.0,9732096,0,7,4,1,0,sleeping,135,59,0,69632,19386,10668
2025-05-20 04:08:25,21177,2044321792,31019008,0.0,0.0929492478450638,0,11,0.04,0.01,0.0,0.0,0.0,9732096,0,7,4,1,0,sleeping,135,59,0,69632,19386,10668
2025-05-20 04:08:26,21177,2044321792,31019008,0.0,0.0929492478450638,0,11,0.04,0.01,0.0,0.0,0.0,9732096,0,7,4,1,0,sleeping,137,60,0,69632,19518,10792
2025-05-20 04:08:27,21177,2044321792,31019008,0.0,0.0929492478450638,0,11,0.04,0.01,0.0,0.0,0.0,9732096,0,7,4,1,0,sleeping,137,60,0,69632,19518,10792
2025-05-20 04:08:28,21177,2044321792,31019008,0.0,0.0929492478450638,0,11,0.04,0.01,0.0,0.0,0.0,9732096,0,7,4,1,0,sleeping,137,60,0,69632,19518,10792
2025-05-20 04:08:29,21177,2044321792,31019008,0.0,0.0929492478450638,0,11,0.04,0.01,0.0,0.0,0.0,9732096,0,7,4,1,0,sleeping,137,60,0,69632,19518,10792
2025-05-20 04:08:30,21177,2044321792,31019008,0.0,0.0929492478450638,0,11,0.04,0.01,0.0,0.0,0.0,9732096,0,7,4,1,0,sleeping,137,60,0,69632,19518,10792
2025-05-20 04:08:31,21177,2044321792,31019008,0.0,0.0929492478450638,0,11,0.04,0.01,0.0,0.0,0.0,9732096,0,7,4,1,0,sleeping,137,60,0,69632,19518,10792
2025-05-20 04:08:32,21177,2044321792,31019008,0.0,0.0929492478450638,0,11,0.04,0.01,0.0,0.0,0.0,9732096,0,7,4,1,0,sleeping,137,60,0,69632,19518,10792
2025-05-20 04:08:33,21177,2044321792,31019008,0.0,0.0929492478450638,0,11,0.04,0.01,0.0,0.0,0.0,9732096,0,7,4,1,0,sleeping,137,60,0,69632,19518,10792
2025-05-20 04:08:35,21177,2044321792,31019008,0.0,0.0929492478450638,0,11,0.04,0.01,0.0,0.0,0.0,9732096,0,7,4,1,0,sleeping,137,60,0,69632,19518,10792
2025-05-20 04:08:36,21177,2044321792,31019008,0.0,0.0929492478450638,0,11,0.04,0.01,0.0,0.0,0.0,9732096,0,7,4,1,0,sleeping,137,60,0,69632,19518,10792
2025-05-20 04:08:38,21177,2044321792,31019008,0.0,0.0929492478450638,0,11,0.04,0.01,0.0,0.0,0.0,9732096,0,7,4,1,0,sleeping,137,60,0,69632,19518,10792
2025-05-20 04:08:39,21177,2044321792,31019008,0.0,0.0929492478450638,0,11,0.04,0.01,0.0,0.0,0.0,9732096,0,7,4,1,0,sleeping,137,60,0,69632,19518,10792
2025-05-20 04:08:40,21177,2044321792,31019008,0.0,0.0929492478450638,0,11,0.04,0.01,0.0,0.0,0.0,9732096,0,7,4,1,0,sleeping,137,60,0,69632,19518,10792
2025-05-20 04:08:41,21177,2044321792,31019008,0.0,0.0929492478450638,0,11,0.04,0.01,0.0,0.0,0.0,9732096,0,7,4,1,0,sleeping,137,60,0,69632,19518,10792
2025-05-20 04:08:42,21177,2044321792,31019008,0.0,0.0929492478450638,0,11,0.04,0.01,0.0,0.0,0.0,9732096,0,7,4,1,0,sleeping,137,60,0,69632,19518,10792
2025-05-20 04:08:43,21177,2044321792,31019008,0.0,0.0929492478450638,0,11,0.04,0.01,0.0,0.0,0.0,9732096,0,7,4,1,0,sleeping,137,60,0,69632,19518,10792
2025-05-20 04:08:44,21177,2044321792,31019008,0.0,0.0929492478450638,0,11,0.04,0.01,0.0,0.0,0.0,9732096,0,7,4,1,0,sleeping,137,60,0,69632,19518,10792
2025-05-20 04:08:45,21177,2044321792,31019008,0.0,0.0929492478450638,0,11,0.04,0.01,0.0,0.0,0.0,9732096,0,7,4,1,0,sleeping,137,60,0,69632,19518,10792
2025-05-20 04:08:46,21177,2044321792,31019008,0.0,0.0929492478450638,0,11,0.04,0.01,0.0,0.0,0.0,9732096,0,7,4,1,0,sleeping,137,60,0,69632,19518,10792
2025-05-20 04:08:47,21177,2044321792,31019008,0.0,0.0929492478450638,0,11,0.04,0.01,0.0,0.0,0.0,9732096,0,7,4,1,0,sleeping,137,60,0,69632,19518,10792
2025-05-20 04:08:48,21177,2044321792,31019008,0.0,0.0929492478450638,0,11,0.04,0.01,0.0,0.0,0.0,9732096,0,7,4,1,0,sleeping,137,60,0,69632,19518,10792
2025-05-20 04:08:49,21177,2044321792,31019008,0.0,0.0929492478450638,0,11,0.04,0.01,0.0,0.0,0.0,9732096,0,7,4,1,0,sleeping,137,60,0,69632,19518,10792
2025-05-20 04:08:51,21177,2044321792,31019008,0.0,0.0929492478450638,0,11,0.04,0.01,0.0,0.0,0.0,9732096,0,7,4,1,0,sleeping,137,60,0,69632,19518,10792
2025-05-20 04:08:52,21177,2044321792,31019008,0.0,0.0929492478450638,0,11,0.04,0.01,0.0,0.0,0.0,9732096,0,7,4,1,0,sleeping,137,60,0,69632,19518,10792
2025-05-20 04:08:53,21177,2044321792,31019008,0.0,0.0929492478450638,0,11,0.04,0.01,0.0,0.0,0.0,9732096,0,7,4,1,0,sleeping,137,60,0,69632,19518,10792
2025-05-20 04:08:54,21177,2044321792,31019008,0.0,0.0929492478450638,0,11,0.04,0.01,0.0,0.0,0.0,9732096,0,7,4,1,0,sleeping,137,60,0,69632,19518,10792
2025-05-20 04:08:55,21177,2044321792,31019008,0.0,0.0929492478450638,0,11,0.04,0.01,0.0,0.0,0.0,9732096,0,7,4,1,0,sleeping,137,60,0,69632,19518,10792
2025-05-20 04:08:57,21177,2044321792,31019008,0.0,0.0929492478450638,0,11,0.04,0.01,0.0,0.0,0.0,9732096,0,7,4,1,0,sleeping,139,61,0,73728,19650,10916
2025-05-20 04:08:58,21177,2044321792,31019008,0.0,0.0929492478450638,0,11,0.04,0.01,0.0,0.0,0.0,9732096,0,7,4,1,0,sleeping,139,61,0,73728,19650,10916
2025-05-20 04:08:59,21177,2044321792,31019008,0.0,0.0929492478450638,0,11,0.04,0.01,0.0,0.0,0.0,9732096,0,7,4,1,0,sleeping,139,61,0,73728,19650,10916
2025-05-20 04:09:00,21177,2044321792,31019008,0.0,0.0929492478450638,0,11,0.04,0.01,0.0,0.0,0.0,9732096,0,7,4,1,0,sleeping,139,61,0,73728,19650,10916
2025-05-20 04:09:01,21177,2044321792,31019008,0.0,0.0929492478450638,0,11,0.04,0.01,0.0,0.0,0.0,9732096,0,7,4,1,0,sleeping,139,61,0,73728,19650,10916
2025-05-20 04:09:02,21177,2044321792,31019008,0.0,0.0929492478450638,0,11,0.04,0.01,0.0,0.0,0.0,9732096,0,7,4,1,0,sleeping,139,61,0,73728,19650,10916
2025-05-20 04:09:03,21177,2044321792,31019008,0.0,0.0929492478450638,0,11,0.04,0.01,0.0,0.0,0.0,9732096,0,7,4,1,0,sleeping,139,61,0,73728,19650,10916
2025-05-20 04:09:04,21177,2044321792,31019008,0.0,0.0929492478450638,0,11,0.04,0.01,0.0,0.0,0.0,9732096,0,7,4,1,0,sleeping,139,61,0,73728,19650,10916
2025-05-20 04:09:05,21177,2044321792,31019008,0.0,0.0929492478450638,0,11,0.04,0.01,0.0,0.0,0.0,9732096,0,7,4,1,0,sleeping,139,61,0,73728,19650,10916
2025-05-20 04:09:07,21177,2044321792,31019008,0.0,0.0929492478450638,0,11,0.04,0.01,0.0,0.0,0.0,9732096,0,7,4,1,0,sleeping,139,61,0,73728,19650,10916
2025-05-20 04:09:08,21177,2044321792,31019008,0.0,0.0929492478450638,0,11,0.04,0.01,0.0,0.0,0.0,9732096,0,7,4,1,0,sleeping,139,61,0,73728,19650,10916
2025-05-20 04:09:09,21177,2044321792,31019008,0.0,0.0929492478450638,0,11,0.04,0.01,0.0,0.0,0.0,9732096,0,7,4,1,0,sleeping,139,61,0,73728,19650,10916
2025-05-20 04:09:10,21177,2044321792,31019008,0.0,0.0929492478450638,0,11,0.04,0.01,0.0,0.0,0.0,9732096,0,7,4,1,0,sleeping,139,61,0,73728,19650,10916
2025-05-20 04:09:11,21177,2044321792,31019008,0.0,0.0929492478450638,0,11,0.04,0.01,0.0,0.0,0.0,9732096,0,7,4,1,0,sleeping,139,61,0,73728,19650,10916
2025-05-20 04:09:12,21177,2044321792,31019008,0.0,0.0929492478450638,0,11,0.04,0.01,0.0,0.0,0.0,9732096,0,7,4,1,0,sleeping,139,61,0,73728,19650,10916
2025-05-20 04:09:13,21177,2044321792,31019008,0.0,0.0929492478450638,0,11,0.04,0.01,0.0,0.0,0.0,9732096,0,7,4,1,0,sleeping,139,61,0,73728,19650,10916
2025-05-20 04:09:15,21177,2044321792,31019008,0.0,0.0929492478450638,0,11,0.04,0.01,0.0,0.0,0.0,9732096,0,7,4,1,0,sleeping,139,61,0,73728,19650,10916
2025-05-20 04:09:16,21177,2044321792,31019008,0.0,0.0929492478450638,0,11,0.04,0.01,0.0,0.0,0.0,9732096,0,7,4,1,0,sleeping,139,61,0,73728,19650,10916
2025-05-20 04:09:18,21177,2044321792,31019008,0.0,0.0929492478450638,0,11,0.04,0.01,0.0,0.0,0.0,9732096,0,7,4,1,0,sleeping,139,61,0,73728,19650,10916
2025-05-20 04:09:19,21177,2044321792,31019008,0.0,0.0929492478450638,0,11,0.04,0.01,0.0,0.0,0.0,9732096,0,7,4,1,0,sleeping,139,61,0,73728,19650,10916
2025-05-20 04:09:20,21177,2044321792,31019008,0.0,0.0929492478450638,0,11,0.04,0.01,0.0,0.0,0.0,9732096,0,7,4,1,0,sleeping,139,61,0,73728,19650,10916
2025-05-20 04:09:21,21177,2044321792,31019008,0.0,0.0929492478450638,0,11,0.04,0.01,0.0,0.0,0.0,9732096,0,7,4,1,0,sleeping,139,61,0,73728,19650,10916
2025-05-20 04:09:22,21177,2044321792,31019008,0.0,0.0929492478450638,0,11,0.04,0.01,0.0,0.0,0.0,9732096,0,7,4,1,0,sleeping,139,61,0,73728,19650,10916
2025-05-20 04:09:23,21177,2044321792,31019008,0.0,0.0929492478450638,0,11,0.04,0.01,0.0,0.0,0.0,9732096,0,7,4,1,0,sleeping,139,61,0,73728,19650,10916
2025-05-20 04:09:24,21177,2044321792,31019008,0.0,0.0929492478450638,0,11,0.04,0.01,0.0,0.0,0.0,9732096,0,7,4,1,0,sleeping,139,61,0,73728,19650,10916
2025-05-20 04:09:25,21177,2044321792,31019008,0.0,0.0929492478450638,0,11,0.04,0.01,0.0,0.0,0.0,9732096,0,7,4,1,0,sleeping,139,61,0,73728,19650,10916
2025-05-20 04:09:26,21177,2044321792,31019008,0.9,0.0929492478450638,0,11,0.05,0.01,0.0,0.0,0.0,9732096,0,8,4,1,0,sleeping,141,62,0,73728,19782,11040
2025-05-20 04:09:27,21177,2044321792,31019008,0.0,0.0929492478450638,0,11,0.05,0.01,0.0,0.0,0.0,9732096,0,8,4,1,0,sleeping,141,62,0,73728,19782,11040
2025-05-20 04:09:29,21177,2044321792,31019008,0.0,0.0929492478450638,0,11,0.05,0.01,0.0,0.0,0.0,9732096,0,8,4,1,0,sleeping,141,62,0,73728,19782,11040
2025-05-20 04:09:30,21177,2044321792,31019008,0.0,0.0929492478450638,0,11,0.05,0.01,0.0,0.0,0.0,9732096,0,8,4,1,0,sleeping,141,62,0,73728,19782,11040
2025-05-20 04:09:31,21177,2044321792,31019008,0.0,0.0929492478450638,0,11,0.05,0.01,0.0,0.0,0.0,9732096,0,8,4,1,0,sleeping,141,62,0,73728,19782,11040
2025-05-20 04:09:32,21177,2044321792,31019008,0.0,0.0929492478450638,0,11,0.05,0.01,0.0,0.0,0.0,9732096,0,8,4,1,0,sleeping,141,62,0,73728,19782,11040
2025-05-20 04:09:33,21177,2044321792,31019008,0.0,0.0929492478450638,0,11,0.05,0.01,0.0,0.0,0.0,9732096,0,8,4,1,0,sleeping,141,62,0,73728,19782,11040
2025-05-20 04:09:35,21177,2044321792,31019008,0.0,0.0929492478450638,0,11,0.05,0.01,0.0,0.0,0.0,9732096,0,8,4,1,0,sleeping,141,62,0,73728,19782,11040
2025-05-20 04:09:36,21177,2044321792,31019008,0.0,0.0929492478450638,0,11,0.05,0.01,0.0,0.0,0.0,9732096,0,8,4,1,0,sleeping,141,62,0,73728,19782,11040
2025-05-20 04:09:37,21177,2044321792,31019008,0.0,0.0929492478450638,0,11,0.05,0.01,0.0,0.0,0.0,9732096,0,8,4,1,0,sleeping,141,62,0,73728,19782,11040
2025-05-20 04:09:38,21177,2044321792,31019008,0.0,0.0929492478450638,0,11,0.05,0.01,0.0,0.0,0.0,9732096,0,8,4,1,0,sleeping,141,62,0,73728,19782,11040
2025-05-20 04:09:39,21177,2044321792,31019008,0.0,0.0929492478450638,0,11,0.05,0.01,0.0,0.0,0.0,9732096,0,8,4,1,0,sleeping,141,62,0,73728,19782,11040
2025-05-20 04:09:41,21177,2044321792,31019008,0.0,0.0929492478450638,0,11,0.05,0.01,0.0,0.0,0.0,9732096,0,8,4,1,0,sleeping,141,62,0,73728,19782,11040
2025-05-20 04:09:42,21177,2044321792,31019008,0.0,0.0929492478450638,0,11,0.05,0.01,0.0,0.0,0.0,9732096,0,8,4,1,0,sleeping,141,62,0,73728,19782,11040
2025-05-20 04:09:43,21177,2044321792,31019008,0.0,0.0929492478450638,0,11,0.05,0.01,0.0,0.0,0.0,9732096,0,8,4,1,0,sleeping,141,62,0,73728,19782,11040
2025-05-20 04:09:44,21177,2044321792,31019008,0.0,0.0929492478450638,0,11,0.05,0.01,0.0,0.0,0.0,9732096,0,8,4,1,0,sleeping,141,62,0,73728,19782,11040
2025-05-20 04:09:45,21177,2044321792,31019008,0.0,0.0929492478450638,0,11,0.05,0.01,0.0,0.0,0.0,9732096,0,8,4,1,0,sleeping,141,62,0,73728,19782,11040
2025-05-20 04:09:46,21177,2044321792,31019008,0.0,0.0929492478450638,0,11,0.05,0.01,0.0,0.0,0.0,9732096,0,8,4,1,0,sleeping,141,62,0,73728,19782,11040
2025-05-20 04:09:47,21177,2044321792,31019008,0.0,0.0929492478450638,0,11,0.05,0.01,0.0,0.0,0.0,9732096,0,8,4,1,0,sleeping,141,62,0,73728,19782,11040
2025-05-20 04:09:48,21177,2044321792,31019008,0.0,0.0929492478450638,0,11,0.05,0.01,0.0,0.0,0.0,9732096,0,8,4,1,0,sleeping,141,62,0,73728,19782,11040
2025-05-20 04:09:49,21177,2044321792,31019008,0.0,0.0929492478450638,0,11,0.05,0.01,0.0,0.0,0.0,9732096,0,8,4,1,0,sleeping,141,62,0,73728,19782,11040
2025-05-20 04:09:50,21177,2044321792,31019008,0.0,0.0929492478450638,0,11,0.05,0.01,0.0,0.0,0.0,9732096,0,8,4,1,0,sleeping,141,62,0,73728,19782,11040
2025-05-20 04:09:52,21177,2044321792,31019008,0.0,0.0929492478450638,0,11,0.05,0.01,0.0,0.0,0.0,9732096,0,8,4,1,0,sleeping,141,62,0,73728,19782,11040
2025-05-20 04:09:53,21177,2044321792,31019008,0.0,0.0929492478450638,0,11,0.05,0.01,0.0,0.0,0.0,9732096,0,8,4,1,0,sleeping,141,62,0,73728,19782,11040
2025-05-20 04:09:54,21177,2044321792,31019008,0.0,0.0929492478450638,0,11,0.05,0.01,0.0,0.0,0.0,9732096,0,8,4,1,0,sleeping,141,62,0,73728,19782,11040
2025-05-20 04:09:55,21177,2044321792,31019008,0.0,0.0929492478450638,0,11,0.05,0.01,0.0,0.0,0.0,9732096,0,8,4,1,0,sleeping,141,62,0,73728,19782,11040
2025-05-20 04:09:56,21177,2044321792,31019008,0.0,0.0929492478450638,0,11,0.05,0.01,0.0,0.0,0.0,9732096,0,7,4,1,0,sleeping,143,63,0,77824,19914,11164
2025-05-20 04:09:57,21177,2044321792,31019008,0.0,0.0929492478450638,0,11,0.05,0.01,0.0,0.0,0.0,9732096,0,7,4,1,0,sleeping,143,63,0,77824,19914,11164
2025-05-20 04:09:59,21177,2044321792,31019008,0.0,0.0929492478450638,0,11,0.05,0.01,0.0,0.0,0.0,9732096,0,7,4,1,0,sleeping,143,63,0,77824,19914,11164
2025-05-20 04:10:00,21177,2044321792,31019008,0.0,0.0929492478450638,0,11,0.05,0.01,0.0,0.0,0.0,9732096,0,7,4,1,0,sleeping,143,63,0,77824,19914,11164
2025-05-20 04:10:01,21177,2044321792,31019008,0.0,0.0929492478450638,0,11,0.05,0.01,0.0,0.0,0.0,9732096,0,7,4,1,0,sleeping,143,63,0,77824,19914,11164
2025-05-20 04:10:02,21177,2044321792,31019008,0.0,0.0929492478450638,0,11,0.05,0.01,0.0,0.0,0.0,9732096,0,7,4,1,0,sleeping,143,63,0,77824,19914,11164
2025-05-20 04:10:03,21177,2044321792,31019008,0.0,0.0929492478450638,0,11,0.05,0.01,0.0,0.0,0.0,9732096,0,7,4,1,0,sleeping,143,63,0,77824,19914,11164
2025-05-20 04:10:04,21177,2044321792,31019008,0.0,0.0929492478450638,0,11,0.05,0.01,0.0,0.0,0.0,9732096,0,7,4,1,0,sleeping,143,63,0,77824,19914,11164
2025-05-20 04:10:05,21177,2044321792,31019008,0.0,0.0929492478450638,0,11,0.05,0.01,0.0,0.0,0.0,9732096,0,7,4,1,0,sleeping,143,63,0,77824,19914,11164
2025-05-20 04:10:06,21177,2044321792,31019008,0.0,0.0929492478450638,0,11,0.05,0.01,0.0,0.0,0.0,9732096,0,7,4,1,0,sleeping,143,63,0,77824,19914,11164
2025-05-20 04:10:08,21177,2044321792,31019008,0.0,0.0929492478450638,0,11,0.05,0.01,0.0,0.0,0.0,9732096,0,7,4,1,0,sleeping,143,63,0,77824,19914,11164
2025-05-20 04:10:09,21177,2044321792,31019008,0.0,0.0929492478450638,0,11,0.05,0.01,0.0,0.0,0.0,9732096,0,7,4,1,0,sleeping,143,63,0,77824,19914,11164
2025-05-20 04:10:10,21177,2044321792,31019008,0.0,0.0929492478450638,0,11,0.05,0.01,0.0,0.0,0.0,9732096,0,7,4,1,0,sleeping,143,63,0,77824,19914,11164
2025-05-20 04:10:11,21177,2044321792,31019008,0.0,0.0929492478450638,0,11,0.05,0.01,0.0,0.0,0.0,9732096,0,7,4,1,0,sleeping,143,63,0,77824,19914,11164
2025-05-20 04:10:12,21177,2044321792,31019008,0.0,0.0929492478450638,0,11,0.05,0.01,0.0,0.0,0.0,9732096,0,7,4,1,0,sleeping,143,63,0,77824,19914,11164
2025-05-20 04:10:13,21177,2044321792,31019008,0.0,0.0929492478450638,0,11,0.05,0.01,0.0,0.0,0.0,9732096,0,7,4,1,0,sleeping,143,63,0,77824,19914,11164
2025-05-20 04:10:14,21177,2044321792,31019008,0.0,0.0929492478450638,0,11,0.05,0.01,0.0,0.0,0.0,9732096,0,7,4,1,0,sleeping,143,63,0,77824,19914,11164
2025-05-20 04:10:15,21177,2044321792,31019008,0.0,0.0929492478450638,0,11,0.05,0.01,0.0,0.0,0.0,9732096,0,7,4,1,0,sleeping,143,63,0,77824,19914,11164
2025-05-20 04:10:16,21177,2044321792,31019008,0.0,0.0929492478450638,0,11,0.05,0.01,0.0,0.0,0.0,9732096,0,7,4,1,0,sleeping,143,63,0,77824,19914,11164
2025-05-20 04:10:18,21177,2044321792,31019008,0.0,0.0929492478450638,0,11,0.05,0.01,0.0,0.0,0.0,9732096,0,7,4,1,0,sleeping,143,63,0,77824,19914,11164
2025-05-20 04:10:19,21177,2044321792,31019008,0.0,0.0929492478450638,0,11,0.05,0.01,0.0,0.0,0.0,9732096,0,7,4,1,0,sleeping,143,63,0,77824,19914,11164
2025-05-20 04:10:20,21177,2044321792,31019008,0.0,0.0929492478450638,0,11,0.05,0.01,0.0,0.0,0.0,9732096,0,7,4,1,0,sleeping,143,63,0,77824,19914,11164
2025-05-20 04:10:21,21177,2044321792,31019008,0.0,0.0929492478450638,0,11,0.05,0.01,0.0,0.0,0.0,9732096,0,7,4,1,0,sleeping,143,63,0,77824,19914,11164
2025-05-20 04:10:22,21177,2044321792,31019008,0.0,0.0929492478450638,0,11,0.05,0.01,0.0,0.0,0.0,9732096,0,7,4,1,0,sleeping,143,63,0,77824,19914,11164
2025-05-20 04:10:23,21177,2044321792,31019008,0.0,0.0929492478450638,0,11,0.05,0.01,0.0,0.0,0.0,9732096,0,7,4,1,0,sleeping,143,63,0,77824,19914,11164
2025-05-20 04:10:24,21177,2044321792,31019008,0.0,0.0929492478450638,0,11,0.05,0.01,0.0,0.0,0.0,9732096,0,7,4,1,0,sleeping,143,63,0,77824,19914,11164
2025-05-20 04:10:26,21177,2044321792,31019008,0.0,0.0929492478450638,0,11,0.05,0.01,0.0,0.0,0.0,9732096,0,7,4,1,0,sleeping,145,64,0,77824,20046,11288
2025-05-20 04:10:27,21177,2044321792,31019008,0.0,0.0929492478450638,0,11,0.05,0.01,0.0,0.0,0.0,9732096,0,7,4,1,0,sleeping,145,64,0,77824,20046,11288
2025-05-20 04:10:28,21177,2044321792,31019008,0.0,0.0929492478450638,0,11,0.05,0.01,0.0,0.0,0.0,9732096,0,7,4,1,0,sleeping,145,64,0,77824,20046,11288
2025-05-20 04:10:29,21177,2044321792,31019008,0.0,0.0929492478450638,0,11,0.05,0.01,0.0,0.0,0.0,9732096,0,7,4,1,0,sleeping,145,64,0,77824,20046,11288
2025-05-20 04:10:30,21177,2044321792,31019008,0.0,0.0929492478450638,0,11,0.05,0.01,0.0,0.0,0.0,9732096,0,7,4,1,0,sleeping,145,64,0,77824,20046,11288
2025-05-20 04:10:31,21177,2044321792,31019008,0.0,0.0929492478450638,0,11,0.05,0.01,0.0,0.0,0.0,9732096,0,7,4,1,0,sleeping,145,64,0,77824,20046,11288
2025-05-20 04:10:32,21177,2044321792,31019008,0.0,0.0929492478450638,0,11,0.05,0.01,0.0,0.0,0.0,9732096,0,7,4,1,0,sleeping,145,64,0,77824,20046,11288
2025-05-20 04:10:33,21177,2044321792,31019008,0.0,0.0929492478450638,0,11,0.05,0.01,0.0,0.0,0.0,9732096,0,7,4,1,0,sleeping,145,64,0,77824,20046,11288
2025-05-20 04:10:34,21177,2044321792,31019008,0.0,0.0929492478450638,0,11,0.05,0.01,0.0,0.0,0.0,9732096,0,7,4,1,0,sleeping,145,64,0,77824,20046,11288
2025-05-20 04:10:36,21177,2044321792,31019008,0.0,0.0929492478450638,0,11,0.05,0.01,0.0,0.0,0.0,9732096,0,7,4,1,0,sleeping,145,64,0,77824,20046,11288
2025-05-20 04:10:37,21177,2044321792,31019008,0.0,0.0929492478450638,0,11,0.05,0.01,0.0,0.0,0.0,9732096,0,7,4,1,0,sleeping,145,64,0,77824,20046,11288
2025-05-20 04:10:38,21177,2044321792,31019008,0.0,0.0929492478450638,0,11,0.05,0.01,0.0,0.0,0.0,9732096,0,7,4,1,0,sleeping,145,64,0,77824,20046,11288
2025-05-20 04:10:39,21177,2044321792,31019008,0.0,0.0929492478450638,0,11,0.05,0.01,0.0,0.0,0.0,9732096,0,7,4,1,0,sleeping,145,64,0,77824,20046,11288
2025-05-20 04:10:40,21177,2044321792,31019008,0.0,0.0929492478450638,0,11,0.05,0.01,0.0,0.0,0.0,9732096,0,7,4,1,0,sleeping,145,64,0,77824,20046,11288
2025-05-20 04:10:42,21177,2044321792,31019008,0.0,0.0929492478450638,0,11,0.05,0.01,0.0,0.0,0.0,9732096,0,7,4,1,0,sleeping,145,64,0,77824,20046,11288
2025-05-20 04:10:43,21177,2044321792,31019008,0.0,0.0929492478450638,0,11,0.05,0.01,0.0,0.0,0.0,9732096,0,7,4,1,0,sleeping,145,64,0,77824,20046,11288
2025-05-20 04:10:44,21177,2044321792,31019008,0.0,0.0929492478450638,0,11,0.05,0.01,0.0,0.0,0.0,9732096,0,7,4,1,0,sleeping,145,64,0,77824,20046,11288
2025-05-20 04:10:45,21177,2044321792,31019008,0.0,0.0929492478450638,0,11,0.05,0.01,0.0,0.0,0.0,9732096,0,7,4,1,0,sleeping,145,64,0,77824,20046,11288
2025-05-20 04:10:46,21177,2044321792,31019008,0.0,0.0929492478450638,0,11,0.05,0.01,0.0,0.0,0.0,9732096,0,7,4,1,0,sleeping,145,64,0,77824,20046,11288
2025-05-20 04:10:47,21177,2044321792,31019008,0.0,0.0929492478450638,0,11,0.05,0.01,0.0,0.0,0.0,9732096,0,7,4,1,0,sleeping,145,64,0,77824,20046,11288
2025-05-20 04:10:48,21177,2044321792,31019008,0.0,0.0929492478450638,0,11,0.05,0.01,0.0,0.0,0.0,9732096,0,7,4,1,0,sleeping,145,64,0,77824,20046,11288
2025-05-20 04:10:49,21177,2044321792,31019008,0.0,0.0929492478450638,0,11,0.05,0.01,0.0,0.0,0.0,9732096,0,7,4,1,0,sleeping,145,64,0,77824,20046,11288
2025-05-20 04:10:50,21177,2044321792,31019008,0.0,0.0929492478450638,0,11,0.05,0.01,0.0,0.0,0.0,9732096,0,7,4,1,0,sleeping,145,64,0,77824,20046,11288
2025-05-20 04:10:52,21177,2044321792,31019008,0.0,0.0929492478450638,0,11,0.05,0.01,0.0,0.0,0.0,9732096,0,7,4,1,0,sleeping,145,64,0,77824,20046,11288
2025-05-20 04:10:53,21177,2044321792,31019008,0.0,0.0929492478450638,0,11,0.05,0.01,0.0,0.0,0.0,9732096,0,7,4,1,0,sleeping,145,64,0,77824,20046,11288
2025-05-20 04:10:54,21177,2044321792,31019008,0.0,0.0929492478450638,0,11,0.05,0.01,0.0,0.0,0.0,9732096,0,7,4,1,0,sleeping,145,64,0,77824,20046,11288
2025-05-20 04:10:55,21177,2044321792,31019008,0.0,0.0929492478450638,0,11,0.05,0.01,0.0,0.0,0.0,9732096,0,7,4,1,0,sleeping,145,64,0,77824,20046,11288
2025-05-20 04:10:56,21177,2044321792,31019008,0.0,0.0929492478450638,0,11,0.05,0.01,0.0,0.0,0.0,9732096,0,7,4,1,0,sleeping,147,65,0,81920,20178,11412
2025-05-20 04:10:58,21177,2044321792,31019008,0.0,0.0929492478450638,0,11,0.05,0.01,0.0,0.0,0.0,9732096,0,7,4,1,0,sleeping,147,65,0,81920,20178,11412
2025-05-20 04:10:59,21177,2044321792,31019008,0.0,0.0929492478450638,0,11,0.05,0.01,0.0,0.0,0.0,9732096,0,7,4,1,0,sleeping,147,65,0,81920,20178,11412
2025-05-20 04:11:00,21177,2044321792,31019008,0.0,0.0929492478450638,0,11,0.05,0.01,0.0,0.0,0.0,9732096,0,7,4,1,0,sleeping,147,65,0,81920,20178,11412
2025-05-20 04:11:01,21177,2044321792,31019008,0.0,0.0929492478450638,0,11,0.05,0.01,0.0,0.0,0.0,9732096,0,7,4,1,0,sleeping,147,65,0,81920,20178,11412
2025-05-20 04:11:02,21177,2044321792,31019008,0.0,0.0929492478450638,0,11,0.05,0.01,0.0,0.0,0.0,9732096,0,7,4,1,0,sleeping,147,65,0,81920,20178,11412
2025-05-20 04:11:03,21177,2044321792,31019008,0.0,0.0929492478450638,0,11,0.05,0.01,0.0,0.0,0.0,9732096,0,7,4,1,0,sleeping,147,65,0,81920,20178,11412
2025-05-20 04:11:04,21177,2044321792,31019008,0.0,0.0929492478450638,0,11,0.05,0.01,0.0,0.0,0.0,9732096,0,7,4,1,0,sleeping,147,65,0,81920,20178,11412
2025-05-20 04:11:05,21177,2044321792,31019008,0.0,0.0929492478450638,0,11,0.05,0.01,0.0,0.0,0.0,9732096,0,7,4,1,0,sleeping,147,65,0,81920,20178,11412
2025-05-20 04:11:06,21177,2044321792,31019008,0.0,0.0929492478450638,0,11,0.05,0.01,0.0,0.0,0.0,9732096,0,7,4,1,0,sleeping,147,65,0,81920,20178,11412
2025-05-20 04:11:07,21177,2044321792,31019008,0.0,0.0929492478450638,0,11,0.05,0.01,0.0,0.0,0.0,9732096,0,7,4,1,0,sleeping,147,65,0,81920,20178,11412
2025-05-20 04:11:08,21177,2044321792,31019008,0.0,0.0929492478450638,0,11,0.05,0.01,0.0,0.0,0.0,9732096,0,7,4,1,0,sleeping,147,65,0,81920,20178,11412
2025-05-20 04:11:10,21177,2044321792,31019008,0.0,0.0929492478450638,0,11,0.05,0.01,0.0,0.0,0.0,9732096,0,7,4,1,0,sleeping,147,65,0,81920,20178,11412
2025-05-20 04:11:11,21177,2044321792,31019008,0.0,0.0929492478450638,0,11,0.05,0.01,0.0,0.0,0.0,9732096,0,7,4,1,0,sleeping,147,65,0,81920,20178,11412
2025-05-20 04:11:12,21177,2044321792,31019008,0.0,0.0929492478450638,0,11,0.05,0.01,0.0,0.0,0.0,9732096,0,7,4,1,0,sleeping,147,65,0,81920,20178,11412
2025-05-20 04:11:13,21177,2044321792,31019008,0.0,0.0929492478450638,0,11,0.05,0.01,0.0,0.0,0.0,9732096,0,7,4,1,0,sleeping,147,65,0,81920,20178,11412
2025-05-20 04:11:14,21177,2044321792,31019008,0.0,0.0929492478450638,0,11,0.05,0.01,0.0,0.0,0.0,9732096,0,7,4,1,0,sleeping,147,65,0,81920,20178,11412
2025-05-20 04:11:15,21177,2044321792,31019008,0.0,0.0929492478450638,0,11,0.05,0.01,0.0,0.0,0.0,9732096,0,7,4,1,0,sleeping,147,65,0,81920,20178,11412
2025-05-20 04:11:17,21177,2044321792,31019008,0.0,0.0929492478450638,0,11,0.05,0.01,0.0,0.0,0.0,9732096,0,7,4,1,0,sleeping,147,65,0,81920,20178,11412
2025-05-20 04:11:18,21177,2044321792,31019008,0.0,0.0929492478450638,0,11,0.05,0.01,0.0,0.0,0.0,9732096,0,7,4,1,0,sleeping,147,65,0,81920,20178,11412
2025-05-20 04:11:19,21177,2044321792,31019008,0.0,0.0929492478450638,0,11,0.05,0.01,0.0,0.0,0.0,9732096,0,7,4,1,0,sleeping,147,65,0,81920,20178,11412
2025-05-20 04:11:20,21177,2044321792,31019008,0.0,0.0929492478450638,0,11,0.05,0.01,0.0,0.0,0.0,9732096,0,7,4,1,0,sleeping,147,65,0,81920,20178,11412
2025-05-20 04:11:21,21177,2044321792,31019008,0.0,0.0929492478450638,0,11,0.05,0.01,0.0,0.0,0.0,9732096,0,7,4,1,0,sleeping,147,65,0,81920,20178,11412
2025-05-20 04:11:22,21177,2044321792,31019008,0.0,0.0929492478450638,0,11,0.05,0.01,0.0,0.0,0.0,9732096,0,7,4,1,0,sleeping,147,65,0,81920,20178,11412
2025-05-20 04:11:23,21177,2044321792,31019008,0.0,0.0929492478450638,0,11,0.05,0.01,0.0,0.0,0.0,9732096,0,7,4,1,0,sleeping,147,65,0,81920,20178,11412
2025-05-20 04:11:24,21177,2044321792,31019008,0.0,0.0929492478450638,0,11,0.05,0.01,0.0,0.0,0.0,9732096,0,7,4,1,0,sleeping,147,65,0,81920,20178,11412
2025-05-20 04:11:25,21177,2044321792,31019008,0.0,0.0929492478450638,0,11,0.05,0.01,0.0,0.0,0.0,9732096,0,7,4,1,0,sleeping,147,65,0,81920,20178,11412
2025-05-20 04:11:27,21177,2044321792,31019008,0.0,0.0929492478450638,0,11,0.05,0.01,0.0,0.0,0.0,9732096,0,8,4,1,0,sleeping,149,66,0,81920,20310,11536
2025-05-20 04:11:28,21177,2044321792,31019008,0.0,0.0929492478450638,0,11,0.05,0.01,0.0,0.0,0.0,9732096,0,8,4,1,0,sleeping,149,66,0,81920,20310,11536
2025-05-20 04:11:29,21177,2044321792,31019008,0.0,0.0929492478450638,0,11,0.05,0.01,0.0,0.0,0.0,9732096,0,8,4,1,0,sleeping,149,66,0,81920,20310,11536
2025-05-20 04:11:30,21177,2044321792,31019008,0.0,0.0929492478450638,0,11,0.05,0.01,0.0,0.0,0.0,9732096,0,8,4,1,0,sleeping,149,66,0,81920,20310,11536
2025-05-20 04:11:31,21177,2044321792,31019008,0.0,0.0929492478450638,0,11,0.05,0.01,0.0,0.0,0.0,9732096,0,8,4,1,0,sleeping,149,66,0,81920,20310,11536
2025-05-20 04:11:32,21177,2044321792,31019008,0.0,0.0929492478450638,0,11,0.05,0.01,0.0,0.0,0.0,9732096,0,8,4,1,0,sleeping,149,66,0,81920,20310,11536
2025-05-20 04:11:34,21177,2044321792,31019008,0.0,0.0929492478450638,0,11,0.05,0.01,0.0,0.0,0.0,9732096,0,8,4,1,0,sleeping,149,66,0,81920,20310,11536
2025-05-20 04:11:35,21177,2044321792,31019008,0.0,0.0929492478450638,0,11,0.05,0.01,0.0,0.0,0.0,9732096,0,8,4,1,0,sleeping,149,66,0,81920,20310,11536
2025-05-20 04:11:36,21177,2044321792,31019008,0.0,0.0929492478450638,0,11,0.05,0.01,0.0,0.0,0.0,9732096,0,8,4,1,0,sleeping,149,66,0,81920,20310,11536
2025-05-20 04:11:37,21177,2044321792,31019008,0.0,0.0929492478450638,0,11,0.05,0.01,0.0,0.0,0.0,9732096,0,8,4,1,0,sleeping,149,66,0,81920,20310,11536
2025-05-20 04:11:38,21177,2044321792,31019008,0.0,0.0929492478450638,0,11,0.05,0.01,0.0,0.0,0.0,9732096,0,8,4,1,0,sleeping,149,66,0,81920,20310,11536
2025-05-20 04:11:39,21177,2044321792,31019008,0.0,0.0929492478450638,0,11,0.05,0.01,0.0,0.0,0.0,9732096,0,8,4,1,0,sleeping,149,66,0,81920,20310,11536
2025-05-20 04:11:41,21177,2044321792,31019008,0.0,0.0929492478450638,0,11,0.05,0.01,0.0,0.0,0.0,9732096,0,8,4,1,0,sleeping,149,66,0,81920,20310,11536
2025-05-20 04:11:42,21177,2044321792,31019008,0.0,0.0929492478450638,0,11,0.05,0.01,0.0,0.0,0.0,9732096,0,8,4,1,0,sleeping,149,66,0,81920,20310,11536
2025-05-20 04:11:43,21177,2044321792,31019008,0.0,0.0929492478450638,0,11,0.05,0.01,0.0,0.0,0.0,9732096,0,8,4,1,0,sleeping,149,66,0,81920,20310,11536
2025-05-20 04:11:44,21177,2044321792,31019008,0.0,0.0929492478450638,0,11,0.05,0.01,0.0,0.0,0.0,9732096,0,8,4,1,0,sleeping,149,66,0,81920,20310,11536
2025-05-20 04:11:45,21177,2044321792,31019008,0.0,0.0929492478450638,0,11,0.05,0.01,0.0,0.0,0.0,9732096,0,8,4,1,0,sleeping,149,66,0,81920,20310,11536
2025-05-20 04:11:46,21177,2044321792,31019008,0.0,0.0929492478450638,0,11,0.05,0.01,0.0,0.0,0.0,9732096,0,8,4,1,0,sleeping,149,66,0,81920,20310,11536
2025-05-20 04:11:47,21177,2044321792,31019008,0.0,0.0929492478450638,0,11,0.05,0.01,0.0,0.0,0.0,9732096,0,8,4,1,0,sleeping,149,66,0,81920,20310,11536
2025-05-20 04:11:48,21177,2044321792,31019008,0.0,0.0929492478450638,0,11,0.05,0.01,0.0,0.0,0.0,9732096,0,8,4,1,0,sleeping,149,66,0,81920,20310,11536
2025-05-20 04:11:49,21177,2044321792,31019008,0.0,0.0929492478450638,0,11,0.05,0.01,0.0,0.0,0.0,9732096,0,8,4,1,0,sleeping,149,66,0,81920,20310,11536
2025-05-20 04:11:51,21177,2044321792,31019008,0.0,0.0929492478450638,0,11,0.05,0.01,0.0,0.0,0.0,9732096,0,8,4,1,0,sleeping,149,66,0,81920,20310,11536
2025-05-20 04:11:52,21177,2044321792,31019008,0.0,0.0929492478450638,0,11,0.05,0.01,0.0,0.0,0.0,9732096,0,8,4,1,0,sleeping,149,66,0,81920,20310,11536
2025-05-20 04:11:53,21177,2044321792,31019008,0.0,0.0929492478450638,0,11,0.05,0.01,0.0,0.0,0.0,9732096,0,8,4,1,0,sleeping,149,66,0,81920,20310,11536
2025-05-20 04:11:54,21177,2044321792,31019008,0.0,0.0929492478450638,0,11,0.05,0.01,0.0,0.0,0.0,9732096,0,8,4,1,0,sleeping,149,66,0,81920,20310,11536
2025-05-20 04:11:56,21177,2044321792,31019008,0.0,0.0929492478450638,0,11,0.05,0.01,0.0,0.0,0.0,9732096,0,8,4,1,0,sleeping,149,66,0,81920,20310,11536
2025-05-20 04:11:57,21177,2044321792,31019008,0.0,0.0929492478450638,0,11,0.05,0.01,0.0,0.0,0.0,9732096,0,8,4,1,0,sleeping,149,66,0,81920,20310,11536
2025-05-20 04:11:58,21177,2044321792,31019008,0.0,0.0929492478450638,0,11,0.05,0.01,0.0,0.0,0.0,9732096,0,8,4,1,0,sleeping,149,66,0,81920,20310,11536
2025-05-20 04:11:59,21177,2044321792,31019008,0.0,0.0929492478450638,0,11,0.05,0.01,0.0,0.0,0.0,9732096,0,8,4,1,0,sleeping,149,66,0,81920,20310,11536
2025-05-20 04:12:00,21177,2044321792,31019008,0.0,0.0929492478450638,0,11,0.05,0.01,0.0,0.0,0.0,9732096,0,8,4,1,0,sleeping,149,66,0,81920,20310,11536
2025-05-20 04:12:01,21177,2044321792,31019008,0.0,0.0929492478450638,0,11,0.05,0.01,0.0,0.0,0.0,9732096,0,8,4,1,0,sleeping,149,66,0,81920,20310,11536
2025-05-20 04:12:02,21177,2044321792,31019008,0.0,0.0929492478450638,0,11,0.05,0.01,0.0,0.0,0.0,9732096,0,8,4,1,0,sleeping,149,66,0,81920,20310,11536
2025-05-20 04:12:03,21177,2044321792,31019008,0.0,0.0929492478450638,0,11,0.05,0.01,0.0,0.0,0.0,9732096,0,8,4,1,0,sleeping,149,66,0,81920,20310,11536
2025-05-20 04:12:04,21177,2044321792,31019008,0.0,0.0929492478450638,0,11,0.05,0.01,0.0,0.0,0.0,9732096,0,8,4,1,0,sleeping,149,66,0,81920,20310,11536
2025-05-20 04:12:05,21177,2044321792,31019008,0.0,0.0929492478450638,0,11,0.05,0.01,0.0,0.0,0.0,9732096,0,8,4,1,0,sleeping,149,66,0,81920,20310,11536
2025-05-20 04:12:06,21177,2044321792,31019008,0.0,0.0929492478450638,0,11,0.05,0.01,0.0,0.0,0.0,9732096,0,7,4,1,0,sleeping,151,67,0,86016,20442,11660
2025-05-20 04:12:08,21177,2044321792,31019008,0.0,0.0929492478450638,0,11,0.05,0.01,0.0,0.0,0.0,9732096,0,7,4,1,0,sleeping,151,67,0,86016,20442,11660
2025-05-20 04:12:09,21177,2044321792,31019008,0.0,0.0929492478450638,0,11,0.05,0.01,0.0,0.0,0.0,9732096,0,7,4,1,0,sleeping,151,67,0,86016,20442,11660
2025-05-20 04:12:10,21177,2044321792,31019008,0.0,0.0929492478450638,0,11,0.05,0.01,0.0,0.0,0.0,9732096,0,7,4,1,0,sleeping,151,67,0,86016,20442,11660
2025-05-20 04:12:12,21177,2044321792,31019008,0.0,0.0929492478450638,0,11,0.05,0.01,0.0,0.0,0.0,9732096,0,7,4,1,0,sleeping,151,67,0,86016,20442,11660
2025-05-20 04:12:13,21177,2044321792,31019008,0.0,0.0929492478450638,0,11,0.05,0.01,0.0,0.0,0.0,9732096,0,7,4,1,0,sleeping,151,67,0,86016,20442,11660
2025-05-20 04:12:14,21177,2044321792,31019008,0.0,0.0929492478450638,0,11,0.05,0.01,0.0,0.0,0.0,9732096,0,7,4,1,0,sleeping,151,67,0,86016,20442,11660
2025-05-20 04:12:15,21177,2044321792,31019008,0.0,0.0929492478450638,0,11,0.05,0.01,0.0,0.0,0.0,9732096,0,7,4,1,0,sleeping,151,67,0,86016,20442,11660
2025-05-20 04:12:16,21177,2044321792,31019008,0.0,0.0929492478450638,0,11,0.05,0.01,0.0,0.0,0.0,9732096,0,7,4,1,0,sleeping,151,67,0,86016,20442,11660
2025-05-20 04:12:17,21177,2044321792,31019008,0.0,0.0929492478450638,0,11,0.05,0.01,0.0,0.0,0.0,9732096,0,7,4,1,0,sleeping,151,67,0,86016,20442,11660
2025-05-20 04:12:18,21177,2044321792,31019008,0.0,0.0929492478450638,0,11,0.05,0.01,0.0,0.0,0.0,9732096,0,7,4,1,0,sleeping,151,67,0,86016,20442,11660
2025-05-20 04:12:19,21177,2044321792,31019008,0.0,0.0929492478450638,0,11,0.05,0.01,0.0,0.0,0.0,9732096,0,7,4,1,0,sleeping,151,67,0,86016,20442,11660
2025-05-20 04:12:20,21177,2044321792,31019008,0.0,0.0929492478450638,0,11,0.05,0.01,0.0,0.0,0.0,9732096,0,7,4,1,0,sleeping,151,67,0,86016,20442,11660
2025-05-20 04:12:21,21177,2044321792,31019008,0.0,0.0929492478450638,0,11,0.05,0.01,0.0,0.0,0.0,9732096,0,7,4,1,0,sleeping,151,67,0,86016,20442,11660
2025-05-20 04:12:22,21177,2044321792,31019008,0.0,0.0929492478450638,0,11,0.05,0.01,0.0,0.0,0.0,9732096,0,7,4,1,0,sleeping,151,67,0,86016,20442,11660
2025-05-20 04:12:24,21177,2044321792,31019008,0.0,0.0929492478450638,0,11,0.05,0.01,0.0,0.0,0.0,9732096,0,7,4,1,0,sleeping,151,67,0,86016,20442,11660
2025-05-20 04:12:25,21177,2044321792,31019008,0.0,0.0929492478450638,0,11,0.05,0.01,0.0,0.0,0.0,9732096,0,7,4,1,0,sleeping,151,67,0,86016,20442,11660
2025-05-20 04:12:26,21177,2044321792,31019008,0.0,0.0929492478450638,0,11,0.05,0.01,0.0,0.0,0.0,9732096,0,7,4,1,0,sleeping,151,67,0,86016,20442,11660
2025-05-20 04:12:27,21177,2044321792,31019008,0.0,0.0929492478450638,0,11,0.05,0.01,0.0,0.0,0.0,9732096,0,7,4,1,0,sleeping,151,67,0,86016,20442,11660
2025-05-20 04:12:29,21177,2044321792,31019008,0.0,0.0929492478450638,0,11,0.05,0.01,0.0,0.0,0.0,9732096,0,7,4,1,0,sleeping,151,67,0,86016,20442,11660
2025-05-20 04:12:30,21177,2044321792,31019008,0.0,0.0929492478450638,0,11,0.05,0.01,0.0,0.0,0.0,9732096,0,7,4,1,0,sleeping,151,67,0,86016,20442,11660
2025-05-20 04:12:31,21177,2044321792,31019008,0.0,0.0929492478450638,0,11,0.05,0.01,0.0,0.0,0.0,9732096,0,7,4,1,0,sleeping,151,67,0,86016,20442,11660
2025-05-20 04:12:32,21177,2044321792,31019008,0.0,0.0929492478450638,0,11,0.05,0.01,0.0,0.0,0.0,9732096,0,7,4,1,0,sleeping,151,67,0,86016,20442,11660
2025-05-20 04:12:33,21177,2044321792,31019008,0.0,0.0929492478450638,0,11,0.05,0.01,0.0,0.0,0.0,9732096,0,7,4,1,0,sleeping,151,67,0,86016,20442,11660
2025-05-20 04:12:34,21177,2044321792,31019008,0.0,0.0929492478450638,0,11,0.05,0.01,0.0,0.0,0.0,9732096,0,7,4,1,0,sleeping,151,67,0,86016,20442,11660
2025-05-20 04:12:35,21177,2044321792,31019008,0.0,0.0929492478450638,0,11,0.05,0.01,0.0,0.0,0.0,9732096,0,7,4,1,0,sleeping,151,67,0,86016,20442,11660
2025-05-20 04:12:36,21177,2044321792,31019008,0.0,0.0929492478450638,0,11,0.05,0.01,0.0,0.0,0.0,9732096,0,7,4,1,0,sleeping,153,68,0,86016,20574,11784
2025-05-20 04:12:37,21177,2044321792,31019008,0.0,0.0929492478450638,0,11,0.05,0.01,0.0,0.0,0.0,9732096,0,7,4,1,0,sleeping,153,68,0,86016,20574,11784
2025-05-20 04:12:38,21177,2044321792,31019008,0.0,0.0929492478450638,0,11,0.05,0.01,0.0,0.0,0.0,9732096,0,7,4,1,0,sleeping,153,68,0,86016,20574,11784
2025-05-20 04:12:39,21177,2044321792,31019008,0.0,0.0929492478450638,0,11,0.05,0.01,0.0,0.0,0.0,9732096,0,7,4,1,0,sleeping,153,68,0,86016,20574,11784
2025-05-20 04:12:41,21177,2044321792,31019008,0.0,0.0929492478450638,0,11,0.05,0.01,0.0,0.0,0.0,9732096,0,7,4,1,0,sleeping,153,68,0,86016,20574,11784
2025-05-20 04:12:42,21177,2044321792,31019008,0.0,0.0929492478450638,0,11,0.05,0.01,0.0,0.0,0.0,9732096,0,7,4,1,0,sleeping,153,68,0,86016,20574,11784
2025-05-20 04:12:43,21177,2044321792,31019008,0.0,0.0929492478450638,0,11,0.05,0.01,0.0,0.0,0.0,9732096,0,7,4,1,0,sleeping,153,68,0,86016,20574,11784
2025-05-20 04:12:44,21177,2044321792,31019008,0.0,0.0929492478450638,0,11,0.05,0.01,0.0,0.0,0.0,9732096,0,7,4,1,0,sleeping,153,68,0,86016,20574,11784
2025-05-20 04:12:45,21177,2044321792,31019008,0.0,0.0929492478450638,0,11,0.05,0.01,0.0,0.0,0.0,9732096,0,7,4,1,0,sleeping,153,68,0,86016,20574,11784
2025-05-20 04:12:46,21177,2044321792,31019008,0.0,0.0929492478450638,0,11,0.05,0.01,0.0,0.0,0.0,9732096,0,7,4,1,0,sleeping,153,68,0,86016,20574,11784
2025-05-20 04:12:47,21177,2044321792,31019008,0.0,0.0929492478450638,0,11,0.05,0.01,0.0,0.0,0.0,9732096,0,7,4,1,0,sleeping,153,68,0,86016,20574,11784
2025-05-20 04:12:48,21177,2044321792,31019008,0.0,0.0929492478450638,0,11,0.05,0.01,0.0,0.0,0.0,9732096,0,7,4,1,0,sleeping,153,68,0,86016,20574,11784
2025-05-20 04:12:50,21177,2044321792,31019008,0.0,0.0929492478450638,0,11,0.05,0.01,0.0,0.0,0.0,9732096,0,7,4,1,0,sleeping,153,68,0,86016,20574,11784
2025-05-20 04:12:51,21177,2044321792,31019008,0.0,0.0929492478450638,0,11,0.05,0.01,0.0,0.0,0.0,9732096,0,7,4,1,0,sleeping,153,68,0,86016,20574,11784
2025-05-20 04:12:52,21177,2044321792,31019008,0.0,0.0929492478450638,0,11,0.05,0.01,0.0,0.0,0.0,9732096,0,7,4,1,0,sleeping,153,68,0,86016,20574,11784
2025-05-20 04:12:53,21177,2044321792,31019008,0.0,0.0929492478450638,0,11,0.05,0.01,0.0,0.0,0.0,9732096,0,7,4,1,0,sleeping,153,68,0,86016,20574,11784
2025-05-20 04:12:54,21177,2044321792,31019008,0.0,0.0929492478450638,0,11,0.05,0.01,0.0,0.0,0.0,9732096,0,7,4,1,0,sleeping,153,68,0,86016,20574,11784
2025-05-20 04:12:55,21177,2044321792,31019008,0.0,0.0929492478450638,0,11,0.05,0.01,0.0,0.0,0.0,9732096,0,7,4,1,0,sleeping,153,68,0,86016,20574,11784
2025-05-20 04:12:56,21177,2044321792,31019008,0.0,0.0929492478450638,0,11,0.05,0.01,0.0,0.0,0.0,9732096,0,7,4,1,0,sleeping,153,68,0,86016,20574,11784
2025-05-20 04:12:58,21177,2044321792,31019008,0.0,0.0929492478450638,0,11,0.05,0.01,0.0,0.0,0.0,9732096,0,7,4,1,0,sleeping,153,68,0,86016,20574,11784
2025-05-20 04:12:59,21177,2044321792,31019008,0.0,0.0929492478450638,0,11,0.05,0.01,0.0,0.0,0.0,9732096,0,7,4,1,0,sleeping,153,68,0,86016,20574,11784
2025-05-20 04:13:00,21177,2044321792,31019008,0.0,0.0929492478450638,0,11,0.05,0.01,0.0,0.0,0.0,9732096,0,7,4,1,0,sleeping,153,68,0,86016,20574,11784
2025-05-20 04:13:01,21177,2044321792,31019008,0.0,0.0929492478450638,0,11,0.05,0.01,0.0,0.0,0.0,9732096,0,7,4,1,0,sleeping,153,68,0,86016,20574,11784
2025-05-20 04:13:02,21177,2044321792,31019008,0.0,0.0929492478450638,0,11,0.05,0.01,0.0,0.0,0.0,9732096,0,7,4,1,0,sleeping,153,68,0,86016,20574,11784
2025-05-20 04:13:03,21177,2044321792,31019008,0.0,0.0929492478450638,0,11,0.05,0.01,0.0,0.0,0.0,9732096,0,7,4,1,0,sleeping,153,68,0,86016,20574,11784
2025-05-20 04:13:05,21177,2044321792,31019008,0.0,0.0929492478450638,0,11,0.05,0.01,0.0,0.0,0.0,9732096,0,7,4,1,0,sleeping,153,68,0,86016,20574,11784
2025-05-20 04:13:06,21177,2044321792,31019008,0.0,0.0929492478450638,0,11,0.05,0.01,0.0,0.0,0.0,9732096,0,7,4,1,0,sleeping,153,68,0,86016,20574,11784
2025-05-20 04:13:07,21177,2044321792,31019008,0.0,0.0929492478450638,0,11,0.05,0.01,0.0,0.0,0.0,9732096,0,7,4,1,0,sleeping,153,68,0,86016,20574,11784
2025-05-20 04:13:08,21177,2044321792,31019008,0.0,0.0929492478450638,0,11,0.05,0.01,0.0,0.0,0.0,9732096,0,7,4,1,0,sleeping,153,68,0,86016,20574,11784
2025-05-20 04:13:09,21177,2044321792,31019008,0.0,0.0929492478450638,0,11,0.05,0.01,0.0,0.0,0.0,9732096,0,7,4,1,0,sleeping,153,68,0,86016,20574,11784
2025-05-20 04:13:10,21177,2044321792,31019008,0.0,0.0929492478450638,0,11,0.05,0.01,0.0,0.0,0.0,9732096,0,7,4,1,0,sleeping,153,68,0,86016,20574,11784
2025-05-20 04:13:11,21177,2044321792,31019008,0.0,0.0929492478450638,0,11,0.05,0.01,0.0,0.0,0.0,9732096,0,7,4,1,0,sleeping,153,68,0,86016,20574,11784
2025-05-20 04:13:12,21177,2044321792,31019008,0.0,0.0929492478450638,0,11,0.05,0.01,0.0,0.0,0.0,9732096,0,7,4,1,0,sleeping,153,68,0,86016,20574,11784
2025-05-20 04:13:13,21177,2044321792,31019008,0.0,0.0929492478450638,0,11,0.05,0.01,0.0,0.0,0.0,9732096,0,7,4,1,0,sleeping,153,68,0,86016,20574,11784
2025-05-20 04:13:14,21177,2044321792,31019008,0.0,0.0929492478450638,0,11,0.05,0.01,0.0,0.0,0.0,9732096,0,7,4,1,0,sleeping,153,68,0,86016,20574,11784
2025-05-20 04:13:16,21177,2044321792,31019008,0.0,0.0929492478450638,0,11,0.05,0.01,0.0,0.0,0.0,9732096,0,7,4,1,0,sleeping,155,69,0,90112,20705,11907
2025-05-20 04:13:17,21177,2044321792,31019008,0.0,0.0929492478450638,0,11,0.05,0.01,0.0,0.0,0.0,9732096,0,7,4,1,0,sleeping,155,69,0,90112,20705,11907
2025-05-20 04:13:19,21177,2044321792,31019008,0.0,0.0929492478450638,0,11,0.05,0.01,0.0,0.0,0.0,9732096,0,7,4,1,0,sleeping,155,69,0,90112,20705,11907
2025-05-20 04:13:20,21177,2044321792,31019008,0.0,0.0929492478450638,0,11,0.05,0.01,0.0,0.0,0.0,9732096,0,7,4,1,0,sleeping,155,69,0,90112,20705,11907
2025-05-20 04:13:21,21177,2044321792,31019008,0.0,0.0929492478450638,0,11,0.05,0.01,0.0,0.0,0.0,9732096,0,7,4,1,0,sleeping,155,69,0,90112,20705,11907
2025-05-20 04:13:22,21177,2044321792,31019008,0.0,0.0929492478450638,0,11,0.05,0.01,0.0,0.0,0.0,9732096,0,7,4,1,0,sleeping,155,69,0,90112,20705,11907
2025-05-20 04:13:23,21177,2044321792,31019008,0.0,0.0929492478450638,0,11,0.05,0.01,0.0,0.0,0.0,9732096,0,7,4,1,0,sleeping,155,69,0,90112,20705,11907
2025-05-20 04:13:24,21177,2044321792,31019008,0.0,0.0929492478450638,0,11,0.05,0.01,0.0,0.0,0.0,9732096,0,7,4,1,0,sleeping,155,69,0,90112,20705,11907
2025-05-20 04:13:25,21177,2044321792,31019008,0.0,0.0929492478450638,0,11,0.05,0.01,0.0,0.0,0.0,9732096,0,7,4,1,0,sleeping,155,69,0,90112,20705,11907
2025-05-20 04:13:26,21177,2044321792,31019008,0.0,0.0929492478450638,0,11,0.05,0.01,0.0,0.0,0.0,9732096,0,7,4,1,0,sleeping,155,69,0,90112,20705,11907
2025-05-20 04:13:27,21177,2044321792,31019008,0.0,0.0929492478450638,0,11,0.05,0.01,0.0,0.0,0.0,9732096,0,7,4,1,0,sleeping,155,69,0,90112,20705,11907
2025-05-20 04:13:28,21177,2044321792,31019008,0.0,0.0929492478450638,0,11,0.05,0.01,0.0,0.0,0.0,9732096,0,7,4,1,0,sleeping,155,69,0,90112,20705,11907
2025-05-20 04:13:29,21177,2044321792,31019008,0.0,0.0929492478450638,0,11,0.05,0.01,0.0,0.0,0.0,9732096,0,7,4,1,0,sleeping,155,69,0,90112,20705,11907
2025-05-20 04:13:31,21177,2044321792,31019008,0.0,0.0929492478450638,0,11,0.05,0.01,0.0,0.0,0.0,9732096,0,7,4,1,0,sleeping,155,69,0,90112,20705,11907
2025-05-20 04:13:32,21177,2044321792,31019008,0.0,0.0929492478450638,0,11,0.05,0.01,0.0,0.0,0.0,9732096,0,7,4,1,0,sleeping,155,69,0,90112,20705,11907
2025-05-20 04:13:33,21177,2044321792,31019008,0.0,0.0929492478450638,0,11,0.05,0.01,0.0,0.0,0.0,9732096,0,7,4,1,0,sleeping,155,69,0,90112,20705,11907
2025-05-20 04:13:35,21177,2044321792,31019008,0.0,0.0929492478450638,0,11,0.05,0.01,0.0,0.0,0.0,9732096,0,7,4,1,0,sleeping,155,69,0,90112,20705,11907
2025-05-20 04:13:36,21177,2044321792,31019008,0.0,0.0929492478450638,0,11,0.05,0.01,0.0,0.0,0.0,9732096,0,7,4,1,0,sleeping,155,69,0,90112,20705,11907
2025-05-20 04:13:37,21177,2044321792,31019008,0.0,0.0929492478450638,0,11,0.05,0.01,0.0,0.0,0.0,9732096,0,7,4,1,0,sleeping,155,69,0,90112,20705,11907
2025-05-20 04:13:38,21177,2044321792,31019008,0.0,0.0929492478450638,0,11,0.05,0.01,0.0,0.0,0.0,9732096,0,7,4,1,0,sleeping,155,69,0,90112,20705,11907
2025-05-20 04:13:39,21177,2044321792,31019008,0.0,0.0929492478450638,0,11,0.05,0.01,0.0,0.0,0.0,9732096,0,7,4,1,0,sleeping,155,69,0,90112,20705,11907
2025-05-20 04:13:41,21177,2044321792,31019008,0.0,0.0929492478450638,0,11,0.05,0.01,0.0,0.0,0.0,9732096,0,7,4,1,0,sleeping,155,69,0,90112,20705,11907
2025-05-20 04:13:42,21177,2044321792,31019008,0.0,0.0929492478450638,0,11,0.05,0.01,0.0,0.0,0.0,9732096,0,7,4,1,0,sleeping,155,69,0,90112,20705,11907
2025-05-20 04:13:43,21177,2044321792,31019008,0.0,0.0929492478450638,0,11,0.05,0.01,0.0,0.0,0.0,9732096,0,7,4,1,0,sleeping,155,69,0,90112,20705,11907
2025-05-20 04:13:44,21177,2044321792,31019008,0.0,0.0929492478450638,0,11,0.05,0.01,0.0,0.0,0.0,9732096,0,7,4,1,0,sleeping,155,69,0,90112,20705,11907
2025-05-20 04:13:45,21177,2044321792,31019008,0.0,0.0929492478450638,0,11,0.05,0.01,0.0,0.0,0.0,9732096,0,7,4,1,0,sleeping,155,69,0,90112,20705,11907
2025-05-20 04:13:46,21177,2044321792,31019008,0.0,0.0929492478450638,0,11,0.05,0.01,0.0,0.0,0.0,9732096,0,8,4,1,0,sleeping,157,70,0,90112,20837,12031
2025-05-20 04:13:47,21177,2044321792,31019008,0.0,0.0929492478450638,0,11,0.05,0.01,0.0,0.0,0.0,9732096,0,8,4,1,0,sleeping,157,70,0,90112,20837,12031
2025-05-20 04:13:48,21177,2044321792,31019008,0.0,0.0929492478450638,0,11,0.05,0.01,0.0,0.0,0.0,9732096,0,8,4,1,0,sleeping,157,70,0,90112,20837,12031
2025-05-20 04:13:49,21177,2044321792,31019008,0.0,0.0929492478450638,0,11,0.05,0.01,0.0,0.0,0.0,9732096,0,8,4,1,0,sleeping,157,70,0,90112,20837,12031
2025-05-20 04:13:51,21177,2044321792,31019008,0.0,0.0929492478450638,0,11,0.05,0.01,0.0,0.0,0.0,9732096,0,8,4,1,0,sleeping,157,70,0,90112,20837,12031
2025-05-20 04:13:52,21177,2044321792,31019008,0.0,0.0929492478450638,0,11,0.05,0.01,0.0,0.0,0.0,9732096,0,8,4,1,0,sleeping,157,70,0,90112,20837,12031
2025-05-20 04:13:53,21177,2044321792,31019008,0.0,0.0929492478450638,0,11,0.05,0.01,0.0,0.0,0.0,9732096,0,8,4,1,0,sleeping,157,70,0,90112,20837,12031
2025-05-20 04:13:55,21177,2044321792,31019008,0.0,0.0929492478450638,0,11,0.05,0.01,0.0,0.0,0.0,9732096,0,8,4,1,0,sleeping,157,70,0,90112,20837,12031
2025-05-20 04:13:56,21177,2044321792,31019008,0.0,0.0929492478450638,0,11,0.05,0.01,0.0,0.0,0.0,9732096,0,8,4,1,0,sleeping,157,70,0,90112,20837,12031
2025-05-20 04:13:57,21177,2044321792,31019008,0.0,0.0929492478450638,0,11,0.05,0.01,0.0,0.0,0.0,9732096,0,8,4,1,0,sleeping,157,70,0,90112,20837,12031
2025-05-20 04:13:58,21177,2044321792,31019008,0.0,0.0929492478450638,0,11,0.05,0.01,0.0,0.0,0.0,9732096,0,8,4,1,0,sleeping,157,70,0,90112,20837,12031
2025-05-20 04:13:59,21177,2044321792,31019008,0.0,0.0929492478450638,0,11,0.05,0.01,0.0,0.0,0.0,9732096,0,8,4,1,0,sleeping,157,70,0,90112,20837,12031
2025-05-20 04:14:00,21177,2044321792,31019008,0.0,0.0929492478450638,0,11,0.05,0.01,0.0,0.0,0.0,9732096,0,8,4,1,0,sleeping,157,70,0,90112,20837,12031
2025-05-20 04:14:01,21177,2044321792,31019008,0.0,0.0929492478450638,0,11,0.05,0.01,0.0,0.0,0.0,9732096,0,8,4,1,0,sleeping,157,70,0,90112,20837,12031
2025-05-20 04:14:02,21177,2044321792,31019008,0.0,0.0929492478450638,0,11,0.05,0.01,0.0,0.0,0.0,9732096,0,8,4,1,0,sleeping,157,70,0,90112,20837,12031
2025-05-20 04:14:03,21177,2044321792,31019008,0.0,0.0929492478450638,0,11,0.05,0.01,0.0,0.0,0.0,9732096,0,8,4,1,0,sleeping,157,70,0,90112,20837,12031
2025-05-20 04:14:04,21177,2044321792,31019008,0.0,0.0929492478450638,0,11,0.05,0.01,0.0,0.0,0.0,9732096,0,8,4,1,0,sleeping,157,70,0,90112,20837,12031
2025-05-20 04:14:05,21177,2044321792,31019008,0.0,0.0929492478450638,0,11,0.05,0.01,0.0,0.0,0.0,9732096,0,8,4,1,0,sleeping,157,70,0,90112,20837,12031
2025-05-20 04:14:06,21177,2044321792,31019008,0.0,0.0929492478450638,0,11,0.05,0.01,0.0,0.0,0.0,9732096,0,8,4,1,0,sleeping,157,70,0,90112,20837,12031
2025-05-20 04:14:08,21177,2044321792,31019008,0.0,0.0929492478450638,0,11,0.05,0.01,0.0,0.0,0.0,9732096,0,8,4,1,0,sleeping,157,70,0,90112,20837,12031
2025-05-20 04:14:09,21177,2044321792,31019008,0.0,0.0929492478450638,0,11,0.05,0.01,0.0,0.0,0.0,9732096,0,8,4,1,0,sleeping,157,70,0,90112,20837,12031
2025-05-20 04:14:10,21177,2044321792,31019008,0.0,0.0929492478450638,0,11,0.05,0.01,0.0,0.0,0.0,9732096,0,8,4,1,0,sleeping,157,70,0,90112,20837,12031
2025-05-20 04:14:11,21177,2044321792,31019008,0.0,0.0929492478450638,0,11,0.05,0.01,0.0,0.0,0.0,9732096,0,8,4,1,0,sleeping,157,70,0,90112,20837,12031
2025-05-20 04:14:13,21177,2044321792,31019008,0.0,0.0929492478450638,0,11,0.05,0.01,0.0,0.0,0.0,9732096,0,8,4,1,0,sleeping,157,70,0,90112,20837,12031
2025-05-20 04:14:14,21177,2044321792,31019008,0.0,0.0929492478450638,0,11,0.05,0.01,0.0,0.0,0.0,9732096,0,8,4,1,0,sleeping,157,70,0,90112,20837,12031
2025-05-20 04:14:15,21177,2044321792,31019008,0.0,0.0929492478450638,0,11,0.05,0.01,0.0,0.0,0.0,9732096,0,8,4,1,0,sleeping,157,70,0,90112,20837,12031
2025-05-20 04:14:16,21177,2044321792,31019008,0.0,0.0929492478450638,0,11,0.05,0.01,0.0,0.0,0.0,9732096,0,8,4,1,0,sleeping,159,71,0,94208,20969,12155
2025-05-20 04:14:17,21177,2044321792,31019008,0.0,0.0929492478450638,0,11,0.05,0.01,0.0,0.0,0.0,9732096,0,8,4,1,0,sleeping,159,71,0,94208,20969,12155
2025-05-20 04:14:18,21177,2044321792,31019008,0.0,0.0929492478450638,0,11,0.05,0.01,0.0,0.0,0.0,9732096,0,8,4,1,0,sleeping,159,71,0,94208,20969,12155
2025-05-20 04:14:19,21177,2044321792,31019008,0.0,0.0929492478450638,0,11,0.05,0.01,0.0,0.0,0.0,9732096,0,8,4,1,0,sleeping,159,71,0,94208,20969,12155
2025-05-20 04:14:20,21177,2044321792,31019008,0.0,0.0929492478450638,0,11,0.05,0.01,0.0,0.0,0.0,9732096,0,8,4,1,0,sleeping,159,71,0,94208,20969,12155
2025-05-20 04:14:21,21177,2044321792,31019008,0.0,0.0929492478450638,0,11,0.05,0.01,0.0,0.0,0.0,9732096,0,8,4,1,0,sleeping,159,71,0,94208,20969,12155
2025-05-20 04:14:22,21177,2044321792,31019008,0.0,0.0929492478450638,0,11,0.05,0.01,0.0,0.0,0.0,9732096,0,8,4,1,0,sleeping,159,71,0,94208,20969,12155
2025-05-20 04:14:23,21177,2044321792,31019008,0.0,0.0929492478450638,0,11,0.05,0.01,0.0,0.0,0.0,9732096,0,8,4,1,0,sleeping,159,71,0,94208,20969,12155
2025-05-20 04:14:24,21177,2044321792,31019008,0.0,0.0929492478450638,0,11,0.05,0.01,0.0,0.0,0.0,9732096,0,8,4,1,0,sleeping,159,71,0,94208,20969,12155
2025-05-20 04:14:26,21177,2044321792,31019008,0.0,0.0929492478450638,0,11,0.05,0.01,0.0,0.0,0.0,9732096,0,8,4,1,0,sleeping,159,71,0,94208,20969,12155
2025-05-20 04:14:27,21177,2044321792,31019008,0.0,0.0929492478450638,0,11,0.05,0.01,0.0,0.0,0.0,9732096,0,8,4,1,0,sleeping,159,71,0,94208,20969,12155
2025-05-20 04:14:28,21177,2044321792,31019008,0.0,0.0929492478450638,0,11,0.05,0.01,0.0,0.0,0.0,9732096,0,8,4,1,0,sleeping,159,71,0,94208,20969,12155
2025-05-20 04:14:30,21177,2044321792,31019008,0.0,0.0929492478450638,0,11,0.05,0.01,0.0,0.0,0.0,9732096,0,8,4,1,0,sleeping,159,71,0,94208,20969,12155
2025-05-20 04:14:31,21177,2044321792,31019008,0.0,0.0929492478450638,0,11,0.05,0.01,0.0,0.0,0.0,9732096,0,8,4,1,0,sleeping,159,71,0,94208,20969,12155
2025-05-20 04:14:32,21177,2044321792,31019008,0.0,0.0929492478450638,0,11,0.05,0.01,0.0,0.0,0.0,9732096,0,8,4,1,0,sleeping,159,71,0,94208,20969,12155
2025-05-20 04:14:33,21177,2044321792,31019008,0.0,0.0929492478450638,0,11,0.05,0.01,0.0,0.0,0.0,9732096,0,8,4,1,0,sleeping,159,71,0,94208,20969,12155
2025-05-20 04:14:34,21177,2044321792,31019008,0.0,0.0929492478450638,0,11,0.05,0.01,0.0,0.0,0.0,9732096,0,8,4,1,0,sleeping,159,71,0,94208,20969,12155
2025-05-20 04:14:35,21177,2044321792,31019008,0.0,0.0929492478450638,0,11,0.05,0.01,0.0,0.0,0.0,9732096,0,8,4,1,0,sleeping,159,71,0,94208,20969,12155
2025-05-20 04:14:36,21177,2044321792,31019008,0.0,0.0929492478450638,0,11,0.05,0.01,0.0,0.0,0.0,9732096,0,8,4,1,0,sleeping,159,71,0,94208,20969,12155
2025-05-20 04:14:37,21177,2044321792,31019008,0.0,0.0929492478450638,0,11,0.05,0.01,0.0,0.0,0.0,9732096,0,8,4,1,0,sleeping,159,71,0,94208,20969,12155
2025-05-20 04:14:38,21177,2044321792,31019008,0.0,0.0929492478450638,0,11,0.05,0.01,0.0,0.0,0.0,9732096,0,8,4,1,0,sleeping,159,71,0,94208,20969,12155
2025-05-20 04:14:39,21177,2044321792,31019008,0.0,0.0929492478450638,0,11,0.05,0.01,0.0,0.0,0.0,9732096,0,8,4,1,0,sleeping,159,71,0,94208,20969,12155
2025-05-20 04:14:40,21177,2044321792,31019008,0.0,0.0929492478450638,0,11,0.05,0.01,0.0,0.0,0.0,9732096,0,8,4,1,0,sleeping,159,71,0,94208,20969,12155
2025-05-20 04:14:41,21177,2044321792,31019008,0.0,0.0929492478450638,0,11,0.05,0.01,0.0,0.0,0.0,9732096,0,8,4,1,0,sleeping,159,71,0,94208,20969,12155
2025-05-20 04:14:42,21177,2044321792,31019008,0.0,0.0929492478450638,0,11,0.05,0.01,0.0,0.0,0.0,9732096,0,8,4,1,0,sleeping,159,71,0,94208,20969,12155
2025-05-20 04:14:44,21177,2044321792,31019008,0.0,0.0929492478450638,0,11,0.05,0.01,0.0,0.0,0.0,9732096,0,8,4,1,0,sleeping,159,71,0,94208,20969,12155
2025-05-20 04:14:45,21177,2044321792,31019008,0.0,0.0929492478450638,0,11,0.05,0.01,0.0,0.0,0.0,9732096,0,8,4,1,0,sleeping,159,71,0,94208,20969,12155
2025-05-20 04:14:46,21177,2044321792,31019008,0.0,0.0929492478450638,0,11,0.05,0.01,0.0,0.0,0.0,9732096,0,8,4,1,0,sleeping,161,72,0,94208,21101,12279
2025-05-20 04:14:48,21177,2044321792,31019008,0.0,0.0929492478450638,0,11,0.05,0.01,0.0,0.0,0.0,9732096,0,8,4,1,0,sleeping,161,72,0,94208,21101,12279
2025-05-20 04:14:49,21177,2044321792,31019008,0.0,0.0929492478450638,0,11,0.05,0.01,0.0,0.0,0.0,9732096,0,8,4,1,0,sleeping,161,72,0,94208,21101,12279
2025-05-20 04:14:50,21177,2044321792,31019008,0.0,0.0929492478450638,0,11,0.05,0.01,0.0,0.0,0.0,9732096,0,8,4,1,0,sleeping,161,72,0,94208,21101,12279
2025-05-20 04:14:51,21177,2044321792,31019008,0.0,0.0929492478450638,0,11,0.05,0.01,0.0,0.0,0.0,9732096,0,8,4,1,0,sleeping,161,72,0,94208,21101,12279
2025-05-20 04:14:52,21177,2044321792,31019008,0.0,0.0929492478450638,0,11,0.05,0.01,0.0,0.0,0.0,9732096,0,8,4,1,0,sleeping,161,72,0,94208,21101,12279
2025-05-20 04:14:53,21177,2044321792,31019008,0.0,0.0929492478450638,0,11,0.05,0.01,0.0,0.0,0.0,9732096,0,8,4,1,0,sleeping,161,72,0,94208,21101,12279
2025-05-20 04:14:54,21177,2044321792,31019008,0.0,0.0929492478450638,0,11,0.05,0.01,0.0,0.0,0.0,9732096,0,8,4,1,0,sleeping,161,72,0,94208,21101,12279
2025-05-20 04:14:55,21177,2044321792,31019008,0.0,0.0929492478450638,0,11,0.05,0.01,0.0,0.0,0.0,9732096,0,8,4,1,0,sleeping,161,72,0,94208,21101,12279
2025-05-20 04:14:56,21177,2044321792,31019008,0.0,0.0929492478450638,0,11,0.05,0.01,0.0,0.0,0.0,9732096,0,8,4,1,0,sleeping,161,72,0,94208,21101,12279
2025-05-20 04:14:57,21177,2044321792,31019008,0.0,0.0929492478450638,0,11,0.05,0.01,0.0,0.0,0.0,9732096,0,8,4,1,0,sleeping,161,72,0,94208,21101,12279
2025-05-20 04:14:58,21177,2044321792,31019008,0.0,0.0929492478450638,0,11,0.05,0.01,0.0,0.0,0.0,9732096,0,8,4,1,0,sleeping,161,72,0,94208,21101,12279
2025-05-20 04:14:59,21177,2044321792,31019008,0.0,0.0929492478450638,0,11,0.05,0.01,0.0,0.0,0.0,9732096,0,8,4,1,0,sleeping,161,72,0,94208,21101,12279
2025-05-20 04:15:00,21177,2044321792,31019008,0.0,0.0929492478450638,0,11,0.05,0.01,0.0,0.0,0.0,9732096,0,8,4,1,0,sleeping,161,72,0,94208,21101,12279
2025-05-20 04:15:02,21177,2044321792,31019008,0.0,0.0929492478450638,0,11,0.05,0.01,0.0,0.0,0.0,9732096,0,8,4,1,0,sleeping,161,72,0,94208,21101,12279
2025-05-20 04:15:03,21177,2044321792,31019008,0.0,0.0929492478450638,0,11,0.05,0.01,0.0,0.0,0.0,9732096,0,8,4,1,0,sleeping,161,72,0,94208,21101,12279
2025-05-20 04:15:04,21177,2044321792,31019008,0.0,0.0929492478450638,0,11,0.05,0.01,0.0,0.0,0.0,9732096,0,8,4,1,0,sleeping,161,72,0,94208,21101,12279
2025-05-20 04:15:05,21177,2044321792,31019008,0.0,0.0929492478450638,0,11,0.05,0.01,0.0,0.0,0.0,9732096,0,8,4,1,0,sleeping,161,72,0,94208,21101,12279
2025-05-20 04:15:07,21177,2044321792,31019008,0.0,0.0929492478450638,0,11,0.05,0.01,0.0,0.0,0.0,9732096,0,8,4,1,0,sleeping,161,72,0,94208,21101,12279
2025-05-20 04:15:08,21177,2044321792,31019008,0.0,0.0929492478450638,0,11,0.05,0.01,0.0,0.0,0.0,9732096,0,8,4,1,0,sleeping,161,72,0,94208,21101,12279
2025-05-20 04:15:09,21177,2044321792,31019008,0.0,0.0929492478450638,0,11,0.05,0.01,0.0,0.0,0.0,9732096,0,8,4,1,0,sleeping,161,72,0,94208,21101,12279
2025-05-20 04:15:10,21177,2044321792,31019008,0.0,0.0929492478450638,0,11,0.05,0.01,0.0,0.0,0.0,9732096,0,8,4,1,0,sleeping,161,72,0,94208,21101,12279
2025-05-20 04:15:11,21177,2044321792,31019008,0.0,0.0929492478450638,0,11,0.05,0.01,0.0,0.0,0.0,9732096,0,8,4,1,0,sleeping,161,72,0,94208,21101,12279
2025-05-20 04:15:12,21177,2044321792,31019008,0.0,0.0929492478450638,0,11,0.05,0.01,0.0,0.0,0.0,9732096,0,8,4,1,0,sleeping,161,72,0,94208,21101,12279
2025-05-20 04:15:13,21177,2044321792,31019008,0.0,0.0929492478450638,0,11,0.05,0.01,0.0,0.0,0.0,9732096,0,8,4,1,0,sleeping,161,72,0,94208,21101,12279
2025-05-20 04:15:15,21177,2044321792,31019008,0.0,0.0929492478450638,0,11,0.05,0.01,0.0,0.0,0.0,9732096,0,8,4,1,0,sleeping,161,72,0,94208,21101,12279
2025-05-20 04:15:16,21177,2044321792,31019008,0.0,0.0929492478450638,0,11,0.05,0.01,0.0,0.0,0.0,9732096,0,8,4,1,0,sleeping,161,72,0,94208,21101,12279
2025-05-20 04:15:17,21177,2044321792,31019008,0.0,0.0929492478450638,0,11,0.05,0.01,0.0,0.0,0.0,9732096,0,8,4,1,0,sleeping,163,73,0,98304,21233,12403
2025-05-20 04:15:18,21177,2044321792,31019008,0.0,0.0929492478450638,0,11,0.05,0.01,0.0,0.0,0.0,9732096,0,8,4,1,0,sleeping,163,73,0,98304,21233,12403
2025-05-20 04:15:19,21177,2044321792,31019008,0.0,0.0929492478450638,0,11,0.05,0.01,0.0,0.0,0.0,9732096,0,8,4,1,0,sleeping,163,73,0,98304,21233,12403
2025-05-20 04:15:20,21177,2044321792,31019008,0.0,0.0929492478450638,0,11,0.05,0.01,0.0,0.0,0.0,9732096,0,8,4,1,0,sleeping,163,73,0,98304,21233,12403
2025-05-20 04:15:21,21177,2044321792,31019008,0.0,0.0929492478450638,0,11,0.05,0.01,0.0,0.0,0.0,9732096,0,8,4,1,0,sleeping,163,73,0,98304,21233,12403
2025-05-20 04:15:23,21177,2044321792,31019008,0.0,0.0929492478450638,0,11,0.05,0.01,0.0,0.0,0.0,9732096,0,8,4,1,0,sleeping,163,73,0,98304,21233,12403
2025-05-20 04:15:24,21177,2044321792,31019008,0.0,0.0929492478450638,0,11,0.05,0.01,0.0,0.0,0.0,9732096,0,8,4,1,0,sleeping,163,73,0,98304,21233,12403
2025-05-20 04:15:25,21177,2044321792,31019008,0.0,0.0929492478450638,0,11,0.05,0.01,0.0,0.0,0.0,9732096,0,8,4,1,0,sleeping,163,73,0,98304,21233,12403
2025-05-20 04:15:26,21177,2044321792,31019008,0.0,0.0929492478450638,0,11,0.05,0.01,0.0,0.0,0.0,9732096,0,8,4,1,0,sleeping,163,73,0,98304,21233,12403
2025-05-20 04:15:27,21177,2044321792,31019008,0.0,0.0929492478450638,0,11,0.05,0.01,0.0,0.0,0.0,9732096,0,8,4,1,0,sleeping,163,73,0,98304,21233,12403
2025-05-20 04:15:28,21177,2044321792,31019008,0.0,0.0929492478450638,0,11,0.05,0.01,0.0,0.0,0.0,9732096,0,8,4,1,0,sleeping,163,73,0,98304,21233,12403
2025-05-20 04:15:29,21177,2044321792,31019008,0.0,0.0929492478450638,0,11,0.05,0.01,0.0,0.0,0.0,9732096,0,8,4,1,0,sleeping,163,73,0,98304,21233,12403
2025-05-20 04:15:30,21177,2044321792,31019008,0.0,0.0929492478450638,0,11,0.05,0.01,0.0,0.0,0.0,9732096,0,8,4,1,0,sleeping,163,73,0,98304,21233,12403
2025-05-20 04:15:32,21177,2044321792,31019008,0.0,0.0929492478450638,0,11,0.05,0.01,0.0,0.0,0.0,9732096,0,8,4,1,0,sleeping,163,73,0,98304,21233,12403
2025-05-20 04:15:33,21177,2044321792,31019008,0.0,0.0929492478450638,0,11,0.05,0.01,0.0,0.0,0.0,9732096,0,8,4,1,0,sleeping,163,73,0,98304,21233,12403
2025-05-20 04:15:34,21177,2044321792,31019008,0.0,0.0929492478450638,0,11,0.05,0.01,0.0,0.0,0.0,9732096,0,8,4,1,0,sleeping,163,73,0,98304,21233,12403
2025-05-20 04:15:35,21177,2044321792,31019008,0.0,0.0929492478450638,0,11,0.05,0.01,0.0,0.0,0.0,9732096,0,8,4,1,0,sleeping,163,73,0,98304,21233,12403
2025-05-20 04:15:36,21177,2044321792,31019008,0.0,0.0929492478450638,0,11,0.05,0.01,0.0,0.0,0.0,9732096,0,8,4,1,0,sleeping,163,73,0,98304,21233,12403
2025-05-20 04:15:37,21177,2044321792,31019008,0.0,0.0929492478450638,0,11,0.05,0.01,0.0,0.0,0.0,9732096,0,8,4,1,0,sleeping,163,73,0,98304,21233,12403
2025-05-20 04:15:38,21177,2044321792,31019008,0.0,0.0929492478450638,0,11,0.05,0.01,0.0,0.0,0.0,9732096,0,8,4,1,0,sleeping,163,73,0,98304,21233,12403
2025-05-20 04:15:40,21177,2044321792,31019008,0.0,0.0929492478450638,0,11,0.05,0.01,0.0,0.0,0.0,9732096,0,8,4,1,0,sleeping,163,73,0,98304,21233,12403
2025-05-20 04:15:41,21177,2044321792,31019008,0.0,0.0929492478450638,0,11,0.05,0.01,0.0,0.0,0.0,9732096,0,8,4,1,0,sleeping,163,73,0,98304,21233,12403
2025-05-20 04:15:42,21177,2044321792,31019008,0.0,0.0929492478450638,0,11,0.05,0.01,0.0,0.0,0.0,9732096,0,8,4,1,0,sleeping,163,73,0,98304,21233,12403
2025-05-20 04:15:43,21177,2044321792,31019008,0.0,0.0929492478450638,0,11,0.05,0.01,0.0,0.0,0.0,9732096,0,8,4,1,0,sleeping,163,73,0,98304,21233,12403
2025-05-20 04:15:44,21177,2044321792,31019008,0.0,0.0929492478450638,0,11,0.05,0.01,0.0,0.0,0.0,9732096,0,8,4,1,0,sleeping,163,73,0,98304,21233,12403
2025-05-20 04:15:45,21177,2044321792,31019008,0.0,0.0929492478450638,0,11,0.05,0.01,0.0,0.0,0.0,9732096,0,8,4,1,0,sleeping,163,73,0,98304,21233,12403
2025-05-20 04:15:46,21177,2044321792,31019008,0.0,0.0929492478450638,0,11,0.05,0.01,0.0,0.0,0.0,9732096,0,6,4,1,0,sleeping,165,74,0,98304,21364,12526
2025-05-20 04:15:47,21177,2044321792,31019008,0.0,0.0929492478450638,0,11,0.05,0.01,0.0,0.0,0.0,9732096,0,6,4,1,0,sleeping,165,74,0,98304,21364,12526
2025-05-20 04:15:49,21177,2044321792,31019008,0.0,0.0929492478450638,0,11,0.05,0.01,0.0,0.0,0.0,9732096,0,6,4,1,0,sleeping,165,74,0,98304,21364,12526
2025-05-20 04:15:50,21177,2044321792,31019008,0.0,0.0929492478450638,0,11,0.05,0.01,0.0,0.0,0.0,9732096,0,6,4,1,0,sleeping,165,74,0,98304,21364,12526
2025-05-20 04:15:51,21177,2044321792,31019008,0.0,0.0929492478450638,0,11,0.05,0.01,0.0,0.0,0.0,9732096,0,6,4,1,0,sleeping,165,74,0,98304,21364,12526
2025-05-20 04:15:52,21177,2044321792,31019008,0.0,0.0929492478450638,0,11,0.05,0.01,0.0,0.0,0.0,9732096,0,6,4,1,0,sleeping,165,74,0,98304,21364,12526
2025-05-20 04:15:53,21177,2044321792,31019008,0.0,0.0929492478450638,0,11,0.05,0.01,0.0,0.0,0.0,9732096,0,6,4,1,0,sleeping,165,74,0,98304,21364,12526
2025-05-20 04:15:54,21177,2044321792,31019008,0.0,0.0929492478450638,0,11,0.05,0.01,0.0,0.0,0.0,9732096,0,6,4,1,0,sleeping,165,74,0,98304,21364,12526
2025-05-20 04:15:55,21177,2044321792,31019008,0.0,0.0929492478450638,0,11,0.05,0.01,0.0,0.0,0.0,9732096,0,6,4,1,0,sleeping,165,74,0,98304,21364,12526
2025-05-20 04:15:57,21177,2044321792,31019008,0.0,0.0929492478450638,0,11,0.05,0.01,0.0,0.0,0.0,9732096,0,6,4,1,0,sleeping,165,74,0,98304,21364,12526
2025-05-20 04:15:58,21177,2044321792,31019008,0.0,0.0929492478450638,0,11,0.05,0.01,0.0,0.0,0.0,9732096,0,6,4,1,0,sleeping,165,74,0,98304,21364,12526
2025-05-20 04:15:59,21177,2044321792,31019008,0.0,0.0929492478450638,0,11,0.05,0.01,0.0,0.0,0.0,9732096,0,6,4,1,0,sleeping,165,74,0,98304,21364,12526
2025-05-20 04:16:00,21177,2044321792,31019008,0.0,0.0929492478450638,0,11,0.05,0.01,0.0,0.0,0.0,9732096,0,6,4,1,0,sleeping,165,74,0,98304,21364,12526
2025-05-20 04:16:01,21177,2044321792,31019008,0.0,0.0929492478450638,0,11,0.05,0.01,0.0,0.0,0.0,9732096,0,6,4,1,0,sleeping,165,74,0,98304,21364,12526
2025-05-20 04:16:02,21177,2044321792,31019008,0.0,0.0929492478450638,0,11,0.05,0.01,0.0,0.0,0.0,9732096,0,6,4,1,0,sleeping,165,74,0,98304,21364,12526
2025-05-20 04:16:04,21177,2044321792,31019008,0.0,0.0929492478450638,0,11,0.05,0.01,0.0,0.0,0.0,9732096,0,6,4,1,0,sleeping,165,74,0,98304,21364,12526
2025-05-20 04:16:05,21177,2044321792,31019008,0.0,0.0929492478450638,0,11,0.05,0.01,0.0,0.0,0.0,9732096,0,6,4,1,0,sleeping,165,74,0,98304,21364,12526
2025-05-20 04:16:06,21177,2044321792,31019008,0.0,0.0929492478450638,0,11,0.05,0.01,0.0,0.0,0.0,9732096,0,6,4,1,0,sleeping,165,74,0,98304,21364,12526
2025-05-20 04:16:07,21177,2044321792,31019008,0.0,0.0929492478450638,0,11,0.05,0.01,0.0,0.0,0.0,9732096,0,6,4,1,0,sleeping,165,74,0,98304,21364,12526
2025-05-20 04:16:08,21177,2044321792,31019008,0.0,0.0929492478450638,0,11,0.05,0.01,0.0,0.0,0.0,9732096,0,6,4,1,0,sleeping,165,74,0,98304,21364,12526
2025-05-20 04:16:09,21177,2044321792,31019008,0.0,0.0929492478450638,0,11,0.05,0.01,0.0,0.0,0.0,9732096,0,6,4,1,0,sleeping,165,74,0,98304,21364,12526
2025-05-20 04:16:10,21177,2044321792,31019008,0.0,0.0929492478450638,0,11,0.05,0.01,0.0,0.0,0.0,9732096,0,6,4,1,0,sleeping,165,74,0,98304,21364,12526
2025-05-20 04:16:11,21177,2044321792,31019008,0.0,0.0929492478450638,0,11,0.05,0.01,0.0,0.0,0.0,9732096,0,6,4,1,0,sleeping,165,74,0,98304,21364,12526
2025-05-20 04:16:12,21177,2044321792,31019008,0.0,0.0929492478450638,0,11,0.05,0.01,0.0,0.0,0.0,9732096,0,6,4,1,0,sleeping,165,74,0,98304,21364,12526
2025-05-20 04:16:14,21177,2044321792,31019008,0.0,0.0929492478450638,0,11,0.05,0.01,0.0,0.0,0.0,9732096,0,6,4,1,0,sleeping,165,74,0,98304,21364,12526
2025-05-20 04:16:15,21177,2044321792,31019008,0.0,0.0929492478450638,0,11,0.05,0.01,0.0,0.0,0.0,9732096,0,6,4,1,0,sleeping,165,74,0,98304,21364,12526
2025-05-20 04:16:16,21177,2044321792,31019008,0.0,0.0929492478450638,0,11,0.05,0.01,0.0,0.0,0.0,9732096,0,7,4,1,0,sleeping,167,75,0,102400,21496,12650
2025-05-20 04:16:17,21177,2044321792,31019008,0.0,0.0929492478450638,0,11,0.05,0.01,0.0,0.0,0.0,9732096,0,7,4,1,0,sleeping,167,75,0,102400,21496,12650
2025-05-20 04:16:18,21177,2044321792,31019008,0.0,0.0929492478450638,0,11,0.05,0.01,0.0,0.0,0.0,9732096,0,7,4,1,0,sleeping,167,75,0,102400,21496,12650
2025-05-20 04:16:19,21177,2044321792,31019008,0.0,0.0929492478450638,0,11,0.05,0.01,0.0,0.0,0.0,9732096,0,7,4,1,0,sleeping,167,75,0,102400,21496,12650
2025-05-20 04:16:20,21177,2044321792,31019008,0.0,0.0929492478450638,0,11,0.05,0.01,0.0,0.0,0.0,9732096,0,7,4,1,0,sleeping,167,75,0,102400,21496,12650
2025-05-20 04:16:22,21177,2044321792,31019008,0.0,0.0929492478450638,0,11,0.05,0.01,0.0,0.0,0.0,9732096,0,7,4,1,0,sleeping,167,75,0,102400,21496,12650
2025-05-20 04:16:23,21177,2044321792,31019008,0.0,0.0929492478450638,0,11,0.05,0.01,0.0,0.0,0.0,9732096,0,7,4,1,0,sleeping,167,75,0,102400,21496,12650
2025-05-20 04:16:24,21177,2044321792,31019008,0.0,0.0929492478450638,0,11,0.05,0.01,0.0,0.0,0.0,9732096,0,7,4,1,0,sleeping,167,75,0,102400,21496,12650
2025-05-20 04:16:25,21177,2044321792,31019008,0.0,0.0929492478450638,0,11,0.05,0.01,0.0,0.0,0.0,9732096,0,7,4,1,0,sleeping,167,75,0,102400,21496,12650
2025-05-20 04:16:26,21177,2044321792,31019008,0.0,0.0929492478450638,0,11,0.05,0.01,0.0,0.0,0.0,9732096,0,7,4,1,0,sleeping,167,75,0,102400,21496,12650
2025-05-20 04:16:27,21177,2044321792,31019008,0.0,0.0929492478450638,0,11,0.05,0.01,0.0,0.0,0.0,9732096,0,7,4,1,0,sleeping,167,75,0,102400,21496,12650
2025-05-20 04:16:28,21177,2044321792,31019008,0.0,0.0929492478450638,0,11,0.05,0.01,0.0,0.0,0.0,9732096,0,7,4,1,0,sleeping,167,75,0,102400,21496,12650
2025-05-20 04:16:30,21177,2044321792,31019008,0.0,0.0929492478450638,0,11,0.05,0.01,0.0,0.0,0.0,9732096,0,7,4,1,0,sleeping,167,75,0,102400,21496,12650
2025-05-20 04:16:31,21177,2044321792,31019008,0.0,0.0929492478450638,0,11,0.05,0.01,0.0,0.0,0.0,9732096,0,7,4,1,0,sleeping,167,75,0,102400,21496,12650
2025-05-20 04:16:32,21177,2044321792,31019008,0.0,0.0929492478450638,0,11,0.05,0.01,0.0,0.0,0.0,9732096,0,7,4,1,0,sleeping,167,75,0,102400,21496,12650
2025-05-20 04:16:33,21177,2044321792,31019008,0.0,0.0929492478450638,0,11,0.05,0.01,0.0,0.0,0.0,9732096,0,7,4,1,0,sleeping,167,75,0,102400,21496,12650
2025-05-20 04:16:34,21177,2044321792,31019008,0.0,0.0929492478450638,0,11,0.05,0.01,0.0,0.0,0.0,9732096,0,7,4,1,0,sleeping,167,75,0,102400,21496,12650
2025-05-20 04:16:35,21177,2044321792,31019008,0.0,0.0929492478450638,0,11,0.05,0.01,0.0,0.0,0.0,9732096,0,7,4,1,0,sleeping,167,75,0,102400,21496,12650
2025-05-20 04:16:36,21177,2044321792,31019008,0.0,0.0929492478450638,0,11,0.05,0.01,0.0,0.0,0.0,9732096,0,7,4,1,0,sleeping,167,75,0,102400,21496,12650
2025-05-20 04:16:37,21177,2044321792,31019008,0.0,0.0929492478450638,0,11,0.05,0.01,0.0,0.0,0.0,9732096,0,7,4,1,0,sleeping,167,75,0,102400,21496,12650
2025-05-20 04:16:38,21177,2044321792,31019008,0.0,0.0929492478450638,0,11,0.05,0.01,0.0,0.0,0.0,9732096,0,7,4,1,0,sleeping,167,75,0,102400,21496,12650
2025-05-20 04:16:40,21177,2044321792,31019008,0.0,0.0929492478450638,0,11,0.05,0.01,0.0,0.0,0.0,9732096,0,7,4,1,0,sleeping,167,75,0,102400,21496,12650
2025-05-20 04:16:41,21177,2044321792,31019008,0.0,0.0929492478450638,0,11,0.05,0.01,0.0,0.0,0.0,9732096,0,7,4,1,0,sleeping,167,75,0,102400,21496,12650
2025-05-20 04:16:42,21177,2044321792,31019008,0.0,0.0929492478450638,0,11,0.05,0.01,0.0,0.0,0.0,9732096,0,7,4,1,0,sleeping,167,75,0,102400,21496,12650
2025-05-20 04:16:43,21177,2044321792,31019008,0.0,0.0929492478450638,0,11,0.05,0.01,0.0,0.0,0.0,9732096,0,7,4,1,0,sleeping,167,75,0,102400,21496,12650
2025-05-20 04:16:44,21177,2044321792,31019008,0.0,0.0929492478450638,0,11,0.05,0.01,0.0,0.0,0.0,9732096,0,7,4,1,0,sleeping,167,75,0,102400,21496,12650
2025-05-20 04:16:45,21177,2044321792,31019008,0.0,0.0929492478450638,0,11,0.05,0.01,0.0,0.0,0.0,9732096,0,7,4,1,0,sleeping,167,75,0,102400,21496,12650
2025-05-20 04:16:47,21177,2044321792,31019008,0.0,0.0929492478450638,0,11,0.05,0.01,0.0,0.0,0.0,9732096,0,5,3,1,0,sleeping,169,76,0,102400,21628,12774
2025-05-20 04:16:48,21177,2044321792,31019008,0.0,0.0929492478450638,0,11,0.05,0.01,0.0,0.0,0.0,9732096,0,5,3,1,0,sleeping,169,76,0,102400,21628,12774
2025-05-20 04:16:49,21177,2044321792,31019008,0.0,0.0929492478450638,0,11,0.05,0.01,0.0,0.0,0.0,9732096,0,5,3,1,0,sleeping,169,76,0,102400,21628,12774
2025-05-20 04:16:50,21177,2044321792,31019008,0.0,0.0929492478450638,0,11,0.05,0.01,0.0,0.0,0.0,9732096,0,5,3,1,0,sleeping,169,76,0,102400,21628,12774
2025-05-20 04:16:51,21177,2044321792,31019008,0.0,0.0929492478450638,0,11,0.05,0.01,0.0,0.0,0.0,9732096,0,5,3,1,0,sleeping,169,76,0,102400,21628,12774
2025-05-20 04:16:52,21177,2044321792,31019008,0.0,0.0929492478450638,0,11,0.05,0.01,0.0,0.0,0.0,9732096,0,5,3,1,0,sleeping,169,76,0,102400,21628,12774
2025-05-20 04:16:53,21177,2044321792,31019008,0.0,0.0929492478450638,0,11,0.05,0.01,0.0,0.0,0.0,9732096,0,5,3,1,0,sleeping,169,76,0,102400,21628,12774
2025-05-20 04:16:54,21177,2044321792,31019008,0.0,0.0929492478450638,0,11,0.05,0.01,0.0,0.0,0.0,9732096,0,5,3,1,0,sleeping,169,76,0,102400,21628,12774
2025-05-20 04:16:55,21177,2044321792,31019008,0.0,0.0929492478450638,0,11,0.05,0.01,0.0,0.0,0.0,9732096,0,5,3,1,0,sleeping,169,76,0,102400,21628,12774
2025-05-20 04:16:56,21177,2044321792,31019008,0.0,0.0929492478450638,0,11,0.05,0.01,0.0,0.0,0.0,9732096,0,5,3,1,0,sleeping,169,76,0,102400,21628,12774
2025-05-20 04:16:58,21177,2044321792,31019008,0.0,0.0929492478450638,0,11,0.05,0.01,0.0,0.0,0.0,9732096,0,5,3,1,0,sleeping,169,76,0,102400,21628,12774
2025-05-20 04:16:59,21177,2044321792,31019008,0.0,0.0929492478450638,0,11,0.05,0.01,0.0,0.0,0.0,9732096,0,5,3,1,0,sleeping,169,76,0,102400,21628,12774
2025-05-20 04:17:00,21177,2044321792,31019008,0.0,0.0929492478450638,0,11,0.05,0.01,0.0,0.0,0.0,9732096,0,5,3,1,0,sleeping,169,76,0,102400,21628,12774
2025-05-20 04:17:01,21177,2044321792,31019008,0.0,0.0929492478450638,0,11,0.05,0.01,0.0,0.0,0.0,9732096,0,5,3,1,0,sleeping,169,76,0,102400,21628,12774
2025-05-20 04:17:02,21177,2044321792,31019008,0.0,0.0929492478450638,0,11,0.05,0.01,0.0,0.0,0.0,9732096,0,5,3,1,0,sleeping,169,76,0,102400,21628,12774
2025-05-20 04:17:04,21177,2044321792,31019008,0.0,0.0929492478450638,0,11,0.05,0.01,0.0,0.0,0.0,9732096,0,5,3,1,0,sleeping,169,76,0,102400,21628,12774
2025-05-20 04:17:05,21177,2044321792,31019008,0.0,0.0929492478450638,0,11,0.05,0.01,0.0,0.0,0.0,9732096,0,5,3,1,0,sleeping,169,76,0,102400,21628,12774
2025-05-20 04:17:06,21177,2044321792,31019008,0.0,0.0929492478450638,0,11,0.05,0.01,0.0,0.0,0.0,9732096,0,5,3,1,0,sleeping,169,76,0,102400,21628,12774
2025-05-20 04:17:07,21177,2044321792,31019008,0.0,0.0929492478450638,0,11,0.05,0.01,0.0,0.0,0.0,9732096,0,5,3,1,0,sleeping,169,76,0,102400,21628,12774
2025-05-20 04:17:09,21177,2044321792,31019008,0.0,0.0929492478450638,0,11,0.05,0.01,0.0,0.0,0.0,9732096,0,5,3,1,0,sleeping,169,76,0,102400,21628,12774
2025-05-20 04:17:10,21177,2044321792,31019008,0.0,0.0929492478450638,0,11,0.05,0.01,0.0,0.0,0.0,9732096,0,5,3,1,0,sleeping,169,76,0,102400,21628,12774
2025-05-20 04:17:11,21177,2044321792,31019008,0.0,0.0929492478450638,0,11,0.05,0.01,0.0,0.0,0.0,9732096,0,5,3,1,0,sleeping,169,76,0,102400,21628,12774
2025-05-20 04:17:12,21177,2044321792,31019008,0.0,0.0929492478450638,0,11,0.05,0.01,0.0,0.0,0.0,9732096,0,5,3,1,0,sleeping,169,76,0,102400,21628,12774
2025-05-20 04:17:13,21177,2044321792,31019008,0.0,0.0929492478450638,0,11,0.05,0.01,0.0,0.0,0.0,9732096,0,5,3,1,0,sleeping,169,76,0,102400,21628,12774
2025-05-20 04:17:14,21177,2044321792,31019008,0.0,0.0929492478450638,0,11,0.05,0.01,0.0,0.0,0.0,9732096,0,5,3,1,0,sleeping,169,76,0,102400,21628,12774
2025-05-20 04:17:15,21177,2044321792,31019008,0.0,0.0929492478450638,0,11,0.05,0.01,0.0,0.0,0.0,9732096,0,5,3,1,0,sleeping,169,76,0,102400,21628,12774
2025-05-20 04:17:16,21177,2044321792,31019008,0.0,0.0929492478450638,0,11,0.05,0.01,0.0,0.0,0.0,9732096,0,5,3,1,0,sleeping,171,77,0,106496,21760,12898
2025-05-20 04:17:17,21177,2044321792,31019008,0.0,0.0929492478450638,0,11,0.05,0.01,0.0,0.0,0.0,9732096,0,5,3,1,0,sleeping,171,77,0,106496,21760,12898
2025-05-20 04:17:18,21177,2044321792,31019008,0.0,0.0929492478450638,0,11,0.05,0.01,0.0,0.0,0.0,9732096,0,5,3,1,0,sleeping,171,77,0,106496,21760,12898
2025-05-20 04:17:20,21177,2044321792,31019008,0.0,0.0929492478450638,0,11,0.05,0.01,0.0,0.0,0.0,9732096,0,5,3,1,0,sleeping,171,77,0,106496,21760,12898
2025-05-20 04:17:21,21177,2044321792,31019008,0.0,0.0929492478450638,0,11,0.05,0.01,0.0,0.0,0.0,9732096,0,5,3,1,0,sleeping,171,77,0,106496,21760,12898
2025-05-20 04:17:22,21177,2044321792,31019008,0.0,0.0929492478450638,0,11,0.05,0.01,0.0,0.0,0.0,9732096,0,5,3,1,0,sleeping,171,77,0,106496,21760,12898
2025-05-20 04:17:23,21177,2044321792,31019008,0.0,0.0929492478450638,0,11,0.05,0.01,0.0,0.0,0.0,9732096,0,5,3,1,0,sleeping,171,77,0,106496,21760,12898
2025-05-20 04:17:24,21177,2044321792,31019008,0.0,0.0929492478450638,0,11,0.05,0.01,0.0,0.0,0.0,9732096,0,5,3,1,0,sleeping,171,77,0,106496,21760,12898
2025-05-20 04:17:26,21177,2044321792,31019008,0.0,0.0929492478450638,0,11,0.05,0.01,0.0,0.0,0.0,9732096,0,5,3,1,0,sleeping,171,77,0,106496,21760,12898
2025-05-20 04:17:27,21177,2044321792,31019008,0.0,0.0929492478450638,0,11,0.05,0.01,0.0,0.0,0.0,9732096,0,5,3,1,0,sleeping,171,77,0,106496,21760,12898
2025-05-20 04:17:28,21177,2044321792,31019008,0.0,0.0929492478450638,0,11,0.05,0.01,0.0,0.0,0.0,9732096,0,5,3,1,0,sleeping,171,77,0,106496,21760,12898
2025-05-20 04:17:29,21177,2044321792,31019008,0.0,0.0929492478450638,0,11,0.05,0.01,0.0,0.0,0.0,9732096,0,5,3,1,0,sleeping,171,77,0,106496,21760,12898
2025-05-20 04:17:30,21177,2044321792,31019008,0.0,0.0929492478450638,0,11,0.05,0.01,0.0,0.0,0.0,9732096,0,5,3,1,0,sleeping,171,77,0,106496,21760,12898
2025-05-20 04:17:31,21177,2044321792,31019008,0.0,0.0929492478450638,0,11,0.05,0.01,0.0,0.0,0.0,9732096,0,5,3,1,0,sleeping,171,77,0,106496,21760,12898
2025-05-20 04:17:32,21177,2044321792,31019008,0.0,0.0929492478450638,0,11,0.05,0.01,0.0,0.0,0.0,9732096,0,5,3,1,0,sleeping,171,77,0,106496,21760,12898
2025-05-20 04:17:33,21177,2044321792,31019008,0.0,0.0929492478450638,0,11,0.05,0.01,0.0,0.0,0.0,9732096,0,5,3,1,0,sleeping,171,77,0,106496,21760,12898
2025-05-20 04:17:34,21177,2044321792,31019008,0.0,0.0929492478450638,0,11,0.05,0.01,0.0,0.0,0.0,9732096,0,5,3,1,0,sleeping,171,77,0,106496,21760,12898
2025-05-20 04:17:35,21177,2044321792,31019008,0.0,0.0929492478450638,0,11,0.05,0.01,0.0,0.0,0.0,9732096,0,5,3,1,0,sleeping,171,77,0,106496,21760,12898
2025-05-20 04:17:36,21177,2044321792,31019008,0.0,0.0929492478450638,0,11,0.05,0.01,0.0,0.0,0.0,9732096,0,5,3,1,0,sleeping,171,77,0,106496,21760,12898
2025-05-20 04:17:37,21177,2044321792,31019008,0.0,0.0929492478450638,0,11,0.05,0.01,0.0,0.0,0.0,9732096,0,5,3,1,0,sleeping,171,77,0,106496,21760,12898
2025-05-20 04:17:39,21177,2044321792,31019008,0.0,0.0929492478450638,0,11,0.05,0.01,0.0,0.0,0.0,9732096,0,5,3,1,0,sleeping,171,77,0,106496,21760,12898
2025-05-20 04:17:40,21177,2044321792,31019008,0.0,0.0929492478450638,0,11,0.05,0.01,0.0,0.0,0.0,9732096,0,5,3,1,0,sleeping,171,77,0,106496,21760,12898
2025-05-20 04:17:41,21177,2044321792,31019008,0.0,0.0929492478450638,0,11,0.05,0.01,0.0,0.0,0.0,9732096,0,5,3,1,0,sleeping,171,77,0,106496,21760,12898
2025-05-20 04:17:43,21177,2044321792,31019008,0.0,0.0929492478450638,0,11,0.05,0.01,0.0,0.0,0.0,9732096,0,5,3,1,0,sleeping,171,77,0,106496,21760,12898
2025-05-20 04:17:44,21177,2044321792,31019008,0.0,0.0929492478450638,0,11,0.05,0.01,0.0,0.0,0.0,9732096,0,5,3,1,0,sleeping,171,77,0,106496,21760,12898
2025-05-20 04:17:45,21177,2044321792,31019008,0.0,0.0929492478450638,0,11,0.05,0.01,0.0,0.0,0.0,9732096,0,5,3,1,0,sleeping,192,90,0,110592,23410,14444
