Time,PID,Virt,Res,CPU,Memory,TCP Connections,Thread Count,User,System,Children_User,Children_System,IO,uss,swap,processor_num,core_num,cpu_num,cpu_ids,process_status,read_count,write_count,read_bytes,write_bytes,read_chars,write_chars
2025-05-20 03:25:12,19208,3149750272,152977408,0.0,0.45957898274271347,0,1,0.02,0.08,0.0,0.0,0.0,153194496,0,1,1,1,0,running,58,7,163901440,16384,151053437,9982
2025-05-20 03:25:13,19208,3149750272,2297839616,97.0,6.886713240708113,0,1,0.02,1.13,0.0,0.0,0.0,2297708544,0,1,1,1,0,running,312,7,2307190784,16384,2281759869,9982
2025-05-20 03:25:14,19208,4718481408,3860611072,95.4,11.568812207293638,0,1,0.02,2.23,0.0,0.0,0.0,3825197056,0,1,1,1,0,running,501,7,3867590656,16384,3842156157,9982
2025-05-20 03:25:15,19208,4718481408,4708253696,93.0,14.108402167694777,0,1,0.02,3.51,0.0,0.0,0.0,4700823552,0,1,1,1,0,running,607,7,4710895616,16384,4706243217,9982
2025-05-20 03:25:16,19208,5502849024,5098455040,91.7,15.277650437430967,0,1,0.03,4.92,0.0,0.0,0.0,5065277440,0,1,1,1,0,running,634,8,5105303552,16384,4706349886,10029
2025-05-20 03:25:18,19208,5588455424,5506613248,105.3,16.50070690768911,0,3,0.19,6.03,0.0,0.0,0.0,5507158016,0,3,2,1,0,sleeping,1049,8,5503434752,16384,5494096810,10029
2025-05-20 03:25:19,19208,5845995520,5623922688,192.2,16.852227633726695,0,5,2.27,6.12,0.0,0.0,0.0,5624520704,0,4,3,1,0,sleeping,4218,11,5532794880,16384,5520049067,10198
2025-05-20 03:25:20,19208,5845995520,5629296640,193.4,16.868330817824507,0,5,4.37,6.12,0.0,0.0,0.0,5630005248,0,4,3,1,0,sleeping,4218,11,5532794880,16384,5520049067,10198
2025-05-20 03:25:21,19208,5845995520,5634801664,197.1,16.88482676251007,0,5,6.5,6.13,0.0,0.0,0.0,5635506176,0,4,3,1,0,sleeping,4218,11,5532794880,16384,5520049067,10198
2025-05-20 03:25:22,19208,5845995520,5640568832,194.4,16.902108228371134,0,5,8.61,6.13,0.0,0.0,0.0,5641306112,0,4,3,1,0,sleeping,4218,11,5532794880,16384,5520049067,10198
2025-05-20 03:25:24,19208,5845995520,5646204928,194.1,16.918996933644447,0,5,10.72,6.13,0.0,0.0,0.0,5646921728,0,4,3,1,0,sleeping,4218,11,5532794880,16384,5520049067,10198
2025-05-20 03:25:25,19208,5845995520,5651447808,194.5,16.934707357154508,0,5,12.82,6.14,0.0,0.0,0.0,5652234240,0,4,3,1,0,sleeping,4218,11,5532794880,16384,5520049067,10198
2025-05-20 03:25:26,19208,5845995520,5656952832,193.5,16.95120330184007,0,5,14.92,6.14,0.0,0.0,0.0,5657706496,0,4,3,1,0,sleeping,4218,11,5532794880,16384,5520049067,10198
2025-05-20 03:25:27,19208,5845995520,5662457856,198.5,16.967699246525633,0,5,17.07,6.15,0.0,0.0,0.0,5663174656,0,4,3,1,0,sleeping,4218,11,5532794880,16384,5520049067,10198
2025-05-20 03:25:28,19208,5845995520,5667831808,192.4,16.983802430623445,0,5,19.16,6.15,0.0,0.0,0.0,5668585472,0,4,3,1,0,sleeping,4218,11,5532794880,16384,5520049067,10198
2025-05-20 03:25:29,19208,5845995520,5673992192,194.1,17.002262178247765,0,5,21.27,6.15,0.0,0.0,0.0,5674659840,0,4,3,1,0,sleeping,4218,11,5532794880,16384,5520049067,10198
2025-05-20 03:25:30,19208,5845995520,5679497216,197.0,17.018758122933328,0,5,23.41,6.15,0.0,0.0,0.0,5680250880,0,4,3,1,0,sleeping,4218,11,5532794880,16384,5520049067,10198
2025-05-20 03:25:31,19208,5845995520,5685264384,194.1,17.036039588794395,0,5,25.52,6.15,0.0,0.0,0.0,5685858304,0,4,3,1,0,sleeping,4218,11,5532794880,16384,5520049067,10198
2025-05-20 03:25:32,19208,5845995520,5690769408,197.7,17.052535533479958,0,5,27.66,6.16,0.0,0.0,0.0,5691502592,0,5,3,1,0,sleeping,4218,11,5532794880,16384,5520049067,10198
2025-05-20 03:25:33,19208,5845995520,5696405504,194.1,17.06942423875327,0,5,29.77,6.16,0.0,0.0,0.0,5697064960,0,5,3,1,0,sleeping,4218,11,5532794880,16384,5520049067,10198
2025-05-20 03:25:34,19208,5845995520,5702041600,196.0,17.08631294402658,0,5,31.89,6.17,0.0,0.0,0.0,5702762496,0,5,3,1,0,sleeping,4218,11,5532794880,16384,5520049067,10198
2025-05-20 03:25:35,19208,5845995520,5707808768,192.4,17.10359440988765,0,5,33.98,6.17,0.0,0.0,0.0,5708345344,0,4,3,1,0,sleeping,4218,11,5532794880,16384,5520049067,10198
2025-05-20 03:25:37,19208,5845995520,5713444864,194.0,17.120483115160965,0,5,36.08,6.18,0.0,0.0,0.0,5714067456,0,4,3,1,0,sleeping,4218,11,5532794880,16384,5520049067,10198
2025-05-20 03:25:38,19208,5845995520,5719212032,194.1,17.13776458102203,0,5,38.18,6.19,0.0,0.0,0.0,5719781376,0,4,3,1,0,sleeping,4218,11,5532794880,16384,5520049067,10198
2025-05-20 03:25:39,19208,5846077440,5723381760,191.5,17.150259277219874,0,5,40.26,6.2,0.0,0.0,0.0,5723832320,0,4,2,1,0,sleeping,4219,25,5533536256,16384,5520049899,11110
2025-05-20 03:25:40,19208,5846077440,5724168192,199.6,17.152615840746382,0,5,42.44,6.2,0.0,0.0,0.0,5724659712,0,4,2,1,0,sleeping,4219,25,5533536256,16384,5520049899,11110
2025-05-20 03:25:41,19208,5846077440,5725085696,199.6,17.15536516486064,0,5,44.62,6.2,0.0,0.0,0.0,5725425664,0,4,3,1,0,sleeping,4219,25,5533536256,16384,5520049899,11110
2025-05-20 03:25:42,19208,5830242304,5715951616,224.7,17.12799466140171,0,5,47.08,6.24,0.0,0.0,0.0,5716287488,0,4,3,1,0,sleeping,5804,14545,5546119168,16384,5533034219,59476983
2025-05-20 03:25:43,19208,5897351168,5726961664,204.4,17.160986550772837,0,5,49.5,6.26,0.0,0.0,0.0,5727481856,0,4,3,1,0,sleeping,6015,14546,5546119168,16384,5534762731,59477035
2025-05-20 03:25:44,19208,5897351168,5727092736,186.0,17.161379311360587,0,5,52.59,6.26,0.0,0.0,0.0,5727600640,0,4,3,1,0,sleeping,6015,14546,5546119168,16384,5534762731,59477035
2025-05-20 03:25:46,19208,5897351168,5727223808,200.7,17.161772071948338,0,5,55.72,6.26,0.0,0.0,0.0,5727678464,0,4,3,1,0,sleeping,6015,14546,5546119168,16384,5534762731,59477035
2025-05-20 03:25:48,19208,5897351168,5727223808,198.2,17.161772071948338,0,5,58.82,6.26,0.0,0.0,0.0,5727727616,0,4,3,1,0,sleeping,6015,14546,5546119168,16384,5534762731,59477035
2025-05-20 03:25:49,19208,5897351168,5727223808,213.7,17.161772071948338,0,5,61.56,6.26,0.0,0.0,0.0,5727784960,0,4,3,1,0,sleeping,6015,14546,5546119168,16384,5534762731,59477035
2025-05-20 03:25:50,19208,5897351168,5727617024,206.8,17.162950353711594,0,5,63.83,6.26,0.0,0.0,0.0,5728071680,0,4,3,1,0,sleeping,6015,14546,5546119168,16384,5534762731,59477035
2025-05-20 03:25:51,19208,5897351168,5728010240,199.4,17.16412863547485,0,5,66.0,6.26,0.0,0.0,0.0,5728591872,0,4,3,1,0,sleeping,6015,14546,5546119168,16384,5534762731,59477035
2025-05-20 03:25:53,19208,5897351168,5728403456,199.4,17.1653069172381,0,5,68.17,6.26,0.0,0.0,0.0,5728980992,0,5,3,1,0,sleeping,6015,14546,5546119168,16384,5534762731,59477035
2025-05-20 03:25:54,19208,5897351168,5729058816,199.7,17.167270720176862,0,5,70.34,6.26,0.0,0.0,0.0,5729538048,0,5,3,1,0,sleeping,6015,14546,5546119168,16384,5534762731,59477035
2025-05-20 03:25:55,19208,5897351168,5729320960,200.7,17.168056241352364,0,5,72.52,6.26,0.0,0.0,0.0,5729898496,0,5,3,1,0,sleeping,6015,14546,5546119168,16384,5534762731,59477035
2025-05-20 03:25:56,19208,5897351168,5729845248,199.4,17.16962728370337,0,5,74.69,6.26,0.0,0.0,0.0,5730328576,0,5,3,1,0,sleeping,6015,14546,5546119168,16384,5534762731,59477035
2025-05-20 03:25:57,19208,5897351168,5730238464,199.5,17.170805565466623,0,5,76.86,6.26,0.0,0.0,0.0,5730762752,0,5,3,1,0,sleeping,6015,14546,5546119168,16384,5534762731,59477035
2025-05-20 03:25:58,19208,5897351168,5730500608,199.5,17.171591086642128,0,5,79.03,6.26,0.0,0.0,0.0,5731078144,0,5,3,1,0,sleeping,6015,14546,5546119168,16384,5534762731,59477035
2025-05-20 03:25:59,19208,5897351168,5730762752,200.5,17.17237660781763,0,5,81.21,6.26,0.0,0.0,0.0,5731409920,0,5,3,1,0,sleeping,6015,14546,5546119168,16384,5534762731,59477035
2025-05-20 03:26:00,19208,5897351168,5731287040,199.6,17.173947650168635,0,5,83.38,6.26,0.0,0.0,0.0,5731790848,0,5,3,1,0,sleeping,6015,14546,5546119168,16384,5534762731,59477035
2025-05-20 03:26:01,19208,5897351168,5731549184,200.1,17.17473317134414,0,5,85.56,6.26,0.0,0.0,0.0,5732139008,0,4,3,1,0,sleeping,6015,14546,5546119168,16384,5534762731,59477035
2025-05-20 03:26:02,19208,5897351168,5731942400,199.7,17.175911453107393,0,5,87.73,6.26,0.0,0.0,0.0,5732454400,0,4,3,1,0,sleeping,6015,14546,5546119168,16384,5534762731,59477035
2025-05-20 03:26:03,19208,5897351168,5732335616,199.4,17.17708973487065,0,5,89.9,6.26,0.0,0.0,0.0,5732806656,0,4,3,1,0,sleeping,6015,14546,5546119168,16384,5534762731,59477035
2025-05-20 03:26:05,19208,5897351168,5732597760,199.6,17.177875256046153,0,5,92.07,6.26,0.0,0.0,0.0,5733117952,0,4,3,1,0,sleeping,6015,14546,5546119168,16384,5534762731,59477035
2025-05-20 03:26:06,19208,5897351168,5732990976,200.5,17.179053537809406,0,5,94.25,6.26,0.0,0.0,0.0,5733474304,0,4,3,1,0,sleeping,6015,14546,5546119168,16384,5534762731,59477035
2025-05-20 03:26:07,19208,5897351168,5734313984,198.6,17.18301796499202,0,5,96.44,6.26,0.0,0.0,0.0,5734731776,0,4,4,1,0,sleeping,6015,14560,5546119168,16384,5534762731,59477948
2025-05-20 03:26:08,19208,5897351168,5734313984,199.6,17.18301796499202,0,5,98.62,6.26,0.0,0.0,0.0,5734744064,0,4,4,1,0,sleeping,6015,14560,5546119168,16384,5534762731,59477948
2025-05-20 03:26:09,19208,5897351168,5734313984,199.8,17.18301796499202,0,5,100.8,6.26,0.0,0.0,0.0,5734764544,0,4,4,1,0,sleeping,6015,14560,5546119168,16384,5534762731,59477948
2025-05-20 03:26:10,19208,5884764160,5682413568,208.4,17.027497046010797,0,5,103.09,6.3,0.0,0.0,0.0,5677674496,0,4,2,1,0,sleeping,6344,29096,5550313472,16384,5537457899,119009357
2025-05-20 03:26:11,19208,5951873024,5736808448,225.7,17.190492689927666,0,5,105.57,6.32,0.0,0.0,0.0,5737095168,0,4,3,1,0,sleeping,7810,29097,5562896384,16384,5549467371,119009409
2025-05-20 03:26:12,19208,5951873024,5736939520,200.2,17.19088545051542,0,5,107.75,6.32,0.0,0.0,0.0,5737304064,0,3,3,1,0,sleeping,7810,29097,5562896384,16384,5549467371,119009409
2025-05-20 03:26:13,19208,5951873024,5737201664,199.6,17.19167097169092,0,5,109.92,6.32,0.0,0.0,0.0,5737512960,0,3,3,1,0,sleeping,7810,29097,5562896384,16384,5549467371,119009409
2025-05-20 03:26:14,19208,5951873024,5737332736,199.7,17.192063732278672,0,5,112.09,6.32,0.0,0.0,0.0,5737701376,0,3,3,1,0,sleeping,7810,29097,5562896384,16384,5549467371,119009409
2025-05-20 03:26:15,19208,5951873024,5737463808,199.7,17.192456492866423,0,5,114.26,6.32,0.0,0.0,0.0,5737897984,0,3,3,1,0,sleeping,7810,29097,5562896384,16384,5549467371,119009409
2025-05-20 03:26:17,19208,5951873024,5737725952,200.4,17.193242014041925,0,5,116.44,6.32,0.0,0.0,0.0,5738086400,0,3,3,1,0,sleeping,7810,29097,5562896384,16384,5549467371,119009409
2025-05-20 03:26:18,19208,5951873024,5737988096,199.8,17.19402753521743,0,5,118.62,6.32,0.0,0.0,0.0,5738254336,0,4,3,1,0,sleeping,7810,29097,5562896384,16384,5549467371,119009409
2025-05-20 03:26:19,19208,5951873024,5738119168,199.5,17.194420295805184,0,5,120.79,6.32,0.0,0.0,0.0,5738434560,0,4,3,1,0,sleeping,7810,29097,5562896384,16384,5549467371,119009409
2025-05-20 03:26:20,19208,5951873024,5738250240,199.6,17.19481305639293,0,5,122.96,6.32,0.0,0.0,0.0,5738618880,0,4,3,1,0,sleeping,7810,29097,5562896384,16384,5549467371,119009409
2025-05-20 03:26:21,19208,5951873024,5738512384,199.5,17.195598577568436,0,5,125.13,6.32,0.0,0.0,0.0,5738823680,0,4,3,1,0,sleeping,7810,29097,5562896384,16384,5549467371,119009409
2025-05-20 03:26:22,19208,5951873024,5738643456,199.6,17.195991338156187,0,5,127.3,6.32,0.0,0.0,0.0,5739020288,0,4,3,1,0,sleeping,7810,29097,5562896384,16384,5549467371,119009409
2025-05-20 03:26:23,19208,5951873024,5738905600,199.6,17.196776859331692,0,5,129.47,6.32,0.0,0.0,0.0,5739212800,0,4,3,1,0,sleeping,7810,29097,5562896384,16384,5549467371,119009409
2025-05-20 03:26:24,19208,5951873024,5739036672,200.6,17.197169619919443,0,5,131.65,6.32,0.0,0.0,0.0,5739401216,0,5,3,1,0,sleeping,7810,29097,5562896384,16384,5549467371,119009409
2025-05-20 03:26:25,19208,5951873024,5739167744,199.5,17.197562380507193,0,5,133.82,6.32,0.0,0.0,0.0,5739581440,0,5,3,1,0,sleeping,7810,29097,5562896384,16384,5549467371,119009409
2025-05-20 03:26:26,19208,5951873024,5739429888,199.5,17.1983479016827,0,5,135.99,6.32,0.0,0.0,0.0,5739761664,0,5,3,1,0,sleeping,7810,29097,5562896384,16384,5549467371,119009409
2025-05-20 03:26:27,19208,5951873024,5740216320,200.5,17.200704465209206,0,5,138.16,6.33,0.0,0.0,0.0,5740507136,0,5,3,1,0,sleeping,7810,29097,5562896384,16384,5549467371,119009409
2025-05-20 03:26:29,19208,5951873024,5743099904,200.5,17.20934519813974,0,5,140.34,6.33,0.0,0.0,0.0,5743493120,0,5,3,1,0,sleeping,7810,29097,5562896384,16384,5549467371,119009409
2025-05-20 03:26:30,19208,5951873024,5747425280,197.6,17.22230629753554,0,5,142.5,6.33,0.0,0.0,0.0,5747851264,0,4,3,1,0,sleeping,7810,29111,5562896384,16384,5549467371,119010322
2025-05-20 03:26:31,19208,5951873024,5747425280,199.8,17.22230629753554,0,5,144.68,6.33,0.0,0.0,0.0,5747851264,0,4,3,1,0,sleeping,7810,29111,5562896384,16384,5549467371,119010322
2025-05-20 03:26:32,19208,5951873024,5747687424,199.5,17.22309181871104,0,5,146.86,6.33,0.0,0.0,0.0,5747929088,0,5,3,1,0,sleeping,7810,29111,5562896384,16384,5549467371,119010322
2025-05-20 03:26:33,19208,5951873024,5738426368,197.5,17.196126349608225,0,3,149.05,6.34,0.0,0.0,0.0,5748035584,0,3,3,1,0,sleeping,7810,41882,5562896384,16384,5549467371,171316322
2025-05-20 03:26:34,19208,5951873024,5744447488,225.1,17.213383267932556,0,5,151.51,6.36,0.0,0.0,0.0,5744734208,0,5,3,1,0,sleeping,9602,43642,5575479296,16384,5564147435,178517207
2025-05-20 03:26:35,19208,5951873024,5744578560,200.4,17.21377602852031,0,5,153.69,6.36,0.0,0.0,0.0,5744918528,0,5,4,1,0,sleeping,9602,43642,5575479296,16384,5564147435,178517207
2025-05-20 03:26:36,19208,5951873024,5744840704,198.8,17.214561549695816,0,5,155.9,6.36,0.0,0.0,0.0,5745106944,0,5,4,1,0,sleeping,9602,43642,5575479296,16384,5564147435,178517207
2025-05-20 03:26:37,19208,5951873024,5744971776,198.6,17.214954310283563,0,5,158.13,6.36,0.0,0.0,0.0,5745270784,0,4,4,1,0,sleeping,9602,43642,5575479296,16384,5564147435,178517207
2025-05-20 03:26:38,19208,5951873024,5744971776,197.4,17.214954310283563,0,5,160.43,6.36,0.0,0.0,0.0,5745389568,0,5,4,1,0,sleeping,9602,43642,5575479296,16384,5564147435,178517207
2025-05-20 03:26:40,19208,5951873024,5745233920,198.9,17.215739831459068,0,5,162.79,6.36,0.0,0.0,0.0,5745487872,0,4,4,1,0,sleeping,9602,43642,5575479296,16384,5564147435,178517207
2025-05-20 03:26:41,19208,5951873024,5745233920,204.0,17.215739831459068,0,5,165.04,6.36,0.0,0.0,0.0,5745614848,0,5,4,1,0,sleeping,9602,43642,5575479296,16384,5564147435,178517207
2025-05-20 03:26:42,19208,5951873024,5745496064,199.3,17.21652535263457,0,5,167.21,6.36,0.0,0.0,0.0,5745803264,0,4,4,1,0,sleeping,9602,43642,5575479296,16384,5564147435,178517207
2025-05-20 03:26:43,19208,5951873024,5745627136,200.3,17.21691811322232,0,5,169.39,6.36,0.0,0.0,0.0,5745991680,0,4,4,1,0,sleeping,9602,43642,5575479296,16384,5564147435,178517207
2025-05-20 03:26:44,19208,5951873024,5745758208,199.6,17.217310873810074,0,5,171.55,6.37,0.0,0.0,0.0,5746167808,0,4,4,1,0,sleeping,9602,43642,5575479296,16384,5564147435,178517207
2025-05-20 03:26:45,19208,5951873024,5746020352,199.6,17.218096394985576,0,5,173.72,6.37,0.0,0.0,0.0,5746360320,0,4,4,1,0,sleeping,9602,43642,5575479296,16384,5564147435,178517207
2025-05-20 03:26:46,19208,5951873024,5746282496,199.6,17.21888191616108,0,5,175.89,6.37,0.0,0.0,0.0,5746552832,0,4,4,1,0,sleeping,9602,43642,5575479296,16384,5564147435,178517207
2025-05-20 03:26:47,19208,5951873024,5746413568,199.5,17.21927467674883,0,5,178.06,6.37,0.0,0.0,0.0,5746733056,0,5,4,1,0,sleeping,9602,43642,5575479296,16384,5564147435,178517207
2025-05-20 03:26:48,19208,5951873024,5746675712,200.3,17.220060197924333,0,5,180.23,6.38,0.0,0.0,0.0,5746925568,0,4,4,1,0,sleeping,9602,43642,5575479296,16384,5564147435,178517207
2025-05-20 03:26:50,19208,5951873024,5746806784,199.7,17.220452958512087,0,5,182.4,6.38,0.0,0.0,0.0,5747109888,0,4,4,1,0,sleeping,9602,43642,5575479296,16384,5564147435,178517207
2025-05-20 03:26:51,19208,5951873024,5747068928,199.7,17.22123847968759,0,5,184.57,6.38,0.0,0.0,0.0,5747294208,0,4,4,1,0,sleeping,9602,43642,5575479296,16384,5564147435,178517207
2025-05-20 03:26:52,19208,5951873024,5747200000,199.3,17.22163124027534,0,5,186.74,6.38,0.0,0.0,0.0,5747482624,0,4,4,1,0,sleeping,9602,43642,5575479296,16384,5564147435,178517207
2025-05-20 03:26:53,19208,5951873024,5747593216,200.5,17.222809522038595,0,5,188.92,6.38,0.0,0.0,0.0,5747785728,0,4,4,1,0,sleeping,9602,43642,5575479296,16384,5564147435,178517207
2025-05-20 03:26:54,19208,5951873024,5748117504,199.0,17.224380564389598,0,5,191.11,6.39,0.0,0.0,0.0,5748502528,0,4,3,1,0,sleeping,9602,43651,5575479296,16384,5564147435,178517818
2025-05-20 03:26:55,19208,5951873024,5748117504,198.9,17.224380564389598,0,5,193.28,6.39,0.0,0.0,0.0,5748502528,0,3,3,1,0,sleeping,9602,43651,5575479296,16384,5564147435,178517818
2025-05-20 03:26:56,19208,5951873024,5748117504,198.9,17.224380564389598,0,5,195.45,6.39,0.0,0.0,0.0,5748502528,0,3,3,1,0,sleeping,9602,43651,5575479296,16384,5564147435,178517818
2025-05-20 03:26:57,19208,5951873024,5735796736,196.2,17.187461069140962,0,5,197.62,6.42,0.0,0.0,0.0,5742575616,0,3,3,1,0,sleeping,9602,58189,5575479296,16384,5564147435,238057419
2025-05-20 03:26:58,19208,5951873024,5742223360,236.0,17.206718611709153,0,5,200.17,6.44,0.0,0.0,0.0,5742620672,0,3,3,1,0,sleeping,11432,58190,5592256512,16384,5579138795,238057471
2025-05-20 03:26:59,19208,5951873024,5742354432,199.5,17.2071113722969,0,5,202.34,6.44,0.0,0.0,0.0,5742841856,0,5,3,1,0,sleeping,11432,58190,5592256512,16384,5579138795,238057471
2025-05-20 03:27:00,19208,5951873024,5742485504,199.9,17.207504132884655,0,5,204.53,6.45,0.0,0.0,0.0,5743017984,0,5,3,1,0,sleeping,11432,58190,5592256512,16384,5579138795,238057471
2025-05-20 03:27:02,19208,5951873024,5742747648,199.9,17.208289654060156,0,5,206.77,6.45,0.0,0.0,0.0,5743194112,0,4,3,1,0,sleeping,11432,58190,5592256512,16384,5579138795,238057471
2025-05-20 03:27:03,19208,5951873024,5742878720,200.2,17.208682414647907,0,5,208.95,6.45,0.0,0.0,0.0,5743390720,0,4,3,1,0,sleeping,11432,58190,5592256512,16384,5579138795,238057471
2025-05-20 03:27:04,19208,5951873024,5743140864,199.3,17.20946793582341,0,5,211.12,6.45,0.0,0.0,0.0,5743575040,0,4,3,1,0,sleeping,11432,58190,5592256512,16384,5579138795,238057471
2025-05-20 03:27:05,19208,5951873024,5743271936,200.3,17.209860696411162,0,5,213.3,6.45,0.0,0.0,0.0,5743759360,0,4,3,1,0,sleeping,11432,58190,5592256512,16384,5579138795,238057471
2025-05-20 03:27:06,19208,5951873024,5743534080,199.5,17.210646217586664,0,5,215.47,6.45,0.0,0.0,0.0,5743943680,0,3,3,1,0,sleeping,11432,58190,5592256512,16384,5579138795,238057471
2025-05-20 03:27:07,19208,5951873024,5743665152,199.5,17.211038978174418,0,5,217.64,6.45,0.0,0.0,0.0,5744123904,0,3,3,1,0,sleeping,11432,58190,5592256512,16384,5579138795,238057471
2025-05-20 03:27:08,19208,5951873024,5743796224,199.8,17.21143173876217,0,5,219.81,6.45,0.0,0.0,0.0,5744320512,0,3,3,1,0,sleeping,11432,58190,5592256512,16384,5579138795,238057471
2025-05-20 03:27:09,19208,5951873024,5744058368,199.6,17.21221725993767,0,5,221.98,6.45,0.0,0.0,0.0,5744500736,0,3,3,1,0,sleeping,11432,58190,5592256512,16384,5579138795,238057471
2025-05-20 03:27:10,19208,5951873024,5744189440,200.3,17.212610020525425,0,5,224.16,6.45,0.0,0.0,0.0,5744689152,0,3,3,1,0,sleeping,11432,58190,5592256512,16384,5579138795,238057471
2025-05-20 03:27:11,19208,5951873024,5744451584,199.6,17.213395541700926,0,5,226.33,6.45,0.0,0.0,0.0,5744861184,0,3,3,1,0,sleeping,11432,58190,5592256512,16384,5579138795,238057471
2025-05-20 03:27:12,19208,5951873024,5744582656,199.6,17.213788302288677,0,5,228.5,6.45,0.0,0.0,0.0,5745045504,0,3,3,1,0,sleeping,11432,58190,5592256512,16384,5579138795,238057471
2025-05-20 03:27:14,19208,5951873024,5744844800,200.3,17.21457382346418,0,5,230.68,6.45,0.0,0.0,0.0,5745225728,0,4,3,1,0,sleeping,11432,58190,5592256512,16384,5579138795,238057471
2025-05-20 03:27:15,19208,5951873024,5744975872,199.4,17.214966584051933,0,5,232.85,6.45,0.0,0.0,0.0,5745401856,0,4,3,1,0,sleeping,11432,58190,5592256512,16384,5579138795,238057471
2025-05-20 03:27:16,19208,5951873024,5745238016,199.3,17.215752105227438,0,5,235.02,6.45,0.0,0.0,0.0,5745594368,0,4,3,1,0,sleeping,11432,58190,5592256512,16384,5579138795,238057471
2025-05-20 03:27:17,19208,5951873024,5746155520,199.6,17.218501429341696,0,5,237.22,6.45,0.0,0.0,0.0,5746593792,0,5,4,1,0,sleeping,11432,58204,5592256512,16384,5579138795,238058384
2025-05-20 03:27:18,19208,5951873024,5746155520,199.8,17.218501429341696,0,5,239.39,6.46,0.0,0.0,0.0,5746593792,0,5,4,1,0,sleeping,11432,58204,5592256512,16384,5579138795,238058384
2025-05-20 03:27:19,19208,5951873024,5746155520,199.9,17.218501429341696,0,5,241.57,6.46,0.0,0.0,0.0,5746593792,0,4,4,1,0,sleeping,11432,58204,5592256512,16384,5579138795,238058384
2025-05-20 03:27:20,19208,5884764160,5720322048,205.5,17.14109077224955,0,5,243.81,6.49,0.0,0.0,0.0,5720571904,0,3,3,1,0,sleeping,11874,72730,5596450816,16384,5582759659,297548833
2025-05-20 03:27:21,19208,5951873024,5731463168,224.9,17.174475422208427,0,5,246.25,6.5,0.0,0.0,0.0,5731803136,0,3,3,1,0,sleeping,13269,72731,5604839424,16384,5594187499,297548885
2025-05-20 03:27:22,19208,5951873024,5731725312,200.6,17.17526094338393,0,5,248.43,6.5,0.0,0.0,0.0,5731987456,0,3,3,1,0,sleeping,13269,72731,5604839424,16384,5594187499,297548885
2025-05-20 03:27:23,19208,5951873024,5731856384,199.1,17.17565370397168,0,5,250.61,6.5,0.0,0.0,0.0,5732163584,0,3,3,1,0,sleeping,13269,72731,5604839424,16384,5594187499,297548885
2025-05-20 03:27:24,19208,5951873024,5731987456,197.4,17.176046464559434,0,5,252.85,6.5,0.0,0.0,0.0,5732311040,0,3,3,1,0,sleeping,13269,72731,5604839424,16384,5594187499,297548885
2025-05-20 03:27:26,19208,5951873024,5732118528,189.8,17.176439225147185,0,5,255.35,6.5,0.0,0.0,0.0,5732425728,0,3,3,1,0,sleeping,13269,72731,5604839424,16384,5594187499,297548885
2025-05-20 03:27:27,19208,5951873024,5732118528,192.8,17.176439225147185,0,5,258.6,6.5,0.0,0.0,0.0,5732474880,0,3,3,1,0,sleeping,13269,72731,5604839424,16384,5594187499,297548885
2025-05-20 03:27:29,19208,5951873024,5732118528,198.9,17.176439225147185,0,5,261.77,6.5,0.0,0.0,0.0,5732519936,0,3,3,1,0,sleeping,13269,72731,5604839424,16384,5594187499,297548885
2025-05-20 03:27:30,19208,5951873024,5732118528,208.4,17.176439225147185,0,5,264.83,6.5,0.0,0.0,0.0,5732564992,0,3,3,1,0,sleeping,13269,72731,5604839424,16384,5594187499,297548885
2025-05-20 03:27:32,19208,5951873024,5732249600,210.4,17.176831985734935,0,5,267.16,6.5,0.0,0.0,0.0,5732679680,0,3,3,1,0,sleeping,13269,72731,5604839424,16384,5594187499,297548885
2025-05-20 03:27:33,19208,5951873024,5732511744,199.6,17.17761750691044,0,5,269.33,6.5,0.0,0.0,0.0,5732855808,0,3,3,1,0,sleeping,13269,72731,5604839424,16384,5594187499,297548885
2025-05-20 03:27:34,19208,5951873024,5732642816,200.5,17.178010267498188,0,5,271.51,6.5,0.0,0.0,0.0,5733027840,0,3,3,1,0,sleeping,13269,72731,5604839424,16384,5594187499,297548885
2025-05-20 03:27:35,19208,5951873024,5732773888,199.5,17.178403028085942,0,5,273.68,6.5,0.0,0.0,0.0,5733216256,0,4,3,1,0,sleeping,13269,72731,5604839424,16384,5594187499,297548885
2025-05-20 03:27:36,19208,5951873024,5732904960,199.5,17.178795788673693,0,5,275.85,6.5,0.0,0.0,0.0,5733396480,0,4,3,1,0,sleeping,13269,72731,5604839424,16384,5594187499,297548885
2025-05-20 03:27:37,19208,5951873024,5733036032,199.8,17.179188549261447,0,5,278.02,6.5,0.0,0.0,0.0,5733584896,0,4,3,1,0,sleeping,13269,72731,5604839424,16384,5594187499,297548885
2025-05-20 03:27:38,19208,5951873024,5733167104,199.6,17.179581309849194,0,5,280.19,6.5,0.0,0.0,0.0,5733756928,0,4,3,1,0,sleeping,13269,72731,5604839424,16384,5594187499,297548885
2025-05-20 03:27:39,19208,5951873024,5733429248,200.5,17.1803668310247,0,5,282.37,6.5,0.0,0.0,0.0,5733945344,0,4,3,1,0,sleeping,13269,72731,5604839424,16384,5594187499,297548885
2025-05-20 03:27:40,19208,5951873024,5734084608,198.8,17.182330633963456,0,5,284.53,6.5,0.0,0.0,0.0,5734531072,0,4,3,1,0,sleeping,13269,72731,5604839424,16384,5594187499,297548885
2025-05-20 03:27:41,19208,5951873024,5736968192,199.7,17.19097136689399,0,5,286.7,6.5,0.0,0.0,0.0,5737345024,0,4,3,1,0,sleeping,13269,72731,5604839424,16384,5594187499,297548885
2025-05-20 03:27:43,19208,5951873024,5740113920,199.6,17.200397621000025,0,5,288.87,6.5,0.0,0.0,0.0,5740466176,0,4,3,1,0,sleeping,13269,72731,5604839424,16384,5594187499,297548885
2025-05-20 03:27:44,19208,5951873024,5742997504,201.5,17.20903835393056,0,5,291.05,6.51,0.0,0.0,0.0,5743505408,0,3,3,1,0,sleeping,13269,72731,5604839424,16384,5594187499,297548885
2025-05-20 03:27:45,19208,5951873024,5746798592,199.6,17.220428410975348,0,5,293.21,6.52,0.0,0.0,0.0,5747122176,0,3,3,1,0,sleeping,13269,72731,5604839424,16384,5594187499,297548885
2025-05-20 03:27:46,19208,5951873024,5747503104,196.0,17.222539499134516,0,5,295.34,6.53,0.0,0.0,0.0,5747957760,0,4,3,1,0,sleeping,13269,72740,5604839424,16384,5594187499,297549496
2025-05-20 03:27:47,19208,5951873024,5747503104,200.8,17.222539499134516,0,5,297.52,6.54,0.0,0.0,0.0,5747957760,0,4,3,1,0,sleeping,13269,72740,5604839424,16384,5594187499,297549496
2025-05-20 03:27:48,19208,5951873024,5747765248,199.0,17.223325020310018,0,5,299.69,6.54,0.0,0.0,0.0,5748060160,0,5,3,1,0,sleeping,13269,72740,5604839424,16384,5594187499,297549496
2025-05-20 03:27:49,19208,5951873024,5744320512,232.9,17.213002781113175,0,5,302.18,6.59,0.0,0.0,0.0,5745033216,0,5,4,1,0,sleeping,15076,87276,5621616640,16384,5608990443,357076861
2025-05-20 03:27:50,19208,5951873024,5744713728,199.5,17.21418106287643,0,5,304.35,6.59,0.0,0.0,0.0,5745336320,0,5,4,1,0,sleeping,15076,87276,5621616640,16384,5608990443,357076861
2025-05-20 03:27:51,19208,5951873024,5744844800,199.6,17.21457382346418,0,5,306.52,6.59,0.0,0.0,0.0,5745549312,0,4,4,1,0,sleeping,15076,87276,5621616640,16384,5608990443,357076861
2025-05-20 03:27:52,19208,5951873024,5745238016,200.6,17.215752105227438,0,5,308.69,6.6,0.0,0.0,0.0,5745872896,0,4,4,1,0,sleeping,15076,87276,5621616640,16384,5608990443,357076861
2025-05-20 03:27:53,19208,5951873024,5745631232,199.0,17.21693038699069,0,5,310.89,6.6,0.0,0.0,0.0,5746163712,0,4,4,1,0,sleeping,15076,87276,5621616640,16384,5608990443,357076861
2025-05-20 03:27:55,19208,5951873024,5745762304,199.7,17.21732314757844,0,5,313.06,6.6,0.0,0.0,0.0,5746384896,0,5,4,1,0,sleeping,15076,87276,5621616640,16384,5608990443,357076861
2025-05-20 03:27:56,19208,5951873024,5746024448,200.4,17.218108668753942,0,5,315.24,6.6,0.0,0.0,0.0,5746589696,0,5,4,1,0,sleeping,15076,87276,5621616640,16384,5608990443,357076861
2025-05-20 03:27:57,19208,5951873024,5746286592,199.4,17.218894189929447,0,5,317.41,6.6,0.0,0.0,0.0,5746778112,0,5,4,1,0,sleeping,15076,87276,5621616640,16384,5608990443,357076861
2025-05-20 03:27:58,19208,5951873024,5746417664,199.6,17.219286950517198,0,5,319.58,6.6,0.0,0.0,0.0,5746978816,0,4,4,1,0,sleeping,15076,87276,5621616640,16384,5608990443,357076861
2025-05-20 03:27:59,19208,5951873024,5746548736,199.4,17.21967971110495,0,5,321.75,6.6,0.0,0.0,0.0,5747167232,0,4,4,1,0,sleeping,15076,87276,5621616640,16384,5608990443,357076861
2025-05-20 03:28:00,19208,5951873024,5746810880,199.5,17.220465232280453,0,5,323.92,6.6,0.0,0.0,0.0,5747343360,0,4,4,1,0,sleeping,15076,87276,5621616640,16384,5608990443,357076861
2025-05-20 03:28:01,19208,5951873024,5746941952,199.7,17.220857992868204,0,5,326.11,6.6,0.0,0.0,0.0,5747519488,0,4,3,1,0,sleeping,15076,87276,5621616640,16384,5608990443,357076861
2025-05-20 03:28:02,19208,5951873024,5747073024,199.4,17.221250753455955,0,5,328.28,6.6,0.0,0.0,0.0,5747695616,0,4,3,1,0,sleeping,15076,87276,5621616640,16384,5608990443,357076861
2025-05-20 03:28:03,19208,5951873024,5747204096,199.8,17.22164351404371,0,5,330.45,6.6,0.0,0.0,0.0,5747875840,0,5,3,1,0,sleeping,15076,87276,5621616640,16384,5608990443,357076861
2025-05-20 03:28:04,19208,5951873024,5747466240,199.7,17.22242903521921,0,5,332.62,6.6,0.0,0.0,0.0,5748056064,0,3,3,1,0,sleeping,15076,87276,5621616640,16384,5608990443,357076861
2025-05-20 03:28:05,19208,5951873024,5747597312,200.2,17.22282179580696,0,5,334.81,6.6,0.0,0.0,0.0,5748228096,0,3,3,1,0,sleeping,15076,87276,5621616640,16384,5608990443,357076861
2025-05-20 03:28:07,19208,5951873024,5747728384,197.2,17.223214556394716,0,5,337.05,6.6,0.0,0.0,0.0,5748375552,0,3,3,1,0,sleeping,15076,87276,5621616640,16384,5608990443,357076861
2025-05-20 03:28:08,19208,5951873024,5747859456,197.6,17.223607316982463,0,5,339.38,6.6,0.0,0.0,0.0,5748477952,0,3,3,1,0,sleeping,15076,87276,5621616640,16384,5608990443,357076861
2025-05-20 03:28:09,19208,5951873024,5748645888,201.4,17.225963880508974,0,5,341.67,6.61,0.0,0.0,0.0,5749256192,0,3,3,1,0,sleeping,15076,87276,5621616640,16384,5608990443,357076861
2025-05-20 03:28:10,19208,5951873024,5750218752,197.4,17.230677007561994,0,5,343.83,6.61,0.0,0.0,0.0,5750697984,0,5,4,1,0,sleeping,15076,87290,5621616640,16384,5608990443,357077773
2025-05-20 03:28:11,19208,5951873024,5750218752,199.8,17.230677007561994,0,5,346.01,6.61,0.0,0.0,0.0,5750702080,0,4,4,1,0,sleeping,15076,87290,5621616640,16384,5608990443,357077773
2025-05-20 03:28:12,19208,5951873024,5750349824,199.8,17.231069768149744,0,5,348.19,6.61,0.0,0.0,0.0,5750779904,0,4,4,1,0,sleeping,15076,87290,5621616640,16384,5608990443,357077773
2025-05-20 03:28:13,19208,5884764160,5736042496,212.3,17.188197495242992,0,5,350.52,6.63,0.0,0.0,0.0,5736431616,0,5,4,1,0,sleeping,16032,101834,5630005248,16384,5616821995,416641950
2025-05-20 03:28:14,19208,5951873024,5747183616,216.9,17.22158214520187,0,5,352.87,6.64,0.0,0.0,0.0,5747728384,0,5,4,1,0,sleeping,16875,101835,5634199552,16384,5623727851,416642002
2025-05-20 03:28:15,19208,5951873024,5747445760,199.4,17.222367666377377,0,5,355.04,6.64,0.0,0.0,0.0,5747920896,0,5,4,1,0,sleeping,16875,101835,5634199552,16384,5623727851,416642002
2025-05-20 03:28:17,19208,5951873024,5747576832,200.2,17.222760426965124,0,5,357.22,6.64,0.0,0.0,0.0,5748133888,0,5,4,1,0,sleeping,16875,101835,5634199552,16384,5623727851,416642002
2025-05-20 03:28:18,19208,5951873024,5747707904,200.0,17.223153187552878,0,5,359.43,6.64,0.0,0.0,0.0,5748322304,0,5,3,1,0,sleeping,16875,101835,5634199552,16384,5623727851,416642002
2025-05-20 03:28:19,19208,5951873024,5747838976,199.1,17.22354594814063,0,5,361.63,6.64,0.0,0.0,0.0,5748506624,0,5,3,1,0,sleeping,16875,101835,5634199552,16384,5623727851,416642002
2025-05-20 03:28:20,19208,5951873024,5748101120,199.7,17.22433146931613,0,5,363.8,6.64,0.0,0.0,0.0,5748686848,0,5,3,1,0,sleeping,16875,101835,5634199552,16384,5623727851,416642002
2025-05-20 03:28:21,19208,5951873024,5748232192,200.3,17.22472422990388,0,5,365.98,6.64,0.0,0.0,0.0,5748871168,0,5,3,1,0,sleeping,16875,101835,5634199552,16384,5623727851,416642002
2025-05-20 03:28:22,19208,5951873024,5748494336,199.3,17.225509751079386,0,5,368.15,6.64,0.0,0.0,0.0,5749055488,0,5,3,1,0,sleeping,16875,101835,5634199552,16384,5623727851,416642002
2025-05-20 03:28:23,19208,5951873024,5748625408,199.7,17.225902511667137,0,5,370.32,6.64,0.0,0.0,0.0,5749239808,0,5,3,1,0,sleeping,16875,101835,5634199552,16384,5623727851,416642002
2025-05-20 03:28:24,19208,5951873024,5748887552,199.6,17.22668803284264,0,5,372.49,6.64,0.0,0.0,0.0,5749436416,0,4,3,1,0,sleeping,16875,101835,5634199552,16384,5623727851,416642002
2025-05-20 03:28:25,19208,5951873024,5749018624,199.6,17.227080793430392,0,5,374.66,6.64,0.0,0.0,0.0,5749624832,0,4,3,1,0,sleeping,16875,101835,5634199552,16384,5623727851,416642002
2025-05-20 03:28:26,19208,5951873024,5749149696,199.6,17.227473554018143,0,5,376.83,6.64,0.0,0.0,0.0,5749796864,0,5,3,1,0,sleeping,16875,101835,5634199552,16384,5623727851,416642002
2025-05-20 03:28:27,19208,5951873024,5749411840,200.4,17.228259075193648,0,5,379.0,6.65,0.0,0.0,0.0,5749985280,0,5,3,1,0,sleeping,16875,101835,5634199552,16384,5623727851,416642002
2025-05-20 03:28:29,19208,5951873024,5749542912,199.3,17.2286518357814,0,5,381.17,6.65,0.0,0.0,0.0,5750161408,0,5,3,1,0,sleeping,16875,101835,5634199552,16384,5623727851,416642002
2025-05-20 03:28:30,19208,5951873024,5749673984,199.6,17.22904459636915,0,5,383.35,6.65,0.0,0.0,0.0,5750345728,0,4,3,1,0,sleeping,16875,101835,5634199552,16384,5623727851,416642002
2025-05-20 03:28:31,19208,5951873024,5749936128,198.1,17.229830117544655,0,5,385.58,6.65,0.0,0.0,0.0,5750542336,0,4,3,1,0,sleeping,16875,101835,5634199552,16384,5623727851,416642002
2025-05-20 03:28:32,19208,5951873024,5750067200,196.1,17.230222878132402,0,5,387.9,6.65,0.0,0.0,0.0,5750665216,0,5,3,1,0,sleeping,16875,101835,5634199552,16384,5623727851,416642002
2025-05-20 03:28:33,19208,5951873024,5750198272,197.2,17.230615638720156,0,5,390.31,6.65,0.0,0.0,0.0,5750755328,0,4,3,1,0,sleeping,16875,101835,5634199552,16384,5623727851,416642002
2025-05-20 03:28:34,19208,5951873024,5750198272,203.0,17.230615638720156,0,5,392.66,6.65,0.0,0.0,0.0,5750800384,0,3,3,1,0,sleeping,16875,101844,5634199552,16384,5623727851,416642613
2025-05-20 03:28:35,19208,5951873024,5750198272,200.7,17.230615638720156,0,5,394.85,6.66,0.0,0.0,0.0,5750870016,0,5,3,1,0,sleeping,16875,101844,5634199552,16384,5623727851,416642613
2025-05-20 03:28:37,19208,5951873024,5750198272,199.6,17.230615638720156,0,5,397.09,6.66,0.0,0.0,0.0,5750870016,0,5,3,1,0,sleeping,16875,101844,5634199552,16384,5623727851,416642613
2025-05-20 03:28:38,19208,5951873024,5750198272,200.7,17.230615638720156,0,5,399.27,6.67,0.0,0.0,0.0,5750870016,0,5,3,1,0,sleeping,16875,101844,5634199552,16384,5623727851,416642613
2025-05-20 03:28:39,19208,5951873024,5739163648,233.5,17.197550106738827,0,5,401.79,6.75,0.0,0.0,0.0,5739560960,0,4,3,1,0,sleeping,18672,116385,5650976768,16384,5638448875,476190458
2025-05-20 03:28:40,19208,5951873024,5739294720,199.3,17.197942867326578,0,5,403.96,6.75,0.0,0.0,0.0,5739745280,0,4,3,1,0,sleeping,18672,116385,5650976768,16384,5638448875,476190458
2025-05-20 03:28:41,19208,5951873024,5739425792,199.5,17.19833562791433,0,5,406.13,6.75,0.0,0.0,0.0,5739929600,0,4,3,1,0,sleeping,18672,116385,5650976768,16384,5638448875,476190458
2025-05-20 03:28:42,19208,5951873024,5739556864,200.2,17.19872838850208,0,5,408.31,6.75,0.0,0.0,0.0,5740105728,0,4,3,1,0,sleeping,18672,116385,5650976768,16384,5638448875,476190458
2025-05-20 03:28:43,19208,5951873024,5739819008,199.7,17.199513909677584,0,5,410.48,6.75,0.0,0.0,0.0,5740302336,0,4,3,1,0,sleeping,18672,116385,5650976768,16384,5638448875,476190458
2025-05-20 03:28:44,19208,5951873024,5739950080,200.4,17.199906670265335,0,5,412.66,6.75,0.0,0.0,0.0,5740494848,0,4,3,1,0,sleeping,18672,116385,5650976768,16384,5638448875,476190458
2025-05-20 03:28:45,19208,5951873024,5740212224,200.0,17.20069219144084,0,5,414.87,6.75,0.0,0.0,0.0,5740679168,0,4,3,1,0,sleeping,18672,116385,5650976768,16384,5638448875,476190458
2025-05-20 03:28:46,19208,5951873024,5740343296,199.8,17.201084952028587,0,5,417.04,6.75,0.0,0.0,0.0,5740863488,0,4,3,1,0,sleeping,18672,116385,5650976768,16384,5638448875,476190458
2025-05-20 03:28:47,19208,5951873024,5740605440,199.7,17.201870473204092,0,5,419.21,6.75,0.0,0.0,0.0,5741039616,0,4,3,1,0,sleeping,18672,116385,5650976768,16384,5638448875,476190458
2025-05-20 03:28:49,19208,5951873024,5740736512,199.6,17.202263233791847,0,5,421.39,6.75,0.0,0.0,0.0,5741228032,0,4,3,1,0,sleeping,18672,116385,5650976768,16384,5638448875,476190458
2025-05-20 03:28:50,19208,5951873024,5740867584,199.6,17.202655994379594,0,5,423.57,6.75,0.0,0.0,0.0,5741404160,0,4,3,1,0,sleeping,18672,116385,5650976768,16384,5638448875,476190458
2025-05-20 03:28:51,19208,5951873024,5740998656,199.4,17.203048754967348,0,5,425.74,6.75,0.0,0.0,0.0,5741592576,0,4,3,1,0,sleeping,18672,116385,5650976768,16384,5638448875,476190458
2025-05-20 03:28:52,19208,5951873024,5741129728,199.3,17.2034415155551,0,5,427.91,6.75,0.0,0.0,0.0,5741780992,0,4,3,1,0,sleeping,18672,116385,5650976768,16384,5638448875,476190458
2025-05-20 03:28:53,19208,5951873024,5741391872,200.2,17.2042270367306,0,5,430.09,6.75,0.0,0.0,0.0,5741969408,0,4,3,1,0,sleeping,18672,116385,5650976768,16384,5638448875,476190458
2025-05-20 03:28:54,19208,5951873024,5741522944,199.5,17.204619797318355,0,5,432.26,6.75,0.0,0.0,0.0,5742153728,0,4,3,1,0,sleeping,18672,116385,5650976768,16384,5638448875,476190458
2025-05-20 03:28:55,19208,5951873024,5741785088,200.4,17.205405318493856,0,5,434.44,6.75,0.0,0.0,0.0,5742346240,0,4,3,1,0,sleeping,18672,116385,5650976768,16384,5638448875,476190458
2025-05-20 03:28:56,19208,5951873024,5741916160,199.4,17.205798079081607,0,5,436.61,6.75,0.0,0.0,0.0,5742534656,0,4,3,1,0,sleeping,18672,116385,5650976768,16384,5638448875,476190458
2025-05-20 03:28:57,19208,5951873024,5743751168,199.5,17.21129672731013,0,5,438.78,6.75,0.0,0.0,0.0,5744144384,0,4,3,1,0,sleeping,18672,116385,5650976768,16384,5638448875,476190458
2025-05-20 03:28:58,19208,5951873024,5744013312,199.5,17.212082248485633,0,5,440.96,6.75,0.0,0.0,0.0,5744615424,0,4,3,1,0,sleeping,18672,116394,5650976768,16384,5638448875,476191069
2025-05-20 03:28:59,19208,5951873024,5744013312,199.8,17.212082248485633,0,5,443.14,6.75,0.0,0.0,0.0,5744615424,0,4,3,1,0,sleeping,18672,116394,5650976768,16384,5638448875,476191069
2025-05-20 03:29:01,19208,5951873024,5744250880,199.7,17.21279412705093,0,5,445.32,6.75,0.0,0.0,0.0,5744742400,0,4,3,1,0,sleeping,18672,116394,5650976768,16384,5638448875,476191069
2025-05-20 03:29:02,19208,5951873024,5741322240,232.9,17.20401838266836,0,5,447.83,6.8,0.0,0.0,0.0,5741535232,0,4,4,1,0,sleeping,20474,130923,5663559680,16384,5653210859,535689762
2025-05-20 03:29:03,19208,5951873024,5741322240,200.0,17.20401838266836,0,5,450.01,6.8,0.0,0.0,0.0,5741740032,0,4,4,1,0,sleeping,20474,130923,5663559680,16384,5653210859,535689762
2025-05-20 03:29:04,19208,5951873024,5741584384,199.1,17.204803903843864,0,5,452.19,6.8,0.0,0.0,0.0,5741948928,0,4,4,1,0,sleeping,20474,130923,5663559680,16384,5653210859,535689762
2025-05-20 03:29:05,19208,5951873024,5741715456,199.3,17.205196664431615,0,5,454.38,6.8,0.0,0.0,0.0,5742129152,0,4,4,1,0,sleeping,20474,130923,5663559680,16384,5653210859,535689762
2025-05-20 03:29:06,19208,5951873024,5741846528,197.7,17.205589425019365,0,5,456.64,6.8,0.0,0.0,0.0,5742272512,0,4,3,1,0,sleeping,20474,130923,5663559680,16384,5653210859,535689762
2025-05-20 03:29:07,19208,5951873024,5741977600,197.3,17.205982185607116,0,5,458.99,6.8,0.0,0.0,0.0,5742374912,0,4,3,1,0,sleeping,20474,130923,5663559680,16384,5653210859,535689762
2025-05-20 03:29:08,19208,5951873024,5741977600,197.2,17.205982185607116,0,5,461.42,6.8,0.0,0.0,0.0,5742465024,0,5,3,1,0,sleeping,20474,130923,5663559680,16384,5653210859,535689762
2025-05-20 03:29:10,19208,5951873024,5742108672,204.7,17.20637494619487,0,5,463.74,6.8,0.0,0.0,0.0,5742563328,0,5,3,1,0,sleeping,20474,130923,5663559680,16384,5653210859,535689762
2025-05-20 03:29:11,19208,5951873024,5742370816,201.8,17.20716046737037,0,5,465.98,6.8,0.0,0.0,0.0,5742727168,0,5,3,1,0,sleeping,20474,130923,5663559680,16384,5653210859,535689762
2025-05-20 03:29:12,19208,5951873024,5742501888,199.4,17.207553227958122,0,5,468.15,6.8,0.0,0.0,0.0,5742907392,0,5,3,1,0,sleeping,20474,130923,5663559680,16384,5653210859,535689762
2025-05-20 03:29:13,19208,5951873024,5742764032,200.8,17.208338749133624,0,5,470.36,6.8,0.0,0.0,0.0,5743095808,0,4,4,1,0,sleeping,20474,130923,5663559680,16384,5653210859,535689762
2025-05-20 03:29:14,19208,5951873024,5742764032,199.1,17.208338749133624,0,5,472.53,6.8,0.0,0.0,0.0,5743271936,0,4,4,1,0,sleeping,20474,130923,5663559680,16384,5653210859,535689762
2025-05-20 03:29:15,19208,5951873024,5742895104,199.5,17.208731509721375,0,5,474.7,6.8,0.0,0.0,0.0,5743452160,0,4,4,1,0,sleeping,20474,130923,5663559680,16384,5653210859,535689762
2025-05-20 03:29:16,19208,5951873024,5743157248,200.5,17.20951703089688,0,5,476.88,6.8,0.0,0.0,0.0,5743640576,0,4,4,1,0,sleeping,20474,130923,5663559680,16384,5653210859,535689762
2025-05-20 03:29:17,19208,5951873024,5743288320,199.5,17.20990979148463,0,5,479.05,6.8,0.0,0.0,0.0,5743820800,0,4,4,1,0,sleeping,20474,130923,5663559680,16384,5653210859,535689762
2025-05-20 03:29:18,19208,5951873024,5743550464,199.5,17.210695312660135,0,5,481.22,6.8,0.0,0.0,0.0,5744005120,0,4,4,1,0,sleeping,20474,130923,5663559680,16384,5653210859,535689762
2025-05-20 03:29:19,19208,5951873024,5743681536,200.4,17.211088073247886,0,5,483.4,6.8,0.0,0.0,0.0,5744189440,0,4,4,1,0,sleeping,20474,130923,5663559680,16384,5653210859,535689762
2025-05-20 03:29:21,19208,5951873024,5743943680,199.1,17.211873594423388,0,5,485.57,6.8,0.0,0.0,0.0,5744373760,0,4,4,1,0,sleeping,20474,130923,5663559680,16384,5653210859,535689762
2025-05-20 03:29:22,19208,5951873024,5744074752,199.6,17.212266355011142,0,5,487.76,6.8,0.0,0.0,0.0,5744558080,0,4,4,1,0,sleeping,20474,130923,5663559680,16384,5653210859,535689762
2025-05-20 03:29:23,19208,5951873024,5744730112,199.0,17.2142301579499,0,5,489.94,6.8,0.0,0.0,0.0,5745414144,0,5,3,1,0,sleeping,20474,130932,5663559680,16384,5653210859,535690373
2025-05-20 03:29:24,19208,5951873024,5744730112,199.7,17.2142301579499,0,5,492.11,6.81,0.0,0.0,0.0,5745414144,0,4,3,1,0,sleeping,20474,130932,5663559680,16384,5653210859,535690373
2025-05-20 03:29:25,19208,5951873024,5744730112,199.6,17.2142301579499,0,5,494.29,6.81,0.0,0.0,0.0,5745414144,0,5,4,1,0,sleeping,20474,130932,5663559680,16384,5653210859,535690373
2025-05-20 03:29:26,19208,5884764160,5724901376,222.5,17.154812845284116,0,5,496.68,6.88,0.0,0.0,0.0,5717975040,0,4,4,1,0,sleeping,21920,145453,5676142592,16384,5665056491,595160342
2025-05-20 03:29:27,19208,5951873024,5741678592,208.6,17.20508620051631,0,5,498.97,6.88,0.0,0.0,0.0,5742141440,0,4,4,1,0,sleeping,22277,145454,5680336896,16384,5667981035,595160394
2025-05-20 03:29:28,19208,5951873024,5741809664,198.3,17.20547896110406,0,5,501.2,6.88,0.0,0.0,0.0,5742305280,0,4,4,1,0,sleeping,22277,145454,5680336896,16384,5667981035,595160394
2025-05-20 03:29:29,19208,5951873024,5741809664,197.8,17.20547896110406,0,5,503.51,6.88,0.0,0.0,0.0,5742419968,0,4,4,1,0,sleeping,22277,145454,5680336896,16384,5667981035,595160394
2025-05-20 03:29:31,19208,5951873024,5742071808,198.3,17.20626448227956,0,5,505.87,6.88,0.0,0.0,0.0,5742514176,0,4,4,1,0,sleeping,22277,145454,5680336896,16384,5667981035,595160394
2025-05-20 03:29:32,19208,5951873024,5742202880,198.1,17.206657242867315,0,5,508.19,6.88,0.0,0.0,0.0,5742661632,0,4,4,1,0,sleeping,22277,145454,5680336896,16384,5667981035,595160394
2025-05-20 03:29:33,19208,5951873024,5742333952,206.2,17.207050003455066,0,5,510.46,6.88,0.0,0.0,0.0,5742850048,0,4,4,1,0,sleeping,22277,145454,5680336896,16384,5667981035,595160394
2025-05-20 03:29:34,19208,5951873024,5742596096,199.3,17.207835524630568,0,5,512.63,6.88,0.0,0.0,0.0,5743034368,0,4,4,1,0,sleeping,22277,145454,5680336896,16384,5667981035,595160394
2025-05-20 03:29:35,19208,5951873024,5742858240,200.3,17.208621045806073,0,5,514.81,6.88,0.0,0.0,0.0,5743222784,0,4,4,1,0,sleeping,22277,145454,5680336896,16384,5667981035,595160394
2025-05-20 03:29:36,19208,5951873024,5742989312,199.6,17.209013806393823,0,5,517.02,6.88,0.0,0.0,0.0,5743403008,0,4,4,1,0,sleeping,22277,145454,5680336896,16384,5667981035,595160394
2025-05-20 03:29:37,19208,5951873024,5743120384,200.2,17.209406566981574,0,5,519.19,6.89,0.0,0.0,0.0,5743587328,0,4,4,1,0,sleeping,22277,145454,5680336896,16384,5667981035,595160394
2025-05-20 03:29:38,19208,5951873024,5743382528,200.4,17.21019208815708,0,5,521.37,6.89,0.0,0.0,0.0,5743763456,0,4,4,1,0,sleeping,22277,145454,5680336896,16384,5667981035,595160394
2025-05-20 03:29:39,19208,5951873024,5743513600,199.6,17.21058484874483,0,5,523.54,6.89,0.0,0.0,0.0,5743951872,0,4,4,1,0,sleeping,22277,145454,5680336896,16384,5667981035,595160394
2025-05-20 03:29:41,19208,5951873024,5743775744,199.5,17.21137036992033,0,5,525.71,6.89,0.0,0.0,0.0,5744136192,0,4,4,1,0,sleeping,22277,145454,5680336896,16384,5667981035,595160394
2025-05-20 03:29:42,19208,5951873024,5743906816,199.3,17.211763130508086,0,5,527.88,6.89,0.0,0.0,0.0,5744328704,0,4,4,1,0,sleeping,22277,145454,5680336896,16384,5667981035,595160394
2025-05-20 03:29:43,19208,5951873024,5744168960,200.3,17.212548651683587,0,5,530.06,6.89,0.0,0.0,0.0,5744508928,0,4,4,1,0,sleeping,22277,145454,5680336896,16384,5667981035,595160394
2025-05-20 03:29:44,19208,5951873024,5744300032,199.6,17.212941412271338,0,5,532.23,6.89,0.0,0.0,0.0,5744701440,0,4,4,1,0,sleeping,22277,145454,5680336896,16384,5667981035,595160394
2025-05-20 03:29:45,19208,5951873024,5744431104,200.1,17.213334172859092,0,5,534.41,6.89,0.0,0.0,0.0,5744885760,0,4,4,1,0,sleeping,22277,145454,5680336896,16384,5667981035,595160394
2025-05-20 03:29:46,19208,5951873024,5744693248,200.2,17.214119694034594,0,5,536.59,6.89,0.0,0.0,0.0,5745074176,0,4,4,1,0,sleeping,22277,145454,5680336896,16384,5667981035,595160394
2025-05-20 03:29:47,19208,5951873024,5744824320,198.0,17.214512454622344,0,5,538.77,6.89,0.0,0.0,0.0,5745303552,0,2,2,1,0,sleeping,22277,145463,5680336896,16384,5667981035,595161005
2025-05-20 03:29:48,19208,5951873024,5744824320,200.6,17.214512454622344,0,5,540.96,6.89,0.0,0.0,0.0,5745303552,0,2,2,1,0,sleeping,22277,145463,5680336896,16384,5667981035,595161005
2025-05-20 03:29:49,19208,5951873024,5744824320,198.9,17.214512454622344,0,5,543.13,6.89,0.0,0.0,0.0,5745303552,0,2,2,1,0,sleeping,22277,145463,5680336896,16384,5667981035,595161005
2025-05-20 03:29:50,19208,5951873024,5741387776,229.8,17.204214762962238,0,5,545.64,6.92,0.0,0.0,0.0,5741662208,0,5,4,1,0,sleeping,24081,159995,5692919808,16384,5682759403,654671986
2025-05-20 03:29:51,19208,5951873024,5741518848,199.2,17.204607523549985,0,5,547.81,6.92,0.0,0.0,0.0,5741842432,0,4,4,1,0,sleeping,24081,159995,5692919808,16384,5682759403,654671986
2025-05-20 03:29:53,19208,5951873024,5741780992,199.6,17.20539304472549,0,5,549.98,6.92,0.0,0.0,0.0,5742043136,0,4,4,1,0,sleeping,24081,159995,5692919808,16384,5682759403,654671986
2025-05-20 03:29:54,19208,5951873024,5741912064,200.4,17.20578580531324,0,5,552.16,6.92,0.0,0.0,0.0,5742219264,0,4,3,1,0,sleeping,24081,159995,5692919808,16384,5682759403,654671986
2025-05-20 03:29:55,19208,5951873024,5742043136,199.6,17.20617856590099,0,5,554.33,6.92,0.0,0.0,0.0,5742399488,0,3,3,1,0,sleeping,24081,159995,5692919808,16384,5682759403,654671986
2025-05-20 03:29:56,19208,5951873024,5742174208,199.8,17.206571326488742,0,5,556.5,6.92,0.0,0.0,0.0,5742579712,0,3,3,1,0,sleeping,24081,159995,5692919808,16384,5682759403,654671986
2025-05-20 03:29:57,19208,5951873024,5742305280,199.4,17.206964087076496,0,5,558.67,6.92,0.0,0.0,0.0,5742759936,0,3,3,1,0,sleeping,24081,159995,5692919808,16384,5682759403,654671986
2025-05-20 03:29:58,19208,5951873024,5742567424,200.4,17.207749608251998,0,5,560.85,6.92,0.0,0.0,0.0,5742940160,0,3,3,1,0,sleeping,24081,159995,5692919808,16384,5682759403,654671986
2025-05-20 03:29:59,19208,5951873024,5742698496,199.5,17.20814236883975,0,5,563.02,6.92,0.0,0.0,0.0,5743124480,0,3,3,1,0,sleeping,24081,159995,5692919808,16384,5682759403,654671986
2025-05-20 03:30:00,19208,5951873024,5742960640,199.5,17.208927890015254,0,5,565.19,6.92,0.0,0.0,0.0,5743304704,0,3,3,1,0,sleeping,24081,159995,5692919808,16384,5682759403,654671986
2025-05-20 03:30:01,19208,5951873024,5743091712,200.2,17.209320650603004,0,5,567.37,6.92,0.0,0.0,0.0,5743489024,0,3,3,1,0,sleeping,24081,159995,5692919808,16384,5682759403,654671986
2025-05-20 03:30:02,19208,5951873024,5743222784,199.0,17.209713411190755,0,5,569.57,6.92,0.0,0.0,0.0,5743673344,0,3,3,1,0,sleeping,24081,159995,5692919808,16384,5682759403,654671986
2025-05-20 03:30:03,19208,5951873024,5743353856,199.7,17.21010617177851,0,5,571.74,6.92,0.0,0.0,0.0,5743861760,0,4,3,1,0,sleeping,24081,159995,5692919808,16384,5682759403,654671986
2025-05-20 03:30:05,19208,5951873024,5743484928,200.3,17.210498932366256,0,5,573.92,6.92,0.0,0.0,0.0,5744050176,0,4,3,1,0,sleeping,24081,159995,5692919808,16384,5682759403,654671986
2025-05-20 03:30:06,19208,5951873024,5743747072,200.3,17.21128445354176,0,5,576.1,6.92,0.0,0.0,0.0,5744246784,0,4,3,1,0,sleeping,24081,159995,5692919808,16384,5682759403,654671986
2025-05-20 03:30:07,19208,5951873024,5743878144,199.6,17.211677214129516,0,5,578.27,6.92,0.0,0.0,0.0,5744439296,0,4,3,1,0,sleeping,24081,159995,5692919808,16384,5682759403,654671986
2025-05-20 03:30:08,19208,5951873024,5744140288,199.6,17.212462735305014,0,5,580.44,6.92,0.0,0.0,0.0,5744615424,0,3,3,1,0,sleeping,24081,159995,5692919808,16384,5682759403,654671986
2025-05-20 03:30:09,19208,5951873024,5744664576,199.5,17.21403377765602,0,5,582.61,6.92,0.0,0.0,0.0,5744910336,0,3,3,1,0,sleeping,24081,159995,5692919808,16384,5682759403,654671986
2025-05-20 03:30:10,19208,5951873024,5745188864,199.7,17.215604820007027,0,5,584.8,6.93,0.0,0.0,0.0,5745623040,0,4,4,1,0,sleeping,24081,160004,5692919808,16384,5682759403,654672597
2025-05-20 03:30:11,19208,5951873024,5745188864,199.6,17.215604820007027,0,5,586.98,6.93,0.0,0.0,0.0,5745623040,0,5,4,1,0,sleeping,24081,160004,5692919808,16384,5682759403,654672597
2025-05-20 03:30:12,19208,5951873024,5745188864,200.6,17.215604820007027,0,5,589.17,6.93,0.0,0.0,0.0,5745623040,0,5,4,1,0,sleeping,24081,160004,5692919808,16384,5682759403,654672597
2025-05-20 03:30:13,19208,5951873024,5742133248,232.7,17.20644858880507,0,5,591.66,6.98,0.0,0.0,0.0,5742379008,0,4,3,1,0,sleeping,25879,174538,5709697024,16384,5697488619,714191770
2025-05-20 03:30:14,19208,5951873024,5742264320,199.3,17.206841349392825,0,5,593.83,6.98,0.0,0.0,0.0,5742571520,0,4,3,1,0,sleeping,25879,174538,5709697024,16384,5697488619,714191770
2025-05-20 03:30:15,19208,5951873024,5742526464,199.4,17.207626870568326,0,5,596.02,6.98,0.0,0.0,0.0,5742747648,0,4,3,1,0,sleeping,25879,174538,5709697024,16384,5697488619,714191770
2025-05-20 03:30:17,19208,5951873024,5742657536,197.6,17.208019631156077,0,5,598.28,6.98,0.0,0.0,0.0,5742882816,0,3,3,1,0,sleeping,25879,174538,5709697024,16384,5697488619,714191770
2025-05-20 03:30:18,19208,5951873024,5742788608,196.3,17.20841239174383,0,5,600.63,6.98,0.0,0.0,0.0,5742997504,0,4,3,1,0,sleeping,25879,174538,5709697024,16384,5697488619,714191770
2025-05-20 03:30:19,19208,5951873024,5742919680,203.6,17.20880515233158,0,5,602.94,6.98,0.0,0.0,0.0,5743095808,0,4,3,1,0,sleeping,25879,174538,5709697024,16384,5697488619,714191770
2025-05-20 03:30:20,19208,5951873024,5743050752,200.5,17.209197912919333,0,5,605.13,6.98,0.0,0.0,0.0,5743243264,0,3,3,1,0,sleeping,25879,174538,5709697024,16384,5697488619,714191770
2025-05-20 03:30:21,19208,5951873024,5743312896,200.4,17.209983434094838,0,5,607.31,6.98,0.0,0.0,0.0,5743431680,0,3,3,1,0,sleeping,25879,174538,5709697024,16384,5697488619,714191770
2025-05-20 03:30:22,19208,5951873024,5743443968,199.7,17.210376194682585,0,5,609.48,6.98,0.0,0.0,0.0,5743624192,0,3,3,1,0,sleeping,25879,174538,5709697024,16384,5697488619,714191770
2025-05-20 03:30:23,19208,5951873024,5743575040,199.6,17.210768955270336,0,5,611.65,6.98,0.0,0.0,0.0,5743816704,0,3,3,1,0,sleeping,25879,174538,5709697024,16384,5697488619,714191770
2025-05-20 03:30:24,19208,5951873024,5743837184,199.6,17.21155447644584,0,5,613.82,6.98,0.0,0.0,0.0,5744001024,0,3,3,1,0,sleeping,25879,174538,5709697024,16384,5697488619,714191770
2025-05-20 03:30:25,19208,5951873024,5743968256,200.7,17.21194723703359,0,5,616.0,6.98,0.0,0.0,0.0,5744185344,0,3,3,1,0,sleeping,25879,174538,5709697024,16384,5697488619,714191770
2025-05-20 03:30:27,19208,5951873024,5744230400,199.6,17.212732758209096,0,5,618.17,6.98,0.0,0.0,0.0,5744373760,0,3,3,1,0,sleeping,25879,174538,5709697024,16384,5697488619,714191770
2025-05-20 03:30:28,19208,5951873024,5744361472,199.5,17.213125518796847,0,5,620.34,6.98,0.0,0.0,0.0,5744558080,0,3,3,1,0,sleeping,25879,174538,5709697024,16384,5697488619,714191770
2025-05-20 03:30:29,19208,5951873024,5744623616,200.0,17.21391103997235,0,5,622.55,6.98,0.0,0.0,0.0,5744742400,0,3,3,1,0,sleeping,25879,174538,5709697024,16384,5697488619,714191770
2025-05-20 03:30:30,19208,5951873024,5744754688,199.6,17.214303800560103,0,5,624.72,6.98,0.0,0.0,0.0,5744918528,0,3,3,1,0,sleeping,25879,174538,5709697024,16384,5697488619,714191770
2025-05-20 03:30:31,19208,5951873024,5744885760,199.7,17.214696561147854,0,5,626.89,6.98,0.0,0.0,0.0,5745102848,0,3,3,1,0,sleeping,25879,174538,5709697024,16384,5697488619,714191770
2025-05-20 03:30:32,19208,5951873024,5745147904,199.6,17.215482082323355,0,5,629.06,6.98,0.0,0.0,0.0,5745287168,0,3,3,1,0,sleeping,25879,174538,5709697024,16384,5697488619,714191770
2025-05-20 03:30:33,19208,5951873024,5746065408,200.6,17.218231406437617,0,5,631.23,6.99,0.0,0.0,0.0,5746208768,0,3,3,1,0,sleeping,25879,174538,5709697024,16384,5697488619,714191770
2025-05-20 03:30:34,19208,5951873024,5747507200,198.1,17.222551772902882,0,5,633.42,6.99,0.0,0.0,0.0,5747589120,0,4,4,1,0,sleeping,25879,174547,5709697024,16384,5697488619,714192381
2025-05-20 03:30:35,19208,5951873024,5747507200,196.4,17.222551772902882,0,5,635.72,6.99,0.0,0.0,0.0,5747589120,0,4,4,1,0,sleeping,25879,174547,5709697024,16384,5697488619,714192381
2025-05-20 03:30:36,19208,5951873024,5747507200,189.6,17.222551772902882,0,5,638.28,6.99,0.0,0.0,0.0,5747589120,0,4,4,1,0,sleeping,25879,174547,5709697024,16384,5697488619,714192381
2025-05-20 03:30:38,19208,5951873024,5747507200,195.8,17.222551772902882,0,5,641.29,6.99,0.0,0.0,0.0,5747589120,0,4,4,1,0,sleeping,25879,174547,5709697024,16384,5697488619,714192381
2025-05-20 03:30:39,19208,5951873024,5747384320,216.5,17.222183559851864,0,5,643.79,6.99,0.0,0.0,0.0,5747589120,0,4,4,1,0,sleeping,25879,174547,5709697024,16384,5697488619,714192381
2025-05-20 03:30:40,19208,5951873024,5747384320,202.2,17.222183559851864,0,5,646.0,6.99,0.0,0.0,0.0,5747589120,0,4,4,1,0,sleeping,25879,174547,5709697024,16384,5697488619,714192381
2025-05-20 03:30:42,19208,5951873024,5743398912,229.4,17.210241183230547,0,5,648.51,7.01,0.0,0.0,0.0,5743460352,0,3,3,1,0,sleeping,27677,189081,5722279936,16384,5712217835,773711554
2025-05-20 03:30:43,19208,5951873024,5743529984,199.6,17.210633943818298,0,5,650.68,7.01,0.0,0.0,0.0,5743661056,0,3,3,1,0,sleeping,27677,189081,5722279936,16384,5712217835,773711554
2025-05-20 03:30:44,19208,5951873024,5743661056,199.6,17.21102670440605,0,5,652.85,7.01,0.0,0.0,0.0,5743869952,0,3,3,1,0,sleeping,27677,189081,5722279936,16384,5712217835,773711554
2025-05-20 03:30:45,19208,5951873024,5743661056,199.6,17.21102670440605,0,5,655.02,7.01,0.0,0.0,0.0,5744066560,0,3,3,1,0,sleeping,27677,189081,5722279936,16384,5712217835,773711554
2025-05-20 03:30:46,19208,5951873024,5743923200,199.5,17.211812225581554,0,5,657.19,7.01,0.0,0.0,0.0,5744259072,0,3,3,1,0,sleeping,27677,189081,5722279936,16384,5712217835,773711554
2025-05-20 03:30:47,19208,5951873024,5744054272,198.8,17.212204986169304,0,5,659.42,7.01,0.0,0.0,0.0,5744443392,0,3,3,1,0,sleeping,27677,189081,5722279936,16384,5712217835,773711554
2025-05-20 03:30:48,19208,5951873024,5744316416,201.2,17.21299050734481,0,5,661.61,7.01,0.0,0.0,0.0,5744623616,0,3,3,1,0,sleeping,27677,189081,5722279936,16384,5712217835,773711554
2025-05-20 03:30:49,19208,5951873024,5744447488,199.4,17.213383267932556,0,5,663.78,7.01,0.0,0.0,0.0,5744807936,0,3,3,1,0,sleeping,27677,189081,5722279936,16384,5712217835,773711554
2025-05-20 03:30:50,19208,5951873024,5744709632,199.3,17.21416878910806,0,5,665.95,7.01,0.0,0.0,0.0,5744996352,0,3,3,1,0,sleeping,27677,189081,5722279936,16384,5712217835,773711554
2025-05-20 03:30:51,19208,5951873024,5744971776,199.4,17.214954310283563,0,5,668.12,7.01,0.0,0.0,0.0,5745176576,0,3,3,1,0,sleeping,27677,189081,5722279936,16384,5712217835,773711554
2025-05-20 03:30:52,19208,5951873024,5745102848,200.5,17.215347070871314,0,5,670.3,7.01,0.0,0.0,0.0,5745360896,0,3,3,1,0,sleeping,27677,189081,5722279936,16384,5712217835,773711554
2025-05-20 03:30:54,19208,5951873024,5745233920,199.2,17.215739831459068,0,5,672.48,7.01,0.0,0.0,0.0,5745549312,0,3,3,1,0,sleeping,27677,189081,5722279936,16384,5712217835,773711554
2025-05-20 03:30:55,19208,5951873024,5745364992,199.3,17.21613259204682,0,5,674.65,7.01,0.0,0.0,0.0,5745725440,0,3,3,1,0,sleeping,27677,189081,5722279936,16384,5712217835,773711554
2025-05-20 03:30:56,19208,5951873024,5745627136,199.9,17.21691811322232,0,5,676.86,7.01,0.0,0.0,0.0,5745917952,0,3,3,1,0,sleeping,27677,189081,5722279936,16384,5712217835,773711554
2025-05-20 03:30:57,19208,5951873024,5745758208,200.2,17.217310873810074,0,5,679.04,7.01,0.0,0.0,0.0,5746106368,0,3,3,1,0,sleeping,27677,189081,5722279936,16384,5712217835,773711554
2025-05-20 03:30:58,19208,5951873024,5746020352,199.4,17.218096394985576,0,5,681.21,7.01,0.0,0.0,0.0,5746286592,0,3,3,1,0,sleeping,27677,189081,5722279936,16384,5712217835,773711554
2025-05-20 03:30:59,19208,5951873024,5746151424,200.3,17.218489155573327,0,5,683.39,7.01,0.0,0.0,0.0,5746475008,0,3,3,1,0,sleeping,27677,189081,5722279936,16384,5712217835,773711554
2025-05-20 03:31:00,19208,5951873024,5746544640,199.6,17.219667437336582,0,5,685.56,7.01,0.0,0.0,0.0,5746667520,0,3,3,1,0,sleeping,27677,189081,5722279936,16384,5712217835,773711554
2025-05-20 03:31:01,19208,5951873024,5746937856,198.4,17.220845719099838,0,5,687.75,7.01,0.0,0.0,0.0,5747089408,0,2,2,1,0,sleeping,27677,189090,5722279936,16384,5712217835,773712165
2025-05-20 03:31:02,19208,5951873024,5746937856,199.4,17.220845719099838,0,5,689.92,7.02,0.0,0.0,0.0,5747089408,0,2,2,1,0,sleeping,27677,189090,5722279936,16384,5712217835,773712165
2025-05-20 03:31:03,19208,5951873024,5746937856,199.7,17.220845719099838,0,5,692.1,7.02,0.0,0.0,0.0,5747089408,0,2,2,1,0,sleeping,27677,189090,5722279936,16384,5712217835,773712165
2025-05-20 03:31:04,19208,5951873024,5741641728,232.7,17.204975736601003,0,5,694.57,7.09,0.0,0.0,0.0,5741936640,0,4,4,1,0,sleeping,29491,203626,5739057152,16384,5727078123,833239530
2025-05-20 03:31:06,19208,5951873024,5741772800,199.6,17.205368497188754,0,5,696.75,7.09,0.0,0.0,0.0,5742153728,0,4,4,1,0,sleeping,29491,203626,5739057152,16384,5727078123,833239530
2025-05-20 03:31:07,19208,5951873024,5741903872,198.3,17.205761257776505,0,5,698.96,7.09,0.0,0.0,0.0,5742317568,0,4,4,1,0,sleeping,29491,203626,5739057152,16384,5727078123,833239530
2025-05-20 03:31:08,19208,5951873024,5742034944,194.5,17.20615401836426,0,5,701.31,7.09,0.0,0.0,0.0,5742436352,0,4,4,1,0,sleeping,29491,203626,5739057152,16384,5727078123,833239530
2025-05-20 03:31:09,19208,5951873024,5742034944,186.5,17.20615401836426,0,5,704.08,7.09,0.0,0.0,0.0,5742497792,0,4,4,1,0,sleeping,29491,203626,5739057152,16384,5727078123,833239530
2025-05-20 03:31:11,19208,5951873024,5742034944,198.8,17.20615401836426,0,5,707.18,7.09,0.0,0.0,0.0,5742542848,0,4,4,1,0,sleeping,29491,203626,5739057152,16384,5727078123,833239530
2025-05-20 03:31:12,19208,5951873024,5742034944,198.4,17.20615401836426,0,5,710.28,7.09,0.0,0.0,0.0,5742587904,0,4,4,1,0,sleeping,29491,203626,5739057152,16384,5727078123,833239530
2025-05-20 03:31:14,19208,5951873024,5742166016,218.8,17.20654677895201,0,5,712.82,7.09,0.0,0.0,0.0,5742653440,0,4,4,1,0,sleeping,29491,203626,5739057152,16384,5727078123,833239530
2025-05-20 03:31:15,19208,5951873024,5742166016,202.3,17.20654677895201,0,5,715.03,7.09,0.0,0.0,0.0,5742800896,0,4,4,1,0,sleeping,29491,203626,5739057152,16384,5727078123,833239530
2025-05-20 03:31:16,19208,5951873024,5742428160,199.8,17.20733230012751,0,5,717.2,7.09,0.0,0.0,0.0,5742977024,0,4,4,1,0,sleeping,29491,203626,5739057152,16384,5727078123,833239530
2025-05-20 03:31:17,19208,5951873024,5742690304,199.7,17.208117821303016,0,5,719.37,7.09,0.0,0.0,0.0,5743161344,0,4,4,1,0,sleeping,29491,203626,5739057152,16384,5727078123,833239530
2025-05-20 03:31:18,19208,5951873024,5742821376,199.7,17.208510581890767,0,5,721.54,7.09,0.0,0.0,0.0,5743341568,0,4,4,1,0,sleeping,29491,203626,5739057152,16384,5727078123,833239530
2025-05-20 03:31:19,19208,5951873024,5743083520,199.7,17.20929610306627,0,5,723.71,7.09,0.0,0.0,0.0,5743529984,0,4,4,1,0,sleeping,29491,203626,5739057152,16384,5727078123,833239530
2025-05-20 03:31:20,19208,5951873024,5743214592,199.5,17.209688863654023,0,5,725.88,7.09,0.0,0.0,0.0,5743714304,0,4,4,1,0,sleeping,29491,203626,5739057152,16384,5727078123,833239530
2025-05-20 03:31:21,19208,5951873024,5743476736,199.6,17.210474384829524,0,5,728.04,7.1,0.0,0.0,0.0,5743898624,0,4,4,1,0,sleeping,29491,203626,5739057152,16384,5727078123,833239530
2025-05-20 03:31:22,19208,5951873024,5743607808,200.1,17.210867145417275,0,5,730.25,7.1,0.0,0.0,0.0,5744078848,0,4,4,1,0,sleeping,29491,203626,5739057152,16384,5727078123,833239530
2025-05-20 03:31:23,19208,5951873024,5743869952,199.5,17.211652666592776,0,5,732.42,7.1,0.0,0.0,0.0,5744267264,0,4,4,1,0,sleeping,29491,203626,5739057152,16384,5727078123,833239530
2025-05-20 03:31:25,19208,5951873024,5744132096,199.3,17.21243818776828,0,5,734.59,7.1,0.0,0.0,0.0,5744455680,0,4,4,1,0,sleeping,29491,203626,5739057152,16384,5727078123,833239530
2025-05-20 03:31:26,19208,5951873024,5744263168,200.3,17.212830948356032,0,5,736.77,7.1,0.0,0.0,0.0,5744635904,0,4,4,1,0,sleeping,29491,203626,5739057152,16384,5727078123,833239530
2025-05-20 03:31:27,19208,5951873024,5744394240,199.8,17.213223708943783,0,5,738.94,7.1,0.0,0.0,0.0,5744812032,0,4,4,1,0,sleeping,29491,203626,5739057152,16384,5727078123,833239530
2025-05-20 03:31:28,19208,5951873024,5745180672,199.7,17.215580272470294,0,5,741.11,7.1,0.0,0.0,0.0,5745455104,0,4,4,1,0,sleeping,29491,203626,5739057152,16384,5727078123,833239530
2025-05-20 03:31:29,19208,5951873024,5747671040,198.6,17.223042723637572,0,5,743.28,7.1,0.0,0.0,0.0,5748019200,0,5,4,1,0,sleeping,29491,203640,5739057152,16384,5727078123,833240443
2025-05-20 03:31:30,19208,5951873024,5747671040,199.4,17.223042723637572,0,5,745.46,7.1,0.0,0.0,0.0,5748019200,0,5,4,1,0,sleeping,29491,203640,5739057152,16384,5727078123,833240443
2025-05-20 03:31:31,19208,5951873024,5747671040,200.6,17.223042723637572,0,5,747.65,7.1,0.0,0.0,0.0,5748019200,0,5,4,1,0,sleeping,29491,203640,5739057152,16384,5727078123,833240443
2025-05-20 03:31:32,19208,5951873024,5744357376,230.7,17.21311324502848,0,5,750.14,7.14,0.0,0.0,0.0,5744721920,0,5,4,1,0,sleeping,31297,218164,5748473856,16384,5741872875,892718656
2025-05-20 03:31:33,19208,5951873024,5744488448,200.2,17.21350600561623,0,5,752.32,7.14,0.0,0.0,0.0,5745004544,0,5,4,1,0,sleeping,31297,218164,5748473856,16384,5741872875,892718656
2025-05-20 03:31:34,19208,5951873024,5744750592,199.7,17.214291526791733,0,5,754.49,7.14,0.0,0.0,0.0,5745266688,0,5,4,1,0,sleeping,31297,218164,5748473856,16384,5741872875,892718656
2025-05-20 03:31:35,19208,5951873024,5744881664,198.8,17.214684287379487,0,5,756.65,7.14,0.0,0.0,0.0,5745442816,0,5,4,1,0,sleeping,31297,218164,5748473856,16384,5741872875,892718656
2025-05-20 03:31:37,19208,5951873024,5745143808,200.6,17.21546980855499,0,5,758.83,7.14,0.0,0.0,0.0,5745635328,0,5,4,1,0,sleeping,31297,218164,5748473856,16384,5741872875,892718656
2025-05-20 03:31:38,19208,5951873024,5745274880,199.3,17.21586256914274,0,5,761.0,7.14,0.0,0.0,0.0,5745823744,0,5,4,1,0,sleeping,31297,218164,5748473856,16384,5741872875,892718656
2025-05-20 03:31:39,19208,5951873024,5745537024,199.4,17.216648090318245,0,5,763.17,7.14,0.0,0.0,0.0,5746008064,0,5,4,1,0,sleeping,31297,218164,5748473856,16384,5741872875,892718656
2025-05-20 03:31:40,19208,5951873024,5745668096,199.5,17.217040850905992,0,5,765.34,7.14,0.0,0.0,0.0,5746184192,0,5,4,1,0,sleeping,31297,218164,5748473856,16384,5741872875,892718656
2025-05-20 03:31:41,19208,5951873024,5745799168,199.7,17.217433611493746,0,5,767.51,7.14,0.0,0.0,0.0,5746368512,0,5,4,1,0,sleeping,31297,218164,5748473856,16384,5741872875,892718656
2025-05-20 03:31:42,19208,5951873024,5746061312,199.1,17.218219132669248,0,5,769.68,7.14,0.0,0.0,0.0,5746556928,0,5,4,1,0,sleeping,31297,218164,5748473856,16384,5741872875,892718656
2025-05-20 03:31:43,19208,5951873024,5746192384,198.5,17.218611893257,0,5,771.91,7.14,0.0,0.0,0.0,5746716672,0,5,4,1,0,sleeping,31297,218164,5748473856,16384,5741872875,892718656
2025-05-20 03:31:44,19208,5951873024,5746323456,191.5,17.219004653844753,0,5,774.34,7.14,0.0,0.0,0.0,5746823168,0,4,4,1,0,sleeping,31297,218164,5748473856,16384,5741872875,892718656
2025-05-20 03:31:46,19208,5951873024,5746454528,189.4,17.219397414432503,0,5,777.29,7.15,0.0,0.0,0.0,5746876416,0,4,4,1,0,sleeping,31297,218164,5748473856,16384,5741872875,892718656
2025-05-20 03:31:47,19208,5951873024,5746454528,207.6,17.219397414432503,0,5,780.14,7.15,0.0,0.0,0.0,5746929664,0,4,4,1,0,sleeping,31297,218164,5748473856,16384,5741872875,892718656
2025-05-20 03:31:48,19208,5951873024,5746585600,212.3,17.219790175020254,0,5,782.51,7.15,0.0,0.0,0.0,5747044352,0,4,3,1,0,sleeping,31297,218164,5748473856,16384,5741872875,892718656
2025-05-20 03:31:50,19208,5951873024,5746716672,200.5,17.220182935608005,0,5,784.73,7.15,0.0,0.0,0.0,5747232768,0,4,3,1,0,sleeping,31297,218164,5748473856,16384,5741872875,892718656
2025-05-20 03:31:51,19208,5951873024,5746978816,199.3,17.22096845678351,0,5,786.9,7.15,0.0,0.0,0.0,5747421184,0,4,3,1,0,sleeping,31297,218164,5748473856,16384,5741872875,892718656
2025-05-20 03:31:52,19208,5951873024,5747109888,200.4,17.22136121737126,0,5,789.08,7.15,0.0,0.0,0.0,5747597312,0,4,3,1,0,sleeping,31297,218164,5748473856,16384,5741872875,892718656
2025-05-20 03:31:53,19208,5951873024,5747240960,199.2,17.22175397795901,0,5,791.25,7.15,0.0,0.0,0.0,5747777536,0,4,3,1,0,sleeping,31297,218164,5748473856,16384,5741872875,892718656
2025-05-20 03:31:54,19208,5951873024,5747503104,200.3,17.222539499134516,0,5,793.43,7.15,0.0,0.0,0.0,5747953664,0,5,3,1,0,sleeping,31297,218164,5748473856,16384,5741872875,892718656
2025-05-20 03:31:55,19208,5951873024,5747634176,198.3,17.222932259722267,0,5,795.62,7.15,0.0,0.0,0.0,5748121600,0,5,4,1,0,sleeping,31297,218173,5748473856,16384,5741872875,892719267
2025-05-20 03:31:56,19208,5951873024,5747634176,200.4,17.222932259722267,0,5,797.81,7.15,0.0,0.0,0.0,5748125696,0,5,4,1,0,sleeping,31297,218173,5748473856,16384,5741872875,892719267
2025-05-20 03:31:57,19208,5951873024,5747634176,199.6,17.222932259722267,0,5,799.99,7.15,0.0,0.0,0.0,5748125696,0,5,4,1,0,sleeping,31297,218173,5748473856,16384,5741872875,892719267
2025-05-20 03:31:58,19208,5884764160,5722128384,215.4,17.1465035040995,0,5,802.34,7.2,0.0,0.0,0.0,5714018304,0,3,3,1,0,sleeping,32698,232704,5764890624,16384,5753349867,952230196
2025-05-20 03:31:59,19208,5951873024,5740478464,215.9,17.201489986384708,0,5,804.68,7.21,0.0,0.0,0.0,5740978176,0,4,3,1,0,sleeping,33096,232705,5769084928,16384,5756610283,952230248
2025-05-20 03:32:00,19208,5951873024,5740609536,199.4,17.201882746972462,0,5,806.85,7.21,0.0,0.0,0.0,5741162496,0,4,3,1,0,sleeping,33096,232705,5769084928,16384,5756610283,952230248
2025-05-20 03:32:02,19208,5951873024,5740871680,199.0,17.202668268147963,0,5,809.03,7.21,0.0,0.0,0.0,5741350912,0,4,3,1,0,sleeping,33096,232705,5769084928,16384,5756610283,952230248
2025-05-20 03:32:03,19208,5951873024,5741002752,199.2,17.203061028735714,0,5,811.21,7.21,0.0,0.0,0.0,5741539328,0,4,3,1,0,sleeping,33096,232705,5769084928,16384,5756610283,952230248
2025-05-20 03:32:04,19208,5951873024,5741133824,201.4,17.20345378932347,0,5,813.39,7.22,0.0,0.0,0.0,5741723648,0,4,3,1,0,sleeping,33096,232705,5769084928,16384,5756610283,952230248
2025-05-20 03:32:05,19208,5951873024,5741395968,200.5,17.20423931049897,0,5,815.57,7.22,0.0,0.0,0.0,5741903872,0,4,3,1,0,sleeping,33096,232705,5769084928,16384,5756610283,952230248
2025-05-20 03:32:06,19208,5951873024,5741527040,198.9,17.20463207108672,0,5,817.77,7.22,0.0,0.0,0.0,5742088192,0,5,4,1,0,sleeping,33096,232705,5769084928,16384,5756610283,952230248
2025-05-20 03:32:07,19208,5951873024,5741789184,199.9,17.205417592262222,0,5,819.95,7.22,0.0,0.0,0.0,5742260224,0,5,4,1,0,sleeping,33096,232705,5769084928,16384,5756610283,952230248
2025-05-20 03:32:08,19208,5951873024,5741920256,199.1,17.205810352849976,0,5,822.14,7.22,0.0,0.0,0.0,5742444544,0,4,4,1,0,sleeping,33096,232705,5769084928,16384,5756610283,952230248
2025-05-20 03:32:09,19208,5951873024,5742051328,200.3,17.206203113437727,0,5,824.32,7.22,0.0,0.0,0.0,5742624768,0,4,4,1,0,sleeping,33096,232705,5769084928,16384,5756610283,952230248
2025-05-20 03:32:10,19208,5951873024,5742313472,199.6,17.20698863461323,0,5,826.49,7.22,0.0,0.0,0.0,5742817280,0,4,4,1,0,sleeping,33096,232705,5769084928,16384,5756610283,952230248
2025-05-20 03:32:11,19208,5951873024,5742575616,199.6,17.207774155788734,0,5,828.66,7.22,0.0,0.0,0.0,5743005696,0,4,4,1,0,sleeping,33096,232705,5769084928,16384,5756610283,952230248
2025-05-20 03:32:13,19208,5951873024,5742706688,199.4,17.208166916376484,0,5,830.83,7.22,0.0,0.0,0.0,5743206400,0,4,4,1,0,sleeping,33096,232705,5769084928,16384,5756610283,952230248
2025-05-20 03:32:14,19208,5951873024,5742968832,199.4,17.208952437551986,0,5,833.0,7.22,0.0,0.0,0.0,5743390720,0,4,4,1,0,sleeping,33096,232705,5769084928,16384,5756610283,952230248
2025-05-20 03:32:15,19208,5951873024,5743099904,199.5,17.20934519813974,0,5,835.17,7.22,0.0,0.0,0.0,5743575040,0,4,4,1,0,sleeping,33096,232705,5769084928,16384,5756610283,952230248
2025-05-20 03:32:16,19208,5951873024,5743230976,199.7,17.209737958727487,0,5,837.38,7.22,0.0,0.0,0.0,5743767552,0,4,4,1,0,sleeping,33096,232705,5769084928,16384,5756610283,952230248
2025-05-20 03:32:17,19208,5951873024,5743886336,201.2,17.211701761666248,0,5,839.56,7.23,0.0,0.0,0.0,5744168960,0,4,4,1,0,sleeping,33096,232705,5769084928,16384,5756610283,952230248
2025-05-20 03:32:18,19208,5951873024,5746114560,197.1,17.218378691658025,0,5,841.71,7.23,0.0,0.0,0.0,5746630656,0,5,4,1,0,sleeping,33096,232714,5769084928,16384,5756610283,952230859
2025-05-20 03:32:19,19208,5951873024,5746262016,199.8,17.218820547319243,0,5,843.88,7.24,0.0,0.0,0.0,5746757632,0,4,4,1,0,sleeping,33096,232714,5769084928,16384,5756610283,952230859
2025-05-20 03:32:20,19208,5951873024,5746262016,199.9,17.218820547319243,0,5,846.06,7.24,0.0,0.0,0.0,5746757632,0,4,4,1,0,sleeping,33096,232714,5769084928,16384,5756610283,952230859
2025-05-20 03:32:21,19208,5951873024,5743058944,230.9,17.20922246045607,0,5,848.56,7.27,0.0,0.0,0.0,5743452160,0,3,3,1,0,sleeping,34903,247252,5781667840,16384,5771413227,1011766416
2025-05-20 03:32:22,19208,5951873024,5743190016,199.4,17.209615221043816,0,5,850.73,7.27,0.0,0.0,0.0,5743702016,0,3,3,1,0,sleeping,34903,247252,5781667840,16384,5771413227,1011766416
2025-05-20 03:32:23,19208,5951873024,5743452160,199.9,17.21040074221932,0,5,852.93,7.27,0.0,0.0,0.0,5743935488,0,3,3,1,0,sleeping,34903,247252,5781667840,16384,5771413227,1011766416
2025-05-20 03:32:25,19208,5951873024,5743583232,200.4,17.21079350280707,0,5,855.1,7.28,0.0,0.0,0.0,5744132096,0,3,3,1,0,sleeping,34903,247252,5781667840,16384,5771413227,1011766416
2025-05-20 03:32:26,19208,5951873024,5743845376,198.8,17.211579023982576,0,5,857.3,7.28,0.0,0.0,0.0,5744308224,0,3,3,1,0,sleeping,34903,247252,5781667840,16384,5771413227,1011766416
2025-05-20 03:32:27,19208,5951873024,5743976448,196.5,17.211971784570327,0,5,859.56,7.28,0.0,0.0,0.0,5744443392,0,3,3,1,0,sleeping,34903,247252,5781667840,16384,5771413227,1011766416
2025-05-20 03:32:28,19208,5951873024,5743976448,197.6,17.211971784570327,0,5,861.9,7.28,0.0,0.0,0.0,5744549888,0,3,3,1,0,sleeping,34903,247252,5781667840,16384,5771413227,1011766416
2025-05-20 03:32:29,19208,5951873024,5744107520,202.7,17.212364545158078,0,5,864.17,7.28,0.0,0.0,0.0,5744672768,0,3,3,1,0,sleeping,34903,247252,5781667840,16384,5771413227,1011766416
2025-05-20 03:32:30,19208,5951873024,5744369664,201.9,17.213150066333583,0,5,866.37,7.28,0.0,0.0,0.0,5744852992,0,3,3,1,0,sleeping,34903,247252,5781667840,16384,5771413227,1011766416
2025-05-20 03:32:31,19208,5951873024,5744631808,199.5,17.213935587509084,0,5,868.54,7.28,0.0,0.0,0.0,5745041408,0,3,3,1,0,sleeping,34903,247252,5781667840,16384,5771413227,1011766416
2025-05-20 03:32:32,19208,5951873024,5744762880,199.6,17.214328348096835,0,5,870.71,7.28,0.0,0.0,0.0,5745225728,0,3,3,1,0,sleeping,34903,247252,5781667840,16384,5771413227,1011766416
2025-05-20 03:32:33,19208,5951873024,5744893952,198.8,17.214721108684586,0,5,872.89,7.28,0.0,0.0,0.0,5745414144,0,3,3,1,0,sleeping,34903,247252,5781667840,16384,5771413227,1011766416
2025-05-20 03:32:35,19208,5951873024,5745156096,201.3,17.215506629860087,0,5,875.07,7.29,0.0,0.0,0.0,5745598464,0,3,3,1,0,sleeping,34903,247252,5781667840,16384,5771413227,1011766416
2025-05-20 03:32:36,19208,5951873024,5745287168,199.4,17.21589939044784,0,5,877.24,7.29,0.0,0.0,0.0,5745778688,0,3,3,1,0,sleeping,34903,247252,5781667840,16384,5771413227,1011766416
2025-05-20 03:32:37,19208,5951873024,5745549312,199.4,17.216684911623346,0,5,879.41,7.29,0.0,0.0,0.0,5745967104,0,3,3,1,0,sleeping,34903,247252,5781667840,16384,5771413227,1011766416
2025-05-20 03:32:38,19208,5951873024,5745680384,200.3,17.217077672211094,0,5,881.59,7.29,0.0,0.0,0.0,5746151424,0,3,3,1,0,sleeping,34903,247252,5781667840,16384,5771413227,1011766416
2025-05-20 03:32:39,19208,5951873024,5745942528,199.6,17.2178631933866,0,5,883.76,7.29,0.0,0.0,0.0,5746335744,0,3,3,1,0,sleeping,34903,247252,5781667840,16384,5771413227,1011766416
2025-05-20 03:32:40,19208,5951873024,5746073600,199.5,17.218255953974353,0,5,885.93,7.29,0.0,0.0,0.0,5746520064,0,3,3,1,0,sleeping,34903,247252,5781667840,16384,5771413227,1011766416
2025-05-20 03:32:41,19208,5951873024,5746335744,200.0,17.219041475149854,0,5,888.14,7.29,0.0,0.0,0.0,5746712576,0,3,3,1,0,sleeping,34903,247252,5781667840,16384,5771413227,1011766416
2025-05-20 03:32:42,19208,5951873024,5746335744,198.7,17.219041475149854,0,5,890.31,7.29,0.0,0.0,0.0,5746810880,0,4,3,1,0,sleeping,34903,247261,5781667840,16384,5771413227,1011767027
2025-05-20 03:32:43,19208,5951873024,5746335744,199.8,17.219041475149854,0,5,892.49,7.29,0.0,0.0,0.0,5746810880,0,4,3,1,0,sleeping,34903,247261,5781667840,16384,5771413227,1011767027
2025-05-20 03:32:44,19208,5951873024,5746335744,199.8,17.219041475149854,0,5,894.67,7.29,0.0,0.0,0.0,5746810880,0,4,3,1,0,sleeping,34903,247261,5781667840,16384,5771413227,1011767027
2025-05-20 03:32:45,19208,5951873024,5740617728,231.6,17.201907294509194,0,5,897.16,7.33,0.0,0.0,0.0,5740945408,0,3,3,1,0,sleeping,36705,261792,5798445056,16384,5786175211,1071273912
2025-05-20 03:32:47,19208,5951873024,5740748800,199.5,17.20230005509695,0,5,899.33,7.33,0.0,0.0,0.0,5741137920,0,3,3,1,0,sleeping,36705,261792,5798445056,16384,5786175211,1071273912
2025-05-20 03:32:48,19208,5951873024,5740879872,200.4,17.2026928156847,0,5,901.51,7.33,0.0,0.0,0.0,5741326336,0,3,3,1,0,sleeping,36705,261792,5798445056,16384,5786175211,1071273912
2025-05-20 03:32:49,19208,5951873024,5741142016,199.6,17.2034783368602,0,5,903.68,7.33,0.0,0.0,0.0,5741506560,0,3,3,1,0,sleeping,36705,261792,5798445056,16384,5786175211,1071273912
2025-05-20 03:32:50,19208,5951873024,5741273088,199.5,17.20387109744795,0,5,905.85,7.33,0.0,0.0,0.0,5741694976,0,3,3,1,0,sleeping,36705,261792,5798445056,16384,5786175211,1071273912
2025-05-20 03:32:51,19208,5951873024,5741535232,199.6,17.204656618623453,0,5,908.02,7.33,0.0,0.0,0.0,5741883392,0,3,3,1,0,sleeping,36705,261792,5798445056,16384,5786175211,1071273912
2025-05-20 03:32:52,19208,5951873024,5741666304,200.5,17.205049379211207,0,5,910.19,7.34,0.0,0.0,0.0,5742075904,0,4,3,1,0,sleeping,36705,261792,5798445056,16384,5786175211,1071273912
2025-05-20 03:32:53,19208,5951873024,5741797376,200.4,17.205442139798958,0,5,912.37,7.34,0.0,0.0,0.0,5742260224,0,4,3,1,0,sleeping,36705,261792,5798445056,16384,5786175211,1071273912
2025-05-20 03:32:54,19208,5951873024,5742059520,199.5,17.20622766097446,0,5,914.54,7.34,0.0,0.0,0.0,5742452736,0,4,3,1,0,sleeping,36705,261792,5798445056,16384,5786175211,1071273912
2025-05-20 03:32:55,19208,5951873024,5742190592,199.7,17.206620421562214,0,5,916.71,7.34,0.0,0.0,0.0,5742637056,0,4,3,1,0,sleeping,36705,261792,5798445056,16384,5786175211,1071273912
2025-05-20 03:32:56,19208,5951873024,5742452736,199.7,17.207405942737715,0,5,918.88,7.34,0.0,0.0,0.0,5742821376,0,4,3,1,0,sleeping,36705,261792,5798445056,16384,5786175211,1071273912
2025-05-20 03:32:57,19208,5951873024,5742583808,199.5,17.207798703325466,0,5,921.05,7.34,0.0,0.0,0.0,5742993408,0,4,4,1,0,sleeping,36705,261792,5798445056,16384,5786175211,1071273912
2025-05-20 03:32:58,19208,5951873024,5742714880,199.4,17.20819146391322,0,5,923.22,7.34,0.0,0.0,0.0,5743177728,0,4,4,1,0,sleeping,36705,261792,5798445056,16384,5786175211,1071273912
2025-05-20 03:33:00,19208,5951873024,5742845952,199.6,17.20858422450097,0,5,925.39,7.34,0.0,0.0,0.0,5743362048,0,4,4,1,0,sleeping,36705,261792,5798445056,16384,5786175211,1071273912
2025-05-20 03:33:01,19208,5951873024,5743108096,200.7,17.209369745676472,0,5,927.57,7.34,0.0,0.0,0.0,5743550464,0,4,4,1,0,sleeping,36705,261792,5798445056,16384,5786175211,1071273912
2025-05-20 03:33:02,19208,5951873024,5743239168,199.6,17.209762506264227,0,5,929.74,7.34,0.0,0.0,0.0,5743734784,0,4,4,1,0,sleeping,36705,261792,5798445056,16384,5786175211,1071273912
2025-05-20 03:33:03,19208,5951873024,5743501312,199.6,17.210548027439728,0,5,931.91,7.34,0.0,0.0,0.0,5743927296,0,4,4,1,0,sleeping,36705,261792,5798445056,16384,5786175211,1071273912
2025-05-20 03:33:04,19208,5951873024,5743763456,198.1,17.21133354861523,0,5,934.07,7.34,0.0,0.0,0.0,5744250880,0,4,3,1,0,sleeping,36705,261806,5798445056,16384,5786175211,1071274825
2025-05-20 03:33:05,19208,5951873024,5743763456,199.7,17.21133354861523,0,5,936.28,7.34,0.0,0.0,0.0,5744250880,0,2,2,1,0,sleeping,36705,261806,5798445056,16384,5786175211,1071274825
2025-05-20 03:33:06,19208,5951873024,5743763456,200.0,17.21133354861523,0,5,938.5,7.34,0.0,0.0,0.0,5744250880,0,2,2,1,0,sleeping,36705,261806,5798445056,16384,5786175211,1071274825
2025-05-20 03:33:07,19208,5951873024,5730603008,196.2,17.13537119619042,0,3,940.68,7.34,0.0,0.0,0.0,5734617088,0,3,3,1,0,sleeping,36705,276339,5798445056,16384,5786175211,1130797977
2025-05-20 03:33:08,19208,5951873024,5691686912,224.9,17.055284857594216,0,5,943.09,7.38,0.0,0.0,0.0,5692248064,0,4,3,1,0,sleeping,38503,276341,5811027968,16384,5800904427,1130798094
2025-05-20 03:33:09,19208,5951873024,5694832640,200.2,17.06471111170025,0,5,945.27,7.38,0.0,0.0,0.0,5695361024,0,4,3,1,0,sleeping,38503,276341,5811027968,16384,5800904427,1130798094
2025-05-20 03:33:11,19208,5951873024,5697585152,198.5,17.07295908404303,0,5,947.47,7.38,0.0,0.0,0.0,5698109440,0,4,3,1,0,sleeping,38503,276341,5811027968,16384,5800904427,1130798094
2025-05-20 03:33:12,19208,5951873024,5699813376,195.4,17.079636014034808,0,5,949.78,7.38,0.0,0.0,0.0,5700284416,0,4,3,1,0,sleeping,38503,276341,5811027968,16384,5800904427,1130798094
2025-05-20 03:33:13,19208,5951873024,5700861952,185.0,17.08277809873682,0,5,952.54,7.38,0.0,0.0,0.0,5701394432,0,4,3,1,0,sleeping,38503,276341,5811027968,16384,5800904427,1130798094
2025-05-20 03:33:14,19208,5951873024,5701517312,202.7,17.084741901675578,0,5,955.65,7.38,0.0,0.0,0.0,5702160384,0,4,3,1,0,sleeping,38503,276341,5811027968,16384,5800904427,1130798094
2025-05-20 03:33:16,19208,5951873024,5703090176,217.0,17.089455028728594,0,5,958.11,7.38,0.0,0.0,0.0,5703647232,0,4,3,1,0,sleeping,38503,276341,5811027968,16384,5800904427,1130798094
2025-05-20 03:33:17,19208,5951873024,5705449472,200.8,17.096524719308125,0,5,960.3,7.38,0.0,0.0,0.0,5706063872,0,5,3,1,0,sleeping,38503,276341,5811027968,16384,5800904427,1130798094
2025-05-20 03:33:18,19208,5951873024,5708595200,199.3,17.105950973414156,0,5,962.47,7.38,0.0,0.0,0.0,5709058048,0,5,3,1,0,sleeping,38503,276341,5811027968,16384,5800904427,1130798094
2025-05-20 03:33:19,19208,5951873024,5711609856,200.2,17.11498446693244,0,5,964.65,7.38,0.0,0.0,0.0,5712121856,0,5,3,1,0,sleeping,38503,276341,5811027968,16384,5800904427,1130798094
2025-05-20 03:33:20,19208,5951873024,5714493440,200.4,17.12362519986298,0,5,966.82,7.39,0.0,0.0,0.0,5715066880,0,5,3,1,0,sleeping,38503,276341,5811027968,16384,5800904427,1130798094
2025-05-20 03:33:21,19208,5951873024,5717508096,199.4,17.13265869338126,0,5,968.99,7.39,0.0,0.0,0.0,5717999616,0,5,3,1,0,sleeping,38503,276341,5811027968,16384,5800904427,1130798094
2025-05-20 03:33:22,19208,5951873024,5720522752,199.6,17.141692186899544,0,5,971.16,7.39,0.0,0.0,0.0,5721022464,0,5,3,1,0,sleeping,38503,276341,5811027968,16384,5800904427,1130798094
2025-05-20 03:33:24,19208,5951873024,5723275264,199.6,17.149940159242323,0,5,973.33,7.39,0.0,0.0,0.0,5723750400,0,5,3,1,0,sleeping,38503,276341,5811027968,16384,5800904427,1130798094
2025-05-20 03:33:25,19208,5951873024,5726289920,199.5,17.158973652760608,0,5,975.5,7.39,0.0,0.0,0.0,5726814208,0,4,3,1,0,sleeping,38503,276341,5811027968,16384,5800904427,1130798094
2025-05-20 03:33:26,19208,5951873024,5729304576,199.6,17.168007146278892,0,5,977.67,7.39,0.0,0.0,0.0,5729906688,0,4,3,1,0,sleeping,38503,276341,5811027968,16384,5800904427,1130798094
2025-05-20 03:33:27,19208,5951873024,5732319232,200.4,17.177040639797177,0,5,979.85,7.39,0.0,0.0,0.0,5732843520,0,4,3,1,0,sleeping,38503,276341,5811027968,16384,5800904427,1130798094
2025-05-20 03:33:28,19208,5951873024,5735202816,200.3,17.185681372727714,0,5,982.02,7.4,0.0,0.0,0.0,5735763968,0,3,3,1,0,sleeping,38503,276341,5811027968,16384,5800904427,1130798094
2025-05-20 03:33:29,19208,5951873024,5738086400,199.5,17.194322105658244,0,5,984.19,7.4,0.0,0.0,0.0,5738708992,0,3,3,1,0,sleeping,38503,276341,5811027968,16384,5800904427,1130798094
2025-05-20 03:33:30,19208,5951873024,5741625344,199.6,17.204926641527535,0,5,986.36,7.4,0.0,0.0,0.0,5742112768,0,3,3,1,0,sleeping,38503,276341,5811027968,16384,5800904427,1130798094
2025-05-20 03:33:31,19208,5951873024,5743050752,198.9,17.209197912919333,0,5,988.53,7.4,0.0,0.0,0.0,5743616000,0,5,4,1,0,sleeping,38503,276350,5811027968,16384,5800904427,1130798705
2025-05-20 03:33:32,19208,5951873024,5743312896,200.0,17.209983434094838,0,5,990.73,7.41,0.0,0.0,0.0,5743931392,0,5,3,1,0,sleeping,38503,276350,5811027968,16384,5800904427,1130798705
2025-05-20 03:33:33,19208,5951873024,5743575040,199.6,17.210768955270336,0,5,992.96,7.42,0.0,0.0,0.0,5744214016,0,5,4,1,0,sleeping,38503,276350,5811027968,16384,5800904427,1130798705
2025-05-20 03:33:34,19208,5951873024,5740568576,231.5,17.201760009288787,0,5,995.44,7.47,0.0,0.0,0.0,5741060096,0,4,4,1,0,sleeping,40303,290873,5827805184,16384,5815650027,1190272822
2025-05-20 03:33:36,19208,5951873024,5740830720,199.3,17.202545530464292,0,5,997.61,7.47,0.0,0.0,0.0,5741289472,0,4,4,1,0,sleeping,40303,290873,5827805184,16384,5815650027,1190272822
2025-05-20 03:33:37,19208,5951873024,5741092864,199.4,17.203331051639793,0,5,999.8,7.47,0.0,0.0,0.0,5741514752,0,4,4,1,0,sleeping,40303,290873,5827805184,16384,5815650027,1190272822
2025-05-20 03:33:38,19208,5951873024,5741223936,197.8,17.203723812227544,0,5,1002.06,7.47,0.0,0.0,0.0,5741715456,0,4,4,1,0,sleeping,40303,290873,5827805184,16384,5815650027,1190272822
2025-05-20 03:33:39,19208,5951873024,5741486080,197.4,17.20450933340305,0,5,1004.39,7.47,0.0,0.0,0.0,5741887488,0,4,4,1,0,sleeping,40303,290873,5827805184,16384,5815650027,1190272822
2025-05-20 03:33:40,19208,5951873024,5741617152,202.2,17.2049020939908,0,5,1006.69,7.47,0.0,0.0,0.0,5742002176,0,4,4,1,0,sleeping,40303,290873,5827805184,16384,5815650027,1190272822
2025-05-20 03:33:41,19208,5951873024,5741879296,201.4,17.205687615166305,0,5,1008.89,7.47,0.0,0.0,0.0,5742321664,0,4,4,1,0,sleeping,40303,290873,5827805184,16384,5815650027,1190272822
2025-05-20 03:33:42,19208,5951873024,5742141440,199.4,17.206473136341806,0,5,1011.06,7.47,0.0,0.0,0.0,5742637056,0,4,4,1,0,sleeping,40303,290873,5827805184,16384,5815650027,1190272822
2025-05-20 03:33:43,19208,5951873024,5742534656,200.4,17.207651418105062,0,5,1013.24,7.47,0.0,0.0,0.0,5742952448,0,4,4,1,0,sleeping,40303,290873,5827805184,16384,5815650027,1190272822
2025-05-20 03:33:44,19208,5951873024,5742796800,199.9,17.208436939280563,0,5,1015.42,7.47,0.0,0.0,0.0,5743276032,0,4,4,1,0,sleeping,40303,290873,5827805184,16384,5815650027,1190272822
2025-05-20 03:33:46,19208,5951873024,5743058944,199.4,17.20922246045607,0,5,1017.59,7.47,0.0,0.0,0.0,5743529984,0,4,4,1,0,sleeping,40303,290873,5827805184,16384,5815650027,1190272822
2025-05-20 03:33:47,19208,5951873024,5743321088,199.6,17.21000798163157,0,5,1019.76,7.47,0.0,0.0,0.0,5743828992,0,4,4,1,0,sleeping,40303,290873,5827805184,16384,5815650027,1190272822
2025-05-20 03:33:48,19208,5951873024,5743583232,199.7,17.21079350280707,0,5,1021.93,7.47,0.0,0.0,0.0,5744058368,0,4,4,1,0,sleeping,40303,290873,5827805184,16384,5815650027,1190272822
2025-05-20 03:33:49,19208,5951873024,5743845376,200.5,17.211579023982576,0,5,1024.11,7.47,0.0,0.0,0.0,5744328704,0,4,4,1,0,sleeping,40303,290873,5827805184,16384,5815650027,1190272822
2025-05-20 03:33:50,19208,5951873024,5744107520,199.5,17.212364545158078,0,5,1026.27,7.48,0.0,0.0,0.0,5744586752,0,4,4,1,0,sleeping,40303,290873,5827805184,16384,5815650027,1190272822
2025-05-20 03:33:51,19208,5951873024,5744500736,200.2,17.213542826921334,0,5,1028.45,7.48,0.0,0.0,0.0,5744943104,0,4,4,1,0,sleeping,40303,290873,5827805184,16384,5815650027,1190272822
2025-05-20 03:33:52,19208,5951873024,5744762880,199.8,17.214328348096835,0,5,1030.62,7.48,0.0,0.0,0.0,5745225728,0,4,4,1,0,sleeping,40303,290873,5827805184,16384,5815650027,1190272822
2025-05-20 03:33:53,19208,5951873024,5744893952,198.9,17.214721108684586,0,5,1032.78,7.48,0.0,0.0,0.0,5745483776,0,4,4,1,0,sleeping,40303,290873,5827805184,16384,5815650027,1190272822
2025-05-20 03:33:54,19208,5951873024,5745287168,199.6,17.21589939044784,0,5,1034.95,7.48,0.0,0.0,0.0,5745721344,0,5,4,1,0,sleeping,40303,290873,5827805184,16384,5815650027,1190272822
2025-05-20 03:33:55,19208,5951873024,5745811456,199.3,17.217470432798848,0,5,1037.15,7.48,0.0,0.0,0.0,5746356224,0,5,4,1,0,sleeping,40303,290887,5827805184,16384,5815650027,1190273736
2025-05-20 03:33:56,19208,5951873024,5745811456,199.6,17.217470432798848,0,5,1039.32,7.49,0.0,0.0,0.0,5746364416,0,4,3,1,0,sleeping,40303,290887,5827805184,16384,5815650027,1190273736
2025-05-20 03:33:58,19208,5951873024,5745811456,199.4,17.217470432798848,0,5,1041.51,7.49,0.0,0.0,0.0,5746388992,0,4,3,1,0,sleeping,40303,290887,5827805184,16384,5815650027,1190273736
2025-05-20 03:33:59,19208,5951873024,5741191168,235.5,17.203625622080608,0,5,1044.14,7.54,0.0,0.0,0.0,5741805568,0,3,3,1,0,sleeping,42097,305418,5840388096,16384,5830346475,1249780621
2025-05-20 03:34:00,19208,5951873024,5741322240,189.1,17.20401838266836,0,5,1046.76,7.54,0.0,0.0,0.0,5741916160,0,3,3,1,0,sleeping,42097,305418,5840388096,16384,5830346475,1249780621
2025-05-20 03:34:01,19208,5951873024,5741322240,192.8,17.20401838266836,0,5,1049.78,7.54,0.0,0.0,0.0,5741961216,0,3,3,1,0,sleeping,42097,305418,5840388096,16384,5830346475,1249780621
2025-05-20 03:34:03,19208,5951873024,5741322240,199.9,17.20401838266836,0,5,1053.0,7.54,0.0,0.0,0.0,5742002176,0,4,3,1,0,sleeping,42097,305418,5840388096,16384,5830346475,1249780621
2025-05-20 03:34:04,19208,5951873024,5741584384,197.9,17.204803903843864,0,5,1056.09,7.54,0.0,0.0,0.0,5742047232,0,4,3,1,0,sleeping,42097,305418,5840388096,16384,5830346475,1249780621
2025-05-20 03:34:06,19208,5951873024,5741584384,222.3,17.204803903843864,0,5,1058.6,7.54,0.0,0.0,0.0,5742137344,0,4,3,1,0,sleeping,42097,305418,5840388096,16384,5830346475,1249780621
2025-05-20 03:34:07,19208,5951873024,5741715456,201.5,17.205196664431615,0,5,1060.8,7.54,0.0,0.0,0.0,5742317568,0,4,3,1,0,sleeping,42097,305418,5840388096,16384,5830346475,1249780621
2025-05-20 03:34:08,19208,5951873024,5741846528,199.6,17.205589425019365,0,5,1062.97,7.54,0.0,0.0,0.0,5742501888,0,4,3,1,0,sleeping,42097,305418,5840388096,16384,5830346475,1249780621
2025-05-20 03:34:09,19208,5951873024,5742108672,199.6,17.20637494619487,0,5,1065.14,7.54,0.0,0.0,0.0,5742694400,0,4,3,1,0,sleeping,42097,305418,5840388096,16384,5830346475,1249780621
2025-05-20 03:34:10,19208,5951873024,5742239744,199.5,17.206767706782617,0,5,1067.31,7.54,0.0,0.0,0.0,5742878720,0,4,3,1,0,sleeping,42097,305418,5840388096,16384,5830346475,1249780621
2025-05-20 03:34:11,19208,5951873024,5742370816,200.6,17.20716046737037,0,5,1069.49,7.54,0.0,0.0,0.0,5743075328,0,3,3,1,0,sleeping,42097,305418,5840388096,16384,5830346475,1249780621
2025-05-20 03:34:12,19208,5951873024,5742632960,199.3,17.207945988545877,0,5,1071.66,7.54,0.0,0.0,0.0,5743259648,0,3,3,1,0,sleeping,42097,305418,5840388096,16384,5830346475,1249780621
2025-05-20 03:34:14,19208,5951873024,5742895104,199.7,17.208731509721375,0,5,1073.83,7.54,0.0,0.0,0.0,5743456256,0,3,3,1,0,sleeping,42097,305418,5840388096,16384,5830346475,1249780621
2025-05-20 03:34:15,19208,5951873024,5743026176,200.2,17.20912427030913,0,5,1076.01,7.54,0.0,0.0,0.0,5743628288,0,4,3,1,0,sleeping,42097,305418,5840388096,16384,5830346475,1249780621
2025-05-20 03:34:16,19208,5951873024,5743157248,199.5,17.20951703089688,0,5,1078.18,7.54,0.0,0.0,0.0,5743816704,0,4,3,1,0,sleeping,42097,305418,5840388096,16384,5830346475,1249780621
2025-05-20 03:34:17,19208,5951873024,5743419392,199.6,17.21030255207238,0,5,1080.35,7.54,0.0,0.0,0.0,5744005120,0,4,3,1,0,sleeping,42097,305418,5840388096,16384,5830346475,1249780621
2025-05-20 03:34:18,19208,5951873024,5743550464,200.5,17.210695312660135,0,5,1082.53,7.54,0.0,0.0,0.0,5744185344,0,4,3,1,0,sleeping,42097,305418,5840388096,16384,5830346475,1249780621
2025-05-20 03:34:19,19208,5951873024,5743812608,199.5,17.211480833835637,0,5,1084.7,7.54,0.0,0.0,0.0,5744369664,0,4,3,1,0,sleeping,42097,305418,5840388096,16384,5830346475,1249780621
2025-05-20 03:34:20,19208,5951873024,5743943680,199.6,17.211873594423388,0,5,1086.87,7.54,0.0,0.0,0.0,5744553984,0,4,3,1,0,sleeping,42097,305418,5840388096,16384,5830346475,1249780621
2025-05-20 03:34:21,19208,5951873024,5744074752,200.1,17.212266355011142,0,5,1089.05,7.54,0.0,0.0,0.0,5744738304,0,3,3,1,0,sleeping,42097,305418,5840388096,16384,5830346475,1249780621
2025-05-20 03:34:22,19208,5951873024,5744336896,199.5,17.213051876186643,0,5,1091.22,7.54,0.0,0.0,0.0,5744930816,0,3,3,1,0,sleeping,42097,305418,5840388096,16384,5830346475,1249780621
2025-05-20 03:34:23,19208,5951873024,5744467968,199.0,17.213444636774394,0,5,1093.39,7.54,0.0,0.0,0.0,5745082368,0,2,2,1,0,sleeping,42097,305427,5840388096,16384,5830346475,1249781232
2025-05-20 03:34:24,19208,5951873024,5744467968,199.8,17.213444636774394,0,5,1095.56,7.55,0.0,0.0,0.0,5745082368,0,3,2,1,0,sleeping,42097,305427,5840388096,16384,5830346475,1249781232
2025-05-20 03:34:26,19208,5951873024,5744467968,198.6,17.213444636774394,0,5,1097.72,7.56,0.0,0.0,0.0,5745082368,0,2,2,1,0,sleeping,42097,305427,5840388096,16384,5830346475,1249781232
2025-05-20 03:34:27,19208,5884764160,5725196288,227.9,17.155696556606557,0,5,1100.29,7.62,0.0,0.0,0.0,5719797760,0,4,4,1,0,sleeping,43588,319957,5852971008,16384,5842560747,1309288065
2025-05-20 03:34:28,19208,5951873024,5740531712,207.1,17.20164954537348,0,5,1102.8,7.63,0.0,0.0,0.0,5741035520,0,4,4,1,0,sleeping,43906,319958,5857165312,16384,5845165803,1309288117
2025-05-20 03:34:29,19208,5951873024,5740662784,186.9,17.202042305961236,0,5,1105.59,7.63,0.0,0.0,0.0,5741096960,0,4,4,1,0,sleeping,43906,319958,5857165312,16384,5845165803,1309288117
2025-05-20 03:34:30,19208,5951873024,5740662784,201.7,17.202042305961236,0,5,1108.67,7.63,0.0,0.0,0.0,5741137920,0,4,4,1,0,sleeping,43906,319958,5857165312,16384,5845165803,1309288117
2025-05-20 03:34:32,19208,5951873024,5740662784,215.6,17.202042305961236,0,5,1111.13,7.63,0.0,0.0,0.0,5741228032,0,4,4,1,0,sleeping,43906,319958,5857165312,16384,5845165803,1309288117
2025-05-20 03:34:33,19208,5951873024,5740793856,202.1,17.202435066548986,0,5,1113.36,7.63,0.0,0.0,0.0,5741379584,0,3,3,1,0,sleeping,43906,319958,5857165312,16384,5845165803,1309288117
2025-05-20 03:34:34,19208,5951873024,5741056000,199.5,17.203220587724488,0,5,1115.53,7.63,0.0,0.0,0.0,5741568000,0,3,3,1,0,sleeping,43906,319958,5857165312,16384,5845165803,1309288117
2025-05-20 03:34:35,19208,5951873024,5741187072,199.7,17.203613348312242,0,5,1117.7,7.63,0.0,0.0,0.0,5741760512,0,3,3,1,0,sleeping,43906,319958,5857165312,16384,5845165803,1309288117
2025-05-20 03:34:36,19208,5951873024,5741449216,200.2,17.204398869487743,0,5,1119.88,7.63,0.0,0.0,0.0,5741944832,0,3,3,1,0,sleeping,43906,319958,5857165312,16384,5845165803,1309288117
2025-05-20 03:34:37,19208,5951873024,5741580288,199.5,17.204791630075494,0,5,1122.05,7.63,0.0,0.0,0.0,5742137344,0,3,3,1,0,sleeping,43906,319958,5857165312,16384,5845165803,1309288117
2025-05-20 03:34:39,19208,5951873024,5741842432,199.6,17.205577151251,0,5,1124.22,7.63,0.0,0.0,0.0,5742321664,0,3,3,1,0,sleeping,43906,319958,5857165312,16384,5845165803,1309288117
2025-05-20 03:34:40,19208,5951873024,5741973504,200.2,17.20596991183875,0,5,1126.4,7.63,0.0,0.0,0.0,5742505984,0,3,3,1,0,sleeping,43906,319958,5857165312,16384,5845165803,1309288117
2025-05-20 03:34:41,19208,5951873024,5742104576,199.6,17.2063626724265,0,5,1128.57,7.63,0.0,0.0,0.0,5742690304,0,3,3,1,0,sleeping,43906,319958,5857165312,16384,5845165803,1309288117
2025-05-20 03:34:42,19208,5951873024,5742366720,200.1,17.207148193602002,0,5,1130.75,7.63,0.0,0.0,0.0,5742870528,0,3,3,1,0,sleeping,43906,319958,5857165312,16384,5845165803,1309288117
2025-05-20 03:34:43,19208,5951873024,5742497792,200.3,17.207540954189753,0,5,1132.93,7.63,0.0,0.0,0.0,5743054848,0,3,3,1,0,sleeping,43906,319958,5857165312,16384,5845165803,1309288117
2025-05-20 03:34:44,19208,5951873024,5742759936,199.2,17.208326475365258,0,5,1135.1,7.63,0.0,0.0,0.0,5743230976,0,3,3,1,0,sleeping,43906,319958,5857165312,16384,5845165803,1309288117
2025-05-20 03:34:45,19208,5951873024,5742891008,200.2,17.20871923595301,0,5,1137.28,7.63,0.0,0.0,0.0,5743419392,0,3,3,1,0,sleeping,43906,319958,5857165312,16384,5845165803,1309288117
2025-05-20 03:34:46,19208,5951873024,5743022080,200.3,17.20911199654076,0,5,1139.46,7.63,0.0,0.0,0.0,5743611904,0,3,3,1,0,sleeping,43906,319958,5857165312,16384,5845165803,1309288117
2025-05-20 03:34:47,19208,5951873024,5743284224,199.3,17.209897517716264,0,5,1141.63,7.63,0.0,0.0,0.0,5743792128,0,3,3,1,0,sleeping,43906,319958,5857165312,16384,5845165803,1309288117
2025-05-20 03:34:48,19208,5951873024,5743415296,200.4,17.210290278304015,0,5,1143.81,7.63,0.0,0.0,0.0,5743984640,0,3,3,1,0,sleeping,43906,319958,5857165312,16384,5845165803,1309288117
2025-05-20 03:34:49,19208,5951873024,5743677440,197.7,17.21107579947952,0,5,1145.97,7.63,0.0,0.0,0.0,5744259072,0,4,4,1,0,sleeping,43906,319972,5857165312,16384,5845165803,1309289030
2025-05-20 03:34:51,19208,5951873024,5743677440,198.0,17.21107579947952,0,5,1148.2,7.63,0.0,0.0,0.0,5744259072,0,4,4,1,0,sleeping,43906,319972,5857165312,16384,5845165803,1309289030
2025-05-20 03:34:52,19208,5951873024,5743677440,192.9,17.21107579947952,0,5,1150.6,7.64,0.0,0.0,0.0,5744259072,0,4,4,1,0,sleeping,43906,319972,5857165312,16384,5845165803,1309289030
2025-05-20 03:34:53,19208,5951873024,5743677440,189.1,17.21107579947952,0,5,1153.47,7.65,0.0,0.0,0.0,5744259072,0,4,4,1,0,sleeping,43906,319972,5857165312,16384,5845165803,1309289030
2025-05-20 03:34:54,19208,5951873024,5743677440,198.3,17.21107579947952,0,5,1156.81,7.65,0.0,0.0,0.0,5744259072,0,4,4,1,0,sleeping,43906,319972,5857165312,16384,5845165803,1309289030
2025-05-20 03:34:56,19208,5951873024,5743677440,199.7,17.21107579947952,0,5,1159.92,7.65,0.0,0.0,0.0,5744259072,0,4,4,1,0,sleeping,43906,319972,5857165312,16384,5845165803,1309289030
2025-05-20 03:34:58,19208,5951873024,5743677440,220.6,17.21107579947952,0,5,1162.38,7.66,0.0,0.0,0.0,5744259072,0,4,4,1,0,sleeping,43906,319972,5857165312,16384,5845165803,1309289030
2025-05-20 03:34:59,19208,5951873024,5740363776,229.7,17.201146320870425,0,5,1164.89,7.7,0.0,0.0,0.0,5741010944,0,5,3,1,0,sleeping,45715,334504,5869748224,16384,5859985131,1368800011
2025-05-20 03:35:00,19208,5951873024,5740494848,198.6,17.20153908145818,0,5,1167.06,7.7,0.0,0.0,0.0,5741191168,0,4,3,1,0,sleeping,45715,334504,5869748224,16384,5859985131,1368800011
2025-05-20 03:35:01,19208,5951873024,5740888064,200.5,17.20271736322143,0,5,1169.24,7.7,0.0,0.0,0.0,5741371392,0,4,3,1,0,sleeping,45715,334504,5869748224,16384,5859985131,1368800011
2025-05-20 03:35:02,19208,5951873024,5741019136,200.4,17.203110123809186,0,5,1171.42,7.7,0.0,0.0,0.0,5741559808,0,4,3,1,0,sleeping,45715,334504,5869748224,16384,5859985131,1368800011
2025-05-20 03:35:03,19208,5951873024,5741150208,199.4,17.203502884396933,0,5,1173.59,7.7,0.0,0.0,0.0,5741744128,0,4,3,1,0,sleeping,45715,334504,5869748224,16384,5859985131,1368800011
2025-05-20 03:35:04,19208,5951873024,5741281280,199.4,17.203895644984687,0,5,1175.76,7.7,0.0,0.0,0.0,5741936640,0,5,3,1,0,sleeping,45715,334504,5869748224,16384,5859985131,1368800011
2025-05-20 03:35:05,19208,5951873024,5741543424,199.5,17.204681166160192,0,5,1177.93,7.7,0.0,0.0,0.0,5742112768,0,5,3,1,0,sleeping,45715,334504,5869748224,16384,5859985131,1368800011
2025-05-20 03:35:06,19208,5951873024,5741805568,199.3,17.205466687335694,0,5,1180.1,7.7,0.0,0.0,0.0,5742301184,0,4,3,1,0,sleeping,45715,334504,5869748224,16384,5859985131,1368800011
2025-05-20 03:35:08,19208,5951873024,5741936640,199.8,17.205859447923444,0,5,1182.28,7.7,0.0,0.0,0.0,5742501888,0,4,3,1,0,sleeping,45715,334504,5869748224,16384,5859985131,1368800011
2025-05-20 03:35:09,19208,5951873024,5742198784,200.0,17.206644969098946,0,5,1184.45,7.71,0.0,0.0,0.0,5742682112,0,4,3,1,0,sleeping,45715,334504,5869748224,16384,5859985131,1368800011
2025-05-20 03:35:10,19208,5951873024,5742329856,199.6,17.207037729686697,0,5,1186.62,7.71,0.0,0.0,0.0,5742870528,0,4,3,1,0,sleeping,45715,334504,5869748224,16384,5859985131,1368800011
2025-05-20 03:35:11,19208,5951873024,5742460928,200.5,17.20743049027445,0,5,1188.8,7.71,0.0,0.0,0.0,5743058944,0,4,3,1,0,sleeping,45715,334504,5869748224,16384,5859985131,1368800011
2025-05-20 03:35:12,19208,5951873024,5742592000,199.5,17.2078232508622,0,5,1190.97,7.71,0.0,0.0,0.0,5743239168,0,4,3,1,0,sleeping,45715,334504,5869748224,16384,5859985131,1368800011
2025-05-20 03:35:13,19208,5951873024,5742854144,199.6,17.208608772037703,0,5,1193.14,7.71,0.0,0.0,0.0,5743431680,0,4,3,1,0,sleeping,45715,334504,5869748224,16384,5859985131,1368800011
2025-05-20 03:35:14,19208,5951873024,5743116288,199.5,17.209394293213208,0,5,1195.31,7.71,0.0,0.0,0.0,5743620096,0,4,3,1,0,sleeping,45715,334504,5869748224,16384,5859985131,1368800011
2025-05-20 03:35:15,19208,5951873024,5743247360,200.3,17.20978705380096,0,5,1197.49,7.71,0.0,0.0,0.0,5743808512,0,4,3,1,0,sleeping,45715,334504,5869748224,16384,5859985131,1368800011
2025-05-20 03:35:16,19208,5951873024,5743509504,199.7,17.210572574976464,0,5,1199.66,7.71,0.0,0.0,0.0,5743996928,0,4,3,1,0,sleeping,45715,334504,5869748224,16384,5859985131,1368800011
2025-05-20 03:35:17,19208,5951873024,5744427008,199.5,17.213321899090722,0,5,1201.83,7.71,0.0,0.0,0.0,5745008640,0,4,3,1,0,sleeping,45715,334504,5869748224,16384,5859985131,1368800011
2025-05-20 03:35:18,19208,5951873024,5744951296,199.5,17.21489294144173,0,5,1204.01,7.71,0.0,0.0,0.0,5745545216,0,4,2,1,0,sleeping,45715,334518,5869748224,16384,5859985131,1368800923
2025-05-20 03:35:20,19208,5951873024,5744951296,199.5,17.21489294144173,0,5,1206.19,7.71,0.0,0.0,0.0,5745545216,0,4,2,1,0,sleeping,45715,334518,5869748224,16384,5859985131,1368800923
2025-05-20 03:35:21,19208,5951873024,5744951296,199.7,17.21489294144173,0,5,1208.41,7.71,0.0,0.0,0.0,5745549312,0,4,2,1,0,sleeping,45715,334518,5869748224,16384,5859985131,1368800923
2025-05-20 03:35:22,19208,5951873024,5741981696,234.4,17.205994459375486,0,5,1210.92,7.76,0.0,0.0,0.0,5742432256,0,4,3,1,0,sleeping,47529,349052,5886525440,16384,5874845419,1428320096
2025-05-20 03:35:23,19208,5951873024,5742243840,199.9,17.206779980550987,0,5,1213.1,7.76,0.0,0.0,0.0,5742641152,0,4,3,1,0,sleeping,47529,349052,5886525440,16384,5874845419,1428320096
2025-05-20 03:35:24,19208,5951873024,5742374912,199.4,17.207172741138738,0,5,1215.27,7.76,0.0,0.0,0.0,5742825472,0,4,3,1,0,sleeping,47529,349052,5886525440,16384,5874845419,1428320096
2025-05-20 03:35:25,19208,5951873024,5742505984,199.3,17.207565501726492,0,5,1217.46,7.76,0.0,0.0,0.0,5743001600,0,4,3,1,0,sleeping,47529,349052,5886525440,16384,5874845419,1428320096
2025-05-20 03:35:26,19208,5951873024,5742637056,196.8,17.20795826231424,0,5,1219.73,7.76,0.0,0.0,0.0,5743132672,0,4,3,1,0,sleeping,47529,349052,5886525440,16384,5874845419,1428320096
2025-05-20 03:35:27,19208,5951873024,5742768128,185.9,17.208351022901994,0,5,1222.36,7.76,0.0,0.0,0.0,5743218688,0,4,3,1,0,sleeping,47529,349052,5886525440,16384,5874845419,1428320096
2025-05-20 03:35:29,19208,5951873024,5742768128,196.9,17.208351022901994,0,5,1225.42,7.77,0.0,0.0,0.0,5743263744,0,4,3,1,0,sleeping,47529,349052,5886525440,16384,5874845419,1428320096
2025-05-20 03:35:30,19208,5951873024,5742768128,199.1,17.208351022901994,0,5,1228.53,7.77,0.0,0.0,0.0,5743308800,0,4,3,1,0,sleeping,47529,349052,5886525440,16384,5874845419,1428320096
2025-05-20 03:35:32,19208,5951873024,5742768128,207.6,17.208351022901994,0,5,1231.58,7.77,0.0,0.0,0.0,5743349760,0,3,2,1,0,sleeping,47529,349052,5886525440,16384,5874845419,1428320096
2025-05-20 03:35:33,19208,5951873024,5742899200,209.9,17.208743783489744,0,5,1233.9,7.77,0.0,0.0,0.0,5743464448,0,3,2,1,0,sleeping,47529,349052,5886525440,16384,5874845419,1428320096
2025-05-20 03:35:34,19208,5951873024,5743030272,200.5,17.209136544077495,0,5,1236.08,7.77,0.0,0.0,0.0,5743632384,0,3,2,1,0,sleeping,47529,349052,5886525440,16384,5874845419,1428320096
2025-05-20 03:35:35,19208,5951873024,5743161344,199.7,17.209529304665246,0,5,1238.25,7.77,0.0,0.0,0.0,5743816704,0,3,2,1,0,sleeping,47529,349052,5886525440,16384,5874845419,1428320096
2025-05-20 03:35:37,19208,5951873024,5743292416,199.6,17.209922065253,0,5,1240.42,7.77,0.0,0.0,0.0,5744001024,0,3,2,1,0,sleeping,47529,349052,5886525440,16384,5874845419,1428320096
2025-05-20 03:35:38,19208,5951873024,5743423488,199.6,17.21031482584075,0,5,1242.59,7.77,0.0,0.0,0.0,5744185344,0,3,2,1,0,sleeping,47529,349052,5886525440,16384,5874845419,1428320096
2025-05-20 03:35:39,19208,5951873024,5743685632,199.4,17.211100347016252,0,5,1244.76,7.77,0.0,0.0,0.0,5744365568,0,3,2,1,0,sleeping,47529,349052,5886525440,16384,5874845419,1428320096
2025-05-20 03:35:40,19208,5951873024,5743816704,199.5,17.211493107604003,0,5,1246.93,7.77,0.0,0.0,0.0,5744558080,0,3,2,1,0,sleeping,47529,349052,5886525440,16384,5874845419,1428320096
2025-05-20 03:35:41,19208,5951873024,5743947776,200.3,17.211885868191757,0,5,1249.11,7.77,0.0,0.0,0.0,5744742400,0,3,2,1,0,sleeping,47529,349052,5886525440,16384,5874845419,1428320096
2025-05-20 03:35:42,19208,5951873024,5744209920,199.5,17.21267138936726,0,5,1251.28,7.77,0.0,0.0,0.0,5744930816,0,3,2,1,0,sleeping,47529,349052,5886525440,16384,5874845419,1428320096
2025-05-20 03:35:43,19208,5951873024,5744340992,199.7,17.21306414995501,0,5,1253.45,7.77,0.0,0.0,0.0,5745119232,0,3,2,1,0,sleeping,47529,349052,5886525440,16384,5874845419,1428320096
2025-05-20 03:35:44,19208,5951873024,5744603136,200.2,17.213849671130514,0,5,1255.63,7.77,0.0,0.0,0.0,5745303552,0,3,2,1,0,sleeping,47529,349052,5886525440,16384,5874845419,1428320096
2025-05-20 03:35:45,19208,5951873024,5744734208,199.7,17.214242431718265,0,5,1257.79,7.78,0.0,0.0,0.0,5745483776,0,3,2,1,0,sleeping,47529,349052,5886525440,16384,5874845419,1428320096
2025-05-20 03:35:46,19208,5951873024,5745913856,198.8,17.21777727700803,0,5,1259.96,7.78,0.0,0.0,0.0,5746642944,0,3,2,1,0,sleeping,47529,349066,5886525440,16384,5874845419,1428321010
2025-05-20 03:35:47,19208,5951873024,5745913856,200.6,17.21777727700803,0,5,1262.15,7.78,0.0,0.0,0.0,5746642944,0,3,2,1,0,sleeping,47529,349066,5886525440,16384,5874845419,1428321010
2025-05-20 03:35:49,19208,5951873024,5745913856,199.6,17.21777727700803,0,5,1264.39,7.78,0.0,0.0,0.0,5746642944,0,3,2,1,0,sleeping,47529,349066,5886525440,16384,5874845419,1428321010
2025-05-20 03:35:50,19208,5951873024,5742899200,230.7,17.208743783489744,0,5,1266.89,7.8,0.0,0.0,0.0,5743452160,0,4,4,1,0,sleeping,49348,363588,5903302656,16384,5889746667,1487791031
2025-05-20 03:35:51,19208,5951873024,5743030272,199.5,17.209136544077495,0,5,1269.06,7.8,0.0,0.0,0.0,5743652864,0,4,4,1,0,sleeping,49348,363588,5903302656,16384,5889746667,1487791031
2025-05-20 03:35:52,19208,5951873024,5743161344,199.7,17.209529304665246,0,5,1271.23,7.8,0.0,0.0,0.0,5743828992,0,4,4,1,0,sleeping,49348,363588,5903302656,16384,5889746667,1487791031
2025-05-20 03:35:53,19208,5951873024,5743423488,200.1,17.21031482584075,0,5,1273.41,7.8,0.0,0.0,0.0,5744009216,0,4,4,1,0,sleeping,49348,363588,5903302656,16384,5889746667,1487791031
2025-05-20 03:35:54,19208,5951873024,5743685632,199.7,17.211100347016252,0,5,1275.58,7.8,0.0,0.0,0.0,5744189440,0,4,4,1,0,sleeping,49348,363588,5903302656,16384,5889746667,1487791031
2025-05-20 03:35:55,19208,5951873024,5743816704,199.5,17.211493107604003,0,5,1277.75,7.8,0.0,0.0,0.0,5744381952,0,4,4,1,0,sleeping,49348,363588,5903302656,16384,5889746667,1487791031
2025-05-20 03:35:56,19208,5951873024,5743947776,199.5,17.211885868191757,0,5,1279.92,7.8,0.0,0.0,0.0,5744566272,0,4,4,1,0,sleeping,49348,363588,5903302656,16384,5889746667,1487791031
2025-05-20 03:35:57,19208,5951873024,5744078848,200.4,17.212278628779508,0,5,1282.1,7.8,0.0,0.0,0.0,5744750592,0,4,4,1,0,sleeping,49348,363588,5903302656,16384,5889746667,1487791031
2025-05-20 03:35:58,19208,5951873024,5744340992,199.5,17.21306414995501,0,5,1284.27,7.8,0.0,0.0,0.0,5744934912,0,4,4,1,0,sleeping,49348,363588,5903302656,16384,5889746667,1487791031
2025-05-20 03:35:59,19208,5951873024,5744472064,199.6,17.213456910542764,0,5,1286.44,7.8,0.0,0.0,0.0,5745115136,0,4,4,1,0,sleeping,49348,363588,5903302656,16384,5889746667,1487791031
2025-05-20 03:36:01,19208,5951873024,5744734208,198.9,17.214242431718265,0,5,1288.67,7.8,0.0,0.0,0.0,5745283072,0,4,4,1,0,sleeping,49348,363588,5903302656,16384,5889746667,1487791031
2025-05-20 03:36:02,19208,5951873024,5744734208,195.7,17.214242431718265,0,5,1291.01,7.8,0.0,0.0,0.0,5745414144,0,4,4,1,0,sleeping,49348,363588,5903302656,16384,5889746667,1487791031
2025-05-20 03:36:03,19208,5951873024,5744865280,185.9,17.214635192306016,0,5,1293.87,7.8,0.0,0.0,0.0,5745475584,0,4,4,1,0,sleeping,49348,363588,5903302656,16384,5889746667,1487791031
2025-05-20 03:36:04,19208,5951873024,5744865280,202.5,17.214635192306016,0,5,1296.95,7.8,0.0,0.0,0.0,5745516544,0,4,4,1,0,sleeping,49348,363588,5903302656,16384,5889746667,1487791031
2025-05-20 03:36:06,19208,5951873024,5744996352,217.1,17.21502795289377,0,5,1299.4,7.8,0.0,0.0,0.0,5745606656,0,4,4,1,0,sleeping,49348,363588,5903302656,16384,5889746667,1487791031
2025-05-20 03:36:07,19208,5951873024,5745127424,200.9,17.215420713481517,0,5,1301.59,7.8,0.0,0.0,0.0,5745770496,0,4,4,1,0,sleeping,49348,363588,5903302656,16384,5889746667,1487791031
2025-05-20 03:36:08,19208,5951873024,5745258496,199.3,17.21581347406927,0,5,1303.76,7.8,0.0,0.0,0.0,5745946624,0,4,4,1,0,sleeping,49348,363588,5903302656,16384,5889746667,1487791031
2025-05-20 03:36:09,19208,5951873024,5745520640,199.8,17.216598995244777,0,5,1305.93,7.8,0.0,0.0,0.0,5746135040,0,4,4,1,0,sleeping,49348,363588,5903302656,16384,5889746667,1487791031
2025-05-20 03:36:10,19208,5951873024,5745651712,199.4,17.216991755832524,0,5,1308.1,7.8,0.0,0.0,0.0,5746307072,0,4,4,1,0,sleeping,49348,363588,5903302656,16384,5889746667,1487791031
2025-05-20 03:36:11,19208,5951873024,5745782784,200.6,17.217384516420278,0,5,1310.28,7.8,0.0,0.0,0.0,5746495488,0,4,4,1,0,sleeping,49348,363588,5903302656,16384,5889746667,1487791031
2025-05-20 03:36:12,19208,5951873024,5747617792,198.7,17.2228831646488,0,5,1312.47,7.8,0.0,0.0,0.0,5748264960,0,5,4,1,0,sleeping,49348,363597,5903302656,16384,5889746667,1487791642
2025-05-20 03:36:14,19208,5951873024,5747789824,198.6,17.22339866292022,0,5,1314.64,7.8,0.0,0.0,0.0,5748350976,0,4,3,1,0,sleeping,49348,363597,5903302656,16384,5889746667,1487791642
2025-05-20 03:36:15,19208,5951873024,5747789824,200.7,17.22339866292022,0,5,1316.82,7.81,0.0,0.0,0.0,5748350976,0,4,3,1,0,sleeping,49348,363597,5903302656,16384,5889746667,1487791642
2025-05-20 03:36:16,19208,5884764160,5716103168,217.4,17.12884155141905,0,5,1319.24,7.84,0.0,0.0,0.0,5712363520,0,5,4,1,0,sleeping,50459,378133,5911691264,16384,5898847979,1547323051
2025-05-20 03:36:17,19208,5951873024,5744676864,215.7,17.214070598961122,0,5,1321.56,7.87,0.0,0.0,0.0,5745229824,0,5,4,1,0,sleeping,51178,378134,5915885568,16384,5904738027,1547323103
2025-05-20 03:36:18,19208,5951873024,5744939008,199.5,17.214856120136627,0,5,1323.74,7.87,0.0,0.0,0.0,5745418240,0,5,4,1,0,sleeping,51178,378134,5915885568,16384,5904738027,1547323103
2025-05-20 03:36:19,19208,5951873024,5745070080,199.4,17.215248880724378,0,5,1325.91,7.87,0.0,0.0,0.0,5745594368,0,4,4,1,0,sleeping,51178,378134,5915885568,16384,5904738027,1547323103
2025-05-20 03:36:20,19208,5951873024,5745201152,200.3,17.21564164131213,0,5,1328.09,7.87,0.0,0.0,0.0,5745786880,0,4,4,1,0,sleeping,51178,378134,5915885568,16384,5904738027,1547323103
2025-05-20 03:36:21,19208,5951873024,5745463296,200.2,17.216427162487633,0,5,1330.27,7.87,0.0,0.0,0.0,5745967104,0,4,4,1,0,sleeping,51178,378134,5915885568,16384,5904738027,1547323103
2025-05-20 03:36:22,19208,5951873024,5745594368,199.2,17.216819923075384,0,5,1332.44,7.87,0.0,0.0,0.0,5746151424,0,4,4,1,0,sleeping,51178,378134,5915885568,16384,5904738027,1547323103
2025-05-20 03:36:23,19208,5951873024,5745725440,200.5,17.217212683663135,0,5,1334.62,7.87,0.0,0.0,0.0,5746331648,0,4,4,1,0,sleeping,51178,378134,5915885568,16384,5904738027,1547323103
2025-05-20 03:36:24,19208,5951873024,5745987584,199.6,17.21799820483864,0,5,1336.79,7.87,0.0,0.0,0.0,5746532352,0,4,4,1,0,sleeping,51178,378134,5915885568,16384,5904738027,1547323103
2025-05-20 03:36:26,19208,5951873024,5746118656,198.6,17.218390965426387,0,5,1338.95,7.87,0.0,0.0,0.0,5746708480,0,4,4,1,0,sleeping,51178,378134,5915885568,16384,5904738027,1547323103
2025-05-20 03:36:27,19208,5951873024,5746249728,200.5,17.21878372601414,0,5,1341.12,7.88,0.0,0.0,0.0,5746888704,0,4,4,1,0,sleeping,51178,378134,5915885568,16384,5904738027,1547323103
2025-05-20 03:36:28,19208,5951873024,5746511872,199.8,17.219569247189646,0,5,1343.33,7.88,0.0,0.0,0.0,5747073024,0,4,4,1,0,sleeping,51178,378134,5915885568,16384,5904738027,1547323103
2025-05-20 03:36:29,19208,5951873024,5746642944,195.5,17.219962007777394,0,5,1345.63,7.88,0.0,0.0,0.0,5747208192,0,4,4,1,0,sleeping,51178,378134,5915885568,16384,5904738027,1547323103
2025-05-20 03:36:30,19208,5951873024,5746642944,187.2,17.219962007777394,0,5,1348.33,7.88,0.0,0.0,0.0,5747273728,0,5,4,1,0,sleeping,51178,378134,5915885568,16384,5904738027,1547323103
2025-05-20 03:36:32,19208,5951873024,5746642944,194.9,17.219962007777394,0,5,1351.49,7.88,0.0,0.0,0.0,5747314688,0,5,4,1,0,sleeping,51178,378134,5915885568,16384,5904738027,1547323103
2025-05-20 03:36:33,19208,5951873024,5746642944,222.2,17.219962007777394,0,5,1354.04,7.88,0.0,0.0,0.0,5747388416,0,5,4,1,0,sleeping,51178,378134,5915885568,16384,5904738027,1547323103
2025-05-20 03:36:34,19208,5951873024,5746905088,202.6,17.2207475289529,0,5,1356.25,7.88,0.0,0.0,0.0,5747548160,0,5,4,1,0,sleeping,51178,378134,5915885568,16384,5904738027,1547323103
2025-05-20 03:36:35,19208,5951873024,5747036160,199.6,17.221140289540653,0,5,1358.42,7.88,0.0,0.0,0.0,5747728384,0,5,4,1,0,sleeping,51178,378134,5915885568,16384,5904738027,1547323103
2025-05-20 03:36:36,19208,5951873024,5747167232,198.8,17.2215330501284,0,5,1360.58,7.88,0.0,0.0,0.0,5747916800,0,5,4,1,0,sleeping,51178,378134,5915885568,16384,5904738027,1547323103
2025-05-20 03:36:38,19208,5951873024,5747429376,200.6,17.222318571303905,0,5,1362.76,7.88,0.0,0.0,0.0,5748092928,0,5,4,1,0,sleeping,51178,378134,5915885568,16384,5904738027,1547323103
2025-05-20 03:36:39,19208,5951873024,5747560448,199.6,17.222711331891656,0,5,1364.93,7.88,0.0,0.0,0.0,5748269056,0,5,4,1,0,sleeping,51178,378134,5915885568,16384,5904738027,1547323103
2025-05-20 03:36:40,19208,5951873024,5747560448,199.2,17.222711331891656,0,5,1367.11,7.89,0.0,0.0,0.0,5748350976,0,5,4,1,0,sleeping,51178,378148,5915885568,16384,5904738027,1547324017
2025-05-20 03:36:41,19208,5951873024,5747560448,199.7,17.222711331891656,0,5,1369.29,7.89,0.0,0.0,0.0,5748350976,0,4,4,1,0,sleeping,51178,378148,5915885568,16384,5904738027,1547324017
2025-05-20 03:36:42,19208,5951873024,5747560448,199.6,17.222711331891656,0,5,1371.47,7.89,0.0,0.0,0.0,5748350976,0,4,4,1,0,sleeping,51178,378148,5915885568,16384,5904738027,1547324017
2025-05-20 03:36:43,19208,5951873024,5742800896,230.3,17.20844921304893,0,5,1374.01,7.93,0.0,0.0,0.0,5743439872,0,4,4,1,0,sleeping,53001,392684,5932662784,16384,5919672043,1606851382
2025-05-20 03:36:44,19208,5951873024,5743063040,199.4,17.20923473422443,0,5,1376.18,7.93,0.0,0.0,0.0,5743628288,0,4,4,1,0,sleeping,53001,392684,5932662784,16384,5919672043,1606851382
2025-05-20 03:36:45,19208,5951873024,5743194112,199.7,17.209627494812185,0,5,1378.35,7.93,0.0,0.0,0.0,5743820800,0,4,4,1,0,sleeping,53001,392684,5932662784,16384,5919672043,1606851382
2025-05-20 03:36:46,19208,5951873024,5743325184,199.4,17.210020255399936,0,5,1380.52,7.93,0.0,0.0,0.0,5744005120,0,4,4,1,0,sleeping,53001,392684,5932662784,16384,5919672043,1606851382
2025-05-20 03:36:47,19208,5951873024,5743456256,200.4,17.210413015987687,0,5,1382.7,7.93,0.0,0.0,0.0,5744189440,0,4,4,1,0,sleeping,53001,392684,5932662784,16384,5919672043,1606851382
2025-05-20 03:36:48,19208,5951873024,5743718400,199.4,17.21119853716319,0,5,1384.87,7.93,0.0,0.0,0.0,5744373760,0,4,4,1,0,sleeping,53001,392684,5932662784,16384,5919672043,1606851382
2025-05-20 03:36:50,19208,5951873024,5743849472,200.5,17.211591297750942,0,5,1387.08,7.93,0.0,0.0,0.0,5744558080,0,4,3,1,0,sleeping,53001,392684,5932662784,16384,5919672043,1606851382
2025-05-20 03:36:51,19208,5951873024,5743980544,199.5,17.211984058338693,0,5,1389.25,7.93,0.0,0.0,0.0,5744746496,0,4,3,1,0,sleeping,53001,392684,5932662784,16384,5919672043,1606851382
2025-05-20 03:36:52,19208,5951873024,5744242688,199.6,17.212769579514198,0,5,1391.42,7.93,0.0,0.0,0.0,5744926720,0,4,3,1,0,sleeping,53001,392684,5932662784,16384,5919672043,1606851382
2025-05-20 03:36:53,19208,5951873024,5744504832,200.1,17.2135551006897,0,5,1393.6,7.93,0.0,0.0,0.0,5745119232,0,4,3,1,0,sleeping,53001,392684,5932662784,16384,5919672043,1606851382
2025-05-20 03:36:54,19208,5951873024,5744635904,199.4,17.21394786127745,0,5,1395.77,7.93,0.0,0.0,0.0,5745303552,0,4,3,1,0,sleeping,53001,392684,5932662784,16384,5919672043,1606851382
2025-05-20 03:36:55,19208,5951873024,5744898048,199.5,17.214733382452955,0,5,1397.94,7.93,0.0,0.0,0.0,5745496064,0,4,3,1,0,sleeping,53001,392684,5932662784,16384,5919672043,1606851382
2025-05-20 03:36:56,19208,5951873024,5745029120,200.1,17.215126143040706,0,5,1400.12,7.93,0.0,0.0,0.0,5745684480,0,4,3,1,0,sleeping,53001,392684,5932662784,16384,5919672043,1606851382
2025-05-20 03:36:57,19208,5951873024,5745160192,198.5,17.215518903628457,0,5,1402.32,7.93,0.0,0.0,0.0,5745864704,0,4,3,1,0,sleeping,53001,392684,5932662784,16384,5919672043,1606851382
2025-05-20 03:36:58,19208,5951873024,5745291264,195.0,17.215911664216208,0,5,1404.64,7.93,0.0,0.0,0.0,5745999872,0,4,3,1,0,sleeping,53001,392684,5932662784,16384,5919672043,1606851382
2025-05-20 03:36:59,19208,5951873024,5745291264,186.7,17.215911664216208,0,5,1407.51,7.93,0.0,0.0,0.0,5746065408,0,4,3,1,0,sleeping,53001,392684,5932662784,16384,5919672043,1606851382
2025-05-20 03:37:01,19208,5951873024,5745422336,198.8,17.216304424803962,0,5,1410.62,7.93,0.0,0.0,0.0,5746106368,0,4,3,1,0,sleeping,53001,392684,5932662784,16384,5919672043,1606851382
2025-05-20 03:37:03,19208,5951873024,5745422336,207.3,17.216304424803962,0,5,1413.7,7.93,0.0,0.0,0.0,5746147328,0,3,3,1,0,sleeping,53001,392684,5932662784,16384,5919672043,1606851382
2025-05-20 03:37:04,19208,5951873024,5745553408,211.1,17.21669718539171,0,5,1416.03,7.93,0.0,0.0,0.0,5746253824,0,3,3,1,0,sleeping,53001,392684,5932662784,16384,5919672043,1606851382
2025-05-20 03:37:05,19208,5951873024,5745684480,201.1,17.217089945979463,0,5,1418.22,7.93,0.0,0.0,0.0,5746429952,0,3,3,1,0,sleeping,53001,392684,5932662784,16384,5919672043,1606851382
2025-05-20 03:37:06,19208,5951873024,5746208768,198.6,17.21866098833047,0,5,1420.39,7.93,0.0,0.0,0.0,5746999296,0,4,3,1,0,sleeping,53001,392693,5932662784,16384,5919672043,1606851993
2025-05-20 03:37:07,19208,5951873024,5746208768,199.9,17.21866098833047,0,5,1422.57,7.93,0.0,0.0,0.0,5746999296,0,4,3,1,0,sleeping,53001,392693,5932662784,16384,5919672043,1606851993
2025-05-20 03:37:08,19208,5951873024,5746208768,199.9,17.21866098833047,0,5,1424.75,7.93,0.0,0.0,0.0,5746999296,0,4,3,1,0,sleeping,53001,392693,5932662784,16384,5919672043,1606851993
2025-05-20 03:37:10,19208,5884764160,5718855680,218.4,17.13708952376183,0,5,1427.12,7.98,0.0,0.0,0.0,5712199680,0,4,3,1,0,sleeping,54232,407224,5941051392,16384,5929756395,1666362922
2025-05-20 03:37:11,19208,5951873024,5743235072,212.5,17.209750232495857,0,5,1429.46,7.99,0.0,0.0,0.0,5743910912,0,4,3,1,0,sleeping,54818,407225,5945245696,16384,5934556907,1666362974
2025-05-20 03:37:12,19208,5951873024,5743497216,200.6,17.210535753671362,0,5,1431.64,7.99,0.0,0.0,0.0,5744099328,0,4,3,1,0,sleeping,54818,407225,5945245696,16384,5934556907,1666362974
2025-05-20 03:37:13,19208,5951873024,5743628288,198.4,17.21092851425911,0,5,1433.8,7.99,0.0,0.0,0.0,5744291840,0,4,3,1,0,sleeping,54818,407225,5945245696,16384,5934556907,1666362974
2025-05-20 03:37:14,19208,5951873024,5743890432,200.3,17.211714035434614,0,5,1435.98,7.99,0.0,0.0,0.0,5744480256,0,4,3,1,0,sleeping,54818,407225,5945245696,16384,5934556907,1666362974
2025-05-20 03:37:15,19208,5951873024,5744021504,199.6,17.21210679602237,0,5,1438.15,7.99,0.0,0.0,0.0,5744664576,0,3,3,1,0,sleeping,54818,407225,5945245696,16384,5934556907,1666362974
2025-05-20 03:37:16,19208,5951873024,5744283648,199.5,17.21289231719787,0,5,1440.32,7.99,0.0,0.0,0.0,5744848896,0,3,3,1,0,sleeping,54818,407225,5945245696,16384,5934556907,1666362974
2025-05-20 03:37:17,19208,5951873024,5744414720,200.5,17.21328507778562,0,5,1442.49,8.0,0.0,0.0,0.0,5745037312,0,3,3,1,0,sleeping,54818,407225,5945245696,16384,5934556907,1666362974
2025-05-20 03:37:18,19208,5951873024,5744545792,200.5,17.21367783837337,0,5,1444.67,8.0,0.0,0.0,0.0,5745225728,0,3,3,1,0,sleeping,54818,407225,5945245696,16384,5934556907,1666362974
2025-05-20 03:37:19,19208,5951873024,5744807936,199.6,17.214463359548876,0,5,1446.84,8.0,0.0,0.0,0.0,5745414144,0,3,3,1,0,sleeping,54818,407225,5945245696,16384,5934556907,1666362974
2025-05-20 03:37:20,19208,5951873024,5744939008,199.3,17.214856120136627,0,5,1449.01,8.0,0.0,0.0,0.0,5745590272,0,3,3,1,0,sleeping,54818,407225,5945245696,16384,5934556907,1666362974
2025-05-20 03:37:22,19208,5951873024,5745070080,199.9,17.215248880724378,0,5,1451.19,8.0,0.0,0.0,0.0,5745766400,0,3,3,1,0,sleeping,54818,407225,5945245696,16384,5934556907,1666362974
2025-05-20 03:37:23,19208,5951873024,5745332224,199.5,17.216034401899883,0,5,1453.36,8.0,0.0,0.0,0.0,5745946624,0,3,3,1,0,sleeping,54818,407225,5945245696,16384,5934556907,1666362974
2025-05-20 03:37:24,19208,5951873024,5745463296,200.1,17.216427162487633,0,5,1455.54,8.0,0.0,0.0,0.0,5746139136,0,3,3,1,0,sleeping,54818,407225,5945245696,16384,5934556907,1666362974
2025-05-20 03:37:25,19208,5951873024,5745594368,197.6,17.216819923075384,0,5,1457.76,8.0,0.0,0.0,0.0,5746286592,0,3,2,1,0,sleeping,54818,407225,5945245696,16384,5934556907,1666362974
2025-05-20 03:37:26,19208,5951873024,5745725440,193.1,17.217212683663135,0,5,1460.18,8.0,0.0,0.0,0.0,5746401280,0,3,2,1,0,sleeping,54818,407225,5945245696,16384,5934556907,1666362974
2025-05-20 03:37:27,19208,5951873024,5745725440,188.1,17.217212683663135,0,5,1463.08,8.0,0.0,0.0,0.0,5746462720,0,3,2,1,0,sleeping,54818,407225,5945245696,16384,5934556907,1666362974
2025-05-20 03:37:29,19208,5951873024,5745725440,199.7,17.217212683663135,0,5,1466.18,8.0,0.0,0.0,0.0,5746507776,0,2,2,1,0,sleeping,54818,407225,5945245696,16384,5934556907,1666362974
2025-05-20 03:37:30,19208,5951873024,5745725440,217.5,17.217212683663135,0,5,1468.78,8.0,0.0,0.0,0.0,5746556928,0,2,2,1,0,sleeping,54818,407225,5945245696,16384,5934556907,1666362974
2025-05-20 03:37:31,19208,5951873024,5745856512,203.4,17.217605444250886,0,5,1471.01,8.0,0.0,0.0,0.0,5746692096,0,2,2,1,0,sleeping,54818,407225,5945245696,16384,5934556907,1666362974
2025-05-20 03:37:33,19208,5951873024,5746118656,200.5,17.218390965426387,0,5,1473.19,8.0,0.0,0.0,0.0,5746872320,0,2,2,1,0,sleeping,54818,407225,5945245696,16384,5934556907,1666362974
2025-05-20 03:37:34,19208,5951873024,5747298304,197.8,17.221925810716154,0,5,1475.35,8.0,0.0,0.0,0.0,5748072448,0,5,4,1,0,sleeping,54818,407234,5945245696,16384,5934556907,1666363585
2025-05-20 03:37:35,19208,5951873024,5747298304,200.2,17.221925810716154,0,5,1477.55,8.0,0.0,0.0,0.0,5748072448,0,5,4,1,0,sleeping,54818,407234,5945245696,16384,5934556907,1666363585
2025-05-20 03:37:36,19208,5951873024,5747298304,199.7,17.221925810716154,0,5,1479.76,8.0,0.0,0.0,0.0,5748072448,0,5,4,1,0,sleeping,54818,407234,5945245696,16384,5934556907,1666363585
2025-05-20 03:37:37,19208,5951873024,5744074752,229.9,17.212266355011142,0,5,1482.32,8.04,0.0,0.0,0.0,5744771072,0,5,4,1,0,sleeping,56640,421769,5962022912,16384,5949482731,1725886854
2025-05-20 03:37:38,19208,5951873024,5744336896,200.4,17.213051876186643,0,5,1484.5,8.04,0.0,0.0,0.0,5744967680,0,5,4,1,0,sleeping,56640,421769,5962022912,16384,5949482731,1725886854
2025-05-20 03:37:39,19208,5951873024,5744599040,199.7,17.21383739736215,0,5,1486.67,8.04,0.0,0.0,0.0,5745160192,0,5,4,1,0,sleeping,56640,421769,5962022912,16384,5949482731,1725886854
2025-05-20 03:37:40,19208,5951873024,5744730112,199.6,17.2142301579499,0,5,1488.84,8.04,0.0,0.0,0.0,5745348608,0,5,4,1,0,sleeping,56640,421769,5962022912,16384,5949482731,1725886854
2025-05-20 03:37:41,19208,5951873024,5744861184,198.6,17.21462291853765,0,5,1491.0,8.04,0.0,0.0,0.0,5745537024,0,5,4,1,0,sleeping,56640,421769,5962022912,16384,5949482731,1725886854
2025-05-20 03:37:42,19208,5951873024,5744992256,200.3,17.2150156791254,0,5,1493.18,8.04,0.0,0.0,0.0,5745717248,0,5,4,1,0,sleeping,56640,421769,5962022912,16384,5949482731,1725886854
2025-05-20 03:37:44,19208,5951873024,5745254400,199.5,17.215801200300902,0,5,1495.35,8.04,0.0,0.0,0.0,5745905664,0,5,4,1,0,sleeping,56640,421769,5962022912,16384,5949482731,1725886854
2025-05-20 03:37:45,19208,5951873024,5745516544,199.6,17.216586721476407,0,5,1497.52,8.04,0.0,0.0,0.0,5746089984,0,5,4,1,0,sleeping,56640,421769,5962022912,16384,5949482731,1725886854
2025-05-20 03:37:46,19208,5951873024,5745647616,199.4,17.216979482064158,0,5,1499.69,8.04,0.0,0.0,0.0,5746274304,0,5,4,1,0,sleeping,56640,421769,5962022912,16384,5949482731,1725886854
2025-05-20 03:37:47,19208,5951873024,5745778688,199.6,17.21737224265191,0,5,1501.86,8.04,0.0,0.0,0.0,5746466816,0,5,4,1,0,sleeping,56640,421769,5962022912,16384,5949482731,1725886854
2025-05-20 03:37:48,19208,5951873024,5746040832,199.5,17.218157763827413,0,5,1504.03,8.04,0.0,0.0,0.0,5746642944,0,5,4,1,0,sleeping,56640,421769,5962022912,16384,5949482731,1725886854
2025-05-20 03:37:49,19208,5951873024,5746171904,200.5,17.218550524415164,0,5,1506.21,8.04,0.0,0.0,0.0,5746831360,0,5,4,1,0,sleeping,56640,421769,5962022912,16384,5949482731,1725886854
2025-05-20 03:37:50,19208,5951873024,5746434048,199.6,17.219336045590666,0,5,1508.38,8.04,0.0,0.0,0.0,5747015680,0,5,4,1,0,sleeping,56640,421769,5962022912,16384,5949482731,1725886854
2025-05-20 03:37:51,19208,5951873024,5746565120,199.9,17.21972880617842,0,5,1510.55,8.05,0.0,0.0,0.0,5747200000,0,5,4,1,0,sleeping,56640,421769,5962022912,16384,5949482731,1725886854
2025-05-20 03:37:52,19208,5951873024,5746827264,200.2,17.22051432735392,0,5,1512.73,8.05,0.0,0.0,0.0,5747380224,0,5,4,1,0,sleeping,56640,421769,5962022912,16384,5949482731,1725886854
2025-05-20 03:37:53,19208,5951873024,5746958336,198.5,17.220907087941672,0,5,1514.89,8.05,0.0,0.0,0.0,5747564544,0,5,4,1,0,sleeping,56640,421769,5962022912,16384,5949482731,1725886854
2025-05-20 03:37:54,19208,5951873024,5747220480,200.4,17.221692609117177,0,5,1517.07,8.05,0.0,0.0,0.0,5747752960,0,5,4,1,0,sleeping,56640,421769,5962022912,16384,5949482731,1725886854
2025-05-20 03:37:55,19208,5951873024,5747351552,199.4,17.222085369704928,0,5,1519.24,8.05,0.0,0.0,0.0,5747933184,0,5,4,1,0,sleeping,56640,421769,5962022912,16384,5949482731,1725886854
2025-05-20 03:37:57,19208,5951873024,5747613696,200.0,17.222870890880433,0,5,1521.44,8.06,0.0,0.0,0.0,5748092928,0,4,3,1,0,sleeping,56640,421778,5962022912,16384,5949482731,1725887465
2025-05-20 03:37:58,19208,5951873024,5747613696,198.9,17.222870890880433,0,5,1523.61,8.06,0.0,0.0,0.0,5748092928,0,4,3,1,0,sleeping,56640,421778,5962022912,16384,5949482731,1725887465
2025-05-20 03:37:59,19208,5951873024,5747613696,199.8,17.222870890880433,0,5,1525.78,8.07,0.0,0.0,0.0,5748092928,0,4,3,1,0,sleeping,56640,421778,5962022912,16384,5949482731,1725887465
2025-05-20 03:38:00,19208,5951873024,5739171840,231.6,17.19757465427556,0,5,1528.27,8.11,0.0,0.0,0.0,5739589632,0,4,3,1,0,sleeping,58458,436309,5974605824,16384,5964375787,1785394350
2025-05-20 03:38:01,19208,5951873024,5739302912,200.2,17.197967414863314,0,5,1530.44,8.12,0.0,0.0,0.0,5739773952,0,4,3,1,0,sleeping,58458,436309,5974605824,16384,5964375787,1785394350
2025-05-20 03:38:02,19208,5951873024,5739433984,199.5,17.198360175451064,0,5,1532.67,8.12,0.0,0.0,0.0,5739958272,0,4,3,1,0,sleeping,58458,436309,5974605824,16384,5964375787,1785394350
2025-05-20 03:38:03,19208,5951873024,5739565056,196.7,17.198752936038815,0,5,1534.91,8.12,0.0,0.0,0.0,5740109824,0,4,3,1,0,sleeping,58458,436309,5974605824,16384,5964375787,1785394350
2025-05-20 03:38:04,19208,5951873024,5739696128,189.3,17.199145696626566,0,5,1537.43,8.12,0.0,0.0,0.0,5740208128,0,4,3,1,0,sleeping,58458,436309,5974605824,16384,5964375787,1785394350
2025-05-20 03:38:06,19208,5951873024,5739696128,192.2,17.199145696626566,0,5,1540.41,8.12,0.0,0.0,0.0,5740253184,0,4,3,1,0,sleeping,58458,436309,5974605824,16384,5964375787,1785394350
2025-05-20 03:38:07,19208,5951873024,5739827200,199.1,17.19953845721432,0,5,1543.5,8.13,0.0,0.0,0.0,5740294144,0,4,3,1,0,sleeping,58458,436309,5974605824,16384,5964375787,1785394350
2025-05-20 03:38:09,19208,5951873024,5739827200,203.1,17.19953845721432,0,5,1546.6,8.13,0.0,0.0,0.0,5740335104,0,4,3,1,0,sleeping,58458,436309,5974605824,16384,5964375787,1785394350
2025-05-20 03:38:10,19208,5951873024,5739958272,216.4,17.19993121780207,0,5,1549.0,8.13,0.0,0.0,0.0,5740453888,0,4,3,1,0,sleeping,58458,436309,5974605824,16384,5964375787,1785394350
2025-05-20 03:38:11,19208,5951873024,5740089344,200.3,17.20032397838982,0,5,1551.18,8.13,0.0,0.0,0.0,5740630016,0,4,3,1,0,sleeping,58458,436309,5974605824,16384,5964375787,1785394350
2025-05-20 03:38:12,19208,5951873024,5740220416,200.3,17.200716738977572,0,5,1553.36,8.13,0.0,0.0,0.0,5740814336,0,4,3,1,0,sleeping,58458,436309,5974605824,16384,5964375787,1785394350
2025-05-20 03:38:14,19208,5951873024,5740482560,198.5,17.201502260153077,0,5,1555.52,8.13,0.0,0.0,0.0,5741010944,0,4,3,1,0,sleeping,58458,436309,5974605824,16384,5964375787,1785394350
2025-05-20 03:38:15,19208,5951873024,5740613632,200.5,17.201895020740825,0,5,1557.69,8.14,0.0,0.0,0.0,5741207552,0,4,3,1,0,sleeping,58458,436309,5974605824,16384,5964375787,1785394350
2025-05-20 03:38:16,19208,5951873024,5740875776,199.4,17.20268054191633,0,5,1559.86,8.14,0.0,0.0,0.0,5741395968,0,4,3,1,0,sleeping,58458,436309,5974605824,16384,5964375787,1785394350
2025-05-20 03:38:17,19208,5951873024,5741006848,199.6,17.203073302504084,0,5,1562.03,8.14,0.0,0.0,0.0,5741580288,0,4,3,1,0,sleeping,58458,436309,5974605824,16384,5964375787,1785394350
2025-05-20 03:38:18,19208,5951873024,5741137920,199.7,17.20346606309183,0,5,1564.2,8.14,0.0,0.0,0.0,5741756416,0,4,3,1,0,sleeping,58458,436309,5974605824,16384,5964375787,1785394350
2025-05-20 03:38:19,19208,5951873024,5741400064,199.6,17.204251584267336,0,5,1566.37,8.14,0.0,0.0,0.0,5741936640,0,4,3,1,0,sleeping,58458,436309,5974605824,16384,5964375787,1785394350
2025-05-20 03:38:20,19208,5951873024,5741531136,200.4,17.204644344855087,0,5,1568.55,8.14,0.0,0.0,0.0,5742112768,0,4,3,1,0,sleeping,58458,436309,5974605824,16384,5964375787,1785394350
2025-05-20 03:38:21,19208,5951873024,5741793280,199.2,17.20542986603059,0,5,1570.72,8.14,0.0,0.0,0.0,5742301184,0,4,3,1,0,sleeping,58458,436309,5974605824,16384,5964375787,1785394350
2025-05-20 03:38:22,19208,5951873024,5741924352,199.9,17.205822626618342,0,5,1572.9,8.14,0.0,0.0,0.0,5742481408,0,4,3,1,0,sleeping,58458,436309,5974605824,16384,5964375787,1785394350
2025-05-20 03:38:23,19208,5951873024,5744152576,199.9,17.212499556610116,0,5,1575.1,8.14,0.0,0.0,0.0,5744521216,0,4,3,1,0,sleeping,58458,436309,5974605824,16384,5964375787,1785394350
2025-05-20 03:38:24,19208,5951873024,5745725440,199.6,17.217212683663135,0,5,1577.28,8.14,0.0,0.0,0.0,5746397184,0,4,3,1,0,sleeping,58458,436318,5974605824,16384,5964375787,1785394961
2025-05-20 03:38:26,19208,5951873024,5745725440,197.5,17.217212683663135,0,5,1579.44,8.14,0.0,0.0,0.0,5746397184,0,4,3,1,0,sleeping,58458,436318,5974605824,16384,5964375787,1785394961
2025-05-20 03:38:27,19208,5951873024,5745725440,200.5,17.217212683663135,0,5,1581.62,8.15,0.0,0.0,0.0,5746397184,0,4,3,1,0,sleeping,58458,436318,5974605824,16384,5964375787,1785394961
2025-05-20 03:38:28,19208,5951873024,5742886912,229.9,17.208706962184642,0,5,1584.11,8.17,0.0,0.0,0.0,5743308800,0,5,4,1,0,sleeping,60274,450852,5991383040,16384,5979252459,1844914134
2025-05-20 03:38:29,19208,5951873024,5743149056,199.7,17.209492483360144,0,5,1586.32,8.17,0.0,0.0,0.0,5743509504,0,5,4,1,0,sleeping,60274,450852,5991383040,16384,5979252459,1844914134
2025-05-20 03:38:30,19208,5951873024,5743280128,199.3,17.209885243947898,0,5,1588.49,8.17,0.0,0.0,0.0,5743763456,0,5,4,1,0,sleeping,60274,450852,5991383040,16384,5979252459,1844914134
2025-05-20 03:38:31,19208,5951873024,5743411200,200.5,17.21027800453565,0,5,1590.67,8.17,0.0,0.0,0.0,5743943680,0,5,4,1,0,sleeping,60274,450852,5991383040,16384,5979252459,1844914134
2025-05-20 03:38:32,19208,5951873024,5743542272,199.4,17.2106707651234,0,5,1592.84,8.17,0.0,0.0,0.0,5744128000,0,5,4,1,0,sleeping,60274,450852,5991383040,16384,5979252459,1844914134
2025-05-20 03:38:33,19208,5951873024,5743673344,199.5,17.21106352571115,0,5,1595.02,8.17,0.0,0.0,0.0,5744308224,0,4,3,1,0,sleeping,60274,450852,5991383040,16384,5979252459,1844914134
2025-05-20 03:38:34,19208,5951873024,5744066560,198.7,17.212241807474406,0,5,1597.19,8.17,0.0,0.0,0.0,5744480256,0,4,3,1,0,sleeping,60274,450852,5991383040,16384,5979252459,1844914134
2025-05-20 03:38:35,19208,5951873024,5744197632,200.0,17.212634568062157,0,5,1599.37,8.17,0.0,0.0,0.0,5744664576,0,4,3,1,0,sleeping,60274,450852,5991383040,16384,5979252459,1844914134
2025-05-20 03:38:36,19208,5951873024,5744328704,200.3,17.213027328649908,0,5,1601.54,8.18,0.0,0.0,0.0,5744848896,0,4,3,1,0,sleeping,60274,450852,5991383040,16384,5979252459,1844914134
2025-05-20 03:38:38,19208,5951873024,5744590848,198.6,17.21381284982541,0,5,1603.71,8.18,0.0,0.0,0.0,5745025024,0,4,3,1,0,sleeping,60274,450852,5991383040,16384,5979252459,1844914134
2025-05-20 03:38:39,19208,5951873024,5744721920,200.5,17.214205610413163,0,5,1605.89,8.18,0.0,0.0,0.0,5745209344,0,4,3,1,0,sleeping,60274,450852,5991383040,16384,5979252459,1844914134
2025-05-20 03:38:40,19208,5951873024,5744852992,199.1,17.214598371000914,0,5,1608.06,8.18,0.0,0.0,0.0,5745381376,0,4,3,1,0,sleeping,60274,450852,5991383040,16384,5979252459,1844914134
2025-05-20 03:38:41,19208,5951873024,5745115136,197.5,17.215383892176416,0,5,1610.25,8.18,0.0,0.0,0.0,5745573888,0,4,3,1,0,sleeping,60274,450852,5991383040,16384,5979252459,1844914134
2025-05-20 03:38:42,19208,5951873024,5745246208,202.0,17.21577665276417,0,5,1612.45,8.18,0.0,0.0,0.0,5745766400,0,4,3,1,0,sleeping,60274,450852,5991383040,16384,5979252459,1844914134
2025-05-20 03:38:43,19208,5951873024,5745377280,200.3,17.21616941335192,0,5,1614.63,8.18,0.0,0.0,0.0,5745946624,0,4,3,1,0,sleeping,60274,450852,5991383040,16384,5979252459,1844914134
2025-05-20 03:38:44,19208,5951873024,5745639424,199.1,17.216954934527422,0,5,1616.81,8.18,0.0,0.0,0.0,5746130944,0,4,3,1,0,sleeping,60274,450852,5991383040,16384,5979252459,1844914134
2025-05-20 03:38:45,19208,5951873024,5745770496,197.8,17.217347695115176,0,5,1619.05,8.18,0.0,0.0,0.0,5746278400,0,4,3,1,0,sleeping,60274,450852,5991383040,16384,5979252459,1844914134
2025-05-20 03:38:46,19208,5951873024,5745901568,196.9,17.217740455702927,0,5,1621.36,8.18,0.0,0.0,0.0,5746397184,0,4,3,1,0,sleeping,60274,450852,5991383040,16384,5979252459,1844914134
2025-05-20 03:38:47,19208,5951873024,5745901568,201.4,17.217740455702927,0,5,1623.66,8.19,0.0,0.0,0.0,5746495488,0,4,3,1,0,sleeping,60274,450852,5991383040,16384,5979252459,1844914134
2025-05-20 03:38:49,19208,5951873024,5745901568,200.9,17.217740455702927,0,5,1625.86,8.19,0.0,0.0,0.0,5746573312,0,4,2,1,0,sleeping,60274,450866,5991383040,16384,5979252459,1844915044
2025-05-20 03:38:50,19208,5951873024,5745901568,199.7,17.217740455702927,0,5,1628.03,8.2,0.0,0.0,0.0,5746573312,0,4,2,1,0,sleeping,60274,450866,5991383040,16384,5979252459,1844915044
2025-05-20 03:38:51,19208,5951873024,5745901568,199.8,17.217740455702927,0,5,1630.21,8.2,0.0,0.0,0.0,5746573312,0,4,2,1,0,sleeping,60274,450866,5991383040,16384,5979252459,1844915044
2025-05-20 03:38:52,19208,5884764160,5708972032,213.7,17.107080160103944,0,5,1632.49,8.26,0.0,0.0,0.0,5699764224,0,4,3,1,0,sleeping,61166,465402,5999771648,16384,5986559723,1904446453
2025-05-20 03:38:53,19208,5951873024,5741871104,217.7,17.20566306762957,0,5,1634.85,8.27,0.0,0.0,0.0,5742395392,0,4,3,1,0,sleeping,62092,465403,6003965952,16384,5994145515,1904446505
2025-05-20 03:38:54,19208,5951873024,5742002176,199.6,17.20605582821732,0,5,1637.06,8.27,0.0,0.0,0.0,5742583808,0,4,3,1,0,sleeping,62092,465403,6003965952,16384,5994145515,1904446505
2025-05-20 03:38:55,19208,5951873024,5742264320,199.4,17.206841349392825,0,5,1639.23,8.27,0.0,0.0,0.0,5742772224,0,4,3,1,0,sleeping,62092,465403,6003965952,16384,5994145515,1904446505
2025-05-20 03:38:56,19208,5951873024,5742395392,199.5,17.207234109980575,0,5,1641.4,8.27,0.0,0.0,0.0,5742956544,0,4,3,1,0,sleeping,62092,465403,6003965952,16384,5994145515,1904446505
2025-05-20 03:38:57,19208,5951873024,5742526464,200.5,17.207626870568326,0,5,1643.58,8.27,0.0,0.0,0.0,5743132672,0,4,3,1,0,sleeping,62092,465403,6003965952,16384,5994145515,1904446505
2025-05-20 03:38:58,19208,5951873024,5742788608,199.5,17.20841239174383,0,5,1645.75,8.27,0.0,0.0,0.0,5743308800,0,4,3,1,0,sleeping,62092,465403,6003965952,16384,5994145515,1904446505
2025-05-20 03:39:00,19208,5951873024,5742919680,200.3,17.20880515233158,0,5,1647.93,8.27,0.0,0.0,0.0,5743489024,0,4,3,1,0,sleeping,62092,465403,6003965952,16384,5994145515,1904446505
2025-05-20 03:39:01,19208,5951873024,5743050752,199.5,17.209197912919333,0,5,1650.1,8.27,0.0,0.0,0.0,5743673344,0,4,3,1,0,sleeping,62092,465403,6003965952,16384,5994145515,1904446505
2025-05-20 03:39:02,19208,5951873024,5743312896,200.0,17.209983434094838,0,5,1652.28,8.27,0.0,0.0,0.0,5743853568,0,4,3,1,0,sleeping,62092,465403,6003965952,16384,5994145515,1904446505
2025-05-20 03:39:03,19208,5951873024,5743443968,199.5,17.210376194682585,0,5,1654.45,8.27,0.0,0.0,0.0,5744033792,0,4,3,1,0,sleeping,62092,465403,6003965952,16384,5994145515,1904446505
2025-05-20 03:39:04,19208,5951873024,5743575040,199.6,17.210768955270336,0,5,1656.62,8.27,0.0,0.0,0.0,5744218112,0,4,3,1,0,sleeping,62092,465403,6003965952,16384,5994145515,1904446505
2025-05-20 03:39:05,19208,5951873024,5743837184,200.4,17.21155447644584,0,5,1658.8,8.27,0.0,0.0,0.0,5744398336,0,4,3,1,0,sleeping,62092,465403,6003965952,16384,5994145515,1904446505
2025-05-20 03:39:06,19208,5951873024,5743968256,199.5,17.21194723703359,0,5,1660.97,8.27,0.0,0.0,0.0,5744590848,0,4,3,1,0,sleeping,62092,465403,6003965952,16384,5994145515,1904446505
2025-05-20 03:39:07,19208,5951873024,5744230400,199.5,17.212732758209096,0,5,1663.14,8.27,0.0,0.0,0.0,5744783360,0,4,3,1,0,sleeping,62092,465403,6003965952,16384,5994145515,1904446505
2025-05-20 03:39:08,19208,5951873024,5744361472,199.5,17.213125518796847,0,5,1665.31,8.27,0.0,0.0,0.0,5744967680,0,4,3,1,0,sleeping,62092,465403,6003965952,16384,5994145515,1904446505
2025-05-20 03:39:09,19208,5951873024,5744623616,199.6,17.21391103997235,0,5,1667.48,8.27,0.0,0.0,0.0,5745164288,0,4,3,1,0,sleeping,62092,465403,6003965952,16384,5994145515,1904446505
2025-05-20 03:39:10,19208,5951873024,5744754688,200.4,17.214303800560103,0,5,1669.66,8.27,0.0,0.0,0.0,5745340416,0,4,3,1,0,sleeping,62092,465403,6003965952,16384,5994145515,1904446505
2025-05-20 03:39:12,19208,5951873024,5746589696,198.4,17.21980244878862,0,5,1671.85,8.27,0.0,0.0,0.0,5747200000,0,4,3,1,0,sleeping,62092,465412,6003965952,16384,5994145515,1904447116
2025-05-20 03:39:13,19208,5951873024,5746589696,200.3,17.21980244878862,0,5,1674.03,8.28,0.0,0.0,0.0,5747200000,0,4,3,1,0,sleeping,62092,465412,6003965952,16384,5994145515,1904447116
2025-05-20 03:39:14,19208,5951873024,5746589696,198.1,17.21980244878862,0,5,1676.22,8.29,0.0,0.0,0.0,5747200000,0,4,3,1,0,sleeping,62092,465412,6003965952,16384,5994145515,1904447116
2025-05-20 03:39:15,19208,5951873024,5746589696,197.2,17.21980244878862,0,5,1678.5,8.29,0.0,0.0,0.0,5747200000,0,4,3,1,0,sleeping,62092,465412,6003965952,16384,5994145515,1904447116
2025-05-20 03:39:16,19208,5884764160,5732483072,234.0,17.177531590531867,0,5,1681.38,8.36,0.0,0.0,0.0,5732892672,0,4,3,1,0,sleeping,63069,479946,6012354560,16384,6002149099,1963970333
2025-05-20 03:39:17,19208,5951873024,5743493120,251.9,17.210523479902992,0,5,1684.2,8.38,0.0,0.0,0.0,5744033792,0,4,3,1,0,sleeping,63918,479947,6020759552,16384,6009104107,1963970385
2025-05-20 03:39:18,19208,5951873024,5743624192,201.6,17.210916240490747,0,5,1686.4,8.38,0.0,0.0,0.0,5744201728,0,4,3,1,0,sleeping,63918,479947,6020759552,16384,6009104107,1963970385
2025-05-20 03:39:19,19208,5951873024,5743755264,199.8,17.211309001078494,0,5,1688.61,8.38,0.0,0.0,0.0,5744390144,0,4,3,1,0,sleeping,63918,479947,6020759552,16384,6009104107,1963970385
2025-05-20 03:39:21,19208,5951873024,5744017408,199.5,17.212094522254,0,5,1690.78,8.38,0.0,0.0,0.0,5744566272,0,4,3,1,0,sleeping,63918,479947,6020759552,16384,6009104107,1963970385
2025-05-20 03:39:22,19208,5951873024,5744148480,198.7,17.212487282841753,0,5,1692.94,8.38,0.0,0.0,0.0,5744746496,0,4,3,1,0,sleeping,63918,479947,6020759552,16384,6009104107,1963970385
2025-05-20 03:39:23,19208,5951873024,5744410624,199.5,17.213272804017254,0,5,1695.11,8.38,0.0,0.0,0.0,5744939008,0,4,3,1,0,sleeping,63918,479947,6020759552,16384,6009104107,1963970385
2025-05-20 03:39:24,19208,5951873024,5744541696,200.5,17.213665564605005,0,5,1697.29,8.38,0.0,0.0,0.0,5745119232,0,4,3,1,0,sleeping,63918,479947,6020759552,16384,6009104107,1963970385
2025-05-20 03:39:25,19208,5951873024,5744672768,197.1,17.214058325192756,0,5,1699.46,8.38,0.0,0.0,0.0,5745303552,0,4,3,1,0,sleeping,63918,479947,6020759552,16384,6009104107,1963970385
2025-05-20 03:39:26,19208,5951873024,5744934912,201.9,17.21484384636826,0,5,1701.68,8.38,0.0,0.0,0.0,5745487872,0,4,3,1,0,sleeping,63918,479947,6020759552,16384,6009104107,1963970385
2025-05-20 03:39:27,19208,5951873024,5745065984,197.8,17.21523660695601,0,5,1703.85,8.39,0.0,0.0,0.0,5745672192,0,4,3,1,0,sleeping,63918,479947,6020759552,16384,6009104107,1963970385
2025-05-20 03:39:28,19208,5951873024,5745328128,201.7,17.216022128131513,0,5,1706.09,8.39,0.0,0.0,0.0,5745860608,0,3,2,1,0,sleeping,63918,479947,6020759552,16384,6009104107,1963970385
2025-05-20 03:39:29,19208,5951873024,5745459200,199.3,17.216414888719264,0,5,1708.26,8.39,0.0,0.0,0.0,5746032640,0,3,2,1,0,sleeping,63918,479947,6020759552,16384,6009104107,1963970385
2025-05-20 03:39:30,19208,5951873024,5745590272,200.6,17.216807649307018,0,5,1710.45,8.39,0.0,0.0,0.0,5746208768,0,3,2,1,0,sleeping,63918,479947,6020759552,16384,6009104107,1963970385
2025-05-20 03:39:32,19208,5951873024,5745721344,199.6,17.21720040989477,0,5,1712.63,8.39,0.0,0.0,0.0,5746380800,0,3,2,1,0,sleeping,63918,479947,6020759552,16384,6009104107,1963970385
2025-05-20 03:39:33,19208,5951873024,5745983488,199.3,17.21798593107027,0,5,1714.8,8.39,0.0,0.0,0.0,5746565120,0,3,2,1,0,sleeping,63918,479947,6020759552,16384,6009104107,1963970385
2025-05-20 03:39:34,19208,5951873024,5746114560,200.2,17.218378691658025,0,5,1716.98,8.39,0.0,0.0,0.0,5746753536,0,3,2,1,0,sleeping,63918,479947,6020759552,16384,6009104107,1963970385
2025-05-20 03:39:35,19208,5951873024,5746245632,200.1,17.218771452245775,0,5,1719.16,8.39,0.0,0.0,0.0,5746929664,0,3,2,1,0,sleeping,63918,479947,6020759552,16384,6009104107,1963970385
2025-05-20 03:39:36,19208,5951873024,5746507776,199.6,17.219556973421277,0,5,1721.33,8.39,0.0,0.0,0.0,5747109888,0,3,2,1,0,sleeping,63918,479947,6020759552,16384,6009104107,1963970385
2025-05-20 03:39:37,19208,5951873024,5747163136,198.0,17.221520776360038,0,5,1723.51,8.39,0.0,0.0,0.0,5747900416,0,4,3,1,0,sleeping,63918,479961,6020759552,16384,6009104107,1963971298
2025-05-20 03:39:38,19208,5951873024,5747163136,200.7,17.221520776360038,0,5,1725.7,8.39,0.0,0.0,0.0,5747900416,0,4,3,1,0,sleeping,63918,479961,6020759552,16384,6009104107,1963971298
2025-05-20 03:39:39,19208,5951873024,5747163136,199.2,17.221520776360038,0,5,1727.88,8.39,0.0,0.0,0.0,5747900416,0,4,3,1,0,sleeping,63918,479961,6020759552,16384,6009104107,1963971298
2025-05-20 03:39:40,19208,5951873024,5744107520,239.2,17.212364545158078,0,5,1730.5,8.47,0.0,0.0,0.0,5744619520,0,4,4,1,0,sleeping,65746,494498,6037536768,16384,6024079083,2023502759
2025-05-20 03:39:41,19208,5951873024,5744238592,194.3,17.21275730574583,0,5,1732.88,8.47,0.0,0.0,0.0,5744742400,0,4,4,1,0,sleeping,65746,494498,6037536768,16384,6024079083,2023502759
2025-05-20 03:39:43,19208,5951873024,5744238592,187.3,17.21275730574583,0,5,1735.64,8.47,0.0,0.0,0.0,5744795648,0,4,4,1,0,sleeping,65746,494498,6037536768,16384,6024079083,2023502759
2025-05-20 03:39:44,19208,5951873024,5744369664,204.7,17.213150066333583,0,5,1738.58,8.47,0.0,0.0,0.0,5744857088,0,5,4,1,0,sleeping,65746,494498,6037536768,16384,6024079083,2023502759
2025-05-20 03:39:46,19208,5951873024,5744369664,213.4,17.213150066333583,0,5,1740.99,8.47,0.0,0.0,0.0,5744951296,0,5,4,1,0,sleeping,65746,494498,6037536768,16384,6024079083,2023502759
2025-05-20 03:39:47,19208,5951873024,5744631808,200.2,17.213935587509084,0,5,1743.21,8.47,0.0,0.0,0.0,5745119232,0,5,4,1,0,sleeping,65746,494498,6037536768,16384,6024079083,2023502759
2025-05-20 03:39:48,19208,5951873024,5744762880,200.6,17.214328348096835,0,5,1745.39,8.47,0.0,0.0,0.0,5745303552,0,5,4,1,0,sleeping,65746,494498,6037536768,16384,6024079083,2023502759
2025-05-20 03:39:49,19208,5951873024,5744893952,199.5,17.214721108684586,0,5,1747.56,8.47,0.0,0.0,0.0,5745479680,0,5,4,1,0,sleeping,65746,494498,6037536768,16384,6024079083,2023502759
2025-05-20 03:39:50,19208,5951873024,5745156096,199.6,17.215506629860087,0,5,1749.73,8.47,0.0,0.0,0.0,5745668096,0,5,4,1,0,sleeping,65746,494498,6037536768,16384,6024079083,2023502759
2025-05-20 03:39:51,19208,5951873024,5745287168,199.5,17.21589939044784,0,5,1751.9,8.47,0.0,0.0,0.0,5745852416,0,4,4,1,0,sleeping,65746,494498,6037536768,16384,6024079083,2023502759
2025-05-20 03:39:52,19208,5951873024,5745418240,200.4,17.216292151035592,0,5,1754.08,8.47,0.0,0.0,0.0,5746036736,0,4,4,1,0,sleeping,65746,494498,6037536768,16384,6024079083,2023502759
2025-05-20 03:39:53,19208,5951873024,5745680384,199.6,17.217077672211094,0,5,1756.25,8.47,0.0,0.0,0.0,5746216960,0,4,4,1,0,sleeping,65746,494498,6037536768,16384,6024079083,2023502759
2025-05-20 03:39:54,19208,5951873024,5745811456,199.5,17.217470432798848,0,5,1758.42,8.47,0.0,0.0,0.0,5746409472,0,4,4,1,0,sleeping,65746,494498,6037536768,16384,6024079083,2023502759
2025-05-20 03:39:55,19208,5951873024,5745942528,199.7,17.2178631933866,0,5,1760.59,8.47,0.0,0.0,0.0,5746601984,0,4,4,1,0,sleeping,65746,494498,6037536768,16384,6024079083,2023502759
2025-05-20 03:39:56,19208,5951873024,5746204672,199.3,17.2186487145621,0,5,1762.76,8.47,0.0,0.0,0.0,5746790400,0,4,4,1,0,sleeping,65746,494498,6037536768,16384,6024079083,2023502759
2025-05-20 03:39:58,19208,5951873024,5746466816,200.0,17.219434235737605,0,5,1764.96,8.47,0.0,0.0,0.0,5746978816,0,4,3,1,0,sleeping,65746,494498,6037536768,16384,6024079083,2023502759
2025-05-20 03:39:59,19208,5951873024,5746597888,199.7,17.219826996325356,0,5,1767.13,8.47,0.0,0.0,0.0,5747163136,0,4,3,1,0,sleeping,65746,494498,6037536768,16384,6024079083,2023502759
2025-05-20 03:40:00,19208,5951873024,5746860032,199.3,17.22061251750086,0,5,1769.3,8.47,0.0,0.0,0.0,5747355648,0,4,3,1,0,sleeping,65746,494498,6037536768,16384,6024079083,2023502759
2025-05-20 03:40:01,19208,5951873024,5746991104,200.5,17.22100527808861,0,5,1771.48,8.47,0.0,0.0,0.0,5747544064,0,4,3,1,0,sleeping,65746,494498,6037536768,16384,6024079083,2023502759
2025-05-20 03:40:02,19208,5951873024,5747122176,199.6,17.221398038676362,0,5,1773.65,8.47,0.0,0.0,0.0,5747732480,0,3,3,1,0,sleeping,65746,494498,6037536768,16384,6024079083,2023502759
2025-05-20 03:40:03,19208,5951873024,5747122176,198.8,17.221398038676362,0,5,1775.82,8.47,0.0,0.0,0.0,5747884032,0,4,4,1,0,sleeping,65746,494512,6037536768,16384,6024079083,2023503669
2025-05-20 03:40:04,19208,5951873024,5747122176,199.5,17.221398038676362,0,5,1778.0,8.47,0.0,0.0,0.0,5747884032,0,4,4,1,0,sleeping,65746,494512,6037536768,16384,6024079083,2023503669
2025-05-20 03:40:05,19208,5951873024,5747122176,199.9,17.221398038676362,0,5,1780.18,8.47,0.0,0.0,0.0,5747871744,0,4,4,1,0,sleeping,65746,494512,6037536768,16384,6024079083,2023503669
2025-05-20 03:40:06,19208,5951873024,5743230976,231.5,17.209737958727487,0,5,1782.67,8.51,0.0,0.0,0.0,5743575040,0,4,3,1,0,sleeping,67570,509036,6050119680,16384,6039021291,2082981882
2025-05-20 03:40:07,19208,5951873024,5743493120,199.3,17.210523479902992,0,5,1784.84,8.51,0.0,0.0,0.0,5743767552,0,4,3,1,0,sleeping,67570,509036,6050119680,16384,6039021291,2082981882
2025-05-20 03:40:08,19208,5951873024,5743624192,199.4,17.210916240490747,0,5,1787.01,8.51,0.0,0.0,0.0,5743943680,0,3,3,1,0,sleeping,67570,509036,6050119680,16384,6039021291,2082981882
2025-05-20 03:40:10,19208,5951873024,5743886336,200.2,17.211701761666248,0,5,1789.19,8.51,0.0,0.0,0.0,5744123904,0,3,3,1,0,sleeping,67570,509036,6050119680,16384,6039021291,2082981882
2025-05-20 03:40:11,19208,5951873024,5744017408,199.4,17.212094522254,0,5,1791.39,8.51,0.0,0.0,0.0,5744312320,0,3,3,1,0,sleeping,67570,509036,6050119680,16384,6039021291,2082981882
2025-05-20 03:40:12,19208,5951873024,5744148480,198.1,17.212487282841753,0,5,1793.66,8.51,0.0,0.0,0.0,5744488448,0,3,3,1,0,sleeping,67570,509036,6050119680,16384,6039021291,2082981882
2025-05-20 03:40:13,19208,5951873024,5744279552,197.1,17.2128800434295,0,5,1795.97,8.51,0.0,0.0,0.0,5744599040,0,3,3,1,0,sleeping,67570,509036,6050119680,16384,6039021291,2082981882
2025-05-20 03:40:14,19208,5951873024,5744410624,197.6,17.213272804017254,0,5,1798.36,8.51,0.0,0.0,0.0,5744689152,0,3,3,1,0,sleeping,67570,509036,6050119680,16384,6039021291,2082981882
2025-05-20 03:40:15,19208,5951873024,5744410624,202.2,17.213272804017254,0,5,1800.74,8.51,0.0,0.0,0.0,5744771072,0,3,3,1,0,sleeping,67570,509036,6050119680,16384,6039021291,2082981882
2025-05-20 03:40:16,19208,5951873024,5744541696,203.4,17.213665564605005,0,5,1802.96,8.52,0.0,0.0,0.0,5744914432,0,3,3,1,0,sleeping,67570,509036,6050119680,16384,6039021291,2082981882
2025-05-20 03:40:18,19208,5951873024,5744672768,198.5,17.214058325192756,0,5,1805.12,8.52,0.0,0.0,0.0,5745094656,0,3,3,1,0,sleeping,67570,509036,6050119680,16384,6039021291,2082981882
2025-05-20 03:40:19,19208,5951873024,5744803840,199.3,17.214451085780507,0,5,1807.29,8.52,0.0,0.0,0.0,5745283072,0,3,3,1,0,sleeping,67570,509036,6050119680,16384,6039021291,2082981882
2025-05-20 03:40:20,19208,5951873024,5744934912,199.6,17.21484384636826,0,5,1809.46,8.52,0.0,0.0,0.0,5745475584,0,3,3,1,0,sleeping,67570,509036,6050119680,16384,6039021291,2082981882
2025-05-20 03:40:21,19208,5951873024,5745197056,200.5,17.215629367543762,0,5,1811.64,8.52,0.0,0.0,0.0,5745647616,0,3,3,1,0,sleeping,67570,509036,6050119680,16384,6039021291,2082981882
2025-05-20 03:40:22,19208,5951873024,5745328128,199.5,17.216022128131513,0,5,1813.81,8.52,0.0,0.0,0.0,5745831936,0,3,3,1,0,sleeping,67570,509036,6050119680,16384,6039021291,2082981882
2025-05-20 03:40:23,19208,5951873024,5745590272,200.1,17.216807649307018,0,5,1815.99,8.52,0.0,0.0,0.0,5746016256,0,3,3,1,0,sleeping,67570,509036,6050119680,16384,6039021291,2082981882
2025-05-20 03:40:24,19208,5951873024,5745721344,199.5,17.21720040989477,0,5,1818.16,8.52,0.0,0.0,0.0,5746192384,0,3,3,1,0,sleeping,67570,509036,6050119680,16384,6039021291,2082981882
2025-05-20 03:40:25,19208,5951873024,5745852416,199.4,17.21759317048252,0,5,1820.33,8.52,0.0,0.0,0.0,5746384896,0,3,3,1,0,sleeping,67570,509036,6050119680,16384,6039021291,2082981882
2025-05-20 03:40:26,19208,5951873024,5746114560,199.7,17.218378691658025,0,5,1822.5,8.52,0.0,0.0,0.0,5746561024,0,3,3,1,0,sleeping,67570,509036,6050119680,16384,6039021291,2082981882
2025-05-20 03:40:27,19208,5951873024,5748604928,198.7,17.225841142825303,0,5,1824.67,8.52,0.0,0.0,0.0,5748998144,0,4,3,1,0,sleeping,67570,509045,6050119680,16384,6039021291,2082982493
2025-05-20 03:40:28,19208,5951873024,5748604928,199.8,17.225841142825303,0,5,1826.85,8.52,0.0,0.0,0.0,5748981760,0,4,3,1,0,sleeping,67570,509045,6050119680,16384,6039021291,2082982493
2025-05-20 03:40:29,19208,5951873024,5748678656,199.7,17.226062070655914,0,5,1829.02,8.53,0.0,0.0,0.0,5748981760,0,4,3,1,0,sleeping,67570,509045,6050119680,16384,6039021291,2082982493
2025-05-20 03:40:31,19208,5951873024,5748678656,199.7,17.226062070655914,0,5,1831.2,8.53,0.0,0.0,0.0,5748981760,0,3,3,1,0,sleeping,67570,509045,6050119680,16384,6039021291,2082982493
2025-05-20 03:40:32,19208,5951873024,5743464448,231.3,17.210437563524422,0,5,1833.69,8.57,0.0,0.0,0.0,5743984640,0,4,4,1,0,sleeping,69389,523584,6066896896,16384,6053922539,2142522146
2025-05-20 03:40:33,19208,5951873024,5743726592,199.4,17.211223084699924,0,5,1835.87,8.57,0.0,0.0,0.0,5744177152,0,4,4,1,0,sleeping,69389,523584,6066896896,16384,6053922539,2142522146
2025-05-20 03:40:34,19208,5951873024,5743988736,200.3,17.21200860587543,0,5,1838.05,8.57,0.0,0.0,0.0,5744410624,0,4,4,1,0,sleeping,69389,523584,6066896896,16384,6053922539,2142522146
2025-05-20 03:40:35,19208,5951873024,5744119808,199.5,17.21240136646318,0,5,1840.22,8.57,0.0,0.0,0.0,5744590848,0,4,4,1,0,sleeping,69389,523584,6066896896,16384,6053922539,2142522146
2025-05-20 03:40:36,19208,5951873024,5744250880,199.5,17.21279412705093,0,5,1842.4,8.57,0.0,0.0,0.0,5744771072,0,4,4,1,0,sleeping,69389,523584,6066896896,16384,6053922539,2142522146
2025-05-20 03:40:37,19208,5951873024,5744513024,197.9,17.213579648226435,0,5,1844.67,8.57,0.0,0.0,0.0,5744943104,0,4,4,1,0,sleeping,69389,523584,6066896896,16384,6053922539,2142522146
2025-05-20 03:40:38,19208,5951873024,5744644096,195.1,17.213972408814186,0,5,1847.03,8.57,0.0,0.0,0.0,5745094656,0,4,4,1,0,sleeping,69389,523584,6066896896,16384,6053922539,2142522146
2025-05-20 03:40:40,19208,5951873024,5744644096,201.7,17.213972408814186,0,5,1849.46,8.57,0.0,0.0,0.0,5745184768,0,4,4,1,0,sleeping,69389,523584,6066896896,16384,6053922539,2142522146
2025-05-20 03:40:41,19208,5951873024,5744775168,203.0,17.214365169401937,0,5,1851.7,8.57,0.0,0.0,0.0,5745311744,0,4,4,1,0,sleeping,69389,523584,6066896896,16384,6053922539,2142522146
2025-05-20 03:40:42,19208,5951873024,5744906240,200.4,17.214757929989688,0,5,1853.87,8.58,0.0,0.0,0.0,5745491968,0,4,4,1,0,sleeping,69389,523584,6066896896,16384,6053922539,2142522146
2025-05-20 03:40:43,19208,5951873024,5745168384,199.7,17.215543451165193,0,5,1856.04,8.58,0.0,0.0,0.0,5745672192,0,4,4,1,0,sleeping,69389,523584,6066896896,16384,6053922539,2142522146
2025-05-20 03:40:44,19208,5951873024,5745299456,199.4,17.215936211752943,0,5,1858.21,8.58,0.0,0.0,0.0,5745860608,0,4,4,1,0,sleeping,69389,523584,6066896896,16384,6053922539,2142522146
2025-05-20 03:40:45,19208,5951873024,5745430528,200.4,17.216328972340694,0,5,1860.39,8.58,0.0,0.0,0.0,5746040832,0,4,4,1,0,sleeping,69389,523584,6066896896,16384,6053922539,2142522146
2025-05-20 03:40:46,19208,5951873024,5745692672,199.6,17.2171144935162,0,5,1862.56,8.58,0.0,0.0,0.0,5746225152,0,4,4,1,0,sleeping,69389,523584,6066896896,16384,6053922539,2142522146
2025-05-20 03:40:47,19208,5951873024,5745954816,199.4,17.2179000146917,0,5,1864.73,8.58,0.0,0.0,0.0,5746413568,0,4,4,1,0,sleeping,69389,523584,6066896896,16384,6053922539,2142522146
2025-05-20 03:40:48,19208,5951873024,5746085888,199.5,17.218292775279455,0,5,1866.9,8.58,0.0,0.0,0.0,5746597888,0,4,4,1,0,sleeping,69389,523584,6066896896,16384,6053922539,2142522146
2025-05-20 03:40:49,19208,5951873024,5746216960,199.5,17.218685535867202,0,5,1869.07,8.58,0.0,0.0,0.0,5746782208,0,4,4,1,0,sleeping,69389,523584,6066896896,16384,6053922539,2142522146
2025-05-20 03:40:51,19208,5951873024,5746479104,199.7,17.219471057042707,0,5,1871.24,8.58,0.0,0.0,0.0,5746962432,0,4,4,1,0,sleeping,69389,523584,6066896896,16384,6053922539,2142522146
2025-05-20 03:40:52,19208,5951873024,5747003392,199.5,17.221042099393713,0,5,1873.41,8.58,0.0,0.0,0.0,5747490816,0,4,4,1,0,sleeping,69389,523584,6066896896,16384,6053922539,2142522146
2025-05-20 03:40:53,19208,5951873024,5747396608,199.6,17.222220381156966,0,5,1875.59,8.58,0.0,0.0,0.0,5748023296,0,4,3,1,0,sleeping,69389,523593,6066896896,16384,6053922539,2142522757
2025-05-20 03:40:54,19208,5951873024,5747396608,198.9,17.222220381156966,0,5,1877.75,8.59,0.0,0.0,0.0,5748023296,0,4,3,1,0,sleeping,69389,523593,6066896896,16384,6053922539,2142522757
2025-05-20 03:40:55,19208,5951873024,5747396608,200.7,17.222220381156966,0,5,1879.93,8.6,0.0,0.0,0.0,5748023296,0,4,3,1,0,sleeping,69389,523593,6066896896,16384,6053922539,2142522757
2025-05-20 03:40:56,19208,5951873024,5742637056,229.7,17.20795826231424,0,5,1882.43,8.64,0.0,0.0,0.0,5743333376,0,3,3,1,0,sleeping,71208,538127,6079479808,16384,6068823787,2202041930
2025-05-20 03:40:57,19208,5951873024,5742768128,200.1,17.208351022901994,0,5,1884.61,8.64,0.0,0.0,0.0,5743521792,0,3,3,1,0,sleeping,71208,538127,6079479808,16384,6068823787,2202041930
2025-05-20 03:40:58,19208,5951873024,5743161344,200.2,17.209529304665246,0,5,1886.79,8.64,0.0,0.0,0.0,5743706112,0,3,3,1,0,sleeping,71208,538127,6079479808,16384,6068823787,2202041930
2025-05-20 03:40:59,19208,5951873024,5743292416,197.8,17.209922065253,0,5,1888.98,8.64,0.0,0.0,0.0,5743874048,0,3,3,1,0,sleeping,71208,538127,6079479808,16384,6068823787,2202041930
2025-05-20 03:41:00,19208,5951873024,5743423488,195.5,17.21031482584075,0,5,1891.3,8.64,0.0,0.0,0.0,5744013312,0,3,3,1,0,sleeping,71208,538127,6079479808,16384,6068823787,2202041930
2025-05-20 03:41:02,19208,5951873024,5743423488,186.6,17.21031482584075,0,5,1894.03,8.64,0.0,0.0,0.0,5744078848,0,3,3,1,0,sleeping,71208,538127,6079479808,16384,6068823787,2202041930
2025-05-20 03:41:03,19208,5951873024,5743423488,201.0,17.21031482584075,0,5,1897.36,8.64,0.0,0.0,0.0,5744115712,0,3,3,1,0,sleeping,71208,538127,6079479808,16384,6068823787,2202041930
2025-05-20 03:41:05,19208,5951873024,5743554560,217.5,17.2107075864285,0,5,1899.82,8.64,0.0,0.0,0.0,5744201728,0,3,3,1,0,sleeping,71208,538127,6079479808,16384,6068823787,2202041930
2025-05-20 03:41:06,19208,5951873024,5743685632,200.8,17.211100347016252,0,5,1902.01,8.64,0.0,0.0,0.0,5744369664,0,3,3,1,0,sleeping,71208,538127,6079479808,16384,6068823787,2202041930
2025-05-20 03:41:07,19208,5951873024,5743947776,199.2,17.211885868191757,0,5,1904.19,8.64,0.0,0.0,0.0,5744537600,0,3,3,1,0,sleeping,71208,538127,6079479808,16384,6068823787,2202041930
2025-05-20 03:41:08,19208,5951873024,5744078848,200.6,17.212278628779508,0,5,1906.37,8.64,0.0,0.0,0.0,5744713728,0,3,3,1,0,sleeping,71208,538127,6079479808,16384,6068823787,2202041930
2025-05-20 03:41:09,19208,5951873024,5744209920,199.8,17.21267138936726,0,5,1908.54,8.64,0.0,0.0,0.0,5744902144,0,3,3,1,0,sleeping,71208,538127,6079479808,16384,6068823787,2202041930
2025-05-20 03:41:10,19208,5951873024,5744472064,199.5,17.213456910542764,0,5,1910.71,8.64,0.0,0.0,0.0,5745086464,0,3,3,1,0,sleeping,71208,538127,6079479808,16384,6068823787,2202041930
2025-05-20 03:41:11,19208,5951873024,5744603136,199.7,17.213849671130514,0,5,1912.88,8.64,0.0,0.0,0.0,5745270784,0,3,3,1,0,sleeping,71208,538127,6079479808,16384,6068823787,2202041930
2025-05-20 03:41:12,19208,5951873024,5744865280,199.5,17.214635192306016,0,5,1915.05,8.64,0.0,0.0,0.0,5745455104,0,3,3,1,0,sleeping,71208,538127,6079479808,16384,6068823787,2202041930
2025-05-20 03:41:13,19208,5951873024,5744996352,199.5,17.21502795289377,0,5,1917.22,8.64,0.0,0.0,0.0,5745639424,0,3,3,1,0,sleeping,71208,538127,6079479808,16384,6068823787,2202041930
2025-05-20 03:41:14,19208,5951873024,5745127424,200.3,17.215420713481517,0,5,1919.4,8.64,0.0,0.0,0.0,5745827840,0,3,3,1,0,sleeping,71208,538127,6079479808,16384,6068823787,2202041930
2025-05-20 03:41:16,19208,5951873024,5745389568,200.2,17.216206234657022,0,5,1921.58,8.64,0.0,0.0,0.0,5746012160,0,3,3,1,0,sleeping,71208,538127,6079479808,16384,6068823787,2202041930
2025-05-20 03:41:17,19208,5951873024,5745520640,199.6,17.216598995244777,0,5,1923.75,8.64,0.0,0.0,0.0,5746192384,0,3,3,1,0,sleeping,71208,538127,6079479808,16384,6068823787,2202041930
2025-05-20 03:41:18,19208,5951873024,5745782784,199.5,17.217384516420278,0,5,1925.91,8.65,0.0,0.0,0.0,5746376704,0,3,3,1,0,sleeping,71208,538127,6079479808,16384,6068823787,2202041930
2025-05-20 03:41:19,19208,5951873024,5746905088,198.7,17.2207475289529,0,5,1928.08,8.65,0.0,0.0,0.0,5747433472,0,4,3,1,0,sleeping,71208,538141,6079479808,16384,6068823787,2202042841
2025-05-20 03:41:20,19208,5951873024,5746905088,199.7,17.2207475289529,0,5,1930.25,8.66,0.0,0.0,0.0,5747433472,0,5,3,1,0,sleeping,71208,538141,6079479808,16384,6068823787,2202042841
2025-05-20 03:41:21,19208,5951873024,5746905088,199.5,17.2207475289529,0,5,1932.43,8.66,0.0,0.0,0.0,5747433472,0,4,3,1,0,sleeping,71208,538141,6079479808,16384,6068823787,2202042841
2025-05-20 03:41:22,19208,5951873024,5741719552,232.1,17.20520893819998,0,5,1934.91,8.73,0.0,0.0,0.0,5742297088,0,5,3,1,0,sleeping,73033,552677,6096257024,16384,6083774187,2261570206
2025-05-20 03:41:23,19208,5951873024,5741850624,199.2,17.20560169878773,0,5,1937.08,8.73,0.0,0.0,0.0,5742477312,0,5,3,1,0,sleeping,73033,552677,6096257024,16384,6083774187,2261570206
2025-05-20 03:41:24,19208,5951873024,5742112768,200.5,17.206387219963233,0,5,1939.26,8.73,0.0,0.0,0.0,5742657536,0,5,3,1,0,sleeping,73033,552677,6096257024,16384,6083774187,2261570206
2025-05-20 03:41:25,19208,5951873024,5742243840,199.6,17.206779980550987,0,5,1941.43,8.73,0.0,0.0,0.0,5742841856,0,4,3,1,0,sleeping,73033,552677,6096257024,16384,6083774187,2261570206
2025-05-20 03:41:26,19208,5951873024,5742374912,199.2,17.207172741138738,0,5,1943.6,8.73,0.0,0.0,0.0,5743038464,0,4,3,1,0,sleeping,73033,552677,6096257024,16384,6083774187,2261570206
2025-05-20 03:41:28,19208,5951873024,5742505984,200.1,17.207565501726492,0,5,1945.78,8.73,0.0,0.0,0.0,5743222784,0,4,3,1,0,sleeping,73033,552677,6096257024,16384,6083774187,2261570206
2025-05-20 03:41:29,19208,5951873024,5742768128,200.4,17.208351022901994,0,5,1947.96,8.73,0.0,0.0,0.0,5743419392,0,4,3,1,0,sleeping,73033,552677,6096257024,16384,6083774187,2261570206
2025-05-20 03:41:30,19208,5951873024,5742899200,199.7,17.208743783489744,0,5,1950.17,8.73,0.0,0.0,0.0,5743611904,0,4,3,1,0,sleeping,73033,552677,6096257024,16384,6083774187,2261570206
2025-05-20 03:41:31,19208,5951873024,5743161344,198.6,17.209529304665246,0,5,1952.33,8.73,0.0,0.0,0.0,5743812608,0,4,3,1,0,sleeping,73033,552677,6096257024,16384,6083774187,2261570206
2025-05-20 03:41:32,19208,5951873024,5743423488,200.7,17.21031482584075,0,5,1954.52,8.73,0.0,0.0,0.0,5743992832,0,5,3,1,0,sleeping,73033,552677,6096257024,16384,6083774187,2261570206
2025-05-20 03:41:33,19208,5951873024,5743423488,199.2,17.21031482584075,0,5,1956.68,8.74,0.0,0.0,0.0,5744164864,0,4,3,1,0,sleeping,73033,552677,6096257024,16384,6083774187,2261570206
2025-05-20 03:41:34,19208,5951873024,5743554560,199.3,17.2107075864285,0,5,1958.85,8.74,0.0,0.0,0.0,5744353280,0,4,3,1,0,sleeping,73033,552677,6096257024,16384,6083774187,2261570206
2025-05-20 03:41:35,19208,5951873024,5743816704,199.4,17.211493107604003,0,5,1961.02,8.74,0.0,0.0,0.0,5744533504,0,5,3,1,0,sleeping,73033,552677,6096257024,16384,6083774187,2261570206
2025-05-20 03:41:36,19208,5951873024,5743947776,200.4,17.211885868191757,0,5,1963.2,8.74,0.0,0.0,0.0,5744713728,0,5,3,1,0,sleeping,73033,552677,6096257024,16384,6083774187,2261570206
2025-05-20 03:41:37,19208,5951873024,5744078848,200.2,17.212278628779508,0,5,1965.37,8.75,0.0,0.0,0.0,5744893952,0,4,3,1,0,sleeping,73033,552677,6096257024,16384,6083774187,2261570206
2025-05-20 03:41:38,19208,5951873024,5744340992,199.4,17.21306414995501,0,5,1967.56,8.75,0.0,0.0,0.0,5745065984,0,4,3,1,0,sleeping,73033,552677,6096257024,16384,6083774187,2261570206
2025-05-20 03:41:40,19208,5951873024,5744472064,199.0,17.213456910542764,0,5,1969.78,8.75,0.0,0.0,0.0,5745238016,0,5,3,1,0,sleeping,73033,552677,6096257024,16384,6083774187,2261570206
2025-05-20 03:41:41,19208,5951873024,5745389568,199.9,17.216206234657022,0,5,1971.98,8.75,0.0,0.0,0.0,5746110464,0,5,3,1,0,sleeping,73033,552677,6096257024,16384,6083774187,2261570206
2025-05-20 03:41:42,19208,5951873024,5747093504,198.0,17.221312122297793,0,5,1974.16,8.75,0.0,0.0,0.0,5747707904,0,5,4,1,0,sleeping,73033,552691,6096257024,16384,6083774187,2261571119
2025-05-20 03:41:43,19208,5951873024,5747093504,199.5,17.221312122297793,0,5,1976.36,8.75,0.0,0.0,0.0,5747707904,0,5,4,1,0,sleeping,73033,552691,6096257024,16384,6083774187,2261571119
2025-05-20 03:41:44,19208,5951873024,5747093504,200.4,17.221312122297793,0,5,1978.55,8.75,0.0,0.0,0.0,5747707904,0,5,4,1,0,sleeping,73033,552691,6096257024,16384,6083774187,2261571119
2025-05-20 03:41:45,19208,5951873024,5737328640,198.4,17.193229740273562,0,3,1980.73,8.75,0.0,0.0,0.0,5747724288,0,3,2,1,0,sleeping,73033,558777,6096257024,16384,6083774187,2286495359
2025-05-20 03:41:46,19208,5951873024,5742526464,228.1,17.207626870568326,0,5,1983.2,8.79,0.0,0.0,0.0,5742944256,0,4,3,1,0,sleeping,74849,567228,6108839936,16384,6098650859,2321102580
2025-05-20 03:41:47,19208,5951873024,5742788608,199.5,17.20841239174383,0,5,1985.37,8.79,0.0,0.0,0.0,5743136768,0,3,3,1,0,sleeping,74849,567228,6108839936,16384,6098650859,2321102580
2025-05-20 03:41:48,19208,5951873024,5743050752,199.5,17.209197912919333,0,5,1987.54,8.79,0.0,0.0,0.0,5743357952,0,4,3,1,0,sleeping,74849,567228,6108839936,16384,6098650859,2321102580
2025-05-20 03:41:49,19208,5951873024,5743312896,200.4,17.209983434094838,0,5,1989.72,8.79,0.0,0.0,0.0,5743558656,0,4,3,1,0,sleeping,74849,567228,6108839936,16384,6098650859,2321102580
2025-05-20 03:41:51,19208,5951873024,5743443968,199.4,17.210376194682585,0,5,1991.89,8.79,0.0,0.0,0.0,5743734784,0,4,3,1,0,sleeping,74849,567228,6108839936,16384,6098650859,2321102580
2025-05-20 03:41:52,19208,5951873024,5743575040,200.2,17.210768955270336,0,5,1994.07,8.79,0.0,0.0,0.0,5743915008,0,4,3,1,0,sleeping,74849,567228,6108839936,16384,6098650859,2321102580
2025-05-20 03:41:53,19208,5951873024,5743837184,200.2,17.21155447644584,0,5,1996.24,8.8,0.0,0.0,0.0,5744091136,0,5,3,1,0,sleeping,74849,567228,6108839936,16384,6098650859,2321102580
2025-05-20 03:41:54,19208,5951873024,5743968256,199.7,17.21194723703359,0,5,1998.41,8.8,0.0,0.0,0.0,5744275456,0,4,3,1,0,sleeping,74849,567228,6108839936,16384,6098650859,2321102580
2025-05-20 03:41:55,19208,5951873024,5744099328,199.8,17.212339997621342,0,5,2000.62,8.8,0.0,0.0,0.0,5744455680,0,4,3,1,0,sleeping,74849,567228,6108839936,16384,6098650859,2321102580
2025-05-20 03:41:56,19208,5951873024,5744361472,200.3,17.213125518796847,0,5,2002.8,8.8,0.0,0.0,0.0,5744635904,0,5,3,1,0,sleeping,74849,567228,6108839936,16384,6098650859,2321102580
2025-05-20 03:41:57,19208,5951873024,5744492544,199.6,17.213518279384598,0,5,2004.97,8.8,0.0,0.0,0.0,5744812032,0,5,3,1,0,sleeping,74849,567228,6108839936,16384,6098650859,2321102580
2025-05-20 03:41:58,19208,5951873024,5744623616,199.4,17.21391103997235,0,5,2007.14,8.8,0.0,0.0,0.0,5744992256,0,4,3,1,0,sleeping,74849,567228,6108839936,16384,6098650859,2321102580
2025-05-20 03:41:59,19208,5951873024,5744754688,200.5,17.214303800560103,0,5,2009.32,8.8,0.0,0.0,0.0,5745176576,0,4,3,1,0,sleeping,74849,567228,6108839936,16384,6098650859,2321102580
2025-05-20 03:42:00,19208,5951873024,5745016832,198.7,17.215089321735604,0,5,2011.48,8.8,0.0,0.0,0.0,5745352704,0,4,3,1,0,sleeping,74849,567228,6108839936,16384,6098650859,2321102580
2025-05-20 03:42:01,19208,5951873024,5745147904,199.6,17.215482082323355,0,5,2013.65,8.8,0.0,0.0,0.0,5745541120,0,4,3,1,0,sleeping,74849,567228,6108839936,16384,6098650859,2321102580
2025-05-20 03:42:03,19208,5951873024,5745410048,200.6,17.216267603498856,0,5,2015.83,8.8,0.0,0.0,0.0,5745725440,0,4,3,1,0,sleeping,74849,567228,6108839936,16384,6098650859,2321102580
2025-05-20 03:42:04,19208,5951873024,5745541120,199.7,17.21666036408661,0,5,2018.0,8.8,0.0,0.0,0.0,5745909760,0,4,3,1,0,sleeping,74849,567228,6108839936,16384,6098650859,2321102580
2025-05-20 03:42:05,19208,5951873024,5747245056,198.8,17.22176625172738,0,5,2020.17,8.8,0.0,0.0,0.0,5747789824,0,5,3,1,0,sleeping,74849,567242,6108839936,16384,6098650859,2321103493
2025-05-20 03:42:06,19208,5951873024,5747245056,199.8,17.22176625172738,0,5,2022.35,8.8,0.0,0.0,0.0,5747789824,0,3,3,1,0,sleeping,74849,567242,6108839936,16384,6098650859,2321103493
2025-05-20 03:42:07,19208,5951873024,5747245056,198.7,17.22176625172738,0,5,2024.51,8.81,0.0,0.0,0.0,5747789824,0,3,3,1,0,sleeping,74849,567242,6108839936,16384,6098650859,2321103493
2025-05-20 03:42:08,19208,5884764160,5687574528,205.6,17.04296199415351,0,5,2026.8,8.85,0.0,0.0,0.0,5679796224,0,4,4,1,0,sleeping,75190,581766,6113034240,16384,6101444331,2380585750
2025-05-20 03:42:09,19208,5951873024,5741576192,226.8,17.204779356307128,0,5,2029.26,8.86,0.0,0.0,0.0,5742174208,0,4,4,1,0,sleeping,76673,581767,6125617152,16384,6113593067,2380585802
2025-05-20 03:42:10,19208,5951873024,5741707264,200.4,17.20517211689488,0,5,2031.44,8.86,0.0,0.0,0.0,5742362624,0,4,4,1,0,sleeping,76673,581767,6125617152,16384,6113593067,2380585802
2025-05-20 03:42:11,19208,5951873024,5741969408,199.5,17.205957638070384,0,5,2033.61,8.86,0.0,0.0,0.0,5742555136,0,4,4,1,0,sleeping,76673,581767,6125617152,16384,6113593067,2380585802
2025-05-20 03:42:12,19208,5951873024,5742231552,199.6,17.206743159245885,0,5,2035.78,8.86,0.0,0.0,0.0,5742739456,0,4,4,1,0,sleeping,76673,581767,6125617152,16384,6113593067,2380585802
2025-05-20 03:42:13,19208,5951873024,5742362624,200.6,17.207135919833636,0,5,2037.96,8.86,0.0,0.0,0.0,5742927872,0,4,4,1,0,sleeping,76673,581767,6125617152,16384,6113593067,2380585802
2025-05-20 03:42:15,19208,5951873024,5742493696,199.7,17.207528680421387,0,5,2040.13,8.86,0.0,0.0,0.0,5743108096,0,4,4,1,0,sleeping,76673,581767,6125617152,16384,6113593067,2380585802
2025-05-20 03:42:16,19208,5951873024,5742755840,199.7,17.20831420159689,0,5,2042.3,8.86,0.0,0.0,0.0,5743304704,0,4,4,1,0,sleeping,76673,581767,6125617152,16384,6113593067,2380585802
2025-05-20 03:42:17,19208,5951873024,5742886912,199.6,17.208706962184642,0,5,2044.47,8.86,0.0,0.0,0.0,5743484928,0,4,4,1,0,sleeping,76673,581767,6125617152,16384,6113593067,2380585802
2025-05-20 03:42:18,19208,5951873024,5743017984,199.4,17.209099722772393,0,5,2046.64,8.86,0.0,0.0,0.0,5743661056,0,4,4,1,0,sleeping,76673,581767,6125617152,16384,6113593067,2380585802
2025-05-20 03:42:19,19208,5951873024,5743280128,199.0,17.209885243947898,0,5,2048.84,8.86,0.0,0.0,0.0,5743603712,0,4,4,1,0,sleeping,76673,581767,6125617152,16384,6113593067,2380585802
2025-05-20 03:42:20,19208,5951873024,5743411200,199.6,17.21027800453565,0,5,2051.07,8.86,0.0,0.0,0.0,5744017408,0,4,4,1,0,sleeping,76673,581767,6125617152,16384,6113593067,2380585802
2025-05-20 03:42:21,19208,5951873024,5743542272,198.6,17.2106707651234,0,5,2053.34,8.86,0.0,0.0,0.0,5744164864,0,4,4,1,0,sleeping,76673,581767,6125617152,16384,6113593067,2380585802
2025-05-20 03:42:22,19208,5951873024,5743673344,197.2,17.21106352571115,0,5,2055.68,8.86,0.0,0.0,0.0,5744279552,0,4,4,1,0,sleeping,76673,581767,6125617152,16384,6113593067,2380585802
2025-05-20 03:42:23,19208,5951873024,5743804416,202.1,17.211456286298905,0,5,2057.98,8.86,0.0,0.0,0.0,5744369664,0,4,4,1,0,sleeping,76673,581767,6125617152,16384,6113593067,2380585802
2025-05-20 03:42:25,19208,5951873024,5743935488,201.3,17.211849046886655,0,5,2060.18,8.86,0.0,0.0,0.0,5744529408,0,4,4,1,0,sleeping,76673,581767,6125617152,16384,6113593067,2380585802
2025-05-20 03:42:26,19208,5951873024,5744066560,200.4,17.212241807474406,0,5,2062.36,8.86,0.0,0.0,0.0,5744705536,0,4,4,1,0,sleeping,76673,581767,6125617152,16384,6113593067,2380585802
2025-05-20 03:42:27,19208,5951873024,5744328704,199.3,17.213027328649908,0,5,2064.54,8.86,0.0,0.0,0.0,5744889856,0,4,4,1,0,sleeping,76673,581767,6125617152,16384,6113593067,2380585802
2025-05-20 03:42:28,19208,5951873024,5744459776,200.2,17.213420089237662,0,5,2066.72,8.86,0.0,0.0,0.0,5745065984,0,4,4,1,0,sleeping,76673,581767,6125617152,16384,6113593067,2380585802
2025-05-20 03:42:29,19208,5951873024,5745508352,200.0,17.21656217393967,0,5,2068.9,8.86,0.0,0.0,0.0,5746139136,0,5,4,1,0,sleeping,76673,581767,6125617152,16384,6113593067,2380585802
2025-05-20 03:42:30,19208,5951873024,5746032640,196.7,17.218133216290678,0,5,2071.06,8.86,0.0,0.0,0.0,5746548736,0,4,4,1,0,sleeping,76673,581776,6125617152,16384,6113593067,2380586413
2025-05-20 03:42:31,19208,5951873024,5746032640,201.6,17.218133216290678,0,5,2073.26,8.86,0.0,0.0,0.0,5746548736,0,4,4,1,0,sleeping,76673,581776,6125617152,16384,6113593067,2380586413
2025-05-20 03:42:32,19208,5951873024,5746032640,200.2,17.218133216290678,0,5,2075.45,8.86,0.0,0.0,0.0,5746548736,0,4,4,1,0,sleeping,76673,581776,6125617152,16384,6113593067,2380586413
2025-05-20 03:42:33,19208,5951873024,5741334528,229.2,17.20405520397346,0,5,2077.93,8.88,0.0,0.0,0.0,5741789184,0,4,3,1,0,sleeping,78495,596306,6146228224,16384,6128518891,2440089202
2025-05-20 03:42:34,19208,5951873024,5741465600,199.4,17.20444796456121,0,5,2080.1,8.88,0.0,0.0,0.0,5741977600,0,4,3,1,0,sleeping,78495,596306,6146228224,16384,6128518891,2440089202
2025-05-20 03:42:36,19208,5951873024,5741727744,200.6,17.205233485736716,0,5,2082.28,8.88,0.0,0.0,0.0,5742161920,0,4,3,1,0,sleeping,78495,596306,6146228224,16384,6128518891,2440089202
2025-05-20 03:42:37,19208,5951873024,5741858816,199.6,17.205626246324467,0,5,2084.45,8.89,0.0,0.0,0.0,5742346240,0,4,3,1,0,sleeping,78495,596306,6146228224,16384,6128518891,2440089202
2025-05-20 03:42:38,19208,5951873024,5741989888,200.3,17.206019006912218,0,5,2086.63,8.89,0.0,0.0,0.0,5742530560,0,4,3,1,0,sleeping,78495,596306,6146228224,16384,6128518891,2440089202
2025-05-20 03:42:39,19208,5951873024,5742252032,199.5,17.206804528087723,0,5,2088.8,8.89,0.0,0.0,0.0,5742710784,0,4,3,1,0,sleeping,78495,596306,6146228224,16384,6128518891,2440089202
2025-05-20 03:42:40,19208,5951873024,5742383104,199.6,17.20719728867547,0,5,2090.97,8.89,0.0,0.0,0.0,5742899200,0,4,3,1,0,sleeping,78495,596306,6146228224,16384,6128518891,2440089202
2025-05-20 03:42:41,19208,5951873024,5742514176,200.3,17.207590049263224,0,5,2093.15,8.89,0.0,0.0,0.0,5743083520,0,4,3,1,0,sleeping,78495,596306,6146228224,16384,6128518891,2440089202
2025-05-20 03:42:42,19208,5951873024,5742776320,199.5,17.208375570438726,0,5,2095.32,8.89,0.0,0.0,0.0,5743271936,0,4,3,1,0,sleeping,78495,596306,6146228224,16384,6128518891,2440089202
2025-05-20 03:42:43,19208,5951873024,5742907392,199.6,17.208768331026477,0,5,2097.49,8.89,0.0,0.0,0.0,5743456256,0,4,3,1,0,sleeping,78495,596306,6146228224,16384,6128518891,2440089202
2025-05-20 03:42:44,19208,5951873024,5743169536,200.4,17.20955385220198,0,5,2099.67,8.89,0.0,0.0,0.0,5743636480,0,4,3,1,0,sleeping,78495,596306,6146228224,16384,6128518891,2440089202
2025-05-20 03:42:45,19208,5951873024,5743300608,199.5,17.209946612789732,0,5,2101.84,8.89,0.0,0.0,0.0,5743824896,0,4,3,1,0,sleeping,78495,596306,6146228224,16384,6128518891,2440089202
2025-05-20 03:42:46,19208,5951873024,5743431680,199.6,17.210339373377483,0,5,2104.05,8.89,0.0,0.0,0.0,5744009216,0,4,3,1,0,sleeping,78495,596306,6146228224,16384,6128518891,2440089202
2025-05-20 03:42:47,19208,5951873024,5743693824,200.1,17.211124894552988,0,5,2106.23,8.89,0.0,0.0,0.0,5744197632,0,4,3,1,0,sleeping,78495,596306,6146228224,16384,6128518891,2440089202
2025-05-20 03:42:49,19208,5951873024,5743824896,199.6,17.21151765514074,0,5,2108.4,8.89,0.0,0.0,0.0,5744377856,0,4,3,1,0,sleeping,78495,596306,6146228224,16384,6128518891,2440089202
2025-05-20 03:42:50,19208,5951873024,5744087040,199.4,17.212303176316244,0,5,2110.57,8.89,0.0,0.0,0.0,5744558080,0,4,3,1,0,sleeping,78495,596306,6146228224,16384,6128518891,2440089202
2025-05-20 03:42:51,19208,5951873024,5744218112,200.2,17.212695936903994,0,5,2112.75,8.89,0.0,0.0,0.0,5744738304,0,4,3,1,0,sleeping,78495,596306,6146228224,16384,6128518891,2440089202
2025-05-20 03:42:52,19208,5951873024,5745659904,199.2,17.21701630336926,0,5,2114.92,8.89,0.0,0.0,0.0,5746085888,0,4,3,1,0,sleeping,78495,596315,6146228224,16384,6128518891,2440089813
2025-05-20 03:42:53,19208,5951873024,5745659904,198.8,17.21701630336926,0,5,2117.09,8.89,0.0,0.0,0.0,5746085888,0,4,3,1,0,sleeping,78495,596315,6146228224,16384,6128518891,2440089813
2025-05-20 03:42:54,19208,5951873024,5745659904,200.7,17.21701630336926,0,5,2119.27,8.9,0.0,0.0,0.0,5746085888,0,4,3,1,0,sleeping,78495,596315,6146228224,16384,6128518891,2440089813
2025-05-20 03:42:55,19208,5951873024,5745659904,198.9,17.21701630336926,0,5,2121.44,8.9,0.0,0.0,0.0,5746085888,0,4,3,1,0,sleeping,78495,596315,6146228224,16384,6128518891,2440089813
2025-05-20 03:42:56,19208,5951873024,5742419968,232.9,17.20730775259078,0,5,2123.96,8.94,0.0,0.0,0.0,5742878720,0,4,3,1,0,sleeping,80315,610850,6163005440,16384,6143428331,2499613082
2025-05-20 03:42:57,19208,5951873024,5742551040,200.0,17.20770051317853,0,5,2126.14,8.94,0.0,0.0,0.0,5743108096,0,4,3,1,0,sleeping,80315,610850,6163005440,16384,6143428331,2499613082
2025-05-20 03:42:58,19208,5951873024,5742813184,198.8,17.20848603435403,0,5,2128.34,8.94,0.0,0.0,0.0,5743276032,0,5,3,1,0,sleeping,80315,610850,6163005440,16384,6143428331,2499613082
2025-05-20 03:43:00,19208,5951873024,5742813184,195.8,17.20848603435403,0,5,2130.64,8.95,0.0,0.0,0.0,5743407104,0,4,3,1,0,sleeping,80315,610850,6163005440,16384,6143428331,2499613082
2025-05-20 03:43:01,19208,5951873024,5742944256,187.0,17.208878794941786,0,5,2133.34,8.95,0.0,0.0,0.0,5743472640,0,5,3,1,0,sleeping,80315,610850,6163005440,16384,6143428331,2499613082
2025-05-20 03:43:02,19208,5951873024,5742944256,199.8,17.208878794941786,0,5,2136.39,8.95,0.0,0.0,0.0,5743513600,0,5,3,1,0,sleeping,80315,610850,6163005440,16384,6143428331,2499613082
2025-05-20 03:43:04,19208,5951873024,5743075328,215.2,17.209271555529533,0,5,2138.86,8.95,0.0,0.0,0.0,5743656960,0,4,3,1,0,sleeping,80315,610850,6163005440,16384,6143428331,2499613082
2025-05-20 03:43:05,19208,5951873024,5743206400,201.6,17.209664316117287,0,5,2141.06,8.95,0.0,0.0,0.0,5743812608,0,4,3,1,0,sleeping,80315,610850,6163005440,16384,6143428331,2499613082
2025-05-20 03:43:06,19208,5951873024,5743468544,200.8,17.210449837292792,0,5,2143.25,8.95,0.0,0.0,0.0,5743992832,0,5,3,1,0,sleeping,80315,610850,6163005440,16384,6143428331,2499613082
2025-05-20 03:43:07,19208,5951873024,5743599616,198.4,17.21084259788054,0,5,2145.41,8.95,0.0,0.0,0.0,5744177152,0,3,3,1,0,sleeping,80315,610850,6163005440,16384,6143428331,2499613082
2025-05-20 03:43:08,19208,5951873024,5743861760,200.2,17.211628119056044,0,5,2147.59,8.95,0.0,0.0,0.0,5744373760,0,3,3,1,0,sleeping,80315,610850,6163005440,16384,6143428331,2499613082
2025-05-20 03:43:09,19208,5951873024,5743992832,200.3,17.212020879643795,0,5,2149.77,8.95,0.0,0.0,0.0,5744541696,0,4,3,1,0,sleeping,80315,610850,6163005440,16384,6143428331,2499613082
2025-05-20 03:43:10,19208,5951873024,5744254976,199.5,17.2128064008193,0,5,2151.94,8.95,0.0,0.0,0.0,5744726016,0,4,3,1,0,sleeping,80315,610850,6163005440,16384,6143428331,2499613082
2025-05-20 03:43:11,19208,5951873024,5744386048,199.4,17.21319916140705,0,5,2154.11,8.95,0.0,0.0,0.0,5744906240,0,4,3,1,0,sleeping,80315,610850,6163005440,16384,6143428331,2499613082
2025-05-20 03:43:12,19208,5951873024,5744517120,199.7,17.2135919219948,0,5,2156.32,8.95,0.0,0.0,0.0,5745086464,0,5,3,1,0,sleeping,80315,610850,6163005440,16384,6143428331,2499613082
2025-05-20 03:43:14,19208,5951873024,5744779264,200.3,17.214377443170303,0,5,2158.5,8.95,0.0,0.0,0.0,5745270784,0,4,3,1,0,sleeping,80315,610850,6163005440,16384,6143428331,2499613082
2025-05-20 03:43:15,19208,5951873024,5744910336,199.3,17.214770203758057,0,5,2160.67,8.95,0.0,0.0,0.0,5745455104,0,4,3,1,0,sleeping,80315,610850,6163005440,16384,6143428331,2499613082
2025-05-20 03:43:16,19208,5951873024,5745172480,200.3,17.21555572493356,0,5,2162.85,8.95,0.0,0.0,0.0,5745643520,0,4,3,1,0,sleeping,80315,610850,6163005440,16384,6143428331,2499613082
2025-05-20 03:43:17,19208,5951873024,5745303552,199.4,17.21594848552131,0,5,2165.02,8.95,0.0,0.0,0.0,5745823744,0,4,3,1,0,sleeping,80315,610850,6163005440,16384,6143428331,2499613082
2025-05-20 03:43:18,19208,5951873024,5745565696,199.4,17.216734006696814,0,5,2167.19,8.95,0.0,0.0,0.0,5746008064,0,5,3,1,0,sleeping,80315,610850,6163005440,16384,6143428331,2499613082
2025-05-20 03:43:19,19208,5951873024,5745696768,199.4,17.217126767284565,0,5,2169.37,8.95,0.0,0.0,0.0,5746184192,0,5,4,1,0,sleeping,80315,610859,6163005440,16384,6143428331,2499613693
2025-05-20 03:43:20,19208,5951873024,5745696768,199.7,17.217126767284565,0,5,2171.55,8.95,0.0,0.0,0.0,5746184192,0,5,4,1,0,sleeping,80315,610859,6163005440,16384,6143428331,2499613693
2025-05-20 03:43:21,19208,5951873024,5745696768,199.7,17.217126767284565,0,5,2173.73,8.95,0.0,0.0,0.0,5746184192,0,5,4,1,0,sleeping,80315,610859,6163005440,16384,6143428331,2499613693
2025-05-20 03:43:22,19208,5951873024,5735260160,231.0,17.185853205484854,0,5,2176.19,9.01,0.0,0.0,0.0,5735665664,0,4,4,1,0,sleeping,82134,625397,6175588352,16384,6158329579,2559149250
2025-05-20 03:43:23,19208,5951873024,5735391232,200.2,17.186245966072605,0,5,2178.37,9.01,0.0,0.0,0.0,5735845888,0,4,4,1,0,sleeping,82134,625397,6175588352,16384,6158329579,2559149250
2025-05-20 03:43:24,19208,5951873024,5735522304,199.2,17.186638726660355,0,5,2180.56,9.01,0.0,0.0,0.0,5736022016,0,4,4,1,0,sleeping,82134,625397,6175588352,16384,6158329579,2559149250
2025-05-20 03:43:26,19208,5951873024,5735784448,198.9,17.187424247835857,0,5,2182.75,9.01,0.0,0.0,0.0,5736189952,0,4,4,1,0,sleeping,82134,625397,6175588352,16384,6158329579,2559149250
2025-05-20 03:43:27,19208,5951873024,5735915520,200.7,17.187817008423607,0,5,2184.96,9.01,0.0,0.0,0.0,5736349696,0,4,4,1,0,sleeping,82134,625397,6175588352,16384,6158329579,2559149250
2025-05-20 03:43:28,19208,5951873024,5736046592,199.9,17.18820976901136,0,5,2187.16,9.01,0.0,0.0,0.0,5736525824,0,4,4,1,0,sleeping,82134,625397,6175588352,16384,6158329579,2559149250
2025-05-20 03:43:29,19208,5951873024,5736308736,199.6,17.188995290186863,0,5,2189.33,9.01,0.0,0.0,0.0,5736718336,0,4,4,1,0,sleeping,82134,625397,6175588352,16384,6158329579,2559149250
2025-05-20 03:43:30,19208,5951873024,5736439808,199.6,17.189388050774614,0,5,2191.5,9.01,0.0,0.0,0.0,5736894464,0,4,4,1,0,sleeping,82134,625397,6175588352,16384,6158329579,2559149250
2025-05-20 03:43:31,19208,5951873024,5736570880,199.4,17.18978081136237,0,5,2193.67,9.01,0.0,0.0,0.0,5737091072,0,4,4,1,0,sleeping,82134,625397,6175588352,16384,6158329579,2559149250
2025-05-20 03:43:32,19208,5951873024,5736833024,200.4,17.19056633253787,0,5,2195.85,9.01,0.0,0.0,0.0,5737267200,0,4,4,1,0,sleeping,82134,625397,6175588352,16384,6158329579,2559149250
2025-05-20 03:43:33,19208,5951873024,5736964096,199.4,17.19095909312562,0,5,2198.02,9.01,0.0,0.0,0.0,5737443328,0,4,4,1,0,sleeping,82134,625397,6175588352,16384,6158329579,2559149250
2025-05-20 03:43:34,19208,5951873024,5737095168,199.6,17.191351853713375,0,5,2200.19,9.01,0.0,0.0,0.0,5737639936,0,4,4,1,0,sleeping,82134,625397,6175588352,16384,6158329579,2559149250
2025-05-20 03:43:35,19208,5951873024,5737357312,200.1,17.192137374888876,0,5,2202.37,9.01,0.0,0.0,0.0,5737820160,0,4,4,1,0,sleeping,82134,625397,6175588352,16384,6158329579,2559149250
2025-05-20 03:43:36,19208,5951873024,5737488384,200.2,17.192530135476627,0,5,2204.55,9.01,0.0,0.0,0.0,5737996288,0,4,4,1,0,sleeping,82134,625397,6175588352,16384,6158329579,2559149250
2025-05-20 03:43:38,19208,5951873024,5737750528,199.5,17.193315656652132,0,5,2206.72,9.01,0.0,0.0,0.0,5738176512,0,4,4,1,0,sleeping,82134,625397,6175588352,16384,6158329579,2559149250
2025-05-20 03:43:39,19208,5951873024,5739323392,199.8,17.198028783705148,0,5,2208.93,9.01,0.0,0.0,0.0,5739626496,0,4,4,1,0,sleeping,82134,625397,6175588352,16384,6158329579,2559149250
2025-05-20 03:43:40,19208,5951873024,5742338048,199.3,17.207062277223432,0,5,2211.1,9.01,0.0,0.0,0.0,5742714880,0,4,4,1,0,sleeping,82134,625397,6175588352,16384,6158329579,2559149250
2025-05-20 03:43:41,19208,5951873024,5745221632,200.3,17.215703010153966,0,5,2213.28,9.01,0.0,0.0,0.0,5745639424,0,4,4,1,0,sleeping,82134,625397,6175588352,16384,6158329579,2559149250
2025-05-20 03:43:42,19208,5951873024,5747056640,198.7,17.221201658382487,0,5,2215.48,9.01,0.0,0.0,0.0,5747658752,0,5,4,1,0,sleeping,82134,625406,6175588352,16384,6158329579,2559149861
2025-05-20 03:43:43,19208,5951873024,5747056640,199.6,17.221201658382487,0,5,2217.65,9.02,0.0,0.0,0.0,5747658752,0,4,3,1,0,sleeping,82134,625406,6175588352,16384,6158329579,2559149861
2025-05-20 03:43:44,19208,5951873024,5747056640,198.8,17.221201658382487,0,5,2219.81,9.03,0.0,0.0,0.0,5747671040,0,4,3,1,0,sleeping,82134,625406,6175588352,16384,6158329579,2559149861
2025-05-20 03:43:45,19208,5951873024,5744050176,234.6,17.212192712400938,0,5,2222.35,9.11,0.0,0.0,0.0,5744500736,0,4,4,1,0,sleeping,83950,639940,6196199424,16384,6173206251,2618669034
2025-05-20 03:43:46,19208,5951873024,5744181248,200.2,17.21258547298869,0,5,2224.55,9.11,0.0,0.0,0.0,5744701440,0,4,4,1,0,sleeping,83950,639940,6196199424,16384,6173206251,2618669034
2025-05-20 03:43:47,19208,5951873024,5744443392,199.6,17.213370994164194,0,5,2226.72,9.11,0.0,0.0,0.0,5744971776,0,4,4,1,0,sleeping,83950,639940,6196199424,16384,6173206251,2618669034
2025-05-20 03:43:49,19208,5951873024,5744705536,199.6,17.214156515339692,0,5,2228.9,9.11,0.0,0.0,0.0,5745213440,0,4,4,1,0,sleeping,83950,639940,6196199424,16384,6173206251,2618669034
2025-05-20 03:43:50,19208,5951873024,5744967680,199.2,17.214942036515197,0,5,2231.07,9.11,0.0,0.0,0.0,5745500160,0,4,4,1,0,sleeping,83950,639940,6196199424,16384,6173206251,2618669034
2025-05-20 03:43:51,19208,5951873024,5745098752,200.3,17.215334797102948,0,5,2233.25,9.11,0.0,0.0,0.0,5745717248,0,4,4,1,0,sleeping,83950,639940,6196199424,16384,6173206251,2618669034
2025-05-20 03:43:52,19208,5951873024,5745491968,199.4,17.216513078866203,0,5,2235.42,9.11,0.0,0.0,0.0,5745950720,0,4,4,1,0,sleeping,83950,639940,6196199424,16384,6173206251,2618669034
2025-05-20 03:43:53,19208,5951873024,5745623040,200.4,17.216905839453954,0,5,2237.6,9.11,0.0,0.0,0.0,5746171904,0,4,4,1,0,sleeping,83950,639940,6196199424,16384,6173206251,2618669034
2025-05-20 03:43:54,19208,5951873024,5745754112,199.4,17.217298600041705,0,5,2239.77,9.11,0.0,0.0,0.0,5746352128,0,4,4,1,0,sleeping,83950,639940,6196199424,16384,6173206251,2618669034
2025-05-20 03:43:55,19208,5951873024,5746016256,200.2,17.21808412121721,0,5,2241.95,9.11,0.0,0.0,0.0,5746544640,0,4,4,1,0,sleeping,83950,639940,6196199424,16384,6173206251,2618669034
2025-05-20 03:43:56,19208,5951873024,5746147328,199.4,17.21847688180496,0,5,2244.12,9.11,0.0,0.0,0.0,5746724864,0,4,4,1,0,sleeping,83950,639940,6196199424,16384,6173206251,2618669034
2025-05-20 03:43:57,19208,5951873024,5746409472,200.3,17.219262402980466,0,5,2246.3,9.11,0.0,0.0,0.0,5746913280,0,4,4,1,0,sleeping,83950,639940,6196199424,16384,6173206251,2618669034
2025-05-20 03:43:58,19208,5951873024,5746540544,199.4,17.219655163568216,0,5,2248.47,9.11,0.0,0.0,0.0,5747105792,0,4,4,1,0,sleeping,83950,639940,6196199424,16384,6173206251,2618669034
2025-05-20 03:43:59,19208,5951873024,5746802688,200.5,17.220440684743718,0,5,2250.64,9.12,0.0,0.0,0.0,5747281920,0,4,4,1,0,sleeping,83950,639940,6196199424,16384,6173206251,2618669034
2025-05-20 03:44:00,19208,5951873024,5746933760,200.4,17.220833445331472,0,5,2252.82,9.12,0.0,0.0,0.0,5747470336,0,4,4,1,0,sleeping,83950,639940,6196199424,16384,6173206251,2618669034
2025-05-20 03:44:02,19208,5951873024,5747195904,199.3,17.22161896650697,0,5,2254.99,9.12,0.0,0.0,0.0,5747654656,0,4,4,1,0,sleeping,83950,639940,6196199424,16384,6173206251,2618669034
2025-05-20 03:44:03,19208,5951873024,5747326976,197.6,17.222011727094724,0,5,2257.17,9.12,0.0,0.0,0.0,5747843072,0,4,4,1,0,sleeping,83950,639940,6196199424,16384,6173206251,2618669034
2025-05-20 03:44:04,19208,5951873024,5747589120,202.0,17.222797248270226,0,5,2259.37,9.12,0.0,0.0,0.0,5748031488,0,4,4,1,0,sleeping,83950,639940,6196199424,16384,6173206251,2618669034
2025-05-20 03:44:05,19208,5951873024,5747589120,198.9,17.222797248270226,0,5,2261.58,9.12,0.0,0.0,0.0,5748109312,0,4,4,1,0,sleeping,83950,639949,6196199424,16384,6173206251,2618669644
2025-05-20 03:44:06,19208,5951873024,5747589120,198.8,17.222797248270226,0,5,2263.75,9.12,0.0,0.0,0.0,5748109312,0,4,4,1,0,sleeping,83950,639949,6196199424,16384,6173206251,2618669644
2025-05-20 03:44:07,19208,5951873024,5747589120,199.7,17.222797248270226,0,5,2265.92,9.13,0.0,0.0,0.0,5748109312,0,4,4,1,0,sleeping,83950,639949,6196199424,16384,6173206251,2618669644
2025-05-20 03:44:08,19208,5951873024,5734973440,232.0,17.184994041699145,0,5,2268.4,9.18,0.0,0.0,0.0,5735174144,0,4,3,1,0,sleeping,85764,654486,6212976640,16384,6188066539,2678201105
2025-05-20 03:44:09,19208,5951873024,5735104512,199.4,17.1853868022869,0,5,2270.57,9.18,0.0,0.0,0.0,5735358464,0,4,3,1,0,sleeping,85764,654486,6212976640,16384,6188066539,2678201105
2025-05-20 03:44:10,19208,5951873024,5735366656,200.2,17.1861723234624,0,5,2272.75,9.18,0.0,0.0,0.0,5735546880,0,4,3,1,0,sleeping,85764,654486,6212976640,16384,6188066539,2678201105
2025-05-20 03:44:11,19208,5951873024,5735497728,199.5,17.18656508405015,0,5,2274.92,9.18,0.0,0.0,0.0,5735731200,0,4,3,1,0,sleeping,85764,654486,6212976640,16384,6188066539,2678201105
2025-05-20 03:44:13,19208,5951873024,5735628800,200.2,17.186957844637902,0,5,2277.1,9.18,0.0,0.0,0.0,5735907328,0,4,3,1,0,sleeping,85764,654486,6212976640,16384,6188066539,2678201105
2025-05-20 03:44:14,19208,5951873024,5735890944,199.6,17.187743365813407,0,5,2279.27,9.18,0.0,0.0,0.0,5736083456,0,4,3,1,0,sleeping,85764,654486,6212976640,16384,6188066539,2678201105
2025-05-20 03:44:15,19208,5951873024,5736022016,199.7,17.188136126401158,0,5,2281.44,9.18,0.0,0.0,0.0,5736267776,0,4,3,1,0,sleeping,85764,654486,6212976640,16384,6188066539,2678201105
2025-05-20 03:44:16,19208,5951873024,5736153088,200.2,17.18852888698891,0,5,2283.62,9.18,0.0,0.0,0.0,5736452096,0,4,3,1,0,sleeping,85764,654486,6212976640,16384,6188066539,2678201105
2025-05-20 03:44:17,19208,5951873024,5736415232,199.3,17.189314408164414,0,5,2285.79,9.18,0.0,0.0,0.0,5736640512,0,4,3,1,0,sleeping,85764,654486,6212976640,16384,6188066539,2678201105
2025-05-20 03:44:18,19208,5951873024,5736546304,199.2,17.189707168752165,0,5,2287.96,9.18,0.0,0.0,0.0,5736824832,0,4,3,1,0,sleeping,85764,654486,6212976640,16384,6188066539,2678201105
2025-05-20 03:44:19,19208,5951873024,5736808448,199.4,17.190492689927666,0,5,2290.17,9.18,0.0,0.0,0.0,5737021440,0,4,3,1,0,sleeping,85764,654486,6212976640,16384,6188066539,2678201105
2025-05-20 03:44:20,19208,5951873024,5737070592,200.9,17.19127821110317,0,5,2292.38,9.18,0.0,0.0,0.0,5737197568,0,4,3,1,0,sleeping,85764,654486,6212976640,16384,6188066539,2678201105
2025-05-20 03:44:21,19208,5951873024,5737201664,199.5,17.19167097169092,0,5,2294.55,9.18,0.0,0.0,0.0,5737381888,0,4,3,1,0,sleeping,85764,654486,6212976640,16384,6188066539,2678201105
2025-05-20 03:44:22,19208,5951873024,5737332736,199.4,17.192063732278672,0,5,2296.72,9.18,0.0,0.0,0.0,5737566208,0,4,3,1,0,sleeping,85764,654486,6212976640,16384,6188066539,2678201105
2025-05-20 03:44:23,19208,5951873024,5737463808,200.4,17.192456492866423,0,5,2298.9,9.18,0.0,0.0,0.0,5737766912,0,4,3,1,0,sleeping,85764,654486,6212976640,16384,6188066539,2678201105
2025-05-20 03:44:25,19208,5951873024,5737988096,199.4,17.19402753521743,0,5,2301.07,9.18,0.0,0.0,0.0,5738323968,0,4,3,1,0,sleeping,85764,654486,6212976640,16384,6188066539,2678201105
2025-05-20 03:44:26,19208,5951873024,5741002752,199.6,17.203061028735714,0,5,2303.24,9.18,0.0,0.0,0.0,5741297664,0,4,3,1,0,sleeping,85764,654486,6212976640,16384,6188066539,2678201105
2025-05-20 03:44:27,19208,5951873024,5744672768,199.4,17.214058325192756,0,5,2305.43,9.19,0.0,0.0,0.0,5745127424,0,3,2,1,0,sleeping,85764,654495,6212976640,16384,6188066539,2678201716
2025-05-20 03:44:28,19208,5951873024,5744672768,199.9,17.214058325192756,0,5,2307.61,9.19,0.0,0.0,0.0,5745127424,0,3,2,1,0,sleeping,85764,654495,6212976640,16384,6188066539,2678201716
2025-05-20 03:44:29,19208,5951873024,5744672768,199.0,17.214058325192756,0,5,2309.78,9.19,0.0,0.0,0.0,5745127424,0,4,3,1,0,sleeping,85764,654495,6212976640,16384,6188066539,2678201716
2025-05-20 03:44:30,19208,5884764160,5688389632,205.4,17.045797234646347,0,5,2312.02,9.22,0.0,0.0,0.0,5681451008,0,5,4,1,0,sleeping,86132,669016,6212976640,16384,6191081195,2737671685
2025-05-20 03:44:31,19208,5951873024,5741735936,226.6,17.20525803327345,0,5,2314.51,9.24,0.0,0.0,0.0,5742198784,0,4,4,1,0,sleeping,87582,669017,6225559552,16384,6202959595,2737671737
2025-05-20 03:44:32,19208,5951873024,5741998080,198.9,17.206043554448954,0,5,2316.68,9.24,0.0,0.0,0.0,5742403584,0,4,4,1,0,sleeping,87582,669017,6225559552,16384,6202959595,2737671737
2025-05-20 03:44:33,19208,5951873024,5742129152,200.2,17.206436315036704,0,5,2318.86,9.24,0.0,0.0,0.0,5742608384,0,4,4,1,0,sleeping,87582,669017,6225559552,16384,6202959595,2737671737
2025-05-20 03:44:34,19208,5951873024,5742260224,199.7,17.206829075624455,0,5,2321.03,9.24,0.0,0.0,0.0,5742800896,0,4,4,1,0,sleeping,87582,669017,6225559552,16384,6202959595,2737671737
2025-05-20 03:44:35,19208,5951873024,5742522368,199.8,17.207614596799957,0,5,2323.2,9.24,0.0,0.0,0.0,5742981120,0,4,4,1,0,sleeping,87582,669017,6225559552,16384,6202959595,2737671737
2025-05-20 03:44:37,19208,5951873024,5742915584,199.7,17.208792878563216,0,5,2325.37,9.24,0.0,0.0,0.0,5743206400,0,5,4,1,0,sleeping,87582,669017,6225559552,16384,6202959595,2737671737
2025-05-20 03:44:38,19208,5951873024,5743046656,200.5,17.209185639150963,0,5,2327.54,9.25,0.0,0.0,0.0,5743452160,0,5,4,1,0,sleeping,87582,669017,6225559552,16384,6202959595,2737671737
2025-05-20 03:44:39,19208,5951873024,5743177728,198.8,17.209578399738714,0,5,2329.72,9.25,0.0,0.0,0.0,5743648768,0,5,4,1,0,sleeping,87582,669017,6225559552,16384,6202959595,2737671737
2025-05-20 03:44:40,19208,5951873024,5743439872,198.0,17.21036392091422,0,5,2331.99,9.25,0.0,0.0,0.0,5743788032,0,5,4,1,0,sleeping,87582,669017,6225559552,16384,6202959595,2737671737
2025-05-20 03:44:41,19208,5951873024,5743439872,186.9,17.21036392091422,0,5,2334.57,9.25,0.0,0.0,0.0,5743865856,0,3,3,1,0,sleeping,87582,669017,6225559552,16384,6202959595,2737671737
2025-05-20 03:44:42,19208,5951873024,5743439872,194.6,17.21036392091422,0,5,2337.61,9.25,0.0,0.0,0.0,5743906816,0,4,3,1,0,sleeping,87582,669017,6225559552,16384,6202959595,2737671737
2025-05-20 03:44:44,19208,5951873024,5743439872,217.7,17.21036392091422,0,5,2340.18,9.25,0.0,0.0,0.0,5743972352,0,5,3,1,0,sleeping,87582,669017,6225559552,16384,6202959595,2737671737
2025-05-20 03:44:45,19208,5951873024,5743570944,203.5,17.21075668150197,0,5,2342.41,9.25,0.0,0.0,0.0,5744123904,0,5,3,1,0,sleeping,87582,669017,6225559552,16384,6202959595,2737671737
2025-05-20 03:44:46,19208,5951873024,5743833088,199.7,17.211542202677474,0,5,2344.58,9.25,0.0,0.0,0.0,5744295936,0,5,3,1,0,sleeping,87582,669017,6225559552,16384,6202959595,2737671737
2025-05-20 03:44:47,19208,5951873024,5743964160,199.6,17.211934963265225,0,5,2346.75,9.25,0.0,0.0,0.0,5744476160,0,5,3,1,0,sleeping,87582,669017,6225559552,16384,6202959595,2737671737
2025-05-20 03:44:48,19208,5951873024,5744095232,200.3,17.212327723852976,0,5,2348.93,9.25,0.0,0.0,0.0,5744664576,0,5,3,1,0,sleeping,87582,669017,6225559552,16384,6202959595,2737671737
2025-05-20 03:44:49,19208,5951873024,5744357376,199.4,17.21311324502848,0,5,2351.1,9.25,0.0,0.0,0.0,5744857088,0,5,3,1,0,sleeping,87582,669017,6225559552,16384,6202959595,2737671737
2025-05-20 03:44:51,19208,5951873024,5744488448,199.5,17.21350600561623,0,5,2353.27,9.25,0.0,0.0,0.0,5745037312,0,5,3,1,0,sleeping,87582,669017,6225559552,16384,6202959595,2737671737
2025-05-20 03:44:52,19208,5951873024,5744750592,199.7,17.214291526791733,0,5,2355.44,9.25,0.0,0.0,0.0,5745225728,0,4,3,1,0,sleeping,87582,669017,6225559552,16384,6202959595,2737671737
2025-05-20 03:44:53,19208,5951873024,5745012736,199.7,17.215077047967238,0,5,2357.61,9.25,0.0,0.0,0.0,5745410048,0,4,3,1,0,sleeping,87582,669017,6225559552,16384,6202959595,2737671737
2025-05-20 03:44:54,19208,5951873024,5745274880,199.0,17.21586256914274,0,5,2359.78,9.27,0.0,0.0,0.0,5745815552,0,4,3,1,0,sleeping,87582,669026,6225559552,16384,6202959595,2737672348
2025-05-20 03:44:55,19208,5951873024,5745274880,199.9,17.21586256914274,0,5,2361.96,9.27,0.0,0.0,0.0,5745815552,0,4,3,1,0,sleeping,87582,669026,6225559552,16384,6202959595,2737672348
2025-05-20 03:44:56,19208,5951873024,5745274880,199.8,17.21586256914274,0,5,2364.13,9.28,0.0,0.0,0.0,5745823744,0,3,3,1,0,sleeping,87582,669026,6225559552,16384,6202959595,2737672348
2025-05-20 03:44:57,19208,5951873024,5740867584,230.0,17.202655994379594,0,5,2366.64,9.3,0.0,0.0,0.0,5741412352,0,4,4,1,0,sleeping,89409,683559,6242336768,16384,6217926379,2797187425
2025-05-20 03:44:58,19208,5951873024,5740998656,199.8,17.203048754967348,0,5,2368.85,9.3,0.0,0.0,0.0,5741604864,0,4,4,1,0,sleeping,89409,683559,6242336768,16384,6217926379,2797187425
2025-05-20 03:44:59,19208,5951873024,5741260800,198.8,17.203834276142853,0,5,2371.01,9.3,0.0,0.0,0.0,5741797376,0,4,4,1,0,sleeping,89409,683559,6242336768,16384,6217926379,2797187425
2025-05-20 03:45:00,19208,5951873024,5741391872,199.6,17.2042270367306,0,5,2373.18,9.3,0.0,0.0,0.0,5741977600,0,4,4,1,0,sleeping,89409,683559,6242336768,16384,6217926379,2797187425
2025-05-20 03:45:01,19208,5951873024,5741654016,199.7,17.205012557906105,0,5,2375.35,9.3,0.0,0.0,0.0,5742174208,0,4,4,1,0,sleeping,89409,683559,6242336768,16384,6217926379,2797187425
2025-05-20 03:45:03,19208,5951873024,5741785088,200.3,17.205405318493856,0,5,2377.53,9.3,0.0,0.0,0.0,5742366720,0,4,4,1,0,sleeping,89409,683559,6242336768,16384,6217926379,2797187425
2025-05-20 03:45:04,19208,5951873024,5742047232,199.5,17.206190839669357,0,5,2379.69,9.31,0.0,0.0,0.0,5742555136,0,4,4,1,0,sleeping,89409,683559,6242336768,16384,6217926379,2797187425
2025-05-20 03:45:05,19208,5951873024,5742178304,199.6,17.20658360025711,0,5,2381.86,9.31,0.0,0.0,0.0,5742751744,0,4,4,1,0,sleeping,89409,683559,6242336768,16384,6217926379,2797187425
2025-05-20 03:45:06,19208,5951873024,5742309376,199.7,17.206976360844862,0,5,2384.02,9.32,0.0,0.0,0.0,5742931968,0,4,4,1,0,sleeping,89409,683559,6242336768,16384,6217926379,2797187425
2025-05-20 03:45:07,19208,5951873024,5742571520,199.6,17.207761882020364,0,5,2386.19,9.32,0.0,0.0,0.0,5743108096,0,4,4,1,0,sleeping,89409,683559,6242336768,16384,6217926379,2797187425
2025-05-20 03:45:08,19208,5951873024,5742702592,199.5,17.208154642608118,0,5,2388.36,9.32,0.0,0.0,0.0,5743292416,0,4,4,1,0,sleeping,89409,683559,6242336768,16384,6217926379,2797187425
2025-05-20 03:45:09,19208,5951873024,5742833664,200.4,17.20854740319587,0,5,2390.54,9.32,0.0,0.0,0.0,5743480832,0,4,4,1,0,sleeping,89409,683559,6242336768,16384,6217926379,2797187425
2025-05-20 03:45:10,19208,5951873024,5743095808,199.6,17.20933292437137,0,5,2392.71,9.32,0.0,0.0,0.0,5743669248,0,4,4,1,0,sleeping,89409,683559,6242336768,16384,6217926379,2797187425
2025-05-20 03:45:11,19208,5951873024,5743226880,199.7,17.209725684959125,0,5,2394.88,9.32,0.0,0.0,0.0,5743845376,0,4,4,1,0,sleeping,89409,683559,6242336768,16384,6217926379,2797187425
2025-05-20 03:45:12,19208,5951873024,5743489024,200.5,17.210511206134626,0,5,2397.05,9.33,0.0,0.0,0.0,5744025600,0,4,4,1,0,sleeping,89409,683559,6242336768,16384,6217926379,2797187425
2025-05-20 03:45:13,19208,5951873024,5743620096,199.6,17.210903966722377,0,5,2399.22,9.33,0.0,0.0,0.0,5744209920,0,4,4,1,0,sleeping,89409,683559,6242336768,16384,6217926379,2797187425
2025-05-20 03:45:14,19208,5951873024,5743751168,199.7,17.21129672731013,0,5,2401.39,9.33,0.0,0.0,0.0,5744394240,0,4,4,1,0,sleeping,89409,683559,6242336768,16384,6217926379,2797187425
2025-05-20 03:45:16,19208,5951873024,5745848320,198.6,17.217580896714153,0,5,2403.56,9.33,0.0,0.0,0.0,5746298880,0,3,3,1,0,sleeping,89409,683573,6242336768,16384,6217926379,2797188338
2025-05-20 03:45:17,19208,5951873024,5745848320,199.9,17.217580896714153,0,5,2405.74,9.33,0.0,0.0,0.0,5746298880,0,4,3,1,0,sleeping,89409,683573,6242336768,16384,6217926379,2797188338
2025-05-20 03:45:18,19208,5951873024,5745848320,199.8,17.217580896714153,0,5,2407.92,9.33,0.0,0.0,0.0,5746298880,0,4,3,1,0,sleeping,89409,683573,6242336768,16384,6217926379,2797188338
2025-05-20 03:45:19,19208,5884764160,5722996736,214.2,17.149105542993354,0,5,2410.32,9.38,0.0,0.0,0.0,5711560704,0,3,3,1,0,sleeping,90794,698109,6250741760,16384,6229272299,2856719747
2025-05-20 03:45:20,19208,5951873024,5742788608,216.7,17.20841239174383,0,5,2412.73,9.39,0.0,0.0,0.0,5743165440,0,3,2,1,0,sleeping,91251,698110,6254936064,16384,6233016043,2856719799
2025-05-20 03:45:21,19208,5951873024,5742919680,200.8,17.20880515233158,0,5,2414.92,9.39,0.0,0.0,0.0,5743353856,0,3,2,1,0,sleeping,91251,698110,6254936064,16384,6233016043,2856719799
2025-05-20 03:45:22,19208,5951873024,5743050752,198.0,17.209197912919333,0,5,2417.13,9.39,0.0,0.0,0.0,5743513600,0,3,2,1,0,sleeping,91251,698110,6254936064,16384,6233016043,2856719799
2025-05-20 03:45:23,19208,5951873024,5743181824,194.0,17.209590673507083,0,5,2419.5,9.39,0.0,0.0,0.0,5743677440,0,3,2,1,0,sleeping,91251,698110,6254936064,16384,6233016043,2856719799
2025-05-20 03:45:25,19208,5951873024,5743312896,188.2,17.209983434094838,0,5,2422.61,9.39,0.0,0.0,0.0,5743738880,0,3,2,1,0,sleeping,91251,698110,6254936064,16384,6233016043,2856719799
2025-05-20 03:45:26,19208,5951873024,5743312896,199.6,17.209983434094838,0,5,2425.71,9.39,0.0,0.0,0.0,5743788032,0,3,2,1,0,sleeping,91251,698110,6254936064,16384,6233016043,2856719799
2025-05-20 03:45:28,19208,5951873024,5743312896,214.6,17.209983434094838,0,5,2428.35,9.39,0.0,0.0,0.0,5743824896,0,2,2,1,0,sleeping,91251,698110,6254936064,16384,6233016043,2856719799
2025-05-20 03:45:29,19208,5951873024,5743443968,205.0,17.210376194682585,0,5,2430.6,9.39,0.0,0.0,0.0,5743955968,0,2,2,1,0,sleeping,91251,698110,6254936064,16384,6233016043,2856719799
2025-05-20 03:45:30,19208,5951873024,5743706112,199.6,17.21116171585809,0,5,2432.77,9.39,0.0,0.0,0.0,5744123904,0,2,2,1,0,sleeping,91251,698110,6254936064,16384,6233016043,2856719799
2025-05-20 03:45:31,19208,5951873024,5743837184,200.4,17.21155447644584,0,5,2434.95,9.39,0.0,0.0,0.0,5744312320,0,2,2,1,0,sleeping,91251,698110,6254936064,16384,6233016043,2856719799
2025-05-20 03:45:32,19208,5951873024,5743968256,199.3,17.21194723703359,0,5,2437.12,9.39,0.0,0.0,0.0,5744488448,0,2,2,1,0,sleeping,91251,698110,6254936064,16384,6233016043,2856719799
2025-05-20 03:45:33,19208,5951873024,5744230400,199.7,17.212732758209096,0,5,2439.29,9.39,0.0,0.0,0.0,5744664576,0,2,2,1,0,sleeping,91251,698110,6254936064,16384,6233016043,2856719799
2025-05-20 03:45:34,19208,5951873024,5744361472,199.8,17.213125518796847,0,5,2441.46,9.39,0.0,0.0,0.0,5744852992,0,2,2,1,0,sleeping,91251,698110,6254936064,16384,6233016043,2856719799
2025-05-20 03:45:36,19208,5951873024,5744623616,199.9,17.21391103997235,0,5,2443.63,9.39,0.0,0.0,0.0,5745033216,0,2,2,1,0,sleeping,91251,698110,6254936064,16384,6233016043,2856719799
2025-05-20 03:45:37,19208,5951873024,5744623616,199.7,17.21391103997235,0,5,2445.8,9.39,0.0,0.0,0.0,5745221632,0,2,2,1,0,sleeping,91251,698110,6254936064,16384,6233016043,2856719799
2025-05-20 03:45:38,19208,5951873024,5744885760,199.6,17.214696561147854,0,5,2447.97,9.39,0.0,0.0,0.0,5745401856,0,2,2,1,0,sleeping,91251,698110,6254936064,16384,6233016043,2856719799
2025-05-20 03:45:39,19208,5951873024,5745016832,199.8,17.215089321735604,0,5,2450.14,9.39,0.0,0.0,0.0,5745586176,0,2,2,1,0,sleeping,91251,698110,6254936064,16384,6233016043,2856719799
2025-05-20 03:45:40,19208,5951873024,5745147904,199.3,17.215482082323355,0,5,2452.31,9.39,0.0,0.0,0.0,5745774592,0,2,2,1,0,sleeping,91251,698110,6254936064,16384,6233016043,2856719799
2025-05-20 03:45:41,19208,5951873024,5745410048,199.6,17.216267603498856,0,5,2454.48,9.39,0.0,0.0,0.0,5745950720,0,2,2,1,0,sleeping,91251,698110,6254936064,16384,6233016043,2856719799
2025-05-20 03:45:42,19208,5951873024,5745672192,199.6,17.21705312467436,0,5,2456.65,9.39,0.0,0.0,0.0,5746159616,0,2,2,1,0,sleeping,91251,698110,6254936064,16384,6233016043,2856719799
2025-05-20 03:45:43,19208,5951873024,5748031488,199.4,17.22412281525389,0,5,2458.83,9.39,0.0,0.0,0.0,5748539392,0,4,2,1,0,sleeping,91251,698119,6254936064,16384,6233016043,2856720410
2025-05-20 03:45:44,19208,5951873024,5748031488,199.7,17.22412281525389,0,5,2461.01,9.39,0.0,0.0,0.0,5748539392,0,4,2,1,0,sleeping,91251,698119,6254936064,16384,6233016043,2856720410
2025-05-20 03:45:45,19208,5951873024,5748031488,199.9,17.22412281525389,0,5,2463.19,9.39,0.0,0.0,0.0,5748539392,0,4,2,1,0,sleeping,91251,698119,6254936064,16384,6233016043,2856720410
2025-05-20 03:45:46,19208,5951873024,5744754688,228.5,17.214303800560103,0,5,2465.69,9.42,0.0,0.0,0.0,5745266688,0,4,3,1,0,sleeping,93079,712656,6271713280,16384,6247991019,2916251871
2025-05-20 03:45:47,19208,5951873024,5744885760,200.5,17.214696561147854,0,5,2467.87,9.42,0.0,0.0,0.0,5745479680,0,4,3,1,0,sleeping,93079,712656,6271713280,16384,6247991019,2916251871
2025-05-20 03:45:49,19208,5951873024,5745147904,199.5,17.215482082323355,0,5,2470.04,9.42,0.0,0.0,0.0,5745655808,0,4,3,1,0,sleeping,93079,712656,6271713280,16384,6247991019,2916251871
2025-05-20 03:45:50,19208,5951873024,5745278976,199.4,17.21587484291111,0,5,2472.22,9.42,0.0,0.0,0.0,5745840128,0,4,3,1,0,sleeping,93079,712656,6271713280,16384,6247991019,2916251871
2025-05-20 03:45:51,19208,5951873024,5745410048,198.4,17.216267603498856,0,5,2474.45,9.42,0.0,0.0,0.0,5745995776,0,4,3,1,0,sleeping,93079,712656,6271713280,16384,6247991019,2916251871
2025-05-20 03:45:52,19208,5951873024,5745541120,197.2,17.21666036408661,0,5,2476.85,9.42,0.0,0.0,0.0,5746114560,0,4,3,1,0,sleeping,93079,712656,6271713280,16384,6247991019,2916251871
2025-05-20 03:45:53,19208,5951873024,5745672192,200.0,17.21705312467436,0,5,2479.18,9.42,0.0,0.0,0.0,5746212864,0,4,3,1,0,sleeping,93079,712656,6271713280,16384,6247991019,2916251871
2025-05-20 03:45:54,19208,5951873024,5745803264,203.1,17.217445885262116,0,5,2481.41,9.42,0.0,0.0,0.0,5746343936,0,4,3,1,0,sleeping,93079,712656,6271713280,16384,6247991019,2916251871
2025-05-20 03:45:55,19208,5951873024,5745934336,199.6,17.217838645849863,0,5,2483.58,9.42,0.0,0.0,0.0,5746515968,0,4,3,1,0,sleeping,93079,712656,6271713280,16384,6247991019,2916251871
2025-05-20 03:45:56,19208,5951873024,5746065408,199.6,17.218231406437617,0,5,2485.75,9.42,0.0,0.0,0.0,5746700288,0,4,3,1,0,sleeping,93079,712656,6271713280,16384,6247991019,2916251871
2025-05-20 03:45:58,19208,5951873024,5746196480,200.4,17.218624167025368,0,5,2487.93,9.42,0.0,0.0,0.0,5746884608,0,4,3,1,0,sleeping,93079,712656,6271713280,16384,6247991019,2916251871
2025-05-20 03:45:59,19208,5951873024,5746458624,199.6,17.21940968820087,0,5,2490.1,9.42,0.0,0.0,0.0,5747073024,0,4,3,1,0,sleeping,93079,712656,6271713280,16384,6247991019,2916251871
2025-05-20 03:46:00,19208,5951873024,5746589696,200.4,17.21980244878862,0,5,2492.27,9.43,0.0,0.0,0.0,5747249152,0,4,3,1,0,sleeping,93079,712656,6271713280,16384,6247991019,2916251871
2025-05-20 03:46:01,19208,5951873024,5746851840,199.6,17.220587969964125,0,5,2494.44,9.43,0.0,0.0,0.0,5747433472,0,4,3,1,0,sleeping,93079,712656,6271713280,16384,6247991019,2916251871
2025-05-20 03:46:02,19208,5951873024,5746982912,199.6,17.220980730551876,0,5,2496.61,9.43,0.0,0.0,0.0,5747617792,0,4,3,1,0,sleeping,93079,712656,6271713280,16384,6247991019,2916251871
2025-05-20 03:46:03,19208,5951873024,5747113984,200.5,17.221373491139627,0,5,2498.79,9.43,0.0,0.0,0.0,5747798016,0,4,3,1,0,sleeping,93079,712656,6271713280,16384,6247991019,2916251871
2025-05-20 03:46:04,19208,5951873024,5747376128,199.4,17.22215901231513,0,5,2500.96,9.43,0.0,0.0,0.0,5747974144,0,4,3,1,0,sleeping,93079,712656,6271713280,16384,6247991019,2916251871
2025-05-20 03:46:05,19208,5951873024,5747507200,199.4,17.222551772902882,0,5,2503.13,9.43,0.0,0.0,0.0,5748162560,0,4,3,1,0,sleeping,93079,712656,6271713280,16384,6247991019,2916251871
2025-05-20 03:46:06,19208,5951873024,5747638272,200.4,17.222944533490633,0,5,2505.31,9.43,0.0,0.0,0.0,5748338688,0,3,3,1,0,sleeping,93079,712656,6271713280,16384,6247991019,2916251871
2025-05-20 03:46:07,19208,5951873024,5747900416,198.3,17.223730054666138,0,5,2507.49,9.44,0.0,0.0,0.0,5748539392,0,4,3,1,0,sleeping,93079,712670,6271713280,16384,6247991019,2916252784
2025-05-20 03:46:08,19208,5951873024,5747900416,200.8,17.223730054666138,0,5,2509.68,9.44,0.0,0.0,0.0,5748539392,0,4,3,1,0,sleeping,93079,712670,6271713280,16384,6247991019,2916252784
2025-05-20 03:46:10,19208,5951873024,5747900416,195.7,17.223730054666138,0,5,2511.85,9.44,0.0,0.0,0.0,5748539392,0,3,3,1,0,sleeping,93079,712670,6271713280,16384,6247991019,2916252784
2025-05-20 03:46:11,19208,5884764160,5687812096,205.6,17.044066633306564,0,5,2514.16,9.47,0.0,0.0,0.0,5679714304,0,4,4,1,0,sleeping,93448,727208,6275907584,16384,6251013867,2975792385
2025-05-20 03:46:12,19208,5951873024,5741027328,229.6,17.203134671345918,0,5,2516.64,9.49,0.0,0.0,0.0,5741711360,0,5,4,1,0,sleeping,94900,727209,6288490496,16384,6262908651,2975792437
2025-05-20 03:46:13,19208,5951873024,5741289472,200.4,17.203920192521423,0,5,2518.82,9.49,0.0,0.0,0.0,5741891584,0,5,4,1,0,sleeping,94900,727209,6288490496,16384,6262908651,2975792437
2025-05-20 03:46:14,19208,5951873024,5741420544,199.6,17.20431295310917,0,5,2520.98,9.5,0.0,0.0,0.0,5742080000,0,5,4,1,0,sleeping,94900,727209,6288490496,16384,6262908651,2975792437
2025-05-20 03:46:15,19208,5951873024,5741551616,200.4,17.204705713696924,0,5,2523.16,9.5,0.0,0.0,0.0,5742268416,0,5,4,1,0,sleeping,94900,727209,6288490496,16384,6262908651,2975792437
2025-05-20 03:46:16,19208,5951873024,5741813760,199.4,17.205491234872426,0,5,2525.33,9.5,0.0,0.0,0.0,5742444544,0,5,4,1,0,sleeping,94900,727209,6288490496,16384,6262908651,2975792437
2025-05-20 03:46:17,19208,5951873024,5741944832,199.8,17.205883995460177,0,5,2527.55,9.5,0.0,0.0,0.0,5742632960,0,5,4,1,0,sleeping,94900,727209,6288490496,16384,6262908651,2975792437
2025-05-20 03:46:18,19208,5951873024,5742075904,198.7,17.20627675604793,0,5,2529.71,9.5,0.0,0.0,0.0,5742817280,0,4,4,1,0,sleeping,94900,727209,6288490496,16384,6262908651,2975792437
2025-05-20 03:46:19,19208,5951873024,5742338048,200.4,17.207062277223432,0,5,2531.91,9.5,0.0,0.0,0.0,5743005696,0,4,4,1,0,sleeping,94900,727209,6288490496,16384,6262908651,2975792437
2025-05-20 03:46:21,19208,5951873024,5742469120,195.8,17.207455037811183,0,5,2534.17,9.5,0.0,0.0,0.0,5743153152,0,4,4,1,0,sleeping,94900,727209,6288490496,16384,6262908651,2975792437
2025-05-20 03:46:22,19208,5951873024,5742469120,186.9,17.207455037811183,0,5,2536.81,9.5,0.0,0.0,0.0,5743235072,0,4,4,1,0,sleeping,94900,727209,6288490496,16384,6262908651,2975792437
2025-05-20 03:46:23,19208,5951873024,5742600192,196.0,17.207847798398937,0,5,2539.89,9.5,0.0,0.0,0.0,5743276032,0,4,4,1,0,sleeping,94900,727209,6288490496,16384,6262908651,2975792437
2025-05-20 03:46:25,19208,5951873024,5742731264,217.1,17.208240558986688,0,5,2542.51,9.5,0.0,0.0,0.0,5743329280,0,5,4,1,0,sleeping,94900,727209,6288490496,16384,6262908651,2975792437
2025-05-20 03:46:26,19208,5951873024,5742862336,203.1,17.20863331957444,0,5,2544.73,9.5,0.0,0.0,0.0,5743480832,0,4,4,1,0,sleeping,94900,727209,6288490496,16384,6262908651,2975792437
2025-05-20 03:46:27,19208,5951873024,5742862336,200.3,17.20863331957444,0,5,2546.9,9.51,0.0,0.0,0.0,5743665152,0,5,4,1,0,sleeping,94900,727209,6288490496,16384,6262908651,2975792437
2025-05-20 03:46:28,19208,5951873024,5743124480,199.7,17.209418840749944,0,5,2549.07,9.51,0.0,0.0,0.0,5743845376,0,5,4,1,0,sleeping,94900,727209,6288490496,16384,6262908651,2975792437
2025-05-20 03:46:29,19208,5951873024,5743255552,199.8,17.209811601337694,0,5,2551.27,9.51,0.0,0.0,0.0,5744029696,0,5,4,1,0,sleeping,94900,727209,6288490496,16384,6262908651,2975792437
2025-05-20 03:46:30,19208,5951873024,5743517696,200.3,17.210597122513196,0,5,2553.45,9.51,0.0,0.0,0.0,5744222208,0,5,4,1,0,sleeping,94900,727209,6288490496,16384,6262908651,2975792437
2025-05-20 03:46:31,19208,5951873024,5743648768,198.6,17.210989883100947,0,5,2555.61,9.51,0.0,0.0,0.0,5744398336,0,5,4,1,0,sleeping,94900,727209,6288490496,16384,6262908651,2975792437
2025-05-20 03:46:32,19208,5951873024,5743779840,199.4,17.2113826436887,0,5,2557.78,9.51,0.0,0.0,0.0,5744574464,0,4,4,1,0,sleeping,94900,727209,6288490496,16384,6262908651,2975792437
2025-05-20 03:46:33,19208,5951873024,5745090560,199.7,17.215310249566215,0,5,2559.96,9.51,0.0,0.0,0.0,5745692672,0,5,4,1,0,sleeping,94900,727209,6288490496,16384,6262908651,2975792437
2025-05-20 03:46:35,19208,5951873024,5746270208,198.5,17.21884509485598,0,5,2562.13,9.51,0.0,0.0,0.0,5746868224,0,5,4,1,0,sleeping,94900,727218,6288490496,16384,6262908651,2975793048
2025-05-20 03:46:36,19208,5951873024,5746270208,199.9,17.21884509485598,0,5,2564.31,9.51,0.0,0.0,0.0,5746868224,0,5,4,1,0,sleeping,94900,727218,6288490496,16384,6262908651,2975793048
2025-05-20 03:46:37,19208,5951873024,5746270208,199.9,17.21884509485598,0,5,2566.49,9.51,0.0,0.0,0.0,5746868224,0,5,4,1,0,sleeping,94900,727218,6288490496,16384,6262908651,2975793048
2025-05-20 03:46:38,19208,5951873024,5743255552,230.1,17.209811601337694,0,5,2568.97,9.54,0.0,0.0,0.0,5743689728,0,3,3,1,0,sleeping,96721,741743,6301073408,16384,6277826283,3035275357
2025-05-20 03:46:39,19208,5951873024,5743517696,200.4,17.210597122513196,0,5,2571.15,9.54,0.0,0.0,0.0,5743890432,0,3,3,1,0,sleeping,96721,741743,6301073408,16384,6277826283,3035275357
2025-05-20 03:46:40,19208,5951873024,5743648768,199.5,17.210989883100947,0,5,2573.32,9.54,0.0,0.0,0.0,5744095232,0,3,3,1,0,sleeping,96721,741743,6301073408,16384,6277826283,3035275357
2025-05-20 03:46:41,19208,5951873024,5743779840,199.5,17.2113826436887,0,5,2575.49,9.54,0.0,0.0,0.0,5744291840,0,3,3,1,0,sleeping,96721,741743,6301073408,16384,6277826283,3035275357
2025-05-20 03:46:42,19208,5951873024,5744041984,200.4,17.212168164864202,0,5,2577.67,9.54,0.0,0.0,0.0,5744484352,0,3,3,1,0,sleeping,96721,741743,6301073408,16384,6277826283,3035275357
2025-05-20 03:46:43,19208,5951873024,5744173056,198.8,17.212560925451953,0,5,2579.83,9.54,0.0,0.0,0.0,5744668672,0,3,3,1,0,sleeping,96721,741743,6301073408,16384,6277826283,3035275357
2025-05-20 03:46:44,19208,5951873024,5744435200,199.7,17.213346446627455,0,5,2582.04,9.54,0.0,0.0,0.0,5744848896,0,3,3,1,0,sleeping,96721,741743,6301073408,16384,6277826283,3035275357
2025-05-20 03:46:45,19208,5951873024,5744566272,199.6,17.21373920721521,0,5,2584.21,9.54,0.0,0.0,0.0,5745033216,0,3,3,1,0,sleeping,96721,741743,6301073408,16384,6277826283,3035275357
2025-05-20 03:46:47,19208,5951873024,5744828416,200.5,17.214524728390714,0,5,2586.39,9.54,0.0,0.0,0.0,5745213440,0,3,3,1,0,sleeping,96721,741743,6301073408,16384,6277826283,3035275357
2025-05-20 03:46:48,19208,5951873024,5744959488,199.5,17.21491748897846,0,5,2588.56,9.54,0.0,0.0,0.0,5745401856,0,3,3,1,0,sleeping,96721,741743,6301073408,16384,6277826283,3035275357
2025-05-20 03:46:49,19208,5951873024,5745090560,199.6,17.215310249566215,0,5,2590.73,9.54,0.0,0.0,0.0,5745577984,0,3,3,1,0,sleeping,96721,741743,6301073408,16384,6277826283,3035275357
2025-05-20 03:46:50,19208,5951873024,5745352704,200.3,17.216095770741717,0,5,2592.91,9.54,0.0,0.0,0.0,5745766400,0,3,3,1,0,sleeping,96721,741743,6301073408,16384,6277826283,3035275357
2025-05-20 03:46:51,19208,5951873024,5745483776,199.4,17.216488531329468,0,5,2595.08,9.54,0.0,0.0,0.0,5745946624,0,3,3,1,0,sleeping,96721,741743,6301073408,16384,6277826283,3035275357
2025-05-20 03:46:52,19208,5951873024,5745614848,199.7,17.216881291917222,0,5,2597.25,9.54,0.0,0.0,0.0,5746126848,0,3,3,1,0,sleeping,96721,741743,6301073408,16384,6277826283,3035275357
2025-05-20 03:46:53,19208,5951873024,5745876992,199.7,17.217666813092723,0,5,2599.42,9.54,0.0,0.0,0.0,5746302976,0,3,3,1,0,sleeping,96721,741743,6301073408,16384,6277826283,3035275357
2025-05-20 03:46:54,19208,5951873024,5746008064,199.8,17.218059573680474,0,5,2601.59,9.54,0.0,0.0,0.0,5746483200,0,3,3,1,0,sleeping,96721,741743,6301073408,16384,6277826283,3035275357
2025-05-20 03:46:55,19208,5951873024,5746139136,200.6,17.218452334268225,0,5,2603.77,9.54,0.0,0.0,0.0,5746663424,0,3,3,1,0,sleeping,96721,741743,6301073408,16384,6277826283,3035275357
2025-05-20 03:46:56,19208,5951873024,5746401280,199.6,17.21923785544373,0,5,2605.94,9.54,0.0,0.0,0.0,5746855936,0,3,3,1,0,sleeping,96721,741743,6301073408,16384,6277826283,3035275357
2025-05-20 03:46:57,19208,5951873024,5746532352,198.9,17.21963061603148,0,5,2608.11,9.54,0.0,0.0,0.0,5746929664,0,4,3,1,0,sleeping,96721,741752,6301073408,16384,6277826283,3035275968
2025-05-20 03:46:59,19208,5951873024,5746532352,199.5,17.21963061603148,0,5,2610.29,9.54,0.0,0.0,0.0,5746929664,0,4,3,1,0,sleeping,96721,741752,6301073408,16384,6277826283,3035275968
2025-05-20 03:47:00,19208,5951873024,5746532352,199.7,17.21963061603148,0,5,2612.47,9.54,0.0,0.0,0.0,5746929664,0,4,3,1,0,sleeping,96721,741752,6301073408,16384,6277826283,3035275968
2025-05-20 03:47:01,19208,5951873024,5740240896,233.9,17.20077810781941,0,5,2614.95,9.61,0.0,0.0,0.0,5740830720,0,5,4,1,0,sleeping,98537,756284,6317850624,16384,6292702955,3094786949
2025-05-20 03:47:02,19208,5951873024,5740503040,199.7,17.20156362899491,0,5,2617.12,9.61,0.0,0.0,0.0,5741010944,0,5,4,1,0,sleeping,98537,756284,6317850624,16384,6292702955,3094786949
2025-05-20 03:47:03,19208,5951873024,5740634112,198.7,17.201956389582666,0,5,2619.3,9.61,0.0,0.0,0.0,5741191168,0,5,4,1,0,sleeping,98537,756284,6317850624,16384,6292702955,3094786949
2025-05-20 03:47:04,19208,5951873024,5740765184,197.8,17.202349150170416,0,5,2621.53,9.61,0.0,0.0,0.0,5741346816,0,5,4,1,0,sleeping,98537,756284,6317850624,16384,6292702955,3094786949
2025-05-20 03:47:05,19208,5951873024,5740896256,197.0,17.202741910758164,0,5,2623.84,9.61,0.0,0.0,0.0,5741465600,0,5,4,1,0,sleeping,98537,756284,6317850624,16384,6292702955,3094786949
2025-05-20 03:47:06,19208,5951873024,5741027328,200.8,17.203134671345918,0,5,2626.19,9.61,0.0,0.0,0.0,5741568000,0,4,4,1,0,sleeping,98537,756284,6317850624,16384,6292702955,3094786949
2025-05-20 03:47:07,19208,5951873024,5741027328,202.0,17.203134671345918,0,5,2628.41,9.61,0.0,0.0,0.0,5741703168,0,4,4,1,0,sleeping,98537,756284,6317850624,16384,6292702955,3094786949
2025-05-20 03:47:09,19208,5951873024,5741289472,200.3,17.203920192521423,0,5,2630.59,9.61,0.0,0.0,0.0,5741875200,0,4,4,1,0,sleeping,98537,756284,6317850624,16384,6292702955,3094786949
2025-05-20 03:47:10,19208,5951873024,5741420544,199.2,17.20431295310917,0,5,2632.79,9.61,0.0,0.0,0.0,5742067712,0,4,4,1,0,sleeping,98537,756284,6317850624,16384,6292702955,3094786949
2025-05-20 03:47:11,19208,5951873024,5741551616,199.7,17.204705713696924,0,5,2634.96,9.61,0.0,0.0,0.0,5742243840,0,4,4,1,0,sleeping,98537,756284,6317850624,16384,6292702955,3094786949
2025-05-20 03:47:12,19208,5951873024,5741813760,199.6,17.205491234872426,0,5,2637.13,9.61,0.0,0.0,0.0,5742424064,0,4,4,1,0,sleeping,98537,756284,6317850624,16384,6292702955,3094786949
2025-05-20 03:47:13,19208,5951873024,5741944832,199.6,17.205883995460177,0,5,2639.3,9.61,0.0,0.0,0.0,5742604288,0,4,4,1,0,sleeping,98537,756284,6317850624,16384,6292702955,3094786949
2025-05-20 03:47:14,19208,5951873024,5742075904,199.7,17.20627675604793,0,5,2641.47,9.61,0.0,0.0,0.0,5742780416,0,4,4,1,0,sleeping,98537,756284,6317850624,16384,6292702955,3094786949
2025-05-20 03:47:15,19208,5951873024,5742338048,199.8,17.207062277223432,0,5,2643.64,9.61,0.0,0.0,0.0,5742964736,0,4,4,1,0,sleeping,98537,756284,6317850624,16384,6292702955,3094786949
2025-05-20 03:47:16,19208,5951873024,5742469120,199.7,17.207455037811183,0,5,2645.81,9.61,0.0,0.0,0.0,5743144960,0,4,4,1,0,sleeping,98537,756284,6317850624,16384,6292702955,3094786949
2025-05-20 03:47:17,19208,5951873024,5742731264,199.6,17.208240558986688,0,5,2647.98,9.61,0.0,0.0,0.0,5743321088,0,4,4,1,0,sleeping,98537,756284,6317850624,16384,6292702955,3094786949
2025-05-20 03:47:18,19208,5951873024,5742862336,199.7,17.20863331957444,0,5,2650.15,9.61,0.0,0.0,0.0,5743513600,0,4,4,1,0,sleeping,98537,756284,6317850624,16384,6292702955,3094786949
2025-05-20 03:47:19,19208,5951873024,5743124480,200.4,17.209418840749944,0,5,2652.32,9.62,0.0,0.0,0.0,5743702016,0,4,4,1,0,sleeping,98537,756284,6317850624,16384,6292702955,3094786949
2025-05-20 03:47:21,19208,5951873024,5746401280,200.5,17.21923785544373,0,5,2654.49,9.63,0.0,0.0,0.0,5746749440,0,4,4,1,0,sleeping,98537,756284,6317850624,16384,6292702955,3094786949
2025-05-20 03:47:22,19208,5951873024,5748760576,197.9,17.226307546023257,0,5,2656.65,9.63,0.0,0.0,0.0,5749309440,0,5,4,1,0,sleeping,98537,756298,6317850624,16384,6292702955,3094787861
2025-05-20 03:47:23,19208,5951873024,5748936704,199.5,17.226835318063046,0,5,2658.84,9.63,0.0,0.0,0.0,5749387264,0,5,4,1,0,sleeping,98537,756298,6317850624,16384,6292702955,3094787861
2025-05-20 03:47:24,19208,5951873024,5748936704,197.2,17.226835318063046,0,5,2661.1,9.63,0.0,0.0,0.0,5749387264,0,5,4,1,0,sleeping,98537,756298,6317850624,16384,6292702955,3094787861
2025-05-20 03:47:25,19208,5951873024,5748936704,191.8,17.226835318063046,0,5,2663.59,9.63,0.0,0.0,0.0,5749387264,0,5,4,1,0,sleeping,98537,756298,6317850624,16384,6292702955,3094787861
2025-05-20 03:47:26,19208,5951873024,5748936704,191.2,17.226835318063046,0,5,2666.56,9.63,0.0,0.0,0.0,5749387264,0,4,4,1,0,sleeping,98537,756298,6317850624,16384,6292702955,3094787861
2025-05-20 03:47:28,19208,5951873024,5748936704,200.1,17.226835318063046,0,5,2669.66,9.63,0.0,0.0,0.0,5749387264,0,3,3,1,0,sleeping,98537,756298,6317850624,16384,6292702955,3094787861
2025-05-20 03:47:29,19208,5884764160,5734883328,236.0,17.184724018795066,0,5,2672.3,9.69,0.0,0.0,0.0,5735104512,0,4,4,1,0,sleeping,99184,770834,6322044928,16384,6298003179,3154319270
2025-05-20 03:47:31,19208,5951873024,5745893376,233.6,17.21771590816619,0,5,2674.84,9.7,0.0,0.0,0.0,5746319360,0,4,4,1,0,sleeping,100346,770835,6330433536,16384,6307522283,3154319322
2025-05-20 03:47:32,19208,5951873024,5746155520,198.3,17.218501429341696,0,5,2677.03,9.7,0.0,0.0,0.0,5746642944,0,4,4,1,0,sleeping,100346,770835,6330433536,16384,6307522283,3154319322
2025-05-20 03:47:33,19208,5951873024,5746417664,200.6,17.219286950517198,0,5,2679.21,9.7,0.0,0.0,0.0,5746929664,0,4,4,1,0,sleeping,100346,770835,6330433536,16384,6307522283,3154319322
2025-05-20 03:47:34,19208,5951873024,5746548736,199.7,17.21967971110495,0,5,2681.38,9.7,0.0,0.0,0.0,5747113984,0,4,4,1,0,sleeping,100346,770835,6330433536,16384,6307522283,3154319322
2025-05-20 03:47:35,19208,5951873024,5746810880,199.8,17.220465232280453,0,5,2683.57,9.7,0.0,0.0,0.0,5747294208,0,4,4,1,0,sleeping,100346,770835,6330433536,16384,6307522283,3154319322
2025-05-20 03:47:36,19208,5951873024,5746941952,200.0,17.220857992868204,0,5,2685.78,9.7,0.0,0.0,0.0,5747482624,0,4,4,1,0,sleeping,100346,770835,6330433536,16384,6307522283,3154319322
2025-05-20 03:47:37,19208,5951873024,5747204096,199.4,17.22164351404371,0,5,2687.95,9.7,0.0,0.0,0.0,5747662848,0,4,4,1,0,sleeping,100346,770835,6330433536,16384,6307522283,3154319322
2025-05-20 03:47:38,19208,5951873024,5747466240,199.7,17.22242903521921,0,5,2690.12,9.7,0.0,0.0,0.0,5747867648,0,5,4,1,0,sleeping,100346,770835,6330433536,16384,6307522283,3154319322
2025-05-20 03:47:39,19208,5951873024,5747597312,199.6,17.22282179580696,0,5,2692.29,9.7,0.0,0.0,0.0,5748051968,0,5,4,1,0,sleeping,100346,770835,6330433536,16384,6307522283,3154319322
2025-05-20 03:47:40,19208,5951873024,5747728384,200.5,17.223214556394716,0,5,2694.47,9.7,0.0,0.0,0.0,5748240384,0,5,4,1,0,sleeping,100346,770835,6330433536,16384,6307522283,3154319322
2025-05-20 03:47:41,19208,5951873024,5747990528,199.0,17.224000077570217,0,5,2696.63,9.7,0.0,0.0,0.0,5748420608,0,5,4,1,0,sleeping,100346,770835,6330433536,16384,6307522283,3154319322
2025-05-20 03:47:43,19208,5951873024,5748121600,200.5,17.224392838157968,0,5,2698.81,9.7,0.0,0.0,0.0,5748600832,0,5,4,1,0,sleeping,100346,770835,6330433536,16384,6307522283,3154319322
2025-05-20 03:47:44,19208,5951873024,5748252672,199.5,17.22478559874572,0,5,2700.98,9.7,0.0,0.0,0.0,5748785152,0,5,4,1,0,sleeping,100346,770835,6330433536,16384,6307522283,3154319322
2025-05-20 03:47:45,19208,5951873024,5748514816,199.6,17.22557111992122,0,5,2703.15,9.7,0.0,0.0,0.0,5748969472,0,5,4,1,0,sleeping,100346,770835,6330433536,16384,6307522283,3154319322
2025-05-20 03:47:46,19208,5951873024,5748645888,199.1,17.225963880508974,0,5,2705.32,9.7,0.0,0.0,0.0,5749149696,0,4,4,1,0,sleeping,100346,770835,6330433536,16384,6307522283,3154319322
2025-05-20 03:47:47,19208,5951873024,5748776960,199.6,17.226356641096725,0,5,2707.49,9.7,0.0,0.0,0.0,5749338112,0,4,4,1,0,sleeping,100346,770835,6330433536,16384,6307522283,3154319322
2025-05-20 03:47:48,19208,5951873024,5748908032,200.7,17.226749401684476,0,5,2709.66,9.71,0.0,0.0,0.0,5749518336,0,4,4,1,0,sleeping,100346,770835,6330433536,16384,6307522283,3154319322
2025-05-20 03:47:49,19208,5951873024,5749039104,198.8,17.227142162272226,0,5,2711.83,9.71,0.0,0.0,0.0,5749706752,0,4,4,1,0,sleeping,100346,770844,6330433536,16384,6307522283,3154319932
2025-05-20 03:47:50,19208,5951873024,5749039104,199.8,17.227142162272226,0,5,2714.01,9.71,0.0,0.0,0.0,5749706752,0,4,4,1,0,sleeping,100346,770844,6330433536,16384,6307522283,3154319932
2025-05-20 03:47:51,19208,5951873024,5749039104,199.9,17.227142162272226,0,5,2716.19,9.71,0.0,0.0,0.0,5749706752,0,4,4,1,0,sleeping,100346,770844,6330433536,16384,6307522283,3154319932
2025-05-20 03:47:52,19208,5951873024,5733543936,228.7,17.181888778302238,0,5,2718.68,9.76,0.0,0.0,0.0,5732470784,0,4,4,1,0,sleeping,102101,785374,6347227136,16384,6321899243,3213826765
2025-05-20 03:47:53,19208,5951873024,5740097536,202.0,17.200348525926557,0,5,2720.88,9.76,0.0,0.0,0.0,5740556288,0,4,4,1,0,sleeping,102156,785375,6347227136,16384,6322349803,3213826817
2025-05-20 03:47:55,19208,5951873024,5740359680,199.6,17.20113404710206,0,5,2723.05,9.76,0.0,0.0,0.0,5740740608,0,4,4,1,0,sleeping,102156,785375,6347227136,16384,6322349803,3213826817
2025-05-20 03:47:56,19208,5951873024,5740490752,199.5,17.20152680768981,0,5,2725.23,9.76,0.0,0.0,0.0,5740929024,0,4,4,1,0,sleeping,102156,785375,6347227136,16384,6322349803,3213826817
2025-05-20 03:47:57,19208,5951873024,5740621824,198.4,17.201919568277564,0,5,2727.46,9.76,0.0,0.0,0.0,5741092864,0,4,4,1,0,sleeping,102156,785375,6347227136,16384,6322349803,3213826817
2025-05-20 03:47:58,19208,5951873024,5740752896,190.8,17.202312328865315,0,5,2729.9,9.76,0.0,0.0,0.0,5741203456,0,5,4,1,0,sleeping,102156,785375,6347227136,16384,6322349803,3213826817
2025-05-20 03:47:59,19208,5951873024,5740752896,185.6,17.202312328865315,0,5,2732.87,9.77,0.0,0.0,0.0,5741256704,0,5,4,1,0,sleeping,102156,785375,6347227136,16384,6322349803,3213826817
2025-05-20 03:48:01,19208,5951873024,5740883968,215.8,17.202705089453065,0,5,2735.82,9.77,0.0,0.0,0.0,5741305856,0,5,4,1,0,sleeping,102156,785375,6347227136,16384,6322349803,3213826817
2025-05-20 03:48:02,19208,5951873024,5741015040,207.9,17.203097850040816,0,5,2738.12,9.77,0.0,0.0,0.0,5741416448,0,5,4,1,0,sleeping,102156,785375,6347227136,16384,6322349803,3213826817
2025-05-20 03:48:03,19208,5951873024,5741146112,200.7,17.20349061062857,0,5,2740.35,9.77,0.0,0.0,0.0,5741596672,0,5,3,1,0,sleeping,102156,785375,6347227136,16384,6322349803,3213826817
2025-05-20 03:48:04,19208,5951873024,5741277184,199.7,17.203883371216317,0,5,2742.52,9.77,0.0,0.0,0.0,5741780992,0,5,3,1,0,sleeping,102156,785375,6347227136,16384,6322349803,3213826817
2025-05-20 03:48:05,19208,5951873024,5741539328,199.6,17.204668892391823,0,5,2744.69,9.77,0.0,0.0,0.0,5741957120,0,5,3,1,0,sleeping,102156,785375,6347227136,16384,6322349803,3213826817
2025-05-20 03:48:06,19208,5951873024,5741670400,199.4,17.205061652979577,0,5,2746.86,9.77,0.0,0.0,0.0,5742145536,0,4,3,1,0,sleeping,102156,785375,6347227136,16384,6322349803,3213826817
2025-05-20 03:48:08,19208,5951873024,5741801472,199.5,17.205454413567324,0,5,2749.03,9.77,0.0,0.0,0.0,5742329856,0,4,3,1,0,sleeping,102156,785375,6347227136,16384,6322349803,3213826817
2025-05-20 03:48:09,19208,5951873024,5742063616,200.3,17.20623993474283,0,5,2751.21,9.77,0.0,0.0,0.0,5742518272,0,3,3,1,0,sleeping,102156,785375,6347227136,16384,6322349803,3213826817
2025-05-20 03:48:10,19208,5951873024,5742194688,199.4,17.20663269533058,0,5,2753.38,9.77,0.0,0.0,0.0,5742702592,0,3,3,1,0,sleeping,102156,785375,6347227136,16384,6322349803,3213826817
2025-05-20 03:48:11,19208,5951873024,5742456832,199.6,17.20741821650608,0,5,2755.55,9.77,0.0,0.0,0.0,5742891008,0,3,3,1,0,sleeping,102156,785375,6347227136,16384,6322349803,3213826817
2025-05-20 03:48:12,19208,5951873024,5742587904,200.5,17.207810977093835,0,5,2757.73,9.77,0.0,0.0,0.0,5743075328,0,3,3,1,0,sleeping,102156,785375,6347227136,16384,6322349803,3213826817
2025-05-20 03:48:13,19208,5951873024,5742850048,199.6,17.208596498269337,0,5,2759.9,9.77,0.0,0.0,0.0,5743263744,0,3,3,1,0,sleeping,102156,785375,6347227136,16384,6322349803,3213826817
2025-05-20 03:48:14,19208,5951873024,5742981120,199.7,17.208989258857088,0,5,2762.07,9.77,0.0,0.0,0.0,5743443968,0,3,3,1,0,sleeping,102156,785375,6347227136,16384,6322349803,3213826817
2025-05-20 03:48:15,19208,5951873024,5743767552,198.7,17.2113458223836,0,5,2764.24,9.77,0.0,0.0,0.0,5744271360,0,4,4,1,0,sleeping,102156,785384,6347227136,16384,6322349803,3213827427
2025-05-20 03:48:16,19208,5951873024,5743767552,200.8,17.2113458223836,0,5,2766.43,9.77,0.0,0.0,0.0,5744271360,0,4,4,1,0,sleeping,102156,785384,6347227136,16384,6322349803,3213827427
2025-05-20 03:48:17,19208,5951873024,5743767552,198.9,17.2113458223836,0,5,2768.6,9.77,0.0,0.0,0.0,5744271360,0,4,4,1,0,sleeping,102156,785384,6347227136,16384,6322349803,3213827427
2025-05-20 03:48:18,19208,5884764160,5733285888,217.4,17.180330009719597,0,5,2771.06,9.8,0.0,0.0,0.0,5729976320,0,4,3,1,0,sleeping,103895,799916,6359810048,16384,6336595691,3273342452
2025-05-20 03:48:20,19208,5951873024,5740625920,211.5,17.20193184204593,0,5,2773.36,9.8,0.0,0.0,0.0,5741195264,0,4,3,1,0,sleeping,103972,799917,6359810048,16384,6337226475,3273342504
2025-05-20 03:48:21,19208,5951873024,5740888064,199.0,17.20271736322143,0,5,2775.52,9.8,0.0,0.0,0.0,5741383680,0,4,3,1,0,sleeping,103972,799917,6359810048,16384,6337226475,3273342504
2025-05-20 03:48:22,19208,5951873024,5741019136,200.4,17.203110123809186,0,5,2777.7,9.8,0.0,0.0,0.0,5741572096,0,4,3,1,0,sleeping,103972,799917,6359810048,16384,6337226475,3273342504
2025-05-20 03:48:23,19208,5951873024,5741150208,199.1,17.203502884396933,0,5,2779.91,9.8,0.0,0.0,0.0,5741748224,0,3,2,1,0,sleeping,103972,799917,6359810048,16384,6337226475,3273342504
2025-05-20 03:48:24,19208,5951873024,5741281280,199.4,17.203895644984687,0,5,2782.11,9.8,0.0,0.0,0.0,5741916160,0,3,2,1,0,sleeping,103972,799917,6359810048,16384,6337226475,3273342504
2025-05-20 03:48:25,19208,5951873024,5741543424,198.7,17.204681166160192,0,5,2784.32,9.8,0.0,0.0,0.0,5742075904,0,3,2,1,0,sleeping,103972,799917,6359810048,16384,6337226475,3273342504
2025-05-20 03:48:26,19208,5951873024,5741674496,196.1,17.20507392674794,0,5,2786.58,9.8,0.0,0.0,0.0,5742256128,0,2,2,1,0,sleeping,103972,799917,6359810048,16384,6337226475,3273342504
2025-05-20 03:48:27,19208,5951873024,5741936640,204.7,17.205859447923444,0,5,2788.83,9.8,0.0,0.0,0.0,5742432256,0,2,2,1,0,sleeping,103972,799917,6359810048,16384,6337226475,3273342504
2025-05-20 03:48:28,19208,5951873024,5742067712,199.6,17.206252208511195,0,5,2791.01,9.8,0.0,0.0,0.0,5742608384,0,2,2,1,0,sleeping,103972,799917,6359810048,16384,6337226475,3273342504
2025-05-20 03:48:30,19208,5951873024,5742198784,198.7,17.206644969098946,0,5,2793.24,9.8,0.0,0.0,0.0,5742772224,0,2,2,1,0,sleeping,103972,799917,6359810048,16384,6337226475,3273342504
2025-05-20 03:48:31,19208,5951873024,5742460928,197.8,17.20743049027445,0,5,2795.5,9.8,0.0,0.0,0.0,5742948352,0,2,2,1,0,sleeping,103972,799917,6359810048,16384,6337226475,3273342504
2025-05-20 03:48:32,19208,5951873024,5742592000,198.3,17.2078232508622,0,5,2797.78,9.8,0.0,0.0,0.0,5743120384,0,3,2,1,0,sleeping,103972,799917,6359810048,16384,6337226475,3273342504
2025-05-20 03:48:33,19208,5951873024,5742723072,204.2,17.208216011449952,0,5,2800.05,9.8,0.0,0.0,0.0,5743292416,0,2,2,1,0,sleeping,103972,799917,6359810048,16384,6337226475,3273342504
2025-05-20 03:48:34,19208,5951873024,5742985216,199.4,17.209001532625457,0,5,2802.22,9.8,0.0,0.0,0.0,5743476736,0,2,2,1,0,sleeping,103972,799917,6359810048,16384,6337226475,3273342504
2025-05-20 03:48:35,19208,5951873024,5743116288,199.4,17.209394293213208,0,5,2804.39,9.8,0.0,0.0,0.0,5743652864,0,2,2,1,0,sleeping,103972,799917,6359810048,16384,6337226475,3273342504
2025-05-20 03:48:36,19208,5951873024,5743247360,200.3,17.20978705380096,0,5,2806.57,9.8,0.0,0.0,0.0,5743824896,0,3,2,1,0,sleeping,103972,799917,6359810048,16384,6337226475,3273342504
2025-05-20 03:48:37,19208,5951873024,5743509504,199.5,17.210572574976464,0,5,2808.74,9.8,0.0,0.0,0.0,5744013312,0,3,2,1,0,sleeping,103972,799917,6359810048,16384,6337226475,3273342504
2025-05-20 03:48:38,19208,5951873024,5744033792,200.2,17.21214361732747,0,5,2810.91,9.81,0.0,0.0,0.0,5744529408,0,3,2,1,0,sleeping,103972,799917,6359810048,16384,6337226475,3273342504
2025-05-20 03:48:39,19208,5951873024,5746130944,198.6,17.218427786731493,0,5,2813.08,9.81,0.0,0.0,0.0,5746704384,0,3,3,1,0,sleeping,103972,799926,6359810048,16384,6337226475,3273343114
2025-05-20 03:48:41,19208,5951873024,5746130944,200.5,17.218427786731493,0,5,2815.27,9.81,0.0,0.0,0.0,5746704384,0,3,3,1,0,sleeping,103972,799926,6359810048,16384,6337226475,3273343114
2025-05-20 03:48:42,19208,5951873024,5746130944,198.7,17.218427786731493,0,5,2817.45,9.81,0.0,0.0,0.0,5746704384,0,3,3,1,0,sleeping,103972,799926,6359810048,16384,6337226475,3273343114
2025-05-20 03:48:43,19208,5951873024,5742895104,231.5,17.208731509721375,0,5,2819.98,9.85,0.0,0.0,0.0,5743497216,0,4,3,1,0,sleeping,105795,814448,6376587264,16384,6352160491,3332813135
2025-05-20 03:48:44,19208,5951873024,5743157248,201.3,17.20951703089688,0,5,2822.17,9.85,0.0,0.0,0.0,5743722496,0,4,3,1,0,sleeping,105795,814448,6376587264,16384,6352160491,3332813135
2025-05-20 03:48:45,19208,5951873024,5743288320,198.7,17.20990979148463,0,5,2824.36,9.85,0.0,0.0,0.0,5743943680,0,3,3,1,0,sleeping,105795,814448,6376587264,16384,6352160491,3332813135
2025-05-20 03:48:46,19208,5951873024,5743550464,197.3,17.210695312660135,0,5,2826.62,9.85,0.0,0.0,0.0,5744099328,0,3,3,1,0,sleeping,105795,814448,6376587264,16384,6352160491,3332813135
2025-05-20 03:48:47,19208,5951873024,5743550464,197.7,17.210695312660135,0,5,2828.96,9.85,0.0,0.0,0.0,5744205824,0,4,3,1,0,sleeping,105795,814448,6376587264,16384,6352160491,3332813135
2025-05-20 03:48:48,19208,5951873024,5743681536,202.8,17.211088073247886,0,5,2831.24,9.85,0.0,0.0,0.0,5744304128,0,4,3,1,0,sleeping,105795,814448,6376587264,16384,6352160491,3332813135
2025-05-20 03:48:50,19208,5951873024,5743812608,201.6,17.211480833835637,0,5,2833.44,9.85,0.0,0.0,0.0,5744492544,0,4,3,1,0,sleeping,105795,814448,6376587264,16384,6352160491,3332813135
2025-05-20 03:48:51,19208,5951873024,5744074752,199.7,17.212266355011142,0,5,2835.61,9.85,0.0,0.0,0.0,5744676864,0,4,3,1,0,sleeping,105795,814448,6376587264,16384,6352160491,3332813135
2025-05-20 03:48:52,19208,5951873024,5744205824,199.6,17.212659115598893,0,5,2837.78,9.85,0.0,0.0,0.0,5744857088,0,4,3,1,0,sleeping,105795,814448,6376587264,16384,6352160491,3332813135
2025-05-20 03:48:53,19208,5951873024,5744467968,199.6,17.213444636774394,0,5,2839.95,9.85,0.0,0.0,0.0,5745045504,0,4,3,1,0,sleeping,105795,814448,6376587264,16384,6352160491,3332813135
2025-05-20 03:48:54,19208,5951873024,5744730112,199.7,17.2142301579499,0,5,2842.12,9.85,0.0,0.0,0.0,5745233920,0,4,3,1,0,sleeping,105795,814448,6376587264,16384,6352160491,3332813135
2025-05-20 03:48:55,19208,5951873024,5744861184,200.0,17.21462291853765,0,5,2844.32,9.86,0.0,0.0,0.0,5745414144,0,4,3,1,0,sleeping,105795,814448,6376587264,16384,6352160491,3332813135
2025-05-20 03:48:56,19208,5951873024,5745123328,200.4,17.215408439713155,0,5,2846.5,9.86,0.0,0.0,0.0,5745598464,0,4,3,1,0,sleeping,105795,814448,6376587264,16384,6352160491,3332813135
2025-05-20 03:48:57,19208,5951873024,5745254400,199.5,17.215801200300902,0,5,2848.67,9.86,0.0,0.0,0.0,5745774592,0,4,3,1,0,sleeping,105795,814448,6376587264,16384,6352160491,3332813135
2025-05-20 03:48:58,19208,5951873024,5745385472,199.6,17.216193960888653,0,5,2850.84,9.86,0.0,0.0,0.0,5745954816,0,4,3,1,0,sleeping,105795,814448,6376587264,16384,6352160491,3332813135
2025-05-20 03:48:59,19208,5951873024,5745647616,199.6,17.216979482064158,0,5,2853.01,9.86,0.0,0.0,0.0,5746139136,0,4,3,1,0,sleeping,105795,814448,6376587264,16384,6352160491,3332813135
2025-05-20 03:49:00,19208,5951873024,5745778688,199.7,17.21737224265191,0,5,2855.18,9.86,0.0,0.0,0.0,5746323456,0,4,3,1,0,sleeping,105795,814448,6376587264,16384,6352160491,3332813135
2025-05-20 03:49:01,19208,5951873024,5745909760,199.6,17.21776500323966,0,5,2857.35,9.86,0.0,0.0,0.0,5746503680,0,4,3,1,0,sleeping,105795,814448,6376587264,16384,6352160491,3332813135
2025-05-20 03:49:03,19208,5951873024,5746171904,200.5,17.218550524415164,0,5,2859.53,9.86,0.0,0.0,0.0,5746679808,0,4,3,1,0,sleeping,105795,814448,6376587264,16384,6352160491,3332813135
2025-05-20 03:49:04,19208,5951873024,5748137984,197.7,17.224441933231436,0,5,2861.69,9.86,0.0,0.0,0.0,5748744192,0,4,3,1,0,sleeping,105795,814457,6376587264,16384,6352160491,3332813745
2025-05-20 03:49:05,19208,5951873024,5748137984,199.9,17.224441933231436,0,5,2863.87,9.86,0.0,0.0,0.0,5748744192,0,4,3,1,0,sleeping,105795,814457,6376587264,16384,6352160491,3332813745
2025-05-20 03:49:06,19208,5951873024,5748137984,200.8,17.224441933231436,0,5,2866.06,9.86,0.0,0.0,0.0,5748744192,0,4,3,1,0,sleeping,105795,814457,6376587264,16384,6352160491,3332813745
2025-05-20 03:49:07,19208,5884764160,5734002688,205.2,17.18208515859611,0,5,2868.36,9.88,0.0,0.0,0.0,5734424576,0,4,3,1,0,sleeping,106198,828989,6380781568,16384,6355461867,3392328770
2025-05-20 03:49:08,19208,5951873024,5745012736,225.6,17.215077047967238,0,5,2870.81,9.89,0.0,0.0,0.0,5745643520,0,4,3,1,0,sleeping,107618,828990,6387359744,16384,6367094507,3392328822
2025-05-20 03:49:09,19208,5951873024,5745274880,198.9,17.21586256914274,0,5,2872.97,9.89,0.0,0.0,0.0,5745848320,0,4,3,1,0,sleeping,107618,828990,6387359744,16384,6367094507,3392328822
2025-05-20 03:49:10,19208,5951873024,5745405952,200.6,17.216255329730494,0,5,2875.14,9.9,0.0,0.0,0.0,5746036736,0,4,3,1,0,sleeping,107618,828990,6387359744,16384,6367094507,3392328822
2025-05-20 03:49:11,19208,5951873024,5745668096,199.8,17.217040850905992,0,5,2877.31,9.9,0.0,0.0,0.0,5746229248,0,4,3,1,0,sleeping,107618,828990,6387359744,16384,6367094507,3392328822
2025-05-20 03:49:12,19208,5951873024,5745799168,199.6,17.217433611493746,0,5,2879.48,9.9,0.0,0.0,0.0,5746409472,0,4,3,1,0,sleeping,107618,828990,6387359744,16384,6367094507,3392328822
2025-05-20 03:49:14,19208,5951873024,5745930240,199.3,17.217826372081497,0,5,2881.65,9.9,0.0,0.0,0.0,5746589696,0,4,3,1,0,sleeping,107618,828990,6387359744,16384,6367094507,3392328822
2025-05-20 03:49:15,19208,5951873024,5746192384,199.9,17.218611893257,0,5,2883.84,9.9,0.0,0.0,0.0,5746774016,0,4,3,1,0,sleeping,107618,828990,6387359744,16384,6367094507,3392328822
2025-05-20 03:49:16,19208,5951873024,5746323456,199.6,17.219004653844753,0,5,2886.01,9.9,0.0,0.0,0.0,5746987008,0,4,3,1,0,sleeping,107618,828990,6387359744,16384,6367094507,3392328822
2025-05-20 03:49:17,19208,5951873024,5746585600,199.7,17.219790175020254,0,5,2888.18,9.9,0.0,0.0,0.0,5747163136,0,4,3,1,0,sleeping,107618,828990,6387359744,16384,6367094507,3392328822
2025-05-20 03:49:18,19208,5951873024,5746716672,199.6,17.220182935608005,0,5,2890.35,9.9,0.0,0.0,0.0,5747347456,0,4,3,1,0,sleeping,107618,828990,6387359744,16384,6367094507,3392328822
2025-05-20 03:49:19,19208,5951873024,5746847744,199.8,17.22057569619576,0,5,2892.52,9.9,0.0,0.0,0.0,5747535872,0,4,3,1,0,sleeping,107618,828990,6387359744,16384,6367094507,3392328822
2025-05-20 03:49:20,19208,5951873024,5747109888,199.8,17.22136121737126,0,5,2894.69,9.9,0.0,0.0,0.0,5747720192,0,4,3,1,0,sleeping,107618,828990,6387359744,16384,6367094507,3392328822
2025-05-20 03:49:21,19208,5951873024,5747240960,198.8,17.22175397795901,0,5,2896.89,9.9,0.0,0.0,0.0,5747900416,0,4,3,1,0,sleeping,107618,828990,6387359744,16384,6367094507,3392328822
2025-05-20 03:49:22,19208,5951873024,5747503104,199.7,17.222539499134516,0,5,2899.06,9.9,0.0,0.0,0.0,5748088832,0,4,3,1,0,sleeping,107618,828990,6387359744,16384,6367094507,3392328822
2025-05-20 03:49:23,19208,5951873024,5747634176,199.6,17.222932259722267,0,5,2901.23,9.9,0.0,0.0,0.0,5748273152,0,4,3,1,0,sleeping,107618,828990,6387359744,16384,6367094507,3392328822
2025-05-20 03:49:24,19208,5951873024,5747765248,199.6,17.223325020310018,0,5,2903.4,9.9,0.0,0.0,0.0,5748461568,0,4,3,1,0,sleeping,107618,828990,6387359744,16384,6367094507,3392328822
2025-05-20 03:49:25,19208,5951873024,5747896320,200.4,17.223717780897772,0,5,2905.58,9.9,0.0,0.0,0.0,5748641792,0,4,3,1,0,sleeping,107618,828990,6387359744,16384,6367094507,3392328822
2025-05-20 03:49:27,19208,5951873024,5748551680,199.4,17.225681583836526,0,5,2907.77,9.91,0.0,0.0,0.0,5749272576,0,4,3,1,0,sleeping,107618,828999,6387359744,16384,6367094507,3392329433
2025-05-20 03:49:28,19208,5951873024,5748551680,199.9,17.225681583836526,0,5,2909.95,9.91,0.0,0.0,0.0,5749272576,0,4,3,1,0,sleeping,107618,828999,6387359744,16384,6367094507,3392329433
2025-05-20 03:49:29,19208,5951873024,5748551680,198.9,17.225681583836526,0,5,2912.12,9.91,0.0,0.0,0.0,5749272576,0,4,3,1,0,sleeping,107618,828999,6387359744,16384,6367094507,3392329433
2025-05-20 03:49:30,19208,5884764160,5685522432,204.1,17.03720559678928,0,5,2914.37,9.95,0.0,0.0,0.0,5681242112,0,3,2,1,0,sleeping,107831,843536,6387359744,16384,6368839403,3451864938
2025-05-20 03:49:31,19208,5884764160,5691027456,207.6,17.053308780887093,0,5,2916.63,9.95,0.0,0.0,0.0,5691469824,0,4,3,1,0,sleeping,107982,843537,6387359744,16384,6370064971,3451864988
2025-05-20 03:49:32,19208,5884764160,5691289600,199.4,17.054094302062595,0,5,2918.84,9.95,0.0,0.0,0.0,5691633664,0,4,3,1,0,sleeping,107982,843537,6387359744,16384,6370064971,3451864988
2025-05-20 03:49:33,19208,5884764160,5691420672,198.0,17.054487062650345,0,5,2921.06,9.95,0.0,0.0,0.0,5691793408,0,4,3,1,0,sleeping,107982,843537,6387359744,16384,6370064971,3451864988
2025-05-20 03:49:34,19208,5884764160,5691551744,197.3,17.054879823238096,0,5,2923.39,9.95,0.0,0.0,0.0,5691904000,0,4,3,1,0,sleeping,107982,843537,6387359744,16384,6370064971,3451864988
2025-05-20 03:49:36,19208,5884764160,5691551744,197.7,17.054879823238096,0,5,2925.83,9.95,0.0,0.0,0.0,5691990016,0,4,3,1,0,sleeping,107982,843537,6387359744,16384,6370064971,3451864988
2025-05-20 03:49:37,19208,5884764160,5691682816,203.9,17.055272583825847,0,5,2928.11,9.95,0.0,0.0,0.0,5692112896,0,4,3,1,0,sleeping,107982,843537,6387359744,16384,6370064971,3451864988
2025-05-20 03:49:38,19208,5884764160,5691813888,200.6,17.0556653444136,0,5,2930.29,9.95,0.0,0.0,0.0,5692297216,0,4,3,1,0,sleeping,107982,843537,6387359744,16384,6370064971,3451864988
2025-05-20 03:49:39,19208,5884764160,5692076032,200.0,17.056450865589103,0,5,2932.46,9.95,0.0,0.0,0.0,5692485632,0,4,3,1,0,sleeping,107982,843537,6387359744,16384,6370064971,3451864988
2025-05-20 03:49:40,19208,5884764160,5692338176,199.5,17.057236386764608,0,5,2934.63,9.95,0.0,0.0,0.0,5692674048,0,3,3,1,0,sleeping,107982,843537,6387359744,16384,6370064971,3451864988
2025-05-20 03:49:41,19208,5884764160,5692469248,199.6,17.05762914735236,0,5,2936.8,9.95,0.0,0.0,0.0,5692854272,0,4,3,1,0,sleeping,107982,843537,6387359744,16384,6370064971,3451864988
2025-05-20 03:49:42,19208,5884764160,5692600320,199.7,17.05802190794011,0,5,2938.98,9.95,0.0,0.0,0.0,5693054976,0,4,3,1,0,sleeping,107982,843537,6387359744,16384,6370064971,3451864988
2025-05-20 03:49:43,19208,5884764160,5692862464,199.7,17.058807429115614,0,5,2941.15,9.95,0.0,0.0,0.0,5693243392,0,4,3,1,0,sleeping,107982,843537,6387359744,16384,6370064971,3451864988
2025-05-20 03:49:44,19208,5884764160,5692993536,200.7,17.059200189703365,0,5,2943.32,9.96,0.0,0.0,0.0,5693427712,0,4,3,1,0,sleeping,107982,843537,6387359744,16384,6370064971,3451864988
2025-05-20 03:49:45,19208,5884764160,5693255680,199.6,17.059985710878866,0,5,2945.5,9.96,0.0,0.0,0.0,5693616128,0,4,3,1,0,sleeping,107982,843537,6387359744,16384,6370064971,3451864988
2025-05-20 03:49:47,19208,5884764160,5693386752,199.9,17.06037847146662,0,5,2947.71,9.96,0.0,0.0,0.0,5693804544,0,4,3,1,0,sleeping,107982,843537,6387359744,16384,6370064971,3451864988
2025-05-20 03:49:48,19208,5884764160,5693517824,200.4,17.06077123205437,0,5,2949.89,9.96,0.0,0.0,0.0,5693992960,0,4,3,1,0,sleeping,107982,843537,6387359744,16384,6370064971,3451864988
2025-05-20 03:49:49,19208,5884764160,5693779968,199.7,17.061556753229873,0,5,2952.06,9.96,0.0,0.0,0.0,5694181376,0,4,3,1,0,sleeping,107982,843537,6387359744,16384,6370064971,3451864988
2025-05-20 03:49:50,19208,5884764160,5693911040,199.7,17.061949513817623,0,5,2954.23,9.96,0.0,0.0,0.0,5694369792,0,4,3,1,0,sleeping,107982,843537,6387359744,16384,6370064971,3451864988
2025-05-20 03:49:51,19208,5884764160,5694173184,199.8,17.062735034993125,0,5,2956.4,9.96,0.0,0.0,0.0,5694537728,0,4,3,1,0,sleeping,107982,843537,6387359744,16384,6370064971,3451864988
2025-05-20 03:49:52,19208,5884764160,5694173184,198.8,17.062735034993125,0,5,2958.57,9.96,0.0,0.0,0.0,5694599168,0,4,2,1,0,sleeping,107982,843546,6387359744,16384,6370064971,3451865599
2025-05-20 03:49:53,19208,5884764160,5694173184,199.1,17.062735034993125,0,5,2960.74,9.96,0.0,0.0,0.0,5694599168,0,4,3,1,0,sleeping,107982,843546,6387359744,16384,6370064971,3451865599
2025-05-20 03:49:54,19208,5884764160,5694173184,199.8,17.062735034993125,0,5,2962.92,9.96,0.0,0.0,0.0,5694599168,0,4,3,1,0,sleeping,107982,843546,6387359744,16384,6370064971,3451865599
2025-05-20 03:49:55,19208,5817655296,5673406464,205.6,17.00050702937125,0,4,2965.15,9.99,0.0,0.0,0.0,5673660416,0,3,2,1,0,sleeping,107982,858080,6387359744,16384,6370064971,3511388815
2025-05-20 03:49:56,19208,5817655296,5673537536,199.8,17.000899789959,0,4,2967.32,9.99,0.0,0.0,0.0,5673844736,0,3,2,1,0,sleeping,107982,858080,6387359744,16384,6370064971,3511388815
2025-05-20 03:49:57,19208,5817655296,5673668608,199.0,17.001292550546754,0,4,2969.48,9.99,0.0,0.0,0.0,5674024960,0,3,2,1,0,sleeping,107982,858080,6387359744,16384,6370064971,3511388815
2025-05-20 03:49:59,19208,5817655296,5672194048,199.2,16.99687399393455,0,4,2971.65,9.99,0.0,0.0,0.0,5672583168,0,3,2,1,0,sleeping,107982,858089,6387359744,16384,6370064971,3511389425
