Time,PID,Virt,Res,CPU,Memory,TCP Connections,Thread Count,User,System,Children_User,Children_System,IO,uss,swap,processor_num,core_num,cpu_num,cpu_ids,process_status,read_count,write_count,read_bytes,write_bytes,read_chars,write_chars
2025-05-20 04:21:22,22476,2043207680,30416896,0.0,0.09114500389508039,0,11,0.0,0.01,0.0,0.0,0.0,26198016,0,7,4,1,0,sleeping,45,12,16384,4096,13628,5802
2025-05-20 04:21:23,22476,2043207680,30416896,0.0,0.09114500389508039,0,11,0.0,0.01,0.0,0.0,0.0,9809920,0,7,4,1,0,sleeping,70,25,16384,8192,15580,7650
2025-05-20 04:21:24,22476,2043207680,30416896,0.0,0.09114500389508039,0,11,0.0,0.01,0.0,0.0,0.0,9809920,0,7,4,1,0,sleeping,70,25,16384,8192,15580,7650
2025-05-20 04:21:25,22476,2043207680,30416896,0.0,0.09114500389508039,0,11,0.0,0.01,0.0,0.0,0.0,9809920,0,7,4,1,0,sleeping,74,27,16384,8192,16036,8090
2025-05-20 04:21:26,22476,2043207680,30416896,0.0,0.09114500389508039,0,11,0.0,0.01,0.0,0.0,0.0,9809920,0,7,4,1,0,sleeping,74,27,16384,8192,16036,8090
2025-05-20 04:21:27,22476,2043207680,30416896,0.0,0.09114500389508039,0,11,0.0,0.01,0.0,0.0,0.0,9809920,0,7,4,1,0,sleeping,74,27,16384,8192,16036,8090
2025-05-20 04:21:28,22476,2043207680,30416896,0.0,0.09114500389508039,0,11,0.0,0.01,0.0,0.0,0.0,9809920,0,7,4,1,0,sleeping,74,27,16384,8192,16036,8090
2025-05-20 04:21:29,22476,2043207680,30416896,0.0,0.09114500389508039,0,11,0.0,0.01,0.0,0.0,0.0,9809920,0,7,4,1,0,sleeping,74,27,16384,8192,16036,8090
2025-05-20 04:21:30,22476,2043207680,30416896,0.0,0.09114500389508039,0,11,0.0,0.01,0.0,0.0,0.0,9809920,0,7,4,1,0,sleeping,74,27,16384,8192,16036,8090
2025-05-20 04:21:31,22476,2043207680,30416896,0.0,0.09114500389508039,0,11,0.0,0.01,0.0,0.0,0.0,9809920,0,7,4,1,0,sleeping,74,27,16384,8192,16036,8090
2025-05-20 04:21:33,22476,2043207680,30416896,0.0,0.09114500389508039,0,11,0.0,0.01,0.0,0.0,0.0,9809920,0,7,4,1,0,sleeping,74,27,16384,8192,16036,8090
2025-05-20 04:21:34,22476,2043207680,30416896,0.0,0.09114500389508039,0,11,0.0,0.01,0.0,0.0,0.0,9809920,0,7,4,1,0,sleeping,74,27,16384,8192,16036,8090
2025-05-20 04:21:35,22476,2043207680,30416896,0.0,0.09114500389508039,0,11,0.0,0.01,0.0,0.0,0.0,9809920,0,7,4,1,0,sleeping,74,27,16384,8192,16036,8090
2025-05-20 04:21:36,22476,2043207680,30416896,0.0,0.09114500389508039,0,11,0.0,0.01,0.0,0.0,0.0,9809920,0,7,4,1,0,sleeping,74,27,16384,8192,16036,8090
2025-05-20 04:21:37,22476,2043207680,30416896,0.0,0.09114500389508039,0,11,0.0,0.01,0.0,0.0,0.0,9809920,0,7,4,1,0,sleeping,74,27,16384,8192,16036,8090
2025-05-20 04:21:38,22476,2043207680,30416896,0.0,0.09114500389508039,0,11,0.0,0.01,0.0,0.0,0.0,9809920,0,7,4,1,0,sleeping,74,27,16384,8192,16036,8090
2025-05-20 04:21:39,22476,2043207680,30416896,0.0,0.09114500389508039,0,11,0.0,0.01,0.0,0.0,0.0,9809920,0,7,4,1,0,sleeping,74,27,16384,8192,16036,8090
2025-05-20 04:21:41,22476,2043207680,30416896,0.0,0.09114500389508039,0,11,0.0,0.01,0.0,0.0,0.0,9809920,0,7,4,1,0,sleeping,74,27,16384,8192,16036,8090
2025-05-20 04:21:42,22476,2043207680,30416896,0.0,0.09114500389508039,0,11,0.0,0.01,0.0,0.0,0.0,9809920,0,7,4,1,0,sleeping,74,27,16384,8192,16036,8090
2025-05-20 04:21:43,22476,2043207680,30416896,0.0,0.09114500389508039,0,11,0.0,0.01,0.0,0.0,0.0,9809920,0,7,4,1,0,sleeping,74,27,16384,8192,16036,8090
2025-05-20 04:21:44,22476,2043207680,30416896,0.0,0.09114500389508039,0,11,0.0,0.01,0.0,0.0,0.0,9809920,0,7,4,1,0,sleeping,74,27,16384,8192,16036,8090
2025-05-20 04:21:45,22476,2043207680,30416896,0.0,0.09114500389508039,0,11,0.0,0.01,0.0,0.0,0.0,9809920,0,7,4,1,0,sleeping,74,27,16384,8192,16036,8090
2025-05-20 04:21:46,22476,2043207680,30416896,0.0,0.09114500389508039,0,11,0.0,0.01,0.0,0.0,0.0,9809920,0,7,4,1,0,sleeping,74,27,16384,8192,16036,8090
2025-05-20 04:21:47,22476,2043207680,30416896,0.0,0.09114500389508039,0,11,0.0,0.01,0.0,0.0,0.0,9809920,0,7,4,1,0,sleeping,74,27,16384,8192,16036,8090
2025-05-20 04:21:48,22476,2043207680,30416896,0.0,0.09114500389508039,0,11,0.0,0.01,0.0,0.0,0.0,9809920,0,7,4,1,0,sleeping,74,27,16384,8192,16036,8090
2025-05-20 04:21:49,22476,2043207680,30416896,0.0,0.09114500389508039,0,11,0.0,0.01,0.0,0.0,0.0,9809920,0,7,4,1,0,sleeping,74,27,16384,8192,16036,8090
2025-05-20 04:21:51,22476,2043207680,30416896,0.0,0.09114500389508039,0,11,0.0,0.01,0.0,0.0,0.0,9809920,0,7,4,1,0,sleeping,74,27,16384,8192,16036,8090
2025-05-20 04:21:52,22476,2043207680,30416896,0.0,0.09114500389508039,0,11,0.0,0.01,0.0,0.0,0.0,9863168,0,6,4,1,0,sleeping,75,28,16384,8192,16044,8098
2025-05-20 04:21:53,22476,2043207680,30416896,0.0,0.09114500389508039,0,11,0.0,0.01,0.0,0.0,0.0,9863168,0,6,4,1,0,sleeping,75,28,16384,8192,16044,8098
2025-05-20 04:21:54,22476,2043207680,30416896,0.0,0.09114500389508039,0,11,0.0,0.01,0.0,0.0,0.0,9863168,0,6,4,1,0,sleeping,75,28,16384,8192,16044,8098
2025-05-20 04:21:55,22476,2043207680,30416896,0.0,0.09114500389508039,0,11,0.0,0.01,0.0,0.0,0.0,9863168,0,6,4,1,0,sleeping,75,28,16384,8192,16044,8098
2025-05-20 04:21:57,22476,2043207680,30416896,0.0,0.09114500389508039,0,11,0.0,0.01,0.0,0.0,0.0,9863168,0,6,4,1,0,sleeping,75,28,16384,8192,16044,8098
2025-05-20 04:21:58,22476,2043207680,30416896,0.0,0.09114500389508039,0,11,0.0,0.01,0.0,0.0,0.0,9863168,0,6,4,1,0,sleeping,75,28,16384,8192,16044,8098
2025-05-20 04:21:59,22476,2043207680,30416896,0.0,0.09114500389508039,0,11,0.0,0.01,0.0,0.0,0.0,9863168,0,6,4,1,0,sleeping,75,28,16384,8192,16044,8098
2025-05-20 04:22:00,22476,2043207680,30416896,0.0,0.09114500389508039,0,11,0.0,0.01,0.0,0.0,0.0,9863168,0,6,4,1,0,sleeping,75,28,16384,8192,16044,8098
2025-05-20 04:22:01,22476,2043207680,30416896,0.0,0.09114500389508039,0,11,0.0,0.01,0.0,0.0,0.0,9863168,0,6,4,1,0,sleeping,75,28,16384,8192,16044,8098
2025-05-20 04:22:02,22476,2043207680,30416896,0.0,0.09114500389508039,0,11,0.0,0.01,0.0,0.0,0.0,9863168,0,6,4,1,0,sleeping,75,28,16384,8192,16044,8098
2025-05-20 04:22:04,22476,2043207680,30416896,0.0,0.09114500389508039,0,11,0.0,0.01,0.0,0.0,0.0,9863168,0,6,4,1,0,sleeping,75,28,16384,8192,16044,8098
2025-05-20 04:22:05,22476,2043207680,30416896,0.0,0.09114500389508039,0,11,0.0,0.01,0.0,0.0,0.0,9863168,0,6,4,1,0,sleeping,75,28,16384,8192,16044,8098
2025-05-20 04:22:06,22476,2043207680,30416896,0.0,0.09114500389508039,0,11,0.0,0.01,0.0,0.0,0.0,9863168,0,6,4,1,0,sleeping,75,28,16384,8192,16044,8098
2025-05-20 04:22:07,22476,2043207680,30416896,0.0,0.09114500389508039,0,11,0.0,0.01,0.0,0.0,0.0,9863168,0,6,4,1,0,sleeping,75,28,16384,8192,16044,8098
2025-05-20 04:22:08,22476,2043207680,30416896,0.0,0.09114500389508039,0,11,0.0,0.01,0.0,0.0,0.0,9863168,0,6,4,1,0,sleeping,75,28,16384,8192,16044,8098
2025-05-20 04:22:09,22476,2043207680,30416896,0.0,0.09114500389508039,0,11,0.0,0.01,0.0,0.0,0.0,9863168,0,6,4,1,0,sleeping,75,28,16384,8192,16044,8098
2025-05-20 04:22:10,22476,2043207680,30416896,0.0,0.09114500389508039,0,11,0.0,0.01,0.0,0.0,0.0,9809920,0,6,4,1,0,sleeping,75,28,16384,8192,16044,8098
2025-05-20 04:22:11,22476,2043207680,30416896,0.0,0.09114500389508039,0,11,0.0,0.01,0.0,0.0,0.0,9809920,0,6,4,1,0,sleeping,75,28,16384,8192,16044,8098
2025-05-20 04:22:12,22476,2043207680,30416896,0.0,0.09114500389508039,0,11,0.0,0.01,0.0,0.0,0.0,9809920,0,6,4,1,0,sleeping,75,28,16384,8192,16044,8098
2025-05-20 04:22:14,22476,2043207680,30416896,0.0,0.09114500389508039,0,11,0.0,0.01,0.0,0.0,0.0,9809920,0,6,4,1,0,sleeping,75,28,16384,8192,16044,8098
2025-05-20 04:22:15,22476,2043207680,30416896,0.0,0.09114500389508039,0,11,0.0,0.01,0.0,0.0,0.0,9809920,0,6,4,1,0,sleeping,75,28,16384,8192,16044,8098
2025-05-20 04:22:16,22476,2043207680,30416896,0.0,0.09114500389508039,0,11,0.0,0.01,0.0,0.0,0.0,9809920,0,6,4,1,0,sleeping,75,28,16384,8192,16044,8098
2025-05-20 04:22:17,22476,2043207680,30416896,0.0,0.09114500389508039,0,11,0.0,0.01,0.0,0.0,0.0,9809920,0,6,4,1,0,sleeping,75,28,16384,8192,16044,8098
2025-05-20 04:22:18,22476,2043207680,30416896,0.0,0.09114500389508039,0,11,0.0,0.01,0.0,0.0,0.0,9809920,0,6,4,1,0,sleeping,75,28,16384,8192,16044,8098
2025-05-20 04:22:19,22476,2043207680,30416896,0.0,0.09114500389508039,0,11,0.0,0.01,0.0,0.0,0.0,9809920,0,6,4,1,0,sleeping,75,28,16384,8192,16044,8098
2025-05-20 04:22:20,22476,2043207680,30416896,0.0,0.09114500389508039,0,11,0.0,0.01,0.0,0.0,0.0,9809920,0,6,4,1,0,sleeping,75,28,16384,8192,16044,8098
2025-05-20 04:22:21,22476,2043207680,30416896,0.0,0.09114500389508039,0,11,0.0,0.01,0.0,0.0,0.0,9809920,0,6,4,1,0,sleeping,75,28,16384,8192,16044,8098
2025-05-20 04:22:23,22476,2043207680,30416896,0.0,0.09114500389508039,0,11,0.0,0.01,0.0,0.0,0.0,9809920,0,6,4,1,0,sleeping,75,28,16384,8192,16044,8098
2025-05-20 04:22:24,22476,2043207680,30416896,0.0,0.09114500389508039,0,11,0.0,0.01,0.0,0.0,0.0,9809920,0,6,4,1,0,sleeping,75,28,16384,8192,16044,8098
2025-05-20 04:22:25,22476,2043207680,30416896,0.0,0.09114500389508039,0,11,0.0,0.01,0.0,0.0,0.0,9809920,0,6,4,1,0,sleeping,75,28,16384,8192,16044,8098
2025-05-20 04:22:26,22476,2043207680,30416896,0.0,0.09114500389508039,0,11,0.0,0.01,0.0,0.0,0.0,9809920,0,6,4,1,0,sleeping,75,28,16384,8192,16044,8098
2025-05-20 04:22:27,22476,2043207680,30416896,0.0,0.09114500389508039,0,11,0.0,0.01,0.0,0.0,0.0,9809920,0,6,4,1,0,sleeping,75,28,16384,8192,16044,8098
2025-05-20 04:22:28,22476,2043207680,30416896,0.0,0.09114500389508039,0,11,0.0,0.01,0.0,0.0,0.0,9809920,0,6,4,1,0,sleeping,75,28,16384,8192,16044,8098
2025-05-20 04:22:29,22476,2043207680,30416896,0.0,0.09114500389508039,0,11,0.0,0.01,0.0,0.0,0.0,9809920,0,6,4,1,0,sleeping,75,28,16384,8192,16044,8098
2025-05-20 04:22:31,22476,2043207680,30416896,0.0,0.09114500389508039,0,11,0.0,0.01,0.0,0.0,0.0,9809920,0,6,4,1,0,sleeping,75,28,16384,8192,16044,8098
2025-05-20 04:22:32,22476,2043207680,30416896,0.0,0.09114500389508039,0,11,0.0,0.01,0.0,0.0,0.0,9809920,0,6,4,1,0,sleeping,75,28,16384,8192,16044,8098
2025-05-20 04:22:33,22476,2043207680,30416896,0.0,0.09114500389508039,0,11,0.0,0.01,0.0,0.0,0.0,9809920,0,6,4,1,0,sleeping,75,28,16384,8192,16044,8098
2025-05-20 04:22:34,22476,2043207680,30416896,0.0,0.09114500389508039,0,11,0.0,0.01,0.0,0.0,0.0,9809920,0,6,4,1,0,sleeping,75,28,16384,8192,16044,8098
2025-05-20 04:22:35,22476,2043207680,30416896,0.0,0.09114500389508039,0,11,0.0,0.01,0.0,0.0,0.0,9809920,0,6,4,1,0,sleeping,75,28,16384,8192,16044,8098
2025-05-20 04:22:36,22476,2043207680,30416896,0.0,0.09114500389508039,0,11,0.0,0.01,0.0,0.0,0.0,9809920,0,6,4,1,0,sleeping,75,28,16384,8192,16044,8098
2025-05-20 04:22:38,22476,2043207680,30416896,0.0,0.09114500389508039,0,11,0.0,0.01,0.0,0.0,0.0,9809920,0,6,4,1,0,sleeping,75,28,16384,8192,16044,8098
2025-05-20 04:22:39,22476,2043207680,30416896,0.0,0.09114500389508039,0,11,0.0,0.01,0.0,0.0,0.0,9809920,0,6,4,1,0,sleeping,75,28,16384,8192,16044,8098
2025-05-20 04:22:40,22476,2043207680,30416896,0.0,0.09114500389508039,0,11,0.0,0.01,0.0,0.0,0.0,9809920,0,6,4,1,0,sleeping,75,28,16384,8192,16044,8098
2025-05-20 04:22:41,22476,2043207680,30416896,0.0,0.09114500389508039,0,11,0.0,0.01,0.0,0.0,0.0,9809920,0,6,4,1,0,sleeping,75,28,16384,8192,16044,8098
2025-05-20 04:22:42,22476,2043207680,30416896,0.0,0.09114500389508039,0,11,0.0,0.01,0.0,0.0,0.0,9809920,0,6,4,1,0,sleeping,75,28,16384,8192,16044,8098
2025-05-20 04:22:43,22476,2043207680,30416896,0.0,0.09114500389508039,0,11,0.0,0.01,0.0,0.0,0.0,9809920,0,6,4,1,0,sleeping,75,28,16384,8192,16044,8098
2025-05-20 04:22:44,22476,2043207680,30416896,0.0,0.09114500389508039,0,11,0.0,0.01,0.0,0.0,0.0,9809920,0,6,4,1,0,sleeping,75,28,16384,8192,16044,8098
2025-05-20 04:22:45,22476,2043207680,30416896,0.0,0.09114500389508039,0,11,0.0,0.01,0.0,0.0,0.0,9809920,0,6,4,1,0,sleeping,75,28,16384,8192,16044,8098
2025-05-20 04:22:46,22476,2043207680,30416896,0.0,0.09114500389508039,0,11,0.0,0.01,0.0,0.0,0.0,9809920,0,6,4,1,0,sleeping,75,28,16384,8192,16044,8098
2025-05-20 04:22:47,22476,2043207680,30416896,0.0,0.09114500389508039,0,11,0.0,0.01,0.0,0.0,0.0,9809920,0,6,4,1,0,sleeping,75,28,16384,8192,16044,8098
2025-05-20 04:22:49,22476,2043207680,30416896,0.0,0.09114500389508039,0,11,0.0,0.01,0.0,0.0,0.0,9809920,0,6,4,1,0,sleeping,75,28,16384,8192,16044,8098
2025-05-20 04:22:50,22476,2043207680,30416896,0.0,0.09114500389508039,0,11,0.0,0.01,0.0,0.0,0.0,9809920,0,6,4,1,0,sleeping,75,28,16384,8192,16044,8098
2025-05-20 04:22:51,22476,2043207680,30416896,0.0,0.09114500389508039,0,11,0.0,0.01,0.0,0.0,0.0,9809920,0,6,4,1,0,sleeping,75,28,16384,8192,16044,8098
2025-05-20 04:22:52,22476,2043207680,30416896,0.0,0.09114500389508039,0,11,0.0,0.01,0.0,0.0,0.0,9809920,0,6,4,1,0,sleeping,75,28,16384,8192,16044,8098
2025-05-20 04:22:53,22476,2043207680,30416896,0.0,0.09114500389508039,0,11,0.0,0.01,0.0,0.0,0.0,9809920,0,6,4,1,0,sleeping,75,28,16384,8192,16044,8098
2025-05-20 04:22:54,22476,2043207680,30416896,0.0,0.09114500389508039,0,11,0.0,0.01,0.0,0.0,0.0,9809920,0,6,4,1,0,sleeping,75,28,16384,8192,16044,8098
2025-05-20 04:22:55,22476,2043207680,30416896,0.0,0.09114500389508039,0,11,0.0,0.01,0.0,0.0,0.0,9809920,0,6,4,1,0,sleeping,75,28,16384,8192,16044,8098
2025-05-20 04:22:56,22476,2043207680,30416896,0.0,0.09114500389508039,0,11,0.0,0.01,0.0,0.0,0.0,9809920,0,6,4,1,0,sleeping,75,28,16384,8192,16044,8098
2025-05-20 04:22:57,22476,2043207680,30416896,0.0,0.09114500389508039,0,11,0.0,0.01,0.0,0.0,0.0,9809920,0,6,4,1,0,sleeping,75,28,16384,8192,16044,8098
2025-05-20 04:22:59,22476,2043207680,30416896,0.0,0.09114500389508039,0,11,0.0,0.01,0.0,0.0,0.0,9809920,0,6,4,1,0,sleeping,75,28,16384,8192,16044,8098
2025-05-20 04:23:00,22476,2043207680,30416896,0.0,0.09114500389508039,0,11,0.0,0.01,0.0,0.0,0.0,9809920,0,6,4,1,0,sleeping,75,28,16384,8192,16044,8098
2025-05-20 04:23:01,22476,2043207680,30416896,0.0,0.09114500389508039,0,11,0.0,0.01,0.0,0.0,0.0,9809920,0,6,4,1,0,sleeping,75,28,16384,8192,16044,8098
2025-05-20 04:23:02,22476,2043207680,30416896,0.0,0.09114500389508039,0,11,0.0,0.01,0.0,0.0,0.0,9809920,0,6,4,1,0,sleeping,75,28,16384,8192,16044,8098
2025-05-20 04:23:03,22476,2043207680,30416896,0.0,0.09114500389508039,0,11,0.0,0.01,0.0,0.0,0.0,9809920,0,6,4,1,0,sleeping,75,28,16384,8192,16044,8098
2025-05-20 04:23:04,22476,2043207680,30416896,0.0,0.09114500389508039,0,11,0.0,0.01,0.0,0.0,0.0,9809920,0,6,4,1,0,sleeping,75,28,16384,8192,16044,8098
2025-05-20 04:23:05,22476,2043207680,30416896,0.0,0.09114500389508039,0,11,0.0,0.01,0.0,0.0,0.0,9809920,0,6,4,1,0,sleeping,75,28,16384,8192,16044,8098
2025-05-20 04:23:07,22476,2043207680,30416896,0.0,0.09114500389508039,0,11,0.0,0.01,0.0,0.0,0.0,9809920,0,6,4,1,0,sleeping,75,28,16384,8192,16044,8098
2025-05-20 04:23:08,22476,2043207680,30416896,0.0,0.09114500389508039,0,11,0.0,0.01,0.0,0.0,0.0,9809920,0,6,4,1,0,sleeping,75,28,16384,8192,16044,8098
2025-05-20 04:23:09,22476,2043207680,30416896,0.0,0.09114500389508039,0,11,0.0,0.01,0.0,0.0,0.0,9809920,0,6,4,1,0,sleeping,75,28,16384,8192,16044,8098
2025-05-20 04:23:10,22476,2043207680,30416896,0.0,0.09114500389508039,0,11,0.0,0.01,0.0,0.0,0.0,9809920,0,6,4,1,0,sleeping,75,28,16384,8192,16044,8098
2025-05-20 04:23:11,22476,2043207680,30416896,0.0,0.09114500389508039,0,11,0.0,0.01,0.0,0.0,0.0,9809920,0,6,4,1,0,sleeping,75,28,16384,8192,16044,8098
2025-05-20 04:23:12,22476,2043207680,30416896,0.0,0.09114500389508039,0,11,0.0,0.01,0.0,0.0,0.0,9809920,0,6,4,1,0,sleeping,75,28,16384,8192,16044,8098
2025-05-20 04:23:13,22476,2043207680,30416896,0.0,0.09114500389508039,0,11,0.0,0.01,0.0,0.0,0.0,9809920,0,6,4,1,0,sleeping,75,28,16384,8192,16044,8098
2025-05-20 04:23:14,22476,2043207680,30416896,0.0,0.09114500389508039,0,11,0.0,0.01,0.0,0.0,0.0,9809920,0,6,4,1,0,sleeping,75,28,16384,8192,16044,8098
2025-05-20 04:23:15,22476,2043207680,30416896,0.0,0.09114500389508039,0,11,0.0,0.01,0.0,0.0,0.0,9809920,0,6,4,1,0,sleeping,75,28,16384,8192,16044,8098
2025-05-20 04:23:16,22476,2043207680,30416896,0.0,0.09114500389508039,0,11,0.0,0.01,0.0,0.0,0.0,9809920,0,6,4,1,0,sleeping,75,28,16384,8192,16044,8098
2025-05-20 04:23:18,22476,2043207680,30416896,0.0,0.09114500389508039,0,11,0.0,0.01,0.0,0.0,0.0,9809920,0,6,4,1,0,sleeping,75,28,16384,8192,16044,8098
2025-05-20 04:23:19,22476,2043207680,30416896,0.0,0.09114500389508039,0,11,0.0,0.01,0.0,0.0,0.0,9809920,0,6,4,1,0,sleeping,75,28,16384,8192,16044,8098
2025-05-20 04:23:20,22476,2043207680,30416896,0.0,0.09114500389508039,0,11,0.0,0.01,0.0,0.0,0.0,9809920,0,6,4,1,0,sleeping,75,28,16384,8192,16044,8098
2025-05-20 04:23:21,22476,2043207680,30416896,0.0,0.09114500389508039,0,11,0.0,0.01,0.0,0.0,0.0,9809920,0,6,4,1,0,sleeping,75,28,16384,8192,16044,8098
2025-05-20 04:23:22,22476,2043207680,30416896,0.0,0.09114500389508039,0,11,0.0,0.01,0.0,0.0,0.0,9809920,0,6,4,1,0,sleeping,75,28,16384,8192,16044,8098
2025-05-20 04:23:23,22476,2043207680,30416896,0.0,0.09114500389508039,0,11,0.0,0.01,0.0,0.0,0.0,9809920,0,6,4,1,0,sleeping,75,28,16384,8192,16044,8098
2025-05-20 04:23:24,22476,2043207680,30416896,0.0,0.09114500389508039,0,11,0.0,0.01,0.0,0.0,0.0,9809920,0,6,4,1,0,sleeping,75,28,16384,8192,16044,8098
2025-05-20 04:23:26,22476,2043207680,30416896,0.0,0.09114500389508039,0,11,0.0,0.01,0.0,0.0,0.0,9809920,0,6,4,1,0,sleeping,75,28,16384,8192,16044,8098
2025-05-20 04:23:27,22476,2043207680,30416896,0.0,0.09114500389508039,0,11,0.0,0.01,0.0,0.0,0.0,9809920,0,6,4,1,0,sleeping,75,28,16384,8192,16044,8098
2025-05-20 04:23:29,22476,2043207680,30416896,0.0,0.09114500389508039,0,11,0.0,0.01,0.0,0.0,0.0,9809920,0,6,4,1,0,sleeping,75,28,16384,8192,16044,8098
2025-05-20 04:23:30,22476,2043207680,30416896,0.0,0.09114500389508039,0,11,0.0,0.01,0.0,0.0,0.0,9809920,0,6,4,1,0,sleeping,75,28,16384,8192,16044,8098
2025-05-20 04:23:31,22476,2043207680,30416896,0.0,0.09114500389508039,0,11,0.0,0.01,0.0,0.0,0.0,9809920,0,6,4,1,0,sleeping,75,28,16384,8192,16044,8098
2025-05-20 04:23:32,22476,2043207680,30416896,0.0,0.09114500389508039,0,11,0.0,0.01,0.0,0.0,0.0,9809920,0,6,4,1,0,sleeping,75,28,16384,8192,16044,8098
2025-05-20 04:23:33,22476,2043207680,30416896,0.0,0.09114500389508039,0,11,0.0,0.01,0.0,0.0,0.0,9809920,0,6,4,1,0,sleeping,75,28,16384,8192,16044,8098
2025-05-20 04:23:34,22476,2043207680,30416896,0.0,0.09114500389508039,0,11,0.0,0.01,0.0,0.0,0.0,9809920,0,6,4,1,0,sleeping,75,28,16384,8192,16044,8098
2025-05-20 04:23:35,22476,2043207680,30416896,0.0,0.09114500389508039,0,11,0.0,0.01,0.0,0.0,0.0,9809920,0,6,4,1,0,sleeping,75,28,16384,8192,16044,8098
2025-05-20 04:23:36,22476,2043207680,30416896,0.0,0.09114500389508039,0,11,0.0,0.01,0.0,0.0,0.0,9809920,0,6,4,1,0,sleeping,75,28,16384,8192,16044,8098
2025-05-20 04:23:37,22476,2043207680,30416896,0.0,0.09114500389508039,0,11,0.0,0.01,0.0,0.0,0.0,9809920,0,6,4,1,0,sleeping,75,28,16384,8192,16044,8098
2025-05-20 04:23:38,22476,2043207680,30416896,0.0,0.09114500389508039,0,11,0.0,0.01,0.0,0.0,0.0,9809920,0,6,4,1,0,sleeping,75,28,16384,8192,16044,8098
2025-05-20 04:23:39,22476,2043207680,30416896,0.0,0.09114500389508039,0,11,0.0,0.01,0.0,0.0,0.0,9809920,0,6,4,1,0,sleeping,75,28,16384,8192,16044,8098
2025-05-20 04:23:40,22476,2043207680,30416896,0.0,0.09114500389508039,0,11,0.0,0.01,0.0,0.0,0.0,9809920,0,6,4,1,0,sleeping,75,28,16384,8192,16044,8098
2025-05-20 04:23:42,22476,2043207680,30416896,0.0,0.09114500389508039,0,11,0.0,0.01,0.0,0.0,0.0,9809920,0,6,4,1,0,sleeping,75,28,16384,8192,16044,8098
2025-05-20 04:23:43,22476,2043207680,30416896,0.0,0.09114500389508039,0,11,0.0,0.01,0.0,0.0,0.0,9809920,0,6,4,1,0,sleeping,75,28,16384,8192,16044,8098
2025-05-20 04:23:44,22476,2043207680,30416896,0.0,0.09114500389508039,0,11,0.0,0.01,0.0,0.0,0.0,9809920,0,6,4,1,0,sleeping,75,28,16384,8192,16044,8098
2025-05-20 04:23:45,22476,2043207680,30416896,0.0,0.09114500389508039,0,11,0.0,0.01,0.0,0.0,0.0,9809920,0,6,4,1,0,sleeping,75,28,16384,8192,16044,8098
2025-05-20 04:23:46,22476,2043207680,30416896,0.0,0.09114500389508039,0,11,0.0,0.01,0.0,0.0,0.0,9809920,0,6,4,1,0,sleeping,75,28,16384,8192,16044,8098
2025-05-20 04:23:48,22476,2043207680,30416896,0.0,0.09114500389508039,0,11,0.0,0.01,0.0,0.0,0.0,9809920,0,6,4,1,0,sleeping,75,28,16384,8192,16044,8098
2025-05-20 04:23:49,22476,2043207680,30416896,0.0,0.09114500389508039,0,11,0.0,0.01,0.0,0.0,0.0,9809920,0,6,4,1,0,sleeping,75,28,16384,8192,16044,8098
2025-05-20 04:23:50,22476,2043207680,30416896,0.0,0.09114500389508039,0,11,0.0,0.01,0.0,0.0,0.0,9809920,0,6,4,1,0,sleeping,75,28,16384,8192,16044,8098
2025-05-20 04:23:51,22476,2043535360,31072256,0.0,0.09310880683383785,0,11,0.0,0.01,0.0,0.0,0.0,10362880,0,6,4,1,0,sleeping,75,28,16384,8192,16044,8098
2025-05-20 04:23:52,22476,2043535360,31072256,0.0,0.09310880683383785,0,11,0.0,0.01,0.0,0.0,0.0,10362880,0,6,4,1,0,sleeping,75,28,16384,8192,16044,8098
2025-05-20 04:23:53,22476,2043535360,31072256,0.0,0.09310880683383785,0,11,0.0,0.01,0.0,0.0,0.0,10362880,0,6,4,1,0,sleeping,75,28,16384,8192,16044,8098
2025-05-20 04:23:54,22476,2043535360,31072256,0.0,0.09310880683383785,0,11,0.0,0.01,0.0,0.0,0.0,10362880,0,6,4,1,0,sleeping,75,28,16384,8192,16044,8098
2025-05-20 04:23:55,22476,2043535360,31072256,0.0,0.09310880683383785,0,11,0.0,0.01,0.0,0.0,0.0,10362880,0,6,4,1,0,sleeping,75,28,16384,8192,16044,8098
2025-05-20 04:23:56,22476,2043535360,31072256,0.0,0.09310880683383785,0,11,0.0,0.01,0.0,0.0,0.0,10362880,0,6,4,1,0,sleeping,75,28,16384,8192,16044,8098
2025-05-20 04:23:57,22476,2043535360,31072256,0.0,0.09310880683383785,0,11,0.0,0.01,0.0,0.0,0.0,10362880,0,6,4,1,0,sleeping,75,28,16384,8192,16044,8098
2025-05-20 04:23:58,22476,2043535360,31072256,0.0,0.09310880683383785,0,11,0.0,0.01,0.0,0.0,0.0,10362880,0,6,4,1,0,sleeping,75,28,16384,8192,16044,8098
2025-05-20 04:24:00,22476,2043535360,31072256,0.0,0.09310880683383785,0,11,0.0,0.01,0.0,0.0,0.0,10362880,0,6,4,1,0,sleeping,75,28,16384,8192,16044,8098
2025-05-20 04:24:01,22476,2043535360,31072256,0.0,0.09310880683383785,0,11,0.0,0.01,0.0,0.0,0.0,10362880,0,6,4,1,0,sleeping,75,28,16384,8192,16044,8098
2025-05-20 04:24:02,22476,2043535360,31072256,0.0,0.09310880683383785,0,11,0.0,0.01,0.0,0.0,0.0,10362880,0,6,4,1,0,sleeping,75,28,16384,8192,16044,8098
2025-05-20 04:24:03,22476,2043535360,31072256,0.0,0.09310880683383785,0,11,0.0,0.01,0.0,0.0,0.0,10362880,0,6,4,1,0,sleeping,75,28,16384,8192,16044,8098
2025-05-20 04:24:04,22476,2043535360,31072256,0.0,0.09310880683383785,0,11,0.0,0.01,0.0,0.0,0.0,10362880,0,6,4,1,0,sleeping,75,28,16384,8192,16044,8098
2025-05-20 04:24:06,22476,2043535360,31072256,0.0,0.09310880683383785,0,11,0.0,0.01,0.0,0.0,0.0,10362880,0,6,4,1,0,sleeping,75,28,16384,8192,16044,8098
2025-05-20 04:24:07,22476,2043535360,31072256,0.0,0.09310880683383785,0,11,0.0,0.01,0.0,0.0,0.0,10362880,0,6,4,1,0,sleeping,75,28,16384,8192,16044,8098
2025-05-20 04:24:08,22476,2043535360,31072256,0.0,0.09310880683383785,0,11,0.0,0.01,0.0,0.0,0.0,10362880,0,6,4,1,0,sleeping,75,28,16384,8192,16044,8098
2025-05-20 04:24:09,22476,2043535360,31072256,0.0,0.09310880683383785,0,11,0.0,0.01,0.0,0.0,0.0,10362880,0,6,4,1,0,sleeping,75,28,16384,8192,16044,8098
2025-05-20 04:24:10,22476,2043535360,31072256,0.0,0.09310880683383785,0,11,0.0,0.01,0.0,0.0,0.0,10362880,0,6,4,1,0,sleeping,75,28,16384,8192,16044,8098
2025-05-20 04:24:11,22476,2043535360,31072256,0.0,0.09310880683383785,0,11,0.0,0.01,0.0,0.0,0.0,10362880,0,6,4,1,0,sleeping,75,28,16384,8192,16044,8098
2025-05-20 04:24:12,22476,2043535360,31072256,0.0,0.09310880683383785,0,11,0.0,0.01,0.0,0.0,0.0,10362880,0,6,4,1,0,sleeping,75,28,16384,8192,16044,8098
2025-05-20 04:24:13,22476,2043535360,31072256,0.0,0.09310880683383785,0,11,0.0,0.01,0.0,0.0,0.0,10362880,0,6,4,1,0,sleeping,75,28,16384,8192,16044,8098
2025-05-20 04:24:14,22476,2043535360,31072256,0.0,0.09310880683383785,0,11,0.0,0.01,0.0,0.0,0.0,10362880,0,6,4,1,0,sleeping,75,28,16384,8192,16044,8098
2025-05-20 04:24:15,22476,2043535360,31072256,0.0,0.09310880683383785,0,11,0.0,0.01,0.0,0.0,0.0,10362880,0,6,4,1,0,sleeping,75,28,16384,8192,16044,8098
2025-05-20 04:24:16,22476,2043535360,31072256,0.0,0.09310880683383785,0,11,0.0,0.01,0.0,0.0,0.0,10362880,0,6,4,1,0,sleeping,75,28,16384,8192,16044,8098
2025-05-20 04:24:17,22476,2043535360,31072256,0.0,0.09310880683383785,0,11,0.0,0.01,0.0,0.0,0.0,10362880,0,6,4,1,0,sleeping,75,28,16384,8192,16044,8098
2025-05-20 04:24:18,22476,2043535360,31072256,0.0,0.09310880683383785,0,11,0.0,0.01,0.0,0.0,0.0,10362880,0,6,4,1,0,sleeping,75,28,16384,8192,16044,8098
2025-05-20 04:24:20,22476,2043535360,31072256,0.0,0.09310880683383785,0,11,0.0,0.01,0.0,0.0,0.0,10362880,0,6,4,1,0,sleeping,75,28,16384,8192,16044,8098
2025-05-20 04:24:21,22476,2043535360,31072256,0.0,0.09310880683383785,0,11,0.0,0.01,0.0,0.0,0.0,10362880,0,6,4,1,0,sleeping,75,28,16384,8192,16044,8098
2025-05-20 04:24:22,22476,2043535360,31072256,0.0,0.09310880683383785,0,11,0.0,0.01,0.0,0.0,0.0,10362880,0,6,4,1,0,sleeping,75,28,16384,8192,16044,8098
2025-05-20 04:24:23,22476,2043535360,31072256,0.0,0.09310880683383785,0,11,0.0,0.01,0.0,0.0,0.0,10362880,0,6,4,1,0,sleeping,75,28,16384,8192,16044,8098
2025-05-20 04:24:25,22476,2043535360,31072256,0.0,0.09310880683383785,0,11,0.0,0.01,0.0,0.0,0.0,10362880,0,6,4,1,0,sleeping,75,28,16384,8192,16044,8098
2025-05-20 04:24:26,22476,2043535360,31072256,0.0,0.09310880683383785,0,11,0.0,0.01,0.0,0.0,0.0,10362880,0,6,4,1,0,sleeping,75,28,16384,8192,16044,8098
2025-05-20 04:24:27,22476,2043535360,31072256,0.0,0.09310880683383785,0,11,0.0,0.01,0.0,0.0,0.0,10362880,0,6,4,1,0,sleeping,75,28,16384,8192,16044,8098
2025-05-20 04:24:28,22476,2043535360,31072256,0.0,0.09310880683383785,0,11,0.0,0.01,0.0,0.0,0.0,10362880,0,6,4,1,0,sleeping,75,28,16384,8192,16044,8098
2025-05-20 04:24:29,22476,2043535360,31072256,0.0,0.09310880683383785,0,11,0.0,0.01,0.0,0.0,0.0,10362880,0,6,4,1,0,sleeping,75,28,16384,8192,16044,8098
2025-05-20 04:24:30,22476,2043535360,31072256,0.0,0.09310880683383785,0,11,0.0,0.01,0.0,0.0,0.0,10362880,0,6,4,1,0,sleeping,75,28,16384,8192,16044,8098
2025-05-20 04:24:31,22476,2043535360,31072256,0.0,0.09310880683383785,0,11,0.0,0.01,0.0,0.0,0.0,10362880,0,6,4,1,0,sleeping,75,28,16384,8192,16044,8098
2025-05-20 04:24:32,22476,2043535360,31072256,0.0,0.09310880683383785,0,11,0.0,0.01,0.0,0.0,0.0,10362880,0,6,4,1,0,sleeping,75,28,16384,8192,16044,8098
2025-05-20 04:24:33,22476,2043535360,31072256,0.0,0.09310880683383785,0,11,0.0,0.01,0.0,0.0,0.0,10362880,0,6,4,1,0,sleeping,75,28,16384,8192,16044,8098
2025-05-20 04:24:34,22476,2043535360,31072256,0.0,0.09310880683383785,0,11,0.0,0.01,0.0,0.0,0.0,10362880,0,6,4,1,0,sleeping,75,28,16384,8192,16044,8098
2025-05-20 04:24:35,22476,2043535360,31072256,0.0,0.09310880683383785,0,11,0.0,0.01,0.0,0.0,0.0,10362880,0,6,4,1,0,sleeping,75,28,16384,8192,16044,8098
2025-05-20 04:24:36,22476,2043535360,31072256,0.0,0.09310880683383785,0,11,0.0,0.01,0.0,0.0,0.0,10362880,0,6,4,1,0,sleeping,75,28,16384,8192,16044,8098
2025-05-20 04:24:38,22476,2043535360,31072256,0.0,0.09310880683383785,0,11,0.0,0.01,0.0,0.0,0.0,10358784,0,6,4,1,0,sleeping,75,28,16384,8192,16044,8098
2025-05-20 04:24:39,22476,2043535360,31072256,0.0,0.09310880683383785,0,11,0.0,0.01,0.0,0.0,0.0,10358784,0,6,4,1,0,sleeping,75,28,16384,8192,16044,8098
2025-05-20 04:24:40,22476,2043535360,31072256,0.0,0.09310880683383785,0,11,0.0,0.01,0.0,0.0,0.0,10358784,0,6,4,1,0,sleeping,75,28,16384,8192,16044,8098
2025-05-20 04:24:42,22476,2043535360,31072256,0.0,0.09310880683383785,0,11,0.0,0.01,0.0,0.0,0.0,10358784,0,6,4,1,0,sleeping,75,28,16384,8192,16044,8098
2025-05-20 04:24:43,22476,2043535360,31072256,0.0,0.09310880683383785,0,11,0.0,0.01,0.0,0.0,0.0,10358784,0,6,4,1,0,sleeping,75,28,16384,8192,16044,8098
2025-05-20 04:24:44,22476,2043535360,31072256,0.0,0.09310880683383785,0,11,0.0,0.01,0.0,0.0,0.0,10358784,0,6,4,1,0,sleeping,75,28,16384,8192,16044,8098
2025-05-20 04:24:45,22476,2043535360,31072256,0.0,0.09310880683383785,0,11,0.0,0.01,0.0,0.0,0.0,10358784,0,6,4,1,0,sleeping,75,28,16384,8192,16044,8098
2025-05-20 04:24:46,22476,2043535360,31072256,0.0,0.09310880683383785,0,11,0.0,0.01,0.0,0.0,0.0,10358784,0,6,4,1,0,sleeping,75,28,16384,8192,16044,8098
2025-05-20 04:24:47,22476,2043535360,31072256,0.0,0.09310880683383785,0,11,0.0,0.01,0.0,0.0,0.0,10358784,0,6,4,1,0,sleeping,75,28,16384,8192,16044,8098
2025-05-20 04:24:48,22476,2043535360,31072256,0.0,0.09310880683383785,0,11,0.0,0.01,0.0,0.0,0.0,10358784,0,6,4,1,0,sleeping,75,28,16384,8192,16044,8098
2025-05-20 04:24:49,22476,2043535360,31072256,0.0,0.09310880683383785,0,11,0.0,0.01,0.0,0.0,0.0,10358784,0,6,4,1,0,sleeping,75,28,16384,8192,16044,8098
2025-05-20 04:24:50,22476,2043535360,31072256,0.0,0.09310880683383785,0,11,0.0,0.01,0.0,0.0,0.0,10358784,0,6,4,1,0,sleeping,75,28,16384,8192,16044,8098
2025-05-20 04:24:51,22476,2043535360,30781440,0.0,0.09223736927976423,0,11,0.0,0.01,0.0,0.0,0.0,10022912,0,6,4,1,0,sleeping,76,29,16384,8192,16052,8106
2025-05-20 04:24:52,22476,2043535360,30781440,0.0,0.09223736927976423,0,11,0.0,0.01,0.0,0.0,0.0,10022912,0,6,4,1,0,sleeping,76,29,16384,8192,16052,8106
2025-05-20 04:24:53,22476,2043535360,30781440,0.0,0.09223736927976423,0,11,0.0,0.01,0.0,0.0,0.0,10022912,0,6,4,1,0,sleeping,76,29,16384,8192,16052,8106
2025-05-20 04:24:55,22476,2043535360,30781440,0.0,0.09223736927976423,0,11,0.0,0.01,0.0,0.0,0.0,10022912,0,6,4,1,0,sleeping,76,29,16384,8192,16052,8106
2025-05-20 04:24:56,22476,2043535360,30781440,0.0,0.09223736927976423,0,11,0.0,0.01,0.0,0.0,0.0,10022912,0,6,4,1,0,sleeping,76,29,16384,8192,16052,8106
2025-05-20 04:24:57,22476,2043535360,30781440,0.0,0.09223736927976423,0,11,0.0,0.01,0.0,0.0,0.0,10022912,0,6,4,1,0,sleeping,76,29,16384,8192,16052,8106
2025-05-20 04:24:58,22476,2043535360,30781440,0.0,0.09223736927976423,0,11,0.0,0.01,0.0,0.0,0.0,10022912,0,6,4,1,0,sleeping,76,29,16384,8192,16052,8106
2025-05-20 04:25:00,22476,2043535360,30781440,0.0,0.09223736927976423,0,11,0.0,0.01,0.0,0.0,0.0,10022912,0,6,4,1,0,sleeping,76,29,16384,8192,16052,8106
2025-05-20 04:25:01,22476,2043535360,30781440,0.0,0.09223736927976423,0,11,0.0,0.01,0.0,0.0,0.0,10022912,0,6,4,1,0,sleeping,76,29,16384,8192,16052,8106
2025-05-20 04:25:02,22476,2043535360,30781440,0.0,0.09223736927976423,0,11,0.0,0.01,0.0,0.0,0.0,10022912,0,6,4,1,0,sleeping,76,29,16384,8192,16052,8106
2025-05-20 04:25:03,22476,2043535360,30781440,0.0,0.09223736927976423,0,11,0.0,0.01,0.0,0.0,0.0,10022912,0,6,4,1,0,sleeping,76,29,16384,8192,16052,8106
2025-05-20 04:25:04,22476,2043535360,30781440,0.0,0.09223736927976423,0,11,0.0,0.01,0.0,0.0,0.0,10022912,0,6,4,1,0,sleeping,76,29,16384,8192,16052,8106
2025-05-20 04:25:05,22476,2043535360,30781440,0.0,0.09223736927976423,0,11,0.0,0.01,0.0,0.0,0.0,10022912,0,6,4,1,0,sleeping,76,29,16384,8192,16052,8106
2025-05-20 04:25:06,22476,2043535360,30781440,0.0,0.09223736927976423,0,11,0.0,0.01,0.0,0.0,0.0,10022912,0,7,4,1,0,sleeping,101,42,16384,12288,17571,9521
2025-05-20 04:25:07,22476,2043535360,30781440,0.0,0.09223736927976423,0,11,0.0,0.01,0.0,0.0,0.0,10022912,0,7,4,1,0,sleeping,101,42,16384,12288,17571,9521
2025-05-20 04:25:08,22476,2043535360,30781440,0.0,0.09223736927976423,0,11,0.0,0.01,0.0,0.0,0.0,10022912,0,7,4,1,0,sleeping,101,42,16384,12288,17571,9521
2025-05-20 04:25:09,22476,2043535360,30781440,0.0,0.09223736927976423,0,11,0.0,0.01,0.0,0.0,0.0,10022912,0,7,4,1,0,sleeping,101,42,16384,12288,17571,9521
2025-05-20 04:25:10,22476,2043535360,30781440,0.0,0.09223736927976423,0,11,0.0,0.01,0.0,0.0,0.0,10022912,0,7,4,1,0,sleeping,101,42,16384,12288,17571,9521
2025-05-20 04:25:11,22476,2043535360,30781440,0.0,0.09223736927976423,0,11,0.0,0.01,0.0,0.0,0.0,10022912,0,7,4,1,0,sleeping,101,42,16384,12288,17571,9521
2025-05-20 04:25:13,22476,2043535360,30781440,0.0,0.09223736927976423,0,11,0.0,0.01,0.0,0.0,0.0,10022912,0,7,4,1,0,sleeping,101,42,16384,12288,17571,9521
2025-05-20 04:25:14,22476,2043535360,30781440,0.0,0.09223736927976423,0,11,0.0,0.01,0.0,0.0,0.0,10022912,0,7,4,1,0,sleeping,101,42,16384,12288,17571,9521
2025-05-20 04:25:15,22476,2043535360,30781440,0.0,0.09223736927976423,0,11,0.0,0.01,0.0,0.0,0.0,10022912,0,7,4,1,0,sleeping,101,42,16384,12288,17571,9521
2025-05-20 04:25:16,22476,2043535360,30781440,0.0,0.09223736927976423,0,11,0.0,0.01,0.0,0.0,0.0,10022912,0,7,4,1,0,sleeping,101,42,16384,12288,17571,9521
2025-05-20 04:25:17,22476,2043535360,30781440,0.0,0.09223736927976423,0,11,0.0,0.01,0.0,0.0,0.0,10022912,0,7,4,1,0,sleeping,101,42,16384,12288,17571,9521
2025-05-20 04:25:18,22476,2043535360,30781440,0.0,0.09223736927976423,0,11,0.0,0.01,0.0,0.0,0.0,10022912,0,7,4,1,0,sleeping,101,42,16384,12288,17571,9521
2025-05-20 04:25:19,22476,2043535360,30781440,0.0,0.09223736927976423,0,11,0.0,0.01,0.0,0.0,0.0,10022912,0,7,4,1,0,sleeping,101,42,16384,12288,17571,9521
2025-05-20 04:25:20,22476,2043535360,30781440,0.0,0.09223736927976423,0,11,0.0,0.01,0.0,0.0,0.0,10022912,0,7,4,1,0,sleeping,101,42,16384,12288,17571,9521
2025-05-20 04:25:21,22476,2043535360,30781440,0.0,0.09223736927976423,0,11,0.0,0.01,0.0,0.0,0.0,10022912,0,7,4,1,0,sleeping,101,42,16384,12288,17571,9521
2025-05-20 04:25:22,22476,2043535360,30781440,0.0,0.09223736927976423,0,11,0.0,0.01,0.0,0.0,0.0,10022912,0,7,4,1,0,sleeping,101,42,16384,12288,17571,9521
2025-05-20 04:25:24,22476,2043535360,30781440,0.0,0.09223736927976423,0,11,0.0,0.01,0.0,0.0,0.0,10022912,0,7,4,1,0,sleeping,101,42,16384,12288,17571,9521
2025-05-20 04:25:25,22476,2043535360,30781440,0.0,0.09223736927976423,0,11,0.0,0.01,0.0,0.0,0.0,10022912,0,7,4,1,0,sleeping,101,42,16384,12288,17571,9521
2025-05-20 04:25:26,22476,2043535360,30781440,0.0,0.09223736927976423,0,11,0.0,0.01,0.0,0.0,0.0,10022912,0,7,4,1,0,sleeping,101,42,16384,12288,17571,9521
2025-05-20 04:25:27,22476,2043535360,30781440,0.0,0.09223736927976423,0,11,0.0,0.01,0.0,0.0,0.0,10022912,0,7,4,1,0,sleeping,101,42,16384,12288,17571,9521
2025-05-20 04:25:28,22476,2043535360,30781440,0.0,0.09223736927976423,0,11,0.0,0.01,0.0,0.0,0.0,10022912,0,7,4,1,0,sleeping,101,42,16384,12288,17571,9521
2025-05-20 04:25:29,22476,2043535360,30781440,0.0,0.09223736927976423,0,11,0.0,0.01,0.0,0.0,0.0,10022912,0,7,4,1,0,sleeping,101,42,16384,12288,17571,9521
2025-05-20 04:25:30,22476,2043535360,30781440,0.0,0.09223736927976423,0,11,0.0,0.01,0.0,0.0,0.0,10022912,0,7,4,1,0,sleeping,101,42,16384,12288,17571,9521
2025-05-20 04:25:31,22476,2043535360,30781440,0.0,0.09223736927976423,0,11,0.0,0.01,0.0,0.0,0.0,10022912,0,7,4,1,0,sleeping,101,42,16384,12288,17571,9521
2025-05-20 04:25:32,22476,2043535360,30781440,0.0,0.09223736927976423,0,11,0.0,0.01,0.0,0.0,0.0,10022912,0,7,4,1,0,sleeping,101,42,16384,12288,17571,9521
2025-05-20 04:25:34,22476,2043535360,30781440,0.0,0.09223736927976423,0,11,0.0,0.01,0.0,0.0,0.0,10022912,0,7,4,1,0,sleeping,101,42,16384,12288,17571,9521
2025-05-20 04:25:35,22476,2043535360,30781440,0.0,0.09223736927976423,0,11,0.0,0.01,0.0,0.0,0.0,10022912,0,7,4,1,0,sleeping,101,42,16384,12288,17571,9521
2025-05-20 04:25:36,22476,2043535360,30781440,0.0,0.09223736927976423,0,11,0.0,0.01,0.0,0.0,0.0,10022912,0,7,4,1,0,sleeping,101,42,16384,12288,17571,9521
2025-05-20 04:25:37,22476,2043535360,30781440,0.0,0.09223736927976423,0,11,0.0,0.01,0.0,0.0,0.0,10022912,0,7,4,1,0,sleeping,101,42,16384,12288,17571,9521
2025-05-20 04:25:38,22476,2043535360,30781440,0.0,0.09223736927976423,0,11,0.0,0.01,0.0,0.0,0.0,10022912,0,6,4,1,0,sleeping,103,43,16384,16384,17699,9641
2025-05-20 04:25:39,22476,2043535360,30781440,0.0,0.09223736927976423,0,11,0.0,0.01,0.0,0.0,0.0,10022912,0,6,4,1,0,sleeping,103,43,16384,16384,17699,9641
2025-05-20 04:25:40,22476,2043535360,30781440,0.0,0.09223736927976423,0,11,0.0,0.01,0.0,0.0,0.0,10022912,0,6,4,1,0,sleeping,103,43,16384,16384,17699,9641
2025-05-20 04:25:42,22476,2043535360,30781440,0.0,0.09223736927976423,0,11,0.0,0.01,0.0,0.0,0.0,10022912,0,6,4,1,0,sleeping,103,43,16384,16384,17699,9641
2025-05-20 04:25:43,22476,2043535360,30781440,0.0,0.09223736927976423,0,11,0.0,0.01,0.0,0.0,0.0,10022912,0,6,4,1,0,sleeping,103,43,16384,16384,17699,9641
2025-05-20 04:25:44,22476,2043535360,30781440,0.0,0.09223736927976423,0,11,0.0,0.01,0.0,0.0,0.0,10022912,0,6,4,1,0,sleeping,103,43,16384,16384,17699,9641
2025-05-20 04:25:45,22476,2043535360,30781440,0.0,0.09223736927976423,0,11,0.0,0.01,0.0,0.0,0.0,10022912,0,6,4,1,0,sleeping,103,43,16384,16384,17699,9641
2025-05-20 04:25:46,22476,2043535360,30781440,0.0,0.09223736927976423,0,11,0.0,0.01,0.0,0.0,0.0,10022912,0,6,4,1,0,sleeping,103,43,16384,16384,17699,9641
2025-05-20 04:25:47,22476,2043535360,30781440,0.0,0.09223736927976423,0,11,0.0,0.01,0.0,0.0,0.0,10022912,0,6,4,1,0,sleeping,103,43,16384,16384,17699,9641
2025-05-20 04:25:48,22476,2043535360,30781440,0.0,0.09223736927976423,0,11,0.0,0.01,0.0,0.0,0.0,10022912,0,6,4,1,0,sleeping,103,43,16384,16384,17699,9641
2025-05-20 04:25:49,22476,2043535360,30781440,0.0,0.09223736927976423,0,11,0.0,0.01,0.0,0.0,0.0,10022912,0,6,4,1,0,sleeping,103,43,16384,16384,17699,9641
2025-05-20 04:25:51,22476,2043535360,30781440,0.0,0.09223736927976423,0,11,0.0,0.01,0.0,0.0,0.0,10022912,0,6,4,1,0,sleeping,103,43,16384,16384,17699,9641
2025-05-20 04:25:52,22476,2043535360,30781440,0.0,0.09223736927976423,0,11,0.0,0.01,0.0,0.0,0.0,10022912,0,6,4,1,0,sleeping,103,43,16384,16384,17699,9641
2025-05-20 04:25:53,22476,2043535360,30781440,0.0,0.09223736927976423,0,11,0.0,0.01,0.0,0.0,0.0,10022912,0,6,4,1,0,sleeping,103,43,16384,16384,17699,9641
2025-05-20 04:25:54,22476,2043535360,30781440,0.0,0.09223736927976423,0,11,0.0,0.01,0.0,0.0,0.0,10022912,0,6,4,1,0,sleeping,103,43,16384,16384,17699,9641
2025-05-20 04:25:55,22476,2043535360,30781440,0.0,0.09223736927976423,0,11,0.0,0.01,0.0,0.0,0.0,10022912,0,6,4,1,0,sleeping,103,43,16384,16384,17699,9641
2025-05-20 04:25:56,22476,2043535360,30781440,0.0,0.09223736927976423,0,11,0.0,0.01,0.0,0.0,0.0,10022912,0,6,4,1,0,sleeping,103,43,16384,16384,17699,9641
2025-05-20 04:25:57,22476,2043535360,30781440,0.0,0.09223736927976423,0,11,0.0,0.01,0.0,0.0,0.0,10022912,0,6,4,1,0,sleeping,103,43,16384,16384,17699,9641
2025-05-20 04:25:58,22476,2043535360,30781440,0.0,0.09223736927976423,0,11,0.0,0.01,0.0,0.0,0.0,10022912,0,6,4,1,0,sleeping,103,43,16384,16384,17699,9641
2025-05-20 04:25:59,22476,2043535360,30781440,0.0,0.09223736927976423,0,11,0.0,0.01,0.0,0.0,0.0,10022912,0,6,4,1,0,sleeping,103,43,16384,16384,17699,9641
2025-05-20 04:26:00,22476,2043535360,30781440,0.0,0.09223736927976423,0,11,0.0,0.01,0.0,0.0,0.0,10022912,0,6,4,1,0,sleeping,103,43,16384,16384,17699,9641
2025-05-20 04:26:01,22476,2043535360,30781440,0.0,0.09223736927976423,0,11,0.0,0.01,0.0,0.0,0.0,10022912,0,6,4,1,0,sleeping,103,43,16384,16384,17699,9641
2025-05-20 04:26:03,22476,2043535360,30781440,0.0,0.09223736927976423,0,11,0.0,0.01,0.0,0.0,0.0,10022912,0,6,4,1,0,sleeping,103,43,16384,16384,17699,9641
2025-05-20 04:26:04,22476,2043535360,30781440,0.0,0.09223736927976423,0,11,0.0,0.01,0.0,0.0,0.0,10022912,0,6,4,1,0,sleeping,103,43,16384,16384,17699,9641
2025-05-20 04:26:05,22476,2043535360,30781440,0.0,0.09223736927976423,0,11,0.0,0.01,0.0,0.0,0.0,10022912,0,6,4,1,0,sleeping,103,43,16384,16384,17699,9641
2025-05-20 04:26:06,22476,2043535360,30781440,0.0,0.09223736927976423,0,11,0.0,0.01,0.0,0.0,0.0,10022912,0,6,4,1,0,sleeping,103,43,16384,16384,17699,9641
2025-05-20 04:26:08,22476,2043535360,30912512,0.0,0.09263012986751572,0,11,0.0,0.01,0.0,0.0,0.0,10149888,0,7,4,1,0,sleeping,105,44,16384,16384,17827,9761
2025-05-20 04:26:09,22476,2043535360,30912512,0.0,0.09263012986751572,0,11,0.0,0.01,0.0,0.0,0.0,10149888,0,7,4,1,0,sleeping,105,44,16384,16384,17827,9761
2025-05-20 04:26:10,22476,2043535360,30912512,0.0,0.09263012986751572,0,11,0.0,0.01,0.0,0.0,0.0,10149888,0,7,4,1,0,sleeping,105,44,16384,16384,17827,9761
2025-05-20 04:26:11,22476,2043535360,30912512,0.0,0.09263012986751572,0,11,0.0,0.01,0.0,0.0,0.0,10149888,0,7,4,1,0,sleeping,105,44,16384,16384,17827,9761
2025-05-20 04:26:12,22476,2043535360,30912512,0.0,0.09263012986751572,0,11,0.0,0.01,0.0,0.0,0.0,10149888,0,7,4,1,0,sleeping,105,44,16384,16384,17827,9761
2025-05-20 04:26:13,22476,2043535360,30912512,0.0,0.09263012986751572,0,11,0.0,0.01,0.0,0.0,0.0,10149888,0,7,4,1,0,sleeping,105,44,16384,16384,17827,9761
2025-05-20 04:26:14,22476,2043535360,30912512,0.0,0.09263012986751572,0,11,0.0,0.01,0.0,0.0,0.0,10149888,0,7,4,1,0,sleeping,105,44,16384,16384,17827,9761
2025-05-20 04:26:15,22476,2043535360,30912512,0.0,0.09263012986751572,0,11,0.0,0.01,0.0,0.0,0.0,10149888,0,7,4,1,0,sleeping,105,44,16384,16384,17827,9761
2025-05-20 04:26:16,22476,2043535360,30912512,0.0,0.09263012986751572,0,11,0.0,0.01,0.0,0.0,0.0,10149888,0,7,4,1,0,sleeping,105,44,16384,16384,17827,9761
2025-05-20 04:26:17,22476,2043535360,30912512,0.0,0.09263012986751572,0,11,0.0,0.01,0.0,0.0,0.0,10149888,0,7,4,1,0,sleeping,105,44,16384,16384,17827,9761
2025-05-20 04:26:19,22476,2043535360,30912512,0.0,0.09263012986751572,0,11,0.0,0.01,0.0,0.0,0.0,10149888,0,7,4,1,0,sleeping,105,44,16384,16384,17827,9761
2025-05-20 04:26:20,22476,2043535360,30912512,0.0,0.09263012986751572,0,11,0.0,0.01,0.0,0.0,0.0,10149888,0,7,4,1,0,sleeping,105,44,16384,16384,17827,9761
2025-05-20 04:26:21,22476,2043535360,30912512,0.0,0.09263012986751572,0,11,0.0,0.01,0.0,0.0,0.0,10149888,0,7,4,1,0,sleeping,105,44,16384,16384,17827,9761
2025-05-20 04:26:22,22476,2043535360,30912512,0.0,0.09263012986751572,0,11,0.0,0.01,0.0,0.0,0.0,10149888,0,7,4,1,0,sleeping,105,44,16384,16384,17827,9761
2025-05-20 04:26:23,22476,2043535360,30912512,0.0,0.09263012986751572,0,11,0.0,0.01,0.0,0.0,0.0,10149888,0,7,4,1,0,sleeping,105,44,16384,16384,17827,9761
2025-05-20 04:26:24,22476,2043535360,30912512,0.0,0.09263012986751572,0,11,0.0,0.01,0.0,0.0,0.0,10149888,0,7,4,1,0,sleeping,105,44,16384,16384,17827,9761
2025-05-20 04:26:25,22476,2043535360,30912512,0.0,0.09263012986751572,0,11,0.0,0.01,0.0,0.0,0.0,10149888,0,7,4,1,0,sleeping,105,44,16384,16384,17827,9761
2025-05-20 04:26:26,22476,2043535360,30912512,0.0,0.09263012986751572,0,11,0.0,0.01,0.0,0.0,0.0,10149888,0,7,4,1,0,sleeping,105,44,16384,16384,17827,9761
2025-05-20 04:26:28,22476,2043535360,30912512,0.0,0.09263012986751572,0,11,0.0,0.01,0.0,0.0,0.0,10149888,0,7,4,1,0,sleeping,105,44,16384,16384,17827,9761
2025-05-20 04:26:30,22476,2043535360,30912512,0.0,0.09263012986751572,0,11,0.0,0.01,0.0,0.0,0.0,10149888,0,7,4,1,0,sleeping,105,44,16384,16384,17827,9761
2025-05-20 04:26:31,22476,2043535360,30912512,0.0,0.09263012986751572,0,11,0.0,0.01,0.0,0.0,0.0,10149888,0,7,4,1,0,sleeping,105,44,16384,16384,17827,9761
2025-05-20 04:26:33,22476,2043535360,30912512,0.0,0.09263012986751572,0,11,0.0,0.01,0.0,0.0,0.0,10149888,0,7,4,1,0,sleeping,105,44,16384,16384,17827,9761
2025-05-20 04:26:34,22476,2043535360,30912512,0.0,0.09263012986751572,0,11,0.0,0.01,0.0,0.0,0.0,10149888,0,7,4,1,0,sleeping,105,44,16384,16384,17827,9761
2025-05-20 04:26:35,22476,2043535360,30912512,0.0,0.09263012986751572,0,11,0.0,0.01,0.0,0.0,0.0,10149888,0,7,4,1,0,sleeping,105,44,16384,16384,17827,9761
2025-05-20 04:26:36,22476,2043535360,30912512,0.0,0.09263012986751572,0,11,0.0,0.01,0.0,0.0,0.0,10149888,0,7,4,1,0,sleeping,105,44,16384,16384,17827,9761
2025-05-20 04:26:37,22476,2043535360,30912512,0.0,0.09263012986751572,0,11,0.0,0.01,0.0,0.0,0.0,10149888,0,7,4,1,0,sleeping,105,44,16384,16384,17827,9761
2025-05-20 04:26:38,22476,2043535360,30621696,0.0,0.0917586923134421,0,11,0.0,0.01,0.0,0.0,0.0,9736192,0,7,4,1,0,sleeping,107,45,20480,20480,17955,9881
2025-05-20 04:26:40,22476,2043535360,30621696,0.0,0.0917586923134421,0,11,0.0,0.01,0.0,0.0,0.0,9736192,0,7,4,1,0,sleeping,107,45,20480,20480,17955,9881
2025-05-20 04:26:41,22476,2043535360,30621696,0.0,0.0917586923134421,0,11,0.0,0.01,0.0,0.0,0.0,9736192,0,7,4,1,0,sleeping,107,45,20480,20480,17955,9881
2025-05-20 04:26:42,22476,2043535360,30621696,0.0,0.0917586923134421,0,11,0.0,0.01,0.0,0.0,0.0,9736192,0,7,4,1,0,sleeping,107,45,20480,20480,17955,9881
2025-05-20 04:26:43,22476,2043535360,30621696,0.0,0.0917586923134421,0,11,0.0,0.01,0.0,0.0,0.0,9736192,0,7,4,1,0,sleeping,107,45,20480,20480,17955,9881
2025-05-20 04:26:44,22476,2043535360,30621696,0.0,0.0917586923134421,0,11,0.0,0.01,0.0,0.0,0.0,9736192,0,7,4,1,0,sleeping,107,45,20480,20480,17955,9881
2025-05-20 04:26:45,22476,2043535360,30621696,0.0,0.0917586923134421,0,11,0.0,0.01,0.0,0.0,0.0,9736192,0,7,4,1,0,sleeping,107,45,20480,20480,17955,9881
2025-05-20 04:26:46,22476,2043535360,30621696,0.0,0.0917586923134421,0,11,0.0,0.01,0.0,0.0,0.0,9736192,0,7,4,1,0,sleeping,107,45,20480,20480,17955,9881
2025-05-20 04:26:47,22476,2043535360,30621696,0.0,0.0917586923134421,0,11,0.0,0.01,0.0,0.0,0.0,9736192,0,7,4,1,0,sleeping,107,45,20480,20480,17955,9881
2025-05-20 04:26:48,22476,2043535360,30621696,0.0,0.0917586923134421,0,11,0.0,0.01,0.0,0.0,0.0,9736192,0,7,4,1,0,sleeping,107,45,20480,20480,17955,9881
2025-05-20 04:26:49,22476,2043535360,30621696,0.0,0.0917586923134421,0,11,0.0,0.01,0.0,0.0,0.0,9736192,0,7,4,1,0,sleeping,107,45,20480,20480,17955,9881
2025-05-20 04:26:51,22476,2043535360,30621696,0.0,0.0917586923134421,0,11,0.0,0.01,0.0,0.0,0.0,9736192,0,7,4,1,0,sleeping,107,45,20480,20480,17955,9881
2025-05-20 04:26:52,22476,2043535360,30621696,0.0,0.0917586923134421,0,11,0.0,0.01,0.0,0.0,0.0,9736192,0,7,4,1,0,sleeping,107,45,20480,20480,17955,9881
2025-05-20 04:26:54,22476,2043535360,30621696,0.0,0.0917586923134421,0,11,0.0,0.01,0.0,0.0,0.0,9736192,0,7,4,1,0,sleeping,107,45,20480,20480,17955,9881
2025-05-20 04:26:55,22476,2043535360,30621696,0.0,0.0917586923134421,0,11,0.0,0.01,0.0,0.0,0.0,9736192,0,7,4,1,0,sleeping,107,45,20480,20480,17955,9881
2025-05-20 04:26:57,22476,2043535360,30621696,0.0,0.0917586923134421,0,11,0.0,0.01,0.0,0.0,0.0,9736192,0,7,4,1,0,sleeping,107,45,20480,20480,17955,9881
2025-05-20 04:26:59,22476,2043535360,30621696,0.0,0.0917586923134421,0,11,0.0,0.01,0.0,0.0,0.0,9736192,0,7,4,1,0,sleeping,107,45,20480,20480,17955,9881
2025-05-20 04:27:00,22476,2043535360,30621696,0.0,0.0917586923134421,0,11,0.0,0.01,0.0,0.0,0.0,9736192,0,7,4,1,0,sleeping,107,45,20480,20480,17955,9881
2025-05-20 04:27:01,22476,2043535360,30621696,0.0,0.0917586923134421,0,11,0.0,0.01,0.0,0.0,0.0,9736192,0,7,4,1,0,sleeping,107,45,20480,20480,17955,9881
2025-05-20 04:27:02,22476,2043535360,30621696,0.0,0.0917586923134421,0,11,0.0,0.01,0.0,0.0,0.0,9736192,0,7,4,1,0,sleeping,107,45,20480,20480,17955,9881
2025-05-20 04:27:03,22476,2043535360,30621696,0.0,0.0917586923134421,0,11,0.0,0.01,0.0,0.0,0.0,9736192,0,7,4,1,0,sleeping,107,45,20480,20480,17955,9881
2025-05-20 04:27:04,22476,2043535360,30621696,0.0,0.0917586923134421,0,11,0.0,0.01,0.0,0.0,0.0,9736192,0,7,4,1,0,sleeping,107,45,20480,20480,17955,9881
2025-05-20 04:27:05,22476,2043535360,30621696,0.0,0.0917586923134421,0,11,0.0,0.01,0.0,0.0,0.0,9736192,0,7,4,1,0,sleeping,107,45,20480,20480,17955,9881
2025-05-20 04:27:06,22476,2043535360,30621696,0.0,0.0917586923134421,0,11,0.0,0.01,0.0,0.0,0.0,9736192,0,7,4,1,0,sleeping,107,45,20480,20480,17955,9881
2025-05-20 04:27:07,22476,2043535360,30621696,0.0,0.0917586923134421,0,11,0.0,0.01,0.0,0.0,0.0,9736192,0,7,4,1,0,sleeping,107,45,20480,20480,17955,9881
2025-05-20 04:27:08,22476,2043535360,30621696,0.0,0.0917586923134421,0,11,0.0,0.01,0.0,0.0,0.0,9736192,0,7,4,1,0,sleeping,109,46,20480,20480,18083,10001
2025-05-20 04:27:09,22476,2043535360,30621696,0.0,0.0917586923134421,0,11,0.0,0.01,0.0,0.0,0.0,9736192,0,7,4,1,0,sleeping,109,46,20480,20480,18083,10001
2025-05-20 04:27:11,22476,2043535360,30621696,0.0,0.0917586923134421,0,11,0.0,0.01,0.0,0.0,0.0,9736192,0,7,4,1,0,sleeping,109,46,20480,20480,18083,10001
2025-05-20 04:27:12,22476,2043535360,30621696,0.0,0.0917586923134421,0,11,0.0,0.01,0.0,0.0,0.0,9736192,0,7,4,1,0,sleeping,109,46,20480,20480,18083,10001
2025-05-20 04:27:13,22476,2043535360,30621696,0.0,0.0917586923134421,0,11,0.0,0.01,0.0,0.0,0.0,9736192,0,7,4,1,0,sleeping,109,46,20480,20480,18083,10001
2025-05-20 04:27:14,22476,2043535360,30621696,0.0,0.0917586923134421,0,11,0.0,0.01,0.0,0.0,0.0,9736192,0,7,4,1,0,sleeping,109,46,20480,20480,18083,10001
2025-05-20 04:27:15,22476,2043535360,30621696,0.0,0.0917586923134421,0,11,0.0,0.01,0.0,0.0,0.0,9736192,0,7,4,1,0,sleeping,109,46,20480,20480,18083,10001
2025-05-20 04:27:17,22476,2043535360,30621696,0.0,0.0917586923134421,0,11,0.0,0.01,0.0,0.0,0.0,9736192,0,7,4,1,0,sleeping,109,46,20480,20480,18083,10001
2025-05-20 04:27:19,22476,2043535360,30621696,0.0,0.0917586923134421,0,11,0.0,0.01,0.0,0.0,0.0,9736192,0,7,4,1,0,sleeping,109,46,20480,20480,18083,10001
2025-05-20 04:27:20,22476,2043535360,30621696,0.0,0.0917586923134421,0,11,0.0,0.01,0.0,0.0,0.0,9736192,0,7,4,1,0,sleeping,109,46,20480,20480,18083,10001
2025-05-20 04:27:21,22476,2043535360,30621696,0.0,0.0917586923134421,0,11,0.0,0.01,0.0,0.0,0.0,9736192,0,7,4,1,0,sleeping,109,46,20480,20480,18083,10001
2025-05-20 04:27:22,22476,2043535360,30621696,0.0,0.0917586923134421,0,11,0.0,0.01,0.0,0.0,0.0,9736192,0,7,4,1,0,sleeping,109,46,20480,20480,18083,10001
2025-05-20 04:27:23,22476,2043535360,30621696,0.0,0.0917586923134421,0,11,0.0,0.01,0.0,0.0,0.0,9736192,0,7,4,1,0,sleeping,109,46,20480,20480,18083,10001
2025-05-20 04:27:24,22476,2043535360,30621696,0.0,0.0917586923134421,0,11,0.0,0.01,0.0,0.0,0.0,9736192,0,7,4,1,0,sleeping,109,46,20480,20480,18083,10001
2025-05-20 04:27:26,22476,2043535360,30621696,0.0,0.0917586923134421,0,11,0.0,0.01,0.0,0.0,0.0,9736192,0,7,4,1,0,sleeping,109,46,20480,20480,18083,10001
2025-05-20 04:27:27,22476,2043535360,30621696,0.0,0.0917586923134421,0,11,0.0,0.01,0.0,0.0,0.0,9736192,0,7,4,1,0,sleeping,109,46,20480,20480,18083,10001
2025-05-20 04:27:28,22476,2043535360,30621696,0.0,0.0917586923134421,0,11,0.0,0.01,0.0,0.0,0.0,9736192,0,7,4,1,0,sleeping,109,46,20480,20480,18083,10001
2025-05-20 04:27:29,22476,2043535360,30621696,0.0,0.0917586923134421,0,11,0.0,0.01,0.0,0.0,0.0,9736192,0,7,4,1,0,sleeping,109,46,20480,20480,18083,10001
2025-05-20 04:27:30,22476,2043535360,30621696,0.0,0.0917586923134421,0,11,0.0,0.01,0.0,0.0,0.0,9736192,0,7,4,1,0,sleeping,109,46,20480,20480,18083,10001
2025-05-20 04:27:31,22476,2043535360,30621696,0.0,0.0917586923134421,0,11,0.0,0.01,0.0,0.0,0.0,9736192,0,7,4,1,0,sleeping,109,46,20480,20480,18083,10001
2025-05-20 04:27:32,22476,2043535360,30621696,0.0,0.0917586923134421,0,11,0.0,0.01,0.0,0.0,0.0,9736192,0,7,4,1,0,sleeping,109,46,20480,20480,18083,10001
2025-05-20 04:27:33,22476,2043535360,30621696,0.0,0.0917586923134421,0,11,0.0,0.01,0.0,0.0,0.0,9736192,0,7,4,1,0,sleeping,109,46,20480,20480,18083,10001
2025-05-20 04:27:34,22476,2043535360,30621696,0.0,0.0917586923134421,0,11,0.0,0.01,0.0,0.0,0.0,9736192,0,7,4,1,0,sleeping,109,46,20480,20480,18083,10001
2025-05-20 04:27:36,22476,2043535360,30621696,0.0,0.0917586923134421,0,11,0.0,0.01,0.0,0.0,0.0,9736192,0,7,4,1,0,sleeping,109,46,20480,20480,18083,10001
2025-05-20 04:27:37,22476,2043535360,30621696,0.0,0.0917586923134421,0,11,0.0,0.01,0.0,0.0,0.0,9736192,0,7,4,1,0,sleeping,109,46,20480,20480,18083,10001
2025-05-20 04:27:38,22476,2043535360,30621696,0.0,0.0917586923134421,0,11,0.0,0.01,0.0,0.0,0.0,9736192,0,7,4,1,0,sleeping,109,46,20480,20480,18083,10001
2025-05-20 04:27:39,22476,2043535360,30621696,0.0,0.0917586923134421,0,11,0.0,0.01,0.0,0.0,0.0,9736192,0,7,4,1,0,sleeping,109,46,20480,20480,18083,10001
2025-05-20 04:27:40,22476,2043535360,30621696,0.9,0.0917586923134421,0,11,0.0,0.02,0.0,0.0,0.0,9736192,0,7,4,1,0,sleeping,111,47,20480,24576,18211,10121
2025-05-20 04:27:41,22476,2043535360,30621696,0.0,0.0917586923134421,0,11,0.0,0.02,0.0,0.0,0.0,9736192,0,7,4,1,0,sleeping,111,47,20480,24576,18211,10121
2025-05-20 04:27:42,22476,2043535360,30621696,0.0,0.0917586923134421,0,11,0.0,0.02,0.0,0.0,0.0,9736192,0,7,4,1,0,sleeping,111,47,20480,24576,18211,10121
2025-05-20 04:27:44,22476,2043535360,30621696,0.0,0.0917586923134421,0,11,0.0,0.02,0.0,0.0,0.0,9736192,0,7,4,1,0,sleeping,111,47,20480,24576,18211,10121
2025-05-20 04:27:45,22476,2043535360,30621696,0.0,0.0917586923134421,0,11,0.0,0.02,0.0,0.0,0.0,9736192,0,7,4,1,0,sleeping,111,47,20480,24576,18211,10121
2025-05-20 04:27:46,22476,2043535360,30621696,0.0,0.0917586923134421,0,11,0.0,0.02,0.0,0.0,0.0,9736192,0,7,4,1,0,sleeping,111,47,20480,24576,18211,10121
2025-05-20 04:27:47,22476,2043535360,30621696,0.0,0.0917586923134421,0,11,0.0,0.02,0.0,0.0,0.0,9736192,0,7,4,1,0,sleeping,111,47,20480,24576,18211,10121
2025-05-20 04:27:48,22476,2043535360,30621696,0.0,0.0917586923134421,0,11,0.0,0.02,0.0,0.0,0.0,9736192,0,7,4,1,0,sleeping,111,47,20480,24576,18211,10121
2025-05-20 04:27:49,22476,2043535360,30621696,0.0,0.0917586923134421,0,11,0.0,0.02,0.0,0.0,0.0,9736192,0,7,4,1,0,sleeping,111,47,20480,24576,18211,10121
2025-05-20 04:27:50,22476,2043535360,30621696,0.0,0.0917586923134421,0,11,0.0,0.02,0.0,0.0,0.0,9736192,0,7,4,1,0,sleeping,111,47,20480,24576,18211,10121
2025-05-20 04:27:52,22476,2043535360,30621696,0.0,0.0917586923134421,0,11,0.0,0.02,0.0,0.0,0.0,9736192,0,7,4,1,0,sleeping,111,47,20480,24576,18211,10121
2025-05-20 04:27:53,22476,2043535360,30621696,0.0,0.0917586923134421,0,11,0.0,0.02,0.0,0.0,0.0,9736192,0,7,4,1,0,sleeping,111,47,20480,24576,18211,10121
2025-05-20 04:27:54,22476,2043535360,30621696,0.0,0.0917586923134421,0,11,0.0,0.02,0.0,0.0,0.0,9736192,0,7,4,1,0,sleeping,111,47,20480,24576,18211,10121
2025-05-20 04:27:55,22476,2043535360,30621696,0.0,0.0917586923134421,0,11,0.0,0.02,0.0,0.0,0.0,9736192,0,7,4,1,0,sleeping,111,47,20480,24576,18211,10121
2025-05-20 04:27:56,22476,2043535360,30621696,0.0,0.0917586923134421,0,11,0.0,0.02,0.0,0.0,0.0,9736192,0,7,4,1,0,sleeping,111,47,20480,24576,18211,10121
2025-05-20 04:27:57,22476,2043535360,30621696,0.0,0.0917586923134421,0,11,0.0,0.02,0.0,0.0,0.0,9736192,0,7,4,1,0,sleeping,111,47,20480,24576,18211,10121
2025-05-20 04:27:58,22476,2043535360,30621696,0.0,0.0917586923134421,0,11,0.0,0.02,0.0,0.0,0.0,9736192,0,7,4,1,0,sleeping,111,47,20480,24576,18211,10121
2025-05-20 04:27:59,22476,2043535360,30621696,0.0,0.0917586923134421,0,11,0.0,0.02,0.0,0.0,0.0,9736192,0,7,4,1,0,sleeping,111,47,20480,24576,18211,10121
2025-05-20 04:28:00,22476,2043535360,30621696,0.0,0.0917586923134421,0,11,0.0,0.02,0.0,0.0,0.0,9736192,0,7,4,1,0,sleeping,111,47,20480,24576,18211,10121
2025-05-20 04:28:01,22476,2043535360,30621696,0.0,0.0917586923134421,0,11,0.0,0.02,0.0,0.0,0.0,9736192,0,7,4,1,0,sleeping,111,47,20480,24576,18211,10121
2025-05-20 04:28:03,22476,2043535360,30621696,0.0,0.0917586923134421,0,11,0.0,0.02,0.0,0.0,0.0,9736192,0,7,4,1,0,sleeping,111,47,20480,24576,18211,10121
2025-05-20 04:28:04,22476,2043535360,30621696,0.0,0.0917586923134421,0,11,0.0,0.02,0.0,0.0,0.0,9736192,0,7,4,1,0,sleeping,111,47,20480,24576,18211,10121
2025-05-20 04:28:05,22476,2043535360,30621696,0.0,0.0917586923134421,0,11,0.0,0.02,0.0,0.0,0.0,9736192,0,7,4,1,0,sleeping,111,47,20480,24576,18211,10121
2025-05-20 04:28:07,22476,2043535360,30621696,0.0,0.0917586923134421,0,11,0.0,0.02,0.0,0.0,0.0,9736192,0,7,4,1,0,sleeping,111,47,20480,24576,18211,10121
2025-05-20 04:28:08,22476,2043535360,30621696,0.0,0.0917586923134421,0,11,0.0,0.02,0.0,0.0,0.0,9736192,0,7,4,1,0,sleeping,111,47,20480,24576,18211,10121
2025-05-20 04:28:09,22476,2043535360,30621696,0.0,0.0917586923134421,0,11,0.0,0.02,0.0,0.0,0.0,9736192,0,7,4,1,0,sleeping,111,47,20480,24576,18211,10121
2025-05-20 04:28:10,22476,2043535360,30621696,0.0,0.0917586923134421,0,11,0.0,0.02,0.0,0.0,0.0,9736192,0,7,4,1,0,sleeping,111,47,20480,24576,18211,10121
2025-05-20 04:28:11,22476,2043535360,30621696,0.0,0.0917586923134421,0,11,0.0,0.02,0.0,0.0,0.0,9793536,0,6,4,1,0,sleeping,113,48,20480,24576,18339,10241
2025-05-20 04:28:12,22476,2043535360,30621696,0.0,0.0917586923134421,0,11,0.0,0.02,0.0,0.0,0.0,9793536,0,6,4,1,0,sleeping,113,48,20480,24576,18339,10241
2025-05-20 04:28:13,22476,2043535360,30621696,0.0,0.0917586923134421,0,11,0.0,0.02,0.0,0.0,0.0,9793536,0,6,4,1,0,sleeping,113,48,20480,24576,18339,10241
2025-05-20 04:28:14,22476,2043535360,30621696,0.0,0.0917586923134421,0,11,0.0,0.02,0.0,0.0,0.0,9793536,0,6,4,1,0,sleeping,113,48,20480,24576,18339,10241
2025-05-20 04:28:16,22476,2043535360,30621696,0.0,0.0917586923134421,0,11,0.0,0.02,0.0,0.0,0.0,9793536,0,6,4,1,0,sleeping,113,48,20480,24576,18339,10241
2025-05-20 04:28:17,22476,2043535360,30621696,0.0,0.0917586923134421,0,11,0.0,0.02,0.0,0.0,0.0,9793536,0,6,4,1,0,sleeping,113,48,20480,24576,18339,10241
2025-05-20 04:28:18,22476,2043535360,30621696,0.0,0.0917586923134421,0,11,0.0,0.02,0.0,0.0,0.0,9793536,0,6,4,1,0,sleeping,113,48,20480,24576,18339,10241
2025-05-20 04:28:19,22476,2043535360,30621696,0.0,0.0917586923134421,0,11,0.0,0.02,0.0,0.0,0.0,9793536,0,6,4,1,0,sleeping,113,48,20480,24576,18339,10241
2025-05-20 04:28:20,22476,2043535360,30621696,0.0,0.0917586923134421,0,11,0.0,0.02,0.0,0.0,0.0,9793536,0,6,4,1,0,sleeping,113,48,20480,24576,18339,10241
2025-05-20 04:28:21,22476,2043535360,30621696,0.0,0.0917586923134421,0,11,0.0,0.02,0.0,0.0,0.0,9793536,0,6,4,1,0,sleeping,113,48,20480,24576,18339,10241
2025-05-20 04:28:22,22476,2043535360,30621696,0.0,0.0917586923134421,0,11,0.0,0.02,0.0,0.0,0.0,9793536,0,6,4,1,0,sleeping,113,48,20480,24576,18339,10241
2025-05-20 04:28:23,22476,2043535360,30621696,0.0,0.0917586923134421,0,11,0.0,0.02,0.0,0.0,0.0,9793536,0,6,4,1,0,sleeping,113,48,20480,24576,18339,10241
2025-05-20 04:28:25,22476,2043535360,30621696,0.0,0.0917586923134421,0,11,0.0,0.02,0.0,0.0,0.0,9793536,0,6,4,1,0,sleeping,113,48,20480,24576,18339,10241
2025-05-20 04:28:26,22476,2043535360,30621696,0.0,0.0917586923134421,0,11,0.0,0.02,0.0,0.0,0.0,9793536,0,6,4,1,0,sleeping,113,48,20480,24576,18339,10241
2025-05-20 04:28:28,22476,2043535360,30621696,0.0,0.0917586923134421,0,11,0.0,0.02,0.0,0.0,0.0,9793536,0,6,4,1,0,sleeping,113,48,20480,24576,18339,10241
2025-05-20 04:28:29,22476,2043535360,30621696,0.0,0.0917586923134421,0,11,0.0,0.02,0.0,0.0,0.0,9793536,0,6,4,1,0,sleeping,113,48,20480,24576,18339,10241
2025-05-20 04:28:30,22476,2043535360,30621696,0.0,0.0917586923134421,0,11,0.0,0.02,0.0,0.0,0.0,9793536,0,6,4,1,0,sleeping,113,48,20480,24576,18339,10241
2025-05-20 04:28:31,22476,2043535360,30621696,0.0,0.0917586923134421,0,11,0.0,0.02,0.0,0.0,0.0,9793536,0,6,4,1,0,sleeping,113,48,20480,24576,18339,10241
2025-05-20 04:28:32,22476,2043535360,30621696,0.0,0.0917586923134421,0,11,0.0,0.02,0.0,0.0,0.0,9793536,0,6,4,1,0,sleeping,113,48,20480,24576,18339,10241
2025-05-20 04:28:33,22476,2043535360,30621696,0.0,0.0917586923134421,0,11,0.0,0.02,0.0,0.0,0.0,9793536,0,6,4,1,0,sleeping,113,48,20480,24576,18339,10241
2025-05-20 04:28:35,22476,2043535360,30621696,0.0,0.0917586923134421,0,11,0.0,0.02,0.0,0.0,0.0,9793536,0,6,4,1,0,sleeping,113,48,20480,24576,18339,10241
2025-05-20 04:28:36,22476,2043535360,30621696,0.0,0.0917586923134421,0,11,0.0,0.02,0.0,0.0,0.0,9793536,0,6,4,1,0,sleeping,113,48,20480,24576,18339,10241
2025-05-20 04:28:37,22476,2043535360,30621696,0.0,0.0917586923134421,0,11,0.0,0.02,0.0,0.0,0.0,9793536,0,6,4,1,0,sleeping,113,48,20480,24576,18339,10241
2025-05-20 04:28:38,22476,2043535360,30621696,0.0,0.0917586923134421,0,11,0.0,0.02,0.0,0.0,0.0,9793536,0,6,4,1,0,sleeping,113,48,20480,24576,18339,10241
2025-05-20 04:28:39,22476,2043535360,30621696,0.0,0.0917586923134421,0,11,0.0,0.02,0.0,0.0,0.0,9793536,0,6,4,1,0,sleeping,113,48,20480,24576,18339,10241
2025-05-20 04:28:40,22476,2043535360,30621696,0.0,0.0917586923134421,0,11,0.0,0.02,0.0,0.0,0.0,9793536,0,6,4,1,0,sleeping,113,48,20480,24576,18339,10241
2025-05-20 04:28:41,22476,2043535360,30621696,0.0,0.0917586923134421,0,11,0.0,0.02,0.0,0.0,0.0,9793536,0,6,4,1,0,sleeping,113,48,20480,24576,18339,10241
2025-05-20 04:28:42,22476,2043535360,30621696,0.0,0.0917586923134421,0,11,0.0,0.02,0.0,0.0,0.0,9793536,0,6,4,1,0,sleeping,113,48,20480,24576,18339,10241
2025-05-20 04:28:43,22476,2043535360,30621696,0.0,0.0917586923134421,0,11,0.0,0.02,0.0,0.0,0.0,9793536,0,6,4,1,0,sleeping,113,48,20480,24576,18339,10241
2025-05-20 04:28:45,22476,2043535360,30621696,0.0,0.0917586923134421,0,11,0.0,0.02,0.0,0.0,0.0,9793536,0,6,4,1,0,sleeping,113,48,20480,24576,18339,10241
2025-05-20 04:28:46,22476,2043535360,30621696,0.0,0.0917586923134421,0,11,0.0,0.02,0.0,0.0,0.0,9793536,0,6,4,1,0,sleeping,113,48,20480,24576,18339,10241
2025-05-20 04:28:47,22476,2043535360,30621696,0.0,0.0917586923134421,0,11,0.0,0.02,0.0,0.0,0.0,9793536,0,6,4,1,0,sleeping,113,48,20480,24576,18339,10241
2025-05-20 04:28:48,22476,2043535360,30621696,0.0,0.0917586923134421,0,11,0.0,0.02,0.0,0.0,0.0,9793536,0,6,4,1,0,sleeping,113,48,20480,24576,18339,10241
2025-05-20 04:28:49,22476,2043535360,30621696,0.0,0.0917586923134421,0,11,0.0,0.02,0.0,0.0,0.0,9793536,0,6,4,1,0,sleeping,113,48,20480,24576,18339,10241
2025-05-20 04:28:51,22476,2043535360,30621696,0.0,0.0917586923134421,0,11,0.0,0.02,0.0,0.0,0.0,9793536,0,7,4,1,0,sleeping,115,49,20480,28672,18467,10361
2025-05-20 04:28:52,22476,2043535360,30621696,0.0,0.0917586923134421,0,11,0.0,0.02,0.0,0.0,0.0,9793536,0,7,4,1,0,sleeping,115,49,20480,28672,18467,10361
2025-05-20 04:28:53,22476,2043535360,30621696,0.0,0.0917586923134421,0,11,0.0,0.02,0.0,0.0,0.0,9793536,0,7,4,1,0,sleeping,115,49,20480,28672,18467,10361
2025-05-20 04:28:54,22476,2043535360,30621696,0.0,0.0917586923134421,0,11,0.0,0.02,0.0,0.0,0.0,9793536,0,7,4,1,0,sleeping,115,49,20480,28672,18467,10361
2025-05-20 04:28:56,22476,2043535360,30621696,0.0,0.0917586923134421,0,11,0.0,0.02,0.0,0.0,0.0,9793536,0,7,4,1,0,sleeping,115,49,20480,28672,18467,10361
2025-05-20 04:28:57,22476,2043535360,30621696,0.0,0.0917586923134421,0,11,0.0,0.02,0.0,0.0,0.0,9793536,0,7,4,1,0,sleeping,115,49,20480,28672,18467,10361
2025-05-20 04:28:58,22476,2043535360,30621696,0.0,0.0917586923134421,0,11,0.0,0.02,0.0,0.0,0.0,9793536,0,7,4,1,0,sleeping,115,49,20480,28672,18467,10361
2025-05-20 04:28:59,22476,2043535360,30621696,0.0,0.0917586923134421,0,11,0.0,0.02,0.0,0.0,0.0,9793536,0,7,4,1,0,sleeping,115,49,20480,28672,18467,10361
2025-05-20 04:29:00,22476,2043535360,30621696,0.0,0.0917586923134421,0,11,0.0,0.02,0.0,0.0,0.0,9793536,0,7,4,1,0,sleeping,115,49,20480,28672,18467,10361
2025-05-20 04:29:01,22476,2043535360,30621696,0.0,0.0917586923134421,0,11,0.0,0.02,0.0,0.0,0.0,9793536,0,7,4,1,0,sleeping,115,49,20480,28672,18467,10361
2025-05-20 04:29:02,22476,2043535360,30621696,0.0,0.0917586923134421,0,11,0.0,0.02,0.0,0.0,0.0,9793536,0,7,4,1,0,sleeping,115,49,20480,28672,18467,10361
2025-05-20 04:29:03,22476,2043535360,30621696,0.0,0.0917586923134421,0,11,0.0,0.02,0.0,0.0,0.0,9793536,0,7,4,1,0,sleeping,115,49,20480,28672,18467,10361
2025-05-20 04:29:04,22476,2043535360,30621696,0.0,0.0917586923134421,0,11,0.0,0.02,0.0,0.0,0.0,9793536,0,7,4,1,0,sleeping,115,49,20480,28672,18467,10361
2025-05-20 04:29:05,22476,2043535360,30621696,0.0,0.0917586923134421,0,11,0.0,0.02,0.0,0.0,0.0,9793536,0,7,4,1,0,sleeping,115,49,20480,28672,18467,10361
2025-05-20 04:29:07,22476,2043535360,30621696,0.0,0.0917586923134421,0,11,0.0,0.02,0.0,0.0,0.0,9793536,0,7,4,1,0,sleeping,115,49,20480,28672,18467,10361
2025-05-20 04:29:08,22476,2043535360,30621696,0.0,0.0917586923134421,0,11,0.0,0.02,0.0,0.0,0.0,9793536,0,7,4,1,0,sleeping,115,49,20480,28672,18467,10361
2025-05-20 04:29:09,22476,2043535360,30621696,0.0,0.0917586923134421,0,11,0.0,0.02,0.0,0.0,0.0,9793536,0,7,4,1,0,sleeping,115,49,20480,28672,18467,10361
2025-05-20 04:29:10,22476,2043535360,30621696,0.0,0.0917586923134421,0,11,0.0,0.02,0.0,0.0,0.0,9793536,0,7,4,1,0,sleeping,115,49,20480,28672,18467,10361
2025-05-20 04:29:11,22476,2043535360,30621696,0.0,0.0917586923134421,0,11,0.0,0.02,0.0,0.0,0.0,9793536,0,7,4,1,0,sleeping,115,49,20480,28672,18467,10361
2025-05-20 04:29:12,22476,2043535360,30621696,0.0,0.0917586923134421,0,11,0.0,0.02,0.0,0.0,0.0,9793536,0,7,4,1,0,sleeping,115,49,20480,28672,18467,10361
2025-05-20 04:29:13,22476,2043535360,30621696,0.0,0.0917586923134421,0,11,0.0,0.02,0.0,0.0,0.0,9793536,0,7,4,1,0,sleeping,115,49,20480,28672,18467,10361
2025-05-20 04:29:15,22476,2043535360,30621696,0.0,0.0917586923134421,0,11,0.0,0.02,0.0,0.0,0.0,9793536,0,7,4,1,0,sleeping,115,49,20480,28672,18467,10361
2025-05-20 04:29:17,22476,2043535360,30621696,0.0,0.0917586923134421,0,11,0.0,0.02,0.0,0.0,0.0,9793536,0,7,4,1,0,sleeping,115,49,20480,28672,18467,10361
2025-05-20 04:29:18,22476,2043535360,30621696,0.0,0.0917586923134421,0,11,0.0,0.02,0.0,0.0,0.0,9793536,0,7,4,1,0,sleeping,115,49,20480,28672,18467,10361
2025-05-20 04:29:19,22476,2043535360,30621696,0.0,0.0917586923134421,0,11,0.0,0.02,0.0,0.0,0.0,9793536,0,7,4,1,0,sleeping,115,49,20480,28672,18467,10361
2025-05-20 04:29:20,22476,2043535360,30621696,0.0,0.0917586923134421,0,11,0.0,0.02,0.0,0.0,0.0,9793536,0,7,4,1,0,sleeping,117,50,20480,28672,18595,10481
2025-05-20 04:29:21,22476,2043535360,30621696,0.0,0.0917586923134421,0,11,0.0,0.02,0.0,0.0,0.0,9793536,0,7,4,1,0,sleeping,117,50,20480,28672,18595,10481
2025-05-20 04:29:23,22476,2043535360,30621696,0.0,0.0917586923134421,0,11,0.0,0.02,0.0,0.0,0.0,9793536,0,7,4,1,0,sleeping,117,50,20480,28672,18595,10481
2025-05-20 04:29:24,22476,2043535360,30621696,0.0,0.0917586923134421,0,11,0.0,0.02,0.0,0.0,0.0,9793536,0,7,4,1,0,sleeping,117,50,20480,28672,18595,10481
2025-05-20 04:29:25,22476,2043535360,30621696,0.0,0.0917586923134421,0,11,0.0,0.02,0.0,0.0,0.0,9793536,0,7,4,1,0,sleeping,117,50,20480,28672,18595,10481
2025-05-20 04:29:26,22476,2043535360,30621696,0.0,0.0917586923134421,0,11,0.0,0.02,0.0,0.0,0.0,9793536,0,7,4,1,0,sleeping,117,50,20480,28672,18595,10481
2025-05-20 04:29:27,22476,2043535360,30621696,0.0,0.0917586923134421,0,11,0.0,0.02,0.0,0.0,0.0,9793536,0,7,4,1,0,sleeping,117,50,20480,28672,18595,10481
2025-05-20 04:29:28,22476,2043535360,30621696,0.0,0.0917586923134421,0,11,0.0,0.02,0.0,0.0,0.0,9793536,0,7,4,1,0,sleeping,117,50,20480,28672,18595,10481
2025-05-20 04:29:29,22476,2043535360,30621696,0.0,0.0917586923134421,0,11,0.0,0.02,0.0,0.0,0.0,9793536,0,7,4,1,0,sleeping,117,50,20480,28672,18595,10481
2025-05-20 04:29:30,22476,2043535360,30621696,0.0,0.0917586923134421,0,11,0.0,0.02,0.0,0.0,0.0,9793536,0,7,4,1,0,sleeping,117,50,20480,28672,18595,10481
2025-05-20 04:29:31,22476,2043535360,30621696,0.0,0.0917586923134421,0,11,0.0,0.02,0.0,0.0,0.0,9793536,0,7,4,1,0,sleeping,117,50,20480,28672,18595,10481
2025-05-20 04:29:32,22476,2043535360,30621696,0.0,0.0917586923134421,0,11,0.0,0.02,0.0,0.0,0.0,9793536,0,7,4,1,0,sleeping,117,50,20480,28672,18595,10481
2025-05-20 04:29:34,22476,2043535360,30621696,0.0,0.0917586923134421,0,11,0.0,0.02,0.0,0.0,0.0,9793536,0,7,4,1,0,sleeping,117,50,20480,28672,18595,10481
2025-05-20 04:29:35,22476,2043535360,30621696,0.0,0.0917586923134421,0,11,0.0,0.02,0.0,0.0,0.0,9793536,0,7,4,1,0,sleeping,117,50,20480,28672,18595,10481
2025-05-20 04:29:37,22476,2043535360,30621696,0.0,0.0917586923134421,0,11,0.0,0.02,0.0,0.0,0.0,9793536,0,7,4,1,0,sleeping,117,50,20480,28672,18595,10481
2025-05-20 04:29:38,22476,2043535360,30621696,0.0,0.0917586923134421,0,11,0.0,0.02,0.0,0.0,0.0,9793536,0,7,4,1,0,sleeping,117,50,20480,28672,18595,10481
2025-05-20 04:29:39,22476,2043535360,30621696,0.0,0.0917586923134421,0,11,0.0,0.02,0.0,0.0,0.0,9793536,0,7,4,1,0,sleeping,117,50,20480,28672,18595,10481
2025-05-20 04:29:40,22476,2043535360,30621696,0.0,0.0917586923134421,0,11,0.0,0.02,0.0,0.0,0.0,9793536,0,7,4,1,0,sleeping,117,50,20480,28672,18595,10481
2025-05-20 04:29:42,22476,2043535360,30621696,0.0,0.0917586923134421,0,11,0.0,0.02,0.0,0.0,0.0,9793536,0,7,4,1,0,sleeping,117,50,20480,28672,18595,10481
2025-05-20 04:29:43,22476,2043535360,30621696,0.0,0.0917586923134421,0,11,0.0,0.02,0.0,0.0,0.0,9793536,0,7,4,1,0,sleeping,117,50,20480,28672,18595,10481
2025-05-20 04:29:44,22476,2043535360,30621696,0.0,0.0917586923134421,0,11,0.0,0.02,0.0,0.0,0.0,9793536,0,7,4,1,0,sleeping,117,50,20480,28672,18595,10481
2025-05-20 04:29:45,22476,2043535360,30621696,0.0,0.0917586923134421,0,11,0.0,0.02,0.0,0.0,0.0,9793536,0,7,4,1,0,sleeping,117,50,20480,28672,18595,10481
2025-05-20 04:29:46,22476,2043535360,30621696,0.0,0.0917586923134421,0,11,0.0,0.02,0.0,0.0,0.0,9793536,0,7,4,1,0,sleeping,117,50,20480,28672,18595,10481
2025-05-20 04:29:47,22476,2043535360,30621696,0.0,0.0917586923134421,0,11,0.0,0.02,0.0,0.0,0.0,9793536,0,7,4,1,0,sleeping,117,50,20480,28672,18595,10481
2025-05-20 04:29:48,22476,2043535360,30621696,0.0,0.0917586923134421,0,11,0.0,0.02,0.0,0.0,0.0,9793536,0,7,4,1,0,sleeping,117,50,20480,28672,18595,10481
2025-05-20 04:29:49,22476,2043535360,30621696,0.0,0.0917586923134421,0,11,0.0,0.02,0.0,0.0,0.0,9793536,0,7,4,1,0,sleeping,117,50,20480,28672,18595,10481
2025-05-20 04:29:51,22476,2043535360,30621696,0.0,0.0917586923134421,0,11,0.0,0.02,0.0,0.0,0.0,9793536,0,7,4,1,0,sleeping,119,51,20480,32768,18723,10601
2025-05-20 04:29:52,22476,2043535360,30621696,0.0,0.0917586923134421,0,11,0.0,0.02,0.0,0.0,0.0,9793536,0,7,4,1,0,sleeping,119,51,20480,32768,18723,10601
2025-05-20 04:29:53,22476,2043535360,30621696,0.0,0.0917586923134421,0,11,0.0,0.02,0.0,0.0,0.0,9793536,0,7,4,1,0,sleeping,119,51,20480,32768,18723,10601
2025-05-20 04:29:54,22476,2043535360,30621696,0.0,0.0917586923134421,0,11,0.0,0.02,0.0,0.0,0.0,9793536,0,7,4,1,0,sleeping,119,51,20480,32768,18723,10601
2025-05-20 04:29:55,22476,2043535360,30621696,0.0,0.0917586923134421,0,11,0.0,0.02,0.0,0.0,0.0,9793536,0,7,4,1,0,sleeping,119,51,20480,32768,18723,10601
2025-05-20 04:29:56,22476,2043535360,30621696,0.0,0.0917586923134421,0,11,0.0,0.02,0.0,0.0,0.0,9793536,0,7,4,1,0,sleeping,119,51,20480,32768,18723,10601
2025-05-20 04:29:57,22476,2043535360,30621696,0.0,0.0917586923134421,0,11,0.0,0.02,0.0,0.0,0.0,9793536,0,7,4,1,0,sleeping,119,51,20480,32768,18723,10601
2025-05-20 04:29:58,22476,2043535360,30621696,0.0,0.0917586923134421,0,11,0.0,0.02,0.0,0.0,0.0,9793536,0,7,4,1,0,sleeping,119,51,20480,32768,18723,10601
2025-05-20 04:29:59,22476,2043535360,30621696,0.0,0.0917586923134421,0,11,0.0,0.02,0.0,0.0,0.0,9793536,0,7,4,1,0,sleeping,119,51,20480,32768,18723,10601
2025-05-20 04:30:01,22476,2043535360,30621696,0.0,0.0917586923134421,0,11,0.0,0.02,0.0,0.0,0.0,9793536,0,7,4,1,0,sleeping,119,51,20480,32768,18723,10601
2025-05-20 04:30:02,22476,2043535360,30621696,0.0,0.0917586923134421,0,11,0.0,0.02,0.0,0.0,0.0,9793536,0,7,4,1,0,sleeping,119,51,20480,32768,18723,10601
2025-05-20 04:30:04,22476,2043535360,30621696,0.0,0.0917586923134421,0,11,0.0,0.02,0.0,0.0,0.0,9793536,0,7,4,1,0,sleeping,119,51,20480,32768,18723,10601
2025-05-20 04:30:05,22476,2043535360,30621696,0.0,0.0917586923134421,0,11,0.0,0.02,0.0,0.0,0.0,9793536,0,7,4,1,0,sleeping,119,51,20480,32768,18723,10601
2025-05-20 04:30:06,22476,2043535360,30621696,0.0,0.0917586923134421,0,11,0.0,0.02,0.0,0.0,0.0,9793536,0,7,4,1,0,sleeping,119,51,20480,32768,18723,10601
2025-05-20 04:30:07,22476,2043535360,30621696,0.0,0.0917586923134421,0,11,0.0,0.02,0.0,0.0,0.0,9793536,0,7,4,1,0,sleeping,119,51,20480,32768,18723,10601
2025-05-20 04:30:09,22476,2043535360,30621696,0.0,0.0917586923134421,0,11,0.0,0.02,0.0,0.0,0.0,9793536,0,7,4,1,0,sleeping,119,51,20480,32768,18723,10601
2025-05-20 04:30:10,22476,2043535360,30621696,0.0,0.0917586923134421,0,11,0.0,0.02,0.0,0.0,0.0,9793536,0,7,4,1,0,sleeping,119,51,20480,32768,18723,10601
2025-05-20 04:30:11,22476,2043535360,30621696,0.0,0.0917586923134421,0,11,0.0,0.02,0.0,0.0,0.0,9793536,0,7,4,1,0,sleeping,119,51,20480,32768,18723,10601
2025-05-20 04:30:12,22476,2043535360,30621696,0.0,0.0917586923134421,0,11,0.0,0.02,0.0,0.0,0.0,9793536,0,7,4,1,0,sleeping,119,51,20480,32768,18723,10601
2025-05-20 04:30:13,22476,2043535360,30621696,0.0,0.0917586923134421,0,11,0.0,0.02,0.0,0.0,0.0,9793536,0,7,4,1,0,sleeping,119,51,20480,32768,18723,10601
2025-05-20 04:30:14,22476,2043535360,30621696,0.0,0.0917586923134421,0,11,0.0,0.02,0.0,0.0,0.0,9793536,0,7,4,1,0,sleeping,119,51,20480,32768,18723,10601
2025-05-20 04:30:15,22476,2043535360,30621696,0.0,0.0917586923134421,0,11,0.0,0.02,0.0,0.0,0.0,9793536,0,7,4,1,0,sleeping,119,51,20480,32768,18723,10601
2025-05-20 04:30:17,22476,2043535360,30621696,0.0,0.0917586923134421,0,11,0.0,0.02,0.0,0.0,0.0,9793536,0,7,4,1,0,sleeping,119,51,20480,32768,18723,10601
2025-05-20 04:30:19,22476,2043535360,30621696,0.0,0.0917586923134421,0,11,0.0,0.02,0.0,0.0,0.0,9793536,0,7,4,1,0,sleeping,119,51,20480,32768,18723,10601
2025-05-20 04:30:21,22476,2043535360,30752768,0.7,0.09215145290119359,0,11,0.01,0.02,0.0,0.0,0.0,9883648,0,7,4,1,0,sleeping,121,52,20480,32768,18851,10721
2025-05-20 04:30:22,22476,2043535360,30752768,0.0,0.09215145290119359,0,11,0.01,0.02,0.0,0.0,0.0,9883648,0,7,4,1,0,sleeping,121,52,20480,32768,18851,10721
2025-05-20 04:30:23,22476,2043535360,30752768,0.0,0.09215145290119359,0,11,0.01,0.02,0.0,0.0,0.0,9883648,0,7,4,1,0,sleeping,121,52,20480,32768,18851,10721
2025-05-20 04:30:24,22476,2043535360,30752768,0.0,0.09215145290119359,0,11,0.01,0.02,0.0,0.0,0.0,9883648,0,7,4,1,0,sleeping,121,52,20480,32768,18851,10721
2025-05-20 04:30:25,22476,2043535360,30752768,0.0,0.09215145290119359,0,11,0.01,0.02,0.0,0.0,0.0,9883648,0,7,4,1,0,sleeping,121,52,20480,32768,18851,10721
2025-05-20 04:30:26,22476,2043535360,30752768,0.0,0.09215145290119359,0,11,0.01,0.02,0.0,0.0,0.0,9883648,0,7,4,1,0,sleeping,121,52,20480,32768,18851,10721
2025-05-20 04:30:27,22476,2043535360,30752768,0.0,0.09215145290119359,0,11,0.01,0.02,0.0,0.0,0.0,9883648,0,7,4,1,0,sleeping,121,52,20480,32768,18851,10721
2025-05-20 04:30:29,22476,2043535360,30752768,0.0,0.09215145290119359,0,11,0.01,0.02,0.0,0.0,0.0,9883648,0,7,4,1,0,sleeping,121,52,20480,32768,18851,10721
2025-05-20 04:30:30,22476,2043535360,30752768,0.0,0.09215145290119359,0,11,0.01,0.02,0.0,0.0,0.0,9883648,0,7,4,1,0,sleeping,121,52,20480,32768,18851,10721
2025-05-20 04:30:31,22476,2043535360,30752768,0.0,0.09215145290119359,0,11,0.01,0.02,0.0,0.0,0.0,9883648,0,7,4,1,0,sleeping,121,52,20480,32768,18851,10721
2025-05-20 04:30:33,22476,2043535360,30752768,0.0,0.09215145290119359,0,11,0.01,0.02,0.0,0.0,0.0,9883648,0,7,4,1,0,sleeping,121,52,20480,32768,18851,10721
2025-05-20 04:30:34,22476,2043535360,30752768,0.0,0.09215145290119359,0,11,0.01,0.02,0.0,0.0,0.0,9883648,0,7,4,1,0,sleeping,121,52,20480,32768,18851,10721
2025-05-20 04:30:35,22476,2043535360,30752768,0.0,0.09215145290119359,0,11,0.01,0.02,0.0,0.0,0.0,9883648,0,7,4,1,0,sleeping,121,52,20480,32768,18851,10721
2025-05-20 04:30:36,22476,2043535360,30752768,0.0,0.09215145290119359,0,11,0.01,0.02,0.0,0.0,0.0,9883648,0,7,4,1,0,sleeping,121,52,20480,32768,18851,10721
2025-05-20 04:30:38,22476,2043535360,30752768,0.0,0.09215145290119359,0,11,0.01,0.02,0.0,0.0,0.0,9883648,0,7,4,1,0,sleeping,121,52,20480,32768,18851,10721
2025-05-20 04:30:39,22476,2043535360,30752768,0.0,0.09215145290119359,0,11,0.01,0.02,0.0,0.0,0.0,9883648,0,7,4,1,0,sleeping,121,52,20480,32768,18851,10721
2025-05-20 04:30:40,22476,2043535360,30752768,0.0,0.09215145290119359,0,11,0.01,0.02,0.0,0.0,0.0,9883648,0,7,4,1,0,sleeping,121,52,20480,32768,18851,10721
2025-05-20 04:30:41,22476,2043535360,30752768,0.0,0.09215145290119359,0,11,0.01,0.02,0.0,0.0,0.0,9883648,0,7,4,1,0,sleeping,121,52,20480,32768,18851,10721
2025-05-20 04:30:42,22476,2043535360,30752768,0.0,0.09215145290119359,0,11,0.01,0.02,0.0,0.0,0.0,9883648,0,7,4,1,0,sleeping,121,52,20480,32768,18851,10721
2025-05-20 04:30:43,22476,2043535360,30752768,0.0,0.09215145290119359,0,11,0.01,0.02,0.0,0.0,0.0,9883648,0,7,4,1,0,sleeping,121,52,20480,32768,18851,10721
2025-05-20 04:30:44,22476,2043535360,30752768,0.0,0.09215145290119359,0,11,0.01,0.02,0.0,0.0,0.0,9883648,0,7,4,1,0,sleeping,121,52,20480,32768,18851,10721
2025-05-20 04:30:45,22476,2043535360,30752768,0.0,0.09215145290119359,0,11,0.01,0.02,0.0,0.0,0.0,9883648,0,7,4,1,0,sleeping,121,52,20480,32768,18851,10721
2025-05-20 04:30:46,22476,2043535360,30752768,0.0,0.09215145290119359,0,11,0.01,0.02,0.0,0.0,0.0,9883648,0,7,4,1,0,sleeping,121,52,20480,32768,18851,10721
2025-05-20 04:30:48,22476,2043535360,30752768,0.0,0.09215145290119359,0,11,0.01,0.02,0.0,0.0,0.0,9883648,0,7,4,1,0,sleeping,121,52,20480,32768,18851,10721
2025-05-20 04:30:49,22476,2043535360,30752768,0.0,0.09215145290119359,0,11,0.01,0.02,0.0,0.0,0.0,9883648,0,7,4,1,0,sleeping,121,52,20480,32768,18851,10721
2025-05-20 04:30:51,22476,2043535360,30752768,0.0,0.09215145290119359,0,11,0.01,0.02,0.0,0.0,0.0,9883648,0,6,4,1,0,sleeping,123,53,20480,40960,18979,10841
2025-05-20 04:30:52,22476,2043535360,30752768,0.0,0.09215145290119359,0,11,0.01,0.02,0.0,0.0,0.0,9883648,0,6,4,1,0,sleeping,123,53,20480,40960,18979,10841
2025-05-20 04:30:54,22476,2043535360,30752768,0.0,0.09215145290119359,0,11,0.01,0.02,0.0,0.0,0.0,9883648,0,6,4,1,0,sleeping,123,53,20480,40960,18979,10841
2025-05-20 04:30:55,22476,2043535360,30752768,0.0,0.09215145290119359,0,11,0.01,0.02,0.0,0.0,0.0,9883648,0,6,4,1,0,sleeping,123,53,20480,40960,18979,10841
2025-05-20 04:30:56,22476,2043535360,30752768,0.0,0.09215145290119359,0,11,0.01,0.02,0.0,0.0,0.0,9883648,0,6,4,1,0,sleeping,123,53,20480,40960,18979,10841
2025-05-20 04:30:57,22476,2043535360,30752768,0.0,0.09215145290119359,0,11,0.01,0.02,0.0,0.0,0.0,9883648,0,6,4,1,0,sleeping,123,53,20480,40960,18979,10841
2025-05-20 04:30:58,22476,2043535360,30752768,0.0,0.09215145290119359,0,11,0.01,0.02,0.0,0.0,0.0,9883648,0,6,4,1,0,sleeping,123,53,20480,40960,18979,10841
2025-05-20 04:30:59,22476,2043535360,30752768,0.0,0.09215145290119359,0,11,0.01,0.02,0.0,0.0,0.0,9883648,0,6,4,1,0,sleeping,123,53,20480,40960,18979,10841
2025-05-20 04:31:00,22476,2043535360,30752768,0.0,0.09215145290119359,0,11,0.01,0.02,0.0,0.0,0.0,9883648,0,6,4,1,0,sleeping,123,53,20480,40960,18979,10841
2025-05-20 04:31:01,22476,2043535360,30752768,0.0,0.09215145290119359,0,11,0.01,0.02,0.0,0.0,0.0,9883648,0,6,4,1,0,sleeping,123,53,20480,40960,18979,10841
2025-05-20 04:31:03,22476,2043535360,30752768,0.0,0.09215145290119359,0,11,0.01,0.02,0.0,0.0,0.0,9883648,0,6,4,1,0,sleeping,123,53,20480,40960,18979,10841
2025-05-20 04:31:04,22476,2043535360,30752768,0.0,0.09215145290119359,0,11,0.01,0.02,0.0,0.0,0.0,9883648,0,6,4,1,0,sleeping,123,53,20480,40960,18979,10841
2025-05-20 04:31:05,22476,2043535360,30752768,0.0,0.09215145290119359,0,11,0.01,0.02,0.0,0.0,0.0,9883648,0,6,4,1,0,sleeping,123,53,20480,40960,18979,10841
2025-05-20 04:31:06,22476,2043535360,30752768,0.0,0.09215145290119359,0,11,0.01,0.02,0.0,0.0,0.0,9883648,0,6,4,1,0,sleeping,123,53,20480,40960,18979,10841
2025-05-20 04:31:07,22476,2043535360,30752768,0.0,0.09215145290119359,0,11,0.01,0.02,0.0,0.0,0.0,9883648,0,6,4,1,0,sleeping,123,53,20480,40960,18979,10841
2025-05-20 04:31:08,22476,2043535360,30752768,0.0,0.09215145290119359,0,11,0.01,0.02,0.0,0.0,0.0,9883648,0,6,4,1,0,sleeping,123,53,20480,40960,18979,10841
2025-05-20 04:31:09,22476,2043535360,30752768,0.0,0.09215145290119359,0,11,0.01,0.02,0.0,0.0,0.0,9883648,0,6,4,1,0,sleeping,123,53,20480,40960,18979,10841
2025-05-20 04:31:10,22476,2043535360,30752768,0.0,0.09215145290119359,0,11,0.01,0.02,0.0,0.0,0.0,9883648,0,6,4,1,0,sleeping,123,53,20480,40960,18979,10841
2025-05-20 04:31:12,22476,2043535360,30752768,0.0,0.09215145290119359,0,11,0.01,0.02,0.0,0.0,0.0,9883648,0,6,4,1,0,sleeping,123,53,20480,40960,18979,10841
2025-05-20 04:31:13,22476,2043535360,30752768,0.0,0.09215145290119359,0,11,0.01,0.02,0.0,0.0,0.0,9883648,0,6,4,1,0,sleeping,123,53,20480,40960,18979,10841
2025-05-20 04:31:14,22476,2043535360,30752768,0.0,0.09215145290119359,0,11,0.01,0.02,0.0,0.0,0.0,9883648,0,6,4,1,0,sleeping,123,53,20480,40960,18979,10841
2025-05-20 04:31:15,22476,2043535360,30752768,0.0,0.09215145290119359,0,11,0.01,0.02,0.0,0.0,0.0,9883648,0,6,4,1,0,sleeping,123,53,20480,40960,18979,10841
2025-05-20 04:31:16,22476,2043535360,30752768,0.0,0.09215145290119359,0,11,0.01,0.02,0.0,0.0,0.0,9883648,0,6,4,1,0,sleeping,123,53,20480,40960,18979,10841
2025-05-20 04:31:17,22476,2043535360,30752768,0.0,0.09215145290119359,0,11,0.01,0.02,0.0,0.0,0.0,9883648,0,6,4,1,0,sleeping,123,53,20480,40960,18979,10841
2025-05-20 04:31:19,22476,2043535360,30752768,0.0,0.09215145290119359,0,11,0.01,0.02,0.0,0.0,0.0,9883648,0,6,4,1,0,sleeping,123,53,20480,40960,18979,10841
2025-05-20 04:31:20,22476,2043535360,30752768,0.0,0.09215145290119359,0,11,0.01,0.02,0.0,0.0,0.0,9883648,0,6,4,1,0,sleeping,123,53,20480,40960,18979,10841
2025-05-20 04:31:21,22476,2043535360,30752768,0.0,0.09215145290119359,0,11,0.01,0.02,0.0,0.0,0.0,9883648,0,6,4,1,0,sleeping,123,53,20480,40960,18979,10841
2025-05-20 04:31:22,22476,2043535360,30752768,0.0,0.09215145290119359,0,11,0.01,0.02,0.0,0.0,0.0,9883648,0,6,4,1,0,sleeping,125,54,20480,40960,19107,10961
2025-05-20 04:31:23,22476,2043535360,30752768,0.0,0.09215145290119359,0,11,0.01,0.02,0.0,0.0,0.0,9883648,0,6,4,1,0,sleeping,125,54,20480,40960,19107,10961
2025-05-20 04:31:24,22476,2043535360,30752768,0.0,0.09215145290119359,0,11,0.01,0.02,0.0,0.0,0.0,9883648,0,6,4,1,0,sleeping,125,54,20480,40960,19107,10961
2025-05-20 04:31:25,22476,2043535360,30752768,0.0,0.09215145290119359,0,11,0.01,0.02,0.0,0.0,0.0,9883648,0,6,4,1,0,sleeping,125,54,20480,40960,19107,10961
2025-05-20 04:31:26,22476,2043535360,30752768,0.0,0.09215145290119359,0,11,0.01,0.02,0.0,0.0,0.0,9883648,0,6,4,1,0,sleeping,125,54,20480,40960,19107,10961
2025-05-20 04:31:28,22476,2043535360,30752768,0.0,0.09215145290119359,0,11,0.01,0.02,0.0,0.0,0.0,9883648,0,6,4,1,0,sleeping,125,54,20480,40960,19107,10961
2025-05-20 04:31:29,22476,2043535360,30752768,0.0,0.09215145290119359,0,11,0.01,0.02,0.0,0.0,0.0,9883648,0,6,4,1,0,sleeping,125,54,20480,40960,19107,10961
2025-05-20 04:31:30,22476,2043535360,30752768,0.0,0.09215145290119359,0,11,0.01,0.02,0.0,0.0,0.0,9883648,0,6,4,1,0,sleeping,125,54,20480,40960,19107,10961
2025-05-20 04:31:32,22476,2043535360,30752768,0.0,0.09215145290119359,0,11,0.01,0.02,0.0,0.0,0.0,9883648,0,6,4,1,0,sleeping,125,54,20480,40960,19107,10961
2025-05-20 04:31:33,22476,2043535360,30752768,0.0,0.09215145290119359,0,11,0.01,0.02,0.0,0.0,0.0,9883648,0,6,4,1,0,sleeping,125,54,20480,40960,19107,10961
2025-05-20 04:31:34,22476,2043535360,30752768,0.0,0.09215145290119359,0,11,0.01,0.02,0.0,0.0,0.0,9883648,0,6,4,1,0,sleeping,125,54,20480,40960,19107,10961
2025-05-20 04:31:35,22476,2043535360,30752768,0.0,0.09215145290119359,0,11,0.01,0.02,0.0,0.0,0.0,9883648,0,6,4,1,0,sleeping,125,54,20480,40960,19107,10961
2025-05-20 04:31:36,22476,2043535360,30752768,0.0,0.09215145290119359,0,11,0.01,0.02,0.0,0.0,0.0,9883648,0,6,4,1,0,sleeping,125,54,20480,40960,19107,10961
2025-05-20 04:31:37,22476,2043535360,30752768,0.0,0.09215145290119359,0,11,0.01,0.02,0.0,0.0,0.0,9883648,0,6,4,1,0,sleeping,125,54,20480,40960,19107,10961
2025-05-20 04:31:38,22476,2043535360,30752768,0.0,0.09215145290119359,0,11,0.01,0.02,0.0,0.0,0.0,9883648,0,6,4,1,0,sleeping,125,54,20480,40960,19107,10961
2025-05-20 04:31:39,22476,2043535360,30752768,0.0,0.09215145290119359,0,11,0.01,0.02,0.0,0.0,0.0,9883648,0,6,4,1,0,sleeping,125,54,20480,40960,19107,10961
2025-05-20 04:31:40,22476,2043535360,30752768,0.0,0.09215145290119359,0,11,0.01,0.02,0.0,0.0,0.0,9883648,0,6,4,1,0,sleeping,125,54,20480,40960,19107,10961
2025-05-20 04:31:42,22476,2043535360,30752768,0.0,0.09215145290119359,0,11,0.01,0.02,0.0,0.0,0.0,9883648,0,6,4,1,0,sleeping,125,54,20480,40960,19107,10961
2025-05-20 04:31:43,22476,2043535360,30752768,0.0,0.09215145290119359,0,11,0.01,0.02,0.0,0.0,0.0,9883648,0,6,4,1,0,sleeping,125,54,20480,40960,19107,10961
2025-05-20 04:31:44,22476,2043535360,30752768,0.0,0.09215145290119359,0,11,0.01,0.02,0.0,0.0,0.0,9883648,0,6,4,1,0,sleeping,125,54,20480,40960,19107,10961
2025-05-20 04:31:45,22476,2043535360,30752768,0.0,0.09215145290119359,0,11,0.01,0.02,0.0,0.0,0.0,9883648,0,6,4,1,0,sleeping,125,54,20480,40960,19107,10961
2025-05-20 04:31:46,22476,2043535360,30752768,0.0,0.09215145290119359,0,11,0.01,0.02,0.0,0.0,0.0,9883648,0,6,4,1,0,sleeping,125,54,20480,40960,19107,10961
2025-05-20 04:31:47,22476,2043535360,30752768,0.0,0.09215145290119359,0,11,0.01,0.02,0.0,0.0,0.0,9883648,0,6,4,1,0,sleeping,125,54,20480,40960,19107,10961
2025-05-20 04:31:48,22476,2043535360,30752768,0.0,0.09215145290119359,0,11,0.01,0.02,0.0,0.0,0.0,9883648,0,6,4,1,0,sleeping,125,54,20480,40960,19107,10961
2025-05-20 04:31:50,22476,2043535360,30752768,0.0,0.09215145290119359,0,11,0.01,0.02,0.0,0.0,0.0,9883648,0,6,4,1,0,sleeping,125,54,20480,40960,19107,10961
2025-05-20 04:31:51,22476,2043535360,30752768,0.0,0.09215145290119359,0,11,0.01,0.02,0.0,0.0,0.0,9883648,0,6,4,1,0,sleeping,125,54,20480,40960,19107,10961
2025-05-20 04:31:52,22476,2043535360,30752768,0.0,0.09215145290119359,0,11,0.01,0.02,0.0,0.0,0.0,9883648,0,6,4,1,0,sleeping,125,54,20480,40960,19107,10961
2025-05-20 04:31:53,22476,2043535360,30752768,0.0,0.09215145290119359,0,11,0.01,0.02,0.0,0.0,0.0,9883648,0,6,4,1,0,sleeping,125,54,20480,40960,19107,10961
2025-05-20 04:31:54,22476,2043535360,30752768,0.0,0.09215145290119359,0,11,0.01,0.02,0.0,0.0,0.0,9883648,0,6,4,1,0,sleeping,125,54,20480,40960,19107,10961
2025-05-20 04:31:55,22476,2043535360,30752768,0.0,0.09215145290119359,0,11,0.01,0.02,0.0,0.0,0.0,9883648,0,6,4,1,0,sleeping,125,54,20480,40960,19107,10961
2025-05-20 04:31:56,22476,2043535360,30752768,0.0,0.09215145290119359,0,11,0.01,0.02,0.0,0.0,0.0,9883648,0,6,4,1,0,sleeping,125,54,20480,40960,19107,10961
2025-05-20 04:31:57,22476,2043535360,30752768,0.0,0.09215145290119359,0,11,0.01,0.02,0.0,0.0,0.0,9883648,0,6,4,1,0,sleeping,125,54,20480,40960,19107,10961
2025-05-20 04:31:59,22476,2043535360,30752768,0.0,0.09215145290119359,0,11,0.01,0.02,0.0,0.0,0.0,9883648,0,6,4,1,0,sleeping,125,54,20480,40960,19107,10961
2025-05-20 04:32:01,22476,2043535360,30752768,0.0,0.09215145290119359,0,11,0.01,0.02,0.0,0.0,0.0,9883648,0,6,4,1,0,sleeping,125,54,20480,40960,19107,10961
2025-05-20 04:32:02,22476,2043535360,30752768,0.0,0.09215145290119359,0,11,0.01,0.02,0.0,0.0,0.0,9883648,0,6,4,1,0,sleeping,127,55,20480,45056,19235,11081
2025-05-20 04:32:03,22476,2043535360,30752768,0.0,0.09215145290119359,0,11,0.01,0.02,0.0,0.0,0.0,9883648,0,6,4,1,0,sleeping,127,55,20480,45056,19235,11081
2025-05-20 04:32:05,22476,2043535360,30752768,0.0,0.09215145290119359,0,11,0.01,0.02,0.0,0.0,0.0,9883648,0,6,4,1,0,sleeping,127,55,20480,45056,19235,11081
2025-05-20 04:32:06,22476,2043535360,30752768,0.0,0.09215145290119359,0,11,0.01,0.02,0.0,0.0,0.0,9883648,0,6,4,1,0,sleeping,127,55,20480,45056,19235,11081
2025-05-20 04:32:07,22476,2043535360,30752768,0.0,0.09215145290119359,0,11,0.01,0.02,0.0,0.0,0.0,9883648,0,6,4,1,0,sleeping,127,55,20480,45056,19235,11081
2025-05-20 04:32:08,22476,2043535360,30752768,0.0,0.09215145290119359,0,11,0.01,0.02,0.0,0.0,0.0,9883648,0,6,4,1,0,sleeping,127,55,20480,45056,19235,11081
2025-05-20 04:32:09,22476,2043535360,30752768,0.0,0.09215145290119359,0,11,0.01,0.02,0.0,0.0,0.0,9883648,0,6,4,1,0,sleeping,127,55,20480,45056,19235,11081
2025-05-20 04:32:10,22476,2043535360,30752768,0.0,0.09215145290119359,0,11,0.01,0.02,0.0,0.0,0.0,9883648,0,6,4,1,0,sleeping,127,55,20480,45056,19235,11081
2025-05-20 04:32:11,22476,2043535360,30752768,0.0,0.09215145290119359,0,11,0.01,0.02,0.0,0.0,0.0,9883648,0,6,4,1,0,sleeping,127,55,20480,45056,19235,11081
2025-05-20 04:32:12,22476,2043535360,30752768,0.0,0.09215145290119359,0,11,0.01,0.02,0.0,0.0,0.0,9883648,0,6,4,1,0,sleeping,127,55,20480,45056,19235,11081
2025-05-20 04:32:13,22476,2043535360,30752768,0.0,0.09215145290119359,0,11,0.01,0.02,0.0,0.0,0.0,9883648,0,6,4,1,0,sleeping,127,55,20480,45056,19235,11081
2025-05-20 04:32:14,22476,2043535360,30752768,0.0,0.09215145290119359,0,11,0.01,0.02,0.0,0.0,0.0,9883648,0,6,4,1,0,sleeping,127,55,20480,45056,19235,11081
2025-05-20 04:32:16,22476,2043535360,30752768,0.0,0.09215145290119359,0,11,0.01,0.02,0.0,0.0,0.0,9883648,0,6,4,1,0,sleeping,127,55,20480,45056,19235,11081
2025-05-20 04:32:17,22476,2043535360,30752768,0.0,0.09215145290119359,0,11,0.01,0.02,0.0,0.0,0.0,9883648,0,6,4,1,0,sleeping,127,55,20480,45056,19235,11081
2025-05-20 04:32:19,22476,2043535360,30752768,0.0,0.09215145290119359,0,11,0.01,0.02,0.0,0.0,0.0,9883648,0,6,4,1,0,sleeping,127,55,20480,45056,19235,11081
2025-05-20 04:32:20,22476,2043535360,30752768,0.0,0.09215145290119359,0,11,0.01,0.02,0.0,0.0,0.0,9883648,0,6,4,1,0,sleeping,127,55,20480,45056,19235,11081
2025-05-20 04:32:21,22476,2043535360,30752768,0.0,0.09215145290119359,0,11,0.01,0.02,0.0,0.0,0.0,9883648,0,6,4,1,0,sleeping,127,55,20480,45056,19235,11081
2025-05-20 04:32:22,22476,2043535360,30752768,0.0,0.09215145290119359,0,11,0.01,0.02,0.0,0.0,0.0,9883648,0,6,4,1,0,sleeping,127,55,20480,45056,19235,11081
2025-05-20 04:32:23,22476,2043535360,30752768,0.0,0.09215145290119359,0,11,0.01,0.02,0.0,0.0,0.0,9883648,0,6,4,1,0,sleeping,127,55,20480,45056,19235,11081
2025-05-20 04:32:24,22476,2043535360,30752768,0.0,0.09215145290119359,0,11,0.01,0.02,0.0,0.0,0.0,9883648,0,6,4,1,0,sleeping,127,55,20480,45056,19235,11081
2025-05-20 04:32:25,22476,2043535360,30752768,0.0,0.09215145290119359,0,11,0.01,0.02,0.0,0.0,0.0,9883648,0,6,4,1,0,sleeping,127,55,20480,45056,19235,11081
2025-05-20 04:32:27,22476,2043535360,30752768,0.0,0.09215145290119359,0,11,0.01,0.02,0.0,0.0,0.0,9883648,0,6,4,1,0,sleeping,127,55,20480,45056,19235,11081
2025-05-20 04:32:28,22476,2043535360,30752768,0.0,0.09215145290119359,0,11,0.01,0.02,0.0,0.0,0.0,9883648,0,6,4,1,0,sleeping,127,55,20480,45056,19235,11081
2025-05-20 04:32:29,22476,2043535360,30752768,0.0,0.09215145290119359,0,11,0.01,0.02,0.0,0.0,0.0,9883648,0,6,4,1,0,sleeping,127,55,20480,45056,19235,11081
2025-05-20 04:32:30,22476,2043535360,30752768,0.0,0.09215145290119359,0,11,0.01,0.02,0.0,0.0,0.0,9883648,0,6,4,1,0,sleeping,127,55,20480,45056,19235,11081
2025-05-20 04:32:31,22476,2043535360,30752768,0.0,0.09215145290119359,0,11,0.01,0.02,0.0,0.0,0.0,9883648,0,6,4,1,0,sleeping,127,55,20480,45056,19235,11081
2025-05-20 04:32:33,22476,2043535360,30752768,0.0,0.09215145290119359,0,11,0.01,0.02,0.0,0.0,0.0,9883648,0,6,4,1,0,sleeping,129,56,20480,45056,19363,11201
2025-05-20 04:32:34,22476,2043535360,30752768,0.0,0.09215145290119359,0,11,0.01,0.02,0.0,0.0,0.0,9883648,0,6,4,1,0,sleeping,129,56,20480,45056,19363,11201
2025-05-20 04:32:35,22476,2043535360,30752768,0.0,0.09215145290119359,0,11,0.01,0.02,0.0,0.0,0.0,9883648,0,6,4,1,0,sleeping,129,56,20480,45056,19363,11201
2025-05-20 04:32:36,22476,2043535360,30752768,0.0,0.09215145290119359,0,11,0.01,0.02,0.0,0.0,0.0,9883648,0,6,4,1,0,sleeping,129,56,20480,45056,19363,11201
2025-05-20 04:32:37,22476,2043535360,30752768,0.0,0.09215145290119359,0,11,0.01,0.02,0.0,0.0,0.0,9883648,0,6,4,1,0,sleeping,129,56,20480,45056,19363,11201
2025-05-20 04:32:38,22476,2043535360,30752768,0.0,0.09215145290119359,0,11,0.01,0.02,0.0,0.0,0.0,9883648,0,6,4,1,0,sleeping,129,56,20480,45056,19363,11201
2025-05-20 04:32:39,22476,2043535360,30752768,0.0,0.09215145290119359,0,11,0.01,0.02,0.0,0.0,0.0,9883648,0,6,4,1,0,sleeping,129,56,20480,45056,19363,11201
2025-05-20 04:32:40,22476,2043535360,30752768,0.0,0.09215145290119359,0,11,0.01,0.02,0.0,0.0,0.0,9883648,0,6,4,1,0,sleeping,129,56,20480,45056,19363,11201
2025-05-20 04:32:41,22476,2043535360,30752768,0.0,0.09215145290119359,0,11,0.01,0.02,0.0,0.0,0.0,9883648,0,6,4,1,0,sleeping,129,56,20480,45056,19363,11201
2025-05-20 04:32:43,22476,2043535360,30752768,0.0,0.09215145290119359,0,11,0.01,0.02,0.0,0.0,0.0,9883648,0,6,4,1,0,sleeping,129,56,20480,45056,19363,11201
2025-05-20 04:32:44,22476,2043535360,30752768,0.0,0.09215145290119359,0,11,0.01,0.02,0.0,0.0,0.0,9883648,0,6,4,1,0,sleeping,129,56,20480,45056,19363,11201
2025-05-20 04:32:45,22476,2043535360,30752768,0.0,0.09215145290119359,0,11,0.01,0.02,0.0,0.0,0.0,9883648,0,6,4,1,0,sleeping,129,56,20480,45056,19363,11201
2025-05-20 04:32:46,22476,2043535360,30752768,0.0,0.09215145290119359,0,11,0.01,0.02,0.0,0.0,0.0,9883648,0,6,4,1,0,sleeping,129,56,20480,45056,19363,11201
2025-05-20 04:32:48,22476,2043535360,30752768,0.0,0.09215145290119359,0,11,0.01,0.02,0.0,0.0,0.0,9883648,0,6,4,1,0,sleeping,129,56,20480,45056,19363,11201
2025-05-20 04:32:49,22476,2043535360,30752768,0.0,0.09215145290119359,0,11,0.01,0.02,0.0,0.0,0.0,9883648,0,6,4,1,0,sleeping,129,56,20480,45056,19363,11201
2025-05-20 04:32:50,22476,2043535360,30752768,0.0,0.09215145290119359,0,11,0.01,0.02,0.0,0.0,0.0,9883648,0,6,4,1,0,sleeping,129,56,20480,45056,19363,11201
2025-05-20 04:32:51,22476,2043535360,30752768,0.0,0.09215145290119359,0,11,0.01,0.02,0.0,0.0,0.0,9883648,0,6,4,1,0,sleeping,129,56,20480,45056,19363,11201
2025-05-20 04:32:52,22476,2043535360,30752768,0.0,0.09215145290119359,0,11,0.01,0.02,0.0,0.0,0.0,9883648,0,6,4,1,0,sleeping,129,56,20480,45056,19363,11201
2025-05-20 04:32:53,22476,2043535360,30752768,0.0,0.09215145290119359,0,11,0.01,0.02,0.0,0.0,0.0,9883648,0,6,4,1,0,sleeping,129,56,20480,45056,19363,11201
2025-05-20 04:32:54,22476,2043535360,30752768,0.0,0.09215145290119359,0,11,0.01,0.02,0.0,0.0,0.0,9883648,0,6,4,1,0,sleeping,129,56,20480,45056,19363,11201
2025-05-20 04:32:56,22476,2043535360,30752768,0.0,0.09215145290119359,0,11,0.01,0.02,0.0,0.0,0.0,9883648,0,6,4,1,0,sleeping,129,56,20480,45056,19363,11201
2025-05-20 04:32:57,22476,2043535360,30752768,0.0,0.09215145290119359,0,11,0.01,0.02,0.0,0.0,0.0,9883648,0,6,4,1,0,sleeping,129,56,20480,45056,19363,11201
2025-05-20 04:32:58,22476,2043535360,30752768,0.0,0.09215145290119359,0,11,0.01,0.02,0.0,0.0,0.0,9883648,0,6,4,1,0,sleeping,129,56,20480,45056,19363,11201
2025-05-20 04:32:59,22476,2043535360,30752768,0.0,0.09215145290119359,0,11,0.01,0.02,0.0,0.0,0.0,9883648,0,6,4,1,0,sleeping,129,56,20480,45056,19363,11201
2025-05-20 04:33:00,22476,2043535360,30752768,0.0,0.09215145290119359,0,11,0.01,0.02,0.0,0.0,0.0,9883648,0,6,4,1,0,sleeping,129,56,20480,45056,19363,11201
2025-05-20 04:33:01,22476,2043535360,30752768,0.0,0.09215145290119359,0,11,0.01,0.02,0.0,0.0,0.0,9883648,0,6,4,1,0,sleeping,129,56,20480,45056,19363,11201
2025-05-20 04:33:02,22476,2043535360,30752768,0.0,0.09215145290119359,0,11,0.01,0.02,0.0,0.0,0.0,9883648,0,6,4,1,0,sleeping,131,57,20480,49152,19491,11321
2025-05-20 04:33:04,22476,2043535360,30752768,0.0,0.09215145290119359,0,11,0.01,0.02,0.0,0.0,0.0,9883648,0,6,4,1,0,sleeping,131,57,20480,49152,19491,11321
2025-05-20 04:33:05,22476,2043535360,30752768,0.0,0.09215145290119359,0,11,0.01,0.02,0.0,0.0,0.0,9883648,0,6,4,1,0,sleeping,131,57,20480,49152,19491,11321
2025-05-20 04:33:06,22476,2043535360,30752768,0.0,0.09215145290119359,0,11,0.01,0.02,0.0,0.0,0.0,9883648,0,6,4,1,0,sleeping,131,57,20480,49152,19491,11321
2025-05-20 04:33:07,22476,2043535360,30752768,0.0,0.09215145290119359,0,11,0.01,0.02,0.0,0.0,0.0,9883648,0,6,4,1,0,sleeping,131,57,20480,49152,19491,11321
2025-05-20 04:33:08,22476,2043535360,30752768,0.0,0.09215145290119359,0,11,0.01,0.02,0.0,0.0,0.0,9883648,0,6,4,1,0,sleeping,131,57,20480,49152,19491,11321
2025-05-20 04:33:09,22476,2043535360,30752768,0.0,0.09215145290119359,0,11,0.01,0.02,0.0,0.0,0.0,9883648,0,6,4,1,0,sleeping,131,57,20480,49152,19491,11321
2025-05-20 04:33:10,22476,2043535360,30752768,0.0,0.09215145290119359,0,11,0.01,0.02,0.0,0.0,0.0,9883648,0,6,4,1,0,sleeping,131,57,20480,49152,19491,11321
2025-05-20 04:33:11,22476,2043535360,30752768,0.0,0.09215145290119359,0,11,0.01,0.02,0.0,0.0,0.0,9883648,0,6,4,1,0,sleeping,131,57,20480,49152,19491,11321
2025-05-20 04:33:13,22476,2043535360,30752768,0.0,0.09215145290119359,0,11,0.01,0.02,0.0,0.0,0.0,9883648,0,6,4,1,0,sleeping,131,57,20480,49152,19491,11321
2025-05-20 04:33:14,22476,2043535360,30752768,0.0,0.09215145290119359,0,11,0.01,0.02,0.0,0.0,0.0,9883648,0,6,4,1,0,sleeping,131,57,20480,49152,19491,11321
2025-05-20 04:33:15,22476,2043535360,30752768,0.0,0.09215145290119359,0,11,0.01,0.02,0.0,0.0,0.0,9883648,0,6,4,1,0,sleeping,131,57,20480,49152,19491,11321
2025-05-20 04:33:16,22476,2043535360,30752768,0.0,0.09215145290119359,0,11,0.01,0.02,0.0,0.0,0.0,9883648,0,6,4,1,0,sleeping,131,57,20480,49152,19491,11321
2025-05-20 04:33:17,22476,2043535360,30752768,0.0,0.09215145290119359,0,11,0.01,0.02,0.0,0.0,0.0,9883648,0,6,4,1,0,sleeping,131,57,20480,49152,19491,11321
2025-05-20 04:33:18,22476,2043535360,30752768,0.0,0.09215145290119359,0,11,0.01,0.02,0.0,0.0,0.0,9883648,0,6,4,1,0,sleeping,131,57,20480,49152,19491,11321
2025-05-20 04:33:19,22476,2043535360,30752768,0.0,0.09215145290119359,0,11,0.01,0.02,0.0,0.0,0.0,9883648,0,6,4,1,0,sleeping,131,57,20480,49152,19491,11321
2025-05-20 04:33:20,22476,2043535360,30752768,0.0,0.09215145290119359,0,11,0.01,0.02,0.0,0.0,0.0,9883648,0,6,4,1,0,sleeping,131,57,20480,49152,19491,11321
2025-05-20 04:33:21,22476,2043535360,30752768,0.0,0.09215145290119359,0,11,0.01,0.02,0.0,0.0,0.0,9883648,0,6,4,1,0,sleeping,131,57,20480,49152,19491,11321
2025-05-20 04:33:23,22476,2043535360,30752768,0.0,0.09215145290119359,0,11,0.01,0.02,0.0,0.0,0.0,9883648,0,6,4,1,0,sleeping,131,57,20480,49152,19491,11321
2025-05-20 04:33:24,22476,2043535360,30752768,0.0,0.09215145290119359,0,11,0.01,0.02,0.0,0.0,0.0,9883648,0,6,4,1,0,sleeping,131,57,20480,49152,19491,11321
2025-05-20 04:33:25,22476,2043535360,30752768,0.0,0.09215145290119359,0,11,0.01,0.02,0.0,0.0,0.0,9883648,0,6,4,1,0,sleeping,131,57,20480,49152,19491,11321
2025-05-20 04:33:26,22476,2043535360,30752768,0.0,0.09215145290119359,0,11,0.01,0.02,0.0,0.0,0.0,9883648,0,6,4,1,0,sleeping,131,57,20480,49152,19491,11321
2025-05-20 04:33:27,22476,2043535360,30752768,0.0,0.09215145290119359,0,11,0.01,0.02,0.0,0.0,0.0,9883648,0,6,4,1,0,sleeping,131,57,20480,49152,19491,11321
2025-05-20 04:33:28,22476,2043535360,30752768,0.0,0.09215145290119359,0,11,0.01,0.02,0.0,0.0,0.0,9883648,0,6,4,1,0,sleeping,131,57,20480,49152,19491,11321
2025-05-20 04:33:29,22476,2043535360,30752768,0.0,0.09215145290119359,0,11,0.01,0.02,0.0,0.0,0.0,9883648,0,6,4,1,0,sleeping,131,57,20480,49152,19491,11321
2025-05-20 04:33:31,22476,2043535360,30752768,0.0,0.09215145290119359,0,11,0.01,0.02,0.0,0.0,0.0,9883648,0,6,4,1,0,sleeping,131,57,20480,49152,19491,11321
2025-05-20 04:33:32,22476,2043535360,30752768,0.0,0.09215145290119359,0,11,0.01,0.02,0.0,0.0,0.0,9883648,0,6,4,1,0,sleeping,131,57,20480,49152,19491,11321
2025-05-20 04:33:33,22476,2043535360,30752768,0.0,0.09215145290119359,0,11,0.01,0.02,0.0,0.0,0.0,9883648,0,6,4,1,0,sleeping,133,58,20480,49152,19619,11441
2025-05-20 04:33:35,22476,2043535360,30752768,0.0,0.09215145290119359,0,11,0.01,0.02,0.0,0.0,0.0,9883648,0,6,4,1,0,sleeping,133,58,20480,49152,19619,11441
2025-05-20 04:33:36,22476,2043535360,30752768,0.0,0.09215145290119359,0,11,0.01,0.02,0.0,0.0,0.0,9883648,0,6,4,1,0,sleeping,133,58,20480,49152,19619,11441
2025-05-20 04:33:38,22476,2043535360,30752768,0.0,0.09215145290119359,0,11,0.01,0.02,0.0,0.0,0.0,9883648,0,6,4,1,0,sleeping,133,58,20480,49152,19619,11441
2025-05-20 04:33:39,22476,2043535360,30752768,0.0,0.09215145290119359,0,11,0.01,0.02,0.0,0.0,0.0,9883648,0,6,4,1,0,sleeping,133,58,20480,49152,19619,11441
2025-05-20 04:33:40,22476,2043535360,30752768,0.0,0.09215145290119359,0,11,0.01,0.02,0.0,0.0,0.0,9883648,0,6,4,1,0,sleeping,133,58,20480,49152,19619,11441
2025-05-20 04:33:41,22476,2043535360,30752768,0.0,0.09215145290119359,0,11,0.01,0.02,0.0,0.0,0.0,9883648,0,6,4,1,0,sleeping,133,58,20480,49152,19619,11441
2025-05-20 04:33:42,22476,2043535360,30752768,0.0,0.09215145290119359,0,11,0.01,0.02,0.0,0.0,0.0,9883648,0,6,4,1,0,sleeping,133,58,20480,49152,19619,11441
2025-05-20 04:33:43,22476,2043535360,30752768,0.0,0.09215145290119359,0,11,0.01,0.02,0.0,0.0,0.0,9883648,0,6,4,1,0,sleeping,133,58,20480,49152,19619,11441
2025-05-20 04:33:44,22476,2043535360,30752768,0.0,0.09215145290119359,0,11,0.01,0.02,0.0,0.0,0.0,9883648,0,6,4,1,0,sleeping,133,58,20480,49152,19619,11441
2025-05-20 04:33:45,22476,2043535360,30752768,0.0,0.09215145290119359,0,11,0.01,0.02,0.0,0.0,0.0,9883648,0,6,4,1,0,sleeping,133,58,20480,49152,19619,11441
2025-05-20 04:33:46,22476,2043535360,30752768,0.0,0.09215145290119359,0,11,0.01,0.02,0.0,0.0,0.0,9883648,0,6,4,1,0,sleeping,133,58,20480,49152,19619,11441
2025-05-20 04:33:47,22476,2043535360,30752768,0.0,0.09215145290119359,0,11,0.01,0.02,0.0,0.0,0.0,9883648,0,6,4,1,0,sleeping,133,58,20480,49152,19619,11441
2025-05-20 04:33:49,22476,2043535360,30752768,0.0,0.09215145290119359,0,11,0.01,0.02,0.0,0.0,0.0,9883648,0,6,4,1,0,sleeping,133,58,20480,49152,19619,11441
2025-05-20 04:33:50,22476,2043535360,30752768,0.0,0.09215145290119359,0,11,0.01,0.02,0.0,0.0,0.0,9883648,0,6,4,1,0,sleeping,133,58,20480,49152,19619,11441
2025-05-20 04:33:51,22476,2043535360,30752768,0.0,0.09215145290119359,0,11,0.01,0.02,0.0,0.0,0.0,9883648,0,6,4,1,0,sleeping,133,58,20480,49152,19619,11441
2025-05-20 04:33:52,22476,2043535360,30752768,0.0,0.09215145290119359,0,11,0.01,0.02,0.0,0.0,0.0,9883648,0,6,4,1,0,sleeping,133,58,20480,49152,19619,11441
2025-05-20 04:33:53,22476,2043535360,30752768,0.0,0.09215145290119359,0,11,0.01,0.02,0.0,0.0,0.0,9883648,0,6,4,1,0,sleeping,133,58,20480,49152,19619,11441
2025-05-20 04:33:54,22476,2043535360,30752768,0.0,0.09215145290119359,0,11,0.01,0.02,0.0,0.0,0.0,9883648,0,6,4,1,0,sleeping,133,58,20480,49152,19619,11441
2025-05-20 04:33:55,22476,2043535360,30752768,0.0,0.09215145290119359,0,11,0.01,0.02,0.0,0.0,0.0,9883648,0,6,4,1,0,sleeping,133,58,20480,49152,19619,11441
2025-05-20 04:33:57,22476,2043535360,30752768,0.0,0.09215145290119359,0,11,0.01,0.02,0.0,0.0,0.0,9883648,0,6,4,1,0,sleeping,133,58,20480,49152,19619,11441
2025-05-20 04:33:59,22476,2043535360,30752768,0.0,0.09215145290119359,0,11,0.01,0.02,0.0,0.0,0.0,9883648,0,6,4,1,0,sleeping,133,58,20480,49152,19619,11441
2025-05-20 04:34:00,22476,2043535360,30752768,0.0,0.09215145290119359,0,11,0.01,0.02,0.0,0.0,0.0,9883648,0,6,4,1,0,sleeping,133,58,20480,49152,19619,11441
2025-05-20 04:34:01,22476,2043535360,30752768,0.0,0.09215145290119359,0,11,0.01,0.02,0.0,0.0,0.0,9883648,0,6,4,1,0,sleeping,133,58,20480,49152,19619,11441
2025-05-20 04:34:02,22476,2043535360,30752768,0.0,0.09215145290119359,0,11,0.01,0.02,0.0,0.0,0.0,9883648,0,6,4,1,0,sleeping,133,58,20480,49152,19619,11441
2025-05-20 04:34:03,22476,2043535360,30752768,0.0,0.09215145290119359,0,11,0.01,0.02,0.0,0.0,0.0,9883648,0,6,4,1,0,sleeping,135,59,20480,53248,19747,11561
2025-05-20 04:34:04,22476,2043535360,30752768,0.0,0.09215145290119359,0,11,0.01,0.02,0.0,0.0,0.0,9883648,0,6,4,1,0,sleeping,135,59,20480,53248,19747,11561
2025-05-20 04:34:06,22476,2043535360,30752768,0.0,0.09215145290119359,0,11,0.01,0.02,0.0,0.0,0.0,9883648,0,6,4,1,0,sleeping,135,59,20480,53248,19747,11561
2025-05-20 04:34:07,22476,2043535360,30752768,0.0,0.09215145290119359,0,11,0.01,0.02,0.0,0.0,0.0,9883648,0,6,4,1,0,sleeping,135,59,20480,53248,19747,11561
2025-05-20 04:34:08,22476,2043535360,30752768,0.0,0.09215145290119359,0,11,0.01,0.02,0.0,0.0,0.0,9883648,0,6,4,1,0,sleeping,135,59,20480,53248,19747,11561
2025-05-20 04:34:09,22476,2043535360,30752768,0.0,0.09215145290119359,0,11,0.01,0.02,0.0,0.0,0.0,9883648,0,6,4,1,0,sleeping,135,59,20480,53248,19747,11561
2025-05-20 04:34:10,22476,2043535360,30752768,0.0,0.09215145290119359,0,11,0.01,0.02,0.0,0.0,0.0,9883648,0,6,4,1,0,sleeping,135,59,20480,53248,19747,11561
2025-05-20 04:34:11,22476,2043535360,30752768,0.0,0.09215145290119359,0,11,0.01,0.02,0.0,0.0,0.0,9883648,0,6,4,1,0,sleeping,135,59,20480,53248,19747,11561
2025-05-20 04:34:12,22476,2043535360,30752768,0.0,0.09215145290119359,0,11,0.01,0.02,0.0,0.0,0.0,9883648,0,6,4,1,0,sleeping,135,59,20480,53248,19747,11561
2025-05-20 04:34:13,22476,2043535360,30752768,0.0,0.09215145290119359,0,11,0.01,0.02,0.0,0.0,0.0,9883648,0,6,4,1,0,sleeping,135,59,20480,53248,19747,11561
2025-05-20 04:34:14,22476,2043535360,30752768,0.0,0.09215145290119359,0,11,0.01,0.02,0.0,0.0,0.0,9883648,0,6,4,1,0,sleeping,135,59,20480,53248,19747,11561
2025-05-20 04:34:16,22476,2043535360,30752768,0.0,0.09215145290119359,0,11,0.01,0.02,0.0,0.0,0.0,9883648,0,6,4,1,0,sleeping,135,59,20480,53248,19747,11561
2025-05-20 04:34:17,22476,2043535360,30752768,0.0,0.09215145290119359,0,11,0.01,0.02,0.0,0.0,0.0,9883648,0,6,4,1,0,sleeping,135,59,20480,53248,19747,11561
2025-05-20 04:34:18,22476,2043535360,30752768,0.0,0.09215145290119359,0,11,0.01,0.02,0.0,0.0,0.0,9883648,0,6,4,1,0,sleeping,135,59,20480,53248,19747,11561
2025-05-20 04:34:19,22476,2043535360,30752768,0.0,0.09215145290119359,0,11,0.01,0.02,0.0,0.0,0.0,9883648,0,6,4,1,0,sleeping,135,59,20480,53248,19747,11561
2025-05-20 04:34:20,22476,2043535360,30752768,0.0,0.09215145290119359,0,11,0.01,0.02,0.0,0.0,0.0,9883648,0,6,4,1,0,sleeping,135,59,20480,53248,19747,11561
2025-05-20 04:34:21,22476,2043535360,30752768,0.0,0.09215145290119359,0,11,0.01,0.02,0.0,0.0,0.0,9883648,0,6,4,1,0,sleeping,135,59,20480,53248,19747,11561
2025-05-20 04:34:23,22476,2043535360,30752768,0.0,0.09215145290119359,0,11,0.01,0.02,0.0,0.0,0.0,9883648,0,6,4,1,0,sleeping,135,59,20480,53248,19747,11561
2025-05-20 04:34:25,22476,2043535360,30752768,0.0,0.09215145290119359,0,11,0.01,0.02,0.0,0.0,0.0,9883648,0,6,4,1,0,sleeping,135,59,20480,53248,19747,11561
2025-05-20 04:34:26,22476,2043535360,30752768,0.0,0.09215145290119359,0,11,0.01,0.02,0.0,0.0,0.0,9883648,0,6,4,1,0,sleeping,135,59,20480,53248,19747,11561
2025-05-20 04:34:27,22476,2043535360,30752768,0.0,0.09215145290119359,0,11,0.01,0.02,0.0,0.0,0.0,9883648,0,6,4,1,0,sleeping,135,59,20480,53248,19747,11561
2025-05-20 04:34:28,22476,2043535360,30752768,0.0,0.09215145290119359,0,11,0.01,0.02,0.0,0.0,0.0,9883648,0,6,4,1,0,sleeping,135,59,20480,53248,19747,11561
2025-05-20 04:34:29,22476,2043535360,30752768,0.0,0.09215145290119359,0,11,0.01,0.02,0.0,0.0,0.0,9883648,0,6,4,1,0,sleeping,135,59,20480,53248,19747,11561
2025-05-20 04:34:30,22476,2043535360,30752768,0.0,0.09215145290119359,0,11,0.01,0.02,0.0,0.0,0.0,9883648,0,6,4,1,0,sleeping,135,59,20480,53248,19747,11561
2025-05-20 04:34:31,22476,2043535360,30752768,0.0,0.09215145290119359,0,11,0.01,0.02,0.0,0.0,0.0,9883648,0,6,4,1,0,sleeping,135,59,20480,53248,19747,11561
2025-05-20 04:34:32,22476,2043535360,30752768,0.0,0.09215145290119359,0,11,0.01,0.02,0.0,0.0,0.0,9916416,0,8,4,1,0,sleeping,137,60,20480,53248,19875,11681
2025-05-20 04:34:34,22476,2043535360,30752768,0.0,0.09215145290119359,0,11,0.01,0.02,0.0,0.0,0.0,9916416,0,8,4,1,0,sleeping,137,60,20480,53248,19875,11681
2025-05-20 04:34:35,22476,2043535360,30752768,0.0,0.09215145290119359,0,11,0.01,0.02,0.0,0.0,0.0,9916416,0,8,4,1,0,sleeping,137,60,20480,53248,19875,11681
2025-05-20 04:34:36,22476,2043535360,30752768,0.0,0.09215145290119359,0,11,0.01,0.02,0.0,0.0,0.0,9916416,0,8,4,1,0,sleeping,137,60,20480,53248,19875,11681
2025-05-20 04:34:37,22476,2043535360,30752768,0.0,0.09215145290119359,0,11,0.01,0.02,0.0,0.0,0.0,9916416,0,8,4,1,0,sleeping,137,60,20480,53248,19875,11681
2025-05-20 04:34:38,22476,2043535360,30752768,0.0,0.09215145290119359,0,11,0.01,0.02,0.0,0.0,0.0,9916416,0,8,4,1,0,sleeping,137,60,20480,53248,19875,11681
2025-05-20 04:34:39,22476,2043535360,30752768,0.0,0.09215145290119359,0,11,0.01,0.02,0.0,0.0,0.0,9916416,0,8,4,1,0,sleeping,137,60,20480,53248,19875,11681
2025-05-20 04:34:40,22476,2043535360,30752768,0.0,0.09215145290119359,0,11,0.01,0.02,0.0,0.0,0.0,9916416,0,8,4,1,0,sleeping,137,60,20480,53248,19875,11681
2025-05-20 04:34:41,22476,2043535360,30752768,0.0,0.09215145290119359,0,11,0.01,0.02,0.0,0.0,0.0,9916416,0,8,4,1,0,sleeping,137,60,20480,53248,19875,11681
2025-05-20 04:34:43,22476,2043535360,30752768,0.0,0.09215145290119359,0,11,0.01,0.02,0.0,0.0,0.0,9916416,0,8,4,1,0,sleeping,137,60,20480,53248,19875,11681
2025-05-20 04:34:44,22476,2043535360,30752768,0.0,0.09215145290119359,0,11,0.01,0.02,0.0,0.0,0.0,9916416,0,8,4,1,0,sleeping,137,60,20480,53248,19875,11681
2025-05-20 04:34:46,22476,2043535360,30752768,0.0,0.09215145290119359,0,11,0.01,0.02,0.0,0.0,0.0,9916416,0,8,4,1,0,sleeping,137,60,20480,53248,19875,11681
2025-05-20 04:34:47,22476,2043535360,30752768,0.0,0.09215145290119359,0,11,0.01,0.02,0.0,0.0,0.0,9916416,0,8,4,1,0,sleeping,137,60,20480,53248,19875,11681
2025-05-20 04:34:48,22476,2043535360,30752768,0.0,0.09215145290119359,0,11,0.01,0.02,0.0,0.0,0.0,9916416,0,8,4,1,0,sleeping,137,60,20480,53248,19875,11681
2025-05-20 04:34:49,22476,2043535360,30752768,0.0,0.09215145290119359,0,11,0.01,0.02,0.0,0.0,0.0,9916416,0,8,4,1,0,sleeping,137,60,20480,53248,19875,11681
2025-05-20 04:34:50,22476,2043535360,30752768,0.0,0.09215145290119359,0,11,0.01,0.02,0.0,0.0,0.0,9916416,0,8,4,1,0,sleeping,137,60,20480,53248,19875,11681
2025-05-20 04:34:51,22476,2043535360,30752768,0.0,0.09215145290119359,0,11,0.01,0.02,0.0,0.0,0.0,9916416,0,8,4,1,0,sleeping,137,60,20480,53248,19875,11681
2025-05-20 04:34:52,22476,2043535360,30752768,0.0,0.09215145290119359,0,11,0.01,0.02,0.0,0.0,0.0,9916416,0,8,4,1,0,sleeping,137,60,20480,53248,19875,11681
2025-05-20 04:34:53,22476,2043535360,30752768,0.0,0.09215145290119359,0,11,0.01,0.02,0.0,0.0,0.0,9916416,0,8,4,1,0,sleeping,137,60,20480,53248,19875,11681
2025-05-20 04:34:55,22476,2043535360,30752768,0.0,0.09215145290119359,0,11,0.01,0.02,0.0,0.0,0.0,9916416,0,8,4,1,0,sleeping,137,60,20480,53248,19875,11681
2025-05-20 04:34:56,22476,2043535360,30752768,0.0,0.09215145290119359,0,11,0.01,0.02,0.0,0.0,0.0,9916416,0,8,4,1,0,sleeping,137,60,20480,53248,19875,11681
2025-05-20 04:34:57,22476,2043535360,30752768,0.0,0.09215145290119359,0,11,0.01,0.02,0.0,0.0,0.0,9916416,0,8,4,1,0,sleeping,137,60,20480,53248,19875,11681
2025-05-20 04:34:58,22476,2043535360,30752768,0.0,0.09215145290119359,0,11,0.01,0.02,0.0,0.0,0.0,9916416,0,8,4,1,0,sleeping,137,60,20480,53248,19875,11681
2025-05-20 04:34:59,22476,2043535360,30752768,0.0,0.09215145290119359,0,11,0.01,0.02,0.0,0.0,0.0,9916416,0,8,4,1,0,sleeping,137,60,20480,53248,19875,11681
2025-05-20 04:35:00,22476,2043535360,30752768,0.0,0.09215145290119359,0,11,0.01,0.02,0.0,0.0,0.0,9916416,0,8,4,1,0,sleeping,137,60,20480,53248,19875,11681
2025-05-20 04:35:01,22476,2043535360,30752768,0.0,0.09215145290119359,0,11,0.01,0.02,0.0,0.0,0.0,9916416,0,8,4,1,0,sleeping,137,60,20480,53248,19875,11681
2025-05-20 04:35:02,22476,2043535360,30752768,0.0,0.09215145290119359,0,11,0.01,0.02,0.0,0.0,0.0,9916416,0,8,4,1,0,sleeping,139,61,20480,57344,20003,11801
2025-05-20 04:35:04,22476,2043535360,30752768,0.0,0.09215145290119359,0,11,0.01,0.02,0.0,0.0,0.0,9916416,0,8,4,1,0,sleeping,139,61,20480,57344,20003,11801
2025-05-20 04:35:05,22476,2043535360,30752768,0.0,0.09215145290119359,0,11,0.01,0.02,0.0,0.0,0.0,9916416,0,8,4,1,0,sleeping,139,61,20480,57344,20003,11801
2025-05-20 04:35:06,22476,2043535360,30752768,0.0,0.09215145290119359,0,11,0.01,0.02,0.0,0.0,0.0,9916416,0,8,4,1,0,sleeping,139,61,20480,57344,20003,11801
2025-05-20 04:35:08,22476,2043535360,30752768,0.0,0.09215145290119359,0,11,0.01,0.02,0.0,0.0,0.0,9916416,0,8,4,1,0,sleeping,139,61,20480,57344,20003,11801
2025-05-20 04:35:10,22476,2043535360,30752768,0.0,0.09215145290119359,0,11,0.01,0.02,0.0,0.0,0.0,9916416,0,8,4,1,0,sleeping,139,61,20480,57344,20003,11801
2025-05-20 04:35:11,22476,2043535360,30752768,0.0,0.09215145290119359,0,11,0.01,0.02,0.0,0.0,0.0,9916416,0,8,4,1,0,sleeping,139,61,20480,57344,20003,11801
2025-05-20 04:35:12,22476,2043535360,30752768,0.0,0.09215145290119359,0,11,0.01,0.02,0.0,0.0,0.0,9916416,0,8,4,1,0,sleeping,139,61,20480,57344,20003,11801
2025-05-20 04:35:13,22476,2043535360,30752768,0.0,0.09215145290119359,0,11,0.01,0.02,0.0,0.0,0.0,9916416,0,8,4,1,0,sleeping,139,61,20480,57344,20003,11801
2025-05-20 04:35:14,22476,2043535360,30752768,0.0,0.09215145290119359,0,11,0.01,0.02,0.0,0.0,0.0,9916416,0,8,4,1,0,sleeping,139,61,20480,57344,20003,11801
2025-05-20 04:35:15,22476,2043535360,30752768,0.0,0.09215145290119359,0,11,0.01,0.02,0.0,0.0,0.0,9916416,0,8,4,1,0,sleeping,139,61,20480,57344,20003,11801
2025-05-20 04:35:16,22476,2043535360,30752768,0.0,0.09215145290119359,0,11,0.01,0.02,0.0,0.0,0.0,9916416,0,8,4,1,0,sleeping,139,61,20480,57344,20003,11801
2025-05-20 04:35:17,22476,2043535360,30752768,0.0,0.09215145290119359,0,11,0.01,0.02,0.0,0.0,0.0,9916416,0,8,4,1,0,sleeping,139,61,20480,57344,20003,11801
2025-05-20 04:35:19,22476,2043535360,30752768,0.0,0.09215145290119359,0,11,0.01,0.02,0.0,0.0,0.0,9916416,0,8,4,1,0,sleeping,139,61,20480,57344,20003,11801
2025-05-20 04:35:20,22476,2043535360,30752768,0.0,0.09215145290119359,0,11,0.01,0.02,0.0,0.0,0.0,9916416,0,8,4,1,0,sleeping,139,61,20480,57344,20003,11801
2025-05-20 04:35:21,22476,2043535360,30752768,0.0,0.09215145290119359,0,11,0.01,0.02,0.0,0.0,0.0,9916416,0,8,4,1,0,sleeping,139,61,20480,57344,20003,11801
2025-05-20 04:35:22,22476,2043535360,30752768,0.0,0.09215145290119359,0,11,0.01,0.02,0.0,0.0,0.0,9916416,0,8,4,1,0,sleeping,139,61,20480,57344,20003,11801
2025-05-20 04:35:23,22476,2043535360,30752768,0.0,0.09215145290119359,0,11,0.01,0.02,0.0,0.0,0.0,9916416,0,8,4,1,0,sleeping,139,61,20480,57344,20003,11801
2025-05-20 04:35:24,22476,2043535360,30752768,0.0,0.09215145290119359,0,11,0.01,0.02,0.0,0.0,0.0,9916416,0,8,4,1,0,sleeping,139,61,20480,57344,20003,11801
2025-05-20 04:35:26,22476,2043535360,30752768,0.0,0.09215145290119359,0,11,0.01,0.02,0.0,0.0,0.0,9916416,0,8,4,1,0,sleeping,139,61,20480,57344,20003,11801
2025-05-20 04:35:27,22476,2043535360,30752768,0.0,0.09215145290119359,0,11,0.01,0.02,0.0,0.0,0.0,9916416,0,8,4,1,0,sleeping,139,61,20480,57344,20003,11801
2025-05-20 04:35:28,22476,2043535360,30752768,0.0,0.09215145290119359,0,11,0.01,0.02,0.0,0.0,0.0,9916416,0,8,4,1,0,sleeping,139,61,20480,57344,20003,11801
2025-05-20 04:35:30,22476,2043535360,30752768,0.0,0.09215145290119359,0,11,0.01,0.02,0.0,0.0,0.0,9916416,0,8,4,1,0,sleeping,139,61,20480,57344,20003,11801
2025-05-20 04:35:31,22476,2043535360,30752768,0.0,0.09215145290119359,0,11,0.01,0.02,0.0,0.0,0.0,9916416,0,8,4,1,0,sleeping,139,61,20480,57344,20003,11801
2025-05-20 04:35:32,22476,2043535360,30752768,0.0,0.09215145290119359,0,11,0.01,0.02,0.0,0.0,0.0,9916416,0,8,4,1,0,sleeping,139,61,20480,57344,20003,11801
2025-05-20 04:35:33,22476,2043535360,30752768,0.0,0.09215145290119359,0,11,0.01,0.02,0.0,0.0,0.0,9916416,0,8,4,1,0,sleeping,141,62,20480,57344,20131,11921
2025-05-20 04:35:34,22476,2043535360,30752768,0.0,0.09215145290119359,0,11,0.01,0.02,0.0,0.0,0.0,9916416,0,8,4,1,0,sleeping,141,62,20480,57344,20131,11921
2025-05-20 04:35:35,22476,2043535360,30752768,0.0,0.09215145290119359,0,11,0.01,0.02,0.0,0.0,0.0,9916416,0,8,4,1,0,sleeping,141,62,20480,57344,20131,11921
2025-05-20 04:35:36,22476,2043535360,30752768,0.0,0.09215145290119359,0,11,0.01,0.02,0.0,0.0,0.0,9916416,0,8,4,1,0,sleeping,141,62,20480,57344,20131,11921
2025-05-20 04:35:37,22476,2043535360,30752768,0.0,0.09215145290119359,0,11,0.01,0.02,0.0,0.0,0.0,9916416,0,8,4,1,0,sleeping,141,62,20480,57344,20131,11921
2025-05-20 04:35:39,22476,2043535360,30752768,0.0,0.09215145290119359,0,11,0.01,0.02,0.0,0.0,0.0,9916416,0,8,4,1,0,sleeping,141,62,20480,57344,20131,11921
2025-05-20 04:35:40,22476,2043535360,30752768,0.0,0.09215145290119359,0,11,0.01,0.02,0.0,0.0,0.0,9916416,0,8,4,1,0,sleeping,141,62,20480,57344,20131,11921
2025-05-20 04:35:41,22476,2043535360,30752768,0.0,0.09215145290119359,0,11,0.01,0.02,0.0,0.0,0.0,9916416,0,8,4,1,0,sleeping,141,62,20480,57344,20131,11921
2025-05-20 04:35:42,22476,2043535360,30752768,0.0,0.09215145290119359,0,11,0.01,0.02,0.0,0.0,0.0,9916416,0,8,4,1,0,sleeping,141,62,20480,57344,20131,11921
2025-05-20 04:35:43,22476,2043535360,30752768,0.0,0.09215145290119359,0,11,0.01,0.02,0.0,0.0,0.0,9916416,0,8,4,1,0,sleeping,141,62,20480,57344,20131,11921
2025-05-20 04:35:44,22476,2043535360,30752768,0.0,0.09215145290119359,0,11,0.01,0.02,0.0,0.0,0.0,9916416,0,8,4,1,0,sleeping,141,62,20480,57344,20131,11921
2025-05-20 04:35:45,22476,2043535360,30752768,0.0,0.09215145290119359,0,11,0.01,0.02,0.0,0.0,0.0,9916416,0,8,4,1,0,sleeping,141,62,20480,57344,20131,11921
2025-05-20 04:35:46,22476,2043535360,30752768,0.0,0.09215145290119359,0,11,0.01,0.02,0.0,0.0,0.0,9916416,0,8,4,1,0,sleeping,141,62,20480,57344,20131,11921
2025-05-20 04:35:48,22476,2043535360,30752768,0.0,0.09215145290119359,0,11,0.01,0.02,0.0,0.0,0.0,9916416,0,8,4,1,0,sleeping,141,62,20480,57344,20131,11921
2025-05-20 04:35:49,22476,2043535360,30752768,0.0,0.09215145290119359,0,11,0.01,0.02,0.0,0.0,0.0,9916416,0,8,4,1,0,sleeping,141,62,20480,57344,20131,11921
2025-05-20 04:35:51,22476,2043535360,30752768,0.0,0.09215145290119359,0,11,0.01,0.02,0.0,0.0,0.0,9916416,0,8,4,1,0,sleeping,141,62,20480,57344,20131,11921
2025-05-20 04:35:52,22476,2043535360,30752768,0.0,0.09215145290119359,0,11,0.01,0.02,0.0,0.0,0.0,9916416,0,8,4,1,0,sleeping,141,62,20480,57344,20131,11921
2025-05-20 04:35:53,22476,2043535360,30752768,0.0,0.09215145290119359,0,11,0.01,0.02,0.0,0.0,0.0,9916416,0,8,4,1,0,sleeping,141,62,20480,57344,20131,11921
2025-05-20 04:35:54,22476,2043535360,30752768,0.0,0.09215145290119359,0,11,0.01,0.02,0.0,0.0,0.0,9916416,0,8,4,1,0,sleeping,141,62,20480,57344,20131,11921
2025-05-20 04:35:55,22476,2043535360,30752768,0.0,0.09215145290119359,0,11,0.01,0.02,0.0,0.0,0.0,9916416,0,8,4,1,0,sleeping,141,62,20480,57344,20131,11921
2025-05-20 04:35:56,22476,2043535360,30752768,0.0,0.09215145290119359,0,11,0.01,0.02,0.0,0.0,0.0,9916416,0,8,4,1,0,sleeping,141,62,20480,57344,20131,11921
2025-05-20 04:35:58,22476,2043535360,30752768,0.0,0.09215145290119359,0,11,0.01,0.02,0.0,0.0,0.0,9916416,0,8,4,1,0,sleeping,141,62,20480,57344,20131,11921
2025-05-20 04:35:59,22476,2043535360,30752768,0.0,0.09215145290119359,0,11,0.01,0.02,0.0,0.0,0.0,9916416,0,8,4,1,0,sleeping,141,62,20480,57344,20131,11921
2025-05-20 04:36:00,22476,2043535360,30752768,0.0,0.09215145290119359,0,11,0.01,0.02,0.0,0.0,0.0,9916416,0,8,4,1,0,sleeping,141,62,20480,57344,20131,11921
2025-05-20 04:36:01,22476,2043535360,30752768,0.0,0.09215145290119359,0,11,0.01,0.02,0.0,0.0,0.0,9916416,0,8,4,1,0,sleeping,141,62,20480,57344,20131,11921
2025-05-20 04:36:02,22476,2043535360,30752768,0.0,0.09215145290119359,0,11,0.01,0.02,0.0,0.0,0.0,9916416,0,8,4,1,0,sleeping,141,62,20480,57344,20131,11921
2025-05-20 04:36:03,22476,2043535360,30752768,0.0,0.09215145290119359,0,11,0.01,0.02,0.0,0.0,0.0,9916416,0,7,4,1,0,sleeping,143,63,20480,61440,20259,12041
2025-05-20 04:36:05,22476,2043535360,30752768,0.0,0.09215145290119359,0,11,0.01,0.02,0.0,0.0,0.0,9916416,0,7,4,1,0,sleeping,143,63,20480,61440,20259,12041
2025-05-20 04:36:06,22476,2043535360,30752768,0.0,0.09215145290119359,0,11,0.01,0.02,0.0,0.0,0.0,9916416,0,7,4,1,0,sleeping,143,63,20480,61440,20259,12041
2025-05-20 04:36:07,22476,2043535360,30752768,0.0,0.09215145290119359,0,11,0.01,0.02,0.0,0.0,0.0,9916416,0,7,4,1,0,sleeping,143,63,20480,61440,20259,12041
2025-05-20 04:36:08,22476,2043535360,30752768,0.0,0.09215145290119359,0,11,0.01,0.02,0.0,0.0,0.0,9916416,0,7,4,1,0,sleeping,143,63,20480,61440,20259,12041
2025-05-20 04:36:09,22476,2043535360,30752768,0.0,0.09215145290119359,0,11,0.01,0.02,0.0,0.0,0.0,9916416,0,7,4,1,0,sleeping,143,63,20480,61440,20259,12041
2025-05-20 04:36:11,22476,2043535360,30752768,0.0,0.09215145290119359,0,11,0.01,0.02,0.0,0.0,0.0,9916416,0,7,4,1,0,sleeping,143,63,20480,61440,20259,12041
2025-05-20 04:36:12,22476,2043535360,30752768,0.0,0.09215145290119359,0,11,0.01,0.02,0.0,0.0,0.0,9916416,0,7,4,1,0,sleeping,143,63,20480,61440,20259,12041
2025-05-20 04:36:13,22476,2043535360,30752768,0.0,0.09215145290119359,0,11,0.01,0.02,0.0,0.0,0.0,9916416,0,7,4,1,0,sleeping,143,63,20480,61440,20259,12041
2025-05-20 04:36:14,22476,2043535360,30752768,0.0,0.09215145290119359,0,11,0.01,0.02,0.0,0.0,0.0,9916416,0,7,4,1,0,sleeping,143,63,20480,61440,20259,12041
2025-05-20 04:36:15,22476,2043535360,30752768,0.0,0.09215145290119359,0,11,0.01,0.02,0.0,0.0,0.0,9916416,0,7,4,1,0,sleeping,143,63,20480,61440,20259,12041
2025-05-20 04:36:16,22476,2043535360,30752768,0.0,0.09215145290119359,0,11,0.01,0.02,0.0,0.0,0.0,9916416,0,7,4,1,0,sleeping,143,63,20480,61440,20259,12041
2025-05-20 04:36:17,22476,2043535360,30752768,0.0,0.09215145290119359,0,11,0.01,0.02,0.0,0.0,0.0,9916416,0,7,4,1,0,sleeping,143,63,20480,61440,20259,12041
2025-05-20 04:36:18,22476,2043535360,30752768,0.0,0.09215145290119359,0,11,0.01,0.02,0.0,0.0,0.0,9916416,0,7,4,1,0,sleeping,143,63,20480,61440,20259,12041
2025-05-20 04:36:20,22476,2043535360,30752768,0.0,0.09215145290119359,0,11,0.01,0.02,0.0,0.0,0.0,9916416,0,7,4,1,0,sleeping,143,63,20480,61440,20259,12041
2025-05-20 04:36:21,22476,2043535360,30752768,0.0,0.09215145290119359,0,11,0.01,0.02,0.0,0.0,0.0,9916416,0,7,4,1,0,sleeping,143,63,20480,61440,20259,12041
2025-05-20 04:36:22,22476,2043535360,30752768,0.0,0.09215145290119359,0,11,0.01,0.02,0.0,0.0,0.0,9916416,0,7,4,1,0,sleeping,143,63,20480,61440,20259,12041
2025-05-20 04:36:23,22476,2043535360,30752768,0.0,0.09215145290119359,0,11,0.01,0.02,0.0,0.0,0.0,9916416,0,7,4,1,0,sleeping,143,63,20480,61440,20259,12041
2025-05-20 04:36:24,22476,2043535360,30752768,0.0,0.09215145290119359,0,11,0.01,0.02,0.0,0.0,0.0,9916416,0,7,4,1,0,sleeping,143,63,20480,61440,20259,12041
2025-05-20 04:36:26,22476,2043535360,30752768,0.0,0.09215145290119359,0,11,0.01,0.02,0.0,0.0,0.0,9916416,0,7,4,1,0,sleeping,143,63,20480,61440,20259,12041
2025-05-20 04:36:28,22476,2043535360,30752768,0.0,0.09215145290119359,0,11,0.01,0.02,0.0,0.0,0.0,9916416,0,7,4,1,0,sleeping,143,63,20480,61440,20259,12041
2025-05-20 04:36:29,22476,2043535360,30752768,0.0,0.09215145290119359,0,11,0.01,0.02,0.0,0.0,0.0,9916416,0,7,4,1,0,sleeping,143,63,20480,61440,20259,12041
2025-05-20 04:36:30,22476,2043535360,30752768,0.0,0.09215145290119359,0,11,0.01,0.02,0.0,0.0,0.0,9916416,0,7,4,1,0,sleeping,143,63,20480,61440,20259,12041
2025-05-20 04:36:31,22476,2043535360,30752768,0.0,0.09215145290119359,0,11,0.01,0.02,0.0,0.0,0.0,9916416,0,7,4,1,0,sleeping,143,63,20480,61440,20259,12041
2025-05-20 04:36:32,22476,2043535360,30752768,0.0,0.09215145290119359,0,11,0.01,0.02,0.0,0.0,0.0,9916416,0,7,4,1,0,sleeping,143,63,20480,61440,20259,12041
2025-05-20 04:36:33,22476,2043535360,30752768,0.0,0.09215145290119359,0,11,0.01,0.02,0.0,0.0,0.0,9949184,0,7,4,1,0,sleeping,145,64,20480,61440,20387,12161
2025-05-20 04:36:34,22476,2043535360,30752768,0.0,0.09215145290119359,0,11,0.01,0.02,0.0,0.0,0.0,9949184,0,7,4,1,0,sleeping,145,64,20480,61440,20387,12161
2025-05-20 04:36:35,22476,2043535360,30752768,0.0,0.09215145290119359,0,11,0.01,0.02,0.0,0.0,0.0,9949184,0,7,4,1,0,sleeping,145,64,20480,61440,20387,12161
2025-05-20 04:36:37,22476,2043535360,30752768,0.0,0.09215145290119359,0,11,0.01,0.02,0.0,0.0,0.0,9949184,0,7,4,1,0,sleeping,145,64,20480,61440,20387,12161
2025-05-20 04:36:38,22476,2043535360,30752768,0.0,0.09215145290119359,0,11,0.01,0.02,0.0,0.0,0.0,9949184,0,7,4,1,0,sleeping,145,64,20480,61440,20387,12161
2025-05-20 04:36:39,22476,2043535360,30752768,0.0,0.09215145290119359,0,11,0.01,0.02,0.0,0.0,0.0,9949184,0,7,4,1,0,sleeping,145,64,20480,61440,20387,12161
2025-05-20 04:36:40,22476,2043535360,30752768,0.0,0.09215145290119359,0,11,0.01,0.02,0.0,0.0,0.0,9949184,0,7,4,1,0,sleeping,145,64,20480,61440,20387,12161
2025-05-20 04:36:41,22476,2043535360,30752768,0.0,0.09215145290119359,0,11,0.01,0.02,0.0,0.0,0.0,9949184,0,7,4,1,0,sleeping,145,64,20480,61440,20387,12161
2025-05-20 04:36:42,22476,2043535360,30752768,0.0,0.09215145290119359,0,11,0.01,0.02,0.0,0.0,0.0,9949184,0,7,4,1,0,sleeping,145,64,20480,61440,20387,12161
2025-05-20 04:36:43,22476,2043535360,30752768,0.0,0.09215145290119359,0,11,0.01,0.02,0.0,0.0,0.0,9949184,0,7,4,1,0,sleeping,145,64,20480,61440,20387,12161
2025-05-20 04:36:44,22476,2043535360,30752768,0.0,0.09215145290119359,0,11,0.01,0.02,0.0,0.0,0.0,9949184,0,7,4,1,0,sleeping,145,64,20480,61440,20387,12161
2025-05-20 04:36:45,22476,2043535360,30752768,0.0,0.09215145290119359,0,11,0.01,0.02,0.0,0.0,0.0,9949184,0,7,4,1,0,sleeping,145,64,20480,61440,20387,12161
2025-05-20 04:36:47,22476,2043535360,30752768,0.0,0.09215145290119359,0,11,0.01,0.02,0.0,0.0,0.0,9949184,0,7,4,1,0,sleeping,145,64,20480,61440,20387,12161
2025-05-20 04:36:48,22476,2043535360,30752768,0.0,0.09215145290119359,0,11,0.01,0.02,0.0,0.0,0.0,9949184,0,7,4,1,0,sleeping,145,64,20480,61440,20387,12161
2025-05-20 04:36:50,22476,2043535360,30752768,0.0,0.09215145290119359,0,11,0.01,0.02,0.0,0.0,0.0,9949184,0,7,4,1,0,sleeping,145,64,20480,61440,20387,12161
2025-05-20 04:36:51,22476,2043535360,30752768,0.0,0.09215145290119359,0,11,0.01,0.02,0.0,0.0,0.0,9949184,0,7,4,1,0,sleeping,145,64,20480,61440,20387,12161
2025-05-20 04:36:52,22476,2043535360,30752768,0.0,0.09215145290119359,0,11,0.01,0.02,0.0,0.0,0.0,9949184,0,7,4,1,0,sleeping,145,64,20480,61440,20387,12161
2025-05-20 04:36:53,22476,2043535360,30752768,0.0,0.09215145290119359,0,11,0.01,0.02,0.0,0.0,0.0,9949184,0,7,4,1,0,sleeping,145,64,20480,61440,20387,12161
2025-05-20 04:36:55,22476,2043535360,30752768,0.0,0.09215145290119359,0,11,0.01,0.02,0.0,0.0,0.0,9949184,0,7,4,1,0,sleeping,145,64,20480,61440,20387,12161
2025-05-20 04:36:56,22476,2043535360,30752768,0.0,0.09215145290119359,0,11,0.01,0.02,0.0,0.0,0.0,9949184,0,7,4,1,0,sleeping,145,64,20480,61440,20387,12161
2025-05-20 04:36:57,22476,2043535360,30752768,0.0,0.09215145290119359,0,11,0.01,0.02,0.0,0.0,0.0,9949184,0,7,4,1,0,sleeping,145,64,20480,61440,20387,12161
2025-05-20 04:36:58,22476,2043535360,30752768,0.0,0.09215145290119359,0,11,0.01,0.02,0.0,0.0,0.0,9949184,0,7,4,1,0,sleeping,145,64,20480,61440,20387,12161
2025-05-20 04:36:59,22476,2043535360,30752768,0.0,0.09215145290119359,0,11,0.01,0.02,0.0,0.0,0.0,9949184,0,7,4,1,0,sleeping,145,64,20480,61440,20387,12161
2025-05-20 04:37:00,22476,2043535360,30752768,0.0,0.09215145290119359,0,11,0.01,0.02,0.0,0.0,0.0,9949184,0,7,4,1,0,sleeping,145,64,20480,61440,20387,12161
2025-05-20 04:37:01,22476,2043535360,30752768,0.0,0.09215145290119359,0,11,0.01,0.02,0.0,0.0,0.0,9949184,0,7,4,1,0,sleeping,145,64,20480,61440,20387,12161
2025-05-20 04:37:03,22476,2043535360,30752768,0.0,0.09215145290119359,0,11,0.01,0.02,0.0,0.0,0.0,9949184,0,7,4,1,0,sleeping,145,64,20480,61440,20387,12161
2025-05-20 04:37:04,22476,2043535360,30752768,0.0,0.09215145290119359,0,11,0.01,0.02,0.0,0.0,0.0,9949184,0,7,4,1,0,sleeping,147,65,20480,65536,20515,12281
2025-05-20 04:37:05,22476,2043535360,30752768,0.0,0.09215145290119359,0,11,0.01,0.02,0.0,0.0,0.0,9949184,0,7,4,1,0,sleeping,147,65,20480,65536,20515,12281
2025-05-20 04:37:06,22476,2043535360,30752768,0.0,0.09215145290119359,0,11,0.01,0.02,0.0,0.0,0.0,9949184,0,7,4,1,0,sleeping,147,65,20480,65536,20515,12281
2025-05-20 04:37:07,22476,2043535360,30752768,0.0,0.09215145290119359,0,11,0.01,0.02,0.0,0.0,0.0,9949184,0,7,4,1,0,sleeping,147,65,20480,65536,20515,12281
2025-05-20 04:37:08,22476,2043535360,30752768,0.0,0.09215145290119359,0,11,0.01,0.02,0.0,0.0,0.0,9949184,0,7,4,1,0,sleeping,147,65,20480,65536,20515,12281
2025-05-20 04:37:09,22476,2043535360,30752768,0.0,0.09215145290119359,0,11,0.01,0.02,0.0,0.0,0.0,9949184,0,7,4,1,0,sleeping,147,65,20480,65536,20515,12281
2025-05-20 04:37:10,22476,2043535360,30752768,0.0,0.09215145290119359,0,11,0.01,0.02,0.0,0.0,0.0,9949184,0,7,4,1,0,sleeping,147,65,20480,65536,20515,12281
2025-05-20 04:37:12,22476,2043535360,30752768,0.0,0.09215145290119359,0,11,0.01,0.02,0.0,0.0,0.0,9949184,0,7,4,1,0,sleeping,147,65,20480,65536,20515,12281
2025-05-20 04:37:13,22476,2043535360,30752768,0.0,0.09215145290119359,0,11,0.01,0.02,0.0,0.0,0.0,9949184,0,7,4,1,0,sleeping,147,65,20480,65536,20515,12281
2025-05-20 04:37:15,22476,2043535360,30752768,0.0,0.09215145290119359,0,11,0.01,0.02,0.0,0.0,0.0,9949184,0,7,4,1,0,sleeping,147,65,20480,65536,20515,12281
2025-05-20 04:37:17,22476,2043535360,30752768,0.0,0.09215145290119359,0,11,0.01,0.02,0.0,0.0,0.0,9949184,0,7,4,1,0,sleeping,147,65,20480,65536,20515,12281
2025-05-20 04:37:18,22476,2043535360,30752768,0.0,0.09215145290119359,0,11,0.01,0.02,0.0,0.0,0.0,9949184,0,7,4,1,0,sleeping,147,65,20480,65536,20515,12281
2025-05-20 04:37:19,22476,2043535360,30752768,0.0,0.09215145290119359,0,11,0.01,0.02,0.0,0.0,0.0,9949184,0,7,4,1,0,sleeping,147,65,20480,65536,20515,12281
2025-05-20 04:37:20,22476,2043535360,30752768,0.0,0.09215145290119359,0,11,0.01,0.02,0.0,0.0,0.0,9949184,0,7,4,1,0,sleeping,147,65,20480,65536,20515,12281
2025-05-20 04:37:21,22476,2043535360,30752768,0.0,0.09215145290119359,0,11,0.01,0.02,0.0,0.0,0.0,9949184,0,7,4,1,0,sleeping,147,65,20480,65536,20515,12281
2025-05-20 04:37:23,22476,2043535360,30752768,0.0,0.09215145290119359,0,11,0.01,0.02,0.0,0.0,0.0,9949184,0,7,4,1,0,sleeping,147,65,20480,65536,20515,12281
2025-05-20 04:37:24,22476,2043535360,30752768,0.0,0.09215145290119359,0,11,0.01,0.02,0.0,0.0,0.0,9949184,0,7,4,1,0,sleeping,147,65,20480,65536,20515,12281
2025-05-20 04:37:25,22476,2043535360,30752768,0.0,0.09215145290119359,0,11,0.01,0.02,0.0,0.0,0.0,9949184,0,7,4,1,0,sleeping,147,65,20480,65536,20515,12281
2025-05-20 04:37:26,22476,2043535360,30752768,0.0,0.09215145290119359,0,11,0.01,0.02,0.0,0.0,0.0,9949184,0,7,4,1,0,sleeping,147,65,20480,65536,20515,12281
2025-05-20 04:37:27,22476,2043535360,30752768,0.0,0.09215145290119359,0,11,0.01,0.02,0.0,0.0,0.0,9949184,0,7,4,1,0,sleeping,147,65,20480,65536,20515,12281
2025-05-20 04:37:28,22476,2043535360,30752768,0.0,0.09215145290119359,0,11,0.01,0.02,0.0,0.0,0.0,9949184,0,7,4,1,0,sleeping,147,65,20480,65536,20515,12281
2025-05-20 04:37:29,22476,2043535360,30752768,0.0,0.09215145290119359,0,11,0.01,0.02,0.0,0.0,0.0,9949184,0,7,4,1,0,sleeping,147,65,20480,65536,20515,12281
2025-05-20 04:37:30,22476,2043535360,30752768,0.0,0.09215145290119359,0,11,0.01,0.02,0.0,0.0,0.0,9949184,0,7,4,1,0,sleeping,147,65,20480,65536,20515,12281
2025-05-20 04:37:31,22476,2043535360,30752768,0.0,0.09215145290119359,0,11,0.01,0.02,0.0,0.0,0.0,9949184,0,7,4,1,0,sleeping,147,65,20480,65536,20515,12281
2025-05-20 04:37:33,22476,2043535360,30752768,0.0,0.09215145290119359,0,11,0.01,0.02,0.0,0.0,0.0,9949184,0,7,4,1,0,sleeping,147,65,20480,65536,20515,12281
2025-05-20 04:37:34,22476,2043535360,30752768,0.0,0.09215145290119359,0,11,0.01,0.02,0.0,0.0,0.0,9949184,0,7,4,1,0,sleeping,149,66,20480,65536,20643,12401
2025-05-20 04:37:35,22476,2043535360,30752768,0.0,0.09215145290119359,0,11,0.01,0.02,0.0,0.0,0.0,9949184,0,7,4,1,0,sleeping,149,66,20480,65536,20643,12401
2025-05-20 04:37:37,22476,2043535360,30752768,0.0,0.09215145290119359,0,11,0.01,0.02,0.0,0.0,0.0,9949184,0,7,4,1,0,sleeping,149,66,20480,65536,20643,12401
2025-05-20 04:37:38,22476,2043535360,30752768,0.0,0.09215145290119359,0,11,0.01,0.02,0.0,0.0,0.0,9949184,0,7,4,1,0,sleeping,149,66,20480,65536,20643,12401
2025-05-20 04:37:39,22476,2043535360,30752768,0.0,0.09215145290119359,0,11,0.01,0.02,0.0,0.0,0.0,9949184,0,7,4,1,0,sleeping,149,66,20480,65536,20643,12401
2025-05-20 04:37:41,22476,2043535360,30752768,0.0,0.09215145290119359,0,11,0.01,0.02,0.0,0.0,0.0,9949184,0,7,4,1,0,sleeping,149,66,20480,65536,20643,12401
2025-05-20 04:37:42,22476,2043535360,30752768,0.0,0.09215145290119359,0,11,0.01,0.02,0.0,0.0,0.0,9949184,0,7,4,1,0,sleeping,149,66,20480,65536,20643,12401
2025-05-20 04:37:43,22476,2043535360,30752768,0.0,0.09215145290119359,0,11,0.01,0.02,0.0,0.0,0.0,9949184,0,7,4,1,0,sleeping,149,66,20480,65536,20643,12401
2025-05-20 04:37:44,22476,2043535360,30752768,0.0,0.09215145290119359,0,11,0.01,0.02,0.0,0.0,0.0,9949184,0,7,4,1,0,sleeping,149,66,20480,65536,20643,12401
2025-05-20 04:37:45,22476,2043535360,30752768,0.0,0.09215145290119359,0,11,0.01,0.02,0.0,0.0,0.0,9949184,0,7,4,1,0,sleeping,149,66,20480,65536,20643,12401
2025-05-20 04:37:46,22476,2043535360,30752768,0.0,0.09215145290119359,0,11,0.01,0.02,0.0,0.0,0.0,9949184,0,7,4,1,0,sleeping,149,66,20480,65536,20643,12401
2025-05-20 04:37:47,22476,2043535360,30752768,0.0,0.09215145290119359,0,11,0.01,0.02,0.0,0.0,0.0,9949184,0,7,4,1,0,sleeping,149,66,20480,65536,20643,12401
2025-05-20 04:37:48,22476,2043535360,30752768,0.0,0.09215145290119359,0,11,0.01,0.02,0.0,0.0,0.0,9949184,0,7,4,1,0,sleeping,149,66,20480,65536,20643,12401
2025-05-20 04:37:50,22476,2043535360,30752768,0.0,0.09215145290119359,0,11,0.01,0.02,0.0,0.0,0.0,9949184,0,7,4,1,0,sleeping,149,66,20480,65536,20643,12401
2025-05-20 04:37:51,22476,2043535360,30752768,0.0,0.09215145290119359,0,11,0.01,0.02,0.0,0.0,0.0,9949184,0,7,4,1,0,sleeping,149,66,20480,65536,20643,12401
2025-05-20 04:37:52,22476,2043535360,30752768,0.0,0.09215145290119359,0,11,0.01,0.02,0.0,0.0,0.0,9949184,0,7,4,1,0,sleeping,149,66,20480,65536,20643,12401
2025-05-20 04:37:53,22476,2043535360,30752768,0.0,0.09215145290119359,0,11,0.01,0.02,0.0,0.0,0.0,9949184,0,7,4,1,0,sleeping,149,66,20480,65536,20643,12401
2025-05-20 04:37:54,22476,2043535360,30752768,0.0,0.09215145290119359,0,11,0.01,0.02,0.0,0.0,0.0,9949184,0,7,4,1,0,sleeping,149,66,20480,65536,20643,12401
2025-05-20 04:37:55,22476,2043535360,30752768,0.0,0.09215145290119359,0,11,0.01,0.02,0.0,0.0,0.0,9949184,0,7,4,1,0,sleeping,149,66,20480,65536,20643,12401
2025-05-20 04:37:57,22476,2043535360,30752768,0.0,0.09215145290119359,0,11,0.01,0.02,0.0,0.0,0.0,9949184,0,7,4,1,0,sleeping,149,66,20480,65536,20643,12401
2025-05-20 04:37:58,22476,2043535360,30752768,0.0,0.09215145290119359,0,11,0.01,0.02,0.0,0.0,0.0,9949184,0,7,4,1,0,sleeping,149,66,20480,65536,20643,12401
2025-05-20 04:38:00,22476,2043535360,30752768,0.0,0.09215145290119359,0,11,0.01,0.02,0.0,0.0,0.0,9949184,0,7,4,1,0,sleeping,149,66,20480,65536,20643,12401
2025-05-20 04:38:01,22476,2043535360,30752768,0.0,0.09215145290119359,0,11,0.01,0.02,0.0,0.0,0.0,9949184,0,7,4,1,0,sleeping,149,66,20480,65536,20643,12401
2025-05-20 04:38:02,22476,2043535360,30752768,0.0,0.09215145290119359,0,11,0.01,0.02,0.0,0.0,0.0,9949184,0,7,4,1,0,sleeping,149,66,20480,65536,20643,12401
2025-05-20 04:38:03,22476,2043535360,30752768,0.0,0.09215145290119359,0,11,0.01,0.02,0.0,0.0,0.0,9949184,0,7,4,1,0,sleeping,151,67,20480,69632,20771,12521
2025-05-20 04:38:04,22476,2043535360,30752768,0.0,0.09215145290119359,0,11,0.01,0.02,0.0,0.0,0.0,9949184,0,7,4,1,0,sleeping,151,67,20480,69632,20771,12521
2025-05-20 04:38:05,22476,2043535360,30752768,0.0,0.09215145290119359,0,11,0.01,0.02,0.0,0.0,0.0,9949184,0,7,4,1,0,sleeping,151,67,20480,69632,20771,12521
2025-05-20 04:38:07,22476,2043535360,30752768,0.0,0.09215145290119359,0,11,0.01,0.02,0.0,0.0,0.0,9949184,0,7,4,1,0,sleeping,151,67,20480,69632,20771,12521
2025-05-20 04:38:08,22476,2043535360,30752768,0.0,0.09215145290119359,0,11,0.01,0.02,0.0,0.0,0.0,9949184,0,7,4,1,0,sleeping,151,67,20480,69632,20771,12521
2025-05-20 04:38:09,22476,2043535360,30752768,0.0,0.09215145290119359,0,11,0.01,0.02,0.0,0.0,0.0,9949184,0,7,4,1,0,sleeping,151,67,20480,69632,20771,12521
2025-05-20 04:38:10,22476,2043535360,30752768,0.0,0.09215145290119359,0,11,0.01,0.02,0.0,0.0,0.0,9949184,0,7,4,1,0,sleeping,151,67,20480,69632,20771,12521
2025-05-20 04:38:11,22476,2043535360,30752768,0.0,0.09215145290119359,0,11,0.01,0.02,0.0,0.0,0.0,9949184,0,7,4,1,0,sleeping,151,67,20480,69632,20771,12521
2025-05-20 04:38:12,22476,2043535360,30752768,0.0,0.09215145290119359,0,11,0.01,0.02,0.0,0.0,0.0,9949184,0,7,4,1,0,sleeping,151,67,20480,69632,20771,12521
2025-05-20 04:38:14,22476,2043535360,30752768,0.0,0.09215145290119359,0,11,0.01,0.02,0.0,0.0,0.0,9949184,0,7,4,1,0,sleeping,151,67,20480,69632,20771,12521
2025-05-20 04:38:15,22476,2043535360,30752768,0.0,0.09215145290119359,0,11,0.01,0.02,0.0,0.0,0.0,9949184,0,7,4,1,0,sleeping,151,67,20480,69632,20771,12521
2025-05-20 04:38:16,22476,2043535360,30752768,0.0,0.09215145290119359,0,11,0.01,0.02,0.0,0.0,0.0,9949184,0,7,4,1,0,sleeping,151,67,20480,69632,20771,12521
2025-05-20 04:38:18,22476,2043535360,30752768,0.0,0.09215145290119359,0,11,0.01,0.02,0.0,0.0,0.0,9949184,0,7,4,1,0,sleeping,151,67,20480,69632,20771,12521
2025-05-20 04:38:19,22476,2043535360,30752768,0.0,0.09215145290119359,0,11,0.01,0.02,0.0,0.0,0.0,9949184,0,7,4,1,0,sleeping,151,67,20480,69632,20771,12521
2025-05-20 04:38:20,22476,2043535360,30752768,0.0,0.09215145290119359,0,11,0.01,0.02,0.0,0.0,0.0,9949184,0,7,4,1,0,sleeping,151,67,20480,69632,20771,12521
2025-05-20 04:38:21,22476,2043535360,30752768,0.0,0.09215145290119359,0,11,0.01,0.02,0.0,0.0,0.0,9949184,0,7,4,1,0,sleeping,151,67,20480,69632,20771,12521
2025-05-20 04:38:22,22476,2043535360,30752768,0.0,0.09215145290119359,0,11,0.01,0.02,0.0,0.0,0.0,9949184,0,7,4,1,0,sleeping,151,67,20480,69632,20771,12521
2025-05-20 04:38:23,22476,2043535360,30752768,0.0,0.09215145290119359,0,11,0.01,0.02,0.0,0.0,0.0,9949184,0,7,4,1,0,sleeping,151,67,20480,69632,20771,12521
2025-05-20 04:38:24,22476,2043535360,30752768,0.0,0.09215145290119359,0,11,0.01,0.02,0.0,0.0,0.0,9949184,0,7,4,1,0,sleeping,151,67,20480,69632,20771,12521
2025-05-20 04:38:25,22476,2043535360,30752768,0.0,0.09215145290119359,0,11,0.01,0.02,0.0,0.0,0.0,9949184,0,7,4,1,0,sleeping,151,67,20480,69632,20771,12521
2025-05-20 04:38:26,22476,2043535360,30752768,0.0,0.09215145290119359,0,11,0.01,0.02,0.0,0.0,0.0,9949184,0,7,4,1,0,sleeping,151,67,20480,69632,20771,12521
2025-05-20 04:38:28,22476,2043535360,30752768,0.0,0.09215145290119359,0,11,0.01,0.02,0.0,0.0,0.0,9949184,0,7,4,1,0,sleeping,151,67,20480,69632,20771,12521
2025-05-20 04:38:29,22476,2043535360,30752768,0.0,0.09215145290119359,0,11,0.01,0.02,0.0,0.0,0.0,9949184,0,7,4,1,0,sleeping,151,67,20480,69632,20771,12521
2025-05-20 04:38:30,22476,2043535360,30752768,0.0,0.09215145290119359,0,11,0.01,0.02,0.0,0.0,0.0,9949184,0,7,4,1,0,sleeping,151,67,20480,69632,20771,12521
2025-05-20 04:38:31,22476,2043535360,30752768,0.0,0.09215145290119359,0,11,0.01,0.02,0.0,0.0,0.0,9949184,0,7,4,1,0,sleeping,151,67,20480,69632,20771,12521
2025-05-20 04:38:33,22476,2043535360,30752768,0.0,0.09215145290119359,0,11,0.01,0.02,0.0,0.0,0.0,9949184,0,7,4,1,0,sleeping,151,67,20480,69632,20771,12521
2025-05-20 04:38:34,22476,2043535360,30752768,0.9,0.09215145290119359,0,11,0.02,0.02,0.0,0.0,0.0,9949184,0,5,3,1,0,sleeping,153,68,20480,69632,20899,12641
2025-05-20 04:38:35,22476,2043535360,30752768,0.0,0.09215145290119359,0,11,0.02,0.02,0.0,0.0,0.0,9949184,0,5,3,1,0,sleeping,153,68,20480,69632,20899,12641
2025-05-20 04:38:36,22476,2043535360,30752768,0.0,0.09215145290119359,0,11,0.02,0.02,0.0,0.0,0.0,9949184,0,5,3,1,0,sleeping,153,68,20480,69632,20899,12641
2025-05-20 04:38:37,22476,2043535360,30752768,0.0,0.09215145290119359,0,11,0.02,0.02,0.0,0.0,0.0,9949184,0,5,3,1,0,sleeping,153,68,20480,69632,20899,12641
2025-05-20 04:38:38,22476,2043535360,30752768,0.0,0.09215145290119359,0,11,0.02,0.02,0.0,0.0,0.0,9949184,0,6,4,1,0,sleeping,187,87,20480,77824,23556,15146
