Time,PID,Virt,Res,CPU,Memory,TCP Connections,Thread Count,User,System,Children_User,Children_System,IO,uss,swap,processor_num,core_num,cpu_num,cpu_ids,process_status,read_count,write_count,read_bytes,write_bytes,read_chars,write_chars
2025-05-20 03:54:51,21220,11428691968,269897728,0.0,0.8095409401976592,0,20,2.44,0.17,0.0,0.0,0.0,270696448,0,7,4,1,0,sleeping,26040,22,59334656,49152,27305353,11669
2025-05-20 03:54:52,21220,11428691968,653029376,230.7,1.956819164556499,0,20,4.77,0.32,0.0,0.0,0.0,653860864,0,8,4,1,0,sleeping,26101,22,92889088,49152,57514485,11669
2025-05-20 03:54:53,21220,11428691968,1224753152,119.1,3.6700040270234013,0,20,5.9,0.47,0.0,0.0,0.0,1225547776,0,8,4,1,0,sleeping,26184,22,134832128,49152,100010485,11669
2025-05-20 03:54:54,21220,11498950656,1225015296,102.8,3.670789548198904,0,20,6.33,1.13,0.0,0.0,0.0,1225953280,0,8,4,1,0,sleeping,26303,756545,142798848,806912,113284254,768325
2025-05-20 03:54:55,21220,11498950656,1219297280,100.8,3.6536553675582457,0,20,6.47,2.06,0.0,0.0,0.0,1220210688,0,8,4,1,0,sleeping,26303,1892175,142798848,1941504,113284254,1903955
2025-05-20 03:54:56,21220,11503202304,1296551936,264.2,3.8851509127326476,0,21,8.9,2.52,0.0,0.0,0.0,1297461248,0,8,4,1,0,sleeping,27527,2370584,164450304,3506176,119723662,3464766
2025-05-20 03:54:57,21220,11503202304,1881317376,292.8,5.645319760509322,0,21,11.87,2.7,0.0,0.0,0.0,1881272320,0,7,4,1,0,sleeping,28194,2370584,168591360,3506176,126641058,3464766
2025-05-20 03:54:58,21220,11503202304,2337062912,220.0,7.003068564829492,0,21,14.08,2.85,0.0,0.0,0.0,2338127872,0,8,4,1,0,sleeping,29253,2370584,168591360,3506176,136748867,3464766
2025-05-20 03:54:59,21220,11503202304,2681913344,117.6,8.052917615889228,0,21,15.29,2.92,0.0,0.0,0.0,2680782848,0,8,4,1,0,sleeping,30596,2370584,172773376,3506176,149759966,3464766
2025-05-20 03:55:00,21220,11503202304,2883092480,104.1,8.639260078328736,0,21,16.37,2.97,0.0,0.0,0.0,2883911680,0,8,4,1,0,sleeping,31740,2370584,172773376,3506176,161258500,3464766
2025-05-20 03:55:01,21220,11503202304,2884403200,114.9,8.64318768420625,0,21,17.66,2.98,0.0,0.0,0.0,2885283840,0,8,4,1,0,sleeping,32637,2370584,180879360,3506176,170179899,3464766
2025-05-20 03:55:03,21220,11503202304,2882510848,104.4,8.637517203220588,0,21,18.92,2.99,0.0,0.0,0.0,2883399680,0,8,4,1,0,sleeping,33151,2370584,180879360,3506176,175055205,3464766
2025-05-20 03:55:04,21220,11503202304,2888515584,233.9,8.655510547646953,0,21,22.42,3.0,0.0,0.0,0.0,2889539584,0,8,4,1,0,sleeping,33490,2370584,180879360,3506176,178685367,3464766
2025-05-20 03:55:05,21220,11503202304,2882949120,113.3,8.638830496435881,0,21,24.11,3.0,0.0,0.0,0.0,2883801088,0,8,4,1,0,sleeping,33685,2370584,180879360,3506176,180131811,3464766
2025-05-20 03:55:07,21220,11503202304,2882949120,99.3,8.638830496435881,0,21,25.58,3.01,0.0,0.0,0.0,2883801088,0,8,4,1,0,sleeping,33898,2370584,180879360,3506176,182687113,3464766
2025-05-20 03:55:08,21220,11503202304,2879270912,111.8,8.627808652442106,0,21,26.81,3.02,0.0,0.0,0.0,2880049152,0,8,4,1,0,sleeping,34345,2370584,185073664,3506176,186861832,3464766
2025-05-20 03:55:09,21220,11503202304,2878259200,103.0,8.6247770316554,0,21,27.91,3.02,0.0,0.0,0.0,2879164416,0,8,4,1,0,sleeping,35561,2370584,185073664,3506176,198099209,3464766
2025-05-20 03:55:10,21220,11503202304,2824392704,103.0,8.463364703857904,0,21,29.0,3.03,0.0,0.0,0.0,2825224192,0,8,4,1,0,sleeping,36940,2370584,189267968,3506176,211592750,3464766
2025-05-20 03:55:11,21220,11503202304,2769776640,103.0,8.299706276449204,0,21,30.09,3.04,0.0,0.0,0.0,2770337792,0,8,4,1,0,sleeping,38585,2370584,193462272,3506176,228009512,3464766
2025-05-20 03:55:13,21220,11503202304,2721460224,100.2,8.15492490478931,0,21,31.16,3.04,0.0,0.0,0.0,2722242560,0,8,4,1,0,sleeping,39969,2370584,197656576,3506176,240627908,3464766
2025-05-20 03:55:14,21220,11503202304,2673307648,104.0,8.010634483864107,0,21,32.26,3.05,0.0,0.0,0.0,2674204672,0,8,4,1,0,sleeping,41525,2370584,201850880,3506176,255953420,3464766
2025-05-20 03:55:15,21220,11503202304,2633613312,106.8,7.891689394617241,0,21,33.4,3.05,0.0,0.0,0.0,2634448896,0,8,4,1,0,sleeping,43016,2370584,206045184,3506176,269576380,3464766
2025-05-20 03:55:16,21220,11503202304,2598023168,108.7,7.785042621274344,0,21,34.55,3.06,0.0,0.0,0.0,2598875136,0,8,4,1,0,sleeping,44517,2370584,206045184,3506176,284506081,3464766
2025-05-20 03:55:17,21220,11503202304,2565156864,104.9,7.6865579038956575,0,21,35.67,3.06,0.0,0.0,0.0,2566004736,0,8,4,1,0,sleeping,45941,2370584,210239488,3506176,297557277,3464766
2025-05-20 03:55:18,21220,11503202304,2513367040,101.9,7.53136837666035,0,21,36.76,3.06,0.0,0.0,0.0,2514202624,0,8,4,1,0,sleeping,47408,2370584,214433792,3506176,312371730,3464766
2025-05-20 03:55:19,21220,11503202304,2490892288,100.5,7.464022209629335,0,21,37.85,3.06,0.0,0.0,0.0,2491826176,0,7,4,1,0,sleeping,48588,2370584,218628096,3506176,323646668,3464766
2025-05-20 03:55:20,21220,11503202304,2473193472,118.0,7.410987256514518,0,21,39.19,3.07,0.0,0.0,0.0,2473992192,0,7,4,1,0,sleeping,49266,2370584,218628096,3506176,329041629,3464766
2025-05-20 03:55:21,21220,11503202304,2458013696,118.0,7.365500670945548,0,21,40.66,3.07,0.0,0.0,0.0,2458832896,0,8,4,1,0,sleeping,49751,2370584,222445568,3506176,334627828,3464766
2025-05-20 03:55:22,21220,11503202304,2456948736,104.2,7.362309491170067,0,21,42.09,3.07,0.0,0.0,0.0,2457837568,0,8,4,1,0,sleeping,50051,2370584,222445568,3506176,336974116,3464766
2025-05-20 03:55:24,21220,11503202304,2456948736,124.2,7.362309491170067,0,21,43.93,3.07,0.0,0.0,0.0,2457837568,0,8,4,1,0,sleeping,50288,2370584,222445568,3506176,339799866,3464766
2025-05-20 03:55:25,21220,11503202304,2443837440,101.4,7.323021158626551,0,21,45.42,3.09,0.0,0.0,0.0,2444787712,0,8,4,1,0,sleeping,50508,2370585,222445568,3506176,341431260,3464887
2025-05-20 03:55:27,21220,11503202304,2442076160,108.9,7.317743438228639,0,21,46.88,3.09,0.0,0.0,0.0,2442928128,0,7,4,1,0,sleeping,50730,2370585,222445568,3506176,343955623,3464887
2025-05-20 03:55:28,21220,11503202304,2429485056,104.2,7.2800138742677625,0,21,48.0,3.1,0.0,0.0,0.0,2430443520,0,8,4,1,0,sleeping,51499,2370585,222445568,3506176,350731056,3464887
2025-05-20 03:55:29,21220,11503202304,2405187584,102.2,7.207205880313329,0,21,49.09,3.1,0.0,0.0,0.0,2405896192,0,7,4,1,0,sleeping,52742,2370585,226476032,3506176,362896765,3464887
2025-05-20 03:55:30,21220,11503202304,2385813504,104.1,7.149150955936312,0,21,50.18,3.12,0.0,0.0,0.0,2386595840,0,8,4,1,0,sleeping,54252,2370585,229359616,3506176,376718300,3464887
2025-05-20 03:55:31,21220,11503202304,2372251648,104.1,7.1085125088723995,0,21,51.28,3.13,0.0,0.0,0.0,2373099520,0,8,4,1,0,sleeping,55637,2370585,231837696,3506176,390144665,3464887
2025-05-20 03:55:32,21220,11503202304,2365980672,103.0,7.089721369502165,0,21,52.38,3.13,0.0,0.0,0.0,2366963712,0,8,4,1,0,sleeping,57111,2370585,231837696,3506176,404000150,3464887
2025-05-20 03:55:33,21220,11503202304,2359816192,103.1,7.071249348109478,0,21,53.48,3.13,0.0,0.0,0.0,2360774656,0,8,4,1,0,sleeping,58526,2370585,231837696,3506176,416754762,3464887
2025-05-20 03:55:35,21220,11503202304,2356252672,101.1,7.060571169629984,0,21,54.56,3.13,0.0,0.0,0.0,2357268480,0,8,4,1,0,sleeping,59816,2370585,236023808,3506176,428867504,3464887
2025-05-20 03:55:36,21220,11503202304,2352193536,105.5,7.0484078651780555,0,21,55.68,3.14,0.0,0.0,0.0,2354233344,0,8,4,1,0,sleeping,61098,2370585,243838976,3506176,440570717,3464887
2025-05-20 03:55:37,21220,11503202304,2350231552,103.0,7.04252873013015,0,21,56.8,3.14,0.0,0.0,0.0,2351198208,0,8,4,1,0,sleeping,62040,2370585,248033280,3506176,449208563,3464887
2025-05-20 03:55:38,21220,11503202304,2347270144,104.7,7.03365479560064,0,21,57.98,3.15,0.0,0.0,0.0,2348158976,0,8,4,1,0,sleeping,62714,2370585,248033280,3506176,455287693,3464887
2025-05-20 03:55:39,21220,11503202304,2346262528,99.0,7.0306354485822995,0,21,59.18,3.15,0.0,0.0,0.0,2347147264,0,8,4,1,0,sleeping,63247,2370585,252227584,3506176,460330382,3464887
2025-05-20 03:55:40,21220,11503202304,2346262528,98.5,7.0306354485822995,0,21,60.47,3.15,0.0,0.0,0.0,2347188224,0,7,4,1,0,sleeping,63606,2370585,252227584,3506176,462996150,3464887
2025-05-20 03:55:41,21220,11503202304,2345291776,100.6,7.0277265654792656,0,21,61.87,3.15,0.0,0.0,0.0,2346135552,0,8,4,1,0,sleeping,63847,2370585,252227584,3506176,465588977,3464887
2025-05-20 03:55:43,21220,11503202304,2344235008,115.7,7.0245599332405195,0,21,63.21,3.16,0.0,0.0,0.0,2345127936,0,7,4,1,0,sleeping,64142,2370585,252227584,3506176,468494955,3464887
2025-05-20 03:55:44,21220,11503202304,2342207488,121.1,7.018484417898738,0,21,64.5,3.17,0.0,0.0,0.0,2343137280,0,7,4,1,0,sleeping,65014,2370585,256421888,3506176,476725259,3464887
2025-05-20 03:55:45,21220,11503202304,2335997952,102.2,6.9998773850540115,0,21,65.59,3.17,0.0,0.0,0.0,2336956416,0,8,4,1,0,sleeping,66332,2370585,256421888,3506176,488459098,3464887
2025-05-20 03:55:46,21220,11503202304,2334220288,104.9,6.994550569582632,0,21,66.7,3.18,0.0,0.0,0.0,2335002624,0,7,4,1,0,sleeping,67817,2370585,260616192,3506176,502886387,3464887
2025-05-20 03:55:47,21220,11503202304,2331156480,104.1,6.98536979084394,0,21,67.8,3.19,0.0,0.0,0.0,2331942912,0,7,4,1,0,sleeping,69231,2370585,264810496,3506176,515401240,3464887
2025-05-20 03:55:48,21220,11503202304,2326532096,106.0,6.971512706357333,0,21,68.93,3.19,0.0,0.0,0.0,2327445504,0,7,4,1,0,sleeping,70699,2370585,269012992,3506176,529737531,3464887
2025-05-20 03:55:49,21220,11503202304,2324619264,114.6,6.965780856529835,0,21,70.15,3.2,0.0,0.0,0.0,2325479424,0,8,4,1,0,sleeping,72146,2370585,273207296,3506176,542592992,3464887
2025-05-20 03:55:50,21220,11503202304,2320048128,105.0,6.952083331032003,0,21,71.26,3.21,0.0,0.0,0.0,2321047552,0,8,4,1,0,sleeping,73534,2370585,277401600,3506176,555794283,3464887
2025-05-20 03:55:51,21220,11503202304,2316591104,103.2,6.941724270530056,0,21,72.36,3.21,0.0,0.0,0.0,2317504512,0,8,4,1,0,sleeping,75088,2370585,277401600,3506176,570181672,3464887
2025-05-20 03:55:53,21220,11503202304,2313564160,103.1,6.93265395570667,0,21,73.48,3.21,0.0,0.0,0.0,2314555392,0,7,4,1,0,sleeping,76527,2370585,281595904,3506176,584175845,3464887
2025-05-20 03:55:54,21220,11503202304,2310144000,101.5,6.922405359120029,0,21,74.57,3.21,0.0,0.0,0.0,2311041024,0,7,4,1,0,sleeping,77721,2370585,285790208,3506176,594769655,3464887
2025-05-20 03:55:55,21220,11503202304,2329161728,111.8,6.979392465649098,0,21,75.78,3.23,0.0,0.0,0.0,2330066944,0,8,4,1,0,sleeping,79125,2370585,306761728,3506176,618560687,3464887
2025-05-20 03:55:56,21220,11503202304,2327584768,99.0,6.974667064827712,0,21,76.93,3.23,0.0,0.0,0.0,2328489984,0,8,4,1,0,sleeping,79125,2370586,306761728,3506176,618560687,3465009
2025-05-20 03:55:57,21220,11503202304,2326028288,99.1,6.970003032848164,0,21,78.18,3.24,0.0,0.0,0.0,2326921216,0,7,4,1,0,sleeping,79125,2370586,306761728,3506176,618560687,3465009
2025-05-20 03:55:58,21220,11503202304,2324467712,100.2,6.965326727100248,0,21,79.56,3.24,0.0,0.0,0.0,2325344256,0,8,4,1,0,sleeping,79125,2370586,306761728,3506176,618560687,3465009
2025-05-20 03:56:00,21220,11503202304,2324467712,100.9,6.965326727100248,0,21,80.89,3.24,0.0,0.0,0.0,2325344256,0,8,4,1,0,sleeping,79125,2370586,306761728,3506176,618560687,3465009
2025-05-20 03:56:01,21220,11503202304,2323415040,103.6,6.962172368629868,0,21,82.03,3.24,0.0,0.0,0.0,2324291584,0,8,4,1,0,sleeping,79125,2370586,306761728,3506176,618560687,3465009
2025-05-20 03:56:02,21220,11503202304,2321313792,101.9,6.955875925457478,0,21,83.12,3.25,0.0,0.0,0.0,2322190336,0,8,4,1,0,sleeping,79125,2370586,306761728,3506176,618560687,3465009
2025-05-20 03:56:03,21220,11503202304,2318684160,102.2,6.947996166165712,0,21,84.21,3.25,0.0,0.0,0.0,2319564800,0,7,4,1,0,sleeping,79125,2370586,306761728,3506176,618560687,3465009
2025-05-20 03:56:04,21220,11503202304,2322354176,151.7,6.958993462622755,0,21,85.82,3.26,0.0,0.0,0.0,2323271680,0,8,4,1,0,sleeping,80555,2370586,310956032,3506176,633275245,3465009
2025-05-20 03:56:05,21220,11503202304,2325745664,130.3,6.969156142830825,0,21,87.21,3.27,0.0,0.0,0.0,2326466560,0,8,4,1,0,sleeping,82070,2370586,315150336,3506176,648456388,3465009
2025-05-20 03:56:06,21220,11503202304,2330071040,101.2,6.982117242226623,0,21,88.29,3.27,0.0,0.0,0.0,2330763264,0,8,4,1,0,sleeping,83646,2370586,319344640,3506176,663439975,3465009
2025-05-20 03:56:07,21220,11503202304,2334134272,103.2,6.994292820446919,0,21,89.38,3.28,0.0,0.0,0.0,2335051776,0,8,4,1,0,sleeping,85272,2370586,323538944,3506176,679823010,3465009
2025-05-20 03:56:08,21220,11503202304,2337542144,103.1,7.004504595728458,0,21,90.48,3.28,0.0,0.0,0.0,2338418688,0,8,4,1,0,sleeping,86792,2370586,327733248,3506176,693750837,3465009
2025-05-20 03:56:10,21220,11503202304,2341867520,102.2,7.017465695124257,0,21,91.56,3.29,0.0,0.0,0.0,2342727680,0,8,4,1,0,sleeping,88364,2370586,331927552,3506176,709317990,3465009
2025-05-20 03:56:11,21220,11503202304,2345144320,109.7,7.027284709818045,0,21,92.72,3.3,0.0,0.0,0.0,2346053632,0,8,4,1,0,sleeping,89901,2370586,331927552,3506176,723575064,3465009
2025-05-20 03:56:12,21220,11503202304,2349469696,101.2,7.040245809213844,0,21,93.8,3.3,0.0,0.0,0.0,2350403584,0,8,4,1,0,sleeping,91548,2370586,336121856,3506176,740208108,3465009
2025-05-20 03:56:13,21220,11503202304,2352615424,102.7,7.04967206331988,0,21,94.89,3.31,0.0,0.0,0.0,2353713152,0,8,4,1,0,sleeping,93043,2370586,340316160,3506176,754185118,3465009
2025-05-20 03:56:14,21220,11503202304,2354974720,102.1,7.056741753899407,0,21,96.0,3.31,0.0,0.0,0.0,2355949568,0,8,4,1,0,sleeping,94199,2370586,344510464,3506176,765272285,3465009
2025-05-20 03:56:15,21220,11503202304,2357071872,101.6,7.06302592330343,0,21,97.14,3.32,0.0,0.0,0.0,2358104064,0,8,4,1,0,sleeping,95029,2370586,344510464,3506176,773184608,3465009
2025-05-20 03:56:16,21220,11503202304,2358120448,100.5,7.066168008005443,0,21,98.36,3.32,0.0,0.0,0.0,2359189504,0,8,4,1,0,sleeping,95514,2370586,344510464,3506176,777610229,3465009
2025-05-20 03:56:17,21220,11503202304,2359169024,102.8,7.069310092707455,0,21,99.7,3.34,0.0,0.0,0.0,2360287232,0,8,4,1,0,sleeping,95808,2370586,344510464,3506176,779796399,3465009
2025-05-20 03:56:19,21220,11503202304,2360479744,101.1,7.073237698584969,0,21,101.21,3.35,0.0,0.0,0.0,2361352192,0,8,4,1,0,sleeping,96046,2370586,348704768,3506176,782399786,3465009
2025-05-20 03:56:20,21220,11503202304,2361528320,107.3,7.076379783286982,0,21,102.43,3.36,0.0,0.0,0.0,2362417152,0,8,4,1,0,sleeping,96449,2370586,348704768,3506176,786345606,3465009
2025-05-20 03:56:21,21220,11503202304,2363756544,102.7,7.083056713278757,0,21,103.53,3.36,0.0,0.0,0.0,2364686336,0,8,4,1,0,sleeping,97410,2370586,348704768,3506176,795091384,3465009
2025-05-20 03:56:22,21220,11503202304,2369875968,233.3,7.101393723219404,0,21,106.02,3.38,0.0,0.0,0.0,2370994176,0,8,4,1,0,sleeping,98715,2370586,352899072,3506176,807646951,3465009
2025-05-20 03:56:23,21220,11503202304,2380136448,130.2,7.132139512979325,0,21,107.41,3.38,0.0,0.0,0.0,2381242368,0,8,4,1,0,sleeping,100043,2370586,357093376,3506176,819793278,3465009
2025-05-20 03:56:24,21220,11503202304,2383544320,103.1,7.142351288260865,0,21,108.51,3.38,0.0,0.0,0.0,2384433152,0,8,4,1,0,sleeping,101421,2370586,361287680,3506176,832839176,3465009
2025-05-20 03:56:25,21220,11503202304,2380951552,101.3,7.1345819928844065,0,21,109.59,3.38,0.0,0.0,0.0,2382000128,0,8,4,1,0,sleeping,102910,2370586,361287680,3506176,846299497,3465009
2025-05-20 03:56:27,21220,11503202304,2384359424,101.1,7.144793768165944,0,21,110.67,3.38,0.0,0.0,0.0,2385215488,0,8,4,1,0,sleeping,104365,2370587,365481984,3506176,860440836,3465132
2025-05-20 03:56:28,21220,11503202304,2388553728,103.1,7.157362106973992,0,21,111.76,3.39,0.0,0.0,0.0,2389544960,0,8,4,1,0,sleeping,105727,2370587,369676288,3506176,872638418,3465132
2025-05-20 03:56:29,21220,11503202304,2392879104,107.7,7.170323206369791,0,21,112.9,3.4,0.0,0.0,0.0,2393882624,0,8,4,1,0,sleeping,106960,2370587,373870592,3506176,884285298,3465132
2025-05-20 03:56:30,21220,11503202304,2396155904,102.1,7.180142221063579,0,21,113.99,3.4,0.0,0.0,0.0,2397155328,0,8,4,1,0,sleeping,108455,2370587,378064896,3506176,897894369,3465132
2025-05-20 03:56:31,21220,11503202304,2399432704,101.5,7.189961235757365,0,21,115.07,3.41,0.0,0.0,0.0,2400477184,0,8,4,1,0,sleeping,109759,2370587,382259200,3506176,911170385,3465132
2025-05-20 03:56:32,21220,11503202304,2402971648,102.8,7.200565771626656,0,21,116.21,3.41,0.0,0.0,0.0,2403725312,0,8,4,1,0,sleeping,110679,2370587,382259200,3506176,919458665,3465132
2025-05-20 03:56:33,21220,11503202304,2404020224,100.7,7.203707856328669,0,21,117.41,3.41,0.0,0.0,0.0,2404835328,0,8,4,1,0,sleeping,111231,2370587,386453504,3506176,924113050,3465132
2025-05-20 03:56:34,21220,11503202304,2405068800,101.1,7.206849941030679,0,21,118.76,3.41,0.0,0.0,0.0,2405916672,0,8,4,1,0,sleeping,111518,2370587,386453504,3506176,926833055,3465132
2025-05-20 03:56:36,21220,11503202304,2405068800,99.4,7.206849941030679,0,21,120.22,3.42,0.0,0.0,0.0,2405949440,0,8,4,1,0,sleeping,111748,2370587,386453504,3506176,929475457,3465132
2025-05-20 03:56:37,21220,11503202304,2406117376,101.8,7.209992025732692,0,21,121.72,3.43,0.0,0.0,0.0,2406989824,0,8,4,1,0,sleeping,111952,2370587,386453504,3506176,930958055,3465132
2025-05-20 03:56:38,21220,11503202304,2406117376,108.9,7.209992025732692,0,21,123.01,3.43,0.0,0.0,0.0,2407047168,0,8,4,1,0,sleeping,112239,2370587,386453504,3506176,934008683,3465132
2025-05-20 03:56:40,21220,11503202304,2409394176,105.0,7.219811040426478,0,21,124.14,3.43,0.0,0.0,0.0,2410295296,0,8,4,1,0,sleeping,113008,2370587,390647808,3506176,940762610,3465132
2025-05-20 03:56:41,21220,11503202304,2412539904,102.1,7.229237294532514,0,21,125.23,3.43,0.0,0.0,0.0,2413555712,0,8,4,1,0,sleeping,114142,2370587,390647808,3506176,950182554,3465132
2025-05-20 03:56:42,21220,11503202304,2416603136,103.0,7.241412872752812,0,21,126.33,3.43,0.0,0.0,0.0,2417844224,0,7,4,1,0,sleeping,115771,2370587,394842112,3506176,966193829,3465132
2025-05-20 03:56:43,21220,11503202304,2420011008,102.0,7.251624648034349,0,21,127.41,3.44,0.0,0.0,0.0,2421125120,0,8,4,1,0,sleeping,117515,2370587,399036416,3506176,982686204,3465132
2025-05-20 03:56:44,21220,11503202304,2424467456,103.1,7.264978508017901,0,21,128.51,3.44,0.0,0.0,0.0,2425450496,0,8,4,1,0,sleeping,118923,2370587,403230720,3506176,996214888,3465132
2025-05-20 03:56:45,21220,11503202304,2428792832,101.3,7.2779396074137,0,21,129.6,3.45,0.0,0.0,0.0,2429763584,0,8,4,1,0,sleeping,120630,2370587,407425024,3506176,1013026805,3465132
2025-05-20 03:56:46,21220,11503202304,2432069632,103.0,7.2877586221074875,0,21,130.69,3.46,0.0,0.0,0.0,2433089536,0,8,4,1,0,sleeping,122009,2370587,411619328,3506176,1025088691,3465132
2025-05-20 03:56:47,21220,11503202304,2435346432,102.1,7.300326960915535,0,21,131.77,3.47,0.0,0.0,0.0,2436370432,0,8,4,1,0,sleeping,123331,2370587,415813632,3506176,1037547448,3465132
2025-05-20 03:56:48,21220,11503202304,2440282112,131.2,7.312367527683791,0,21,133.14,3.5,0.0,0.0,0.0,2441367552,0,8,4,1,0,sleeping,124762,2385429,420007936,4980736,1077070947,4937716
2025-05-20 03:56:49,21220,11503202304,2443821056,103.4,7.322972063553082,0,21,134.24,3.51,0.0,0.0,0.0,2444689408,0,8,4,1,0,sleeping,126081,2385429,420007936,4980736,1089726003,4937716
2025-05-20 03:56:50,21220,11503202304,2442936320,102.9,7.320320929585759,0,21,135.36,3.52,0.0,0.0,0.0,2443821056,0,8,4,1,0,sleeping,127151,2385429,424202240,4980736,1099609749,4937716
2025-05-20 03:56:51,21220,11503202304,2444902400,102.0,7.326212338402032,0,21,136.53,3.53,0.0,0.0,0.0,2445959168,0,8,4,1,0,sleeping,127830,2385429,424202240,4980736,1106540233,4937716
2025-05-20 03:56:53,21220,11503202304,2444902400,95.6,7.326212338402032,0,21,137.88,3.53,0.0,0.0,0.0,2445987840,0,7,4,1,0,sleeping,128277,2385429,424202240,4980736,1110984850,4937716
2025-05-20 03:56:54,21220,11503202304,2445950976,102.1,7.329354423104044,0,21,139.4,3.53,0.0,0.0,0.0,2447024128,0,8,4,1,0,sleeping,128456,2385429,424202240,4980736,1112289037,4937716
2025-05-20 03:56:56,21220,11503202304,2445950976,102.7,7.329354423104044,0,21,140.85,3.55,0.0,0.0,0.0,2447056896,0,8,4,1,0,sleeping,128666,2385430,428396544,4980736,1114847219,4937839
2025-05-20 03:56:57,21220,11503202304,2448179200,108.9,7.336031353095819,0,21,142.04,3.55,0.0,0.0,0.0,2449170432,0,8,4,1,0,sleeping,129305,2385430,428396544,4980736,1120516922,4937839
2025-05-20 03:56:58,21220,11503202304,2451587072,103.1,7.346243128377357,0,21,143.15,3.55,0.0,0.0,0.0,2452439040,0,8,4,1,0,sleeping,130706,2385430,432590848,4980736,1133984826,4937839
2025-05-20 03:56:59,21220,11503202304,2454863872,108.8,7.356062143071145,0,21,144.3,3.56,0.0,0.0,0.0,2455719936,0,8,4,1,0,sleeping,132371,2385430,436785152,4980736,1150602070,4937839
2025-05-20 03:57:00,21220,11503202304,2459058176,102.2,7.368630481879193,0,21,145.39,3.56,0.0,0.0,0.0,2460024832,0,8,4,1,0,sleeping,133969,2385430,436785152,4980736,1165276376,4937839
2025-05-20 03:57:01,21220,11503202304,2463383552,102.2,7.381591581274992,0,21,146.46,3.58,0.0,0.0,0.0,2464321536,0,8,4,1,0,sleeping,135503,2385430,440979456,4980736,1180315219,4937839
2025-05-20 03:57:02,21220,11503202304,2466529280,103.7,7.391017835381028,0,21,147.57,3.58,0.0,0.0,0.0,2467622912,0,7,4,1,0,sleeping,136998,2385430,445173760,4980736,1194186113,4937839
2025-05-20 03:57:03,21220,11503202304,2470723584,102.2,7.403586174189075,0,21,148.65,3.59,0.0,0.0,0.0,2471845888,0,8,4,1,0,sleeping,138598,2385430,449368064,4980736,1210039424,4937839
2025-05-20 03:57:04,21220,11503202304,2474131456,102.2,7.413797949470615,0,21,149.74,3.59,0.0,0.0,0.0,2475278336,0,8,4,1,0,sleeping,140123,2385430,453562368,4980736,1224139124,4937839
2025-05-20 03:57:06,21220,11503202304,2478850048,102.1,7.427937330629668,0,21,150.84,3.59,0.0,0.0,0.0,2479599616,0,7,4,1,0,sleeping,141668,2385430,457756672,4980736,1239425314,4937839
2025-05-20 03:57:07,21220,11503202304,2481995776,103.1,7.437363584735704,0,21,151.94,3.59,0.0,0.0,0.0,2482872320,0,8,4,1,0,sleeping,143111,2385430,457756672,4980736,1252576952,4937839
2025-05-20 03:57:08,21220,11503202304,2320363520,120.4,6.953028411196279,0,21,153.23,3.6,0.0,0.0,0.0,2321244160,0,8,4,1,0,sleeping,144491,2385430,461950976,4980736,1265907583,4937839
2025-05-20 03:57:09,21220,11503202304,2320363520,101.6,6.953028411196279,0,21,154.33,3.61,0.0,0.0,0.0,2321248256,0,7,4,1,0,sleeping,145696,2385430,466145280,4980736,1278343071,4937839
2025-05-20 03:57:10,21220,11503202304,2320363520,100.4,6.953028411196279,0,21,155.48,3.61,0.0,0.0,0.0,2321248256,0,8,4,1,0,sleeping,146456,2385430,466145280,4980736,1284933355,4937839
2025-05-20 03:57:11,21220,11503202304,2320363520,99.4,6.953028411196279,0,21,156.98,3.61,0.0,0.0,0.0,2321248256,0,8,4,1,0,sleeping,146881,2385430,466145280,4980736,1289018405,4937839
2025-05-20 03:57:13,21220,11503202304,2320363520,100.0,6.953028411196279,0,21,158.46,3.62,0.0,0.0,0.0,2321248256,0,8,4,1,0,sleeping,147098,2385430,470339584,4980736,1291567750,4937839
2025-05-20 03:57:14,21220,11503202304,2320363520,104.8,6.953028411196279,0,21,159.88,3.62,0.0,0.0,0.0,2321248256,0,8,4,1,0,sleeping,147330,2385430,470339584,4980736,1293316108,4937839
2025-05-20 03:57:15,21220,11503202304,2320363520,104.3,6.953028411196279,0,21,161.02,3.62,0.0,0.0,0.0,2321252352,0,8,4,1,0,sleeping,148009,2385430,470339584,4980736,1300438776,4937839
2025-05-20 03:57:16,21220,11503202304,2320363520,102.2,6.953028411196279,0,21,162.11,3.62,0.0,0.0,0.0,2321252352,0,8,4,1,0,sleeping,149224,2385430,474533888,4980736,1311928719,4937839
2025-05-20 03:57:18,21220,11503202304,2320363520,101.2,6.953028411196279,0,21,163.18,3.63,0.0,0.0,0.0,2321260544,0,8,4,1,0,sleeping,150753,2385430,478728192,4980736,1325942981,4937839
2025-05-20 03:57:19,21220,11503202304,2320363520,101.2,6.953028411196279,0,21,164.25,3.64,0.0,0.0,0.0,2321272832,0,8,4,1,0,sleeping,152234,2385430,482922496,4980736,1340363474,4937839
2025-05-20 03:57:20,21220,11503202304,2320363520,102.3,6.953028411196279,0,21,165.33,3.65,0.0,0.0,0.0,2321276928,0,8,4,1,0,sleeping,153744,2385430,482922496,4980736,1354357941,4937839
2025-05-20 03:57:21,21220,11503202304,2320363520,102.2,6.953028411196279,0,21,166.41,3.66,0.0,0.0,0.0,2321285120,0,8,4,1,0,sleeping,155350,2385430,487116800,4980736,1370286608,4937839
2025-05-20 03:57:22,21220,11503202304,2320363520,102.1,6.953028411196279,0,21,167.49,3.67,0.0,0.0,0.0,2321285120,0,7,4,1,0,sleeping,156771,2385430,491311104,4980736,1383080355,4937839
2025-05-20 03:57:23,21220,11503202304,2320363520,101.6,6.953028411196279,0,21,168.59,3.67,0.0,0.0,0.0,2321285120,0,8,4,1,0,sleeping,158028,2385430,495505408,4980736,1395185429,4937839
2025-05-20 03:57:24,21220,11503202304,2320363520,100.4,6.953028411196279,0,21,169.71,3.67,0.0,0.0,0.0,2321289216,0,8,4,1,0,sleeping,158920,2385430,495505408,4980736,1403662132,4937839
2025-05-20 03:57:25,21220,11503202304,2320363520,100.7,6.953028411196279,0,21,170.91,3.67,0.0,0.0,0.0,2321293312,0,8,4,1,0,sleeping,159492,2385430,495505408,4980736,1408915904,4937839
2025-05-20 03:57:26,21220,11503202304,2320363520,100.0,6.953028411196279,0,21,172.19,3.68,0.0,0.0,0.0,2321301504,0,8,4,1,0,sleeping,159822,2385431,499625984,4980736,1412190268,4937962
2025-05-20 03:57:28,21220,11503202304,2320363520,102.0,6.953028411196279,0,21,173.58,3.69,0.0,0.0,0.0,2321305600,0,8,4,1,0,sleeping,160131,2385431,499625984,4980736,1415452437,4937962
2025-05-20 03:57:29,21220,11503202304,2320363520,103.5,6.953028411196279,0,21,174.83,3.69,0.0,0.0,0.0,2321309696,0,8,4,1,0,sleeping,160405,2385431,499625984,4980736,1417397821,4937962
2025-05-20 03:57:30,21220,11503202304,2320363520,105.1,6.953028411196279,0,21,175.97,3.69,0.0,0.0,0.0,2321313792,0,8,4,1,0,sleeping,161086,2385431,499625984,4980736,1424078060,4937962
2025-05-20 03:57:31,21220,11503202304,2320363520,111.6,6.953028411196279,0,21,177.15,3.7,0.0,0.0,0.0,2321317888,0,8,4,1,0,sleeping,162472,2385431,503820288,4980736,1437496004,4937962
2025-05-20 03:57:32,21220,11503202304,2320363520,103.2,6.953028411196279,0,21,178.25,3.7,0.0,0.0,0.0,2321428480,0,8,4,1,0,sleeping,164096,2385431,507740160,4980736,1453514374,4937962
2025-05-20 03:57:33,21220,11503202304,2320756736,101.2,6.954206692959533,0,21,179.33,3.7,0.0,0.0,0.0,2321747968,0,8,4,1,0,sleeping,165155,2385431,511856640,4980736,1463214593,4937962
2025-05-20 03:57:34,21220,11503202304,2321018880,107.9,6.954992214135036,0,21,180.47,3.71,0.0,0.0,0.0,2321846272,0,8,4,1,0,sleeping,166720,2385431,511856640,4980736,1478665985,4937962
2025-05-20 03:57:35,21220,11503202304,2321018880,102.2,6.955384974722787,0,21,181.54,3.73,0.0,0.0,0.0,2321932288,0,8,4,1,0,sleeping,168316,2385431,515600384,4980736,1494770751,4937962
2025-05-20 03:57:37,21220,11503202304,2321149952,103.2,6.955384974722787,0,21,182.64,3.73,0.0,0.0,0.0,2322063360,0,8,4,1,0,sleeping,169926,2385431,523911168,4980736,1509922694,4937962
2025-05-20 03:57:38,21220,11503202304,2321149952,102.2,6.955384974722787,0,21,183.74,3.74,0.0,0.0,0.0,2322141184,0,8,4,1,0,sleeping,171415,2385431,528105472,4980736,1524376321,4937962
2025-05-20 03:57:39,21220,11503202304,2321149952,102.1,6.955384974722787,0,21,184.82,3.75,0.0,0.0,0.0,2322243584,0,7,4,1,0,sleeping,173033,2385431,532209664,4980736,1540273198,4937962
2025-05-20 03:57:40,21220,11503202304,2321412096,101.8,6.956170495898291,0,21,185.91,3.75,0.0,0.0,0.0,2322341888,0,7,4,1,0,sleeping,174576,2385431,532209664,4980736,1555026471,4937962
2025-05-20 03:57:41,21220,11503202304,2321543168,102.0,6.956563256486042,0,21,187.01,3.76,0.0,0.0,0.0,2322423808,0,8,4,1,0,sleeping,175722,2385431,536403968,4980736,1566293032,4937962
2025-05-20 03:57:42,21220,11503202304,2321674240,100.2,6.956956017073794,0,21,188.14,3.77,0.0,0.0,0.0,2322505728,0,7,4,1,0,sleeping,176525,2385431,536403968,4980736,1573233509,4937962
2025-05-20 03:57:43,21220,11503202304,2321674240,101.0,6.956956017073794,0,21,189.36,3.78,0.0,0.0,0.0,2322542592,0,7,4,1,0,sleeping,177035,2385431,540344320,4980736,1579052992,4937962
2025-05-20 03:57:44,21220,11503202304,2321674240,98.8,6.956956017073794,0,21,190.67,3.78,0.0,0.0,0.0,2322591744,0,8,4,1,0,sleeping,177373,2385431,540344320,4980736,1581540404,4937962
2025-05-20 03:57:46,21220,11503202304,2321674240,103.6,6.956956017073794,0,21,192.11,3.79,0.0,0.0,0.0,2322599936,0,7,4,1,0,sleeping,177647,2385431,540344320,4980736,1584539517,4937962
2025-05-20 03:57:47,21220,11503202304,2321674240,105.9,6.956956017073794,0,21,193.32,3.79,0.0,0.0,0.0,2322632704,0,8,4,1,0,sleeping,178037,2385431,540344320,4980736,1588374619,4937962
2025-05-20 03:57:48,21220,11503202304,2321805312,103.6,6.9573487776615455,0,21,194.42,3.8,0.0,0.0,0.0,2322698240,0,8,4,1,0,sleeping,179015,2385431,544538624,4980736,1597316761,4937962
2025-05-20 03:57:49,21220,11503202304,2321936384,102.2,6.957741538249297,0,21,195.5,3.81,0.0,0.0,0.0,2322833408,0,7,4,1,0,sleeping,180577,2385431,548732928,4980736,1613160230,4937962
2025-05-20 03:57:50,21220,11503202304,2321936384,102.3,6.957741538249297,0,21,196.58,3.82,0.0,0.0,0.0,2322952192,0,8,4,1,0,sleeping,182290,2385431,552927232,4980736,1629669805,4937962
2025-05-20 03:57:51,21220,11503202304,2322067456,101.3,6.958134298837049,0,21,197.66,3.82,0.0,0.0,0.0,2322997248,0,8,4,1,0,sleeping,183802,2385431,552927232,4980736,1644539265,4937962
2025-05-20 03:57:52,21220,11503202304,2322329600,103.1,6.958919820012552,0,21,198.76,3.82,0.0,0.0,0.0,2323132416,0,8,4,1,0,sleeping,185231,2385431,557019136,4980736,1657578844,4937962
2025-05-20 03:57:53,21220,11503202304,2322460672,102.2,6.959312580600302,0,21,199.84,3.83,0.0,0.0,0.0,2323243008,0,8,4,1,0,sleeping,186837,2385431,561213440,4980736,1673528542,4937962
2025-05-20 03:57:55,21220,11503202304,2322460672,100.3,6.959312580600302,0,21,200.91,3.83,0.0,0.0,0.0,2323329024,0,8,4,1,0,sleeping,188394,2385431,565407744,4980736,1687674586,4937962
2025-05-20 03:57:56,21220,11503202304,2322722816,103.1,6.960098101775805,0,21,202.0,3.84,0.0,0.0,0.0,2323447808,0,8,4,1,0,sleeping,189828,2385432,569602048,4980736,1701429254,4938085
2025-05-20 03:57:57,21220,11503202304,2322722816,101.3,6.960098101775805,0,21,203.08,3.84,0.0,0.0,0.0,2323533824,0,8,4,1,0,sleeping,191485,2385432,573485056,4980736,1717063698,4938085
2025-05-20 03:57:58,21220,11503202304,2322722816,101.4,6.960098101775805,0,21,204.17,3.84,0.0,0.0,0.0,2323652608,0,7,4,1,0,sleeping,192705,2385432,573485056,4980736,1728370319,4938085
2025-05-20 03:57:59,21220,11503202304,2322722816,101.5,6.960098101775805,0,21,205.29,3.84,0.0,0.0,0.0,2323652608,0,7,4,1,0,sleeping,193634,2385432,577679360,4980736,1736831744,4938085
2025-05-20 03:58:00,21220,11503202304,2322722816,101.4,6.960098101775805,0,21,206.47,3.85,0.0,0.0,0.0,2323656704,0,7,4,1,0,sleeping,194298,2385432,577679360,4980736,1743822095,4938085
2025-05-20 03:58:01,21220,11503202304,2322722816,99.2,6.960098101775805,0,21,207.74,3.85,0.0,0.0,0.0,2323660800,0,8,4,1,0,sleeping,194734,2385432,577679360,4980736,1748191598,4938085
2025-05-20 03:58:02,21220,11503202304,2322722816,101.0,6.960098101775805,0,21,209.21,3.86,0.0,0.0,0.0,2323660800,0,7,4,1,0,sleeping,194974,2385432,577679360,4980736,1749874528,4938085
2025-05-20 03:58:04,21220,11503202304,2322722816,103.5,6.960098101775805,0,21,210.69,3.88,0.0,0.0,0.0,2323660800,0,7,4,1,0,sleeping,195197,2385432,581873664,4980736,1752457315,4938085
2025-05-20 03:58:05,21220,11503202304,2322722816,107.5,6.960098101775805,0,21,211.88,3.89,0.0,0.0,0.0,2323660800,0,7,4,1,0,sleeping,195772,2385432,581873664,4980736,1757640775,4938085
2025-05-20 03:58:06,21220,11503202304,2322853888,114.4,6.960490862363557,0,21,213.11,3.89,0.0,0.0,0.0,2323890176,0,7,4,1,0,sleeping,197046,2385432,586067968,4980736,1769854337,4938085
2025-05-20 03:58:07,21220,11503202304,2322853888,101.3,6.960490862363557,0,21,214.18,3.9,0.0,0.0,0.0,2323890176,0,8,4,1,0,sleeping,198600,2385432,586067968,4980736,1784153507,4938085
2025-05-20 03:58:09,21220,11503202304,2322853888,102.2,6.960490862363557,0,21,215.26,3.91,0.0,0.0,0.0,2323894272,0,6,4,1,0,sleeping,200014,2385432,590262272,4980736,1797833371,4938085
2025-05-20 03:58:10,21220,11503202304,2322853888,101.3,6.960490862363557,0,21,216.34,3.91,0.0,0.0,0.0,2323894272,0,8,4,1,0,sleeping,201415,2385432,594456576,4980736,1810256426,4938085
2025-05-20 03:58:11,21220,11503202304,2322984960,100.3,6.960883622951308,0,21,217.4,3.92,0.0,0.0,0.0,2323898368,0,6,4,1,0,sleeping,203012,2385432,598593536,4980736,1826106254,4938085
2025-05-20 03:58:12,21220,11503202304,2322984960,102.2,6.960883622951308,0,21,218.48,3.93,0.0,0.0,0.0,2323910656,0,8,4,1,0,sleeping,204540,2385432,602787840,4980736,1840088127,4938085
2025-05-20 03:58:13,21220,11503202304,2322984960,102.1,6.960883622951308,0,21,219.57,3.93,0.0,0.0,0.0,2323914752,0,8,4,1,0,sleeping,205935,2385432,606982144,4980736,1853721815,4938085
2025-05-20 03:58:14,21220,11503202304,2322984960,101.3,6.960883622951308,0,21,220.65,3.93,0.0,0.0,0.0,2323918848,0,7,4,1,0,sleeping,207312,2385432,611176448,4980736,1866043434,4938085
2025-05-20 03:58:15,21220,11503202304,2322984960,101.3,6.960883622951308,0,21,221.72,3.94,0.0,0.0,0.0,2323922944,0,8,4,1,0,sleeping,208682,2385432,611176448,4980736,1879014213,4938085
2025-05-20 03:58:16,21220,11503202304,2322984960,101.8,6.960883622951308,0,21,222.81,3.94,0.0,0.0,0.0,2323927040,0,7,4,1,0,sleeping,209840,2385432,615100416,4980736,1889038424,4938085
2025-05-20 03:58:17,21220,11503202304,2322984960,100.8,6.960883622951308,0,21,223.91,3.94,0.0,0.0,0.0,2323931136,0,8,4,1,0,sleeping,210690,2385432,619294720,4980736,1895705781,4938085
2025-05-20 03:58:18,21220,11503202304,2322984960,100.4,6.960883622951308,0,21,225.05,3.95,0.0,0.0,0.0,2323935232,0,8,4,1,0,sleeping,211397,2385432,619294720,4980736,1902690679,4938085
2025-05-20 03:58:19,21220,11503202304,2322984960,100.1,6.960883622951308,0,21,226.3,3.95,0.0,0.0,0.0,2323939328,0,8,4,1,0,sleeping,211802,2385432,619294720,4980736,1906424452,4938085
2025-05-20 03:58:21,21220,11503202304,2322984960,100.6,6.960883622951308,0,21,227.65,3.96,0.0,0.0,0.0,2323939328,0,8,4,1,0,sleeping,212107,2385432,623489024,4980736,1909623760,4938085
2025-05-20 03:58:22,21220,11503202304,2322984960,102.1,6.960883622951308,0,21,229.16,3.97,0.0,0.0,0.0,2323939328,0,8,4,1,0,sleeping,212348,2385432,623489024,4980736,1911367673,4938085
2025-05-20 03:58:23,21220,11503202304,2322984960,104.3,6.960883622951308,0,21,230.57,3.97,0.0,0.0,0.0,2323939328,0,8,4,1,0,sleeping,212553,2385432,623489024,4980736,1913911094,4938085
2025-05-20 03:58:25,21220,11503202304,2322984960,106.9,6.960883622951308,0,21,231.74,3.97,0.0,0.0,0.0,2323943424,0,8,4,1,0,sleeping,213169,2385432,623489024,4980736,1919404192,4938085
2025-05-20 03:58:26,21220,11503202304,2322984960,102.1,6.960883622951308,0,21,232.82,3.98,0.0,0.0,0.0,2323951616,0,7,4,1,0,sleeping,214668,2385432,627683328,4980736,1934359940,4938085
2025-05-20 03:58:27,21220,11503202304,2322984960,101.3,6.960883622951308,0,21,233.89,3.99,0.0,0.0,0.0,2323951616,0,8,4,1,0,sleeping,216295,2385432,631816192,4980736,1950326655,4938085
2025-05-20 03:58:28,21220,11503202304,2322984960,102.1,6.960883622951308,0,21,234.98,3.99,0.0,0.0,0.0,2323955712,0,8,4,1,0,sleeping,217683,2385432,635887616,4980736,1963022528,4938085
2025-05-20 03:58:29,21220,11503202304,2322984960,102.2,6.960883622951308,0,21,236.06,4.0,0.0,0.0,0.0,2323963904,0,8,4,1,0,sleeping,219240,2385432,640081920,4980736,1978630916,4938085
2025-05-20 03:58:30,21220,11503202304,2322984960,102.4,6.960883622951308,0,21,237.16,4.01,0.0,0.0,0.0,2323963904,0,7,4,1,0,sleeping,220690,2385432,640081920,4980736,1991680871,4938085
2025-05-20 03:58:31,21220,11503202304,2322984960,101.2,6.960883622951308,0,21,238.24,4.01,0.0,0.0,0.0,2323976192,0,7,4,1,0,sleeping,222127,2385432,644112384,4980736,2005617644,4938085
2025-05-20 03:58:32,21220,11503202304,2322984960,102.1,6.960883622951308,0,21,239.32,4.02,0.0,0.0,0.0,2323984384,0,8,4,1,0,sleeping,223475,2385432,648306688,4980736,2017792010,4938085
2025-05-20 03:58:33,21220,11503202304,2322984960,101.2,6.960883622951308,0,21,240.4,4.02,0.0,0.0,0.0,2323984384,0,8,4,1,0,sleeping,224944,2385432,652500992,4980736,2032304391,4938085
2025-05-20 03:58:34,21220,11503202304,2322984960,102.8,6.960883622951308,0,21,241.5,4.02,0.0,0.0,0.0,2323988480,0,8,4,1,0,sleeping,226295,2385432,656130048,4980736,2045082476,4938085
2025-05-20 03:58:35,21220,11503202304,2322984960,101.0,6.960883622951308,0,21,242.6,4.02,0.0,0.0,0.0,2323988480,0,8,4,1,0,sleeping,227362,2385432,656130048,4980736,2055542167,4938085
2025-05-20 03:58:37,21220,11503202304,2322984960,101.2,6.960883622951308,0,21,243.74,4.03,0.0,0.0,0.0,2324037632,0,8,4,1,0,sleeping,228125,2385433,660324352,4980736,2062657631,4938208
2025-05-20 03:58:38,21220,11503202304,2322984960,99.1,6.960883622951308,0,21,244.94,4.04,0.0,0.0,0.0,2324037632,0,8,4,1,0,sleeping,228579,2385433,660324352,4980736,2066679435,4938208
2025-05-20 03:58:39,21220,11503202304,2323107840,150.9,6.961251836002326,0,21,246.88,4.17,0.0,0.0,0.0,2324041728,0,8,4,1,0,sleeping,228880,2397520,660324352,6168576,2096433318,6124212
2025-05-20 03:58:40,21220,11503202304,2323107840,142.6,6.961251836002326,0,21,248.63,4.17,0.0,0.0,0.0,2323976192,0,8,4,1,0,sleeping,229159,2397520,660324352,6168576,2098558825,6124212
2025-05-20 03:58:42,21220,11503202304,2323107840,106.1,6.961251836002326,0,21,249.76,4.19,0.0,0.0,0.0,2323980288,0,8,4,1,0,sleeping,229917,2397520,662978560,6168576,2105929018,6124212
2025-05-20 03:58:43,21220,11503202304,2323107840,101.2,6.961251836002326,0,21,250.84,4.19,0.0,0.0,0.0,2324000768,0,8,4,1,0,sleeping,231284,2397520,662978560,6168576,2118970292,6124212
2025-05-20 03:58:44,21220,11503202304,2323107840,104.0,6.961251836002326,0,21,251.94,4.2,0.0,0.0,0.0,2324000768,0,8,4,1,0,sleeping,232828,2397520,667172864,6168576,2133954360,6124212
2025-05-20 03:58:45,21220,11503202304,2323107840,101.2,6.961251836002326,0,21,253.01,4.21,0.0,0.0,0.0,2324017152,0,8,4,1,0,sleeping,234541,2397520,671367168,6168576,2150246748,6124212
2025-05-20 03:58:46,21220,11503202304,2323107840,103.1,6.961251836002326,0,21,254.1,4.22,0.0,0.0,0.0,2324025344,0,8,4,1,0,sleeping,236041,2397520,675561472,6168576,2164912435,6124212
2025-05-20 03:58:47,21220,11503202304,2323107840,103.1,6.961251836002326,0,21,255.2,4.22,0.0,0.0,0.0,2324025344,0,8,4,1,0,sleeping,237481,2397520,679755776,6168576,2178050100,6124212
2025-05-20 03:58:48,21220,11503202304,2323107840,101.2,6.961251836002326,0,21,256.28,4.22,0.0,0.0,0.0,2324037632,0,7,4,1,0,sleeping,238860,2397520,683950080,6168576,2191157206,6124212
2025-05-20 03:58:49,21220,11503202304,2323107840,102.2,6.961251836002326,0,21,257.37,4.22,0.0,0.0,0.0,2324037632,0,8,4,1,0,sleeping,240349,2397520,688144384,6168576,2204870512,6124212
2025-05-20 03:58:50,21220,11503202304,2323238912,103.0,6.9616445965900775,0,21,258.46,4.23,0.0,0.0,0.0,2324054016,0,8,4,1,0,sleeping,241830,2397520,688144384,6168576,2219277414,6124212
2025-05-20 03:58:51,21220,11503202304,2323238912,101.8,6.9616445965900775,0,21,259.55,4.23,0.0,0.0,0.0,2324058112,0,8,4,1,0,sleeping,243136,2397520,692338688,6168576,2231433053,6124212
2025-05-20 03:58:52,21220,11503202304,2323238912,101.1,6.9616445965900775,0,21,260.66,4.23,0.0,0.0,0.0,2324058112,0,8,4,1,0,sleeping,244250,2397520,696532992,6168576,2242596499,6124212
2025-05-20 03:58:53,21220,11503202304,2323238912,100.2,6.9616445965900775,0,21,261.82,4.23,0.0,0.0,0.0,2324058112,0,8,4,1,0,sleeping,244939,2397520,696532992,6168576,2248626831,6124212
2025-05-20 03:58:54,21220,11503202304,2323238912,102.1,6.9616445965900775,0,21,263.09,4.25,0.0,0.0,0.0,2324058112,0,8,4,1,0,sleeping,245428,2397520,696532992,6168576,2253506595,6124212
2025-05-20 03:58:56,21220,11503202304,2323238912,100.1,6.9616445965900775,0,21,264.64,4.26,0.0,0.0,0.0,2324058112,0,8,4,1,0,sleeping,245697,2397520,700715008,6168576,2256298733,6124212
2025-05-20 03:58:57,21220,11503202304,2323238912,102.4,6.9616445965900775,0,21,266.05,4.26,0.0,0.0,0.0,2324058112,0,8,4,1,0,sleeping,245909,2397520,700715008,6168576,2257920174,6124212
2025-05-20 03:58:59,21220,11503202304,2323238912,106.1,6.9616445965900775,0,21,267.21,4.27,0.0,0.0,0.0,2324058112,0,7,4,1,0,sleeping,246441,2397520,700715008,6168576,2262884984,6124212
2025-05-20 03:59:00,21220,11503202304,2323238912,103.1,6.9616445965900775,0,21,268.3,4.28,0.0,0.0,0.0,2324074496,0,8,4,1,0,sleeping,247647,2397520,704909312,6168576,2274810798,6124212
2025-05-20 03:59:01,21220,11503202304,2324287488,101.3,6.964786681292089,0,21,269.37,4.29,0.0,0.0,0.0,2325270528,0,8,4,1,0,sleeping,249320,2397520,709099520,6168576,2291696257,6124212
2025-05-20 03:59:02,21220,11503202304,2328612864,102.2,6.9777477806878885,0,21,270.45,4.3,0.0,0.0,0.0,2329485312,0,8,4,1,0,sleeping,250854,2397520,709099520,6168576,2306050110,6124212
2025-05-20 03:59:03,21220,11503202304,2330710016,143.4,6.984031950091913,0,21,271.96,4.32,0.0,0.0,0.0,2331631616,0,8,4,1,0,sleeping,252334,2397520,713285632,6168576,2320357733,6124212
2025-05-20 03:59:04,21220,11503202304,2330710016,101.3,6.984031950091913,0,21,273.04,4.32,0.0,0.0,0.0,2331631616,0,8,4,1,0,sleeping,253756,2397520,717479936,6168576,2334291567,6124212
2025-05-20 03:59:05,21220,11503202304,2330710016,101.9,6.984031950091913,0,21,274.13,4.32,0.0,0.0,0.0,2331639808,0,8,4,1,0,sleeping,255222,2397520,721674240,6168576,2347914120,6124212
2025-05-20 03:59:06,21220,11503202304,2330710016,101.3,6.984031950091913,0,21,275.22,4.32,0.0,0.0,0.0,2331643904,0,8,4,1,0,sleeping,256718,2397521,725200896,6168576,2362738995,6124335
2025-05-20 03:59:07,21220,11503202304,2330710016,102.9,6.984031950091913,0,21,276.31,4.33,0.0,0.0,0.0,2331648000,0,7,4,1,0,sleeping,258185,2397521,725200896,6168576,2376283424,6124335
2025-05-20 03:59:08,21220,11503202304,2330710016,101.2,6.984031950091913,0,21,277.39,4.33,0.0,0.0,0.0,2331660288,0,8,4,1,0,sleeping,259776,2397521,728043520,6168576,2392051534,6124335
2025-05-20 03:59:09,21220,11503202304,2330710016,101.0,6.984031950091913,0,21,278.47,4.33,0.0,0.0,0.0,2331660288,0,8,4,1,0,sleeping,261263,2397521,732237824,6168576,2405956958,6124335
2025-05-20 03:59:10,21220,11503202304,2330710016,103.1,6.984031950091913,0,21,279.57,4.33,0.0,0.0,0.0,2331664384,0,7,4,1,0,sleeping,262713,2397521,736432128,6168576,2419448610,6124335
2025-05-20 03:59:12,21220,11503202304,2330710016,100.9,6.984031950091913,0,21,280.65,4.33,0.0,0.0,0.0,2331668480,0,8,4,1,0,sleeping,264331,2397521,740626432,6168576,2436060078,6124335
2025-05-20 03:59:13,21220,11503202304,2330710016,100.6,6.984031950091913,0,21,281.75,4.33,0.0,0.0,0.0,2331668480,0,8,4,1,0,sleeping,265349,2397521,740626432,6168576,2445098638,6124335
2025-05-20 03:59:14,21220,11503202304,2330710016,100.3,6.984031950091913,0,21,282.89,4.34,0.0,0.0,0.0,2331668480,0,8,4,1,0,sleeping,266091,2397521,744816640,6168576,2452373433,6124335
2025-05-20 03:59:15,21220,11503202304,2330710016,100.8,6.984031950091913,0,21,284.13,4.35,0.0,0.0,0.0,2331668480,0,8,4,1,0,sleeping,266549,2397521,744816640,6168576,2456586342,6124335
2025-05-20 03:59:16,21220,11503202304,2330710016,98.8,6.984031950091913,0,21,285.47,4.35,0.0,0.0,0.0,2331672576,0,8,4,1,0,sleeping,266784,2397521,744816640,6168576,2459010170,6124335
2025-05-20 03:59:17,21220,11503202304,2330710016,103.5,6.984031950091913,0,21,286.97,4.36,0.0,0.0,0.0,2331676672,0,8,4,1,0,sleeping,267004,2397521,744816640,6168576,2460530058,6124335
2025-05-20 03:59:19,21220,11503202304,2330710016,106.0,6.984031950091913,0,21,288.16,4.37,0.0,0.0,0.0,2331680768,0,8,4,1,0,sleeping,267381,2397521,744816640,6168576,2464227015,6124335
2025-05-20 03:59:20,21220,11503202304,2330710016,103.7,6.984031950091913,0,21,289.26,4.38,0.0,0.0,0.0,2331688960,0,7,4,1,0,sleeping,268737,2397521,753180672,6168576,2475944332,6124335
2025-05-20 03:59:21,21220,11503202304,2330710016,100.3,6.984031950091913,0,21,290.33,4.38,0.0,0.0,0.0,2331688960,0,8,4,1,0,sleeping,269515,2397521,753180672,6168576,2483722380,6124335
2025-05-20 03:59:22,21220,11503202304,2330710016,123.5,6.984031950091913,0,21,291.69,4.38,0.0,0.0,0.0,2331693056,0,7,4,1,0,sleeping,271053,2397521,757374976,6168576,2498778360,6124335
2025-05-20 03:59:23,21220,11503202304,2330710016,105.0,6.984031950091913,0,21,292.8,4.39,0.0,0.0,0.0,2331697152,0,8,4,1,0,sleeping,272498,2397521,761569280,6168576,2511973009,6124335
2025-05-20 03:59:24,21220,11503202304,2330710016,103.1,6.984031950091913,0,21,293.89,4.4,0.0,0.0,0.0,2331701248,0,8,4,1,0,sleeping,274061,2397521,765763584,6168576,2527357703,6124335
2025-05-20 03:59:25,21220,11503202304,2330710016,101.2,6.984031950091913,0,21,294.97,4.4,0.0,0.0,0.0,2331705344,0,8,4,1,0,sleeping,275443,2397521,769957888,6168576,2539905326,6124335
2025-05-20 03:59:26,21220,11503202304,2330710016,101.2,6.984031950091913,0,21,296.05,4.4,0.0,0.0,0.0,2331709440,0,8,4,1,0,sleeping,277011,2397521,769957888,6168576,2555497936,6124335
2025-05-20 03:59:28,21220,11503202304,2330710016,104.9,6.984031950091913,0,21,297.16,4.41,0.0,0.0,0.0,2331709440,0,8,4,1,0,sleeping,278469,2397521,774152192,6168576,2568944572,6124335
2025-05-20 03:59:29,21220,11503202304,2330710016,102.2,6.984031950091913,0,21,298.25,4.41,0.0,0.0,0.0,2331717632,0,8,4,1,0,sleeping,279886,2397521,778346496,6168576,2582954219,6124335
2025-05-20 03:59:30,21220,11503202304,2330710016,101.3,6.984031950091913,0,21,299.33,4.41,0.0,0.0,0.0,2331725824,0,8,4,1,0,sleeping,281335,2397521,782540800,6168576,2596295607,6124335
2025-05-20 03:59:31,21220,11503202304,2330710016,101.1,6.984031950091913,0,21,300.4,4.42,0.0,0.0,0.0,2331729920,0,8,4,1,0,sleeping,282824,2397521,786735104,6168576,2611194749,6124335
2025-05-20 03:59:32,21220,11503202304,2330710016,102.6,6.984031950091913,0,21,301.52,4.42,0.0,0.0,0.0,2331734016,0,7,4,1,0,sleeping,284118,2397521,786735104,6168576,2622807686,6124335
2025-05-20 03:59:33,21220,11503202304,2330710016,100.7,6.984031950091913,0,21,302.67,4.42,0.0,0.0,0.0,2331734016,0,8,4,1,0,sleeping,284886,2397521,790929408,6168576,2630194670,6124335
2025-05-20 03:59:34,21220,11503202304,2330710016,99.5,6.984031950091913,0,21,303.89,4.42,0.0,0.0,0.0,2331738112,0,8,4,1,0,sleeping,285412,2397521,790929408,6168576,2635970482,6124335
2025-05-20 03:59:35,21220,11503202304,2330710016,103.4,6.984031950091913,0,21,305.34,4.43,0.0,0.0,0.0,2331738112,0,6,4,1,0,sleeping,285710,2397522,790929408,6168576,2638289777,6124458
2025-05-20 03:59:37,21220,11503202304,2330710016,101.9,6.984031950091913,0,21,306.83,4.45,0.0,0.0,0.0,2331738112,0,7,4,1,0,sleeping,285908,2397522,795123712,6168576,2640671330,6124458
2025-05-20 03:59:38,21220,11503202304,2330710016,105.2,6.984031950091913,0,21,308.08,4.45,0.0,0.0,0.0,2331738112,0,8,4,1,0,sleeping,286257,2397522,795123712,6168576,2643443883,6124458
2025-05-20 03:59:39,21220,11503202304,2330710016,104.0,6.984031950091913,0,21,309.19,4.46,0.0,0.0,0.0,2331742208,0,8,4,1,0,sleeping,287191,2397522,795123712,6168576,2652419869,6124458
2025-05-20 03:59:40,21220,11503202304,2330710016,103.2,6.984031950091913,0,21,310.28,4.47,0.0,0.0,0.0,2331750400,0,7,4,1,0,sleeping,288666,2397522,799318016,6168576,2667488507,6124458
2025-05-20 03:59:41,21220,11503202304,2330710016,101.2,6.984031950091913,0,21,311.36,4.47,0.0,0.0,0.0,2331754496,0,7,4,1,0,sleeping,290134,2397522,803512320,6168576,2680917982,6124458
2025-05-20 03:59:43,21220,11503202304,2330710016,102.2,6.984031950091913,0,21,312.44,4.48,0.0,0.0,0.0,2331758592,0,8,4,1,0,sleeping,291674,2397522,807706624,6168576,2696208706,6124458
2025-05-20 03:59:44,21220,11503202304,2330710016,102.1,6.984031950091913,0,21,313.52,4.49,0.0,0.0,0.0,2331766784,0,7,4,1,0,sleeping,293178,2397522,807706624,6168576,2710051413,6124458
2025-05-20 03:59:45,21220,11503202304,2330710016,101.9,6.984031950091913,0,21,314.61,4.49,0.0,0.0,0.0,2331770880,0,8,4,1,0,sleeping,294677,2397522,811900928,6168576,2724967266,6124458
2025-05-20 03:59:46,21220,11503202304,2330710016,101.3,6.984031950091913,0,21,315.68,4.5,0.0,0.0,0.0,2331783168,0,8,4,1,0,sleeping,296285,2397522,816095232,6168576,2740067423,6124458
2025-05-20 03:59:47,21220,11503202304,2330710016,102.3,6.984031950091913,0,21,316.78,4.51,0.0,0.0,0.0,2331783168,0,8,4,1,0,sleeping,297871,2397522,820289536,6168576,2755778075,6124458
2025-05-20 03:59:48,21220,11503202304,2330710016,101.9,6.984031950091913,0,21,317.87,4.51,0.0,0.0,0.0,2331787264,0,8,4,1,0,sleeping,299383,2397522,824483840,6168576,2770200369,6124458
2025-05-20 03:59:49,21220,11503202304,2330710016,102.3,6.984031950091913,0,21,318.97,4.53,0.0,0.0,0.0,2331795456,0,8,4,1,0,sleeping,300435,2397522,824483840,6168576,2779636631,6124458
2025-05-20 03:59:50,21220,11503202304,2330710016,100.1,6.984031950091913,0,21,320.11,4.54,0.0,0.0,0.0,2331795456,0,7,4,1,0,sleeping,301167,2397522,828678144,6168576,2786991262,6124458
2025-05-20 03:59:51,21220,11503202304,2330710016,100.0,6.984031950091913,0,21,321.36,4.54,0.0,0.0,0.0,2331799552,0,8,4,1,0,sleeping,301584,2397522,828678144,6168576,2790846470,6124458
2025-05-20 03:59:52,21220,11503202304,2330710016,100.7,6.984031950091913,0,21,322.75,4.55,0.0,0.0,0.0,2331828224,0,8,4,1,0,sleeping,301918,2397522,828678144,6168576,2794268585,6124458
2025-05-20 03:59:54,21220,11503202304,2330710016,101.8,6.984031950091913,0,21,324.13,4.55,0.0,0.0,0.0,2331828224,0,6,4,1,0,sleeping,302113,2397522,828678144,6168576,2795578870,6124458
2025-05-20 03:59:55,21220,11503202304,2330841088,105.6,6.984424710679664,0,21,325.29,4.56,0.0,0.0,0.0,2331877376,0,8,4,1,0,sleeping,302590,2397522,828678144,6168576,2800085851,6124458
2025-05-20 03:59:56,21220,11503202304,2330972160,102.9,6.984817471267416,0,21,326.38,4.57,0.0,0.0,0.0,2331951104,0,7,4,1,0,sleeping,303701,2397522,832872448,6168576,2811184805,6124458
2025-05-20 03:59:57,21220,11503202304,2332282880,102.2,6.988745077144929,0,21,327.47,4.57,0.0,0.0,0.0,2333061120,0,7,4,1,0,sleeping,305185,2397522,837066752,6168576,2825254769,6124458
2025-05-20 03:59:58,21220,11503202304,2335428608,116.3,6.9981713312509655,0,21,328.71,4.57,0.0,0.0,0.0,2336366592,0,8,4,1,0,sleeping,306747,2397522,841261056,6168576,2839937572,6124458
2025-05-20 04:00:00,21220,11503202304,2335428608,100.9,6.9981713312509655,0,21,329.78,4.58,0.0,0.0,0.0,2336370688,0,8,4,1,0,sleeping,308338,2397522,845455360,6168576,2855637658,6124458
2025-05-20 04:00:01,21220,11503202304,2335428608,102.2,6.9981713312509655,0,21,330.86,4.59,0.0,0.0,0.0,2336378880,0,8,4,1,0,sleeping,309937,2397522,845455360,6168576,2870830324,6124458
2025-05-20 04:00:02,21220,11503202304,2335428608,101.3,6.9981713312509655,0,21,331.94,4.59,0.0,0.0,0.0,2336391168,0,7,4,1,0,sleeping,311451,2397522,849649664,6168576,2885799784,6124458
2025-05-20 04:00:03,21220,11503202304,2335428608,102.2,6.9981713312509655,0,21,333.02,4.6,0.0,0.0,0.0,2336391168,0,8,4,1,0,sleeping,312960,2397522,853843968,6168576,2899654517,6124458
2025-05-20 04:00:04,21220,11503202304,2335428608,101.3,6.9981713312509655,0,21,334.1,4.6,0.0,0.0,0.0,2336391168,0,7,4,1,0,sleeping,314041,2397522,858038272,6168576,2909076851,6124458
2025-05-20 04:00:05,21220,11503202304,2335490048,105.5,6.998355437776474,0,21,335.21,4.62,0.0,0.0,0.0,2336415744,0,8,4,1,0,sleeping,315562,2409190,862232576,7266304,2945790881,7204714
2025-05-20 04:00:06,21220,11503202304,2335490048,102.2,6.998355437776474,0,21,336.29,4.63,0.0,0.0,0.0,2336362496,0,8,4,1,0,sleeping,317196,2409191,862789632,7266304,2962276592,7204837
2025-05-20 04:00:07,21220,11503202304,2335490048,101.1,6.998355437776474,0,21,337.36,4.64,0.0,0.0,0.0,2336370688,0,8,4,1,0,sleeping,318763,2409191,863543296,7266304,2978013483,7204837
2025-05-20 04:00:08,21220,11503202304,2335490048,101.4,6.998355437776474,0,21,338.45,4.65,0.0,0.0,0.0,2336374784,0,8,4,1,0,sleeping,319970,2409191,863543296,7266304,2988874967,7204837
2025-05-20 04:00:09,21220,11503202304,2335490048,102.2,6.998355437776474,0,21,339.6,4.65,0.0,0.0,0.0,2336378880,0,8,4,1,0,sleeping,320847,2409191,863543296,7266304,2997409795,7204837
2025-05-20 04:00:10,21220,11503202304,2335490048,101.2,6.998355437776474,0,21,340.81,4.66,0.0,0.0,0.0,2336382976,0,8,4,1,0,sleeping,321343,2409191,863543296,7266304,3002895413,7204837
2025-05-20 04:00:11,21220,11503202304,2335490048,99.4,6.998355437776474,0,21,342.12,4.66,0.0,0.0,0.0,2336382976,0,8,4,1,0,sleeping,321724,2409191,863543296,7266304,3005772957,7204837
2025-05-20 04:00:13,21220,11503202304,2335490048,99.9,6.998355437776474,0,21,343.63,4.66,0.0,0.0,0.0,2336382976,0,8,4,1,0,sleeping,322013,2409191,863543296,7266304,3008950030,7204837
2025-05-20 04:00:14,21220,11503202304,2335490048,108.0,6.998355437776474,0,21,344.93,4.67,0.0,0.0,0.0,2336382976,0,8,4,1,0,sleeping,322311,2409191,863543296,7266304,3012100294,7204837
2025-05-20 04:00:16,21220,11503202304,2335490048,102.3,6.998355437776474,0,21,346.03,4.67,0.0,0.0,0.0,2336382976,0,8,4,1,0,sleeping,323123,2409191,867688448,7266304,3019884548,7204837
2025-05-20 04:00:17,21220,11503202304,2335490048,103.1,6.998355437776474,0,21,347.11,4.69,0.0,0.0,0.0,2336387072,0,8,4,1,0,sleeping,324576,2409191,867688448,7266304,3033290596,7204837
2025-05-20 04:00:18,21220,11503202304,2335490048,101.3,6.998355437776474,0,21,348.18,4.7,0.0,0.0,0.0,2336395264,0,8,4,1,0,sleeping,326153,2409191,870432768,7266304,3047943356,7204837
2025-05-20 04:00:19,21220,11503202304,2335490048,100.4,6.998355437776474,0,21,349.25,4.7,0.0,0.0,0.0,2336407552,0,8,4,1,0,sleeping,327820,2409191,873967616,7266304,3064482774,7204837
2025-05-20 04:00:20,21220,11503202304,2335490048,102.3,6.998355437776474,0,21,350.34,4.71,0.0,0.0,0.0,2336407552,0,8,4,1,0,sleeping,329352,2409191,882356224,7266304,3078438479,7204837
2025-05-20 04:00:21,21220,11503202304,2335490048,101.3,6.998355437776474,0,21,351.42,4.71,0.0,0.0,0.0,2336411648,0,8,4,1,0,sleeping,330788,2409191,886550528,7266304,3092451513,7204837
2025-05-20 04:00:22,21220,11503202304,2335621120,101.3,6.9987481983642255,0,21,352.49,4.72,0.0,0.0,0.0,2336419840,0,8,4,1,0,sleeping,332405,2409191,886550528,7266304,3107894094,7204837
2025-05-20 04:00:23,21220,11503202304,2335621120,101.3,6.9987481983642255,0,21,353.57,4.72,0.0,0.0,0.0,2336419840,0,8,4,1,0,sleeping,333936,2409191,890744832,7266304,3123066611,7204837
2025-05-20 04:00:24,21220,11503202304,2335621120,102.2,6.9987481983642255,0,21,354.65,4.73,0.0,0.0,0.0,2336432128,0,8,4,1,0,sleeping,335470,2409191,894939136,7266304,3137215357,7204837
2025-05-20 04:00:25,21220,11503202304,2335621120,102.1,6.9987481983642255,0,21,355.73,4.74,0.0,0.0,0.0,2336436224,0,8,4,1,0,sleeping,336762,2409191,899133440,7266304,3149004804,7204837
2025-05-20 04:00:26,21220,11503202304,2335621120,103.8,6.9987481983642255,0,21,356.84,4.74,0.0,0.0,0.0,2336440320,0,8,4,1,0,sleeping,338248,2409191,903327744,7266304,3164268082,7204837
2025-05-20 04:00:27,21220,11503202304,2335621120,101.1,6.9987481983642255,0,21,357.93,4.74,0.0,0.0,0.0,2336440320,0,8,4,1,0,sleeping,339575,2409191,907522048,7266304,3176950343,7204837
2025-05-20 04:00:28,21220,11503202304,2335621120,99.9,6.9987481983642255,0,21,359.04,4.74,0.0,0.0,0.0,2336440320,0,8,4,1,0,sleeping,340446,2409191,911716352,7266304,3184824963,7204837
2025-05-20 04:00:29,21220,11503202304,2335621120,99.3,6.9987481983642255,0,21,360.21,4.74,0.0,0.0,0.0,2336444416,0,8,4,1,0,sleeping,340970,2409191,911716352,7266304,3189235095,7204837
2025-05-20 04:00:31,21220,11503202304,2335621120,97.8,6.9987481983642255,0,21,361.47,4.75,0.0,0.0,0.0,2336444416,0,8,4,1,0,sleeping,341359,2409191,911716352,7266304,3192944968,7204837
2025-05-20 04:00:32,21220,11503202304,2335621120,98.1,6.9987481983642255,0,21,362.96,4.76,0.0,0.0,0.0,2336444416,0,7,4,1,0,sleeping,341598,2409191,911716352,7266304,3195553980,7204837
2025-05-20 04:00:34,21220,11503202304,2335621120,100.7,6.9987481983642255,0,21,364.47,4.76,0.0,0.0,0.0,2336444416,0,8,4,1,0,sleeping,341778,2409191,911716352,7266304,3196794663,7204837
2025-05-20 04:00:35,21220,11503202304,2335621120,109.1,6.9987481983642255,0,21,365.75,4.77,0.0,0.0,0.0,2336444416,0,7,4,1,0,sleeping,341985,2409191,911716352,7266304,3199061494,7204837
2025-05-20 04:00:36,21220,11503202304,2335621120,102.5,6.9987481983642255,0,21,366.85,4.77,0.0,0.0,0.0,2336452608,0,8,4,1,0,sleeping,342849,2409192,915910656,7266304,3206994928,7204960
2025-05-20 04:00:37,21220,11503202304,2335621120,101.2,6.9987481983642255,0,21,367.92,4.78,0.0,0.0,0.0,2336460800,0,8,4,1,0,sleeping,344246,2409192,920104960,7266304,3219684538,7204960
2025-05-20 04:00:38,21220,11503202304,2335621120,103.1,6.9987481983642255,0,21,369.02,4.78,0.0,0.0,0.0,2336464896,0,8,4,1,0,sleeping,345843,2409192,924299264,7266304,3235365987,7204960
2025-05-20 04:00:39,21220,11503202304,2335621120,102.4,6.9987481983642255,0,21,370.12,4.79,0.0,0.0,0.0,2336464896,0,8,4,1,0,sleeping,347365,2409192,924299264,7266304,3249046481,7204960
2025-05-20 04:00:40,21220,11503202304,2335621120,102.1,6.9987481983642255,0,21,371.21,4.79,0.0,0.0,0.0,2336473088,0,8,4,1,0,sleeping,348904,2409192,928493568,7266304,3264202181,7204960
2025-05-20 04:00:41,21220,11503202304,2335621120,102.2,6.9987481983642255,0,21,372.29,4.8,0.0,0.0,0.0,2336477184,0,8,4,1,0,sleeping,350296,2409192,932687872,7266304,3277645735,7204960
2025-05-20 04:00:43,21220,11503202304,2335621120,102.2,6.9987481983642255,0,21,373.38,4.8,0.0,0.0,0.0,2336481280,0,8,4,1,0,sleeping,351918,2409192,936882176,7266304,3292614027,7204960
2025-05-20 04:00:44,21220,11503202304,2335621120,101.3,6.9987481983642255,0,21,374.46,4.8,0.0,0.0,0.0,2336485376,0,8,4,1,0,sleeping,353458,2409192,941076480,7266304,3307704488,7204960
2025-05-20 04:00:45,21220,11503202304,2335621120,102.2,6.9987481983642255,0,21,375.55,4.8,0.0,0.0,0.0,2336493568,0,8,4,1,0,sleeping,354929,2409192,945270784,7266304,3320973096,7204960
2025-05-20 04:00:46,21220,11503202304,2335621120,102.2,6.9987481983642255,0,21,376.63,4.81,0.0,0.0,0.0,2336497664,0,8,4,1,0,sleeping,356273,2409192,949465088,7266304,3333664069,7204960
2025-05-20 04:00:47,21220,11503202304,2335621120,102.1,6.9987481983642255,0,21,377.72,4.81,0.0,0.0,0.0,2336497664,0,8,4,1,0,sleeping,357734,2409192,949465088,7266304,3346980583,7204960
2025-05-20 04:00:48,21220,11503202304,2336276480,100.8,7.0007120013029835,0,21,378.81,4.81,0.0,0.0,0.0,2337255424,0,8,4,1,0,sleeping,358868,2409192,953659392,7266304,3357594471,7204960
2025-05-20 04:00:49,21220,11503202304,2338635776,125.9,7.00778169188251,0,21,380.21,4.82,0.0,0.0,0.0,2339471360,0,8,4,1,0,sleeping,359680,2409192,957853696,7266304,3365191612,7204960
2025-05-20 04:00:50,21220,11503202304,2338635776,100.0,7.00778169188251,0,21,381.39,4.83,0.0,0.0,0.0,2339471360,0,8,4,1,0,sleeping,360178,2409192,957853696,7266304,3369488312,7204960
2025-05-20 04:00:51,21220,11503202304,2338635776,99.2,7.00778169188251,0,21,382.67,4.83,0.0,0.0,0.0,2339471360,0,8,4,1,0,sleeping,360546,2409192,957853696,7266304,3373026505,7204960
2025-05-20 04:00:53,21220,11503202304,2338635776,101.0,7.00778169188251,0,21,384.15,4.84,0.0,0.0,0.0,2339471360,0,8,4,1,0,sleeping,360816,2409192,957853696,7266304,3376015543,7204960
2025-05-20 04:00:54,21220,11503202304,2338635776,102.1,7.00778169188251,0,21,385.65,4.85,0.0,0.0,0.0,2339471360,0,7,4,1,0,sleeping,360987,2409192,957853696,7266304,3377104598,7204960
2025-05-20 04:00:56,21220,11503202304,2338635776,107.4,7.00778169188251,0,21,386.86,4.86,0.0,0.0,0.0,2339471360,0,7,4,1,0,sleeping,361378,2409192,962048000,7266304,3380995824,7204960
2025-05-20 04:00:57,21220,11503202304,2338635776,104.5,7.00778169188251,0,21,387.98,4.86,0.0,0.0,0.0,2339483648,0,7,4,1,0,sleeping,362239,2409192,962048000,7266304,3388456938,7204960
2025-05-20 04:00:58,21220,11503202304,2338635776,100.3,7.00778169188251,0,21,389.05,4.86,0.0,0.0,0.0,2339483648,0,8,4,1,0,sleeping,363527,2409192,966242304,7266304,3400654609,7204960
2025-05-20 04:00:59,21220,11503202304,2338635776,102.2,7.00778169188251,0,21,390.13,4.87,0.0,0.0,0.0,2339487744,0,7,4,1,0,sleeping,364731,2409192,970436608,7266304,3410344483,7204960
2025-05-20 04:01:00,21220,11503202304,2338635776,101.3,7.00778169188251,0,21,391.21,4.87,0.0,0.0,0.0,2339487744,0,8,4,1,0,sleeping,366072,2409192,974630912,7266304,3422943491,7204960
2025-05-20 04:01:01,21220,11503202304,2338635776,102.0,7.00778169188251,0,21,392.3,4.87,0.0,0.0,0.0,2339495936,0,8,4,1,0,sleeping,367436,2409192,978825216,7266304,3436002684,7204960
2025-05-20 04:01:02,21220,11503202304,2338635776,102.2,7.00778169188251,0,21,393.39,4.87,0.0,0.0,0.0,2339500032,0,7,4,1,0,sleeping,368791,2409192,978825216,7266304,3447794147,7204960
2025-05-20 04:01:03,21220,11503202304,2338635776,101.3,7.00778169188251,0,21,394.47,4.87,0.0,0.0,0.0,2339504128,0,8,4,1,0,sleeping,370065,2409192,983019520,7266304,3459454327,7204960
2025-05-20 04:01:04,21220,11503202304,2338635776,102.2,7.00778169188251,0,21,395.55,4.88,0.0,0.0,0.0,2339516416,0,8,4,1,0,sleeping,371499,2409192,987213824,7266304,3472422838,7204960
2025-05-20 04:01:05,21220,11503202304,2338635776,100.4,7.00778169188251,0,21,396.64,4.89,0.0,0.0,0.0,2339516416,0,8,4,1,0,sleeping,372745,2409192,991408128,7266304,3483933806,7204960
2025-05-20 04:01:06,21220,11503202304,2338635776,101.4,7.00778169188251,0,21,397.76,4.89,0.0,0.0,0.0,2339540992,0,7,4,1,0,sleeping,373750,2409193,995602432,7266304,3494147213,7205083
2025-05-20 04:01:07,21220,11503202304,2338635776,99.5,7.00778169188251,0,21,398.93,4.89,0.0,0.0,0.0,2339549184,0,8,4,1,0,sleeping,374429,2409193,995602432,7266304,3500329024,7205083
2025-05-20 04:01:09,21220,11503202304,2338635776,101.0,7.00778169188251,0,21,400.2,4.9,0.0,0.0,0.0,2339549184,0,7,4,1,0,sleeping,374842,2409193,995602432,7266304,3504277666,7205083
2025-05-20 04:01:10,21220,11503202304,2338635776,99.5,7.00778169188251,0,21,401.55,4.9,0.0,0.0,0.0,2339549184,0,7,4,1,0,sleeping,375154,2409193,995602432,7266304,3507548083,7205083
2025-05-20 04:01:11,21220,11503202304,2338635776,105.3,7.00778169188251,0,21,402.89,4.9,0.0,0.0,0.0,2339549184,0,7,4,1,0,sleeping,375415,2409193,995602432,7266304,3509524482,7205083
2025-05-20 04:01:12,21220,11503202304,2338635776,104.1,7.00778169188251,0,21,404.02,4.91,0.0,0.0,0.0,2339549184,0,8,4,1,0,sleeping,375980,2409193,999796736,7266304,3514626612,7205083
2025-05-20 04:01:14,21220,11503202304,2338635776,103.1,7.00778169188251,0,21,405.12,4.91,0.0,0.0,0.0,2339553280,0,8,4,1,0,sleeping,377207,2409193,999796736,7266304,3526321302,7205083
2025-05-20 04:01:15,21220,11503202304,2338635776,101.3,7.00778169188251,0,21,406.19,4.92,0.0,0.0,0.0,2339569664,0,8,4,1,0,sleeping,378665,2409193,1003991040,7266304,3540669822,7205083
2025-05-20 04:01:16,21220,11503202304,2338635776,102.2,7.00778169188251,0,21,407.28,4.92,0.0,0.0,0.0,2339569664,0,8,4,1,0,sleeping,380171,2409193,1008185344,7266304,3554329064,7205083
2025-05-20 04:01:17,21220,11503202304,2338635776,101.3,7.00778169188251,0,21,408.35,4.93,0.0,0.0,0.0,2339581952,0,8,4,1,0,sleeping,381874,2409193,1012379648,7266304,3571481473,7205083
2025-05-20 04:01:18,21220,11503202304,2338635776,102.2,7.00778169188251,0,21,409.44,4.93,0.0,0.0,0.0,2339581952,0,8,4,1,0,sleeping,383486,2409193,1016573952,7266304,3586664846,7205083
2025-05-20 04:01:19,21220,11503202304,2338635776,101.2,7.00778169188251,0,21,410.52,4.93,0.0,0.0,0.0,2339581952,0,8,4,1,0,sleeping,385119,2409193,1020768256,7266304,3602995018,7205083
2025-05-20 04:01:20,21220,11503202304,2338635776,102.1,7.00778169188251,0,21,411.61,4.93,0.0,0.0,0.0,2339590144,0,7,4,1,0,sleeping,386481,2409193,1020768256,7266304,3615210271,7205083
2025-05-20 04:01:21,21220,11503202304,2338635776,102.2,7.00778169188251,0,21,412.7,4.93,0.0,0.0,0.0,2339598336,0,8,4,1,0,sleeping,387857,2409193,1024962560,7266304,3628147820,7205083
2025-05-20 04:01:22,21220,11503202304,2338635776,101.6,7.00778169188251,0,21,413.78,4.94,0.0,0.0,0.0,2339598336,0,7,4,1,0,sleeping,389303,2409193,1029156864,7266304,3641264887,7205083
2025-05-20 04:01:23,21220,11503202304,2338635776,103.1,7.00778169188251,0,21,414.87,4.95,0.0,0.0,0.0,2339598336,0,8,4,1,0,sleeping,390728,2409193,1033351168,7266304,3654241921,7205083
2025-05-20 04:01:24,21220,11503202304,2338635776,101.9,7.00778169188251,0,21,415.96,4.95,0.0,0.0,0.0,2339614720,0,8,4,1,0,sleeping,392043,2409193,1037545472,7266304,3667098652,7205083
2025-05-20 04:01:25,21220,11503202304,2338635776,101.3,7.00778169188251,0,21,417.05,4.96,0.0,0.0,0.0,2339618816,0,7,4,1,0,sleeping,393297,2409193,1037545472,7266304,3679721415,7205083
2025-05-20 04:01:26,21220,11503202304,2338635776,101.0,7.00778169188251,0,21,418.19,4.97,0.0,0.0,0.0,2339618816,0,8,4,1,0,sleeping,394042,2409193,1041739776,7266304,3686064016,7205083
2025-05-20 04:01:28,21220,11503202304,2338705408,104.4,7.007990345944753,0,21,419.42,5.05,0.0,0.0,0.0,2339618816,0,8,4,1,0,sleeping,394488,2420236,1041739776,8335360,3712797275,8256031
2025-05-20 04:01:29,21220,11503202304,2338705408,99.2,7.007990345944753,0,21,420.74,5.07,0.0,0.0,0.0,2339618816,0,8,4,1,0,sleeping,394731,2420236,1041739776,8335360,3714449054,8256031
2025-05-20 04:01:30,21220,11503202304,2338705408,99.9,7.007990345944753,0,21,422.17,5.08,0.0,0.0,0.0,2339618816,0,6,4,1,0,sleeping,394959,2420236,1041739776,8335360,3717041731,8256031
2025-05-20 04:01:32,21220,11503202304,2338705408,106.3,7.007990345944753,0,21,423.43,5.08,0.0,0.0,0.0,2339561472,0,8,4,1,0,sleeping,395339,2420236,1045934080,8335360,3720862844,8256031
2025-05-20 04:01:33,21220,11503202304,2338705408,105.3,7.007990345944753,0,21,424.56,5.09,0.0,0.0,0.0,2339565568,0,8,4,1,0,sleeping,396287,2420236,1045934080,8335360,3729800323,8256031
2025-05-20 04:01:34,21220,11503202304,2338705408,102.2,7.007990345944753,0,21,425.64,5.1,0.0,0.0,0.0,2339573760,0,8,4,1,0,sleeping,397787,2420236,1050128384,8335360,3744885313,8256031
2025-05-20 04:01:35,21220,11503202304,2338705408,101.2,7.007990345944753,0,21,426.72,5.1,0.0,0.0,0.0,2339577856,0,8,4,1,0,sleeping,399382,2420236,1054322688,8335360,3759944945,8256031
2025-05-20 04:01:36,21220,11503202304,2338705408,102.3,7.007990345944753,0,21,427.81,5.11,0.0,0.0,0.0,2339586048,0,8,4,1,0,sleeping,400951,2420237,1058516992,8335360,3775331261,8256154
2025-05-20 04:01:37,21220,11503202304,2338705408,102.2,7.007990345944753,0,21,428.89,5.12,0.0,0.0,0.0,2339586048,0,8,4,1,0,sleeping,402497,2420237,1058516992,8335360,3789690292,8256154
2025-05-20 04:01:38,21220,11503202304,2338705408,102.2,7.007990345944753,0,21,429.97,5.13,0.0,0.0,0.0,2339590144,0,8,4,1,0,sleeping,404037,2420237,1062711296,8335360,3804847970,8256154
2025-05-20 04:01:39,21220,11503202304,2338705408,101.2,7.007990345944753,0,21,431.05,5.13,0.0,0.0,0.0,2339598336,0,7,4,1,0,sleeping,405518,2420237,1066905600,8335360,3818378328,8256154
2025-05-20 04:01:40,21220,11503202304,2338705408,102.2,7.007990345944753,0,21,432.14,5.13,0.0,0.0,0.0,2339606528,0,8,4,1,0,sleeping,407076,2420237,1071099904,8335360,3833778069,8256154
2025-05-20 04:01:41,21220,11503202304,2338705408,102.2,7.007990345944753,0,21,433.22,5.14,0.0,0.0,0.0,2339610624,0,8,4,1,0,sleeping,408562,2420237,1075294208,8335360,3847721841,8256154
2025-05-20 04:01:42,21220,11503202304,2338705408,102.2,7.007990345944753,0,21,434.32,5.14,0.0,0.0,0.0,2339663872,0,8,4,1,0,sleeping,409848,2420237,1079488512,8335360,3860025068,8256154
2025-05-20 04:01:43,21220,11503202304,2340147200,101.2,7.012310712410019,0,21,435.44,5.14,0.0,0.0,0.0,2341048320,0,8,4,1,0,sleeping,410721,2420237,1079488512,8335360,3867988002,8256154
2025-05-20 04:01:45,21220,11503202304,2342244352,100.8,7.0185948818140425,0,21,436.61,5.15,0.0,0.0,0.0,2343153664,0,8,4,1,0,sleeping,411373,2420237,1083682816,8335360,3874816365,8256154
2025-05-20 04:01:46,21220,11503202304,2342244352,101.4,7.0185948818140425,0,21,437.89,5.16,0.0,0.0,0.0,2343223296,0,8,4,1,0,sleeping,411813,2420237,1083682816,8335360,3879232923,8256154
2025-05-20 04:01:47,21220,11503202304,2343292928,180.9,7.021736966516055,0,21,440.43,5.17,0.0,0.0,0.0,2344357888,0,8,4,1,0,sleeping,412053,2420237,1083682816,8335360,3881039362,8256154
2025-05-20 04:01:48,21220,11503202304,2343292928,102.9,7.021736966516055,0,21,441.74,5.17,0.0,0.0,0.0,2344357888,0,8,4,1,0,sleeping,412253,2420237,1083682816,8335360,3883307544,8256154
2025-05-20 04:01:50,21220,11503202304,2343292928,104.4,7.021736966516055,0,21,442.88,5.17,0.0,0.0,0.0,2344361984,0,7,4,1,0,sleeping,412878,2420237,1083682816,8335360,3888809196,8256154
2025-05-20 04:01:51,21220,11503202304,2343292928,103.1,7.021736966516055,0,21,443.97,5.18,0.0,0.0,0.0,2344370176,0,8,4,1,0,sleeping,414188,2420237,1087877120,8335360,3901526028,8256154
2025-05-20 04:01:52,21220,11503202304,2343292928,101.3,7.021736966516055,0,21,445.05,5.18,0.0,0.0,0.0,2344374272,0,8,4,1,0,sleeping,415383,2420237,1092071424,8335360,3912804127,8256154
2025-05-20 04:01:53,21220,11503202304,2343292928,101.4,7.021736966516055,0,21,446.15,5.18,0.0,0.0,0.0,2344378368,0,8,4,1,0,sleeping,416831,2420237,1096265728,8335360,3926625216,8256154
2025-05-20 04:01:54,21220,11503202304,2343292928,103.1,7.021736966516055,0,21,447.24,5.19,0.0,0.0,0.0,2344382464,0,7,4,1,0,sleeping,418243,2420237,1100460032,8335360,3941280099,8256154
2025-05-20 04:01:55,21220,11503202304,2343292928,101.3,7.021736966516055,0,21,448.32,5.19,0.0,0.0,0.0,2344382464,0,8,4,1,0,sleeping,419696,2420237,1104654336,8335360,3954734355,8256154
2025-05-20 04:01:56,21220,11503202304,2343292928,102.6,7.021736966516055,0,21,449.42,5.2,0.0,0.0,0.0,2344386560,0,8,4,1,0,sleeping,420726,2420237,1104654336,8335360,3964187736,8256154
2025-05-20 04:01:57,21220,11503202304,2343292928,101.6,7.021736966516055,0,21,450.52,5.21,0.0,0.0,0.0,2344386560,0,7,4,1,0,sleeping,422121,2420237,1108848640,8335360,3978305815,8256154
2025-05-20 04:01:58,21220,11503202304,2343292928,103.1,7.021736966516055,0,21,451.61,5.22,0.0,0.0,0.0,2344390656,0,8,4,1,0,sleeping,423559,2420237,1113042944,8335360,3991724198,8256154
2025-05-20 04:01:59,21220,11503202304,2343292928,100.3,7.021736966516055,0,21,452.66,5.24,0.0,0.0,0.0,2344390656,0,8,4,1,0,sleeping,425352,2420237,1117237248,8335360,4009467097,8256154
2025-05-20 04:02:00,21220,11503202304,2343292928,101.2,7.021736966516055,0,21,453.74,5.24,0.0,0.0,0.0,2344402944,0,8,4,1,0,sleeping,426874,2420237,1117237248,8335360,4023630935,8256154
2025-05-20 04:02:02,21220,11503202304,2343292928,101.1,7.021736966516055,0,21,454.81,5.25,0.0,0.0,0.0,2344402944,0,8,4,1,0,sleeping,428482,2420237,1121431552,8335360,4040004063,8256154
2025-05-20 04:02:03,21220,11503202304,2343292928,102.7,7.021736966516055,0,21,455.9,5.26,0.0,0.0,0.0,2344407040,0,8,4,1,0,sleeping,429955,2420237,1125625856,8335360,4054121228,8256154
2025-05-20 04:02:04,21220,11503202304,2343292928,101.1,7.021736966516055,0,21,457.01,5.26,0.0,0.0,0.0,2344411136,0,8,4,1,0,sleeping,431066,2420237,1129820160,8335360,4064412321,8256154
2025-05-20 04:02:05,21220,11503202304,2343292928,101.0,7.021736966516055,0,21,458.21,5.26,0.0,0.0,0.0,2344415232,0,8,4,1,0,sleeping,431701,2420237,1129820160,8335360,4071092145,8256154
2025-05-20 04:02:06,21220,11503202304,2343292928,100.0,7.021736966516055,0,21,459.5,5.27,0.0,0.0,0.0,2344415232,0,8,4,1,0,sleeping,432052,2420237,1129820160,8335360,4074480404,8256154
2025-05-20 04:02:07,21220,11503202304,2343292928,100.8,7.021736966516055,0,21,460.94,5.27,0.0,0.0,0.0,2344415232,0,8,4,1,0,sleeping,432280,2420237,1129820160,8335360,4075994045,8256154
2025-05-20 04:02:09,21220,11503202304,2343292928,100.0,7.021736966516055,0,21,462.45,5.28,0.0,0.0,0.0,2344415232,0,8,4,1,0,sleeping,432442,2420237,1134014464,8335360,4077916351,8256154
2025-05-20 04:02:10,21220,11503202304,2343292928,102.7,7.021736966516055,0,21,463.77,5.28,0.0,0.0,0.0,2344415232,0,8,4,1,0,sleeping,432662,2420237,1134014464,8335360,4079483701,8256154
2025-05-20 04:02:11,21220,11503202304,2343292928,108.2,7.021736966516055,0,21,464.94,5.29,0.0,0.0,0.0,2344419328,0,7,4,1,0,sleeping,433284,2420237,1134014464,8335360,4085692647,8256154
2025-05-20 04:02:13,21220,11503202304,2343292928,101.2,7.021736966516055,0,21,466.02,5.29,0.0,0.0,0.0,2344423424,0,8,4,1,0,sleeping,434677,2420237,1138208768,8335360,4098827500,8256154
2025-05-20 04:02:14,21220,11503202304,2343292928,102.2,7.021736966516055,0,21,467.09,5.31,0.0,0.0,0.0,2344431616,0,8,4,1,0,sleeping,436022,2420237,1138208768,8335360,4110919764,8256154
2025-05-20 04:02:15,21220,11503202304,2343292928,101.2,7.021736966516055,0,21,468.16,5.32,0.0,0.0,0.0,2344439808,0,7,4,1,0,sleeping,437580,2420237,1142403072,8335360,4126329455,8256154
2025-05-20 04:02:16,21220,11503202304,2343292928,103.2,7.021736966516055,0,21,469.24,5.34,0.0,0.0,0.0,2344464384,0,7,4,1,0,sleeping,439252,2420238,1146597376,8335360,4142205504,8256277
2025-05-20 04:02:17,21220,11503202304,2343292928,106.8,7.021736966516055,0,21,470.38,5.34,0.0,0.0,0.0,2344468480,0,7,4,1,0,sleeping,440708,2420238,1150791680,8335360,4156379214,8256277
2025-05-20 04:02:18,21220,11503202304,2343292928,101.3,7.021736966516055,0,21,471.45,5.35,0.0,0.0,0.0,2344472576,0,8,4,1,0,sleeping,442314,2420238,1154985984,8335360,4171390182,8256277
2025-05-20 04:02:19,21220,11503202304,2343292928,101.0,7.021736966516055,0,21,472.53,5.35,0.0,0.0,0.0,2344472576,0,8,4,1,0,sleeping,443922,2420238,1159180288,8335360,4187876428,8256277
2025-05-20 04:02:20,21220,11503202304,2343292928,100.7,7.021736966516055,0,21,473.63,5.35,0.0,0.0,0.0,2344484864,0,7,4,1,0,sleeping,445033,2420238,1159180288,8335360,4197700977,8256277
2025-05-20 04:02:21,21220,11503202304,2343292928,99.9,7.021736966516055,0,21,474.75,5.36,0.0,0.0,0.0,2344423424,0,8,4,1,0,sleeping,445860,2420238,1163374592,8335360,4205771024,8256277
2025-05-20 04:02:22,21220,11503202304,2343424000,101.4,7.022129727103807,0,21,476.05,5.37,0.0,0.0,0.0,2344427520,0,8,4,1,0,sleeping,446406,2420238,1163374592,8335360,4210852009,8256277
2025-05-20 04:02:24,21220,11503202304,2343424000,98.0,7.022129727103807,0,21,477.42,5.37,0.0,0.0,0.0,2344427520,0,8,4,1,0,sleeping,446689,2420238,1163374592,8335360,4213855053,8256277
2025-05-20 04:02:25,21220,11503202304,2343424000,103.6,7.022129727103807,0,21,478.91,5.37,0.0,0.0,0.0,2344427520,0,8,4,1,0,sleeping,446917,2420238,1163374592,8335360,4215388763,8256277
2025-05-20 04:02:26,21220,11503202304,2343424000,106.2,7.022129727103807,0,21,480.1,5.38,0.0,0.0,0.0,2344427520,0,8,4,1,0,sleeping,447331,2420238,1163374592,8335360,4219535857,8256277
2025-05-20 04:02:28,21220,11503202304,2343424000,102.8,7.022129727103807,0,21,481.19,5.39,0.0,0.0,0.0,2344427520,0,8,4,1,0,sleeping,448365,2420238,1167568896,8335360,4230066884,8256277
2025-05-20 04:02:29,21220,11503202304,2343424000,102.4,7.022129727103807,0,21,482.29,5.39,0.0,0.0,0.0,2344427520,0,8,4,1,0,sleeping,449869,2420238,1171763200,8335360,4244388423,8256277
2025-05-20 04:02:30,21220,11503202304,2343424000,101.3,7.022129727103807,0,21,483.37,5.39,0.0,0.0,0.0,2344431616,0,8,4,1,0,sleeping,451308,2420238,1175957504,8335360,4258433749,8256277
2025-05-20 04:02:31,21220,11503202304,2343424000,101.2,7.022129727103807,0,21,484.45,5.39,0.0,0.0,0.0,2344439808,0,8,4,1,0,sleeping,452886,2420238,1180151808,8335360,4273306787,8256277
2025-05-20 04:02:32,21220,11503202304,2343424000,103.2,7.022129727103807,0,21,485.54,5.4,0.0,0.0,0.0,2344452096,0,8,4,1,0,sleeping,454412,2420238,1184346112,8335360,4288474689,8256277
2025-05-20 04:02:33,21220,11503202304,2343424000,101.8,7.022129727103807,0,21,486.62,5.41,0.0,0.0,0.0,2344452096,0,8,4,1,0,sleeping,455948,2420238,1184346112,8335360,4303007223,8256277
2025-05-20 04:02:34,21220,11503202304,2343555072,101.2,7.022522487691559,0,21,487.7,5.41,0.0,0.0,0.0,2344460288,0,7,4,1,0,sleeping,457393,2420238,1188540416,8335360,4316328102,8256277
2025-05-20 04:02:35,21220,11503202304,2343555072,105.0,7.022522487691559,0,21,488.81,5.42,0.0,0.0,0.0,2344460288,0,8,4,1,0,sleeping,458885,2420238,1192734720,8335360,4331119910,8256277
2025-05-20 04:02:36,21220,11503202304,2343555072,101.3,7.022522487691559,0,21,489.89,5.42,0.0,0.0,0.0,2344460288,0,8,4,1,0,sleeping,460344,2420238,1196929024,8335360,4344551939,8256277
2025-05-20 04:02:37,21220,11503202304,2343555072,101.3,7.022522487691559,0,21,490.96,5.43,0.0,0.0,0.0,2344464384,0,8,4,1,0,sleeping,461966,2420238,1201123328,8335360,4360573162,8256277
2025-05-20 04:02:38,21220,11503202304,2343555072,101.1,7.022522487691559,0,21,492.04,5.43,0.0,0.0,0.0,2344546304,0,8,4,1,0,sleeping,463462,2420238,1201123328,8335360,4374584267,8256277
2025-05-20 04:02:39,21220,11503202304,2345390080,102.1,7.028021135920079,0,21,493.16,5.43,0.0,0.0,0.0,2346426368,0,7,4,1,0,sleeping,464669,2420238,1205317632,8335360,4386188815,8256277
2025-05-20 04:02:40,21220,11503202304,2347618304,100.1,7.034698065911854,0,21,494.31,5.43,0.0,0.0,0.0,2348556288,0,8,4,1,0,sleeping,465215,2420238,1209511936,8335360,4391118045,8256277
2025-05-20 04:02:42,21220,11503202304,2348666880,100.1,7.037840150613866,0,21,495.54,5.44,0.0,0.0,0.0,2349621248,0,8,4,1,0,sleeping,465614,2420238,1209511936,8335360,4394703730,8256277
2025-05-20 04:02:43,21220,11503202304,2349846528,101.7,7.041374995903629,0,21,496.92,5.44,0.0,0.0,0.0,2350686208,0,8,4,1,0,sleeping,465888,2420238,1209511936,8335360,4397514634,8256277
2025-05-20 04:02:44,21220,11503202304,2349846528,99.2,7.041374995903629,0,21,498.35,5.44,0.0,0.0,0.0,2350723072,0,8,4,1,0,sleeping,466118,2420238,1209511936,8335360,4399118298,8256277
2025-05-20 04:02:46,21220,11503202304,2350764032,104.1,7.0441243200178905,0,21,499.81,5.45,0.0,0.0,0.0,2351763456,0,8,4,1,0,sleeping,466405,2420239,1209511936,8335360,4402108385,8256401
2025-05-20 04:02:47,21220,11503202304,2351812608,106.5,7.0472664047199025,0,21,500.98,5.47,0.0,0.0,0.0,2352869376,0,8,4,1,0,sleeping,466822,2420239,1213706240,8335360,4405913787,8256401
2025-05-20 04:02:48,21220,11503202304,2354302976,101.7,7.054728855887181,0,21,502.08,5.47,0.0,0.0,0.0,2355126272,0,8,4,1,0,sleeping,467899,2420239,1213706240,8335360,4415669178,8256401
2025-05-20 04:02:49,21220,11503202304,2356400128,119.8,7.061013025291205,0,21,503.37,5.48,0.0,0.0,0.0,2357342208,0,8,4,1,0,sleeping,469197,2420239,1217900544,8335360,4428449057,8256401
2025-05-20 04:02:50,21220,11503202304,2356400128,101.3,7.061013025291205,0,21,504.45,5.48,0.0,0.0,0.0,2357346304,0,7,4,1,0,sleeping,470489,2420239,1222094848,8335360,4439769610,8256401
2025-05-20 04:02:51,21220,11503202304,2356400128,101.3,7.061013025291205,0,21,505.53,5.48,0.0,0.0,0.0,2357346304,0,8,4,1,0,sleeping,472032,2420239,1226289152,8335360,4455082011,8256401
2025-05-20 04:02:52,21220,11503202304,2356477952,102.2,7.061246226890182,0,21,506.6,5.51,0.0,0.0,0.0,2357358592,0,8,4,1,0,sleeping,473500,2430500,1230483456,9162752,4489696754,9081037
2025-05-20 04:02:53,21220,11503202304,2356477952,102.1,7.061246226890182,0,21,507.68,5.52,0.0,0.0,0.0,2357366784,0,8,4,1,0,sleeping,475030,2430500,1230483456,9162752,4504300338,9081037
2025-05-20 04:02:55,21220,11503202304,2356477952,101.3,7.061246226890182,0,21,508.76,5.52,0.0,0.0,0.0,2357374976,0,8,4,1,0,sleeping,476653,2430500,1234677760,9162752,4520583102,9081037
2025-05-20 04:02:56,21220,11503202304,2356477952,105.9,7.061246226890182,0,21,509.89,5.52,0.0,0.0,0.0,2357399552,0,8,4,1,0,sleeping,478277,2430500,1238872064,9162752,4535696999,9081037
2025-05-20 04:02:57,21220,11503202304,2356477952,101.1,7.061246226890182,0,21,510.97,5.52,0.0,0.0,0.0,2357338112,0,8,4,1,0,sleeping,479798,2430500,1243066368,9162752,4550870162,9081037
2025-05-20 04:02:58,21220,11503202304,2356477952,101.7,7.061246226890182,0,21,512.07,5.52,0.0,0.0,0.0,2357338112,0,8,4,1,0,sleeping,481087,2430500,1247260672,9162752,4562547302,9081037
2025-05-20 04:02:59,21220,11503202304,2356477952,101.4,7.061246226890182,0,21,513.21,5.52,0.0,0.0,0.0,2357338112,0,8,4,1,0,sleeping,481994,2430500,1247260672,9162752,4571406816,9081037
2025-05-20 04:03:00,21220,11503202304,2356477952,100.7,7.061246226890182,0,21,514.39,5.53,0.0,0.0,0.0,2357338112,0,8,4,1,0,sleeping,482556,2430500,1251454976,9162752,4577461410,9081037
2025-05-20 04:03:01,21220,11503202304,2356477952,99.9,7.061246226890182,0,21,515.66,5.54,0.0,0.0,0.0,2357350400,0,8,4,1,0,sleeping,482922,2430500,1251454976,9162752,4581019731,9081037
2025-05-20 04:03:02,21220,11503202304,2356477952,101.4,7.061246226890182,0,21,517.16,5.54,0.0,0.0,0.0,2357354496,0,8,4,1,0,sleeping,483161,2430500,1251454976,9162752,4582775187,9081037
2025-05-20 04:03:04,21220,11503202304,2356477952,106.8,7.061246226890182,0,21,518.55,5.55,0.0,0.0,0.0,2357354496,0,7,4,1,0,sleeping,483405,2430500,1251454976,9162752,4585616381,9081037
2025-05-20 04:03:05,21220,11503202304,2356477952,104.8,7.061246226890182,0,21,519.69,5.55,0.0,0.0,0.0,2357354496,0,7,4,1,0,sleeping,484149,2430500,1251454976,9162752,4592074893,9081037
2025-05-20 04:03:06,21220,11503202304,2356477952,101.6,7.061246226890182,0,21,520.78,5.55,0.0,0.0,0.0,2357370880,0,8,4,1,0,sleeping,485588,2430500,1255649280,9162752,4606797695,9081037
2025-05-20 04:03:07,21220,11503202304,2356477952,101.0,7.061246226890182,0,21,521.85,5.56,0.0,0.0,0.0,2357370880,0,8,4,1,0,sleeping,487256,2430500,1259843584,9162752,4623248489,9081037
2025-05-20 04:03:08,21220,11503202304,2356477952,101.2,7.061246226890182,0,21,522.93,5.56,0.0,0.0,0.0,2357370880,0,8,4,1,0,sleeping,488829,2430500,1264037888,9162752,4639154110,9081037
2025-05-20 04:03:09,21220,11503202304,2356477952,102.1,7.061246226890182,0,21,524.01,5.57,0.0,0.0,0.0,2357370880,0,8,4,1,0,sleeping,490260,2430500,1268232192,9162752,4652355899,9081037
2025-05-20 04:03:11,21220,11503202304,2356477952,102.1,7.061246226890182,0,21,525.09,5.58,0.0,0.0,0.0,2357379072,0,8,4,1,0,sleeping,491757,2430500,1272426496,9162752,4667259603,9081037
2025-05-20 04:03:12,21220,11503202304,2356477952,101.2,7.061246226890182,0,21,526.18,5.58,0.0,0.0,0.0,2357383168,0,8,4,1,0,sleeping,493128,2430500,1272426496,9162752,4679630188,9081037
2025-05-20 04:03:13,21220,11503202304,2356477952,103.0,7.061246226890182,0,21,527.28,5.58,0.0,0.0,0.0,2357387264,0,8,4,1,0,sleeping,494432,2430500,1276620800,9162752,4691283021,9081037
2025-05-20 04:03:14,21220,11503202304,2356477952,101.2,7.061246226890182,0,21,528.35,5.59,0.0,0.0,0.0,2357395456,0,8,4,1,0,sleeping,495953,2430500,1280815104,9162752,4706415967,9081037
2025-05-20 04:03:15,21220,11503202304,2356477952,101.3,7.061246226890182,0,21,529.45,5.59,0.0,0.0,0.0,2357395456,0,8,4,1,0,sleeping,497402,2430500,1285009408,9162752,4719527673,9081037
2025-05-20 04:03:16,21220,11503202304,2356477952,103.0,7.061246226890182,0,21,530.55,5.59,0.0,0.0,0.0,2357403648,0,8,4,1,0,sleeping,498072,2430501,1289203712,9162752,4729416962,9081161
2025-05-20 04:03:17,21220,11503202304,2356477952,101.6,7.061246226890182,0,21,531.63,5.6,0.0,0.0,0.0,2357403648,0,8,4,1,0,sleeping,499114,2430501,1293398016,9162752,4738207948,9081161
2025-05-20 04:03:18,21220,11503202304,2356477952,100.8,7.061246226890182,0,21,532.74,5.6,0.0,0.0,0.0,2357407744,0,8,4,1,0,sleeping,500031,2430501,1293398016,9162752,4747228865,9081161
2025-05-20 04:03:19,21220,11503202304,2356477952,100.5,7.061246226890182,0,21,533.9,5.61,0.0,0.0,0.0,2357407744,0,8,4,1,0,sleeping,500664,2430501,1297592320,9162752,4752796451,9081161
2025-05-20 04:03:20,21220,11503202304,2356477952,98.4,7.061246226890182,0,21,535.15,5.61,0.0,0.0,0.0,2357411840,0,8,4,1,0,sleeping,501083,2430501,1297592320,9162752,4756847969,9081161
2025-05-20 04:03:22,21220,11503202304,2356477952,100.0,7.061246226890182,0,21,536.51,5.62,0.0,0.0,0.0,2357411840,0,8,4,1,0,sleeping,501405,2430501,1297592320,9162752,4760365906,9081161
2025-05-20 04:03:23,21220,11503202304,2356477952,102.6,7.061246226890182,0,21,537.84,5.63,0.0,0.0,0.0,2357411840,0,8,4,1,0,sleeping,501685,2430501,1297592320,9162752,4762560205,9081161
2025-05-20 04:03:24,21220,11503202304,2356477952,105.1,7.061246226890182,0,21,538.99,5.64,0.0,0.0,0.0,2357415936,0,7,4,1,0,sleeping,502245,2430501,1297592320,9162752,4767857532,9081161
2025-05-20 04:03:25,21220,11503202304,2356477952,101.2,7.061246226890182,0,21,540.07,5.64,0.0,0.0,0.0,2357420032,0,7,4,1,0,sleeping,503511,2430501,1301786624,9162752,4780457506,9081161
2025-05-20 04:03:26,21220,11503202304,2356477952,102.2,7.061246226890182,0,21,541.16,5.65,0.0,0.0,0.0,2357424128,0,8,4,1,0,sleeping,504782,2430501,1305980928,9162752,4792079109,9081161
2025-05-20 04:03:28,21220,11503202304,2356477952,102.2,7.061246226890182,0,21,542.27,5.65,0.0,0.0,0.0,2357432320,0,8,4,1,0,sleeping,506059,2430501,1310175232,9162752,4803853314,9081161
2025-05-20 04:03:29,21220,11503202304,2356609024,102.0,7.0616389874779335,0,21,543.36,5.65,0.0,0.0,0.0,2357436416,0,8,4,1,0,sleeping,507344,2430501,1310175232,9162752,4816151131,9081161
2025-05-20 04:03:30,21220,11503202304,2356609024,103.1,7.0616389874779335,0,21,544.45,5.66,0.0,0.0,0.0,2357436416,0,7,4,1,0,sleeping,508879,2430501,1314369536,9162752,4831569159,9081161
2025-05-20 04:03:31,21220,11503202304,2356609024,100.3,7.0616389874779335,0,21,545.52,5.66,0.0,0.0,0.0,2357440512,0,7,4,1,0,sleeping,510378,2430501,1318563840,9162752,4845396329,9081161
2025-05-20 04:03:32,21220,11503202304,2356609024,101.8,7.0616389874779335,0,21,546.61,5.66,0.0,0.0,0.0,2357448704,0,8,4,1,0,sleeping,511896,2430501,1322758144,9162752,4859310014,9081161
2025-05-20 04:03:33,21220,11503202304,2356609024,102.2,7.0616389874779335,0,21,547.7,5.66,0.0,0.0,0.0,2357452800,0,8,4,1,0,sleeping,513436,2430501,1326952448,9162752,4874530325,9081161
2025-05-20 04:03:34,21220,11503202304,2356609024,102.2,7.0616389874779335,0,21,548.79,5.66,0.0,0.0,0.0,2357456896,0,8,4,1,0,sleeping,514949,2430501,1326952448,9162752,4888400355,9081161
2025-05-20 04:03:35,21220,11503202304,2356609024,101.3,7.0616389874779335,0,21,549.86,5.67,0.0,0.0,0.0,2357460992,0,8,4,1,0,sleeping,516392,2430501,1331146752,9162752,4902390242,9081161
2025-05-20 04:03:36,21220,11503202304,2356609024,102.1,7.0616389874779335,0,21,550.95,5.67,0.0,0.0,0.0,2357514240,0,8,4,1,0,sleeping,517897,2430501,1335341056,9162752,4916267929,9081161
2025-05-20 04:03:37,21220,11503202304,2356609024,102.2,7.0616389874779335,0,21,552.03,5.68,0.0,0.0,0.0,2357600256,0,8,4,1,0,sleeping,519385,2430501,1339535360,9162752,4930722767,9081161
2025-05-20 04:03:38,21220,11503202304,2356871168,100.9,7.062424508653437,0,21,553.11,5.68,0.0,0.0,0.0,2357657600,0,7,4,1,0,sleeping,520702,2430501,1343729664,9162752,4942681140,9081161
2025-05-20 04:03:39,21220,11503202304,2357919744,100.8,7.065566593355448,0,21,554.2,5.69,0.0,0.0,0.0,2358841344,0,7,4,1,0,sleeping,521644,2430501,1343729664,9162752,4951680224,9081161
2025-05-20 04:03:40,21220,11503202304,2358968320,101.0,7.06870867805746,0,21,555.39,5.7,0.0,0.0,0.0,2359967744,0,8,4,1,0,sleeping,522430,2430501,1347923968,9162752,4959526080,9081161
2025-05-20 04:03:42,21220,11503202304,2360279040,149.1,7.072636283934976,0,21,557.27,5.71,0.0,0.0,0.0,2361102336,0,8,4,1,0,sleeping,522797,2430501,1347923968,9162752,4962138090,9081161
2025-05-20 04:03:43,21220,11503202304,2360279040,100.7,7.072636283934976,0,21,558.65,5.71,0.0,0.0,0.0,2361102336,0,7,4,1,0,sleeping,523101,2430501,1347923968,9162752,4965402613,9081161
2025-05-20 04:03:44,21220,11503202304,2360279040,98.8,7.072636283934976,0,21,560.1,5.71,0.0,0.0,0.0,2361102336,0,8,4,1,0,sleeping,523344,2430501,1347923968,9162752,4968118650,9081161
2025-05-20 04:03:46,21220,11503202304,2360279040,103.4,7.072636283934976,0,21,561.41,5.72,0.0,0.0,0.0,2361102336,0,7,4,1,0,sleeping,523550,2430501,1347923968,9162752,4969550245,9081161
2025-05-20 04:03:47,21220,11503202304,2360279040,101.9,7.072636283934976,0,21,562.53,5.72,0.0,0.0,0.0,2361102336,0,8,4,1,0,sleeping,524042,2430501,1352118272,9162752,4974301750,9081161
2025-05-20 04:03:48,21220,11503202304,2360279040,103.1,7.072636283934976,0,21,563.62,5.73,0.0,0.0,0.0,2361102336,0,8,4,1,0,sleeping,525125,2430501,1356312576,9162752,4983932884,9081161
2025-05-20 04:03:49,21220,11503202304,2360279040,101.3,7.072636283934976,0,21,564.7,5.73,0.0,0.0,0.0,2361106432,0,8,4,1,0,sleeping,526536,2430501,1356312576,9162752,4996455930,9081161
2025-05-20 04:03:50,21220,11503202304,2360279040,102.1,7.072636283934976,0,21,565.79,5.73,0.0,0.0,0.0,2361114624,0,8,4,1,0,sleeping,527772,2430501,1360506880,9162752,5007705017,9081161
2025-05-20 04:03:51,21220,11503202304,2360279040,101.2,7.072636283934976,0,21,566.87,5.73,0.0,0.0,0.0,2361122816,0,8,4,1,0,sleeping,529195,2430501,1364701184,9162752,5020504930,9081161
2025-05-20 04:03:52,21220,11503202304,2360279040,102.2,7.072636283934976,0,21,567.95,5.74,0.0,0.0,0.0,2361131008,0,8,4,1,0,sleeping,530626,2430501,1368895488,9162752,5034294447,9081161
2025-05-20 04:03:53,21220,11503202304,2360279040,101.3,7.072636283934976,0,21,569.03,5.74,0.0,0.0,0.0,2361131008,0,8,4,1,0,sleeping,532083,2430501,1373089792,9162752,5047529919,9081161
2025-05-20 04:03:54,21220,11503202304,2360279040,103.1,7.072636283934976,0,21,570.12,5.75,0.0,0.0,0.0,2361135104,0,8,4,1,0,sleeping,533268,2430501,1377284096,9162752,5058215175,9081161
2025-05-20 04:03:56,21220,11503202304,2360279040,101.2,7.072636283934976,0,21,571.2,5.75,0.0,0.0,0.0,2361143296,0,7,4,1,0,sleeping,534539,2430501,1381478400,9162752,5070084841,9081161
2025-05-20 04:03:57,21220,11503202304,2360279040,101.9,7.072636283934976,0,21,572.27,5.77,0.0,0.0,0.0,2361176064,0,8,4,1,0,sleeping,536047,2430502,1381478400,9162752,5084196764,9081285
2025-05-20 04:03:58,21220,11503202304,2360279040,100.9,7.072636283934976,0,21,573.38,5.77,0.0,0.0,0.0,2361184256,0,7,4,1,0,sleeping,537091,2430502,1385672704,9162752,5093274621,9081285
2025-05-20 04:03:59,21220,11503202304,2360279040,101.7,7.072636283934976,0,21,574.51,5.79,0.0,0.0,0.0,2361192448,0,8,4,1,0,sleeping,537843,2430502,1385672704,9162752,5100578808,9081285
2025-05-20 04:04:00,21220,11503202304,2360279040,100.8,7.072636283934976,0,21,575.72,5.8,0.0,0.0,0.0,2361192448,0,7,4,1,0,sleeping,538327,2430502,1389867008,9162752,5105950377,9081285
2025-05-20 04:04:01,21220,11503202304,2360279040,99.5,7.072636283934976,0,21,577.03,5.8,0.0,0.0,0.0,2361192448,0,7,4,1,0,sleeping,538638,2430502,1389867008,9162752,5108101197,9081285
2025-05-20 04:04:02,21220,11503202304,2360279040,100.2,7.072636283934976,0,21,578.51,5.8,0.0,0.0,0.0,2361192448,0,7,4,1,0,sleeping,538860,2430502,1389867008,9162752,5110460595,9081285
2025-05-20 04:04:04,21220,11503202304,2360279040,106.2,7.072636283934976,0,21,579.74,5.8,0.0,0.0,0.0,2361196544,0,8,4,1,0,sleeping,539168,2430502,1389867008,9162752,5113611132,9081285
2025-05-20 04:04:05,21220,11503202304,2360279040,104.3,7.072636283934976,0,21,580.85,5.81,0.0,0.0,0.0,2361200640,0,7,4,1,0,sleeping,540048,2430502,1394061312,9162752,5121683163,9081285
2025-05-20 04:04:06,21220,11503202304,2360279040,102.1,7.072636283934976,0,21,581.94,5.81,0.0,0.0,0.0,2361208832,0,7,4,1,0,sleeping,541252,2430502,1398255616,9162752,5132122348,9081285
2025-05-20 04:04:07,21220,11503202304,2360328192,101.2,7.072783569155382,0,21,583.03,5.82,0.0,0.0,0.0,2361208832,0,7,4,1,0,sleeping,542935,2440216,1398255616,10006528,5167982866,9923373
2025-05-20 04:04:08,21220,11503202304,2360328192,102.2,7.072783569155382,0,21,584.11,5.83,0.0,0.0,0.0,2361217024,0,7,4,1,0,sleeping,544482,2440216,1402449920,10006528,5183546636,9923373
2025-05-20 04:04:09,21220,11503202304,2360328192,101.3,7.072783569155382,0,21,585.19,5.83,0.0,0.0,0.0,2361221120,0,7,4,1,0,sleeping,545846,2440216,1406644224,10006528,5196096743,9923373
2025-05-20 04:04:10,21220,11503202304,2360328192,101.3,7.072783569155382,0,21,586.26,5.84,0.0,0.0,0.0,2361229312,0,8,4,1,0,sleeping,547411,2440216,1410838528,10006528,5211649186,9923373
2025-05-20 04:04:11,21220,11503202304,2360459264,102.2,7.073176329743133,0,21,587.34,5.85,0.0,0.0,0.0,2361237504,0,8,4,1,0,sleeping,548862,2440216,1415032832,10006528,5224901308,9923373
2025-05-20 04:04:13,21220,11503202304,2360459264,101.3,7.073176329743133,0,21,588.42,5.85,0.0,0.0,0.0,2361237504,0,8,4,1,0,sleeping,550347,2440216,1419227136,10006528,5239374578,9923373
2025-05-20 04:04:14,21220,11503202304,2360459264,103.1,7.073176329743133,0,21,589.52,5.85,0.0,0.0,0.0,2361241600,0,7,4,1,0,sleeping,551800,2440216,1423421440,10006528,5252635635,9923373
2025-05-20 04:04:15,21220,11503202304,2360459264,101.3,7.073176329743133,0,21,590.6,5.85,0.0,0.0,0.0,2361241600,0,8,4,1,0,sleeping,553323,2440216,1427615744,10006528,5268007098,9923373
2025-05-20 04:04:16,21220,11503202304,2360459264,101.1,7.073176329743133,0,21,591.68,5.86,0.0,0.0,0.0,2361249792,0,7,4,1,0,sleeping,554600,2440216,1427615744,10006528,5280224075,9923373
2025-05-20 04:04:17,21220,11503202304,2360459264,100.2,7.073176329743133,0,21,592.78,5.87,0.0,0.0,0.0,2361253888,0,8,4,1,0,sleeping,555555,2440216,1431810048,10006528,5289240660,9923373
2025-05-20 04:04:18,21220,11503202304,2360590336,100.7,7.073569090330885,0,21,593.96,5.87,0.0,0.0,0.0,2361262080,0,8,4,1,0,sleeping,556165,2440216,1431810048,10006528,5294652454,9923373
2025-05-20 04:04:19,21220,11503202304,2360590336,99.6,7.073569090330885,0,21,595.23,5.87,0.0,0.0,0.0,2361262080,0,8,4,1,0,sleeping,556578,2440216,1431810048,10006528,5298836183,9923373
2025-05-20 04:04:20,21220,11503202304,2360590336,100.6,7.073569090330885,0,21,596.76,5.88,0.0,0.0,0.0,2361262080,0,7,4,1,0,sleeping,556837,2440216,1431810048,10006528,5301834199,9923373
2025-05-20 04:04:22,21220,11503202304,2360590336,104.1,7.073569090330885,0,21,598.14,5.88,0.0,0.0,0.0,2361262080,0,8,4,1,0,sleeping,557065,2440216,1431810048,10006528,5303582747,9923373
2025-05-20 04:04:23,21220,11503202304,2360590336,104.6,7.073569090330885,0,21,599.28,5.88,0.0,0.0,0.0,2361266176,0,7,4,1,0,sleeping,557708,2440216,1436004352,10006528,5310121648,9923373
2025-05-20 04:04:24,21220,11503202304,2360590336,102.2,7.073569090330885,0,21,600.36,5.89,0.0,0.0,0.0,2361270272,0,8,4,1,0,sleeping,558939,2440216,1440198656,10006528,5321603869,9923373
2025-05-20 04:04:25,21220,11503202304,2360590336,101.2,7.073569090330885,0,21,601.44,5.89,0.0,0.0,0.0,2361274368,0,7,4,1,0,sleeping,560567,2440216,1440198656,10006528,5336846944,9923373
2025-05-20 04:04:26,21220,11503202304,2360590336,103.1,7.073569090330885,0,21,602.54,5.89,0.0,0.0,0.0,2361274368,0,7,4,1,0,sleeping,562141,2440217,1444392960,10006528,5352506047,9923497
2025-05-20 04:04:28,21220,11503202304,2360590336,100.3,7.073569090330885,0,21,603.61,5.89,0.0,0.0,0.0,2361274368,0,8,4,1,0,sleeping,563594,2440217,1448587264,10006528,5366648260,9923497
2025-05-20 04:04:29,21220,11503202304,2360590336,102.7,7.073569090330885,0,21,604.7,5.9,0.0,0.0,0.0,2361278464,0,8,4,1,0,sleeping,565087,2440217,1452781568,10006528,5380338552,9923497
2025-05-20 04:04:30,21220,11503202304,2360590336,101.3,7.073569090330885,0,21,605.78,5.9,0.0,0.0,0.0,2361298944,0,8,4,1,0,sleeping,566689,2440217,1456975872,10006528,5396231873,9923497
2025-05-20 04:04:31,21220,11503202304,2360590336,102.2,7.073569090330885,0,21,606.87,5.9,0.0,0.0,0.0,2361303040,0,7,4,1,0,sleeping,568058,2440217,1461170176,10006528,5408796010,9923497
2025-05-20 04:04:32,21220,11503202304,2360590336,101.2,7.073569090330885,0,21,607.94,5.91,0.0,0.0,0.0,2361303040,0,8,4,1,0,sleeping,569472,2440217,1465364480,10006528,5422899544,9923497
2025-05-20 04:04:33,21220,11503202304,2360590336,101.6,7.073569090330885,0,21,609.05,5.91,0.0,0.0,0.0,2361303040,0,8,4,1,0,sleeping,570962,2440217,1469558784,10006528,5437031600,9923497
2025-05-20 04:04:34,21220,11503202304,2360590336,101.5,7.073569090330885,0,21,610.15,5.92,0.0,0.0,0.0,2361315328,0,8,4,1,0,sleeping,571989,2440217,1469558784,10006528,5447093888,9923497
2025-05-20 04:04:35,21220,11503202304,2360590336,101.1,7.073569090330885,0,21,611.32,5.92,0.0,0.0,0.0,2361344000,0,7,4,1,0,sleeping,572773,2440217,1473753088,10006528,5454318865,9923497
2025-05-20 04:04:36,21220,11503202304,2360590336,99.6,7.073961850918637,0,21,612.55,5.93,0.0,0.0,0.0,2361356288,0,7,4,1,0,sleeping,573234,2440217,1473753088,10006528,5459766535,9923497
2025-05-20 04:04:37,21220,11503202304,2360721408,102.7,7.073961850918637,0,21,613.96,5.93,0.0,0.0,0.0,2361556992,0,6,4,1,0,sleeping,573497,2440217,1473753088,10006528,5461584934,9923497
2025-05-20 04:04:39,21220,11503202304,2361638912,105.8,7.076711175032897,0,21,615.22,5.93,0.0,0.0,0.0,2362621952,0,7,4,1,0,sleeping,573868,2440217,1473753088,10006528,5465452506,9923497
2025-05-20 04:04:40,21220,11503202304,2363736064,104.7,7.082995344436921,0,21,616.34,5.94,0.0,0.0,0.0,2364760064,0,7,4,1,0,sleeping,574766,2440217,1477947392,10006528,5473999223,9923497
2025-05-20 04:04:41,21220,11503202304,2365046784,125.4,7.0869229503144355,0,21,617.67,5.95,0.0,0.0,0.0,2365968384,0,8,4,1,0,sleeping,575706,2440217,1482141696,10006528,5481660914,9923497
2025-05-20 04:04:42,21220,11503202304,2365046784,102.2,7.0869229503144355,0,21,618.76,5.95,0.0,0.0,0.0,2365972480,0,8,4,1,0,sleeping,577040,2440217,1486336000,10006528,5494085619,9923497
2025-05-20 04:04:43,21220,11503202304,2365046784,101.2,7.0869229503144355,0,21,619.84,5.95,0.0,0.0,0.0,2365976576,0,8,4,1,0,sleeping,578677,2440217,1490530304,10006528,5510168016,9923497
2025-05-20 04:04:44,21220,11503202304,2365046784,100.3,7.0869229503144355,0,21,620.91,5.95,0.0,0.0,0.0,2365976576,0,8,4,1,0,sleeping,580120,2440217,1494274048,10006528,5522986294,9923497
2025-05-20 04:04:45,21220,11503202304,2365046784,101.2,7.0869229503144355,0,21,621.98,5.96,0.0,0.0,0.0,2365980672,0,8,4,1,0,sleeping,581563,2440217,1502662656,10006528,5536737207,9923497
2025-05-20 04:04:46,21220,11503202304,2365046784,101.2,7.0869229503144355,0,21,623.06,5.96,0.0,0.0,0.0,2365988864,0,8,4,1,0,sleeping,583212,2440217,1506856960,10006528,5552204276,9923497
2025-05-20 04:04:47,21220,11503202304,2365046784,102.1,7.0869229503144355,0,21,624.13,5.98,0.0,0.0,0.0,2365988864,0,8,4,1,0,sleeping,584620,2440217,1515245568,10006528,5565855926,9923497
2025-05-20 04:04:49,21220,11503202304,2365046784,102.2,7.0869229503144355,0,21,625.22,5.98,0.0,0.0,0.0,2365992960,0,8,4,1,0,sleeping,586142,2440217,1519439872,10006528,5580055025,9923497
2025-05-20 04:04:50,21220,11503202304,2365046784,100.9,7.0869229503144355,0,21,626.3,5.98,0.0,0.0,0.0,2366001152,0,8,4,1,0,sleeping,587486,2440217,1519439872,10006528,5592623400,9923497
2025-05-20 04:04:51,21220,11503202304,2365046784,102.3,7.0869229503144355,0,21,627.41,5.99,0.0,0.0,0.0,2366005248,0,8,4,1,0,sleeping,588485,2440217,1527828480,10006528,5602361462,9923497
2025-05-20 04:04:52,21220,11503202304,2365046784,100.5,7.0869229503144355,0,21,628.56,6.0,0.0,0.0,0.0,2366005248,0,8,4,1,0,sleeping,589168,2440217,1532022784,10006528,5609076867,9923497
2025-05-20 04:04:53,21220,11503202304,2365046784,99.0,7.0869229503144355,0,21,629.83,6.0,0.0,0.0,0.0,2366009344,0,8,4,1,0,sleeping,589560,2440217,1532022784,10006528,5611859464,9923497
2025-05-20 04:04:54,21220,11503202304,2365046784,100.4,7.0869229503144355,0,21,631.22,6.01,0.0,0.0,0.0,2366013440,0,8,4,1,0,sleeping,589874,2440217,1532022784,10006528,5615221972,9923497
2025-05-20 04:04:56,21220,11503202304,2365046784,105.8,7.0869229503144355,0,21,632.64,6.02,0.0,0.0,0.0,2366038016,0,8,4,1,0,sleeping,590138,2440218,1532022784,10006528,5618177368,9923621
2025-05-20 04:04:57,21220,11503202304,2365046784,104.8,7.0869229503144355,0,21,633.8,6.02,0.0,0.0,0.0,2366038016,0,8,4,1,0,sleeping,590663,2440218,1532022784,10006528,5623035035,9923621
2025-05-20 04:04:58,21220,11503202304,2365046784,102.9,7.0869229503144355,0,21,634.89,6.03,0.0,0.0,0.0,2366038016,0,8,4,1,0,sleeping,591523,2440218,1536217088,10006528,5629807182,9923621
2025-05-20 04:04:59,21220,11503202304,2365046784,102.2,7.0869229503144355,0,21,636.0,6.03,0.0,0.0,0.0,2366046208,0,8,4,1,0,sleeping,592986,2440218,1544605696,10006528,5644043419,9923621
2025-05-20 04:05:00,21220,11503202304,2365046784,101.1,7.0869229503144355,0,21,637.08,6.03,0.0,0.0,0.0,2366054400,0,8,4,1,0,sleeping,594550,2440218,1544605696,10006528,5658381993,9923621
2025-05-20 04:05:01,21220,11503202304,2365046784,101.2,7.0869229503144355,0,21,638.16,6.03,0.0,0.0,0.0,2366058496,0,8,4,1,0,sleeping,596048,2440218,1548800000,10006528,5673012022,9923621
2025-05-20 04:05:02,21220,11503202304,2365046784,103.0,7.0869229503144355,0,21,639.25,6.04,0.0,0.0,0.0,2366062592,0,8,4,1,0,sleeping,597585,2440218,1552994304,10006528,5688103493,9923621
2025-05-20 04:05:03,21220,11503202304,2365046784,102.1,7.0869229503144355,0,21,640.34,6.04,0.0,0.0,0.0,2366062592,0,7,4,1,0,sleeping,598882,2440218,1561382912,10006528,5699201612,9923621
2025-05-20 04:05:04,21220,11503202304,2365046784,101.2,7.0869229503144355,0,21,641.41,6.05,0.0,0.0,0.0,2366070784,0,7,4,1,0,sleeping,600449,2440218,1565577216,10006528,5714914632,9923621
2025-05-20 04:05:06,21220,11503202304,2365046784,102.1,7.0869229503144355,0,21,642.49,6.06,0.0,0.0,0.0,2366070784,0,8,4,1,0,sleeping,601996,2440218,1569771520,10006528,5729485144,9923621
2025-05-20 04:05:07,21220,11503202304,2365046784,101.1,7.0869229503144355,0,21,643.56,6.07,0.0,0.0,0.0,2366078976,0,8,4,1,0,sleeping,603441,2440218,1578160128,10006528,5743544416,9923621
2025-05-20 04:05:08,21220,11503202304,2365046784,100.8,7.0869229503144355,0,21,644.64,6.08,0.0,0.0,0.0,2366087168,0,8,4,1,0,sleeping,604715,2440218,1582354432,10006528,5755853984,9923621
2025-05-20 04:05:09,21220,11503202304,2365046784,100.5,7.0869229503144355,0,21,645.76,6.08,0.0,0.0,0.0,2366087168,0,8,4,1,0,sleeping,605579,2440218,1582354432,10006528,5763927926,9923621
2025-05-20 04:05:10,21220,11503202304,2365046784,99.7,7.0869229503144355,0,21,646.94,6.08,0.0,0.0,0.0,2366087168,0,8,4,1,0,sleeping,606149,2440218,1582354432,10006528,5769227449,9923621
2025-05-20 04:05:11,21220,11503202304,2365046784,97.9,7.0869229503144355,0,21,648.21,6.09,0.0,0.0,0.0,2366087168,0,8,4,1,0,sleeping,606567,2440218,1582354432,10006528,5773573470,9923621
2025-05-20 04:05:12,21220,11503202304,2365046784,100.9,7.0869229503144355,0,21,649.63,6.1,0.0,0.0,0.0,2366087168,0,7,4,1,0,sleeping,606857,2440218,1586548736,10006528,5776801399,9923621
2025-05-20 04:05:14,21220,11503202304,2365046784,103.6,7.0869229503144355,0,21,650.89,6.11,0.0,0.0,0.0,2366091264,0,8,4,1,0,sleeping,607142,2440218,1586548736,10006528,5778938450,9923621
2025-05-20 04:05:15,21220,11503202304,2365046784,104.3,7.0869229503144355,0,21,652.02,6.11,0.0,0.0,0.0,2366099456,0,8,4,1,0,sleeping,607871,2440218,1586548736,10006528,5786234051,9923621
2025-05-20 04:05:16,21220,11503202304,2365243392,102.2,7.087512091196063,0,21,653.09,6.13,0.0,0.0,0.0,2366111744,0,7,4,1,0,sleeping,609233,2449147,1594937344,10883072,5818123110,10780769
2025-05-20 04:05:17,21220,11503202304,2363305984,101.2,7.081706598758361,0,21,654.16,6.14,0.0,0.0,0.0,2364014592,0,8,4,1,0,sleeping,610784,2449147,1599148032,10883072,5833074449,10780769
2025-05-20 04:05:18,21220,11503202304,2361733120,101.3,7.076993471705344,0,21,655.24,6.14,0.0,0.0,0.0,2362441728,0,8,4,1,0,sleeping,612379,2449147,1603477504,10883072,5849519032,10780769
2025-05-20 04:05:19,21220,11503202304,2361733120,102.2,7.076993471705344,0,21,656.32,6.15,0.0,0.0,0.0,2362454016,0,8,4,1,0,sleeping,614042,2449147,1611866112,10883072,5866432463,10780769
2025-05-20 04:05:20,21220,11503202304,2361733120,101.3,7.076993471705344,0,21,657.4,6.15,0.0,0.0,0.0,2362454016,0,8,4,1,0,sleeping,615426,2449147,1611866112,10883072,5879641396,10780769
2025-05-20 04:05:21,21220,11503202304,2361733120,101.3,7.076993471705344,0,21,658.47,6.16,0.0,0.0,0.0,2362458112,0,8,4,1,0,sleeping,616885,2449147,1616060416,10883072,5893383831,10780769
2025-05-20 04:05:23,21220,11503202304,2361733120,101.3,7.076993471705344,0,21,659.55,6.16,0.0,0.0,0.0,2362466304,0,8,4,1,0,sleeping,618362,2449147,1620254720,10883072,5908237492,10780769
2025-05-20 04:05:24,21220,11503202304,2361733120,102.2,7.076993471705344,0,21,660.64,6.16,0.0,0.0,0.0,2362466304,0,8,4,1,0,sleeping,619856,2449147,1628643328,10883072,5922202246,10780769
2025-05-20 04:05:25,21220,11503202304,2361733120,101.4,7.076993471705344,0,21,661.74,6.16,0.0,0.0,0.0,2362474496,0,8,4,1,0,sleeping,621479,2449147,1632837632,10883072,5938760625,10780769
2025-05-20 04:05:26,21220,11503202304,2361733120,101.8,7.076993471705344,0,21,662.82,6.17,0.0,0.0,0.0,2362478592,0,7,4,1,0,sleeping,622881,2449148,1637031936,10883072,5952175817,10780893
2025-05-20 04:05:27,21220,11503202304,2361733120,100.7,7.076993471705344,0,21,663.92,6.17,0.0,0.0,0.0,2362478592,0,7,4,1,0,sleeping,623875,2449148,1637031936,10883072,5962082846,10780893
2025-05-20 04:05:28,21220,11503202304,2361733120,100.6,7.076993471705344,0,21,665.07,6.18,0.0,0.0,0.0,2362478592,0,8,4,1,0,sleeping,624625,2449148,1641226240,10883072,5968722314,10780893
2025-05-20 04:05:29,21220,11503202304,2361733120,100.3,7.076993471705344,0,21,666.32,6.18,0.0,0.0,0.0,2362482688,0,8,4,1,0,sleeping,625033,2449148,1645420544,10883072,5972541569,10780893
2025-05-20 04:05:30,21220,11503202304,2361733120,99.5,7.076993471705344,0,21,667.66,6.18,0.0,0.0,0.0,2362482688,0,7,4,1,0,sleeping,625369,2449148,1645420544,10883072,5976138323,10780893
2025-05-20 04:05:32,21220,11503202304,2361733120,103.2,7.076993471705344,0,21,669.12,6.19,0.0,0.0,0.0,2362527744,0,7,4,1,0,sleeping,625630,2449148,1645420544,10883072,5979198271,10780893
2025-05-20 04:05:33,21220,11503202304,2361733120,107.1,7.076993471705344,0,21,670.32,6.2,0.0,0.0,0.0,2362527744,0,8,4,1,0,sleeping,626054,2449148,1645420544,10883072,5983562202,10780893
2025-05-20 04:05:34,21220,11503202304,2361733120,102.0,7.076993471705344,0,21,671.41,6.2,0.0,0.0,0.0,2362617856,0,8,4,1,0,sleeping,627132,2449148,1649614848,10883072,5993743097,10780893
2025-05-20 04:05:35,21220,11503202304,2366976000,102.1,7.092703895215403,0,21,672.49,6.21,0.0,0.0,0.0,2367774720,0,8,4,1,0,sleeping,628663,2449148,1653809152,10883072,6008248677,10780893
2025-05-20 04:05:36,21220,11503202304,2369728512,102.2,7.100951867558184,0,21,673.57,6.22,0.0,0.0,0.0,2370908160,0,8,4,1,0,sleeping,629933,2449148,1662062592,10883072,6020629648,10780893
2025-05-20 04:05:37,21220,11503202304,2370908160,124.7,7.104486712847947,0,21,674.9,6.22,0.0,0.0,0.0,2372005888,0,8,4,1,0,sleeping,631434,2449148,1666256896,10883072,6036001129,10780893
2025-05-20 04:05:38,21220,11503202304,2370908160,102.2,7.104486712847947,0,21,675.98,6.23,0.0,0.0,0.0,2372009984,0,8,4,1,0,sleeping,632996,2449148,1670451200,10883072,6050701774,10780893
2025-05-20 04:05:40,21220,11503202304,2370908160,101.2,7.104486712847947,0,21,677.06,6.23,0.0,0.0,0.0,2372018176,0,8,4,1,0,sleeping,634490,2449148,1674645504,10883072,6065631542,10780893
2025-05-20 04:05:41,21220,11503202304,2370908160,102.2,7.104486712847947,0,21,678.14,6.24,0.0,0.0,0.0,2372018176,0,8,4,1,0,sleeping,636148,2449148,1678782464,10883072,6081501196,10780893
2025-05-20 04:05:42,21220,11503202304,2370908160,101.1,7.104486712847947,0,21,679.22,6.24,0.0,0.0,0.0,2371989504,0,7,4,1,0,sleeping,637601,2449148,1682976768,10883072,6095097232,10780893
2025-05-20 04:05:43,21220,11503202304,2370908160,100.8,7.104486712847947,0,21,680.31,6.24,0.0,0.0,0.0,2371993600,0,7,4,1,0,sleeping,638801,2449148,1687171072,10883072,6106958796,10780893
2025-05-20 04:05:44,21220,11503202304,2370908160,101.7,7.104486712847947,0,21,681.44,6.24,0.0,0.0,0.0,2372001792,0,7,4,1,0,sleeping,639700,2449148,1687171072,10883072,6115655700,10780893
2025-05-20 04:05:45,21220,11503202304,2370908160,100.8,7.104486712847947,0,21,682.61,6.25,0.0,0.0,0.0,2372001792,0,8,4,1,0,sleeping,640316,2449148,1691373568,10883072,6122271559,10780893
2025-05-20 04:05:46,21220,11503202304,2370908160,98.7,7.104486712847947,0,21,683.86,6.25,0.0,0.0,0.0,2372001792,0,8,4,1,0,sleeping,640740,2449148,1691373568,10883072,6125598181,10780893
2025-05-20 04:05:47,21220,11503202304,2370908160,102.5,7.104486712847947,0,21,685.21,6.25,0.0,0.0,0.0,2372005888,0,8,4,1,0,sleeping,641060,2449148,1691373568,10883072,6129120480,10780893
2025-05-20 04:05:49,21220,11503202304,2370908160,105.7,7.104486712847947,0,21,686.38,6.25,0.0,0.0,0.0,2372014080,0,8,4,1,0,sleeping,641475,2449148,1691373568,10883072,6132943475,10780893
2025-05-20 04:05:50,21220,11503202304,2371039232,103.0,7.104879473435699,0,21,687.47,6.26,0.0,0.0,0.0,2372018176,0,8,4,1,0,sleeping,642614,2449148,1695567872,10883072,6144355244,10780893
2025-05-20 04:05:51,21220,11503202304,2371039232,102.3,7.104879473435699,0,21,688.57,6.27,0.0,0.0,0.0,2372022272,0,8,4,1,0,sleeping,644122,2449148,1699762176,10883072,6158558231,10780893
2025-05-20 04:05:52,21220,11503202304,2371039232,101.5,7.104879473435699,0,21,689.66,6.27,0.0,0.0,0.0,2372026368,0,8,4,1,0,sleeping,645802,2449148,1703956480,10883072,6175775426,10780893
2025-05-20 04:05:53,21220,11503202304,2371039232,102.0,7.104879473435699,0,21,690.74,6.28,0.0,0.0,0.0,2372026368,0,8,4,1,0,sleeping,647383,2449148,1703956480,10883072,6190507039,10780893
2025-05-20 04:05:54,21220,11503202304,2371039232,102.8,7.104879473435699,0,21,691.84,6.28,0.0,0.0,0.0,2372030464,0,8,4,1,0,sleeping,648867,2449148,1708150784,10883072,6205296051,10780893
2025-05-20 04:05:55,21220,11503202304,2371039232,101.2,7.104879473435699,0,21,692.91,6.29,0.0,0.0,0.0,2372034560,0,8,4,1,0,sleeping,650420,2449148,1712345088,10883072,6219776613,10780893
2025-05-20 04:05:56,21220,11503202304,2371039232,102.2,7.104879473435699,0,21,693.99,6.3,0.0,0.0,0.0,2372038656,0,8,4,1,0,sleeping,651961,2449149,1716539392,10883072,6235215896,10781017
2025-05-20 04:05:57,21220,11503202304,2371039232,101.2,7.104879473435699,0,21,695.07,6.3,0.0,0.0,0.0,2372050944,0,8,4,1,0,sleeping,653467,2449149,1720733696,10883072,6249422061,10781017
2025-05-20 04:05:58,21220,11503202304,2371039232,102.1,7.104879473435699,0,21,696.15,6.31,0.0,0.0,0.0,2372055040,0,8,4,1,0,sleeping,654975,2449149,1724928000,10883072,6264915120,10781017
2025-05-20 04:05:59,21220,11503202304,2371039232,101.7,7.104879473435699,0,21,697.25,6.31,0.0,0.0,0.0,2372059136,0,8,4,1,0,sleeping,656275,2449149,1724928000,10883072,6277659248,10781017
2025-05-20 04:06:00,21220,11503202304,2371039232,102.1,7.104879473435699,0,21,698.38,6.32,0.0,0.0,0.0,2372063232,0,8,4,1,0,sleeping,657162,2449149,1729122304,10883072,6286158401,10781017
2025-05-20 04:06:02,21220,11503202304,2371039232,99.4,7.104879473435699,0,21,699.57,6.32,0.0,0.0,0.0,2372063232,0,8,4,1,0,sleeping,657746,2449149,1729748992,10883072,6291517214,10781017
2025-05-20 04:06:03,21220,11503202304,2371039232,98.0,7.104879473435699,0,21,700.84,6.32,0.0,0.0,0.0,2372063232,0,8,4,1,0,sleeping,658081,2449149,1730797568,10883072,6294774765,10781017
2025-05-20 04:06:04,21220,11503202304,2371039232,100.4,7.104879473435699,0,21,702.21,6.34,0.0,0.0,0.0,2372063232,0,8,4,1,0,sleeping,658343,2449149,1730797568,10883072,6296720288,10781017
2025-05-20 04:06:06,21220,11503202304,2371039232,105.3,7.104879473435699,0,21,703.49,6.36,0.0,0.0,0.0,2372063232,0,7,4,1,0,sleeping,658525,2449149,1737056256,10883072,6298734393,10781017
2025-05-20 04:06:07,21220,11503202304,2371039232,104.1,7.104879473435699,0,21,704.62,6.36,0.0,0.0,0.0,2372063232,0,8,4,1,0,sleeping,659159,2449149,1737056256,10883072,6305089061,10781017
2025-05-20 04:06:08,21220,11503202304,2371039232,102.3,7.104879473435699,0,21,705.72,6.36,0.0,0.0,0.0,2372071424,0,7,4,1,0,sleeping,660400,2449149,1745444864,10883072,6316796325,10781017
2025-05-20 04:06:09,21220,11503202304,2371039232,101.2,7.104879473435699,0,21,706.8,6.36,0.0,0.0,0.0,2372075520,0,8,4,1,0,sleeping,661883,2449149,1745444864,10883072,6330460271,10781017
2025-05-20 04:06:10,21220,11503202304,2371039232,102.1,7.104879473435699,0,21,707.88,6.37,0.0,0.0,0.0,2372083712,0,8,4,1,0,sleeping,663439,2449149,1753833472,10883072,6346269357,10781017
2025-05-20 04:06:11,21220,11503202304,2371039232,101.7,7.104879473435699,0,21,708.97,6.37,0.0,0.0,0.0,2372096000,0,8,4,1,0,sleeping,664906,2449149,1758027776,10883072,6360026112,10781017
2025-05-20 04:06:12,21220,11503202304,2371039232,102.2,7.104879473435699,0,21,710.06,6.37,0.0,0.0,0.0,2372096000,0,8,4,1,0,sleeping,666166,2449149,1762222080,10883072,6371976227,10781017
2025-05-20 04:06:13,21220,11503202304,2371039232,101.1,7.104879473435699,0,21,711.13,6.38,0.0,0.0,0.0,2372096000,0,8,4,1,0,sleeping,667571,2449149,1770610688,10883072,6385048785,10781017
2025-05-20 04:06:14,21220,11503202304,2371039232,101.5,7.104879473435699,0,21,712.23,6.38,0.0,0.0,0.0,2372096000,0,8,4,1,0,sleeping,668777,2449149,1774804992,10883072,6396926997,10781017
2025-05-20 04:06:15,21220,11503202304,2371039232,101.0,7.104879473435699,0,21,713.36,6.38,0.0,0.0,0.0,2372108288,0,8,4,1,0,sleeping,669554,2449149,1774804992,10883072,6404154526,10781017
2025-05-20 04:06:16,21220,11503202304,2371039232,100.7,7.104879473435699,0,21,714.6,6.38,0.0,0.0,0.0,2372112384,0,7,4,1,0,sleeping,670005,2449149,1778999296,10883072,6408814063,10781017
2025-05-20 04:06:18,21220,11503202304,2371039232,101.7,7.104879473435699,0,21,715.9,6.39,0.0,0.0,0.0,2372112384,0,8,4,1,0,sleeping,670380,2449149,1778999296,10883072,6412533803,10781017
2025-05-20 04:06:19,21220,11503202304,2371039232,102.4,7.104879473435699,0,21,717.16,6.39,0.0,0.0,0.0,2372112384,0,8,4,1,0,sleeping,670663,2449149,1778999296,10883072,6414645994,10781017
2025-05-20 04:06:20,21220,11503202304,2371170304,104.3,7.105272234023451,0,21,718.31,6.39,0.0,0.0,0.0,2372116480,0,7,4,1,0,sleeping,671117,2449149,1778999296,10883072,6419071088,10781017
2025-05-20 04:06:21,21220,11503202304,2371186688,99.3,7.1053213290969195,0,21,719.34,6.42,0.0,0.0,0.0,2372120576,0,7,4,1,0,sleeping,672246,2457071,1787887616,11550720,6446229920,11430385
2025-05-20 04:06:22,21220,11503202304,2371186688,102.2,7.1053213290969195,0,21,720.43,6.42,0.0,0.0,0.0,2372124672,0,8,4,1,0,sleeping,673640,2457071,1792081920,11550720,6458934183,11430385
2025-05-20 04:06:23,21220,11503202304,2371186688,100.4,7.1053213290969195,0,21,721.5,6.42,0.0,0.0,0.0,2372128768,0,7,4,1,0,sleeping,675215,2457071,1796546560,11550720,6474765510,11430385
2025-05-20 04:06:24,21220,11503202304,2371186688,102.2,7.1053213290969195,0,21,722.59,6.42,0.0,0.0,0.0,2372128768,0,8,4,1,0,sleeping,676594,2457071,1800605696,11550720,6487031399,11430385
2025-05-20 04:06:26,21220,11503202304,2371317760,102.2,7.105714089684671,0,21,723.67,6.43,0.0,0.0,0.0,2372136960,0,8,4,1,0,sleeping,678265,2457071,1804800000,11550720,6503714339,11430385
2025-05-20 04:06:27,21220,11503202304,2371317760,101.3,7.105714089684671,0,21,724.74,6.44,0.0,0.0,0.0,2372136960,0,8,4,1,0,sleeping,679893,2457072,1809010688,11550720,6519348065,11430509
2025-05-20 04:06:28,21220,11503202304,2371317760,101.2,7.105714089684671,0,21,725.82,6.44,0.0,0.0,0.0,2372145152,0,8,4,1,0,sleeping,681395,2457072,1813204992,11550720,6534398981,11430509
2025-05-20 04:06:29,21220,11503202304,2371317760,103.0,7.105714089684671,0,21,726.91,6.45,0.0,0.0,0.0,2372202496,0,7,4,1,0,sleeping,683017,2457072,1821458432,11550720,6549928548,11430509
2025-05-20 04:06:30,21220,11503202304,2371317760,100.9,7.105714089684671,0,21,727.98,6.46,0.0,0.0,0.0,2372227072,0,8,4,1,0,sleeping,684550,2457072,1825652736,11550720,6564531799,11430509
2025-05-20 04:06:31,21220,11503202304,2372628480,103.2,7.1096416955621855,0,21,729.09,6.47,0.0,0.0,0.0,2373443584,0,8,4,1,0,sleeping,685679,2457072,1825652736,11550720,6575543242,11430509
2025-05-20 04:06:32,21220,11503202304,2374725632,99.9,7.115925864966209,0,21,730.26,6.47,0.0,0.0,0.0,2375598080,0,8,4,1,0,sleeping,686480,2457072,1829863424,11550720,6583525878,11430509
2025-05-20 04:06:33,21220,11503202304,2374725632,99.6,7.115925864966209,0,21,731.54,6.49,0.0,0.0,0.0,2375684096,0,8,4,1,0,sleeping,686855,2457072,1829863424,11550720,6587191340,11430509
2025-05-20 04:06:34,21220,11503202304,2375905280,213.7,7.119460710255973,0,21,734.72,6.49,0.0,0.0,0.0,2376777728,0,8,4,1,0,sleeping,687038,2457072,1829863424,11550720,6588508085,11430509
2025-05-20 04:06:36,21220,11503202304,2375905280,100.8,7.119460710255973,0,21,736.2,6.5,0.0,0.0,0.0,2376777728,0,8,4,1,0,sleeping,687221,2457072,1834057728,11550720,6590726997,11430509
2025-05-20 04:06:37,21220,11503202304,2375905280,106.6,7.119460710255973,0,21,737.41,6.5,0.0,0.0,0.0,2376777728,0,8,4,1,0,sleeping,687566,2457072,1834057728,11550720,6593445496,11430509
2025-05-20 04:06:39,21220,11503202304,2375905280,102.8,7.119460710255973,0,21,738.51,6.5,0.0,0.0,0.0,2376785920,0,8,4,1,0,sleeping,688612,2457072,1838252032,11550720,6604183201,11430509
2025-05-20 04:06:40,21220,11503202304,2375905280,101.2,7.119460710255973,0,21,739.59,6.5,0.0,0.0,0.0,2376785920,0,8,4,1,0,sleeping,690462,2457072,1842446336,11550720,6622043356,11430509
2025-05-20 04:06:41,21220,11503202304,2375905280,103.1,7.119460710255973,0,21,740.68,6.51,0.0,0.0,0.0,2376794112,0,8,4,1,0,sleeping,692794,2457072,1867612160,11550720,6654386342,11430509
2025-05-20 04:06:42,21220,11503202304,2375905280,101.2,7.119460710255973,0,21,741.76,6.51,0.0,0.0,0.0,2376794112,0,8,4,1,0,sleeping,692794,2457072,1867612160,11550720,6654386342,11430509
2025-05-20 04:06:43,21220,11503202304,2375905280,101.3,7.119460710255973,0,21,742.86,6.51,0.0,0.0,0.0,2376794112,0,8,4,1,0,sleeping,692794,2457072,1867612160,11550720,6654386342,11430509
2025-05-20 04:06:44,21220,11503202304,2375905280,101.2,7.119460710255973,0,21,743.94,6.51,0.0,0.0,0.0,2376794112,0,8,4,1,0,sleeping,693433,2457072,1871806464,11550720,6661216801,11430509
2025-05-20 04:06:45,21220,11503202304,2375905280,102.2,7.119460710255973,0,21,745.02,6.52,0.0,0.0,0.0,2376794112,0,8,4,1,0,sleeping,694921,2457072,1876000768,11550720,6675269054,11430509
2025-05-20 04:06:46,21220,11503202304,2375905280,100.2,7.119460710255973,0,21,746.09,6.52,0.0,0.0,0.0,2376798208,0,8,4,1,0,sleeping,696408,2457072,1880330240,11550720,6690233780,11430509
2025-05-20 04:06:47,21220,11503202304,2375905280,102.1,7.119460710255973,0,21,747.18,6.53,0.0,0.0,0.0,2376802304,0,8,4,1,0,sleeping,697845,2457072,1884389376,11550720,6704481896,11430509
2025-05-20 04:06:48,21220,11503202304,2375905280,100.2,7.119460710255973,0,21,748.29,6.53,0.0,0.0,0.0,2376806400,0,7,4,1,0,sleeping,698846,2457072,1888583680,11550720,6714273516,11430509
2025-05-20 04:06:49,21220,11503202304,2375905280,101.6,7.119460710255973,0,21,749.47,6.54,0.0,0.0,0.0,2376810496,0,8,4,1,0,sleeping,699406,2457072,1888583680,11550720,6719294723,11430509
2025-05-20 04:06:50,21220,11503202304,2375905280,98.3,7.119460710255973,0,21,750.72,6.54,0.0,0.0,0.0,2376810496,0,8,4,1,0,sleeping,699829,2457072,1888583680,11550720,6723518480,11430509
2025-05-20 04:06:52,21220,11503202304,2375905280,99.9,7.119460710255973,0,21,752.08,6.55,0.0,0.0,0.0,2376810496,0,8,4,1,0,sleeping,700117,2457072,1888583680,11550720,6726594643,11430509
2025-05-20 04:06:53,21220,11503202304,2375905280,103.3,7.119460710255973,0,21,753.39,6.55,0.0,0.0,0.0,2376814592,0,8,4,1,0,sleeping,700340,2457072,1892777984,11550720,6729113661,11430509
2025-05-20 04:06:54,21220,11503202304,2375905280,104.2,7.119460710255973,0,21,754.52,6.56,0.0,0.0,0.0,2376814592,0,8,4,1,0,sleeping,700908,2457072,1892777984,11550720,6734141917,11430509
2025-05-20 04:06:55,21220,11503202304,2375905280,101.2,7.119460710255973,0,21,755.6,6.56,0.0,0.0,0.0,2376826880,0,8,4,1,0,sleeping,702161,2457072,1896972288,11550720,6746454929,11430509
2025-05-20 04:06:57,21220,11503202304,2375905280,102.1,7.119460710255973,0,21,756.67,6.58,0.0,0.0,0.0,2376851456,0,8,4,1,0,sleeping,703641,2457073,1901166592,11550720,6760404055,11430632
2025-05-20 04:06:58,21220,11503202304,2375905280,100.8,7.119460710255973,0,21,757.75,6.58,0.0,0.0,0.0,2376859648,0,8,4,1,0,sleeping,705148,2457073,1905360896,11550720,6775279257,11430632
2025-05-20 04:06:59,21220,11503202304,2375905280,103.0,7.119460710255973,0,21,758.84,6.59,0.0,0.0,0.0,2376859648,0,8,4,1,0,sleeping,706585,2457073,1909555200,11550720,6789374735,11430632
2025-05-20 04:07:00,21220,11503202304,2375905280,102.1,7.119460710255973,0,21,759.92,6.6,0.0,0.0,0.0,2376863744,0,8,4,1,0,sleeping,708025,2457073,1917943808,11550720,6802505241,11430632
2025-05-20 04:07:01,21220,11503202304,2375905280,101.3,7.119460710255973,0,21,761.0,6.6,0.0,0.0,0.0,2376863744,0,8,4,1,0,sleeping,709611,2457073,1922138112,11550720,6818393800,11430632
2025-05-20 04:07:02,21220,11503202304,2375905280,102.2,7.119460710255973,0,21,762.07,6.62,0.0,0.0,0.0,2376871936,0,8,4,1,0,sleeping,711084,2457073,1926332416,11550720,6832151828,11430632
2025-05-20 04:07:03,21220,11503202304,2375905280,102.0,7.119460710255973,0,21,763.16,6.62,0.0,0.0,0.0,2376880128,0,8,4,1,0,sleeping,712551,2457073,1930526720,11550720,6847053109,11430632
2025-05-20 04:07:04,21220,11503202304,2375905280,100.5,7.119460710255973,0,21,764.24,6.63,0.0,0.0,0.0,2376884224,0,8,4,1,0,sleeping,713787,2457073,1934721024,11550720,6858583490,11430632
2025-05-20 04:07:05,21220,11503202304,2375905280,100.6,7.119460710255973,0,21,765.37,6.63,0.0,0.0,0.0,2376884224,0,8,4,1,0,sleeping,714594,2457073,1938915328,11550720,6866495443,11430632
2025-05-20 04:07:06,21220,11503202304,2375905280,100.6,7.119460710255973,0,21,766.57,6.63,0.0,0.0,0.0,2376892416,0,8,4,1,0,sleeping,715118,2457073,1938915328,11550720,6872317227,11430632
2025-05-20 04:07:07,21220,11503202304,2375905280,99.3,7.119460710255973,0,21,767.85,6.65,0.0,0.0,0.0,2376892416,0,8,4,1,0,sleeping,715446,2457073,1938915328,11550720,6874698444,11430632
2025-05-20 04:07:09,21220,11503202304,2375905280,98.7,7.119460710255973,0,21,769.32,6.65,0.0,0.0,0.0,2376892416,0,8,4,1,0,sleeping,715769,2457073,1938915328,11550720,6878277158,11430632
2025-05-20 04:07:10,21220,11503202304,2375905280,102.9,7.119460710255973,0,21,770.55,6.66,0.0,0.0,0.0,2376892416,0,8,4,1,0,sleeping,716113,2457073,1943109632,11550720,6881947865,11430632
2025-05-20 04:07:11,21220,11503202304,2375905280,104.5,7.119460710255973,0,21,771.69,6.66,0.0,0.0,0.0,2376892416,0,8,4,1,0,sleeping,716953,2457073,1943109632,11550720,6890246155,11430632
2025-05-20 04:07:13,21220,11503202304,2375905280,101.1,7.119460710255973,0,21,772.77,6.66,0.0,0.0,0.0,2376892416,0,7,4,1,0,sleeping,718323,2457073,1951498240,11550720,6903345655,11430632
2025-05-20 04:07:14,21220,11503202304,2375905280,102.2,7.119460710255973,0,21,773.85,6.67,0.0,0.0,0.0,2376896512,0,8,4,1,0,sleeping,719710,2457073,1955692544,11550720,6916540601,11430632
2025-05-20 04:07:15,21220,11503202304,2375905280,101.2,7.119460710255973,0,21,774.93,6.67,0.0,0.0,0.0,2376908800,0,8,4,1,0,sleeping,721223,2457073,1959886848,11550720,6931886375,11430632
2025-05-20 04:07:16,21220,11503202304,2375905280,102.2,7.119460710255973,0,21,776.01,6.68,0.0,0.0,0.0,2376912896,0,8,4,1,0,sleeping,722573,2457073,1959886848,11550720,6944140394,11430632
2025-05-20 04:07:17,21220,11503202304,2375905280,102.2,7.119460710255973,0,21,777.1,6.68,0.0,0.0,0.0,2376921088,0,8,4,1,0,sleeping,724121,2457073,1968275456,11550720,6960005381,11430632
2025-05-20 04:07:18,21220,11503202304,2375974912,101.2,7.1196693643182165,0,21,778.16,6.7,0.0,0.0,0.0,2376925184,0,8,4,1,0,sleeping,725574,2465338,1972469760,12460032,6988013181,12322548
2025-05-20 04:07:19,21220,11503202304,2375974912,101.3,7.1196693643182165,0,21,779.23,6.71,0.0,0.0,0.0,2376925184,0,8,4,1,0,sleeping,727166,2465338,1976664064,12460032,7003056416,12322548
2025-05-20 04:07:20,21220,11503202304,2375974912,101.0,7.1196693643182165,0,21,780.31,6.71,0.0,0.0,0.0,2376925184,0,8,4,1,0,sleeping,728662,2465338,1985052672,12460032,7017282678,12322548
2025-05-20 04:07:21,21220,11503202304,2375974912,100.8,7.1196693643182165,0,21,781.41,6.71,0.0,0.0,0.0,2376933376,0,8,4,1,0,sleeping,729673,2465338,1985052672,12460032,7027121362,12322548
2025-05-20 04:07:22,21220,11503202304,2375974912,101.4,7.1196693643182165,0,21,782.56,6.72,0.0,0.0,0.0,2376937472,0,8,4,1,0,sleeping,730369,2465338,1989246976,12460032,7034195801,12322548
2025-05-20 04:07:23,21220,11503202304,2375974912,100.4,7.1196693643182165,0,21,783.79,6.72,0.0,0.0,0.0,2376941568,0,8,4,1,0,sleeping,730805,2465338,1989246976,12460032,7038255012,12322548
2025-05-20 04:07:25,21220,11503202304,2375974912,99.5,7.1196693643182165,0,21,785.1,6.73,0.0,0.0,0.0,2376941568,0,8,4,1,0,sleeping,731121,2465338,1989246976,12460032,7040552104,12322548
2025-05-20 04:07:26,21220,11503202304,2375974912,102.8,7.1196693643182165,0,21,786.5,6.74,0.0,0.0,0.0,2376941568,0,8,4,1,0,sleeping,731331,2465339,1989246976,12460032,7042804297,12322672
2025-05-20 04:07:27,21220,11503202304,2375974912,104.5,7.1196693643182165,0,21,787.66,6.75,0.0,0.0,0.0,2376941568,0,8,4,1,0,sleeping,731763,2465339,1993441280,12460032,7046973881,12322672
2025-05-20 04:07:28,21220,11503202304,2375974912,102.9,7.1196693643182165,0,21,788.75,6.76,0.0,0.0,0.0,2376941568,0,8,4,1,0,sleeping,732873,2465339,1993441280,12460032,7058180146,12322672
2025-05-20 04:07:29,21220,11503202304,2375974912,102.2,7.1196693643182165,0,21,789.84,6.76,0.0,0.0,0.0,2377039872,0,7,4,1,0,sleeping,734367,2465339,2001829888,12460032,7072094450,12322672
2025-05-20 04:07:30,21220,11503202304,2378465280,101.3,7.127131815485495,0,21,790.91,6.77,0.0,0.0,0.0,2379403264,0,8,4,1,0,sleeping,735927,2465339,2006024192,12460032,7087452497,12322672
2025-05-20 04:07:32,21220,11503202304,2382790656,102.0,7.1400929148812935,0,21,792.0,6.77,0.0,0.0,0.0,2383732736,0,8,4,1,0,sleeping,737485,2465339,2010218496,12460032,7101928063,12322672
2025-05-20 04:07:33,21220,11503202304,2386067456,101.8,7.149911929575081,0,21,793.09,6.78,0.0,0.0,0.0,2387001344,0,8,4,1,0,sleeping,738870,2465339,2018607104,12460032,7115484307,12322672
2025-05-20 04:07:34,21220,11503202304,2388033536,131.2,7.155803338391353,0,21,794.48,6.79,0.0,0.0,0.0,2389094400,0,8,4,1,0,sleeping,740324,2465339,2018607104,12460032,7128961433,12322672
2025-05-20 04:07:35,21220,11503202304,2388033536,101.2,7.155803338391353,0,21,795.57,6.8,0.0,0.0,0.0,2389098496,0,8,4,1,0,sleeping,742139,2465339,2026995712,12460032,7146304898,12322672
2025-05-20 04:07:36,21220,11503202304,2388033536,101.2,7.155803338391353,0,21,796.65,6.8,0.0,0.0,0.0,2389102592,0,8,4,1,0,sleeping,743235,2465339,2031190016,12460032,7157761608,12322672
2025-05-20 04:07:37,21220,11503202304,2388033536,102.2,7.155803338391353,0,21,797.73,6.82,0.0,0.0,0.0,2389073920,0,8,4,1,0,sleeping,744815,2465339,2031190016,12460032,7173287748,12322672
2025-05-20 04:07:38,21220,11503202304,2388033536,101.3,7.155803338391353,0,21,798.84,6.83,0.0,0.0,0.0,2389073920,0,8,4,1,0,sleeping,745875,2465339,2039578624,12460032,7184149791,12322672
2025-05-20 04:07:39,21220,11503202304,2388033536,100.5,7.155803338391353,0,21,800.02,6.83,0.0,0.0,0.0,2389078016,0,7,4,1,0,sleeping,746466,2465339,2039578624,12460032,7189257111,12322672
2025-05-20 04:07:40,21220,11503202304,2388033536,99.4,7.155803338391353,0,21,801.26,6.84,0.0,0.0,0.0,2389078016,0,8,4,1,0,sleeping,746890,2465339,2039578624,12460032,7193302026,12322672
2025-05-20 04:07:42,21220,11503202304,2388033536,99.0,7.155803338391353,0,21,802.59,6.84,0.0,0.0,0.0,2389078016,0,8,4,1,0,sleeping,747223,2465339,2043772928,12460032,7196841463,12322672
2025-05-20 04:07:43,21220,11503202304,2388033536,102.8,7.155803338391353,0,21,803.87,6.86,0.0,0.0,0.0,2389082112,0,8,4,1,0,sleeping,747495,2465339,2043772928,12460032,7199848186,12322672
2025-05-20 04:07:44,21220,11503202304,2388033536,105.0,7.155803338391353,0,21,805.01,6.87,0.0,0.0,0.0,2389090304,0,8,4,1,0,sleeping,748166,2465339,2043772928,12460032,7206047222,12322672
2025-05-20 04:07:45,21220,11503202304,2388033536,101.3,7.155803338391353,0,21,806.09,6.87,0.0,0.0,0.0,2389098496,0,8,4,1,0,sleeping,749505,2465339,2047967232,12460032,7219005590,12322672
2025-05-20 04:07:46,21220,11503202304,2388033536,102.1,7.155803338391353,0,21,807.17,6.88,0.0,0.0,0.0,2389098496,0,8,4,1,0,sleeping,751089,2465339,2056355840,12460032,7233846828,12322672
2025-05-20 04:07:47,21220,11503202304,2388033536,102.2,7.155803338391353,0,21,808.25,6.89,0.0,0.0,0.0,2389102592,0,8,4,1,0,sleeping,752575,2465339,2060550144,12460032,7248481840,12322672
2025-05-20 04:07:48,21220,11503202304,2388033536,101.3,7.155803338391353,0,21,809.32,6.9,0.0,0.0,0.0,2389106688,0,8,4,1,0,sleeping,754050,2465339,2060550144,12460032,7261756596,12322672
2025-05-20 04:07:49,21220,11503202304,2388033536,102.1,7.155803338391353,0,21,810.4,6.91,0.0,0.0,0.0,2389110784,0,8,4,1,0,sleeping,755602,2465339,2064744448,12460032,7277321640,12322672
2025-05-20 04:07:51,21220,11503202304,2388033536,101.2,7.155803338391353,0,21,811.47,6.92,0.0,0.0,0.0,2389110784,0,8,4,1,0,sleeping,757266,2465339,2073403392,12460032,7293374381,12322672
2025-05-20 04:07:52,21220,11503202304,2388033536,101.2,7.155803338391353,0,21,812.55,6.92,0.0,0.0,0.0,2389114880,0,7,4,1,0,sleeping,758759,2465339,2077597696,12460032,7307995874,12322672
2025-05-20 04:07:53,21220,11503202304,2388033536,102.8,7.155803338391353,0,21,813.65,6.93,0.0,0.0,0.0,2389127168,0,8,4,1,0,sleeping,760136,2465339,2081792000,12460032,7321374886,12322672
2025-05-20 04:07:54,21220,11503202304,2388033536,101.3,7.155803338391353,0,21,814.78,6.93,0.0,0.0,0.0,2389131264,0,8,4,1,0,sleeping,761024,2465339,2081792000,12460032,7329723116,12322672
2025-05-20 04:07:55,21220,11503202304,2388033536,100.3,7.155803338391353,0,21,815.95,6.94,0.0,0.0,0.0,2389135360,0,8,4,1,0,sleeping,761634,2465339,2085986304,12460032,7335239941,12322672
2025-05-20 04:07:56,21220,11503202304,2388033536,98.7,7.155803338391353,0,21,817.22,6.94,0.0,0.0,0.0,2389135360,0,8,4,1,0,sleeping,761995,2465340,2090180608,12460032,7338615793,12322796
2025-05-20 04:07:57,21220,11503202304,2388033536,99.4,7.155803338391353,0,21,818.56,6.95,0.0,0.0,0.0,2389135360,0,8,4,1,0,sleeping,762271,2465340,2090180608,12460032,7341484162,12322796
2025-05-20 04:07:59,21220,11503202304,2388033536,103.7,7.155803338391353,0,21,819.84,6.95,0.0,0.0,0.0,2389135360,0,8,4,1,0,sleeping,762538,2465340,2090180608,12460032,7343309187,12322796
2025-05-20 04:08:00,21220,11503202304,2388033536,104.7,7.155803338391353,0,21,820.98,6.95,0.0,0.0,0.0,2389139456,0,8,4,1,0,sleeping,763203,2465340,2090180608,12460032,7350099302,12322796
2025-05-20 04:08:01,21220,11503202304,2388033536,101.3,7.155803338391353,0,21,822.08,6.95,0.0,0.0,0.0,2389143552,0,8,4,1,0,sleeping,764627,2465340,2094374912,12460032,7363764778,12322796
2025-05-20 04:08:02,21220,11503202304,2388033536,102.1,7.155803338391353,0,21,823.16,6.96,0.0,0.0,0.0,2389143552,0,8,4,1,0,sleeping,766131,2465340,2098569216,12460032,7377702634,12322796
2025-05-20 04:08:03,21220,11503202304,2388033536,101.3,7.155803338391353,0,21,824.24,6.96,0.0,0.0,0.0,2389147648,0,8,4,1,0,sleeping,767665,2465340,2106687488,12460032,7393046099,12322796
2025-05-20 04:08:04,21220,11503202304,2388033536,101.2,7.155803338391353,0,21,825.32,6.96,0.0,0.0,0.0,2389159936,0,8,4,1,0,sleeping,769202,2465340,2110881792,12460032,7407348093,12322796
2025-05-20 04:08:05,21220,11503202304,2388033536,101.3,7.155803338391353,0,21,826.4,6.96,0.0,0.0,0.0,2389164032,0,8,4,1,0,sleeping,770793,2465340,2110881792,12460032,7423303014,12322796
2025-05-20 04:08:06,21220,11503202304,2388033536,101.3,7.155803338391353,0,21,827.48,6.96,0.0,0.0,0.0,2389168128,0,8,4,1,0,sleeping,772333,2465340,2119266304,12460032,7437492207,12322796
2025-05-20 04:08:07,21220,11503202304,2388033536,103.1,7.155803338391353,0,21,828.57,6.97,0.0,0.0,0.0,2389172224,0,8,4,1,0,sleeping,773741,2465340,2123448320,12460032,7451073208,12322796
2025-05-20 04:08:09,21220,11503202304,2388033536,100.3,7.155803338391353,0,21,829.64,6.97,0.0,0.0,0.0,2389172224,0,8,4,1,0,sleeping,775308,2465340,2127642624,12460032,7466549451,12322796
2025-05-20 04:08:10,21220,11503202304,2388033536,101.8,7.155803338391353,0,21,830.73,6.97,0.0,0.0,0.0,2389172224,0,8,4,1,0,sleeping,776816,2465340,2136031232,12460032,7480883044,12322796
2025-05-20 04:08:11,21220,11503202304,2388033536,102.9,7.155803338391353,0,21,831.84,6.98,0.0,0.0,0.0,2389176320,0,8,4,1,0,sleeping,777950,2465340,2140225536,12460032,7492065434,12322796
2025-05-20 04:08:12,21220,11503202304,2388033536,100.6,7.155803338391353,0,21,832.98,6.99,0.0,0.0,0.0,2389180416,0,8,4,1,0,sleeping,778808,2465340,2140225536,12460032,7499658616,12322796
2025-05-20 04:08:13,21220,11503202304,2388033536,99.5,7.155803338391353,0,21,834.21,6.99,0.0,0.0,0.0,2389180416,0,8,4,1,0,sleeping,779165,2465340,2140225536,12460032,7503722537,12322796
2025-05-20 04:08:14,21220,11503202304,2388033536,98.3,7.155803338391353,0,21,835.54,6.99,0.0,0.0,0.0,2389180416,0,8,4,1,0,sleeping,779508,2465340,2140225536,12460032,7506389106,12322796
2025-05-20 04:08:15,21220,11503202304,2388033536,102.7,7.155803338391353,0,21,836.97,7.01,0.0,0.0,0.0,2389180416,0,8,4,1,0,sleeping,779734,2465340,2144419840,12460032,7508939273,12322796
2025-05-20 04:08:17,21220,11503202304,2388033536,103.3,7.155803338391353,0,21,838.33,7.01,0.0,0.0,0.0,2389180416,0,8,4,1,0,sleeping,779942,2465340,2144419840,12460032,7510432901,12322796
2025-05-20 04:08:18,21220,11503202304,2388033536,104.2,7.155803338391353,0,21,839.47,7.02,0.0,0.0,0.0,2389184512,0,8,4,1,0,sleeping,780335,2465340,2144419840,12460032,7514666992,12322796
2025-05-20 04:08:19,21220,11503202304,2388033536,103.9,7.155803338391353,0,21,840.57,7.03,0.0,0.0,0.0,2389196800,0,8,4,1,0,sleeping,781350,2465340,2148614144,12460032,7523911218,12322796
2025-05-20 04:08:20,21220,11503202304,2388086784,101.2,7.155962897380127,0,21,841.64,7.04,0.0,0.0,0.0,2389200896,0,8,4,1,0,sleeping,782718,2473581,2156965888,13185024,7551639749,13028616
2025-05-20 04:08:21,21220,11503202304,2388086784,101.2,7.155962897380127,0,21,842.73,7.04,0.0,0.0,0.0,2389204992,0,8,4,1,0,sleeping,784405,2473581,2156965888,13185024,7567776247,13028616
2025-05-20 04:08:23,21220,11503202304,2388086784,102.1,7.155962897380127,0,21,843.81,7.05,0.0,0.0,0.0,2389204992,0,8,4,1,0,sleeping,785969,2473581,2161139712,13185024,7583399863,13028616
2025-05-20 04:08:24,21220,11503202304,2388086784,102.1,7.155962897380127,0,21,844.9,7.05,0.0,0.0,0.0,2389213184,0,8,4,1,0,sleeping,787569,2473581,2169524224,13185024,7598580750,13028616
2025-05-20 04:08:25,21220,11503202304,2388086784,102.1,7.155962897380127,0,21,845.99,7.05,0.0,0.0,0.0,2389213184,0,8,4,1,0,sleeping,789093,2473581,2173718528,13185024,7613769902,13028616
2025-05-20 04:08:26,21220,11503202304,2388217856,102.1,7.156355657967879,0,21,847.07,7.06,0.0,0.0,0.0,2389258240,0,8,4,1,0,sleeping,790630,2473582,2177912832,13185024,7627899912,13028740
2025-05-20 04:08:27,21220,11503202304,2388217856,101.1,7.156355657967879,0,21,848.17,7.06,0.0,0.0,0.0,2389266432,0,8,4,1,0,sleeping,792088,2473582,2182107136,13185024,7642477546,13028740
2025-05-20 04:08:28,21220,11503202304,2388480000,101.9,7.157141179143382,0,21,849.24,7.08,0.0,0.0,0.0,2389319680,0,8,4,1,0,sleeping,793552,2473582,2186301440,13185024,7656073142,13028740
2025-05-20 04:08:29,21220,11503202304,2388480000,101.0,7.157141179143382,0,21,850.32,7.08,0.0,0.0,0.0,2389360640,0,8,4,1,0,sleeping,795083,2473582,2190487552,13185024,7671681685,13028740
2025-05-20 04:08:30,21220,11503202304,2388480000,101.7,7.157141179143382,0,21,851.41,7.08,0.0,0.0,0.0,2389450752,0,8,4,1,0,sleeping,796454,2473582,2194681856,13185024,7684397983,13028740
2025-05-20 04:08:31,21220,11503202304,2389397504,102.0,7.159890503257642,0,21,852.52,7.09,0.0,0.0,0.0,2390507520,0,8,4,1,0,sleeping,797417,2473582,2198876160,13185024,7693103521,13028740
2025-05-20 04:08:32,21220,11503202304,2391756800,156.6,7.166960193837168,0,21,854.39,7.1,0.0,0.0,0.0,2392678400,0,8,4,1,0,sleeping,798012,2473582,2203070464,13185024,7699228050,13028740
2025-05-20 04:08:33,21220,11503202304,2391756800,98.0,7.166960193837168,0,21,855.72,7.11,0.0,0.0,0.0,2392678400,0,8,4,1,0,sleeping,798365,2473582,2203070464,13185024,7701782966,13028740
2025-05-20 04:08:35,21220,11503202304,2391756800,98.2,7.166960193837168,0,21,857.18,7.11,0.0,0.0,0.0,2392678400,0,8,4,1,0,sleeping,798583,2473582,2203070464,13185024,7704465217,13028740
2025-05-20 04:08:36,21220,11503202304,2391756800,104.3,7.166960193837168,0,21,858.7,7.12,0.0,0.0,0.0,2392678400,0,8,4,1,0,sleeping,798766,2473582,2203070464,13185024,7705701780,13028740
2025-05-20 04:08:38,21220,11503202304,2391756800,105.7,7.166960193837168,0,21,859.88,7.12,0.0,0.0,0.0,2392678400,0,8,4,1,0,sleeping,799203,2473582,2207264768,13185024,7709765925,13028740
2025-05-20 04:08:39,21220,11503202304,2391756800,102.0,7.166960193837168,0,21,860.97,7.12,0.0,0.0,0.0,2392682496,0,8,4,1,0,sleeping,800369,2473582,2207264768,13185024,7721260942,13028740
2025-05-20 04:08:40,21220,11503202304,2391756800,102.1,7.166960193837168,0,21,862.05,7.13,0.0,0.0,0.0,2392682496,0,8,4,1,0,sleeping,801823,2473582,2211459072,13185024,7734874177,13028740
2025-05-20 04:08:41,21220,11503202304,2391756800,101.1,7.166960193837168,0,21,863.13,7.13,0.0,0.0,0.0,2392686592,0,8,4,1,0,sleeping,803386,2473582,2219847680,13185024,7750432920,13028740
2025-05-20 04:08:42,21220,11503202304,2391756800,103.1,7.166960193837168,0,21,864.22,7.14,0.0,0.0,0.0,2392698880,0,8,4,1,0,sleeping,804821,2473582,2224041984,13185024,7764170753,13028740
2025-05-20 04:08:43,21220,11503202304,2391756800,100.3,7.166960193837168,0,21,865.29,7.14,0.0,0.0,0.0,2392698880,0,8,4,1,0,sleeping,806099,2473582,2228236288,13185024,7776209734,13028740
2025-05-20 04:08:44,21220,11503202304,2391756800,102.2,7.166960193837168,0,21,866.37,7.15,0.0,0.0,0.0,2392707072,0,8,4,1,0,sleeping,807651,2473582,2232406016,13185024,7790699566,13028740
2025-05-20 04:08:45,21220,11503202304,2391887872,102.1,7.16735295442492,0,21,867.46,7.15,0.0,0.0,0.0,2392711168,0,8,4,1,0,sleeping,809146,2473582,2240778240,13185024,7805672124,13028740
2025-05-20 04:08:46,21220,11503202304,2391887872,101.2,7.16735295442492,0,21,868.53,7.16,0.0,0.0,0.0,2392711168,0,8,4,1,0,sleeping,810787,2473582,2244980736,13185024,7821400382,13028740
2025-05-20 04:08:47,21220,11503202304,2391887872,102.1,7.16735295442492,0,21,869.62,7.16,0.0,0.0,0.0,2392711168,0,8,4,1,0,sleeping,812410,2473582,2244980736,13185024,7838059781,13028740
2025-05-20 04:08:48,21220,11503202304,2391887872,101.2,7.16735295442492,0,21,870.69,7.17,0.0,0.0,0.0,2392719360,0,8,4,1,0,sleeping,814102,2473582,2249158656,13185024,7854445077,13028740
2025-05-20 04:08:49,21220,11503202304,2391887872,101.9,7.16735295442492,0,21,871.78,7.17,0.0,0.0,0.0,2392731648,0,8,4,1,0,sleeping,815655,2473582,2257539072,13185024,7870307143,13028740
2025-05-20 04:08:51,21220,11503202304,2391887872,102.2,7.16735295442492,0,21,872.88,7.18,0.0,0.0,0.0,2392735744,0,8,4,1,0,sleeping,816910,2473582,2261729280,13185024,7882638222,13028740
2025-05-20 04:08:52,21220,11503202304,2391887872,100.8,7.16735295442492,0,21,874.01,7.19,0.0,0.0,0.0,2392735744,0,8,4,1,0,sleeping,817719,2473582,2261729280,13185024,7890430052,13028740
2025-05-20 04:08:53,21220,11503202304,2391887872,98.9,7.16735295442492,0,21,875.27,7.2,0.0,0.0,0.0,2392739840,0,8,4,1,0,sleeping,818224,2473582,2265915392,13185024,7895074126,13028740
2025-05-20 04:08:54,21220,11503202304,2391887872,100.6,7.16735295442492,0,21,876.63,7.2,0.0,0.0,0.0,2392739840,0,8,4,1,0,sleeping,818505,2473582,2265915392,13185024,7896942902,13028740
2025-05-20 04:08:55,21220,11503202304,2391887872,99.7,7.16735295442492,0,21,878.06,7.21,0.0,0.0,0.0,2392739840,0,8,4,1,0,sleeping,818741,2473583,2265915392,13185024,7899660760,13028864
2025-05-20 04:08:57,21220,11503202304,2391887872,106.3,7.16735295442492,0,21,879.29,7.21,0.0,0.0,0.0,2392743936,0,8,4,1,0,sleeping,819086,2473583,2265915392,13185024,7903140110,13028864
2025-05-20 04:08:58,21220,11503202304,2391887872,102.5,7.16735295442492,0,21,880.39,7.21,0.0,0.0,0.0,2392743936,0,8,4,1,0,sleeping,820095,2473583,2270351360,13185024,7912906418,13028864
2025-05-20 04:08:59,21220,11503202304,2391887872,101.3,7.16735295442492,0,21,881.46,7.22,0.0,0.0,0.0,2392743936,0,8,4,1,0,sleeping,821538,2473583,2270351360,13185024,7926329231,13028864
2025-05-20 04:09:00,21220,11503202304,2391887872,102.2,7.16735295442492,0,21,882.54,7.23,0.0,0.0,0.0,2392748032,0,8,4,1,0,sleeping,823079,2473583,2274545664,13185024,7941554325,13028864
2025-05-20 04:09:01,21220,11503202304,2391887872,101.2,7.16735295442492,0,21,883.62,7.23,0.0,0.0,0.0,2392760320,0,8,4,1,0,sleeping,824618,2473583,2278739968,13185024,7955681974,13028864
2025-05-20 04:09:02,21220,11503202304,2391887872,103.0,7.16735295442492,0,21,884.72,7.23,0.0,0.0,0.0,2392764416,0,8,4,1,0,sleeping,826116,2473583,2282917888,13185024,7970364496,13028864
2025-05-20 04:09:03,21220,11503202304,2391887872,101.2,7.16735295442492,0,21,885.8,7.23,0.0,0.0,0.0,2392768512,0,8,4,1,0,sleeping,827695,2473583,2287063040,13185024,7985171830,13028864
2025-05-20 04:09:04,21220,11503202304,2391887872,102.2,7.16735295442492,0,21,886.88,7.24,0.0,0.0,0.0,2392768512,0,8,4,1,0,sleeping,829227,2473583,2291257344,13185024,8000429372,13028864
2025-05-20 04:09:05,21220,11503202304,2391887872,101.2,7.16735295442492,0,21,887.96,7.24,0.0,0.0,0.0,2392776704,0,7,4,1,0,sleeping,830678,2473583,2291257344,13185024,8013803827,13028864
2025-05-20 04:09:07,21220,11503202304,2391887872,102.1,7.16735295442492,0,21,889.04,7.25,0.0,0.0,0.0,2392780800,0,8,4,1,0,sleeping,832296,2473583,2295439360,13185024,8030078309,13028864
2025-05-20 04:09:08,21220,11503202304,2391887872,101.2,7.16735295442492,0,21,890.12,7.25,0.0,0.0,0.0,2392784896,0,8,4,1,0,sleeping,833854,2473583,2299609088,13185024,8044698447,13028864
2025-05-20 04:09:09,21220,11503202304,2391887872,101.1,7.16735295442492,0,21,891.19,7.26,0.0,0.0,0.0,2392788992,0,8,4,1,0,sleeping,835303,2473583,2303799296,13185024,8059117689,13028864
2025-05-20 04:09:10,21220,11503202304,2391887872,101.9,7.16735295442492,0,21,892.3,7.27,0.0,0.0,0.0,2392793088,0,8,4,1,0,sleeping,836497,2473583,2307993600,13185024,8070371593,13028864
2025-05-20 04:09:11,21220,11503202304,2391887872,101.1,7.16735295442492,0,21,893.41,7.28,0.0,0.0,0.0,2392793088,0,8,4,1,0,sleeping,837481,2473583,2307993600,13185024,8079745130,13028864
2025-05-20 04:09:12,21220,11503202304,2391887872,100.3,7.16735295442492,0,21,894.6,7.28,0.0,0.0,0.0,2392793088,0,8,4,1,0,sleeping,838045,2473583,2307993600,13185024,8084667178,13028864
2025-05-20 04:09:13,21220,11503202304,2391887872,97.9,7.16735295442492,0,21,895.94,7.29,0.0,0.0,0.0,2392797184,0,8,4,1,0,sleeping,838461,2473583,2312843264,13185024,8088824765,13028864
2025-05-20 04:09:15,21220,11503202304,2391887872,102.7,7.16735295442492,0,21,897.46,7.29,0.0,0.0,0.0,2392797184,0,7,4,1,0,sleeping,838688,2473583,2313863168,13185024,8091530796,13028864
2025-05-20 04:09:16,21220,11503202304,2391887872,100.0,7.16735295442492,0,21,898.94,7.29,0.0,0.0,0.0,2392797184,0,8,4,1,0,sleeping,838878,2473583,2313863168,13185024,8092896006,13028864
2025-05-20 04:09:18,21220,11503202304,2391887872,103.0,7.16735295442492,0,21,900.36,7.3,0.0,0.0,0.0,2392797184,0,8,4,1,0,sleeping,839094,2473583,2313863168,13185024,8095479734,13028864
2025-05-20 04:09:19,21220,11503202304,2391887872,106.0,7.16735295442492,0,21,901.55,7.3,0.0,0.0,0.0,2392801280,0,8,4,1,0,sleeping,839588,2473583,2315960320,13185024,8099777283,13028864
2025-05-20 04:09:20,21220,11503202304,2392272896,101.2,7.168506688651441,0,21,902.62,7.31,0.0,0.0,0.0,2393100288,0,8,4,1,0,sleeping,840756,2473583,2324946944,13201408,8110910384,13028864
2025-05-20 04:09:21,21220,11503202304,2390499328,100.7,7.163192146948429,0,21,903.68,7.33,0.0,0.0,0.0,2391240704,0,8,4,1,0,sleeping,842297,2481753,2329411584,14098432,8140853686,13924824
2025-05-20 04:09:22,21220,11503202304,2389970944,101.4,7.1616088308290555,0,21,904.76,7.33,0.0,0.0,0.0,2390720512,0,8,4,1,0,sleeping,843841,2481753,2337665024,14098432,8155511647,13924824
2025-05-20 04:09:23,21220,11503202304,2389970944,101.3,7.1616088308290555,0,21,905.83,7.34,0.0,0.0,0.0,2390720512,0,8,4,1,0,sleeping,845520,2481753,2341859328,14098432,8173137528,13924824
2025-05-20 04:09:24,21220,11503202304,2389970944,101.6,7.1616088308290555,0,21,906.91,7.35,0.0,0.0,0.0,2390724608,0,8,4,1,0,sleeping,847178,2481753,2341859328,14098432,8189364288,13924824
2025-05-20 04:09:25,21220,11503202304,2389970944,101.2,7.1616088308290555,0,21,907.99,7.35,0.0,0.0,0.0,2390728704,0,8,4,1,0,sleeping,848840,2481753,2350239744,14098432,8206151113,13924824
2025-05-20 04:09:26,21220,11503202304,2389970944,102.1,7.1616088308290555,0,21,909.07,7.36,0.0,0.0,0.0,2390736896,0,8,4,1,0,sleeping,850461,2481754,2354434048,14098432,8221796599,13924948
2025-05-20 04:09:27,21220,11503202304,2389970944,102.1,7.1616088308290555,0,21,910.15,7.37,0.0,0.0,0.0,2390753280,0,8,4,1,0,sleeping,852032,2481754,2358624256,14098432,8237578642,13924948
2025-05-20 04:09:29,21220,11503202304,2389970944,100.1,7.1616088308290555,0,21,911.22,7.37,0.0,0.0,0.0,2390773760,0,8,4,1,0,sleeping,853436,2481754,2362957824,14098432,8250999342,13924948
2025-05-20 04:09:30,21220,11503202304,2389970944,102.1,7.1616088308290555,0,21,912.32,7.38,0.0,0.0,0.0,2390781952,0,8,4,1,0,sleeping,854667,2481754,2371207168,14098432,8263396302,13924948
2025-05-20 04:09:31,21220,11503202304,2389970944,102.2,7.1616088308290555,0,21,913.5,7.38,0.0,0.0,0.0,2390810624,0,8,4,1,0,sleeping,855413,2481754,2371207168,14098432,8270088796,13924948
2025-05-20 04:09:32,21220,11503202304,2390233088,99.7,7.162394352004559,0,21,914.81,7.39,0.0,0.0,0.0,2391089152,0,7,4,1,0,sleeping,855805,2481754,2371207168,14098432,8274076577,13924948
2025-05-20 04:09:33,21220,11503202304,2391281664,99.7,7.16553643670657,0,21,916.28,7.39,0.0,0.0,0.0,2392125440,0,7,4,1,0,sleeping,856051,2481754,2371207168,14098432,8276971750,13924948
2025-05-20 04:09:35,21220,11503202304,2391281664,100.2,7.16553643670657,0,21,917.79,7.4,0.0,0.0,0.0,2392125440,0,8,4,1,0,sleeping,856279,2481754,2371207168,14098432,8278808284,13924948
2025-05-20 04:09:36,21220,11503202304,2392330240,110.1,7.168678521408582,0,21,919.03,7.41,0.0,0.0,0.0,2393198592,0,7,4,1,0,sleeping,856651,2481754,2375397376,14098432,8282748001,13924948
2025-05-20 04:09:37,21220,11503202304,2395344896,152.2,7.1777120149268665,0,21,920.65,7.42,0.0,0.0,0.0,2396372992,0,8,4,1,0,sleeping,857249,2481754,2379591680,14098432,8288448148,13924948
2025-05-20 04:09:38,21220,11503202304,2395344896,101.1,7.1777120149268665,0,21,921.73,7.42,0.0,0.0,0.0,2396377088,0,8,4,1,0,sleeping,858645,2481754,2379591680,14098432,8301574596,13924948
2025-05-20 04:09:39,21220,11503202304,2395344896,102.2,7.1777120149268665,0,21,922.81,7.43,0.0,0.0,0.0,2396385280,0,8,4,1,0,sleeping,860074,2481754,2387841024,14098432,8315042794,13924948
2025-05-20 04:09:41,21220,11503202304,2395344896,102.2,7.1777120149268665,0,21,923.89,7.44,0.0,0.0,0.0,2396385280,0,8,4,1,0,sleeping,861611,2481754,2392035328,14098432,8330583319,13924948
2025-05-20 04:09:42,21220,11503202304,2395344896,101.2,7.1777120149268665,0,21,924.97,7.44,0.0,0.0,0.0,2396389376,0,8,4,1,0,sleeping,863128,2481754,2396229632,14098432,8345130099,13924948
2025-05-20 04:09:43,21220,11503202304,2395344896,100.3,7.1777120149268665,0,21,926.03,7.45,0.0,0.0,0.0,2396397568,0,8,4,1,0,sleeping,864701,2481754,2400423936,14098432,8361142283,13924948
2025-05-20 04:09:44,21220,11503202304,2395344896,102.9,7.1777120149268665,0,21,927.12,7.46,0.0,0.0,0.0,2396401664,0,8,4,1,0,sleeping,866327,2481754,2404618240,14098432,8376954051,13924948
2025-05-20 04:09:45,21220,11503202304,2395475968,101.4,7.178104775514618,0,21,928.22,7.46,0.0,0.0,0.0,2396409856,0,8,4,1,0,sleeping,867916,2481754,2408812544,14098432,8392847892,13924948
2025-05-20 04:09:46,21220,11503202304,2395475968,102.0,7.178104775514618,0,21,929.3,7.47,0.0,0.0,0.0,2396409856,0,8,4,1,0,sleeping,869285,2481754,2413006848,14098432,8405412112,13924948
2025-05-20 04:09:47,21220,11503202304,2395475968,101.8,7.178104775514618,0,21,930.39,7.48,0.0,0.0,0.0,2396409856,0,8,4,1,0,sleeping,870620,2481754,2421395456,14098432,8418662321,13924948
2025-05-20 04:09:48,21220,11503202304,2395475968,100.6,7.178104775514618,0,21,931.51,7.48,0.0,0.0,0.0,2396413952,0,8,4,1,0,sleeping,871585,2481754,2421395456,14098432,8428182214,13924948
2025-05-20 04:09:49,21220,11503202304,2395475968,100.8,7.178104775514618,0,21,932.69,7.49,0.0,0.0,0.0,2396413952,0,8,4,1,0,sleeping,872210,2481754,2425589760,14098432,8434980035,13924948
2025-05-20 04:09:50,21220,11503202304,2395475968,100.3,7.178104775514618,0,21,933.97,7.5,0.0,0.0,0.0,2396422144,0,8,4,1,0,sleeping,872560,2481754,2425589760,14098432,8437426366,13924948
2025-05-20 04:09:52,21220,11503202304,2395475968,98.5,7.178104775514618,0,21,935.33,7.5,0.0,0.0,0.0,2396426240,0,8,4,1,0,sleeping,872815,2481754,2425589760,14098432,8440164662,13924948
2025-05-20 04:09:53,21220,11503202304,2395475968,102.2,7.178104775514618,0,21,936.58,7.51,0.0,0.0,0.0,2396426240,0,8,4,1,0,sleeping,873052,2481754,2425589760,14098432,8442742914,13924948
2025-05-20 04:09:54,21220,11503202304,2395475968,104.7,7.178104775514618,0,21,937.72,7.51,0.0,0.0,0.0,2396426240,0,8,4,1,0,sleeping,873808,2481754,2425589760,14098432,8449541181,13924948
2025-05-20 04:09:55,21220,11503202304,2395475968,101.2,7.178104775514618,0,21,938.79,7.52,0.0,0.0,0.0,2396430336,0,8,4,1,0,sleeping,875044,2481754,2429919232,14098432,8461359449,13924948
2025-05-20 04:09:56,21220,11503202304,2395607040,101.3,7.17849753610237,0,21,939.86,7.53,0.0,0.0,0.0,2396463104,0,8,4,1,0,sleeping,876627,2481755,2438172672,14098432,8477159770,13925072
2025-05-20 04:09:57,21220,11503202304,2395607040,101.2,7.17849753610237,0,21,940.94,7.53,0.0,0.0,0.0,2396467200,0,8,4,1,0,sleeping,878261,2481755,2442366976,14098432,8492594358,13925072
2025-05-20 04:09:59,21220,11503202304,2395607040,101.2,7.17849753610237,0,21,942.02,7.53,0.0,0.0,0.0,2396467200,0,8,4,1,0,sleeping,879784,2481755,2446561280,14098432,8507561952,13925072
2025-05-20 04:10:00,21220,11503202304,2395607040,102.1,7.17849753610237,0,21,943.1,7.54,0.0,0.0,0.0,2396467200,0,8,4,1,0,sleeping,881295,2481755,2454949888,14098432,8521642855,13925072
2025-05-20 04:10:01,21220,11503202304,2395607040,101.1,7.17849753610237,0,21,944.18,7.54,0.0,0.0,0.0,2396475392,0,7,4,1,0,sleeping,882776,2481755,2459144192,14098432,8536844852,13925072
2025-05-20 04:10:02,21220,11503202304,2395607040,102.5,7.17849753610237,0,21,945.28,7.55,0.0,0.0,0.0,2396479488,0,7,4,1,0,sleeping,884093,2481755,2459144192,14098432,8549016412,13925072
2025-05-20 04:10:03,21220,11503202304,2395607040,100.2,7.17849753610237,0,21,946.4,7.55,0.0,0.0,0.0,2396479488,0,8,4,1,0,sleeping,885024,2481755,2459144192,14098432,8558083271,13925072
2025-05-20 04:10:04,21220,11503202304,2395607040,99.7,7.17849753610237,0,21,947.58,7.55,0.0,0.0,0.0,2396483584,0,6,3,1,0,sleeping,885606,2481755,2463338496,14098432,8564480954,13925072
2025-05-20 04:10:05,21220,11503202304,2395607040,101.1,7.17849753610237,0,21,948.89,7.56,0.0,0.0,0.0,2396487680,0,7,4,1,0,sleeping,885978,2481755,2463338496,14098432,8568235483,13925072
2025-05-20 04:10:06,21220,11503202304,2395607040,101.6,7.17849753610237,0,21,950.28,7.58,0.0,0.0,0.0,2396487680,0,7,4,1,0,sleeping,886227,2481755,2467532800,14098432,8570073877,13925072
2025-05-20 04:10:08,21220,11503202304,2395607040,104.3,7.17849753610237,0,21,951.51,7.61,0.0,0.0,0.0,2396487680,0,8,4,1,0,sleeping,886519,2481755,2467532800,14098432,8573183433,13925072
2025-05-20 04:10:09,21220,11503202304,2395607040,104.3,7.17849753610237,0,21,952.64,7.61,0.0,0.0,0.0,2396495872,0,8,4,1,0,sleeping,887241,2481755,2471727104,14098432,8580492878,13925072
2025-05-20 04:10:10,21220,11503202304,2395607040,102.1,7.17849753610237,0,21,953.72,7.62,0.0,0.0,0.0,2396499968,0,7,4,1,0,sleeping,888658,2481755,2475921408,14098432,8594196255,13925072
2025-05-20 04:10:11,21220,11503202304,2395607040,101.4,7.17849753610237,0,21,954.82,7.62,0.0,0.0,0.0,2396499968,0,7,4,1,0,sleeping,890338,2481755,2475921408,14098432,8610428501,13925072
2025-05-20 04:10:12,21220,11503202304,2395607040,103.1,7.17849753610237,0,21,955.91,7.63,0.0,0.0,0.0,2396499968,0,7,4,1,0,sleeping,891932,2481755,2484310016,14098432,8626343756,13925072
2025-05-20 04:10:13,21220,11503202304,2395607040,100.4,7.17849753610237,0,21,956.98,7.63,0.0,0.0,0.0,2396504064,0,7,4,1,0,sleeping,893381,2481755,2488492032,14098432,8640942963,13925072
2025-05-20 04:10:14,21220,11503202304,2395607040,102.2,7.17849753610237,0,21,958.06,7.64,0.0,0.0,0.0,2396512256,0,8,4,1,0,sleeping,894954,2481755,2492522496,14098432,8656341900,13925072
2025-05-20 04:10:15,21220,11503202304,2395607040,102.1,7.17849753610237,0,21,959.14,7.65,0.0,0.0,0.0,2396512256,0,7,4,1,0,sleeping,896407,2481755,2496565248,14098432,8670824869,13925072
2025-05-20 04:10:16,21220,11503202304,2395607040,100.2,7.17849753610237,0,21,960.21,7.65,0.0,0.0,0.0,2396524544,0,7,4,1,0,sleeping,897879,2481755,2504802304,14098432,8685130020,13925072
2025-05-20 04:10:18,21220,11503202304,2395643904,101.2,7.1786080000176735,0,21,961.28,7.66,0.0,0.0,0.0,2396532736,0,8,4,1,0,sleeping,899458,2488785,2508996608,14684160,8715638371,14491992
2025-05-20 04:10:19,21220,11503202304,2395643904,103.0,7.1786080000176735,0,21,962.36,7.68,0.0,0.0,0.0,2396532736,0,8,4,1,0,sleeping,901937,2488785,2525773824,14684160,8735088625,14491992
2025-05-20 04:10:20,21220,11503202304,2395643904,101.6,7.1786080000176735,0,21,963.45,7.68,0.0,0.0,0.0,2396532736,0,7,4,1,0,sleeping,901937,2488785,2525773824,14684160,8735088625,14491992
2025-05-20 04:10:21,21220,11503202304,2395643904,100.4,7.1786080000176735,0,21,964.56,7.68,0.0,0.0,0.0,2396532736,0,8,4,1,0,sleeping,901937,2488785,2525773824,14684160,8735088625,14491992
2025-05-20 04:10:22,21220,11503202304,2395643904,100.9,7.1786080000176735,0,21,965.72,7.68,0.0,0.0,0.0,2396532736,0,8,4,1,0,sleeping,901937,2488785,2525773824,14684160,8735088625,14491992
2025-05-20 04:10:23,21220,11503202304,2395643904,99.1,7.1786080000176735,0,21,966.94,7.69,0.0,0.0,0.0,2396532736,0,7,4,1,0,sleeping,902028,2488785,2525908992,14684160,8736817437,14491992
2025-05-20 04:10:24,21220,11503202304,2395643904,98.0,7.1786080000176735,0,21,968.26,7.69,0.0,0.0,0.0,2396532736,0,8,4,1,0,sleeping,902366,2488785,2525908992,14684160,8739404819,14491992
2025-05-20 04:10:26,21220,11503202304,2395643904,104.0,7.1786080000176735,0,21,969.66,7.7,0.0,0.0,0.0,2396532736,0,7,4,1,0,sleeping,902631,2488786,2530103296,14684160,8742489856,14492116
2025-05-20 04:10:27,21220,11503202304,2395643904,104.9,7.1786080000176735,0,21,970.82,7.71,0.0,0.0,0.0,2396532736,0,8,4,1,0,sleeping,903118,2488786,2530103296,14684160,8747156588,14492116
2025-05-20 04:10:28,21220,11503202304,2395643904,102.0,7.1786080000176735,0,21,971.91,7.71,0.0,0.0,0.0,2396536832,0,7,4,1,0,sleeping,904301,2488786,2530103296,14684160,8758708017,14492116
2025-05-20 04:10:29,21220,11503202304,2395643904,102.1,7.1786080000176735,0,21,972.99,7.72,0.0,0.0,0.0,2396540928,0,7,4,1,0,sleeping,905792,2488786,2538356736,14684160,8773252052,14492116
2025-05-20 04:10:30,21220,11503202304,2395643904,101.2,7.1786080000176735,0,21,974.07,7.72,0.0,0.0,0.0,2396553216,0,7,4,1,0,sleeping,907350,2488786,2542551040,14684160,8788003961,14492116
2025-05-20 04:10:31,21220,11503202304,2395774976,102.2,7.179000760605425,0,21,975.15,7.73,0.0,0.0,0.0,2396717056,0,7,4,1,0,sleeping,908855,2488786,2546745344,14684160,8802825358,14492116
2025-05-20 04:10:32,21220,11503202304,2398789632,102.2,7.18803425412371,0,21,976.22,7.75,0.0,0.0,0.0,2399899648,0,8,4,1,0,sleeping,910364,2488786,2555133952,14684160,8817032694,14492116
2025-05-20 04:10:33,21220,11503202304,2401017856,137.3,7.1947111841154845,0,21,977.69,7.75,0.0,0.0,0.0,2402070528,0,7,4,1,0,sleeping,911860,2488786,2555133952,14684160,8831392669,14492116
2025-05-20 04:10:34,21220,11503202304,2401017856,101.2,7.1947111841154845,0,21,978.77,7.75,0.0,0.0,0.0,2402074624,0,8,4,1,0,sleeping,913384,2488786,2558279680,14684160,8846515215,14492116
2025-05-20 04:10:36,21220,11503202304,2401017856,102.3,7.1947111841154845,0,21,979.86,7.76,0.0,0.0,0.0,2402078720,0,7,4,1,0,sleeping,914728,2488786,2562473984,14684160,8859458676,14492116
2025-05-20 04:10:37,21220,11503202304,2401017856,100.2,7.1947111841154845,0,21,981.03,7.76,0.0,0.0,0.0,2402078720,0,7,4,1,0,sleeping,915564,2488786,2570862592,14684160,8866798546,14492116
2025-05-20 04:10:38,21220,11503202304,2401017856,101.1,7.1947111841154845,0,21,982.25,7.77,0.0,0.0,0.0,2402078720,0,7,4,1,0,sleeping,915961,2488786,2570862592,14684160,8870313610,14492116
2025-05-20 04:10:39,21220,11503202304,2401017856,99.6,7.1947111841154845,0,21,983.56,7.77,0.0,0.0,0.0,2402082816,0,7,4,1,0,sleeping,916275,2488786,2570862592,14684160,8873394039,14492116
2025-05-20 04:10:40,21220,11503202304,2401017856,99.6,7.1947111841154845,0,21,984.95,7.77,0.0,0.0,0.0,2402082816,0,7,4,1,0,sleeping,916549,2488786,2570862592,14684160,8876396188,14492116
2025-05-20 04:10:42,21220,11503202304,2401017856,102.6,7.1947111841154845,0,21,986.22,7.78,0.0,0.0,0.0,2402082816,0,8,4,1,0,sleeping,916818,2488786,2570862592,14684160,8878290428,14492116
2025-05-20 04:10:43,21220,11503202304,2401017856,104.4,7.1947111841154845,0,21,987.36,7.78,0.0,0.0,0.0,2402082816,0,7,4,1,0,sleeping,917533,2488786,2575056896,14684160,8885811699,14492116
2025-05-20 04:10:44,21220,11503202304,2401017856,102.1,7.1947111841154845,0,21,988.45,7.78,0.0,0.0,0.0,2402082816,0,8,4,1,0,sleeping,918772,2488786,2579251200,14684160,8897192721,14492116
2025-05-20 04:10:45,21220,11503202304,2401017856,101.2,7.1947111841154845,0,21,989.53,7.78,0.0,0.0,0.0,2402082816,0,7,4,1,0,sleeping,920165,2488786,2583445504,14684160,8909516734,14492116
2025-05-20 04:10:46,21220,11503202304,2401148928,102.2,7.195103944703236,0,21,990.61,7.79,0.0,0.0,0.0,2402107392,0,8,4,1,0,sleeping,921753,2488786,2587598848,14684160,8925136016,14492116
2025-05-20 04:10:47,21220,11503202304,2401148928,101.2,7.195103944703236,0,21,991.69,7.79,0.0,0.0,0.0,2402111488,0,8,4,1,0,sleeping,923064,2488786,2591793152,14684160,8936254551,14492116
2025-05-20 04:10:48,21220,11503202304,2401148928,101.2,7.195103944703236,0,21,992.76,7.8,0.0,0.0,0.0,2402111488,0,8,4,1,0,sleeping,924566,2488786,2595987456,14684160,8951034489,14492116
2025-05-20 04:10:49,21220,11503202304,2401148928,102.1,7.195103944703236,0,21,993.84,7.81,0.0,0.0,0.0,2402115584,0,7,4,1,0,sleeping,926192,2488786,2604376064,14684160,8966350058,14492116
2025-05-20 04:10:50,21220,11503202304,2401148928,101.9,7.195103944703236,0,21,994.92,7.82,0.0,0.0,0.0,2402115584,0,8,4,1,0,sleeping,927685,2488786,2608570368,14684160,8981071633,14492116
2025-05-20 04:10:52,21220,11503202304,2401148928,101.6,7.195103944703236,0,21,996.02,7.82,0.0,0.0,0.0,2402123776,0,7,4,1,0,sleeping,928924,2488786,2608570368,14684160,8992070853,14492116
2025-05-20 04:10:53,21220,11503202304,2401148928,100.7,7.195103944703236,0,21,997.14,7.83,0.0,0.0,0.0,2402131968,0,8,4,1,0,sleeping,929718,2488786,2612764672,14684160,8999400267,14492116
2025-05-20 04:10:54,21220,11503202304,2401148928,99.5,7.195103944703236,0,21,998.32,7.84,0.0,0.0,0.0,2402131968,0,7,4,1,0,sleeping,930286,2488786,2616958976,14684160,9005549035,14492116
2025-05-20 04:10:55,21220,11503202304,2401148928,100.9,7.195103944703236,0,21,999.62,7.85,0.0,0.0,0.0,2402131968,0,8,4,1,0,sleeping,930650,2488786,2616958976,14684160,9008176164,14492116
2025-05-20 04:10:56,21220,11503202304,2401148928,99.5,7.195103944703236,0,21,1000.98,7.85,0.0,0.0,0.0,2402131968,0,8,4,1,0,sleeping,930939,2488787,2616958976,14684160,9011219110,14492240
2025-05-20 04:10:58,21220,11503202304,2401148928,105.9,7.195103944703236,0,21,1002.25,7.86,0.0,0.0,0.0,2402136064,0,6,4,1,0,sleeping,931226,2488787,2621153280,14684160,9014229428,14492240
2025-05-20 04:10:59,21220,11503202304,2401280000,103.7,7.195496705290988,0,21,1003.38,7.86,0.0,0.0,0.0,2402140160,0,8,4,1,0,sleeping,932037,2488787,2621153280,14684160,9022085341,14492240
2025-05-20 04:11:00,21220,11503202304,2401280000,102.7,7.195496705290988,0,21,1004.49,7.86,0.0,0.0,0.0,2402148352,0,8,4,1,0,sleeping,933334,2488787,2625273856,14684160,9033987343,14492240
2025-05-20 04:11:01,21220,11503202304,2401280000,101.3,7.195496705290988,0,21,1005.56,7.87,0.0,0.0,0.0,2402148352,0,8,4,1,0,sleeping,934959,2488787,2625273856,14684160,9049365916,14492240
2025-05-20 04:11:02,21220,11503202304,2401280000,102.0,7.195496705290988,0,21,1006.65,7.87,0.0,0.0,0.0,2402152448,0,8,4,1,0,sleeping,936663,2488787,2633662464,14684160,9066854726,14492240
2025-05-20 04:11:03,21220,11503202304,2401280000,101.3,7.195496705290988,0,21,1007.75,7.87,0.0,0.0,0.0,2402156544,0,8,4,1,0,sleeping,938280,2488787,2637856768,14684160,9083015034,14492240
2025-05-20 04:11:04,21220,11503202304,2401280000,102.1,7.195496705290988,0,21,1008.83,7.88,0.0,0.0,0.0,2402164736,0,8,4,1,0,sleeping,939733,2488787,2642051072,14684160,9096106813,14492240
2025-05-20 04:11:05,21220,11503202304,2401280000,102.2,7.195496705290988,0,21,1009.92,7.88,0.0,0.0,0.0,2402164736,0,8,4,1,0,sleeping,941026,2488787,2650439680,14684160,9108026104,14492240
2025-05-20 04:11:06,21220,11503202304,2401280000,101.1,7.195496705290988,0,21,1010.99,7.89,0.0,0.0,0.0,2402172928,0,8,4,1,0,sleeping,942453,2488787,2654633984,14684160,9121013542,14492240
2025-05-20 04:11:07,21220,11503202304,2401280000,103.0,7.195496705290988,0,21,1012.07,7.91,0.0,0.0,0.0,2402177024,0,8,4,1,0,sleeping,945874,2495340,2675605504,15179776,9159770106,14968220
2025-05-20 04:11:08,21220,11503202304,2401280000,101.1,7.195496705290988,0,21,1013.15,7.91,0.0,0.0,0.0,2402177024,0,8,4,1,0,sleeping,945874,2495340,2675605504,15179776,9159770106,14968220
2025-05-20 04:11:10,21220,11503202304,2401280000,102.0,7.195496705290988,0,21,1014.26,7.91,0.0,0.0,0.0,2402177024,0,8,4,1,0,sleeping,945874,2495340,2675605504,15179776,9159770106,14968220
2025-05-20 04:11:11,21220,11503202304,2401280000,101.2,7.195496705290988,0,21,1015.35,7.91,0.0,0.0,0.0,2402177024,0,8,4,1,0,sleeping,945874,2495340,2675605504,15179776,9159770106,14968220
2025-05-20 04:11:12,21220,11503202304,2401280000,100.6,7.195496705290988,0,21,1016.46,7.91,0.0,0.0,0.0,2402185216,0,8,4,1,0,sleeping,946812,2495340,2680143872,15179776,9169854050,14968220
2025-05-20 04:11:13,21220,11503202304,2401280000,99.8,7.195496705290988,0,21,1017.62,7.91,0.0,0.0,0.0,2402185216,0,8,4,1,0,sleeping,947411,2495340,2680668160,15179776,9175178019,14968220
2025-05-20 04:11:14,21220,11503202304,2401280000,99.2,7.195496705290988,0,21,1018.88,7.92,0.0,0.0,0.0,2402185216,0,8,4,1,0,sleeping,947789,2495340,2684862464,15179776,9178973751,14968220
2025-05-20 04:11:15,21220,11503202304,2401280000,101.0,7.195496705290988,0,21,1020.27,7.92,0.0,0.0,0.0,2402185216,0,8,4,1,0,sleeping,948052,2495340,2689056768,15179776,9181710434,14968220
2025-05-20 04:11:17,21220,11503202304,2401280000,104.0,7.195496705290988,0,21,1021.62,7.93,0.0,0.0,0.0,2402185216,0,8,4,1,0,sleeping,948259,2495340,2689056768,15179776,9183204968,14968220
2025-05-20 04:11:18,21220,11503202304,2401280000,105.2,7.195496705290988,0,21,1022.78,7.93,0.0,0.0,0.0,2402185216,0,8,4,1,0,sleeping,948825,2495340,2689056768,15179776,9188465818,14968220
2025-05-20 04:11:19,21220,11503202304,2401280000,102.1,7.195496705290988,0,21,1023.87,7.93,0.0,0.0,0.0,2402189312,0,8,4,1,0,sleeping,950058,2495340,2689056768,15179776,9200542815,14968220
2025-05-20 04:11:20,21220,11503202304,2401280000,101.2,7.195496705290988,0,21,1024.95,7.93,0.0,0.0,0.0,2402193408,0,8,4,1,0,sleeping,951512,2495340,2694299648,15179776,9214848010,14968220
2025-05-20 04:11:21,21220,11503202304,2401280000,102.1,7.195496705290988,0,21,1026.03,7.94,0.0,0.0,0.0,2402197504,0,8,4,1,0,sleeping,952911,2495340,2698489856,15179776,9227476742,14968220
2025-05-20 04:11:22,21220,11503202304,2401280000,102.2,7.195496705290988,0,21,1027.11,7.95,0.0,0.0,0.0,2402197504,0,8,4,1,0,sleeping,954350,2495340,2706878464,15179776,9241635494,14968220
2025-05-20 04:11:23,21220,11503202304,2401280000,102.1,7.195496705290988,0,21,1028.19,7.96,0.0,0.0,0.0,2402205696,0,8,4,1,0,sleeping,955775,2495340,2711072768,15179776,9254583100,14968220
2025-05-20 04:11:24,21220,11503202304,2401280000,101.1,7.195496705290988,0,21,1029.28,7.96,0.0,0.0,0.0,2402209792,0,8,4,1,0,sleeping,957272,2495340,2715267072,15179776,9269019371,14968220
2025-05-20 04:11:25,21220,11503202304,2401280000,102.2,7.195496705290988,0,21,1030.36,7.97,0.0,0.0,0.0,2402209792,0,8,4,1,0,sleeping,958553,2495340,2725752832,15179776,9279941200,14968220
2025-05-20 04:11:27,21220,11503202304,2401280000,101.2,7.195496705290988,0,21,1031.44,7.97,0.0,0.0,0.0,2402242560,0,8,4,1,0,sleeping,960083,2495341,2725752832,15179776,9295165036,14968344
2025-05-20 04:11:28,21220,11503202304,2401411072,102.3,7.195889465878739,0,21,1032.57,7.97,0.0,0.0,0.0,2402291712,0,8,4,1,0,sleeping,961369,2495341,2729947136,15179776,9307546169,14968344
2025-05-20 04:11:29,21220,11503202304,2401935360,147.7,7.197460508229746,0,21,1034.29,7.97,0.0,0.0,0.0,2402717696,0,8,4,1,0,sleeping,962226,2495341,2734141440,15179776,9315753051,14968344
2025-05-20 04:11:30,21220,11503202304,2401935360,100.8,7.197460508229746,0,21,1035.51,7.98,0.0,0.0,0.0,2402717696,0,8,4,1,0,sleeping,962676,2495341,2734141440,15179776,9319733783,14968344
2025-05-20 04:11:31,21220,11503202304,2401935360,98.6,7.197460508229746,0,21,1036.82,7.99,0.0,0.0,0.0,2402717696,0,7,4,1,0,sleeping,962978,2495341,2738335744,15179776,9322936322,14968344
2025-05-20 04:11:32,21220,11503202304,2401935360,101.0,7.197460508229746,0,21,1038.35,8.0,0.0,0.0,0.0,2402721792,0,7,4,1,0,sleeping,963206,2495341,2738335744,15179776,9324689795,14968344
2025-05-20 04:11:34,21220,11503202304,2401935360,106.5,7.197460508229746,0,21,1039.64,8.0,0.0,0.0,0.0,2402721792,0,8,4,1,0,sleeping,963441,2495341,2738335744,15179776,9327324087,14968344
2025-05-20 04:11:35,21220,11503202304,2401935360,102.1,7.197460508229746,0,21,1040.74,8.0,0.0,0.0,0.0,2402721792,0,8,4,1,0,sleeping,964196,2495341,2742521856,15179776,9334413344,14968344
2025-05-20 04:11:36,21220,11503202304,2401935360,102.2,7.197460508229746,0,21,1041.83,8.01,0.0,0.0,0.0,2402734080,0,8,4,1,0,sleeping,965503,2495341,2746716160,15179776,9346364467,14968344
2025-05-20 04:11:37,21220,11503202304,2401935360,102.2,7.197460508229746,0,21,1042.92,8.01,0.0,0.0,0.0,2402738176,0,8,4,1,0,sleeping,967060,2495341,2750910464,15179776,9361805577,14968344
2025-05-20 04:11:38,21220,11503202304,2401935360,101.2,7.197460508229746,0,21,1043.99,8.02,0.0,0.0,0.0,2402738176,0,8,4,1,0,sleeping,968557,2495341,2755080192,15179776,9375469468,14968344
2025-05-20 04:11:39,21220,11503202304,2401935360,102.1,7.197460508229746,0,21,1045.07,8.03,0.0,0.0,0.0,2402742272,0,8,4,1,0,sleeping,970066,2495341,2759274496,15179776,9390572776,14968344
2025-05-20 04:11:41,21220,11503202304,2401935360,102.2,7.197460508229746,0,21,1046.16,8.03,0.0,0.0,0.0,2402750464,0,8,4,1,0,sleeping,971645,2495341,2767663104,15179776,9405421186,14968344
2025-05-20 04:11:42,21220,11503202304,2401935360,102.1,7.197460508229746,0,21,1047.24,8.04,0.0,0.0,0.0,2402754560,0,7,4,1,0,sleeping,973095,2495341,2776051712,15179776,9419580510,14968344
2025-05-20 04:11:43,21220,11503202304,2401935360,101.2,7.197460508229746,0,21,1048.32,8.04,0.0,0.0,0.0,2402754560,0,8,4,1,0,sleeping,974532,2495341,2780246016,15179776,9432605272,14968344
2025-05-20 04:11:44,21220,11503202304,2401935360,102.1,7.197460508229746,0,21,1049.4,8.05,0.0,0.0,0.0,2402766848,0,7,4,1,0,sleeping,975980,2495341,2784440320,15179776,9446889893,14968344
2025-05-20 04:11:45,21220,11503202304,2401935360,100.7,7.197460508229746,0,21,1050.48,8.05,0.0,0.0,0.0,2402766848,0,8,4,1,0,sleeping,977289,2495341,2784440320,15179776,9459214974,14968344
2025-05-20 04:11:46,21220,11503202304,2401935360,101.9,7.197460508229746,0,21,1051.6,8.05,0.0,0.0,0.0,2402770944,0,8,4,1,0,sleeping,978486,2495341,2792828928,15179776,9471710722,14968344
2025-05-20 04:11:47,21220,11503202304,2401935360,101.3,7.197460508229746,0,21,1052.77,8.06,0.0,0.0,0.0,2402775040,0,8,4,1,0,sleeping,979147,2495341,2792828928,15179776,9477605607,14968344
2025-05-20 04:11:48,21220,11503202304,2401935360,98.4,7.197460508229746,0,21,1054.0,8.07,0.0,0.0,0.0,2402775040,0,8,4,1,0,sleeping,979550,2495341,2797023232,15179776,9481504204,14968344
2025-05-20 04:11:49,21220,11503202304,2401935360,100.5,7.197460508229746,0,21,1055.36,8.08,0.0,0.0,0.0,2402779136,0,8,4,1,0,sleeping,979828,2495341,2797023232,15179776,9484436431,14968344
2025-05-20 04:11:51,21220,11503202304,2401935360,98.2,7.197460508229746,0,21,1056.76,8.08,0.0,0.0,0.0,2402783232,0,8,4,1,0,sleeping,980058,2495341,2797023232,15179776,9486079085,14968344
2025-05-20 04:11:52,21220,11503202304,2401935360,106.7,7.197460508229746,0,21,1058.07,8.09,0.0,0.0,0.0,2402787328,0,8,4,1,0,sleeping,980267,2495341,2797023232,15179776,9488420926,14968344
2025-05-20 04:11:53,21220,11503202304,2401935360,104.9,7.197460508229746,0,21,1059.2,8.1,0.0,0.0,0.0,2402791424,0,8,4,1,0,sleeping,980949,2495341,2801217536,15179776,9495360199,14968344
2025-05-20 04:11:54,21220,11503202304,2401935360,102.3,7.197460508229746,0,21,1060.31,8.1,0.0,0.0,0.0,2402791424,0,8,4,1,0,sleeping,982277,2495341,2801217536,15179776,9508072547,14968344
2025-05-20 04:11:56,21220,11503202304,2402050048,102.1,7.197804173744029,0,21,1061.39,8.11,0.0,0.0,0.0,2402791424,0,8,4,1,0,sleeping,985471,2501600,2822189056,15654912,9544283838,15425212
2025-05-20 04:11:57,21220,11503202304,2402050048,102.1,7.197804173744029,0,21,1062.47,8.12,0.0,0.0,0.0,2402791424,0,8,4,1,0,sleeping,985471,2501600,2822189056,15654912,9544283838,15425212
2025-05-20 04:11:58,21220,11503202304,2402050048,101.2,7.197804173744029,0,21,1063.55,8.12,0.0,0.0,0.0,2402791424,0,8,4,1,0,sleeping,985471,2501600,2822189056,15654912,9544283838,15425212
2025-05-20 04:11:59,21220,11503202304,2402050048,101.2,7.197804173744029,0,21,1064.63,8.12,0.0,0.0,0.0,2402791424,0,8,4,1,0,sleeping,986310,2501600,2830577664,15654912,9553537912,15425212
2025-05-20 04:12:00,21220,11503202304,2402050048,101.2,7.197804173744029,0,21,1065.7,8.13,0.0,0.0,0.0,2402791424,0,8,4,1,0,sleeping,987876,2501600,2834907136,15654912,9568233596,15425212
2025-05-20 04:12:01,21220,11503202304,2402050048,101.3,7.197804173744029,0,21,1066.77,8.14,0.0,0.0,0.0,2402799616,0,8,4,1,0,sleeping,989409,2501600,2839101440,15654912,9583530169,15425212
2025-05-20 04:12:02,21220,11503202304,2402050048,102.2,7.197804173744029,0,21,1067.85,8.15,0.0,0.0,0.0,2402803712,0,8,4,1,0,sleeping,991041,2501600,2843295744,15654912,9599684155,15425212
2025-05-20 04:12:03,21220,11503202304,2402050048,101.8,7.197804173744029,0,21,1068.94,8.15,0.0,0.0,0.0,2402803712,0,8,4,1,0,sleeping,992563,2501600,2847490048,15654912,9614616679,15425212
2025-05-20 04:12:04,21220,11503202304,2402050048,100.1,7.197804173744029,0,21,1070.03,8.15,0.0,0.0,0.0,2402807808,0,8,4,1,0,sleeping,993680,2501600,2851684352,15654912,9624927647,15425212
2025-05-20 04:12:05,21220,11503202304,2402050048,100.7,7.197804173744029,0,21,1071.17,8.16,0.0,0.0,0.0,2402820096,0,8,4,1,0,sleeping,994455,2501600,2851684352,15654912,9632802453,15425212
2025-05-20 04:12:06,21220,11503202304,2402050048,99.9,7.197804173744029,0,21,1072.39,8.16,0.0,0.0,0.0,2402820096,0,8,4,1,0,sleeping,994933,2501601,2855878656,15654912,9637492536,15425336
2025-05-20 04:12:08,21220,11503202304,2402050048,101.3,7.197804173744029,0,21,1073.75,8.17,0.0,0.0,0.0,2402820096,0,8,4,1,0,sleeping,995304,2501601,2855878656,15654912,9641507691,15425336
2025-05-20 04:12:09,21220,11503202304,2402050048,98.4,7.197804173744029,0,21,1075.15,8.17,0.0,0.0,0.0,2402820096,0,8,4,1,0,sleeping,995564,2501601,2855878656,15654912,9644496900,15425336
2025-05-20 04:12:10,21220,11503202304,2402050048,105.8,7.197804173744029,0,21,1076.52,8.18,0.0,0.0,0.0,2402824192,0,8,4,1,0,sleeping,995768,2501601,2855878656,15654912,9645952719,15425336
2025-05-20 04:12:12,21220,11503202304,2402050048,105.6,7.197804173744029,0,21,1077.67,8.19,0.0,0.0,0.0,2402824192,0,8,4,1,0,sleeping,996288,2501601,2855878656,15654912,9650639726,15425336
2025-05-20 04:12:13,21220,11503202304,2402050048,102.1,7.197804173744029,0,21,1078.76,8.19,0.0,0.0,0.0,2402824192,0,8,4,1,0,sleeping,997511,2501601,2864066560,15654912,9662664247,15425336
2025-05-20 04:12:14,21220,11503202304,2402050048,101.3,7.197804173744029,0,21,1079.84,8.19,0.0,0.0,0.0,2402828288,0,8,4,1,0,sleeping,999013,2501601,2868256768,15654912,9677634444,15425336
2025-05-20 04:12:15,21220,11503202304,2402050048,103.2,7.197804173744029,0,21,1080.92,8.21,0.0,0.0,0.0,2402832384,0,8,4,1,0,sleeping,1000469,2501601,2872451072,15654912,9691192660,15425336
2025-05-20 04:12:16,21220,11503202304,2402050048,101.2,7.197804173744029,0,21,1082.0,8.21,0.0,0.0,0.0,2402832384,0,8,4,1,0,sleeping,1002025,2501601,2880794624,15654912,9706978282,15425336
2025-05-20 04:12:17,21220,11503202304,2402050048,102.1,7.197804173744029,0,21,1083.08,8.22,0.0,0.0,0.0,2402844672,0,8,4,1,0,sleeping,1003577,2501601,2884988928,15654912,9721708478,15425336
2025-05-20 04:12:18,21220,11503202304,2402050048,102.2,7.197804173744029,0,21,1084.15,8.24,0.0,0.0,0.0,2402848768,0,8,4,1,0,sleeping,1005147,2501601,2889134080,15654912,9737652619,15425336
2025-05-20 04:12:19,21220,11503202304,2402050048,102.1,7.197804173744029,0,21,1085.24,8.24,0.0,0.0,0.0,2402852864,0,8,4,1,0,sleeping,1006747,2501601,2893328384,15654912,9753100604,15425336
2025-05-20 04:12:20,21220,11503202304,2402050048,101.6,7.197804173744029,0,21,1086.36,8.24,0.0,0.0,0.0,2402856960,0,8,4,1,0,sleeping,1007991,2501601,2897522688,15654912,9765089923,15425336
2025-05-20 04:12:21,21220,11503202304,2402050048,101.4,7.197804173744029,0,21,1087.48,8.25,0.0,0.0,0.0,2402861056,0,8,4,1,0,sleeping,1008857,2501601,2897522688,15654912,9773289890,15425336
2025-05-20 04:12:22,21220,11503202304,2402050048,101.2,7.197804173744029,0,21,1088.67,8.25,0.0,0.0,0.0,2402861056,0,8,4,1,0,sleeping,1009453,2501601,2901716992,15654912,9779685080,15425336
2025-05-20 04:12:24,21220,11503202304,2402050048,100.1,7.197804173744029,0,21,1089.94,8.26,0.0,0.0,0.0,2402861056,0,8,4,1,0,sleeping,1009806,2501601,2901716992,15654912,9783067842,15425336
2025-05-20 04:12:25,21220,11503202304,2402050048,101.5,7.197804173744029,0,21,1091.31,8.26,0.0,0.0,0.0,2402865152,0,8,4,1,0,sleeping,1010111,2501601,2901716992,15654912,9785487666,15425336
2025-05-20 04:12:26,21220,11503202304,2402050048,104.4,7.197804173744029,0,21,1092.59,8.27,0.0,0.0,0.0,2402865152,0,8,4,1,0,sleeping,1010422,2501601,2901716992,15654912,9788968166,15425336
2025-05-20 04:12:27,21220,11503202304,2402050048,105.6,7.197804173744029,0,21,1093.74,8.27,0.0,0.0,0.0,2402869248,0,8,4,1,0,sleeping,1011101,2501601,2905911296,15654912,9796077088,15425336
2025-05-20 04:12:29,21220,11503202304,2402181120,102.1,7.198196934331779,0,21,1094.82,8.28,0.0,0.0,0.0,2403102720,0,8,4,1,0,sleeping,1012305,2501601,2910105600,15654912,9807522619,15425336
2025-05-20 04:12:30,21220,11503202304,2406244352,101.3,7.210372512552075,0,21,1095.9,8.28,0.0,0.0,0.0,2407317504,0,8,4,1,0,sleeping,1013655,2501601,2910105600,15654912,9819137294,15425336
2025-05-20 04:12:31,21220,11503202304,2409521152,102.0,7.223333611947876,0,21,1096.99,8.28,0.0,0.0,0.0,2410549248,0,8,4,1,0,sleeping,1015185,2501601,2914299904,15654912,9834456242,15425336
2025-05-20 04:12:32,21220,11503202304,2410569728,131.1,7.223333611947876,0,21,1098.41,8.28,0.0,0.0,0.0,2411601920,0,8,4,1,0,sleeping,1016398,2501601,2918494208,15654912,9845685627,15425336
2025-05-20 04:12:33,21220,11503202304,2410569728,102.6,7.223333611947876,0,21,1099.51,8.28,0.0,0.0,0.0,2411606016,0,8,4,1,0,sleeping,1017996,2501601,2922618880,15654912,9862266068,15425336
2025-05-20 04:12:34,21220,11503202304,2410569728,102.1,7.223333611947876,0,21,1100.59,8.29,0.0,0.0,0.0,2411606016,0,8,4,1,0,sleeping,1019400,2501601,2926731264,15654912,9875152490,15425336
2025-05-20 04:12:35,21220,11503202304,2410627072,101.8,7.223505444705017,0,21,1101.67,8.3,0.0,0.0,0.0,2411614208,0,8,4,1,0,sleeping,1020740,2506713,2930925568,16011264,9898822797,15764136
2025-05-20 04:12:36,21220,11503202304,2410627072,101.5,7.223505444705017,0,21,1102.77,8.3,0.0,0.0,0.0,2411618304,0,8,4,1,0,sleeping,1021757,2506714,2930925568,16011264,9908066088,15764260
2025-05-20 04:12:37,21220,11503202304,2410627072,101.5,7.223505444705017,0,21,1103.9,8.31,0.0,0.0,0.0,2411622400,0,8,4,1,0,sleeping,1022454,2506714,2935119872,16011264,9914225709,15764260
2025-05-20 04:12:38,21220,11503202304,2410627072,99.8,7.223505444705017,0,21,1105.09,8.31,0.0,0.0,0.0,2411622400,0,8,4,1,0,sleeping,1022957,2506714,2935119872,16011264,9918672941,15764260
2025-05-20 04:12:39,21220,11503202304,2410627072,98.9,7.223505444705017,0,21,1106.37,8.31,0.0,0.0,0.0,2411626496,0,8,4,1,0,sleeping,1023275,2506714,2935119872,16011264,9921737039,15764260
2025-05-20 04:12:41,21220,11503202304,2410627072,104.1,7.223505444705017,0,21,1107.67,8.32,0.0,0.0,0.0,2411626496,0,8,4,1,0,sleeping,1023547,2506714,2935119872,16011264,9924710055,15764260
2025-05-20 04:12:42,21220,11503202304,2410627072,104.3,7.223505444705017,0,21,1108.8,8.33,0.0,0.0,0.0,2411626496,0,8,4,1,0,sleeping,1024088,2506714,2939314176,16011264,9929449178,15764260
2025-05-20 04:12:43,21220,11503202304,2410627072,102.1,7.223505444705017,0,21,1109.88,8.34,0.0,0.0,0.0,2411642880,0,8,4,1,0,sleeping,1025268,2506714,2939314176,16011264,9940768439,15764260
2025-05-20 04:12:44,21220,11503202304,2410627072,102.2,7.223505444705017,0,21,1110.97,8.34,0.0,0.0,0.0,2411642880,0,8,4,1,0,sleeping,1026683,2506714,2943508480,16011264,9954571801,15764260
2025-05-20 04:12:45,21220,11503202304,2410627072,101.3,7.223505444705017,0,21,1112.05,8.34,0.0,0.0,0.0,2411646976,0,8,4,1,0,sleeping,1028257,2506714,2947608576,16011264,9970210228,15764260
2025-05-20 04:12:46,21220,11503202304,2410627072,101.4,7.223505444705017,0,21,1113.15,8.34,0.0,0.0,0.0,2411655168,0,8,4,1,0,sleeping,1029649,2506714,2951802880,16011264,9982572432,15764260
2025-05-20 04:12:47,21220,11503202304,2410627072,103.0,7.223505444705017,0,21,1114.24,8.35,0.0,0.0,0.0,2411659264,0,8,4,1,0,sleeping,1030970,2506714,2955997184,16011264,9995341944,15764260
2025-05-20 04:12:48,21220,11503202304,2410627072,100.3,7.223505444705017,0,21,1115.31,8.35,0.0,0.0,0.0,2411659264,0,8,4,1,0,sleeping,1032135,2506714,2960191488,16011264,10005455576,15764260
2025-05-20 04:12:50,21220,11503202304,2410627072,103.0,7.223505444705017,0,21,1116.4,8.36,0.0,0.0,0.0,2411663360,0,8,4,1,0,sleeping,1033576,2506714,2964373504,16011264,10018747016,15764260
2025-05-20 04:12:51,21220,11503202304,2410627072,101.9,7.223505444705017,0,21,1117.49,8.36,0.0,0.0,0.0,2411663360,0,8,4,1,0,sleeping,1034395,2506714,2968567808,16011264,10031879180,15764260
2025-05-20 04:12:52,21220,11503202304,2410627072,101.4,7.223505444705017,0,21,1118.59,8.36,0.0,0.0,0.0,2411663360,0,8,4,1,0,sleeping,1034395,2506714,2968567808,16011264,10031879180,15764260
2025-05-20 04:12:53,21220,11503202304,2410627072,99.9,7.223505444705017,0,21,1119.71,8.36,0.0,0.0,0.0,2411663360,0,8,4,1,0,sleeping,1034875,2506714,2968567808,16011264,10036829207,15764260
2025-05-20 04:12:54,21220,11503202304,2410627072,99.1,7.223505444705017,0,21,1120.89,8.36,0.0,0.0,0.0,2411663360,0,8,4,1,0,sleeping,1035430,2506714,2968567808,16011264,10041916778,15764260
2025-05-20 04:12:55,21220,11503202304,2410627072,101.2,7.223505444705017,0,21,1122.18,8.37,0.0,0.0,0.0,2411663360,0,8,4,1,0,sleeping,1035793,2506714,2968567808,16011264,10045535323,15764260
2025-05-20 04:12:56,21220,11503202304,2410627072,98.7,7.223505444705017,0,21,1123.53,8.38,0.0,0.0,0.0,2411663360,0,8,4,1,0,sleeping,1036067,2506714,2968621056,16011264,10048349665,15764260
2025-05-20 04:12:58,21220,11503202304,2410627072,100.1,7.223505444705017,0,21,1124.96,8.38,0.0,0.0,0.0,2411663360,0,8,4,1,0,sleeping,1036284,2506714,2968621056,16011264,10049958266,15764260
2025-05-20 04:12:59,21220,11503202304,2410627072,105.0,7.223505444705017,0,21,1126.16,8.38,0.0,0.0,0.0,2411667456,0,8,4,1,0,sleeping,1036671,2506714,2968944640,16011264,10053764224,15764260
2025-05-20 04:13:00,21220,11503202304,2410627072,101.8,7.223505444705017,0,21,1127.25,8.38,0.0,0.0,0.0,2411671552,0,8,4,1,0,sleeping,1037723,2506714,2968944640,16011264,10063653062,15764260
2025-05-20 04:13:01,21220,11503202304,2410627072,102.2,7.223505444705017,0,21,1128.33,8.39,0.0,0.0,0.0,2411679744,0,8,4,1,0,sleeping,1039146,2506714,2969239552,16011264,10077902378,15764260
2025-05-20 04:13:02,21220,11503202304,2410627072,101.2,7.223505444705017,0,21,1129.41,8.39,0.0,0.0,0.0,2411692032,0,8,4,1,0,sleeping,1040538,2506714,2969493504,16011264,10090322707,15764260
2025-05-20 04:13:03,21220,11503202304,2410627072,101.2,7.223505444705017,0,21,1130.49,8.39,0.0,0.0,0.0,2411696128,0,8,4,1,0,sleeping,1041980,2506714,2969788416,16011264,10104186519,15764260
2025-05-20 04:13:05,21220,11503202304,2410627072,102.2,7.223505444705017,0,21,1131.57,8.4,0.0,0.0,0.0,2411696128,0,8,4,1,0,sleeping,1043372,2506714,2969853952,16011264,10117344940,15764260
2025-05-20 04:13:06,21220,11503202304,2410627072,102.1,7.223505444705017,0,21,1132.66,8.4,0.0,0.0,0.0,2411696128,0,8,4,1,0,sleeping,1045045,2506714,2969853952,16011264,10133346514,15764260
2025-05-20 04:13:07,21220,11503202304,2410627072,101.2,7.223505444705017,0,21,1133.74,8.4,0.0,0.0,0.0,2411696128,0,8,4,1,0,sleeping,1046381,2506714,2969899008,16011264,10146099792,15764260
2025-05-20 04:13:08,21220,11503202304,2410627072,101.3,7.223505444705017,0,21,1134.82,8.4,0.0,0.0,0.0,2411708416,0,8,4,1,0,sleeping,1047863,2506714,2970050560,16011264,10159676515,15764260
2025-05-20 04:13:09,21220,11503202304,2410627072,102.2,7.223505444705017,0,21,1135.9,8.41,0.0,0.0,0.0,2411720704,0,7,4,1,0,sleeping,1049412,2506714,2970050560,16011264,10175410278,15764260
2025-05-20 04:13:10,21220,11503202304,2410627072,101.2,7.223505444705017,0,21,1136.98,8.41,0.0,0.0,0.0,2411728896,0,8,4,1,0,sleeping,1050900,2506714,2970173440,16011264,10189329904,15764260
2025-05-20 04:13:11,21220,11503202304,2410627072,100.8,7.223505444705017,0,21,1138.09,8.41,0.0,0.0,0.0,2411728896,0,7,4,1,0,sleeping,1052236,2506714,2970259456,16011264,10203365833,15764260
2025-05-20 04:13:12,21220,11503202304,2410647552,101.7,7.223566813546853,0,21,1139.21,8.42,0.0,0.0,0.0,2411728896,0,7,4,1,0,sleeping,1053117,2511494,2970259456,16322560,10221425517,16056916
2025-05-20 04:13:13,21220,11503202304,2410647552,99.5,7.223566813546853,0,21,1140.37,8.43,0.0,0.0,0.0,2411728896,0,8,4,1,0,sleeping,1053617,2511494,2970259456,16322560,10225632304,16056916
2025-05-20 04:13:14,21220,11503202304,2410647552,99.5,7.223566813546853,0,21,1141.63,8.44,0.0,0.0,0.0,2411728896,0,8,4,1,0,sleeping,1053932,2511494,2970259456,16322560,10228550509,16056916
2025-05-20 04:13:16,21220,11503202304,2410647552,103.3,7.223566813546853,0,21,1143.16,8.45,0.0,0.0,0.0,2411728896,0,6,4,1,0,sleeping,1054107,2511495,2974064640,16322560,10230499349,16057039
2025-05-20 04:13:17,21220,11503202304,2410647552,100.0,7.223566813546853,0,21,1144.64,8.45,0.0,0.0,0.0,2411728896,0,7,4,1,0,sleeping,1054332,2511495,2974064640,16322560,10232388251,16057039
2025-05-20 04:13:19,21220,11503202304,2410647552,105.9,7.223566813546853,0,21,1145.89,8.45,0.0,0.0,0.0,2411728896,0,7,4,1,0,sleeping,1054577,2511495,2978258944,16322560,10235056639,16057039
2025-05-20 04:13:20,21220,11503202304,2410778624,104.4,7.2239595741346045,0,21,1147.0,8.46,0.0,0.0,0.0,2411741184,0,7,4,1,0,sleeping,1055269,2511495,2982449152,16322560,10241093346,16057039
2025-05-20 04:13:21,21220,11503202304,2410778624,101.2,7.2239595741346045,0,21,1148.08,8.46,0.0,0.0,0.0,2411741184,0,7,4,1,0,sleeping,1056648,2511495,2986643456,16322560,10254772187,16057039
2025-05-20 04:13:22,21220,11503202304,2410909696,103.1,7.224352334722356,0,21,1149.17,8.47,0.0,0.0,0.0,2411753472,0,7,4,1,0,sleeping,1058186,2511495,2986643456,16322560,10269131884,16057039
2025-05-20 04:13:23,21220,11503202304,2410909696,102.1,7.224352334722356,0,21,1150.25,8.48,0.0,0.0,0.0,2411761664,0,7,4,1,0,sleeping,1059527,2511495,2995032064,16322560,10282028306,16057039
2025-05-20 04:13:24,21220,11503202304,2410909696,101.2,7.224352334722356,0,21,1151.33,8.48,0.0,0.0,0.0,2411761664,0,8,4,1,0,sleeping,1060867,2511495,2999226368,16322560,10293913242,16057039
2025-05-20 04:13:25,21220,11503202304,2410909696,102.2,7.224352334722356,0,21,1152.42,8.48,0.0,0.0,0.0,2411859968,0,8,4,1,0,sleeping,1061618,2511495,3003420672,16322560,10304710769,16057039
2025-05-20 04:13:26,21220,11503202304,2411565056,101.9,7.226316137661113,0,21,1153.5,8.49,0.0,0.0,0.0,2412515328,0,7,4,1,0,sleeping,1062944,2511495,3007610880,16322560,10316734497,16057039
2025-05-20 04:13:27,21220,11503202304,2414710784,137.5,7.235742391767149,0,21,1154.97,8.49,0.0,0.0,0.0,2415689728,0,8,4,1,0,sleeping,1064197,2511495,3011805184,16322560,10329150037,16057039
2025-05-20 04:13:28,21220,11503202304,2414710784,102.2,7.235742391767149,0,21,1156.06,8.5,0.0,0.0,0.0,2415702016,0,8,4,1,0,sleeping,1065461,2511495,3015999488,16322560,10340909476,16057039
2025-05-20 04:13:29,21220,11503202304,2414710784,100.6,7.235742391767149,0,21,1157.16,8.51,0.0,0.0,0.0,2415702016,0,7,4,1,0,sleeping,1066301,2511495,3015999488,16322560,10348325827,16057039
2025-05-20 04:13:31,21220,11503202304,2414710784,99.7,7.235742391767149,0,21,1158.44,8.51,0.0,0.0,0.0,2415706112,0,8,4,1,0,sleeping,1066840,2511495,3021901824,16322560,10354066986,16057039
2025-05-20 04:13:32,21220,11503202304,2414710784,99.8,7.235742391767149,0,21,1159.94,8.52,0.0,0.0,0.0,2415710208,0,6,4,1,0,sleeping,1066956,2511495,3021901824,16322560,10354568270,16057039
2025-05-20 04:13:33,21220,11503202304,2414710784,102.2,7.235742391767149,0,21,1161.45,8.54,0.0,0.0,0.0,2415714304,0,7,4,1,0,sleeping,1067196,2511495,3021901824,16322560,10356546640,16057039
2025-05-20 04:13:35,21220,11503202304,2414710784,102.2,7.235742391767149,0,21,1162.93,8.55,0.0,0.0,0.0,2415714304,0,6,4,1,0,sleeping,1067373,2511495,3023998976,16322560,10358642322,16057039
2025-05-20 04:13:36,21220,11503202304,2414710784,106.5,7.235742391767149,0,21,1164.08,8.55,0.0,0.0,0.0,2415714304,0,8,4,1,0,sleeping,1068054,2511495,3023998976,16322560,10365229139,16057039
2025-05-20 04:13:37,21220,11503202304,2414710784,101.2,7.235742391767149,0,21,1165.16,8.55,0.0,0.0,0.0,2415722496,0,8,4,1,0,sleeping,1069454,2511495,3032383488,16322560,10378376482,16057039
2025-05-20 04:13:38,21220,11503202304,2414710784,101.5,7.235742391767149,0,21,1166.27,8.55,0.0,0.0,0.0,2415722496,0,7,4,1,0,sleeping,1070860,2511495,3040743424,16322560,10391833685,16057039
2025-05-20 04:13:39,21220,11503202304,2414710784,102.1,7.235742391767149,0,21,1167.35,8.56,0.0,0.0,0.0,2415722496,0,8,4,1,0,sleeping,1072285,2511495,3044892672,16322560,10404634044,16057039
2025-05-20 04:13:41,21220,11503202304,2414710784,101.1,7.235742391767149,0,21,1168.43,8.56,0.0,0.0,0.0,2415726592,0,7,4,1,0,sleeping,1073607,2511495,3049078784,16322560,10417183935,16057039
2025-05-20 04:13:42,21220,11503202304,2414710784,102.1,7.235742391767149,0,21,1169.51,8.57,0.0,0.0,0.0,2415730688,0,7,4,1,0,sleeping,1074937,2511495,3053268992,16322560,10429909546,16057039
2025-05-20 04:13:43,21220,11503202304,2414710784,101.2,7.235742391767149,0,21,1170.59,8.57,0.0,0.0,0.0,2415730688,0,7,4,1,0,sleeping,1076276,2511495,3057463296,16322560,10441715354,16057039
2025-05-20 04:13:44,21220,11503202304,2414710784,102.1,7.235742391767149,0,21,1171.67,8.58,0.0,0.0,0.0,2415747072,0,8,4,1,0,sleeping,1077442,2511495,3061653504,16322560,10452352154,16057039
2025-05-20 04:13:45,21220,11503202304,2414841856,102.1,7.2361351523549,0,21,1172.76,8.58,0.0,0.0,0.0,2415755264,0,7,4,1,0,sleeping,1078985,2511495,3065847808,16322560,10467825325,16057039
2025-05-20 04:13:46,21220,11503202304,2414841856,101.7,7.2361351523549,0,21,1173.84,8.59,0.0,0.0,0.0,2415755264,0,8,4,1,0,sleeping,1080544,2511496,3074236416,16322560,10483447736,16057163
2025-05-20 04:13:47,21220,11503202304,2414841856,100.9,7.2361351523549,0,21,1174.95,8.59,0.0,0.0,0.0,2415755264,0,7,4,1,0,sleeping,1081357,2511496,3078426624,16322560,10490518674,16057163
2025-05-20 04:13:48,21220,11503202304,2414841856,100.4,7.2361351523549,0,21,1176.1,8.6,0.0,0.0,0.0,2415759360,0,8,4,1,0,sleeping,1081896,2511496,3078426624,16322560,10495800938,16057163
2025-05-20 04:13:49,21220,11503202304,2414841856,99.9,7.2361351523549,0,21,1177.37,8.6,0.0,0.0,0.0,2415759360,0,8,4,1,0,sleeping,1082211,2511496,3078426624,16322560,10498490343,16057163
2025-05-20 04:13:51,21220,11503202304,2414841856,100.3,7.2361351523549,0,21,1178.75,8.61,0.0,0.0,0.0,2415759360,0,8,4,1,0,sleeping,1082437,2511496,3082616832,16322560,10500801761,16057163
2025-05-20 04:13:52,21220,11503202304,2414841856,102.3,7.2361351523549,0,21,1180.26,8.61,0.0,0.0,0.0,2415763456,0,8,4,1,0,sleeping,1082609,2511496,3082616832,16322560,10501784124,16057163
2025-05-20 04:13:53,21220,11503202304,2414952448,104.0,7.236466544100815,0,21,1181.49,8.66,0.0,0.0,0.0,2415763456,0,8,4,1,0,sleeping,1082843,2516262,3082776576,16699392,10514037031,16415827
2025-05-20 04:13:55,21220,11503202304,2414952448,103.3,7.236466544100815,0,21,1182.61,8.66,0.0,0.0,0.0,2415763456,0,7,4,1,0,sleeping,1083554,2516262,3082776576,16699392,10521232892,16415827
2025-05-20 04:13:56,21220,11503202304,2414952448,102.1,7.236466544100815,0,21,1183.7,8.66,0.0,0.0,0.0,2415771648,0,8,4,1,0,sleeping,1084877,2516262,3091042304,16699392,10533861563,16415827
2025-05-20 04:13:57,21220,11503202304,2414952448,102.2,7.236466544100815,0,21,1184.78,8.67,0.0,0.0,0.0,2415783936,0,8,4,1,0,sleeping,1086366,2516262,3093393408,16699392,10547876439,16415827
2025-05-20 04:13:58,21220,11503202304,2414952448,101.2,7.236466544100815,0,21,1185.85,8.68,0.0,0.0,0.0,2415788032,0,8,4,1,0,sleeping,1087940,2516262,3093573632,16699392,10564003787,16415827
2025-05-20 04:13:59,21220,11503202304,2414952448,101.1,7.236466544100815,0,21,1186.93,8.68,0.0,0.0,0.0,2415792128,0,8,4,1,0,sleeping,1089682,2516262,3093573632,16699392,10580195380,16415827
2025-05-20 04:14:00,21220,11503202304,2414952448,102.9,7.236466544100815,0,21,1188.02,8.69,0.0,0.0,0.0,2415792128,0,8,4,1,0,sleeping,1090663,2516262,3097767936,16699392,10590725030,16415827
2025-05-20 04:14:01,21220,11503202304,2414952448,100.3,7.236466544100815,0,21,1189.09,8.69,0.0,0.0,0.0,2415792128,0,8,4,1,0,sleeping,1092026,2516262,3097960448,16699392,10603216636,16415827
2025-05-20 04:14:02,21220,11503202304,2414952448,102.1,7.236466544100815,0,21,1190.16,8.71,0.0,0.0,0.0,2415792128,0,8,4,1,0,sleeping,1093563,2516262,3097960448,16699392,10618722271,16415827
2025-05-20 04:14:03,21220,11503202304,2414952448,101.2,7.236466544100815,0,21,1191.24,8.71,0.0,0.0,0.0,2415800320,0,8,4,1,0,sleeping,1095085,2516262,3097976832,16699392,10632946060,16415827
2025-05-20 04:14:04,21220,11503202304,2414952448,100.9,7.236466544100815,0,21,1192.33,8.72,0.0,0.0,0.0,2415804416,0,8,4,1,0,sleeping,1096393,2516262,3102339072,16699392,10644916843,16415827
2025-05-20 04:14:05,21220,11503202304,2414952448,101.4,7.236466544100815,0,21,1193.43,8.73,0.0,0.0,0.0,2415808512,0,8,4,1,0,sleeping,1097580,2516262,3102339072,16699392,10656957999,16415827
2025-05-20 04:14:06,21220,11503202304,2414952448,100.3,7.236466544100815,0,21,1194.58,8.73,0.0,0.0,0.0,2415812608,0,8,4,1,0,sleeping,1098329,2516262,3102343168,16699392,10664656102,16415827
2025-05-20 04:14:08,21220,11503202304,2414952448,100.2,7.236466544100815,0,21,1195.8,8.74,0.0,0.0,0.0,2415816704,0,8,4,1,0,sleeping,1098803,2516262,3102343168,16699392,10669122490,16415827
2025-05-20 04:14:09,21220,11503202304,2414952448,100.8,7.236466544100815,0,21,1197.14,8.74,0.0,0.0,0.0,2415816704,0,8,4,1,0,sleeping,1099099,2516262,3102343168,16699392,10671273283,16415827
2025-05-20 04:14:10,21220,11503202304,2414952448,102.4,7.236466544100815,0,21,1198.54,8.75,0.0,0.0,0.0,2415816704,0,8,4,1,0,sleeping,1099281,2516262,3102343168,16699392,10673304060,16415827
2025-05-20 04:14:11,21220,11503202304,2414952448,105.9,7.236466544100815,0,21,1199.72,8.76,0.0,0.0,0.0,2415816704,0,7,4,1,0,sleeping,1099646,2516262,3102343168,16699392,10676646208,16415827
2025-05-20 04:14:13,21220,11503202304,2414952448,101.9,7.236466544100815,0,21,1200.81,8.76,0.0,0.0,0.0,2415824896,0,8,4,1,0,sleeping,1100586,2516262,3106537472,16699392,10685137998,16415827
2025-05-20 04:14:14,21220,11503202304,2414952448,102.2,7.236466544100815,0,21,1201.9,8.76,0.0,0.0,0.0,2415824896,0,8,4,1,0,sleeping,1102113,2516262,3106537472,16699392,10700742242,16415827
2025-05-20 04:14:15,21220,11503202304,2414952448,102.1,7.236466544100815,0,21,1202.99,8.76,0.0,0.0,0.0,2415824896,0,8,4,1,0,sleeping,1103356,2516262,3106537472,16699392,10712436277,16415827
2025-05-20 04:14:16,21220,11503202304,2414952448,102.1,7.236466544100815,0,21,1204.07,8.77,0.0,0.0,0.0,2415824896,0,8,4,1,0,sleeping,1104737,2516263,3106537472,16699392,10724816352,16415951
2025-05-20 04:14:17,21220,11503202304,2414952448,102.0,7.236466544100815,0,21,1205.15,8.78,0.0,0.0,0.0,2415837184,0,8,4,1,0,sleeping,1105981,2516263,3110760448,16699392,10736737827,16415951
2025-05-20 04:14:18,21220,11503202304,2414952448,101.2,7.236466544100815,0,21,1206.23,8.78,0.0,0.0,0.0,2415841280,0,8,4,1,0,sleeping,1107408,2516263,3110760448,16699392,10749925690,16415951
2025-05-20 04:14:19,21220,11503202304,2414952448,98.3,7.236466544100815,0,21,1207.28,8.78,0.0,0.0,0.0,2415849472,0,8,4,1,0,sleeping,1108607,2516263,3110764544,16699392,10761313811,16415951
2025-05-20 04:14:20,21220,11503202304,2414952448,103.0,7.236466544100815,0,21,1208.37,8.79,0.0,0.0,0.0,2415857664,0,8,4,1,0,sleeping,1110020,2516263,3114958848,16699392,10774308490,16415951
2025-05-20 04:14:21,21220,11503202304,2414952448,102.0,7.236466544100815,0,21,1209.45,8.8,0.0,0.0,0.0,2415857664,0,8,4,1,0,sleeping,1111455,2516263,3114958848,16699392,10788705308,16415951
2025-05-20 04:14:22,21220,11503202304,2414952448,101.6,7.236466544100815,0,21,1210.55,8.8,0.0,0.0,0.0,2415857664,0,8,4,1,0,sleeping,1112490,2516263,3118706688,16699392,10798640099,16415951
2025-05-20 04:14:23,21220,11503202304,2414952448,101.2,7.236466544100815,0,21,1211.67,8.81,0.0,0.0,0.0,2415857664,0,7,4,1,0,sleeping,1113317,2516263,3118706688,16699392,10806505115,16415951
2025-05-20 04:14:24,21220,11503202304,2414968832,101.3,7.236515639174285,0,21,1212.85,8.83,0.0,0.0,0.0,2415898624,0,8,4,1,0,sleeping,1113808,2519710,3118706688,17014784,10820796758,16646387
2025-05-20 04:14:26,21220,11503202304,2414968832,99.5,7.236515639174285,0,21,1214.13,8.83,0.0,0.0,0.0,2415927296,0,8,4,1,0,sleeping,1114197,2519710,3118706688,17014784,10823951232,16646387
2025-05-20 04:14:27,21220,11503202304,2415099904,101.2,7.2369083997620365,0,21,1215.54,8.83,0.0,0.0,0.0,2416168960,0,8,4,1,0,sleeping,1114504,2519710,3122900992,17014784,10827543342,16646387
2025-05-20 04:14:28,21220,11503202304,2416017408,102.9,7.2404432450518,0,21,1216.81,8.84,0.0,0.0,0.0,2416205824,0,8,4,1,0,sleeping,1114807,2519710,3122900992,17014784,10831179573,16646387
2025-05-20 04:14:30,21220,11503202304,2417459200,105.8,7.243978090341563,0,21,1217.98,8.85,0.0,0.0,0.0,2418421760,0,8,4,1,0,sleeping,1115518,2519710,3122900992,17014784,10838007459,16646387
2025-05-20 04:14:31,21220,11503202304,2418769920,139.5,7.247905696219078,0,21,1219.47,8.85,0.0,0.0,0.0,2419515392,0,8,4,1,0,sleeping,1116581,2519710,3122900992,17014784,10848406953,16646387
2025-05-20 04:14:32,21220,11503202304,2418769920,102.6,7.247905696219078,0,21,1220.57,8.85,0.0,0.0,0.0,2419515392,0,7,4,1,0,sleeping,1117893,2519710,3122900992,17014784,10861629137,16646387
2025-05-20 04:14:33,21220,11503202304,2418769920,102.0,7.247905696219078,0,21,1221.65,8.86,0.0,0.0,0.0,2419523584,0,7,4,1,0,sleeping,1119415,2519710,3122900992,17014784,10876433500,16646387
2025-05-20 04:14:34,21220,11503202304,2418769920,101.3,7.247905696219078,0,21,1222.72,8.87,0.0,0.0,0.0,2419527680,0,8,4,1,0,sleeping,1120891,2519710,3127095296,17014784,10890692280,16646387
2025-05-20 04:14:35,21220,11503202304,2418769920,102.2,7.247905696219078,0,21,1223.81,8.87,0.0,0.0,0.0,2419527680,0,8,4,1,0,sleeping,1122530,2519710,3127095296,17014784,10907724199,16646387
2025-05-20 04:14:36,21220,11503202304,2418769920,101.2,7.247905696219078,0,21,1224.89,8.87,0.0,0.0,0.0,2419535872,0,8,4,1,0,sleeping,1123646,2519710,3127095296,17014784,10920259994,16646387
2025-05-20 04:14:37,21220,11503202304,2418769920,102.1,7.247905696219078,0,21,1225.98,8.87,0.0,0.0,0.0,2419539968,0,8,4,1,0,sleeping,1124436,2519710,3127095296,17014784,10927828577,16646387
2025-05-20 04:14:38,21220,11503202304,2418769920,102.2,7.247905696219078,0,21,1227.07,8.87,0.0,0.0,0.0,2419544064,0,8,4,1,0,sleeping,1125653,2519710,3131289600,17014784,10939011945,16646387
2025-05-20 04:14:39,21220,11503202304,2418769920,101.8,7.247905696219078,0,21,1228.16,8.87,0.0,0.0,0.0,2419544064,0,7,4,1,0,sleeping,1127050,2519710,3131330560,17014784,10952431606,16646387
2025-05-20 04:14:40,21220,11503202304,2418769920,101.0,7.247905696219078,0,21,1229.25,8.88,0.0,0.0,0.0,2419552256,0,8,4,1,0,sleeping,1127960,2519710,3131330560,17014784,10960808337,16646387
2025-05-20 04:14:41,21220,11503202304,2418769920,100.4,7.247905696219078,0,21,1230.39,8.88,0.0,0.0,0.0,2419556352,0,8,4,1,0,sleeping,1128556,2519710,3131330560,17014784,10966300600,16646387
2025-05-20 04:14:42,21220,11503202304,2418769920,100.5,7.247905696219078,0,21,1231.6,8.89,0.0,0.0,0.0,2419556352,0,8,4,1,0,sleeping,1129079,2519710,3135524864,17014784,10971374693,16646387
2025-05-20 04:14:44,21220,11503202304,2418769920,98.9,7.247905696219078,0,21,1232.91,8.89,0.0,0.0,0.0,2419556352,0,8,4,1,0,sleeping,1129483,2519710,3135524864,17014784,10975782254,16646387
2025-05-20 04:14:45,21220,11503202304,2418769920,99.5,7.247905696219078,0,21,1234.29,8.9,0.0,0.0,0.0,2419556352,0,8,4,1,0,sleeping,1129777,2519710,3135524864,17014784,10978222394,16646387
2025-05-20 04:14:46,21220,11503202304,2418769920,107.5,7.247905696219078,0,21,1235.55,8.9,0.0,0.0,0.0,2419556352,0,8,4,1,0,sleeping,1130142,2519711,3135524864,17014784,10982097842,16646511
2025-05-20 04:14:48,21220,11503202304,2418769920,102.4,7.247905696219078,0,21,1236.64,8.91,0.0,0.0,0.0,2419556352,0,8,4,1,0,sleeping,1131147,2519711,3135524864,17014784,10992239625,16646511
2025-05-20 04:14:49,21220,11503202304,2418769920,102.1,7.247905696219078,0,21,1237.73,8.91,0.0,0.0,0.0,2419564544,0,8,4,1,0,sleeping,1132498,2519711,3135524864,17014784,11005978437,16646511
2025-05-20 04:14:50,21220,11503202304,2418769920,102.0,7.247905696219078,0,21,1238.81,8.92,0.0,0.0,0.0,2419576832,0,8,4,1,0,sleeping,1133782,2519711,3135524864,17014784,11017421365,16646511
2025-05-20 04:14:51,21220,11503202304,2418769920,102.1,7.247905696219078,0,21,1239.89,8.93,0.0,0.0,0.0,2419576832,0,8,4,1,0,sleeping,1135051,2519711,3139719168,17014784,11029595131,16646511
2025-05-20 04:14:52,21220,11503202304,2418782208,101.2,7.247942517524179,0,21,1240.97,8.93,0.0,0.0,0.0,2419580928,0,8,4,1,0,sleeping,1136473,2523558,3139719168,17379328,11050144213,17010547
2025-05-20 04:14:53,21220,11503202304,2418782208,102.1,7.247942517524179,0,21,1242.05,8.94,0.0,0.0,0.0,2419593216,0,8,4,1,0,sleeping,1138016,2523558,3139719168,17379328,11065773534,17010547
2025-05-20 04:14:54,21220,11503202304,2418782208,102.8,7.247942517524179,0,21,1243.14,8.95,0.0,0.0,0.0,2419593216,0,8,4,1,0,sleeping,1139635,2523558,3143917568,17379328,11080986615,17010547
2025-05-20 04:14:55,21220,11503202304,2418782208,101.3,7.247942517524179,0,21,1244.22,8.95,0.0,0.0,0.0,2419593216,0,7,4,1,0,sleeping,1141196,2523558,3143917568,17379328,11096385599,17010547
2025-05-20 04:14:56,21220,11503202304,2418782208,101.4,7.247942517524179,0,21,1245.32,8.95,0.0,0.0,0.0,2419597312,0,8,4,1,0,sleeping,1142802,2523558,3144101888,17379328,11111617585,17010547
2025-05-20 04:14:57,21220,11503202304,2418782208,102.1,7.247942517524179,0,21,1246.41,8.95,0.0,0.0,0.0,2419605504,0,8,4,1,0,sleeping,1144411,2523558,3148296192,17379328,11127904483,17010547
2025-05-20 04:14:58,21220,11503202304,2418782208,102.1,7.247942517524179,0,21,1247.49,8.96,0.0,0.0,0.0,2419609600,0,8,4,1,0,sleeping,1146019,2523558,3148341248,17379328,11143106660,17010547
2025-05-20 04:14:59,21220,11503202304,2418782208,101.8,7.247942517524179,0,21,1248.59,8.97,0.0,0.0,0.0,2419617792,0,8,4,1,0,sleeping,1147527,2523558,3148341248,17379328,11157637818,17010547
2025-05-20 04:15:00,21220,11503202304,2418782208,100.7,7.247942517524179,0,21,1249.71,8.97,0.0,0.0,0.0,2419617792,0,8,4,1,0,sleeping,1147906,2523558,3148341248,17379328,11162177827,17010547
2025-05-20 04:15:02,21220,11503202304,2418782208,98.7,7.247942517524179,0,21,1250.89,8.97,0.0,0.0,0.0,2419617792,0,7,4,1,0,sleeping,1148511,2523558,3148341248,17379328,11167811821,17010547
2025-05-20 04:15:03,21220,11503202304,2418782208,99.7,7.247942517524179,0,21,1252.19,8.98,0.0,0.0,0.0,2419621888,0,8,4,1,0,sleeping,1148877,2523558,3148341248,17379328,11171482619,17010547
2025-05-20 04:15:04,21220,11503202304,2418782208,98.8,7.247942517524179,0,21,1253.57,8.98,0.0,0.0,0.0,2419621888,0,8,4,1,0,sleeping,1149127,2523558,3148341248,17379328,11173400344,17010547
2025-05-20 04:15:05,21220,11503202304,2418782208,99.5,7.247942517524179,0,21,1255.05,8.99,0.0,0.0,0.0,2419621888,0,8,4,1,0,sleeping,1149308,2523558,3148341248,17379328,11175598157,17010547
2025-05-20 04:15:07,21220,11503202304,2418782208,106.8,7.247942517524179,0,21,1256.29,8.99,0.0,0.0,0.0,2419625984,0,7,4,1,0,sleeping,1149643,2523558,3148341248,17379328,11178997087,17010547
2025-05-20 04:15:08,21220,11503202304,2418782208,103.5,7.247942517524179,0,21,1257.39,9.0,0.0,0.0,0.0,2419625984,0,6,4,1,0,sleeping,1150495,2523558,3152400384,17379328,11186804995,17010547
2025-05-20 04:15:09,21220,11503202304,2418782208,102.2,7.247942517524179,0,21,1258.48,9.0,0.0,0.0,0.0,2419625984,0,8,4,1,0,sleeping,1151872,2523558,3152400384,17379328,11199463565,17010547
2025-05-20 04:15:10,21220,11503202304,2418782208,101.2,7.247942517524179,0,21,1259.55,9.01,0.0,0.0,0.0,2419625984,0,8,4,1,0,sleeping,1153574,2523558,3152789504,17379328,11217014500,17010547
2025-05-20 04:15:11,21220,11503202304,2418782208,101.2,7.247942517524179,0,21,1260.63,9.01,0.0,0.0,0.0,2419634176,0,8,4,1,0,sleeping,1155075,2523558,3153055744,17379328,11231139924,17010547
2025-05-20 04:15:12,21220,11503202304,2418782208,101.2,7.247942517524179,0,21,1261.69,9.03,0.0,0.0,0.0,2419642368,0,8,4,1,0,sleeping,1156543,2523558,3157315584,17379328,11245929843,17010547
2025-05-20 04:15:13,21220,11503202304,2418782208,102.2,7.247942517524179,0,21,1262.77,9.04,0.0,0.0,0.0,2419642368,0,8,4,1,0,sleeping,1157954,2523558,3157331968,17379328,11259873391,17010547
2025-05-20 04:15:15,21220,11503202304,2418782208,101.2,7.247942517524179,0,21,1263.85,9.04,0.0,0.0,0.0,2419654656,0,8,4,1,0,sleeping,1159334,2523558,3157331968,17379328,11272219134,17010547
2025-05-20 04:15:16,21220,11503202304,2418782208,102.1,7.247942517524179,0,21,1264.93,9.05,0.0,0.0,0.0,2419658752,0,8,4,1,0,sleeping,1160856,2523558,3161526272,17379328,11287449532,17010547
2025-05-20 04:15:17,21220,11503202304,2418864128,103.5,7.248187992891525,0,21,1266.03,9.06,0.0,0.0,0.0,2419671040,0,8,4,1,0,sleeping,1161629,2525985,3161526272,17559552,11309675374,17174455
2025-05-20 04:15:18,21220,11503202304,2418864128,99.9,7.248187992891525,0,21,1267.13,9.06,0.0,0.0,0.0,2419671040,0,8,4,1,0,sleeping,1161629,2525985,3161526272,17559552,11309675374,17174455
2025-05-20 04:15:19,21220,11503202304,2418864128,99.5,7.248187992891525,0,21,1268.29,9.06,0.0,0.0,0.0,2419703808,0,8,4,1,0,sleeping,1161811,2525985,3161526272,17559552,11312120726,17174455
2025-05-20 04:15:20,21220,11503202304,2418864128,99.7,7.248187992891525,0,21,1269.53,9.07,0.0,0.0,0.0,2419703808,0,8,4,1,0,sleeping,1162207,2525985,3161526272,17559552,11316029216,17174455
2025-05-20 04:15:21,21220,11503202304,2420699136,100.9,7.253686641120045,0,21,1270.88,9.08,0.0,0.0,0.0,2421583872,0,8,4,1,0,sleeping,1162812,2525985,3161526272,17559552,11320890431,17174455
2025-05-20 04:15:23,21220,11503202304,2420699136,102.1,7.253686641120045,0,21,1272.35,9.08,0.0,0.0,0.0,2421653504,0,7,4,1,0,sleeping,1162812,2525985,3161526272,17559552,11320890431,17174455
2025-05-20 04:15:24,21220,11503202304,2421747712,105.3,7.256828725822056,0,21,1273.51,9.08,0.0,0.0,0.0,2422661120,0,7,4,1,0,sleeping,1162924,2525985,3161526272,17559552,11322738778,17174455
2025-05-20 04:15:25,21220,11503202304,2423844864,102.9,7.263112895226081,0,21,1274.6,9.09,0.0,0.0,0.0,2424864768,0,7,4,1,0,sleeping,1164202,2525985,3161526272,17559552,11335206225,17174455
2025-05-20 04:15:26,21220,11503202304,2427121664,138.7,7.272931909919868,0,21,1276.07,9.1,0.0,0.0,0.0,2428100608,0,7,4,1,0,sleeping,1165612,2525985,3163029504,17559552,11348649181,17174455
2025-05-20 04:15:27,21220,11503202304,2427121664,102.2,7.272931909919868,0,21,1277.15,9.11,0.0,0.0,0.0,2428108800,0,7,4,1,0,sleeping,1167248,2525985,3163029504,17559552,11364395509,17174455
2025-05-20 04:15:28,21220,11503202304,2427121664,102.1,7.272931909919868,0,21,1278.24,9.11,0.0,0.0,0.0,2428112896,0,8,4,1,0,sleeping,1168697,2525985,3163029504,17559552,11378869616,17174455
2025-05-20 04:15:29,21220,11503202304,2427121664,101.3,7.272931909919868,0,21,1279.32,9.11,0.0,0.0,0.0,2428116992,0,7,4,1,0,sleeping,1170135,2525985,3163029504,17559552,11392259947,17174455
2025-05-20 04:15:30,21220,11503202304,2427121664,101.2,7.272931909919868,0,21,1280.39,9.12,0.0,0.0,0.0,2428129280,0,7,4,1,0,sleeping,1171378,2525985,3163029504,17559552,11404081878,17174455
2025-05-20 04:15:32,21220,11503202304,2427121664,100.9,7.272931909919868,0,21,1281.47,9.12,0.0,0.0,0.0,2428129280,0,8,4,1,0,sleeping,1172808,2525985,3163029504,17559552,11417558723,17174455
2025-05-20 04:15:33,21220,11503202304,2427121664,102.0,7.272931909919868,0,21,1282.56,9.12,0.0,0.0,0.0,2428129280,0,8,4,1,0,sleeping,1174057,2525985,3163029504,17559552,11429933085,17174455
2025-05-20 04:15:34,21220,11503202304,2427121664,102.6,7.272931909919868,0,21,1283.66,9.13,0.0,0.0,0.0,2428133376,0,8,4,1,0,sleeping,1175205,2525985,3163029504,17559552,11441170397,17174455
2025-05-20 04:15:35,21220,11503202304,2427121664,100.6,7.272931909919868,0,21,1284.79,9.13,0.0,0.0,0.0,2428145664,0,8,4,1,0,sleeping,1176120,2525985,3163029504,17559552,11450322069,17174455
2025-05-20 04:15:36,21220,11503202304,2427121664,100.0,7.272931909919868,0,21,1285.99,9.13,0.0,0.0,0.0,2428145664,0,8,4,1,0,sleeping,1176589,2525985,3163029504,17559552,11454638774,17174455
2025-05-20 04:15:37,21220,11503202304,2427248640,102.3,7.273312396739253,0,21,1287.32,9.15,0.0,0.0,0.0,2428145664,0,8,4,1,0,sleeping,1176807,2528153,3163029504,17727488,11476338663,17325751
2025-05-20 04:15:38,21220,11503202304,2427248640,100.0,7.273312396739253,0,21,1288.71,9.15,0.0,0.0,0.0,2428145664,0,8,4,1,0,sleeping,1176807,2528153,3163029504,17727488,11476338663,17325751
2025-05-20 04:15:40,21220,11503202304,2427248640,104.9,7.273312396739253,0,21,1289.99,9.15,0.0,0.0,0.0,2428145664,0,8,4,1,0,sleeping,1176807,2528153,3163029504,17727488,11476338663,17325751
2025-05-20 04:15:41,21220,11503202304,2427248640,104.1,7.273312396739253,0,21,1291.12,9.15,0.0,0.0,0.0,2428145664,0,8,4,1,0,sleeping,1176807,2528153,3163029504,17727488,11476338663,17325751
2025-05-20 04:15:42,21220,11503202304,2427248640,102.0,7.273312396739253,0,21,1292.21,9.15,0.0,0.0,0.0,2428145664,0,8,4,1,0,sleeping,1176807,2528153,3163029504,17727488,11476338663,17325751
2025-05-20 04:15:43,21220,11503202304,2427248640,102.1,7.273312396739253,0,21,1293.29,9.16,0.0,0.0,0.0,2428149760,0,8,4,1,0,sleeping,1177423,2528153,3163029504,17727488,11482826711,17325751
2025-05-20 04:15:44,21220,11503202304,2427248640,101.2,7.273312396739253,0,21,1294.36,9.17,0.0,0.0,0.0,2428153856,0,8,4,1,0,sleeping,1179006,2528153,3163029504,17727488,11499042771,17325751
2025-05-20 04:15:45,21220,11503202304,2427248640,103.0,7.273312396739253,0,21,1295.45,9.18,0.0,0.0,0.0,2428162048,0,7,4,1,0,sleeping,1180407,2528153,3163029504,17727488,11512442392,17325751
2025-05-20 04:15:46,21220,11503202304,2427248640,101.3,7.273312396739253,0,21,1296.53,9.18,0.0,0.0,0.0,2428162048,0,8,4,1,0,sleeping,1181935,2528154,3163029504,17727488,11527025634,17325874
2025-05-20 04:15:47,21220,11503202304,2427248640,102.1,7.273312396739253,0,21,1297.61,9.19,0.0,0.0,0.0,2428174336,0,7,4,1,0,sleeping,1183336,2528154,3163029504,17727488,11540963447,17325874
2025-05-20 04:15:49,21220,11503202304,2427248640,101.3,7.273312396739253,0,21,1298.71,9.19,0.0,0.0,0.0,2428174336,0,8,4,1,0,sleeping,1184807,2528154,3163029504,17727488,11556072757,17325874
2025-05-20 04:15:50,21220,11503202304,2427248640,102.1,7.273312396739253,0,21,1299.79,9.2,0.0,0.0,0.0,2428178432,0,8,4,1,0,sleeping,1186480,2528154,3163029504,17727488,11572578543,17325874
2025-05-20 04:15:51,21220,11503202304,2427248640,100.9,7.273312396739253,0,21,1300.87,9.2,0.0,0.0,0.0,2428182528,0,8,4,1,0,sleeping,1187842,2528154,3163029504,17727488,11585613435,17325874
2025-05-20 04:15:52,21220,11503202304,2427248640,102.3,7.273312396739253,0,21,1301.99,9.2,0.0,0.0,0.0,2428186624,0,8,4,1,0,sleeping,1189059,2528154,3163029504,17727488,11598576879,17325874
2025-05-20 04:15:53,21220,11503202304,2427248640,99.0,7.273312396739253,0,21,1303.18,9.2,0.0,0.0,0.0,2428194816,0,8,4,1,0,sleeping,1189684,2528154,3164676096,17727488,11604562635,17325874
2025-05-20 04:15:54,21220,11503202304,2427248640,98.7,7.273312396739253,0,21,1304.48,9.2,0.0,0.0,0.0,2428194816,0,7,4,1,0,sleeping,1190017,2528154,3164676096,17727488,11608112946,17325874
2025-05-20 04:15:55,21220,11503202304,2427248640,102.1,7.273312396739253,0,21,1305.92,9.22,0.0,0.0,0.0,2428194816,0,7,4,1,0,sleeping,1190200,2528154,3166773248,17727488,11610019189,17325874
2025-05-20 04:15:57,21220,11503202304,2427248640,101.6,7.273312396739253,0,21,1307.3,9.22,0.0,0.0,0.0,2428194816,0,8,4,1,0,sleeping,1190361,2528154,3166773248,17727488,11611121749,17325874
2025-05-20 04:15:58,21220,11503202304,2427248640,105.7,7.273312396739253,0,21,1308.47,9.23,0.0,0.0,0.0,2428198912,0,7,4,1,0,sleeping,1190730,2528154,3166773248,17727488,11614411489,17325874
2025-05-20 04:15:59,21220,11503202304,2427314176,102.1,7.273508777033129,0,21,1309.52,9.27,0.0,0.0,0.0,2428203008,0,8,4,1,0,sleeping,1191764,2537623,3171061760,18513920,11629811988,18094926
2025-05-20 04:16:00,21220,11503202304,2427314176,100.4,7.273508777033129,0,21,1310.58,9.28,0.0,0.0,0.0,2428211200,0,8,4,1,0,sleeping,1193370,2537623,3171725312,18513920,11646152184,18094926
2025-05-20 04:16:01,21220,11503202304,2427314176,102.2,7.273508777033129,0,21,1311.66,9.29,0.0,0.0,0.0,2428211200,0,8,4,1,0,sleeping,1195114,2537623,3175395328,18513920,11662661737,18094926
2025-05-20 04:16:02,21220,11503202304,2427314176,102.1,7.273508777033129,0,21,1312.75,9.29,0.0,0.0,0.0,2428215296,0,8,4,1,0,sleeping,1196803,2537623,3175395328,18513920,11680042015,18094926
2025-05-20 04:16:04,21220,11503202304,2427314176,101.2,7.273508777033129,0,21,1313.83,9.29,0.0,0.0,0.0,2428215296,0,8,4,1,0,sleeping,1198503,2537623,3175395328,18513920,11696025721,18094926
2025-05-20 04:16:05,21220,11503202304,2427314176,102.1,7.273508777033129,0,21,1314.92,9.29,0.0,0.0,0.0,2428215296,0,8,4,1,0,sleeping,1200103,2537623,3179454464,18513920,11711738978,18094926
2025-05-20 04:16:06,21220,11503202304,2427314176,102.2,7.273508777033129,0,21,1316.0,9.3,0.0,0.0,0.0,2428219392,0,7,4,1,0,sleeping,1201776,2537623,3179454464,18513920,11727478512,18094926
2025-05-20 04:16:07,21220,11503202304,2427314176,102.1,7.273508777033129,0,21,1317.09,9.3,0.0,0.0,0.0,2428223488,0,7,4,1,0,sleeping,1203460,2537623,3179454464,18513920,11744438428,18094926
2025-05-20 04:16:08,21220,11503202304,2427314176,101.0,7.273508777033129,0,21,1318.18,9.3,0.0,0.0,0.0,2428231680,0,8,4,1,0,sleeping,1204813,2537623,3179454464,18513920,11757116795,18094926
2025-05-20 04:16:09,21220,11503202304,2427314176,101.4,7.273508777033129,0,21,1319.31,9.3,0.0,0.0,0.0,2428231680,0,8,4,1,0,sleeping,1205733,2537623,3183648768,18513920,11765536308,18094926
2025-05-20 04:16:10,21220,11503202304,2427314176,99.5,7.273508777033129,0,21,1320.48,9.31,0.0,0.0,0.0,2428231680,0,7,4,1,0,sleeping,1206278,2537623,3183648768,18513920,11770328343,18094926
2025-05-20 04:16:11,21220,11503202304,2427314176,99.7,7.273508777033129,0,21,1321.77,9.31,0.0,0.0,0.0,2428231680,0,8,4,1,0,sleeping,1206665,2537623,3183648768,18513920,11774101906,18094926
2025-05-20 04:16:12,21220,11503202304,2427314176,100.5,7.273508777033129,0,21,1323.16,9.32,0.0,0.0,0.0,2428231680,0,8,4,1,0,sleeping,1206923,2537623,3183648768,18513920,11776772105,18094926
2025-05-20 04:16:14,21220,11503202304,2427314176,104.7,7.273508777033129,0,21,1324.44,9.33,0.0,0.0,0.0,2428231680,0,7,4,1,0,sleeping,1207203,2537623,3183648768,18513920,11779790582,18094926
2025-05-20 04:16:15,21220,11503202304,2427314176,105.5,7.273508777033129,0,21,1325.59,9.33,0.0,0.0,0.0,2428231680,0,7,4,1,0,sleeping,1207953,2537623,3183648768,18513920,11786321926,18094926
2025-05-20 04:16:16,21220,11503202304,2427314176,101.0,7.273508777033129,0,21,1326.69,9.33,0.0,0.0,0.0,2428239872,0,7,4,1,0,sleeping,1209334,2537624,3183648768,18513920,11799264152,18095050
2025-05-20 04:16:17,21220,11503202304,2427314176,102.1,7.273508777033129,0,21,1327.78,9.33,0.0,0.0,0.0,2428239872,0,7,4,1,0,sleeping,1210626,2537624,3187843072,18513920,11811012820,18095050
2025-05-20 04:16:18,21220,11503202304,2427314176,102.2,7.273508777033129,0,21,1328.86,9.34,0.0,0.0,0.0,2428252160,0,8,4,1,0,sleeping,1211932,2537624,3187843072,18513920,11822686593,18095050
2025-05-20 04:16:19,21220,11503202304,2427314176,101.3,7.273508777033129,0,21,1329.94,9.34,0.0,0.0,0.0,2428276736,0,8,4,1,0,sleeping,1213445,2537624,3187843072,18513920,11836794560,18095050
2025-05-20 04:16:20,21220,11503202304,2427445248,103.1,7.273901537620881,0,21,1331.03,9.35,0.0,0.0,0.0,2428321792,0,7,4,1,0,sleeping,1215068,2537624,3187843072,18513920,11852511849,18095050
2025-05-20 04:16:22,21220,11503202304,2429411328,102.1,7.279792946437152,0,21,1332.11,9.36,0.0,0.0,0.0,2430267392,0,8,4,1,0,sleeping,1217054,2537624,3192037376,18513920,11870748579,18095050
2025-05-20 04:16:23,21220,11503202304,2434523136,102.2,7.295110609359461,0,21,1333.2,9.36,0.0,0.0,0.0,2435457024,0,8,4,1,0,sleeping,1217899,2537624,3192037376,18513920,11879166286,18095050
2025-05-20 04:16:24,21220,11503202304,2436620288,140.0,7.301394778763484,0,21,1334.7,9.36,0.0,0.0,0.0,2437505024,0,8,4,1,0,sleeping,1219262,2537624,3192037376,18513920,11892871974,18095050
2025-05-20 04:16:25,21220,11503202304,2436620288,101.1,7.301394778763484,0,21,1335.81,9.36,0.0,0.0,0.0,2437513216,0,7,4,1,0,sleeping,1220460,2537624,3196231680,18513920,11903432844,18095050
2025-05-20 04:16:26,21220,11503202304,2436620288,100.9,7.301394778763484,0,21,1336.94,9.37,0.0,0.0,0.0,2437517312,0,8,4,1,0,sleeping,1221291,2537624,3196231680,18513920,11911334876,18095050
2025-05-20 04:16:27,21220,11503202304,2436620288,99.2,7.301394778763484,0,21,1338.13,9.38,0.0,0.0,0.0,2437517312,0,8,4,1,0,sleeping,1221786,2537624,3196231680,18513920,11916715946,18095050
2025-05-20 04:16:28,21220,11503202304,2436620288,99.1,7.301394778763484,0,21,1339.42,9.39,0.0,0.0,0.0,2437455872,0,8,4,1,0,sleeping,1222126,2537624,3196231680,18513920,11920042851,18095050
2025-05-20 04:16:30,21220,11503202304,2436620288,100.3,7.301394778763484,0,21,1340.82,9.39,0.0,0.0,0.0,2437455872,0,8,4,1,0,sleeping,1222422,2537624,3196231680,18513920,11922320720,18095050
2025-05-20 04:16:31,21220,11503202304,2436620288,106.0,7.301394778763484,0,21,1342.05,9.4,0.0,0.0,0.0,2437455872,0,8,4,1,0,sleeping,1222738,2537624,3196231680,18513920,11925443925,18095050
2025-05-20 04:16:32,21220,11503202304,2436620288,104.0,7.301394778763484,0,21,1343.16,9.41,0.0,0.0,0.0,2437464064,0,8,4,1,0,sleeping,1223706,2537624,3196366848,18513920,11934696973,18095050
2025-05-20 04:16:33,21220,11503202304,2436620288,102.1,7.301394778763484,0,21,1344.24,9.42,0.0,0.0,0.0,2437464064,0,8,4,1,0,sleeping,1225180,2537624,3196366848,18513920,11949376702,18095050
2025-05-20 04:16:34,21220,11503202304,2436620288,101.2,7.301394778763484,0,21,1345.32,9.42,0.0,0.0,0.0,2437468160,0,8,4,1,0,sleeping,1226627,2537624,3200561152,18513920,11962317474,18095050
2025-05-20 04:16:35,21220,11503202304,2436620288,103.0,7.301394778763484,0,21,1346.41,9.43,0.0,0.0,0.0,2437468160,0,8,4,1,0,sleeping,1228106,2537624,3200561152,18513920,11976314849,18095050
2025-05-20 04:16:36,21220,11503202304,2436620288,101.2,7.301394778763484,0,21,1347.49,9.43,0.0,0.0,0.0,2437472256,0,8,4,1,0,sleeping,1229654,2537624,3200561152,18513920,11990186890,18095050
2025-05-20 04:16:37,21220,11503202304,2436620288,101.0,7.301394778763484,0,21,1348.56,9.44,0.0,0.0,0.0,2437472256,0,8,4,1,0,sleeping,1231289,2537624,3204755456,18513920,12006159564,18095050
2025-05-20 04:16:38,21220,11503202304,2436620288,103.1,7.301394778763484,0,21,1349.65,9.45,0.0,0.0,0.0,2437476352,0,8,4,1,0,sleeping,1232876,2537624,3204755456,18513920,12021410955,18095050
2025-05-20 04:16:40,21220,11503202304,2436620288,102.0,7.301394778763484,0,21,1350.74,9.45,0.0,0.0,0.0,2437484544,0,8,4,1,0,sleeping,1234422,2537624,3204755456,18513920,12035275430,18095050
2025-05-20 04:16:41,21220,11503202304,2436620288,101.8,7.301394778763484,0,21,1351.84,9.46,0.0,0.0,0.0,2437484544,0,7,4,1,0,sleeping,1235903,2537624,3208814592,18513920,12049982334,18095050
2025-05-20 04:16:42,21220,11503202304,2436620288,100.3,7.301394778763484,0,21,1352.94,9.46,0.0,0.0,0.0,2437484544,0,8,4,1,0,sleeping,1236925,2537624,3208814592,18513920,12058931915,18095050
2025-05-20 04:16:43,21220,11503202304,2436620288,100.5,7.301394778763484,0,21,1354.1,9.46,0.0,0.0,0.0,2437488640,0,7,4,1,0,sleeping,1237640,2537624,3208814592,18513920,12066057691,18095050
2025-05-20 04:16:44,21220,11503202304,2436620288,99.8,7.301394778763484,0,21,1355.34,9.46,0.0,0.0,0.0,2437488640,0,8,4,1,0,sleeping,1238085,2537624,3208814592,18513920,12070151967,18095050
2025-05-20 04:16:45,21220,11503202304,2436620288,101.7,7.301394778763484,0,21,1356.69,9.48,0.0,0.0,0.0,2437492736,0,8,4,1,0,sleeping,1238448,2537624,3208814592,18513920,12073882770,18095050
2025-05-20 04:16:47,21220,11503202304,2436620288,104.0,7.301394778763484,0,21,1358.08,9.49,0.0,0.0,0.0,2437496832,0,7,4,1,0,sleeping,1238644,2537625,3208814592,18513920,12075135524,18095174
2025-05-20 04:16:48,21220,11503202304,2436620288,104.8,7.301394778763484,0,21,1359.23,9.5,0.0,0.0,0.0,2437496832,0,8,4,1,0,sleeping,1239095,2537625,3208814592,18513920,12079200566,18095174
2025-05-20 04:16:49,21220,11503202304,2436620288,103.0,7.301394778763484,0,21,1360.33,9.5,0.0,0.0,0.0,2437500928,0,8,4,1,0,sleeping,1240273,2537625,3208814592,18513920,12090596081,18095174
2025-05-20 04:16:50,21220,11503202304,2436620288,101.2,7.301394778763484,0,21,1361.41,9.5,0.0,0.0,0.0,2437505024,0,8,4,1,0,sleeping,1241933,2537625,3213008896,18513920,12107028081,18095174
2025-05-20 04:16:51,21220,11503202304,2436620288,104.0,7.301394778763484,0,21,1362.51,9.51,0.0,0.0,0.0,2437509120,0,8,4,1,0,sleeping,1243382,2537625,3213008896,18513920,12119792240,18095174
2025-05-20 04:16:52,21220,11503202304,2436620288,101.2,7.301394778763484,0,21,1363.59,9.51,0.0,0.0,0.0,2437509120,0,8,4,1,0,sleeping,1244847,2537625,3213008896,18513920,12133530076,18095174
2025-05-20 04:16:53,21220,11503202304,2436620288,101.2,7.301394778763484,0,21,1364.67,9.51,0.0,0.0,0.0,2437509120,0,8,4,1,0,sleeping,1246411,2537625,3217203200,18513920,12148684207,18095174
2025-05-20 04:16:54,21220,11503202304,2436620288,101.2,7.301394778763484,0,21,1365.74,9.52,0.0,0.0,0.0,2437509120,0,8,4,1,0,sleeping,1247841,2537625,3217203200,18513920,12161033362,18095174
2025-05-20 04:16:55,21220,11503202304,2436620288,103.1,7.301394778763484,0,21,1366.83,9.53,0.0,0.0,0.0,2437509120,0,8,4,1,0,sleeping,1249508,2537625,3217203200,18513920,12177221444,18095174
2025-05-20 04:16:56,21220,11503202304,2436620288,102.1,7.301394778763484,0,21,1367.92,9.53,0.0,0.0,0.0,2437517312,0,8,4,1,0,sleeping,1251018,2537625,3217203200,18513920,12191688310,18095174
2025-05-20 04:16:58,21220,11503202304,2436620288,101.7,7.301394778763484,0,21,1369.02,9.54,0.0,0.0,0.0,2437521408,0,8,4,1,0,sleeping,1252350,2537625,3221491712,18513920,12204094401,18095174
2025-05-20 04:16:59,21220,11503202304,2436620288,100.0,7.301394778763484,0,21,1370.13,9.54,0.0,0.0,0.0,2437521408,0,8,4,1,0,sleeping,1253251,2537625,3221528576,18513920,12212170222,18095174
2025-05-20 04:17:00,21220,11503202304,2436620288,100.8,7.301394778763484,0,21,1371.36,9.54,0.0,0.0,0.0,2437525504,0,8,4,1,0,sleeping,1253807,2537625,3221528576,18513920,12216984503,18095174
2025-05-20 04:17:01,21220,11503202304,2436620288,100.9,7.301394778763484,0,21,1372.73,9.55,0.0,0.0,0.0,2437525504,0,8,4,1,0,sleeping,1254090,2537625,3221528576,18513920,12219636366,18095174
2025-05-20 04:17:02,21220,11503202304,2436620288,99.6,7.301394778763484,0,21,1374.21,9.55,0.0,0.0,0.0,2437525504,0,7,4,1,0,sleeping,1254307,2537625,3221528576,18513920,12222031268,18095174
2025-05-20 04:17:04,21220,11503202304,2436620288,102.4,7.301394778763484,0,21,1375.72,9.56,0.0,0.0,0.0,2437525504,0,7,4,1,0,sleeping,1254464,2537625,3221528576,18513920,12222889446,18095174
2025-05-20 04:17:05,21220,11503202304,2436620288,105.2,7.301394778763484,0,21,1376.91,9.56,0.0,0.0,0.0,2437525504,0,8,4,1,0,sleeping,1254872,2537625,3221528576,18513920,12226796405,18095174
2025-05-20 04:17:06,21220,11503202304,2436620288,102.8,7.301394778763484,0,21,1378.0,9.57,0.0,0.0,0.0,2437529600,0,8,4,1,0,sleeping,1256058,2537625,3221528576,18513920,12238784722,18095174
2025-05-20 04:17:07,21220,11503202304,2436648960,103.2,7.301480695142054,0,21,1379.11,9.58,0.0,0.0,0.0,2437533696,0,8,4,1,0,sleeping,1256759,2538004,3225722880,18542592,12259004594,18106282
2025-05-20 04:17:09,21220,11503202304,2436648960,101.2,7.301480695142054,0,21,1380.19,9.58,0.0,0.0,0.0,2437435392,0,8,4,1,0,sleeping,1257079,2538004,3225722880,18542592,12266403199,18106282
2025-05-20 04:17:10,21220,11503202304,2436648960,102.1,7.301480695142054,0,21,1381.28,9.58,0.0,0.0,0.0,2437435392,0,7,4,1,0,sleeping,1257293,2538004,3225722880,18542592,12274063341,18106282
2025-05-20 04:17:11,21220,11503202304,2436648960,99.3,7.301480695142054,0,21,1382.34,9.58,0.0,0.0,0.0,2437435392,0,7,4,1,0,sleeping,1257490,2538004,3225751552,18542592,12281435574,18106282
2025-05-20 04:17:12,21220,11503202304,2436648960,102.2,7.301480695142054,0,21,1383.42,9.59,0.0,0.0,0.0,2437435392,0,8,4,1,0,sleeping,1257621,2538004,3225751552,18542592,12288834319,18106282
2025-05-20 04:17:13,21220,11503202304,2444251136,103.1,7.324260809231642,0,21,1384.52,9.59,0.0,0.0,0.0,2445037568,0,8,4,1,0,sleeping,1257915,2538004,3263500288,18542592,12320450295,18106282
2025-05-20 04:17:14,21220,11503202304,2444251136,100.3,7.324260809231642,0,21,1385.59,9.59,0.0,0.0,0.0,2445037568,0,8,4,1,0,sleeping,1257915,2538004,3263500288,18542592,12320450295,18106282
2025-05-20 04:17:15,21220,11503202304,2444251136,101.3,7.324260809231642,0,21,1386.68,9.59,0.0,0.0,0.0,2445037568,0,8,4,1,0,sleeping,1257915,2538004,3263500288,18542592,12320450295,18106282
2025-05-20 04:17:16,21220,11503202304,2444251136,101.1,7.324260809231642,0,21,1387.79,9.6,0.0,0.0,0.0,2445041664,0,8,4,1,0,sleeping,1257915,2538005,3263500288,18542592,12320450295,18106406
2025-05-20 04:17:17,21220,11503202304,2444251136,99.9,7.324260809231642,0,21,1388.96,9.6,0.0,0.0,0.0,2445041664,0,8,4,1,0,sleeping,1257915,2538005,3263500288,18542592,12320450295,18106406
2025-05-20 04:17:18,21220,11503202304,2444251136,100.1,7.324260809231642,0,21,1390.23,9.61,0.0,0.0,0.0,2445041664,0,8,4,1,0,sleeping,1257915,2538005,3263500288,18542592,12320450295,18106406
2025-05-20 04:17:20,21220,11503202304,2444251136,99.2,7.324260809231642,0,21,1391.59,9.61,0.0,0.0,0.0,2445041664,0,8,4,1,0,sleeping,1257915,2538005,3263500288,18542592,12320450295,18106406
2025-05-20 04:17:21,21220,11503202304,2444251136,103.0,7.324260809231642,0,21,1392.89,9.62,0.0,0.0,0.0,2445041664,0,8,4,1,0,sleeping,1257915,2538005,3263500288,18542592,12320450295,18106406
2025-05-20 04:17:22,21220,11503202304,2444251136,105.7,7.324260809231642,0,21,1394.05,9.62,0.0,0.0,0.0,2445041664,0,8,4,1,0,sleeping,1257915,2538005,3263500288,18542592,12320450295,18106406
2025-05-20 04:17:23,21220,11503202304,2445840384,103.9,7.329023031358128,0,21,1395.14,9.64,0.0,0.0,0.0,2446606336,0,8,4,1,0,sleeping,1258619,2538063,3263520768,18632704,12339353504,18108094
2025-05-20 04:17:24,21220,11503202304,2445934592,109.4,7.329305328030575,0,21,1396.33,9.64,0.0,0.0,0.0,2446675968,0,7,4,1,0,sleeping,1259904,2538255,3276103680,18776064,12368417952,18116142
2025-05-20 04:17:26,21220,11503202304,2442825728,103.0,7.319977264071477,0,21,1397.41,9.66,0.0,0.0,0.0,2443612160,0,8,4,1,0,sleeping,1261021,2540584,3280433152,18980864,12388059814,18276938
2025-05-20 04:17:27,21220,11503202304,2442715136,101.2,7.3196581460939285,0,21,1398.47,9.68,0.0,0.0,0.0,2443587584,0,8,4,1,0,sleeping,1262783,2540584,3288686592,18980864,12405866820,18276938
2025-05-20 04:17:28,21220,11503202304,2440601600,102.8,7.313324881616436,0,21,1399.57,9.68,0.0,0.0,0.0,2441408512,0,8,4,1,0,sleeping,1264439,2540584,3292880896,18980864,12423029024,18276938
2025-05-20 04:17:29,21220,11503202304,2438344704,102.1,7.306562035246089,0,21,1400.65,9.69,0.0,0.0,0.0,2439303168,0,8,4,1,0,sleeping,1265919,2540584,3301269504,18980864,12438424688,18276938
2025-05-20 04:17:30,21220,11503202304,2435760128,101.1,7.298817287406364,0,21,1401.73,9.69,0.0,0.0,0.0,2437730304,0,8,4,1,0,sleeping,1267161,2540584,3309658112,18980864,12450727439,18276938
2025-05-20 04:17:31,21220,11503202304,2432487424,101.2,7.289010546480945,0,21,1402.8,9.7,0.0,0.0,0.0,2433470464,0,8,4,1,0,sleeping,1268675,2540584,3318046720,18980864,12465345426,18276938
2025-05-20 04:17:32,21220,11503202304,2428608512,103.0,7.277387287837174,0,21,1403.89,9.71,0.0,0.0,0.0,2429329408,0,8,4,1,0,sleeping,1270185,2540584,3326570496,18980864,12481605281,18276938
2025-05-20 04:17:33,21220,11503202304,2425843712,102.3,7.269102494189291,0,21,1404.99,9.72,0.0,0.0,0.0,2426707968,0,8,4,1,0,sleeping,1271707,2540584,3330629632,18980864,12496994430,18276938
2025-05-20 04:17:34,21220,11503202304,2389749760,140.0,7.160946047337225,0,21,1406.49,9.72,0.0,0.0,0.0,2390384640,0,8,4,1,0,sleeping,1273031,2540584,3339087872,18980864,12511181586,18276938
2025-05-20 04:17:35,21220,11503202304,2384904192,104.5,7.146426179358786,0,21,1407.62,9.73,0.0,0.0,0.0,2385682432,0,8,4,1,0,sleeping,1274179,2540584,3347406848,18980864,12521999676,18276938
2025-05-20 04:17:36,21220,11503202304,2381750272,101.8,7.136975377716016,0,21,1408.77,9.74,0.0,0.0,0.0,2382528512,0,8,4,1,0,sleeping,1275017,2540584,3351085056,18980864,12530394502,18276938
2025-05-20 04:17:37,21220,11503202304,2378600448,100.5,7.127536849841613,0,21,1409.99,9.75,0.0,0.0,0.0,2379378688,0,8,4,1,0,sleeping,1275495,2540584,3352600576,18980864,12535546918,18276938
2025-05-20 04:17:39,21220,11503202304,2378600448,99.8,7.125953533722241,0,21,1411.32,9.75,0.0,0.0,0.0,2379313152,0,8,4,1,0,sleeping,1275819,2540584,3352600576,18980864,12539241931,18276938
2025-05-20 04:17:40,21220,11503202304,2376953856,102.8,7.122602794957985,0,21,1412.82,9.77,0.0,0.0,0.0,2377736192,0,6,3,1,0,sleeping,1276049,2540584,3352600576,18980864,12541181693,18276938
2025-05-20 04:17:41,21220,11503202304,2375376896,107.5,7.1178773941366,0,21,1414.05,9.77,0.0,0.0,0.0,2376159232,0,7,4,1,0,sleeping,1276367,2540584,3352600576,18980864,12544789352,18276938
2025-05-20 04:17:43,21220,11503202304,2370650112,103.5,7.0989880646194266,0,21,1415.16,9.77,0.0,0.0,0.0,2371436544,0,8,4,1,0,sleeping,1277049,2540584,3352600576,18980864,12551065082,18276938
2025-05-20 04:17:44,21220,11503202304,2366603264,106.0,7.091586982293984,0,21,1416.29,9.77,0.0,0.0,0.0,2367270912,0,8,4,1,0,sleeping,1277686,2541975,3352637440,30408704,12558042261,29672010
