Time,PID,Virt,Res,CPU,Memory,TCP Connections,Thread Count,User,System,Children_User,Children_System,IO,uss,swap,processor_num,core_num,cpu_num,cpu_ids,process_status,read_count,write_count,read_bytes,write_bytes,read_chars,write_chars
2025-05-20 02:23:54,16095,2042945536,30154752,0.0,0.0903594827195774,0,11,0.01,0.01,0.0,0.0,0.0,9359360,0,5,4,1,0,sleeping,37,7,0,4096,14804,336
2025-05-20 02:23:55,16095,2042945536,30154752,0.0,0.0903594827195774,0,11,0.01,0.01,0.0,0.0,0.0,9371648,0,7,4,1,0,sleeping,40,10,0,4096,16689,404
2025-05-20 02:23:56,16095,2042945536,30154752,0.0,0.0903594827195774,0,11,0.01,0.01,0.0,0.0,0.0,9383936,0,7,4,1,0,sleeping,45,14,0,8192,20462,502
2025-05-20 02:23:58,16095,2042945536,30154752,0.0,0.0903594827195774,0,11,0.01,0.01,0.0,0.0,0.0,9412608,0,6,4,1,0,sleeping,48,17,0,8192,22353,570
2025-05-20 02:23:59,16095,2042945536,30154752,0.0,0.0903594827195774,0,11,0.01,0.01,0.0,0.0,0.0,9416704,0,6,4,1,0,sleeping,50,19,0,8192,24236,630
2025-05-20 02:24:00,16095,2042945536,30154752,0.0,0.0903594827195774,0,11,0.01,0.01,0.0,0.0,0.0,9424896,0,6,4,1,0,sleeping,53,22,0,8192,26127,698
2025-05-20 02:24:01,16095,2042945536,30154752,0.0,0.0903594827195774,0,11,0.01,0.01,0.0,0.0,0.0,9428992,0,6,4,1,0,sleeping,56,26,0,8192,28018,796
2025-05-20 02:24:02,16095,2042945536,30285824,0.0,0.09075224330732891,0,11,0.01,0.01,0.0,0.0,0.0,9453568,0,6,4,1,0,sleeping,59,29,0,8192,29909,864
2025-05-20 02:24:04,16095,2042945536,30285824,0.0,0.09075224330732891,0,11,0.01,0.01,0.0,0.0,0.0,9465856,0,7,4,1,0,sleeping,65,34,0,8192,33693,970
2025-05-20 02:24:05,16095,2042945536,30285824,0.8,0.09075224330732891,0,11,0.02,0.01,0.0,0.0,0.0,9502720,0,6,4,1,0,sleeping,67,37,0,8192,35580,1060
2025-05-20 02:24:06,16095,2042945536,30285824,0.0,0.09075224330732891,0,11,0.02,0.01,0.0,0.0,0.0,9527296,0,5,4,1,0,sleeping,69,39,0,8192,37467,1120
2025-05-20 02:24:07,16095,2042945536,30285824,0.0,0.09075224330732891,0,11,0.02,0.01,0.0,0.0,0.0,9564160,0,5,4,1,0,sleeping,72,42,0,8192,39365,1188
2025-05-20 02:24:08,16095,2042945536,30416896,0.0,0.09114500389508039,0,11,0.02,0.01,0.0,0.0,0.0,9580544,0,5,4,1,0,sleeping,75,45,0,8192,41263,1256
2025-05-20 02:24:09,16095,2042945536,30416896,0.0,0.09114500389508039,0,11,0.02,0.01,0.0,0.0,0.0,9584640,0,5,4,1,0,sleeping,79,49,0,8192,43169,1332
2025-05-20 02:24:10,16095,2042945536,30416896,0.0,0.09114500389508039,0,11,0.02,0.01,0.0,0.0,0.0,9588736,0,5,4,1,0,sleeping,84,55,0,8192,45083,1446
2025-05-20 02:24:11,16095,2042945536,30416896,0.0,0.09114500389508039,0,11,0.02,0.01,0.0,0.0,0.0,9605120,0,5,4,1,0,sleeping,89,58,0,8192,48871,1514
2025-05-20 02:24:13,16095,2042945536,30416896,0.0,0.09114500389508039,0,11,0.02,0.01,0.0,0.0,0.0,9617408,0,5,4,1,0,sleeping,93,62,0,8192,50777,1590
2025-05-20 02:24:14,16095,2042945536,30416896,0.0,0.09114500389508039,0,11,0.02,0.01,0.0,0.0,0.0,9625600,0,6,4,1,0,sleeping,96,65,0,8192,52690,1658
2025-05-20 02:24:15,16095,2042945536,30416896,0.9,0.09114500389508039,0,11,0.02,0.02,0.0,0.0,0.0,9641984,0,6,4,1,0,sleeping,98,67,0,8192,54593,1718
2025-05-20 02:24:16,16095,2042945536,30416896,0.0,0.09114500389508039,0,11,0.02,0.02,0.0,0.0,0.0,9650176,0,6,4,1,0,sleeping,101,70,0,8192,56503,1786
2025-05-20 02:24:17,16095,2042945536,30416896,0.0,0.09114500389508039,0,11,0.02,0.02,0.0,0.0,0.0,9674752,0,7,4,1,0,sleeping,104,74,0,12288,58414,1884
2025-05-20 02:24:18,16095,2042945536,30416896,0.0,0.09114500389508039,0,11,0.02,0.02,0.0,0.0,0.0,9682944,0,6,4,1,0,sleeping,109,78,0,16384,62228,1982
2025-05-20 02:24:20,16095,2042945536,30416896,0.0,0.09114500389508039,0,11,0.02,0.02,0.0,0.0,0.0,9691136,0,6,4,1,0,sleeping,111,81,0,16384,64132,2072
2025-05-20 02:24:21,16095,2042945536,30416896,0.7,0.09114500389508039,0,11,0.03,0.02,0.0,0.0,0.0,9691136,0,6,4,1,0,sleeping,113,83,0,16384,66036,2132
2025-05-20 02:24:22,16095,2042945536,30416896,0.0,0.09114500389508039,0,11,0.03,0.02,0.0,0.0,0.0,9691136,0,6,4,1,0,sleeping,115,85,0,16384,67940,2192
2025-05-20 02:24:23,16095,2042945536,30547968,0.0,0.0915377644828319,0,11,0.03,0.02,0.0,0.0,0.0,9723904,0,6,4,1,0,sleeping,118,89,0,16384,69852,2290
2025-05-20 02:24:25,16095,2042945536,30547968,0.0,0.0915377644828319,0,11,0.03,0.02,0.0,0.0,0.0,9736192,0,8,4,1,0,sleeping,123,92,0,16384,73668,2358
2025-05-20 02:24:26,16095,2042945536,30547968,0.0,0.0915377644828319,0,11,0.03,0.02,0.0,0.0,0.0,9760768,0,6,4,1,0,sleeping,126,95,0,16384,75580,2426
2025-05-20 02:24:27,16095,2042945536,30547968,0.9,0.0915377644828319,0,11,0.03,0.03,0.0,0.0,0.0,9768960,0,6,4,1,0,sleeping,129,98,0,16384,77492,2494
2025-05-20 02:24:28,16095,2042945536,30547968,0.0,0.0915377644828319,0,11,0.03,0.03,0.0,0.0,0.0,9777152,0,6,4,1,0,sleeping,133,102,0,16384,79412,2570
2025-05-20 02:24:29,16095,2042945536,30547968,0.0,0.0915377644828319,0,11,0.03,0.03,0.0,0.0,0.0,9793536,0,6,4,1,0,sleeping,135,104,0,16384,81316,2630
2025-05-20 02:24:30,16095,2042945536,30547968,0.0,0.0915377644828319,0,11,0.03,0.03,0.0,0.0,0.0,9797632,0,6,4,1,0,sleeping,138,107,0,16384,83228,2698
2025-05-20 02:24:31,16095,2042945536,30547968,0.0,0.0915377644828319,0,11,0.03,0.03,0.0,0.0,0.0,9805824,0,6,4,1,0,sleeping,140,109,0,16384,85132,2758
2025-05-20 02:24:32,16095,2042945536,30547968,0.0,0.0915377644828319,0,11,0.03,0.03,0.0,0.0,0.0,9830400,0,6,4,1,0,sleeping,143,113,0,16384,87044,2856
2025-05-20 02:24:33,16095,2042945536,30547968,0.0,0.0915377644828319,0,11,0.03,0.03,0.0,0.0,0.0,9850880,0,6,4,1,0,sleeping,147,117,0,16384,88963,2932
2025-05-20 02:24:34,16095,2042945536,30547968,0.0,0.0915377644828319,0,11,0.03,0.03,0.0,0.0,0.0,9875456,0,6,4,1,0,sleeping,149,119,0,16384,90866,2992
2025-05-20 02:24:35,16095,2042945536,30547968,0.0,0.0915377644828319,0,11,0.03,0.03,0.0,0.0,0.0,9879552,0,6,4,1,0,sleeping,152,122,0,16384,92778,3060
2025-05-20 02:24:36,16095,2042945536,30547968,0.0,0.0915377644828319,0,11,0.03,0.03,0.0,0.0,0.0,9887744,0,7,4,1,0,sleeping,155,125,0,16384,94690,3128
2025-05-20 02:24:37,16095,2042945536,30547968,0.0,0.0915377644828319,0,11,0.03,0.03,0.0,0.0,0.0,9895936,0,7,4,1,0,sleeping,160,130,0,16384,96618,3212
2025-05-20 02:24:38,16095,2042945536,30679040,0.0,0.09193052507058337,0,11,0.03,0.03,0.0,0.0,0.0,9932800,0,6,4,1,0,sleeping,162,132,0,16384,98522,3272
2025-05-20 02:24:39,16095,2042945536,30679040,0.0,0.09193052507058337,0,11,0.03,0.03,0.0,0.0,0.0,9945088,0,6,4,1,0,sleeping,164,134,0,16384,100426,3332
2025-05-20 02:24:40,16095,2042945536,30679040,0.0,0.09193052507058337,0,11,0.03,0.03,0.0,0.0,0.0,9961472,0,6,4,1,0,sleeping,168,138,0,16384,102346,3408
2025-05-20 02:24:41,16095,2042945536,30679040,0.0,0.09193052507058337,0,11,0.03,0.03,0.0,0.0,0.0,9969664,0,6,4,1,0,sleeping,171,141,0,16384,104258,3476
2025-05-20 02:24:42,16095,2042945536,30679040,0.0,0.09193052507058337,0,11,0.03,0.03,0.0,0.0,0.0,9977856,0,5,4,1,0,sleeping,174,145,0,16384,106170,3574
2025-05-20 02:24:44,16095,2042945536,30679040,0.0,0.09193052507058337,0,11,0.03,0.03,0.0,0.0,0.0,10014720,0,6,4,1,0,sleeping,176,147,0,16384,108073,3634
2025-05-20 02:24:45,16095,2042945536,30679040,0.0,0.09193052507058337,0,11,0.03,0.03,0.0,0.0,0.0,10055680,0,6,4,1,0,sleeping,180,149,0,16384,111880,3694
2025-05-20 02:24:46,16095,2042945536,30679040,0.0,0.09193052507058337,0,11,0.03,0.03,0.0,0.0,0.0,10055680,0,6,4,1,0,sleeping,184,153,0,16384,113800,3770
2025-05-20 02:24:47,16095,2042945536,30810112,0.0,0.09232328565833486,0,11,0.03,0.03,0.0,0.0,0.0,10072064,0,7,4,1,0,sleeping,187,156,0,16384,115712,3838
2025-05-20 02:24:48,16095,2042945536,30810112,0.0,0.09232328565833486,0,11,0.03,0.03,0.0,0.0,0.0,10088448,0,7,4,1,0,sleeping,190,160,0,20480,117623,3936
2025-05-20 02:24:49,16095,2042945536,30810112,0.0,0.09232328565833486,0,11,0.03,0.03,0.0,0.0,0.0,10092544,0,7,4,1,0,sleeping,193,163,0,20480,119538,4004
2025-05-20 02:24:50,16095,2042945536,30810112,0.0,0.09232328565833486,0,11,0.03,0.03,0.0,0.0,0.0,10100736,0,6,4,1,0,sleeping,196,166,0,24576,121450,4072
2025-05-20 02:24:51,16095,2119299072,31334400,0.9,0.09389432800934082,0,12,0.04,0.03,0.0,0.0,0.0,10588160,0,7,4,1,0,sleeping,198,168,0,24576,123354,4132
2025-05-20 02:24:52,16095,2119299072,31334400,0.0,0.09389432800934082,0,12,0.04,0.03,0.0,0.0,0.0,10592256,0,8,4,1,0,sleeping,201,172,0,24576,125266,4230
2025-05-20 02:24:53,16095,2119299072,31334400,0.0,0.09389432800934082,0,12,0.04,0.03,0.0,0.0,0.0,10600448,0,7,4,1,0,sleeping,204,175,0,24576,127178,4298
2025-05-20 02:24:55,16095,2119299072,31334400,0.0,0.09389432800934082,0,12,0.04,0.03,0.0,0.0,0.0,10604544,0,7,4,1,0,sleeping,206,177,0,24576,129082,4358
2025-05-20 02:24:56,16095,2119299072,31334400,0.0,0.09389432800934082,0,12,0.04,0.03,0.0,0.0,0.0,10616832,0,8,4,1,0,sleeping,211,180,0,24576,132898,4426
2025-05-20 02:24:57,16095,2119299072,31334400,0.0,0.09389432800934082,0,12,0.04,0.03,0.0,0.0,0.0,10620928,0,8,4,1,0,sleeping,215,184,0,24576,134818,4502
2025-05-20 02:24:58,16095,2119299072,31334400,0.0,0.09389432800934082,0,12,0.04,0.03,0.0,0.0,0.0,10625024,0,8,4,1,0,sleeping,218,187,0,24576,136730,4570
2025-05-20 02:24:59,16095,2119299072,31334400,0.0,0.09389432800934082,0,12,0.04,0.03,0.0,0.0,0.0,10633216,0,8,4,1,0,sleeping,221,190,0,24576,138642,4638
2025-05-20 02:25:00,16095,2119299072,31334400,0.9,0.09389432800934082,0,12,0.04,0.04,0.0,0.0,0.0,10641408,0,8,4,1,0,sleeping,224,193,0,24576,140553,4706
2025-05-20 02:25:01,16095,2119299072,31334400,0.0,0.09389432800934082,0,12,0.04,0.04,0.0,0.0,0.0,10645504,0,8,4,1,0,sleeping,227,196,0,24576,142464,4774
2025-05-20 02:25:02,16095,2119299072,31334400,0.0,0.09389432800934082,0,12,0.04,0.04,0.0,0.0,0.0,10645504,0,7,4,1,0,sleeping,231,201,0,28672,144384,4880
2025-05-20 02:25:03,16095,2119299072,31465472,0.0,0.09428708859709233,0,12,0.04,0.04,0.0,0.0,0.0,10653696,0,7,4,1,0,sleeping,233,203,0,28672,146288,4940
2025-05-20 02:25:04,16095,2119299072,31465472,0.0,0.09428708859709233,0,12,0.04,0.04,0.0,0.0,0.0,10657792,0,7,4,1,0,sleeping,235,205,0,28672,148191,5000
2025-05-20 02:25:05,16095,2119299072,31465472,0.0,0.09428708859709233,0,12,0.04,0.04,0.0,0.0,0.0,10665984,0,7,4,1,0,sleeping,239,209,0,28672,150110,5076
2025-05-20 02:25:06,16095,2119299072,31465472,0.0,0.09428708859709233,0,12,0.04,0.04,0.0,0.0,0.0,10665984,0,8,4,1,0,sleeping,241,211,0,28672,152014,5136
2025-05-20 02:25:07,16095,2119299072,31465472,0.0,0.09428708859709233,0,12,0.04,0.04,0.0,0.0,0.0,10670080,0,7,4,1,0,sleeping,243,213,0,28672,153918,5196
2025-05-20 02:25:08,16095,2119299072,31465472,0.0,0.09428708859709233,0,12,0.04,0.04,0.0,0.0,0.0,10678272,0,8,4,1,0,sleeping,245,215,0,28672,155822,5256
2025-05-20 02:25:09,16095,2119299072,31465472,0.0,0.09428708859709233,0,12,0.04,0.04,0.0,0.0,0.0,10678272,0,8,4,1,0,sleeping,250,220,0,28672,157750,5340
2025-05-20 02:25:10,16095,2119299072,31465472,0.0,0.09428708859709233,0,12,0.04,0.04,0.0,0.0,0.0,10711040,0,8,4,1,0,sleeping,252,222,0,28672,159654,5400
2025-05-20 02:25:11,16095,2119299072,31465472,0.0,0.09428708859709233,0,12,0.04,0.04,0.0,0.0,0.0,10735616,0,8,4,1,0,sleeping,255,225,0,28672,161566,5468
2025-05-20 02:25:12,16095,2119299072,31465472,0.0,0.09428708859709233,0,12,0.04,0.04,0.0,0.0,0.0,10735616,0,7,4,1,0,sleeping,258,229,0,28672,163478,5566
2025-05-20 02:25:14,16095,2119299072,31465472,0.0,0.09428708859709233,0,12,0.04,0.04,0.0,0.0,0.0,10739712,0,7,4,1,0,sleeping,262,233,0,28672,165398,5642
2025-05-20 02:25:15,16095,2119299072,31465472,0.0,0.09428708859709233,0,12,0.04,0.04,0.0,0.0,0.0,10739712,0,7,4,1,0,sleeping,264,235,0,28672,167302,5702
2025-05-20 02:25:16,16095,2119299072,31465472,0.0,0.09428708859709233,0,12,0.04,0.04,0.0,0.0,0.0,10756096,0,6,4,1,0,sleeping,270,239,0,28672,171126,5778
2025-05-20 02:25:17,16095,2119299072,31465472,0.0,0.09428708859709233,0,12,0.04,0.04,0.0,0.0,0.0,10756096,0,7,4,1,0,sleeping,274,243,0,28672,173046,5854
2025-05-20 02:25:18,16095,2119299072,31465472,0.0,0.09428708859709233,0,12,0.04,0.04,0.0,0.0,0.0,10756096,0,7,4,1,0,sleeping,278,247,0,28672,174966,5930
2025-05-20 02:25:19,16095,2119299072,31465472,0.0,0.09428708859709233,0,12,0.04,0.04,0.0,0.0,0.0,10756096,0,7,4,1,0,sleeping,282,251,0,28672,176886,6006
2025-05-20 02:25:20,16095,2119299072,31465472,0.0,0.09428708859709233,0,12,0.04,0.04,0.0,0.0,0.0,10760192,0,7,4,1,0,sleeping,286,255,0,28672,178806,6082
2025-05-20 02:25:21,16095,2119299072,31465472,0.0,0.09428708859709233,0,12,0.04,0.04,0.0,0.0,0.0,10760192,0,7,4,1,0,sleeping,289,258,0,32768,180717,6150
2025-05-20 02:25:22,16095,2119299072,31465472,0.0,0.09428708859709233,0,12,0.04,0.04,0.0,0.0,0.0,10764288,0,6,4,1,0,sleeping,291,261,0,32768,182620,6240
2025-05-20 02:25:23,16095,2119299072,31465472,0.0,0.09428708859709233,0,12,0.04,0.04,0.0,0.0,0.0,10776576,0,7,4,1,0,sleeping,295,265,0,32768,184540,6316
2025-05-20 02:25:24,16095,2119299072,31465472,0.0,0.09428708859709233,0,12,0.04,0.04,0.0,0.0,0.0,10776576,0,7,4,1,0,sleeping,298,268,0,32768,186452,6384
2025-05-20 02:25:25,16095,2119299072,31465472,0.9,0.09428708859709233,0,12,0.05,0.04,0.0,0.0,0.0,10784768,0,7,4,1,0,sleeping,300,270,0,32768,188356,6444
2025-05-20 02:25:26,16095,2119299072,31465472,0.0,0.09428708859709233,0,12,0.05,0.04,0.0,0.0,0.0,10784768,0,8,4,1,0,sleeping,302,272,0,32768,190260,6504
2025-05-20 02:25:27,16095,2119299072,31465472,0.0,0.09428708859709233,0,12,0.05,0.04,0.0,0.0,0.0,10784768,0,8,4,1,0,sleeping,305,275,0,32768,192172,6572
2025-05-20 02:25:28,16095,2119299072,31465472,0.0,0.09428708859709233,0,12,0.05,0.04,0.0,0.0,0.0,10788864,0,8,4,1,0,sleeping,308,278,0,32768,194083,6640
2025-05-20 02:25:29,16095,2119299072,31465472,0.0,0.09428708859709233,0,12,0.05,0.04,0.0,0.0,0.0,10792960,0,8,4,1,0,sleeping,311,281,0,32768,195994,6708
2025-05-20 02:25:30,16095,2119299072,31465472,0.0,0.09428708859709233,0,12,0.05,0.04,0.0,0.0,0.0,10792960,0,8,4,1,0,sleeping,314,284,0,32768,197906,6776
2025-05-20 02:25:31,16095,2119299072,31596544,0.0,0.0946798491848438,0,12,0.05,0.04,0.0,0.0,0.0,10801152,0,7,4,1,0,sleeping,316,287,0,32768,199810,6866
2025-05-20 02:25:33,16095,2119299072,31596544,0.0,0.0946798491848438,0,12,0.05,0.04,0.0,0.0,0.0,10801152,0,7,4,1,0,sleeping,318,289,0,32768,201714,6926
2025-05-20 02:25:34,16095,2119299072,31596544,0.0,0.0946798491848438,0,12,0.05,0.04,0.0,0.0,0.0,10805248,0,8,4,1,0,sleeping,320,291,0,32768,203618,6986
2025-05-20 02:25:35,16095,2119299072,31596544,0.0,0.0946798491848438,0,12,0.05,0.04,0.0,0.0,0.0,10805248,0,7,4,1,0,sleeping,324,295,0,32768,205539,7062
2025-05-20 02:25:36,16095,2119299072,31596544,0.0,0.0946798491848438,0,12,0.05,0.04,0.0,0.0,0.0,10805248,0,7,4,1,0,sleeping,327,297,0,32768,209352,7122
2025-05-20 02:25:37,16095,2119299072,31596544,0.0,0.0946798491848438,0,12,0.05,0.04,0.0,0.0,0.0,10809344,0,8,4,1,0,sleeping,330,299,0,32768,211259,7182
2025-05-20 02:25:38,16095,2119299072,31596544,0.0,0.0946798491848438,0,12,0.05,0.04,0.0,0.0,0.0,10809344,0,8,4,1,0,sleeping,332,301,0,32768,213166,7242
2025-05-20 02:25:39,16095,2119299072,31596544,0.0,0.0946798491848438,0,12,0.05,0.04,0.0,0.0,0.0,10809344,0,8,4,1,0,sleeping,334,303,0,32768,215073,7302
2025-05-20 02:25:40,16095,2119299072,31596544,0.0,0.0946798491848438,0,12,0.05,0.04,0.0,0.0,0.0,10809344,0,8,4,1,0,sleeping,338,307,0,32768,216995,7378
2025-05-20 02:25:41,16095,2119299072,31596544,0.0,0.0946798491848438,0,12,0.05,0.04,0.0,0.0,0.0,10809344,0,7,4,1,0,sleeping,342,312,0,32768,218918,7484
2025-05-20 02:25:42,16095,2119299072,31596544,0.0,0.0946798491848438,0,12,0.05,0.04,0.0,0.0,0.0,10813440,0,7,4,1,0,sleeping,344,314,0,32768,220826,7544
2025-05-20 02:25:43,16095,2119299072,31596544,0.0,0.0946798491848438,0,12,0.05,0.04,0.0,0.0,0.0,10813440,0,8,4,1,0,sleeping,347,317,0,32768,222742,7612
2025-05-20 02:25:44,16095,2119299072,31596544,0.0,0.0946798491848438,0,12,0.05,0.04,0.0,0.0,0.0,10813440,0,8,4,1,0,sleeping,351,321,0,32768,224666,7688
2025-05-20 02:25:45,16095,2119299072,31596544,1.0,0.0946798491848438,0,12,0.05,0.05,0.0,0.0,0.0,10813440,0,8,4,1,0,sleeping,355,325,0,32768,226590,7764
2025-05-20 02:25:46,16095,2119299072,31596544,0.0,0.0946798491848438,0,12,0.05,0.05,0.0,0.0,0.0,10813440,0,7,4,1,0,sleeping,358,328,0,32768,228506,7832
2025-05-20 02:25:47,16095,2119299072,31596544,0.0,0.0946798491848438,0,12,0.05,0.05,0.0,0.0,0.0,10817536,0,7,4,1,0,sleeping,360,330,0,32768,230414,7892
2025-05-20 02:25:48,16095,2119299072,31596544,0.0,0.0946798491848438,0,12,0.05,0.05,0.0,0.0,0.0,10817536,0,7,4,1,0,sleeping,362,332,0,32768,232322,7952
2025-05-20 02:25:49,16095,2119299072,31596544,0.0,0.0946798491848438,0,12,0.05,0.05,0.0,0.0,0.0,10821632,0,7,4,1,0,sleeping,364,334,0,32768,234230,8012
2025-05-20 02:25:50,16095,2119299072,31596544,0.0,0.0946798491848438,0,12,0.05,0.05,0.0,0.0,0.0,10829824,0,7,4,1,0,sleeping,366,337,0,32768,236138,8102
2025-05-20 02:25:52,16095,2119299072,31596544,0.0,0.0946798491848438,0,12,0.05,0.05,0.0,0.0,0.0,10829824,0,7,4,1,0,sleeping,369,340,0,32768,238054,8170
2025-05-20 02:25:53,16095,2119299072,31596544,0.0,0.0946798491848438,0,12,0.05,0.05,0.0,0.0,0.0,10829824,0,7,4,1,0,sleeping,371,342,0,32768,239962,8230
2025-05-20 02:25:54,16095,2119299072,31596544,0.0,0.0946798491848438,0,12,0.05,0.05,0.0,0.0,0.0,10829824,0,7,4,1,0,sleeping,373,344,0,32768,241870,8290
2025-05-20 02:25:55,16095,2119299072,31596544,0.0,0.0946798491848438,0,12,0.05,0.05,0.0,0.0,0.0,10833920,0,6,4,1,0,sleeping,376,347,0,32768,243786,8358
2025-05-20 02:25:56,16095,2119299072,31596544,0.0,0.0946798491848438,0,12,0.05,0.05,0.0,0.0,0.0,10833920,0,6,4,1,0,sleeping,382,351,0,32768,247618,8434
2025-05-20 02:25:57,16095,2119299072,31596544,0.0,0.0946798491848438,0,12,0.05,0.05,0.0,0.0,0.0,10833920,0,6,4,1,0,sleeping,386,355,0,36864,249542,8510
2025-05-20 02:25:58,16095,2119299072,31596544,0.0,0.0946798491848438,0,12,0.05,0.05,0.0,0.0,0.0,10833920,0,6,4,1,0,sleeping,389,358,0,36864,251457,8578
2025-05-20 02:25:59,16095,2119299072,31596544,0.0,0.0946798491848438,0,12,0.05,0.05,0.0,0.0,0.0,10833920,0,6,4,1,0,sleeping,392,361,0,36864,253372,8646
2025-05-20 02:26:00,16095,2119299072,31596544,0.0,0.0946798491848438,0,12,0.05,0.05,0.0,0.0,0.0,10833920,0,6,4,1,0,sleeping,395,364,0,36864,255288,8714
2025-05-20 02:26:01,16095,2119299072,31596544,0.0,0.0946798491848438,0,12,0.05,0.05,0.0,0.0,0.0,10833920,0,6,4,1,0,sleeping,398,368,0,36864,257204,8812
2025-05-20 02:26:02,16095,2119299072,31596544,0.0,0.0946798491848438,0,12,0.05,0.05,0.0,0.0,0.0,10833920,0,7,4,1,0,sleeping,400,370,0,36864,259112,8872
2025-05-20 02:26:03,16095,2119299072,31596544,0.0,0.0946798491848438,0,12,0.05,0.05,0.0,0.0,0.0,10833920,0,7,4,1,0,sleeping,404,374,0,36864,261036,8948
2025-05-20 02:26:04,16095,2119299072,31596544,0.0,0.0946798491848438,0,12,0.05,0.05,0.0,0.0,0.0,10838016,0,7,4,1,0,sleeping,406,376,0,36864,262944,9008
2025-05-20 02:26:05,16095,2119299072,31596544,0.0,0.0946798491848438,0,12,0.05,0.05,0.0,0.0,0.0,10842112,0,7,4,1,0,sleeping,411,381,0,36864,264876,9092
2025-05-20 02:26:06,16095,2119299072,31596544,0.0,0.0946798491848438,0,12,0.05,0.05,0.0,0.0,0.0,10850304,0,6,4,1,0,sleeping,414,384,0,36864,266792,9160
2025-05-20 02:26:07,16095,2119299072,31596544,0.0,0.0946798491848438,0,12,0.05,0.05,0.0,0.0,0.0,10838016,0,6,4,1,0,sleeping,417,387,0,36864,268712,9228
2025-05-20 02:26:08,16095,2119299072,31596544,1.0,0.0946798491848438,0,12,0.05,0.06,0.0,0.0,0.0,10838016,0,6,4,1,0,sleeping,420,390,0,36864,270631,9296
2025-05-20 02:26:09,16095,2119299072,31596544,0.0,0.0946798491848438,0,12,0.05,0.06,0.0,0.0,0.0,10850304,0,7,4,1,0,sleeping,422,392,0,36864,272542,9356
2025-05-20 02:26:10,16095,2119299072,31596544,0.0,0.0946798491848438,0,12,0.05,0.06,0.0,0.0,0.0,10866688,0,6,4,1,0,sleeping,425,396,0,40960,274462,9454
2025-05-20 02:26:12,16095,2119299072,31596544,0.0,0.0946798491848438,0,12,0.05,0.06,0.0,0.0,0.0,10870784,0,6,4,1,0,sleeping,428,399,0,40960,276381,9522
2025-05-20 02:26:13,16095,2119299072,31596544,0.0,0.0946798491848438,0,12,0.05,0.06,0.0,0.0,0.0,10870784,0,6,4,1,0,sleeping,431,402,0,40960,278300,9590
2025-05-20 02:26:14,16095,2119299072,31596544,0.0,0.0946798491848438,0,12,0.05,0.06,0.0,0.0,0.0,10870784,0,6,4,1,0,sleeping,434,405,0,40960,280220,9658
2025-05-20 02:26:15,16095,2119299072,32120832,0.0,0.09625089153584977,0,12,0.05,0.06,0.0,0.0,0.0,11128832,0,8,4,1,0,sleeping,436,407,0,40960,282132,9718
2025-05-20 02:26:16,16095,2119299072,32251904,0.0,0.09664365212360126,0,12,0.05,0.06,0.0,0.0,0.0,11132928,0,8,4,1,0,sleeping,439,410,0,40960,284052,9786
2025-05-20 02:26:17,16095,2119299072,32251904,0.0,0.09664365212360126,0,12,0.05,0.06,0.0,0.0,0.0,11137024,0,8,4,1,0,sleeping,445,414,0,40960,287892,9862
2025-05-20 02:26:18,16095,2119299072,32251904,0.0,0.09664365212360126,0,12,0.05,0.06,0.0,0.0,0.0,11141120,0,8,4,1,0,sleeping,448,417,0,40960,289812,9930
2025-05-20 02:26:19,16095,2119299072,32251904,0.0,0.09664365212360126,0,12,0.05,0.06,0.0,0.0,0.0,11141120,0,8,4,1,0,sleeping,453,422,0,40960,291748,10014
2025-05-20 02:26:20,16095,2119299072,32251904,0.0,0.09664365212360126,0,12,0.05,0.06,0.0,0.0,0.0,11145216,0,7,4,1,0,sleeping,458,428,0,40960,293684,10128
2025-05-20 02:26:21,16095,2119299072,32251904,1.0,0.09664365212360126,0,12,0.06,0.06,0.0,0.0,0.0,11145216,0,8,4,1,0,sleeping,462,432,0,40960,295611,10204
2025-05-20 02:26:22,16095,2119299072,32251904,0.0,0.09664365212360126,0,12,0.06,0.06,0.0,0.0,0.0,11145216,0,8,4,1,0,sleeping,465,435,0,40960,297525,10272
2025-05-20 02:26:23,16095,2119299072,32251904,0.0,0.09664365212360126,0,12,0.06,0.06,0.0,0.0,0.0,11145216,0,8,4,1,0,sleeping,469,439,0,40960,299448,10348
2025-05-20 02:26:24,16095,2119299072,32251904,0.0,0.09664365212360126,0,12,0.06,0.06,0.0,0.0,0.0,11145216,0,8,4,1,0,sleeping,474,444,0,40960,301380,10432
2025-05-20 02:26:25,16095,2119299072,32251904,0.0,0.09664365212360126,0,12,0.06,0.06,0.0,0.0,0.0,11145216,0,8,4,1,0,sleeping,477,447,0,40960,303296,10500
2025-05-20 02:26:26,16095,2119299072,32251904,0.0,0.09664365212360126,0,12,0.06,0.06,0.0,0.0,0.0,11157504,0,7,4,1,0,sleeping,479,449,0,40960,305204,10560
2025-05-20 02:26:27,16095,2119299072,32251904,0.0,0.09664365212360126,0,12,0.06,0.06,0.0,0.0,0.0,11161600,0,7,4,1,0,sleeping,481,451,0,45056,307112,10620
2025-05-20 02:26:28,16095,2119299072,32251904,0.0,0.09664365212360126,0,12,0.06,0.06,0.0,0.0,0.0,11161600,0,8,4,1,0,sleeping,483,453,0,45056,309020,10680
2025-05-20 02:26:29,16095,2119299072,32251904,0.0,0.09664365212360126,0,12,0.06,0.06,0.0,0.0,0.0,11161600,0,8,4,1,0,sleeping,487,458,0,45056,310943,10786
2025-05-20 02:26:30,16095,2119299072,32251904,0.0,0.09664365212360126,0,12,0.06,0.06,0.0,0.0,0.0,11177984,0,8,4,1,0,sleeping,489,460,0,45056,312850,10846
2025-05-20 02:26:32,16095,2119299072,32251904,0.0,0.09664365212360126,0,12,0.06,0.06,0.0,0.0,0.0,11182080,0,8,4,1,0,sleeping,491,462,0,45056,314758,10906
2025-05-20 02:26:33,16095,2119299072,32251904,0.0,0.09664365212360126,0,12,0.06,0.06,0.0,0.0,0.0,11190272,0,8,4,1,0,sleeping,494,465,0,45056,316678,10974
2025-05-20 02:26:34,16095,2119299072,32251904,0.0,0.09664365212360126,0,12,0.06,0.06,0.0,0.0,0.0,11194368,0,8,4,1,0,sleeping,496,467,0,45056,318590,11034
2025-05-20 02:26:35,16095,2119299072,32251904,1.0,0.09664365212360126,0,12,0.06,0.07,0.0,0.0,0.0,11194368,0,8,4,1,0,sleeping,499,470,0,45056,320509,11102
2025-05-20 02:26:36,16095,2119299072,32251904,0.0,0.09664365212360126,0,12,0.06,0.07,0.0,0.0,0.0,11194368,0,8,4,1,0,sleeping,502,473,0,45056,322428,11170
2025-05-20 02:26:37,16095,2119299072,32251904,0.0,0.09664365212360126,0,12,0.06,0.07,0.0,0.0,0.0,11206656,0,7,4,1,0,sleeping,507,476,0,45056,326260,11238
2025-05-20 02:26:38,16095,2119299072,32251904,0.0,0.09664365212360126,0,12,0.06,0.07,0.0,0.0,0.0,11206656,0,7,4,1,0,sleeping,510,479,0,45056,328180,11306
2025-05-20 02:26:39,16095,2119299072,32251904,0.0,0.09664365212360126,0,12,0.06,0.07,0.0,0.0,0.0,11206656,0,7,4,1,0,sleeping,512,481,0,45056,330092,11366
2025-05-20 02:26:40,16095,2119299072,32251904,0.0,0.09664365212360126,0,12,0.06,0.07,0.0,0.0,0.0,11210752,0,7,4,1,0,sleeping,516,486,0,45056,332020,11472
2025-05-20 02:26:41,16095,2119299072,32251904,0.0,0.09664365212360126,0,12,0.06,0.07,0.0,0.0,0.0,11223040,0,7,4,1,0,sleeping,519,489,0,45056,333940,11540
2025-05-20 02:26:42,16095,2119299072,32251904,0.0,0.09664365212360126,0,12,0.06,0.07,0.0,0.0,0.0,11243520,0,7,4,1,0,sleeping,522,492,0,45056,335860,11608
2025-05-20 02:26:43,16095,2119299072,32251904,0.0,0.09664365212360126,0,12,0.06,0.07,0.0,0.0,0.0,11247616,0,7,4,1,0,sleeping,525,495,0,45056,337780,11676
2025-05-20 02:26:44,16095,2119299072,32251904,0.0,0.09664365212360126,0,12,0.06,0.07,0.0,0.0,0.0,11259904,0,7,4,1,0,sleeping,527,497,0,45056,339692,11736
2025-05-20 02:26:45,16095,2119299072,32251904,0.0,0.09664365212360126,0,12,0.06,0.07,0.0,0.0,0.0,11264000,0,7,4,1,0,sleeping,530,500,0,45056,341612,11804
2025-05-20 02:26:46,16095,2119299072,32251904,0.0,0.09664365212360126,0,12,0.06,0.07,0.0,0.0,0.0,11292672,0,7,4,1,0,sleeping,533,503,0,45056,343532,11872
2025-05-20 02:26:47,16095,2119299072,32251904,0.0,0.09664365212360126,0,12,0.06,0.07,0.0,0.0,0.0,11292672,0,7,4,1,0,sleeping,535,505,0,45056,345444,11932
2025-05-20 02:26:48,16095,2119299072,32251904,0.0,0.09664365212360126,0,12,0.06,0.07,0.0,0.0,0.0,11292672,0,7,4,1,0,sleeping,539,509,0,45056,347372,12008
2025-05-20 02:26:49,16095,2119299072,32251904,0.0,0.09664365212360126,0,12,0.06,0.07,0.0,0.0,0.0,11292672,0,7,4,1,0,sleeping,541,512,0,45056,349284,12098
2025-05-20 02:26:51,16095,2119299072,32251904,0.0,0.09664365212360126,0,12,0.06,0.07,0.0,0.0,0.0,11292672,0,7,4,1,0,sleeping,543,514,0,45056,351196,12158
2025-05-20 02:26:52,16095,2119299072,32251904,0.0,0.09664365212360126,0,12,0.06,0.07,0.0,0.0,0.0,11292672,0,7,4,1,0,sleeping,546,517,0,45056,353115,12226
2025-05-20 02:26:53,16095,2119299072,32251904,0.0,0.09664365212360126,0,12,0.06,0.07,0.0,0.0,0.0,11292672,0,7,4,1,0,sleeping,549,520,0,45056,355034,12294
2025-05-20 02:26:54,16095,2119299072,32251904,0.0,0.09664365212360126,0,12,0.06,0.07,0.0,0.0,0.0,11300864,0,7,4,1,0,sleeping,552,523,0,45056,356950,12362
2025-05-20 02:26:55,16095,2119299072,32251904,0.0,0.09664365212360126,0,12,0.06,0.07,0.0,0.0,0.0,11309056,0,7,4,1,0,sleeping,554,525,0,45056,358858,12422
2025-05-20 02:26:56,16095,2119299072,32251904,0.0,0.09664365212360126,0,12,0.06,0.07,0.0,0.0,0.0,11341824,0,7,4,1,0,sleeping,556,527,0,45056,360765,12482
2025-05-20 02:26:57,16095,2119299072,32251904,0.9,0.09664365212360126,0,12,0.07,0.07,0.0,0.0,0.0,11350016,0,7,4,1,0,sleeping,562,531,0,45056,364596,12558
2025-05-20 02:26:58,16095,2119299072,32251904,0.0,0.09664365212360126,0,12,0.07,0.07,0.0,0.0,0.0,11382784,0,7,4,1,0,sleeping,564,533,0,49152,366504,12618
2025-05-20 02:26:59,16095,2119299072,32251904,0.0,0.09664365212360126,0,12,0.07,0.07,0.0,0.0,0.0,11399168,0,7,4,1,0,sleeping,569,539,0,49152,368435,12732
2025-05-20 02:27:00,16095,2119299072,32251904,0.0,0.09664365212360126,0,12,0.07,0.07,0.0,0.0,0.0,11399168,0,7,4,1,0,sleeping,571,541,0,49152,370342,12792
2025-05-20 02:27:01,16095,2119299072,32251904,0.0,0.09664365212360126,0,12,0.07,0.07,0.0,0.0,0.0,11399168,0,7,4,1,0,sleeping,574,544,0,49152,372258,12860
2025-05-20 02:27:02,16095,2119299072,32251904,0.0,0.09664365212360126,0,12,0.07,0.07,0.0,0.0,0.0,11399168,0,7,4,1,0,sleeping,578,548,0,49152,374182,12936
2025-05-20 02:27:03,16095,2119299072,32251904,0.0,0.09664365212360126,0,12,0.07,0.07,0.0,0.0,0.0,11407360,0,7,4,1,0,sleeping,581,551,0,49152,376097,13004
2025-05-20 02:27:04,16095,2119299072,32251904,0.0,0.09664365212360126,0,12,0.07,0.07,0.0,0.0,0.0,11407360,0,7,4,1,0,sleeping,585,555,0,49152,378020,13080
2025-05-20 02:27:05,16095,2119299072,32251904,0.0,0.09664365212360126,0,12,0.07,0.07,0.0,0.0,0.0,11407360,0,7,4,1,0,sleeping,587,557,0,49152,379928,13140
2025-05-20 02:27:06,16095,2119299072,32251904,0.0,0.09664365212360126,0,12,0.07,0.07,0.0,0.0,0.0,11407360,0,7,4,1,0,sleeping,589,559,0,49152,381836,13200
2025-05-20 02:27:07,16095,2119299072,32251904,0.0,0.09664365212360126,0,12,0.07,0.07,0.0,0.0,0.0,11427840,0,7,4,1,0,sleeping,592,562,0,49152,383751,13268
2025-05-20 02:27:08,16095,2119299072,32251904,0.0,0.09664365212360126,0,12,0.07,0.07,0.0,0.0,0.0,11431936,0,7,4,1,0,sleeping,595,565,0,49152,385666,13336
2025-05-20 02:27:09,16095,2119299072,32251904,0.0,0.09664365212360126,0,12,0.07,0.07,0.0,0.0,0.0,11448320,0,7,4,1,0,sleeping,598,569,0,49152,387580,13434
2025-05-20 02:27:11,16095,2119299072,32251904,0.0,0.09664365212360126,0,12,0.07,0.07,0.0,0.0,0.0,11456512,0,7,4,1,0,sleeping,600,571,0,49152,389486,13494
2025-05-20 02:27:12,16095,2119299072,32251904,0.0,0.09664365212360126,0,12,0.07,0.07,0.0,0.0,0.0,11476992,0,7,4,1,0,sleeping,603,574,0,49152,391402,13562
2025-05-20 02:27:13,16095,2119299072,32382976,0.0,0.09703641271135276,0,12,0.07,0.07,0.0,0.0,0.0,11489280,0,7,4,1,0,sleeping,605,576,0,49152,393310,13622
2025-05-20 02:27:14,16095,2119299072,32514048,0.0,0.09742917329910425,0,12,0.07,0.07,0.0,0.0,0.0,11522048,0,7,4,1,0,sleeping,607,578,0,49152,395218,13682
2025-05-20 02:27:15,16095,2119299072,32645120,0.0,0.09782193388685574,0,12,0.07,0.07,0.0,0.0,0.0,11530240,0,7,4,1,0,sleeping,610,581,0,49152,397134,13750
2025-05-20 02:27:16,16095,2119299072,32645120,0.0,0.09782193388685574,0,12,0.07,0.07,0.0,0.0,0.0,11542528,0,7,4,1,0,sleeping,613,584,0,49152,399049,13818
2025-05-20 02:27:17,16095,2119299072,32645120,0.0,0.09782193388685574,0,12,0.07,0.07,0.0,0.0,0.0,11550720,0,7,4,1,0,sleeping,618,587,0,49152,402870,13886
2025-05-20 02:27:18,16095,2119299072,32645120,0.0,0.09782193388685574,0,12,0.07,0.07,0.0,0.0,0.0,11554816,0,7,4,1,0,sleeping,622,591,0,49152,404794,13962
2025-05-20 02:27:19,16095,2119299072,32645120,0.0,0.09782193388685574,0,12,0.07,0.07,0.0,0.0,0.0,11558912,0,7,4,1,0,sleeping,625,595,0,53248,406710,14060
2025-05-20 02:27:20,16095,2119299072,32645120,0.0,0.09782193388685574,0,12,0.07,0.07,0.0,0.0,0.0,11558912,0,7,4,1,0,sleeping,628,598,0,53248,408626,14128
2025-05-20 02:27:21,16095,2119299072,32645120,0.9,0.09782193388685574,0,12,0.08,0.07,0.0,0.0,0.0,11558912,0,7,4,1,0,sleeping,632,602,0,53248,410550,14204
2025-05-20 02:27:22,16095,2119299072,32645120,0.0,0.09782193388685574,0,12,0.08,0.07,0.0,0.0,0.0,11558912,0,7,4,1,0,sleeping,635,605,0,53248,412466,14272
2025-05-20 02:27:23,16095,2119299072,32645120,0.0,0.09782193388685574,0,12,0.08,0.07,0.0,0.0,0.0,11558912,0,7,4,1,0,sleeping,638,608,0,53248,414382,14340
2025-05-20 02:27:24,16095,2119299072,32645120,0.0,0.09782193388685574,0,12,0.08,0.07,0.0,0.0,0.0,11558912,0,7,4,1,0,sleeping,640,610,0,53248,416290,14400
2025-05-20 02:27:25,16095,2119299072,32645120,0.0,0.09782193388685574,0,12,0.08,0.07,0.0,0.0,0.0,11558912,0,7,4,1,0,sleeping,643,613,0,53248,418206,14468
2025-05-20 02:27:26,16095,2119299072,32645120,0.0,0.09782193388685574,0,12,0.08,0.07,0.0,0.0,0.0,11567104,0,7,4,1,0,sleeping,646,616,0,53248,420122,14536
2025-05-20 02:27:27,16095,2119299072,32645120,0.0,0.09782193388685574,0,12,0.08,0.07,0.0,0.0,0.0,11567104,0,7,4,1,0,sleeping,648,618,0,53248,422034,14596
2025-05-20 02:27:28,16095,2119299072,32645120,0.0,0.09782193388685574,0,12,0.08,0.07,0.0,0.0,0.0,11567104,0,7,4,1,0,sleeping,650,621,0,57344,423946,14686
2025-05-20 02:27:30,16095,2119299072,32645120,0.0,0.09782193388685574,0,12,0.08,0.07,0.0,0.0,0.0,11567104,0,7,4,1,0,sleeping,652,623,0,57344,425858,14746
2025-05-20 02:27:31,16095,2119299072,32645120,0.0,0.09782193388685574,0,12,0.08,0.07,0.0,0.0,0.0,11567104,0,7,4,1,0,sleeping,655,626,0,57344,427778,14814
2025-05-20 02:27:32,16095,2119299072,32645120,0.0,0.09782193388685574,0,12,0.08,0.07,0.0,0.0,0.0,11567104,0,7,4,1,0,sleeping,657,628,0,57344,429690,14874
2025-05-20 02:27:33,16095,2119299072,32645120,0.0,0.09782193388685574,0,12,0.08,0.07,0.0,0.0,0.0,11567104,0,7,4,1,0,sleeping,659,630,0,57344,431602,14934
2025-05-20 02:27:34,16095,2119299072,32645120,0.0,0.09782193388685574,0,12,0.08,0.07,0.0,0.0,0.0,11567104,0,7,4,1,0,sleeping,663,634,0,57344,433530,15010
2025-05-20 02:27:35,16095,2119299072,32645120,0.0,0.09782193388685574,0,12,0.08,0.07,0.0,0.0,0.0,11567104,0,7,4,1,0,sleeping,666,637,0,57344,435450,15078
2025-05-20 02:27:36,16095,2195062784,32460800,0.0,0.09726961431033021,0,13,0.08,0.07,0.0,0.0,0.0,11358208,0,8,4,1,0,sleeping,668,639,0,57344,437362,15138
2025-05-20 02:27:37,16095,2195062784,32460800,0.0,0.09726961431033021,0,13,0.08,0.07,0.0,0.0,0.0,11358208,0,8,4,1,0,sleeping,673,642,0,57344,441194,15206
2025-05-20 02:27:38,16095,2195062784,32460800,0.0,0.09726961431033021,0,13,0.08,0.07,0.0,0.0,0.0,11358208,0,8,4,1,0,sleeping,676,646,0,57344,443114,15304
2025-05-20 02:27:39,16095,2195062784,32460800,0.9,0.09726961431033021,0,13,0.09,0.07,0.0,0.0,0.0,11358208,0,8,4,1,0,sleeping,679,649,0,57344,445034,15372
2025-05-20 02:27:40,16095,2195062784,32460800,0.0,0.09726961431033021,0,13,0.09,0.07,0.0,0.0,0.0,11358208,0,8,4,1,0,sleeping,682,652,0,57344,446954,15440
2025-05-20 02:27:41,16095,2195062784,32460800,0.0,0.09726961431033021,0,13,0.09,0.07,0.0,0.0,0.0,11358208,0,8,4,1,0,sleeping,685,655,0,57344,448874,15508
2025-05-20 02:27:42,16095,2195062784,32460800,0.0,0.09726961431033021,0,13,0.09,0.07,0.0,0.0,0.0,11358208,0,8,4,1,0,sleeping,688,658,0,57344,450794,15576
2025-05-20 02:27:43,16095,2195062784,32460800,0.0,0.09726961431033021,0,13,0.09,0.07,0.0,0.0,0.0,11358208,0,8,4,1,0,sleeping,693,663,0,57344,452730,15660
2025-05-20 02:27:44,16095,2195062784,32460800,0.0,0.09726961431033021,0,13,0.09,0.07,0.0,0.0,0.0,11358208,0,8,4,1,0,sleeping,695,665,0,57344,454642,15720
2025-05-20 02:27:45,16095,2195062784,32460800,0.0,0.09726961431033021,0,13,0.09,0.07,0.0,0.0,0.0,11358208,0,8,4,1,0,sleeping,698,668,0,57344,456562,15788
2025-05-20 02:27:46,16095,2195062784,32460800,0.0,0.09726961431033021,0,13,0.09,0.07,0.0,0.0,0.0,11358208,0,8,4,1,0,sleeping,701,672,0,57344,458482,15886
2025-05-20 02:27:47,16095,2195062784,32460800,0.0,0.09726961431033021,0,13,0.09,0.07,0.0,0.0,0.0,11358208,0,8,4,1,0,sleeping,704,675,0,57344,460402,15954
2025-05-20 02:27:49,16095,2195062784,32460800,0.0,0.09726961431033021,0,13,0.09,0.07,0.0,0.0,0.0,11358208,0,8,4,1,0,sleeping,707,678,0,57344,462322,16022
2025-05-20 02:27:50,16095,2195062784,32460800,0.0,0.09726961431033021,0,13,0.09,0.07,0.0,0.0,0.0,11358208,0,8,4,1,0,sleeping,709,680,0,57344,464234,16082
2025-05-20 02:27:51,16095,2195062784,32460800,0.0,0.09726961431033021,0,13,0.09,0.07,0.0,0.0,0.0,11358208,0,8,4,1,0,sleeping,711,682,0,57344,466146,16142
2025-05-20 02:27:52,16095,2195062784,32460800,0.0,0.09726961431033021,0,13,0.09,0.07,0.0,0.0,0.0,11358208,0,8,4,1,0,sleeping,714,685,0,57344,468066,16210
2025-05-20 02:27:53,16095,2195062784,32460800,0.0,0.09726961431033021,0,13,0.09,0.07,0.0,0.0,0.0,11358208,0,8,4,1,0,sleeping,717,688,0,57344,469986,16278
2025-05-20 02:27:54,16095,2195062784,32460800,0.0,0.09726961431033021,0,13,0.09,0.07,0.0,0.0,0.0,11358208,0,8,4,1,0,sleeping,720,691,0,57344,471906,16346
2025-05-20 02:27:55,16095,2195062784,32460800,0.0,0.09726961431033021,0,13,0.09,0.07,0.0,0.0,0.0,11358208,0,8,4,1,0,sleeping,723,694,0,57344,473826,16414
2025-05-20 02:27:56,16095,2195062784,32460800,0.0,0.09726961431033021,0,13,0.09,0.07,0.0,0.0,0.0,11358208,0,8,4,1,0,sleeping,727,698,0,57344,475754,16490
2025-05-20 02:27:57,16095,2195062784,32460800,0.0,0.09726961431033021,0,13,0.09,0.07,0.0,0.0,0.0,11358208,0,7,4,1,0,sleeping,732,702,0,57344,479586,16588
2025-05-20 02:27:58,16095,2195062784,32460800,0.0,0.09726961431033021,0,13,0.09,0.07,0.0,0.0,0.0,11358208,0,7,4,1,0,sleeping,735,705,0,57344,481502,16656
2025-05-20 02:27:59,16095,2195062784,32460800,0.0,0.09726961431033021,0,13,0.09,0.07,0.0,0.0,0.0,11358208,0,7,4,1,0,sleeping,738,708,0,57344,483418,16724
2025-05-20 02:28:00,16095,2195062784,32460800,0.0,0.09726961431033021,0,13,0.09,0.07,0.0,0.0,0.0,11358208,0,7,4,1,0,sleeping,742,712,0,57344,485342,16800
2025-05-20 02:28:01,16095,2195062784,32460800,0.0,0.09726961431033021,0,13,0.09,0.07,0.0,0.0,0.0,11358208,0,7,4,1,0,sleeping,744,714,0,57344,487250,16860
2025-05-20 02:28:02,16095,2195062784,32460800,0.0,0.09726961431033021,0,13,0.09,0.07,0.0,0.0,0.0,11358208,0,7,4,1,0,sleeping,747,717,0,57344,489165,16928
2025-05-20 02:28:03,16095,2195062784,32460800,0.0,0.09726961431033021,0,13,0.09,0.07,0.0,0.0,0.0,11358208,0,7,4,1,0,sleeping,749,719,0,61440,491072,16988
2025-05-20 02:28:04,16095,2195062784,32460800,0.0,0.09726961431033021,0,13,0.09,0.07,0.0,0.0,0.0,11358208,0,7,4,1,0,sleeping,751,721,0,61440,492980,17048
2025-05-20 02:28:05,16095,2195062784,32460800,0.0,0.09726961431033021,0,13,0.09,0.07,0.0,0.0,0.0,11358208,0,7,4,1,0,sleeping,753,723,0,61440,494888,17108
2025-05-20 02:28:06,16095,2195062784,32460800,0.0,0.09726961431033021,0,13,0.09,0.07,0.0,0.0,0.0,11358208,0,7,4,1,0,sleeping,756,727,0,61440,496804,17206
2025-05-20 02:28:08,16095,2195062784,32460800,0.0,0.09726961431033021,0,13,0.09,0.07,0.0,0.0,0.0,11358208,0,7,4,1,0,sleeping,759,730,0,61440,498720,17274
2025-05-20 02:28:09,16095,2195062784,32460800,1.9,0.09726961431033021,0,13,0.1,0.08,0.0,0.0,0.0,11358208,0,7,4,1,0,sleeping,761,732,0,61440,500628,17334
2025-05-20 02:28:10,16095,2195062784,32460800,0.0,0.09726961431033021,0,13,0.1,0.08,0.0,0.0,0.0,11358208,0,7,4,1,0,sleeping,764,735,0,61440,502544,17402
2025-05-20 02:28:11,16095,2195062784,32460800,0.0,0.09726961431033021,0,13,0.1,0.08,0.0,0.0,0.0,11358208,0,7,4,1,0,sleeping,766,737,0,61440,504452,17462
2025-05-20 02:28:12,16095,2195062784,32460800,0.0,0.09726961431033021,0,13,0.1,0.08,0.0,0.0,0.0,11358208,0,7,4,1,0,sleeping,769,740,0,61440,506368,17530
2025-05-20 02:28:13,16095,2195062784,32460800,0.0,0.09726961431033021,0,13,0.1,0.08,0.0,0.0,0.0,11358208,0,7,4,1,0,sleeping,771,742,0,61440,508275,17590
2025-05-20 02:28:14,16095,2195062784,32460800,0.0,0.09726961431033021,0,13,0.1,0.08,0.0,0.0,0.0,11358208,0,7,4,1,0,sleeping,774,745,0,61440,510190,17658
2025-05-20 02:28:15,16095,2195062784,32460800,0.0,0.09726961431033021,0,13,0.1,0.08,0.0,0.0,0.0,11358208,0,7,4,1,0,sleeping,777,748,0,61440,512106,17726
2025-05-20 02:28:16,16095,2195062784,32460800,0.0,0.09726961431033021,0,13,0.1,0.08,0.0,0.0,0.0,11358208,0,7,4,1,0,sleeping,781,753,0,61440,514030,17832
2025-05-20 02:28:17,16095,2195062784,32460800,0.0,0.09726961431033021,0,13,0.1,0.08,0.0,0.0,0.0,11358208,0,7,4,1,0,sleeping,787,757,0,61440,517862,17908
2025-05-20 02:28:18,16095,2195062784,32460800,0.0,0.09726961431033021,0,13,0.1,0.08,0.0,0.0,0.0,11358208,0,7,4,1,0,sleeping,790,760,0,61440,519778,17976
2025-05-20 02:28:19,16095,2195062784,32460800,0.0,0.09726961431033021,0,13,0.1,0.08,0.0,0.0,0.0,11358208,0,7,4,1,0,sleeping,793,763,0,61440,521694,18044
2025-05-20 02:28:20,16095,2195062784,32460800,0.0,0.09726961431033021,0,13,0.1,0.08,0.0,0.0,0.0,11358208,0,7,4,1,0,sleeping,796,766,0,61440,523610,18112
2025-05-20 02:28:21,16095,2195062784,32460800,0.0,0.09726961431033021,0,13,0.1,0.08,0.0,0.0,0.0,11358208,0,7,4,1,0,sleeping,800,770,0,61440,525534,18188
2025-05-20 02:28:22,16095,2195062784,32460800,0.0,0.09726961431033021,0,13,0.1,0.08,0.0,0.0,0.0,11358208,0,7,4,1,0,sleeping,803,773,0,61440,527450,18256
2025-05-20 02:28:23,16095,2195062784,32460800,0.0,0.09726961431033021,0,13,0.1,0.08,0.0,0.0,0.0,11358208,0,7,4,1,0,sleeping,805,775,0,61440,529358,18316
2025-05-20 02:28:24,16095,2195062784,32460800,0.0,0.09726961431033021,0,13,0.1,0.08,0.0,0.0,0.0,11358208,0,7,4,1,0,sleeping,808,778,0,61440,531274,18384
2025-05-20 02:28:25,16095,2195062784,32460800,0.0,0.09726961431033021,0,13,0.1,0.08,0.0,0.0,0.0,11358208,0,7,4,1,0,sleeping,811,782,0,61440,533190,18482
2025-05-20 02:28:27,16095,2195062784,32460800,0.0,0.09726961431033021,0,13,0.1,0.08,0.0,0.0,0.0,11358208,0,7,4,1,0,sleeping,814,785,0,61440,535106,18550
2025-05-20 02:28:28,16095,2195062784,32460800,0.0,0.09726961431033021,0,13,0.1,0.08,0.0,0.0,0.0,11358208,0,7,4,1,0,sleeping,818,789,0,65536,537030,18626
2025-05-20 02:28:29,16095,2195062784,32460800,0.0,0.09726961431033021,0,13,0.1,0.08,0.0,0.0,0.0,11358208,0,7,4,1,0,sleeping,821,792,0,65536,538946,18694
2025-05-20 02:28:30,16095,2195062784,32460800,0.0,0.09726961431033021,0,13,0.1,0.08,0.0,0.0,0.0,11358208,0,7,4,1,0,sleeping,823,794,0,65536,540854,18754
2025-05-20 02:28:31,16095,2195062784,32460800,0.0,0.09726961431033021,0,13,0.1,0.08,0.0,0.0,0.0,11358208,0,7,4,1,0,sleeping,826,797,0,65536,542770,18822
2025-05-20 02:28:32,16095,2195062784,32460800,0.0,0.09726961431033021,0,13,0.1,0.08,0.0,0.0,0.0,11358208,0,7,4,1,0,sleeping,830,801,0,65536,544694,18898
2025-05-20 02:28:33,16095,2195062784,32460800,0.0,0.09726961431033021,0,13,0.1,0.08,0.0,0.0,0.0,11358208,0,7,4,1,0,sleeping,832,803,0,65536,546602,18958
2025-05-20 02:28:34,16095,2195062784,32460800,0.0,0.09726961431033021,0,13,0.1,0.08,0.0,0.0,0.0,11358208,0,8,4,1,0,sleeping,835,806,0,65536,548518,19026
2025-05-20 02:28:35,16095,2195062784,32460800,0.9,0.09726961431033021,0,13,0.11,0.08,0.0,0.0,0.0,11358208,0,8,4,1,0,sleeping,838,810,0,65536,550434,19124
2025-05-20 02:28:36,16095,2195062784,32460800,0.0,0.09726961431033021,0,13,0.11,0.08,0.0,0.0,0.0,11358208,0,8,4,1,0,sleeping,843,813,0,65536,554258,19192
2025-05-20 02:28:37,16095,2195062784,32460800,0.0,0.09726961431033021,0,13,0.11,0.08,0.0,0.0,0.0,11358208,0,8,4,1,0,sleeping,846,816,0,65536,556174,19260
2025-05-20 02:28:38,16095,2195062784,32460800,0.0,0.09726961431033021,0,13,0.11,0.08,0.0,0.0,0.0,11358208,0,8,4,1,0,sleeping,850,820,0,65536,558098,19336
2025-05-20 02:28:39,16095,2195062784,32460800,0.0,0.09726961431033021,0,13,0.11,0.08,0.0,0.0,0.0,11358208,0,7,4,1,0,sleeping,854,824,0,65536,560022,19412
2025-05-20 02:28:40,16095,2195062784,32460800,0.0,0.09726961431033021,0,13,0.11,0.08,0.0,0.0,0.0,11358208,0,7,4,1,0,sleeping,857,827,0,69632,561938,19480
2025-05-20 02:28:41,16095,2195062784,32460800,0.0,0.09726961431033021,0,13,0.11,0.08,0.0,0.0,0.0,11362304,0,7,4,1,0,sleeping,860,830,0,69632,563854,19548
2025-05-20 02:28:42,16095,2195062784,32460800,0.0,0.09726961431033021,0,13,0.11,0.08,0.0,0.0,0.0,11362304,0,8,4,1,0,sleeping,862,832,0,69632,565762,19608
2025-05-20 02:28:43,16095,2195062784,32460800,0.0,0.09726961431033021,0,13,0.11,0.08,0.0,0.0,0.0,11362304,0,8,4,1,0,sleeping,866,836,0,69632,567685,19684
2025-05-20 02:28:44,16095,2195062784,32460800,0.0,0.09726961431033021,0,13,0.11,0.08,0.0,0.0,0.0,11366400,0,8,4,1,0,sleeping,869,840,0,69632,569600,19782
2025-05-20 02:28:46,16095,2195062784,32460800,0.0,0.09726961431033021,0,13,0.11,0.08,0.0,0.0,0.0,11370496,0,8,4,1,0,sleeping,871,842,0,69632,571508,19842
2025-05-20 02:28:47,16095,2195062784,32460800,0.0,0.09726961431033021,0,13,0.11,0.08,0.0,0.0,0.0,11370496,0,8,4,1,0,sleeping,874,845,0,69632,573424,19910
2025-05-20 02:28:48,16095,2195062784,32460800,0.0,0.09726961431033021,0,13,0.11,0.08,0.0,0.0,0.0,11370496,0,8,4,1,0,sleeping,877,848,0,69632,575340,19978
2025-05-20 02:28:49,16095,2195062784,32460800,0.0,0.09726961431033021,0,13,0.11,0.08,0.0,0.0,0.0,11370496,0,8,4,1,0,sleeping,880,851,0,69632,577256,20046
2025-05-20 02:28:50,16095,2195062784,32591872,0.0,0.09766237489808169,0,13,0.11,0.08,0.0,0.0,0.0,11550720,0,8,4,1,0,sleeping,885,856,0,69632,579187,20130
2025-05-20 02:28:51,16095,2195062784,32591872,0.0,0.09766237489808169,0,13,0.11,0.08,0.0,0.0,0.0,11550720,0,8,4,1,0,sleeping,887,858,0,69632,581094,20190
2025-05-20 02:28:52,16095,2195062784,32591872,0.0,0.09766237489808169,0,13,0.11,0.08,0.0,0.0,0.0,11550720,0,8,4,1,0,sleeping,890,861,0,69632,583010,20258
2025-05-20 02:28:53,16095,2195062784,32591872,0.0,0.09766237489808169,0,13,0.11,0.08,0.0,0.0,0.0,11550720,0,8,4,1,0,sleeping,893,865,0,69632,584926,20356
2025-05-20 02:28:54,16095,2195062784,32591872,0.0,0.09766237489808169,0,13,0.11,0.08,0.0,0.0,0.0,11550720,0,8,4,1,0,sleeping,895,867,0,69632,586834,20416
2025-05-20 02:28:55,16095,2195062784,32591872,0.0,0.09766237489808169,0,13,0.11,0.08,0.0,0.0,0.0,11550720,0,8,4,1,0,sleeping,900,870,0,69632,590658,20484
2025-05-20 02:28:56,16095,2195062784,32591872,0.0,0.09766237489808169,0,13,0.11,0.08,0.0,0.0,0.0,11550720,0,8,4,1,0,sleeping,903,873,0,69632,592574,20552
2025-05-20 02:28:57,16095,2195062784,32591872,0.0,0.09766237489808169,0,13,0.11,0.08,0.0,0.0,0.0,11550720,0,8,4,1,0,sleeping,906,876,0,69632,594490,20620
2025-05-20 02:28:58,16095,2195062784,32591872,0.0,0.09766237489808169,0,13,0.11,0.08,0.0,0.0,0.0,11550720,0,8,4,1,0,sleeping,910,880,0,69632,596414,20696
2025-05-20 02:28:59,16095,2195062784,32591872,0.0,0.09766237489808169,0,13,0.11,0.08,0.0,0.0,0.0,11550720,0,8,4,1,0,sleeping,913,883,0,69632,598329,20764
2025-05-20 02:29:00,16095,2195062784,32591872,0.9,0.09766237489808169,0,13,0.12,0.08,0.0,0.0,0.0,11550720,0,7,4,1,0,sleeping,915,885,0,69632,600236,20824
2025-05-20 02:29:01,16095,2195062784,32591872,0.0,0.09766237489808169,0,13,0.12,0.08,0.0,0.0,0.0,11550720,0,7,4,1,0,sleeping,918,888,0,69632,602152,20892
2025-05-20 02:29:02,16095,2195062784,32591872,0.0,0.09766237489808169,0,13,0.12,0.08,0.0,0.0,0.0,11550720,0,7,4,1,0,sleeping,921,892,0,69632,604068,20990
2025-05-20 02:29:04,16095,2195062784,32591872,0.0,0.09766237489808169,0,13,0.12,0.08,0.0,0.0,0.0,11550720,0,7,4,1,0,sleeping,924,895,0,69632,605984,21058
2025-05-20 02:29:05,16095,2195062784,32591872,0.0,0.09766237489808169,0,13,0.12,0.08,0.0,0.0,0.0,11550720,0,7,4,1,0,sleeping,927,898,0,69632,607900,21126
2025-05-20 02:29:06,16095,2195062784,32591872,0.0,0.09766237489808169,0,13,0.12,0.08,0.0,0.0,0.0,11550720,0,7,4,1,0,sleeping,930,901,0,69632,609816,21194
2025-05-20 02:29:07,16095,2195062784,32591872,0.9,0.09766237489808169,0,13,0.12,0.09,0.0,0.0,0.0,11550720,0,7,4,1,0,sleeping,933,904,0,69632,611732,21262
2025-05-20 02:29:08,16095,2195062784,32591872,0.0,0.09766237489808169,0,13,0.12,0.09,0.0,0.0,0.0,11550720,0,7,4,1,0,sleeping,936,907,0,69632,613648,21330
2025-05-20 02:29:09,16095,2195062784,32591872,0.0,0.09766237489808169,0,13,0.12,0.09,0.0,0.0,0.0,11550720,0,8,4,1,0,sleeping,940,911,0,69632,615572,21406
2025-05-20 02:29:10,16095,2195062784,32591872,0.0,0.09766237489808169,0,13,0.12,0.09,0.0,0.0,0.0,11550720,0,7,4,1,0,sleeping,943,914,0,69632,617488,21474
2025-05-20 02:29:11,16095,2195062784,32591872,0.0,0.09766237489808169,0,13,0.12,0.09,0.0,0.0,0.0,11550720,0,7,4,1,0,sleeping,946,917,0,69632,619404,21542
2025-05-20 02:29:12,16095,2195062784,32591872,0.0,0.09766237489808169,0,13,0.12,0.09,0.0,0.0,0.0,11550720,0,7,4,1,0,sleeping,950,922,0,69632,621328,21648
2025-05-20 02:29:13,16095,2195062784,32591872,0.0,0.09766237489808169,0,13,0.12,0.09,0.0,0.0,0.0,11550720,0,7,4,1,0,sleeping,953,925,0,73728,623244,21716
2025-05-20 02:29:14,16095,2195062784,32591872,0.0,0.09766237489808169,0,13,0.12,0.09,0.0,0.0,0.0,11550720,0,7,4,1,0,sleeping,958,928,0,73728,627068,21784
2025-05-20 02:29:15,16095,2195062784,32591872,0.0,0.09766237489808169,0,13,0.12,0.09,0.0,0.0,0.0,11550720,0,7,4,1,0,sleeping,962,932,0,73728,628992,21860
2025-05-20 02:29:16,16095,2195062784,32591872,0.0,0.09766237489808169,0,13,0.12,0.09,0.0,0.0,0.0,11550720,0,7,4,1,0,sleeping,965,935,0,73728,630908,21928
2025-05-20 02:29:17,16095,2195062784,32591872,0.0,0.09766237489808169,0,13,0.12,0.09,0.0,0.0,0.0,11550720,0,7,4,1,0,sleeping,967,937,0,73728,632816,21988
2025-05-20 02:29:18,16095,2195062784,32591872,0.0,0.09766237489808169,0,13,0.12,0.09,0.0,0.0,0.0,11550720,0,7,4,1,0,sleeping,971,941,0,73728,634740,22064
2025-05-20 02:29:19,16095,2195062784,32591872,0.0,0.09766237489808169,0,13,0.12,0.09,0.0,0.0,0.0,11550720,0,7,4,1,0,sleeping,974,944,0,73728,636656,22132
2025-05-20 02:29:20,16095,2195062784,32591872,0.0,0.09766237489808169,0,13,0.12,0.09,0.0,0.0,0.0,11550720,0,7,4,1,0,sleeping,977,948,0,73728,638572,22230
2025-05-20 02:29:21,16095,2195062784,32591872,0.0,0.09766237489808169,0,13,0.12,0.09,0.0,0.0,0.0,11550720,0,7,4,1,0,sleeping,980,951,0,73728,640488,22298
2025-05-20 02:29:23,16095,2195062784,32591872,0.0,0.09766237489808169,0,13,0.12,0.09,0.0,0.0,0.0,11550720,0,7,4,1,0,sleeping,983,954,0,73728,642404,22366
2025-05-20 02:29:24,16095,2195062784,32591872,0.0,0.09766237489808169,0,13,0.12,0.09,0.0,0.0,0.0,11550720,0,7,4,1,0,sleeping,986,957,0,73728,644320,22434
2025-05-20 02:29:25,16095,2195062784,32591872,0.0,0.09766237489808169,0,13,0.12,0.09,0.0,0.0,0.0,11550720,0,7,4,1,0,sleeping,989,960,0,73728,646236,22502
2025-05-20 02:29:26,16095,2195062784,32591872,0.0,0.09766237489808169,0,13,0.12,0.09,0.0,0.0,0.0,11550720,0,7,4,1,0,sleeping,993,964,0,73728,648160,22578
2025-05-20 02:29:27,16095,2195062784,32591872,0.0,0.09766237489808169,0,13,0.12,0.09,0.0,0.0,0.0,11550720,0,7,4,1,0,sleeping,995,966,0,73728,650068,22638
2025-05-20 02:29:28,16095,2195062784,32591872,0.0,0.09766237489808169,0,13,0.12,0.09,0.0,0.0,0.0,11550720,0,8,4,1,0,sleeping,999,970,0,73728,651992,22714
2025-05-20 02:29:29,16095,2195062784,32591872,0.0,0.09766237489808169,0,13,0.12,0.09,0.0,0.0,0.0,11550720,0,8,4,1,0,sleeping,1002,973,0,73728,653908,22782
2025-05-20 02:29:30,16095,2195062784,32591872,0.0,0.09766237489808169,0,13,0.12,0.09,0.0,0.0,0.0,11550720,0,8,4,1,0,sleeping,1005,977,0,73728,655824,22880
2025-05-20 02:29:31,16095,2195062784,32591872,0.0,0.09766237489808169,0,13,0.12,0.09,0.0,0.0,0.0,11550720,0,8,4,1,0,sleeping,1008,980,0,73728,657740,22948
2025-05-20 02:29:32,16095,2195062784,32591872,0.0,0.09766237489808169,0,13,0.12,0.09,0.0,0.0,0.0,11550720,0,8,4,1,0,sleeping,1010,982,0,73728,659648,23008
2025-05-20 02:29:33,16095,2195062784,32591872,0.0,0.09766237489808169,0,13,0.12,0.09,0.0,0.0,0.0,11550720,0,7,4,1,0,sleeping,1016,986,0,73728,663480,23084
2025-05-20 02:29:34,16095,2195062784,32591872,0.0,0.09766237489808169,0,13,0.12,0.09,0.0,0.0,0.0,11550720,0,7,4,1,0,sleeping,1019,989,0,73728,665396,23152
2025-05-20 02:29:35,16095,2195062784,32591872,0.0,0.09766237489808169,0,13,0.12,0.09,0.0,0.0,0.0,11550720,0,7,4,1,0,sleeping,1022,992,0,77824,667312,23220
2025-05-20 02:29:36,16095,2195062784,32591872,0.9,0.09766237489808169,0,13,0.13,0.09,0.0,0.0,0.0,11550720,0,7,4,1,0,sleeping,1025,995,0,77824,669228,23288
2025-05-20 02:29:37,16095,2195062784,32591872,0.0,0.09766237489808169,0,13,0.13,0.09,0.0,0.0,0.0,11550720,0,7,4,1,0,sleeping,1028,998,0,77824,671144,23356
2025-05-20 02:29:38,16095,2195062784,32591872,0.0,0.09766237489808169,0,13,0.13,0.09,0.0,0.0,0.0,11550720,0,7,4,1,0,sleeping,1031,1002,0,77824,673060,23454
2025-05-20 02:29:40,16095,2195062784,32591872,0.0,0.09766237489808169,0,13,0.13,0.09,0.0,0.0,0.0,11550720,0,7,4,1,0,sleeping,1034,1005,0,77824,674976,23522
2025-05-20 02:29:41,16095,2195062784,32591872,0.0,0.09766237489808169,0,13,0.13,0.09,0.0,0.0,0.0,11550720,0,7,4,1,0,sleeping,1038,1009,0,77824,676900,23598
2025-05-20 02:29:42,16095,2195062784,32591872,0.0,0.09766237489808169,0,13,0.13,0.09,0.0,0.0,0.0,11550720,0,7,4,1,0,sleeping,1041,1012,0,77824,678816,23666
2025-05-20 02:29:43,16095,2195062784,32591872,0.0,0.09766237489808169,0,13,0.13,0.09,0.0,0.0,0.0,11550720,0,7,4,1,0,sleeping,1045,1016,0,77824,680740,23742
2025-05-20 02:29:44,16095,2195062784,32591872,0.0,0.09766237489808169,0,13,0.13,0.09,0.0,0.0,0.0,11550720,0,7,4,1,0,sleeping,1048,1019,0,81920,682656,23810
2025-05-20 02:29:45,16095,2195062784,32591872,0.0,0.09766237489808169,0,13,0.13,0.09,0.0,0.0,0.0,11550720,0,7,4,1,0,sleeping,1051,1022,0,81920,684572,23878
2025-05-20 02:29:46,16095,2195062784,32591872,0.0,0.09766237489808169,0,13,0.13,0.09,0.0,0.0,0.0,11550720,0,7,4,1,0,sleeping,1055,1025,0,81920,688388,23968
2025-05-20 02:29:47,16095,2195062784,32591872,0.0,0.09766237489808169,0,13,0.13,0.09,0.0,0.0,0.0,11550720,0,8,4,1,0,sleeping,1058,1028,0,81920,690304,24036
2025-05-20 02:29:48,16095,2195062784,32591872,0.9,0.09766237489808169,0,13,0.14,0.09,0.0,0.0,0.0,11550720,0,8,4,1,0,sleeping,1060,1030,0,81920,692212,24096
2025-05-20 02:29:49,16095,2195062784,32591872,0.0,0.09766237489808169,0,13,0.14,0.09,0.0,0.0,0.0,11550720,0,7,4,1,0,sleeping,1064,1035,0,81920,694136,24202
2025-05-20 02:29:51,16095,2195062784,32591872,0.0,0.09766237489808169,0,13,0.14,0.09,0.0,0.0,0.0,11550720,0,7,4,1,0,sleeping,1067,1038,0,81920,696052,24270
2025-05-20 02:29:52,16095,2195062784,32591872,0.0,0.09766237489808169,0,13,0.14,0.09,0.0,0.0,0.0,11550720,0,7,4,1,0,sleeping,1071,1042,0,81920,697976,24346
2025-05-20 02:29:53,16095,2195062784,32591872,0.0,0.09766237489808169,0,13,0.14,0.09,0.0,0.0,0.0,11550720,0,7,4,1,0,sleeping,1074,1045,0,81920,699892,24414
2025-05-20 02:29:54,16095,2195062784,32591872,0.0,0.09766237489808169,0,13,0.14,0.09,0.0,0.0,0.0,11550720,0,7,4,1,0,sleeping,1077,1048,0,81920,701807,24482
2025-05-20 02:29:55,16095,2195062784,32591872,0.0,0.09766237489808169,0,13,0.14,0.09,0.0,0.0,0.0,11550720,0,7,4,1,0,sleeping,1080,1051,0,81920,703722,24550
2025-05-20 02:29:56,16095,2195062784,32591872,0.0,0.09766237489808169,0,13,0.14,0.09,0.0,0.0,0.0,11550720,0,7,4,1,0,sleeping,1084,1055,0,81920,705646,24626
2025-05-20 02:29:57,16095,2195062784,32591872,0.0,0.09766237489808169,0,13,0.14,0.09,0.0,0.0,0.0,11554816,0,7,4,1,0,sleeping,1087,1058,0,81920,707562,24694
2025-05-20 02:29:58,16095,2195062784,32591872,0.0,0.09766237489808169,0,13,0.14,0.09,0.0,0.0,0.0,11554816,0,7,4,1,0,sleeping,1091,1062,0,81920,709486,24770
2025-05-20 02:29:59,16095,2195062784,32591872,0.0,0.09766237489808169,0,13,0.14,0.09,0.0,0.0,0.0,11554816,0,7,4,1,0,sleeping,1094,1066,0,81920,711402,24868
2025-05-20 02:30:00,16095,2195062784,32591872,0.0,0.09766237489808169,0,13,0.14,0.09,0.0,0.0,0.0,11558912,0,7,4,1,0,sleeping,1097,1069,0,81920,713318,24936
2025-05-20 02:30:01,16095,2195062784,32591872,0.0,0.09766237489808169,0,13,0.14,0.09,0.0,0.0,0.0,11558912,0,7,4,1,0,sleeping,1101,1073,0,81920,715242,25012
2025-05-20 02:30:02,16095,2195062784,32591872,0.0,0.09766237489808169,0,13,0.14,0.09,0.0,0.0,0.0,11558912,0,7,4,1,0,sleeping,1104,1076,0,81920,717158,25080
2025-05-20 02:30:03,16095,2195062784,32591872,0.0,0.09766237489808169,0,13,0.14,0.09,0.0,0.0,0.0,11558912,0,7,4,1,0,sleeping,1110,1080,0,81920,720990,25156
2025-05-20 02:30:04,16095,2195062784,32591872,0.0,0.09766237489808169,0,13,0.14,0.09,0.0,0.0,0.0,11558912,0,7,4,1,0,sleeping,1112,1082,0,81920,722898,25216
2025-05-20 02:30:05,16095,2195062784,32591872,0.0,0.09766237489808169,0,13,0.14,0.09,0.0,0.0,0.0,11563008,0,7,4,1,0,sleeping,1114,1084,0,81920,724806,25276
2025-05-20 02:30:06,16095,2195062784,32591872,0.0,0.09766237489808169,0,13,0.14,0.09,0.0,0.0,0.0,11563008,0,7,4,1,0,sleeping,1117,1087,0,81920,726722,25344
2025-05-20 02:30:07,16095,2195062784,32591872,0.0,0.09766237489808169,0,13,0.14,0.09,0.0,0.0,0.0,11567104,0,7,4,1,0,sleeping,1120,1090,0,81920,728638,25412
2025-05-20 02:30:08,16095,2195062784,32591872,0.9,0.09766237489808169,0,13,0.15,0.09,0.0,0.0,0.0,11567104,0,7,4,1,0,sleeping,1123,1094,0,81920,730554,25510
2025-05-20 02:30:10,16095,2195062784,32591872,0.0,0.09766237489808169,0,13,0.15,0.09,0.0,0.0,0.0,11567104,0,7,4,1,0,sleeping,1126,1097,0,81920,732470,25578
2025-05-20 02:30:11,16095,2195062784,32591872,0.0,0.09766237489808169,0,13,0.15,0.09,0.0,0.0,0.0,11669504,0,7,4,1,0,sleeping,1130,1101,0,81920,734394,25654
2025-05-20 02:30:12,16095,2195062784,32591872,0.0,0.09766237489808169,0,13,0.15,0.09,0.0,0.0,0.0,11669504,0,7,4,1,0,sleeping,1133,1104,0,81920,736310,25722
2025-05-20 02:30:13,16095,2195062784,32591872,0.0,0.09766237489808169,0,13,0.15,0.09,0.0,0.0,0.0,11669504,0,7,4,1,0,sleeping,1135,1106,0,81920,738218,25782
2025-05-20 02:30:14,16095,2195062784,32591872,0.0,0.09766237489808169,0,13,0.15,0.09,0.0,0.0,0.0,11669504,0,7,4,1,0,sleeping,1138,1109,0,81920,740134,25850
2025-05-20 02:30:15,16095,2195062784,32591872,0.0,0.09766237489808169,0,13,0.15,0.09,0.0,0.0,0.0,11669504,0,7,4,1,0,sleeping,1143,1114,0,81920,742066,25934
2025-05-20 02:30:16,16095,2195062784,32591872,0.0,0.09766237489808169,0,13,0.15,0.09,0.0,0.0,0.0,11669504,0,7,4,1,0,sleeping,1147,1118,0,81920,743990,26010
2025-05-20 02:30:17,16095,2195062784,32591872,0.0,0.09766237489808169,0,13,0.15,0.09,0.0,0.0,0.0,11669504,0,7,4,1,0,sleeping,1151,1122,0,81920,745914,26086
2025-05-20 02:30:18,16095,2195062784,32591872,0.0,0.09766237489808169,0,13,0.15,0.09,0.0,0.0,0.0,11669504,0,7,4,1,0,sleeping,1153,1125,0,86016,747822,26176
2025-05-20 02:30:19,16095,2195062784,32591872,0.0,0.09766237489808169,0,13,0.15,0.09,0.0,0.0,0.0,11669504,0,7,4,1,0,sleeping,1156,1128,0,86016,749737,26244
2025-05-20 02:30:20,16095,2195062784,32591872,0.0,0.09766237489808169,0,13,0.15,0.09,0.0,0.0,0.0,11669504,0,7,4,1,0,sleeping,1158,1130,0,86016,751644,26304
2025-05-20 02:30:21,16095,2195062784,32591872,0.0,0.09766237489808169,0,13,0.15,0.09,0.0,0.0,0.0,11669504,0,7,4,1,0,sleeping,1162,1134,0,86016,753568,26380
2025-05-20 02:30:22,16095,2195062784,32591872,0.0,0.09766237489808169,0,13,0.15,0.09,0.0,0.0,0.0,11669504,0,7,4,1,0,sleeping,1165,1137,0,86016,755484,26448
2025-05-20 02:30:23,16095,2195062784,32591872,0.0,0.09766237489808169,0,13,0.15,0.09,0.0,0.0,0.0,11669504,0,7,4,1,0,sleeping,1172,1142,0,86016,759324,26532
2025-05-20 02:30:24,16095,2195062784,32591872,0.0,0.09766237489808169,0,13,0.15,0.09,0.0,0.0,0.0,11669504,0,7,4,1,0,sleeping,1176,1146,0,86016,761248,26608
2025-05-20 02:30:25,16095,2195062784,32591872,0.9,0.09766237489808169,0,13,0.16,0.09,0.0,0.0,0.0,11669504,0,7,4,1,0,sleeping,1178,1148,0,86016,763156,26668
2025-05-20 02:30:26,16095,2195062784,32591872,0.0,0.09766237489808169,0,13,0.16,0.09,0.0,0.0,0.0,11673600,0,7,4,1,0,sleeping,1180,1150,0,86016,765064,26728
2025-05-20 02:30:27,16095,2195062784,32591872,0.0,0.09766237489808169,0,13,0.16,0.09,0.0,0.0,0.0,11673600,0,7,4,1,0,sleeping,1183,1154,0,86016,766980,26826
2025-05-20 02:30:28,16095,2195062784,32591872,0.0,0.09766237489808169,0,13,0.16,0.09,0.0,0.0,0.0,11673600,0,7,4,1,0,sleeping,1187,1158,0,86016,768904,26902
2025-05-20 02:30:30,16095,2195062784,32591872,0.0,0.09766237489808169,0,13,0.16,0.09,0.0,0.0,0.0,11673600,0,7,4,1,0,sleeping,1191,1162,0,86016,770828,26978
2025-05-20 02:30:31,16095,2195062784,32591872,0.0,0.09766237489808169,0,13,0.16,0.09,0.0,0.0,0.0,11673600,0,6,4,1,0,sleeping,1194,1165,0,86016,772744,27046
2025-05-20 02:30:32,16095,2195062784,32591872,0.0,0.09766237489808169,0,13,0.16,0.09,0.0,0.0,0.0,11673600,0,7,4,1,0,sleeping,1196,1167,0,86016,774652,27106
2025-05-20 02:30:33,16095,2195062784,32591872,0.0,0.09766237489808169,0,13,0.16,0.09,0.0,0.0,0.0,11673600,0,7,4,1,0,sleeping,1201,1172,0,86016,776584,27190
2025-05-20 02:30:34,16095,2195062784,32591872,0.0,0.09766237489808169,0,13,0.16,0.09,0.0,0.0,0.0,11673600,0,8,4,1,0,sleeping,1205,1176,0,86016,778508,27266
2025-05-20 02:30:35,16095,2195062784,32591872,0.0,0.09766237489808169,0,13,0.16,0.09,0.0,0.0,0.0,11673600,0,8,4,1,0,sleeping,1208,1179,0,86016,780424,27334
2025-05-20 02:30:36,16095,2195062784,32591872,0.0,0.09766237489808169,0,13,0.16,0.09,0.0,0.0,0.0,11673600,0,7,4,1,0,sleeping,1211,1182,0,86016,782340,27402
2025-05-20 02:30:37,16095,2195062784,32591872,0.0,0.09766237489808169,0,13,0.16,0.09,0.0,0.0,0.0,11673600,0,7,4,1,0,sleeping,1213,1185,0,86016,784247,27492
2025-05-20 02:30:38,16095,2195062784,32591872,0.0,0.09766237489808169,0,13,0.16,0.09,0.0,0.0,0.0,11673600,0,6,4,1,0,sleeping,1215,1187,0,86016,786154,27552
2025-05-20 02:30:39,16095,2195062784,32591872,0.0,0.09766237489808169,0,13,0.16,0.09,0.0,0.0,0.0,11673600,0,6,4,1,0,sleeping,1217,1189,0,86016,788062,27612
2025-05-20 02:30:40,16095,2195062784,32591872,0.0,0.09766237489808169,0,13,0.16,0.09,0.0,0.0,0.0,11673600,0,6,4,1,0,sleeping,1220,1192,0,86016,789978,27680
2025-05-20 02:30:41,16095,2195062784,32591872,0.0,0.09766237489808169,0,13,0.16,0.09,0.0,0.0,0.0,11673600,0,7,4,1,0,sleeping,1224,1196,0,86016,791902,27756
2025-05-20 02:30:42,16095,2195062784,32591872,0.0,0.09766237489808169,0,13,0.16,0.09,0.0,0.0,0.0,11673600,0,8,4,1,0,sleeping,1227,1199,0,86016,793816,27824
2025-05-20 02:30:43,16095,2195062784,32591872,0.0,0.09766237489808169,0,13,0.16,0.09,0.0,0.0,0.0,11673600,0,7,4,1,0,sleeping,1231,1201,0,86016,797630,27884
2025-05-20 02:30:44,16095,2195062784,32591872,0.0,0.09766237489808169,0,13,0.16,0.09,0.0,0.0,0.0,11677696,0,7,4,1,0,sleeping,1233,1203,0,90112,799537,27944
2025-05-20 02:30:45,16095,2195062784,32591872,0.0,0.09766237489808169,0,13,0.16,0.09,0.0,0.0,0.0,11677696,0,7,4,1,0,sleeping,1235,1205,0,90112,801444,28004
2025-05-20 02:30:46,16095,2195062784,32591872,0.0,0.09766237489808169,0,13,0.16,0.09,0.0,0.0,0.0,11677696,0,7,4,1,0,sleeping,1239,1210,0,90112,803368,28110
2025-05-20 02:30:48,16095,2195062784,32591872,0.0,0.09766237489808169,0,13,0.16,0.09,0.0,0.0,0.0,11677696,0,6,4,1,0,sleeping,1241,1212,0,94208,805276,28170
2025-05-20 02:30:49,16095,2195062784,32591872,0.9,0.09766237489808169,0,13,0.17,0.09,0.0,0.0,0.0,11677696,0,6,4,1,0,sleeping,1243,1214,0,94208,807184,28230
2025-05-20 02:30:50,16095,2195062784,32591872,0.0,0.09766237489808169,0,13,0.17,0.09,0.0,0.0,0.0,11677696,0,6,4,1,0,sleeping,1246,1217,0,94208,809100,28298
2025-05-20 02:30:51,16095,2195062784,32591872,0.0,0.09766237489808169,0,13,0.17,0.09,0.0,0.0,0.0,11677696,0,6,4,1,0,sleeping,1249,1220,0,94208,811016,28366
2025-05-20 02:30:52,16095,2195062784,32591872,0.0,0.09766237489808169,0,13,0.17,0.09,0.0,0.0,0.0,11677696,0,6,4,1,0,sleeping,1252,1223,0,94208,812932,28434
2025-05-20 02:30:53,16095,2195062784,32591872,0.0,0.09766237489808169,0,13,0.17,0.09,0.0,0.0,0.0,11677696,0,6,4,1,0,sleeping,1255,1226,0,94208,814848,28502
2025-05-20 02:30:54,16095,2195062784,32591872,0.0,0.09766237489808169,0,13,0.17,0.09,0.0,0.0,0.0,11677696,0,7,4,1,0,sleeping,1257,1228,0,94208,816756,28562
2025-05-20 02:30:55,16095,2195062784,32591872,0.0,0.09766237489808169,0,13,0.17,0.09,0.0,0.0,0.0,11677696,0,7,4,1,0,sleeping,1259,1231,0,94208,818664,28652
2025-05-20 02:30:56,16095,2195062784,32591872,0.0,0.09766237489808169,0,13,0.17,0.09,0.0,0.0,0.0,11677696,0,7,4,1,0,sleeping,1261,1233,0,94208,820572,28712
2025-05-20 02:30:57,16095,2195062784,32591872,0.0,0.09766237489808169,0,13,0.17,0.09,0.0,0.0,0.0,11677696,0,7,4,1,0,sleeping,1263,1235,0,94208,822480,28772
2025-05-20 02:30:58,16095,2195062784,32591872,0.0,0.09766237489808169,0,13,0.17,0.09,0.0,0.0,0.0,11677696,0,7,4,1,0,sleeping,1265,1237,0,94208,824388,28832
2025-05-20 02:30:59,16095,2195062784,32591872,0.0,0.09766237489808169,0,13,0.17,0.09,0.0,0.0,0.0,11677696,0,7,4,1,0,sleeping,1267,1239,0,94208,826296,28892
2025-05-20 02:31:00,16095,2195062784,32591872,0.0,0.09766237489808169,0,13,0.17,0.09,0.0,0.0,0.0,11677696,0,6,4,1,0,sleeping,1269,1241,0,94208,828204,28952
2025-05-20 02:31:01,16095,2195062784,32591872,0.0,0.09766237489808169,0,13,0.17,0.09,0.0,0.0,0.0,11677696,0,7,4,1,0,sleeping,1275,1245,0,94208,832036,29028
2025-05-20 02:31:02,16095,2195062784,32591872,0.0,0.09766237489808169,0,13,0.17,0.09,0.0,0.0,0.0,11677696,0,7,4,1,0,sleeping,1279,1249,0,94208,833960,29104
2025-05-20 02:31:03,16095,2195062784,32591872,0.0,0.09766237489808169,0,13,0.17,0.09,0.0,0.0,0.0,11677696,0,7,4,1,0,sleeping,1283,1253,0,94208,835884,29180
2025-05-20 02:31:04,16095,2195062784,32591872,0.0,0.09766237489808169,0,13,0.17,0.09,0.0,0.0,0.0,11677696,0,7,4,1,0,sleeping,1285,1256,0,94208,837792,29270
2025-05-20 02:31:06,16095,2195062784,32591872,0.0,0.09766237489808169,0,13,0.17,0.09,0.0,0.0,0.0,11677696,0,7,4,1,0,sleeping,1287,1258,0,94208,839700,29330
2025-05-20 02:31:07,16095,2195062784,32591872,0.0,0.09766237489808169,0,13,0.17,0.09,0.0,0.0,0.0,11677696,0,7,4,1,0,sleeping,1289,1260,0,94208,841608,29390
2025-05-20 02:31:08,16095,2195062784,32591872,0.0,0.09766237489808169,0,13,0.17,0.09,0.0,0.0,0.0,11677696,0,7,4,1,0,sleeping,1293,1264,0,94208,843532,29466
2025-05-20 02:31:09,16095,2195062784,32591872,0.0,0.09766237489808169,0,13,0.17,0.09,0.0,0.0,0.0,11677696,0,7,4,1,0,sleeping,1296,1267,0,94208,845448,29534
2025-05-20 02:31:10,16095,2195062784,32591872,0.0,0.09766237489808169,0,13,0.17,0.09,0.0,0.0,0.0,11677696,0,7,4,1,0,sleeping,1300,1271,0,94208,847372,29610
2025-05-20 02:31:11,16095,2195062784,32591872,0.0,0.09766237489808169,0,13,0.17,0.09,0.0,0.0,0.0,11677696,0,7,4,1,0,sleeping,1304,1275,0,94208,849296,29686
2025-05-20 02:31:12,16095,2195062784,32591872,0.0,0.09766237489808169,0,13,0.17,0.09,0.0,0.0,0.0,11677696,0,7,4,1,0,sleeping,1307,1278,0,94208,851211,29754
2025-05-20 02:31:13,16095,2195062784,32591872,0.0,0.09766237489808169,0,13,0.17,0.09,0.0,0.0,0.0,11677696,0,7,4,1,0,sleeping,1311,1283,0,94208,853134,29860
2025-05-20 02:31:14,16095,2195062784,32591872,0.9,0.09766237489808169,0,13,0.17,0.1,0.0,0.0,0.0,11677696,0,7,4,1,0,sleeping,1313,1285,0,94208,855042,29920
2025-05-20 02:31:15,16095,2195062784,32591872,0.0,0.09766237489808169,0,13,0.17,0.1,0.0,0.0,0.0,11677696,0,7,4,1,0,sleeping,1315,1287,0,94208,856950,29980
2025-05-20 02:31:16,16095,2195062784,32591872,0.0,0.09766237489808169,0,13,0.17,0.1,0.0,0.0,0.0,11677696,0,7,4,1,0,sleeping,1317,1289,0,94208,858857,30040
2025-05-20 02:31:17,16095,2195062784,32591872,0.0,0.09766237489808169,0,13,0.17,0.1,0.0,0.0,0.0,11677696,0,7,4,1,0,sleeping,1319,1291,0,94208,860764,30100
2025-05-20 02:31:18,16095,2195062784,32591872,0.9,0.09766237489808169,0,13,0.18,0.1,0.0,0.0,0.0,11677696,0,7,4,1,0,sleeping,1323,1293,0,94208,864579,30160
2025-05-20 02:31:19,16095,2195062784,32591872,0.0,0.09766237489808169,0,13,0.18,0.1,0.0,0.0,0.0,11677696,0,7,4,1,0,sleeping,1325,1295,0,98304,866486,30220
2025-05-20 02:31:20,16095,2195062784,32591872,0.0,0.09766237489808169,0,13,0.18,0.1,0.0,0.0,0.0,11677696,0,6,4,1,0,sleeping,1327,1298,0,98304,868394,30310
2025-05-20 02:31:22,16095,2195062784,32591872,0.0,0.09766237489808169,0,13,0.18,0.1,0.0,0.0,0.0,11677696,0,7,4,1,0,sleeping,1329,1300,0,98304,870302,30370
2025-05-20 02:31:23,16095,2195062784,32591872,0.0,0.09766237489808169,0,13,0.18,0.1,0.0,0.0,0.0,11677696,0,6,4,1,0,sleeping,1333,1304,0,98304,872225,30446
2025-05-20 02:31:24,16095,2195062784,32591872,0.0,0.09766237489808169,0,13,0.18,0.1,0.0,0.0,0.0,11677696,0,7,4,1,0,sleeping,1336,1307,0,98304,874138,30514
2025-05-20 02:31:25,16095,2195062784,32591872,0.0,0.09766237489808169,0,13,0.18,0.1,0.0,0.0,0.0,11677696,0,7,4,1,0,sleeping,1340,1311,0,98304,876060,30590
2025-05-20 02:31:26,16095,2195062784,32591872,0.0,0.09766237489808169,0,13,0.18,0.1,0.0,0.0,0.0,11677696,0,7,4,1,0,sleeping,1343,1314,0,98304,877976,30658
2025-05-20 02:31:27,16095,2195062784,32591872,0.0,0.09766237489808169,0,13,0.18,0.1,0.0,0.0,0.0,11677696,0,7,4,1,0,sleeping,1346,1317,0,98304,879892,30726
2025-05-20 02:31:28,16095,2195062784,32591872,0.0,0.09766237489808169,0,13,0.18,0.1,0.0,0.0,0.0,11677696,0,7,4,1,0,sleeping,1349,1320,0,98304,881808,30794
2025-05-20 02:31:29,16095,2195062784,32591872,0.0,0.09766237489808169,0,13,0.18,0.1,0.0,0.0,0.0,11677696,0,7,4,1,0,sleeping,1353,1324,0,98304,883732,30870
2025-05-20 02:31:30,16095,2195062784,32591872,0.0,0.09766237489808169,0,13,0.18,0.1,0.0,0.0,0.0,11677696,0,7,4,1,0,sleeping,1356,1328,0,98304,885648,30968
2025-05-20 02:31:31,16095,2195062784,32591872,0.0,0.09766237489808169,0,13,0.18,0.1,0.0,0.0,0.0,11677696,0,7,4,1,0,sleeping,1359,1331,0,98304,887563,31036
2025-05-20 02:31:32,16095,2195062784,32591872,0.0,0.09766237489808169,0,13,0.18,0.1,0.0,0.0,0.0,11677696,0,7,4,1,0,sleeping,1363,1335,0,98304,889486,31112
2025-05-20 02:31:33,16095,2195062784,32591872,0.0,0.09766237489808169,0,13,0.18,0.1,0.0,0.0,0.0,11677696,0,7,4,1,0,sleeping,1367,1339,0,98304,891410,31188
2025-05-20 02:31:34,16095,2195062784,32591872,0.0,0.09766237489808169,0,13,0.18,0.1,0.0,0.0,0.0,11677696,0,7,4,1,0,sleeping,1370,1342,0,98304,893326,31256
2025-05-20 02:31:35,16095,2195062784,32591872,0.0,0.09766237489808169,0,13,0.18,0.1,0.0,0.0,0.0,11677696,0,7,4,1,0,sleeping,1374,1346,0,98304,895250,31332
2025-05-20 02:31:36,16095,2195062784,32591872,0.0,0.09766237489808169,0,13,0.18,0.1,0.0,0.0,0.0,11677696,0,7,4,1,0,sleeping,1378,1350,0,98304,897174,31408
2025-05-20 02:31:37,16095,2195062784,32591872,0.0,0.09766237489808169,0,13,0.18,0.1,0.0,0.0,0.0,11677696,0,7,4,1,0,sleeping,1384,1354,0,98304,901005,31484
2025-05-20 02:31:38,16095,2195062784,32591872,0.0,0.09766237489808169,0,13,0.18,0.1,0.0,0.0,0.0,11677696,0,6,4,1,0,sleeping,1387,1357,0,98304,902920,31552
2025-05-20 02:31:39,16095,2195062784,32591872,0.0,0.09766237489808169,0,13,0.18,0.1,0.0,0.0,0.0,11677696,0,7,4,1,0,sleeping,1389,1360,0,98304,904828,31642
2025-05-20 02:31:41,16095,2195062784,32591872,0.9,0.09766237489808169,0,13,0.19,0.1,0.0,0.0,0.0,11677696,0,7,4,1,0,sleeping,1393,1364,0,98304,906752,31718
2025-05-20 02:31:42,16095,2195062784,32591872,0.0,0.09766237489808169,0,13,0.19,0.1,0.0,0.0,0.0,11677696,0,7,4,1,0,sleeping,1395,1366,0,98304,908660,31778
2025-05-20 02:31:43,16095,2195062784,32591872,0.0,0.09766237489808169,0,13,0.19,0.1,0.0,0.0,0.0,11677696,0,7,4,1,0,sleeping,1397,1368,0,98304,910568,31838
2025-05-20 02:31:44,16095,2195062784,32591872,0.0,0.09766237489808169,0,13,0.19,0.1,0.0,0.0,0.0,11677696,0,6,4,1,0,sleeping,1401,1372,0,98304,912492,31914
2025-05-20 02:31:45,16095,2195062784,32591872,0.0,0.09766237489808169,0,13,0.19,0.1,0.0,0.0,0.0,11677696,0,6,4,1,0,sleeping,1405,1376,0,98304,914416,31990
2025-05-20 02:31:46,16095,2195062784,32591872,0.0,0.09766237489808169,0,13,0.19,0.1,0.0,0.0,0.0,11681792,0,6,4,1,0,sleeping,1408,1379,0,98304,916332,32058
2025-05-20 02:31:47,16095,2195062784,32591872,0.0,0.09766237489808169,0,13,0.19,0.1,0.0,0.0,0.0,11681792,0,6,4,1,0,sleeping,1411,1382,0,98304,918247,32126
2025-05-20 02:31:48,16095,2195062784,32591872,0.0,0.09766237489808169,0,13,0.19,0.1,0.0,0.0,0.0,11681792,0,6,4,1,0,sleeping,1414,1385,0,98304,920162,32194
2025-05-20 02:31:49,16095,2195062784,32591872,0.0,0.09766237489808169,0,13,0.19,0.1,0.0,0.0,0.0,11681792,0,6,4,1,0,sleeping,1417,1389,0,102400,922078,32292
2025-05-20 02:31:50,16095,2195062784,32591872,0.0,0.09766237489808169,0,13,0.19,0.1,0.0,0.0,0.0,11681792,0,6,4,1,0,sleeping,1420,1392,0,102400,923994,32360
2025-05-20 02:31:51,16095,2195062784,32591872,0.0,0.09766237489808169,0,13,0.19,0.1,0.0,0.0,0.0,11681792,0,6,4,1,0,sleeping,1423,1395,0,102400,925910,32428
2025-05-20 02:31:52,16095,2195062784,32591872,0.0,0.09766237489808169,0,13,0.19,0.1,0.0,0.0,0.0,11681792,0,6,4,1,0,sleeping,1426,1398,0,106496,927826,32496
2025-05-20 02:31:53,16095,2195062784,32591872,0.0,0.09766237489808169,0,13,0.19,0.1,0.0,0.0,0.0,11681792,0,6,4,1,0,sleeping,1429,1401,0,106496,929742,32564
2025-05-20 02:31:54,16095,2195062784,32591872,0.0,0.09766237489808169,0,13,0.19,0.1,0.0,0.0,0.0,11681792,0,6,4,1,0,sleeping,1432,1404,0,106496,931658,32632
2025-05-20 02:31:55,16095,2195062784,32591872,0.0,0.09766237489808169,0,13,0.19,0.1,0.0,0.0,0.0,11681792,0,6,4,1,0,sleeping,1435,1407,0,106496,933574,32700
2025-05-20 02:31:56,16095,2195062784,32591872,0.0,0.09766237489808169,0,13,0.19,0.1,0.0,0.0,0.0,11681792,0,6,4,1,0,sleeping,1438,1410,0,106496,935490,32768
2025-05-20 02:31:57,16095,2195062784,32591872,0.9,0.09766237489808169,0,13,0.2,0.1,0.0,0.0,0.0,11681792,0,7,4,1,0,sleeping,1444,1414,0,106496,939322,32844
2025-05-20 02:31:58,16095,2195062784,32591872,0.0,0.09766237489808169,0,13,0.2,0.1,0.0,0.0,0.0,11681792,0,7,4,1,0,sleeping,1447,1418,0,106496,941238,32942
2025-05-20 02:32:00,16095,2195062784,32591872,0.0,0.09766237489808169,0,13,0.2,0.1,0.0,0.0,0.0,11681792,0,7,4,1,0,sleeping,1450,1421,0,106496,943154,33010
2025-05-20 02:32:01,16095,2195062784,32591872,0.0,0.09766237489808169,0,13,0.2,0.1,0.0,0.0,0.0,11681792,0,6,4,1,0,sleeping,1453,1424,0,106496,945070,33078
2025-05-20 02:32:02,16095,2195062784,32591872,0.0,0.09766237489808169,0,13,0.2,0.1,0.0,0.0,0.0,11681792,0,6,4,1,0,sleeping,1456,1427,0,106496,946986,33146
2025-05-20 02:32:03,16095,2195062784,32591872,0.0,0.09766237489808169,0,13,0.2,0.1,0.0,0.0,0.0,11681792,0,6,4,1,0,sleeping,1459,1430,0,106496,948902,33214
2025-05-20 02:32:04,16095,2195062784,32591872,0.0,0.09766237489808169,0,13,0.2,0.1,0.0,0.0,0.0,11681792,0,6,4,1,0,sleeping,1462,1433,0,106496,950818,33282
2025-05-20 02:32:05,16095,2195062784,32591872,0.0,0.09766237489808169,0,13,0.2,0.1,0.0,0.0,0.0,11681792,0,6,4,1,0,sleeping,1465,1436,0,106496,952734,33350
2025-05-20 02:32:06,16095,2195062784,32591872,0.0,0.09766237489808169,0,13,0.2,0.1,0.0,0.0,0.0,11681792,0,7,4,1,0,sleeping,1468,1440,0,106496,954650,33448
2025-05-20 02:32:07,16095,2195062784,32591872,0.0,0.09766237489808169,0,13,0.2,0.1,0.0,0.0,0.0,11681792,0,7,4,1,0,sleeping,1470,1442,0,106496,956558,33508
2025-05-20 02:32:08,16095,2195062784,32591872,0.0,0.09766237489808169,0,13,0.2,0.1,0.0,0.0,0.0,11681792,0,7,4,1,0,sleeping,1472,1444,0,106496,958466,33568
2025-05-20 02:32:09,16095,2195062784,32591872,0.0,0.09766237489808169,0,13,0.2,0.1,0.0,0.0,0.0,11681792,0,7,4,1,0,sleeping,1475,1447,0,106496,960382,33636
2025-05-20 02:32:10,16095,2195062784,32591872,0.0,0.09766237489808169,0,13,0.2,0.1,0.0,0.0,0.0,11681792,0,7,4,1,0,sleeping,1478,1450,0,106496,962298,33704
2025-05-20 02:32:11,16095,2195062784,32591872,0.0,0.09766237489808169,0,13,0.2,0.1,0.0,0.0,0.0,11681792,0,7,4,1,0,sleeping,1480,1452,0,106496,964206,33764
2025-05-20 02:32:12,16095,2195062784,32591872,0.0,0.09766237489808169,0,13,0.2,0.1,0.0,0.0,0.0,11681792,0,7,4,1,0,sleeping,1484,1456,0,106496,966130,33840
2025-05-20 02:32:13,16095,2195062784,32591872,0.0,0.09766237489808169,0,13,0.2,0.1,0.0,0.0,0.0,11681792,0,7,4,1,0,sleeping,1486,1458,0,106496,968038,33900
2025-05-20 02:32:14,16095,2195062784,32591872,0.0,0.09766237489808169,0,13,0.2,0.1,0.0,0.0,0.0,11681792,0,7,4,1,0,sleeping,1490,1462,0,106496,969962,33976
2025-05-20 02:32:15,16095,2195062784,32591872,0.0,0.09766237489808169,0,13,0.2,0.1,0.0,0.0,0.0,11681792,0,7,4,1,0,sleeping,1496,1467,0,106496,973792,34082
2025-05-20 02:32:17,16095,2195062784,32591872,0.0,0.09766237489808169,0,13,0.2,0.1,0.0,0.0,0.0,11681792,0,7,4,1,0,sleeping,1499,1470,0,106496,975708,34150
2025-05-20 02:32:18,16095,2195062784,32591872,0.0,0.09766237489808169,0,13,0.2,0.1,0.0,0.0,0.0,11681792,0,7,4,1,0,sleeping,1502,1473,0,106496,977623,34218
2025-05-20 02:32:19,16095,2195062784,32591872,0.0,0.09766237489808169,0,13,0.2,0.1,0.0,0.0,0.0,11681792,0,7,4,1,0,sleeping,1505,1476,0,106496,979538,34286
2025-05-20 02:32:20,16095,2195062784,32591872,0.0,0.09766237489808169,0,13,0.2,0.1,0.0,0.0,0.0,11681792,0,7,4,1,0,sleeping,1509,1481,0,110592,981462,34392
2025-05-20 02:32:21,16095,2195062784,32591872,0.0,0.09766237489808169,0,13,0.2,0.1,0.0,0.0,0.0,11681792,0,7,4,1,0,sleeping,1513,1485,0,110592,983386,34468
2025-05-20 02:32:22,16095,2195062784,32591872,0.0,0.09766237489808169,0,13,0.2,0.1,0.0,0.0,0.0,11681792,0,6,4,1,0,sleeping,1515,1487,0,110592,985294,34528
2025-05-20 02:32:23,16095,2195062784,32591872,0.0,0.09766237489808169,0,13,0.2,0.1,0.0,0.0,0.0,11681792,0,6,4,1,0,sleeping,1517,1489,0,110592,987202,34588
2025-05-20 02:32:24,16095,2195062784,32591872,0.0,0.09766237489808169,0,13,0.2,0.1,0.0,0.0,0.0,11681792,0,7,4,1,0,sleeping,1522,1493,0,110592,991026,34686
2025-05-20 02:32:25,16095,2195062784,32591872,0.0,0.09766237489808169,0,13,0.2,0.1,0.0,0.0,0.0,11681792,0,7,4,1,0,sleeping,1524,1495,0,110592,992934,34746
2025-05-20 02:32:27,16095,2195062784,32722944,0.9,0.09805513548583318,0,13,0.21,0.1,0.0,0.0,0.0,11685888,0,7,4,1,0,sleeping,1528,1499,0,110592,994857,34822
2025-05-20 02:32:28,16095,2195062784,32722944,0.0,0.09805513548583318,0,13,0.21,0.1,0.0,0.0,0.0,11685888,0,7,4,1,0,sleeping,1531,1502,0,110592,996772,34890
2025-05-20 02:32:29,16095,2195062784,32722944,0.0,0.09805513548583318,0,13,0.21,0.1,0.0,0.0,0.0,11685888,0,8,4,1,0,sleeping,1534,1505,0,110592,998688,34958
2025-05-20 02:32:30,16095,2195062784,32722944,0.0,0.09805513548583318,0,13,0.21,0.1,0.0,0.0,0.0,11685888,0,8,4,1,0,sleeping,1538,1509,0,110592,1000612,35034
2025-05-20 02:32:31,16095,2195062784,32722944,0.0,0.09805513548583318,0,13,0.21,0.1,0.0,0.0,0.0,11685888,0,8,4,1,0,sleeping,1541,1512,0,110592,1002528,35102
2025-05-20 02:32:32,16095,2195062784,32722944,0.0,0.09805513548583318,0,13,0.21,0.1,0.0,0.0,0.0,11685888,0,8,4,1,0,sleeping,1544,1515,0,110592,1004444,35170
2025-05-20 02:32:33,16095,2195062784,32722944,0.0,0.09805513548583318,0,13,0.21,0.1,0.0,0.0,0.0,11685888,0,7,4,1,0,sleeping,1548,1519,0,110592,1006368,35246
2025-05-20 02:32:34,16095,2195062784,32722944,0.0,0.09805513548583318,0,13,0.21,0.1,0.0,0.0,0.0,11685888,0,6,4,1,0,sleeping,1551,1523,0,110592,1008284,35344
2025-05-20 02:32:35,16095,2195062784,32722944,0.0,0.09805513548583318,0,13,0.21,0.1,0.0,0.0,0.0,11685888,0,7,4,1,0,sleeping,1555,1527,0,110592,1010208,35420
2025-05-20 02:32:36,16095,2195062784,32722944,0.0,0.09805513548583318,0,13,0.21,0.1,0.0,0.0,0.0,11685888,0,6,4,1,0,sleeping,1559,1531,0,110592,1012131,35496
2025-05-20 02:32:37,16095,2195062784,32722944,0.0,0.09805513548583318,0,13,0.21,0.1,0.0,0.0,0.0,11685888,0,6,4,1,0,sleeping,1562,1534,0,110592,1014046,35564
2025-05-20 02:32:38,16095,2195062784,32722944,0.0,0.09805513548583318,0,13,0.21,0.1,0.0,0.0,0.0,11685888,0,6,4,1,0,sleeping,1565,1537,0,110592,1015962,35632
2025-05-20 02:32:39,16095,2195062784,32722944,0.0,0.09805513548583318,0,13,0.21,0.1,0.0,0.0,0.0,11685888,0,6,4,1,0,sleeping,1568,1540,0,110592,1017878,35700
2025-05-20 02:32:40,16095,2195062784,32722944,0.0,0.09805513548583318,0,13,0.21,0.1,0.0,0.0,0.0,11685888,0,6,4,1,0,sleeping,1571,1543,0,110592,1019794,35768
2025-05-20 02:32:41,16095,2195062784,32722944,0.0,0.09805513548583318,0,13,0.21,0.1,0.0,0.0,0.0,11685888,0,6,4,1,0,sleeping,1574,1546,0,110592,1021710,35836
2025-05-20 02:32:42,16095,2195062784,32722944,0.0,0.09805513548583318,0,13,0.21,0.1,0.0,0.0,0.0,11685888,0,6,4,1,0,sleeping,1578,1551,0,110592,1023634,35942
2025-05-20 02:32:43,16095,2195062784,32722944,0.0,0.09805513548583318,0,13,0.21,0.1,0.0,0.0,0.0,11685888,0,6,4,1,0,sleeping,1584,1555,0,110592,1027466,36018
2025-05-20 02:32:45,16095,2195062784,32722944,0.0,0.09805513548583318,0,13,0.21,0.1,0.0,0.0,0.0,11685888,0,6,4,1,0,sleeping,1587,1558,0,110592,1029382,36086
2025-05-20 02:32:46,16095,2195062784,32722944,0.0,0.09805513548583318,0,13,0.21,0.1,0.0,0.0,0.0,11685888,0,6,4,1,0,sleeping,1591,1562,0,110592,1031306,36162
2025-05-20 02:32:47,16095,2195062784,32722944,0.0,0.09805513548583318,0,13,0.21,0.1,0.0,0.0,0.0,11685888,0,6,4,1,0,sleeping,1594,1565,0,110592,1033222,36230
2025-05-20 02:32:48,16095,2195062784,32722944,0.0,0.09805513548583318,0,13,0.21,0.1,0.0,0.0,0.0,11685888,0,6,4,1,0,sleeping,1597,1568,0,110592,1035138,36298
2025-05-20 02:32:49,16095,2195062784,32722944,0.9,0.09805513548583318,0,13,0.22,0.1,0.0,0.0,0.0,11685888,0,6,4,1,0,sleeping,1600,1571,0,110592,1037054,36366
2025-05-20 02:32:50,16095,2195062784,32722944,0.0,0.09805513548583318,0,13,0.22,0.1,0.0,0.0,0.0,11685888,0,6,4,1,0,sleeping,1603,1574,0,110592,1038970,36434
2025-05-20 02:32:51,16095,2195062784,32722944,0.0,0.09805513548583318,0,13,0.22,0.1,0.0,0.0,0.0,11685888,0,6,4,1,0,sleeping,1606,1577,0,114688,1040886,36502
2025-05-20 02:32:52,16095,2195062784,32722944,0.0,0.09805513548583318,0,13,0.22,0.1,0.0,0.0,0.0,11685888,0,6,4,1,0,sleeping,1610,1582,0,114688,1042809,36608
2025-05-20 02:32:53,16095,2195062784,32722944,0.0,0.09805513548583318,0,13,0.22,0.1,0.0,0.0,0.0,11685888,0,6,4,1,0,sleeping,1613,1585,0,114688,1044724,36676
2025-05-20 02:32:54,16095,2195062784,32722944,0.0,0.09805513548583318,0,13,0.22,0.1,0.0,0.0,0.0,11685888,0,7,4,1,0,sleeping,1616,1588,0,114688,1046640,36744
2025-05-20 02:32:55,16095,2195062784,32722944,0.0,0.09805513548583318,0,13,0.22,0.1,0.0,0.0,0.0,11685888,0,7,4,1,0,sleeping,1618,1590,0,114688,1048548,36804
2025-05-20 02:32:56,16095,2195062784,32722944,0.0,0.09805513548583318,0,13,0.22,0.1,0.0,0.0,0.0,11685888,0,6,4,1,0,sleeping,1620,1592,0,114688,1050456,36864
2025-05-20 02:32:57,16095,2195062784,32722944,0.0,0.09805513548583318,0,13,0.22,0.1,0.0,0.0,0.0,11685888,0,7,4,1,0,sleeping,1623,1595,0,114688,1052372,36932
2025-05-20 02:32:58,16095,2195062784,32722944,0.0,0.09805513548583318,0,13,0.22,0.1,0.0,0.0,0.0,11685888,0,7,4,1,0,sleeping,1626,1598,0,114688,1054287,37000
2025-05-20 02:32:59,16095,2195062784,32722944,0.0,0.09805513548583318,0,13,0.22,0.1,0.0,0.0,0.0,11689984,0,7,4,1,0,sleeping,1630,1602,0,114688,1056210,37076
2025-05-20 02:33:00,16095,2195062784,32722944,0.0,0.09805513548583318,0,13,0.22,0.1,0.0,0.0,0.0,11689984,0,7,4,1,0,sleeping,1633,1605,0,118784,1058126,37144
2025-05-20 02:33:01,16095,2195062784,32722944,0.0,0.09805513548583318,0,13,0.22,0.1,0.0,0.0,0.0,11689984,0,7,4,1,0,sleeping,1637,1610,0,118784,1060050,37250
2025-05-20 02:33:03,16095,2195062784,32722944,0.0,0.09805513548583318,0,13,0.22,0.1,0.0,0.0,0.0,11689984,0,7,4,1,0,sleeping,1641,1612,0,118784,1063866,37310
2025-05-20 02:33:04,16095,2195062784,32722944,0.9,0.09805513548583318,0,13,0.22,0.11,0.0,0.0,0.0,11689984,0,7,4,1,0,sleeping,1644,1615,0,118784,1065782,37378
2025-05-20 02:33:05,16095,2195062784,32722944,0.0,0.09805513548583318,0,13,0.22,0.11,0.0,0.0,0.0,11689984,0,8,4,1,0,sleeping,1647,1618,0,118784,1067698,37446
2025-05-20 02:33:06,16095,2195062784,32722944,0.0,0.09805513548583318,0,13,0.22,0.11,0.0,0.0,0.0,11694080,0,8,4,1,0,sleeping,1650,1621,0,118784,1069614,37514
2025-05-20 02:33:07,16095,2195062784,32722944,0.0,0.09805513548583318,0,13,0.22,0.11,0.0,0.0,0.0,11706368,0,8,4,1,0,sleeping,1653,1624,0,118784,1071530,37582
2025-05-20 02:33:08,16095,2195062784,32722944,0.0,0.09805513548583318,0,13,0.22,0.11,0.0,0.0,0.0,11706368,0,8,4,1,0,sleeping,1657,1628,0,118784,1073453,37658
2025-05-20 02:33:09,16095,2195062784,32722944,0.0,0.09805513548583318,0,13,0.22,0.11,0.0,0.0,0.0,11714560,0,8,4,1,0,sleeping,1660,1631,0,118784,1075368,37726
2025-05-20 02:33:10,16095,2195062784,32722944,0.0,0.09805513548583318,0,13,0.22,0.11,0.0,0.0,0.0,11714560,0,8,4,1,0,sleeping,1663,1634,0,118784,1077284,37794
2025-05-20 02:33:11,16095,2195062784,32722944,0.0,0.09805513548583318,0,13,0.22,0.11,0.0,0.0,0.0,11722752,0,8,4,1,0,sleeping,1666,1638,0,118784,1079200,37892
2025-05-20 02:33:12,16095,2195062784,32722944,0.0,0.09805513548583318,0,13,0.22,0.11,0.0,0.0,0.0,11747328,0,8,4,1,0,sleeping,1669,1641,0,118784,1081116,37960
2025-05-20 02:33:13,16095,2195062784,32854016,0.0,0.09844789607358467,0,13,0.22,0.11,0.0,0.0,0.0,11767808,0,8,4,1,0,sleeping,1673,1645,0,118784,1083040,38036
2025-05-20 02:33:14,16095,2195062784,32854016,0.0,0.09844789607358467,0,13,0.22,0.11,0.0,0.0,0.0,11808768,0,7,4,1,0,sleeping,1675,1647,0,118784,1084948,38096
2025-05-20 02:33:15,16095,2195062784,32854016,0.0,0.09844789607358467,0,13,0.22,0.11,0.0,0.0,0.0,11812864,0,7,4,1,0,sleeping,1678,1650,0,118784,1086864,38164
2025-05-20 02:33:16,16095,2195062784,32854016,0.9,0.09844789607358467,0,13,0.23,0.11,0.0,0.0,0.0,11816960,0,7,4,1,0,sleeping,1681,1653,0,118784,1088780,38232
2025-05-20 02:33:17,16095,2195062784,32854016,0.0,0.09844789607358467,0,13,0.23,0.11,0.0,0.0,0.0,11816960,0,7,4,1,0,sleeping,1684,1656,0,118784,1090696,38300
2025-05-20 02:33:18,16095,2195062784,32854016,0.0,0.09844789607358467,0,13,0.23,0.11,0.0,0.0,0.0,11816960,0,7,4,1,0,sleeping,1688,1661,0,118784,1092620,38406
2025-05-20 02:33:20,16095,2195062784,32854016,0.0,0.09844789607358467,0,13,0.23,0.11,0.0,0.0,0.0,11816960,0,7,4,1,0,sleeping,1691,1664,0,118784,1094536,38474
2025-05-20 02:33:21,16095,2195062784,32854016,0.0,0.09844789607358467,0,13,0.23,0.11,0.0,0.0,0.0,11816960,0,7,4,1,0,sleeping,1696,1667,0,118784,1098360,38542
2025-05-20 02:33:22,16095,2195062784,32854016,0.0,0.09844789607358467,0,13,0.23,0.11,0.0,0.0,0.0,11816960,0,7,4,1,0,sleeping,1699,1670,0,122880,1100276,38610
2025-05-20 02:33:23,16095,2195062784,32854016,0.0,0.09844789607358467,0,13,0.23,0.11,0.0,0.0,0.0,11816960,0,7,4,1,0,sleeping,1702,1673,0,122880,1102192,38678
2025-05-20 02:33:24,16095,2195062784,32854016,0.0,0.09844789607358467,0,13,0.23,0.11,0.0,0.0,0.0,11816960,0,7,4,1,0,sleeping,1706,1677,0,122880,1104116,38754
2025-05-20 02:33:25,16095,2195062784,32854016,0.0,0.09844789607358467,0,13,0.23,0.11,0.0,0.0,0.0,11816960,0,7,4,1,0,sleeping,1709,1680,0,122880,1106032,38822
2025-05-20 02:33:26,16095,2195062784,32854016,0.0,0.09844789607358467,0,13,0.23,0.11,0.0,0.0,0.0,11816960,0,7,4,1,0,sleeping,1713,1684,0,122880,1107956,38898
2025-05-20 02:33:27,16095,2195062784,32854016,0.0,0.09844789607358467,0,13,0.23,0.11,0.0,0.0,0.0,11816960,0,7,4,1,0,sleeping,1716,1688,0,122880,1109872,38996
2025-05-20 02:33:28,16095,2195062784,32854016,0.0,0.09844789607358467,0,13,0.23,0.11,0.0,0.0,0.0,11816960,0,7,4,1,0,sleeping,1718,1690,0,122880,1111780,39056
2025-05-20 02:33:29,16095,2195062784,32854016,0.0,0.09844789607358467,0,13,0.23,0.11,0.0,0.0,0.0,11816960,0,7,4,1,0,sleeping,1721,1693,0,122880,1113696,39124
2025-05-20 02:33:30,16095,2195062784,32854016,0.0,0.09844789607358467,0,13,0.23,0.11,0.0,0.0,0.0,11821056,0,7,4,1,0,sleeping,1725,1697,0,122880,1115620,39200
2025-05-20 02:33:31,16095,2195062784,32854016,0.0,0.09844789607358467,0,13,0.23,0.11,0.0,0.0,0.0,11821056,0,7,4,1,0,sleeping,1728,1700,0,122880,1117536,39268
2025-05-20 02:33:32,16095,2195062784,32854016,0.0,0.09844789607358467,0,13,0.23,0.11,0.0,0.0,0.0,11821056,0,8,4,1,0,sleeping,1731,1703,0,122880,1119452,39336
2025-05-20 02:33:33,16095,2195062784,32854016,0.0,0.09844789607358467,0,13,0.23,0.11,0.0,0.0,0.0,11821056,0,8,4,1,0,sleeping,1735,1707,0,122880,1121376,39412
2025-05-20 02:33:34,16095,2195062784,32854016,0.0,0.09844789607358467,0,13,0.23,0.11,0.0,0.0,0.0,11821056,0,8,4,1,0,sleeping,1738,1710,0,122880,1123292,39480
2025-05-20 02:33:35,16095,2195062784,32854016,0.0,0.09844789607358467,0,13,0.23,0.11,0.0,0.0,0.0,11821056,0,8,4,1,0,sleeping,1741,1713,0,122880,1125208,39548
2025-05-20 02:33:36,16095,2195062784,32854016,0.0,0.09844789607358467,0,13,0.23,0.11,0.0,0.0,0.0,11821056,0,8,4,1,0,sleeping,1745,1718,0,122880,1127132,39654
2025-05-20 02:33:38,16095,2195062784,32854016,0.0,0.09844789607358467,0,13,0.23,0.11,0.0,0.0,0.0,11821056,0,8,4,1,0,sleeping,1748,1721,0,122880,1129048,39722
2025-05-20 02:33:39,16095,2195062784,32854016,0.0,0.09844789607358467,0,13,0.23,0.11,0.0,0.0,0.0,11821056,0,8,4,1,0,sleeping,1753,1724,0,122880,1132869,39790
2025-05-20 02:33:40,16095,2195062784,32854016,0.9,0.09844789607358467,0,13,0.23,0.12,0.0,0.0,0.0,11821056,0,7,4,1,0,sleeping,1756,1727,0,122880,1134784,39858
2025-05-20 02:33:41,16095,2195062784,32854016,0.0,0.09844789607358467,0,13,0.23,0.12,0.0,0.0,0.0,11821056,0,7,4,1,0,sleeping,1761,1732,0,122880,1136716,39942
2025-05-20 02:33:42,16095,2195062784,32854016,0.0,0.09844789607358467,0,13,0.23,0.12,0.0,0.0,0.0,11821056,0,7,4,1,0,sleeping,1764,1735,0,122880,1138632,40010
2025-05-20 02:33:43,16095,2195062784,32854016,0.0,0.09844789607358467,0,13,0.23,0.12,0.0,0.0,0.0,11821056,0,7,4,1,0,sleeping,1767,1738,0,122880,1140548,40078
2025-05-20 02:33:44,16095,2195062784,32854016,0.0,0.09844789607358467,0,13,0.23,0.12,0.0,0.0,0.0,11821056,0,7,4,1,0,sleeping,1770,1741,0,122880,1142464,40146
2025-05-20 02:33:45,16095,2195062784,32854016,0.0,0.09844789607358467,0,13,0.23,0.12,0.0,0.0,0.0,11821056,0,7,4,1,0,sleeping,1773,1744,0,122880,1144380,40214
2025-05-20 02:33:46,16095,2195062784,32854016,0.0,0.09844789607358467,0,13,0.23,0.12,0.0,0.0,0.0,11821056,0,7,4,1,0,sleeping,1777,1749,0,122880,1146304,40320
2025-05-20 02:33:47,16095,2195062784,32854016,0.0,0.09844789607358467,0,13,0.23,0.12,0.0,0.0,0.0,11821056,0,7,4,1,0,sleeping,1779,1751,0,122880,1148211,40380
2025-05-20 02:33:48,16095,2195062784,32854016,0.0,0.09844789607358467,0,13,0.23,0.12,0.0,0.0,0.0,11821056,0,8,4,1,0,sleeping,1782,1754,0,122880,1150126,40448
2025-05-20 02:33:49,16095,2195062784,32854016,0.0,0.09844789607358467,0,13,0.23,0.12,0.0,0.0,0.0,11821056,0,8,4,1,0,sleeping,1785,1757,0,122880,1152042,40516
2025-05-20 02:33:50,16095,2195062784,32854016,0.0,0.09844789607358467,0,13,0.23,0.12,0.0,0.0,0.0,11821056,0,8,4,1,0,sleeping,1788,1760,0,122880,1153958,40584
2025-05-20 02:33:51,16095,2195062784,32854016,0.0,0.09844789607358467,0,13,0.23,0.12,0.0,0.0,0.0,11821056,0,7,4,1,0,sleeping,1791,1763,0,122880,1155874,40652
2025-05-20 02:33:52,16095,2195062784,32854016,0.0,0.09844789607358467,0,13,0.23,0.12,0.0,0.0,0.0,11821056,0,7,4,1,0,sleeping,1793,1765,0,126976,1157782,40712
2025-05-20 02:33:53,16095,2195062784,32854016,0.0,0.09844789607358467,0,13,0.23,0.12,0.0,0.0,0.0,11821056,0,7,4,1,0,sleeping,1795,1767,0,126976,1159690,40772
2025-05-20 02:33:54,16095,2195062784,32854016,0.0,0.09844789607358467,0,13,0.23,0.12,0.0,0.0,0.0,11821056,0,7,4,1,0,sleeping,1797,1769,0,126976,1161598,40832
2025-05-20 02:33:55,16095,2195062784,32854016,0.0,0.09844789607358467,0,13,0.23,0.12,0.0,0.0,0.0,11821056,0,7,4,1,0,sleeping,1800,1773,0,126976,1163514,40930
2025-05-20 02:33:57,16095,2195062784,32854016,0.0,0.09844789607358467,0,13,0.23,0.12,0.0,0.0,0.0,11821056,0,7,4,1,0,sleeping,1802,1775,0,126976,1165421,40990
2025-05-20 02:33:58,16095,2195062784,32854016,0.0,0.09844789607358467,0,13,0.23,0.12,0.0,0.0,0.0,11821056,0,7,4,1,0,sleeping,1805,1778,0,126976,1167336,41058
2025-05-20 02:33:59,16095,2195062784,32854016,0.0,0.09844789607358467,0,13,0.23,0.12,0.0,0.0,0.0,11821056,0,7,4,1,0,sleeping,1811,1782,0,126976,1171168,41134
2025-05-20 02:34:00,16095,2195062784,32854016,0.0,0.09844789607358467,0,13,0.23,0.12,0.0,0.0,0.0,11821056,0,8,4,1,0,sleeping,1815,1786,0,126976,1173092,41210
2025-05-20 02:34:01,16095,2195062784,32854016,0.9,0.09844789607358467,0,13,0.23,0.13,0.0,0.0,0.0,11821056,0,8,4,1,0,sleeping,1817,1788,0,126976,1175000,41270
2025-05-20 02:34:02,16095,2195062784,32854016,0.0,0.09844789607358467,0,13,0.23,0.13,0.0,0.0,0.0,11821056,0,7,4,1,0,sleeping,1820,1791,0,126976,1176916,41338
2025-05-20 02:34:03,16095,2195062784,32854016,0.0,0.09844789607358467,0,13,0.23,0.13,0.0,0.0,0.0,11821056,0,7,4,1,0,sleeping,1823,1794,0,126976,1178832,41406
2025-05-20 02:34:04,16095,2195062784,32854016,0.0,0.09844789607358467,0,13,0.23,0.13,0.0,0.0,0.0,11821056,0,8,4,1,0,sleeping,1827,1799,0,126976,1180755,41512
2025-05-20 02:34:05,16095,2195062784,32854016,0.0,0.09844789607358467,0,13,0.23,0.13,0.0,0.0,0.0,11821056,0,8,4,1,0,sleeping,1831,1803,0,126976,1182678,41588
2025-05-20 02:34:06,16095,2195062784,32854016,0.0,0.09844789607358467,0,13,0.23,0.13,0.0,0.0,0.0,11821056,0,8,4,1,0,sleeping,1835,1807,0,126976,1184602,41664
2025-05-20 02:34:07,16095,2195062784,32854016,0.0,0.09844789607358467,0,13,0.23,0.13,0.0,0.0,0.0,11821056,0,8,4,1,0,sleeping,1838,1810,0,126976,1186517,41732
2025-05-20 02:34:08,16095,2195062784,32854016,0.0,0.09844789607358467,0,13,0.23,0.13,0.0,0.0,0.0,11821056,0,8,4,1,0,sleeping,1840,1812,0,131072,1188424,41792
2025-05-20 02:34:09,16095,2195062784,32854016,0.0,0.09844789607358467,0,13,0.23,0.13,0.0,0.0,0.0,11821056,0,8,4,1,0,sleeping,1843,1815,0,131072,1190340,41860
2025-05-20 02:34:10,16095,2195062784,32854016,0.0,0.09844789607358467,0,13,0.23,0.13,0.0,0.0,0.0,11821056,0,8,4,1,0,sleeping,1847,1819,0,131072,1192264,41936
2025-05-20 02:34:11,16095,2195062784,32854016,0.0,0.09844789607358467,0,13,0.23,0.13,0.0,0.0,0.0,11821056,0,7,4,1,0,sleeping,1851,1823,0,131072,1194188,42012
2025-05-20 02:34:12,16095,2195062784,32854016,0.0,0.09844789607358467,0,13,0.23,0.13,0.0,0.0,0.0,11821056,0,7,4,1,0,sleeping,1854,1826,0,131072,1196103,42080
2025-05-20 02:34:13,16095,2195062784,32854016,0.9,0.09844789607358467,0,13,0.24,0.13,0.0,0.0,0.0,11821056,0,7,4,1,0,sleeping,1857,1830,0,131072,1198018,42178
2025-05-20 02:34:15,16095,2195062784,32854016,0.0,0.09844789607358467,0,13,0.24,0.13,0.0,0.0,0.0,11821056,0,8,4,1,0,sleeping,1860,1833,0,131072,1199934,42246
2025-05-20 02:34:16,16095,2195062784,32854016,0.0,0.09844789607358467,0,13,0.24,0.13,0.0,0.0,0.0,11821056,0,8,4,1,0,sleeping,1863,1836,0,131072,1201850,42314
2025-05-20 02:34:17,16095,2195062784,32854016,0.0,0.09844789607358467,0,13,0.24,0.13,0.0,0.0,0.0,11821056,0,8,4,1,0,sleeping,1868,1839,0,131072,1205674,42382
2025-05-20 02:34:18,16095,2195062784,32854016,0.0,0.09844789607358467,0,13,0.24,0.13,0.0,0.0,0.0,11821056,0,8,4,1,0,sleeping,1872,1843,0,131072,1207598,42458
2025-05-20 02:34:19,16095,2195062784,32854016,0.0,0.09844789607358467,0,13,0.24,0.13,0.0,0.0,0.0,11821056,0,8,4,1,0,sleeping,1874,1845,0,131072,1209506,42518
2025-05-20 02:34:20,16095,2195062784,32854016,0.0,0.09844789607358467,0,13,0.24,0.13,0.0,0.0,0.0,11821056,0,8,4,1,0,sleeping,1877,1848,0,131072,1211422,42586
2025-05-20 02:34:21,16095,2195062784,32854016,0.0,0.09844789607358467,0,13,0.24,0.13,0.0,0.0,0.0,11821056,0,8,4,1,0,sleeping,1880,1851,0,131072,1213338,42654
2025-05-20 02:34:22,16095,2195062784,32854016,0.0,0.09844789607358467,0,13,0.24,0.13,0.0,0.0,0.0,11821056,0,8,4,1,0,sleeping,1882,1854,0,131072,1215246,42744
2025-05-20 02:34:23,16095,2195062784,32854016,0.0,0.09844789607358467,0,13,0.24,0.13,0.0,0.0,0.0,11821056,0,8,4,1,0,sleeping,1885,1857,0,135168,1217162,42812
2025-05-20 02:34:24,16095,2195062784,32854016,0.0,0.09844789607358467,0,13,0.24,0.13,0.0,0.0,0.0,11821056,0,8,4,1,0,sleeping,1888,1860,0,135168,1219078,42880
2025-05-20 02:34:25,16095,2195062784,32854016,0.0,0.09844789607358467,0,13,0.24,0.13,0.0,0.0,0.0,11821056,0,8,4,1,0,sleeping,1890,1862,0,135168,1220985,42940
2025-05-20 02:34:26,16095,2195062784,32854016,0.0,0.09844789607358467,0,13,0.24,0.13,0.0,0.0,0.0,11821056,0,8,4,1,0,sleeping,1893,1865,0,135168,1222900,43008
2025-05-20 02:34:27,16095,2195062784,32854016,0.0,0.09844789607358467,0,13,0.24,0.13,0.0,0.0,0.0,11821056,0,8,4,1,0,sleeping,1896,1868,0,135168,1224816,43076
2025-05-20 02:34:28,16095,2195062784,32854016,0.0,0.09844789607358467,0,13,0.24,0.13,0.0,0.0,0.0,11821056,0,8,4,1,0,sleeping,1900,1872,0,135168,1226740,43152
2025-05-20 02:34:29,16095,2195062784,32854016,0.0,0.09844789607358467,0,13,0.24,0.13,0.0,0.0,0.0,11821056,0,8,4,1,0,sleeping,1903,1875,0,135168,1228656,43220
2025-05-20 02:34:30,16095,2195062784,32854016,0.0,0.09844789607358467,0,13,0.24,0.13,0.0,0.0,0.0,11821056,0,8,4,1,0,sleeping,1907,1880,0,135168,1230580,43326
2025-05-20 02:34:31,16095,2195062784,32854016,0.0,0.09844789607358467,0,13,0.24,0.13,0.0,0.0,0.0,11821056,0,8,4,1,0,sleeping,1910,1883,0,135168,1232496,43394
2025-05-20 02:34:33,16095,2195062784,32854016,0.0,0.09844789607358467,0,13,0.24,0.13,0.0,0.0,0.0,11821056,0,8,4,1,0,sleeping,1914,1887,0,135168,1234420,43470
2025-05-20 02:34:34,16095,2195062784,32854016,0.0,0.09844789607358467,0,13,0.24,0.13,0.0,0.0,0.0,11821056,0,8,4,1,0,sleeping,1917,1890,0,135168,1236336,43538
2025-05-20 02:34:35,16095,2195062784,32854016,0.0,0.09844789607358467,0,13,0.24,0.13,0.0,0.0,0.0,11821056,0,8,4,1,0,sleeping,1920,1893,0,135168,1238252,43606
2025-05-20 02:34:36,16095,2195062784,32854016,0.0,0.09844789607358467,0,13,0.24,0.13,0.0,0.0,0.0,11821056,0,8,4,1,0,sleeping,1925,1896,0,135168,1242076,43674
2025-05-20 02:34:37,16095,2195062784,32854016,0.0,0.09844789607358467,0,13,0.24,0.13,0.0,0.0,0.0,11821056,0,8,4,1,0,sleeping,1928,1899,0,135168,1243991,43742
2025-05-20 02:34:38,16095,2195062784,32854016,0.9,0.09844789607358467,0,13,0.25,0.13,0.0,0.0,0.0,11821056,0,8,4,1,0,sleeping,1931,1902,0,135168,1245906,43810
2025-05-20 02:34:39,16095,2195062784,32854016,0.0,0.09844789607358467,0,13,0.25,0.13,0.0,0.0,0.0,11821056,0,8,4,1,0,sleeping,1935,1906,0,135168,1247830,43886
2025-05-20 02:34:40,16095,2195062784,32854016,0.0,0.09844789607358467,0,13,0.25,0.13,0.0,0.0,0.0,11821056,0,8,4,1,0,sleeping,1939,1911,0,135168,1249754,43992
2025-05-20 02:34:41,16095,2195062784,32854016,0.0,0.09844789607358467,0,13,0.25,0.13,0.0,0.0,0.0,11821056,0,8,4,1,0,sleeping,1943,1915,0,135168,1251678,44068
2025-05-20 02:34:42,16095,2195062784,32854016,0.0,0.09844789607358467,0,13,0.25,0.13,0.0,0.0,0.0,11821056,0,8,4,1,0,sleeping,1946,1918,0,135168,1253594,44136
2025-05-20 02:34:43,16095,2195062784,32854016,0.0,0.09844789607358467,0,13,0.25,0.13,0.0,0.0,0.0,11821056,0,8,4,1,0,sleeping,1949,1921,0,135168,1255510,44204
2025-05-20 02:34:44,16095,2195062784,32854016,0.0,0.09844789607358467,0,13,0.25,0.13,0.0,0.0,0.0,11821056,0,8,4,1,0,sleeping,1952,1924,0,135168,1257426,44272
2025-05-20 02:34:45,16095,2195062784,32854016,0.0,0.09844789607358467,0,13,0.25,0.13,0.0,0.0,0.0,11821056,0,8,4,1,0,sleeping,1955,1927,0,135168,1259342,44340
2025-05-20 02:34:46,16095,2195062784,32854016,0.0,0.09844789607358467,0,13,0.25,0.13,0.0,0.0,0.0,11821056,0,8,4,1,0,sleeping,1957,1929,0,135168,1261250,44400
2025-05-20 02:34:47,16095,2195062784,32854016,0.0,0.09844789607358467,0,13,0.25,0.13,0.0,0.0,0.0,11821056,0,7,4,1,0,sleeping,1960,1932,0,135168,1263166,44468
2025-05-20 02:34:48,16095,2195062784,32854016,0.0,0.09844789607358467,0,13,0.25,0.13,0.0,0.0,0.0,11821056,0,7,4,1,0,sleeping,1963,1935,0,135168,1265082,44536
2025-05-20 02:34:49,16095,2195062784,32854016,0.0,0.09844789607358467,0,13,0.25,0.13,0.0,0.0,0.0,11821056,0,7,4,1,0,sleeping,1965,1938,0,135168,1266990,44626
2025-05-20 02:34:51,16095,2195062784,32854016,0.0,0.09844789607358467,0,13,0.25,0.13,0.0,0.0,0.0,11821056,0,7,4,1,0,sleeping,1968,1941,0,135168,1268906,44694
2025-05-20 02:34:52,16095,2195062784,32854016,0.0,0.09844789607358467,0,13,0.25,0.13,0.0,0.0,0.0,11821056,0,7,4,1,0,sleeping,1971,1944,0,135168,1270822,44762
2025-05-20 02:34:53,16095,2195062784,32854016,0.0,0.09844789607358467,0,13,0.25,0.13,0.0,0.0,0.0,11821056,0,7,4,1,0,sleeping,1975,1948,0,135168,1272746,44838
2025-05-20 02:34:54,16095,2195062784,32854016,0.0,0.09844789607358467,0,13,0.25,0.13,0.0,0.0,0.0,11821056,0,7,4,1,0,sleeping,1977,1950,0,135168,1274654,44898
2025-05-20 02:34:55,16095,2195062784,32854016,0.9,0.09844789607358467,0,13,0.26,0.13,0.0,0.0,0.0,11821056,0,7,4,1,0,sleeping,1983,1954,0,135168,1278486,44974
2025-05-20 02:34:56,16095,2195062784,32854016,0.0,0.09844789607358467,0,13,0.26,0.13,0.0,0.0,0.0,11821056,0,7,4,1,0,sleeping,1986,1957,0,135168,1280402,45042
2025-05-20 02:34:57,16095,2195062784,32854016,0.0,0.09844789607358467,0,13,0.26,0.13,0.0,0.0,0.0,11821056,0,7,4,1,0,sleeping,1989,1960,0,139264,1282318,45110
2025-05-20 02:34:58,16095,2195062784,32854016,0.0,0.09844789607358467,0,13,0.26,0.13,0.0,0.0,0.0,11821056,0,7,4,1,0,sleeping,1992,1964,0,139264,1284234,45208
2025-05-20 02:34:59,16095,2195062784,32854016,0.0,0.09844789607358467,0,13,0.26,0.13,0.0,0.0,0.0,11821056,0,7,4,1,0,sleeping,1995,1967,0,139264,1286150,45276
2025-05-20 02:35:00,16095,2195062784,32854016,0.0,0.09844789607358467,0,13,0.26,0.13,0.0,0.0,0.0,11821056,0,7,4,1,0,sleeping,1997,1969,0,139264,1288058,45336
2025-05-20 02:35:01,16095,2195062784,32854016,0.0,0.09844789607358467,0,13,0.26,0.13,0.0,0.0,0.0,11821056,0,6,4,1,0,sleeping,2001,1973,0,139264,1289982,45412
2025-05-20 02:35:02,16095,2195062784,32854016,0.0,0.09844789607358467,0,13,0.26,0.13,0.0,0.0,0.0,11821056,0,6,4,1,0,sleeping,2004,1976,0,139264,1291898,45480
2025-05-20 02:35:03,16095,2195062784,32854016,0.0,0.09844789607358467,0,13,0.26,0.13,0.0,0.0,0.0,11821056,0,6,4,1,0,sleeping,2007,1979,0,139264,1293814,45548
2025-05-20 02:35:04,16095,2195062784,32854016,0.0,0.09844789607358467,0,13,0.26,0.13,0.0,0.0,0.0,11821056,0,6,4,1,0,sleeping,2010,1982,0,139264,1295730,45616
2025-05-20 02:35:05,16095,2195062784,32854016,0.0,0.09844789607358467,0,13,0.26,0.13,0.0,0.0,0.0,11821056,0,6,4,1,0,sleeping,2012,1984,0,139264,1297638,45676
2025-05-20 02:35:06,16095,2195062784,32854016,0.0,0.09844789607358467,0,13,0.26,0.13,0.0,0.0,0.0,11821056,0,6,4,1,0,sleeping,2014,1986,0,139264,1299546,45736
2025-05-20 02:35:07,16095,2195062784,32854016,0.0,0.09844789607358467,0,13,0.26,0.13,0.0,0.0,0.0,11825152,0,6,4,1,0,sleeping,2016,1989,0,139264,1301454,45826
2025-05-20 02:35:09,16095,2195062784,32854016,0.0,0.09844789607358467,0,13,0.26,0.13,0.0,0.0,0.0,11825152,0,6,4,1,0,sleeping,2018,1991,0,139264,1303362,45886
2025-05-20 02:35:10,16095,2195062784,32854016,0.0,0.09844789607358467,0,13,0.26,0.13,0.0,0.0,0.0,11825152,0,6,4,1,0,sleeping,2020,1993,0,139264,1305270,45946
2025-05-20 02:35:11,16095,2195062784,32854016,0.0,0.09844789607358467,0,13,0.26,0.13,0.0,0.0,0.0,11825152,0,6,4,1,0,sleeping,2023,1996,0,139264,1307186,46014
2025-05-20 02:35:12,16095,2195062784,32854016,0.0,0.09844789607358467,0,13,0.26,0.13,0.0,0.0,0.0,11829248,0,6,4,1,0,sleeping,2026,1999,0,139264,1309102,46082
2025-05-20 02:35:13,16095,2195062784,32854016,0.0,0.09844789607358467,0,13,0.26,0.13,0.0,0.0,0.0,11829248,0,6,4,1,0,sleeping,2031,2002,0,139264,1312926,46150
2025-05-20 02:35:14,16095,2195062784,32854016,0.0,0.09844789607358467,0,13,0.26,0.13,0.0,0.0,0.0,11829248,0,6,4,1,0,sleeping,2034,2005,0,139264,1314842,46218
2025-05-20 02:35:15,16095,2195062784,32854016,0.0,0.09844789607358467,0,13,0.26,0.13,0.0,0.0,0.0,11829248,0,6,4,1,0,sleeping,2037,2008,0,139264,1316758,46286
2025-05-20 02:35:16,16095,2195062784,32854016,0.0,0.09844789607358467,0,13,0.26,0.13,0.0,0.0,0.0,11829248,0,7,4,1,0,sleeping,2039,2011,0,139264,1318666,46376
2025-05-20 02:35:17,16095,2195062784,32854016,0.9,0.09844789607358467,0,13,0.27,0.13,0.0,0.0,0.0,11829248,0,7,4,1,0,sleeping,2042,2014,0,143360,1320582,46444
2025-05-20 02:35:18,16095,2195062784,32854016,0.0,0.09844789607358467,0,13,0.27,0.13,0.0,0.0,0.0,11829248,0,7,4,1,0,sleeping,2045,2017,0,143360,1322498,46512
2025-05-20 02:35:19,16095,2195062784,32854016,0.0,0.09844789607358467,0,13,0.27,0.13,0.0,0.0,0.0,11829248,0,7,4,1,0,sleeping,2049,2021,0,143360,1324421,46588
2025-05-20 02:35:20,16095,2195062784,32854016,0.0,0.09844789607358467,0,13,0.27,0.13,0.0,0.0,0.0,11829248,0,7,4,1,0,sleeping,2053,2025,0,143360,1326344,46664
2025-05-20 02:35:21,16095,2195062784,32854016,0.0,0.09844789607358467,0,13,0.27,0.13,0.0,0.0,0.0,11829248,0,7,4,1,0,sleeping,2056,2028,0,143360,1328260,46732
2025-05-20 02:35:22,16095,2195062784,32854016,0.0,0.09844789607358467,0,13,0.27,0.13,0.0,0.0,0.0,11829248,0,7,4,1,0,sleeping,2059,2031,0,143360,1330176,46800
2025-05-20 02:35:23,16095,2195062784,32854016,0.0,0.09844789607358467,0,13,0.27,0.13,0.0,0.0,0.0,11829248,0,7,4,1,0,sleeping,2062,2034,0,143360,1332092,46868
2025-05-20 02:35:24,16095,2195062784,32854016,0.0,0.09844789607358467,0,13,0.27,0.13,0.0,0.0,0.0,11829248,0,7,4,1,0,sleeping,2065,2037,0,143360,1334008,46936
2025-05-20 02:35:25,16095,2195062784,32854016,0.0,0.09844789607358467,0,13,0.27,0.13,0.0,0.0,0.0,11829248,0,7,4,1,0,sleeping,2068,2041,0,143360,1335924,47034
2025-05-20 02:35:27,16095,2195062784,32854016,0.0,0.09844789607358467,0,13,0.27,0.13,0.0,0.0,0.0,11829248,0,7,4,1,0,sleeping,2072,2045,0,147456,1337847,47110
2025-05-20 02:35:28,16095,2195062784,32854016,0.0,0.09844789607358467,0,13,0.27,0.13,0.0,0.0,0.0,11829248,0,7,4,1,0,sleeping,2076,2049,0,147456,1339770,47186
2025-05-20 02:35:29,16095,2195062784,32854016,0.0,0.09844789607358467,0,13,0.27,0.13,0.0,0.0,0.0,11829248,0,7,4,1,0,sleeping,2079,2052,0,147456,1341686,47254
2025-05-20 02:35:30,16095,2195062784,32854016,0.0,0.09844789607358467,0,13,0.27,0.13,0.0,0.0,0.0,11829248,0,7,4,1,0,sleeping,2082,2055,0,147456,1343602,47322
2025-05-20 02:35:31,16095,2195062784,32854016,0.0,0.09844789607358467,0,13,0.27,0.13,0.0,0.0,0.0,11829248,0,7,4,1,0,sleeping,2084,2057,0,147456,1345509,47382
2025-05-20 02:35:32,16095,2195062784,32854016,0.0,0.09844789607358467,0,13,0.27,0.13,0.0,0.0,0.0,11829248,0,7,4,1,0,sleeping,2090,2061,0,147456,1349340,47458
2025-05-20 02:35:33,16095,2195062784,32854016,0.0,0.09844789607358467,0,13,0.27,0.13,0.0,0.0,0.0,11829248,0,7,4,1,0,sleeping,2092,2063,0,147456,1351248,47518
2025-05-20 02:35:34,16095,2195062784,32854016,0.0,0.09844789607358467,0,13,0.27,0.13,0.0,0.0,0.0,11829248,0,7,4,1,0,sleeping,2096,2068,0,147456,1353172,47624
2025-05-20 02:35:35,16095,2195062784,32854016,0.0,0.09844789607358467,0,13,0.27,0.13,0.0,0.0,0.0,11829248,0,7,4,1,0,sleeping,2099,2071,0,147456,1355087,47692
2025-05-20 02:35:36,16095,2195062784,32854016,0.0,0.09844789607358467,0,13,0.27,0.13,0.0,0.0,0.0,11829248,0,7,4,1,0,sleeping,2102,2074,0,147456,1357002,47760
2025-05-20 02:35:37,16095,2195062784,32854016,0.0,0.09844789607358467,0,13,0.27,0.13,0.0,0.0,0.0,11829248,0,7,4,1,0,sleeping,2107,2079,0,147456,1358934,47844
2025-05-20 02:35:38,16095,2195062784,32854016,0.0,0.09844789607358467,0,13,0.27,0.13,0.0,0.0,0.0,11829248,0,7,4,1,0,sleeping,2110,2082,0,147456,1360850,47912
2025-05-20 02:35:39,16095,2195062784,32854016,0.0,0.09844789607358467,0,13,0.27,0.13,0.0,0.0,0.0,11829248,0,6,4,1,0,sleeping,2113,2085,0,147456,1362766,47980
2025-05-20 02:35:40,16095,2195062784,32854016,0.9,0.09844789607358467,0,13,0.27,0.14,0.0,0.0,0.0,11829248,0,6,4,1,0,sleeping,2115,2087,0,147456,1364674,48040
2025-05-20 02:35:41,16095,2195062784,32854016,0.0,0.09844789607358467,0,13,0.27,0.14,0.0,0.0,0.0,11829248,0,6,4,1,0,sleeping,2117,2089,0,147456,1366582,48100
2025-05-20 02:35:42,16095,2195062784,32854016,0.0,0.09844789607358467,0,13,0.27,0.14,0.0,0.0,0.0,11829248,0,6,4,1,0,sleeping,2119,2091,0,147456,1368489,48160
2025-05-20 02:35:43,16095,2195062784,32854016,0.0,0.09844789607358467,0,13,0.27,0.14,0.0,0.0,0.0,11829248,0,6,4,1,0,sleeping,2121,2094,0,147456,1370396,48250
2025-05-20 02:35:45,16095,2195062784,32854016,0.0,0.09844789607358467,0,13,0.27,0.14,0.0,0.0,0.0,11829248,0,6,4,1,0,sleeping,2125,2098,0,147456,1372320,48326
2025-05-20 02:35:46,16095,2195062784,32854016,0.0,0.09844789607358467,0,13,0.27,0.14,0.0,0.0,0.0,11829248,0,7,4,1,0,sleeping,2129,2102,0,147456,1374244,48402
2025-05-20 02:35:47,16095,2195062784,32854016,0.0,0.09844789607358467,0,13,0.27,0.14,0.0,0.0,0.0,11829248,0,7,4,1,0,sleeping,2132,2105,0,147456,1376160,48470
2025-05-20 02:35:48,16095,2195062784,32854016,0.0,0.09844789607358467,0,13,0.27,0.14,0.0,0.0,0.0,11829248,0,7,4,1,0,sleeping,2135,2108,0,147456,1378076,48538
2025-05-20 02:35:49,16095,2195062784,32854016,0.0,0.09844789607358467,0,13,0.27,0.14,0.0,0.0,0.0,11829248,0,7,4,1,0,sleeping,2138,2111,0,147456,1379992,48606
2025-05-20 02:35:50,16095,2195062784,32854016,0.0,0.09844789607358467,0,13,0.27,0.14,0.0,0.0,0.0,11829248,0,7,4,1,0,sleeping,2140,2113,0,147456,1381900,48666
2025-05-20 02:35:51,16095,2195062784,32854016,0.0,0.09844789607358467,0,13,0.27,0.14,0.0,0.0,0.0,11829248,0,7,4,1,0,sleeping,2147,2118,0,147456,1385740,48750
2025-05-20 02:35:52,16095,2195062784,32854016,0.0,0.09844789607358467,0,13,0.27,0.14,0.0,0.0,0.0,11829248,0,7,4,1,0,sleeping,2150,2122,0,147456,1387656,48848
2025-05-20 02:35:53,16095,2195062784,32854016,0.0,0.09844789607358467,0,13,0.27,0.14,0.0,0.0,0.0,11829248,0,6,4,1,0,sleeping,2153,2125,0,147456,1389572,48916
2025-05-20 02:35:54,16095,2195062784,32854016,0.0,0.09844789607358467,0,13,0.27,0.14,0.0,0.0,0.0,11829248,0,6,4,1,0,sleeping,2157,2129,0,147456,1391496,48992
2025-05-20 02:35:55,16095,2195062784,32854016,0.0,0.09844789607358467,0,13,0.27,0.14,0.0,0.0,0.0,11829248,0,7,4,1,0,sleeping,2161,2133,0,147456,1393420,49068
2025-05-20 02:35:56,16095,2195062784,32854016,0.9,0.09844789607358467,0,13,0.28,0.14,0.0,0.0,0.0,11829248,0,6,4,1,0,sleeping,2164,2136,0,147456,1395336,49136
2025-05-20 02:35:57,16095,2195062784,32854016,0.0,0.09844789607358467,0,13,0.28,0.14,0.0,0.0,0.0,11829248,0,7,4,1,0,sleeping,2169,2141,0,151552,1397268,49220
2025-05-20 02:35:58,16095,2195062784,32854016,0.0,0.09844789607358467,0,13,0.28,0.14,0.0,0.0,0.0,11829248,0,7,4,1,0,sleeping,2174,2146,0,151552,1399200,49304
2025-05-20 02:35:59,16095,2195062784,32854016,0.0,0.09844789607358467,0,13,0.28,0.14,0.0,0.0,0.0,11829248,0,7,4,1,0,sleeping,2177,2149,0,151552,1401116,49372
2025-05-20 02:36:00,16095,2195062784,32854016,0.0,0.09844789607358467,0,13,0.28,0.14,0.0,0.0,0.0,11829248,0,7,4,1,0,sleeping,2179,2152,0,151552,1403024,49462
2025-05-20 02:36:01,16095,2195062784,32854016,0.0,0.09844789607358467,0,13,0.28,0.14,0.0,0.0,0.0,11829248,0,7,4,1,0,sleeping,2183,2156,0,151552,1404948,49538
2025-05-20 02:36:03,16095,2195062784,32854016,0.0,0.09844789607358467,0,13,0.28,0.14,0.0,0.0,0.0,11829248,0,7,4,1,0,sleeping,2187,2160,0,151552,1406872,49614
2025-05-20 02:36:04,16095,2195062784,32854016,0.0,0.09844789607358467,0,13,0.28,0.14,0.0,0.0,0.0,11829248,0,7,4,1,0,sleeping,2190,2163,0,151552,1408788,49682
2025-05-20 02:36:05,16095,2195062784,32854016,0.0,0.09844789607358467,0,13,0.28,0.14,0.0,0.0,0.0,11829248,0,7,4,1,0,sleeping,2193,2166,0,151552,1410704,49750
2025-05-20 02:36:06,16095,2195062784,32854016,0.0,0.09844789607358467,0,13,0.28,0.14,0.0,0.0,0.0,11829248,0,7,4,1,0,sleeping,2196,2169,0,151552,1412620,49818
2025-05-20 02:36:07,16095,2195062784,32854016,0.0,0.09844789607358467,0,13,0.28,0.14,0.0,0.0,0.0,11829248,0,6,4,1,0,sleeping,2200,2173,0,151552,1414544,49894
2025-05-20 02:36:08,16095,2195062784,32854016,0.0,0.09844789607358467,0,13,0.28,0.14,0.0,0.0,0.0,11829248,0,6,4,1,0,sleeping,2206,2177,0,151552,1418376,49970
2025-05-20 02:36:09,16095,2195062784,32854016,0.0,0.09844789607358467,0,13,0.28,0.14,0.0,0.0,0.0,11829248,0,6,4,1,0,sleeping,2209,2181,0,151552,1420292,50068
2025-05-20 02:36:10,16095,2195062784,32854016,0.0,0.09844789607358467,0,13,0.28,0.14,0.0,0.0,0.0,11829248,0,6,4,1,0,sleeping,2211,2183,0,151552,1422200,50128
2025-05-20 02:36:11,16095,2195062784,32854016,0.0,0.09844789607358467,0,13,0.28,0.14,0.0,0.0,0.0,11829248,0,6,4,1,0,sleeping,2215,2187,0,151552,1424123,50204
2025-05-20 02:36:12,16095,2195062784,32854016,0.0,0.09844789607358467,0,13,0.28,0.14,0.0,0.0,0.0,11829248,0,6,4,1,0,sleeping,2218,2190,0,151552,1426037,50272
2025-05-20 02:36:13,16095,2195062784,32854016,0.0,0.09844789607358467,0,13,0.28,0.14,0.0,0.0,0.0,11829248,0,6,4,1,0,sleeping,2222,2194,0,151552,1427959,50348
2025-05-20 02:36:14,16095,2195062784,32854016,0.0,0.09844789607358467,0,13,0.28,0.14,0.0,0.0,0.0,11829248,0,6,4,1,0,sleeping,2225,2197,0,151552,1429874,50416
2025-05-20 02:36:15,16095,2195062784,32854016,0.0,0.09844789607358467,0,13,0.28,0.14,0.0,0.0,0.0,11829248,0,6,4,1,0,sleeping,2229,2201,0,151552,1431798,50492
2025-05-20 02:36:16,16095,2195062784,32854016,0.0,0.09844789607358467,0,13,0.28,0.14,0.0,0.0,0.0,11829248,0,6,4,1,0,sleeping,2234,2207,0,151552,1433730,50606
2025-05-20 02:36:18,16095,2195062784,32854016,0.0,0.09844789607358467,0,13,0.28,0.14,0.0,0.0,0.0,11829248,0,6,4,1,0,sleeping,2237,2210,0,151552,1435646,50674
2025-05-20 02:36:19,16095,2195062784,32854016,0.9,0.09844789607358467,0,13,0.29,0.14,0.0,0.0,0.0,11845632,0,6,4,1,0,sleeping,2241,2214,0,151552,1437570,50750
2025-05-20 02:36:20,16095,2195062784,32854016,0.0,0.09844789607358467,0,13,0.29,0.14,0.0,0.0,0.0,11845632,0,6,4,1,0,sleeping,2243,2216,0,151552,1439478,50810
2025-05-20 02:36:21,16095,2195062784,32854016,0.0,0.09844789607358467,0,13,0.29,0.14,0.0,0.0,0.0,11845632,0,6,4,1,0,sleeping,2246,2219,0,151552,1441394,50878
2025-05-20 02:36:22,16095,2195062784,32854016,0.0,0.09844789607358467,0,13,0.29,0.14,0.0,0.0,0.0,11845632,0,6,4,1,0,sleeping,2249,2222,0,151552,1443310,50946
2025-05-20 02:36:23,16095,2195062784,32854016,0.0,0.09844789607358467,0,13,0.29,0.14,0.0,0.0,0.0,11845632,0,6,4,1,0,sleeping,2254,2227,0,151552,1445242,51030
2025-05-20 02:36:24,16095,2195062784,32854016,0.0,0.09844789607358467,0,13,0.29,0.14,0.0,0.0,0.0,11845632,0,6,4,1,0,sleeping,2258,2231,0,151552,1447166,51106
2025-05-20 02:36:25,16095,2195062784,32854016,0.0,0.09844789607358467,0,13,0.29,0.14,0.0,0.0,0.0,11845632,0,6,4,1,0,sleeping,2262,2235,0,155648,1449090,51182
2025-05-20 02:36:26,16095,2195062784,32854016,0.0,0.09844789607358467,0,13,0.29,0.14,0.0,0.0,0.0,11845632,0,5,4,1,0,sleeping,2268,2240,0,155648,1452919,51288
2025-05-20 02:36:27,16095,2195062784,32854016,0.0,0.09844789607358467,0,13,0.29,0.14,0.0,0.0,0.0,11845632,0,5,4,1,0,sleeping,2271,2243,0,155648,1454834,51356
2025-05-20 02:36:28,16095,2195062784,32854016,0.0,0.09844789607358467,0,13,0.29,0.14,0.0,0.0,0.0,11849728,0,5,4,1,0,sleeping,2275,2247,0,159744,1456758,51432
2025-05-20 02:36:29,16095,2195062784,32854016,0.0,0.09844789607358467,0,13,0.29,0.14,0.0,0.0,0.0,11849728,0,5,4,1,0,sleeping,2279,2251,0,159744,1458682,51508
2025-05-20 02:36:30,16095,2195062784,32854016,0.0,0.09844789607358467,0,13,0.29,0.14,0.0,0.0,0.0,11849728,0,6,4,1,0,sleeping,2282,2254,0,159744,1460598,51576
2025-05-20 02:36:31,16095,2195062784,32854016,0.0,0.09844789607358467,0,13,0.29,0.14,0.0,0.0,0.0,11849728,0,6,4,1,0,sleeping,2286,2258,0,159744,1462522,51652
2025-05-20 02:36:32,16095,2195062784,32854016,0.0,0.09844789607358467,0,13,0.29,0.14,0.0,0.0,0.0,11857920,0,6,4,1,0,sleeping,2290,2262,0,159744,1464446,51728
2025-05-20 02:36:33,16095,2195062784,32854016,0.0,0.09844789607358467,0,13,0.29,0.14,0.0,0.0,0.0,11857920,0,6,4,1,0,sleeping,2295,2267,0,159744,1466378,51812
2025-05-20 02:36:34,16095,2195062784,32854016,0.0,0.09844789607358467,0,13,0.29,0.14,0.0,0.0,0.0,11862016,0,6,4,1,0,sleeping,2298,2270,0,159744,1468293,51880
2025-05-20 02:36:35,16095,2195062784,32854016,0.0,0.09844789607358467,0,13,0.29,0.14,0.0,0.0,0.0,11866112,0,7,4,1,0,sleeping,2301,2274,0,159744,1470208,51978
2025-05-20 02:36:37,16095,2195062784,32854016,0.0,0.09844789607358467,0,13,0.29,0.14,0.0,0.0,0.0,11866112,0,7,4,1,0,sleeping,2303,2276,0,159744,1472116,52038
2025-05-20 02:36:38,16095,2195062784,32854016,0.0,0.09844789607358467,0,13,0.29,0.14,0.0,0.0,0.0,11866112,0,7,4,1,0,sleeping,2308,2281,0,159744,1474048,52122
2025-05-20 02:36:39,16095,2195062784,32854016,0.0,0.09844789607358467,0,13,0.29,0.14,0.0,0.0,0.0,11866112,0,7,4,1,0,sleeping,2313,2286,0,159744,1475980,52206
2025-05-20 02:36:40,16095,2195062784,32854016,0.0,0.09844789607358467,0,13,0.29,0.14,0.0,0.0,0.0,11866112,0,6,4,1,0,sleeping,2317,2290,0,159744,1477904,52282
2025-05-20 02:36:41,16095,2195062784,32854016,0.0,0.09844789607358467,0,13,0.29,0.14,0.0,0.0,0.0,11866112,0,6,4,1,0,sleeping,2321,2294,0,159744,1479828,52358
2025-05-20 02:36:42,16095,2195062784,32854016,0.9,0.09844789607358467,0,13,0.29,0.15,0.0,0.0,0.0,11866112,0,6,4,1,0,sleeping,2325,2298,0,159744,1481752,52434
2025-05-20 02:36:43,16095,2195062784,32854016,0.0,0.09844789607358467,0,13,0.29,0.15,0.0,0.0,0.0,11866112,0,6,4,1,0,sleeping,2328,2301,0,159744,1483668,52502
2025-05-20 02:36:44,16095,2195062784,32854016,0.0,0.09844789607358467,0,13,0.29,0.15,0.0,0.0,0.0,11866112,0,7,4,1,0,sleeping,2333,2305,0,159744,1487492,52600
2025-05-20 02:36:45,16095,2195062784,32854016,0.0,0.09844789607358467,0,13,0.29,0.15,0.0,0.0,0.0,11866112,0,7,4,1,0,sleeping,2336,2308,0,159744,1489408,52668
2025-05-20 02:36:46,16095,2195062784,32854016,0.0,0.09844789607358467,0,13,0.29,0.15,0.0,0.0,0.0,11866112,0,7,4,1,0,sleeping,2341,2313,0,159744,1491340,52752
2025-05-20 02:36:47,16095,2195062784,32854016,0.0,0.09844789607358467,0,13,0.29,0.15,0.0,0.0,0.0,11866112,0,7,4,1,0,sleeping,2344,2316,0,159744,1493256,52820
2025-05-20 02:36:48,16095,2195062784,32854016,0.0,0.09844789607358467,0,13,0.29,0.15,0.0,0.0,0.0,11866112,0,7,4,1,0,sleeping,2348,2320,0,159744,1495180,52896
2025-05-20 02:36:49,16095,2195062784,32854016,0.0,0.09844789607358467,0,13,0.29,0.15,0.0,0.0,0.0,11866112,0,7,4,1,0,sleeping,2352,2324,0,159744,1497104,52972
2025-05-20 02:36:50,16095,2195062784,32854016,0.0,0.09844789607358467,0,13,0.29,0.15,0.0,0.0,0.0,11866112,0,7,4,1,0,sleeping,2356,2328,0,159744,1499028,53048
2025-05-20 02:36:51,16095,2195062784,32854016,0.0,0.09844789607358467,0,13,0.29,0.15,0.0,0.0,0.0,11866112,0,7,4,1,0,sleeping,2360,2332,0,159744,1500952,53124
2025-05-20 02:36:52,16095,2195062784,32854016,0.0,0.09844789607358467,0,13,0.29,0.15,0.0,0.0,0.0,11866112,0,7,4,1,0,sleeping,2363,2336,0,159744,1502868,53222
2025-05-20 02:36:54,16095,2195062784,32854016,0.0,0.09844789607358467,0,13,0.29,0.15,0.0,0.0,0.0,11866112,0,7,4,1,0,sleeping,2367,2340,0,159744,1504792,53298
2025-05-20 02:36:55,16095,2195062784,32854016,0.0,0.09844789607358467,0,13,0.29,0.15,0.0,0.0,0.0,11866112,0,7,4,1,0,sleeping,2371,2344,0,159744,1506715,53374
2025-05-20 02:36:56,16095,2195062784,32854016,0.0,0.09844789607358467,0,13,0.29,0.15,0.0,0.0,0.0,11866112,0,6,4,1,0,sleeping,2375,2348,0,159744,1508638,53450
2025-05-20 02:36:57,16095,2195062784,32854016,0.0,0.09844789607358467,0,13,0.29,0.15,0.0,0.0,0.0,11866112,0,7,4,1,0,sleeping,2378,2351,0,159744,1510554,53518
2025-05-20 02:36:58,16095,2195062784,32854016,0.0,0.09844789607358467,0,13,0.29,0.15,0.0,0.0,0.0,11866112,0,6,4,1,0,sleeping,2383,2356,0,159744,1512486,53602
2025-05-20 02:36:59,16095,2195062784,32854016,0.0,0.09844789607358467,0,13,0.29,0.15,0.0,0.0,0.0,11866112,0,6,4,1,0,sleeping,2386,2359,0,163840,1514402,53670
2025-05-20 02:37:00,16095,2195062784,32854016,0.0,0.09844789607358467,0,13,0.29,0.15,0.0,0.0,0.0,11866112,0,7,4,1,0,sleeping,2388,2361,0,163840,1516308,53730
2025-05-20 02:37:01,16095,2195062784,32854016,0.9,0.09844789607358467,0,13,0.3,0.15,0.0,0.0,0.0,11866112,0,5,4,1,0,sleeping,2393,2367,0,163840,1518238,53844
2025-05-20 02:37:02,16095,2195062784,32854016,0.0,0.09844789607358467,0,13,0.3,0.15,0.0,0.0,0.0,11866112,0,6,4,1,0,sleeping,2399,2371,0,163840,1522070,53920
2025-05-20 02:37:03,16095,2195062784,32854016,0.0,0.09844789607358467,0,13,0.3,0.15,0.0,0.0,0.0,11866112,0,6,4,1,0,sleeping,2402,2374,0,163840,1523986,53988
2025-05-20 02:37:04,16095,2195062784,32854016,0.0,0.09844789607358467,0,13,0.3,0.15,0.0,0.0,0.0,11866112,0,6,4,1,0,sleeping,2406,2378,0,163840,1525910,54064
2025-05-20 02:37:05,16095,2195062784,32854016,0.0,0.09844789607358467,0,13,0.3,0.15,0.0,0.0,0.0,11866112,0,6,4,1,0,sleeping,2408,2380,0,163840,1527818,54124
2025-05-20 02:37:06,16095,2195062784,32854016,0.0,0.09844789607358467,0,13,0.3,0.15,0.0,0.0,0.0,11866112,0,6,4,1,0,sleeping,2412,2384,0,163840,1529741,54200
2025-05-20 02:37:07,16095,2195062784,32854016,0.0,0.09844789607358467,0,13,0.3,0.15,0.0,0.0,0.0,11866112,0,6,4,1,0,sleeping,2415,2387,0,163840,1531656,54268
2025-05-20 02:37:08,16095,2195062784,32854016,0.0,0.09844789607358467,0,13,0.3,0.15,0.0,0.0,0.0,11866112,0,6,4,1,0,sleeping,2418,2390,0,163840,1533572,54336
2025-05-20 02:37:09,16095,2195062784,32854016,0.0,0.09844789607358467,0,13,0.3,0.15,0.0,0.0,0.0,11866112,0,6,4,1,0,sleeping,2422,2394,0,163840,1535495,54412
2025-05-20 02:37:10,16095,2195062784,32854016,0.0,0.09844789607358467,0,13,0.3,0.15,0.0,0.0,0.0,11866112,0,7,4,1,0,sleeping,2425,2398,0,163840,1537410,54510
2025-05-20 02:37:12,16095,2195062784,32854016,0.0,0.09844789607358467,0,13,0.3,0.15,0.0,0.0,0.0,11866112,0,7,4,1,0,sleeping,2428,2401,0,163840,1539326,54578
2025-05-20 02:37:13,16095,2195062784,32854016,0.0,0.09844789607358467,0,13,0.3,0.15,0.0,0.0,0.0,11866112,0,7,4,1,0,sleeping,2430,2403,0,163840,1541234,54638
2025-05-20 02:37:14,16095,2195062784,32854016,0.9,0.09844789607358467,0,13,0.3,0.16,0.0,0.0,0.0,11866112,0,7,4,1,0,sleeping,2434,2407,0,163840,1543158,54714
2025-05-20 02:37:15,16095,2195062784,32854016,0.0,0.09844789607358467,0,13,0.3,0.16,0.0,0.0,0.0,11866112,0,7,4,1,0,sleeping,2437,2410,0,163840,1545074,54782
2025-05-20 02:37:16,16095,2195062784,32854016,0.0,0.09844789607358467,0,13,0.3,0.16,0.0,0.0,0.0,11866112,0,6,4,1,0,sleeping,2440,2413,0,163840,1546990,54850
2025-05-20 02:37:17,16095,2195062784,32854016,0.0,0.09844789607358467,0,13,0.3,0.16,0.0,0.0,0.0,11866112,0,6,4,1,0,sleeping,2443,2416,0,163840,1548906,54918
2025-05-20 02:37:18,16095,2195062784,32854016,0.0,0.09844789607358467,0,13,0.3,0.16,0.0,0.0,0.0,11866112,0,6,4,1,0,sleeping,2447,2421,0,163840,1550830,55024
2025-05-20 02:37:19,16095,2195062784,32854016,0.0,0.09844789607358467,0,13,0.3,0.16,0.0,0.0,0.0,11866112,0,6,4,1,0,sleeping,2453,2425,0,163840,1554662,55100
2025-05-20 02:37:20,16095,2195062784,32854016,0.0,0.09844789607358467,0,13,0.3,0.16,0.0,0.0,0.0,11866112,0,6,4,1,0,sleeping,2456,2428,0,163840,1556578,55168
2025-05-20 02:37:21,16095,2195062784,32854016,0.0,0.09844789607358467,0,13,0.3,0.16,0.0,0.0,0.0,11866112,0,6,4,1,0,sleeping,2460,2432,0,163840,1558502,55244
2025-05-20 02:37:22,16095,2195062784,32854016,0.0,0.09844789607358467,0,13,0.3,0.16,0.0,0.0,0.0,11866112,0,6,4,1,0,sleeping,2463,2435,0,163840,1560418,55312
2025-05-20 02:37:23,16095,2195062784,32854016,0.0,0.09844789607358467,0,13,0.3,0.16,0.0,0.0,0.0,11866112,0,6,4,1,0,sleeping,2465,2437,0,163840,1562326,55372
2025-05-20 02:37:24,16095,2195062784,32854016,0.0,0.09844789607358467,0,13,0.3,0.16,0.0,0.0,0.0,11866112,0,6,4,1,0,sleeping,2470,2442,0,163840,1564258,55456
2025-05-20 02:37:25,16095,2195062784,32854016,0.0,0.09844789607358467,0,13,0.3,0.16,0.0,0.0,0.0,11866112,0,6,4,1,0,sleeping,2475,2447,0,163840,1566190,55540
2025-05-20 02:37:26,16095,2195062784,32854016,0.0,0.09844789607358467,0,13,0.3,0.16,0.0,0.0,0.0,11866112,0,6,4,1,0,sleeping,2480,2452,0,163840,1568121,55624
2025-05-20 02:37:27,16095,2195062784,32854016,0.0,0.09844789607358467,0,13,0.3,0.16,0.0,0.0,0.0,11866112,0,6,4,1,0,sleeping,2486,2459,0,163840,1570060,55746
2025-05-20 02:37:29,16095,2195062784,32854016,0.0,0.09844789607358467,0,13,0.3,0.16,0.0,0.0,0.0,11866112,0,6,4,1,0,sleeping,2489,2462,0,163840,1571976,55814
2025-05-20 02:37:30,16095,2195062784,32854016,0.0,0.09844789607358467,0,13,0.3,0.16,0.0,0.0,0.0,11866112,0,6,4,1,0,sleeping,2492,2465,0,167936,1573892,55882
2025-05-20 02:37:31,16095,2195062784,32854016,0.0,0.09844789607358467,0,13,0.3,0.16,0.0,0.0,0.0,11866112,0,6,4,1,0,sleeping,2495,2468,0,167936,1575808,55950
2025-05-20 02:37:32,16095,2195062784,32854016,0.0,0.09844789607358467,0,13,0.3,0.16,0.0,0.0,0.0,11866112,0,6,4,1,0,sleeping,2498,2471,0,167936,1577724,56018
2025-05-20 02:37:33,16095,2195062784,32854016,0.0,0.09844789607358467,0,13,0.3,0.16,0.0,0.0,0.0,11866112,0,6,4,1,0,sleeping,2502,2475,0,167936,1579648,56094
2025-05-20 02:37:34,16095,2195062784,32854016,0.9,0.09844789607358467,0,13,0.31,0.16,0.0,0.0,0.0,11866112,0,6,4,1,0,sleeping,2504,2477,0,172032,1581556,56154
2025-05-20 02:37:35,16095,2195062784,32854016,0.0,0.09844789607358467,0,13,0.31,0.16,0.0,0.0,0.0,11866112,0,6,4,1,0,sleeping,2507,2480,0,172032,1583474,56222
2025-05-20 02:37:36,16095,2195062784,32854016,0.0,0.09844789607358467,0,13,0.31,0.16,0.0,0.0,0.0,11866112,0,6,4,1,0,sleeping,2510,2484,0,172032,1585392,56320
2025-05-20 02:37:37,16095,2195062784,32854016,0.0,0.09844789607358467,0,13,0.31,0.16,0.0,0.0,0.0,11866112,0,6,4,1,0,sleeping,2514,2486,0,172032,1589212,56380
2025-05-20 02:37:38,16095,2195062784,32854016,0.0,0.09844789607358467,0,13,0.31,0.16,0.0,0.0,0.0,11866112,0,6,4,1,0,sleeping,2519,2491,0,172032,1591146,56464
2025-05-20 02:37:39,16095,2195062784,32854016,0.0,0.09844789607358467,0,13,0.31,0.16,0.0,0.0,0.0,11866112,0,6,4,1,0,sleeping,2522,2494,0,172032,1593064,56532
2025-05-20 02:37:40,16095,2195062784,32854016,0.0,0.09844789607358467,0,13,0.31,0.16,0.0,0.0,0.0,11866112,0,7,4,1,0,sleeping,2525,2497,0,172032,1594982,56600
2025-05-20 02:37:41,16095,2195062784,32854016,0.0,0.09844789607358467,0,13,0.31,0.16,0.0,0.0,0.0,11866112,0,6,4,1,0,sleeping,2527,2499,0,172032,1596892,56660
2025-05-20 02:37:42,16095,2195062784,32854016,0.0,0.09844789607358467,0,13,0.31,0.16,0.0,0.0,0.0,11866112,0,7,4,1,0,sleeping,2530,2503,0,172032,1598810,56758
2025-05-20 02:37:44,16095,2195062784,32854016,0.0,0.09844789607358467,0,13,0.31,0.16,0.0,0.0,0.0,11866112,0,7,4,1,0,sleeping,2533,2506,0,172032,1600728,56826
2025-05-20 02:37:45,16095,2195062784,32854016,0.0,0.09844789607358467,0,13,0.31,0.16,0.0,0.0,0.0,11866112,0,7,4,1,0,sleeping,2536,2509,0,172032,1602646,56894
2025-05-20 02:37:46,16095,2195062784,32854016,0.0,0.09844789607358467,0,13,0.31,0.16,0.0,0.0,0.0,11866112,0,6,4,1,0,sleeping,2538,2511,0,172032,1604556,56954
2025-05-20 02:37:47,16095,2195062784,32854016,0.0,0.09844789607358467,0,13,0.31,0.16,0.0,0.0,0.0,11866112,0,6,4,1,0,sleeping,2543,2516,0,172032,1606490,57038
2025-05-20 02:37:48,16095,2195062784,32854016,0.0,0.09844789607358467,0,13,0.31,0.16,0.0,0.0,0.0,11870208,0,6,4,1,0,sleeping,2547,2520,0,172032,1608416,57114
2025-05-20 02:37:49,16095,2195062784,32854016,0.0,0.09844789607358467,0,13,0.31,0.16,0.0,0.0,0.0,11870208,0,6,4,1,0,sleeping,2550,2523,0,172032,1610334,57182
2025-05-20 02:37:50,16095,2195062784,32854016,0.0,0.09844789607358467,0,13,0.31,0.16,0.0,0.0,0.0,11870208,0,6,4,1,0,sleeping,2553,2526,0,172032,1612252,57250
2025-05-20 02:37:51,16095,2195062784,32854016,0.0,0.09844789607358467,0,13,0.31,0.16,0.0,0.0,0.0,11870208,0,6,4,1,0,sleeping,2557,2531,0,172032,1614178,57356
2025-05-20 02:37:52,16095,2195062784,32854016,0.9,0.09844789607358467,0,13,0.32,0.16,0.0,0.0,0.0,11870208,0,7,4,1,0,sleeping,2559,2533,0,172032,1616088,57416
2025-05-20 02:37:53,16095,2195062784,32854016,0.0,0.09844789607358467,0,13,0.32,0.16,0.0,0.0,0.0,11870208,0,7,4,1,0,sleeping,2564,2536,0,172032,1619916,57484
2025-05-20 02:37:54,16095,2195062784,32854016,0.0,0.09844789607358467,0,13,0.32,0.16,0.0,0.0,0.0,11870208,0,7,4,1,0,sleeping,2567,2539,0,172032,1621834,57552
2025-05-20 02:37:55,16095,2195062784,32854016,0.0,0.09844789607358467,0,13,0.32,0.16,0.0,0.0,0.0,11870208,0,7,4,1,0,sleeping,2570,2542,0,172032,1623752,57620
2025-05-20 02:37:56,16095,2195062784,32854016,0.0,0.09844789607358467,0,13,0.32,0.16,0.0,0.0,0.0,11870208,0,7,4,1,0,sleeping,2572,2544,0,172032,1625660,57680
2025-05-20 02:37:57,16095,2195062784,32854016,0.0,0.09844789607358467,0,13,0.32,0.16,0.0,0.0,0.0,11870208,0,7,4,1,0,sleeping,2575,2547,0,172032,1627576,57748
2025-05-20 02:37:58,16095,2195062784,32854016,0.0,0.09844789607358467,0,13,0.32,0.16,0.0,0.0,0.0,11870208,0,7,4,1,0,sleeping,2578,2550,0,172032,1629494,57816
2025-05-20 02:37:59,16095,2195062784,32854016,0.0,0.09844789607358467,0,13,0.32,0.16,0.0,0.0,0.0,11870208,0,7,4,1,0,sleeping,2582,2555,0,172032,1631420,57922
2025-05-20 02:38:01,16095,2195062784,32854016,0.0,0.09844789607358467,0,13,0.32,0.16,0.0,0.0,0.0,11870208,0,7,4,1,0,sleeping,2584,2557,0,176128,1633330,57982
2025-05-20 02:38:02,16095,2195062784,32854016,0.0,0.09844789607358467,0,13,0.32,0.16,0.0,0.0,0.0,11870208,0,7,4,1,0,sleeping,2586,2559,0,176128,1635240,58042
2025-05-20 02:38:03,16095,2195062784,32854016,0.0,0.09844789607358467,0,13,0.32,0.16,0.0,0.0,0.0,11870208,0,7,4,1,0,sleeping,2590,2563,0,176128,1637166,58118
2025-05-20 02:38:04,16095,2195062784,32854016,0.0,0.09844789607358467,0,13,0.32,0.16,0.0,0.0,0.0,11874304,0,7,4,1,0,sleeping,2593,2566,0,176128,1639084,58186
2025-05-20 02:38:05,16095,2195062784,32854016,0.0,0.09844789607358467,0,13,0.32,0.16,0.0,0.0,0.0,11874304,0,7,4,1,0,sleeping,2595,2568,0,176128,1640994,58246
2025-05-20 02:38:06,16095,2195062784,32854016,0.0,0.09844789607358467,0,13,0.32,0.16,0.0,0.0,0.0,11882496,0,7,4,1,0,sleeping,2599,2572,0,176128,1642920,58322
2025-05-20 02:38:07,16095,2195062784,32854016,0.0,0.09844789607358467,0,13,0.32,0.16,0.0,0.0,0.0,11882496,0,7,4,1,0,sleeping,2602,2575,0,176128,1644838,58390
2025-05-20 02:38:08,16095,2195062784,32854016,0.0,0.09844789607358467,0,13,0.32,0.16,0.0,0.0,0.0,11886592,0,7,4,1,0,sleeping,2606,2579,0,176128,1646763,58466
2025-05-20 02:38:09,16095,2195062784,32854016,0.0,0.09844789607358467,0,13,0.32,0.16,0.0,0.0,0.0,11890688,0,8,4,1,0,sleeping,2609,2583,0,176128,1648680,58564
2025-05-20 02:38:10,16095,2195062784,32854016,0.0,0.09844789607358467,0,13,0.32,0.16,0.0,0.0,0.0,11890688,0,8,4,1,0,sleeping,2612,2586,0,176128,1650598,58632
2025-05-20 02:38:11,16095,2195062784,32854016,0.0,0.09844789607358467,0,13,0.32,0.16,0.0,0.0,0.0,11890688,0,8,4,1,0,sleeping,2618,2590,0,176128,1654434,58708
2025-05-20 02:38:12,16095,2195062784,32854016,0.0,0.09844789607358467,0,13,0.32,0.16,0.0,0.0,0.0,11915264,0,8,4,1,0,sleeping,2622,2594,0,176128,1656360,58784
2025-05-20 02:38:13,16095,2195062784,32854016,0.9,0.09844789607358467,0,13,0.33,0.16,0.0,0.0,0.0,11923456,0,8,4,1,0,sleeping,2625,2597,0,176128,1658278,58852
2025-05-20 02:38:14,16095,2195062784,32854016,0.0,0.09844789607358467,0,13,0.33,0.16,0.0,0.0,0.0,11931648,0,8,4,1,0,sleeping,2629,2601,0,176128,1660204,58928
2025-05-20 02:38:15,16095,2195062784,32854016,0.0,0.09844789607358467,0,13,0.33,0.16,0.0,0.0,0.0,11939840,0,8,4,1,0,sleeping,2631,2603,0,176128,1662114,58988
2025-05-20 02:38:16,16095,2195062784,32854016,0.0,0.09844789607358467,0,13,0.33,0.16,0.0,0.0,0.0,11939840,0,8,4,1,0,sleeping,2635,2607,0,176128,1664040,59064
2025-05-20 02:38:17,16095,2195062784,33116160,0.0,0.09923341724908764,0,13,0.33,0.16,0.0,0.0,0.0,11960320,0,8,4,1,0,sleeping,2639,2612,0,176128,1665966,59170
2025-05-20 02:38:19,16095,2195062784,33116160,0.0,0.09923341724908764,0,13,0.33,0.16,0.0,0.0,0.0,11960320,0,8,4,1,0,sleeping,2641,2614,0,176128,1667876,59230
2025-05-20 02:38:20,16095,2195062784,33116160,0.0,0.09923341724908764,0,13,0.33,0.16,0.0,0.0,0.0,11976704,0,8,4,1,0,sleeping,2644,2617,0,176128,1669794,59298
2025-05-20 02:38:21,16095,2195062784,33116160,0.0,0.09923341724908764,0,13,0.33,0.16,0.0,0.0,0.0,11976704,0,8,4,1,0,sleeping,2647,2620,0,176128,1671712,59366
2025-05-20 02:38:22,16095,2195062784,33116160,0.0,0.09923341724908764,0,13,0.33,0.16,0.0,0.0,0.0,11988992,0,8,4,1,0,sleeping,2651,2624,0,176128,1673638,59442
2025-05-20 02:38:23,16095,2195062784,33116160,0.0,0.09923341724908764,0,13,0.33,0.16,0.0,0.0,0.0,12005376,0,8,4,1,0,sleeping,2654,2627,0,176128,1675556,59510
2025-05-20 02:38:24,16095,2195062784,33116160,0.0,0.09923341724908764,0,13,0.33,0.16,0.0,0.0,0.0,12009472,0,8,4,1,0,sleeping,2658,2631,0,176128,1677482,59586
2025-05-20 02:38:25,16095,2195062784,33116160,0.0,0.09923341724908764,0,13,0.33,0.16,0.0,0.0,0.0,12009472,0,8,4,1,0,sleeping,2661,2634,0,176128,1679400,59654
2025-05-20 02:38:26,16095,2195062784,33116160,0.0,0.09923341724908764,0,13,0.33,0.16,0.0,0.0,0.0,12017664,0,8,4,1,0,sleeping,2664,2637,0,176128,1681318,59722
2025-05-20 02:38:27,16095,2195062784,33116160,0.0,0.09923341724908764,0,13,0.33,0.16,0.0,0.0,0.0,12042240,0,8,4,1,0,sleeping,2668,2642,0,176128,1683244,59828
2025-05-20 02:38:28,16095,2195062784,33116160,0.0,0.09923341724908764,0,13,0.33,0.16,0.0,0.0,0.0,12042240,0,8,4,1,0,sleeping,2671,2645,0,176128,1685161,59896
2025-05-20 02:38:29,16095,2195062784,33116160,0.0,0.09923341724908764,0,13,0.33,0.16,0.0,0.0,0.0,12070912,0,8,4,1,0,sleeping,2674,2648,0,176128,1687078,59964
2025-05-20 02:38:30,16095,2195062784,33116160,0.0,0.09923341724908764,0,13,0.33,0.16,0.0,0.0,0.0,12070912,0,8,4,1,0,sleeping,2680,2652,0,176128,1690912,60040
2025-05-20 02:38:31,16095,2195062784,33116160,0.0,0.09923341724908764,0,13,0.33,0.16,0.0,0.0,0.0,12091392,0,8,4,1,0,sleeping,2683,2655,0,180224,1692830,60108
2025-05-20 02:38:32,16095,2195062784,33116160,0.0,0.09923341724908764,0,13,0.33,0.16,0.0,0.0,0.0,12095488,0,7,4,1,0,sleeping,2687,2659,0,180224,1694756,60184
2025-05-20 02:38:33,16095,2195062784,33116160,0.0,0.09923341724908764,0,13,0.33,0.16,0.0,0.0,0.0,12095488,0,7,4,1,0,sleeping,2690,2662,0,180224,1696674,60252
2025-05-20 02:38:34,16095,2195062784,33116160,0.9,0.09923341724908764,0,13,0.34,0.16,0.0,0.0,0.0,12111872,0,7,4,1,0,sleeping,2694,2666,0,180224,1698600,60328
2025-05-20 02:38:35,16095,2195062784,33116160,0.0,0.09923341724908764,0,13,0.34,0.16,0.0,0.0,0.0,12115968,0,7,4,1,0,sleeping,2698,2671,0,180224,1700526,60434
2025-05-20 02:38:37,16095,2195062784,33116160,0.0,0.09923341724908764,0,13,0.34,0.16,0.0,0.0,0.0,12120064,0,7,4,1,0,sleeping,2701,2674,0,180224,1702444,60502
2025-05-20 02:38:38,16095,2195062784,33116160,0.0,0.09923341724908764,0,13,0.34,0.16,0.0,0.0,0.0,12128256,0,7,4,1,0,sleeping,2705,2678,0,180224,1704370,60578
2025-05-20 02:38:39,16095,2195062784,33116160,0.0,0.09923341724908764,0,13,0.34,0.16,0.0,0.0,0.0,12144640,0,7,4,1,0,sleeping,2708,2681,0,180224,1706288,60646
2025-05-20 02:38:40,16095,2195062784,33116160,0.0,0.09923341724908764,0,13,0.34,0.16,0.0,0.0,0.0,12156928,0,7,4,1,0,sleeping,2712,2685,0,180224,1708214,60722
2025-05-20 02:38:41,16095,2195062784,33116160,0.0,0.09923341724908764,0,13,0.34,0.16,0.0,0.0,0.0,12173312,0,7,4,1,0,sleeping,2716,2689,0,180224,1710140,60798
2025-05-20 02:38:42,16095,2195062784,33116160,0.0,0.09923341724908764,0,13,0.34,0.16,0.0,0.0,0.0,12173312,0,6,4,1,0,sleeping,2719,2692,0,184320,1712058,60866
2025-05-20 02:38:43,16095,2195062784,33116160,0.0,0.09923341724908764,0,13,0.34,0.16,0.0,0.0,0.0,12181504,0,6,4,1,0,sleeping,2722,2695,0,184320,1713975,60934
2025-05-20 02:38:44,16095,2195062784,33116160,0.0,0.09923341724908764,0,13,0.34,0.16,0.0,0.0,0.0,12181504,0,6,4,1,0,sleeping,2726,2700,0,184320,1715900,61040
2025-05-20 02:38:45,16095,2195062784,33116160,0.0,0.09923341724908764,0,13,0.34,0.16,0.0,0.0,0.0,12189696,0,6,4,1,0,sleeping,2730,2704,0,184320,1717824,61116
2025-05-20 02:38:46,16095,2195062784,33116160,0.0,0.09923341724908764,0,13,0.34,0.16,0.0,0.0,0.0,12206080,0,6,4,1,0,sleeping,2733,2707,0,184320,1719740,61184
2025-05-20 02:38:47,16095,2195062784,33116160,0.0,0.09923341724908764,0,13,0.34,0.16,0.0,0.0,0.0,12218368,0,6,4,1,0,sleeping,2736,2710,0,184320,1721658,61252
2025-05-20 02:38:48,16095,2195062784,33247232,0.0,0.09962617783683915,0,13,0.34,0.16,0.0,0.0,0.0,12234752,0,7,4,1,0,sleeping,2741,2713,0,184320,1725486,61320
2025-05-20 02:38:49,16095,2195062784,33247232,0.0,0.09962617783683915,0,13,0.34,0.16,0.0,0.0,0.0,12234752,0,6,4,1,0,sleeping,2744,2716,0,184320,1727404,61388
2025-05-20 02:38:50,16095,2195062784,33247232,0.0,0.09962617783683915,0,13,0.34,0.16,0.0,0.0,0.0,12234752,0,6,4,1,0,sleeping,2746,2718,0,184320,1729314,61448
2025-05-20 02:38:51,16095,2195062784,33247232,0.0,0.09962617783683915,0,13,0.34,0.16,0.0,0.0,0.0,12263424,0,7,4,1,0,sleeping,2750,2722,0,184320,1731240,61524
2025-05-20 02:38:52,16095,2195062784,33247232,0.0,0.09962617783683915,0,13,0.34,0.16,0.0,0.0,0.0,12279808,0,6,4,1,0,sleeping,2753,2726,0,184320,1733158,61622
2025-05-20 02:38:53,16095,2195062784,33247232,0.0,0.09962617783683915,0,13,0.34,0.16,0.0,0.0,0.0,12292096,0,6,4,1,0,sleeping,2756,2729,0,184320,1735076,61690
2025-05-20 02:38:55,16095,2195062784,33247232,0.9,0.09962617783683915,0,13,0.34,0.17,0.0,0.0,0.0,12300288,0,6,4,1,0,sleeping,2759,2732,0,184320,1736994,61758
2025-05-20 02:38:56,16095,2195062784,33247232,0.0,0.09962617783683915,0,13,0.34,0.17,0.0,0.0,0.0,12308480,0,6,4,1,0,sleeping,2763,2736,0,184320,1738920,61834
2025-05-20 02:38:57,16095,2195062784,33247232,0.0,0.09962617783683915,0,13,0.34,0.17,0.0,0.0,0.0,12320768,0,6,4,1,0,sleeping,2766,2739,0,184320,1740836,61902
2025-05-20 02:38:58,16095,2195062784,33247232,0.0,0.09962617783683915,0,13,0.34,0.17,0.0,0.0,0.0,12328960,0,6,4,1,0,sleeping,2769,2742,0,184320,1742752,61970
2025-05-20 02:38:59,16095,2195062784,33378304,0.0,0.10001893842459064,0,13,0.34,0.17,0.0,0.0,0.0,12337152,0,6,4,1,0,sleeping,2773,2746,0,184320,1744678,62046
2025-05-20 02:39:00,16095,2195062784,33378304,0.0,0.10001893842459064,0,13,0.34,0.17,0.0,0.0,0.0,12353536,0,6,4,1,0,sleeping,2777,2750,0,184320,1746604,62122
2025-05-20 02:39:01,16095,2195062784,33378304,0.0,0.10001893842459064,0,13,0.34,0.17,0.0,0.0,0.0,12357632,0,6,4,1,0,sleeping,2780,2754,0,184320,1748522,62220
2025-05-20 02:39:02,16095,2195062784,33378304,0.0,0.10001893842459064,0,13,0.34,0.17,0.0,0.0,0.0,12357632,0,6,4,1,0,sleeping,2782,2756,0,188416,1750432,62280
2025-05-20 02:39:03,16095,2195062784,33378304,0.0,0.10001893842459064,0,13,0.34,0.17,0.0,0.0,0.0,12357632,0,7,4,1,0,sleeping,2785,2759,0,188416,1752349,62348
2025-05-20 02:39:04,16095,2195324928,33378304,0.0,0.10001893842459064,0,13,0.34,0.17,0.0,0.0,0.0,12365824,0,7,4,1,0,sleeping,2788,2762,0,188416,1754265,62416
2025-05-20 02:39:05,16095,2195324928,33378304,0.0,0.10001893842459064,0,13,0.34,0.17,0.0,0.0,0.0,12365824,0,7,4,1,0,sleeping,2792,2764,0,188416,1758083,62476
2025-05-20 02:39:06,16095,2195324928,33378304,0.0,0.10001893842459064,0,13,0.34,0.17,0.0,0.0,0.0,12365824,0,7,4,1,0,sleeping,2796,2768,0,188416,1760006,62552
2025-05-20 02:39:07,16095,2195324928,33378304,0.0,0.10001893842459064,0,13,0.34,0.17,0.0,0.0,0.0,12365824,0,7,4,1,0,sleeping,2799,2771,0,188416,1761922,62620
2025-05-20 02:39:08,16095,2195324928,33378304,0.0,0.10001893842459064,0,13,0.34,0.17,0.0,0.0,0.0,12369920,0,7,4,1,0,sleeping,2803,2775,0,188416,1763848,62696
2025-05-20 02:39:09,16095,2195324928,33378304,0.0,0.10001893842459064,0,13,0.34,0.17,0.0,0.0,0.0,12369920,0,8,4,1,0,sleeping,2807,2780,0,188416,1765774,62802
2025-05-20 02:39:11,16095,2195324928,33378304,0.0,0.10001893842459064,0,13,0.34,0.17,0.0,0.0,0.0,12369920,0,7,4,1,0,sleeping,2810,2783,0,188416,1767692,62870
2025-05-20 02:39:12,16095,2195324928,33378304,0.0,0.10001893842459064,0,13,0.34,0.17,0.0,0.0,0.0,12369920,0,7,4,1,0,sleeping,2813,2786,0,188416,1769610,62938
2025-05-20 02:39:13,16095,2195324928,33378304,0.0,0.10001893842459064,0,13,0.34,0.17,0.0,0.0,0.0,12369920,0,7,4,1,0,sleeping,2817,2790,0,188416,1771536,63014
2025-05-20 02:39:14,16095,2195324928,33378304,0.9,0.10001893842459064,0,13,0.34,0.18,0.0,0.0,0.0,12369920,0,7,4,1,0,sleeping,2820,2793,0,188416,1773454,63082
2025-05-20 02:39:15,16095,2195324928,33378304,0.0,0.10001893842459064,0,13,0.34,0.18,0.0,0.0,0.0,12369920,0,7,4,1,0,sleeping,2824,2797,0,188416,1775380,63158
2025-05-20 02:39:16,16095,2195324928,33378304,0.0,0.10001893842459064,0,13,0.34,0.18,0.0,0.0,0.0,12369920,0,7,4,1,0,sleeping,2827,2800,0,188416,1777298,63226
2025-05-20 02:39:17,16095,2195324928,33378304,0.0,0.10001893842459064,0,13,0.34,0.18,0.0,0.0,0.0,12369920,0,8,4,1,0,sleeping,2830,2803,0,188416,1779216,63294
2025-05-20 02:39:18,16095,2195324928,33378304,0.0,0.10001893842459064,0,13,0.34,0.18,0.0,0.0,0.0,12369920,0,8,4,1,0,sleeping,2833,2806,0,188416,1781134,63362
2025-05-20 02:39:19,16095,2195324928,33378304,0.0,0.10001893842459064,0,13,0.34,0.18,0.0,0.0,0.0,12369920,0,8,4,1,0,sleeping,2836,2810,0,188416,1783052,63460
2025-05-20 02:39:20,16095,2195324928,33378304,0.0,0.10001893842459064,0,13,0.34,0.18,0.0,0.0,0.0,12369920,0,8,4,1,0,sleeping,2839,2813,0,188416,1784970,63528
2025-05-20 02:39:21,16095,2195324928,33378304,0.0,0.10001893842459064,0,13,0.34,0.18,0.0,0.0,0.0,12369920,0,8,4,1,0,sleeping,2843,2817,0,188416,1786896,63604
2025-05-20 02:39:22,16095,2195324928,33378304,0.0,0.10001893842459064,0,13,0.34,0.18,0.0,0.0,0.0,12369920,0,7,4,1,0,sleeping,2845,2819,0,188416,1788806,63664
2025-05-20 02:39:23,16095,2195324928,32927744,0.0,0.09866882390419489,0,13,0.34,0.18,0.0,0.0,0.0,11845632,0,7,4,1,0,sleeping,2847,2821,0,188416,1790716,63724
2025-05-20 02:39:24,16095,2195324928,32927744,0.0,0.09866882390419489,0,13,0.34,0.18,0.0,0.0,0.0,11845632,0,6,3,1,0,sleeping,2852,2824,0,188416,1794544,63792
2025-05-20 02:39:25,16095,2195324928,32927744,0.0,0.09866882390419489,0,13,0.34,0.18,0.0,0.0,0.0,11845632,0,6,3,1,0,sleeping,2855,2827,0,188416,1796462,63860
2025-05-20 02:39:26,16095,2195324928,32927744,0.9,0.09866882390419489,0,13,0.35,0.18,0.0,0.0,0.0,11845632,0,6,3,1,0,sleeping,2858,2830,0,188416,1798380,63928
2025-05-20 02:39:27,16095,2195324928,32927744,0.0,0.09866882390419489,0,13,0.35,0.18,0.0,0.0,0.0,11845632,0,6,3,1,0,sleeping,2861,2834,0,188416,1800298,64026
2025-05-20 02:39:29,16095,2195324928,32927744,0.0,0.09866882390419489,0,13,0.35,0.18,0.0,0.0,0.0,11845632,0,6,3,1,0,sleeping,2863,2836,0,188416,1802208,64086
2025-05-20 02:39:30,16095,2195324928,32927744,0.0,0.09866882390419489,0,13,0.35,0.18,0.0,0.0,0.0,11845632,0,6,3,1,0,sleeping,2866,2839,0,188416,1804125,64154
2025-05-20 02:39:31,16095,2195324928,32927744,0.0,0.09866882390419489,0,13,0.35,0.18,0.0,0.0,0.0,11845632,0,6,3,1,0,sleeping,2869,2842,0,188416,1806042,64222
2025-05-20 02:39:32,16095,2195324928,32927744,0.0,0.09866882390419489,0,13,0.35,0.18,0.0,0.0,0.0,11845632,0,6,3,1,0,sleeping,2872,2845,0,188416,1807960,64290
2025-05-20 02:39:33,16095,2195324928,32927744,0.0,0.09866882390419489,0,13,0.35,0.18,0.0,0.0,0.0,11845632,0,6,3,1,0,sleeping,2875,2848,0,192512,1809878,64358
2025-05-20 02:39:34,16095,2195324928,32927744,0.0,0.09866882390419489,0,13,0.35,0.18,0.0,0.0,0.0,11845632,0,5,3,1,0,sleeping,2878,2851,0,192512,1811796,64426
2025-05-20 02:39:35,16095,2195324928,32927744,0.0,0.09866882390419489,0,13,0.35,0.18,0.0,0.0,0.0,11845632,0,5,3,1,0,sleeping,2882,2855,0,192512,1813722,64502
2025-05-20 02:39:36,16095,2195324928,32927744,0.0,0.09866882390419489,0,13,0.35,0.18,0.0,0.0,0.0,11845632,0,5,3,1,0,sleeping,2885,2858,0,192512,1815640,64570
2025-05-20 02:39:37,16095,2195324928,32927744,0.0,0.09866882390419489,0,13,0.35,0.18,0.0,0.0,0.0,11845632,0,5,3,1,0,sleeping,2888,2862,0,192512,1817558,64668
2025-05-20 02:39:38,16095,2195324928,32927744,0.0,0.09866882390419489,0,13,0.35,0.18,0.0,0.0,0.0,11845632,0,5,3,1,0,sleeping,2892,2866,0,192512,1819484,64744
2025-05-20 02:39:39,16095,2195324928,32927744,0.0,0.09866882390419489,0,13,0.35,0.18,0.0,0.0,0.0,11845632,0,5,3,1,0,sleeping,2895,2869,0,192512,1821401,64812
2025-05-20 02:39:40,16095,2195324928,32927744,0.0,0.09866882390419489,0,13,0.35,0.18,0.0,0.0,0.0,11845632,0,5,3,1,0,sleeping,2898,2872,0,192512,1823318,64880
2025-05-20 02:39:41,16095,2195324928,32927744,0.0,0.09866882390419489,0,13,0.35,0.18,0.0,0.0,0.0,11845632,0,5,3,1,0,sleeping,2901,2875,0,192512,1825236,64948
2025-05-20 02:39:42,16095,2195324928,32927744,0.0,0.09866882390419489,0,13,0.35,0.18,0.0,0.0,0.0,11845632,0,6,3,1,0,sleeping,2906,2878,0,192512,1829064,65016
2025-05-20 02:39:43,16095,2195324928,32927744,0.0,0.09866882390419489,0,13,0.35,0.18,0.0,0.0,0.0,11845632,0,6,3,1,0,sleeping,2910,2882,0,192512,1830990,65092
2025-05-20 02:39:44,16095,2195324928,32927744,0.0,0.09866882390419489,0,13,0.35,0.18,0.0,0.0,0.0,11845632,0,6,3,1,0,sleeping,2913,2885,0,192512,1832908,65160
2025-05-20 02:39:45,16095,2195324928,32927744,0.0,0.09866882390419489,0,13,0.35,0.18,0.0,0.0,0.0,11845632,0,5,3,1,0,sleeping,2917,2890,0,192512,1834834,65266
2025-05-20 02:39:47,16095,2195324928,32927744,0.0,0.09866882390419489,0,13,0.35,0.18,0.0,0.0,0.0,11845632,0,6,3,1,0,sleeping,2920,2893,0,192512,1836752,65334
2025-05-20 02:39:48,16095,2195324928,32927744,0.0,0.09866882390419489,0,13,0.35,0.18,0.0,0.0,0.0,11845632,0,5,3,1,0,sleeping,2924,2897,0,192512,1838678,65410
2025-05-20 02:39:49,16095,2195324928,32927744,0.0,0.09866882390419489,0,13,0.35,0.18,0.0,0.0,0.0,11845632,0,5,3,1,0,sleeping,2927,2900,0,192512,1840596,65478
2025-05-20 02:39:50,16095,2195324928,32927744,0.9,0.09866882390419489,0,13,0.36,0.18,0.0,0.0,0.0,11845632,0,6,3,1,0,sleeping,2930,2903,0,196608,1842513,65546
2025-05-20 02:39:51,16095,2195324928,32927744,0.0,0.09866882390419489,0,13,0.36,0.18,0.0,0.0,0.0,11845632,0,5,3,1,0,sleeping,2933,2906,0,196608,1844429,65614
2025-05-20 02:39:52,16095,2195324928,32927744,0.0,0.09866882390419489,0,13,0.36,0.18,0.0,0.0,0.0,11845632,0,5,3,1,0,sleeping,2936,2909,0,196608,1846346,65682
2025-05-20 02:39:53,16095,2195324928,32927744,0.0,0.09866882390419489,0,13,0.36,0.18,0.0,0.0,0.0,11845632,0,5,3,1,0,sleeping,2940,2913,0,196608,1848272,65758
2025-05-20 02:39:54,16095,2195324928,32927744,0.0,0.09866882390419489,0,13,0.36,0.18,0.0,0.0,0.0,11845632,0,5,3,1,0,sleeping,2943,2916,0,196608,1850190,65826
2025-05-20 02:39:55,16095,2195324928,32927744,0.0,0.09866882390419489,0,13,0.36,0.18,0.0,0.0,0.0,11845632,0,5,3,1,0,sleeping,2947,2921,0,196608,1852116,65932
2025-05-20 02:39:56,16095,2195324928,32927744,0.0,0.09866882390419489,0,13,0.36,0.18,0.0,0.0,0.0,11845632,0,5,3,1,0,sleeping,2950,2924,0,196608,1854034,66000
2025-05-20 02:39:57,16095,2195324928,32927744,0.0,0.09866882390419489,0,13,0.36,0.18,0.0,0.0,0.0,11845632,0,5,3,1,0,sleeping,2952,2926,0,196608,1855945,66060
2025-05-20 02:39:58,16095,2195324928,32927744,0.9,0.09866882390419489,0,13,0.36,0.19,0.0,0.0,0.0,11845632,0,5,3,1,0,sleeping,2955,2929,0,196608,1857863,66128
2025-05-20 02:39:59,16095,2195324928,32927744,0.0,0.09866882390419489,0,13,0.36,0.19,0.0,0.0,0.0,11845632,0,5,3,1,0,sleeping,2958,2932,0,196608,1859780,66196
2025-05-20 02:40:00,16095,2195324928,32927744,0.0,0.09866882390419489,0,13,0.36,0.19,0.0,0.0,0.0,11845632,0,6,3,1,0,sleeping,2963,2935,0,196608,1863609,66264
2025-05-20 02:40:01,16095,2195324928,32927744,0.0,0.09866882390419489,0,13,0.36,0.19,0.0,0.0,0.0,11845632,0,6,3,1,0,sleeping,2967,2939,0,196608,1865536,66340
2025-05-20 02:40:02,16095,2195324928,32927744,0.0,0.09866882390419489,0,13,0.36,0.19,0.0,0.0,0.0,11845632,0,6,3,1,0,sleeping,2970,2942,0,196608,1867455,66408
2025-05-20 02:40:03,16095,2195324928,32927744,0.0,0.09866882390419489,0,13,0.36,0.19,0.0,0.0,0.0,11845632,0,5,3,1,0,sleeping,2974,2947,0,200704,1869382,66514
2025-05-20 02:40:05,16095,2195324928,32927744,0.0,0.09866882390419489,0,13,0.36,0.19,0.0,0.0,0.0,11845632,0,5,3,1,0,sleeping,2977,2950,0,200704,1871301,66582
2025-05-20 02:40:06,16095,2195324928,32927744,0.0,0.09866882390419489,0,13,0.36,0.19,0.0,0.0,0.0,11845632,0,5,3,1,0,sleeping,2979,2952,0,200704,1873212,66642
2025-05-20 02:40:07,16095,2195324928,32927744,0.0,0.09866882390419489,0,13,0.36,0.19,0.0,0.0,0.0,11845632,0,5,3,1,0,sleeping,2983,2956,0,200704,1875139,66718
2025-05-20 02:40:08,16095,2195324928,32927744,0.0,0.09866882390419489,0,13,0.36,0.19,0.0,0.0,0.0,11845632,0,5,3,1,0,sleeping,2986,2959,0,200704,1877058,66786
2025-05-20 02:40:09,16095,2195324928,32927744,0.0,0.09866882390419489,0,13,0.36,0.19,0.0,0.0,0.0,11845632,0,5,3,1,0,sleeping,2990,2963,0,200704,1878985,66862
2025-05-20 02:40:10,16095,2195324928,32927744,0.0,0.09866882390419489,0,13,0.36,0.19,0.0,0.0,0.0,11845632,0,5,3,1,0,sleeping,2993,2966,0,200704,1880904,66930
2025-05-20 02:40:11,16095,2195324928,32927744,0.0,0.09866882390419489,0,13,0.36,0.19,0.0,0.0,0.0,11845632,0,5,3,1,0,sleeping,2996,2969,0,200704,1882823,66998
2025-05-20 02:40:12,16095,2195324928,32927744,0.0,0.09866882390419489,0,13,0.36,0.19,0.0,0.0,0.0,11845632,0,5,3,1,0,sleeping,3000,2974,0,200704,1884750,67104
2025-05-20 02:40:13,16095,2195324928,32927744,0.0,0.09866882390419489,0,13,0.36,0.19,0.0,0.0,0.0,11845632,0,5,3,1,0,sleeping,3004,2978,0,200704,1886677,67180
2025-05-20 02:40:14,16095,2195324928,32927744,0.0,0.09866882390419489,0,13,0.36,0.19,0.0,0.0,0.0,11845632,0,6,3,1,0,sleeping,3006,2980,0,200704,1888588,67240
2025-05-20 02:40:15,16095,2195324928,32927744,0.0,0.09866882390419489,0,13,0.36,0.19,0.0,0.0,0.0,11845632,0,6,3,1,0,sleeping,3008,2982,0,200704,1890499,67300
2025-05-20 02:40:16,16095,2195324928,32927744,0.0,0.09866882390419489,0,13,0.36,0.19,0.0,0.0,0.0,11845632,0,6,3,1,0,sleeping,3011,2985,0,200704,1892418,67368
2025-05-20 02:40:17,16095,2195324928,32927744,0.0,0.09866882390419489,0,13,0.36,0.19,0.0,0.0,0.0,11845632,0,6,3,1,0,sleeping,3014,2988,0,200704,1894337,67436
2025-05-20 02:40:18,16095,2195324928,32927744,0.0,0.09866882390419489,0,13,0.36,0.19,0.0,0.0,0.0,11845632,0,6,3,1,0,sleeping,3016,2990,0,200704,1896248,67496
2025-05-20 02:40:19,16095,2195324928,32927744,0.0,0.09866882390419489,0,13,0.36,0.19,0.0,0.0,0.0,11845632,0,6,3,1,0,sleeping,3021,2993,0,200704,1900078,67564
2025-05-20 02:40:20,16095,2195324928,32927744,0.0,0.09866882390419489,0,13,0.36,0.19,0.0,0.0,0.0,11845632,0,6,3,1,0,sleeping,3025,2997,0,200704,1902004,67640
2025-05-20 02:40:21,16095,2195324928,32927744,0.0,0.09866882390419489,0,13,0.36,0.19,0.0,0.0,0.0,11845632,0,6,3,1,0,sleeping,3029,3002,0,200704,1903930,67746
2025-05-20 02:40:23,16095,2195324928,32927744,0.0,0.09866882390419489,0,13,0.36,0.19,0.0,0.0,0.0,11845632,0,6,3,1,0,sleeping,3031,3004,0,200704,1905841,67806
2025-05-20 02:40:24,16095,2195324928,32927744,0.9,0.09866882390419489,0,13,0.37,0.19,0.0,0.0,0.0,11845632,0,5,3,1,0,sleeping,3033,3006,0,200704,1907752,67866
2025-05-20 02:40:25,16095,2195324928,32927744,0.0,0.09866882390419489,0,13,0.37,0.19,0.0,0.0,0.0,11845632,0,5,3,1,0,sleeping,3036,3009,0,200704,1909671,67934
2025-05-20 02:40:26,16095,2195324928,32927744,0.0,0.09866882390419489,0,13,0.37,0.19,0.0,0.0,0.0,11845632,0,5,3,1,0,sleeping,3039,3012,0,200704,1911590,68002
2025-05-20 02:40:27,16095,2195324928,32927744,0.0,0.09866882390419489,0,13,0.37,0.19,0.0,0.0,0.0,11845632,0,5,3,1,0,sleeping,3043,3016,0,200704,1913517,68078
2025-05-20 02:40:28,16095,2195324928,32927744,0.0,0.09866882390419489,0,13,0.37,0.19,0.0,0.0,0.0,11845632,0,5,3,1,0,sleeping,3047,3020,0,200704,1915444,68154
2025-05-20 02:40:29,16095,2195324928,32927744,0.0,0.09866882390419489,0,13,0.37,0.19,0.0,0.0,0.0,11845632,0,5,3,1,0,sleeping,3050,3023,0,200704,1917363,68222
2025-05-20 02:40:30,16095,2195324928,32927744,0.0,0.09866882390419489,0,13,0.37,0.19,0.0,0.0,0.0,11845632,0,5,3,1,0,sleeping,3054,3028,0,200704,1919290,68328
2025-05-20 02:40:31,16095,2195324928,32927744,0.0,0.09866882390419489,0,13,0.37,0.19,0.0,0.0,0.0,11845632,0,5,3,1,0,sleeping,3057,3031,0,200704,1921209,68396
2025-05-20 02:40:32,16095,2195324928,32927744,0.0,0.09866882390419489,0,13,0.37,0.19,0.0,0.0,0.0,11845632,0,5,3,1,0,sleeping,3061,3035,0,200704,1923136,68472
2025-05-20 02:40:33,16095,2195324928,32927744,0.0,0.09866882390419489,0,13,0.37,0.19,0.0,0.0,0.0,11845632,0,5,3,1,0,sleeping,3063,3037,0,200704,1925047,68532
2025-05-20 02:40:34,16095,2195324928,32927744,0.0,0.09866882390419489,0,13,0.37,0.19,0.0,0.0,0.0,11845632,0,5,3,1,0,sleeping,3065,3039,0,204800,1926958,68592
2025-05-20 02:40:35,16095,2195324928,32927744,0.0,0.09866882390419489,0,13,0.37,0.19,0.0,0.0,0.0,11845632,0,5,3,1,0,sleeping,3070,3044,0,204800,1928894,68676
2025-05-20 02:40:36,16095,2195324928,32927744,0.0,0.09866882390419489,0,13,0.37,0.19,0.0,0.0,0.0,11845632,0,5,3,1,0,sleeping,3073,3047,0,204800,1930815,68744
2025-05-20 02:40:37,16095,2195324928,32927744,0.0,0.09866882390419489,0,13,0.37,0.19,0.0,0.0,0.0,11845632,0,5,3,1,0,sleeping,3078,3050,0,204800,1934649,68812
2025-05-20 02:40:38,16095,2195324928,32927744,0.0,0.09866882390419489,0,13,0.37,0.19,0.0,0.0,0.0,11845632,0,5,3,1,0,sleeping,3082,3055,0,204800,1936579,68918
2025-05-20 02:40:40,16095,2195324928,32927744,0.0,0.09866882390419489,0,13,0.37,0.19,0.0,0.0,0.0,11845632,0,5,3,1,0,sleeping,3084,3057,0,204800,1938493,68978
2025-05-20 02:40:41,16095,2195324928,32927744,0.0,0.09866882390419489,0,13,0.37,0.19,0.0,0.0,0.0,11845632,0,5,3,1,0,sleeping,3087,3060,0,204800,1940415,69046
2025-05-20 02:40:42,16095,2195324928,32927744,0.0,0.09866882390419489,0,13,0.37,0.19,0.0,0.0,0.0,11845632,0,5,3,1,0,sleeping,3090,3063,0,204800,1942338,69114
2025-05-20 02:40:43,16095,2195324928,32927744,0.0,0.09866882390419489,0,13,0.37,0.19,0.0,0.0,0.0,11845632,0,5,3,1,0,sleeping,3094,3067,0,204800,1944267,69190
2025-05-20 02:40:44,16095,2195324928,32927744,0.0,0.09866882390419489,0,13,0.37,0.19,0.0,0.0,0.0,11845632,0,5,3,1,0,sleeping,3097,3070,0,204800,1946188,69258
2025-05-20 02:40:45,16095,2195324928,32927744,0.0,0.09866882390419489,0,13,0.37,0.19,0.0,0.0,0.0,11845632,0,5,3,1,0,sleeping,3100,3073,0,204800,1948111,69326
2025-05-20 02:40:46,16095,2195324928,32927744,0.0,0.09866882390419489,0,13,0.37,0.19,0.0,0.0,0.0,11845632,0,5,3,1,0,sleeping,3103,3076,0,204800,1950034,69394
2025-05-20 02:40:47,16095,2195324928,32927744,0.0,0.09866882390419489,0,13,0.37,0.19,0.0,0.0,0.0,11845632,0,5,3,1,0,sleeping,3107,3081,0,204800,1951965,69500
2025-05-20 02:40:48,16095,2195324928,32927744,0.0,0.09866882390419489,0,13,0.37,0.19,0.0,0.0,0.0,11845632,0,5,3,1,0,sleeping,3111,3085,0,204800,1953896,69576
2025-05-20 02:40:49,16095,2195324928,32927744,0.0,0.09866882390419489,0,13,0.37,0.19,0.0,0.0,0.0,11849728,0,5,3,1,0,sleeping,3115,3089,0,204800,1955827,69652
2025-05-20 02:40:50,16095,2195324928,32927744,0.0,0.09866882390419489,0,13,0.37,0.19,0.0,0.0,0.0,11849728,0,5,3,1,0,sleeping,3118,3092,0,204800,1957750,69720
2025-05-20 02:40:51,16095,2195324928,32927744,0.0,0.09866882390419489,0,13,0.37,0.19,0.0,0.0,0.0,11849728,0,6,3,1,0,sleeping,3122,3096,0,204800,1959681,69796
2025-05-20 02:40:52,16095,2195324928,32927744,0.9,0.09866882390419489,0,13,0.38,0.19,0.0,0.0,0.0,11849728,0,6,3,1,0,sleeping,3126,3100,0,204800,1961611,69872
2025-05-20 02:40:53,16095,2195324928,33189888,0.0,0.09945434507969789,0,13,0.38,0.19,0.0,0.0,0.0,11956224,0,7,4,1,0,sleeping,3129,3103,0,204800,1963533,69940
2025-05-20 02:40:54,16095,2195324928,33189888,0.0,0.09945434507969789,0,13,0.38,0.19,0.0,0.0,0.0,11956224,0,7,4,1,0,sleeping,3132,3106,0,204800,1965456,70008
2025-05-20 02:40:55,16095,2195324928,33189888,0.9,0.09945434507969789,0,13,0.38,0.2,0.0,0.0,0.0,11956224,0,7,4,1,0,sleeping,3135,3109,0,204800,1967379,70076
2025-05-20 02:40:56,16095,2195324928,33189888,0.0,0.09945434507969789,0,13,0.38,0.2,0.0,0.0,0.0,11956224,0,7,4,1,0,sleeping,3140,3113,0,204800,1971217,70174
2025-05-20 02:40:58,16095,2195324928,33189888,0.0,0.09945434507969789,0,13,0.38,0.2,0.0,0.0,0.0,11956224,0,7,4,1,0,sleeping,3143,3116,0,204800,1973140,70242
2025-05-20 02:40:59,16095,2195324928,33189888,0.0,0.09945434507969789,0,13,0.38,0.2,0.0,0.0,0.0,11956224,0,7,4,1,0,sleeping,3146,3119,0,208896,1975063,70310
2025-05-20 02:41:00,16095,2195324928,33189888,0.0,0.09945434507969789,0,13,0.38,0.2,0.0,0.0,0.0,11956224,0,7,4,1,0,sleeping,3150,3123,0,208896,1976994,70386
2025-05-20 02:41:01,16095,2195324928,33189888,0.0,0.09945434507969789,0,13,0.38,0.2,0.0,0.0,0.0,11956224,0,7,4,1,0,sleeping,3154,3127,0,208896,1978925,70462
2025-05-20 02:41:02,16095,2195324928,33189888,0.0,0.09945434507969789,0,13,0.38,0.2,0.0,0.0,0.0,11956224,0,6,3,1,0,sleeping,3157,3130,0,208896,1980848,70530
2025-05-20 02:41:03,16095,2195324928,33189888,0.0,0.09945434507969789,0,13,0.38,0.2,0.0,0.0,0.0,11956224,0,6,3,1,0,sleeping,3160,3133,0,208896,1982771,70598
2025-05-20 02:41:04,16095,2195324928,33189888,0.0,0.09945434507969789,0,13,0.38,0.2,0.0,0.0,0.0,11956224,0,7,4,1,0,sleeping,3162,3135,0,208896,1984686,70658
2025-05-20 02:41:05,16095,2195324928,33189888,0.0,0.09945434507969789,0,13,0.38,0.2,0.0,0.0,0.0,11956224,0,7,4,1,0,sleeping,3167,3141,0,212992,1986625,70772
2025-05-20 02:41:06,16095,2195324928,33189888,0.0,0.09945434507969789,0,13,0.38,0.2,0.0,0.0,0.0,11956224,0,7,4,1,0,sleeping,3170,3144,0,212992,1988548,70840
2025-05-20 02:41:07,16095,2195324928,33189888,0.0,0.09945434507969789,0,13,0.38,0.2,0.0,0.0,0.0,11956224,0,7,4,1,0,sleeping,3172,3146,0,212992,1990463,70900
2025-05-20 02:41:08,16095,2195324928,33189888,0.0,0.09945434507969789,0,13,0.38,0.2,0.0,0.0,0.0,11956224,0,7,4,1,0,sleeping,3175,3149,0,212992,1992386,70968
2025-05-20 02:41:09,16095,2195324928,33189888,0.0,0.09945434507969789,0,13,0.38,0.2,0.0,0.0,0.0,11956224,0,7,4,1,0,sleeping,3178,3152,0,212992,1994309,71036
2025-05-20 02:41:10,16095,2195324928,33189888,0.0,0.09945434507969789,0,13,0.38,0.2,0.0,0.0,0.0,11956224,0,7,4,1,0,sleeping,3182,3156,0,212992,1996240,71112
2025-05-20 02:41:11,16095,2195324928,33189888,0.9,0.09945434507969789,0,13,0.39,0.2,0.0,0.0,0.0,11956224,0,6,3,1,0,sleeping,3185,3159,0,212992,1998163,71180
2025-05-20 02:41:12,16095,2195324928,33189888,0.0,0.09945434507969789,0,13,0.39,0.2,0.0,0.0,0.0,11956224,0,6,3,1,0,sleeping,3188,3162,0,212992,2000086,71248
2025-05-20 02:41:13,16095,2195324928,33189888,0.0,0.09945434507969789,0,13,0.39,0.2,0.0,0.0,0.0,11956224,0,6,3,1,0,sleeping,3192,3166,0,212992,2002016,71324
2025-05-20 02:41:14,16095,2195324928,33189888,0.0,0.09945434507969789,0,13,0.39,0.2,0.0,0.0,0.0,11956224,0,6,3,1,0,sleeping,3197,3170,0,212992,2005852,71422
2025-05-20 02:41:16,16095,2195324928,33189888,0.0,0.09945434507969789,0,13,0.39,0.2,0.0,0.0,0.0,11956224,0,6,3,1,0,sleeping,3199,3172,0,212992,2007765,71482
2025-05-20 02:41:17,16095,2195324928,33189888,0.0,0.09945434507969789,0,13,0.39,0.2,0.0,0.0,0.0,11956224,0,6,3,1,0,sleeping,3201,3174,0,212992,2009679,71542
2025-05-20 02:41:18,16095,2195324928,33189888,0.0,0.09945434507969789,0,13,0.39,0.2,0.0,0.0,0.0,11956224,0,6,3,1,0,sleeping,3203,3176,0,212992,2011594,71602
2025-05-20 02:41:19,16095,2195324928,33189888,0.0,0.09945434507969789,0,13,0.39,0.2,0.0,0.0,0.0,11956224,0,6,3,1,0,sleeping,3205,3178,0,212992,2013509,71662
2025-05-20 02:41:20,16095,2195324928,33189888,0.0,0.09945434507969789,0,13,0.39,0.2,0.0,0.0,0.0,11956224,0,6,3,1,0,sleeping,3208,3181,0,212992,2015432,71730
2025-05-20 02:41:21,16095,2195324928,33189888,0.0,0.09945434507969789,0,13,0.39,0.2,0.0,0.0,0.0,11956224,0,6,3,1,0,sleeping,3211,3184,0,212992,2017355,71798
2025-05-20 02:41:22,16095,2195324928,33189888,0.0,0.09945434507969789,0,13,0.39,0.2,0.0,0.0,0.0,11956224,0,6,3,1,0,sleeping,3215,3188,0,212992,2019286,71874
2025-05-20 02:41:23,16095,2195324928,33189888,0.0,0.09945434507969789,0,13,0.39,0.2,0.0,0.0,0.0,11956224,0,6,3,1,0,sleeping,3218,3192,0,212992,2021209,71972
2025-05-20 02:41:24,16095,2195324928,33189888,0.0,0.09945434507969789,0,13,0.39,0.2,0.0,0.0,0.0,11956224,0,6,3,1,0,sleeping,3220,3194,0,212992,2023124,72032
2025-05-20 02:41:25,16095,2195324928,33189888,0.0,0.09945434507969789,0,13,0.39,0.2,0.0,0.0,0.0,11956224,0,6,3,1,0,sleeping,3223,3197,0,212992,2025047,72100
2025-05-20 02:41:26,16095,2195324928,33189888,0.0,0.09945434507969789,0,13,0.39,0.2,0.0,0.0,0.0,11956224,0,6,3,1,0,sleeping,3226,3200,0,212992,2026970,72168
2025-05-20 02:41:27,16095,2195324928,33189888,0.0,0.09945434507969789,0,13,0.39,0.2,0.0,0.0,0.0,11956224,0,8,4,1,0,sleeping,3230,3204,0,212992,2028900,72244
2025-05-20 02:41:28,16095,2195324928,33189888,0.0,0.09945434507969789,0,13,0.39,0.2,0.0,0.0,0.0,11956224,0,8,4,1,0,sleeping,3232,3206,0,212992,2030814,72304
2025-05-20 02:41:29,16095,2195324928,33189888,0.0,0.09945434507969789,0,13,0.39,0.2,0.0,0.0,0.0,11956224,0,7,4,1,0,sleeping,3235,3209,0,212992,2032737,72372
2025-05-20 02:41:30,16095,2195324928,33189888,0.0,0.09945434507969789,0,13,0.39,0.2,0.0,0.0,0.0,11956224,0,7,4,1,0,sleeping,3239,3213,0,212992,2034668,72448
2025-05-20 02:41:31,16095,2195324928,33189888,0.0,0.09945434507969789,0,13,0.39,0.2,0.0,0.0,0.0,11956224,0,7,4,1,0,sleeping,3242,3217,0,212992,2036590,72546
2025-05-20 02:41:33,16095,2195324928,33189888,0.0,0.09945434507969789,0,13,0.39,0.2,0.0,0.0,0.0,11956224,0,7,4,1,0,sleeping,3247,3220,0,212992,2040427,72614
2025-05-20 02:41:34,16095,2195324928,33189888,0.0,0.09945434507969789,0,13,0.39,0.2,0.0,0.0,0.0,11956224,0,7,4,1,0,sleeping,3250,3223,0,212992,2042350,72682
2025-05-20 02:41:35,16095,2195324928,33189888,0.0,0.09945434507969789,0,13,0.39,0.2,0.0,0.0,0.0,11956224,0,7,4,1,0,sleeping,3253,3226,0,212992,2044273,72750
2025-05-20 02:41:36,16095,2195324928,33189888,0.0,0.09945434507969789,0,13,0.39,0.2,0.0,0.0,0.0,11956224,0,7,4,1,0,sleeping,3255,3228,0,217088,2046188,72810
2025-05-20 02:41:37,16095,2195324928,33189888,0.0,0.09945434507969789,0,13,0.39,0.2,0.0,0.0,0.0,11956224,0,6,3,1,0,sleeping,3257,3230,0,217088,2048103,72870
2025-05-20 02:41:38,16095,2195324928,33189888,0.0,0.09945434507969789,0,13,0.39,0.2,0.0,0.0,0.0,11956224,0,6,3,1,0,sleeping,3259,3232,0,217088,2050018,72930
2025-05-20 02:41:39,16095,2195324928,33189888,0.0,0.09945434507969789,0,13,0.39,0.2,0.0,0.0,0.0,11956224,0,6,3,1,0,sleeping,3262,3235,0,217088,2051941,72998
2025-05-20 02:41:40,16095,2195324928,33189888,0.9,0.09945434507969789,0,13,0.4,0.2,0.0,0.0,0.0,11956224,0,6,3,1,0,sleeping,3266,3240,0,217088,2053872,73104
2025-05-20 02:41:41,16095,2195324928,33189888,0.0,0.09945434507969789,0,13,0.4,0.2,0.0,0.0,0.0,11956224,0,6,3,1,0,sleeping,3270,3244,0,217088,2055803,73180
2025-05-20 02:41:42,16095,2195324928,33189888,0.0,0.09945434507969789,0,13,0.4,0.2,0.0,0.0,0.0,11956224,0,6,3,1,0,sleeping,3273,3247,0,217088,2057726,73248
2025-05-20 02:41:43,16095,2195324928,33189888,0.0,0.09945434507969789,0,13,0.4,0.2,0.0,0.0,0.0,11956224,0,6,3,1,0,sleeping,3277,3251,0,217088,2059657,73324
2025-05-20 02:41:44,16095,2195324928,33189888,0.0,0.09945434507969789,0,13,0.4,0.2,0.0,0.0,0.0,11956224,0,7,4,1,0,sleeping,3279,3253,0,217088,2061571,73384
2025-05-20 02:41:45,16095,2195324928,33189888,0.0,0.09945434507969789,0,13,0.4,0.2,0.0,0.0,0.0,11956224,0,7,4,1,0,sleeping,3282,3256,0,217088,2063493,73452
2025-05-20 02:41:46,16095,2195324928,33189888,0.0,0.09945434507969789,0,13,0.4,0.2,0.0,0.0,0.0,11956224,0,7,4,1,0,sleeping,3285,3259,0,217088,2065416,73520
2025-05-20 02:41:47,16095,2195324928,33189888,0.0,0.09945434507969789,0,13,0.4,0.2,0.0,0.0,0.0,11956224,0,6,3,1,0,sleeping,3289,3263,0,217088,2067347,73596
2025-05-20 02:41:48,16095,2195324928,33189888,0.0,0.09945434507969789,0,13,0.4,0.2,0.0,0.0,0.0,11956224,0,6,3,1,0,sleeping,3292,3266,0,217088,2069270,73664
2025-05-20 02:41:49,16095,2195324928,33189888,0.0,0.09945434507969789,0,13,0.4,0.2,0.0,0.0,0.0,11956224,0,6,3,1,0,sleeping,3296,3271,0,217088,2071201,73770
2025-05-20 02:41:51,16095,2195324928,33189888,0.0,0.09945434507969789,0,13,0.4,0.2,0.0,0.0,0.0,11956224,0,6,3,1,0,sleeping,3301,3274,0,217088,2075039,73838
2025-05-20 02:41:52,16095,2195324928,33189888,0.0,0.09945434507969789,0,13,0.4,0.2,0.0,0.0,0.0,11956224,0,6,3,1,0,sleeping,3303,3276,0,217088,2076954,73898
2025-05-20 02:41:53,16095,2195324928,33189888,0.0,0.09945434507969789,0,13,0.4,0.2,0.0,0.0,0.0,11956224,0,6,3,1,0,sleeping,3306,3279,0,217088,2078877,73966
2025-05-20 02:41:54,16095,2195324928,33189888,0.0,0.09945434507969789,0,13,0.4,0.2,0.0,0.0,0.0,11956224,0,6,3,1,0,sleeping,3310,3283,0,217088,2080808,74042
2025-05-20 02:41:55,16095,2195324928,33189888,0.0,0.09945434507969789,0,13,0.4,0.2,0.0,0.0,0.0,11956224,0,7,4,1,0,sleeping,3313,3286,0,217088,2082731,74110
2025-05-20 02:41:56,16095,2195324928,33189888,0.0,0.09945434507969789,0,13,0.4,0.2,0.0,0.0,0.0,11960320,0,7,4,1,0,sleeping,3316,3289,0,217088,2084654,74178
2025-05-20 02:41:57,16095,2195324928,33189888,0.0,0.09945434507969789,0,13,0.4,0.2,0.0,0.0,0.0,11960320,0,7,4,1,0,sleeping,3320,3293,0,217088,2086585,74254
2025-05-20 02:41:58,16095,2195324928,33189888,0.0,0.09945434507969789,0,13,0.4,0.2,0.0,0.0,0.0,11960320,0,7,4,1,0,sleeping,3323,3297,0,217088,2088508,74352
2025-05-20 02:41:59,16095,2195324928,33189888,0.0,0.09945434507969789,0,13,0.4,0.2,0.0,0.0,0.0,11960320,0,7,4,1,0,sleeping,3326,3300,0,217088,2090431,74420
2025-05-20 02:42:00,16095,2195324928,33189888,0.0,0.09945434507969789,0,13,0.4,0.2,0.0,0.0,0.0,11960320,0,7,4,1,0,sleeping,3328,3302,0,217088,2092345,74480
2025-05-20 02:42:01,16095,2195324928,33189888,0.0,0.09945434507969789,0,13,0.4,0.2,0.0,0.0,0.0,11960320,0,7,4,1,0,sleeping,3332,3306,0,217088,2094275,74556
2025-05-20 02:42:02,16095,2195324928,33189888,0.0,0.09945434507969789,0,13,0.4,0.2,0.0,0.0,0.0,11960320,0,7,4,1,0,sleeping,3335,3309,0,217088,2096198,74624
2025-05-20 02:42:03,16095,2195324928,33189888,0.0,0.09945434507969789,0,13,0.4,0.2,0.0,0.0,0.0,11960320,0,6,3,1,0,sleeping,3338,3312,0,217088,2098121,74692
2025-05-20 02:42:04,16095,2195324928,33189888,0.0,0.09945434507969789,0,13,0.4,0.2,0.0,0.0,0.0,11960320,0,6,3,1,0,sleeping,3340,3314,0,217088,2100035,74752
2025-05-20 02:42:05,16095,2195324928,33189888,0.0,0.09945434507969789,0,13,0.4,0.2,0.0,0.0,0.0,11960320,0,6,3,1,0,sleeping,3344,3318,0,217088,2101965,74828
2025-05-20 02:42:06,16095,2195324928,33320960,0.0,0.09984710566744935,0,13,0.4,0.2,0.0,0.0,0.0,12091392,0,6,3,1,0,sleeping,3347,3322,0,225280,2103888,74926
2025-05-20 02:42:08,16095,2195324928,33320960,0.0,0.09984710566744935,0,13,0.4,0.2,0.0,0.0,0.0,12091392,0,6,3,1,0,sleeping,3349,3324,0,225280,2105803,74986
2025-05-20 02:42:09,16095,2195324928,33320960,0.0,0.09984710566744935,0,13,0.4,0.2,0.0,0.0,0.0,12095488,0,6,3,1,0,sleeping,3355,3328,0,225280,2109649,75062
2025-05-20 02:42:10,16095,2195324928,33320960,0.9,0.09984710566744935,0,13,0.41,0.2,0.0,0.0,0.0,12095488,0,6,3,1,0,sleeping,3358,3331,0,225280,2111572,75130
2025-05-20 02:42:11,16095,2195324928,33320960,0.0,0.09984710566744935,0,13,0.41,0.2,0.0,0.0,0.0,12099584,0,6,3,1,0,sleeping,3361,3334,0,225280,2113495,75198
2025-05-20 02:42:12,16095,2195324928,33320960,0.0,0.09984710566744935,0,13,0.41,0.2,0.0,0.0,0.0,12111872,0,6,3,1,0,sleeping,3365,3338,0,225280,2115426,75274
2025-05-20 02:42:13,16095,2195324928,33320960,0.9,0.09984710566744935,0,13,0.41,0.21,0.0,0.0,0.0,12111872,0,6,3,1,0,sleeping,3368,3341,0,225280,2117348,75342
2025-05-20 02:42:14,16095,2195324928,33320960,0.0,0.09984710566744935,0,13,0.41,0.21,0.0,0.0,0.0,12111872,0,6,3,1,0,sleeping,3371,3344,0,225280,2119269,75410
2025-05-20 02:42:15,16095,2195324928,33320960,0.0,0.09984710566744935,0,13,0.41,0.21,0.0,0.0,0.0,12120064,0,6,3,1,0,sleeping,3374,3347,0,225280,2121190,75478
2025-05-20 02:42:16,16095,2195324928,33320960,0.0,0.09984710566744935,0,13,0.41,0.21,0.0,0.0,0.0,12120064,0,6,3,1,0,sleeping,3378,3352,0,225280,2123120,75584
2025-05-20 02:42:17,16095,2195324928,33320960,0.0,0.09984710566744935,0,13,0.41,0.21,0.0,0.0,0.0,12132352,0,6,3,1,0,sleeping,3381,3355,0,225280,2125043,75652
2025-05-20 02:42:18,16095,2195324928,33320960,0.0,0.09984710566744935,0,13,0.41,0.21,0.0,0.0,0.0,12132352,0,6,3,1,0,sleeping,3384,3358,0,225280,2126966,75720
2025-05-20 02:42:19,16095,2195324928,33320960,0.0,0.09984710566744935,0,13,0.41,0.21,0.0,0.0,0.0,12156928,0,6,3,1,0,sleeping,3388,3362,0,225280,2128897,75796
2025-05-20 02:42:20,16095,2195324928,33320960,0.0,0.09984710566744935,0,13,0.41,0.21,0.0,0.0,0.0,12165120,0,6,3,1,0,sleeping,3391,3365,0,225280,2130820,75864
2025-05-20 02:42:21,16095,2195324928,33320960,0.0,0.09984710566744935,0,13,0.41,0.21,0.0,0.0,0.0,12201984,0,6,3,1,0,sleeping,3395,3369,0,225280,2132750,75940
2025-05-20 02:42:22,16095,2195324928,33320960,0.0,0.09984710566744935,0,13,0.41,0.21,0.0,0.0,0.0,12210176,0,6,3,1,0,sleeping,3399,3373,0,225280,2134680,76016
2025-05-20 02:42:23,16095,2195324928,33320960,0.0,0.09984710566744935,0,13,0.41,0.21,0.0,0.0,0.0,12214272,0,6,3,1,0,sleeping,3402,3376,0,225280,2136603,76084
2025-05-20 02:42:24,16095,2195324928,33320960,0.0,0.09984710566744935,0,13,0.41,0.21,0.0,0.0,0.0,12214272,0,6,3,1,0,sleeping,3405,3380,0,225280,2138526,76182
2025-05-20 02:42:26,16095,2195324928,33320960,0.0,0.09984710566744935,0,13,0.41,0.21,0.0,0.0,0.0,12226560,0,6,3,1,0,sleeping,3407,3382,0,225280,2140441,76242
2025-05-20 02:42:27,16095,2195324928,33320960,0.0,0.09984710566744935,0,13,0.41,0.21,0.0,0.0,0.0,12259328,0,6,3,1,0,sleeping,3412,3385,0,225280,2144278,76310
2025-05-20 02:42:28,16095,2195324928,33320960,0.0,0.09984710566744935,0,13,0.41,0.21,0.0,0.0,0.0,12271616,0,6,4,1,0,sleeping,3414,3387,0,225280,2146192,76370
2025-05-20 02:42:29,16095,2195324928,33050624,0.0,0.09903703695521192,0,13,0.41,0.21,0.0,0.0,0.0,11886592,0,6,4,1,0,sleeping,3417,3390,0,225280,2148115,76438
2025-05-20 02:42:30,16095,2195324928,33050624,0.0,0.09903703695521192,0,13,0.41,0.21,0.0,0.0,0.0,11886592,0,6,4,1,0,sleeping,3420,3393,0,225280,2150038,76506
2025-05-20 02:42:31,16095,2195324928,33050624,0.9,0.09903703695521192,0,13,0.42,0.21,0.0,0.0,0.0,11886592,0,6,4,1,0,sleeping,3424,3397,0,225280,2151969,76582
2025-05-20 02:42:32,16095,2195324928,33050624,0.0,0.09903703695521192,0,13,0.42,0.21,0.0,0.0,0.0,11886592,0,7,4,1,0,sleeping,3427,3400,0,225280,2153892,76650
2025-05-20 02:42:33,16095,2195324928,33050624,0.0,0.09903703695521192,0,13,0.42,0.21,0.0,0.0,0.0,11886592,0,7,4,1,0,sleeping,3429,3403,0,225280,2155807,76740
2025-05-20 02:42:34,16095,2195324928,33050624,0.0,0.09903703695521192,0,13,0.42,0.21,0.0,0.0,0.0,11886592,0,7,4,1,0,sleeping,3433,3407,0,225280,2157738,76816
2025-05-20 02:42:35,16095,2195324928,33050624,0.0,0.09903703695521192,0,13,0.42,0.21,0.0,0.0,0.0,11886592,0,7,4,1,0,sleeping,3436,3410,0,225280,2159661,76884
2025-05-20 02:42:36,16095,2195324928,33050624,0.0,0.09903703695521192,0,13,0.42,0.21,0.0,0.0,0.0,11886592,0,7,4,1,0,sleeping,3438,3412,0,225280,2161576,76944
2025-05-20 02:42:37,16095,2195324928,33050624,0.0,0.09903703695521192,0,13,0.42,0.21,0.0,0.0,0.0,11886592,0,7,4,1,0,sleeping,3442,3416,0,229376,2163507,77020
2025-05-20 02:42:38,16095,2195324928,33050624,0.0,0.09903703695521192,0,13,0.42,0.21,0.0,0.0,0.0,11886592,0,6,4,1,0,sleeping,3444,3418,0,229376,2165422,77080
2025-05-20 02:42:39,16095,2195324928,33050624,0.0,0.09903703695521192,0,13,0.42,0.21,0.0,0.0,0.0,11886592,0,6,4,1,0,sleeping,3449,3423,0,229376,2167361,77164
2025-05-20 02:42:40,16095,2195324928,33050624,0.0,0.09903703695521192,0,13,0.42,0.21,0.0,0.0,0.0,11886592,0,7,4,1,0,sleeping,3452,3426,0,229376,2169284,77232
2025-05-20 02:42:41,16095,2195324928,33050624,0.0,0.09903703695521192,0,13,0.42,0.21,0.0,0.0,0.0,11886592,0,7,4,1,0,sleeping,3454,3428,0,229376,2171199,77292
2025-05-20 02:42:42,16095,2195324928,33050624,0.0,0.09903703695521192,0,13,0.42,0.21,0.0,0.0,0.0,11886592,0,7,4,1,0,sleeping,3457,3432,0,229376,2173122,77390
2025-05-20 02:42:44,16095,2195324928,33050624,0.0,0.09903703695521192,0,13,0.42,0.21,0.0,0.0,0.0,11886592,0,7,4,1,0,sleeping,3461,3436,0,229376,2175053,77466
2025-05-20 02:42:45,16095,2195324928,33050624,0.0,0.09903703695521192,0,13,0.42,0.21,0.0,0.0,0.0,11886592,0,7,4,1,0,sleeping,3465,3438,0,229376,2178882,77526
2025-05-20 02:42:46,16095,2195324928,33050624,0.0,0.09903703695521192,0,13,0.42,0.21,0.0,0.0,0.0,11886592,0,7,4,1,0,sleeping,3468,3441,0,229376,2180804,77594
2025-05-20 02:42:47,16095,2195324928,33050624,0.0,0.09903703695521192,0,13,0.42,0.21,0.0,0.0,0.0,11886592,0,7,4,1,0,sleeping,3472,3445,0,229376,2182735,77670
2025-05-20 02:42:48,16095,2195324928,33050624,0.0,0.09903703695521192,0,13,0.42,0.21,0.0,0.0,0.0,11886592,0,7,4,1,0,sleeping,3474,3447,0,229376,2184649,77730
2025-05-20 02:42:49,16095,2195324928,33050624,0.0,0.09903703695521192,0,13,0.42,0.21,0.0,0.0,0.0,11886592,0,7,4,1,0,sleeping,3476,3449,0,229376,2186563,77790
2025-05-20 02:42:50,16095,2195324928,33050624,0.0,0.09903703695521192,0,13,0.42,0.21,0.0,0.0,0.0,11886592,0,7,4,1,0,sleeping,3481,3454,0,229376,2188502,77874
2025-05-20 02:42:51,16095,2195324928,33050624,0.0,0.09903703695521192,0,13,0.42,0.21,0.0,0.0,0.0,11886592,0,8,4,1,0,sleeping,3483,3457,0,229376,2190417,77964
2025-05-20 02:42:52,16095,2195324928,33050624,0.0,0.09903703695521192,0,13,0.42,0.21,0.0,0.0,0.0,11886592,0,8,4,1,0,sleeping,3486,3460,0,229376,2192340,78032
2025-05-20 02:42:53,16095,2195324928,33050624,0.0,0.09903703695521192,0,13,0.42,0.21,0.0,0.0,0.0,11886592,0,8,4,1,0,sleeping,3489,3463,0,229376,2194263,78100
2025-05-20 02:42:54,16095,2195324928,33050624,0.9,0.09903703695521192,0,13,0.43,0.21,0.0,0.0,0.0,11886592,0,8,4,1,0,sleeping,3492,3466,0,229376,2196186,78168
2025-05-20 02:42:55,16095,2195324928,33050624,0.0,0.09903703695521192,0,13,0.43,0.21,0.0,0.0,0.0,11886592,0,7,4,1,0,sleeping,3494,3468,0,229376,2198101,78228
2025-05-20 02:42:56,16095,2195324928,33050624,0.0,0.09903703695521192,0,13,0.43,0.21,0.0,0.0,0.0,11886592,0,7,4,1,0,sleeping,3498,3472,0,229376,2200031,78304
2025-05-20 02:42:57,16095,2195324928,33050624,0.0,0.09903703695521192,0,13,0.43,0.21,0.0,0.0,0.0,11886592,0,7,4,1,0,sleeping,3501,3475,0,229376,2201953,78372
2025-05-20 02:42:58,16095,2195324928,33050624,0.0,0.09903703695521192,0,13,0.43,0.21,0.0,0.0,0.0,11886592,0,7,4,1,0,sleeping,3504,3478,0,229376,2203876,78440
2025-05-20 02:42:59,16095,2195324928,33050624,0.0,0.09903703695521192,0,13,0.43,0.21,0.0,0.0,0.0,11886592,0,6,4,1,0,sleeping,3507,3482,0,229376,2205799,78538
2025-05-20 02:43:01,16095,2195324928,33050624,0.0,0.09903703695521192,0,13,0.43,0.21,0.0,0.0,0.0,11886592,0,8,4,1,0,sleeping,3509,3484,0,229376,2207714,78598
2025-05-20 02:43:02,16095,2195324928,33050624,0.0,0.09903703695521192,0,13,0.43,0.21,0.0,0.0,0.0,11886592,0,8,4,1,0,sleeping,3512,3487,0,229376,2209636,78666
2025-05-20 02:43:03,16095,2195324928,33050624,0.0,0.09903703695521192,0,13,0.43,0.21,0.0,0.0,0.0,11886592,0,8,4,1,0,sleeping,3516,3491,0,229376,2211566,78742
2025-05-20 02:43:04,16095,2195324928,33050624,0.0,0.09903703695521192,0,13,0.43,0.21,0.0,0.0,0.0,11886592,0,7,4,1,0,sleeping,3520,3493,0,229376,2215396,78802
2025-05-20 02:43:05,16095,2195324928,33050624,0.0,0.09903703695521192,0,13,0.43,0.21,0.0,0.0,0.0,11890688,0,7,4,1,0,sleeping,3522,3495,0,229376,2217311,78862
2025-05-20 02:43:06,16095,2195324928,33050624,0.0,0.09903703695521192,0,13,0.43,0.21,0.0,0.0,0.0,11890688,0,7,4,1,0,sleeping,3524,3497,0,229376,2219226,78922
2025-05-20 02:43:07,16095,2195324928,33050624,0.0,0.09903703695521192,0,13,0.43,0.21,0.0,0.0,0.0,11890688,0,7,4,1,0,sleeping,3526,3499,0,229376,2221141,78982
2025-05-20 02:43:08,16095,2195324928,33050624,0.0,0.09903703695521192,0,13,0.43,0.21,0.0,0.0,0.0,11890688,0,6,4,1,0,sleeping,3528,3501,0,233472,2223056,79042
2025-05-20 02:43:09,16095,2195324928,33050624,0.0,0.09903703695521192,0,13,0.43,0.21,0.0,0.0,0.0,11890688,0,6,4,1,0,sleeping,3530,3504,0,233472,2224971,79132
2025-05-20 02:43:10,16095,2195324928,33050624,0.0,0.09903703695521192,0,13,0.43,0.21,0.0,0.0,0.0,11890688,0,6,4,1,0,sleeping,3532,3506,0,233472,2226886,79192
2025-05-20 02:43:11,16095,2195324928,33050624,0.0,0.09903703695521192,0,13,0.43,0.21,0.0,0.0,0.0,11890688,0,7,4,1,0,sleeping,3534,3508,0,233472,2228801,79252
2025-05-20 02:43:12,16095,2195324928,33050624,0.0,0.09903703695521192,0,13,0.43,0.21,0.0,0.0,0.0,11890688,0,7,4,1,0,sleeping,3539,3513,0,233472,2230740,79336
2025-05-20 02:43:13,16095,2195324928,33050624,0.0,0.09903703695521192,0,13,0.43,0.21,0.0,0.0,0.0,11890688,0,7,4,1,0,sleeping,3544,3518,0,233472,2232679,79420
2025-05-20 02:43:14,16095,2195324928,33050624,0.0,0.09903703695521192,0,13,0.43,0.21,0.0,0.0,0.0,11890688,0,7,4,1,0,sleeping,3547,3521,0,233472,2234602,79488
2025-05-20 02:43:15,16095,2195324928,33050624,0.9,0.09903703695521192,0,13,0.44,0.21,0.0,0.0,0.0,11890688,0,7,4,1,0,sleeping,3550,3524,0,237568,2236525,79556
2025-05-20 02:43:16,16095,2195324928,33050624,0.0,0.09903703695521192,0,13,0.44,0.21,0.0,0.0,0.0,11890688,0,7,4,1,0,sleeping,3553,3527,0,237568,2238448,79624
2025-05-20 02:43:17,16095,2195324928,33050624,0.0,0.09903703695521192,0,13,0.44,0.21,0.0,0.0,0.0,11890688,0,7,4,1,0,sleeping,3556,3531,0,237568,2240371,79722
2025-05-20 02:43:19,16095,2195324928,33050624,0.0,0.09903703695521192,0,13,0.44,0.21,0.0,0.0,0.0,11890688,0,7,4,1,0,sleeping,3560,3535,0,237568,2242302,79798
2025-05-20 02:43:20,16095,2195324928,33050624,0.0,0.09903703695521192,0,13,0.44,0.21,0.0,0.0,0.0,11890688,0,7,4,1,0,sleeping,3562,3537,0,237568,2244217,79858
2025-05-20 02:43:21,16095,2195324928,33050624,0.0,0.09903703695521192,0,13,0.44,0.21,0.0,0.0,0.0,11890688,0,7,4,1,0,sleeping,3564,3539,0,237568,2246132,79918
2025-05-20 02:43:22,16095,2195324928,33050624,0.0,0.09903703695521192,0,13,0.44,0.21,0.0,0.0,0.0,11890688,0,7,4,1,0,sleeping,3570,3543,0,237568,2249978,79994
2025-05-20 02:43:23,16095,2195324928,33050624,0.0,0.09903703695521192,0,13,0.44,0.21,0.0,0.0,0.0,11890688,0,7,4,1,0,sleeping,3574,3547,0,237568,2251908,80070
2025-05-20 02:43:24,16095,2195324928,33050624,0.0,0.09903703695521192,0,13,0.44,0.21,0.0,0.0,0.0,11890688,0,7,4,1,0,sleeping,3577,3550,0,237568,2253830,80138
2025-05-20 02:43:25,16095,2195324928,33050624,0.0,0.09903703695521192,0,13,0.44,0.21,0.0,0.0,0.0,11890688,0,7,4,1,0,sleeping,3580,3553,0,237568,2255752,80206
2025-05-20 02:43:26,16095,2195324928,33050624,0.0,0.09903703695521192,0,13,0.44,0.21,0.0,0.0,0.0,11898880,0,8,4,1,0,sleeping,3583,3557,0,237568,2257674,80304
2025-05-20 02:43:27,16095,2195324928,33050624,0.0,0.09903703695521192,0,13,0.44,0.21,0.0,0.0,0.0,11898880,0,8,4,1,0,sleeping,3586,3560,0,237568,2259597,80372
2025-05-20 02:43:28,16095,2195324928,33050624,0.0,0.09903703695521192,0,13,0.44,0.21,0.0,0.0,0.0,11898880,0,7,4,1,0,sleeping,3590,3564,0,237568,2261528,80448
2025-05-20 02:43:29,16095,2195324928,33050624,0.0,0.09903703695521192,0,13,0.44,0.21,0.0,0.0,0.0,11898880,0,7,4,1,0,sleeping,3595,3569,0,237568,2263466,80532
2025-05-20 02:43:30,16095,2195324928,33050624,0.0,0.09903703695521192,0,13,0.44,0.21,0.0,0.0,0.0,11898880,0,7,4,1,0,sleeping,3598,3572,0,237568,2265388,80600
2025-05-20 02:43:31,16095,2195324928,33050624,0.0,0.09903703695521192,0,13,0.44,0.21,0.0,0.0,0.0,11898880,0,7,4,1,0,sleeping,3602,3576,0,237568,2267318,80676
2025-05-20 02:43:32,16095,2195324928,33050624,0.0,0.09903703695521192,0,13,0.44,0.21,0.0,0.0,0.0,11898880,0,7,4,1,0,sleeping,3606,3580,0,237568,2269248,80752
2025-05-20 02:43:33,16095,2195324928,33050624,0.0,0.09903703695521192,0,13,0.44,0.21,0.0,0.0,0.0,11898880,0,8,4,1,0,sleeping,3609,3583,0,237568,2271171,80820
2025-05-20 02:43:34,16095,2195324928,33050624,0.0,0.09903703695521192,0,13,0.44,0.21,0.0,0.0,0.0,11898880,0,8,4,1,0,sleeping,3611,3585,0,237568,2273086,80880
2025-05-20 02:43:35,16095,2195324928,33050624,0.0,0.09903703695521192,0,13,0.44,0.21,0.0,0.0,0.0,11898880,0,7,4,1,0,sleeping,3615,3590,0,237568,2275017,80986
2025-05-20 02:43:37,16095,2195324928,33050624,0.9,0.09903703695521192,0,13,0.45,0.21,0.0,0.0,0.0,11898880,0,8,4,1,0,sleeping,3617,3592,0,237568,2276932,81046
2025-05-20 02:43:38,16095,2195324928,33050624,0.0,0.09903703695521192,0,13,0.45,0.21,0.0,0.0,0.0,11898880,0,8,4,1,0,sleeping,3620,3595,0,237568,2278855,81114
2025-05-20 02:43:39,16095,2195324928,33050624,0.0,0.09903703695521192,0,13,0.45,0.21,0.0,0.0,0.0,11898880,0,8,4,1,0,sleeping,3623,3598,0,241664,2280778,81182
2025-05-20 02:43:40,16095,2195324928,33050624,0.0,0.09903703695521192,0,13,0.45,0.21,0.0,0.0,0.0,11898880,0,7,4,1,0,sleeping,3628,3601,0,241664,2284616,81250
2025-05-20 02:43:41,16095,2195324928,33050624,0.0,0.09903703695521192,0,13,0.45,0.21,0.0,0.0,0.0,11898880,0,8,4,1,0,sleeping,3632,3605,0,241664,2286547,81326
2025-05-20 02:43:42,16095,2195324928,33050624,0.0,0.09903703695521192,0,13,0.45,0.21,0.0,0.0,0.0,11898880,0,8,4,1,0,sleeping,3635,3608,0,241664,2288470,81394
2025-05-20 02:43:43,16095,2195324928,33050624,0.0,0.09903703695521192,0,13,0.45,0.21,0.0,0.0,0.0,11898880,0,8,4,1,0,sleeping,3639,3612,0,241664,2290401,81470
2025-05-20 02:43:44,16095,2195324928,33050624,0.0,0.09903703695521192,0,13,0.45,0.21,0.0,0.0,0.0,11898880,0,7,4,1,0,sleeping,3644,3618,0,241664,2292340,81584
2025-05-20 02:43:45,16095,2195324928,33050624,0.0,0.09903703695521192,0,13,0.45,0.21,0.0,0.0,0.0,11898880,0,7,4,1,0,sleeping,3646,3620,0,241664,2294255,81644
2025-05-20 02:43:46,16095,2195324928,33050624,0.0,0.09903703695521192,0,13,0.45,0.21,0.0,0.0,0.0,11902976,0,7,4,1,0,sleeping,3648,3622,0,241664,2296170,81704
2025-05-20 02:43:47,16095,2195324928,33050624,0.0,0.09903703695521192,0,13,0.45,0.21,0.0,0.0,0.0,11902976,0,7,4,1,0,sleeping,3651,3625,0,241664,2298093,81772
2025-05-20 02:43:48,16095,2195324928,33050624,0.0,0.09903703695521192,0,13,0.45,0.21,0.0,0.0,0.0,11902976,0,7,4,1,0,sleeping,3654,3628,0,241664,2300015,81840
2025-05-20 02:43:49,16095,2195324928,33050624,0.0,0.09903703695521192,0,13,0.45,0.21,0.0,0.0,0.0,11902976,0,7,4,1,0,sleeping,3657,3631,0,241664,2301937,81908
2025-05-20 02:43:50,16095,2195324928,33050624,0.0,0.09903703695521192,0,13,0.45,0.21,0.0,0.0,0.0,11902976,0,7,4,1,0,sleeping,3659,3633,0,241664,2303852,81968
2025-05-20 02:43:51,16095,2195324928,33050624,0.0,0.09903703695521192,0,13,0.45,0.21,0.0,0.0,0.0,11902976,0,7,4,1,0,sleeping,3662,3636,0,241664,2305775,82036
2025-05-20 02:43:52,16095,2195324928,33050624,0.0,0.09903703695521192,0,13,0.45,0.21,0.0,0.0,0.0,11902976,0,7,4,1,0,sleeping,3665,3640,0,241664,2307698,82134
2025-05-20 02:43:54,16095,2195324928,33050624,0.0,0.09903703695521192,0,13,0.45,0.21,0.0,0.0,0.0,11902976,0,8,4,1,0,sleeping,3667,3642,0,241664,2309613,82194
2025-05-20 02:43:55,16095,2195324928,33050624,0.0,0.09903703695521192,0,13,0.45,0.21,0.0,0.0,0.0,11902976,0,8,4,1,0,sleeping,3669,3644,0,241664,2311527,82254
2025-05-20 02:43:56,16095,2195324928,33050624,0.0,0.09903703695521192,0,13,0.45,0.21,0.0,0.0,0.0,11902976,0,7,4,1,0,sleeping,3672,3647,0,241664,2313449,82322
2025-05-20 02:43:57,16095,2195324928,33050624,0.9,0.09903703695521192,0,13,0.46,0.21,0.0,0.0,0.0,11902976,0,7,4,1,0,sleeping,3674,3649,0,241664,2315364,82382
2025-05-20 02:43:58,16095,2195324928,33050624,0.0,0.09903703695521192,0,13,0.46,0.21,0.0,0.0,0.0,11907072,0,8,4,1,0,sleeping,3678,3651,0,241664,2319193,82442
2025-05-20 02:43:59,16095,2195324928,33050624,0.0,0.09903703695521192,0,13,0.46,0.21,0.0,0.0,0.0,11907072,0,8,4,1,0,sleeping,3681,3654,0,241664,2321115,82510
2025-05-20 02:44:00,16095,2195324928,33050624,0.0,0.09903703695521192,0,13,0.46,0.21,0.0,0.0,0.0,11907072,0,8,4,1,0,sleeping,3684,3657,0,241664,2323038,82578
2025-05-20 02:44:01,16095,2195324928,33050624,0.0,0.09903703695521192,0,13,0.46,0.21,0.0,0.0,0.0,11907072,0,8,4,1,0,sleeping,3686,3659,0,241664,2324953,82638
2025-05-20 02:44:02,16095,2195324928,33050624,0.0,0.09903703695521192,0,13,0.46,0.21,0.0,0.0,0.0,11907072,0,8,4,1,0,sleeping,3689,3663,0,241664,2326876,82736
2025-05-20 02:44:03,16095,2195324928,33050624,0.0,0.09903703695521192,0,13,0.46,0.21,0.0,0.0,0.0,11907072,0,7,4,1,0,sleeping,3692,3666,0,241664,2328799,82804
2025-05-20 02:44:04,16095,2195324928,33050624,0.0,0.09903703695521192,0,13,0.46,0.21,0.0,0.0,0.0,11907072,0,7,4,1,0,sleeping,3695,3669,0,241664,2330722,82872
2025-05-20 02:44:05,16095,2195324928,33050624,0.0,0.09903703695521192,0,13,0.46,0.21,0.0,0.0,0.0,11907072,0,7,4,1,0,sleeping,3698,3672,0,241664,2332645,82940
2025-05-20 02:44:06,16095,2195324928,33050624,0.0,0.09903703695521192,0,13,0.46,0.21,0.0,0.0,0.0,11907072,0,7,4,1,0,sleeping,3702,3676,0,241664,2334576,83016
2025-05-20 02:44:07,16095,2195324928,33050624,0.0,0.09903703695521192,0,13,0.46,0.21,0.0,0.0,0.0,11907072,0,7,4,1,0,sleeping,3705,3679,0,241664,2336499,83084
2025-05-20 02:44:08,16095,2195324928,33050624,0.0,0.09903703695521192,0,13,0.46,0.21,0.0,0.0,0.0,11907072,0,7,4,1,0,sleeping,3707,3681,0,241664,2338414,83144
2025-05-20 02:44:09,16095,2195324928,33050624,0.0,0.09903703695521192,0,13,0.46,0.21,0.0,0.0,0.0,11907072,0,7,4,1,0,sleeping,3710,3684,0,245760,2340337,83212
2025-05-20 02:44:10,16095,2195324928,33050624,0.0,0.09903703695521192,0,13,0.46,0.21,0.0,0.0,0.0,11907072,0,6,4,1,0,sleeping,3713,3688,0,245760,2342260,83310
2025-05-20 02:44:12,16095,2195324928,33050624,0.0,0.09903703695521192,0,13,0.46,0.21,0.0,0.0,0.0,11907072,0,6,4,1,0,sleeping,3716,3691,0,245760,2344183,83378
2025-05-20 02:44:13,16095,2195324928,33050624,0.9,0.09903703695521192,0,13,0.47,0.21,0.0,0.0,0.0,11907072,0,6,4,1,0,sleeping,3719,3694,0,245760,2346106,83446
2025-05-20 02:44:14,16095,2195324928,33050624,0.0,0.09903703695521192,0,13,0.47,0.21,0.0,0.0,0.0,11907072,0,6,4,1,0,sleeping,3723,3698,0,245760,2348037,83522
2025-05-20 02:44:15,16095,2195324928,33050624,0.0,0.09903703695521192,0,13,0.47,0.21,0.0,0.0,0.0,11907072,0,6,4,1,0,sleeping,3725,3700,0,245760,2349951,83582
2025-05-20 02:44:16,16095,2195324928,33050624,0.0,0.09903703695521192,0,13,0.47,0.21,0.0,0.0,0.0,11907072,0,6,4,1,0,sleeping,3729,3702,0,245760,2353780,83642
2025-05-20 02:44:17,16095,2195324928,33050624,0.0,0.09903703695521192,0,13,0.47,0.21,0.0,0.0,0.0,11907072,0,7,4,1,0,sleeping,3731,3704,0,245760,2355695,83702
2025-05-20 02:44:18,16095,2195324928,33050624,0.0,0.09903703695521192,0,13,0.47,0.21,0.0,0.0,0.0,11907072,0,7,4,1,0,sleeping,3734,3707,0,245760,2357618,83770
2025-05-20 02:44:19,16095,2195324928,33050624,0.0,0.09903703695521192,0,13,0.47,0.21,0.0,0.0,0.0,11907072,0,6,4,1,0,sleeping,3738,3712,0,245760,2359549,83876
2025-05-20 02:44:20,16095,2195324928,33050624,0.0,0.09903703695521192,0,13,0.47,0.21,0.0,0.0,0.0,11907072,0,7,4,1,0,sleeping,3740,3714,0,245760,2361464,83936
2025-05-20 02:44:21,16095,2195324928,33050624,0.0,0.09903703695521192,0,13,0.47,0.21,0.0,0.0,0.0,11907072,0,7,4,1,0,sleeping,3743,3717,0,245760,2363386,84004
2025-05-20 02:44:22,16095,2195324928,33050624,0.0,0.09903703695521192,0,13,0.47,0.21,0.0,0.0,0.0,11907072,0,6,4,1,0,sleeping,3745,3719,0,245760,2365300,84064
2025-05-20 02:44:23,16095,2195324928,33050624,0.0,0.09903703695521192,0,13,0.47,0.21,0.0,0.0,0.0,11907072,0,6,4,1,0,sleeping,3748,3722,0,249856,2367223,84132
2025-05-20 02:44:24,16095,2195324928,33050624,0.0,0.09903703695521192,0,13,0.47,0.21,0.0,0.0,0.0,11907072,0,6,4,1,0,sleeping,3752,3726,0,249856,2369154,84208
2025-05-20 02:44:25,16095,2195324928,33050624,0.0,0.09903703695521192,0,13,0.47,0.21,0.0,0.0,0.0,11907072,0,6,4,1,0,sleeping,3754,3728,0,249856,2371069,84268
2025-05-20 02:44:26,16095,2195324928,33050624,0.0,0.09903703695521192,0,13,0.47,0.21,0.0,0.0,0.0,11907072,0,6,4,1,0,sleeping,3758,3732,0,249856,2373000,84344
2025-05-20 02:44:27,16095,2195324928,33050624,0.0,0.09903703695521192,0,13,0.47,0.21,0.0,0.0,0.0,11907072,0,6,4,1,0,sleeping,3761,3735,0,249856,2374923,84412
2025-05-20 02:44:28,16095,2195324928,33050624,0.0,0.09903703695521192,0,13,0.47,0.21,0.0,0.0,0.0,11907072,0,7,4,1,0,sleeping,3763,3738,0,249856,2376838,84502
2025-05-20 02:44:30,16095,2195324928,33050624,0.0,0.09903703695521192,0,13,0.47,0.21,0.0,0.0,0.0,11907072,0,7,4,1,0,sleeping,3766,3741,0,249856,2378761,84570
2025-05-20 02:44:31,16095,2195324928,33050624,0.0,0.09903703695521192,0,13,0.47,0.21,0.0,0.0,0.0,11907072,0,7,4,1,0,sleeping,3770,3745,0,249856,2380692,84646
2025-05-20 02:44:32,16095,2195324928,33050624,0.0,0.09903703695521192,0,13,0.47,0.21,0.0,0.0,0.0,11907072,0,7,4,1,0,sleeping,3774,3749,0,249856,2382623,84722
2025-05-20 02:44:33,16095,2195324928,33050624,0.0,0.09903703695521192,0,13,0.47,0.21,0.0,0.0,0.0,11907072,0,7,4,1,0,sleeping,3777,3752,0,249856,2384546,84790
2025-05-20 02:44:34,16095,2195324928,33050624,0.0,0.09903703695521192,0,13,0.47,0.21,0.0,0.0,0.0,11907072,0,7,4,1,0,sleeping,3781,3756,0,249856,2386477,84866
2025-05-20 02:44:35,16095,2195324928,33050624,0.9,0.09903703695521192,0,13,0.48,0.21,0.0,0.0,0.0,11907072,0,7,4,1,0,sleeping,3786,3759,0,249856,2390315,84934
2025-05-20 02:44:36,16095,2195324928,33050624,0.0,0.09903703695521192,0,13,0.48,0.21,0.0,0.0,0.0,11911168,0,7,4,1,0,sleeping,3789,3762,0,249856,2392238,85002
2025-05-20 02:44:37,16095,2195324928,33050624,0.0,0.09903703695521192,0,13,0.48,0.21,0.0,0.0,0.0,11911168,0,6,4,1,0,sleeping,3793,3767,0,249856,2394169,85108
2025-05-20 02:44:38,16095,2195324928,33050624,0.0,0.09903703695521192,0,13,0.48,0.21,0.0,0.0,0.0,11935744,0,6,4,1,0,sleeping,3796,3770,0,249856,2396092,85176
2025-05-20 02:44:39,16095,2195324928,33050624,0.0,0.09903703695521192,0,13,0.48,0.21,0.0,0.0,0.0,11935744,0,6,4,1,0,sleeping,3800,3774,0,249856,2398023,85252
2025-05-20 02:44:40,16095,2195324928,33050624,0.0,0.09903703695521192,0,13,0.48,0.21,0.0,0.0,0.0,11935744,0,6,4,1,0,sleeping,3803,3777,0,253952,2399946,85320
2025-05-20 02:44:41,16095,2195324928,33050624,0.0,0.09903703695521192,0,13,0.48,0.21,0.0,0.0,0.0,11943936,0,6,4,1,0,sleeping,3806,3780,0,253952,2401869,85388
2025-05-20 02:44:42,16095,2195324928,33050624,0.0,0.09903703695521192,0,13,0.48,0.21,0.0,0.0,0.0,11960320,0,6,4,1,0,sleeping,3810,3784,0,253952,2403800,85464
2025-05-20 02:44:43,16095,2195324928,33050624,0.0,0.09903703695521192,0,13,0.48,0.21,0.0,0.0,0.0,11993088,0,6,4,1,0,sleeping,3813,3787,0,253952,2405723,85532
2025-05-20 02:44:44,16095,2195324928,33050624,0.0,0.09903703695521192,0,13,0.48,0.21,0.0,0.0,0.0,11993088,0,6,4,1,0,sleeping,3816,3790,0,253952,2407646,85600
2025-05-20 02:44:45,16095,2195324928,33050624,0.0,0.09903703695521192,0,13,0.48,0.21,0.0,0.0,0.0,11997184,0,6,4,1,0,sleeping,3820,3795,0,253952,2409577,85706
2025-05-20 02:44:47,16095,2195324928,33050624,0.0,0.09903703695521192,0,13,0.48,0.21,0.0,0.0,0.0,11997184,0,6,4,1,0,sleeping,3822,3797,0,253952,2411492,85766
2025-05-20 02:44:48,16095,2195324928,33050624,0.0,0.09903703695521192,0,13,0.48,0.21,0.0,0.0,0.0,12009472,0,6,4,1,0,sleeping,3825,3800,0,253952,2413415,85834
2025-05-20 02:44:49,16095,2195324928,33050624,0.0,0.09903703695521192,0,13,0.48,0.21,0.0,0.0,0.0,12029952,0,6,4,1,0,sleeping,3827,3802,0,253952,2415330,85894
2025-05-20 02:44:50,16095,2195324928,33050624,0.0,0.09903703695521192,0,13,0.48,0.21,0.0,0.0,0.0,12038144,0,6,4,1,0,sleeping,3829,3804,0,253952,2417245,85954
2025-05-20 02:44:51,16095,2195324928,33050624,0.0,0.09903703695521192,0,13,0.48,0.21,0.0,0.0,0.0,12046336,0,6,4,1,0,sleeping,3831,3806,0,253952,2419160,86014
2025-05-20 02:44:52,16095,2195324928,33050624,0.0,0.09903703695521192,0,13,0.48,0.21,0.0,0.0,0.0,12058624,0,6,4,1,0,sleeping,3833,3808,0,253952,2421075,86074
2025-05-20 02:44:53,16095,2195324928,33181696,0.0,0.09942979754296341,0,13,0.48,0.21,0.0,0.0,0.0,12083200,0,6,4,1,0,sleeping,3837,3810,0,253952,2424905,86134
2025-05-20 02:44:54,16095,2195324928,33181696,0.0,0.09942979754296341,0,13,0.48,0.21,0.0,0.0,0.0,12087296,0,6,4,1,0,sleeping,3840,3814,0,253952,2426828,86232
2025-05-20 02:44:55,16095,2195324928,33181696,0.0,0.09942979754296341,0,13,0.48,0.21,0.0,0.0,0.0,12091392,0,6,4,1,0,sleeping,3842,3816,0,253952,2428743,86292
2025-05-20 02:44:56,16095,2195324928,33181696,0.0,0.09942979754296341,0,13,0.48,0.21,0.0,0.0,0.0,12095488,0,6,4,1,0,sleeping,3844,3818,0,253952,2430658,86352
2025-05-20 02:44:57,16095,2195324928,33181696,0.9,0.09942979754296341,0,13,0.49,0.21,0.0,0.0,0.0,12095488,0,7,4,1,0,sleeping,3847,3821,0,253952,2432581,86420
2025-05-20 02:44:58,16095,2195324928,33181696,0.0,0.09942979754296341,0,13,0.49,0.21,0.0,0.0,0.0,12103680,0,7,4,1,0,sleeping,3850,3824,0,253952,2434504,86488
2025-05-20 02:44:59,16095,2195324928,33181696,0.0,0.09942979754296341,0,13,0.49,0.21,0.0,0.0,0.0,12103680,0,7,4,1,0,sleeping,3852,3826,0,253952,2436418,86548
2025-05-20 02:45:00,16095,2195324928,33181696,0.0,0.09942979754296341,0,13,0.49,0.21,0.0,0.0,0.0,12103680,0,7,4,1,0,sleeping,3855,3829,0,253952,2438340,86616
2025-05-20 02:45:01,16095,2195324928,33181696,0.0,0.09942979754296341,0,13,0.49,0.21,0.0,0.0,0.0,12103680,0,7,4,1,0,sleeping,3857,3831,0,253952,2440255,86676
2025-05-20 02:45:02,16095,2195324928,33181696,0.0,0.09942979754296341,0,13,0.49,0.21,0.0,0.0,0.0,12103680,0,7,4,1,0,sleeping,3859,3833,0,253952,2442170,86736
2025-05-20 02:45:03,16095,2195324928,33181696,0.0,0.09942979754296341,0,13,0.49,0.21,0.0,0.0,0.0,12103680,0,7,4,1,0,sleeping,3861,3836,0,253952,2444085,86826
2025-05-20 02:45:05,16095,2195324928,33181696,0.0,0.09942979754296341,0,13,0.49,0.21,0.0,0.0,0.0,12103680,0,7,4,1,0,sleeping,3864,3839,0,253952,2446008,86894
2025-05-20 02:45:06,16095,2195324928,33181696,0.0,0.09942979754296341,0,13,0.49,0.21,0.0,0.0,0.0,12103680,0,7,4,1,0,sleeping,3866,3841,0,253952,2447923,86954
2025-05-20 02:45:07,16095,2195324928,33181696,0.0,0.09942979754296341,0,13,0.49,0.21,0.0,0.0,0.0,12103680,0,6,4,1,0,sleeping,3870,3845,0,253952,2449853,87030
2025-05-20 02:45:08,16095,2195324928,33181696,0.0,0.09942979754296341,0,13,0.49,0.21,0.0,0.0,0.0,12103680,0,7,4,1,0,sleeping,3872,3847,0,253952,2451767,87090
2025-05-20 02:45:09,16095,2195324928,33181696,0.0,0.09942979754296341,0,13,0.49,0.21,0.0,0.0,0.0,12103680,0,7,4,1,0,sleeping,3875,3850,0,253952,2453690,87158
2025-05-20 02:45:10,16095,2195324928,33181696,0.0,0.09942979754296341,0,13,0.49,0.21,0.0,0.0,0.0,12103680,0,7,4,1,0,sleeping,3878,3853,0,253952,2455613,87226
2025-05-20 02:45:11,16095,2195324928,33181696,0.0,0.09942979754296341,0,13,0.49,0.21,0.0,0.0,0.0,12103680,0,7,4,1,0,sleeping,3883,3856,0,258048,2459451,87294
2025-05-20 02:45:12,16095,2195324928,33181696,0.0,0.09942979754296341,0,13,0.49,0.21,0.0,0.0,0.0,12103680,0,7,4,1,0,sleeping,3885,3859,0,258048,2461366,87384
2025-05-20 02:45:13,16095,2195324928,33181696,0.0,0.09942979754296341,0,13,0.49,0.21,0.0,0.0,0.0,12103680,0,6,4,1,0,sleeping,3887,3861,0,258048,2463281,87444
2025-05-20 02:45:14,16095,2195324928,33181696,0.0,0.09942979754296341,0,13,0.49,0.21,0.0,0.0,0.0,12103680,0,6,4,1,0,sleeping,3889,3863,0,258048,2465196,87504
2025-05-20 02:45:15,16095,2195324928,33181696,0.0,0.09942979754296341,0,13,0.49,0.21,0.0,0.0,0.0,12103680,0,6,4,1,0,sleeping,3891,3865,0,258048,2467111,87564
2025-05-20 02:45:16,16095,2195324928,33181696,0.0,0.09942979754296341,0,13,0.49,0.21,0.0,0.0,0.0,12103680,0,6,4,1,0,sleeping,3893,3867,0,258048,2469026,87624
2025-05-20 02:45:17,16095,2195324928,33181696,0.0,0.09942979754296341,0,13,0.49,0.21,0.0,0.0,0.0,12103680,0,6,4,1,0,sleeping,3896,3870,0,258048,2470949,87692
2025-05-20 02:45:18,16095,2195324928,33181696,0.0,0.09942979754296341,0,13,0.49,0.21,0.0,0.0,0.0,12103680,0,6,4,1,0,sleeping,3899,3873,0,258048,2472872,87760
2025-05-20 02:45:19,16095,2195324928,33181696,0.9,0.09942979754296341,0,13,0.5,0.21,0.0,0.0,0.0,12103680,0,7,4,1,0,sleeping,3902,3876,0,258048,2474795,87828
2025-05-20 02:45:20,16095,2195324928,33181696,0.0,0.09942979754296341,0,13,0.5,0.21,0.0,0.0,0.0,12103680,0,7,4,1,0,sleeping,3907,3882,0,258048,2476734,87942
2025-05-20 02:45:22,16095,2195324928,33181696,0.0,0.09942979754296341,0,13,0.5,0.21,0.0,0.0,0.0,12103680,0,7,4,1,0,sleeping,3910,3885,0,258048,2478657,88010
2025-05-20 02:45:23,16095,2195324928,33181696,0.0,0.09942979754296341,0,13,0.5,0.21,0.0,0.0,0.0,12103680,0,7,4,1,0,sleeping,3912,3887,0,258048,2480572,88070
2025-05-20 02:45:24,16095,2195324928,33181696,0.0,0.09942979754296341,0,13,0.5,0.21,0.0,0.0,0.0,12103680,0,7,4,1,0,sleeping,3915,3890,0,258048,2482495,88138
2025-05-20 02:45:25,16095,2195324928,33181696,0.0,0.09942979754296341,0,13,0.5,0.21,0.0,0.0,0.0,12103680,0,7,4,1,0,sleeping,3919,3894,0,258048,2484426,88214
2025-05-20 02:45:26,16095,2195324928,33181696,0.0,0.09942979754296341,0,13,0.5,0.21,0.0,0.0,0.0,12103680,0,7,4,1,0,sleeping,3922,3897,0,258048,2486349,88282
2025-05-20 02:45:27,16095,2195324928,33181696,0.0,0.09942979754296341,0,13,0.5,0.21,0.0,0.0,0.0,12103680,0,7,4,1,0,sleeping,3926,3901,0,258048,2488280,88358
2025-05-20 02:45:28,16095,2195324928,33181696,0.0,0.09942979754296341,0,13,0.5,0.21,0.0,0.0,0.0,12103680,0,7,4,1,0,sleeping,3929,3904,0,258048,2490203,88426
2025-05-20 02:45:29,16095,2195324928,33181696,0.0,0.09942979754296341,0,13,0.5,0.21,0.0,0.0,0.0,12103680,0,7,4,1,0,sleeping,3933,3909,0,258048,2492133,88532
2025-05-20 02:45:30,16095,2195324928,33181696,0.0,0.09942979754296341,0,13,0.5,0.21,0.0,0.0,0.0,12103680,0,7,4,1,0,sleeping,3937,3911,0,258048,2495960,88592
2025-05-20 02:45:31,16095,2195324928,33181696,0.0,0.09942979754296341,0,13,0.5,0.21,0.0,0.0,0.0,12103680,0,7,4,1,0,sleeping,3941,3915,0,262144,2497890,88668
2025-05-20 02:45:32,16095,2195324928,33181696,0.0,0.09942979754296341,0,13,0.5,0.21,0.0,0.0,0.0,12103680,0,7,4,1,0,sleeping,3944,3918,0,262144,2499812,88736
2025-05-20 02:45:33,16095,2195324928,33181696,0.0,0.09942979754296341,0,13,0.5,0.21,0.0,0.0,0.0,12103680,0,7,4,1,0,sleeping,3948,3922,0,262144,2501743,88812
2025-05-20 02:45:34,16095,2195324928,33181696,0.0,0.09942979754296341,0,13,0.5,0.21,0.0,0.0,0.0,12103680,0,7,4,1,0,sleeping,3952,3926,0,262144,2503672,88888
2025-05-20 02:45:35,16095,2195324928,33181696,0.0,0.09942979754296341,0,13,0.5,0.21,0.0,0.0,0.0,12103680,0,6,4,1,0,sleeping,3955,3929,0,262144,2505593,88956
2025-05-20 02:45:36,16095,2195324928,33181696,0.0,0.09942979754296341,0,13,0.5,0.21,0.0,0.0,0.0,12103680,0,6,4,1,0,sleeping,3959,3933,0,262144,2507524,89032
2025-05-20 02:45:37,16095,2195324928,33181696,0.0,0.09942979754296341,0,13,0.5,0.21,0.0,0.0,0.0,11919360,0,7,4,1,0,sleeping,3962,3936,0,262144,2509447,89100
2025-05-20 02:45:38,16095,2195324928,33181696,0.0,0.09942979754296341,0,13,0.5,0.21,0.0,0.0,0.0,11919360,0,7,4,1,0,sleeping,3965,3940,0,262144,2511369,89198
2025-05-20 02:45:40,16095,2195324928,33181696,0.0,0.09942979754296341,0,13,0.5,0.21,0.0,0.0,0.0,11919360,0,7,4,1,0,sleeping,3968,3943,0,262144,2513291,89266
2025-05-20 02:45:41,16095,2195324928,33181696,0.9,0.09942979754296341,0,13,0.51,0.21,0.0,0.0,0.0,11919360,0,7,4,1,0,sleeping,3971,3946,0,262144,2515214,89334
2025-05-20 02:45:42,16095,2195324928,33181696,0.0,0.09942979754296341,0,13,0.51,0.21,0.0,0.0,0.0,11919360,0,7,4,1,0,sleeping,3974,3949,0,266240,2517137,89402
2025-05-20 02:45:43,16095,2195324928,33181696,0.0,0.09942979754296341,0,13,0.51,0.21,0.0,0.0,0.0,11919360,0,7,4,1,0,sleeping,3978,3953,0,266240,2519068,89478
2025-05-20 02:45:44,16095,2195324928,33181696,0.0,0.09942979754296341,0,13,0.51,0.21,0.0,0.0,0.0,11919360,0,7,4,1,0,sleeping,3980,3955,0,266240,2520983,89538
2025-05-20 02:45:45,16095,2195324928,33181696,0.0,0.09942979754296341,0,13,0.51,0.21,0.0,0.0,0.0,11919360,0,7,4,1,0,sleeping,3983,3958,0,266240,2522906,89606
2025-05-20 02:45:46,16095,2195324928,33181696,0.0,0.09942979754296341,0,13,0.51,0.21,0.0,0.0,0.0,11919360,0,7,4,1,0,sleeping,3986,3961,0,266240,2524829,89674
2025-05-20 02:45:47,16095,2195324928,33181696,0.0,0.09942979754296341,0,13,0.51,0.21,0.0,0.0,0.0,11919360,0,6,4,1,0,sleeping,3990,3966,0,266240,2526759,89780
2025-05-20 02:45:48,16095,2195324928,33181696,0.0,0.09942979754296341,0,13,0.51,0.21,0.0,0.0,0.0,11919360,0,6,3,1,0,sleeping,3995,3969,0,266240,2530596,89848
2025-05-20 02:45:49,16095,2195324928,33181696,0.0,0.09942979754296341,0,13,0.51,0.21,0.0,0.0,0.0,11919360,0,6,4,1,0,sleeping,3998,3972,0,266240,2532519,89916
2025-05-20 02:45:50,16095,2195324928,33181696,0.0,0.09942979754296341,0,13,0.51,0.21,0.0,0.0,0.0,11919360,0,6,4,1,0,sleeping,4001,3975,0,266240,2534442,89984
2025-05-20 02:45:51,16095,2195324928,33181696,0.0,0.09942979754296341,0,13,0.51,0.21,0.0,0.0,0.0,11919360,0,6,4,1,0,sleeping,4004,3978,0,266240,2536365,90052
2025-05-20 02:45:52,16095,2195324928,33181696,0.0,0.09942979754296341,0,13,0.51,0.21,0.0,0.0,0.0,11919360,0,6,4,1,0,sleeping,4007,3981,0,266240,2538288,90120
2025-05-20 02:45:53,16095,2195324928,33181696,0.0,0.09942979754296341,0,13,0.51,0.21,0.0,0.0,0.0,11919360,0,6,4,1,0,sleeping,4010,3984,0,266240,2540211,90188
2025-05-20 02:45:54,16095,2195324928,33181696,0.0,0.09942979754296341,0,13,0.51,0.21,0.0,0.0,0.0,11919360,0,7,4,1,0,sleeping,4013,3987,0,266240,2542134,90256
2025-05-20 02:45:55,16095,2195324928,33181696,0.0,0.09942979754296341,0,13,0.51,0.21,0.0,0.0,0.0,11919360,0,7,4,1,0,sleeping,4016,3991,0,266240,2544057,90354
2025-05-20 02:45:57,16095,2195324928,33181696,0.0,0.09942979754296341,0,13,0.51,0.21,0.0,0.0,0.0,11919360,0,7,4,1,0,sleeping,4018,3993,0,266240,2545972,90414
2025-05-20 02:45:58,16095,2195324928,33181696,0.0,0.09942979754296341,0,13,0.51,0.21,0.0,0.0,0.0,11919360,0,7,4,1,0,sleeping,4021,3996,0,266240,2547895,90482
2025-05-20 02:45:59,16095,2195324928,33181696,0.0,0.09942979754296341,0,13,0.51,0.21,0.0,0.0,0.0,11919360,0,7,4,1,0,sleeping,4024,3999,0,266240,2549818,90550
2025-05-20 02:46:00,16095,2195324928,33181696,0.0,0.09942979754296341,0,13,0.51,0.21,0.0,0.0,0.0,11919360,0,6,4,1,0,sleeping,4027,4002,0,266240,2551741,90618
2025-05-20 02:46:01,16095,2195324928,33181696,0.0,0.09942979754296341,0,13,0.51,0.21,0.0,0.0,0.0,11919360,0,6,4,1,0,sleeping,4029,4004,0,266240,2553656,90678
2025-05-20 02:46:02,16095,2195324928,33181696,0.9,0.09942979754296341,0,13,0.52,0.21,0.0,0.0,0.0,11919360,0,6,4,1,0,sleeping,4033,4008,0,266240,2555587,90754
2025-05-20 02:46:03,16095,2195324928,33181696,0.0,0.09942979754296341,0,13,0.52,0.21,0.0,0.0,0.0,11919360,0,6,4,1,0,sleeping,4035,4010,0,266240,2557502,90814
2025-05-20 02:46:04,16095,2195324928,33181696,0.0,0.09942979754296341,0,13,0.52,0.21,0.0,0.0,0.0,11919360,0,5,3,1,0,sleeping,4037,4012,0,266240,2559417,90874
2025-05-20 02:46:05,16095,2195324928,33181696,0.0,0.09942979754296341,0,13,0.52,0.21,0.0,0.0,0.0,11919360,0,5,3,1,0,sleeping,4040,4016,0,266240,2561340,90972
2025-05-20 02:46:06,16095,2195324928,33181696,0.0,0.09942979754296341,0,13,0.52,0.21,0.0,0.0,0.0,11919360,0,6,4,1,0,sleeping,4045,4019,0,266240,2565178,91040
2025-05-20 02:46:07,16095,2195324928,33181696,0.0,0.09942979754296341,0,13,0.52,0.21,0.0,0.0,0.0,11919360,0,6,4,1,0,sleeping,4048,4022,0,266240,2567101,91108
2025-05-20 02:46:08,16095,2195324928,33181696,0.0,0.09942979754296341,0,13,0.52,0.21,0.0,0.0,0.0,11919360,0,7,4,1,0,sleeping,4052,4026,0,266240,2569032,91184
2025-05-20 02:46:09,16095,2195324928,33181696,0.0,0.09942979754296341,0,13,0.52,0.21,0.0,0.0,0.0,11919360,0,7,4,1,0,sleeping,4054,4028,0,266240,2570947,91244
2025-05-20 02:46:10,16095,2195324928,33181696,0.0,0.09942979754296341,0,13,0.52,0.21,0.0,0.0,0.0,11919360,0,6,4,1,0,sleeping,4058,4032,0,266240,2572877,91320
2025-05-20 02:46:11,16095,2195324928,33181696,0.0,0.09942979754296341,0,13,0.52,0.21,0.0,0.0,0.0,11919360,0,6,4,1,0,sleeping,4061,4035,0,266240,2574799,91388
2025-05-20 02:46:12,16095,2195324928,33181696,0.0,0.09942979754296341,0,13,0.52,0.21,0.0,0.0,0.0,11919360,0,6,4,1,0,sleeping,4064,4038,0,270336,2576722,91456
2025-05-20 02:46:13,16095,2195324928,33181696,0.0,0.09942979754296341,0,13,0.52,0.21,0.0,0.0,0.0,11919360,0,7,4,1,0,sleeping,4067,4042,0,270336,2578645,91554
2025-05-20 02:46:15,16095,2195324928,33181696,0.0,0.09942979754296341,0,13,0.52,0.21,0.0,0.0,0.0,11919360,0,6,4,1,0,sleeping,4071,4046,0,270336,2580576,91630
2025-05-20 02:46:16,16095,2195324928,33181696,0.0,0.09942979754296341,0,13,0.52,0.21,0.0,0.0,0.0,11919360,0,6,4,1,0,sleeping,4074,4049,0,270336,2582499,91698
2025-05-20 02:46:17,16095,2195324928,33181696,0.0,0.09942979754296341,0,13,0.52,0.21,0.0,0.0,0.0,11919360,0,8,4,1,0,sleeping,4076,4051,0,270336,2584414,91758
2025-05-20 02:46:18,16095,2195324928,33181696,0.0,0.09942979754296341,0,13,0.52,0.21,0.0,0.0,0.0,11919360,0,8,4,1,0,sleeping,4078,4053,0,270336,2586329,91818
2025-05-20 02:46:19,16095,2195324928,33181696,0.0,0.09942979754296341,0,13,0.52,0.21,0.0,0.0,0.0,11923456,0,8,4,1,0,sleeping,4080,4055,0,270336,2588244,91878
2025-05-20 02:46:20,16095,2195324928,33181696,0.0,0.09942979754296341,0,13,0.52,0.21,0.0,0.0,0.0,11923456,0,7,4,1,0,sleeping,4082,4057,0,270336,2590159,91938
2025-05-20 02:46:21,16095,2195324928,33181696,0.0,0.09942979754296341,0,13,0.52,0.21,0.0,0.0,0.0,11923456,0,7,4,1,0,sleeping,4085,4060,0,270336,2592082,92006
2025-05-20 02:46:22,16095,2195324928,33181696,0.9,0.09942979754296341,0,13,0.53,0.21,0.0,0.0,0.0,11923456,0,7,4,1,0,sleeping,4089,4065,0,270336,2594013,92112
2025-05-20 02:46:23,16095,2195324928,33181696,0.0,0.09942979754296341,0,13,0.53,0.21,0.0,0.0,0.0,11923456,0,7,4,1,0,sleeping,4092,4068,0,270336,2595936,92180
2025-05-20 02:46:24,16095,2195324928,33181696,0.0,0.09942979754296341,0,13,0.53,0.21,0.0,0.0,0.0,11923456,0,6,4,1,0,sleeping,4097,4071,0,270336,2599774,92248
2025-05-20 02:46:25,16095,2195324928,33181696,0.0,0.09942979754296341,0,13,0.53,0.21,0.0,0.0,0.0,11923456,0,7,4,1,0,sleeping,4100,4074,0,270336,2601697,92316
2025-05-20 02:46:26,16095,2195324928,33181696,0.0,0.09942979754296341,0,13,0.53,0.21,0.0,0.0,0.0,11927552,0,7,4,1,0,sleeping,4102,4076,0,270336,2603612,92376
2025-05-20 02:46:27,16095,2195324928,33181696,0.0,0.09942979754296341,0,13,0.53,0.21,0.0,0.0,0.0,11927552,0,7,4,1,0,sleeping,4104,4078,0,270336,2605527,92436
2025-05-20 02:46:28,16095,2195324928,33181696,0.0,0.09942979754296341,0,13,0.53,0.21,0.0,0.0,0.0,11927552,0,7,4,1,0,sleeping,4106,4080,0,270336,2607442,92496
2025-05-20 02:46:29,16095,2195324928,33181696,0.0,0.09942979754296341,0,13,0.53,0.21,0.0,0.0,0.0,11927552,0,7,4,1,0,sleeping,4108,4082,0,270336,2609357,92556
2025-05-20 02:46:30,16095,2195324928,33181696,0.0,0.09942979754296341,0,13,0.53,0.21,0.0,0.0,0.0,11927552,0,6,4,1,0,sleeping,4112,4087,0,270336,2611287,92662
2025-05-20 02:46:32,16095,2195324928,33181696,0.0,0.09942979754296341,0,13,0.53,0.21,0.0,0.0,0.0,11927552,0,6,4,1,0,sleeping,4116,4091,0,270336,2613217,92738
2025-05-20 02:46:33,16095,2195324928,33181696,0.0,0.09942979754296341,0,13,0.53,0.21,0.0,0.0,0.0,11927552,0,6,4,1,0,sleeping,4119,4094,0,270336,2615140,92806
2025-05-20 02:46:34,16095,2195324928,33181696,0.0,0.09942979754296341,0,13,0.53,0.21,0.0,0.0,0.0,11927552,0,6,4,1,0,sleeping,4121,4096,0,270336,2617055,92866
2025-05-20 02:46:35,16095,2195324928,33181696,0.0,0.09942979754296341,0,13,0.53,0.21,0.0,0.0,0.0,11927552,0,6,4,1,0,sleeping,4124,4099,0,270336,2618978,92934
2025-05-20 02:46:36,16095,2195324928,33181696,0.0,0.09942979754296341,0,13,0.53,0.21,0.0,0.0,0.0,11927552,0,6,4,1,0,sleeping,4127,4102,0,270336,2620901,93002
2025-05-20 02:46:37,16095,2195324928,33181696,0.0,0.09942979754296341,0,13,0.53,0.21,0.0,0.0,0.0,11927552,0,6,4,1,0,sleeping,4129,4104,0,270336,2622816,93062
2025-05-20 02:46:38,16095,2195324928,33181696,0.0,0.09942979754296341,0,13,0.53,0.21,0.0,0.0,0.0,11927552,0,6,4,1,0,sleeping,4133,4108,0,270336,2624746,93138
2025-05-20 02:46:39,16095,2195324928,33181696,0.0,0.09942979754296341,0,13,0.53,0.21,0.0,0.0,0.0,11927552,0,6,4,1,0,sleeping,4136,4112,0,274432,2626668,93236
2025-05-20 02:46:40,16095,2195324928,33181696,0.0,0.09942979754296341,0,13,0.53,0.21,0.0,0.0,0.0,11927552,0,6,4,1,0,sleeping,4139,4115,0,274432,2628591,93304
2025-05-20 02:46:41,16095,2195324928,33181696,0.0,0.09942979754296341,0,13,0.53,0.21,0.0,0.0,0.0,11927552,0,6,4,1,0,sleeping,4143,4119,0,274432,2630522,93380
2025-05-20 02:46:42,16095,2195324928,33181696,0.0,0.09942979754296341,0,13,0.53,0.21,0.0,0.0,0.0,11927552,0,6,4,1,0,sleeping,4148,4122,0,278528,2634359,93448
2025-05-20 02:46:43,16095,2195324928,33181696,0.9,0.09942979754296341,0,13,0.54,0.21,0.0,0.0,0.0,11927552,0,6,4,1,0,sleeping,4151,4125,0,278528,2636281,93516
2025-05-20 02:46:44,16095,2195324928,33181696,0.0,0.09942979754296341,0,13,0.54,0.21,0.0,0.0,0.0,11927552,0,6,4,1,0,sleeping,4154,4128,0,278528,2638204,93584
2025-05-20 02:46:45,16095,2195324928,33181696,0.0,0.09942979754296341,0,13,0.54,0.21,0.0,0.0,0.0,11927552,0,6,4,1,0,sleeping,4158,4132,0,278528,2640135,93660
2025-05-20 02:46:46,16095,2195324928,33181696,0.0,0.09942979754296341,0,13,0.54,0.21,0.0,0.0,0.0,11927552,0,6,4,1,0,sleeping,4160,4134,0,278528,2642050,93720
2025-05-20 02:46:47,16095,2195324928,33181696,0.0,0.09942979754296341,0,13,0.54,0.21,0.0,0.0,0.0,11927552,0,6,4,1,0,sleeping,4163,4137,0,278528,2643973,93788
2025-05-20 02:46:48,16095,2195324928,33181696,0.0,0.09942979754296341,0,13,0.54,0.21,0.0,0.0,0.0,11927552,0,6,4,1,0,sleeping,4167,4142,0,278528,2645903,93894
2025-05-20 02:46:50,16095,2195324928,33181696,0.0,0.09942979754296341,0,13,0.54,0.21,0.0,0.0,0.0,11927552,0,6,4,1,0,sleeping,4170,4145,0,278528,2647824,93962
2025-05-20 02:46:51,16095,2195324928,33181696,0.0,0.09942979754296341,0,13,0.54,0.21,0.0,0.0,0.0,11927552,0,6,4,1,0,sleeping,4173,4148,0,278528,2649746,94030
2025-05-20 02:46:52,16095,2195324928,33181696,0.0,0.09942979754296341,0,13,0.54,0.21,0.0,0.0,0.0,11927552,0,6,4,1,0,sleeping,4175,4150,0,278528,2651661,94090
2025-05-20 02:46:53,16095,2195324928,33181696,0.0,0.09942979754296341,0,13,0.54,0.21,0.0,0.0,0.0,11927552,0,6,4,1,0,sleeping,4178,4153,0,278528,2653584,94158
2025-05-20 02:46:54,16095,2195324928,33181696,0.0,0.09942979754296341,0,13,0.54,0.21,0.0,0.0,0.0,11927552,0,6,4,1,0,sleeping,4181,4156,0,278528,2655507,94226
2025-05-20 02:46:55,16095,2195324928,33181696,0.0,0.09942979754296341,0,13,0.54,0.21,0.0,0.0,0.0,11927552,0,6,4,1,0,sleeping,4184,4159,0,278528,2657430,94294
2025-05-20 02:46:56,16095,2195324928,33181696,0.0,0.09942979754296341,0,13,0.54,0.21,0.0,0.0,0.0,11927552,0,6,4,1,0,sleeping,4187,4162,0,278528,2659353,94362
2025-05-20 02:46:57,16095,2195324928,33181696,0.0,0.09942979754296341,0,13,0.54,0.21,0.0,0.0,0.0,11927552,0,6,4,1,0,sleeping,4189,4165,0,278528,2661267,94452
2025-05-20 02:46:58,16095,2195324928,33181696,0.0,0.09942979754296341,0,13,0.54,0.21,0.0,0.0,0.0,11927552,0,6,4,1,0,sleeping,4192,4168,0,278528,2663189,94520
2025-05-20 02:46:59,16095,2195324928,33181696,0.0,0.09942979754296341,0,13,0.54,0.21,0.0,0.0,0.0,11927552,0,6,4,1,0,sleeping,4194,4170,0,278528,2665104,94580
2025-05-20 02:47:00,16095,2195324928,33181696,0.0,0.09942979754296341,0,13,0.54,0.21,0.0,0.0,0.0,11927552,0,6,4,1,0,sleeping,4199,4173,0,278528,2668940,94648
2025-05-20 02:47:01,16095,2195324928,33181696,0.0,0.09942979754296341,0,13,0.54,0.21,0.0,0.0,0.0,11927552,0,6,4,1,0,sleeping,4202,4176,0,278528,2670863,94716
2025-05-20 02:47:02,16095,2195324928,33181696,0.0,0.09942979754296341,0,13,0.54,0.21,0.0,0.0,0.0,11927552,0,6,4,1,0,sleeping,4204,4178,0,278528,2672778,94776
2025-05-20 02:47:03,16095,2195324928,33181696,0.0,0.09942979754296341,0,13,0.54,0.21,0.0,0.0,0.0,11927552,0,6,4,1,0,sleeping,4206,4180,0,278528,2674693,94836
2025-05-20 02:47:04,16095,2195324928,33181696,0.0,0.09942979754296341,0,13,0.54,0.21,0.0,0.0,0.0,11927552,0,6,4,1,0,sleeping,4210,4184,0,278528,2676624,94912
2025-05-20 02:47:05,16095,2195324928,33181696,0.0,0.09942979754296341,0,13,0.54,0.21,0.0,0.0,0.0,11927552,0,6,4,1,0,sleeping,4213,4188,0,278528,2678547,95010
2025-05-20 02:47:07,16095,2195324928,33181696,0.0,0.09942979754296341,0,13,0.54,0.21,0.0,0.0,0.0,11927552,0,6,4,1,0,sleeping,4215,4190,0,278528,2680462,95070
2025-05-20 02:47:08,16095,2195324928,33181696,0.9,0.09942979754296341,0,13,0.55,0.21,0.0,0.0,0.0,11927552,0,6,4,1,0,sleeping,4218,4193,0,278528,2682385,95138
2025-05-20 02:47:09,16095,2195324928,33181696,0.0,0.09942979754296341,0,13,0.55,0.21,0.0,0.0,0.0,11927552,0,6,4,1,0,sleeping,4221,4196,0,278528,2684308,95206
2025-05-20 02:47:10,16095,2195324928,33181696,0.0,0.09942979754296341,0,13,0.55,0.21,0.0,0.0,0.0,11927552,0,6,4,1,0,sleeping,4224,4199,0,278528,2686231,95274
2025-05-20 02:47:11,16095,2195324928,33181696,0.0,0.09942979754296341,0,13,0.55,0.21,0.0,0.0,0.0,11927552,0,6,4,1,0,sleeping,4226,4201,0,278528,2688146,95334
2025-05-20 02:47:12,16095,2195324928,33181696,0.0,0.09942979754296341,0,13,0.55,0.21,0.0,0.0,0.0,11927552,0,6,4,1,0,sleeping,4229,4204,0,278528,2690069,95402
2025-05-20 02:47:13,16095,2195324928,33312768,0.9,0.0998225581307149,0,13,0.55,0.22,0.0,0.0,0.0,12079104,0,8,4,1,0,sleeping,4231,4206,0,282624,2691984,95462
2025-05-20 02:47:14,16095,2195324928,33312768,0.0,0.0998225581307149,0,13,0.55,0.22,0.0,0.0,0.0,12083200,0,7,4,1,0,sleeping,4234,4210,0,282624,2693907,95560
2025-05-20 02:47:15,16095,2195324928,33312768,0.0,0.0998225581307149,0,13,0.55,0.22,0.0,0.0,0.0,12083200,0,7,4,1,0,sleeping,4236,4212,0,282624,2695822,95620
2025-05-20 02:47:16,16095,2195324928,33312768,0.0,0.0998225581307149,0,13,0.55,0.22,0.0,0.0,0.0,12083200,0,7,4,1,0,sleeping,4239,4215,0,282624,2697745,95688
2025-05-20 02:47:17,16095,2195324928,33312768,0.0,0.0998225581307149,0,13,0.55,0.22,0.0,0.0,0.0,12083200,0,7,4,1,0,sleeping,4242,4218,0,282624,2699668,95756
2025-05-20 02:47:18,16095,2195324928,33312768,0.0,0.0998225581307149,0,13,0.55,0.22,0.0,0.0,0.0,12083200,0,7,4,1,0,sleeping,4247,4221,0,282624,2703502,95824
2025-05-20 02:47:19,16095,2195324928,33312768,0.0,0.0998225581307149,0,13,0.55,0.22,0.0,0.0,0.0,12083200,0,8,4,1,0,sleeping,4249,4223,0,282624,2705416,95884
2025-05-20 02:47:20,16095,2195324928,33312768,0.0,0.0998225581307149,0,13,0.55,0.22,0.0,0.0,0.0,12083200,0,8,4,1,0,sleeping,4252,4226,0,282624,2707338,95952
2025-05-20 02:47:21,16095,2195324928,33312768,0.0,0.0998225581307149,0,13,0.55,0.22,0.0,0.0,0.0,12083200,0,7,4,1,0,sleeping,4256,4230,0,282624,2709269,96028
2025-05-20 02:47:22,16095,2195324928,33312768,0.0,0.0998225581307149,0,13,0.55,0.22,0.0,0.0,0.0,12083200,0,8,4,1,0,sleeping,4260,4234,0,282624,2711200,96104
2025-05-20 02:47:23,16095,2195324928,33312768,0.0,0.0998225581307149,0,13,0.55,0.22,0.0,0.0,0.0,12083200,0,7,4,1,0,sleeping,4262,4237,0,282624,2713115,96194
2025-05-20 02:47:25,16095,2195324928,33312768,0.0,0.0998225581307149,0,13,0.55,0.22,0.0,0.0,0.0,12083200,0,7,4,1,0,sleeping,4265,4240,0,282624,2715038,96262
2025-05-20 02:47:26,16095,2195324928,33312768,0.0,0.0998225581307149,0,13,0.55,0.22,0.0,0.0,0.0,12083200,0,7,4,1,0,sleeping,4269,4244,0,282624,2716969,96338
2025-05-20 02:47:27,16095,2195324928,33312768,0.0,0.0998225581307149,0,13,0.55,0.22,0.0,0.0,0.0,12083200,0,7,4,1,0,sleeping,4271,4246,0,282624,2718884,96398
2025-05-20 02:47:28,16095,2195324928,33312768,0.0,0.0998225581307149,0,13,0.55,0.22,0.0,0.0,0.0,12083200,0,7,4,1,0,sleeping,4274,4249,0,282624,2720807,96466
2025-05-20 02:47:29,16095,2195324928,33312768,0.0,0.0998225581307149,0,13,0.55,0.22,0.0,0.0,0.0,12083200,0,7,4,1,0,sleeping,4276,4251,0,282624,2722722,96526
2025-05-20 02:47:30,16095,2195324928,33312768,0.0,0.0998225581307149,0,13,0.55,0.22,0.0,0.0,0.0,12083200,0,7,4,1,0,sleeping,4279,4254,0,282624,2724645,96594
2025-05-20 02:47:31,16095,2195324928,33312768,0.0,0.0998225581307149,0,13,0.55,0.22,0.0,0.0,0.0,12083200,0,7,4,1,0,sleeping,4283,4259,0,282624,2726576,96700
2025-05-20 02:47:32,16095,2195324928,33312768,0.9,0.0998225581307149,0,13,0.55,0.23,0.0,0.0,0.0,12083200,0,8,4,1,0,sleeping,4287,4263,0,282624,2728507,96776
2025-05-20 02:47:33,16095,2195324928,33312768,0.0,0.0998225581307149,0,13,0.55,0.23,0.0,0.0,0.0,12083200,0,8,4,1,0,sleeping,4291,4267,0,282624,2730438,96852
2025-05-20 02:47:34,16095,2195324928,33312768,0.0,0.0998225581307149,0,13,0.55,0.23,0.0,0.0,0.0,12083200,0,8,4,1,0,sleeping,4296,4272,0,282624,2732377,96936
2025-05-20 02:47:35,16095,2195324928,33312768,0.0,0.0998225581307149,0,13,0.55,0.23,0.0,0.0,0.0,12083200,0,8,4,1,0,sleeping,4300,4274,0,282624,2736207,96996
2025-05-20 02:47:36,16095,2195324928,33312768,0.0,0.0998225581307149,0,13,0.55,0.23,0.0,0.0,0.0,12083200,0,8,4,1,0,sleeping,4303,4277,0,282624,2738130,97064
2025-05-20 02:47:37,16095,2195324928,33312768,0.0,0.0998225581307149,0,13,0.55,0.23,0.0,0.0,0.0,12083200,0,7,4,1,0,sleeping,4307,4281,0,282624,2740061,97140
2025-05-20 02:47:38,16095,2195324928,33312768,0.0,0.0998225581307149,0,13,0.55,0.23,0.0,0.0,0.0,12083200,0,7,4,1,0,sleeping,4310,4284,0,282624,2741984,97208
2025-05-20 02:47:39,16095,2195324928,33312768,0.0,0.0998225581307149,0,13,0.55,0.23,0.0,0.0,0.0,12083200,0,8,4,1,0,sleeping,4316,4291,0,282624,2743930,97330
2025-05-20 02:47:41,16095,2195324928,33312768,0.0,0.0998225581307149,0,13,0.55,0.23,0.0,0.0,0.0,12083200,0,7,4,1,0,sleeping,4319,4294,0,282624,2745852,97398
2025-05-20 02:47:42,16095,2195324928,33312768,0.0,0.0998225581307149,0,13,0.55,0.23,0.0,0.0,0.0,12083200,0,7,4,1,0,sleeping,4324,4299,0,282624,2747791,97482
2025-05-20 02:47:43,16095,2195324928,33312768,0.0,0.0998225581307149,0,13,0.55,0.23,0.0,0.0,0.0,12083200,0,7,4,1,0,sleeping,4327,4302,0,282624,2749714,97550
2025-05-20 02:47:44,16095,2195324928,33312768,0.0,0.0998225581307149,0,13,0.55,0.23,0.0,0.0,0.0,12083200,0,8,4,1,0,sleeping,4331,4306,0,286720,2751645,97626
2025-05-20 02:47:45,16095,2195324928,33312768,0.0,0.0998225581307149,0,13,0.55,0.23,0.0,0.0,0.0,12083200,0,8,4,1,0,sleeping,4334,4309,0,286720,2753568,97694
2025-05-20 02:47:46,16095,2195324928,33312768,0.0,0.0998225581307149,0,13,0.55,0.23,0.0,0.0,0.0,12083200,0,8,4,1,0,sleeping,4337,4312,0,286720,2755491,97762
2025-05-20 02:47:47,16095,2195324928,33312768,0.9,0.0998225581307149,0,13,0.56,0.23,0.0,0.0,0.0,12083200,0,8,4,1,0,sleeping,4339,4314,0,286720,2757406,97822
2025-05-20 02:47:48,16095,2195324928,33312768,0.0,0.0998225581307149,0,13,0.56,0.23,0.0,0.0,0.0,12083200,0,8,4,1,0,sleeping,4343,4318,0,290816,2759337,97898
2025-05-20 02:47:49,16095,2195324928,33312768,0.0,0.0998225581307149,0,13,0.56,0.23,0.0,0.0,0.0,12083200,0,7,4,1,0,sleeping,4347,4323,0,290816,2761268,98004
2025-05-20 02:47:50,16095,2195324928,33312768,0.0,0.0998225581307149,0,13,0.56,0.23,0.0,0.0,0.0,12083200,0,8,4,1,0,sleeping,4350,4326,0,290816,2763191,98072
2025-05-20 02:47:51,16095,2195324928,33312768,0.0,0.0998225581307149,0,13,0.56,0.23,0.0,0.0,0.0,12083200,0,7,4,1,0,sleeping,4352,4328,0,290816,2765106,98132
2025-05-20 02:47:52,16095,2195324928,33312768,0.0,0.0998225581307149,0,13,0.56,0.23,0.0,0.0,0.0,12083200,0,7,4,1,0,sleeping,4354,4330,0,290816,2767021,98192
2025-05-20 02:47:53,16095,2195324928,33312768,0.0,0.0998225581307149,0,13,0.56,0.23,0.0,0.0,0.0,12083200,0,7,4,1,0,sleeping,4359,4333,0,290816,2770859,98260
2025-05-20 02:47:54,16095,2195324928,33312768,0.0,0.0998225581307149,0,13,0.56,0.23,0.0,0.0,0.0,12083200,0,7,4,1,0,sleeping,4362,4336,0,290816,2772781,98328
2025-05-20 02:47:55,16095,2195324928,33312768,0.0,0.0998225581307149,0,13,0.56,0.23,0.0,0.0,0.0,12083200,0,7,4,1,0,sleeping,4364,4338,0,290816,2774695,98388
2025-05-20 02:47:56,16095,2195324928,33312768,0.0,0.0998225581307149,0,13,0.56,0.23,0.0,0.0,0.0,12083200,0,7,4,1,0,sleeping,4367,4341,0,290816,2776618,98456
2025-05-20 02:47:57,16095,2195324928,33312768,0.0,0.0998225581307149,0,13,0.56,0.23,0.0,0.0,0.0,12083200,0,7,4,1,0,sleeping,4372,4347,0,290816,2778557,98570
2025-05-20 02:47:59,16095,2195324928,33312768,0.0,0.0998225581307149,0,13,0.56,0.23,0.0,0.0,0.0,12087296,0,7,4,1,0,sleeping,4376,4351,0,290816,2780488,98646
2025-05-20 02:48:00,16095,2195324928,33312768,0.0,0.0998225581307149,0,13,0.56,0.23,0.0,0.0,0.0,12087296,0,7,4,1,0,sleeping,4381,4356,0,290816,2782427,98730
2025-05-20 02:48:01,16095,2195324928,33312768,0.0,0.0998225581307149,0,13,0.56,0.23,0.0,0.0,0.0,12087296,0,7,4,1,0,sleeping,4385,4360,0,290816,2784358,98806
2025-05-20 02:48:02,16095,2195324928,33312768,0.0,0.0998225581307149,0,13,0.56,0.23,0.0,0.0,0.0,12087296,0,7,4,1,0,sleeping,4389,4364,0,290816,2786289,98882
2025-05-20 02:48:03,16095,2195324928,33443840,0.0,0.10021531871846638,0,13,0.56,0.23,0.0,0.0,0.0,12111872,0,7,4,1,0,sleeping,4391,4366,0,290816,2788204,98942
2025-05-20 02:48:04,16095,2195324928,33443840,0.0,0.10021531871846638,0,13,0.56,0.23,0.0,0.0,0.0,12128256,0,7,4,1,0,sleeping,4395,4370,0,290816,2790135,99018
2025-05-20 02:48:05,16095,2195324928,33443840,0.0,0.10021531871846638,0,13,0.56,0.23,0.0,0.0,0.0,12136448,0,7,4,1,0,sleeping,4398,4373,0,290816,2792058,99086
2025-05-20 02:48:06,16095,2195324928,33443840,0.0,0.10021531871846638,0,13,0.56,0.23,0.0,0.0,0.0,12136448,0,6,4,1,0,sleeping,4400,4376,0,290816,2793972,99176
2025-05-20 02:48:07,16095,2195324928,33443840,0.0,0.10021531871846638,0,13,0.56,0.23,0.0,0.0,0.0,12144640,0,7,4,1,0,sleeping,4403,4379,0,290816,2795894,99244
2025-05-20 02:48:08,16095,2195324928,33443840,0.0,0.10021531871846638,0,13,0.56,0.23,0.0,0.0,0.0,12148736,0,7,4,1,0,sleeping,4407,4383,0,290816,2797824,99320
2025-05-20 02:48:09,16095,2195324928,33443840,0.0,0.10021531871846638,0,13,0.56,0.23,0.0,0.0,0.0,12152832,0,6,4,1,0,sleeping,4409,4385,0,290816,2799738,99380
2025-05-20 02:48:10,16095,2195324928,33443840,0.0,0.10021531871846638,0,13,0.56,0.23,0.0,0.0,0.0,12152832,0,7,4,1,0,sleeping,4411,4387,0,290816,2801653,99440
2025-05-20 02:48:11,16095,2195324928,33443840,0.0,0.10021531871846638,0,13,0.56,0.23,0.0,0.0,0.0,12152832,0,7,4,1,0,sleeping,4417,4391,0,290816,2805499,99516
2025-05-20 02:48:12,16095,2195324928,33443840,0.9,0.10021531871846638,0,13,0.57,0.23,0.0,0.0,0.0,12152832,0,7,4,1,0,sleeping,4420,4394,0,290816,2807422,99584
2025-05-20 02:48:13,16095,2195324928,33443840,0.0,0.10021531871846638,0,13,0.57,0.23,0.0,0.0,0.0,12152832,0,7,4,1,0,sleeping,4423,4397,0,290816,2809345,99652
2025-05-20 02:48:14,16095,2195324928,33443840,0.0,0.10021531871846638,0,13,0.57,0.23,0.0,0.0,0.0,12152832,0,7,4,1,0,sleeping,4425,4400,0,294912,2811260,99742
2025-05-20 02:48:16,16095,2195324928,33443840,0.0,0.10021531871846638,0,13,0.57,0.23,0.0,0.0,0.0,12152832,0,7,4,1,0,sleeping,4429,4404,0,294912,2813191,99818
2025-05-20 02:48:17,16095,2195324928,33443840,0.0,0.10021531871846638,0,13,0.57,0.23,0.0,0.0,0.0,12152832,0,7,4,1,0,sleeping,4432,4407,0,294912,2815114,99886
2025-05-20 02:48:18,16095,2195324928,33443840,0.0,0.10021531871846638,0,13,0.57,0.23,0.0,0.0,0.0,12152832,0,6,4,1,0,sleeping,4434,4409,0,294912,2817028,99946
2025-05-20 02:48:19,16095,2195324928,33443840,0.0,0.10021531871846638,0,13,0.57,0.23,0.0,0.0,0.0,12152832,0,6,4,1,0,sleeping,4436,4411,0,294912,2818942,100006
2025-05-20 02:48:20,16095,2195324928,33443840,0.0,0.10021531871846638,0,13,0.57,0.23,0.0,0.0,0.0,12152832,0,6,4,1,0,sleeping,4438,4413,0,294912,2820857,100066
2025-05-20 02:48:21,16095,2195324928,33443840,0.0,0.10021531871846638,0,13,0.57,0.23,0.0,0.0,0.0,12152832,0,6,4,1,0,sleeping,4440,4415,0,294912,2822771,100126
2025-05-20 02:48:22,16095,2195324928,33443840,0.0,0.10021531871846638,0,13,0.57,0.23,0.0,0.0,0.0,12152832,0,6,4,1,0,sleeping,4444,4419,0,294912,2824701,100202
2025-05-20 02:48:23,16095,2195324928,33443840,0.0,0.10021531871846638,0,13,0.57,0.23,0.0,0.0,0.0,12152832,0,6,4,1,0,sleeping,4449,4425,0,294912,2826640,100316
2025-05-20 02:48:24,16095,2195324928,33443840,0.0,0.10021531871846638,0,13,0.57,0.23,0.0,0.0,0.0,12152832,0,6,4,1,0,sleeping,4452,4428,0,294912,2828562,100384
2025-05-20 02:48:25,16095,2195324928,33443840,0.0,0.10021531871846638,0,13,0.57,0.23,0.0,0.0,0.0,12152832,0,6,4,1,0,sleeping,4455,4431,0,294912,2830483,100452
2025-05-20 02:48:26,16095,2195324928,33443840,0.0,0.10021531871846638,0,13,0.57,0.23,0.0,0.0,0.0,12152832,0,6,4,1,0,sleeping,4459,4435,0,294912,2832413,100528
2025-05-20 02:48:27,16095,2195324928,33443840,0.0,0.10021531871846638,0,13,0.57,0.23,0.0,0.0,0.0,12152832,0,7,4,1,0,sleeping,4461,4437,0,294912,2834328,100588
2025-05-20 02:48:28,16095,2195324928,33443840,0.0,0.10021531871846638,0,13,0.57,0.23,0.0,0.0,0.0,12152832,0,7,4,1,0,sleeping,4466,4440,0,294912,2838166,100656
2025-05-20 02:48:29,16095,2195324928,33443840,0.0,0.10021531871846638,0,13,0.57,0.23,0.0,0.0,0.0,12152832,0,7,4,1,0,sleeping,4468,4442,0,294912,2840081,100716
2025-05-20 02:48:30,16095,2195324928,33443840,0.0,0.10021531871846638,0,13,0.57,0.23,0.0,0.0,0.0,12152832,0,7,4,1,0,sleeping,4471,4445,0,294912,2842004,100784
2025-05-20 02:48:31,16095,2195324928,33443840,0.0,0.10021531871846638,0,13,0.57,0.23,0.0,0.0,0.0,12152832,0,7,4,1,0,sleeping,4474,4449,0,294912,2843927,100882
2025-05-20 02:48:33,16095,2195324928,33443840,0.9,0.10021531871846638,0,13,0.58,0.23,0.0,0.0,0.0,12152832,0,6,4,1,0,sleeping,4477,4452,0,294912,2845850,100950
2025-05-20 02:48:34,16095,2195324928,33443840,0.0,0.10021531871846638,0,13,0.58,0.23,0.0,0.0,0.0,12152832,0,6,4,1,0,sleeping,4480,4455,0,294912,2847773,101018
2025-05-20 02:48:35,16095,2195324928,33443840,0.0,0.10021531871846638,0,13,0.58,0.23,0.0,0.0,0.0,12152832,0,6,4,1,0,sleeping,4483,4458,0,294912,2849696,101086
2025-05-20 02:48:36,16095,2195324928,33443840,0.0,0.10021531871846638,0,13,0.58,0.23,0.0,0.0,0.0,12152832,0,5,4,1,0,sleeping,4485,4460,0,294912,2851611,101146
2025-05-20 02:48:37,16095,2195324928,33443840,0.0,0.10021531871846638,0,13,0.58,0.23,0.0,0.0,0.0,12152832,0,5,4,1,0,sleeping,4489,4464,0,294912,2853542,101222
2025-05-20 02:48:38,16095,2195324928,33443840,0.0,0.10021531871846638,0,13,0.58,0.23,0.0,0.0,0.0,12152832,0,5,4,1,0,sleeping,4493,4468,0,294912,2855473,101298
2025-05-20 02:48:39,16095,2195324928,33443840,0.0,0.10021531871846638,0,13,0.58,0.23,0.0,0.0,0.0,12152832,0,5,4,1,0,sleeping,4496,4471,0,294912,2857396,101366
2025-05-20 02:48:40,16095,2195324928,33443840,0.0,0.10021531871846638,0,13,0.58,0.23,0.0,0.0,0.0,12152832,0,6,4,1,0,sleeping,4498,4474,0,294912,2859310,101456
2025-05-20 02:48:41,16095,2195324928,33443840,0.0,0.10021531871846638,0,13,0.58,0.23,0.0,0.0,0.0,12152832,0,6,4,1,0,sleeping,4500,4476,0,294912,2861224,101516
2025-05-20 02:48:42,16095,2195324928,33443840,0.0,0.10021531871846638,0,13,0.58,0.23,0.0,0.0,0.0,12152832,0,8,4,1,0,sleeping,4502,4478,0,294912,2863139,101576
2025-05-20 02:48:43,16095,2195324928,33296384,0.0,0.09977346305724596,0,13,0.58,0.23,0.0,0.0,0.0,11829248,0,8,4,1,0,sleeping,4505,4481,0,294912,2865062,101644
2025-05-20 02:48:44,16095,2195324928,33296384,0.0,0.09977346305724596,0,13,0.58,0.23,0.0,0.0,0.0,11829248,0,8,4,1,0,sleeping,4509,4485,0,294912,2866993,101720
2025-05-20 02:48:45,16095,2195324928,33296384,0.0,0.09977346305724596,0,13,0.58,0.23,0.0,0.0,0.0,11829248,0,8,4,1,0,sleeping,4512,4488,0,299008,2868916,101788
2025-05-20 02:48:46,16095,2195324928,33296384,0.0,0.09977346305724596,0,13,0.58,0.23,0.0,0.0,0.0,11829248,0,6,4,1,0,sleeping,4517,4491,0,299008,2872752,101856
2025-05-20 02:48:47,16095,2195324928,33296384,0.0,0.09977346305724596,0,13,0.58,0.23,0.0,0.0,0.0,11829248,0,6,4,1,0,sleeping,4519,4493,0,299008,2874666,101916
2025-05-20 02:48:48,16095,2195324928,33296384,0.9,0.09977346305724596,0,13,0.59,0.23,0.0,0.0,0.0,11829248,0,6,4,1,0,sleeping,4523,4498,0,299008,2876596,102022
2025-05-20 02:48:50,16095,2195324928,33296384,0.0,0.09977346305724596,0,13,0.59,0.23,0.0,0.0,0.0,11829248,0,7,4,1,0,sleeping,4526,4501,0,299008,2878519,102090
2025-05-20 02:48:51,16095,2195324928,33296384,0.0,0.09977346305724596,0,13,0.59,0.23,0.0,0.0,0.0,11829248,0,6,4,1,0,sleeping,4528,4503,0,299008,2880433,102150
2025-05-20 02:48:52,16095,2195324928,33296384,0.0,0.09977346305724596,0,13,0.59,0.23,0.0,0.0,0.0,11829248,0,7,4,1,0,sleeping,4530,4505,0,299008,2882347,102210
2025-05-20 02:48:53,16095,2195324928,33296384,0.0,0.09977346305724596,0,13,0.59,0.23,0.0,0.0,0.0,11829248,0,7,4,1,0,sleeping,4532,4507,0,299008,2884262,102270
2025-05-20 02:48:54,16095,2195324928,33296384,0.0,0.09977346305724596,0,13,0.59,0.23,0.0,0.0,0.0,11829248,0,7,4,1,0,sleeping,4535,4510,0,299008,2886185,102338
2025-05-20 02:48:55,16095,2195324928,33296384,0.0,0.09977346305724596,0,13,0.59,0.23,0.0,0.0,0.0,11829248,0,7,4,1,0,sleeping,4540,4515,0,299008,2888123,102422
2025-05-20 02:48:56,16095,2195324928,33296384,0.0,0.09977346305724596,0,13,0.59,0.23,0.0,0.0,0.0,11829248,0,7,4,1,0,sleeping,4543,4518,0,303104,2890045,102490
2025-05-20 02:48:57,16095,2195324928,33296384,0.0,0.09977346305724596,0,13,0.59,0.23,0.0,0.0,0.0,11829248,0,7,4,1,0,sleeping,4547,4522,0,303104,2891976,102566
2025-05-20 02:48:58,16095,2195324928,33296384,0.0,0.09977346305724596,0,13,0.59,0.23,0.0,0.0,0.0,11829248,0,7,4,1,0,sleeping,4551,4527,0,303104,2893907,102672
2025-05-20 02:48:59,16095,2195324928,33296384,0.0,0.09977346305724596,0,13,0.59,0.23,0.0,0.0,0.0,11829248,0,7,4,1,0,sleeping,4555,4531,0,303104,2895838,102748
2025-05-20 02:49:00,16095,2195324928,33296384,0.0,0.09977346305724596,0,13,0.59,0.23,0.0,0.0,0.0,11829248,0,7,4,1,0,sleeping,4559,4535,0,303104,2897769,102824
2025-05-20 02:49:01,16095,2195324928,33296384,0.0,0.09977346305724596,0,13,0.59,0.23,0.0,0.0,0.0,11829248,0,7,4,1,0,sleeping,4564,4540,0,303104,2899708,102908
2025-05-20 02:49:02,16095,2195324928,33296384,0.0,0.09977346305724596,0,13,0.59,0.23,0.0,0.0,0.0,11829248,0,7,4,1,0,sleeping,4568,4544,0,303104,2901639,102984
2025-05-20 02:49:03,16095,2195324928,33296384,0.0,0.09977346305724596,0,13,0.59,0.23,0.0,0.0,0.0,11829248,0,7,4,1,0,sleeping,4571,4547,0,303104,2903562,103052
2025-05-20 02:49:04,16095,2195324928,33296384,0.0,0.09977346305724596,0,13,0.59,0.23,0.0,0.0,0.0,11829248,0,7,4,1,0,sleeping,4575,4549,0,303104,2907392,103112
2025-05-20 02:49:05,16095,2195324928,33296384,0.0,0.09977346305724596,0,13,0.59,0.23,0.0,0.0,0.0,11829248,0,7,4,1,0,sleeping,4577,4552,0,303104,2909307,103202
2025-05-20 02:49:07,16095,2195324928,33296384,0.0,0.09977346305724596,0,13,0.59,0.23,0.0,0.0,0.0,11829248,0,7,4,1,0,sleeping,4579,4554,0,303104,2911222,103262
2025-05-20 02:49:08,16095,2195324928,33296384,0.0,0.09977346305724596,0,13,0.59,0.23,0.0,0.0,0.0,11829248,0,7,4,1,0,sleeping,4582,4557,0,303104,2913145,103330
2025-05-20 02:49:09,16095,2195324928,33296384,0.0,0.09977346305724596,0,13,0.59,0.23,0.0,0.0,0.0,11829248,0,7,4,1,0,sleeping,4586,4561,0,303104,2915076,103406
2025-05-20 02:49:10,16095,2195324928,33296384,0.0,0.09977346305724596,0,13,0.59,0.23,0.0,0.0,0.0,11829248,0,6,4,1,0,sleeping,4588,4563,0,303104,2916991,103466
2025-05-20 02:49:11,16095,2195324928,33296384,0.0,0.09977346305724596,0,13,0.59,0.23,0.0,0.0,0.0,11829248,0,7,4,1,0,sleeping,4591,4566,0,303104,2918914,103534
2025-05-20 02:49:12,16095,2195324928,33296384,0.0,0.09977346305724596,0,13,0.59,0.23,0.0,0.0,0.0,11829248,0,6,4,1,0,sleeping,4594,4569,0,303104,2920837,103602
2025-05-20 02:49:13,16095,2195324928,33296384,0.0,0.09977346305724596,0,13,0.59,0.23,0.0,0.0,0.0,11829248,0,7,4,1,0,sleeping,4597,4572,0,303104,2922759,103670
2025-05-20 02:49:14,16095,2195324928,33296384,0.0,0.09977346305724596,0,13,0.59,0.23,0.0,0.0,0.0,11829248,0,7,4,1,0,sleeping,4600,4575,0,303104,2924681,103738
2025-05-20 02:49:15,16095,2195324928,33296384,0.9,0.09977346305724596,0,13,0.59,0.24,0.0,0.0,0.0,11829248,0,8,4,1,0,sleeping,4603,4579,0,303104,2926604,103836
2025-05-20 02:49:16,16095,2195324928,33296384,0.0,0.09977346305724596,0,13,0.59,0.24,0.0,0.0,0.0,11829248,0,7,4,1,0,sleeping,4605,4581,0,307200,2928519,103896
2025-05-20 02:49:17,16095,2195324928,33296384,0.0,0.09977346305724596,0,13,0.59,0.24,0.0,0.0,0.0,11829248,0,7,4,1,0,sleeping,4607,4583,0,307200,2930434,103956
2025-05-20 02:49:18,16095,2195324928,33296384,0.0,0.09977346305724596,0,13,0.59,0.24,0.0,0.0,0.0,11829248,0,7,4,1,0,sleeping,4612,4588,0,307200,2932373,104040
2025-05-20 02:49:19,16095,2195324928,33296384,0.0,0.09977346305724596,0,13,0.59,0.24,0.0,0.0,0.0,11829248,0,7,4,1,0,sleeping,4616,4592,0,307200,2934303,104116
2025-05-20 02:49:20,16095,2195324928,33296384,0.0,0.09977346305724596,0,13,0.59,0.24,0.0,0.0,0.0,11829248,0,7,4,1,0,sleeping,4619,4595,0,307200,2936225,104184
2025-05-20 02:49:21,16095,2195324928,33296384,0.0,0.09977346305724596,0,13,0.59,0.24,0.0,0.0,0.0,11829248,0,7,4,1,0,sleeping,4624,4598,0,307200,2940063,104252
2025-05-20 02:49:22,16095,2195324928,33296384,0.0,0.09977346305724596,0,13,0.59,0.24,0.0,0.0,0.0,11829248,0,7,4,1,0,sleeping,4627,4601,0,307200,2941986,104320
2025-05-20 02:49:23,16095,2195324928,33296384,0.9,0.09977346305724596,0,13,0.6,0.24,0.0,0.0,0.0,11829248,0,7,4,1,0,sleeping,4631,4606,0,307200,2943917,104426
2025-05-20 02:49:25,16095,2195324928,33296384,0.0,0.09977346305724596,0,13,0.6,0.24,0.0,0.0,0.0,11829248,0,7,4,1,0,sleeping,4634,4609,0,307200,2945840,104494
2025-05-20 02:49:26,16095,2195324928,33296384,0.0,0.09977346305724596,0,13,0.6,0.24,0.0,0.0,0.0,11829248,0,7,4,1,0,sleeping,4637,4612,0,307200,2947763,104562
2025-05-20 02:49:27,16095,2195324928,33296384,0.0,0.09977346305724596,0,13,0.6,0.24,0.0,0.0,0.0,11829248,0,6,4,1,0,sleeping,4641,4616,0,307200,2949694,104638
2025-05-20 02:49:28,16095,2195324928,33296384,0.0,0.09977346305724596,0,13,0.6,0.24,0.0,0.0,0.0,11829248,0,6,4,1,0,sleeping,4644,4619,0,307200,2951617,104706
2025-05-20 02:49:29,16095,2195324928,33296384,0.0,0.09977346305724596,0,13,0.6,0.24,0.0,0.0,0.0,11829248,0,6,4,1,0,sleeping,4646,4621,0,307200,2953532,104766
2025-05-20 02:49:30,16095,2195324928,33296384,0.0,0.09977346305724596,0,13,0.6,0.24,0.0,0.0,0.0,11829248,0,6,4,1,0,sleeping,4648,4623,0,307200,2955447,104826
2025-05-20 02:49:31,16095,2195324928,33296384,0.0,0.09977346305724596,0,13,0.6,0.24,0.0,0.0,0.0,11829248,0,6,4,1,0,sleeping,4650,4625,0,307200,2957362,104886
2025-05-20 02:49:32,16095,2195324928,33296384,0.0,0.09977346305724596,0,13,0.6,0.24,0.0,0.0,0.0,11829248,0,8,4,1,0,sleeping,4652,4628,0,307200,2959277,104976
2025-05-20 02:49:33,16095,2195324928,33296384,0.0,0.09977346305724596,0,13,0.6,0.24,0.0,0.0,0.0,11829248,0,8,4,1,0,sleeping,4655,4631,0,307200,2961200,105044
2025-05-20 02:49:34,16095,2195324928,33296384,0.0,0.09977346305724596,0,13,0.6,0.24,0.0,0.0,0.0,11829248,0,7,4,1,0,sleeping,4657,4633,0,307200,2963115,105104
2025-05-20 02:49:35,16095,2195324928,33296384,0.0,0.09977346305724596,0,13,0.6,0.24,0.0,0.0,0.0,11829248,0,7,4,1,0,sleeping,4660,4636,0,307200,2965038,105172
2025-05-20 02:49:36,16095,2195324928,33296384,0.0,0.09977346305724596,0,13,0.6,0.24,0.0,0.0,0.0,11829248,0,7,4,1,0,sleeping,4663,4639,0,307200,2966961,105240
2025-05-20 02:49:37,16095,2195324928,33296384,0.0,0.09977346305724596,0,13,0.6,0.24,0.0,0.0,0.0,11829248,0,8,4,1,0,sleeping,4666,4642,0,307200,2968884,105308
2025-05-20 02:49:38,16095,2195324928,33296384,0.0,0.09977346305724596,0,13,0.6,0.24,0.0,0.0,0.0,11829248,0,8,4,1,0,sleeping,4670,4646,0,307200,2970815,105384
2025-05-20 02:49:39,16095,2195324928,33296384,0.0,0.09977346305724596,0,13,0.6,0.24,0.0,0.0,0.0,11829248,0,8,4,1,0,sleeping,4675,4649,0,307200,2974653,105452
2025-05-20 02:49:40,16095,2195324928,33296384,0.0,0.09977346305724596,0,13,0.6,0.24,0.0,0.0,0.0,11829248,0,7,4,1,0,sleeping,4680,4655,0,307200,2976592,105566
2025-05-20 02:49:42,16095,2195324928,33296384,0.0,0.09977346305724596,0,13,0.6,0.24,0.0,0.0,0.0,11829248,0,7,4,1,0,sleeping,4684,4659,0,307200,2978523,105642
2025-05-20 02:49:43,16095,2195324928,33296384,0.0,0.09977346305724596,0,13,0.6,0.24,0.0,0.0,0.0,11829248,0,8,4,1,0,sleeping,4687,4662,0,307200,2980446,105710
2025-05-20 02:49:44,16095,2195324928,33296384,0.0,0.09977346305724596,0,13,0.6,0.24,0.0,0.0,0.0,11829248,0,8,4,1,0,sleeping,4690,4665,0,307200,2982369,105778
2025-05-20 02:49:45,16095,2195324928,33296384,0.0,0.09977346305724596,0,13,0.6,0.24,0.0,0.0,0.0,11829248,0,7,4,1,0,sleeping,4693,4668,0,307200,2984291,105846
2025-05-20 02:49:46,16095,2195324928,33296384,0.0,0.09977346305724596,0,13,0.6,0.24,0.0,0.0,0.0,11829248,0,8,4,1,0,sleeping,4697,4672,0,307200,2986221,105922
2025-05-20 02:49:47,16095,2195324928,33296384,0.0,0.09977346305724596,0,13,0.6,0.24,0.0,0.0,0.0,11829248,0,8,4,1,0,sleeping,4700,4675,0,311296,2988144,105990
2025-05-20 02:49:48,16095,2195324928,33296384,0.9,0.09977346305724596,0,13,0.61,0.24,0.0,0.0,0.0,11829248,0,8,4,1,0,sleeping,4703,4678,0,311296,2990067,106058
2025-05-20 02:49:49,16095,2195324928,33296384,0.0,0.09977346305724596,0,13,0.61,0.24,0.0,0.0,0.0,11829248,0,8,4,1,0,sleeping,4705,4681,0,311296,2991982,106148
2025-05-20 02:49:50,16095,2195324928,33296384,0.0,0.09977346305724596,0,13,0.61,0.24,0.0,0.0,0.0,11829248,0,7,4,1,0,sleeping,4708,4684,0,311296,2993905,106216
2025-05-20 02:49:51,16095,2195324928,33296384,0.0,0.09977346305724596,0,13,0.61,0.24,0.0,0.0,0.0,11829248,0,7,4,1,0,sleeping,4711,4687,0,311296,2995827,106284
2025-05-20 02:49:52,16095,2195324928,33296384,0.0,0.09977346305724596,0,13,0.61,0.24,0.0,0.0,0.0,11829248,0,7,4,1,0,sleeping,4714,4690,0,311296,2997749,106352
2025-05-20 02:49:53,16095,2195324928,33296384,0.0,0.09977346305724596,0,13,0.61,0.24,0.0,0.0,0.0,11829248,0,7,4,1,0,sleeping,4717,4693,0,311296,2999672,106420
2025-05-20 02:49:54,16095,2195324928,33296384,0.0,0.09977346305724596,0,13,0.61,0.24,0.0,0.0,0.0,11829248,0,7,4,1,0,sleeping,4719,4695,0,311296,3001587,106480
2025-05-20 02:49:55,16095,2195324928,33296384,0.0,0.09977346305724596,0,13,0.61,0.24,0.0,0.0,0.0,11829248,0,7,4,1,0,sleeping,4722,4698,0,311296,3003510,106548
2025-05-20 02:49:56,16095,2195324928,33296384,0.0,0.09977346305724596,0,13,0.61,0.24,0.0,0.0,0.0,11829248,0,7,4,1,0,sleeping,4725,4701,0,311296,3005433,106616
2025-05-20 02:49:57,16095,2195324928,33296384,0.0,0.09977346305724596,0,13,0.61,0.24,0.0,0.0,0.0,11829248,0,7,4,1,0,sleeping,4729,4704,0,311296,3009261,106706
2025-05-20 02:49:59,16095,2195324928,33296384,0.0,0.09977346305724596,0,13,0.61,0.24,0.0,0.0,0.0,11829248,0,7,4,1,0,sleeping,4733,4708,0,311296,3011192,106782
2025-05-20 02:50:00,16095,2195324928,33296384,0.0,0.09977346305724596,0,13,0.61,0.24,0.0,0.0,0.0,11829248,0,7,4,1,0,sleeping,4736,4711,0,311296,3013115,106850
2025-05-20 02:50:01,16095,2195324928,33296384,0.0,0.09977346305724596,0,13,0.61,0.24,0.0,0.0,0.0,11829248,0,7,4,1,0,sleeping,4738,4713,0,311296,3015030,106910
2025-05-20 02:50:02,16095,2195324928,33296384,0.0,0.09977346305724596,0,13,0.61,0.24,0.0,0.0,0.0,11829248,0,7,4,1,0,sleeping,4741,4716,0,311296,3016953,106978
2025-05-20 02:50:03,16095,2195324928,33296384,0.0,0.09977346305724596,0,13,0.61,0.24,0.0,0.0,0.0,11829248,0,7,4,1,0,sleeping,4744,4719,0,311296,3018874,107046
2025-05-20 02:50:04,16095,2195324928,33296384,0.0,0.09977346305724596,0,13,0.61,0.24,0.0,0.0,0.0,11829248,0,7,4,1,0,sleeping,4746,4721,0,311296,3020787,107106
2025-05-20 02:50:05,16095,2195324928,33296384,0.0,0.09977346305724596,0,13,0.61,0.24,0.0,0.0,0.0,11829248,0,7,4,1,0,sleeping,4749,4724,0,315392,3022710,107174
2025-05-20 02:50:06,16095,2195324928,33296384,0.0,0.09977346305724596,0,13,0.61,0.24,0.0,0.0,0.0,11829248,0,6,4,1,0,sleeping,4752,4728,0,315392,3024633,107272
2025-05-20 02:50:07,16095,2195324928,33296384,0.0,0.09977346305724596,0,13,0.61,0.24,0.0,0.0,0.0,11829248,0,6,4,1,0,sleeping,4755,4731,0,315392,3026556,107340
2025-05-20 02:50:08,16095,2195324928,33296384,0.0,0.09977346305724596,0,13,0.61,0.24,0.0,0.0,0.0,11829248,0,6,4,1,0,sleeping,4759,4735,0,315392,3028487,107416
2025-05-20 02:50:09,16095,2195324928,33296384,0.0,0.09977346305724596,0,13,0.61,0.24,0.0,0.0,0.0,11829248,0,6,4,1,0,sleeping,4762,4738,0,315392,3030410,107484
2025-05-20 02:50:10,16095,2195324928,33296384,0.0,0.09977346305724596,0,13,0.61,0.24,0.0,0.0,0.0,11829248,0,7,4,1,0,sleeping,4764,4740,0,315392,3032325,107544
2025-05-20 02:50:11,16095,2195324928,33296384,0.0,0.09977346305724596,0,13,0.61,0.24,0.0,0.0,0.0,11829248,0,7,4,1,0,sleeping,4767,4743,0,315392,3034248,107612
2025-05-20 02:50:12,16095,2195324928,33296384,0.0,0.09977346305724596,0,13,0.61,0.24,0.0,0.0,0.0,11829248,0,7,4,1,0,sleeping,4769,4745,0,315392,3036163,107672
2025-05-20 02:50:13,16095,2195324928,33427456,0.9,0.10016622364499746,0,13,0.62,0.24,0.0,0.0,0.0,11923456,0,8,4,1,0,sleeping,4772,4748,0,315392,3038086,107740
2025-05-20 02:50:14,16095,2195324928,33427456,0.0,0.10016622364499746,0,13,0.62,0.24,0.0,0.0,0.0,11927552,0,8,4,1,0,sleeping,4778,4753,0,315392,3041932,107846
2025-05-20 02:50:16,16095,2195324928,33427456,0.0,0.10016622364499746,0,13,0.62,0.24,0.0,0.0,0.0,11927552,0,7,4,1,0,sleeping,4780,4755,0,315392,3043847,107906
2025-05-20 02:50:17,16095,2195324928,33427456,0.0,0.10016622364499746,0,13,0.62,0.24,0.0,0.0,0.0,11948032,0,7,4,1,0,sleeping,4782,4757,0,315392,3045762,107966
2025-05-20 02:50:18,16095,2195324928,33427456,0.0,0.10016622364499746,0,13,0.62,0.24,0.0,0.0,0.0,11948032,0,7,4,1,0,sleeping,4786,4761,0,319488,3047693,108042
2025-05-20 02:50:19,16095,2195324928,33427456,0.0,0.10016622364499746,0,13,0.62,0.24,0.0,0.0,0.0,11948032,0,7,4,1,0,sleeping,4790,4765,0,319488,3049624,108118
2025-05-20 02:50:20,16095,2195324928,33427456,0.0,0.10016622364499746,0,13,0.62,0.24,0.0,0.0,0.0,11948032,0,6,4,1,0,sleeping,4793,4768,0,319488,3051547,108186
2025-05-20 02:50:21,16095,2195324928,33427456,0.0,0.10016622364499746,0,13,0.62,0.24,0.0,0.0,0.0,11952128,0,7,4,1,0,sleeping,4796,4771,0,319488,3053470,108254
2025-05-20 02:50:22,16095,2195324928,33427456,0.0,0.10016622364499746,0,13,0.62,0.24,0.0,0.0,0.0,11956224,0,7,4,1,0,sleeping,4800,4775,0,319488,3055401,108330
2025-05-20 02:50:23,16095,2195324928,33427456,0.0,0.10016622364499746,0,13,0.62,0.24,0.0,0.0,0.0,11956224,0,6,4,1,0,sleeping,4804,4780,0,319488,3057331,108436
2025-05-20 02:50:24,16095,2195324928,33427456,0.0,0.10016622364499746,0,13,0.62,0.24,0.0,0.0,0.0,11964416,0,6,4,1,0,sleeping,4807,4783,0,319488,3059253,108504
2025-05-20 02:50:25,16095,2195324928,33427456,0.0,0.10016622364499746,0,13,0.62,0.24,0.0,0.0,0.0,11972608,0,7,4,1,0,sleeping,4810,4786,0,319488,3061176,108572
2025-05-20 02:50:26,16095,2195324928,33427456,0.0,0.10016622364499746,0,13,0.62,0.24,0.0,0.0,0.0,11972608,0,7,4,1,0,sleeping,4814,4790,0,319488,3063107,108648
2025-05-20 02:50:27,16095,2195324928,33427456,0.0,0.10016622364499746,0,13,0.62,0.24,0.0,0.0,0.0,11972608,0,7,4,1,0,sleeping,4816,4792,0,319488,3065022,108708
2025-05-20 02:50:29,16095,2195324928,33427456,0.0,0.10016622364499746,0,13,0.62,0.24,0.0,0.0,0.0,11984896,0,7,4,1,0,sleeping,4822,4797,0,319488,3068868,108814
2025-05-20 02:50:30,16095,2195324928,33427456,0.9,0.10016622364499746,0,13,0.63,0.24,0.0,0.0,0.0,11988992,0,7,4,1,0,sleeping,4826,4801,0,319488,3070798,108890
2025-05-20 02:50:31,16095,2195324928,33427456,0.0,0.10016622364499746,0,13,0.63,0.24,0.0,0.0,0.0,11988992,0,6,4,1,0,sleeping,4829,4804,0,319488,3072720,108958
2025-05-20 02:50:32,16095,2195324928,33427456,0.0,0.10016622364499746,0,13,0.63,0.24,0.0,0.0,0.0,11993088,0,6,4,1,0,sleeping,4832,4807,0,319488,3074643,109026
2025-05-20 02:50:33,16095,2195324928,33427456,0.0,0.10016622364499746,0,13,0.63,0.24,0.0,0.0,0.0,11993088,0,6,4,1,0,sleeping,4835,4810,0,319488,3076566,109094
2025-05-20 02:50:34,16095,2195324928,33427456,0.0,0.10016622364499746,0,13,0.63,0.24,0.0,0.0,0.0,12017664,0,7,4,1,0,sleeping,4837,4813,0,319488,3078480,109184
2025-05-20 02:50:35,16095,2195324928,33427456,0.0,0.10016622364499746,0,13,0.63,0.24,0.0,0.0,0.0,12034048,0,7,4,1,0,sleeping,4840,4816,0,319488,3080402,109252
2025-05-20 02:50:36,16095,2195324928,33427456,0.0,0.10016622364499746,0,13,0.63,0.24,0.0,0.0,0.0,12038144,0,7,4,1,0,sleeping,4843,4819,0,319488,3082325,109320
2025-05-20 02:50:37,16095,2195324928,33427456,0.0,0.10016622364499746,0,13,0.63,0.24,0.0,0.0,0.0,12046336,0,7,4,1,0,sleeping,4846,4822,0,319488,3084248,109388
2025-05-20 02:50:38,16095,2195324928,33427456,0.0,0.10016622364499746,0,13,0.63,0.24,0.0,0.0,0.0,12054528,0,7,4,1,0,sleeping,4851,4827,0,319488,3086187,109472
2025-05-20 02:50:39,16095,2195324928,33427456,0.0,0.10016622364499746,0,13,0.63,0.24,0.0,0.0,0.0,12062720,0,7,4,1,0,sleeping,4854,4830,0,319488,3088110,109540
2025-05-20 02:50:40,16095,2195324928,33427456,0.0,0.10016622364499746,0,13,0.63,0.24,0.0,0.0,0.0,12070912,0,7,4,1,0,sleeping,4857,4833,0,319488,3090033,109608
2025-05-20 02:50:41,16095,2195324928,33427456,0.0,0.10016622364499746,0,13,0.63,0.24,0.0,0.0,0.0,12070912,0,7,4,1,0,sleeping,4859,4835,0,319488,3091948,109668
2025-05-20 02:50:42,16095,2195324928,33427456,0.0,0.10016622364499746,0,13,0.63,0.24,0.0,0.0,0.0,12070912,0,8,4,1,0,sleeping,4863,4840,0,319488,3093879,109774
2025-05-20 02:50:44,16095,2195324928,33427456,0.0,0.10016622364499746,0,13,0.63,0.24,0.0,0.0,0.0,12091392,0,8,4,1,0,sleeping,4869,4844,0,319488,3097725,109850
2025-05-20 02:50:45,16095,2195324928,33427456,0.0,0.10016622364499746,0,13,0.63,0.24,0.0,0.0,0.0,12107776,0,8,4,1,0,sleeping,4872,4847,0,319488,3099646,109918
2025-05-20 02:50:46,16095,2195324928,33427456,0.0,0.10016622364499746,0,13,0.63,0.24,0.0,0.0,0.0,12107776,0,8,4,1,0,sleeping,4875,4850,0,319488,3101567,109986
2025-05-20 02:50:47,16095,2195324928,33427456,0.0,0.10016622364499746,0,13,0.63,0.24,0.0,0.0,0.0,12115968,0,8,4,1,0,sleeping,4878,4853,0,319488,3103490,110054
2025-05-20 02:50:48,16095,2195324928,33427456,0.0,0.10016622364499746,0,13,0.63,0.24,0.0,0.0,0.0,12120064,0,8,4,1,0,sleeping,4881,4856,0,323584,3105413,110122
2025-05-20 02:50:49,16095,2195324928,33427456,0.0,0.10016622364499746,0,13,0.63,0.24,0.0,0.0,0.0,12128256,0,8,4,1,0,sleeping,4884,4859,0,323584,3107335,110190
2025-05-20 02:50:50,16095,2195324928,33427456,0.9,0.10016622364499746,0,13,0.63,0.25,0.0,0.0,0.0,12136448,0,8,4,1,0,sleeping,4888,4863,0,323584,3109265,110266
2025-05-20 02:50:51,16095,2195324928,33427456,0.0,0.10016622364499746,0,13,0.63,0.25,0.0,0.0,0.0,12140544,0,8,4,1,0,sleeping,4893,4869,0,323584,3111204,110380
2025-05-20 02:50:52,16095,2195324928,33427456,0.0,0.10016622364499746,0,13,0.63,0.25,0.0,0.0,0.0,12148736,0,8,4,1,0,sleeping,4896,4872,0,323584,3113127,110448
2025-05-20 02:50:53,16095,2195324928,33427456,0.0,0.10016622364499746,0,13,0.63,0.25,0.0,0.0,0.0,12165120,0,8,4,1,0,sleeping,4900,4876,0,323584,3115058,110524
2025-05-20 02:50:54,16095,2195324928,33427456,0.0,0.10016622364499746,0,13,0.63,0.25,0.0,0.0,0.0,12181504,0,8,4,1,0,sleeping,4903,4879,0,323584,3116981,110592
2025-05-20 02:50:55,16095,2195324928,33427456,0.0,0.10016622364499746,0,13,0.63,0.25,0.0,0.0,0.0,12181504,0,8,4,1,0,sleeping,4905,4881,0,323584,3118896,110652
2025-05-20 02:50:56,16095,2195324928,33427456,0.0,0.10016622364499746,0,13,0.63,0.25,0.0,0.0,0.0,12181504,0,8,4,1,0,sleeping,4909,4885,0,323584,3120827,110728
2025-05-20 02:50:57,16095,2195324928,33427456,0.9,0.10016622364499746,0,13,0.64,0.25,0.0,0.0,0.0,12185600,0,8,4,1,0,sleeping,4914,4890,0,323584,3122766,110812
2025-05-20 02:50:58,16095,2195324928,33427456,0.0,0.10016622364499746,0,13,0.64,0.25,0.0,0.0,0.0,12210176,0,8,4,1,0,sleeping,4916,4892,0,323584,3124681,110872
2025-05-20 02:50:59,16095,2195324928,33427456,0.0,0.10016622364499746,0,13,0.64,0.25,0.0,0.0,0.0,12210176,0,7,4,1,0,sleeping,4919,4896,0,323584,3126604,110970
2025-05-20 02:51:01,16095,2195324928,33427456,0.0,0.10016622364499746,0,13,0.64,0.25,0.0,0.0,0.0,12210176,0,7,4,1,0,sleeping,4922,4899,0,323584,3128525,111038
2025-05-20 02:51:02,16095,2195324928,33427456,0.0,0.10016622364499746,0,13,0.64,0.25,0.0,0.0,0.0,12210176,0,7,4,1,0,sleeping,4926,4901,0,323584,3132353,111098
2025-05-20 02:51:03,16095,2195324928,33427456,0.0,0.10016622364499746,0,13,0.64,0.25,0.0,0.0,0.0,12218368,0,7,4,1,0,sleeping,4929,4904,0,323584,3134276,111166
2025-05-20 02:51:04,16095,2195324928,33427456,0.0,0.10016622364499746,0,13,0.64,0.25,0.0,0.0,0.0,12230656,0,7,4,1,0,sleeping,4931,4906,0,323584,3136191,111226
2025-05-20 02:51:05,16095,2195324928,33427456,0.0,0.10016622364499746,0,13,0.64,0.25,0.0,0.0,0.0,12234752,0,7,4,1,0,sleeping,4935,4910,0,323584,3138122,111302
2025-05-20 02:51:06,16095,2195324928,33427456,0.0,0.10016622364499746,0,13,0.64,0.25,0.0,0.0,0.0,12247040,0,7,4,1,0,sleeping,4938,4913,0,323584,3140045,111370
2025-05-20 02:51:07,16095,2195324928,33427456,0.0,0.10016622364499746,0,13,0.64,0.25,0.0,0.0,0.0,12263424,0,7,4,1,0,sleeping,4941,4916,0,323584,3141968,111438
2025-05-20 02:51:08,16095,2195324928,33427456,0.0,0.10016622364499746,0,13,0.64,0.25,0.0,0.0,0.0,12283904,0,6,4,1,0,sleeping,4943,4919,0,323584,3143882,111528
2025-05-20 02:51:09,16095,2195324928,33427456,0.0,0.10016622364499746,0,13,0.64,0.25,0.0,0.0,0.0,12296192,0,6,4,1,0,sleeping,4946,4922,0,323584,3145804,111596
2025-05-20 02:51:10,16095,2195324928,33427456,0.0,0.10016622364499746,0,13,0.64,0.25,0.0,0.0,0.0,12296192,0,7,4,1,0,sleeping,4949,4925,0,323584,3147727,111664
2025-05-20 02:51:11,16095,2195324928,33427456,0.0,0.10016622364499746,0,13,0.64,0.25,0.0,0.0,0.0,12304384,0,7,4,1,0,sleeping,4952,4928,0,323584,3149650,111732
2025-05-20 02:51:12,16095,2195324928,33558528,0.0,0.10055898423274894,0,13,0.64,0.25,0.0,0.0,0.0,12312576,0,7,4,1,0,sleeping,4955,4931,0,327680,3151573,111800
2025-05-20 02:51:13,16095,2195324928,33558528,0.0,0.10055898423274894,0,13,0.64,0.25,0.0,0.0,0.0,12312576,0,7,4,1,0,sleeping,4959,4935,0,327680,3153504,111876
2025-05-20 02:51:14,16095,2195324928,33558528,0.0,0.10055898423274894,0,13,0.64,0.25,0.0,0.0,0.0,12316672,0,7,4,1,0,sleeping,4962,4938,0,327680,3155427,111944
2025-05-20 02:51:15,16095,2195324928,33558528,0.0,0.10055898423274894,0,13,0.64,0.25,0.0,0.0,0.0,12324864,0,7,4,1,0,sleeping,4967,4943,0,327680,3157366,112028
2025-05-20 02:51:16,16095,2195324928,33558528,0.0,0.10055898423274894,0,13,0.64,0.25,0.0,0.0,0.0,12361728,0,6,4,1,0,sleeping,4969,4946,0,327680,3159281,112118
2025-05-20 02:51:18,16095,2195324928,33558528,0.0,0.10055898423274894,0,13,0.64,0.25,0.0,0.0,0.0,12365824,0,6,4,1,0,sleeping,4975,4950,0,327680,3163127,112194
2025-05-20 02:51:19,16095,2195324928,33558528,0.0,0.10055898423274894,0,13,0.64,0.25,0.0,0.0,0.0,12378112,0,6,4,1,0,sleeping,4977,4952,0,331776,3165042,112254
2025-05-20 02:51:20,16095,2195324928,33558528,0.0,0.10055898423274894,0,13,0.64,0.25,0.0,0.0,0.0,12378112,0,6,4,1,0,sleeping,4980,4955,0,331776,3166965,112322
2025-05-20 02:51:21,16095,2195324928,33558528,0.0,0.10055898423274894,0,13,0.64,0.25,0.0,0.0,0.0,12378112,0,6,4,1,0,sleeping,4984,4959,0,331776,3168896,112398
2025-05-20 02:51:22,16095,2195324928,33558528,0.0,0.10055898423274894,0,13,0.64,0.25,0.0,0.0,0.0,12382208,0,6,4,1,0,sleeping,4989,4964,0,331776,3170835,112482
2025-05-20 02:51:23,16095,2195324928,33558528,0.0,0.10055898423274894,0,13,0.64,0.25,0.0,0.0,0.0,12382208,0,6,4,1,0,sleeping,4994,4969,0,331776,3172774,112566
2025-05-20 02:51:24,16095,2195324928,33558528,0.0,0.10055898423274894,0,13,0.64,0.25,0.0,0.0,0.0,12382208,0,6,4,1,0,sleeping,4998,4973,0,331776,3174705,112642
2025-05-20 02:51:25,16095,2195324928,33558528,0.0,0.10055898423274894,0,13,0.64,0.25,0.0,0.0,0.0,12382208,0,6,4,1,0,sleeping,5000,4976,0,331776,3176620,112732
2025-05-20 02:51:26,16095,2195324928,33558528,0.9,0.10055898423274894,0,13,0.65,0.25,0.0,0.0,0.0,12386304,0,6,4,1,0,sleeping,5004,4980,0,331776,3178551,112808
2025-05-20 02:51:27,16095,2195324928,33558528,0.0,0.10055898423274894,0,13,0.65,0.25,0.0,0.0,0.0,12386304,0,6,4,1,0,sleeping,5008,4984,0,331776,3180482,112884
2025-05-20 02:51:28,16095,2195324928,33558528,0.0,0.10055898423274894,0,13,0.65,0.25,0.0,0.0,0.0,12386304,0,6,4,1,0,sleeping,5010,4986,0,331776,3182397,112944
2025-05-20 02:51:29,16095,2195324928,33558528,0.0,0.10055898423274894,0,13,0.65,0.25,0.0,0.0,0.0,12386304,0,7,4,1,0,sleeping,5013,4989,0,331776,3184320,113012
2025-05-20 02:51:30,16095,2195324928,33558528,0.0,0.10055898423274894,0,13,0.65,0.25,0.0,0.0,0.0,12386304,0,7,4,1,0,sleeping,5017,4993,0,331776,3186251,113088
2025-05-20 02:51:31,16095,2195324928,33558528,0.0,0.10055898423274894,0,13,0.65,0.25,0.0,0.0,0.0,12386304,0,7,4,1,0,sleeping,5019,4995,0,331776,3188166,113148
2025-05-20 02:51:32,16095,2195324928,33558528,0.0,0.10055898423274894,0,13,0.65,0.25,0.0,0.0,0.0,12386304,0,7,4,1,0,sleeping,5022,4998,0,331776,3190089,113216
2025-05-20 02:51:33,16095,2195324928,33558528,0.0,0.10055898423274894,0,13,0.65,0.25,0.0,0.0,0.0,12386304,0,7,4,1,0,sleeping,5025,5002,0,331776,3192012,113314
2025-05-20 02:51:35,16095,2195324928,33558528,0.0,0.10055898423274894,0,13,0.65,0.25,0.0,0.0,0.0,12386304,0,7,4,1,0,sleeping,5027,5004,0,331776,3193927,113374
2025-05-20 02:51:36,16095,2195324928,33558528,0.0,0.10055898423274894,0,13,0.65,0.25,0.0,0.0,0.0,12386304,0,8,4,1,0,sleeping,5033,5008,0,331776,3197773,113450
2025-05-20 02:51:37,16095,2195324928,33558528,0.0,0.10055898423274894,0,13,0.65,0.25,0.0,0.0,0.0,12386304,0,8,4,1,0,sleeping,5036,5011,0,331776,3199696,113518
2025-05-20 02:51:38,16095,2195324928,33558528,0.0,0.10055898423274894,0,13,0.65,0.25,0.0,0.0,0.0,12386304,0,8,4,1,0,sleeping,5038,5013,0,331776,3201611,113578
2025-05-20 02:51:39,16095,2195324928,33558528,0.0,0.10055898423274894,0,13,0.65,0.25,0.0,0.0,0.0,12390400,0,8,4,1,0,sleeping,5041,5016,0,331776,3203534,113646
2025-05-20 02:51:40,16095,2195324928,33558528,0.0,0.10055898423274894,0,13,0.65,0.25,0.0,0.0,0.0,12390400,0,8,4,1,0,sleeping,5043,5018,0,331776,3205449,113706
2025-05-20 02:51:41,16095,2195324928,33558528,0.0,0.10055898423274894,0,13,0.65,0.25,0.0,0.0,0.0,12390400,0,8,4,1,0,sleeping,5047,5023,0,331776,3207380,113812
2025-05-20 02:51:42,16095,2195324928,33558528,0.0,0.10055898423274894,0,13,0.65,0.25,0.0,0.0,0.0,12394496,0,7,4,1,0,sleeping,5050,5026,0,331776,3209303,113880
2025-05-20 02:51:43,16095,2195324928,32989184,0.9,0.09885293042970342,0,13,0.66,0.25,0.0,0.0,0.0,11935744,0,7,4,1,0,sleeping,5052,5028,0,331776,3211218,113940
2025-05-20 02:51:44,16095,2195324928,32989184,0.0,0.09885293042970342,0,13,0.66,0.25,0.0,0.0,0.0,11935744,0,7,4,1,0,sleeping,5056,5032,0,331776,3213149,114016
2025-05-20 02:51:45,16095,2195324928,32989184,0.0,0.09885293042970342,0,13,0.66,0.25,0.0,0.0,0.0,11935744,0,7,4,1,0,sleeping,5060,5036,0,331776,3215080,114092
2025-05-20 02:51:46,16095,2195324928,32989184,0.0,0.09885293042970342,0,13,0.66,0.25,0.0,0.0,0.0,11935744,0,7,4,1,0,sleeping,5062,5038,0,331776,3216995,114152
2025-05-20 02:51:47,16095,2195324928,32989184,0.0,0.09885293042970342,0,13,0.66,0.25,0.0,0.0,0.0,11935744,0,7,4,1,0,sleeping,5066,5043,0,331776,3218926,114258
2025-05-20 02:51:49,16095,2195324928,32989184,0.0,0.09885293042970342,0,13,0.66,0.25,0.0,0.0,0.0,11935744,0,7,4,1,0,sleeping,5071,5048,0,331776,3220865,114342
2025-05-20 02:51:50,16095,2195324928,32989184,0.0,0.09885293042970342,0,13,0.66,0.25,0.0,0.0,0.0,11935744,0,7,4,1,0,sleeping,5074,5051,0,335872,3222788,114410
2025-05-20 02:51:51,16095,2195324928,32989184,0.0,0.09885293042970342,0,13,0.66,0.25,0.0,0.0,0.0,11935744,0,7,4,1,0,sleeping,5079,5054,0,335872,3226625,114478
2025-05-20 02:51:52,16095,2195324928,32989184,0.0,0.09885293042970342,0,13,0.66,0.25,0.0,0.0,0.0,11935744,0,7,4,1,0,sleeping,5082,5057,0,335872,3228547,114546
2025-05-20 02:51:53,16095,2195324928,32989184,0.0,0.09885293042970342,0,13,0.66,0.25,0.0,0.0,0.0,11935744,0,6,4,1,0,sleeping,5086,5061,0,335872,3230478,114622
2025-05-20 02:51:54,16095,2195324928,32989184,0.0,0.09885293042970342,0,13,0.66,0.25,0.0,0.0,0.0,11935744,0,7,4,1,0,sleeping,5088,5063,0,335872,3232393,114682
2025-05-20 02:51:55,16095,2195324928,32989184,0.0,0.09885293042970342,0,13,0.66,0.25,0.0,0.0,0.0,11935744,0,7,4,1,0,sleeping,5091,5066,0,335872,3234316,114750
2025-05-20 02:51:56,16095,2195324928,32989184,0.0,0.09885293042970342,0,13,0.66,0.25,0.0,0.0,0.0,11935744,0,7,4,1,0,sleeping,5093,5068,0,335872,3236231,114810
2025-05-20 02:51:57,16095,2195324928,32989184,0.0,0.09885293042970342,0,13,0.66,0.25,0.0,0.0,0.0,11935744,0,6,4,1,0,sleeping,5095,5071,0,335872,3238146,114900
2025-05-20 02:51:58,16095,2195324928,32989184,0.0,0.09885293042970342,0,13,0.66,0.25,0.0,0.0,0.0,11935744,0,6,4,1,0,sleeping,5098,5074,0,335872,3240068,114968
2025-05-20 02:51:59,16095,2195324928,32989184,0.0,0.09885293042970342,0,13,0.66,0.25,0.0,0.0,0.0,11939840,0,6,4,1,0,sleeping,5103,5079,0,335872,3242006,115052
2025-05-20 02:52:00,16095,2195324928,32989184,0.0,0.09885293042970342,0,13,0.66,0.25,0.0,0.0,0.0,11939840,0,6,4,1,0,sleeping,5106,5082,0,335872,3243929,115120
2025-05-20 02:52:01,16095,2195324928,32989184,0.0,0.09885293042970342,0,13,0.66,0.25,0.0,0.0,0.0,11939840,0,6,4,1,0,sleeping,5109,5085,0,335872,3245852,115188
2025-05-20 02:52:02,16095,2195324928,32989184,0.0,0.09885293042970342,0,13,0.66,0.25,0.0,0.0,0.0,11939840,0,7,4,1,0,sleeping,5113,5089,0,335872,3247783,115264
2025-05-20 02:52:03,16095,2195324928,32989184,0.9,0.09885293042970342,0,13,0.67,0.25,0.0,0.0,0.0,11939840,0,7,4,1,0,sleeping,5116,5092,0,335872,3249705,115332
2025-05-20 02:52:04,16095,2195324928,32989184,0.0,0.09885293042970342,0,13,0.67,0.25,0.0,0.0,0.0,11939840,0,6,4,1,0,sleeping,5118,5094,0,335872,3251619,115392
2025-05-20 02:52:05,16095,2195324928,32989184,0.0,0.09885293042970342,0,13,0.67,0.25,0.0,0.0,0.0,11939840,0,6,4,1,0,sleeping,5120,5097,0,335872,3253534,115482
2025-05-20 02:52:07,16095,2195324928,32989184,0.0,0.09885293042970342,0,13,0.67,0.25,0.0,0.0,0.0,11939840,0,6,4,1,0,sleeping,5122,5099,0,335872,3255449,115542
2025-05-20 02:52:08,16095,2195324928,32989184,0.0,0.09885293042970342,0,13,0.67,0.25,0.0,0.0,0.0,11939840,0,7,4,1,0,sleeping,5125,5102,0,335872,3257372,115610
2025-05-20 02:52:09,16095,2195324928,32989184,0.0,0.09885293042970342,0,13,0.67,0.25,0.0,0.0,0.0,11939840,0,6,4,1,0,sleeping,5129,5104,0,335872,3261202,115670
2025-05-20 02:52:10,16095,2195324928,32989184,0.0,0.09885293042970342,0,13,0.67,0.25,0.0,0.0,0.0,11939840,0,6,4,1,0,sleeping,5132,5107,0,335872,3263125,115738
2025-05-20 02:52:11,16095,2195324928,32989184,0.0,0.09885293042970342,0,13,0.67,0.25,0.0,0.0,0.0,11939840,0,6,4,1,0,sleeping,5134,5109,0,335872,3265040,115798
2025-05-20 02:52:12,16095,2195324928,32989184,0.0,0.09885293042970342,0,13,0.67,0.25,0.0,0.0,0.0,11939840,0,6,4,1,0,sleeping,5137,5112,0,335872,3266963,115866
2025-05-20 02:52:13,16095,2195324928,32989184,0.0,0.09885293042970342,0,13,0.67,0.25,0.0,0.0,0.0,11939840,0,6,4,1,0,sleeping,5139,5114,0,335872,3268878,115926
2025-05-20 02:52:14,16095,2195324928,32989184,0.0,0.09885293042970342,0,13,0.67,0.25,0.0,0.0,0.0,11939840,0,6,4,1,0,sleeping,5141,5117,0,335872,3270793,116016
2025-05-20 02:52:15,16095,2195324928,32989184,0.0,0.09885293042970342,0,13,0.67,0.25,0.0,0.0,0.0,11939840,0,6,4,1,0,sleeping,5143,5119,0,335872,3272706,116076
2025-05-20 02:52:16,16095,2195324928,32989184,0.0,0.09885293042970342,0,13,0.67,0.25,0.0,0.0,0.0,11939840,0,6,4,1,0,sleeping,5147,5123,0,335872,3274635,116152
2025-05-20 02:52:17,16095,2195324928,32989184,0.0,0.09885293042970342,0,13,0.67,0.25,0.0,0.0,0.0,11939840,0,6,4,1,0,sleeping,5149,5125,0,335872,3276549,116212
2025-05-20 02:52:18,16095,2195324928,32989184,0.0,0.09885293042970342,0,13,0.67,0.25,0.0,0.0,0.0,11939840,0,6,4,1,0,sleeping,5151,5127,0,335872,3278463,116272
2025-05-20 02:52:19,16095,2195324928,32989184,0.0,0.09885293042970342,0,13,0.67,0.25,0.0,0.0,0.0,11939840,0,7,4,1,0,sleeping,5154,5130,0,335872,3280385,116340
2025-05-20 02:52:20,16095,2195324928,32989184,0.0,0.09885293042970342,0,13,0.67,0.25,0.0,0.0,0.0,11939840,0,6,4,1,0,sleeping,5157,5133,0,339968,3282306,116408
2025-05-20 02:52:21,16095,2195324928,32989184,0.0,0.09885293042970342,0,13,0.67,0.25,0.0,0.0,0.0,11939840,0,6,4,1,0,sleeping,5161,5138,0,344064,3284236,116514
2025-05-20 02:52:23,16095,2195324928,32989184,0.0,0.09885293042970342,0,13,0.67,0.25,0.0,0.0,0.0,11939840,0,6,4,1,0,sleeping,5164,5141,0,344064,3286159,116582
2025-05-20 02:52:24,16095,2195324928,32989184,0.0,0.09885293042970342,0,13,0.67,0.25,0.0,0.0,0.0,11939840,0,7,4,1,0,sleeping,5166,5143,0,344064,3288074,116642
2025-05-20 02:52:25,16095,2195324928,32989184,0.9,0.09885293042970342,0,13,0.68,0.25,0.0,0.0,0.0,11939840,0,7,4,1,0,sleeping,5171,5146,0,344064,3291912,116710
2025-05-20 02:52:26,16095,2195324928,32989184,0.0,0.09885293042970342,0,13,0.68,0.25,0.0,0.0,0.0,11939840,0,7,4,1,0,sleeping,5174,5149,0,344064,3293835,116778
2025-05-20 02:52:27,16095,2195324928,32989184,0.0,0.09885293042970342,0,13,0.68,0.25,0.0,0.0,0.0,11939840,0,7,4,1,0,sleeping,5177,5152,0,344064,3295758,116846
2025-05-20 02:52:28,16095,2195324928,32989184,0.0,0.09885293042970342,0,13,0.68,0.25,0.0,0.0,0.0,11939840,0,7,4,1,0,sleeping,5179,5154,0,344064,3297673,116906
2025-05-20 02:52:29,16095,2195324928,32989184,0.0,0.09885293042970342,0,13,0.68,0.25,0.0,0.0,0.0,11939840,0,6,4,1,0,sleeping,5181,5157,0,344064,3299588,116996
2025-05-20 02:52:30,16095,2195324928,32989184,0.0,0.09885293042970342,0,13,0.68,0.25,0.0,0.0,0.0,11939840,0,6,4,1,0,sleeping,5185,5161,0,344064,3301519,117072
2025-05-20 02:52:31,16095,2195324928,32989184,0.0,0.09885293042970342,0,13,0.68,0.25,0.0,0.0,0.0,11939840,0,6,4,1,0,sleeping,5188,5164,0,344064,3303442,117140
2025-05-20 02:52:32,16095,2195324928,32989184,0.0,0.09885293042970342,0,13,0.68,0.25,0.0,0.0,0.0,11939840,0,6,4,1,0,sleeping,5191,5167,0,344064,3305365,117208
2025-05-20 02:52:33,16095,2195324928,32989184,0.0,0.09885293042970342,0,13,0.68,0.25,0.0,0.0,0.0,11939840,0,6,4,1,0,sleeping,5195,5171,0,344064,3307296,117284
2025-05-20 02:52:34,16095,2195324928,32989184,0.0,0.09885293042970342,0,13,0.68,0.25,0.0,0.0,0.0,11939840,0,6,4,1,0,sleeping,5197,5173,0,344064,3309211,117344
2025-05-20 02:52:35,16095,2195324928,32989184,0.0,0.09885293042970342,0,13,0.68,0.25,0.0,0.0,0.0,11939840,0,6,4,1,0,sleeping,5201,5177,0,344064,3311142,117420
2025-05-20 02:52:36,16095,2195324928,32989184,0.0,0.09885293042970342,0,13,0.68,0.25,0.0,0.0,0.0,11939840,0,7,4,1,0,sleeping,5205,5181,0,344064,3313073,117496
2025-05-20 02:52:37,16095,2195324928,32989184,0.0,0.09885293042970342,0,13,0.68,0.25,0.0,0.0,0.0,11939840,0,7,4,1,0,sleeping,5210,5187,0,344064,3315012,117610
2025-05-20 02:52:38,16095,2195324928,32989184,0.0,0.09885293042970342,0,13,0.68,0.25,0.0,0.0,0.0,11939840,0,7,4,1,0,sleeping,5213,5190,0,344064,3316935,117678
2025-05-20 02:52:40,16095,2195324928,32989184,0.0,0.09885293042970342,0,13,0.68,0.25,0.0,0.0,0.0,11939840,0,7,4,1,0,sleeping,5215,5192,0,344064,3318850,117738
2025-05-20 02:52:41,16095,2195324928,32989184,0.0,0.09885293042970342,0,13,0.68,0.25,0.0,0.0,0.0,11939840,0,7,4,1,0,sleeping,5217,5194,0,344064,3320765,117798
2025-05-20 02:52:42,16095,2195324928,32989184,0.0,0.09885293042970342,0,13,0.68,0.25,0.0,0.0,0.0,11939840,0,7,4,1,0,sleeping,5221,5198,0,344064,3322696,117874
2025-05-20 02:52:43,16095,2195324928,32989184,0.0,0.09885293042970342,0,13,0.68,0.25,0.0,0.0,0.0,11939840,0,7,4,1,0,sleeping,5225,5200,0,344064,3326526,117934
2025-05-20 02:52:44,16095,2195324928,32989184,0.0,0.09885293042970342,0,13,0.68,0.25,0.0,0.0,0.0,11939840,0,7,4,1,0,sleeping,5229,5204,0,344064,3328457,118010
2025-05-20 02:52:45,16095,2195324928,32989184,0.0,0.09885293042970342,0,13,0.68,0.25,0.0,0.0,0.0,11939840,0,7,4,1,0,sleeping,5232,5207,0,344064,3330378,118078
2025-05-20 02:52:46,16095,2195324928,32989184,0.9,0.09885293042970342,0,13,0.69,0.25,0.0,0.0,0.0,11939840,0,7,4,1,0,sleeping,5234,5210,0,344064,3332291,118168
2025-05-20 02:52:47,16095,2195324928,32989184,0.0,0.09885293042970342,0,13,0.69,0.25,0.0,0.0,0.0,11939840,0,7,4,1,0,sleeping,5238,5214,0,344064,3334222,118244
2025-05-20 02:52:48,16095,2195324928,32989184,0.0,0.09885293042970342,0,13,0.69,0.25,0.0,0.0,0.0,11939840,0,7,4,1,0,sleeping,5241,5217,0,344064,3336145,118312
2025-05-20 02:52:49,16095,2195324928,32989184,0.0,0.09885293042970342,0,13,0.69,0.25,0.0,0.0,0.0,11939840,0,7,4,1,0,sleeping,5245,5221,0,344064,3338076,118388
2025-05-20 02:52:50,16095,2195324928,32989184,0.0,0.09885293042970342,0,13,0.69,0.25,0.0,0.0,0.0,11939840,0,7,4,1,0,sleeping,5248,5224,0,344064,3339999,118456
2025-05-20 02:52:51,16095,2195324928,32989184,0.0,0.09885293042970342,0,13,0.69,0.25,0.0,0.0,0.0,11939840,0,7,4,1,0,sleeping,5250,5226,0,348160,3341914,118516
2025-05-20 02:52:52,16095,2195324928,32989184,0.0,0.09885293042970342,0,13,0.69,0.25,0.0,0.0,0.0,11939840,0,7,4,1,0,sleeping,5253,5229,0,348160,3343837,118584
2025-05-20 02:52:53,16095,2195324928,32989184,0.0,0.09885293042970342,0,13,0.69,0.25,0.0,0.0,0.0,11939840,0,7,4,1,0,sleeping,5257,5234,0,348160,3345768,118690
2025-05-20 02:52:55,16095,2195324928,32989184,0.0,0.09885293042970342,0,13,0.69,0.25,0.0,0.0,0.0,11939840,0,7,4,1,0,sleeping,5261,5238,0,348160,3347699,118766
2025-05-20 02:52:56,16095,2195324928,32989184,0.0,0.09885293042970342,0,13,0.69,0.25,0.0,0.0,0.0,11939840,0,6,4,1,0,sleeping,5263,5240,0,348160,3349614,118826
2025-05-20 02:52:57,16095,2195324928,32989184,0.0,0.09885293042970342,0,13,0.69,0.25,0.0,0.0,0.0,11939840,0,6,4,1,0,sleeping,5265,5242,0,348160,3351529,118886
2025-05-20 02:52:58,16095,2195324928,32989184,0.0,0.09885293042970342,0,13,0.69,0.25,0.0,0.0,0.0,11939840,0,7,4,1,0,sleeping,5268,5245,0,348160,3353452,118954
2025-05-20 02:52:59,16095,2195324928,32989184,0.0,0.09885293042970342,0,13,0.69,0.25,0.0,0.0,0.0,11939840,0,7,4,1,0,sleeping,5275,5250,0,348160,3357306,119038
2025-05-20 02:53:00,16095,2195324928,32989184,0.0,0.09885293042970342,0,13,0.69,0.25,0.0,0.0,0.0,11939840,0,7,4,1,0,sleeping,5280,5255,0,348160,3359245,119122
2025-05-20 02:53:01,16095,2195324928,32989184,0.0,0.09885293042970342,0,13,0.69,0.25,0.0,0.0,0.0,11939840,0,7,4,1,0,sleeping,5284,5259,0,348160,3361176,119198
2025-05-20 02:53:02,16095,2195324928,32989184,0.0,0.09885293042970342,0,13,0.69,0.25,0.0,0.0,0.0,11939840,0,8,4,1,0,sleeping,5288,5264,0,348160,3363107,119304
2025-05-20 02:53:03,16095,2195324928,32989184,0.0,0.09885293042970342,0,13,0.69,0.25,0.0,0.0,0.0,11939840,0,8,4,1,0,sleeping,5291,5267,0,348160,3365030,119372
2025-05-20 02:53:04,16095,2195324928,32989184,0.0,0.09885293042970342,0,13,0.69,0.25,0.0,0.0,0.0,11939840,0,8,4,1,0,sleeping,5295,5271,0,348160,3366961,119448
2025-05-20 02:53:05,16095,2195324928,32989184,0.0,0.09885293042970342,0,13,0.69,0.25,0.0,0.0,0.0,11939840,0,8,4,1,0,sleeping,5299,5275,0,348160,3368892,119524
2025-05-20 02:53:06,16095,2195324928,32989184,0.9,0.09885293042970342,0,13,0.7,0.25,0.0,0.0,0.0,11939840,0,7,4,1,0,sleeping,5302,5278,0,348160,3370815,119592
2025-05-20 02:53:07,16095,2195324928,32989184,0.0,0.09885293042970342,0,13,0.7,0.25,0.0,0.0,0.0,11939840,0,7,4,1,0,sleeping,5305,5281,0,348160,3372738,119660
2025-05-20 02:53:08,16095,2195324928,32989184,0.0,0.09885293042970342,0,13,0.7,0.25,0.0,0.0,0.0,11939840,0,7,4,1,0,sleeping,5307,5283,0,348160,3374653,119720
2025-05-20 02:53:09,16095,2195324928,32989184,0.0,0.09885293042970342,0,13,0.7,0.25,0.0,0.0,0.0,11939840,0,7,4,1,0,sleeping,5309,5285,0,348160,3376568,119780
2025-05-20 02:53:10,16095,2195324928,32989184,0.0,0.09885293042970342,0,13,0.7,0.25,0.0,0.0,0.0,11939840,0,8,4,1,0,sleeping,5312,5289,0,348160,3378491,119878
2025-05-20 02:53:12,16095,2195324928,32989184,0.0,0.09885293042970342,0,13,0.7,0.25,0.0,0.0,0.0,11939840,0,6,4,1,0,sleeping,5315,5292,0,348160,3380414,119946
2025-05-20 02:53:13,16095,2195324928,32989184,0.0,0.09885293042970342,0,13,0.7,0.25,0.0,0.0,0.0,11939840,0,7,4,1,0,sleeping,5317,5294,0,348160,3382329,120006
2025-05-20 02:53:14,16095,2195324928,32989184,0.0,0.09885293042970342,0,13,0.7,0.25,0.0,0.0,0.0,11939840,0,7,4,1,0,sleeping,5320,5297,0,348160,3384251,120074
2025-05-20 02:53:15,16095,2195324928,32989184,0.0,0.09885293042970342,0,13,0.7,0.25,0.0,0.0,0.0,11939840,0,7,4,1,0,sleeping,5323,5300,0,348160,3386173,120142
2025-05-20 02:53:16,16095,2195324928,32989184,0.0,0.09885293042970342,0,13,0.7,0.25,0.0,0.0,0.0,11939840,0,7,4,1,0,sleeping,5328,5303,0,348160,3390011,120210
2025-05-20 02:53:17,16095,2195324928,32989184,0.0,0.09885293042970342,0,13,0.7,0.25,0.0,0.0,0.0,11939840,0,7,4,1,0,sleeping,5332,5307,0,348160,3391942,120286
2025-05-20 02:53:18,16095,2195324928,32989184,0.0,0.09885293042970342,0,13,0.7,0.25,0.0,0.0,0.0,11939840,0,6,4,1,0,sleeping,5335,5311,0,348160,3393865,120384
2025-05-20 02:53:19,16095,2195324928,32989184,0.0,0.09885293042970342,0,13,0.7,0.25,0.0,0.0,0.0,11939840,0,6,4,1,0,sleeping,5337,5313,0,348160,3395780,120444
2025-05-20 02:53:20,16095,2195324928,32989184,0.0,0.09885293042970342,0,13,0.7,0.25,0.0,0.0,0.0,11939840,0,6,4,1,0,sleeping,5339,5315,0,348160,3397695,120504
2025-05-20 02:53:21,16095,2195324928,32989184,0.0,0.09885293042970342,0,13,0.7,0.25,0.0,0.0,0.0,11939840,0,6,4,1,0,sleeping,5341,5317,0,348160,3399610,120564
2025-05-20 02:53:22,16095,2195324928,32989184,0.9,0.09885293042970342,0,13,0.71,0.25,0.0,0.0,0.0,11939840,0,6,4,1,0,sleeping,5343,5319,0,352256,3401525,120624
2025-05-20 02:53:23,16095,2195324928,32989184,0.0,0.09885293042970342,0,13,0.71,0.25,0.0,0.0,0.0,11939840,0,6,4,1,0,sleeping,5345,5321,0,352256,3403440,120684
2025-05-20 02:53:24,16095,2195324928,32989184,0.0,0.09885293042970342,0,13,0.71,0.25,0.0,0.0,0.0,11939840,0,6,4,1,0,sleeping,5347,5323,0,352256,3405355,120744
2025-05-20 02:53:25,16095,2195324928,32989184,0.0,0.09885293042970342,0,13,0.71,0.25,0.0,0.0,0.0,11939840,0,6,4,1,0,sleeping,5351,5327,0,352256,3407286,120820
2025-05-20 02:53:26,16095,2195324928,32989184,0.0,0.09885293042970342,0,13,0.71,0.25,0.0,0.0,0.0,11939840,0,7,4,1,0,sleeping,5354,5331,0,352256,3409208,120918
2025-05-20 02:53:28,16095,2195324928,32989184,0.0,0.09885293042970342,0,13,0.71,0.25,0.0,0.0,0.0,11939840,0,7,4,1,0,sleeping,5356,5333,0,352256,3411122,120978
2025-05-20 02:53:29,16095,2195324928,32989184,0.0,0.09885293042970342,0,13,0.71,0.25,0.0,0.0,0.0,11939840,0,6,4,1,0,sleeping,5359,5336,0,356352,3413045,121046
2025-05-20 02:53:30,16095,2195324928,32989184,0.0,0.09885293042970342,0,13,0.71,0.25,0.0,0.0,0.0,11939840,0,6,4,1,0,sleeping,5363,5340,0,356352,3414976,121122
2025-05-20 02:53:31,16095,2195324928,32989184,0.0,0.09885293042970342,0,13,0.71,0.25,0.0,0.0,0.0,11939840,0,6,4,1,0,sleeping,5368,5345,0,356352,3416915,121206
2025-05-20 02:53:32,16095,2195324928,32989184,0.0,0.09885293042970342,0,13,0.71,0.25,0.0,0.0,0.0,11939840,0,6,4,1,0,sleeping,5371,5348,0,356352,3418838,121274
2025-05-20 02:53:33,16095,2195324928,32989184,0.0,0.09885293042970342,0,13,0.71,0.25,0.0,0.0,0.0,11939840,0,6,4,1,0,sleeping,5377,5352,0,356352,3422684,121350
2025-05-20 02:53:34,16095,2195324928,32989184,0.0,0.09885293042970342,0,13,0.71,0.25,0.0,0.0,0.0,11939840,0,6,4,1,0,sleeping,5380,5355,0,356352,3424607,121418
2025-05-20 02:53:35,16095,2195324928,32989184,0.0,0.09885293042970342,0,13,0.71,0.25,0.0,0.0,0.0,11939840,0,6,4,1,0,sleeping,5383,5359,0,356352,3426530,121516
2025-05-20 02:53:36,16095,2195324928,32989184,0.0,0.09885293042970342,0,13,0.71,0.25,0.0,0.0,0.0,11939840,0,6,4,1,0,sleeping,5385,5361,0,356352,3428445,121576
2025-05-20 02:53:37,16095,2195324928,32989184,0.0,0.09885293042970342,0,13,0.71,0.25,0.0,0.0,0.0,11939840,0,6,4,1,0,sleeping,5388,5364,0,356352,3430367,121644
2025-05-20 02:53:38,16095,2195324928,32989184,0.0,0.09885293042970342,0,13,0.71,0.25,0.0,0.0,0.0,11939840,0,6,4,1,0,sleeping,5392,5368,0,356352,3432297,121720
2025-05-20 02:53:39,16095,2195324928,32989184,0.0,0.09885293042970342,0,13,0.71,0.25,0.0,0.0,0.0,11939840,0,6,4,1,0,sleeping,5394,5370,0,356352,3434212,121780
2025-05-20 02:53:40,16095,2195324928,32989184,0.0,0.09885293042970342,0,13,0.71,0.25,0.0,0.0,0.0,11939840,0,6,4,1,0,sleeping,5396,5372,0,356352,3436127,121840
2025-05-20 02:53:41,16095,2195324928,32989184,0.0,0.09885293042970342,0,13,0.71,0.25,0.0,0.0,0.0,11939840,0,6,4,1,0,sleeping,5398,5375,0,356352,3438042,121930
2025-05-20 02:53:43,16095,2195324928,32989184,0.0,0.09885293042970342,0,13,0.71,0.25,0.0,0.0,0.0,11939840,0,6,4,1,0,sleeping,5400,5377,0,356352,3439957,121990
2025-05-20 02:53:44,16095,2195324928,32989184,0.0,0.09885293042970342,0,13,0.71,0.25,0.0,0.0,0.0,11939840,0,6,4,1,0,sleeping,5403,5380,0,356352,3441880,122058
2025-05-20 02:53:45,16095,2195324928,32989184,0.0,0.09885293042970342,0,13,0.71,0.25,0.0,0.0,0.0,11939840,0,6,4,1,0,sleeping,5405,5382,0,356352,3443795,122118
2025-05-20 02:53:46,16095,2195324928,32989184,0.0,0.09885293042970342,0,13,0.71,0.25,0.0,0.0,0.0,11939840,0,6,4,1,0,sleeping,5407,5384,0,356352,3445710,122178
2025-05-20 02:53:47,16095,2195324928,32989184,0.9,0.09885293042970342,0,13,0.72,0.25,0.0,0.0,0.0,11939840,0,6,4,1,0,sleeping,5409,5386,0,356352,3447625,122238
2025-05-20 02:53:48,16095,2195324928,32989184,0.0,0.09885293042970342,0,13,0.72,0.25,0.0,0.0,0.0,11939840,0,6,4,1,0,sleeping,5411,5388,0,356352,3449540,122298
2025-05-20 02:53:49,16095,2195324928,32989184,0.0,0.09885293042970342,0,13,0.72,0.25,0.0,0.0,0.0,11939840,0,5,4,1,0,sleeping,5416,5391,0,356352,3453378,122366
2025-05-20 02:53:50,16095,2195324928,32989184,0.0,0.09885293042970342,0,13,0.72,0.25,0.0,0.0,0.0,11939840,0,5,4,1,0,sleeping,5418,5393,0,356352,3455293,122426
2025-05-20 02:53:51,16095,2195324928,32989184,0.0,0.09885293042970342,0,13,0.72,0.25,0.0,0.0,0.0,11939840,0,6,4,1,0,sleeping,5420,5396,0,356352,3457208,122516
2025-05-20 02:53:52,16095,2195324928,32989184,0.0,0.09885293042970342,0,13,0.72,0.25,0.0,0.0,0.0,11939840,0,6,4,1,0,sleeping,5422,5398,0,360448,3459123,122576
2025-05-20 02:53:53,16095,2195324928,32989184,0.0,0.09885293042970342,0,13,0.72,0.25,0.0,0.0,0.0,11939840,0,6,4,1,0,sleeping,5424,5400,0,360448,3461038,122636
2025-05-20 02:53:54,16095,2195324928,32989184,0.0,0.09885293042970342,0,13,0.72,0.25,0.0,0.0,0.0,11939840,0,6,4,1,0,sleeping,5427,5403,0,360448,3462960,122704
2025-05-20 02:53:55,16095,2195324928,32989184,0.0,0.09885293042970342,0,13,0.72,0.25,0.0,0.0,0.0,11939840,0,6,4,1,0,sleeping,5430,5406,0,360448,3464882,122772
2025-05-20 02:53:56,16095,2195324928,32989184,0.0,0.09885293042970342,0,13,0.72,0.25,0.0,0.0,0.0,11939840,0,6,4,1,0,sleeping,5434,5410,0,360448,3466813,122848
2025-05-20 02:53:57,16095,2195324928,32989184,0.0,0.09885293042970342,0,13,0.72,0.25,0.0,0.0,0.0,11939840,0,6,4,1,0,sleeping,5436,5412,0,360448,3468728,122908
2025-05-20 02:53:58,16095,2195324928,32989184,0.0,0.09885293042970342,0,13,0.72,0.25,0.0,0.0,0.0,11939840,0,6,4,1,0,sleeping,5439,5416,0,360448,3470650,123006
2025-05-20 02:54:00,16095,2195324928,32989184,0.0,0.09885293042970342,0,13,0.72,0.25,0.0,0.0,0.0,11939840,0,6,4,1,0,sleeping,5442,5419,0,360448,3472572,123074
2025-05-20 02:54:01,16095,2195324928,32989184,0.0,0.09885293042970342,0,13,0.72,0.25,0.0,0.0,0.0,11939840,0,6,4,1,0,sleeping,5445,5422,0,360448,3474495,123142
2025-05-20 02:54:02,16095,2195324928,32989184,0.0,0.09885293042970342,0,13,0.72,0.25,0.0,0.0,0.0,11939840,0,6,4,1,0,sleeping,5449,5426,0,360448,3476426,123218
2025-05-20 02:54:03,16095,2195324928,32989184,0.0,0.09885293042970342,0,13,0.72,0.25,0.0,0.0,0.0,11939840,0,6,4,1,0,sleeping,5451,5428,0,360448,3478341,123278
2025-05-20 02:54:04,16095,2195324928,32989184,0.0,0.09885293042970342,0,13,0.72,0.25,0.0,0.0,0.0,11939840,0,7,4,1,0,sleeping,5453,5430,0,360448,3480256,123338
2025-05-20 02:54:05,16095,2195324928,32989184,0.0,0.09885293042970342,0,13,0.72,0.25,0.0,0.0,0.0,11939840,0,7,4,1,0,sleeping,5456,5433,0,360448,3482179,123406
2025-05-20 02:54:06,16095,2195324928,32989184,0.0,0.09885293042970342,0,13,0.72,0.25,0.0,0.0,0.0,11939840,0,7,4,1,0,sleeping,5461,5436,0,360448,3486015,123474
2025-05-20 02:54:07,16095,2195324928,32989184,0.0,0.09885293042970342,0,13,0.72,0.25,0.0,0.0,0.0,11939840,0,7,4,1,0,sleeping,5464,5440,0,360448,3487936,123572
2025-05-20 02:54:08,16095,2195324928,32989184,0.0,0.09885293042970342,0,13,0.72,0.25,0.0,0.0,0.0,11939840,0,7,4,1,0,sleeping,5466,5442,0,360448,3489851,123632
2025-05-20 02:54:09,16095,2195324928,32989184,0.0,0.09885293042970342,0,13,0.72,0.25,0.0,0.0,0.0,11939840,0,7,4,1,0,sleeping,5468,5444,0,360448,3491766,123692
2025-05-20 02:54:10,16095,2195324928,32989184,0.0,0.09885293042970342,0,13,0.72,0.25,0.0,0.0,0.0,11939840,0,7,4,1,0,sleeping,5472,5448,0,360448,3493697,123768
2025-05-20 02:54:11,16095,2195324928,32989184,0.0,0.09885293042970342,0,13,0.72,0.25,0.0,0.0,0.0,11939840,0,7,4,1,0,sleeping,5476,5452,0,360448,3495628,123844
2025-05-20 02:54:12,16095,2195324928,32989184,0.9,0.09885293042970342,0,13,0.73,0.25,0.0,0.0,0.0,11939840,0,6,4,1,0,sleeping,5478,5454,0,360448,3497543,123904
2025-05-20 02:54:13,16095,2195324928,32989184,0.0,0.09885293042970342,0,13,0.73,0.25,0.0,0.0,0.0,11939840,0,7,4,1,0,sleeping,5481,5457,0,360448,3499466,123972
2025-05-20 02:54:14,16095,2195324928,32989184,0.0,0.09885293042970342,0,13,0.73,0.25,0.0,0.0,0.0,11939840,0,7,4,1,0,sleeping,5484,5460,0,360448,3501389,124040
2025-05-20 02:54:15,16095,2195324928,32989184,0.0,0.09885293042970342,0,13,0.73,0.25,0.0,0.0,0.0,11939840,0,7,4,1,0,sleeping,5489,5466,0,360448,3503328,124154
2025-05-20 02:54:17,16095,2195324928,32989184,0.0,0.09885293042970342,0,13,0.73,0.25,0.0,0.0,0.0,11939840,0,6,4,1,0,sleeping,5492,5469,0,360448,3505251,124222
2025-05-20 02:54:18,16095,2195324928,32989184,0.0,0.09885293042970342,0,13,0.73,0.25,0.0,0.0,0.0,11939840,0,6,4,1,0,sleeping,5495,5472,0,360448,3507174,124290
2025-05-20 02:54:19,16095,2195324928,32989184,0.0,0.09885293042970342,0,13,0.73,0.25,0.0,0.0,0.0,11939840,0,6,4,1,0,sleeping,5498,5475,0,360448,3509097,124358
2025-05-20 02:54:20,16095,2195324928,32989184,0.0,0.09885293042970342,0,13,0.73,0.25,0.0,0.0,0.0,11939840,0,6,4,1,0,sleeping,5503,5480,0,360448,3511036,124442
2025-05-20 02:54:21,16095,2195324928,32989184,0.0,0.09885293042970342,0,13,0.73,0.25,0.0,0.0,0.0,11939840,0,6,4,1,0,sleeping,5506,5483,0,360448,3512959,124510
2025-05-20 02:54:22,16095,2195324928,32989184,0.0,0.09885293042970342,0,13,0.73,0.25,0.0,0.0,0.0,11939840,0,6,4,1,0,sleeping,5511,5488,0,360448,3514898,124594
2025-05-20 02:54:23,16095,2195324928,32989184,0.0,0.09885293042970342,0,13,0.73,0.25,0.0,0.0,0.0,11939840,0,7,4,1,0,sleeping,5515,5490,0,364544,3518728,124654
2025-05-20 02:54:24,16095,2195324928,32989184,0.0,0.09885293042970342,0,13,0.73,0.25,0.0,0.0,0.0,11939840,0,7,4,1,0,sleeping,5518,5494,0,364544,3520649,124752
2025-05-20 02:54:25,16095,2195324928,32989184,0.0,0.09885293042970342,0,13,0.73,0.25,0.0,0.0,0.0,11939840,0,7,4,1,0,sleeping,5520,5496,0,364544,3522562,124812
2025-05-20 02:54:26,16095,2195324928,32989184,0.0,0.09885293042970342,0,13,0.73,0.25,0.0,0.0,0.0,11939840,0,7,4,1,0,sleeping,5522,5498,0,364544,3524477,124872
2025-05-20 02:54:27,16095,2195324928,32989184,0.0,0.09885293042970342,0,13,0.73,0.25,0.0,0.0,0.0,11939840,0,6,4,1,0,sleeping,5525,5501,0,364544,3526400,124940
2025-05-20 02:54:28,16095,2195324928,32989184,0.9,0.09885293042970342,0,13,0.73,0.26,0.0,0.0,0.0,11939840,0,6,4,1,0,sleeping,5528,5504,0,364544,3528323,125008
2025-05-20 02:54:29,16095,2195324928,32989184,0.0,0.09885293042970342,0,13,0.73,0.26,0.0,0.0,0.0,11939840,0,6,4,1,0,sleeping,5532,5508,0,364544,3530252,125084
2025-05-20 02:54:30,16095,2195324928,32989184,0.0,0.09885293042970342,0,13,0.73,0.26,0.0,0.0,0.0,11939840,0,6,4,1,0,sleeping,5535,5511,0,364544,3532173,125152
2025-05-20 02:54:31,16095,2195324928,32989184,0.0,0.09885293042970342,0,13,0.73,0.26,0.0,0.0,0.0,11939840,0,6,4,1,0,sleeping,5539,5516,0,364544,3534103,125258
2025-05-20 02:54:32,16095,2195324928,32989184,0.0,0.09885293042970342,0,13,0.73,0.26,0.0,0.0,0.0,11939840,0,6,4,1,0,sleeping,5542,5519,0,364544,3536025,125326
2025-05-20 02:54:34,16095,2195324928,32989184,0.0,0.09885293042970342,0,13,0.73,0.26,0.0,0.0,0.0,11939840,0,6,4,1,0,sleeping,5545,5522,0,364544,3537948,125394
2025-05-20 02:54:35,16095,2195324928,32989184,0.0,0.09885293042970342,0,13,0.73,0.26,0.0,0.0,0.0,11939840,0,6,4,1,0,sleeping,5547,5524,0,364544,3539861,125454
2025-05-20 02:54:36,16095,2195324928,32989184,0.0,0.09885293042970342,0,13,0.73,0.26,0.0,0.0,0.0,11939840,0,6,4,1,0,sleeping,5550,5527,0,364544,3541782,125522
2025-05-20 02:54:37,16095,2195324928,32989184,0.0,0.09885293042970342,0,13,0.73,0.26,0.0,0.0,0.0,11939840,0,6,4,1,0,sleeping,5553,5530,0,364544,3543705,125590
2025-05-20 02:54:38,16095,2195324928,32989184,0.0,0.09885293042970342,0,13,0.73,0.26,0.0,0.0,0.0,11939840,0,6,4,1,0,sleeping,5556,5533,0,368640,3545628,125658
2025-05-20 02:54:39,16095,2195324928,32989184,0.0,0.09885293042970342,0,13,0.73,0.26,0.0,0.0,0.0,11939840,0,6,4,1,0,sleeping,5559,5536,0,368640,3547551,125726
2025-05-20 02:54:40,16095,2195324928,32989184,0.9,0.09885293042970342,0,13,0.74,0.26,0.0,0.0,0.0,11939840,0,6,4,1,0,sleeping,5566,5542,0,368640,3551405,125840
2025-05-20 02:54:41,16095,2195324928,32989184,0.0,0.09885293042970342,0,13,0.74,0.26,0.0,0.0,0.0,11939840,0,6,4,1,0,sleeping,5570,5546,0,368640,3553336,125916
2025-05-20 02:54:42,16095,2195324928,32989184,0.0,0.09885293042970342,0,13,0.74,0.26,0.0,0.0,0.0,11939840,0,6,4,1,0,sleeping,5573,5549,0,368640,3555259,125984
2025-05-20 02:54:43,16095,2195324928,32989184,0.0,0.09885293042970342,0,13,0.74,0.26,0.0,0.0,0.0,11939840,0,6,4,1,0,sleeping,5575,5551,0,368640,3557174,126044
2025-05-20 02:54:44,16095,2195324928,32989184,0.0,0.09885293042970342,0,13,0.74,0.26,0.0,0.0,0.0,11939840,0,6,4,1,0,sleeping,5579,5555,0,368640,3559105,126120
2025-05-20 02:54:45,16095,2195324928,32989184,0.0,0.09885293042970342,0,13,0.74,0.26,0.0,0.0,0.0,11939840,0,6,4,1,0,sleeping,5582,5558,0,368640,3561027,126188
2025-05-20 02:54:46,16095,2195324928,32989184,0.0,0.09885293042970342,0,13,0.74,0.26,0.0,0.0,0.0,11939840,0,6,4,1,0,sleeping,5587,5563,0,368640,3562965,126272
2025-05-20 02:54:47,16095,2195324928,33120256,0.0,0.09924569101745488,0,13,0.74,0.26,0.0,0.0,0.0,11964416,0,7,4,1,0,sleeping,5589,5565,0,368640,3564880,126332
2025-05-20 02:54:48,16095,2195324928,33120256,0.0,0.09924569101745488,0,13,0.74,0.26,0.0,0.0,0.0,11964416,0,7,4,1,0,sleeping,5594,5571,0,368640,3566819,126446
2025-05-20 02:54:50,16095,2195324928,33120256,0.0,0.09924569101745488,0,13,0.74,0.26,0.0,0.0,0.0,11964416,0,7,4,1,0,sleeping,5598,5575,0,368640,3568750,126522
2025-05-20 02:54:51,16095,2195324928,33120256,0.0,0.09924569101745488,0,13,0.74,0.26,0.0,0.0,0.0,11964416,0,7,4,1,0,sleeping,5601,5578,0,368640,3570673,126590
2025-05-20 02:54:52,16095,2195324928,33120256,0.0,0.09924569101745488,0,13,0.74,0.26,0.0,0.0,0.0,11964416,0,7,4,1,0,sleeping,5606,5583,0,368640,3572611,126674
2025-05-20 02:54:53,16095,2195324928,33120256,0.0,0.09924569101745488,0,13,0.74,0.26,0.0,0.0,0.0,11968512,0,7,4,1,0,sleeping,5609,5586,0,368640,3574533,126742
2025-05-20 02:54:54,16095,2195324928,33120256,0.0,0.09924569101745488,0,13,0.74,0.26,0.0,0.0,0.0,11968512,0,7,4,1,0,sleeping,5611,5588,0,372736,3576448,126802
2025-05-20 02:54:55,16095,2195324928,33120256,0.0,0.09924569101745488,0,13,0.74,0.26,0.0,0.0,0.0,11968512,0,7,4,1,0,sleeping,5614,5591,0,372736,3578371,126870
2025-05-20 02:54:56,16095,2195324928,33120256,0.0,0.09924569101745488,0,13,0.74,0.26,0.0,0.0,0.0,11968512,0,7,4,1,0,sleeping,5617,5594,0,372736,3580294,126938
2025-05-20 02:54:57,16095,2195324928,33120256,0.0,0.09924569101745488,0,13,0.74,0.26,0.0,0.0,0.0,11968512,0,6,4,1,0,sleeping,5622,5598,0,372736,3584132,127036
2025-05-20 02:54:58,16095,2195324928,33120256,0.0,0.09924569101745488,0,13,0.74,0.26,0.0,0.0,0.0,11968512,0,6,4,1,0,sleeping,5624,5600,0,372736,3586047,127096
2025-05-20 02:54:59,16095,2195324928,33120256,0.0,0.09924569101745488,0,13,0.74,0.26,0.0,0.0,0.0,11968512,0,6,4,1,0,sleeping,5626,5602,0,372736,3587961,127156
2025-05-20 02:55:00,16095,2195324928,33120256,0.0,0.09924569101745488,0,13,0.74,0.26,0.0,0.0,0.0,11968512,0,6,4,1,0,sleeping,5628,5604,0,372736,3589875,127216
2025-05-20 02:55:01,16095,2195324928,33120256,0.0,0.09924569101745488,0,13,0.74,0.26,0.0,0.0,0.0,11968512,0,6,4,1,0,sleeping,5631,5607,0,372736,3591798,127284
2025-05-20 02:55:02,16095,2195324928,33120256,0.0,0.09924569101745488,0,13,0.74,0.26,0.0,0.0,0.0,11968512,0,7,4,1,0,sleeping,5633,5609,0,372736,3593713,127344
2025-05-20 02:55:03,16095,2195324928,33120256,0.9,0.09924569101745488,0,13,0.75,0.26,0.0,0.0,0.0,11968512,0,7,4,1,0,sleeping,5636,5612,0,372736,3595634,127412
2025-05-20 02:55:04,16095,2195324928,33120256,0.0,0.09924569101745488,0,13,0.75,0.26,0.0,0.0,0.0,11968512,0,7,4,1,0,sleeping,5640,5616,0,372736,3597563,127488
2025-05-20 02:55:05,16095,2195324928,33120256,0.0,0.09924569101745488,0,13,0.75,0.26,0.0,0.0,0.0,11968512,0,7,4,1,0,sleeping,5643,5620,0,372736,3599486,127586
2025-05-20 02:55:07,16095,2195324928,33120256,0.0,0.09924569101745488,0,13,0.75,0.26,0.0,0.0,0.0,11968512,0,6,4,1,0,sleeping,5645,5622,0,372736,3601401,127646
2025-05-20 02:55:08,16095,2195324928,33120256,0.0,0.09924569101745488,0,13,0.75,0.26,0.0,0.0,0.0,11968512,0,7,4,1,0,sleeping,5648,5625,0,372736,3603324,127714
2025-05-20 02:55:09,16095,2195324928,33120256,0.0,0.09924569101745488,0,13,0.75,0.26,0.0,0.0,0.0,11968512,0,6,4,1,0,sleeping,5652,5629,0,372736,3605255,127790
2025-05-20 02:55:10,16095,2195324928,33120256,0.0,0.09924569101745488,0,13,0.75,0.26,0.0,0.0,0.0,11968512,0,6,4,1,0,sleeping,5656,5633,0,372736,3607186,127866
2025-05-20 02:55:11,16095,2195324928,33120256,0.0,0.09924569101745488,0,13,0.75,0.26,0.0,0.0,0.0,11968512,0,6,4,1,0,sleeping,5659,5636,0,372736,3609109,127934
2025-05-20 02:55:12,16095,2195324928,33120256,0.0,0.09924569101745488,0,13,0.75,0.26,0.0,0.0,0.0,11968512,0,7,4,1,0,sleeping,5663,5640,0,372736,3611040,128010
2025-05-20 02:55:13,16095,2195324928,33120256,0.0,0.09924569101745488,0,13,0.75,0.26,0.0,0.0,0.0,11968512,0,7,4,1,0,sleeping,5666,5643,0,372736,3612963,128078
2025-05-20 02:55:14,16095,2195324928,33120256,0.0,0.09924569101745488,0,13,0.75,0.26,0.0,0.0,0.0,11968512,0,7,4,1,0,sleeping,5672,5648,0,372736,3616809,128184
2025-05-20 02:55:15,16095,2195324928,33120256,0.0,0.09924569101745488,0,13,0.75,0.26,0.0,0.0,0.0,11968512,0,7,4,1,0,sleeping,5675,5651,0,372736,3618732,128252
2025-05-20 02:55:16,16095,2195324928,33120256,0.0,0.09924569101745488,0,13,0.75,0.26,0.0,0.0,0.0,11968512,0,7,4,1,0,sleeping,5679,5655,0,372736,3620663,128328
2025-05-20 02:55:17,16095,2195324928,33120256,0.0,0.09924569101745488,0,13,0.75,0.26,0.0,0.0,0.0,11968512,0,7,4,1,0,sleeping,5683,5659,0,372736,3622593,128404
2025-05-20 02:55:18,16095,2195324928,33120256,0.0,0.09924569101745488,0,13,0.75,0.26,0.0,0.0,0.0,11968512,0,8,4,1,0,sleeping,5688,5664,0,372736,3624531,128488
2025-05-20 02:55:19,16095,2195324928,33120256,0.0,0.09924569101745488,0,13,0.75,0.26,0.0,0.0,0.0,11968512,0,8,4,1,0,sleeping,5691,5667,0,372736,3626454,128556
2025-05-20 02:55:20,16095,2195324928,33120256,0.0,0.09924569101745488,0,13,0.75,0.26,0.0,0.0,0.0,11968512,0,8,4,1,0,sleeping,5693,5669,0,372736,3628369,128616
2025-05-20 02:55:21,16095,2195324928,33120256,0.0,0.09924569101745488,0,13,0.75,0.26,0.0,0.0,0.0,11968512,0,6,4,1,0,sleeping,5696,5673,0,372736,3630292,128714
2025-05-20 02:55:23,16095,2195324928,33120256,0.0,0.09924569101745488,0,13,0.75,0.26,0.0,0.0,0.0,11968512,0,6,4,1,0,sleeping,5700,5677,0,372736,3632223,128790
2025-05-20 02:55:24,16095,2195324928,33120256,0.0,0.09924569101745488,0,13,0.75,0.26,0.0,0.0,0.0,11968512,0,6,4,1,0,sleeping,5702,5679,0,372736,3634137,128850
2025-05-20 02:55:25,16095,2195324928,33120256,0.0,0.09924569101745488,0,13,0.75,0.26,0.0,0.0,0.0,11968512,0,6,4,1,0,sleeping,5704,5681,0,376832,3636051,128910
2025-05-20 02:55:26,16095,2195324928,33120256,0.0,0.09924569101745488,0,13,0.75,0.26,0.0,0.0,0.0,11968512,0,6,4,1,0,sleeping,5707,5684,0,376832,3637974,128978
2025-05-20 02:55:27,16095,2195324928,33120256,0.0,0.09924569101745488,0,13,0.75,0.26,0.0,0.0,0.0,11968512,0,6,4,1,0,sleeping,5710,5687,0,376832,3639897,129046
2025-05-20 02:55:28,16095,2195324928,33120256,0.0,0.09924569101745488,0,13,0.75,0.26,0.0,0.0,0.0,11968512,0,6,4,1,0,sleeping,5712,5689,0,376832,3641812,129106
2025-05-20 02:55:29,16095,2195324928,33120256,0.9,0.09924569101745488,0,13,0.76,0.26,0.0,0.0,0.0,11968512,0,6,4,1,0,sleeping,5716,5692,0,376832,3645640,129196
2025-05-20 02:55:30,16095,2195324928,33120256,0.0,0.09924569101745488,0,13,0.76,0.26,0.0,0.0,0.0,11968512,0,6,4,1,0,sleeping,5718,5694,0,376832,3647553,129256
2025-05-20 02:55:31,16095,2195324928,33120256,0.0,0.09924569101745488,0,13,0.76,0.26,0.0,0.0,0.0,11968512,0,6,4,1,0,sleeping,5720,5696,0,376832,3649468,129316
2025-05-20 02:55:32,16095,2195324928,33120256,0.0,0.09924569101745488,0,13,0.76,0.26,0.0,0.0,0.0,11968512,0,6,4,1,0,sleeping,5722,5698,0,376832,3651383,129376
2025-05-20 02:55:33,16095,2195324928,33120256,0.0,0.09924569101745488,0,13,0.76,0.26,0.0,0.0,0.0,11968512,0,6,4,1,0,sleeping,5725,5701,0,376832,3653306,129444
2025-05-20 02:55:34,16095,2195324928,33120256,0.0,0.09924569101745488,0,13,0.76,0.26,0.0,0.0,0.0,11968512,0,6,4,1,0,sleeping,5727,5703,0,376832,3655221,129504
2025-05-20 02:55:35,16095,2195324928,33120256,0.0,0.09924569101745488,0,13,0.76,0.26,0.0,0.0,0.0,11968512,0,6,4,1,0,sleeping,5730,5706,0,376832,3657144,129572
2025-05-20 02:55:36,16095,2195324928,33120256,0.0,0.09924569101745488,0,13,0.76,0.26,0.0,0.0,0.0,11968512,0,6,4,1,0,sleeping,5733,5710,0,376832,3659067,129670
2025-05-20 02:55:38,16095,2195324928,33120256,0.0,0.09924569101745488,0,13,0.76,0.26,0.0,0.0,0.0,11968512,0,6,4,1,0,sleeping,5738,5715,0,376832,3661006,129754
2025-05-20 02:55:39,16095,2195324928,33120256,0.0,0.09924569101745488,0,13,0.76,0.26,0.0,0.0,0.0,11968512,0,6,4,1,0,sleeping,5742,5719,0,376832,3662937,129830
2025-05-20 02:55:40,16095,2195324928,33120256,0.0,0.09924569101745488,0,13,0.76,0.26,0.0,0.0,0.0,11968512,0,6,4,1,0,sleeping,5744,5721,0,376832,3664852,129890
2025-05-20 02:55:41,16095,2195324928,33120256,0.0,0.09924569101745488,0,13,0.76,0.26,0.0,0.0,0.0,11968512,0,6,4,1,0,sleeping,5748,5725,0,376832,3666783,129966
2025-05-20 02:55:42,16095,2195324928,33120256,0.0,0.09924569101745488,0,13,0.76,0.26,0.0,0.0,0.0,11968512,0,6,4,1,0,sleeping,5753,5730,0,376832,3668722,130050
2025-05-20 02:55:43,16095,2195324928,33120256,0.9,0.09924569101745488,0,13,0.76,0.27,0.0,0.0,0.0,11968512,0,6,4,1,0,sleeping,5756,5733,0,376832,3670645,130118
2025-05-20 02:55:44,16095,2195324928,33120256,0.0,0.09924569101745488,0,13,0.76,0.27,0.0,0.0,0.0,11968512,0,6,4,1,0,sleeping,5758,5735,0,376832,3672560,130178
2025-05-20 02:55:45,16095,2195324928,33120256,0.0,0.09924569101745488,0,13,0.76,0.27,0.0,0.0,0.0,11968512,0,6,4,1,0,sleeping,5760,5738,0,380928,3674475,130268
2025-05-20 02:55:46,16095,2195324928,33120256,0.0,0.09924569101745488,0,13,0.76,0.27,0.0,0.0,0.0,11968512,0,6,4,1,0,sleeping,5764,5740,0,380928,3678305,130328
2025-05-20 02:55:47,16095,2195324928,33120256,0.0,0.09924569101745488,0,13,0.76,0.27,0.0,0.0,0.0,11968512,0,6,4,1,0,sleeping,5767,5743,0,380928,3680228,130396
2025-05-20 02:55:48,16095,2195324928,33120256,0.0,0.09924569101745488,0,13,0.76,0.27,0.0,0.0,0.0,11968512,0,6,4,1,0,sleeping,5771,5747,0,380928,3682159,130472
2025-05-20 02:55:49,16095,2195324928,33120256,0.0,0.09924569101745488,0,13,0.76,0.27,0.0,0.0,0.0,11968512,0,6,4,1,0,sleeping,5774,5750,0,380928,3684082,130540
2025-05-20 02:55:50,16095,2195324928,33120256,0.0,0.09924569101745488,0,13,0.76,0.27,0.0,0.0,0.0,11972608,0,6,4,1,0,sleeping,5777,5753,0,380928,3686005,130608
2025-05-20 02:55:51,16095,2195324928,33120256,0.0,0.09924569101745488,0,13,0.76,0.27,0.0,0.0,0.0,11972608,0,6,4,1,0,sleeping,5781,5757,0,380928,3687936,130684
2025-05-20 02:55:52,16095,2195324928,33120256,0.0,0.09924569101745488,0,13,0.76,0.27,0.0,0.0,0.0,11972608,0,6,4,1,0,sleeping,5784,5760,0,380928,3689859,130752
2025-05-20 02:55:53,16095,2195324928,33120256,0.0,0.09924569101745488,0,13,0.76,0.27,0.0,0.0,0.0,11972608,0,6,4,1,0,sleeping,5786,5763,0,380928,3691774,130842
2025-05-20 02:55:55,16095,2195324928,33120256,0.0,0.09924569101745488,0,13,0.76,0.27,0.0,0.0,0.0,11972608,0,6,4,1,0,sleeping,5788,5765,0,380928,3693689,130902
2025-05-20 02:55:56,16095,2195324928,33120256,0.0,0.09924569101745488,0,13,0.76,0.27,0.0,0.0,0.0,11972608,0,6,4,1,0,sleeping,5793,5770,0,385024,3695628,130986
2025-05-20 02:55:57,16095,2195324928,33120256,0.0,0.09924569101745488,0,13,0.76,0.27,0.0,0.0,0.0,11972608,0,6,4,1,0,sleeping,5796,5773,0,385024,3697551,131054
2025-05-20 02:55:58,16095,2195324928,33120256,0.9,0.09924569101745488,0,13,0.77,0.27,0.0,0.0,0.0,11972608,0,6,4,1,0,sleeping,5799,5776,0,385024,3699474,131122
2025-05-20 02:55:59,16095,2195324928,33120256,0.0,0.09924569101745488,0,13,0.77,0.27,0.0,0.0,0.0,11972608,0,6,4,1,0,sleeping,5803,5780,0,385024,3701405,131198
2025-05-20 02:56:00,16095,2195324928,33120256,0.0,0.09924569101745488,0,13,0.77,0.27,0.0,0.0,0.0,11972608,0,6,4,1,0,sleeping,5806,5783,0,385024,3703327,131266
2025-05-20 02:56:01,16095,2195324928,33120256,0.0,0.09924569101745488,0,13,0.77,0.27,0.0,0.0,0.0,11972608,0,6,4,1,0,sleeping,5810,5787,0,385024,3705258,131342
2025-05-20 02:56:02,16095,2195324928,33120256,0.0,0.09924569101745488,0,13,0.77,0.27,0.0,0.0,0.0,11972608,0,6,4,1,0,sleeping,5813,5791,0,385024,3707182,131440
2025-05-20 02:56:03,16095,2195324928,33120256,0.0,0.09924569101745488,0,13,0.77,0.27,0.0,0.0,0.0,11972608,0,6,4,1,0,sleeping,5815,5793,0,385024,3709098,131500
2025-05-20 02:56:04,16095,2195324928,33120256,0.0,0.09924569101745488,0,13,0.77,0.27,0.0,0.0,0.0,11972608,0,6,4,1,0,sleeping,5820,5796,0,385024,3712938,131568
2025-05-20 02:56:05,16095,2195324928,33120256,0.0,0.09924569101745488,0,13,0.77,0.27,0.0,0.0,0.0,11972608,0,6,4,1,0,sleeping,5823,5799,0,385024,3714862,131636
2025-05-20 02:56:06,16095,2195324928,33120256,0.0,0.09924569101745488,0,13,0.77,0.27,0.0,0.0,0.0,11972608,0,6,4,1,0,sleeping,5826,5802,0,385024,3716786,131704
2025-05-20 02:56:07,16095,2195324928,33120256,0.0,0.09924569101745488,0,13,0.77,0.27,0.0,0.0,0.0,11972608,0,6,4,1,0,sleeping,5829,5805,0,385024,3718710,131772
2025-05-20 02:56:08,16095,2195324928,33120256,0.0,0.09924569101745488,0,13,0.77,0.27,0.0,0.0,0.0,11972608,0,6,4,1,0,sleeping,5832,5808,0,385024,3720634,131840
2025-05-20 02:56:09,16095,2195324928,33120256,0.0,0.09924569101745488,0,13,0.77,0.27,0.0,0.0,0.0,11972608,0,6,4,1,0,sleeping,5834,5811,0,385024,3722550,131930
2025-05-20 02:56:11,16095,2195324928,33120256,0.0,0.09924569101745488,0,13,0.77,0.27,0.0,0.0,0.0,11972608,0,6,4,1,0,sleeping,5837,5814,0,385024,3724474,131998
2025-05-20 02:56:12,16095,2195324928,33120256,0.0,0.09924569101745488,0,13,0.77,0.27,0.0,0.0,0.0,11972608,0,6,4,1,0,sleeping,5840,5817,0,385024,3726398,132066
2025-05-20 02:56:13,16095,2195324928,33120256,0.0,0.09924569101745488,0,13,0.77,0.27,0.0,0.0,0.0,11972608,0,6,4,1,0,sleeping,5842,5819,0,385024,3728314,132126
2025-05-20 02:56:14,16095,2195324928,33120256,0.0,0.09924569101745488,0,13,0.77,0.27,0.0,0.0,0.0,12005376,0,7,4,1,0,sleeping,5845,5822,0,385024,3730238,132194
2025-05-20 02:56:15,16095,2195324928,33120256,0.0,0.09924569101745488,0,13,0.77,0.27,0.0,0.0,0.0,12005376,0,7,4,1,0,sleeping,5847,5824,0,385024,3732153,132254
2025-05-20 02:56:16,16095,2195324928,33120256,0.0,0.09924569101745488,0,13,0.77,0.27,0.0,0.0,0.0,12005376,0,7,4,1,0,sleeping,5849,5826,0,385024,3734068,132314
2025-05-20 02:56:17,16095,2195324928,33120256,0.0,0.09924569101745488,0,13,0.77,0.27,0.0,0.0,0.0,12005376,0,7,4,1,0,sleeping,5855,5833,0,385024,3736016,132436
2025-05-20 02:56:18,16095,2195324928,33120256,0.0,0.09924569101745488,0,13,0.77,0.27,0.0,0.0,0.0,12005376,0,7,4,1,0,sleeping,5858,5836,0,385024,3737940,132504
2025-05-20 02:56:19,16095,2195324928,33120256,0.9,0.09924569101745488,0,13,0.78,0.27,0.0,0.0,0.0,12005376,0,7,4,1,0,sleeping,5863,5839,0,385024,3741780,132572
2025-05-20 02:56:20,16095,2195324928,33120256,0.0,0.09924569101745488,0,13,0.78,0.27,0.0,0.0,0.0,12005376,0,7,4,1,0,sleeping,5865,5841,0,385024,3743696,132632
2025-05-20 02:56:21,16095,2195324928,33120256,0.0,0.09924569101745488,0,13,0.78,0.27,0.0,0.0,0.0,12005376,0,7,4,1,0,sleeping,5868,5844,0,385024,3745620,132700
2025-05-20 02:56:22,16095,2195324928,33120256,0.0,0.09924569101745488,0,13,0.78,0.27,0.0,0.0,0.0,12005376,0,7,4,1,0,sleeping,5870,5846,0,385024,3747536,132760
2025-05-20 02:56:23,16095,2195324928,33120256,0.0,0.09924569101745488,0,13,0.78,0.27,0.0,0.0,0.0,12005376,0,7,4,1,0,sleeping,5873,5849,0,385024,3749460,132828
2025-05-20 02:56:24,16095,2195324928,33120256,0.0,0.09924569101745488,0,13,0.78,0.27,0.0,0.0,0.0,12005376,0,7,4,1,0,sleeping,5877,5854,0,385024,3751392,132934
2025-05-20 02:56:26,16095,2195324928,33120256,0.0,0.09924569101745488,0,13,0.78,0.27,0.0,0.0,0.0,12005376,0,7,4,1,0,sleeping,5882,5859,0,389120,3753331,133018
2025-05-20 02:56:27,16095,2195324928,33120256,0.0,0.09924569101745488,0,13,0.78,0.27,0.0,0.0,0.0,12005376,0,7,4,1,0,sleeping,5886,5863,0,389120,3755262,133094
2025-05-20 02:56:28,16095,2195324928,33120256,0.0,0.09924569101745488,0,13,0.78,0.27,0.0,0.0,0.0,12005376,0,7,4,1,0,sleeping,5891,5868,0,389120,3757202,133178
2025-05-20 02:56:29,16095,2195324928,33120256,0.0,0.09924569101745488,0,13,0.78,0.27,0.0,0.0,0.0,12005376,0,7,4,1,0,sleeping,5895,5872,0,389120,3759134,133254
2025-05-20 02:56:30,16095,2195324928,33120256,0.0,0.09924569101745488,0,13,0.78,0.27,0.0,0.0,0.0,12005376,0,7,4,1,0,sleeping,5898,5875,0,389120,3761058,133322
2025-05-20 02:56:31,16095,2195324928,33120256,0.0,0.09924569101745488,0,13,0.78,0.27,0.0,0.0,0.0,12005376,0,7,4,1,0,sleeping,5902,5879,0,389120,3762990,133398
2025-05-20 02:56:32,16095,2195324928,33120256,0.0,0.09924569101745488,0,13,0.78,0.27,0.0,0.0,0.0,12005376,0,7,4,1,0,sleeping,5904,5881,0,389120,3764905,133458
2025-05-20 02:56:33,16095,2195324928,33120256,0.0,0.09924569101745488,0,13,0.78,0.27,0.0,0.0,0.0,12005376,0,7,4,1,0,sleeping,5908,5886,0,389120,3766835,133564
2025-05-20 02:56:34,16095,2195324928,33120256,0.0,0.09924569101745488,0,13,0.78,0.27,0.0,0.0,0.0,12005376,0,7,4,1,0,sleeping,5911,5889,0,389120,3768758,133632
2025-05-20 02:56:35,16095,2195324928,33120256,0.0,0.09924569101745488,0,13,0.78,0.27,0.0,0.0,0.0,12005376,0,7,4,1,0,sleeping,5915,5893,0,389120,3770689,133708
2025-05-20 02:56:36,16095,2195324928,33120256,0.0,0.09924569101745488,0,13,0.78,0.27,0.0,0.0,0.0,12005376,0,7,4,1,0,sleeping,5921,5897,0,389120,3774536,133784
2025-05-20 02:56:37,16095,2195324928,33120256,0.0,0.09924569101745488,0,13,0.78,0.27,0.0,0.0,0.0,12005376,0,7,4,1,0,sleeping,5924,5900,0,389120,3776460,133852
2025-05-20 02:56:38,16095,2195324928,33120256,0.0,0.09924569101745488,0,13,0.78,0.27,0.0,0.0,0.0,12005376,0,7,4,1,0,sleeping,5927,5903,0,389120,3778384,133920
2025-05-20 02:56:39,16095,2195324928,33120256,0.0,0.09924569101745488,0,13,0.78,0.27,0.0,0.0,0.0,12005376,0,7,4,1,0,sleeping,5930,5906,0,389120,3780308,133988
2025-05-20 02:56:40,16095,2195324928,33120256,0.0,0.09924569101745488,0,13,0.78,0.27,0.0,0.0,0.0,12005376,0,7,4,1,0,sleeping,5934,5910,0,389120,3782240,134064
2025-05-20 02:56:41,16095,2195324928,33120256,0.0,0.09924569101745488,0,13,0.78,0.27,0.0,0.0,0.0,12005376,0,7,4,1,0,sleeping,5938,5915,0,389120,3784172,134170
2025-05-20 02:56:43,16095,2195324928,33120256,0.9,0.09924569101745488,0,13,0.79,0.27,0.0,0.0,0.0,12005376,0,7,4,1,0,sleeping,5941,5918,0,389120,3786096,134238
2025-05-20 02:56:44,16095,2195324928,33120256,0.0,0.09924569101745488,0,13,0.79,0.27,0.0,0.0,0.0,12005376,0,7,4,1,0,sleeping,5946,5923,0,389120,3788036,134322
2025-05-20 02:56:45,16095,2195324928,33120256,0.0,0.09924569101745488,0,13,0.79,0.27,0.0,0.0,0.0,12005376,0,7,4,1,0,sleeping,5950,5927,0,389120,3789967,134398
2025-05-20 02:56:46,16095,2195324928,33120256,0.0,0.09924569101745488,0,13,0.79,0.27,0.0,0.0,0.0,12009472,0,7,4,1,0,sleeping,5953,5930,0,389120,3791890,134466
2025-05-20 02:56:47,16095,2195324928,33120256,0.0,0.09924569101745488,0,13,0.79,0.27,0.0,0.0,0.0,12034048,0,7,4,1,0,sleeping,5955,5932,0,389120,3793806,134526
2025-05-20 02:56:48,16095,2195324928,33120256,0.0,0.09924569101745488,0,13,0.79,0.27,0.0,0.0,0.0,12046336,0,7,4,1,0,sleeping,5958,5936,0,389120,3795730,134624
2025-05-20 02:56:49,16095,2195324928,33120256,0.9,0.09924569101745488,0,13,0.79,0.28,0.0,0.0,0.0,12054528,0,7,4,1,0,sleeping,5963,5941,0,389120,3797670,134708
2025-05-20 02:56:50,16095,2195324928,33120256,0.0,0.09924569101745488,0,13,0.79,0.28,0.0,0.0,0.0,12075008,0,7,4,1,0,sleeping,5966,5944,0,389120,3799594,134776
2025-05-20 02:56:51,16095,2195324928,33120256,0.0,0.09924569101745488,0,13,0.79,0.28,0.0,0.0,0.0,12075008,0,7,4,1,0,sleeping,5972,5948,0,389120,3803442,134852
2025-05-20 02:56:52,16095,2195324928,33120256,0.0,0.09924569101745488,0,13,0.79,0.28,0.0,0.0,0.0,12083200,0,7,4,1,0,sleeping,5975,5951,0,389120,3805366,134920
2025-05-20 02:56:53,16095,2195324928,33120256,0.0,0.09924569101745488,0,13,0.79,0.28,0.0,0.0,0.0,12091392,0,7,4,1,0,sleeping,5977,5953,0,389120,3807281,134980
2025-05-20 02:56:54,16095,2195324928,33120256,0.0,0.09924569101745488,0,13,0.79,0.28,0.0,0.0,0.0,12099584,0,7,4,1,0,sleeping,5980,5956,0,393216,3809204,135048
2025-05-20 02:56:55,16095,2195324928,33120256,0.0,0.09924569101745488,0,13,0.79,0.28,0.0,0.0,0.0,12111872,0,7,4,1,0,sleeping,5984,5960,0,393216,3811136,135124
2025-05-20 02:56:56,16095,2195324928,33120256,0.0,0.09924569101745488,0,13,0.79,0.28,0.0,0.0,0.0,12124160,0,7,4,1,0,sleeping,5989,5966,0,397312,3813076,135238
2025-05-20 02:56:58,16095,2195324928,33120256,0.0,0.09924569101745488,0,13,0.79,0.28,0.0,0.0,0.0,12132352,0,7,4,1,0,sleeping,5991,5968,0,397312,3814992,135298
2025-05-20 02:56:59,16095,2195324928,33120256,0.0,0.09924569101745488,0,13,0.79,0.28,0.0,0.0,0.0,12136448,0,7,4,1,0,sleeping,5995,5972,0,397312,3816924,135374
2025-05-20 02:57:00,16095,2195324928,33120256,0.0,0.09924569101745488,0,13,0.79,0.28,0.0,0.0,0.0,12156928,0,7,4,1,0,sleeping,5997,5974,0,397312,3818840,135434
2025-05-20 02:57:01,16095,2195324928,33120256,0.0,0.09924569101745488,0,13,0.79,0.28,0.0,0.0,0.0,12181504,0,7,4,1,0,sleeping,6000,5977,0,397312,3820763,135502
2025-05-20 02:57:02,16095,2195324928,33120256,0.0,0.09924569101745488,0,13,0.79,0.28,0.0,0.0,0.0,12185600,0,7,4,1,0,sleeping,6004,5981,0,397312,3822694,135578
2025-05-20 02:57:03,16095,2195324928,33120256,0.0,0.09924569101745488,0,13,0.79,0.28,0.0,0.0,0.0,12185600,0,7,4,1,0,sleeping,6007,5984,0,397312,3824618,135646
2025-05-20 02:57:04,16095,2195324928,33120256,0.0,0.09924569101745488,0,13,0.79,0.28,0.0,0.0,0.0,12185600,0,6,4,1,0,sleeping,6012,5990,0,397312,3826558,135760
2025-05-20 02:57:05,16095,2195324928,33120256,0.0,0.09924569101745488,0,13,0.79,0.28,0.0,0.0,0.0,12185600,0,6,4,1,0,sleeping,6014,5992,0,397312,3828474,135820
2025-05-20 02:57:06,16095,2195324928,33120256,0.0,0.09924569101745488,0,13,0.79,0.28,0.0,0.0,0.0,12185600,0,7,4,1,0,sleeping,6019,5995,0,397312,3832314,135888
2025-05-20 02:57:07,16095,2195324928,33120256,0.0,0.09924569101745488,0,13,0.79,0.28,0.0,0.0,0.0,12185600,0,7,4,1,0,sleeping,6023,5999,0,397312,3834246,135964
2025-05-20 02:57:08,16095,2195324928,33120256,0.0,0.09924569101745488,0,13,0.79,0.28,0.0,0.0,0.0,12185600,0,7,4,1,0,sleeping,6025,6001,0,397312,3836162,136024
2025-05-20 02:57:09,16095,2195324928,33120256,0.0,0.09924569101745488,0,13,0.79,0.28,0.0,0.0,0.0,12185600,0,6,4,1,0,sleeping,6027,6004,0,397312,3838078,136114
2025-05-20 02:57:11,16095,2195324928,33120256,0.9,0.09924569101745488,0,13,0.8,0.28,0.0,0.0,0.0,12185600,0,7,4,1,0,sleeping,6030,6007,0,397312,3840002,136182
2025-05-20 02:57:12,16095,2195324928,33120256,0.0,0.09924569101745488,0,13,0.8,0.28,0.0,0.0,0.0,12185600,0,7,4,1,0,sleeping,6032,6009,0,397312,3841918,136242
2025-05-20 02:57:13,16095,2195324928,33120256,0.0,0.09924569101745488,0,13,0.8,0.28,0.0,0.0,0.0,12185600,0,7,4,1,0,sleeping,6034,6011,0,397312,3843834,136302
2025-05-20 02:57:14,16095,2195324928,33120256,0.0,0.09924569101745488,0,13,0.8,0.28,0.0,0.0,0.0,12185600,0,7,4,1,0,sleeping,6036,6013,0,397312,3845750,136362
2025-05-20 02:57:15,16095,2195324928,33120256,0.0,0.09924569101745488,0,13,0.8,0.28,0.0,0.0,0.0,12185600,0,7,4,1,0,sleeping,6038,6015,0,397312,3847666,136422
2025-05-20 02:57:16,16095,2195324928,33120256,0.0,0.09924569101745488,0,13,0.8,0.28,0.0,0.0,0.0,12185600,0,7,4,1,0,sleeping,6040,6017,0,397312,3849582,136482
2025-05-20 02:57:17,16095,2195324928,33120256,0.0,0.09924569101745488,0,13,0.8,0.28,0.0,0.0,0.0,12185600,0,7,4,1,0,sleeping,6043,6020,0,397312,3851506,136550
2025-05-20 02:57:18,16095,2195324928,33120256,0.0,0.09924569101745488,0,13,0.8,0.28,0.0,0.0,0.0,12185600,0,6,4,1,0,sleeping,6047,6025,0,397312,3853438,136656
2025-05-20 02:57:19,16095,2195324928,33120256,0.0,0.09924569101745488,0,13,0.8,0.28,0.0,0.0,0.0,12185600,0,6,4,1,0,sleeping,6049,6027,0,397312,3855354,136716
2025-05-20 02:57:20,16095,2195324928,33120256,0.0,0.09924569101745488,0,13,0.8,0.28,0.0,0.0,0.0,12185600,0,6,4,1,0,sleeping,6052,6030,0,397312,3857278,136784
2025-05-20 02:57:21,16095,2195324928,33120256,0.0,0.09924569101745488,0,13,0.8,0.28,0.0,0.0,0.0,12185600,0,6,4,1,0,sleeping,6056,6034,0,397312,3859210,136860
2025-05-20 02:57:22,16095,2195324928,33120256,0.0,0.09924569101745488,0,13,0.8,0.28,0.0,0.0,0.0,12185600,0,6,4,1,0,sleeping,6061,6037,0,397312,3863050,136928
2025-05-20 02:57:23,16095,2195324928,33120256,0.0,0.09924569101745488,0,13,0.8,0.28,0.0,0.0,0.0,12185600,0,6,4,1,0,sleeping,6065,6041,0,397312,3864982,137004
2025-05-20 02:57:24,16095,2195324928,33120256,0.0,0.09924569101745488,0,13,0.8,0.28,0.0,0.0,0.0,12185600,0,6,4,1,0,sleeping,6068,6044,0,397312,3866906,137072
2025-05-20 02:57:25,16095,2195324928,33120256,0.0,0.09924569101745488,0,13,0.8,0.28,0.0,0.0,0.0,12185600,0,7,4,1,0,sleeping,6071,6047,0,397312,3868830,137140
2025-05-20 02:57:26,16095,2195324928,33120256,0.0,0.09924569101745488,0,13,0.8,0.28,0.0,0.0,0.0,12185600,0,7,4,1,0,sleeping,6075,6052,0,397312,3870762,137246
2025-05-20 02:57:28,16095,2195324928,33120256,0.0,0.09924569101745488,0,13,0.8,0.28,0.0,0.0,0.0,12185600,0,7,4,1,0,sleeping,6078,6055,0,401408,3872686,137314
2025-05-20 02:57:29,16095,2195324928,33120256,0.0,0.09924569101745488,0,13,0.8,0.28,0.0,0.0,0.0,12185600,0,7,4,1,0,sleeping,6082,6059,0,401408,3874618,137390
2025-05-20 02:57:30,16095,2195324928,33120256,0.0,0.09924569101745488,0,13,0.8,0.28,0.0,0.0,0.0,12185600,0,7,4,1,0,sleeping,6086,6063,0,401408,3876550,137466
2025-05-20 02:57:31,16095,2195324928,33120256,0.0,0.09924569101745488,0,13,0.8,0.28,0.0,0.0,0.0,12185600,0,7,4,1,0,sleeping,6089,6066,0,401408,3878474,137534
2025-05-20 02:57:32,16095,2195324928,33120256,0.0,0.09924569101745488,0,13,0.8,0.28,0.0,0.0,0.0,12185600,0,6,4,1,0,sleeping,6094,6072,0,401408,3880414,137648
2025-05-20 02:57:33,16095,2195324928,33120256,0.0,0.09924569101745488,0,13,0.8,0.28,0.0,0.0,0.0,12185600,0,6,4,1,0,sleeping,6100,6076,0,401408,3884262,137724
2025-05-20 02:57:34,16095,2195324928,33120256,0.9,0.09924569101745488,0,13,0.8,0.29,0.0,0.0,0.0,12185600,0,7,4,1,0,sleeping,6104,6080,0,401408,3886194,137800
2025-05-20 02:57:35,16095,2195324928,33120256,0.0,0.09924569101745488,0,13,0.8,0.29,0.0,0.0,0.0,12185600,0,6,4,1,0,sleeping,6108,6085,0,401408,3888125,137906
2025-05-20 02:57:37,16095,2195324928,33120256,0.0,0.09924569101745488,0,13,0.8,0.29,0.0,0.0,0.0,12185600,0,6,4,1,0,sleeping,6112,6089,0,401408,3890056,137982
2025-05-20 02:57:38,16095,2195324928,33120256,0.0,0.09924569101745488,0,13,0.8,0.29,0.0,0.0,0.0,12185600,0,6,4,1,0,sleeping,6115,6092,0,401408,3891980,138050
2025-05-20 02:57:39,16095,2195324928,33120256,0.0,0.09924569101745488,0,13,0.8,0.29,0.0,0.0,0.0,12185600,0,6,4,1,0,sleeping,6118,6095,0,401408,3893904,138118
2025-05-20 02:57:40,16095,2195324928,33120256,0.0,0.09924569101745488,0,13,0.8,0.29,0.0,0.0,0.0,12185600,0,6,4,1,0,sleeping,6121,6098,0,401408,3895828,138186
2025-05-20 02:57:41,16095,2195324928,33120256,0.0,0.09924569101745488,0,13,0.8,0.29,0.0,0.0,0.0,12185600,0,6,4,1,0,sleeping,6124,6101,0,401408,3897752,138254
2025-05-20 02:57:42,16095,2195324928,33120256,0.0,0.09924569101745488,0,13,0.8,0.29,0.0,0.0,0.0,12185600,0,6,4,1,0,sleeping,6127,6104,0,401408,3899676,138322
2025-05-20 02:57:43,16095,2195324928,33120256,0.9,0.09924569101745488,0,13,0.81,0.29,0.0,0.0,0.0,12185600,0,6,4,1,0,sleeping,6129,6106,0,401408,3901592,138382
2025-05-20 02:57:44,16095,2195324928,33120256,0.0,0.09924569101745488,0,13,0.81,0.29,0.0,0.0,0.0,12185600,0,6,4,1,0,sleeping,6133,6111,0,401408,3903523,138488
2025-05-20 02:57:45,16095,2195324928,33120256,0.0,0.09924569101745488,0,13,0.81,0.29,0.0,0.0,0.0,12185600,0,7,4,1,0,sleeping,6136,6114,0,401408,3905446,138556
2025-05-20 02:57:46,16095,2195324928,32931840,0.0,0.09868109767256213,0,13,0.81,0.29,0.0,0.0,0.0,11878400,0,7,4,1,0,sleeping,6138,6116,0,401408,3907362,138616
2025-05-20 02:57:47,16095,2195324928,32931840,0.0,0.09868109767256213,0,13,0.81,0.29,0.0,0.0,0.0,11878400,0,7,4,1,0,sleeping,6140,6118,0,401408,3909277,138676
2025-05-20 02:57:48,16095,2195324928,32931840,0.0,0.09868109767256213,0,13,0.81,0.29,0.0,0.0,0.0,11878400,0,7,4,1,0,sleeping,6143,6121,0,401408,3911199,138744
2025-05-20 02:57:49,16095,2195324928,32931840,0.0,0.09868109767256213,0,13,0.81,0.29,0.0,0.0,0.0,11878400,0,7,4,1,0,sleeping,6148,6124,0,401408,3915038,138812
2025-05-20 02:57:50,16095,2195324928,32931840,0.0,0.09868109767256213,0,13,0.81,0.29,0.0,0.0,0.0,11878400,0,7,4,1,0,sleeping,6150,6126,0,401408,3916954,138872
2025-05-20 02:57:51,16095,2195324928,32931840,0.0,0.09868109767256213,0,13,0.81,0.29,0.0,0.0,0.0,11878400,0,7,4,1,0,sleeping,6153,6129,0,401408,3918878,138940
2025-05-20 02:57:52,16095,2195324928,32931840,0.0,0.09868109767256213,0,13,0.81,0.29,0.0,0.0,0.0,11878400,0,7,4,1,0,sleeping,6156,6133,0,401408,3920800,139038
2025-05-20 02:57:54,16095,2195324928,32931840,0.0,0.09868109767256213,0,13,0.81,0.29,0.0,0.0,0.0,11878400,0,7,4,1,0,sleeping,6160,6137,0,401408,3922730,139114
2025-05-20 02:57:55,16095,2195324928,32931840,0.0,0.09868109767256213,0,13,0.81,0.29,0.0,0.0,0.0,11878400,0,7,4,1,0,sleeping,6164,6141,0,401408,3924662,139190
2025-05-20 02:57:56,16095,2195324928,32931840,0.0,0.09868109767256213,0,13,0.81,0.29,0.0,0.0,0.0,11878400,0,7,4,1,0,sleeping,6166,6143,0,401408,3926578,139250
2025-05-20 02:57:57,16095,2195324928,32931840,0.0,0.09868109767256213,0,13,0.81,0.29,0.0,0.0,0.0,11878400,0,8,4,1,0,sleeping,6169,6147,0,401408,3928502,139348
2025-05-20 02:57:58,16095,2195324928,32931840,0.7,0.09868109767256213,0,13,0.82,0.29,0.0,0.0,0.0,11878400,0,7,4,1,0,sleeping,6174,6150,0,405504,3932342,139416
2025-05-20 02:58:00,16095,2195324928,33062912,0.0,0.09907385826031362,0,13,0.82,0.29,0.0,0.0,0.0,11878400,0,7,4,1,0,sleeping,6177,6154,0,405504,3934266,139514
2025-05-20 02:58:01,16095,2195324928,33062912,0.0,0.09907385826031362,0,13,0.82,0.29,0.0,0.0,0.0,11878400,0,7,4,1,0,sleeping,6181,6159,0,405504,3936198,139620
2025-05-20 02:58:02,16095,2195324928,33062912,0.0,0.09907385826031362,0,13,0.82,0.29,0.0,0.0,0.0,11878400,0,8,4,1,0,sleeping,6184,6162,0,409600,3938122,139688
2025-05-20 02:58:03,16095,2195324928,33062912,0.0,0.09907385826031362,0,13,0.82,0.29,0.0,0.0,0.0,11878400,0,8,4,1,0,sleeping,6187,6165,0,409600,3940046,139756
2025-05-20 02:58:04,16095,2195324928,33062912,0.0,0.09907385826031362,0,13,0.82,0.29,0.0,0.0,0.0,11878400,0,8,4,1,0,sleeping,6190,6168,0,409600,3941970,139824
2025-05-20 02:58:05,16095,2195324928,33062912,0.0,0.09907385826031362,0,13,0.82,0.29,0.0,0.0,0.0,11878400,0,8,4,1,0,sleeping,6194,6172,0,409600,3943902,139900
2025-05-20 02:58:06,16095,2195324928,33062912,0.0,0.09907385826031362,0,13,0.82,0.29,0.0,0.0,0.0,11878400,0,8,4,1,0,sleeping,6200,6176,0,409600,3947749,139976
2025-05-20 02:58:07,16095,2195324928,33062912,0.0,0.09907385826031362,0,13,0.82,0.29,0.0,0.0,0.0,11878400,0,8,4,1,0,sleeping,6203,6179,0,409600,3949672,140044
2025-05-20 02:58:08,16095,2195324928,33062912,0.0,0.09907385826031362,0,13,0.82,0.29,0.0,0.0,0.0,11878400,0,8,4,1,0,sleeping,6206,6182,0,409600,3951596,140112
2025-05-20 02:58:09,16095,2195324928,33062912,0.0,0.09907385826031362,0,13,0.82,0.29,0.0,0.0,0.0,11878400,0,7,4,1,0,sleeping,6209,6186,0,409600,3953520,140210
2025-05-20 02:58:11,16095,2195324928,33062912,0.0,0.09907385826031362,0,13,0.82,0.29,0.0,0.0,0.0,11878400,0,7,4,1,0,sleeping,6212,6189,0,409600,3955443,140278
2025-05-20 02:58:12,16095,2195324928,33062912,0.0,0.09907385826031362,0,13,0.82,0.29,0.0,0.0,0.0,11878400,0,7,4,1,0,sleeping,6216,6193,0,409600,3957374,140354
2025-05-20 02:58:13,16095,2195324928,33062912,0.0,0.09907385826031362,0,13,0.82,0.29,0.0,0.0,0.0,11878400,0,7,4,1,0,sleeping,6218,6195,0,409600,3959290,140414
2025-05-20 02:58:14,16095,2195324928,33062912,0.0,0.09907385826031362,0,13,0.82,0.29,0.0,0.0,0.0,11878400,0,7,4,1,0,sleeping,6221,6198,0,409600,3961213,140482
2025-05-20 02:58:15,16095,2195324928,33062912,0.9,0.09907385826031362,0,13,0.83,0.29,0.0,0.0,0.0,11878400,0,7,4,1,0,sleeping,6224,6201,0,409600,3963136,140550
2025-05-20 02:58:16,16095,2195324928,33062912,0.0,0.09907385826031362,0,13,0.83,0.29,0.0,0.0,0.0,11878400,0,7,4,1,0,sleeping,6226,6203,0,409600,3965052,140610
2025-05-20 02:58:17,16095,2195324928,33062912,0.0,0.09907385826031362,0,13,0.83,0.29,0.0,0.0,0.0,11878400,0,7,4,1,0,sleeping,6230,6207,0,409600,3966984,140686
2025-05-20 02:58:18,16095,2195324928,33062912,0.0,0.09907385826031362,0,13,0.83,0.29,0.0,0.0,0.0,11878400,0,7,4,1,0,sleeping,6234,6212,0,409600,3968916,140792
2025-05-20 02:58:19,16095,2195324928,33062912,0.0,0.09907385826031362,0,13,0.83,0.29,0.0,0.0,0.0,11878400,0,7,4,1,0,sleeping,6237,6215,0,409600,3970839,140860
2025-05-20 02:58:20,16095,2195324928,33062912,0.0,0.09907385826031362,0,13,0.83,0.29,0.0,0.0,0.0,11878400,0,7,4,1,0,sleeping,6240,6218,0,409600,3972762,140928
2025-05-20 02:58:21,16095,2195324928,33062912,0.0,0.09907385826031362,0,13,0.83,0.29,0.0,0.0,0.0,11878400,0,7,4,1,0,sleeping,6244,6222,0,409600,3974694,141004
2025-05-20 02:58:22,16095,2195324928,33062912,0.0,0.09907385826031362,0,13,0.83,0.29,0.0,0.0,0.0,11878400,0,7,4,1,0,sleeping,6248,6224,0,409600,3978524,141064
2025-05-20 02:58:23,16095,2195324928,33062912,0.0,0.09907385826031362,0,13,0.83,0.29,0.0,0.0,0.0,11878400,0,7,4,1,0,sleeping,6251,6227,0,409600,3980446,141132
2025-05-20 02:58:24,16095,2195324928,33062912,0.0,0.09907385826031362,0,13,0.83,0.29,0.0,0.0,0.0,11878400,0,7,4,1,0,sleeping,6255,6232,0,409600,3982378,141238
2025-05-20 02:58:26,16095,2195324928,33062912,0.9,0.09907385826031362,0,13,0.83,0.3,0.0,0.0,0.0,11878400,0,7,4,1,0,sleeping,6257,6234,0,409600,3984294,141298
2025-05-20 02:58:27,16095,2195324928,33062912,0.0,0.09907385826031362,0,13,0.83,0.3,0.0,0.0,0.0,11878400,0,7,4,1,0,sleeping,6260,6237,0,409600,3986218,141366
2025-05-20 02:58:28,16095,2195324928,33062912,0.0,0.09907385826031362,0,13,0.83,0.3,0.0,0.0,0.0,11878400,0,7,4,1,0,sleeping,6265,6243,0,409600,3988158,141480
2025-05-20 02:58:29,16095,2195324928,33062912,0.0,0.09907385826031362,0,13,0.83,0.3,0.0,0.0,0.0,11878400,0,8,4,1,0,sleeping,6271,6247,0,413696,3992006,141556
2025-05-20 02:58:30,16095,2195324928,33062912,0.0,0.09907385826031362,0,13,0.83,0.3,0.0,0.0,0.0,11878400,0,8,4,1,0,sleeping,6275,6252,0,413696,3993938,141662
2025-05-20 02:58:32,16095,2195324928,33062912,0.0,0.09907385826031362,0,13,0.83,0.3,0.0,0.0,0.0,11878400,0,7,4,1,0,sleeping,6278,6255,0,413696,3995862,141730
2025-05-20 02:58:33,16095,2195324928,33062912,0.0,0.09907385826031362,0,13,0.83,0.3,0.0,0.0,0.0,11878400,0,8,4,1,0,sleeping,6281,6258,0,413696,3997786,141798
2025-05-20 02:58:34,16095,2195324928,33062912,0.0,0.09907385826031362,0,13,0.83,0.3,0.0,0.0,0.0,11878400,0,8,4,1,0,sleeping,6284,6261,0,413696,3999710,141866
2025-05-20 02:58:35,16095,2195324928,33062912,0.0,0.09907385826031362,0,13,0.83,0.3,0.0,0.0,0.0,11878400,0,7,4,1,0,sleeping,6288,6265,0,413696,4001642,141942
2025-05-20 02:58:36,16095,2195324928,33062912,0.0,0.09907385826031362,0,13,0.83,0.3,0.0,0.0,0.0,11878400,0,7,4,1,0,sleeping,6291,6268,0,413696,4003566,142010
2025-05-20 02:58:37,16095,2195324928,33062912,0.0,0.09907385826031362,0,13,0.83,0.3,0.0,0.0,0.0,11878400,0,7,4,1,0,sleeping,6294,6271,0,413696,4005490,142078
2025-05-20 02:58:38,16095,2195324928,33062912,0.0,0.09907385826031362,0,13,0.83,0.3,0.0,0.0,0.0,11878400,0,7,4,1,0,sleeping,6297,6274,0,413696,4007414,142146
2025-05-20 02:58:39,16095,2195324928,33062912,0.0,0.09907385826031362,0,13,0.83,0.3,0.0,0.0,0.0,11878400,0,7,4,1,0,sleeping,6300,6278,0,413696,4009338,142244
2025-05-20 02:58:40,16095,2195324928,33062912,0.0,0.09907385826031362,0,13,0.83,0.3,0.0,0.0,0.0,11878400,0,7,4,1,0,sleeping,6303,6281,0,413696,4011262,142312
2025-05-20 02:58:41,16095,2195324928,33062912,0.0,0.09907385826031362,0,13,0.83,0.3,0.0,0.0,0.0,11878400,0,7,4,1,0,sleeping,6306,6284,0,413696,4013186,142380
2025-05-20 02:58:42,16095,2195324928,33062912,0.0,0.09907385826031362,0,13,0.83,0.3,0.0,0.0,0.0,11878400,0,7,4,1,0,sleeping,6309,6287,0,413696,4015110,142448
2025-05-20 02:58:43,16095,2195324928,33062912,0.0,0.09907385826031362,0,13,0.83,0.3,0.0,0.0,0.0,11878400,0,7,4,1,0,sleeping,6311,6289,0,413696,4017026,142508
2025-05-20 02:58:44,16095,2195324928,33062912,0.0,0.09907385826031362,0,13,0.83,0.3,0.0,0.0,0.0,11878400,0,7,4,1,0,sleeping,6314,6292,0,413696,4018950,142576
2025-05-20 02:58:45,16095,2195324928,33062912,0.0,0.09907385826031362,0,13,0.83,0.3,0.0,0.0,0.0,11878400,0,8,4,1,0,sleeping,6319,6295,0,413696,4022790,142644
2025-05-20 02:58:46,16095,2195324928,33062912,0.0,0.09907385826031362,0,13,0.83,0.3,0.0,0.0,0.0,11878400,0,8,4,1,0,sleeping,6323,6300,0,413696,4024722,142750
2025-05-20 02:58:48,16095,2195324928,33062912,0.0,0.09907385826031362,0,13,0.83,0.3,0.0,0.0,0.0,11878400,0,8,4,1,0,sleeping,6326,6303,0,413696,4026646,142818
2025-05-20 02:58:49,16095,2195324928,33062912,0.0,0.09907385826031362,0,13,0.83,0.3,0.0,0.0,0.0,11878400,0,7,4,1,0,sleeping,6329,6306,0,413696,4028570,142886
2025-05-20 02:58:50,16095,2195324928,33062912,0.9,0.09907385826031362,0,13,0.84,0.3,0.0,0.0,0.0,11878400,0,7,4,1,0,sleeping,6332,6309,0,413696,4030494,142954
2025-05-20 02:58:51,16095,2195324928,33062912,0.0,0.09907385826031362,0,13,0.84,0.3,0.0,0.0,0.0,11882496,0,7,4,1,0,sleeping,6335,6312,0,413696,4032418,143022
2025-05-20 02:58:52,16095,2195324928,33062912,0.0,0.09907385826031362,0,13,0.84,0.3,0.0,0.0,0.0,11882496,0,7,4,1,0,sleeping,6339,6316,0,413696,4034350,143098
2025-05-20 02:58:53,16095,2195324928,33062912,0.0,0.09907385826031362,0,13,0.84,0.3,0.0,0.0,0.0,11882496,0,7,4,1,0,sleeping,6342,6319,0,413696,4036272,143166
2025-05-20 02:58:54,16095,2195324928,33062912,0.0,0.09907385826031362,0,13,0.84,0.3,0.0,0.0,0.0,11882496,0,7,4,1,0,sleeping,6346,6324,0,413696,4038202,143272
2025-05-20 02:58:55,16095,2195324928,33062912,0.7,0.09907385826031362,0,13,0.84,0.31,0.0,0.0,0.0,11882496,0,7,4,1,0,sleeping,6353,6330,0,413696,4042058,143386
2025-05-20 02:58:57,16095,2195324928,33062912,0.0,0.09907385826031362,0,13,0.84,0.31,0.0,0.0,0.0,11882496,0,7,4,1,0,sleeping,6356,6333,0,413696,4043981,143454
2025-05-20 02:58:58,16095,2195324928,33062912,0.0,0.09907385826031362,0,13,0.84,0.31,0.0,0.0,0.0,11882496,0,7,4,1,0,sleeping,6360,6338,0,413696,4045912,143560
2025-05-20 02:59:00,16095,2195324928,33062912,0.0,0.09907385826031362,0,13,0.84,0.31,0.0,0.0,0.0,11882496,0,7,4,1,0,sleeping,6367,6344,0,417792,4049767,143674
2025-05-20 02:59:01,16095,2195324928,33062912,0.0,0.09907385826031362,0,13,0.84,0.31,0.0,0.0,0.0,11882496,0,7,4,1,0,sleeping,6369,6346,0,417792,4051682,143734
2025-05-20 02:59:02,16095,2195324928,33062912,0.9,0.09907385826031362,0,13,0.84,0.32,0.0,0.0,0.0,11882496,0,7,4,1,0,sleeping,6373,6350,0,417792,4053614,143810
2025-05-20 02:59:03,16095,2195324928,33062912,0.0,0.09907385826031362,0,13,0.84,0.32,0.0,0.0,0.0,11882496,0,7,4,1,0,sleeping,6375,6352,0,417792,4055530,143870
2025-05-20 02:59:04,16095,2195324928,33062912,0.0,0.09907385826031362,0,13,0.84,0.32,0.0,0.0,0.0,11882496,0,7,4,1,0,sleeping,6378,6355,0,417792,4057454,143938
2025-05-20 02:59:05,16095,2195324928,33062912,0.0,0.09907385826031362,0,13,0.84,0.32,0.0,0.0,0.0,11882496,0,7,4,1,0,sleeping,6381,6358,0,417792,4059377,144006
2025-05-20 02:59:06,16095,2195324928,33062912,0.0,0.09907385826031362,0,13,0.84,0.32,0.0,0.0,0.0,11882496,0,7,4,1,0,sleeping,6384,6362,0,417792,4061300,144104
2025-05-20 02:59:07,16095,2195324928,33062912,0.0,0.09907385826031362,0,13,0.84,0.32,0.0,0.0,0.0,11882496,0,7,4,1,0,sleeping,6386,6364,0,417792,4063216,144164
2025-05-20 02:59:08,16095,2195324928,33062912,0.0,0.09907385826031362,0,13,0.84,0.32,0.0,0.0,0.0,11882496,0,7,4,1,0,sleeping,6389,6367,0,417792,4065140,144232
2025-05-20 02:59:09,16095,2195324928,33062912,0.0,0.09907385826031362,0,13,0.84,0.32,0.0,0.0,0.0,11927552,0,7,4,1,0,sleeping,6392,6370,0,417792,4067064,144300
2025-05-20 02:59:10,16095,2195324928,33062912,0.9,0.09907385826031362,0,13,0.85,0.32,0.0,0.0,0.0,11927552,0,7,4,1,0,sleeping,6395,6373,0,421888,4068988,144368
2025-05-20 02:59:11,16095,2195324928,33062912,0.0,0.09907385826031362,0,13,0.85,0.32,0.0,0.0,0.0,11927552,0,7,4,1,0,sleeping,6399,6377,0,421888,4070920,144444
2025-05-20 02:59:12,16095,2195324928,33062912,0.0,0.09907385826031362,0,13,0.85,0.32,0.0,0.0,0.0,11927552,0,7,4,1,0,sleeping,6402,6380,0,421888,4072844,144512
2025-05-20 02:59:13,16095,2195324928,33062912,0.0,0.09907385826031362,0,13,0.85,0.32,0.0,0.0,0.0,11927552,0,6,4,1,0,sleeping,6404,6382,0,421888,4074760,144572
2025-05-20 02:59:14,16095,2195324928,33062912,0.0,0.09907385826031362,0,13,0.85,0.32,0.0,0.0,0.0,11927552,0,6,4,1,0,sleeping,6411,6388,0,421888,4078614,144686
2025-05-20 02:59:16,16095,2195324928,33062912,0.0,0.09907385826031362,0,13,0.85,0.32,0.0,0.0,0.0,11927552,0,6,4,1,0,sleeping,6414,6391,0,421888,4080538,144754
2025-05-20 02:59:17,16095,2195324928,33062912,0.0,0.09907385826031362,0,13,0.85,0.32,0.0,0.0,0.0,11927552,0,6,4,1,0,sleeping,6418,6395,0,421888,4082470,144830
2025-05-20 02:59:18,16095,2195324928,33062912,0.0,0.09907385826031362,0,13,0.85,0.32,0.0,0.0,0.0,11927552,0,6,4,1,0,sleeping,6422,6399,0,421888,4084402,144906
2025-05-20 02:59:19,16095,2195324928,33062912,0.0,0.09907385826031362,0,13,0.85,0.32,0.0,0.0,0.0,11927552,0,6,4,1,0,sleeping,6426,6403,0,421888,4086332,144982
2025-05-20 02:59:20,16095,2195324928,33062912,0.0,0.09907385826031362,0,13,0.85,0.32,0.0,0.0,0.0,11927552,0,6,4,1,0,sleeping,6428,6406,0,421888,4088246,145072
2025-05-20 02:59:21,16095,2195324928,33062912,0.0,0.09907385826031362,0,13,0.85,0.32,0.0,0.0,0.0,11927552,0,6,4,1,0,sleeping,6430,6408,0,421888,4090162,145132
2025-05-20 02:59:23,16095,2195324928,33062912,0.7,0.09907385826031362,0,13,0.86,0.32,0.0,0.0,0.0,11927552,0,7,4,1,0,sleeping,6435,6412,0,421888,4094002,145230
2025-05-20 02:59:24,16095,2195324928,33062912,0.0,0.09907385826031362,0,13,0.86,0.32,0.0,0.0,0.0,11927552,0,8,4,1,0,sleeping,6438,6416,0,421888,4095926,145328
2025-05-20 02:59:26,16095,2195324928,33062912,0.0,0.09907385826031362,0,13,0.86,0.32,0.0,0.0,0.0,11927552,0,8,4,1,0,sleeping,6444,6421,0,421888,4099774,145434
2025-05-20 02:59:27,16095,2195324928,33062912,0.0,0.09907385826031362,0,13,0.86,0.32,0.0,0.0,0.0,11927552,0,7,4,1,0,sleeping,6447,6424,0,421888,4101698,145502
2025-05-20 02:59:28,16095,2195324928,33062912,0.0,0.09907385826031362,0,13,0.86,0.32,0.0,0.0,0.0,11927552,0,8,4,1,0,sleeping,6450,6427,0,421888,4103622,145570
2025-05-20 02:59:29,16095,2195324928,33062912,0.0,0.09907385826031362,0,13,0.86,0.32,0.0,0.0,0.0,11927552,0,8,4,1,0,sleeping,6454,6431,0,421888,4105554,145646
2025-05-20 02:59:30,16095,2195324928,33062912,0.0,0.09907385826031362,0,13,0.86,0.32,0.0,0.0,0.0,11927552,0,7,4,1,0,sleeping,6457,6434,0,421888,4107478,145714
2025-05-20 02:59:31,16095,2195324928,33062912,0.0,0.09907385826031362,0,13,0.86,0.32,0.0,0.0,0.0,11927552,0,7,4,1,0,sleeping,6461,6438,0,425984,4109410,145790
2025-05-20 02:59:32,16095,2195324928,33062912,0.0,0.09907385826031362,0,13,0.86,0.32,0.0,0.0,0.0,11927552,0,7,4,1,0,sleeping,6464,6441,0,425984,4111334,145858
2025-05-20 02:59:33,16095,2195324928,33062912,0.0,0.09907385826031362,0,13,0.86,0.32,0.0,0.0,0.0,11927552,0,7,4,1,0,sleeping,6468,6446,0,425984,4113266,145964
2025-05-20 02:59:34,16095,2195324928,33062912,0.0,0.09907385826031362,0,13,0.86,0.32,0.0,0.0,0.0,11927552,0,6,4,1,0,sleeping,6470,6448,0,425984,4115181,146024
2025-05-20 02:59:35,16095,2195324928,33062912,0.0,0.09907385826031362,0,13,0.86,0.32,0.0,0.0,0.0,11927552,0,6,4,1,0,sleeping,6472,6450,0,425984,4117095,146084
2025-05-20 02:59:36,16095,2195324928,33062912,0.0,0.09907385826031362,0,13,0.86,0.32,0.0,0.0,0.0,11927552,0,6,4,1,0,sleeping,6474,6452,0,425984,4119010,146144
2025-05-20 02:59:37,16095,2195324928,33062912,0.0,0.09907385826031362,0,13,0.86,0.32,0.0,0.0,0.0,11927552,0,6,4,1,0,sleeping,6476,6454,0,425984,4120926,146204
2025-05-20 02:59:38,16095,2195324928,33062912,0.0,0.09907385826031362,0,13,0.86,0.32,0.0,0.0,0.0,11927552,0,6,4,1,0,sleeping,6479,6457,0,425984,4122850,146272
2025-05-20 02:59:39,16095,2195324928,33062912,0.0,0.09907385826031362,0,13,0.86,0.32,0.0,0.0,0.0,11927552,0,7,4,1,0,sleeping,6482,6460,0,425984,4124774,146340
2025-05-20 02:59:40,16095,2195324928,33062912,0.0,0.09907385826031362,0,13,0.86,0.32,0.0,0.0,0.0,11927552,0,7,4,1,0,sleeping,6485,6464,0,425984,4126698,146438
2025-05-20 02:59:42,16095,2195324928,33062912,0.0,0.09907385826031362,0,13,0.86,0.32,0.0,0.0,0.0,11927552,0,7,4,1,0,sleeping,6491,6468,0,425984,4130546,146514
2025-05-20 02:59:43,16095,2195324928,33062912,0.9,0.09907385826031362,0,13,0.87,0.32,0.0,0.0,0.0,11927552,0,7,4,1,0,sleeping,6495,6472,0,425984,4132478,146590
2025-05-20 02:59:44,16095,2195324928,33062912,0.0,0.09907385826031362,0,13,0.87,0.32,0.0,0.0,0.0,11927552,0,7,4,1,0,sleeping,6498,6475,0,425984,4134402,146658
2025-05-20 02:59:45,16095,2195324928,33062912,0.0,0.09907385826031362,0,13,0.87,0.32,0.0,0.0,0.0,11927552,0,6,4,1,0,sleeping,6500,6477,0,425984,4136318,146718
2025-05-20 02:59:46,16095,2195324928,33062912,0.0,0.09907385826031362,0,13,0.87,0.32,0.0,0.0,0.0,11927552,0,6,4,1,0,sleeping,6502,6480,0,425984,4138234,146808
2025-05-20 02:59:47,16095,2195324928,33062912,0.0,0.09907385826031362,0,13,0.87,0.32,0.0,0.0,0.0,11927552,0,6,4,1,0,sleeping,6506,6483,0,425984,4142066,146898
2025-05-20 02:59:49,16095,2195324928,33062912,0.0,0.09907385826031362,0,13,0.87,0.32,0.0,0.0,0.0,11927552,0,7,4,1,0,sleeping,6508,6486,0,425984,4143982,146988
2025-05-20 02:59:50,16095,2195324928,33062912,0.0,0.09907385826031362,0,13,0.87,0.32,0.0,0.0,0.0,11927552,0,7,4,1,0,sleeping,6510,6488,0,425984,4145897,147048
2025-05-20 02:59:51,16095,2195324928,33062912,0.0,0.09907385826031362,0,13,0.87,0.32,0.0,0.0,0.0,11927552,0,7,4,1,0,sleeping,6512,6490,0,425984,4147812,147108
2025-05-20 02:59:52,16095,2195324928,33062912,0.0,0.09907385826031362,0,13,0.87,0.32,0.0,0.0,0.0,11927552,0,7,4,1,0,sleeping,6516,6494,0,425984,4149744,147184
2025-05-20 02:59:53,16095,2195324928,33062912,0.0,0.09907385826031362,0,13,0.87,0.32,0.0,0.0,0.0,11935744,0,6,4,1,0,sleeping,6519,6497,0,425984,4151668,147252
2025-05-20 02:59:54,16095,2195324928,33062912,1.9,0.09907385826031362,0,13,0.88,0.33,0.0,0.0,0.0,11948032,0,7,4,1,0,sleeping,6522,6500,0,425984,4153591,147320
2025-05-20 02:59:55,16095,2195324928,33062912,0.0,0.09907385826031362,0,13,0.88,0.33,0.0,0.0,0.0,11980800,0,7,4,1,0,sleeping,6525,6504,0,425984,4155514,147418
2025-05-20 02:59:57,16095,2195324928,33062912,0.0,0.09907385826031362,0,13,0.88,0.33,0.0,0.0,0.0,11993088,0,7,4,1,0,sleeping,6530,6507,0,425984,4159361,147486
2025-05-20 02:59:58,16095,2195324928,33062912,0.0,0.09907385826031362,0,13,0.88,0.33,0.0,0.0,0.0,11993088,0,7,4,1,0,sleeping,6534,6511,0,425984,4161303,147562
2025-05-20 02:59:59,16095,2195324928,33062912,0.0,0.09907385826031362,0,13,0.88,0.33,0.0,0.0,0.0,11993088,0,7,4,1,0,sleeping,6537,6514,0,425984,4163237,147630
2025-05-20 03:00:00,16095,2195324928,33062912,0.0,0.09907385826031362,0,13,0.88,0.33,0.0,0.0,0.0,11997184,0,6,4,1,0,sleeping,6539,6516,0,425984,4165163,147690
2025-05-20 03:00:01,16095,2195324928,33193984,0.0,0.09946661884806512,0,13,0.88,0.33,0.0,0.0,0.0,12013568,0,7,4,1,0,sleeping,6542,6519,0,430080,4167097,147758
2025-05-20 03:00:02,16095,2195324928,33193984,0.0,0.09946661884806512,0,13,0.88,0.33,0.0,0.0,0.0,12013568,0,6,4,1,0,sleeping,6545,6523,0,430080,4169031,147856
2025-05-20 03:00:03,16095,2195324928,33193984,0.0,0.09946661884806512,0,13,0.88,0.33,0.0,0.0,0.0,12017664,0,6,4,1,0,sleeping,6548,6526,0,430080,4170965,147924
2025-05-20 03:00:05,16095,2195324928,33193984,0.0,0.09946661884806512,0,13,0.88,0.33,0.0,0.0,0.0,12029952,0,6,4,1,0,sleeping,6553,6530,0,430080,4174825,148022
2025-05-20 03:00:06,16095,2195324928,33193984,0.0,0.09946661884806512,0,13,0.88,0.33,0.0,0.0,0.0,12038144,0,6,4,1,0,sleeping,6556,6534,0,430080,4176759,148120
2025-05-20 03:00:07,16095,2195324928,33193984,0.9,0.09946661884806512,0,13,0.88,0.34,0.0,0.0,0.0,12042240,0,6,4,1,0,sleeping,6559,6537,0,430080,4178693,148188
2025-05-20 03:00:08,16095,2195324928,33193984,0.0,0.09946661884806512,0,13,0.88,0.34,0.0,0.0,0.0,12042240,0,6,4,1,0,sleeping,6562,6541,0,430080,4180627,148286
2025-05-20 03:00:10,16095,2195324928,33325056,0.0,0.09985937943581659,0,13,0.88,0.34,0.0,0.0,0.0,12050432,0,6,4,1,0,sleeping,6565,6544,0,430080,4182568,148354
2025-05-20 03:00:11,16095,2195324928,33325056,0.0,0.09985937943581659,0,13,0.88,0.34,0.0,0.0,0.0,12034048,0,6,4,1,0,sleeping,6569,6546,0,430080,4186436,148414
2025-05-20 03:00:12,16095,2195324928,33325056,0.0,0.09985937943581659,0,13,0.88,0.34,0.0,0.0,0.0,12034048,0,6,4,1,0,sleeping,6572,6549,0,434176,4188379,148486
2025-05-20 03:00:13,16095,2195324928,33325056,0.0,0.09985937943581659,0,13,0.88,0.34,0.0,0.0,0.0,12038144,0,6,4,1,0,sleeping,6575,6552,0,434176,4190322,148558
2025-05-20 03:00:14,16095,2195324928,33325056,0.0,0.09985937943581659,0,13,0.88,0.34,0.0,0.0,0.0,12038144,0,6,4,1,0,sleeping,6577,6554,0,434176,4192257,148622
2025-05-20 03:00:15,16095,2195324928,33325056,0.0,0.09985937943581659,0,13,0.88,0.34,0.0,0.0,0.0,12042240,0,6,4,1,0,sleeping,6579,6556,0,434176,4194191,148686
2025-05-20 03:00:16,16095,2195324928,33325056,0.0,0.09985937943581659,0,13,0.88,0.34,0.0,0.0,0.0,12042240,0,7,4,1,0,sleeping,6582,6560,0,434176,4196142,148784
2025-05-20 03:00:17,16095,2195324928,33325056,0.0,0.09985937943581659,0,13,0.88,0.34,0.0,0.0,0.0,12042240,0,7,4,1,0,sleeping,6584,6562,0,434176,4198066,148844
2025-05-20 03:00:18,16095,2195324928,33325056,0.0,0.09985937943581659,0,13,0.88,0.34,0.0,0.0,0.0,12042240,0,7,4,1,0,sleeping,6587,6565,0,438272,4199998,148912
2025-05-20 03:00:19,16095,2195324928,33325056,0.0,0.09985937943581659,0,13,0.88,0.34,0.0,0.0,0.0,12042240,0,7,4,1,0,sleeping,6589,6567,0,438272,4201922,148972
2025-05-20 03:00:20,16095,2195324928,33325056,0.0,0.09985937943581659,0,13,0.88,0.34,0.0,0.0,0.0,12042240,0,7,4,1,0,sleeping,6592,6570,0,438272,4203854,149040
2025-05-20 03:00:22,16095,2195324928,33325056,0.0,0.09985937943581659,0,13,0.88,0.34,0.0,0.0,0.0,12042240,0,8,4,1,0,sleeping,6594,6573,0,438272,4205777,149130
2025-05-20 03:00:23,16095,2195324928,33325056,0.9,0.09985937943581659,0,13,0.89,0.34,0.0,0.0,0.0,12042240,0,8,4,1,0,sleeping,6600,6577,0,438272,4209640,149206
2025-05-20 03:00:24,16095,2195324928,33325056,0.0,0.09985937943581659,0,13,0.89,0.34,0.0,0.0,0.0,12042240,0,8,4,1,0,sleeping,6602,6579,0,438272,4211564,149266
2025-05-20 03:00:25,16095,2195324928,33325056,0.0,0.09985937943581659,0,13,0.89,0.34,0.0,0.0,0.0,12042240,0,8,4,1,0,sleeping,6604,6581,0,438272,4213488,149326
2025-05-20 03:00:26,16095,2195324928,33325056,0.0,0.09985937943581659,0,13,0.89,0.34,0.0,0.0,0.0,12042240,0,8,4,1,0,sleeping,6606,6583,0,438272,4215412,149386
2025-05-20 03:00:27,16095,2195324928,33325056,0.0,0.09985937943581659,0,13,0.89,0.34,0.0,0.0,0.0,12042240,0,7,4,1,0,sleeping,6609,6587,0,438272,4217346,149484
2025-05-20 03:00:28,16095,2195324928,33325056,0.0,0.09985937943581659,0,13,0.89,0.34,0.0,0.0,0.0,12042240,0,8,4,1,0,sleeping,6612,6590,0,438272,4219280,149552
2025-05-20 03:00:29,16095,2195324928,33325056,0.0,0.09985937943581659,0,13,0.89,0.34,0.0,0.0,0.0,12042240,0,8,4,1,0,sleeping,6615,6593,0,438272,4221214,149620
2025-05-20 03:00:30,16095,2195324928,33325056,0.0,0.09985937943581659,0,13,0.89,0.34,0.0,0.0,0.0,12042240,0,7,4,1,0,sleeping,6618,6596,0,438272,4223161,149688
2025-05-20 03:00:31,16095,2195324928,33325056,0.0,0.09985937943581659,0,13,0.89,0.34,0.0,0.0,0.0,12042240,0,8,4,1,0,sleeping,6621,6599,0,438272,4225094,149756
2025-05-20 03:00:32,16095,2195324928,33325056,0.0,0.09985937943581659,0,13,0.89,0.34,0.0,0.0,0.0,12042240,0,7,4,1,0,sleeping,6623,6601,0,438272,4227020,149818
2025-05-20 03:00:34,16095,2195324928,33325056,0.0,0.09985937943581659,0,13,0.89,0.34,0.0,0.0,0.0,12042240,0,7,4,1,0,sleeping,6626,6605,0,438272,4228957,149922
2025-05-20 03:00:35,16095,2195324928,33325056,0.0,0.09985937943581659,0,13,0.89,0.34,0.0,0.0,0.0,12042240,0,7,4,1,0,sleeping,6632,6610,0,438272,4232831,150034
2025-05-20 03:00:36,16095,2195324928,33325056,0.0,0.09985937943581659,0,13,0.89,0.34,0.0,0.0,0.0,12042240,0,7,4,1,0,sleeping,6635,6613,0,438272,4234768,150106
2025-05-20 03:00:37,16095,2195324928,33325056,0.0,0.09985937943581659,0,13,0.89,0.34,0.0,0.0,0.0,12042240,0,6,4,1,0,sleeping,6638,6617,0,438272,4236705,150210
2025-05-20 03:00:39,16095,2195324928,33325056,0.9,0.09985937943581659,0,13,0.9,0.34,0.0,0.0,0.0,12042240,0,6,4,1,0,sleeping,6642,6621,0,438272,4238650,150290
2025-05-20 03:00:40,16095,2195324928,33325056,0.9,0.09985937943581659,0,13,0.9,0.35,0.0,0.0,0.0,11845632,0,7,4,1,0,sleeping,6646,6625,0,438272,4240595,150370
2025-05-20 03:00:41,16095,2195324928,33325056,0.0,0.09985937943581659,0,13,0.9,0.35,0.0,0.0,0.0,11845632,0,7,4,1,0,sleeping,6651,6628,0,438272,4244462,150442
2025-05-20 03:00:42,16095,2195324928,33325056,0.0,0.09985937943581659,0,13,0.9,0.35,0.0,0.0,0.0,11845632,0,6,4,1,0,sleeping,6654,6631,0,442368,4246400,150514
2025-05-20 03:00:43,16095,2195324928,33325056,0.0,0.09985937943581659,0,13,0.9,0.35,0.0,0.0,0.0,11845632,0,7,4,1,0,sleeping,6657,6634,0,442368,4248338,150586
2025-05-20 03:00:44,16095,2195324928,33325056,0.0,0.09985937943581659,0,13,0.9,0.35,0.0,0.0,0.0,11845632,0,6,4,1,0,sleeping,6661,6639,0,442368,4250284,150698
2025-05-20 03:00:45,16095,2195324928,33325056,0.0,0.09985937943581659,0,13,0.9,0.35,0.0,0.0,0.0,11845632,0,7,4,1,0,sleeping,6663,6641,0,442368,4252214,150762
2025-05-20 03:00:46,16095,2195324928,33325056,0.0,0.09985937943581659,0,13,0.9,0.35,0.0,0.0,0.0,11845632,0,7,4,1,0,sleeping,6666,6644,0,442368,4254152,150834
2025-05-20 03:00:47,16095,2195324928,33325056,0.0,0.09985937943581659,0,13,0.9,0.35,0.0,0.0,0.0,11845632,0,7,4,1,0,sleeping,6670,6648,0,442368,4256098,150914
2025-05-20 03:00:48,16095,2195324928,33325056,0.0,0.09985937943581659,0,13,0.9,0.35,0.0,0.0,0.0,11845632,0,6,4,1,0,sleeping,6674,6652,0,442368,4258044,150994
2025-05-20 03:00:49,16095,2195324928,33325056,0.0,0.09985937943581659,0,13,0.9,0.35,0.0,0.0,0.0,11845632,0,6,4,1,0,sleeping,6676,6654,0,442368,4259974,151058
2025-05-20 03:00:50,16095,2195324928,33325056,0.0,0.09985937943581659,0,13,0.9,0.35,0.0,0.0,0.0,11845632,0,6,4,1,0,sleeping,6679,6658,0,442368,4261912,151162
2025-05-20 03:00:52,16095,2195324928,33325056,0.0,0.09985937943581659,0,13,0.9,0.35,0.0,0.0,0.0,11845632,0,6,4,1,0,sleeping,6682,6661,0,442368,4263850,151234
2025-05-20 03:00:53,16095,2195324928,33325056,0.0,0.09985937943581659,0,13,0.9,0.35,0.0,0.0,0.0,11845632,0,6,4,1,0,sleeping,6685,6664,0,442368,4265788,151306
2025-05-20 03:00:54,16095,2195324928,33325056,0.0,0.09985937943581659,0,13,0.9,0.35,0.0,0.0,0.0,11845632,0,6,4,1,0,sleeping,6691,6668,0,442368,4269662,151386
2025-05-20 03:00:55,16095,2195324928,33325056,0.0,0.09985937943581659,0,13,0.9,0.35,0.0,0.0,0.0,11845632,0,5,3,1,0,sleeping,6693,6670,0,442368,4271592,151450
2025-05-20 03:00:56,16095,2195324928,33325056,0.0,0.09985937943581659,0,13,0.9,0.35,0.0,0.0,0.0,11845632,0,5,3,1,0,sleeping,6696,6673,0,442368,4273530,151522
2025-05-20 03:00:57,16095,2195324928,33325056,0.0,0.09985937943581659,0,13,0.9,0.35,0.0,0.0,0.0,11845632,0,5,3,1,0,sleeping,6700,6678,0,442368,4275475,151634
2025-05-20 03:00:58,16095,2195324928,33325056,0.0,0.09985937943581659,0,13,0.9,0.35,0.0,0.0,0.0,11845632,0,5,3,1,0,sleeping,6703,6681,0,442368,4277412,151706
2025-05-20 03:00:59,16095,2195324928,33325056,0.0,0.09985937943581659,0,13,0.9,0.35,0.0,0.0,0.0,11845632,0,6,3,1,0,sleeping,6706,6684,0,442368,4279350,151778
2025-05-20 03:01:00,16095,2195324928,33325056,0.0,0.09985937943581659,0,13,0.9,0.35,0.0,0.0,0.0,11845632,0,6,3,1,0,sleeping,6709,6687,0,442368,4281288,151850
2025-05-20 03:01:01,16095,2195324928,33325056,0.0,0.09985937943581659,0,13,0.9,0.35,0.0,0.0,0.0,11845632,0,6,3,1,0,sleeping,6712,6690,0,442368,4283226,151922
2025-05-20 03:01:02,16095,2195324928,33325056,0.0,0.09985937943581659,0,13,0.9,0.35,0.0,0.0,0.0,11845632,0,5,3,1,0,sleeping,6715,6693,0,442368,4285164,151994
2025-05-20 03:01:03,16095,2195324928,33325056,0.9,0.09985937943581659,0,13,0.91,0.35,0.0,0.0,0.0,11845632,0,6,4,1,0,sleeping,6718,6697,0,442368,4287097,152098
2025-05-20 03:01:05,16095,2195324928,33325056,0.0,0.09985937943581659,0,13,0.91,0.35,0.0,0.0,0.0,11845632,0,6,4,1,0,sleeping,6721,6700,0,442368,4289030,152170
2025-05-20 03:01:06,16095,2195324928,33325056,0.0,0.09985937943581659,0,13,0.91,0.35,0.0,0.0,0.0,11845632,0,5,3,1,0,sleeping,6724,6703,0,442368,4290964,152242
2025-05-20 03:01:07,16095,2195324928,33325056,0.0,0.09985937943581659,0,13,0.91,0.35,0.0,0.0,0.0,11845632,0,6,4,1,0,sleeping,6730,6707,0,442368,4294830,152322
2025-05-20 03:01:08,16095,2195324928,33325056,0.0,0.09985937943581659,0,13,0.91,0.35,0.0,0.0,0.0,11845632,0,6,4,1,0,sleeping,6733,6710,0,442368,4296762,152394
2025-05-20 03:01:09,16095,2195324928,33325056,0.0,0.09985937943581659,0,13,0.91,0.35,0.0,0.0,0.0,11845632,0,6,4,1,0,sleeping,6735,6712,0,442368,4298687,152458
2025-05-20 03:01:10,16095,2195324928,33325056,0.0,0.09985937943581659,0,13,0.91,0.35,0.0,0.0,0.0,11845632,0,6,4,1,0,sleeping,6739,6717,0,442368,4300628,152570
2025-05-20 03:01:11,16095,2195324928,33325056,0.0,0.09985937943581659,0,13,0.91,0.35,0.0,0.0,0.0,11845632,0,6,4,1,0,sleeping,6742,6720,0,442368,4302562,152642
2025-05-20 03:01:12,16095,2195324928,33325056,0.0,0.09985937943581659,0,13,0.91,0.35,0.0,0.0,0.0,11845632,0,6,4,1,0,sleeping,6745,6723,0,442368,4304496,152714
2025-05-20 03:01:13,16095,2195324928,33325056,0.0,0.09985937943581659,0,13,0.91,0.35,0.0,0.0,0.0,11845632,0,6,4,1,0,sleeping,6748,6726,0,446464,4306430,152786
2025-05-20 03:01:14,16095,2195324928,33325056,0.0,0.09985937943581659,0,13,0.91,0.35,0.0,0.0,0.0,11845632,0,6,4,1,0,sleeping,6750,6728,0,446464,4308356,152850
2025-05-20 03:01:15,16095,2195324928,33325056,0.0,0.09985937943581659,0,13,0.91,0.35,0.0,0.0,0.0,11845632,0,6,4,1,0,sleeping,6754,6732,0,446464,4310298,152930
2025-05-20 03:01:16,16095,2195324928,33325056,0.0,0.09985937943581659,0,13,0.91,0.35,0.0,0.0,0.0,11845632,0,6,4,1,0,sleeping,6757,6736,0,446464,4312232,153034
2025-05-20 03:01:18,16095,2195324928,33325056,0.0,0.09985937943581659,0,13,0.91,0.35,0.0,0.0,0.0,11845632,0,6,4,1,0,sleeping,6760,6739,0,446464,4314166,153106
2025-05-20 03:01:19,16095,2195324928,33325056,0.0,0.09985937943581659,0,13,0.91,0.35,0.0,0.0,0.0,11845632,0,6,4,1,0,sleeping,6763,6742,0,446464,4316098,153178
2025-05-20 03:01:20,16095,2195324928,33325056,0.0,0.09985937943581659,0,13,0.91,0.35,0.0,0.0,0.0,11845632,0,6,4,1,0,sleeping,6766,6745,0,446464,4318030,153250
2025-05-20 03:01:21,16095,2195324928,33325056,0.0,0.09985937943581659,0,13,0.91,0.35,0.0,0.0,0.0,11845632,0,6,4,1,0,sleeping,6771,6748,0,446464,4321890,153322
2025-05-20 03:01:22,16095,2195324928,33325056,0.0,0.09985937943581659,0,13,0.91,0.35,0.0,0.0,0.0,11845632,0,6,4,1,0,sleeping,6774,6751,0,446464,4323824,153394
2025-05-20 03:01:23,16095,2195324928,33325056,0.0,0.09985937943581659,0,13,0.91,0.35,0.0,0.0,0.0,11845632,0,6,4,1,0,sleeping,6778,6756,0,450560,4325766,153506
2025-05-20 03:01:24,16095,2195324928,33325056,0.0,0.09985937943581659,0,13,0.91,0.35,0.0,0.0,0.0,11845632,0,6,4,1,0,sleeping,6782,6760,0,450560,4327707,153586
2025-05-20 03:01:25,16095,2195324928,33325056,0.9,0.09985937943581659,0,13,0.92,0.35,0.0,0.0,0.0,11845632,0,7,4,1,0,sleeping,6786,6764,0,450560,4329648,153666
2025-05-20 03:01:26,16095,2195324928,33325056,0.0,0.09985937943581659,0,13,0.92,0.35,0.0,0.0,0.0,11845632,0,7,4,1,0,sleeping,6788,6766,0,450560,4331574,153730
2025-05-20 03:01:27,16095,2195324928,33325056,0.0,0.09985937943581659,0,13,0.92,0.35,0.0,0.0,0.0,11845632,0,7,4,1,0,sleeping,6790,6768,0,450560,4333500,153794
2025-05-20 03:01:28,16095,2195324928,33325056,0.0,0.09985937943581659,0,13,0.92,0.35,0.0,0.0,0.0,11845632,0,7,4,1,0,sleeping,6793,6771,0,450560,4335434,153866
2025-05-20 03:01:30,16095,2195324928,33325056,0.0,0.09985937943581659,0,13,0.92,0.35,0.0,0.0,0.0,11845632,0,7,4,1,0,sleeping,6795,6774,0,450560,4337364,153962
2025-05-20 03:01:31,16095,2195324928,33325056,0.0,0.09985937943581659,0,13,0.92,0.35,0.0,0.0,0.0,11845632,0,7,4,1,0,sleeping,6797,6776,0,450560,4339294,154026
2025-05-20 03:01:32,16095,2195324928,33325056,0.0,0.09985937943581659,0,13,0.92,0.35,0.0,0.0,0.0,11845632,0,7,4,1,0,sleeping,6800,6779,0,450560,4341233,154098
2025-05-20 03:01:33,16095,2195324928,33325056,0.0,0.09985937943581659,0,13,0.92,0.35,0.0,0.0,0.0,11845632,0,7,4,1,0,sleeping,6803,6782,0,450560,4343172,154170
2025-05-20 03:01:34,16095,2195324928,33325056,0.0,0.09985937943581659,0,13,0.92,0.35,0.0,0.0,0.0,11845632,0,6,4,1,0,sleeping,6809,6786,0,450560,4347040,154250
2025-05-20 03:01:35,16095,2195324928,33325056,0.0,0.09985937943581659,0,13,0.92,0.35,0.0,0.0,0.0,11845632,0,5,3,1,0,sleeping,6812,6790,0,450560,4348978,154354
2025-05-20 03:01:36,16095,2195324928,33325056,0.0,0.09985937943581659,0,13,0.92,0.35,0.0,0.0,0.0,11845632,0,5,3,1,0,sleeping,6815,6793,0,450560,4350916,154426
2025-05-20 03:01:37,16095,2195324928,33325056,0.0,0.09985937943581659,0,13,0.92,0.35,0.0,0.0,0.0,11845632,0,5,3,1,0,sleeping,6818,6796,0,450560,4352854,154498
2025-05-20 03:01:38,16095,2195324928,33325056,0.0,0.09985937943581659,0,13,0.92,0.35,0.0,0.0,0.0,11845632,0,5,3,1,0,sleeping,6821,6799,0,450560,4354792,154570
2025-05-20 03:01:39,16095,2195324928,33325056,0.0,0.09985937943581659,0,13,0.92,0.35,0.0,0.0,0.0,11845632,0,5,3,1,0,sleeping,6824,6802,0,450560,4356730,154642
2025-05-20 03:01:40,16095,2195324928,33325056,0.0,0.09985937943581659,0,13,0.92,0.35,0.0,0.0,0.0,11845632,0,6,4,1,0,sleeping,6828,6806,0,450560,4358676,154722
2025-05-20 03:01:41,16095,2195324928,33325056,0.0,0.09985937943581659,0,13,0.92,0.35,0.0,0.0,0.0,11845632,0,6,4,1,0,sleeping,6831,6810,0,450560,4360614,154826
2025-05-20 03:01:43,16095,2195324928,33325056,0.0,0.09985937943581659,0,13,0.92,0.35,0.0,0.0,0.0,11845632,0,6,4,1,0,sleeping,6834,6813,0,450560,4362552,154898
2025-05-20 03:01:44,16095,2195324928,33325056,0.0,0.09985937943581659,0,13,0.92,0.35,0.0,0.0,0.0,11845632,0,6,4,1,0,sleeping,6837,6816,0,454656,4364490,154970
2025-05-20 03:01:45,16095,2195324928,33325056,0.9,0.09985937943581659,0,13,0.92,0.36,0.0,0.0,0.0,11845632,0,6,4,1,0,sleeping,6840,6819,0,454656,4366428,155042
2025-05-20 03:01:46,16095,2195324928,33325056,0.0,0.09985937943581659,0,13,0.92,0.36,0.0,0.0,0.0,11845632,0,6,4,1,0,sleeping,6843,6822,0,454656,4368366,155114
2025-05-20 03:01:47,16095,2195324928,33325056,0.0,0.09985937943581659,0,13,0.92,0.36,0.0,0.0,0.0,11845632,0,5,3,1,0,sleeping,6848,6825,0,454656,4372234,155186
2025-05-20 03:01:48,16095,2195324928,33325056,0.0,0.09985937943581659,0,13,0.92,0.36,0.0,0.0,0.0,11845632,0,5,3,1,0,sleeping,6852,6830,0,454656,4374180,155298
2025-05-20 03:01:49,16095,2195324928,33325056,0.0,0.09985937943581659,0,13,0.92,0.36,0.0,0.0,0.0,11845632,0,5,3,1,0,sleeping,6855,6833,0,454656,4376118,155370
2025-05-20 03:01:50,16095,2195324928,33325056,0.0,0.09985937943581659,0,13,0.92,0.36,0.0,0.0,0.0,11845632,0,5,3,1,0,sleeping,6858,6836,0,454656,4378056,155442
2025-05-20 03:01:51,16095,2195324928,33325056,0.0,0.09985937943581659,0,13,0.92,0.36,0.0,0.0,0.0,11845632,0,5,3,1,0,sleeping,6860,6838,0,454656,4379986,155506
2025-05-20 03:01:52,16095,2195324928,33325056,0.0,0.09985937943581659,0,13,0.92,0.36,0.0,0.0,0.0,11845632,0,6,4,1,0,sleeping,6862,6840,0,454656,4381916,155570
2025-05-20 03:01:53,16095,2195324928,33325056,0.0,0.09985937943581659,0,13,0.92,0.36,0.0,0.0,0.0,11845632,0,6,4,1,0,sleeping,6865,6843,0,454656,4383854,155642
2025-05-20 03:01:54,16095,2195324928,33325056,0.0,0.09985937943581659,0,13,0.92,0.36,0.0,0.0,0.0,11845632,0,6,3,1,0,sleeping,6868,6847,0,454656,4385792,155746
2025-05-20 03:01:56,16095,2195324928,33325056,0.0,0.09985937943581659,0,13,0.92,0.36,0.0,0.0,0.0,11845632,0,6,3,1,0,sleeping,6871,6850,0,454656,4387730,155818
2025-05-20 03:01:57,16095,2195324928,33325056,0.0,0.09985937943581659,0,13,0.92,0.36,0.0,0.0,0.0,11845632,0,6,3,1,0,sleeping,6874,6853,0,454656,4389668,155890
2025-05-20 03:01:58,16095,2195324928,33325056,0.0,0.09985937943581659,0,13,0.92,0.36,0.0,0.0,0.0,11845632,0,6,3,1,0,sleeping,6876,6855,0,454656,4391598,155954
2025-05-20 03:01:59,16095,2195324928,33325056,0.0,0.09985937943581659,0,13,0.92,0.36,0.0,0.0,0.0,11845632,0,6,3,1,0,sleeping,6882,6859,0,454656,4395473,156034
2025-05-20 03:02:00,16095,2195324928,33325056,0.0,0.09985937943581659,0,13,0.92,0.36,0.0,0.0,0.0,11845632,0,6,3,1,0,sleeping,6885,6862,0,454656,4397410,156106
2025-05-20 03:02:01,16095,2195324928,33325056,0.0,0.09985937943581659,0,13,0.92,0.36,0.0,0.0,0.0,11845632,0,6,3,1,0,sleeping,6889,6867,0,454656,4399356,156218
2025-05-20 03:02:02,16095,2195324928,33325056,0.0,0.09985937943581659,0,13,0.92,0.36,0.0,0.0,0.0,11845632,0,7,4,1,0,sleeping,6891,6869,0,454656,4401286,156282
2025-05-20 03:02:03,16095,2195324928,33325056,0.9,0.09985937943581659,0,13,0.93,0.36,0.0,0.0,0.0,11845632,0,7,4,1,0,sleeping,6894,6872,0,454656,4403224,156354
2025-05-20 03:02:04,16095,2195324928,33325056,0.0,0.09985937943581659,0,13,0.93,0.36,0.0,0.0,0.0,11845632,0,6,3,1,0,sleeping,6897,6875,0,454656,4405158,156426
2025-05-20 03:02:05,16095,2195324928,33325056,0.0,0.09985937943581659,0,13,0.93,0.36,0.0,0.0,0.0,11845632,0,6,3,1,0,sleeping,6899,6877,0,454656,4407084,156490
2025-05-20 03:02:06,16095,2195324928,33325056,0.0,0.09985937943581659,0,13,0.93,0.36,0.0,0.0,0.0,11845632,0,6,3,1,0,sleeping,6901,6879,0,454656,4409010,156554
2025-05-20 03:02:07,16095,2195324928,33325056,0.0,0.09985937943581659,0,13,0.93,0.36,0.0,0.0,0.0,11845632,0,6,3,1,0,sleeping,6904,6883,0,454656,4410943,156658
2025-05-20 03:02:09,16095,2195324928,33325056,0.0,0.09985937943581659,0,13,0.93,0.36,0.0,0.0,0.0,11845632,0,8,4,1,0,sleeping,6907,6886,0,454656,4412876,156730
2025-05-20 03:02:10,16095,2195324928,33325056,0.0,0.09985937943581659,0,13,0.93,0.36,0.0,0.0,0.0,11845632,0,7,4,1,0,sleeping,6911,6890,0,454656,4414818,156810
2025-05-20 03:02:11,16095,2195324928,33325056,0.0,0.09985937943581659,0,13,0.93,0.36,0.0,0.0,0.0,11845632,0,7,4,1,0,sleeping,6914,6893,0,454656,4416751,156882
2025-05-20 03:02:12,16095,2195324928,33325056,0.0,0.09985937943581659,0,13,0.93,0.36,0.0,0.0,0.0,11845632,0,7,4,1,0,sleeping,6916,6895,0,454656,4418675,156946
2025-05-20 03:02:13,16095,2195324928,33325056,0.0,0.09985937943581659,0,13,0.93,0.36,0.0,0.0,0.0,11845632,0,7,4,1,0,sleeping,6921,6898,0,454656,4422534,157018
2025-05-20 03:02:14,16095,2195324928,33325056,0.0,0.09985937943581659,0,13,0.93,0.36,0.0,0.0,0.0,11845632,0,7,4,1,0,sleeping,6925,6903,0,458752,4424476,157130
2025-05-20 03:02:15,16095,2195324928,33325056,0.0,0.09985937943581659,0,13,0.93,0.36,0.0,0.0,0.0,11952128,0,7,4,1,0,sleeping,6928,6906,0,458752,4426410,157202
2025-05-20 03:02:16,16095,2195324928,33325056,0.0,0.09985937943581659,0,13,0.93,0.36,0.0,0.0,0.0,11952128,0,7,4,1,0,sleeping,6930,6908,0,458752,4428336,157266
2025-05-20 03:02:17,16095,2195324928,33325056,0.0,0.09985937943581659,0,13,0.93,0.36,0.0,0.0,0.0,11952128,0,7,4,1,0,sleeping,6934,6912,0,458752,4430278,157346
2025-05-20 03:02:18,16095,2195324928,33325056,0.0,0.09985937943581659,0,13,0.93,0.36,0.0,0.0,0.0,11952128,0,7,4,1,0,sleeping,6937,6915,0,458752,4432212,157418
2025-05-20 03:02:19,16095,2195324928,33325056,0.0,0.09985937943581659,0,13,0.93,0.36,0.0,0.0,0.0,11952128,0,7,4,1,0,sleeping,6940,6918,0,458752,4434146,157490
2025-05-20 03:02:20,16095,2195324928,33325056,0.0,0.09985937943581659,0,13,0.93,0.36,0.0,0.0,0.0,11952128,0,7,4,1,0,sleeping,6942,6921,0,458752,4436071,157586
2025-05-20 03:02:22,16095,2195324928,33325056,0.0,0.09985937943581659,0,13,0.93,0.36,0.0,0.0,0.0,11952128,0,7,4,1,0,sleeping,6945,6924,0,458752,4438004,157658
2025-05-20 03:02:23,16095,2195324928,33325056,0.0,0.09985937943581659,0,13,0.93,0.36,0.0,0.0,0.0,11952128,0,7,4,1,0,sleeping,6949,6928,0,458752,4439946,157738
2025-05-20 03:02:24,16095,2195324928,33325056,0.0,0.09985937943581659,0,13,0.93,0.36,0.0,0.0,0.0,11952128,0,7,4,1,0,sleeping,6952,6931,0,458752,4441880,157810
2025-05-20 03:02:25,16095,2195324928,33325056,0.0,0.09985937943581659,0,13,0.93,0.36,0.0,0.0,0.0,11952128,0,7,4,1,0,sleeping,6955,6934,0,458752,4443814,157882
2025-05-20 03:02:26,16095,2195324928,33325056,0.0,0.09985937943581659,0,13,0.93,0.36,0.0,0.0,0.0,11952128,0,7,4,1,0,sleeping,6961,6938,0,458752,4447682,157962
2025-05-20 03:02:27,16095,2195324928,33325056,0.0,0.09985937943581659,0,13,0.93,0.36,0.0,0.0,0.0,11952128,0,7,4,1,0,sleeping,6964,6942,0,462848,4449616,158066
2025-05-20 03:02:28,16095,2195324928,33325056,0.9,0.09985937943581659,0,13,0.94,0.36,0.0,0.0,0.0,11952128,0,7,4,1,0,sleeping,6967,6945,0,462848,4451550,158138
2025-05-20 03:02:29,16095,2195324928,33325056,0.0,0.09985937943581659,0,13,0.94,0.36,0.0,0.0,0.0,11952128,0,7,4,1,0,sleeping,6970,6948,0,462848,4453484,158210
2025-05-20 03:02:30,16095,2195324928,33325056,0.0,0.09985937943581659,0,13,0.94,0.36,0.0,0.0,0.0,11952128,0,7,4,1,0,sleeping,6974,6952,0,462848,4455425,158290
2025-05-20 03:02:31,16095,2195324928,33325056,0.0,0.09985937943581659,0,13,0.94,0.36,0.0,0.0,0.0,11952128,0,7,4,1,0,sleeping,6976,6954,0,462848,4457350,158354
2025-05-20 03:02:32,16095,2195324928,33325056,0.0,0.09985937943581659,0,13,0.94,0.36,0.0,0.0,0.0,11952128,0,7,4,1,0,sleeping,6979,6957,0,462848,4459284,158426
2025-05-20 03:02:33,16095,2195324928,33325056,0.0,0.09985937943581659,0,13,0.94,0.36,0.0,0.0,0.0,11952128,0,7,4,1,0,sleeping,6981,6960,0,462848,4461210,158522
2025-05-20 03:02:35,16095,2195324928,33325056,0.0,0.09985937943581659,0,13,0.94,0.36,0.0,0.0,0.0,11952128,0,7,4,1,0,sleeping,6983,6962,0,462848,4463136,158586
2025-05-20 03:02:36,16095,2195324928,33325056,0.0,0.09985937943581659,0,13,0.94,0.36,0.0,0.0,0.0,11952128,0,7,4,1,0,sleeping,6985,6964,0,462848,4465062,158650
2025-05-20 03:02:37,16095,2195324928,33325056,0.0,0.09985937943581659,0,13,0.94,0.36,0.0,0.0,0.0,11952128,0,7,4,1,0,sleeping,6989,6968,0,462848,4467004,158730
2025-05-20 03:02:38,16095,2195324928,33325056,0.0,0.09985937943581659,0,13,0.94,0.36,0.0,0.0,0.0,11952128,0,7,4,1,0,sleeping,6991,6970,0,462848,4468930,158794
2025-05-20 03:02:39,16095,2195324928,33325056,0.0,0.09985937943581659,0,13,0.94,0.36,0.0,0.0,0.0,11952128,0,7,4,1,0,sleeping,6996,6973,0,462848,4472790,158866
2025-05-20 03:02:40,16095,2195324928,33325056,0.0,0.09985937943581659,0,13,0.94,0.36,0.0,0.0,0.0,11952128,0,7,4,1,0,sleeping,7000,6978,0,462848,4474732,158978
2025-05-20 03:02:41,16095,2195324928,33325056,0.0,0.09985937943581659,0,13,0.94,0.36,0.0,0.0,0.0,11952128,0,7,4,1,0,sleeping,7002,6980,0,462848,4476655,159042
2025-05-20 03:02:42,16095,2195324928,33325056,0.0,0.09985937943581659,0,13,0.94,0.36,0.0,0.0,0.0,11952128,0,7,4,1,0,sleeping,7005,6983,0,462848,4478586,159114
2025-05-20 03:02:43,16095,2195324928,33325056,0.0,0.09985937943581659,0,13,0.94,0.36,0.0,0.0,0.0,11952128,0,7,4,1,0,sleeping,7008,6986,0,462848,4480520,159186
2025-05-20 03:02:44,16095,2195324928,33325056,0.0,0.09985937943581659,0,13,0.94,0.36,0.0,0.0,0.0,11952128,0,7,4,1,0,sleeping,7010,6988,0,462848,4482445,159250
2025-05-20 03:02:45,16095,2195324928,33325056,0.0,0.09985937943581659,0,13,0.94,0.36,0.0,0.0,0.0,11952128,0,7,4,1,0,sleeping,7013,6992,0,466944,4484376,159354
2025-05-20 03:02:47,16095,2195324928,33325056,0.0,0.09985937943581659,0,13,0.94,0.36,0.0,0.0,0.0,11952128,0,7,4,1,0,sleeping,7015,6994,0,466944,4486300,159418
2025-05-20 03:02:48,16095,2195324928,33325056,0.0,0.09985937943581659,0,13,0.94,0.36,0.0,0.0,0.0,11952128,0,7,4,1,0,sleeping,7018,6997,0,466944,4488233,159490
2025-05-20 03:02:49,16095,2195324928,33325056,0.0,0.09985937943581659,0,13,0.94,0.36,0.0,0.0,0.0,11952128,0,7,4,1,0,sleeping,7022,7001,0,466944,4490174,159570
2025-05-20 03:02:50,16095,2195324928,33325056,0.0,0.09985937943581659,0,13,0.94,0.36,0.0,0.0,0.0,11952128,0,7,4,1,0,sleeping,7024,7003,0,466944,4492100,159634
2025-05-20 03:02:51,16095,2195324928,33325056,0.0,0.09985937943581659,0,13,0.94,0.36,0.0,0.0,0.0,11952128,0,7,4,1,0,sleeping,7027,7006,0,466944,4494034,159706
2025-05-20 03:02:52,16095,2195324928,33325056,0.0,0.09985937943581659,0,13,0.94,0.36,0.0,0.0,0.0,11960320,0,8,4,1,0,sleeping,7033,7011,0,466944,4497902,159818
2025-05-20 03:02:53,16095,2195324928,33325056,0.0,0.09985937943581659,0,13,0.94,0.36,0.0,0.0,0.0,11984896,0,8,4,1,0,sleeping,7035,7013,0,466944,4499828,159882
2025-05-20 03:02:54,16095,2195324928,33325056,0.9,0.09985937943581659,0,13,0.94,0.37,0.0,0.0,0.0,11993088,0,8,4,1,0,sleeping,7038,7016,0,466944,4501762,159954
2025-05-20 03:02:55,16095,2195324928,33325056,0.0,0.09985937943581659,0,13,0.94,0.37,0.0,0.0,0.0,11997184,0,8,4,1,0,sleeping,7040,7018,0,466944,4503688,160018
2025-05-20 03:02:56,16095,2195324928,33325056,0.0,0.09985937943581659,0,13,0.94,0.37,0.0,0.0,0.0,12013568,0,7,4,1,0,sleeping,7043,7021,0,466944,4505622,160090
2025-05-20 03:02:57,16095,2195324928,33325056,0.0,0.09985937943581659,0,13,0.94,0.37,0.0,0.0,0.0,12021760,0,7,4,1,0,sleeping,7046,7024,0,466944,4507556,160162
2025-05-20 03:02:58,16095,2195324928,33325056,0.0,0.09985937943581659,0,13,0.94,0.37,0.0,0.0,0.0,12042240,0,8,4,1,0,sleeping,7048,7027,0,466944,4509482,160258
2025-05-20 03:03:00,16095,2195324928,33325056,0.9,0.09985937943581659,0,13,0.95,0.37,0.0,0.0,0.0,12050432,0,8,4,1,0,sleeping,7051,7030,0,466944,4511416,160330
2025-05-20 03:03:01,16095,2195324928,33325056,0.0,0.09985937943581659,0,13,0.95,0.37,0.0,0.0,0.0,12062720,0,8,4,1,0,sleeping,7054,7033,0,466944,4513350,160402
2025-05-20 03:03:02,16095,2195324928,33325056,0.0,0.09985937943581659,0,13,0.95,0.37,0.0,0.0,0.0,12062720,0,8,4,1,0,sleeping,7058,7037,0,466944,4515292,160482
2025-05-20 03:03:03,16095,2195324928,33456128,0.0,0.1002521400235681,0,13,0.95,0.37,0.0,0.0,0.0,12083200,0,8,4,1,0,sleeping,7061,7040,0,466944,4517226,160554
2025-05-20 03:03:04,16095,2195324928,33456128,0.0,0.1002521400235681,0,13,0.95,0.37,0.0,0.0,0.0,12091392,0,7,4,1,0,sleeping,7064,7043,0,466944,4519160,160626
2025-05-20 03:03:05,16095,2195324928,33456128,0.0,0.1002521400235681,0,13,0.95,0.37,0.0,0.0,0.0,12095488,0,8,4,1,0,sleeping,7070,7048,0,466944,4523028,160738
2025-05-20 03:03:06,16095,2195324928,33456128,0.0,0.1002521400235681,0,13,0.95,0.37,0.0,0.0,0.0,12095488,0,8,4,1,0,sleeping,7072,7050,0,466944,4524954,160802
2025-05-20 03:03:07,16095,2195324928,33456128,0.0,0.1002521400235681,0,13,0.95,0.37,0.0,0.0,0.0,12095488,0,8,4,1,0,sleeping,7075,7053,0,466944,4526888,160874
2025-05-20 03:03:08,16095,2195324928,33456128,0.0,0.1002521400235681,0,13,0.95,0.37,0.0,0.0,0.0,12095488,0,8,4,1,0,sleeping,7077,7055,0,466944,4528814,160938
2025-05-20 03:03:09,16095,2195324928,33456128,0.0,0.1002521400235681,0,13,0.95,0.37,0.0,0.0,0.0,12095488,0,7,4,1,0,sleeping,7080,7058,0,466944,4530747,161010
2025-05-20 03:03:10,16095,2195324928,33456128,0.0,0.1002521400235681,0,13,0.95,0.37,0.0,0.0,0.0,12095488,0,7,4,1,0,sleeping,7082,7060,0,466944,4532672,161074
2025-05-20 03:03:11,16095,2195324928,33456128,0.0,0.1002521400235681,0,13,0.95,0.37,0.0,0.0,0.0,12095488,0,7,4,1,0,sleeping,7084,7063,0,466944,4534598,161170
2025-05-20 03:03:13,16095,2195324928,33456128,0.0,0.1002521400235681,0,13,0.95,0.37,0.0,0.0,0.0,12095488,0,7,4,1,0,sleeping,7087,7066,0,466944,4536532,161242
2025-05-20 03:03:14,16095,2195324928,33456128,0.0,0.1002521400235681,0,13,0.95,0.37,0.0,0.0,0.0,12095488,0,7,4,1,0,sleeping,7089,7068,0,466944,4538458,161306
2025-05-20 03:03:15,16095,2195324928,33456128,0.0,0.1002521400235681,0,13,0.95,0.37,0.0,0.0,0.0,12095488,0,7,4,1,0,sleeping,7092,7071,0,466944,4540392,161378
2025-05-20 03:03:16,16095,2195324928,33456128,0.0,0.1002521400235681,0,13,0.95,0.37,0.0,0.0,0.0,12095488,0,7,4,1,0,sleeping,7094,7073,0,471040,4542318,161442
2025-05-20 03:03:17,16095,2195324928,33456128,0.0,0.1002521400235681,0,13,0.95,0.37,0.0,0.0,0.0,12095488,0,7,4,1,0,sleeping,7097,7076,0,471040,4544252,161514
2025-05-20 03:03:18,16095,2195324928,33456128,0.0,0.1002521400235681,0,13,0.95,0.37,0.0,0.0,0.0,12095488,0,7,4,1,0,sleeping,7101,7081,0,471040,4546194,161626
2025-05-20 03:03:19,16095,2195324928,33456128,0.0,0.1002521400235681,0,13,0.95,0.37,0.0,0.0,0.0,12095488,0,7,4,1,0,sleeping,7107,7085,0,471040,4550062,161706
2025-05-20 03:03:20,16095,2195324928,33456128,0.0,0.1002521400235681,0,13,0.95,0.37,0.0,0.0,0.0,12095488,0,7,4,1,0,sleeping,7111,7089,0,471040,4552004,161786
2025-05-20 03:03:21,16095,2195324928,33456128,0.0,0.1002521400235681,0,13,0.95,0.37,0.0,0.0,0.0,12095488,0,7,4,1,0,sleeping,7115,7093,0,471040,4553946,161866
2025-05-20 03:03:22,16095,2195324928,33456128,0.0,0.1002521400235681,0,13,0.95,0.37,0.0,0.0,0.0,12095488,0,7,4,1,0,sleeping,7119,7097,0,471040,4555888,161946
2025-05-20 03:03:23,16095,2195324928,33456128,0.0,0.1002521400235681,0,13,0.95,0.37,0.0,0.0,0.0,12095488,0,7,4,1,0,sleeping,7122,7100,0,471040,4557822,162018
2025-05-20 03:03:24,16095,2195324928,33456128,0.0,0.1002521400235681,0,13,0.95,0.37,0.0,0.0,0.0,12095488,0,7,4,1,0,sleeping,7127,7106,0,471040,4559772,162138
2025-05-20 03:03:26,16095,2195324928,33456128,0.0,0.1002521400235681,0,13,0.95,0.37,0.0,0.0,0.0,12095488,0,7,4,1,0,sleeping,7129,7108,0,471040,4561698,162202
2025-05-20 03:03:27,16095,2195324928,33456128,0.0,0.1002521400235681,0,13,0.95,0.37,0.0,0.0,0.0,12095488,0,7,4,1,0,sleeping,7131,7110,0,471040,4563624,162266
2025-05-20 03:03:28,16095,2195324928,33456128,0.0,0.1002521400235681,0,13,0.95,0.37,0.0,0.0,0.0,12095488,0,7,4,1,0,sleeping,7134,7113,0,471040,4565558,162338
2025-05-20 03:03:29,16095,2195324928,33456128,0.9,0.1002521400235681,0,13,0.96,0.37,0.0,0.0,0.0,12095488,0,7,4,1,0,sleeping,7138,7117,0,471040,4567500,162418
2025-05-20 03:03:30,16095,2195324928,33456128,0.0,0.1002521400235681,0,13,0.96,0.37,0.0,0.0,0.0,12095488,0,7,4,1,0,sleeping,7142,7121,0,471040,4569442,162498
2025-05-20 03:03:31,16095,2195324928,33456128,0.0,0.1002521400235681,0,13,0.96,0.37,0.0,0.0,0.0,12095488,0,7,4,1,0,sleeping,7146,7126,0,475136,4571383,162610
2025-05-20 03:03:32,16095,2195324928,33456128,0.0,0.1002521400235681,0,13,0.96,0.37,0.0,0.0,0.0,12095488,0,7,4,1,0,sleeping,7152,7130,0,475136,4575250,162690
2025-05-20 03:03:33,16095,2195324928,33456128,0.0,0.1002521400235681,0,13,0.96,0.37,0.0,0.0,0.0,12095488,0,7,4,1,0,sleeping,7156,7134,0,475136,4577192,162770
2025-05-20 03:03:34,16095,2195324928,33456128,0.0,0.1002521400235681,0,13,0.96,0.37,0.0,0.0,0.0,12095488,0,7,4,1,0,sleeping,7159,7137,0,475136,4579126,162842
2025-05-20 03:03:35,16095,2195324928,33456128,0.0,0.1002521400235681,0,13,0.96,0.37,0.0,0.0,0.0,12095488,0,7,4,1,0,sleeping,7162,7140,0,475136,4581060,162914
2025-05-20 03:03:36,16095,2195324928,33456128,0.0,0.1002521400235681,0,13,0.96,0.37,0.0,0.0,0.0,12095488,0,7,4,1,0,sleeping,7164,7142,0,475136,4582986,162978
2025-05-20 03:03:37,16095,2195324928,33456128,0.0,0.1002521400235681,0,13,0.96,0.37,0.0,0.0,0.0,12095488,0,7,4,1,0,sleeping,7166,7145,0,475136,4584912,163074
2025-05-20 03:03:39,16095,2195324928,33456128,0.0,0.1002521400235681,0,13,0.96,0.37,0.0,0.0,0.0,12095488,0,7,4,1,0,sleeping,7170,7149,0,475136,4586854,163154
2025-05-20 03:03:40,16095,2195324928,33456128,0.0,0.1002521400235681,0,13,0.96,0.37,0.0,0.0,0.0,12095488,0,7,4,1,0,sleeping,7175,7154,0,475136,4588804,163242
2025-05-20 03:03:41,16095,2195324928,33456128,0.0,0.1002521400235681,0,13,0.96,0.37,0.0,0.0,0.0,12095488,0,7,4,1,0,sleeping,7179,7158,0,475136,4590746,163322
2025-05-20 03:03:42,16095,2195324928,33456128,0.0,0.1002521400235681,0,13,0.96,0.37,0.0,0.0,0.0,12095488,0,7,4,1,0,sleeping,7182,7161,0,475136,4592680,163394
2025-05-20 03:03:43,16095,2195324928,33456128,0.0,0.1002521400235681,0,13,0.96,0.37,0.0,0.0,0.0,12095488,0,7,4,1,0,sleeping,7184,7163,0,475136,4594606,163458
2025-05-20 03:03:44,16095,2195324928,33456128,0.0,0.1002521400235681,0,13,0.96,0.37,0.0,0.0,0.0,12095488,0,7,4,1,0,sleeping,7188,7168,0,475136,4596548,163570
2025-05-20 03:03:45,16095,2195324928,33456128,0.0,0.1002521400235681,0,13,0.96,0.37,0.0,0.0,0.0,12095488,0,7,4,1,0,sleeping,7192,7170,0,475136,4600400,163634
2025-05-20 03:03:46,16095,2195324928,33456128,0.0,0.1002521400235681,0,13,0.96,0.37,0.0,0.0,0.0,12095488,0,7,4,1,0,sleeping,7194,7172,0,479232,4602326,163698
2025-05-20 03:03:47,16095,2195324928,33275904,0.0,0.0997120942154098,0,13,0.96,0.37,0.0,0.0,0.0,11837440,0,7,4,1,0,sleeping,7197,7175,0,479232,4604260,163770
2025-05-20 03:03:48,16095,2195324928,33275904,0.0,0.0997120942154098,0,13,0.96,0.37,0.0,0.0,0.0,11837440,0,7,4,1,0,sleeping,7200,7178,0,479232,4606194,163842
2025-05-20 03:03:49,16095,2195324928,33275904,0.0,0.0997120942154098,0,13,0.96,0.37,0.0,0.0,0.0,11837440,0,7,4,1,0,sleeping,7204,7182,0,479232,4608136,163922
2025-05-20 03:03:50,16095,2195324928,33275904,0.0,0.0997120942154098,0,13,0.96,0.37,0.0,0.0,0.0,11837440,0,7,4,1,0,sleeping,7208,7187,0,479232,4610078,164034
2025-05-20 03:03:52,16095,2195324928,33275904,0.0,0.0997120942154098,0,13,0.96,0.37,0.0,0.0,0.0,11837440,0,7,4,1,0,sleeping,7211,7190,0,479232,4612012,164106
2025-05-20 03:03:53,16095,2195324928,33275904,0.0,0.0997120942154098,0,13,0.96,0.37,0.0,0.0,0.0,11837440,0,7,4,1,0,sleeping,7214,7193,0,479232,4613946,164178
2025-05-20 03:03:54,16095,2195324928,33275904,0.9,0.0997120942154098,0,13,0.97,0.37,0.0,0.0,0.0,11837440,0,7,4,1,0,sleeping,7217,7196,0,479232,4615880,164250
2025-05-20 03:03:55,16095,2195324928,33275904,0.0,0.0997120942154098,0,13,0.97,0.37,0.0,0.0,0.0,11837440,0,7,4,1,0,sleeping,7220,7199,0,479232,4617814,164322
2025-05-20 03:03:56,16095,2195324928,33275904,0.0,0.0997120942154098,0,13,0.97,0.37,0.0,0.0,0.0,11837440,0,7,4,1,0,sleeping,7223,7202,0,479232,4619745,164394
2025-05-20 03:03:57,16095,2195324928,33275904,0.0,0.0997120942154098,0,13,0.97,0.37,0.0,0.0,0.0,11837440,0,7,4,1,0,sleeping,7226,7206,0,479232,4621675,164498
2025-05-20 03:03:58,16095,2195324928,33275904,0.0,0.0997120942154098,0,13,0.97,0.37,0.0,0.0,0.0,11837440,0,7,4,1,0,sleeping,7232,7210,0,479232,4625542,164578
2025-05-20 03:03:59,16095,2195324928,33275904,0.0,0.0997120942154098,0,13,0.97,0.37,0.0,0.0,0.0,11837440,0,7,4,1,0,sleeping,7235,7213,0,479232,4627476,164650
2025-05-20 03:04:00,16095,2195324928,33275904,0.0,0.0997120942154098,0,13,0.97,0.37,0.0,0.0,0.0,11837440,0,7,4,1,0,sleeping,7238,7216,0,479232,4629410,164722
2025-05-20 03:04:01,16095,2195324928,33275904,0.0,0.0997120942154098,0,13,0.97,0.37,0.0,0.0,0.0,11837440,0,7,4,1,0,sleeping,7241,7219,0,479232,4631343,164794
2025-05-20 03:04:02,16095,2195324928,33275904,0.0,0.0997120942154098,0,13,0.97,0.37,0.0,0.0,0.0,11837440,0,7,4,1,0,sleeping,7244,7222,0,479232,4633276,164866
2025-05-20 03:04:03,16095,2195324928,33275904,0.0,0.0997120942154098,0,13,0.97,0.37,0.0,0.0,0.0,11837440,0,7,4,1,0,sleeping,7248,7227,0,479232,4635218,164978
2025-05-20 03:04:05,16095,2195324928,33275904,0.9,0.0997120942154098,0,13,0.97,0.38,0.0,0.0,0.0,11837440,0,7,4,1,0,sleeping,7251,7230,0,479232,4637152,165050
2025-05-20 03:04:06,16095,2195324928,33275904,0.0,0.0997120942154098,0,13,0.97,0.38,0.0,0.0,0.0,11837440,0,7,4,1,0,sleeping,7255,7234,0,479232,4639094,165130
2025-05-20 03:04:07,16095,2195324928,33275904,0.0,0.0997120942154098,0,13,0.97,0.38,0.0,0.0,0.0,11837440,0,7,4,1,0,sleeping,7258,7237,0,479232,4641028,165202
2025-05-20 03:04:08,16095,2195324928,33275904,0.0,0.0997120942154098,0,13,0.97,0.38,0.0,0.0,0.0,11837440,0,7,4,1,0,sleeping,7261,7240,0,479232,4642962,165274
2025-05-20 03:04:09,16095,2195324928,33275904,0.0,0.0997120942154098,0,13,0.97,0.38,0.0,0.0,0.0,11837440,0,7,4,1,0,sleeping,7264,7243,0,479232,4644896,165346
2025-05-20 03:04:10,16095,2195324928,33275904,0.0,0.0997120942154098,0,13,0.97,0.38,0.0,0.0,0.0,11837440,0,7,4,1,0,sleeping,7268,7248,0,479232,4646838,165458
2025-05-20 03:04:11,16095,2195324928,33275904,0.0,0.0997120942154098,0,13,0.97,0.38,0.0,0.0,0.0,11837440,0,7,4,1,0,sleeping,7271,7251,0,479232,4648772,165530
2025-05-20 03:04:12,16095,2195324928,33275904,0.0,0.0997120942154098,0,13,0.97,0.38,0.0,0.0,0.0,11837440,0,7,4,1,0,sleeping,7277,7255,0,479232,4652640,165610
2025-05-20 03:04:13,16095,2195324928,33275904,0.0,0.0997120942154098,0,13,0.97,0.38,0.0,0.0,0.0,11837440,0,7,4,1,0,sleeping,7280,7258,0,479232,4654574,165682
2025-05-20 03:04:14,16095,2195324928,33275904,0.0,0.0997120942154098,0,13,0.97,0.38,0.0,0.0,0.0,11837440,0,7,4,1,0,sleeping,7283,7261,0,479232,4656508,165754
2025-05-20 03:04:15,16095,2195324928,33275904,0.0,0.0997120942154098,0,13,0.97,0.38,0.0,0.0,0.0,11837440,0,7,4,1,0,sleeping,7285,7263,0,479232,4658434,165818
2025-05-20 03:04:16,16095,2195324928,33275904,0.0,0.0997120942154098,0,13,0.97,0.38,0.0,0.0,0.0,11837440,0,7,4,1,0,sleeping,7287,7266,0,483328,4660360,165914
2025-05-20 03:04:18,16095,2195324928,33275904,0.0,0.0997120942154098,0,13,0.97,0.38,0.0,0.0,0.0,11837440,0,7,4,1,0,sleeping,7289,7268,0,483328,4662286,165978
2025-05-20 03:04:19,16095,2195324928,33275904,0.0,0.0997120942154098,0,13,0.97,0.38,0.0,0.0,0.0,11837440,0,7,4,1,0,sleeping,7293,7272,0,483328,4664227,166058
2025-05-20 03:04:20,16095,2195324928,33275904,0.0,0.0997120942154098,0,13,0.97,0.38,0.0,0.0,0.0,11837440,0,7,4,1,0,sleeping,7296,7275,0,483328,4666160,166130
2025-05-20 03:04:21,16095,2195324928,33275904,0.9,0.0997120942154098,0,13,0.98,0.38,0.0,0.0,0.0,11837440,0,7,4,1,0,sleeping,7299,7278,0,483328,4668094,166202
2025-05-20 03:04:22,16095,2195324928,33275904,0.0,0.0997120942154098,0,13,0.98,0.38,0.0,0.0,0.0,11837440,0,7,4,1,0,sleeping,7301,7280,0,483328,4670020,166266
2025-05-20 03:04:23,16095,2195324928,33275904,0.0,0.0997120942154098,0,13,0.98,0.38,0.0,0.0,0.0,11837440,0,7,4,1,0,sleeping,7305,7285,0,483328,4671962,166378
2025-05-20 03:04:24,16095,2195324928,33275904,0.0,0.0997120942154098,0,13,0.98,0.38,0.0,0.0,0.0,11837440,0,7,4,1,0,sleeping,7308,7288,0,483328,4673896,166450
2025-05-20 03:04:25,16095,2195324928,33275904,0.0,0.0997120942154098,0,13,0.98,0.38,0.0,0.0,0.0,11837440,0,7,4,1,0,sleeping,7312,7290,0,483328,4677748,166514
2025-05-20 03:04:26,16095,2195324928,33275904,0.0,0.0997120942154098,0,13,0.98,0.38,0.0,0.0,0.0,11837440,0,7,4,1,0,sleeping,7315,7293,0,483328,4679682,166586
2025-05-20 03:04:27,16095,2195324928,33275904,0.0,0.0997120942154098,0,13,0.98,0.38,0.0,0.0,0.0,11837440,0,7,4,1,0,sleeping,7317,7295,0,483328,4681608,166650
2025-05-20 03:04:28,16095,2195324928,33275904,0.0,0.0997120942154098,0,13,0.98,0.38,0.0,0.0,0.0,11837440,0,7,4,1,0,sleeping,7320,7298,0,483328,4683540,166722
2025-05-20 03:04:29,16095,2195324928,33275904,0.0,0.0997120942154098,0,13,0.98,0.38,0.0,0.0,0.0,11837440,0,7,4,1,0,sleeping,7324,7303,0,483328,4685480,166834
2025-05-20 03:04:31,16095,2195324928,33275904,0.0,0.0997120942154098,0,13,0.98,0.38,0.0,0.0,0.0,11837440,0,7,4,1,0,sleeping,7327,7306,0,483328,4687414,166906
2025-05-20 03:04:32,16095,2195324928,33275904,0.0,0.0997120942154098,0,13,0.98,0.38,0.0,0.0,0.0,11837440,0,7,4,1,0,sleeping,7330,7309,0,483328,4689348,166978
2025-05-20 03:04:33,16095,2195324928,33275904,0.0,0.0997120942154098,0,13,0.98,0.38,0.0,0.0,0.0,11837440,0,7,4,1,0,sleeping,7332,7311,0,483328,4691274,167042
2025-05-20 03:04:34,16095,2195324928,33275904,0.0,0.0997120942154098,0,13,0.98,0.38,0.0,0.0,0.0,11837440,0,7,4,1,0,sleeping,7335,7314,0,483328,4693208,167114
2025-05-20 03:04:35,16095,2195324928,33275904,0.0,0.0997120942154098,0,13,0.98,0.38,0.0,0.0,0.0,11837440,0,7,4,1,0,sleeping,7338,7317,0,483328,4695142,167186
2025-05-20 03:04:36,16095,2195324928,33275904,0.0,0.0997120942154098,0,13,0.98,0.38,0.0,0.0,0.0,11837440,0,7,4,1,0,sleeping,7342,7322,0,487424,4697084,167298
2025-05-20 03:04:37,16095,2195324928,33275904,0.0,0.0997120942154098,0,13,0.98,0.38,0.0,0.0,0.0,11837440,0,7,4,1,0,sleeping,7345,7325,0,487424,4699017,167370
2025-05-20 03:04:38,16095,2195324928,33275904,0.0,0.0997120942154098,0,13,0.98,0.38,0.0,0.0,0.0,11837440,0,7,4,1,0,sleeping,7350,7328,0,487424,4702876,167442
2025-05-20 03:04:39,16095,2195324928,33275904,0.0,0.0997120942154098,0,13,0.98,0.38,0.0,0.0,0.0,11837440,0,7,4,1,0,sleeping,7353,7331,0,487424,4704810,167514
2025-05-20 03:04:40,16095,2195324928,33275904,0.0,0.0997120942154098,0,13,0.98,0.38,0.0,0.0,0.0,11837440,0,7,4,1,0,sleeping,7356,7334,0,487424,4706744,167586
2025-05-20 03:04:41,16095,2195324928,33275904,0.9,0.0997120942154098,0,13,0.99,0.38,0.0,0.0,0.0,11837440,0,7,4,1,0,sleeping,7359,7337,0,487424,4708678,167658
2025-05-20 03:04:42,16095,2195324928,33275904,0.0,0.0997120942154098,0,13,0.99,0.38,0.0,0.0,0.0,11837440,0,7,4,1,0,sleeping,7363,7342,0,487424,4710620,167770
2025-05-20 03:04:44,16095,2195324928,33275904,0.0,0.0997120942154098,0,13,0.99,0.38,0.0,0.0,0.0,11837440,0,7,4,1,0,sleeping,7365,7344,0,487424,4712546,167834
2025-05-20 03:04:45,16095,2195324928,33275904,0.0,0.0997120942154098,0,13,0.99,0.38,0.0,0.0,0.0,11837440,0,7,4,1,0,sleeping,7368,7347,0,487424,4714480,167906
2025-05-20 03:04:46,16095,2195324928,33275904,0.0,0.0997120942154098,0,13,0.99,0.38,0.0,0.0,0.0,11837440,0,7,4,1,0,sleeping,7371,7350,0,487424,4716414,167978
2025-05-20 03:04:47,16095,2195324928,33275904,0.0,0.0997120942154098,0,13,0.99,0.38,0.0,0.0,0.0,11837440,0,7,4,1,0,sleeping,7374,7353,0,487424,4718348,168050
2025-05-20 03:04:48,16095,2195324928,33275904,0.0,0.0997120942154098,0,13,0.99,0.38,0.0,0.0,0.0,11837440,0,7,4,1,0,sleeping,7376,7355,0,491520,4720274,168114
2025-05-20 03:04:49,16095,2195324928,33275904,0.0,0.0997120942154098,0,13,0.99,0.38,0.0,0.0,0.0,11837440,0,7,4,1,0,sleeping,7380,7360,0,491520,4722216,168226
2025-05-20 03:04:50,16095,2195324928,33275904,0.0,0.0997120942154098,0,13,0.99,0.38,0.0,0.0,0.0,11837440,0,7,4,1,0,sleeping,7383,7363,0,491520,4724150,168298
2025-05-20 03:04:51,16095,2195324928,33275904,0.0,0.0997120942154098,0,13,0.99,0.38,0.0,0.0,0.0,11837440,0,7,4,1,0,sleeping,7386,7366,0,491520,4726084,168370
2025-05-20 03:04:52,16095,2195324928,33275904,0.0,0.0997120942154098,0,13,0.99,0.38,0.0,0.0,0.0,11837440,0,7,4,1,0,sleeping,7391,7369,0,491520,4729942,168442
2025-05-20 03:04:53,16095,2195324928,33275904,0.0,0.0997120942154098,0,13,0.99,0.38,0.0,0.0,0.0,11837440,0,7,4,1,0,sleeping,7394,7372,0,491520,4731876,168514
2025-05-20 03:04:54,16095,2195324928,33275904,0.0,0.0997120942154098,0,13,0.99,0.38,0.0,0.0,0.0,11837440,0,7,4,1,0,sleeping,7398,7376,0,491520,4733818,168594
2025-05-20 03:04:55,16095,2195324928,33275904,0.0,0.0997120942154098,0,13,0.99,0.38,0.0,0.0,0.0,11837440,0,7,4,1,0,sleeping,7402,7381,0,491520,4735760,168706
2025-05-20 03:04:57,16095,2195324928,33275904,0.0,0.0997120942154098,0,13,0.99,0.38,0.0,0.0,0.0,11837440,0,7,4,1,0,sleeping,7405,7384,0,491520,4737694,168778
2025-05-20 03:04:58,16095,2195324928,33275904,0.0,0.0997120942154098,0,13,0.99,0.38,0.0,0.0,0.0,11837440,0,7,4,1,0,sleeping,7409,7388,0,491520,4739636,168858
2025-05-20 03:04:59,16095,2195324928,33275904,0.0,0.0997120942154098,0,13,0.99,0.38,0.0,0.0,0.0,11837440,0,7,4,1,0,sleeping,7413,7392,0,491520,4741577,168938
2025-05-20 03:05:00,16095,2195324928,33275904,0.0,0.0997120942154098,0,13,0.99,0.38,0.0,0.0,0.0,11837440,0,7,4,1,0,sleeping,7415,7394,0,491520,4743502,169002
2025-05-20 03:05:01,16095,2195324928,33275904,0.0,0.0997120942154098,0,13,0.99,0.38,0.0,0.0,0.0,11837440,0,7,4,1,0,sleeping,7418,7397,0,491520,4745436,169074
2025-05-20 03:05:02,16095,2195324928,33275904,0.9,0.0997120942154098,0,13,1.0,0.38,0.0,0.0,0.0,11837440,0,7,4,1,0,sleeping,7422,7402,0,491520,4747378,169186
2025-05-20 03:05:03,16095,2195324928,33275904,0.0,0.0997120942154098,0,13,1.0,0.38,0.0,0.0,0.0,11837440,0,7,4,1,0,sleeping,7425,7405,0,491520,4749312,169258
2025-05-20 03:05:04,16095,2195324928,33275904,0.0,0.0997120942154098,0,13,1.0,0.38,0.0,0.0,0.0,11837440,0,7,4,1,0,sleeping,7428,7408,0,491520,4751246,169330
2025-05-20 03:05:05,16095,2195324928,33275904,0.0,0.0997120942154098,0,13,1.0,0.38,0.0,0.0,0.0,11837440,0,7,4,1,0,sleeping,7433,7411,0,491520,4755106,169402
2025-05-20 03:05:06,16095,2195324928,33275904,0.0,0.0997120942154098,0,13,1.0,0.38,0.0,0.0,0.0,11837440,0,7,4,1,0,sleeping,7436,7414,0,491520,4757040,169474
2025-05-20 03:05:07,16095,2195324928,33275904,0.0,0.0997120942154098,0,13,1.0,0.38,0.0,0.0,0.0,11837440,0,7,4,1,0,sleeping,7439,7417,0,491520,4758974,169546
2025-05-20 03:05:08,16095,2195324928,33275904,0.0,0.0997120942154098,0,13,1.0,0.38,0.0,0.0,0.0,11837440,0,7,4,1,0,sleeping,7442,7421,0,491520,4760908,169650
2025-05-20 03:05:10,16095,2195324928,33275904,0.0,0.0997120942154098,0,13,1.0,0.38,0.0,0.0,0.0,11837440,0,7,4,1,0,sleeping,7445,7424,0,491520,4762842,169722
2025-05-20 03:05:11,16095,2195324928,33275904,0.0,0.0997120942154098,0,13,1.0,0.38,0.0,0.0,0.0,11837440,0,7,4,1,0,sleeping,7448,7427,0,491520,4764776,169794
2025-05-20 03:05:12,16095,2195324928,33275904,0.0,0.0997120942154098,0,13,1.0,0.38,0.0,0.0,0.0,11837440,0,7,4,1,0,sleeping,7451,7430,0,491520,4766710,169866
2025-05-20 03:05:13,16095,2195324928,33275904,0.0,0.0997120942154098,0,13,1.0,0.38,0.0,0.0,0.0,11837440,0,7,4,1,0,sleeping,7455,7434,0,491520,4768652,169946
2025-05-20 03:05:14,16095,2195324928,33275904,0.0,0.0997120942154098,0,13,1.0,0.38,0.0,0.0,0.0,11837440,0,7,4,1,0,sleeping,7459,7438,0,491520,4770593,170026
2025-05-20 03:05:15,16095,2195324928,33275904,0.0,0.0997120942154098,0,13,1.0,0.38,0.0,0.0,0.0,11837440,0,7,4,1,0,sleeping,7462,7442,0,491520,4772526,170130
2025-05-20 03:05:16,16095,2195324928,33275904,0.0,0.0997120942154098,0,13,1.0,0.38,0.0,0.0,0.0,11837440,0,7,4,1,0,sleeping,7465,7445,0,491520,4774459,170202
2025-05-20 03:05:17,16095,2195324928,33275904,0.0,0.0997120942154098,0,13,1.0,0.38,0.0,0.0,0.0,11837440,0,7,4,1,0,sleeping,7468,7448,0,491520,4776392,170274
2025-05-20 03:05:18,16095,2195324928,33275904,0.0,0.0997120942154098,0,13,1.0,0.38,0.0,0.0,0.0,11837440,0,7,4,1,0,sleeping,7473,7451,0,495616,4780252,170346
2025-05-20 03:05:19,16095,2195324928,33275904,0.0,0.0997120942154098,0,13,1.0,0.38,0.0,0.0,0.0,11845632,0,7,4,1,0,sleeping,7476,7454,0,495616,4782186,170418
2025-05-20 03:05:20,16095,2195324928,33275904,0.9,0.0997120942154098,0,13,1.01,0.38,0.0,0.0,0.0,11845632,0,7,4,1,0,sleeping,7478,7456,0,495616,4784112,170482
2025-05-20 03:05:22,16095,2195324928,33275904,0.0,0.0997120942154098,0,13,1.01,0.38,0.0,0.0,0.0,11845632,0,7,4,1,0,sleeping,7481,7460,0,495616,4786046,170586
2025-05-20 03:05:23,16095,2195324928,33275904,0.0,0.0997120942154098,0,13,1.01,0.38,0.0,0.0,0.0,11845632,0,7,4,1,0,sleeping,7484,7463,0,495616,4787980,170658
2025-05-20 03:05:24,16095,2195324928,33275904,0.0,0.0997120942154098,0,13,1.01,0.38,0.0,0.0,0.0,11845632,0,7,4,1,0,sleeping,7487,7466,0,495616,4789914,170730
2025-05-20 03:05:25,16095,2195324928,33275904,0.0,0.0997120942154098,0,13,1.01,0.38,0.0,0.0,0.0,11845632,0,6,3,1,0,sleeping,7490,7469,0,495616,4791847,170802
2025-05-20 03:05:26,16095,2195324928,33275904,0.0,0.0997120942154098,0,13,1.01,0.38,0.0,0.0,0.0,11845632,0,6,3,1,0,sleeping,7493,7472,0,495616,4793779,170874
2025-05-20 03:05:27,16095,2195324928,33275904,0.0,0.0997120942154098,0,13,1.01,0.38,0.0,0.0,0.0,11845632,0,6,3,1,0,sleeping,7496,7475,0,495616,4795712,170946
2025-05-20 03:05:28,16095,2195324928,33275904,0.0,0.0997120942154098,0,13,1.01,0.38,0.0,0.0,0.0,11845632,0,5,3,1,0,sleeping,7501,7481,0,495616,4797662,171066
2025-05-20 03:05:29,16095,2195324928,33275904,0.0,0.0997120942154098,0,13,1.01,0.38,0.0,0.0,0.0,11845632,0,5,3,1,0,sleeping,7504,7484,0,495616,4799594,171138
2025-05-20 03:05:30,16095,2195324928,33275904,0.0,0.0997120942154098,0,13,1.01,0.38,0.0,0.0,0.0,11845632,0,5,3,1,0,sleeping,7507,7487,0,495616,4801526,171210
2025-05-20 03:05:31,16095,2195324928,33275904,0.0,0.0997120942154098,0,13,1.01,0.38,0.0,0.0,0.0,11845632,0,5,3,1,0,sleeping,7513,7491,0,495616,4805394,171290
2025-05-20 03:05:32,16095,2195324928,33275904,0.0,0.0997120942154098,0,13,1.01,0.38,0.0,0.0,0.0,11845632,0,5,3,1,0,sleeping,7516,7494,0,495616,4807328,171362
2025-05-20 03:05:33,16095,2195324928,33275904,0.0,0.0997120942154098,0,13,1.01,0.38,0.0,0.0,0.0,11845632,0,6,3,1,0,sleeping,7520,7498,0,495616,4809269,171442
2025-05-20 03:05:35,16095,2195324928,33275904,0.0,0.0997120942154098,0,13,1.01,0.38,0.0,0.0,0.0,11845632,0,7,4,1,0,sleeping,7523,7502,0,495616,4811202,171546
2025-05-20 03:05:36,16095,2195324928,33275904,0.0,0.0997120942154098,0,13,1.01,0.38,0.0,0.0,0.0,11845632,0,6,3,1,0,sleeping,7526,7505,0,495616,4813136,171618
2025-05-20 03:05:37,16095,2195324928,33275904,0.0,0.0997120942154098,0,13,1.01,0.38,0.0,0.0,0.0,11845632,0,7,4,1,0,sleeping,7529,7508,0,495616,4815070,171690
2025-05-20 03:05:38,16095,2195324928,33275904,0.0,0.0997120942154098,0,13,1.01,0.38,0.0,0.0,0.0,11845632,0,7,4,1,0,sleeping,7532,7511,0,495616,4817004,171762
2025-05-20 03:05:39,16095,2195324928,33275904,0.0,0.0997120942154098,0,13,1.01,0.38,0.0,0.0,0.0,11845632,0,7,4,1,0,sleeping,7535,7514,0,495616,4818938,171834
2025-05-20 03:05:40,16095,2195324928,33275904,0.0,0.0997120942154098,0,13,1.01,0.38,0.0,0.0,0.0,11845632,0,7,4,1,0,sleeping,7539,7519,0,499712,4820879,171946
2025-05-20 03:05:41,16095,2195324928,33275904,0.0,0.0997120942154098,0,13,1.01,0.38,0.0,0.0,0.0,11845632,0,7,4,1,0,sleeping,7543,7523,0,499712,4822820,172026
2025-05-20 03:05:42,16095,2195324928,33275904,0.0,0.0997120942154098,0,13,1.01,0.38,0.0,0.0,0.0,11845632,0,7,4,1,0,sleeping,7546,7526,0,499712,4824754,172098
2025-05-20 03:05:43,16095,2195324928,33275904,0.0,0.0997120942154098,0,13,1.01,0.38,0.0,0.0,0.0,11845632,0,7,4,1,0,sleeping,7549,7529,0,499712,4826688,172170
2025-05-20 03:05:44,16095,2195324928,33275904,0.0,0.0997120942154098,0,13,1.01,0.38,0.0,0.0,0.0,11845632,0,7,4,1,0,sleeping,7554,7532,0,499712,4830548,172242
2025-05-20 03:05:45,16095,2195324928,33275904,0.0,0.0997120942154098,0,13,1.01,0.38,0.0,0.0,0.0,11845632,0,7,4,1,0,sleeping,7557,7535,0,499712,4832482,172314
2025-05-20 03:05:46,16095,2195324928,33275904,0.0,0.0997120942154098,0,13,1.01,0.38,0.0,0.0,0.0,11845632,0,7,4,1,0,sleeping,7560,7538,0,499712,4834416,172386
2025-05-20 03:05:48,16095,2195324928,33275904,0.9,0.0997120942154098,0,13,1.02,0.38,0.0,0.0,0.0,11845632,0,7,4,1,0,sleeping,7563,7542,0,499712,4836350,172490
2025-05-20 03:05:49,16095,2195324928,33275904,0.0,0.0997120942154098,0,13,1.02,0.38,0.0,0.0,0.0,11845632,0,7,4,1,0,sleeping,7566,7545,0,499712,4838284,172562
2025-05-20 03:05:50,16095,2195324928,33275904,0.0,0.0997120942154098,0,13,1.02,0.38,0.0,0.0,0.0,11845632,0,6,3,1,0,sleeping,7569,7548,0,503808,4840218,172634
2025-05-20 03:05:51,16095,2195324928,33275904,0.0,0.0997120942154098,0,13,1.02,0.38,0.0,0.0,0.0,11845632,0,6,3,1,0,sleeping,7571,7550,0,503808,4842144,172698
2025-05-20 03:05:52,16095,2195324928,33275904,0.0,0.0997120942154098,0,13,1.02,0.38,0.0,0.0,0.0,11845632,0,6,3,1,0,sleeping,7574,7553,0,503808,4844078,172770
2025-05-20 03:05:53,16095,2195324928,33275904,0.0,0.0997120942154098,0,13,1.02,0.38,0.0,0.0,0.0,11845632,0,6,3,1,0,sleeping,7577,7556,0,503808,4846012,172842
2025-05-20 03:05:54,16095,2195324928,33275904,0.0,0.0997120942154098,0,13,1.02,0.38,0.0,0.0,0.0,11845632,0,7,4,1,0,sleeping,7581,7561,0,503808,4847954,172954
2025-05-20 03:05:55,16095,2195324928,33275904,0.0,0.0997120942154098,0,13,1.02,0.38,0.0,0.0,0.0,11845632,0,7,4,1,0,sleeping,7583,7563,0,503808,4849880,173018
2025-05-20 03:05:56,16095,2195324928,33275904,0.0,0.0997120942154098,0,13,1.02,0.38,0.0,0.0,0.0,11845632,0,6,3,1,0,sleeping,7586,7566,0,503808,4851813,173090
2025-05-20 03:05:57,16095,2195324928,33275904,0.0,0.0997120942154098,0,13,1.02,0.38,0.0,0.0,0.0,11845632,0,6,3,1,0,sleeping,7589,7569,0,503808,4853746,173162
2025-05-20 03:05:58,16095,2195324928,33275904,0.0,0.0997120942154098,0,13,1.02,0.38,0.0,0.0,0.0,11845632,0,7,4,1,0,sleeping,7594,7572,0,503808,4857606,173234
2025-05-20 03:05:59,16095,2195324928,33275904,0.0,0.0997120942154098,0,13,1.02,0.38,0.0,0.0,0.0,11845632,0,7,4,1,0,sleeping,7597,7575,0,503808,4859539,173306
2025-05-20 03:06:00,16095,2195324928,33275904,0.0,0.0997120942154098,0,13,1.02,0.38,0.0,0.0,0.0,11845632,0,7,4,1,0,sleeping,7602,7581,0,503808,4861488,173426
2025-05-20 03:06:02,16095,2195324928,33275904,0.0,0.0997120942154098,0,13,1.02,0.38,0.0,0.0,0.0,11845632,0,7,4,1,0,sleeping,7606,7585,0,503808,4863430,173506
2025-05-20 03:06:03,16095,2195324928,33275904,0.0,0.0997120942154098,0,13,1.02,0.38,0.0,0.0,0.0,11845632,0,7,4,1,0,sleeping,7610,7589,0,503808,4865372,173586
2025-05-20 03:06:04,16095,2195324928,33275904,0.0,0.0997120942154098,0,13,1.02,0.38,0.0,0.0,0.0,11845632,0,8,4,1,0,sleeping,7613,7592,0,503808,4867306,173658
2025-05-20 03:06:05,16095,2195324928,33275904,0.0,0.0997120942154098,0,13,1.02,0.38,0.0,0.0,0.0,11845632,0,8,4,1,0,sleeping,7616,7595,0,503808,4869240,173730
2025-05-20 03:06:06,16095,2195324928,33275904,0.0,0.0997120942154098,0,13,1.02,0.38,0.0,0.0,0.0,11845632,0,8,4,1,0,sleeping,7619,7598,0,503808,4871174,173802
2025-05-20 03:06:07,16095,2195324928,33275904,0.0,0.0997120942154098,0,13,1.02,0.38,0.0,0.0,0.0,11845632,0,7,4,1,0,sleeping,7624,7604,0,503808,4873124,173922
2025-05-20 03:06:08,16095,2195324928,33275904,0.0,0.0997120942154098,0,13,1.02,0.38,0.0,0.0,0.0,11845632,0,7,4,1,0,sleeping,7627,7607,0,503808,4875057,173994
2025-05-20 03:06:09,16095,2195324928,33275904,0.9,0.0997120942154098,0,13,1.03,0.38,0.0,0.0,0.0,11845632,0,7,4,1,0,sleeping,7631,7611,0,503808,4876998,174074
2025-05-20 03:06:10,16095,2195324928,33275904,0.0,0.0997120942154098,0,13,1.03,0.38,0.0,0.0,0.0,11845632,0,7,4,1,0,sleeping,7634,7614,0,503808,4878932,174146
2025-05-20 03:06:11,16095,2195324928,33275904,0.0,0.0997120942154098,0,13,1.03,0.38,0.0,0.0,0.0,11845632,0,8,4,1,0,sleeping,7639,7617,0,503808,4882791,174218
2025-05-20 03:06:12,16095,2195324928,33275904,0.0,0.0997120942154098,0,13,1.03,0.38,0.0,0.0,0.0,11845632,0,8,4,1,0,sleeping,7642,7620,0,503808,4884724,174290
2025-05-20 03:06:14,16095,2195324928,33275904,0.0,0.0997120942154098,0,13,1.03,0.38,0.0,0.0,0.0,11845632,0,8,4,1,0,sleeping,7646,7625,0,503808,4886665,174402
2025-05-20 03:06:15,16095,2195324928,33275904,0.0,0.0997120942154098,0,13,1.03,0.38,0.0,0.0,0.0,11845632,0,8,4,1,0,sleeping,7649,7628,0,503808,4888598,174474
2025-05-20 03:06:16,16095,2195324928,33275904,0.0,0.0997120942154098,0,13,1.03,0.38,0.0,0.0,0.0,11845632,0,8,4,1,0,sleeping,7653,7632,0,503808,4890540,174554
2025-05-20 03:06:17,16095,2195324928,33275904,0.0,0.0997120942154098,0,13,1.03,0.38,0.0,0.0,0.0,11845632,0,7,4,1,0,sleeping,7656,7635,0,503808,4892474,174626
2025-05-20 03:06:18,16095,2195324928,33275904,0.0,0.0997120942154098,0,13,1.03,0.38,0.0,0.0,0.0,11845632,0,7,4,1,0,sleeping,7659,7638,0,503808,4894408,174698
2025-05-20 03:06:19,16095,2195324928,33275904,0.0,0.0997120942154098,0,13,1.03,0.38,0.0,0.0,0.0,11845632,0,7,4,1,0,sleeping,7663,7642,0,503808,4896350,174778
2025-05-20 03:06:20,16095,2195324928,33275904,0.0,0.0997120942154098,0,13,1.03,0.38,0.0,0.0,0.0,11845632,0,7,4,1,0,sleeping,7668,7648,0,507904,4898299,174898
2025-05-20 03:06:21,16095,2195324928,33275904,0.0,0.0997120942154098,0,13,1.03,0.38,0.0,0.0,0.0,11845632,0,7,4,1,0,sleeping,7672,7652,0,507904,4900240,174978
2025-05-20 03:06:22,16095,2195324928,33275904,0.0,0.0997120942154098,0,13,1.03,0.38,0.0,0.0,0.0,11845632,0,7,4,1,0,sleeping,7676,7656,0,507904,4902181,175058
2025-05-20 03:06:23,16095,2195324928,33275904,0.0,0.0997120942154098,0,13,1.03,0.38,0.0,0.0,0.0,11845632,0,7,4,1,0,sleeping,7679,7659,0,507904,4904114,175130
2025-05-20 03:06:24,16095,2195324928,33275904,0.0,0.0997120942154098,0,13,1.03,0.38,0.0,0.0,0.0,11845632,0,8,4,1,0,sleeping,7685,7663,0,507904,4907982,175210
2025-05-20 03:06:25,16095,2195324928,33275904,0.0,0.0997120942154098,0,13,1.03,0.38,0.0,0.0,0.0,11845632,0,8,4,1,0,sleeping,7689,7667,0,507904,4909924,175290
2025-05-20 03:06:26,16095,2195324928,33275904,0.0,0.0997120942154098,0,13,1.03,0.38,0.0,0.0,0.0,11845632,0,8,4,1,0,sleeping,7694,7673,0,507904,4911874,175410
2025-05-20 03:06:28,16095,2195324928,33275904,0.9,0.0997120942154098,0,13,1.04,0.38,0.0,0.0,0.0,11845632,0,8,4,1,0,sleeping,7697,7676,0,507904,4913808,175482
2025-05-20 03:06:29,16095,2195324928,33275904,0.0,0.0997120942154098,0,13,1.04,0.38,0.0,0.0,0.0,11845632,0,7,4,1,0,sleeping,7700,7679,0,507904,4915742,175554
2025-05-20 03:06:30,16095,2195324928,33275904,0.0,0.0997120942154098,0,13,1.04,0.38,0.0,0.0,0.0,11845632,0,6,4,1,0,sleeping,7703,7682,0,507904,4917676,175626
2025-05-20 03:06:31,16095,2195324928,33275904,0.0,0.0997120942154098,0,13,1.04,0.38,0.0,0.0,0.0,11845632,0,6,4,1,0,sleeping,7707,7686,0,507904,4919618,175706
2025-05-20 03:06:32,16095,2195324928,33275904,0.0,0.0997120942154098,0,13,1.04,0.38,0.0,0.0,0.0,11845632,0,7,4,1,0,sleeping,7711,7690,0,507904,4921560,175786
2025-05-20 03:06:33,16095,2195324928,33275904,0.0,0.0997120942154098,0,13,1.04,0.38,0.0,0.0,0.0,11845632,0,7,4,1,0,sleeping,7714,7694,0,507904,4923494,175890
2025-05-20 03:06:34,16095,2195324928,33275904,0.0,0.0997120942154098,0,13,1.04,0.38,0.0,0.0,0.0,11845632,0,7,4,1,0,sleeping,7717,7697,0,507904,4925428,175962
2025-05-20 03:06:35,16095,2195324928,33275904,0.0,0.0997120942154098,0,13,1.04,0.38,0.0,0.0,0.0,11845632,0,7,4,1,0,sleeping,7720,7700,0,507904,4927362,176034
2025-05-20 03:06:36,16095,2195324928,33275904,0.0,0.0997120942154098,0,13,1.04,0.38,0.0,0.0,0.0,11845632,0,6,3,1,0,sleeping,7724,7704,0,507904,4929304,176114
2025-05-20 03:06:37,16095,2195324928,33275904,0.0,0.0997120942154098,0,13,1.04,0.38,0.0,0.0,0.0,11845632,0,7,4,1,0,sleeping,7729,7707,0,507904,4933162,176186
2025-05-20 03:06:38,16095,2195324928,33275904,0.0,0.0997120942154098,0,13,1.04,0.38,0.0,0.0,0.0,11845632,0,7,4,1,0,sleeping,7732,7710,0,507904,4935096,176258
2025-05-20 03:06:39,16095,2195324928,33275904,0.0,0.0997120942154098,0,13,1.04,0.38,0.0,0.0,0.0,11845632,0,8,4,1,0,sleeping,7734,7713,0,507904,4937022,176354
2025-05-20 03:06:41,16095,2195324928,33275904,0.0,0.0997120942154098,0,13,1.04,0.38,0.0,0.0,0.0,11845632,0,8,4,1,0,sleeping,7737,7716,0,507904,4938956,176426
2025-05-20 03:06:42,16095,2195324928,33275904,0.0,0.0997120942154098,0,13,1.04,0.38,0.0,0.0,0.0,11845632,0,6,4,1,0,sleeping,7740,7719,0,507904,4940889,176498
2025-05-20 03:06:43,16095,2195324928,33275904,0.0,0.0997120942154098,0,13,1.04,0.38,0.0,0.0,0.0,11845632,0,7,4,1,0,sleeping,7743,7722,0,507904,4942821,176570
2025-05-20 03:06:44,16095,2195324928,33275904,0.0,0.0997120942154098,0,13,1.04,0.38,0.0,0.0,0.0,11845632,0,7,4,1,0,sleeping,7746,7725,0,512000,4944754,176642
2025-05-20 03:06:45,16095,2195324928,33275904,0.0,0.0997120942154098,0,13,1.04,0.38,0.0,0.0,0.0,11845632,0,6,4,1,0,sleeping,7750,7729,0,512000,4946696,176722
2025-05-20 03:06:46,16095,2195324928,33275904,0.0,0.0997120942154098,0,13,1.04,0.38,0.0,0.0,0.0,11845632,0,7,4,1,0,sleeping,7753,7733,0,512000,4948630,176826
2025-05-20 03:06:47,16095,2195324928,33275904,0.0,0.0997120942154098,0,13,1.04,0.38,0.0,0.0,0.0,11845632,0,7,4,1,0,sleeping,7757,7737,0,512000,4950572,176906
2025-05-20 03:06:48,16095,2195324928,33275904,0.9,0.0997120942154098,0,13,1.05,0.38,0.0,0.0,0.0,11845632,0,7,4,1,0,sleeping,7761,7741,0,512000,4952514,176986
2025-05-20 03:06:49,16095,2195324928,33275904,0.0,0.0997120942154098,0,13,1.05,0.38,0.0,0.0,0.0,11845632,0,7,4,1,0,sleeping,7764,7744,0,512000,4954448,177058
2025-05-20 03:06:50,16095,2195324928,33275904,0.0,0.0997120942154098,0,13,1.05,0.38,0.0,0.0,0.0,11845632,0,6,3,1,0,sleeping,7766,7746,0,512000,4956374,177122
2025-05-20 03:06:51,16095,2195324928,33275904,0.0,0.0997120942154098,0,13,1.05,0.38,0.0,0.0,0.0,11845632,0,7,4,1,0,sleeping,7771,7749,0,516096,4960234,177194
2025-05-20 03:06:52,16095,2195324928,33275904,0.0,0.0997120942154098,0,13,1.05,0.38,0.0,0.0,0.0,11845632,0,8,4,1,0,sleeping,7774,7753,0,516096,4962168,177298
2025-05-20 03:06:54,16095,2195324928,33275904,0.0,0.0997120942154098,0,13,1.05,0.38,0.0,0.0,0.0,11845632,0,8,4,1,0,sleeping,7777,7756,0,516096,4964102,177370
2025-05-20 03:06:55,16095,2195324928,33275904,0.0,0.0997120942154098,0,13,1.05,0.38,0.0,0.0,0.0,11845632,0,8,4,1,0,sleeping,7780,7759,0,516096,4966036,177442
2025-05-20 03:06:56,16095,2195324928,33275904,0.0,0.0997120942154098,0,13,1.05,0.38,0.0,0.0,0.0,11845632,0,8,4,1,0,sleeping,7783,7762,0,516096,4967970,177514
2025-05-20 03:06:57,16095,2195324928,33275904,0.0,0.0997120942154098,0,13,1.05,0.38,0.0,0.0,0.0,11845632,0,7,4,1,0,sleeping,7785,7764,0,516096,4969896,177578
2025-05-20 03:06:58,16095,2195324928,33275904,0.0,0.0997120942154098,0,13,1.05,0.38,0.0,0.0,0.0,11845632,0,7,4,1,0,sleeping,7787,7766,0,516096,4971821,177642
2025-05-20 03:06:59,16095,2195324928,33275904,0.0,0.0997120942154098,0,13,1.05,0.38,0.0,0.0,0.0,11845632,0,8,4,1,0,sleeping,7791,7771,0,516096,4973762,177754
2025-05-20 03:07:00,16095,2195324928,33275904,0.0,0.0997120942154098,0,13,1.05,0.38,0.0,0.0,0.0,11845632,0,8,4,1,0,sleeping,7794,7774,0,516096,4975696,177826
2025-05-20 03:07:01,16095,2195324928,33275904,0.0,0.0997120942154098,0,13,1.05,0.38,0.0,0.0,0.0,11845632,0,8,4,1,0,sleeping,7797,7777,0,516096,4977630,177898
2025-05-20 03:07:02,16095,2195324928,33275904,0.0,0.0997120942154098,0,13,1.05,0.38,0.0,0.0,0.0,11845632,0,8,4,1,0,sleeping,7801,7781,0,516096,4979572,177978
2025-05-20 03:07:03,16095,2195324928,33406976,0.9,0.10010485480316128,0,13,1.05,0.39,0.0,0.0,0.0,11935744,0,7,4,1,0,sleeping,7803,7783,0,516096,4981498,178042
2025-05-20 03:07:04,16095,2195324928,33406976,0.0,0.10010485480316128,0,13,1.05,0.39,0.0,0.0,0.0,11939840,0,7,4,1,0,sleeping,7808,7786,0,516096,4985358,178114
2025-05-20 03:07:05,16095,2195324928,33406976,0.0,0.10010485480316128,0,13,1.05,0.39,0.0,0.0,0.0,11939840,0,6,4,1,0,sleeping,7812,7791,0,516096,4987300,178226
2025-05-20 03:07:07,16095,2195324928,33406976,0.0,0.10010485480316128,0,13,1.05,0.39,0.0,0.0,0.0,11939840,0,5,4,1,0,sleeping,7815,7794,0,516096,4989234,178298
2025-05-20 03:07:08,16095,2195324928,33406976,0.0,0.10010485480316128,0,13,1.05,0.39,0.0,0.0,0.0,11939840,0,5,4,1,0,sleeping,7818,7797,0,516096,4991168,178370
2025-05-20 03:07:09,16095,2195324928,33406976,0.0,0.10010485480316128,0,13,1.05,0.39,0.0,0.0,0.0,11939840,0,5,4,1,0,sleeping,7821,7800,0,516096,4993102,178442
2025-05-20 03:07:10,16095,2195324928,33406976,0.0,0.10010485480316128,0,13,1.05,0.39,0.0,0.0,0.0,11939840,0,5,4,1,0,sleeping,7825,7804,0,516096,4995044,178522
2025-05-20 03:07:11,16095,2195324928,33406976,0.0,0.10010485480316128,0,13,1.05,0.39,0.0,0.0,0.0,11943936,0,5,4,1,0,sleeping,7828,7807,0,516096,4996978,178594
2025-05-20 03:07:12,16095,2195324928,33406976,0.0,0.10010485480316128,0,13,1.05,0.39,0.0,0.0,0.0,11943936,0,6,4,1,0,sleeping,7832,7812,0,516096,4998920,178706
2025-05-20 03:07:13,16095,2195324928,33406976,0.0,0.10010485480316128,0,13,1.05,0.39,0.0,0.0,0.0,11952128,0,7,4,1,0,sleeping,7835,7815,0,516096,5000854,178778
2025-05-20 03:07:14,16095,2195324928,33406976,0.0,0.10010485480316128,0,13,1.05,0.39,0.0,0.0,0.0,11968512,0,6,4,1,0,sleeping,7838,7818,0,516096,5002788,178850
2025-05-20 03:07:15,16095,2195324928,33406976,0.0,0.10010485480316128,0,13,1.05,0.39,0.0,0.0,0.0,11984896,0,6,4,1,0,sleeping,7840,7820,0,516096,5004714,178914
2025-05-20 03:07:16,16095,2195324928,33406976,0.0,0.10010485480316128,0,13,1.05,0.39,0.0,0.0,0.0,11984896,0,6,4,1,0,sleeping,7843,7823,0,516096,5006648,178986
2025-05-20 03:07:17,16095,2195324928,33406976,0.0,0.10010485480316128,0,13,1.05,0.39,0.0,0.0,0.0,11997184,0,7,4,1,0,sleeping,7848,7826,0,516096,5010508,179058
2025-05-20 03:07:18,16095,2195324928,33406976,0.9,0.10010485480316128,0,13,1.06,0.39,0.0,0.0,0.0,12009472,0,7,4,1,0,sleeping,7852,7831,0,516096,5012449,179170
2025-05-20 03:07:20,16095,2195324928,33406976,0.0,0.10010485480316128,0,13,1.06,0.39,0.0,0.0,0.0,12009472,0,7,4,1,0,sleeping,7855,7834,0,516096,5014382,179242
2025-05-20 03:07:21,16095,2195324928,33406976,0.0,0.10010485480316128,0,13,1.06,0.39,0.0,0.0,0.0,12009472,0,7,4,1,0,sleeping,7857,7836,0,516096,5016308,179306
2025-05-20 03:07:22,16095,2195324928,33406976,0.0,0.10010485480316128,0,13,1.06,0.39,0.0,0.0,0.0,12017664,0,7,4,1,0,sleeping,7860,7839,0,520192,5018241,179378
2025-05-20 03:07:23,16095,2195324928,33406976,0.0,0.10010485480316128,0,13,1.06,0.39,0.0,0.0,0.0,12050432,0,7,4,1,0,sleeping,7862,7841,0,520192,5020166,179442
2025-05-20 03:07:24,16095,2195324928,33406976,0.0,0.10010485480316128,0,13,1.06,0.39,0.0,0.0,0.0,12058624,0,7,4,1,0,sleeping,7866,7845,0,520192,5022108,179522
2025-05-20 03:07:25,16095,2195324928,33406976,0.0,0.10010485480316128,0,13,1.06,0.39,0.0,0.0,0.0,12079104,0,7,4,1,0,sleeping,7869,7849,0,520192,5024042,179626
2025-05-20 03:07:26,16095,2195324928,33406976,0.0,0.10010485480316128,0,13,1.06,0.39,0.0,0.0,0.0,12091392,0,7,4,1,0,sleeping,7871,7851,0,520192,5025968,179690
2025-05-20 03:07:27,16095,2195324928,33406976,0.0,0.10010485480316128,0,13,1.06,0.39,0.0,0.0,0.0,12099584,0,7,4,1,0,sleeping,7875,7855,0,520192,5027909,179770
2025-05-20 03:07:28,16095,2195324928,33406976,0.0,0.10010485480316128,0,13,1.06,0.39,0.0,0.0,0.0,12107776,0,7,4,1,0,sleeping,7878,7858,0,520192,5029842,179842
2025-05-20 03:07:29,16095,2195324928,33406976,0.0,0.10010485480316128,0,13,1.06,0.39,0.0,0.0,0.0,12107776,0,7,4,1,0,sleeping,7880,7860,0,520192,5031768,179906
2025-05-20 03:07:30,16095,2195324928,33406976,0.0,0.10010485480316128,0,13,1.06,0.39,0.0,0.0,0.0,12107776,0,8,4,1,0,sleeping,7883,7863,0,520192,5033702,179978
2025-05-20 03:07:31,16095,2195324928,33406976,0.0,0.10010485480316128,0,13,1.06,0.39,0.0,0.0,0.0,12107776,0,7,4,1,0,sleeping,7888,7867,0,520192,5037562,180082
2025-05-20 03:07:33,16095,2195324928,33406976,0.0,0.10010485480316128,0,13,1.06,0.39,0.0,0.0,0.0,12120064,0,8,4,1,0,sleeping,7891,7870,0,520192,5039496,180154
2025-05-20 03:07:34,16095,2195324928,33406976,0.0,0.10010485480316128,0,13,1.06,0.39,0.0,0.0,0.0,12120064,0,8,4,1,0,sleeping,7894,7873,0,520192,5041430,180226
2025-05-20 03:07:35,16095,2195324928,33406976,0.0,0.10010485480316128,0,13,1.06,0.39,0.0,0.0,0.0,12132352,0,7,4,1,0,sleeping,7899,7878,0,520192,5043380,180314
2025-05-20 03:07:36,16095,2195324928,33406976,0.0,0.10010485480316128,0,13,1.06,0.39,0.0,0.0,0.0,12140544,0,7,4,1,0,sleeping,7901,7880,0,520192,5045306,180378
2025-05-20 03:07:37,16095,2195324928,33406976,0.0,0.10010485480316128,0,13,1.06,0.39,0.0,0.0,0.0,12140544,0,7,4,1,0,sleeping,7905,7884,0,520192,5047248,180458
2025-05-20 03:07:38,16095,2195324928,33406976,0.0,0.10010485480316128,0,13,1.06,0.39,0.0,0.0,0.0,12140544,0,7,4,1,0,sleeping,7908,7888,0,520192,5049182,180562
2025-05-20 03:07:39,16095,2195324928,33406976,0.0,0.10010485480316128,0,13,1.06,0.39,0.0,0.0,0.0,12140544,0,8,4,1,0,sleeping,7910,7890,0,520192,5051108,180626
2025-05-20 03:07:40,16095,2195324928,33406976,0.0,0.10010485480316128,0,13,1.06,0.39,0.0,0.0,0.0,12148736,0,8,4,1,0,sleeping,7913,7893,0,520192,5053042,180698
2025-05-20 03:07:41,16095,2195324928,33406976,0.0,0.10010485480316128,0,13,1.06,0.39,0.0,0.0,0.0,12169216,0,8,4,1,0,sleeping,7916,7896,0,520192,5054975,180770
2025-05-20 03:07:42,16095,2195324928,33406976,0.0,0.10010485480316128,0,13,1.06,0.39,0.0,0.0,0.0,12177408,0,8,4,1,0,sleeping,7919,7899,0,520192,5056908,180842
2025-05-20 03:07:43,16095,2195324928,33538048,0.0,0.10049761539091277,0,13,1.06,0.39,0.0,0.0,0.0,12185600,0,7,4,1,0,sleeping,7921,7901,0,520192,5058833,180906
2025-05-20 03:07:44,16095,2195324928,33538048,0.0,0.10049761539091277,0,13,1.06,0.39,0.0,0.0,0.0,12214272,0,6,4,1,0,sleeping,7927,7906,0,520192,5062700,181018
2025-05-20 03:07:46,16095,2195324928,33538048,0.0,0.10049761539091277,0,13,1.06,0.39,0.0,0.0,0.0,12214272,0,7,4,1,0,sleeping,7930,7909,0,520192,5064634,181090
2025-05-20 03:07:47,16095,2195324928,33538048,0.0,0.10049761539091277,0,13,1.06,0.39,0.0,0.0,0.0,12226560,0,6,4,1,0,sleeping,7934,7913,0,520192,5066575,181170
2025-05-20 03:07:48,16095,2195324928,33538048,0.9,0.10049761539091277,0,13,1.07,0.39,0.0,0.0,0.0,12226560,0,5,4,1,0,sleeping,7936,7915,0,524288,5068500,181234
2025-05-20 03:07:49,16095,2195324928,33538048,0.0,0.10049761539091277,0,13,1.07,0.39,0.0,0.0,0.0,12226560,0,7,4,1,0,sleeping,7939,7918,0,524288,5070434,181306
2025-05-20 03:07:50,16095,2195324928,33538048,0.0,0.10049761539091277,0,13,1.07,0.39,0.0,0.0,0.0,12226560,0,7,4,1,0,sleeping,7942,7921,0,524288,5072368,181378
2025-05-20 03:07:51,16095,2195324928,33538048,0.0,0.10049761539091277,0,13,1.07,0.39,0.0,0.0,0.0,12226560,0,7,4,1,0,sleeping,7947,7927,0,524288,5074318,181498
2025-05-20 03:07:52,16095,2195324928,33538048,0.0,0.10049761539091277,0,13,1.07,0.39,0.0,0.0,0.0,12226560,0,7,4,1,0,sleeping,7949,7929,0,528384,5076244,181562
2025-05-20 03:07:53,16095,2195324928,33538048,0.0,0.10049761539091277,0,13,1.07,0.39,0.0,0.0,0.0,12226560,0,7,4,1,0,sleeping,7952,7932,0,528384,5078178,181634
2025-05-20 03:07:54,16095,2195324928,33538048,0.0,0.10049761539091277,0,13,1.07,0.39,0.0,0.0,0.0,12226560,0,6,4,1,0,sleeping,7955,7935,0,528384,5080112,181706
2025-05-20 03:07:55,16095,2195324928,33538048,0.0,0.10049761539091277,0,13,1.07,0.39,0.0,0.0,0.0,12226560,0,6,4,1,0,sleeping,7957,7937,0,528384,5082037,181770
2025-05-20 03:07:56,16095,2195324928,33538048,0.0,0.10049761539091277,0,13,1.07,0.39,0.0,0.0,0.0,12226560,0,6,4,1,0,sleeping,7960,7940,0,528384,5083970,181842
2025-05-20 03:07:57,16095,2195324928,33538048,0.0,0.10049761539091277,0,13,1.07,0.39,0.0,0.0,0.0,12226560,0,6,4,1,0,sleeping,7965,7944,0,528384,5087830,181946
2025-05-20 03:07:59,16095,2195324928,33538048,0.0,0.10049761539091277,0,13,1.07,0.39,0.0,0.0,0.0,12226560,0,6,4,1,0,sleeping,7968,7947,0,528384,5089763,182018
2025-05-20 03:08:00,16095,2195324928,33538048,0.0,0.10049761539091277,0,13,1.07,0.39,0.0,0.0,0.0,12226560,0,6,4,1,0,sleeping,7971,7950,0,528384,5091696,182090
2025-05-20 03:08:01,16095,2195324928,33538048,0.0,0.10049761539091277,0,13,1.07,0.39,0.0,0.0,0.0,12226560,0,6,4,1,0,sleeping,7975,7954,0,528384,5093638,182170
2025-05-20 03:08:02,16095,2195324928,33538048,0.0,0.10049761539091277,0,13,1.07,0.39,0.0,0.0,0.0,12226560,0,6,4,1,0,sleeping,7978,7957,0,528384,5095572,182242
2025-05-20 03:08:03,16095,2195324928,33538048,0.0,0.10049761539091277,0,13,1.07,0.39,0.0,0.0,0.0,12226560,0,6,4,1,0,sleeping,7981,7960,0,528384,5097506,182314
2025-05-20 03:08:04,16095,2195324928,33538048,0.0,0.10049761539091277,0,13,1.07,0.39,0.0,0.0,0.0,12226560,0,6,4,1,0,sleeping,7984,7964,0,528384,5099440,182418
2025-05-20 03:08:05,16095,2195324928,33538048,0.0,0.10049761539091277,0,13,1.07,0.39,0.0,0.0,0.0,12226560,0,6,4,1,0,sleeping,7987,7967,0,528384,5101374,182490
2025-05-20 03:08:06,16095,2195324928,33538048,0.0,0.10049761539091277,0,13,1.07,0.39,0.0,0.0,0.0,12226560,0,6,4,1,0,sleeping,7990,7970,0,528384,5103308,182562
2025-05-20 03:08:07,16095,2195324928,33538048,0.0,0.10049761539091277,0,13,1.07,0.39,0.0,0.0,0.0,12226560,0,6,4,1,0,sleeping,7993,7973,0,528384,5105242,182634
2025-05-20 03:08:08,16095,2195324928,33538048,0.0,0.10049761539091277,0,13,1.07,0.39,0.0,0.0,0.0,12226560,0,6,4,1,0,sleeping,7996,7976,0,528384,5107176,182706
2025-05-20 03:08:09,16095,2195324928,33538048,0.0,0.10049761539091277,0,13,1.07,0.39,0.0,0.0,0.0,12226560,0,6,4,1,0,sleeping,7999,7979,0,528384,5109110,182778
2025-05-20 03:08:10,16095,2195324928,33538048,0.0,0.10049761539091277,0,13,1.07,0.39,0.0,0.0,0.0,12226560,0,6,4,1,0,sleeping,8005,7984,0,528384,5112978,182890
2025-05-20 03:08:12,16095,2195324928,33538048,0.9,0.10049761539091277,0,13,1.08,0.39,0.0,0.0,0.0,12226560,0,6,4,1,0,sleeping,8008,7987,0,528384,5114912,182962
2025-05-20 03:08:13,16095,2195324928,33538048,0.0,0.10049761539091277,0,13,1.08,0.39,0.0,0.0,0.0,12226560,0,6,4,1,0,sleeping,8011,7990,0,528384,5116846,183034
2025-05-20 03:08:14,16095,2195324928,33538048,0.0,0.10049761539091277,0,13,1.08,0.39,0.0,0.0,0.0,12226560,0,6,4,1,0,sleeping,8014,7993,0,528384,5118780,183106
2025-05-20 03:08:15,16095,2195324928,33538048,0.0,0.10049761539091277,0,13,1.08,0.39,0.0,0.0,0.0,12226560,0,6,4,1,0,sleeping,8018,7997,0,528384,5120722,183186
2025-05-20 03:08:16,16095,2195324928,33538048,0.0,0.10049761539091277,0,13,1.08,0.39,0.0,0.0,0.0,12238848,0,6,4,1,0,sleeping,8021,8000,0,528384,5122656,183258
2025-05-20 03:08:17,16095,2195324928,33538048,0.0,0.10049761539091277,0,13,1.08,0.39,0.0,0.0,0.0,12247040,0,6,4,1,0,sleeping,8025,8005,0,528384,5124598,183370
2025-05-20 03:08:18,16095,2195324928,33669120,0.0,0.10089037597866427,0,13,1.08,0.39,0.0,0.0,0.0,12259328,0,6,4,1,0,sleeping,8028,8008,0,528384,5126532,183442
2025-05-20 03:08:19,16095,2195324928,33669120,0.0,0.10089037597866427,0,13,1.08,0.39,0.0,0.0,0.0,12267520,0,5,4,1,0,sleeping,8032,8012,0,528384,5128474,183522
2025-05-20 03:08:20,16095,2195324928,33669120,0.0,0.10089037597866427,0,13,1.08,0.39,0.0,0.0,0.0,12271616,0,5,4,1,0,sleeping,8036,8016,0,528384,5130416,183602
2025-05-20 03:08:21,16095,2195324928,33669120,0.0,0.10089037597866427,0,13,1.08,0.39,0.0,0.0,0.0,12283904,0,5,4,1,0,sleeping,8040,8020,0,528384,5132358,183682
2025-05-20 03:08:22,16095,2195324928,33669120,0.0,0.10089037597866427,0,13,1.08,0.39,0.0,0.0,0.0,12292096,0,5,4,1,0,sleeping,8044,8024,0,528384,5134300,183762
2025-05-20 03:08:23,16095,2195324928,33669120,0.0,0.10089037597866427,0,13,1.08,0.39,0.0,0.0,0.0,12300288,0,5,4,1,0,sleeping,8047,8028,0,532480,5136234,183866
2025-05-20 03:08:25,16095,2195324928,33669120,0.0,0.10089037597866427,0,13,1.08,0.39,0.0,0.0,0.0,12328960,0,5,4,1,0,sleeping,8053,8032,0,532480,5140098,183946
2025-05-20 03:08:26,16095,2195324928,33669120,0.0,0.10089037597866427,0,13,1.08,0.39,0.0,0.0,0.0,12333056,0,5,4,1,0,sleeping,8056,8035,0,532480,5142032,184018
2025-05-20 03:08:27,16095,2195324928,33669120,0.0,0.10089037597866427,0,13,1.08,0.39,0.0,0.0,0.0,12357632,0,6,4,1,0,sleeping,8060,8039,0,532480,5143974,184098
2025-05-20 03:08:28,16095,2195324928,33669120,0.0,0.10089037597866427,0,13,1.08,0.39,0.0,0.0,0.0,12357632,0,6,4,1,0,sleeping,8064,8043,0,532480,5145916,184178
2025-05-20 03:08:29,16095,2195324928,33669120,0.0,0.10089037597866427,0,13,1.08,0.39,0.0,0.0,0.0,12369920,0,6,4,1,0,sleeping,8067,8046,0,532480,5147850,184250
2025-05-20 03:08:30,16095,2195324928,33669120,0.0,0.10089037597866427,0,13,1.08,0.39,0.0,0.0,0.0,12386304,0,6,4,1,0,sleeping,8072,8052,0,532480,5149800,184370
2025-05-20 03:08:31,16095,2195324928,33669120,0.9,0.10089037597866427,0,13,1.09,0.39,0.0,0.0,0.0,12386304,0,6,4,1,0,sleeping,8075,8055,0,532480,5151734,184442
2025-05-20 03:08:32,16095,2195324928,33669120,0.0,0.10089037597866427,0,13,1.09,0.39,0.0,0.0,0.0,12386304,0,6,4,1,0,sleeping,8078,8058,0,532480,5153668,184514
2025-05-20 03:08:33,16095,2195324928,33669120,0.0,0.10089037597866427,0,13,1.09,0.39,0.0,0.0,0.0,12386304,0,6,4,1,0,sleeping,8081,8061,0,532480,5155601,184586
2025-05-20 03:08:34,16095,2195324928,33669120,0.0,0.10089037597866427,0,13,1.09,0.39,0.0,0.0,0.0,12386304,0,6,4,1,0,sleeping,8084,8064,0,532480,5157534,184658
2025-05-20 03:08:35,16095,2195324928,33669120,0.0,0.10089037597866427,0,13,1.09,0.39,0.0,0.0,0.0,12390400,0,6,4,1,0,sleeping,8088,8068,0,532480,5159475,184738
2025-05-20 03:08:36,16095,2195324928,33669120,0.0,0.10089037597866427,0,13,1.09,0.39,0.0,0.0,0.0,12390400,0,6,4,1,0,sleeping,8091,8072,0,532480,5161407,184842
2025-05-20 03:08:38,16095,2195324928,33669120,0.0,0.10089037597866427,0,13,1.09,0.39,0.0,0.0,0.0,12390400,0,6,4,1,0,sleeping,8096,8075,0,532480,5165266,184914
2025-05-20 03:08:39,16095,2195324928,33669120,0.0,0.10089037597866427,0,13,1.09,0.39,0.0,0.0,0.0,12390400,0,6,4,1,0,sleeping,8100,8079,0,532480,5167208,184994
2025-05-20 03:08:40,16095,2195324928,33669120,0.0,0.10089037597866427,0,13,1.09,0.39,0.0,0.0,0.0,12390400,0,6,4,1,0,sleeping,8103,8082,0,532480,5169142,185066
2025-05-20 03:08:41,16095,2195324928,33669120,0.0,0.10089037597866427,0,13,1.09,0.39,0.0,0.0,0.0,12390400,0,6,4,1,0,sleeping,8106,8085,0,532480,5171076,185138
2025-05-20 03:08:42,16095,2195324928,33406976,0.0,0.10010485480316128,0,13,1.09,0.39,0.0,0.0,0.0,12062720,0,7,4,1,0,sleeping,8110,8089,0,532480,5173018,185218
2025-05-20 03:08:43,16095,2195324928,33406976,0.0,0.10010485480316128,0,13,1.09,0.39,0.0,0.0,0.0,12062720,0,8,4,1,0,sleeping,8113,8093,0,532480,5174952,185322
2025-05-20 03:08:44,16095,2195324928,33406976,0.0,0.10010485480316128,0,13,1.09,0.39,0.0,0.0,0.0,12062720,0,8,4,1,0,sleeping,8117,8097,0,532480,5176893,185402
2025-05-20 03:08:45,16095,2195324928,33406976,0.0,0.10010485480316128,0,13,1.09,0.39,0.0,0.0,0.0,12062720,0,8,4,1,0,sleeping,8121,8101,0,532480,5178834,185482
2025-05-20 03:08:46,16095,2195324928,33406976,0.9,0.10010485480316128,0,13,1.1,0.39,0.0,0.0,0.0,12062720,0,7,4,1,0,sleeping,8124,8104,0,532480,5180767,185554
2025-05-20 03:08:47,16095,2195324928,33406976,0.0,0.10010485480316128,0,13,1.1,0.39,0.0,0.0,0.0,12062720,0,7,4,1,0,sleeping,8127,8107,0,532480,5182700,185626
2025-05-20 03:08:48,16095,2195324928,33406976,0.0,0.10010485480316128,0,13,1.1,0.39,0.0,0.0,0.0,12062720,0,8,4,1,0,sleeping,8130,8110,0,532480,5184634,185698
2025-05-20 03:08:49,16095,2195324928,33406976,0.0,0.10010485480316128,0,13,1.1,0.39,0.0,0.0,0.0,12062720,0,8,4,1,0,sleeping,8134,8115,0,532480,5186576,185810
2025-05-20 03:08:51,16095,2195324928,33406976,0.0,0.10010485480316128,0,13,1.1,0.39,0.0,0.0,0.0,12062720,0,8,4,1,0,sleeping,8137,8118,0,532480,5188510,185882
2025-05-20 03:08:52,16095,2195324928,33406976,0.0,0.10010485480316128,0,13,1.1,0.39,0.0,0.0,0.0,12062720,0,8,4,1,0,sleeping,8142,8121,0,536576,5192370,185954
2025-05-20 03:08:53,16095,2195324928,33406976,0.0,0.10010485480316128,0,13,1.1,0.39,0.0,0.0,0.0,12062720,0,7,4,1,0,sleeping,8145,8124,0,536576,5194304,186026
2025-05-20 03:08:54,16095,2195324928,33406976,0.0,0.10010485480316128,0,13,1.1,0.39,0.0,0.0,0.0,12062720,0,7,4,1,0,sleeping,8149,8128,0,540672,5196246,186106
2025-05-20 03:08:55,16095,2195324928,33406976,0.0,0.10010485480316128,0,13,1.1,0.39,0.0,0.0,0.0,12062720,0,7,4,1,0,sleeping,8152,8131,0,540672,5198179,186178
2025-05-20 03:08:56,16095,2195324928,33406976,0.0,0.10010485480316128,0,13,1.1,0.39,0.0,0.0,0.0,12062720,0,7,4,1,0,sleeping,8156,8136,0,540672,5200120,186290
2025-05-20 03:08:57,16095,2195324928,33406976,0.0,0.10010485480316128,0,13,1.1,0.39,0.0,0.0,0.0,12062720,0,8,4,1,0,sleeping,8159,8139,0,540672,5202054,186362
2025-05-20 03:08:58,16095,2195324928,33406976,0.0,0.10010485480316128,0,13,1.1,0.39,0.0,0.0,0.0,12062720,0,8,4,1,0,sleeping,8164,8144,0,540672,5204004,186450
2025-05-20 03:08:59,16095,2195324928,33406976,0.0,0.10010485480316128,0,13,1.1,0.39,0.0,0.0,0.0,12062720,0,8,4,1,0,sleeping,8168,8148,0,540672,5205946,186530
2025-05-20 03:09:00,16095,2195324928,33406976,0.0,0.10010485480316128,0,13,1.1,0.39,0.0,0.0,0.0,12062720,0,8,4,1,0,sleeping,8171,8151,0,540672,5207880,186602
2025-05-20 03:09:01,16095,2195324928,33406976,0.0,0.10010485480316128,0,13,1.1,0.39,0.0,0.0,0.0,12062720,0,6,4,1,0,sleeping,8174,8154,0,540672,5209814,186674
2025-05-20 03:09:02,16095,2195324928,33406976,0.0,0.10010485480316128,0,13,1.1,0.39,0.0,0.0,0.0,12062720,0,7,4,1,0,sleeping,8178,8159,0,540672,5211756,186786
2025-05-20 03:09:04,16095,2195324928,33406976,0.0,0.10010485480316128,0,13,1.1,0.39,0.0,0.0,0.0,12062720,0,7,4,1,0,sleeping,8181,8162,0,540672,5213690,186858
2025-05-20 03:09:05,16095,2195324928,33406976,0.0,0.10010485480316128,0,13,1.1,0.39,0.0,0.0,0.0,12062720,0,7,4,1,0,sleeping,8187,8166,0,540672,5217558,186938
2025-05-20 03:09:06,16095,2195324928,33406976,0.0,0.10010485480316128,0,13,1.1,0.39,0.0,0.0,0.0,12062720,0,7,4,1,0,sleeping,8190,8169,0,540672,5219492,187010
2025-05-20 03:09:07,16095,2195324928,33406976,0.0,0.10010485480316128,0,13,1.1,0.39,0.0,0.0,0.0,12062720,0,7,4,1,0,sleeping,8195,8174,0,540672,5221442,187098
2025-05-20 03:09:08,16095,2195324928,33406976,0.0,0.10010485480316128,0,13,1.1,0.39,0.0,0.0,0.0,12062720,0,7,4,1,0,sleeping,8200,8179,0,540672,5223392,187186
2025-05-20 03:09:09,16095,2195324928,33406976,0.0,0.10010485480316128,0,13,1.1,0.39,0.0,0.0,0.0,12062720,0,7,4,1,0,sleeping,8204,8184,0,540672,5225334,187298
2025-05-20 03:09:10,16095,2195324928,33406976,0.0,0.10010485480316128,0,13,1.1,0.39,0.0,0.0,0.0,12062720,0,7,4,1,0,sleeping,8208,8188,0,540672,5227276,187378
2025-05-20 03:09:11,16095,2195324928,33406976,0.0,0.10010485480316128,0,13,1.1,0.39,0.0,0.0,0.0,12062720,0,7,4,1,0,sleeping,8211,8191,0,540672,5229210,187450
2025-05-20 03:09:12,16095,2195324928,33406976,0.9,0.10010485480316128,0,13,1.11,0.39,0.0,0.0,0.0,12062720,0,7,4,1,0,sleeping,8215,8195,0,540672,5231152,187530
2025-05-20 03:09:13,16095,2195324928,33406976,0.0,0.10010485480316128,0,13,1.11,0.39,0.0,0.0,0.0,12062720,0,8,4,1,0,sleeping,8217,8197,0,540672,5233078,187594
2025-05-20 03:09:14,16095,2195324928,33406976,0.0,0.10010485480316128,0,13,1.11,0.39,0.0,0.0,0.0,12062720,0,8,4,1,0,sleeping,8220,8200,0,540672,5235012,187666
2025-05-20 03:09:15,16095,2195324928,33406976,0.0,0.10010485480316128,0,13,1.11,0.39,0.0,0.0,0.0,12062720,0,7,4,1,0,sleeping,8222,8203,0,540672,5236938,187762
2025-05-20 03:09:17,16095,2195324928,33406976,0.9,0.10010485480316128,0,13,1.11,0.4,0.0,0.0,0.0,12062720,0,7,4,1,0,sleeping,8224,8205,0,540672,5238864,187826
2025-05-20 03:09:18,16095,2195324928,33406976,0.0,0.10010485480316128,0,13,1.11,0.4,0.0,0.0,0.0,12062720,0,8,4,1,0,sleeping,8230,8209,0,540672,5242732,187906
2025-05-20 03:09:19,16095,2195324928,33406976,0.0,0.10010485480316128,0,13,1.11,0.4,0.0,0.0,0.0,12062720,0,8,4,1,0,sleeping,8232,8211,0,540672,5244657,187970
2025-05-20 03:09:20,16095,2195324928,33406976,0.0,0.10010485480316128,0,13,1.11,0.4,0.0,0.0,0.0,12062720,0,8,4,1,0,sleeping,8236,8215,0,540672,5246598,188050
2025-05-20 03:09:21,16095,2195324928,33406976,0.0,0.10010485480316128,0,13,1.11,0.4,0.0,0.0,0.0,12062720,0,8,4,1,0,sleeping,8240,8219,0,540672,5248540,188130
2025-05-20 03:09:22,16095,2195324928,33406976,0.0,0.10010485480316128,0,13,1.11,0.4,0.0,0.0,0.0,12062720,0,8,4,1,0,sleeping,8243,8223,0,540672,5250474,188234
2025-05-20 03:09:23,16095,2195324928,33406976,0.0,0.10010485480316128,0,13,1.11,0.4,0.0,0.0,0.0,12062720,0,8,4,1,0,sleeping,8248,8228,0,540672,5252424,188322
2025-05-20 03:09:24,16095,2195324928,33406976,0.0,0.10010485480316128,0,13,1.11,0.4,0.0,0.0,0.0,12062720,0,8,4,1,0,sleeping,8251,8231,0,544768,5254358,188394
2025-05-20 03:09:25,16095,2195324928,33406976,0.0,0.10010485480316128,0,13,1.11,0.4,0.0,0.0,0.0,12062720,0,8,4,1,0,sleeping,8254,8234,0,544768,5256292,188466
2025-05-20 03:09:26,16095,2195324928,33406976,0.0,0.10010485480316128,0,13,1.11,0.4,0.0,0.0,0.0,12062720,0,8,4,1,0,sleeping,8258,8238,0,544768,5258234,188546
2025-05-20 03:09:27,16095,2195324928,33406976,0.0,0.10010485480316128,0,13,1.11,0.4,0.0,0.0,0.0,12062720,0,8,4,1,0,sleeping,8260,8240,0,544768,5260160,188610
2025-05-20 03:09:28,16095,2195324928,33406976,0.0,0.10010485480316128,0,13,1.11,0.4,0.0,0.0,0.0,12062720,0,8,4,1,0,sleeping,8264,8245,0,544768,5262102,188722
2025-05-20 03:09:30,16095,2195324928,33406976,0.0,0.10010485480316128,0,13,1.11,0.4,0.0,0.0,0.0,12062720,0,8,4,1,0,sleeping,8267,8248,0,544768,5264036,188794
2025-05-20 03:09:31,16095,2195324928,33406976,0.0,0.10010485480316128,0,13,1.11,0.4,0.0,0.0,0.0,12062720,0,7,4,1,0,sleeping,8272,8251,0,544768,5267895,188866
2025-05-20 03:09:32,16095,2195324928,33406976,0.0,0.10010485480316128,0,13,1.11,0.4,0.0,0.0,0.0,12062720,0,7,4,1,0,sleeping,8275,8254,0,544768,5269828,188938
2025-05-20 03:09:33,16095,2195324928,33406976,0.0,0.10010485480316128,0,13,1.11,0.4,0.0,0.0,0.0,12062720,0,7,4,1,0,sleeping,8277,8256,0,544768,5271754,189002
2025-05-20 03:09:34,16095,2195324928,33406976,0.0,0.10010485480316128,0,13,1.11,0.4,0.0,0.0,0.0,12062720,0,7,4,1,0,sleeping,8282,8261,0,544768,5273704,189090
2025-05-20 03:09:35,16095,2195324928,33406976,0.0,0.10010485480316128,0,13,1.11,0.4,0.0,0.0,0.0,12062720,0,7,4,1,0,sleeping,8286,8266,0,544768,5275646,189202
2025-05-20 03:09:36,16095,2195324928,33406976,0.0,0.10010485480316128,0,13,1.11,0.4,0.0,0.0,0.0,12062720,0,7,4,1,0,sleeping,8289,8269,0,544768,5277580,189274
2025-05-20 03:09:37,16095,2195324928,33406976,0.0,0.10010485480316128,0,13,1.11,0.4,0.0,0.0,0.0,12062720,0,8,4,1,0,sleeping,8292,8272,0,544768,5279514,189346
2025-05-20 03:09:38,16095,2195324928,33406976,0.0,0.10010485480316128,0,13,1.11,0.4,0.0,0.0,0.0,12062720,0,7,4,1,0,sleeping,8294,8274,0,544768,5281440,189410
2025-05-20 03:09:39,16095,2195324928,33406976,0.0,0.10010485480316128,0,13,1.11,0.4,0.0,0.0,0.0,12062720,0,7,4,1,0,sleeping,8297,8277,0,544768,5283374,189482
2025-05-20 03:09:40,16095,2195324928,33406976,0.0,0.10010485480316128,0,13,1.11,0.4,0.0,0.0,0.0,12062720,0,7,4,1,0,sleeping,8301,8281,0,544768,5285316,189562
2025-05-20 03:09:41,16095,2195324928,33406976,0.0,0.10010485480316128,0,13,1.11,0.4,0.0,0.0,0.0,12062720,0,8,4,1,0,sleeping,8304,8285,0,544768,5287250,189666
2025-05-20 03:09:43,16095,2195324928,33406976,0.0,0.10010485480316128,0,13,1.11,0.4,0.0,0.0,0.0,12062720,0,8,4,1,0,sleeping,8307,8288,0,544768,5289184,189738
2025-05-20 03:09:44,16095,2195324928,33406976,0.0,0.10010485480316128,0,13,1.11,0.4,0.0,0.0,0.0,12062720,0,8,4,1,0,sleeping,8310,8291,0,544768,5291118,189810
2025-05-20 03:09:45,16095,2195324928,33406976,0.0,0.10010485480316128,0,13,1.11,0.4,0.0,0.0,0.0,12062720,0,7,4,1,0,sleeping,8315,8294,0,544768,5294978,189882
2025-05-20 03:09:46,16095,2195324928,33406976,0.0,0.10010485480316128,0,13,1.11,0.4,0.0,0.0,0.0,12062720,0,7,4,1,0,sleeping,8317,8296,0,544768,5296904,189946
2025-05-20 03:09:47,16095,2195324928,33406976,0.0,0.10010485480316128,0,13,1.11,0.4,0.0,0.0,0.0,12062720,0,7,4,1,0,sleeping,8319,8298,0,544768,5298830,190010
2025-05-20 03:09:48,16095,2195324928,33406976,0.0,0.10010485480316128,0,13,1.11,0.4,0.0,0.0,0.0,12062720,0,7,4,1,0,sleeping,8321,8301,0,544768,5300755,190106
2025-05-20 03:09:49,16095,2195324928,33406976,0.0,0.10010485480316128,0,13,1.11,0.4,0.0,0.0,0.0,12062720,0,7,4,1,0,sleeping,8324,8304,0,544768,5302688,190178
2025-05-20 03:09:50,16095,2195324928,33406976,0.0,0.10010485480316128,0,13,1.11,0.4,0.0,0.0,0.0,12062720,0,7,4,1,0,sleeping,8327,8307,0,544768,5304621,190250
2025-05-20 03:09:51,16095,2195324928,33406976,0.0,0.10010485480316128,0,13,1.11,0.4,0.0,0.0,0.0,12062720,0,6,4,1,0,sleeping,8330,8310,0,544768,5306554,190322
2025-05-20 03:09:52,16095,2195324928,33406976,0.0,0.10010485480316128,0,13,1.11,0.4,0.0,0.0,0.0,12062720,0,6,4,1,0,sleeping,8333,8313,0,544768,5308487,190394
2025-05-20 03:09:53,16095,2195324928,33406976,0.9,0.10010485480316128,0,13,1.12,0.4,0.0,0.0,0.0,12062720,0,6,4,1,0,sleeping,8337,8317,0,544768,5310428,190474
2025-05-20 03:09:54,16095,2195324928,33406976,0.0,0.10010485480316128,0,13,1.12,0.4,0.0,0.0,0.0,12062720,0,7,4,1,0,sleeping,8339,8320,0,548864,5312354,190570
2025-05-20 03:09:56,16095,2195324928,33406976,0.0,0.10010485480316128,0,13,1.12,0.4,0.0,0.0,0.0,12062720,0,8,4,1,0,sleeping,8341,8322,0,552960,5314280,190634
2025-05-20 03:09:57,16095,2195324928,33406976,0.0,0.10010485480316128,0,13,1.12,0.4,0.0,0.0,0.0,12062720,0,7,4,1,0,sleeping,8343,8324,0,552960,5316206,190698
2025-05-20 03:09:58,16095,2195324928,33406976,0.0,0.10010485480316128,0,13,1.12,0.4,0.0,0.0,0.0,12062720,0,8,4,1,0,sleeping,8348,8327,0,552960,5320065,190770
2025-05-20 03:09:59,16095,2195324928,33406976,0.0,0.10010485480316128,0,13,1.12,0.4,0.0,0.0,0.0,12062720,0,7,4,1,0,sleeping,8351,8330,0,552960,5321998,190842
2025-05-20 03:10:00,16095,2195324928,33406976,0.9,0.10010485480316128,0,13,1.12,0.41,0.0,0.0,0.0,12062720,0,7,4,1,0,sleeping,8353,8332,0,552960,5323924,190906
2025-05-20 03:10:01,16095,2195324928,33406976,0.0,0.10010485480316128,0,13,1.12,0.41,0.0,0.0,0.0,12062720,0,7,4,1,0,sleeping,8355,8335,0,552960,5325850,191002
2025-05-20 03:10:02,16095,2195324928,33406976,0.0,0.10010485480316128,0,13,1.12,0.41,0.0,0.0,0.0,12062720,0,7,4,1,0,sleeping,8357,8337,0,552960,5327776,191066
2025-05-20 03:10:03,16095,2195324928,33406976,0.0,0.10010485480316128,0,13,1.12,0.41,0.0,0.0,0.0,12062720,0,7,4,1,0,sleeping,8359,8339,0,552960,5329702,191130
2025-05-20 03:10:04,16095,2195324928,33406976,0.0,0.10010485480316128,0,13,1.12,0.41,0.0,0.0,0.0,12062720,0,6,4,1,0,sleeping,8361,8341,0,552960,5331628,191194
2025-05-20 03:10:05,16095,2195324928,33406976,0.0,0.10010485480316128,0,13,1.12,0.41,0.0,0.0,0.0,12062720,0,6,4,1,0,sleeping,8364,8344,0,552960,5333562,191266
2025-05-20 03:10:06,16095,2195324928,33406976,0.0,0.10010485480316128,0,13,1.12,0.41,0.0,0.0,0.0,12062720,0,7,4,1,0,sleeping,8367,8347,0,552960,5335496,191338
2025-05-20 03:10:07,16095,2195324928,33406976,0.0,0.10010485480316128,0,13,1.12,0.41,0.0,0.0,0.0,12062720,0,7,4,1,0,sleeping,8370,8351,0,552960,5337430,191442
2025-05-20 03:10:09,16095,2195324928,33406976,0.0,0.10010485480316128,0,13,1.12,0.41,0.0,0.0,0.0,12062720,0,7,4,1,0,sleeping,8372,8353,0,552960,5339356,191506
2025-05-20 03:10:10,16095,2195324928,33406976,0.0,0.10010485480316128,0,13,1.12,0.41,0.0,0.0,0.0,12062720,0,6,4,1,0,sleeping,8375,8356,0,552960,5341290,191578
2025-05-20 03:10:11,16095,2195324928,33406976,0.0,0.10010485480316128,0,13,1.12,0.41,0.0,0.0,0.0,12062720,0,7,4,1,0,sleeping,8381,8360,0,552960,5345158,191658
2025-05-20 03:10:12,16095,2195324928,33406976,0.0,0.10010485480316128,0,13,1.12,0.41,0.0,0.0,0.0,12062720,0,7,4,1,0,sleeping,8384,8363,0,552960,5347092,191730
2025-05-20 03:10:13,16095,2195324928,33406976,0.0,0.10010485480316128,0,13,1.12,0.41,0.0,0.0,0.0,12062720,0,7,4,1,0,sleeping,8388,8367,0,552960,5349034,191810
2025-05-20 03:10:14,16095,2195324928,33406976,0.0,0.10010485480316128,0,13,1.12,0.41,0.0,0.0,0.0,12062720,0,7,4,1,0,sleeping,8391,8371,0,552960,5350968,191914
2025-05-20 03:10:15,16095,2195324928,33406976,0.0,0.10010485480316128,0,13,1.12,0.41,0.0,0.0,0.0,12062720,0,7,4,1,0,sleeping,8395,8375,0,552960,5352910,191994
2025-05-20 03:10:16,16095,2195324928,33406976,0.0,0.10010485480316128,0,13,1.12,0.41,0.0,0.0,0.0,12062720,0,7,4,1,0,sleeping,8398,8378,0,552960,5354844,192066
2025-05-20 03:10:17,16095,2195324928,33406976,0.0,0.10010485480316128,0,13,1.12,0.41,0.0,0.0,0.0,12062720,0,7,4,1,0,sleeping,8401,8381,0,552960,5356778,192138
2025-05-20 03:10:18,16095,2195324928,33406976,0.9,0.10010485480316128,0,13,1.13,0.41,0.0,0.0,0.0,12062720,0,7,4,1,0,sleeping,8404,8384,0,552960,5358712,192210
2025-05-20 03:10:19,16095,2195324928,33406976,0.0,0.10010485480316128,0,13,1.13,0.41,0.0,0.0,0.0,12062720,0,7,4,1,0,sleeping,8408,8388,0,552960,5360654,192290
2025-05-20 03:10:21,16095,2195324928,33406976,0.0,0.10010485480316128,0,13,1.13,0.41,0.0,0.0,0.0,12062720,0,7,4,1,0,sleeping,8410,8391,0,552960,5362579,192386
2025-05-20 03:10:22,16095,2195324928,33406976,0.0,0.10010485480316128,0,13,1.13,0.41,0.0,0.0,0.0,12062720,0,7,4,1,0,sleeping,8414,8395,0,552960,5364520,192466
2025-05-20 03:10:23,16095,2195324928,33406976,0.0,0.10010485480316128,0,13,1.13,0.41,0.0,0.0,0.0,12062720,0,7,4,1,0,sleeping,8417,8398,0,552960,5366454,192538
2025-05-20 03:10:24,16095,2195324928,33406976,0.0,0.10010485480316128,0,13,1.13,0.41,0.0,0.0,0.0,12062720,0,7,4,1,0,sleeping,8422,8401,0,552960,5370314,192610
2025-05-20 03:10:25,16095,2195324928,33406976,0.0,0.10010485480316128,0,13,1.13,0.41,0.0,0.0,0.0,12062720,0,7,4,1,0,sleeping,8424,8403,0,552960,5372240,192674
2025-05-20 03:10:26,16095,2195324928,33406976,0.0,0.10010485480316128,0,13,1.13,0.41,0.0,0.0,0.0,12062720,0,5,4,1,0,sleeping,8427,8406,0,557056,5374174,192746
2025-05-20 03:10:27,16095,2195324928,33406976,0.0,0.10010485480316128,0,13,1.13,0.41,0.0,0.0,0.0,12062720,0,5,4,1,0,sleeping,8431,8411,0,557056,5376115,192858
2025-05-20 03:10:28,16095,2195324928,33406976,0.0,0.10010485480316128,0,13,1.13,0.41,0.0,0.0,0.0,12062720,0,5,4,1,0,sleeping,8434,8414,0,557056,5378048,192930
2025-05-20 03:10:29,16095,2195324928,33406976,0.0,0.10010485480316128,0,13,1.13,0.41,0.0,0.0,0.0,12062720,0,5,4,1,0,sleeping,8437,8417,0,557056,5379982,193002
2025-05-20 03:10:30,16095,2195324928,33406976,0.0,0.10010485480316128,0,13,1.13,0.41,0.0,0.0,0.0,12062720,0,5,4,1,0,sleeping,8440,8420,0,557056,5381916,193074
2025-05-20 03:10:31,16095,2195324928,33406976,0.0,0.10010485480316128,0,13,1.13,0.41,0.0,0.0,0.0,12062720,0,6,4,1,0,sleeping,8443,8423,0,557056,5383850,193146
2025-05-20 03:10:32,16095,2195324928,33406976,0.0,0.10010485480316128,0,13,1.13,0.41,0.0,0.0,0.0,12062720,0,7,4,1,0,sleeping,8446,8426,0,557056,5385784,193218
2025-05-20 03:10:33,16095,2195324928,33406976,0.0,0.10010485480316128,0,13,1.13,0.41,0.0,0.0,0.0,12062720,0,7,4,1,0,sleeping,8450,8431,0,557056,5387726,193330
2025-05-20 03:10:35,16095,2195324928,33406976,0.0,0.10010485480316128,0,13,1.13,0.41,0.0,0.0,0.0,12062720,0,7,4,1,0,sleeping,8453,8434,0,557056,5389660,193402
2025-05-20 03:10:36,16095,2195324928,33406976,0.0,0.10010485480316128,0,13,1.13,0.41,0.0,0.0,0.0,12062720,0,7,4,1,0,sleeping,8456,8437,0,557056,5391594,193474
2025-05-20 03:10:37,16095,2195324928,33406976,0.0,0.10010485480316128,0,13,1.13,0.41,0.0,0.0,0.0,12062720,0,7,4,1,0,sleeping,8459,8440,0,557056,5393528,193546
2025-05-20 03:10:38,16095,2195324928,33406976,0.0,0.10010485480316128,0,13,1.13,0.41,0.0,0.0,0.0,12062720,0,7,4,1,0,sleeping,8465,8444,0,557056,5397396,193626
2025-05-20 03:10:39,16095,2195324928,33406976,0.9,0.10010485480316128,0,13,1.14,0.41,0.0,0.0,0.0,12062720,0,7,4,1,0,sleeping,8469,8448,0,557056,5399338,193706
2025-05-20 03:10:40,16095,2195324928,33406976,0.0,0.10010485480316128,0,13,1.14,0.41,0.0,0.0,0.0,12062720,0,7,4,1,0,sleeping,8472,8452,0,557056,5401272,193810
2025-05-20 03:10:41,16095,2195324928,33406976,0.0,0.10010485480316128,0,13,1.14,0.41,0.0,0.0,0.0,12062720,0,7,4,1,0,sleeping,8476,8456,0,557056,5403214,193890
2025-05-20 03:10:42,16095,2195324928,33406976,0.0,0.10010485480316128,0,13,1.14,0.41,0.0,0.0,0.0,12062720,0,7,4,1,0,sleeping,8479,8459,0,557056,5405148,193962
2025-05-20 03:10:43,16095,2195324928,33406976,0.0,0.10010485480316128,0,13,1.14,0.41,0.0,0.0,0.0,12062720,0,6,4,1,0,sleeping,8482,8462,0,557056,5407082,194034
2025-05-20 03:10:44,16095,2195324928,33406976,0.0,0.10010485480316128,0,13,1.14,0.41,0.0,0.0,0.0,12062720,0,6,4,1,0,sleeping,8485,8465,0,557056,5409016,194106
2025-05-20 03:10:45,16095,2195324928,33406976,0.0,0.10010485480316128,0,13,1.14,0.41,0.0,0.0,0.0,12062720,0,6,4,1,0,sleeping,8488,8468,0,557056,5410950,194178
2025-05-20 03:10:47,16095,2195324928,33406976,0.0,0.10010485480316128,0,13,1.14,0.41,0.0,0.0,0.0,12062720,0,7,4,1,0,sleeping,8490,8471,0,557056,5412876,194274
2025-05-20 03:10:48,16095,2195324928,33406976,0.0,0.10010485480316128,0,13,1.14,0.41,0.0,0.0,0.0,12062720,0,7,4,1,0,sleeping,8492,8473,0,557056,5414802,194338
2025-05-20 03:10:49,16095,2195324928,33406976,0.0,0.10010485480316128,0,13,1.14,0.41,0.0,0.0,0.0,12062720,0,7,4,1,0,sleeping,8495,8476,0,557056,5416736,194410
2025-05-20 03:10:50,16095,2195324928,33406976,0.0,0.10010485480316128,0,13,1.14,0.41,0.0,0.0,0.0,12062720,0,7,4,1,0,sleeping,8499,8480,0,557056,5418677,194490
2025-05-20 03:10:51,16095,2195324928,33406976,0.0,0.10010485480316128,0,13,1.14,0.41,0.0,0.0,0.0,12062720,0,6,4,1,0,sleeping,8504,8483,0,557056,5422536,194562
2025-05-20 03:10:52,16095,2195324928,33406976,0.0,0.10010485480316128,0,13,1.14,0.41,0.0,0.0,0.0,12062720,0,6,4,1,0,sleeping,8507,8486,0,557056,5424470,194634
2025-05-20 03:10:53,16095,2195324928,33406976,0.0,0.10010485480316128,0,13,1.14,0.41,0.0,0.0,0.0,12062720,0,6,4,1,0,sleeping,8510,8490,0,557056,5426404,194738
2025-05-20 03:10:54,16095,2195324928,33406976,0.0,0.10010485480316128,0,13,1.14,0.41,0.0,0.0,0.0,12062720,0,7,4,1,0,sleeping,8513,8493,0,557056,5428338,194810
2025-05-20 03:10:55,16095,2195324928,33406976,0.0,0.10010485480316128,0,13,1.14,0.41,0.0,0.0,0.0,12062720,0,7,4,1,0,sleeping,8516,8496,0,557056,5430272,194882
2025-05-20 03:10:56,16095,2195324928,33406976,0.0,0.10010485480316128,0,13,1.14,0.41,0.0,0.0,0.0,12062720,0,7,4,1,0,sleeping,8520,8500,0,561152,5432214,194962
2025-05-20 03:10:57,16095,2195324928,33406976,0.0,0.10010485480316128,0,13,1.14,0.41,0.0,0.0,0.0,12062720,0,7,4,1,0,sleeping,8523,8503,0,561152,5434148,195034
2025-05-20 03:10:58,16095,2195324928,33406976,0.0,0.10010485480316128,0,13,1.14,0.41,0.0,0.0,0.0,12062720,0,7,4,1,0,sleeping,8527,8507,0,561152,5436090,195114
2025-05-20 03:10:59,16095,2195324928,33406976,0.0,0.10010485480316128,0,13,1.14,0.41,0.0,0.0,0.0,12062720,0,7,4,1,0,sleeping,8531,8512,0,565248,5438032,195226
2025-05-20 03:11:01,16095,2195324928,33406976,0.0,0.10010485480316128,0,13,1.14,0.41,0.0,0.0,0.0,12062720,0,7,4,1,0,sleeping,8533,8514,0,565248,5439958,195290
2025-05-20 03:11:02,16095,2195324928,33406976,0.0,0.10010485480316128,0,13,1.14,0.41,0.0,0.0,0.0,12062720,0,7,4,1,0,sleeping,8536,8517,0,565248,5441891,195362
2025-05-20 03:11:03,16095,2195324928,33406976,0.0,0.10010485480316128,0,13,1.14,0.41,0.0,0.0,0.0,12062720,0,7,4,1,0,sleeping,8539,8520,0,565248,5443824,195434
2025-05-20 03:11:04,16095,2195324928,33406976,0.0,0.10010485480316128,0,13,1.14,0.41,0.0,0.0,0.0,12062720,0,6,4,1,0,sleeping,8544,8523,0,565248,5447684,195506
2025-05-20 03:11:05,16095,2195324928,33406976,0.0,0.10010485480316128,0,13,1.14,0.41,0.0,0.0,0.0,12062720,0,6,4,1,0,sleeping,8547,8526,0,565248,5449618,195578
2025-05-20 03:11:06,16095,2195324928,33406976,0.0,0.10010485480316128,0,13,1.14,0.41,0.0,0.0,0.0,12062720,0,6,4,1,0,sleeping,8551,8531,0,565248,5451560,195690
2025-05-20 03:11:07,16095,2195324928,33406976,0.0,0.10010485480316128,0,13,1.14,0.41,0.0,0.0,0.0,12062720,0,6,4,1,0,sleeping,8554,8534,0,565248,5453494,195762
2025-05-20 03:11:08,16095,2195324928,33406976,0.0,0.10010485480316128,0,13,1.14,0.41,0.0,0.0,0.0,12062720,0,6,4,1,0,sleeping,8557,8537,0,565248,5455428,195834
2025-05-20 03:11:09,16095,2195324928,33406976,0.0,0.10010485480316128,0,13,1.14,0.41,0.0,0.0,0.0,12062720,0,6,4,1,0,sleeping,8560,8540,0,565248,5457362,195906
2025-05-20 03:11:10,16095,2195324928,33406976,0.0,0.10010485480316128,0,13,1.14,0.41,0.0,0.0,0.0,12062720,0,6,4,1,0,sleeping,8564,8544,0,565248,5459303,195986
2025-05-20 03:11:11,16095,2195324928,33406976,0.0,0.10010485480316128,0,13,1.14,0.41,0.0,0.0,0.0,12062720,0,6,4,1,0,sleeping,8567,8547,0,565248,5461236,196058
2025-05-20 03:11:12,16095,2195324928,33406976,0.0,0.10010485480316128,0,13,1.14,0.41,0.0,0.0,0.0,12062720,0,7,4,1,0,sleeping,8570,8551,0,565248,5463170,196162
2025-05-20 03:11:14,16095,2195324928,33406976,0.0,0.10010485480316128,0,13,1.14,0.41,0.0,0.0,0.0,12062720,0,6,4,1,0,sleeping,8573,8554,0,565248,5465104,196234
2025-05-20 03:11:15,16095,2195324928,33406976,0.9,0.10010485480316128,0,13,1.14,0.42,0.0,0.0,0.0,12062720,0,6,4,1,0,sleeping,8576,8557,0,565248,5467038,196306
2025-05-20 03:11:16,16095,2195324928,33406976,0.0,0.10010485480316128,0,13,1.14,0.42,0.0,0.0,0.0,12062720,0,7,4,1,0,sleeping,8579,8560,0,565248,5468972,196378
2025-05-20 03:11:17,16095,2195324928,33406976,0.0,0.10010485480316128,0,13,1.14,0.42,0.0,0.0,0.0,12062720,0,6,4,1,0,sleeping,8582,8563,0,565248,5470905,196450
2025-05-20 03:11:18,16095,2195324928,33406976,0.0,0.10010485480316128,0,13,1.14,0.42,0.0,0.0,0.0,12062720,0,5,4,1,0,sleeping,8587,8566,0,565248,5474764,196522
2025-05-20 03:11:19,16095,2195324928,33406976,0.0,0.10010485480316128,0,13,1.14,0.42,0.0,0.0,0.0,12062720,0,6,4,1,0,sleeping,8589,8569,0,565248,5476689,196618
2025-05-20 03:11:20,16095,2195324928,33406976,0.0,0.10010485480316128,0,13,1.14,0.42,0.0,0.0,0.0,12062720,0,6,4,1,0,sleeping,8591,8571,0,565248,5478614,196682
2025-05-20 03:11:21,16095,2195324928,33406976,0.0,0.10010485480316128,0,13,1.14,0.42,0.0,0.0,0.0,12062720,0,6,4,1,0,sleeping,8594,8574,0,565248,5480548,196754
2025-05-20 03:11:22,16095,2195324928,33406976,0.0,0.10010485480316128,0,13,1.14,0.42,0.0,0.0,0.0,12062720,0,7,4,1,0,sleeping,8597,8577,0,565248,5482482,196826
2025-05-20 03:11:23,16095,2195324928,33406976,0.0,0.10010485480316128,0,13,1.14,0.42,0.0,0.0,0.0,12062720,0,7,4,1,0,sleeping,8600,8580,0,565248,5484416,196898
2025-05-20 03:11:24,16095,2195324928,33406976,0.0,0.10010485480316128,0,13,1.14,0.42,0.0,0.0,0.0,12062720,0,7,4,1,0,sleeping,8603,8583,0,565248,5486350,196970
2025-05-20 03:11:25,16095,2195324928,33406976,0.0,0.10010485480316128,0,13,1.14,0.42,0.0,0.0,0.0,12062720,0,7,4,1,0,sleeping,8606,8587,0,565248,5488284,197074
2025-05-20 03:11:27,16095,2195324928,33406976,0.0,0.10010485480316128,0,13,1.14,0.42,0.0,0.0,0.0,12062720,0,6,4,1,0,sleeping,8609,8590,0,569344,5490218,197146
2025-05-20 03:11:28,16095,2195324928,33406976,0.9,0.10010485480316128,0,13,1.15,0.42,0.0,0.0,0.0,12062720,0,6,4,1,0,sleeping,8613,8594,0,569344,5492160,197226
2025-05-20 03:11:29,16095,2195324928,33406976,0.0,0.10010485480316128,0,13,1.15,0.42,0.0,0.0,0.0,12062720,0,6,4,1,0,sleeping,8615,8596,0,569344,5494086,197290
2025-05-20 03:11:30,16095,2195324928,33406976,0.0,0.10010485480316128,0,13,1.15,0.42,0.0,0.0,0.0,12062720,0,7,4,1,0,sleeping,8619,8600,0,569344,5496028,197370
2025-05-20 03:11:31,16095,2195324928,33406976,0.0,0.10010485480316128,0,13,1.15,0.42,0.0,0.0,0.0,12062720,0,7,4,1,0,sleeping,8625,8604,0,569344,5499895,197450
2025-05-20 03:11:32,16095,2195324928,33406976,0.0,0.10010485480316128,0,13,1.15,0.42,0.0,0.0,0.0,12062720,0,6,4,1,0,sleeping,8628,8608,0,569344,5501828,197554
2025-05-20 03:11:33,16095,2195324928,33406976,0.0,0.10010485480316128,0,13,1.15,0.42,0.0,0.0,0.0,12062720,0,6,4,1,0,sleeping,8631,8611,0,569344,5503762,197626
2025-05-20 03:11:34,16095,2195324928,33406976,0.0,0.10010485480316128,0,13,1.15,0.42,0.0,0.0,0.0,12062720,0,6,4,1,0,sleeping,8634,8614,0,569344,5505696,197698
2025-05-20 03:11:35,16095,2195324928,33406976,0.0,0.10010485480316128,0,13,1.15,0.42,0.0,0.0,0.0,12062720,0,6,4,1,0,sleeping,8636,8616,0,569344,5507622,197762
2025-05-20 03:11:36,16095,2195324928,33406976,0.0,0.10010485480316128,0,13,1.15,0.42,0.0,0.0,0.0,12062720,0,6,4,1,0,sleeping,8639,8619,0,569344,5509555,197834
2025-05-20 03:11:37,16095,2195324928,33406976,0.0,0.10010485480316128,0,13,1.15,0.42,0.0,0.0,0.0,12062720,0,6,4,1,0,sleeping,8642,8622,0,569344,5511488,197906
2025-05-20 03:11:39,16095,2195324928,33406976,0.0,0.10010485480316128,0,13,1.15,0.42,0.0,0.0,0.0,12062720,0,6,4,1,0,sleeping,8645,8626,0,569344,5513421,198010
2025-05-20 03:11:40,16095,2195324928,33406976,0.0,0.10010485480316128,0,13,1.15,0.42,0.0,0.0,0.0,12062720,0,6,4,1,0,sleeping,8648,8629,0,569344,5515354,198082
2025-05-20 03:11:41,16095,2195324928,33406976,0.9,0.10010485480316128,0,13,1.15,0.43,0.0,0.0,0.0,12062720,0,6,4,1,0,sleeping,8652,8633,0,569344,5517296,198162
2025-05-20 03:11:42,16095,2195324928,33406976,0.0,0.10010485480316128,0,13,1.15,0.43,0.0,0.0,0.0,12062720,0,6,4,1,0,sleeping,8655,8636,0,569344,5519230,198234
2025-05-20 03:11:43,16095,2195324928,33406976,0.0,0.10010485480316128,0,13,1.15,0.43,0.0,0.0,0.0,12062720,0,6,4,1,0,sleeping,8658,8639,0,569344,5521164,198306
2025-05-20 03:11:44,16095,2195324928,33406976,0.0,0.10010485480316128,0,13,1.15,0.43,0.0,0.0,0.0,12062720,0,6,4,1,0,sleeping,8663,8642,0,569344,5525024,198378
2025-05-20 03:11:45,16095,2195324928,33406976,0.0,0.10010485480316128,0,13,1.15,0.43,0.0,0.0,0.0,12062720,0,6,4,1,0,sleeping,8667,8647,0,569344,5526966,198490
2025-05-20 03:11:46,16095,2195324928,33406976,0.0,0.10010485480316128,0,13,1.15,0.43,0.0,0.0,0.0,12062720,0,6,4,1,0,sleeping,8669,8649,0,569344,5528892,198554
2025-05-20 03:11:47,16095,2195324928,33406976,0.0,0.10010485480316128,0,13,1.15,0.43,0.0,0.0,0.0,12062720,0,6,4,1,0,sleeping,8672,8652,0,569344,5530826,198626
2025-05-20 03:11:48,16095,2195324928,33406976,0.0,0.10010485480316128,0,13,1.15,0.43,0.0,0.0,0.0,12062720,0,6,4,1,0,sleeping,8675,8655,0,569344,5532760,198698
2025-05-20 03:11:49,16095,2195324928,33406976,0.0,0.10010485480316128,0,13,1.15,0.43,0.0,0.0,0.0,12062720,0,6,4,1,0,sleeping,8678,8658,0,569344,5534694,198770
2025-05-20 03:11:50,16095,2195324928,33406976,0.0,0.10010485480316128,0,13,1.15,0.43,0.0,0.0,0.0,12062720,0,6,4,1,0,sleeping,8681,8661,0,569344,5536628,198842
2025-05-20 03:11:51,16095,2195324928,33406976,0.0,0.10010485480316128,0,13,1.15,0.43,0.0,0.0,0.0,12062720,0,6,4,1,0,sleeping,8685,8666,0,569344,5538570,198954
2025-05-20 03:11:53,16095,2195324928,33406976,0.0,0.10010485480316128,0,13,1.15,0.43,0.0,0.0,0.0,12062720,0,6,4,1,0,sleeping,8687,8668,0,569344,5540496,199018
2025-05-20 03:11:54,16095,2195324928,33406976,0.0,0.10010485480316128,0,13,1.15,0.43,0.0,0.0,0.0,12062720,0,6,4,1,0,sleeping,8691,8672,0,569344,5542438,199098
2025-05-20 03:11:55,16095,2195324928,33406976,0.0,0.10010485480316128,0,13,1.15,0.43,0.0,0.0,0.0,12062720,0,6,4,1,0,sleeping,8694,8675,0,569344,5544372,199170
2025-05-20 03:11:56,16095,2195324928,33406976,0.0,0.10010485480316128,0,13,1.15,0.43,0.0,0.0,0.0,12062720,0,6,4,1,0,sleeping,8696,8677,0,569344,5546297,199234
2025-05-20 03:11:57,16095,2195324928,33406976,0.0,0.10010485480316128,0,13,1.15,0.43,0.0,0.0,0.0,12062720,0,7,4,1,0,sleeping,8701,8680,0,569344,5550156,199306
2025-05-20 03:11:58,16095,2195324928,33406976,0.0,0.10010485480316128,0,13,1.15,0.43,0.0,0.0,0.0,12062720,0,8,4,1,0,sleeping,8705,8685,0,573440,5552098,199418
2025-05-20 03:11:59,16095,2195324928,33406976,0.0,0.10010485480316128,0,13,1.15,0.43,0.0,0.0,0.0,12062720,0,8,4,1,0,sleeping,8708,8688,0,573440,5554032,199490
2025-05-20 03:12:00,16095,2195324928,33406976,0.0,0.10010485480316128,0,13,1.15,0.43,0.0,0.0,0.0,12062720,0,8,4,1,0,sleeping,8711,8691,0,573440,5555966,199562
2025-05-20 03:12:01,16095,2195324928,33406976,0.9,0.10010485480316128,0,13,1.15,0.44,0.0,0.0,0.0,12128256,0,7,4,1,0,sleeping,8713,8693,0,573440,5557892,199626
2025-05-20 03:12:02,16095,2195324928,33406976,0.0,0.10010485480316128,0,13,1.15,0.44,0.0,0.0,0.0,12128256,0,7,4,1,0,sleeping,8717,8697,0,573440,5559834,199706
2025-05-20 03:12:03,16095,2195324928,33406976,0.0,0.10010485480316128,0,13,1.15,0.44,0.0,0.0,0.0,12128256,0,6,4,1,0,sleeping,8721,8701,0,577536,5561776,199786
2025-05-20 03:12:05,16095,2195324928,33406976,0.0,0.10010485480316128,0,13,1.15,0.44,0.0,0.0,0.0,12128256,0,6,4,1,0,sleeping,8726,8707,0,577536,5563726,199906
2025-05-20 03:12:06,16095,2195324928,33406976,0.0,0.10010485480316128,0,13,1.15,0.44,0.0,0.0,0.0,12128256,0,7,4,1,0,sleeping,8731,8712,0,577536,5565676,199994
2025-05-20 03:12:07,16095,2195324928,33406976,0.0,0.10010485480316128,0,13,1.15,0.44,0.0,0.0,0.0,12128256,0,7,4,1,0,sleeping,8736,8717,0,577536,5567626,200082
2025-05-20 03:12:08,16095,2195324928,33406976,0.0,0.10010485480316128,0,13,1.15,0.44,0.0,0.0,0.0,12128256,0,7,4,1,0,sleeping,8739,8720,0,577536,5569560,200154
2025-05-20 03:12:09,16095,2195324928,33406976,0.0,0.10010485480316128,0,13,1.15,0.44,0.0,0.0,0.0,12136448,0,7,4,1,0,sleeping,8741,8722,0,577536,5571486,200218
2025-05-20 03:12:10,16095,2195324928,33406976,0.0,0.10010485480316128,0,13,1.15,0.44,0.0,0.0,0.0,12136448,0,7,4,1,0,sleeping,8744,8725,0,577536,5573420,200290
2025-05-20 03:12:11,16095,2195324928,33406976,0.0,0.10010485480316128,0,13,1.15,0.44,0.0,0.0,0.0,12140544,0,6,4,1,0,sleeping,8750,8730,0,577536,5577288,200402
2025-05-20 03:12:12,16095,2195324928,33406976,0.0,0.10010485480316128,0,13,1.15,0.44,0.0,0.0,0.0,12140544,0,6,4,1,0,sleeping,8753,8733,0,577536,5579222,200474
2025-05-20 03:12:13,16095,2195324928,33406976,0.0,0.10010485480316128,0,13,1.15,0.44,0.0,0.0,0.0,12144640,0,6,4,1,0,sleeping,8757,8737,0,577536,5581164,200554
2025-05-20 03:12:14,16095,2195324928,33406976,0.0,0.10010485480316128,0,13,1.15,0.44,0.0,0.0,0.0,12144640,0,6,4,1,0,sleeping,8761,8741,0,577536,5583105,200634
2025-05-20 03:12:15,16095,2195324928,33406976,0.0,0.10010485480316128,0,13,1.15,0.44,0.0,0.0,0.0,12148736,0,6,4,1,0,sleeping,8765,8745,0,577536,5585046,200714
2025-05-20 03:12:16,16095,2195324928,33406976,0.0,0.10010485480316128,0,13,1.15,0.44,0.0,0.0,0.0,12148736,0,6,4,1,0,sleeping,8769,8749,0,577536,5586988,200794
2025-05-20 03:12:17,16095,2195324928,33406976,0.0,0.10010485480316128,0,13,1.15,0.44,0.0,0.0,0.0,12148736,0,7,4,1,0,sleeping,8773,8754,0,577536,5588930,200906
2025-05-20 03:12:19,16095,2195324928,33406976,0.0,0.10010485480316128,0,13,1.15,0.44,0.0,0.0,0.0,12161024,0,7,4,1,0,sleeping,8776,8757,0,577536,5590864,200978
2025-05-20 03:12:20,16095,2195324928,33406976,0.0,0.10010485480316128,0,13,1.15,0.44,0.0,0.0,0.0,12169216,0,6,4,1,0,sleeping,8779,8760,0,577536,5592798,201050
2025-05-20 03:12:21,16095,2195324928,33406976,0.0,0.10010485480316128,0,13,1.15,0.44,0.0,0.0,0.0,12177408,0,7,4,1,0,sleeping,8782,8763,0,577536,5594732,201122
2025-05-20 03:12:22,16095,2195324928,33406976,0.0,0.10010485480316128,0,13,1.15,0.44,0.0,0.0,0.0,12193792,0,7,4,1,0,sleeping,8786,8767,0,577536,5596674,201202
2025-05-20 03:12:23,16095,2195324928,33406976,0.0,0.10010485480316128,0,13,1.15,0.44,0.0,0.0,0.0,12193792,0,8,4,1,0,sleeping,8790,8771,0,577536,5598616,201282
2025-05-20 03:12:24,16095,2195324928,33406976,0.0,0.10010485480316128,0,13,1.15,0.44,0.0,0.0,0.0,12201984,0,7,4,1,0,sleeping,8796,8776,0,577536,5602484,201394
2025-05-20 03:12:25,16095,2195324928,33406976,0.9,0.10010485480316128,0,13,1.16,0.44,0.0,0.0,0.0,12222464,0,7,4,1,0,sleeping,8798,8778,0,577536,5604410,201458
2025-05-20 03:12:26,16095,2195324928,33406976,0.0,0.10010485480316128,0,13,1.16,0.44,0.0,0.0,0.0,12247040,0,8,4,1,0,sleeping,8801,8781,0,577536,5606344,201530
2025-05-20 03:12:27,16095,2195324928,33406976,0.0,0.10010485480316128,0,13,1.16,0.44,0.0,0.0,0.0,12247040,0,8,4,1,0,sleeping,8805,8785,0,577536,5608286,201610
2025-05-20 03:12:28,16095,2195324928,33406976,0.0,0.10010485480316128,0,13,1.16,0.44,0.0,0.0,0.0,12251136,0,8,4,1,0,sleeping,8809,8789,0,581632,5610228,201690
2025-05-20 03:12:29,16095,2195324928,33406976,0.0,0.10010485480316128,0,13,1.16,0.44,0.0,0.0,0.0,12259328,0,8,4,1,0,sleeping,8812,8792,0,581632,5612162,201762
2025-05-20 03:12:31,16095,2195324928,33406976,0.0,0.10010485480316128,0,13,1.16,0.44,0.0,0.0,0.0,12283904,0,7,4,1,0,sleeping,8814,8795,0,581632,5614088,201858
2025-05-20 03:12:32,16095,2195324928,33406976,0.0,0.10010485480316128,0,13,1.16,0.44,0.0,0.0,0.0,12292096,0,8,4,1,0,sleeping,8817,8798,0,581632,5616022,201930
2025-05-20 03:12:33,16095,2195324928,33406976,0.0,0.10010485480316128,0,13,1.16,0.44,0.0,0.0,0.0,12292096,0,8,4,1,0,sleeping,8821,8802,0,581632,5617964,202010
2025-05-20 03:12:34,16095,2195324928,33406976,0.0,0.10010485480316128,0,13,1.16,0.44,0.0,0.0,0.0,12296192,0,7,4,1,0,sleeping,8824,8805,0,581632,5619898,202082
2025-05-20 03:12:35,16095,2195324928,33406976,0.0,0.10010485480316128,0,13,1.16,0.44,0.0,0.0,0.0,12312576,0,7,4,1,0,sleeping,8826,8807,0,581632,5621824,202146
2025-05-20 03:12:36,16095,2195324928,33406976,0.0,0.10010485480316128,0,13,1.16,0.44,0.0,0.0,0.0,12328960,0,7,4,1,0,sleeping,8829,8810,0,581632,5623758,202218
2025-05-20 03:12:37,16095,2195324928,33406976,0.0,0.10010485480316128,0,13,1.16,0.44,0.0,0.0,0.0,12328960,0,7,4,1,0,sleeping,8833,8813,0,581632,5627610,202314
2025-05-20 03:12:38,16095,2195324928,33406976,0.0,0.10010485480316128,0,13,1.16,0.44,0.0,0.0,0.0,12328960,0,7,4,1,0,sleeping,8835,8815,0,581632,5629536,202378
2025-05-20 03:12:39,16095,2195324928,33406976,0.0,0.10010485480316128,0,13,1.16,0.44,0.0,0.0,0.0,12328960,0,7,4,1,0,sleeping,8837,8817,0,581632,5631462,202442
2025-05-20 03:12:40,16095,2195324928,33406976,0.0,0.10010485480316128,0,13,1.16,0.44,0.0,0.0,0.0,12328960,0,7,4,1,0,sleeping,8839,8819,0,581632,5633388,202506
2025-05-20 03:12:41,16095,2195324928,33406976,0.0,0.10010485480316128,0,13,1.16,0.44,0.0,0.0,0.0,12328960,0,7,4,1,0,sleeping,8841,8821,0,581632,5635314,202570
2025-05-20 03:12:42,16095,2195324928,33406976,0.0,0.10010485480316128,0,13,1.16,0.44,0.0,0.0,0.0,12328960,0,6,4,1,0,sleeping,8843,8823,0,581632,5637239,202634
2025-05-20 03:12:43,16095,2195324928,33406976,0.0,0.10010485480316128,0,13,1.16,0.44,0.0,0.0,0.0,12328960,0,7,4,1,0,sleeping,8845,8826,0,581632,5639164,202730
2025-05-20 03:12:45,16095,2195324928,33406976,0.0,0.10010485480316128,0,13,1.16,0.44,0.0,0.0,0.0,12328960,0,7,4,1,0,sleeping,8847,8828,0,581632,5641090,202794
2025-05-20 03:12:46,16095,2195324928,33406976,0.0,0.10010485480316128,0,13,1.16,0.44,0.0,0.0,0.0,12328960,0,7,4,1,0,sleeping,8849,8830,0,581632,5643016,202858
2025-05-20 03:12:47,16095,2195324928,33406976,0.0,0.10010485480316128,0,13,1.16,0.44,0.0,0.0,0.0,12345344,0,7,4,1,0,sleeping,8852,8833,0,581632,5644950,202930
2025-05-20 03:12:48,16095,2195324928,33406976,0.0,0.10010485480316128,0,13,1.16,0.44,0.0,0.0,0.0,12345344,0,7,4,1,0,sleeping,8854,8835,0,581632,5646876,202994
2025-05-20 03:12:49,16095,2195324928,33406976,0.9,0.10010485480316128,0,13,1.17,0.44,0.0,0.0,0.0,12345344,0,7,4,1,0,sleeping,8856,8837,0,581632,5648802,203058
2025-05-20 03:12:50,16095,2195324928,33406976,0.0,0.10010485480316128,0,13,1.17,0.44,0.0,0.0,0.0,12345344,0,7,4,1,0,sleeping,8861,8841,0,581632,5652660,203162
2025-05-20 03:12:51,16095,2195324928,33406976,0.0,0.10010485480316128,0,13,1.17,0.44,0.0,0.0,0.0,12345344,0,7,4,1,0,sleeping,8863,8843,0,581632,5654586,203226
2025-05-20 03:12:52,16095,2195324928,33406976,0.0,0.10010485480316128,0,13,1.17,0.44,0.0,0.0,0.0,12349440,0,7,4,1,0,sleeping,8866,8846,0,581632,5656520,203298
2025-05-20 03:12:53,16095,2195324928,33406976,0.0,0.10010485480316128,0,13,1.17,0.44,0.0,0.0,0.0,12353536,0,7,4,1,0,sleeping,8871,8851,0,581632,5658470,203386
2025-05-20 03:12:54,16095,2195324928,33406976,0.0,0.10010485480316128,0,13,1.17,0.44,0.0,0.0,0.0,12353536,0,7,4,1,0,sleeping,8873,8853,0,581632,5660396,203450
2025-05-20 03:12:55,16095,2195324928,33406976,0.0,0.10010485480316128,0,13,1.17,0.44,0.0,0.0,0.0,12353536,0,7,4,1,0,sleeping,8876,8856,0,581632,5662330,203522
2025-05-20 03:12:57,16095,2195324928,33406976,0.0,0.10010485480316128,0,13,1.17,0.44,0.0,0.0,0.0,12361728,0,7,4,1,0,sleeping,8882,8863,0,581632,5664288,203650
2025-05-20 03:12:58,16095,2195324928,33406976,0.0,0.10010485480316128,0,13,1.17,0.44,0.0,0.0,0.0,12361728,0,7,4,1,0,sleeping,8884,8865,0,581632,5666214,203714
2025-05-20 03:12:59,16095,2195324928,33406976,0.0,0.10010485480316128,0,13,1.17,0.44,0.0,0.0,0.0,12361728,0,7,4,1,0,sleeping,8888,8869,0,581632,5668155,203794
2025-05-20 03:13:00,16095,2195324928,33406976,0.0,0.10010485480316128,0,13,1.17,0.44,0.0,0.0,0.0,12361728,0,7,4,1,0,sleeping,8890,8871,0,585728,5670080,203858
2025-05-20 03:13:01,16095,2195324928,33406976,0.0,0.10010485480316128,0,13,1.17,0.44,0.0,0.0,0.0,12361728,0,7,4,1,0,sleeping,8892,8873,0,585728,5672006,203922
2025-05-20 03:13:02,16095,2195324928,33406976,0.0,0.10010485480316128,0,13,1.17,0.44,0.0,0.0,0.0,12361728,0,6,4,1,0,sleeping,8896,8877,0,585728,5673948,204002
2025-05-20 03:13:03,16095,2195324928,33406976,0.0,0.10010485480316128,0,13,1.17,0.44,0.0,0.0,0.0,12361728,0,6,4,1,0,sleeping,8898,8880,0,585728,5675874,204098
2025-05-20 03:13:04,16095,2195324928,33406976,0.0,0.10010485480316128,0,13,1.17,0.44,0.0,0.0,0.0,12361728,0,7,4,1,0,sleeping,8903,8883,0,585728,5679734,204170
2025-05-20 03:13:05,16095,2195324928,33406976,0.0,0.10010485480316128,0,13,1.17,0.44,0.0,0.0,0.0,12361728,0,7,4,1,0,sleeping,8905,8885,0,585728,5681660,204234
2025-05-20 03:13:06,16095,2195324928,33406976,0.0,0.10010485480316128,0,13,1.17,0.44,0.0,0.0,0.0,12361728,0,7,4,1,0,sleeping,8907,8887,0,585728,5683586,204298
2025-05-20 03:13:07,16095,2195324928,33406976,0.0,0.10010485480316128,0,13,1.17,0.44,0.0,0.0,0.0,12361728,0,7,4,1,0,sleeping,8910,8890,0,589824,5685520,204370
2025-05-20 03:13:08,16095,2195324928,33406976,0.0,0.10010485480316128,0,13,1.17,0.44,0.0,0.0,0.0,12361728,0,7,4,1,0,sleeping,8913,8893,0,589824,5687454,204442
2025-05-20 03:13:09,16095,2195324928,33406976,0.0,0.10010485480316128,0,13,1.17,0.44,0.0,0.0,0.0,12361728,0,7,4,1,0,sleeping,8916,8897,0,589824,5689388,204546
2025-05-20 03:13:11,16095,2195324928,33406976,0.9,0.10010485480316128,0,13,1.18,0.44,0.0,0.0,0.0,12361728,0,7,4,1,0,sleeping,8919,8900,0,589824,5691322,204618
2025-05-20 03:13:12,16095,2195324928,33406976,0.0,0.10010485480316128,0,13,1.18,0.44,0.0,0.0,0.0,12361728,0,7,4,1,0,sleeping,8923,8904,0,589824,5693264,204698
2025-05-20 03:13:13,16095,2195324928,33406976,0.0,0.10010485480316128,0,13,1.18,0.44,0.0,0.0,0.0,12361728,0,7,4,1,0,sleeping,8925,8906,0,589824,5695190,204762
2025-05-20 03:13:14,16095,2195324928,33406976,0.0,0.10010485480316128,0,13,1.18,0.44,0.0,0.0,0.0,12361728,0,7,4,1,0,sleeping,8927,8908,0,589824,5697116,204826
2025-05-20 03:13:15,16095,2195324928,33406976,0.0,0.10010485480316128,0,13,1.18,0.44,0.0,0.0,0.0,12361728,0,7,4,1,0,sleeping,8929,8910,0,589824,5699042,204890
2025-05-20 03:13:16,16095,2195324928,33406976,0.0,0.10010485480316128,0,13,1.18,0.44,0.0,0.0,0.0,12361728,0,7,4,1,0,sleeping,8932,8914,0,589824,5700976,204994
2025-05-20 03:13:17,16095,2195324928,33406976,0.0,0.10010485480316128,0,13,1.18,0.44,0.0,0.0,0.0,12361728,0,7,4,1,0,sleeping,8937,8917,0,589824,5704836,205066
2025-05-20 03:13:18,16095,2195324928,33406976,0.0,0.10010485480316128,0,13,1.18,0.44,0.0,0.0,0.0,12361728,0,7,4,1,0,sleeping,8940,8920,0,589824,5706770,205138
2025-05-20 03:13:19,16095,2195324928,33406976,0.0,0.10010485480316128,0,13,1.18,0.44,0.0,0.0,0.0,12361728,0,7,4,1,0,sleeping,8943,8923,0,589824,5708704,205210
2025-05-20 03:13:20,16095,2195324928,33406976,0.0,0.10010485480316128,0,13,1.18,0.44,0.0,0.0,0.0,12361728,0,7,4,1,0,sleeping,8947,8927,0,589824,5710646,205290
2025-05-20 03:13:21,16095,2195324928,33406976,0.0,0.10010485480316128,0,13,1.18,0.44,0.0,0.0,0.0,12361728,0,7,4,1,0,sleeping,8950,8930,0,589824,5712580,205362
2025-05-20 03:13:23,16095,2195324928,33406976,0.0,0.10010485480316128,0,13,1.18,0.44,0.0,0.0,0.0,12361728,0,8,4,1,0,sleeping,8954,8935,0,589824,5714522,205474
2025-05-20 03:13:24,16095,2195324928,33406976,0.0,0.10010485480316128,0,13,1.18,0.44,0.0,0.0,0.0,12361728,0,8,4,1,0,sleeping,8958,8939,0,589824,5716464,205554
2025-05-20 03:13:25,16095,2195324928,33406976,0.0,0.10010485480316128,0,13,1.18,0.44,0.0,0.0,0.0,12361728,0,7,4,1,0,sleeping,8961,8942,0,589824,5718398,205626
2025-05-20 03:13:26,16095,2195324928,33406976,0.0,0.10010485480316128,0,13,1.18,0.44,0.0,0.0,0.0,12361728,0,8,4,1,0,sleeping,8965,8946,0,589824,5720340,205706
2025-05-20 03:13:27,16095,2195324928,33406976,0.0,0.10010485480316128,0,13,1.18,0.44,0.0,0.0,0.0,12361728,0,8,4,1,0,sleeping,8968,8949,0,589824,5722274,205778
2025-05-20 03:13:28,16095,2195324928,33406976,0.0,0.10010485480316128,0,13,1.18,0.44,0.0,0.0,0.0,12361728,0,8,4,1,0,sleeping,8970,8951,0,589824,5724200,205842
2025-05-20 03:13:29,16095,2195324928,33406976,0.0,0.10010485480316128,0,13,1.18,0.44,0.0,0.0,0.0,12361728,0,8,4,1,0,sleeping,8974,8956,0,589824,5726142,205954
2025-05-20 03:13:30,16095,2195324928,33406976,0.0,0.10010485480316128,0,13,1.18,0.44,0.0,0.0,0.0,12361728,0,7,4,1,0,sleeping,8980,8960,0,593920,5730010,206034
2025-05-20 03:13:31,16095,2195324928,33406976,0.0,0.10010485480316128,0,13,1.18,0.44,0.0,0.0,0.0,12361728,0,7,4,1,0,sleeping,8984,8964,0,593920,5731952,206114
2025-05-20 03:13:32,16095,2195324928,33406976,0.9,0.10010485480316128,0,13,1.19,0.44,0.0,0.0,0.0,12365824,0,7,4,1,0,sleeping,8989,8969,0,593920,5733902,206202
2025-05-20 03:13:33,16095,2195324928,33406976,0.0,0.10010485480316128,0,13,1.19,0.44,0.0,0.0,0.0,12365824,0,7,4,1,0,sleeping,8992,8972,0,593920,5735836,206274
2025-05-20 03:13:34,16095,2195324928,33406976,0.0,0.10010485480316128,0,13,1.19,0.44,0.0,0.0,0.0,12365824,0,7,4,1,0,sleeping,8996,8976,0,593920,5737778,206354
2025-05-20 03:13:36,16095,2195324928,33406976,0.0,0.10010485480316128,0,13,1.19,0.44,0.0,0.0,0.0,12365824,0,7,4,1,0,sleeping,8999,8980,0,593920,5739712,206458
2025-05-20 03:13:37,16095,2195324928,33406976,0.0,0.10010485480316128,0,13,1.19,0.44,0.0,0.0,0.0,12365824,0,7,4,1,0,sleeping,9001,8982,0,593920,5741638,206522
2025-05-20 03:13:38,16095,2195324928,33406976,0.0,0.10010485480316128,0,13,1.19,0.44,0.0,0.0,0.0,12365824,0,7,4,1,0,sleeping,9003,8984,0,593920,5743564,206586
2025-05-20 03:13:39,16095,2195324928,33406976,0.0,0.10010485480316128,0,13,1.19,0.44,0.0,0.0,0.0,12365824,0,8,4,1,0,sleeping,9005,8986,0,593920,5745490,206650
2025-05-20 03:13:40,16095,2195324928,33406976,0.0,0.10010485480316128,0,13,1.19,0.44,0.0,0.0,0.0,12365824,0,8,4,1,0,sleeping,9007,8988,0,593920,5747416,206714
2025-05-20 03:13:41,16095,2195324928,33406976,0.0,0.10010485480316128,0,13,1.19,0.44,0.0,0.0,0.0,12365824,0,7,4,1,0,sleeping,9009,8991,0,593920,5749342,206810
2025-05-20 03:13:42,16095,2195324928,33406976,0.0,0.10010485480316128,0,13,1.19,0.44,0.0,0.0,0.0,12214272,0,7,4,1,0,sleeping,9012,8994,0,593920,5751276,206882
2025-05-20 03:13:43,16095,2195324928,33406976,0.0,0.10010485480316128,0,13,1.19,0.44,0.0,0.0,0.0,12214272,0,7,4,1,0,sleeping,9018,8998,0,593920,5755143,206962
2025-05-20 03:13:44,16095,2195324928,33406976,0.0,0.10010485480316128,0,13,1.19,0.44,0.0,0.0,0.0,12214272,0,7,4,1,0,sleeping,9022,9002,0,593920,5757084,207042
2025-05-20 03:13:45,16095,2195324928,33406976,0.0,0.10010485480316128,0,13,1.19,0.44,0.0,0.0,0.0,12214272,0,7,4,1,0,sleeping,9026,9006,0,593920,5759026,207122
2025-05-20 03:13:46,16095,2195324928,33406976,0.0,0.10010485480316128,0,13,1.19,0.44,0.0,0.0,0.0,12214272,0,7,4,1,0,sleeping,9030,9010,0,593920,5760968,207202
2025-05-20 03:13:47,16095,2195324928,33406976,0.9,0.10010485480316128,0,13,1.2,0.44,0.0,0.0,0.0,12214272,0,7,4,1,0,sleeping,9034,9014,0,593920,5762909,207282
2025-05-20 03:13:49,16095,2195324928,33406976,0.0,0.10010485480316128,0,13,1.2,0.44,0.0,0.0,0.0,12214272,0,7,4,1,0,sleeping,9036,9017,0,593920,5764834,207378
2025-05-20 03:13:50,16095,2195324928,33406976,0.0,0.10010485480316128,0,13,1.2,0.44,0.0,0.0,0.0,12214272,0,7,4,1,0,sleeping,9040,9021,0,593920,5766776,207458
2025-05-20 03:13:51,16095,2195324928,33406976,0.0,0.10010485480316128,0,13,1.2,0.44,0.0,0.0,0.0,12214272,0,7,4,1,0,sleeping,9043,9024,0,593920,5768710,207530
2025-05-20 03:13:52,16095,2195324928,33406976,0.0,0.10010485480316128,0,13,1.2,0.44,0.0,0.0,0.0,12214272,0,7,4,1,0,sleeping,9048,9029,0,593920,5770660,207618
2025-05-20 03:13:53,16095,2195324928,33406976,0.0,0.10010485480316128,0,13,1.2,0.44,0.0,0.0,0.0,12214272,0,7,4,1,0,sleeping,9051,9032,0,593920,5772594,207690
2025-05-20 03:13:54,16095,2195324928,33406976,0.0,0.10010485480316128,0,13,1.2,0.44,0.0,0.0,0.0,12214272,0,7,4,1,0,sleeping,9056,9037,0,593920,5774544,207778
2025-05-20 03:13:55,16095,2195324928,33406976,0.0,0.10010485480316128,0,13,1.2,0.44,0.0,0.0,0.0,12214272,0,7,4,1,0,sleeping,9059,9041,0,593920,5776477,207882
2025-05-20 03:13:56,16095,2195324928,33406976,0.0,0.10010485480316128,0,13,1.2,0.44,0.0,0.0,0.0,12214272,0,7,4,1,0,sleeping,9063,9045,0,593920,5778418,207962
2025-05-20 03:13:57,16095,2195324928,33406976,0.0,0.10010485480316128,0,13,1.2,0.44,0.0,0.0,0.0,12214272,0,7,4,1,0,sleeping,9071,9051,0,593920,5782302,208058
2025-05-20 03:13:58,16095,2195324928,33406976,0.0,0.10010485480316128,0,13,1.2,0.44,0.0,0.0,0.0,12214272,0,7,4,1,0,sleeping,9075,9055,0,593920,5784244,208138
2025-05-20 03:13:59,16095,2195324928,33406976,0.0,0.10010485480316128,0,13,1.2,0.44,0.0,0.0,0.0,12214272,0,7,4,1,0,sleeping,9078,9058,0,593920,5786178,208210
2025-05-20 03:14:00,16095,2195324928,33406976,0.0,0.10010485480316128,0,13,1.2,0.44,0.0,0.0,0.0,12214272,0,7,4,1,0,sleeping,9081,9061,0,593920,5788112,208282
2025-05-20 03:14:02,16095,2195324928,33406976,0.0,0.10010485480316128,0,13,1.2,0.44,0.0,0.0,0.0,12214272,0,7,4,1,0,sleeping,9084,9065,0,598016,5790046,208386
2025-05-20 03:14:03,16095,2195324928,33406976,0.0,0.10010485480316128,0,13,1.2,0.44,0.0,0.0,0.0,12238848,0,7,4,1,0,sleeping,9086,9067,0,598016,5791972,208450
2025-05-20 03:14:04,16095,2195324928,33406976,0.0,0.10010485480316128,0,13,1.2,0.44,0.0,0.0,0.0,12238848,0,7,4,1,0,sleeping,9088,9069,0,598016,5793898,208514
2025-05-20 03:14:05,16095,2195324928,33406976,0.0,0.10010485480316128,0,13,1.2,0.44,0.0,0.0,0.0,12238848,0,7,4,1,0,sleeping,9091,9072,0,598016,5795832,208586
2025-05-20 03:14:06,16095,2195324928,33406976,0.0,0.10010485480316128,0,13,1.2,0.44,0.0,0.0,0.0,12242944,0,7,4,1,0,sleeping,9095,9076,0,598016,5797774,208666
2025-05-20 03:14:07,16095,2195324928,33406976,0.0,0.10010485480316128,0,13,1.2,0.44,0.0,0.0,0.0,12247040,0,7,4,1,0,sleeping,9098,9080,0,598016,5799708,208770
2025-05-20 03:14:08,16095,2195324928,33406976,0.9,0.10010485480316128,0,13,1.21,0.44,0.0,0.0,0.0,12259328,0,7,4,1,0,sleeping,9101,9083,0,598016,5801642,208842
2025-05-20 03:14:09,16095,2195324928,33406976,0.0,0.10010485480316128,0,13,1.21,0.44,0.0,0.0,0.0,12263424,0,7,4,1,0,sleeping,9104,9086,0,598016,5803576,208914
2025-05-20 03:14:10,16095,2195324928,33406976,0.0,0.10010485480316128,0,13,1.21,0.44,0.0,0.0,0.0,12279808,0,7,4,1,0,sleeping,9108,9088,0,598016,5807428,208978
2025-05-20 03:14:11,16095,2195324928,33406976,0.0,0.10010485480316128,0,13,1.21,0.44,0.0,0.0,0.0,12288000,0,7,4,1,0,sleeping,9111,9091,0,602112,5809361,209050
2025-05-20 03:14:12,16095,2195324928,33406976,0.0,0.10010485480316128,0,13,1.21,0.44,0.0,0.0,0.0,12312576,0,7,4,1,0,sleeping,9115,9095,0,602112,5811302,209130
2025-05-20 03:14:13,16095,2195324928,33406976,0.0,0.10010485480316128,0,13,1.21,0.44,0.0,0.0,0.0,12320768,0,7,4,1,0,sleeping,9119,9099,0,602112,5813243,209210
2025-05-20 03:14:15,16095,2195324928,33406976,0.0,0.10010485480316128,0,13,1.21,0.44,0.0,0.0,0.0,12328960,0,7,4,1,0,sleeping,9122,9103,0,602112,5815176,209314
2025-05-20 03:14:16,16095,2195324928,33406976,0.0,0.10010485480316128,0,13,1.21,0.44,0.0,0.0,0.0,12337152,0,7,4,1,0,sleeping,9125,9106,0,602112,5817110,209386
2025-05-20 03:14:17,16095,2195324928,33406976,0.0,0.10010485480316128,0,13,1.21,0.44,0.0,0.0,0.0,12345344,0,7,4,1,0,sleeping,9127,9108,0,602112,5819036,209450
2025-05-20 03:14:18,16095,2195324928,33406976,0.0,0.10010485480316128,0,13,1.21,0.44,0.0,0.0,0.0,12369920,0,7,4,1,0,sleeping,9129,9110,0,602112,5820962,209514
2025-05-20 03:14:19,16095,2195324928,33406976,0.0,0.10010485480316128,0,13,1.21,0.44,0.0,0.0,0.0,12386304,0,7,4,1,0,sleeping,9132,9113,0,602112,5822896,209586
2025-05-20 03:14:20,16095,2195324928,33406976,0.0,0.10010485480316128,0,13,1.21,0.44,0.0,0.0,0.0,12394496,0,7,4,1,0,sleeping,9136,9117,0,602112,5824838,209666
2025-05-20 03:14:21,16095,2195324928,33406976,0.0,0.10010485480316128,0,13,1.21,0.44,0.0,0.0,0.0,12394496,0,7,4,1,0,sleeping,9138,9120,0,602112,5826764,209762
2025-05-20 03:14:22,16095,2195324928,33406976,0.0,0.10010485480316128,0,13,1.21,0.44,0.0,0.0,0.0,12394496,0,7,4,1,0,sleeping,9140,9122,0,602112,5828690,209826
2025-05-20 03:14:23,16095,2195324928,33538048,0.0,0.10049761539091277,0,13,1.21,0.44,0.0,0.0,0.0,12414976,0,7,4,1,0,sleeping,9144,9124,0,602112,5832542,209890
2025-05-20 03:14:24,16095,2195324928,33538048,0.0,0.10049761539091277,0,13,1.21,0.44,0.0,0.0,0.0,12414976,0,7,4,1,0,sleeping,9147,9127,0,602112,5834476,209962
2025-05-20 03:14:25,16095,2195324928,33538048,0.0,0.10049761539091277,0,13,1.21,0.44,0.0,0.0,0.0,12419072,0,7,4,1,0,sleeping,9150,9130,0,602112,5836410,210034
2025-05-20 03:14:26,16095,2195324928,33538048,0.0,0.10049761539091277,0,13,1.21,0.44,0.0,0.0,0.0,12423168,0,7,4,1,0,sleeping,9152,9132,0,602112,5838336,210098
2025-05-20 03:14:28,16095,2195324928,33538048,0.9,0.10049761539091277,0,13,1.21,0.45,0.0,0.0,0.0,12423168,0,7,4,1,0,sleeping,9154,9135,0,602112,5840262,210194
2025-05-20 03:14:29,16095,2195324928,33538048,0.0,0.10049761539091277,0,13,1.21,0.45,0.0,0.0,0.0,12423168,0,7,4,1,0,sleeping,9157,9138,0,602112,5842196,210266
2025-05-20 03:14:30,16095,2195324928,33538048,0.0,0.10049761539091277,0,13,1.21,0.45,0.0,0.0,0.0,12427264,0,7,4,1,0,sleeping,9161,9142,0,602112,5844138,210346
2025-05-20 03:14:31,16095,2195324928,33538048,0.0,0.10049761539091277,0,13,1.21,0.45,0.0,0.0,0.0,12427264,0,7,4,1,0,sleeping,9164,9145,0,602112,5846072,210418
2025-05-20 03:14:32,16095,2195324928,33538048,0.0,0.10049761539091277,0,13,1.21,0.45,0.0,0.0,0.0,12427264,0,7,4,1,0,sleeping,9166,9147,0,606208,5847998,210482
2025-05-20 03:14:33,16095,2195324928,33538048,0.0,0.10049761539091277,0,13,1.21,0.45,0.0,0.0,0.0,12427264,0,7,4,1,0,sleeping,9168,9150,0,606208,5849924,210578
2025-05-20 03:14:34,16095,2195324928,33538048,0.0,0.10049761539091277,0,13,1.21,0.45,0.0,0.0,0.0,12427264,0,7,4,1,0,sleeping,9172,9154,0,606208,5851866,210658
2025-05-20 03:14:35,16095,2195324928,33538048,0.0,0.10049761539091277,0,13,1.21,0.45,0.0,0.0,0.0,12427264,0,7,4,1,0,sleeping,9176,9158,0,606208,5853808,210738
2025-05-20 03:14:36,16095,2195324928,33538048,0.0,0.10049761539091277,0,13,1.21,0.45,0.0,0.0,0.0,12427264,0,7,4,1,0,sleeping,9183,9163,0,606208,5857684,210826
2025-05-20 03:14:37,16095,2195324928,33538048,0.0,0.10049761539091277,0,13,1.21,0.45,0.0,0.0,0.0,12427264,0,7,4,1,0,sleeping,9187,9167,0,606208,5859626,210906
2025-05-20 03:14:38,16095,2195324928,33538048,0.0,0.10049761539091277,0,13,1.21,0.45,0.0,0.0,0.0,12427264,0,7,4,1,0,sleeping,9190,9170,0,606208,5861560,210978
2025-05-20 03:14:39,16095,2195324928,33538048,0.0,0.10049761539091277,0,13,1.21,0.45,0.0,0.0,0.0,12427264,0,7,4,1,0,sleeping,9192,9173,0,606208,5863486,211074
2025-05-20 03:14:41,16095,2195324928,33538048,0.0,0.10049761539091277,0,13,1.21,0.45,0.0,0.0,0.0,12427264,0,7,4,1,0,sleeping,9195,9176,0,606208,5865420,211146
2025-05-20 03:14:42,16095,2195324928,33538048,0.0,0.10049761539091277,0,13,1.21,0.45,0.0,0.0,0.0,12427264,0,7,4,1,0,sleeping,9197,9178,0,606208,5867346,211210
2025-05-20 03:14:43,16095,2195324928,33538048,0.9,0.10049761539091277,0,13,1.22,0.45,0.0,0.0,0.0,12427264,0,7,4,1,0,sleeping,9201,9182,0,606208,5869287,211290
2025-05-20 03:14:44,16095,2195324928,33538048,0.0,0.10049761539091277,0,13,1.22,0.45,0.0,0.0,0.0,12427264,0,7,4,1,0,sleeping,9205,9186,0,606208,5871227,211370
2025-05-20 03:14:45,16095,2195324928,33538048,0.0,0.10049761539091277,0,13,1.22,0.45,0.0,0.0,0.0,12427264,0,7,4,1,0,sleeping,9210,9191,0,606208,5873176,211458
2025-05-20 03:14:46,16095,2195324928,33538048,0.0,0.10049761539091277,0,13,1.22,0.45,0.0,0.0,0.0,12427264,0,7,4,1,0,sleeping,9214,9196,0,606208,5875118,211570
2025-05-20 03:14:47,16095,2195324928,33538048,0.0,0.10049761539091277,0,13,1.22,0.45,0.0,0.0,0.0,12427264,0,7,4,1,0,sleeping,9217,9199,0,606208,5877051,211642
2025-05-20 03:14:48,16095,2195324928,33538048,0.0,0.10049761539091277,0,13,1.22,0.45,0.0,0.0,0.0,12427264,0,7,4,1,0,sleeping,9219,9201,0,606208,5878975,211706
2025-05-20 03:14:49,16095,2195324928,33538048,0.0,0.10049761539091277,0,13,1.22,0.45,0.0,0.0,0.0,12427264,0,6,4,1,0,sleeping,9225,9205,0,606208,5882842,211786
2025-05-20 03:14:50,16095,2195324928,33538048,0.0,0.10049761539091277,0,13,1.22,0.45,0.0,0.0,0.0,12427264,0,7,4,1,0,sleeping,9228,9208,0,606208,5884776,211858
2025-05-20 03:14:51,16095,2195324928,33538048,0.0,0.10049761539091277,0,13,1.22,0.45,0.0,0.0,0.0,12427264,0,7,4,1,0,sleeping,9231,9211,0,606208,5886710,211930
2025-05-20 03:14:52,16095,2195324928,33538048,0.0,0.10049761539091277,0,13,1.22,0.45,0.0,0.0,0.0,12427264,0,6,4,1,0,sleeping,9233,9213,0,606208,5888636,211994
2025-05-20 03:14:54,16095,2195324928,33538048,0.0,0.10049761539091277,0,13,1.22,0.45,0.0,0.0,0.0,12427264,0,6,4,1,0,sleeping,9237,9218,0,606208,5890578,212106
2025-05-20 03:14:55,16095,2195324928,33538048,0.0,0.10049761539091277,0,13,1.22,0.45,0.0,0.0,0.0,12427264,0,6,4,1,0,sleeping,9242,9223,0,606208,5892528,212194
2025-05-20 03:14:56,16095,2195324928,33538048,0.0,0.10049761539091277,0,13,1.22,0.45,0.0,0.0,0.0,12427264,0,6,4,1,0,sleeping,9247,9228,0,606208,5894478,212282
2025-05-20 03:14:57,16095,2195324928,33538048,0.0,0.10049761539091277,0,13,1.22,0.45,0.0,0.0,0.0,12427264,0,6,4,1,0,sleeping,9250,9231,0,606208,5896412,212354
2025-05-20 03:14:58,16095,2195324928,33538048,0.0,0.10049761539091277,0,13,1.22,0.45,0.0,0.0,0.0,12427264,0,6,4,1,0,sleeping,9253,9234,0,606208,5898346,212426
2025-05-20 03:14:59,16095,2195324928,33538048,0.0,0.10049761539091277,0,13,1.22,0.45,0.0,0.0,0.0,12427264,0,6,4,1,0,sleeping,9258,9240,0,606208,5900296,212546
2025-05-20 03:15:00,16095,2195324928,33538048,0.0,0.10049761539091277,0,13,1.22,0.45,0.0,0.0,0.0,12427264,0,6,4,1,0,sleeping,9261,9243,0,606208,5902230,212618
2025-05-20 03:15:01,16095,2195324928,33538048,0.0,0.10049761539091277,0,13,1.22,0.45,0.0,0.0,0.0,12427264,0,6,4,1,0,sleeping,9265,9247,0,606208,5904172,212698
2025-05-20 03:15:02,16095,2195324928,33538048,0.0,0.10049761539091277,0,13,1.22,0.45,0.0,0.0,0.0,12427264,0,7,4,1,0,sleeping,9268,9250,0,606208,5906106,212770
2025-05-20 03:15:03,16095,2195324928,33538048,0.0,0.10049761539091277,0,13,1.22,0.45,0.0,0.0,0.0,12427264,0,6,4,1,0,sleeping,9275,9255,0,606208,5909982,212858
2025-05-20 03:15:04,16095,2195324928,33538048,0.0,0.10049761539091277,0,13,1.22,0.45,0.0,0.0,0.0,12427264,0,6,4,1,0,sleeping,9278,9258,0,606208,5911916,212930
2025-05-20 03:15:05,16095,2195324928,33538048,0.0,0.10049761539091277,0,13,1.22,0.45,0.0,0.0,0.0,12427264,0,6,4,1,0,sleeping,9281,9262,0,606208,5913850,213034
2025-05-20 03:15:07,16095,2195324928,33538048,0.0,0.10049761539091277,0,13,1.22,0.45,0.0,0.0,0.0,12427264,0,6,4,1,0,sleeping,9285,9266,0,610304,5915792,213114
2025-05-20 03:15:08,16095,2195324928,33538048,0.0,0.10049761539091277,0,13,1.22,0.45,0.0,0.0,0.0,12427264,0,6,4,1,0,sleeping,9288,9269,0,610304,5917726,213186
2025-05-20 03:15:09,16095,2195324928,33538048,0.0,0.10049761539091277,0,13,1.22,0.45,0.0,0.0,0.0,12427264,0,6,4,1,0,sleeping,9292,9273,0,610304,5919668,213266
2025-05-20 03:15:10,16095,2195324928,33538048,0.0,0.10049761539091277,0,13,1.22,0.45,0.0,0.0,0.0,12427264,0,6,4,1,0,sleeping,9295,9276,0,610304,5921602,213338
2025-05-20 03:15:11,16095,2195324928,33538048,0.0,0.10049761539091277,0,13,1.22,0.45,0.0,0.0,0.0,12427264,0,6,4,1,0,sleeping,9298,9279,0,610304,5923536,213410
2025-05-20 03:15:12,16095,2195324928,33222656,0.9,0.09955253522663575,0,13,1.23,0.45,0.0,0.0,0.0,11837440,0,6,4,1,0,sleeping,9301,9283,0,610304,5925470,213514
2025-05-20 03:15:13,16095,2195324928,33222656,0.0,0.09955253522663575,0,13,1.23,0.45,0.0,0.0,0.0,11837440,0,6,4,1,0,sleeping,9305,9287,0,610304,5927412,213594
2025-05-20 03:15:14,16095,2195324928,33222656,0.0,0.09955253522663575,0,13,1.23,0.45,0.0,0.0,0.0,11837440,0,6,4,1,0,sleeping,9308,9290,0,610304,5929346,213666
2025-05-20 03:15:15,16095,2195324928,33222656,0.0,0.09955253522663575,0,13,1.23,0.45,0.0,0.0,0.0,11837440,0,6,4,1,0,sleeping,9311,9293,0,614400,5931280,213738
2025-05-20 03:15:16,16095,2195324928,33222656,0.0,0.09955253522663575,0,13,1.23,0.45,0.0,0.0,0.0,11837440,0,6,4,1,0,sleeping,9317,9297,0,614400,5935148,213818
2025-05-20 03:15:17,16095,2195324928,33222656,0.0,0.09955253522663575,0,13,1.23,0.45,0.0,0.0,0.0,11837440,0,6,4,1,0,sleeping,9320,9300,0,614400,5937082,213890
2025-05-20 03:15:18,16095,2195324928,33222656,0.0,0.09955253522663575,0,13,1.23,0.45,0.0,0.0,0.0,11837440,0,6,4,1,0,sleeping,9325,9305,0,614400,5939030,213978
2025-05-20 03:15:20,16095,2195324928,33222656,0.0,0.09955253522663575,0,13,1.23,0.45,0.0,0.0,0.0,11837440,0,7,4,1,0,sleeping,9329,9310,0,614400,5940970,214090
2025-05-20 03:15:21,16095,2195324928,33222656,0.0,0.09955253522663575,0,13,1.23,0.45,0.0,0.0,0.0,11837440,0,7,4,1,0,sleeping,9331,9312,0,614400,5942896,214154
2025-05-20 03:15:22,16095,2195324928,33222656,0.0,0.09955253522663575,0,13,1.23,0.45,0.0,0.0,0.0,11837440,0,7,4,1,0,sleeping,9333,9314,0,614400,5944822,214218
2025-05-20 03:15:23,16095,2195324928,33222656,0.0,0.09955253522663575,0,13,1.23,0.45,0.0,0.0,0.0,11837440,0,7,4,1,0,sleeping,9335,9316,0,614400,5946747,214282
2025-05-20 03:15:24,16095,2195324928,33222656,0.0,0.09955253522663575,0,13,1.23,0.45,0.0,0.0,0.0,11837440,0,7,4,1,0,sleeping,9337,9318,0,614400,5948672,214346
2025-05-20 03:15:25,16095,2195324928,33222656,0.0,0.09955253522663575,0,13,1.23,0.45,0.0,0.0,0.0,11837440,0,6,4,1,0,sleeping,9339,9321,0,614400,5950598,214442
2025-05-20 03:15:26,16095,2195324928,33222656,0.0,0.09955253522663575,0,13,1.23,0.45,0.0,0.0,0.0,11837440,0,6,4,1,0,sleeping,9343,9325,0,614400,5952540,214522
2025-05-20 03:15:27,16095,2195324928,33222656,0.0,0.09955253522663575,0,13,1.23,0.45,0.0,0.0,0.0,11837440,0,6,4,1,0,sleeping,9346,9328,0,614400,5954474,214594
2025-05-20 03:15:28,16095,2195324928,33222656,0.9,0.09955253522663575,0,13,1.24,0.45,0.0,0.0,0.0,11837440,0,6,4,1,0,sleeping,9350,9332,0,614400,5956416,214674
2025-05-20 03:15:29,16095,2195324928,33222656,0.0,0.09955253522663575,0,13,1.24,0.45,0.0,0.0,0.0,11837440,0,6,4,1,0,sleeping,9356,9336,0,614400,5960282,214754
2025-05-20 03:15:30,16095,2195324928,33222656,0.0,0.09955253522663575,0,13,1.24,0.45,0.0,0.0,0.0,11837440,0,6,4,1,0,sleeping,9360,9340,0,614400,5962224,214834
2025-05-20 03:15:31,16095,2195324928,33222656,0.0,0.09955253522663575,0,13,1.24,0.45,0.0,0.0,0.0,11837440,0,6,4,1,0,sleeping,9365,9346,0,614400,5964174,214954
2025-05-20 03:15:33,16095,2195324928,33222656,0.0,0.09955253522663575,0,13,1.24,0.45,0.0,0.0,0.0,11837440,0,6,4,1,0,sleeping,9369,9350,0,614400,5966116,215034
2025-05-20 03:15:34,16095,2195324928,33222656,0.0,0.09955253522663575,0,13,1.24,0.45,0.0,0.0,0.0,11837440,0,6,4,1,0,sleeping,9373,9354,0,614400,5968058,215114
2025-05-20 03:15:35,16095,2195324928,33222656,0.0,0.09955253522663575,0,13,1.24,0.45,0.0,0.0,0.0,11837440,0,7,4,1,0,sleeping,9376,9357,0,614400,5969992,215186
2025-05-20 03:15:36,16095,2195324928,33222656,0.0,0.09955253522663575,0,13,1.24,0.45,0.0,0.0,0.0,11837440,0,7,4,1,0,sleeping,9379,9360,0,614400,5971926,215258
2025-05-20 03:15:37,16095,2195324928,33222656,0.0,0.09955253522663575,0,13,1.24,0.45,0.0,0.0,0.0,11837440,0,7,4,1,0,sleeping,9383,9364,0,614400,5973868,215338
2025-05-20 03:15:38,16095,2195324928,33222656,0.0,0.09955253522663575,0,13,1.24,0.45,0.0,0.0,0.0,11837440,0,7,4,1,0,sleeping,9387,9369,0,618496,5975810,215450
2025-05-20 03:15:39,16095,2195324928,33222656,0.0,0.09955253522663575,0,13,1.24,0.45,0.0,0.0,0.0,11837440,0,7,4,1,0,sleeping,9390,9372,0,618496,5977743,215522
2025-05-20 03:15:40,16095,2195324928,33222656,0.0,0.09955253522663575,0,13,1.24,0.45,0.0,0.0,0.0,11837440,0,7,4,1,0,sleeping,9394,9376,0,618496,5979684,215602
2025-05-20 03:15:41,16095,2195324928,33222656,0.0,0.09955253522663575,0,13,1.24,0.45,0.0,0.0,0.0,11837440,0,6,4,1,0,sleeping,9397,9379,0,618496,5981618,215674
2025-05-20 03:15:42,16095,2195324928,33222656,0.0,0.09955253522663575,0,13,1.24,0.45,0.0,0.0,0.0,11837440,0,7,4,1,0,sleeping,9401,9383,0,618496,5983559,215754
2025-05-20 03:15:43,16095,2195324928,33222656,0.0,0.09955253522663575,0,13,1.24,0.45,0.0,0.0,0.0,11837440,0,6,4,1,0,sleeping,9408,9388,0,618496,5987433,215842
2025-05-20 03:15:44,16095,2195324928,33222656,0.0,0.09955253522663575,0,13,1.24,0.45,0.0,0.0,0.0,11837440,0,6,4,1,0,sleeping,9413,9393,0,618496,5989382,215930
2025-05-20 03:15:46,16095,2195324928,33222656,0.0,0.09955253522663575,0,13,1.24,0.45,0.0,0.0,0.0,11837440,0,6,4,1,0,sleeping,9416,9397,0,618496,5991316,216034
2025-05-20 03:15:47,16095,2195324928,33222656,0.0,0.09955253522663575,0,13,1.24,0.45,0.0,0.0,0.0,11837440,0,6,4,1,0,sleeping,9420,9401,0,618496,5993258,216114
2025-05-20 03:15:48,16095,2195324928,33222656,0.0,0.09955253522663575,0,13,1.24,0.45,0.0,0.0,0.0,11837440,0,6,4,1,0,sleeping,9424,9405,0,618496,5995200,216194
2025-05-20 03:15:49,16095,2195324928,33222656,0.0,0.09955253522663575,0,13,1.24,0.45,0.0,0.0,0.0,11837440,0,6,4,1,0,sleeping,9427,9408,0,618496,5997134,216266
2025-05-20 03:15:50,16095,2195324928,33222656,0.9,0.09955253522663575,0,13,1.25,0.45,0.0,0.0,0.0,11837440,0,7,4,1,0,sleeping,9431,9412,0,618496,5999076,216346
2025-05-20 03:15:51,16095,2195324928,33222656,0.0,0.09955253522663575,0,13,1.25,0.45,0.0,0.0,0.0,11837440,0,6,4,1,0,sleeping,9433,9415,0,618496,6001002,216442
2025-05-20 03:15:52,16095,2195324928,33222656,0.0,0.09955253522663575,0,13,1.25,0.45,0.0,0.0,0.0,11837440,0,6,4,1,0,sleeping,9436,9418,0,618496,6002936,216514
2025-05-20 03:15:53,16095,2195324928,33222656,0.0,0.09955253522663575,0,13,1.25,0.45,0.0,0.0,0.0,11837440,0,7,4,1,0,sleeping,9438,9420,0,618496,6004862,216578
2025-05-20 03:15:54,16095,2195324928,33222656,0.0,0.09955253522663575,0,13,1.25,0.45,0.0,0.0,0.0,11837440,0,7,4,1,0,sleeping,9441,9423,0,618496,6006796,216650
2025-05-20 03:15:55,16095,2195324928,33222656,0.0,0.09955253522663575,0,13,1.25,0.45,0.0,0.0,0.0,11837440,0,6,4,1,0,sleeping,9444,9426,0,618496,6008729,216722
2025-05-20 03:15:56,16095,2195324928,33222656,0.0,0.09955253522663575,0,13,1.25,0.45,0.0,0.0,0.0,11837440,0,6,4,1,0,sleeping,9449,9429,0,618496,6012587,216794
2025-05-20 03:15:57,16095,2195324928,33222656,0.0,0.09955253522663575,0,13,1.25,0.45,0.0,0.0,0.0,11837440,0,7,4,1,0,sleeping,9455,9436,0,618496,6014544,216922
2025-05-20 03:15:59,16095,2195324928,33222656,0.0,0.09955253522663575,0,13,1.25,0.45,0.0,0.0,0.0,11837440,0,7,4,1,0,sleeping,9458,9439,0,618496,6016478,216994
2025-05-20 03:16:00,16095,2195324928,33222656,0.0,0.09955253522663575,0,13,1.25,0.45,0.0,0.0,0.0,11837440,0,7,4,1,0,sleeping,9463,9444,0,618496,6018428,217082
2025-05-20 03:16:01,16095,2195324928,33222656,0.0,0.09955253522663575,0,13,1.25,0.45,0.0,0.0,0.0,11837440,0,7,4,1,0,sleeping,9466,9447,0,618496,6020362,217154
2025-05-20 03:16:02,16095,2195324928,33222656,0.0,0.09955253522663575,0,13,1.25,0.45,0.0,0.0,0.0,11837440,0,7,4,1,0,sleeping,9470,9451,0,618496,6022304,217234
2025-05-20 03:16:03,16095,2195324928,33222656,0.0,0.09955253522663575,0,13,1.25,0.45,0.0,0.0,0.0,11837440,0,7,4,1,0,sleeping,9472,9453,0,618496,6024230,217298
2025-05-20 03:16:04,16095,2195324928,33222656,0.0,0.09955253522663575,0,13,1.25,0.45,0.0,0.0,0.0,11837440,0,7,4,1,0,sleeping,9474,9455,0,618496,6026156,217362
2025-05-20 03:16:05,16095,2195324928,33222656,0.0,0.09955253522663575,0,13,1.25,0.45,0.0,0.0,0.0,11837440,0,7,4,1,0,sleeping,9476,9458,0,618496,6028081,217458
2025-05-20 03:16:06,16095,2195324928,33222656,0.0,0.09955253522663575,0,13,1.25,0.45,0.0,0.0,0.0,11837440,0,7,4,1,0,sleeping,9478,9460,0,618496,6030006,217522
2025-05-20 03:16:07,16095,2195324928,33222656,0.0,0.09955253522663575,0,13,1.25,0.45,0.0,0.0,0.0,11837440,0,6,4,1,0,sleeping,9480,9462,0,618496,6031932,217586
2025-05-20 03:16:08,16095,2195324928,33222656,0.0,0.09955253522663575,0,13,1.25,0.45,0.0,0.0,0.0,11837440,0,6,4,1,0,sleeping,9484,9466,0,618496,6033874,217666
2025-05-20 03:16:09,16095,2195324928,33222656,0.0,0.09955253522663575,0,13,1.25,0.45,0.0,0.0,0.0,11837440,0,7,4,1,0,sleeping,9489,9469,0,622592,6037734,217738
2025-05-20 03:16:10,16095,2195324928,33222656,0.0,0.09955253522663575,0,13,1.25,0.45,0.0,0.0,0.0,11837440,0,7,4,1,0,sleeping,9492,9472,0,622592,6039668,217810
2025-05-20 03:16:12,16095,2195324928,33222656,0.9,0.09955253522663575,0,13,1.26,0.45,0.0,0.0,0.0,11837440,0,7,4,1,0,sleeping,9495,9476,0,622592,6041602,217914
2025-05-20 03:16:13,16095,2195324928,33222656,0.0,0.09955253522663575,0,13,1.26,0.45,0.0,0.0,0.0,11837440,0,7,4,1,0,sleeping,9499,9480,0,622592,6043544,217994
2025-05-20 03:16:14,16095,2195324928,33222656,0.0,0.09955253522663575,0,13,1.26,0.45,0.0,0.0,0.0,11837440,0,7,4,1,0,sleeping,9504,9485,0,622592,6045494,218082
2025-05-20 03:16:15,16095,2195324928,33222656,0.0,0.09955253522663575,0,13,1.26,0.45,0.0,0.0,0.0,11837440,0,7,4,1,0,sleeping,9507,9488,0,622592,6047428,218154
2025-05-20 03:16:16,16095,2195324928,33222656,0.0,0.09955253522663575,0,13,1.26,0.45,0.0,0.0,0.0,11837440,0,7,4,1,0,sleeping,9509,9490,0,622592,6049354,218218
2025-05-20 03:16:17,16095,2195324928,33222656,0.0,0.09955253522663575,0,13,1.26,0.45,0.0,0.0,0.0,11837440,0,7,4,1,0,sleeping,9511,9493,0,622592,6051280,218314
2025-05-20 03:16:18,16095,2195324928,33222656,0.0,0.09955253522663575,0,13,1.26,0.45,0.0,0.0,0.0,11837440,0,7,4,1,0,sleeping,9514,9496,0,622592,6053214,218386
2025-05-20 03:16:19,16095,2195324928,33222656,0.0,0.09955253522663575,0,13,1.26,0.45,0.0,0.0,0.0,11837440,0,7,4,1,0,sleeping,9517,9499,0,626688,6055148,218458
2025-05-20 03:16:20,16095,2195324928,33222656,0.0,0.09955253522663575,0,13,1.26,0.45,0.0,0.0,0.0,11837440,0,7,4,1,0,sleeping,9520,9502,0,626688,6057082,218530
2025-05-20 03:16:21,16095,2195324928,33222656,0.0,0.09955253522663575,0,13,1.26,0.45,0.0,0.0,0.0,11837440,0,7,4,1,0,sleeping,9523,9505,0,626688,6059016,218602
2025-05-20 03:16:22,16095,2195324928,33222656,0.0,0.09955253522663575,0,13,1.26,0.45,0.0,0.0,0.0,11837440,0,7,4,1,0,sleeping,9529,9509,0,626688,6062884,218682
2025-05-20 03:16:23,16095,2195324928,33222656,0.0,0.09955253522663575,0,13,1.26,0.45,0.0,0.0,0.0,11837440,0,7,4,1,0,sleeping,9532,9513,0,626688,6064818,218786
2025-05-20 03:16:25,16095,2195324928,33222656,0.0,0.09955253522663575,0,13,1.26,0.45,0.0,0.0,0.0,11837440,0,7,4,1,0,sleeping,9536,9517,0,626688,6066760,218866
2025-05-20 03:16:26,16095,2195324928,33222656,0.0,0.09955253522663575,0,13,1.26,0.45,0.0,0.0,0.0,11837440,0,7,4,1,0,sleeping,9541,9522,0,626688,6068710,218954
2025-05-20 03:16:27,16095,2195324928,33222656,0.0,0.09955253522663575,0,13,1.26,0.45,0.0,0.0,0.0,11837440,0,7,4,1,0,sleeping,9546,9527,0,626688,6070660,219042
2025-05-20 03:16:28,16095,2195324928,33222656,0.0,0.09955253522663575,0,13,1.26,0.45,0.0,0.0,0.0,11837440,0,7,4,1,0,sleeping,9550,9531,0,626688,6072602,219122
2025-05-20 03:16:29,16095,2195324928,33222656,0.0,0.09955253522663575,0,13,1.26,0.45,0.0,0.0,0.0,11837440,0,7,4,1,0,sleeping,9553,9534,0,626688,6074536,219194
2025-05-20 03:16:30,16095,2195324928,33222656,0.0,0.09955253522663575,0,13,1.26,0.45,0.0,0.0,0.0,11837440,0,7,4,1,0,sleeping,9556,9537,0,626688,6076470,219266
2025-05-20 03:16:31,16095,2195324928,33222656,0.0,0.09955253522663575,0,13,1.26,0.45,0.0,0.0,0.0,11837440,0,7,4,1,0,sleeping,9560,9542,0,626688,6078412,219378
2025-05-20 03:16:32,16095,2195324928,33222656,0.0,0.09955253522663575,0,13,1.26,0.45,0.0,0.0,0.0,11837440,0,7,4,1,0,sleeping,9564,9546,0,626688,6080354,219458
2025-05-20 03:16:33,16095,2195324928,33222656,0.0,0.09955253522663575,0,13,1.26,0.45,0.0,0.0,0.0,11837440,0,6,4,1,0,sleeping,9569,9551,0,626688,6082304,219546
2025-05-20 03:16:34,16095,2195324928,33222656,0.0,0.09955253522663575,0,13,1.26,0.45,0.0,0.0,0.0,11837440,0,6,4,1,0,sleeping,9572,9554,0,626688,6084238,219618
2025-05-20 03:16:35,16095,2195324928,33222656,0.9,0.09955253522663575,0,13,1.26,0.46,0.0,0.0,0.0,11837440,0,7,4,1,0,sleeping,9575,9557,0,626688,6086172,219690
2025-05-20 03:16:36,16095,2195324928,33222656,0.0,0.09955253522663575,0,13,1.26,0.46,0.0,0.0,0.0,11837440,0,7,4,1,0,sleeping,9579,9560,0,626688,6090024,219786
2025-05-20 03:16:38,16095,2195324928,33222656,0.0,0.09955253522663575,0,13,1.26,0.46,0.0,0.0,0.0,11837440,0,7,4,1,0,sleeping,9584,9565,0,626688,6091974,219874
2025-05-20 03:16:39,16095,2195324928,33222656,0.0,0.09955253522663575,0,13,1.26,0.46,0.0,0.0,0.0,11837440,0,7,4,1,0,sleeping,9586,9567,0,626688,6093900,219938
2025-05-20 03:16:40,16095,2195324928,33222656,0.0,0.09955253522663575,0,13,1.26,0.46,0.0,0.0,0.0,11837440,0,7,4,1,0,sleeping,9589,9570,0,626688,6095834,220010
2025-05-20 03:16:41,16095,2195324928,33222656,0.0,0.09955253522663575,0,13,1.26,0.46,0.0,0.0,0.0,11837440,0,7,4,1,0,sleeping,9592,9573,0,626688,6097768,220082
2025-05-20 03:16:42,16095,2195324928,33222656,0.0,0.09955253522663575,0,13,1.26,0.46,0.0,0.0,0.0,11837440,0,7,4,1,0,sleeping,9595,9576,0,626688,6099702,220154
2025-05-20 03:16:43,16095,2195324928,33222656,0.0,0.09955253522663575,0,13,1.26,0.46,0.0,0.0,0.0,11837440,0,7,4,1,0,sleeping,9598,9579,0,630784,6101636,220226
2025-05-20 03:16:44,16095,2195324928,33222656,0.9,0.09955253522663575,0,13,1.27,0.46,0.0,0.0,0.0,11837440,0,7,4,1,0,sleeping,9602,9584,0,630784,6103578,220338
2025-05-20 03:16:45,16095,2195324928,33222656,0.0,0.09955253522663575,0,13,1.27,0.46,0.0,0.0,0.0,11870208,0,7,4,1,0,sleeping,9606,9588,0,630784,6105520,220418
2025-05-20 03:16:46,16095,2195324928,33222656,0.0,0.09955253522663575,0,13,1.27,0.46,0.0,0.0,0.0,11870208,0,7,4,1,0,sleeping,9609,9591,0,630784,6107454,220490
2025-05-20 03:16:47,16095,2195324928,33222656,0.0,0.09955253522663575,0,13,1.27,0.46,0.0,0.0,0.0,11870208,0,7,4,1,0,sleeping,9614,9596,0,630784,6109403,220578
2025-05-20 03:16:48,16095,2195324928,33222656,0.0,0.09955253522663575,0,13,1.27,0.46,0.0,0.0,0.0,11870208,0,7,4,1,0,sleeping,9619,9601,0,630784,6111352,220666
2025-05-20 03:16:49,16095,2195324928,33222656,0.0,0.09955253522663575,0,13,1.27,0.46,0.0,0.0,0.0,11870208,0,7,4,1,0,sleeping,9624,9604,0,630784,6115209,220738
2025-05-20 03:16:51,16095,2195324928,33222656,0.0,0.09955253522663575,0,13,1.27,0.46,0.0,0.0,0.0,11870208,0,7,4,1,0,sleeping,9628,9609,0,630784,6117150,220850
2025-05-20 03:16:52,16095,2195324928,33222656,0.0,0.09955253522663575,0,13,1.27,0.46,0.0,0.0,0.0,11870208,0,7,4,1,0,sleeping,9631,9612,0,630784,6119084,220922
2025-05-20 03:16:53,16095,2195324928,33222656,0.0,0.09955253522663575,0,13,1.27,0.46,0.0,0.0,0.0,11870208,0,6,4,1,0,sleeping,9634,9615,0,630784,6121018,220994
2025-05-20 03:16:54,16095,2195324928,33222656,0.0,0.09955253522663575,0,13,1.27,0.46,0.0,0.0,0.0,11870208,0,6,4,1,0,sleeping,9637,9618,0,630784,6122952,221066
2025-05-20 03:16:55,16095,2195324928,33222656,0.0,0.09955253522663575,0,13,1.27,0.46,0.0,0.0,0.0,11870208,0,7,4,1,0,sleeping,9640,9621,0,630784,6124886,221138
2025-05-20 03:16:56,16095,2195324928,33222656,0.0,0.09955253522663575,0,13,1.27,0.46,0.0,0.0,0.0,11870208,0,7,4,1,0,sleeping,9643,9624,0,630784,6126820,221210
2025-05-20 03:16:57,16095,2195324928,33222656,0.0,0.09955253522663575,0,13,1.27,0.46,0.0,0.0,0.0,11870208,0,7,4,1,0,sleeping,9648,9630,0,630784,6128770,221330
2025-05-20 03:16:58,16095,2195324928,33222656,0.0,0.09955253522663575,0,13,1.27,0.46,0.0,0.0,0.0,11870208,0,7,4,1,0,sleeping,9651,9633,0,630784,6130704,221402
2025-05-20 03:16:59,16095,2195324928,33222656,0.0,0.09955253522663575,0,13,1.27,0.46,0.0,0.0,0.0,11870208,0,7,4,1,0,sleeping,9654,9636,0,630784,6132638,221474
2025-05-20 03:17:00,16095,2195324928,33222656,0.0,0.09955253522663575,0,13,1.27,0.46,0.0,0.0,0.0,11870208,0,7,4,1,0,sleeping,9657,9639,0,630784,6134571,221546
2025-05-20 03:17:01,16095,2195324928,33222656,0.0,0.09955253522663575,0,13,1.27,0.46,0.0,0.0,0.0,11870208,0,7,4,1,0,sleeping,9660,9642,0,630784,6136504,221618
2025-05-20 03:17:02,16095,2195324928,33222656,0.0,0.09955253522663575,0,13,1.27,0.46,0.0,0.0,0.0,11870208,0,7,4,1,0,sleeping,9666,9647,0,630784,6140372,221730
2025-05-20 03:17:04,16095,2195324928,33222656,0.0,0.09955253522663575,0,13,1.27,0.46,0.0,0.0,0.0,11870208,0,7,4,1,0,sleeping,9670,9651,0,630784,6142313,221810
2025-05-20 03:17:05,16095,2195324928,33222656,0.0,0.09955253522663575,0,13,1.27,0.46,0.0,0.0,0.0,11870208,0,7,4,1,0,sleeping,9673,9654,0,630784,6144246,221882
2025-05-20 03:17:06,16095,2195324928,33222656,0.0,0.09955253522663575,0,13,1.27,0.46,0.0,0.0,0.0,11870208,0,6,4,1,0,sleeping,9675,9656,0,630784,6146172,221946
2025-05-20 03:17:07,16095,2195324928,33222656,0.0,0.09955253522663575,0,13,1.27,0.46,0.0,0.0,0.0,11870208,0,6,4,1,0,sleeping,9677,9658,0,630784,6148097,222010
2025-05-20 03:17:08,16095,2195324928,33222656,0.0,0.09955253522663575,0,13,1.27,0.46,0.0,0.0,0.0,11870208,0,6,4,1,0,sleeping,9682,9663,0,630784,6150046,222098
2025-05-20 03:17:09,16095,2195324928,33222656,0.0,0.09955253522663575,0,13,1.27,0.46,0.0,0.0,0.0,11870208,0,6,4,1,0,sleeping,9686,9667,0,630784,6151987,222178
2025-05-20 03:17:10,16095,2195324928,33222656,0.0,0.09955253522663575,0,13,1.27,0.46,0.0,0.0,0.0,11870208,0,6,4,1,0,sleeping,9688,9670,0,630784,6153912,222274
2025-05-20 03:17:11,16095,2195324928,33222656,0.0,0.09955253522663575,0,13,1.27,0.46,0.0,0.0,0.0,11870208,0,6,4,1,0,sleeping,9692,9674,0,630784,6155853,222354
2025-05-20 03:17:12,16095,2195324928,33222656,0.0,0.09955253522663575,0,13,1.27,0.46,0.0,0.0,0.0,11870208,0,6,4,1,0,sleeping,9696,9678,0,630784,6157794,222434
2025-05-20 03:17:13,16095,2195324928,33222656,0.0,0.09955253522663575,0,13,1.27,0.46,0.0,0.0,0.0,11870208,0,6,4,1,0,sleeping,9700,9682,0,634880,6159736,222514
2025-05-20 03:17:14,16095,2195324928,33222656,0.0,0.09955253522663575,0,13,1.27,0.46,0.0,0.0,0.0,11870208,0,6,4,1,0,sleeping,9704,9686,0,634880,6161678,222594
2025-05-20 03:17:15,16095,2195324928,33222656,0.0,0.09955253522663575,0,13,1.27,0.46,0.0,0.0,0.0,11870208,0,6,4,1,0,sleeping,9707,9689,0,634880,6163612,222666
2025-05-20 03:17:17,16095,2195324928,33222656,0.9,0.09955253522663575,0,13,1.27,0.47,0.0,0.0,0.0,11870208,0,6,4,1,0,sleeping,9716,9697,0,634880,6167504,222802
2025-05-20 03:17:18,16095,2195324928,33222656,0.0,0.09955253522663575,0,13,1.27,0.47,0.0,0.0,0.0,11870208,0,6,4,1,0,sleeping,9719,9700,0,634880,6169438,222874
2025-05-20 03:17:19,16095,2195324928,33222656,0.0,0.09955253522663575,0,13,1.27,0.47,0.0,0.0,0.0,11870208,0,6,4,1,0,sleeping,9723,9704,0,634880,6171380,222954
2025-05-20 03:17:20,16095,2195324928,33222656,0.0,0.09955253522663575,0,13,1.27,0.47,0.0,0.0,0.0,11870208,0,6,4,1,0,sleeping,9727,9708,0,634880,6173322,223034
2025-05-20 03:17:21,16095,2195324928,33222656,0.0,0.09955253522663575,0,13,1.27,0.47,0.0,0.0,0.0,11870208,0,7,4,1,0,sleeping,9732,9713,0,634880,6175271,223122
2025-05-20 03:17:22,16095,2195324928,33222656,0.0,0.09955253522663575,0,13,1.27,0.47,0.0,0.0,0.0,11870208,0,7,4,1,0,sleeping,9735,9716,0,634880,6177204,223194
2025-05-20 03:17:23,16095,2195324928,33222656,0.0,0.09955253522663575,0,13,1.27,0.47,0.0,0.0,0.0,11870208,0,7,4,1,0,sleeping,9738,9720,0,638976,6179138,223298
2025-05-20 03:17:24,16095,2195324928,33222656,0.0,0.09955253522663575,0,13,1.27,0.47,0.0,0.0,0.0,11870208,0,6,3,1,0,sleeping,9740,9722,0,638976,6181064,223362
2025-05-20 03:17:25,16095,2195324928,33222656,0.0,0.09955253522663575,0,13,1.27,0.47,0.0,0.0,0.0,11882496,0,6,3,1,0,sleeping,9742,9724,0,638976,6182990,223426
2025-05-20 03:17:26,16095,2195324928,33222656,0.0,0.09955253522663575,0,13,1.27,0.47,0.0,0.0,0.0,11886592,0,5,3,1,0,sleeping,9744,9726,0,638976,6184916,223490
2025-05-20 03:17:27,16095,2195324928,33222656,0.0,0.09955253522663575,0,13,1.27,0.47,0.0,0.0,0.0,11898880,0,5,3,1,0,sleeping,9747,9729,0,638976,6186850,223562
2025-05-20 03:17:28,16095,2195324928,33222656,0.0,0.09955253522663575,0,13,1.27,0.47,0.0,0.0,0.0,11915264,0,6,4,1,0,sleeping,9752,9735,0,638976,6188800,223682
2025-05-20 03:17:30,16095,2195324928,33222656,0.0,0.09955253522663575,0,13,1.27,0.47,0.0,0.0,0.0,11915264,0,6,3,1,0,sleeping,9759,9740,0,638976,6192676,223770
2025-05-20 03:17:31,16095,2195324928,33222656,0.0,0.09955253522663575,0,13,1.27,0.47,0.0,0.0,0.0,11919360,0,6,3,1,0,sleeping,9762,9743,0,638976,6194610,223842
2025-05-20 03:17:32,16095,2195324928,33222656,0.0,0.09955253522663575,0,13,1.27,0.47,0.0,0.0,0.0,11943936,0,6,3,1,0,sleeping,9765,9746,0,638976,6196544,223914
2025-05-20 03:17:33,16095,2195324928,33222656,0.0,0.09955253522663575,0,13,1.27,0.47,0.0,0.0,0.0,11956224,0,6,3,1,0,sleeping,9769,9750,0,638976,6198485,223994
2025-05-20 03:17:34,16095,2195324928,33222656,0.0,0.09955253522663575,0,13,1.27,0.47,0.0,0.0,0.0,11956224,0,7,4,1,0,sleeping,9772,9753,0,638976,6200418,224066
2025-05-20 03:17:35,16095,2195324928,33222656,0.0,0.09955253522663575,0,13,1.27,0.47,0.0,0.0,0.0,11960320,0,7,4,1,0,sleeping,9776,9758,0,638976,6202360,224178
2025-05-20 03:17:36,16095,2195324928,33222656,0.0,0.09955253522663575,0,13,1.27,0.47,0.0,0.0,0.0,11960320,0,6,4,1,0,sleeping,9778,9760,0,638976,6204285,224242
2025-05-20 03:17:37,16095,2195324928,33222656,0.0,0.09955253522663575,0,13,1.27,0.47,0.0,0.0,0.0,11997184,0,6,4,1,0,sleeping,9780,9762,0,638976,6206210,224306
2025-05-20 03:17:38,16095,2195324928,33222656,0.0,0.09955253522663575,0,13,1.27,0.47,0.0,0.0,0.0,12001280,0,6,4,1,0,sleeping,9785,9767,0,638976,6208159,224394
2025-05-20 03:17:39,16095,2195324928,33222656,0.9,0.09955253522663575,0,13,1.27,0.48,0.0,0.0,0.0,12005376,0,6,4,1,0,sleeping,9789,9771,0,638976,6210100,224474
2025-05-20 03:17:40,16095,2195324928,33222656,0.9,0.09955253522663575,0,13,1.28,0.48,0.0,0.0,0.0,12009472,0,6,4,1,0,sleeping,9792,9774,0,638976,6212034,224546
2025-05-20 03:17:41,16095,2195324928,33222656,0.0,0.09955253522663575,0,13,1.28,0.48,0.0,0.0,0.0,12017664,0,7,4,1,0,sleeping,9795,9778,0,638976,6213968,224650
2025-05-20 03:17:43,16095,2195324928,33222656,0.0,0.09955253522663575,0,13,1.28,0.48,0.0,0.0,0.0,12025856,0,7,4,1,0,sleeping,9802,9783,0,638976,6217844,224738
2025-05-20 03:17:44,16095,2195324928,33222656,0.0,0.09955253522663575,0,13,1.28,0.48,0.0,0.0,0.0,12025856,0,7,4,1,0,sleeping,9805,9786,0,638976,6219778,224810
2025-05-20 03:17:45,16095,2195324928,33353728,0.0,0.09994529581438724,0,13,1.28,0.48,0.0,0.0,0.0,12034048,0,7,4,1,0,sleeping,9808,9789,0,643072,6221712,224882
2025-05-20 03:17:46,16095,2195324928,33353728,0.0,0.09994529581438724,0,13,1.28,0.48,0.0,0.0,0.0,12034048,0,7,4,1,0,sleeping,9811,9792,0,643072,6223646,224954
2025-05-20 03:17:47,16095,2195324928,33353728,0.0,0.09994529581438724,0,13,1.28,0.48,0.0,0.0,0.0,12034048,0,6,4,1,0,sleeping,9816,9797,0,643072,6225596,225042
2025-05-20 03:17:48,16095,2195324928,33353728,0.0,0.09994529581438724,0,13,1.28,0.48,0.0,0.0,0.0,12034048,0,6,4,1,0,sleeping,9821,9803,0,643072,6227546,225162
2025-05-20 03:17:49,16095,2195324928,33353728,0.0,0.09994529581438724,0,13,1.28,0.48,0.0,0.0,0.0,12034048,0,6,4,1,0,sleeping,9825,9807,0,643072,6229488,225242
2025-05-20 03:17:50,16095,2195324928,33353728,0.0,0.09994529581438724,0,13,1.28,0.48,0.0,0.0,0.0,12034048,0,7,4,1,0,sleeping,9828,9810,0,643072,6231422,225314
2025-05-20 03:17:51,16095,2195324928,33353728,0.0,0.09994529581438724,0,13,1.28,0.48,0.0,0.0,0.0,12034048,0,7,4,1,0,sleeping,9830,9812,0,643072,6233348,225378
2025-05-20 03:17:52,16095,2195324928,33353728,0.0,0.09994529581438724,0,13,1.28,0.48,0.0,0.0,0.0,12034048,0,7,4,1,0,sleeping,9833,9815,0,643072,6235282,225450
2025-05-20 03:17:53,16095,2195324928,33353728,0.0,0.09994529581438724,0,13,1.28,0.48,0.0,0.0,0.0,12034048,0,7,4,1,0,sleeping,9836,9818,0,643072,6237215,225522
2025-05-20 03:17:54,16095,2195324928,33353728,0.0,0.09994529581438724,0,13,1.28,0.48,0.0,0.0,0.0,12034048,0,7,4,1,0,sleeping,9841,9824,0,643072,6239164,225642
2025-05-20 03:17:56,16095,2195324928,33353728,0.0,0.09994529581438724,0,13,1.28,0.48,0.0,0.0,0.0,12034048,0,7,4,1,0,sleeping,9846,9827,0,643072,6243024,225714
2025-05-20 03:17:57,16095,2195324928,33353728,0.0,0.09994529581438724,0,13,1.28,0.48,0.0,0.0,0.0,12034048,0,7,4,1,0,sleeping,9849,9830,0,643072,6244958,225786
2025-05-20 03:17:58,16095,2195324928,33353728,0.0,0.09994529581438724,0,13,1.28,0.48,0.0,0.0,0.0,12034048,0,7,4,1,0,sleeping,9852,9833,0,643072,6246892,225858
2025-05-20 03:17:59,16095,2195324928,33353728,0.0,0.09994529581438724,0,13,1.28,0.48,0.0,0.0,0.0,12034048,0,7,4,1,0,sleeping,9855,9836,0,643072,6248826,225930
2025-05-20 03:18:00,16095,2195324928,33353728,0.0,0.09994529581438724,0,13,1.28,0.48,0.0,0.0,0.0,12034048,0,6,3,1,0,sleeping,9859,9840,0,643072,6250768,226010
2025-05-20 03:18:01,16095,2195324928,33353728,0.0,0.09994529581438724,0,13,1.28,0.48,0.0,0.0,0.0,12034048,0,6,3,1,0,sleeping,9861,9843,0,643072,6252694,226106
2025-05-20 03:18:02,16095,2195324928,33353728,0.9,0.09994529581438724,0,13,1.29,0.48,0.0,0.0,0.0,12034048,0,6,3,1,0,sleeping,9863,9845,0,643072,6254620,226170
2025-05-20 03:18:03,16095,2195324928,33353728,0.0,0.09994529581438724,0,13,1.29,0.48,0.0,0.0,0.0,12034048,0,6,3,1,0,sleeping,9865,9847,0,643072,6256546,226234
2025-05-20 03:18:04,16095,2195324928,33353728,0.0,0.09994529581438724,0,13,1.29,0.48,0.0,0.0,0.0,12034048,0,6,3,1,0,sleeping,9867,9849,0,643072,6258472,226298
2025-05-20 03:18:05,16095,2195324928,33353728,0.0,0.09994529581438724,0,13,1.29,0.48,0.0,0.0,0.0,12034048,0,5,3,1,0,sleeping,9869,9851,0,643072,6260398,226362
2025-05-20 03:18:06,16095,2195324928,33353728,0.0,0.09994529581438724,0,13,1.29,0.48,0.0,0.0,0.0,12034048,0,5,3,1,0,sleeping,9871,9853,0,643072,6262324,226426
2025-05-20 03:18:07,16095,2195324928,33353728,0.0,0.09994529581438724,0,13,1.29,0.48,0.0,0.0,0.0,12034048,0,8,4,1,0,sleeping,9875,9858,0,643072,6264266,226538
2025-05-20 03:18:09,16095,2195324928,33353728,0.0,0.09994529581438724,0,13,1.29,0.48,0.0,0.0,0.0,12034048,0,8,4,1,0,sleeping,9881,9862,0,643072,6268134,226618
2025-05-20 03:18:10,16095,2195324928,33353728,0.0,0.09994529581438724,0,13,1.29,0.48,0.0,0.0,0.0,12034048,0,8,4,1,0,sleeping,9885,9866,0,643072,6270076,226698
2025-05-20 03:18:11,16095,2195324928,33353728,0.0,0.09994529581438724,0,13,1.29,0.48,0.0,0.0,0.0,12034048,0,8,4,1,0,sleeping,9888,9869,0,643072,6272009,226770
2025-05-20 03:18:12,16095,2195324928,33353728,0.0,0.09994529581438724,0,13,1.29,0.48,0.0,0.0,0.0,12034048,0,8,4,1,0,sleeping,9892,9873,0,643072,6273950,226850
2025-05-20 03:18:13,16095,2195324928,33353728,0.0,0.09994529581438724,0,13,1.29,0.48,0.0,0.0,0.0,12034048,0,7,4,1,0,sleeping,9895,9876,0,643072,6275884,226922
2025-05-20 03:18:14,16095,2195324928,33353728,0.0,0.09994529581438724,0,13,1.29,0.48,0.0,0.0,0.0,12034048,0,8,4,1,0,sleeping,9898,9880,0,643072,6277818,227026
2025-05-20 03:18:15,16095,2195324928,33353728,0.0,0.09994529581438724,0,13,1.29,0.48,0.0,0.0,0.0,12034048,0,7,4,1,0,sleeping,9901,9883,0,647168,6279752,227098
2025-05-20 03:18:16,16095,2195324928,33353728,0.0,0.09994529581438724,0,13,1.29,0.48,0.0,0.0,0.0,12034048,0,8,4,1,0,sleeping,9904,9886,0,647168,6281685,227170
2025-05-20 03:18:17,16095,2195324928,33353728,0.0,0.09994529581438724,0,13,1.29,0.48,0.0,0.0,0.0,12034048,0,8,4,1,0,sleeping,9907,9889,0,647168,6283618,227242
2025-05-20 03:18:18,16095,2195324928,33353728,0.0,0.09994529581438724,0,13,1.29,0.48,0.0,0.0,0.0,12034048,0,7,4,1,0,sleeping,9911,9893,0,647168,6285560,227322
2025-05-20 03:18:19,16095,2195324928,33353728,0.0,0.09994529581438724,0,13,1.29,0.48,0.0,0.0,0.0,12034048,0,7,4,1,0,sleeping,9916,9898,0,647168,6287510,227410
2025-05-20 03:18:20,16095,2195324928,33353728,0.0,0.09994529581438724,0,13,1.29,0.48,0.0,0.0,0.0,12034048,0,8,4,1,0,sleeping,9919,9902,0,647168,6289443,227514
2025-05-20 03:18:22,16095,2195324928,33353728,0.9,0.09994529581438724,0,13,1.3,0.48,0.0,0.0,0.0,12034048,0,7,4,1,0,sleeping,9924,9905,0,647168,6293302,227586
2025-05-20 03:18:23,16095,2195324928,33353728,0.0,0.09994529581438724,0,13,1.3,0.48,0.0,0.0,0.0,12034048,0,7,4,1,0,sleeping,9926,9907,0,647168,6295227,227650
2025-05-20 03:18:24,16095,2195324928,33353728,0.0,0.09994529581438724,0,13,1.3,0.48,0.0,0.0,0.0,12034048,0,7,4,1,0,sleeping,9930,9911,0,647168,6297168,227730
2025-05-20 03:18:25,16095,2195324928,33353728,0.0,0.09994529581438724,0,13,1.3,0.48,0.0,0.0,0.0,12034048,0,7,4,1,0,sleeping,9934,9915,0,647168,6299110,227810
2025-05-20 03:18:26,16095,2195324928,33353728,0.0,0.09994529581438724,0,13,1.3,0.48,0.0,0.0,0.0,12034048,0,7,4,1,0,sleeping,9938,9919,0,647168,6301052,227890
2025-05-20 03:18:27,16095,2195324928,33353728,0.0,0.09994529581438724,0,13,1.3,0.48,0.0,0.0,0.0,12034048,0,7,4,1,0,sleeping,9940,9922,0,651264,6302978,227986
2025-05-20 03:18:28,16095,2195324928,33353728,0.0,0.09994529581438724,0,13,1.3,0.48,0.0,0.0,0.0,12034048,0,7,4,1,0,sleeping,9943,9925,0,651264,6304912,228058
2025-05-20 03:18:29,16095,2195324928,33353728,0.0,0.09994529581438724,0,13,1.3,0.48,0.0,0.0,0.0,12034048,0,7,4,1,0,sleeping,9946,9928,0,651264,6306846,228130
2025-05-20 03:18:30,16095,2195324928,33353728,0.0,0.09994529581438724,0,13,1.3,0.48,0.0,0.0,0.0,12034048,0,7,4,1,0,sleeping,9951,9933,0,651264,6308796,228218
2025-05-20 03:18:31,16095,2195324928,33353728,0.0,0.09994529581438724,0,13,1.3,0.48,0.0,0.0,0.0,12034048,0,7,4,1,0,sleeping,9954,9936,0,651264,6310730,228290
2025-05-20 03:18:32,16095,2195324928,33353728,0.0,0.09994529581438724,0,13,1.3,0.48,0.0,0.0,0.0,12034048,0,7,4,1,0,sleeping,9957,9939,0,651264,6312664,228362
2025-05-20 03:18:33,16095,2195324928,33353728,0.0,0.09994529581438724,0,13,1.3,0.48,0.0,0.0,0.0,12034048,0,8,4,1,0,sleeping,9960,9943,0,651264,6314598,228466
2025-05-20 03:18:35,16095,2195324928,33353728,0.0,0.09994529581438724,0,13,1.3,0.48,0.0,0.0,0.0,12034048,0,8,4,1,0,sleeping,9962,9945,0,651264,6316524,228530
2025-05-20 03:18:36,16095,2195324928,33353728,0.0,0.09994529581438724,0,13,1.3,0.48,0.0,0.0,0.0,12034048,0,8,4,1,0,sleeping,9968,9949,0,651264,6320392,228610
2025-05-20 03:18:37,16095,2195324928,33353728,0.0,0.09994529581438724,0,13,1.3,0.48,0.0,0.0,0.0,12034048,0,8,4,1,0,sleeping,9972,9953,0,651264,6322334,228690
2025-05-20 03:18:38,16095,2195324928,33353728,0.9,0.09994529581438724,0,13,1.31,0.48,0.0,0.0,0.0,12034048,0,8,4,1,0,sleeping,9976,9957,0,651264,6324276,228770
2025-05-20 03:18:39,16095,2195324928,33353728,0.0,0.09994529581438724,0,13,1.31,0.48,0.0,0.0,0.0,12034048,0,7,4,1,0,sleeping,9978,9959,0,651264,6326202,228834
2025-05-20 03:18:40,16095,2195324928,33353728,0.0,0.09994529581438724,0,13,1.31,0.48,0.0,0.0,0.0,12034048,0,7,4,1,0,sleeping,9982,9964,0,651264,6328144,228946
2025-05-20 03:18:41,16095,2195324928,33353728,0.0,0.09994529581438724,0,13,1.31,0.48,0.0,0.0,0.0,12034048,0,7,4,1,0,sleeping,9987,9969,0,651264,6330094,229034
2025-05-20 03:18:42,16095,2195324928,33353728,0.0,0.09994529581438724,0,13,1.31,0.48,0.0,0.0,0.0,12034048,0,8,4,1,0,sleeping,9990,9972,0,651264,6332028,229106
2025-05-20 03:18:43,16095,2195324928,33353728,0.0,0.09994529581438724,0,13,1.31,0.48,0.0,0.0,0.0,12034048,0,8,4,1,0,sleeping,9992,9974,0,651264,6333954,229170
2025-05-20 03:18:44,16095,2195324928,33353728,0.0,0.09994529581438724,0,13,1.31,0.48,0.0,0.0,0.0,12034048,0,8,4,1,0,sleeping,9994,9976,0,651264,6335880,229234
2025-05-20 03:18:45,16095,2195324928,33353728,0.0,0.09994529581438724,0,13,1.31,0.48,0.0,0.0,0.0,12034048,0,8,4,1,0,sleeping,9998,9980,0,651264,6337822,229314
2025-05-20 03:18:46,16095,2195324928,33353728,0.0,0.09994529581438724,0,13,1.31,0.48,0.0,0.0,0.0,12034048,0,8,4,1,0,sleeping,10002,9985,0,655360,6339764,229426
2025-05-20 03:18:48,16095,2195324928,33353728,0.0,0.09994529581438724,0,13,1.31,0.48,0.0,0.0,0.0,12034048,0,7,4,1,0,sleeping,10005,9988,0,655360,6341698,229498
2025-05-20 03:18:49,16095,2195324928,33353728,0.0,0.09994529581438724,0,13,1.31,0.48,0.0,0.0,0.0,12034048,0,7,4,1,0,sleeping,10009,9990,0,655360,6345550,229562
2025-05-20 03:18:50,16095,2195324928,33353728,0.0,0.09994529581438724,0,13,1.31,0.48,0.0,0.0,0.0,12034048,0,7,4,1,0,sleeping,10012,9993,0,655360,6347484,229634
2025-05-20 03:18:51,16095,2195324928,33353728,0.0,0.09994529581438724,0,13,1.31,0.48,0.0,0.0,0.0,12034048,0,7,4,1,0,sleeping,10016,9997,0,655360,6349426,229714
2025-05-20 03:18:52,16095,2195324928,33353728,0.0,0.09994529581438724,0,13,1.31,0.48,0.0,0.0,0.0,12034048,0,7,4,1,0,sleeping,10020,10001,0,655360,6351368,229794
2025-05-20 03:18:53,16095,2195324928,33353728,0.0,0.09994529581438724,0,13,1.31,0.48,0.0,0.0,0.0,12034048,0,7,4,1,0,sleeping,10022,10004,0,655360,6353294,229890
2025-05-20 03:18:54,16095,2195324928,33353728,0.0,0.09994529581438724,0,13,1.31,0.48,0.0,0.0,0.0,12034048,0,7,4,1,0,sleeping,10025,10007,0,655360,6355228,229962
2025-05-20 03:18:55,16095,2195324928,33353728,0.0,0.09994529581438724,0,13,1.31,0.48,0.0,0.0,0.0,12034048,0,7,4,1,0,sleeping,10028,10010,0,655360,6357162,230034
2025-05-20 03:18:56,16095,2195324928,33353728,0.0,0.09994529581438724,0,13,1.31,0.48,0.0,0.0,0.0,12034048,0,7,4,1,0,sleeping,10033,10015,0,655360,6359111,230122
2025-05-20 03:18:57,16095,2195324928,33353728,0.0,0.09994529581438724,0,13,1.31,0.48,0.0,0.0,0.0,12034048,0,7,4,1,0,sleeping,10037,10019,0,655360,6361052,230202
2025-05-20 03:18:58,16095,2195324928,33353728,0.0,0.09994529581438724,0,13,1.31,0.48,0.0,0.0,0.0,12034048,0,7,4,1,0,sleeping,10042,10024,0,655360,6363002,230290
2025-05-20 03:18:59,16095,2195324928,33353728,0.0,0.09994529581438724,0,13,1.31,0.48,0.0,0.0,0.0,12034048,0,6,4,1,0,sleeping,10046,10029,0,655360,6364944,230402
2025-05-20 03:19:01,16095,2195324928,33353728,0.0,0.09994529581438724,0,13,1.31,0.48,0.0,0.0,0.0,12034048,0,6,4,1,0,sleeping,10048,10031,0,655360,6366870,230466
2025-05-20 03:19:02,16095,2195324928,33353728,0.0,0.09994529581438724,0,13,1.31,0.48,0.0,0.0,0.0,12034048,0,6,4,1,0,sleeping,10054,10035,0,655360,6370738,230546
2025-05-20 03:19:03,16095,2195324928,33353728,0.0,0.09994529581438724,0,13,1.31,0.48,0.0,0.0,0.0,12034048,0,6,4,1,0,sleeping,10056,10037,0,655360,6372664,230610
2025-05-20 03:19:04,16095,2195324928,33353728,0.0,0.09994529581438724,0,13,1.31,0.48,0.0,0.0,0.0,12034048,0,6,4,1,0,sleeping,10060,10041,0,655360,6374606,230690
2025-05-20 03:19:05,16095,2195324928,33353728,0.0,0.09994529581438724,0,13,1.31,0.48,0.0,0.0,0.0,12034048,0,6,4,1,0,sleeping,10063,10044,0,655360,6376540,230762
2025-05-20 03:19:06,16095,2195324928,33353728,0.0,0.09994529581438724,0,13,1.31,0.48,0.0,0.0,0.0,12034048,0,7,4,1,0,sleeping,10066,10048,0,655360,6378473,230866
2025-05-20 03:19:07,16095,2195324928,33353728,0.0,0.09994529581438724,0,13,1.31,0.48,0.0,0.0,0.0,12034048,0,7,4,1,0,sleeping,10069,10051,0,655360,6380406,230938
2025-05-20 03:19:08,16095,2195324928,33353728,0.0,0.09994529581438724,0,13,1.31,0.48,0.0,0.0,0.0,12034048,0,7,4,1,0,sleeping,10071,10053,0,655360,6382332,231002
2025-05-20 03:19:09,16095,2195324928,33353728,0.0,0.09994529581438724,0,13,1.31,0.48,0.0,0.0,0.0,12034048,0,7,4,1,0,sleeping,10076,10058,0,655360,6384282,231090
2025-05-20 03:19:10,16095,2195324928,33353728,0.0,0.09994529581438724,0,13,1.31,0.48,0.0,0.0,0.0,12034048,0,7,4,1,0,sleeping,10079,10061,0,655360,6386216,231162
2025-05-20 03:19:11,16095,2195324928,33353728,0.0,0.09994529581438724,0,13,1.31,0.48,0.0,0.0,0.0,12034048,0,7,4,1,0,sleeping,10082,10064,0,655360,6388150,231234
2025-05-20 03:19:12,16095,2195324928,33353728,0.0,0.09994529581438724,0,13,1.31,0.48,0.0,0.0,0.0,12034048,0,7,4,1,0,sleeping,10087,10070,0,655360,6390100,231354
2025-05-20 03:19:14,16095,2195324928,33353728,0.0,0.09994529581438724,0,13,1.31,0.48,0.0,0.0,0.0,12034048,0,7,4,1,0,sleeping,10091,10074,0,655360,6392042,231434
2025-05-20 03:19:15,16095,2195324928,33353728,0.9,0.09994529581438724,0,13,1.31,0.49,0.0,0.0,0.0,12034048,0,7,4,1,0,sleeping,10094,10077,0,655360,6393975,231506
2025-05-20 03:19:16,16095,2195324928,33353728,0.0,0.09994529581438724,0,13,1.31,0.49,0.0,0.0,0.0,12034048,0,7,4,1,0,sleeping,10100,10081,0,655360,6397842,231586
2025-05-20 03:19:17,16095,2195324928,33353728,0.0,0.09994529581438724,0,13,1.31,0.49,0.0,0.0,0.0,12034048,0,7,4,1,0,sleeping,10102,10083,0,659456,6399768,231650
2025-05-20 03:19:18,16095,2195324928,33353728,0.0,0.09994529581438724,0,13,1.31,0.49,0.0,0.0,0.0,12034048,0,6,4,1,0,sleeping,10104,10085,0,659456,6401694,231714
2025-05-20 03:19:19,16095,2195324928,33353728,0.0,0.09994529581438724,0,13,1.31,0.49,0.0,0.0,0.0,12034048,0,7,4,1,0,sleeping,10109,10091,0,659456,6403644,231834
2025-05-20 03:19:20,16095,2195324928,33353728,0.0,0.09994529581438724,0,13,1.31,0.49,0.0,0.0,0.0,12034048,0,7,4,1,0,sleeping,10112,10094,0,659456,6405578,231906
2025-05-20 03:19:21,16095,2195324928,33353728,0.0,0.09994529581438724,0,13,1.31,0.49,0.0,0.0,0.0,12034048,0,7,4,1,0,sleeping,10115,10097,0,659456,6407512,231978
2025-05-20 03:19:22,16095,2195324928,33353728,0.0,0.09994529581438724,0,13,1.31,0.49,0.0,0.0,0.0,12034048,0,7,4,1,0,sleeping,10118,10100,0,659456,6409446,232050
2025-05-20 03:19:23,16095,2195324928,33353728,0.0,0.09994529581438724,0,13,1.31,0.49,0.0,0.0,0.0,12034048,0,7,4,1,0,sleeping,10123,10105,0,659456,6411396,232138
2025-05-20 03:19:24,16095,2195324928,33353728,0.0,0.09994529581438724,0,13,1.31,0.49,0.0,0.0,0.0,12034048,0,7,4,1,0,sleeping,10127,10109,0,659456,6413338,232218
2025-05-20 03:19:25,16095,2195324928,33353728,0.0,0.09994529581438724,0,13,1.31,0.49,0.0,0.0,0.0,12034048,0,6,4,1,0,sleeping,10129,10112,0,659456,6415264,232314
2025-05-20 03:19:27,16095,2195324928,33353728,0.0,0.09994529581438724,0,13,1.31,0.49,0.0,0.0,0.0,12034048,0,6,4,1,0,sleeping,10132,10115,0,659456,6417197,232386
2025-05-20 03:19:28,16095,2195324928,33353728,0.0,0.09994529581438724,0,13,1.31,0.49,0.0,0.0,0.0,12034048,0,8,4,1,0,sleeping,10134,10117,0,659456,6419122,232450
2025-05-20 03:19:29,16095,2195324928,33353728,0.0,0.09994529581438724,0,13,1.31,0.49,0.0,0.0,0.0,12034048,0,8,4,1,0,sleeping,10140,10121,0,659456,6422990,232530
2025-05-20 03:19:30,16095,2195324928,33353728,0.0,0.09994529581438724,0,13,1.31,0.49,0.0,0.0,0.0,12034048,0,8,4,1,0,sleeping,10143,10124,0,659456,6424923,232602
2025-05-20 03:19:31,16095,2195324928,33353728,0.0,0.09994529581438724,0,13,1.31,0.49,0.0,0.0,0.0,12034048,0,7,4,1,0,sleeping,10146,10127,0,659456,6426856,232674
2025-05-20 03:19:32,16095,2195324928,33353728,0.9,0.09994529581438724,0,13,1.32,0.49,0.0,0.0,0.0,12034048,0,7,4,1,0,sleeping,10148,10130,0,663552,6428782,232770
2025-05-20 03:19:33,16095,2195324928,33353728,0.0,0.09994529581438724,0,13,1.32,0.49,0.0,0.0,0.0,12034048,0,7,4,1,0,sleeping,10153,10135,0,663552,6430732,232858
2025-05-20 03:19:34,16095,2195324928,33353728,0.0,0.09994529581438724,0,13,1.32,0.49,0.0,0.0,0.0,12034048,0,8,4,1,0,sleeping,10155,10137,0,663552,6432658,232922
2025-05-20 03:19:35,16095,2195324928,33353728,0.0,0.09994529581438724,0,13,1.32,0.49,0.0,0.0,0.0,12034048,0,8,4,1,0,sleeping,10158,10140,0,663552,6434592,232994
2025-05-20 03:19:36,16095,2195324928,33353728,0.0,0.09994529581438724,0,13,1.32,0.49,0.0,0.0,0.0,12034048,0,7,4,1,0,sleeping,10162,10144,0,663552,6436534,233074
2025-05-20 03:19:37,16095,2195324928,33353728,0.0,0.09994529581438724,0,13,1.32,0.49,0.0,0.0,0.0,12034048,0,7,4,1,0,sleeping,10166,10148,0,663552,6438476,233154
2025-05-20 03:19:38,16095,2195324928,33353728,0.0,0.09994529581438724,0,13,1.32,0.49,0.0,0.0,0.0,12034048,0,7,4,1,0,sleeping,10170,10153,0,663552,6440417,233266
2025-05-20 03:19:40,16095,2195324928,33353728,0.0,0.09994529581438724,0,13,1.32,0.49,0.0,0.0,0.0,12034048,0,7,4,1,0,sleeping,10172,10155,0,663552,6442342,233330
2025-05-20 03:19:41,16095,2195324928,33353728,0.0,0.09994529581438724,0,13,1.32,0.49,0.0,0.0,0.0,12034048,0,7,4,1,0,sleeping,10176,10159,0,663552,6444284,233410
2025-05-20 03:19:42,16095,2195324928,33353728,0.0,0.09994529581438724,0,13,1.32,0.49,0.0,0.0,0.0,12034048,0,7,4,1,0,sleeping,10182,10163,0,663552,6448152,233490
2025-05-20 03:19:43,16095,2195324928,33353728,0.0,0.09994529581438724,0,13,1.32,0.49,0.0,0.0,0.0,12034048,0,6,4,1,0,sleeping,10185,10166,0,663552,6450085,233562
2025-05-20 03:19:44,16095,2195324928,33353728,0.0,0.09994529581438724,0,13,1.32,0.49,0.0,0.0,0.0,12034048,0,7,4,1,0,sleeping,10189,10170,0,663552,6452026,233642
2025-05-20 03:19:45,16095,2195324928,33353728,0.0,0.09994529581438724,0,13,1.32,0.49,0.0,0.0,0.0,12034048,0,7,4,1,0,sleeping,10191,10173,0,663552,6453952,233738
2025-05-20 03:19:46,16095,2195324928,33353728,0.0,0.09994529581438724,0,13,1.32,0.49,0.0,0.0,0.0,12034048,0,6,4,1,0,sleeping,10194,10176,0,663552,6455886,233810
2025-05-20 03:19:47,16095,2195324928,33353728,0.0,0.09994529581438724,0,13,1.32,0.49,0.0,0.0,0.0,12034048,0,7,4,1,0,sleeping,10197,10179,0,663552,6457820,233882
2025-05-20 03:19:48,16095,2195324928,33353728,0.0,0.09994529581438724,0,13,1.32,0.49,0.0,0.0,0.0,12034048,0,6,4,1,0,sleeping,10199,10181,0,663552,6459746,233946
2025-05-20 03:19:49,16095,2195324928,33353728,0.0,0.09994529581438724,0,13,1.32,0.49,0.0,0.0,0.0,12034048,0,6,4,1,0,sleeping,10204,10186,0,667648,6461696,234034
2025-05-20 03:19:50,16095,2195324928,33353728,0.0,0.09994529581438724,0,13,1.32,0.49,0.0,0.0,0.0,12034048,0,7,4,1,0,sleeping,10206,10188,0,667648,6463622,234098
2025-05-20 03:19:51,16095,2195324928,33353728,0.9,0.09994529581438724,0,13,1.33,0.49,0.0,0.0,0.0,12034048,0,7,4,1,0,sleeping,10208,10191,0,667648,6465548,234194
2025-05-20 03:19:53,16095,2195324928,33210368,0.0,0.09951571392153404,0,13,1.33,0.49,0.0,0.0,0.0,11837440,0,7,4,1,0,sleeping,10213,10196,0,667648,6467498,234282
2025-05-20 03:19:54,16095,2195324928,33210368,0.0,0.09951571392153404,0,13,1.33,0.49,0.0,0.0,0.0,11837440,0,7,4,1,0,sleeping,10216,10199,0,667648,6469432,234354
2025-05-20 03:19:55,16095,2195324928,33210368,0.0,0.09951571392153404,0,13,1.33,0.49,0.0,0.0,0.0,11837440,0,7,4,1,0,sleeping,10219,10202,0,667648,6471366,234426
2025-05-20 03:19:56,16095,2195324928,33210368,0.0,0.09951571392153404,0,13,1.33,0.49,0.0,0.0,0.0,11837440,0,7,4,1,0,sleeping,10224,10205,0,667648,6475226,234498
2025-05-20 03:19:57,16095,2195324928,33210368,0.0,0.09951571392153404,0,13,1.33,0.49,0.0,0.0,0.0,11837440,0,7,4,1,0,sleeping,10227,10208,0,667648,6477160,234570
2025-05-20 03:19:58,16095,2195324928,33210368,0.0,0.09951571392153404,0,13,1.33,0.49,0.0,0.0,0.0,11837440,0,6,3,1,0,sleeping,10231,10213,0,667648,6479102,234682
2025-05-20 03:19:59,16095,2195324928,33210368,0.0,0.09951571392153404,0,13,1.33,0.49,0.0,0.0,0.0,11837440,0,7,4,1,0,sleeping,10236,10218,0,667648,6481052,234770
2025-05-20 03:20:00,16095,2195324928,33210368,0.0,0.09951571392153404,0,13,1.33,0.49,0.0,0.0,0.0,11837440,0,7,4,1,0,sleeping,10240,10222,0,667648,6482994,234850
2025-05-20 03:20:01,16095,2195324928,33210368,0.0,0.09951571392153404,0,13,1.33,0.49,0.0,0.0,0.0,11837440,0,7,4,1,0,sleeping,10244,10226,0,667648,6484936,234930
2025-05-20 03:20:02,16095,2195324928,33210368,0.0,0.09951571392153404,0,13,1.33,0.49,0.0,0.0,0.0,11837440,0,7,4,1,0,sleeping,10249,10231,0,667648,6486886,235018
2025-05-20 03:20:03,16095,2195324928,33210368,0.0,0.09951571392153404,0,13,1.33,0.49,0.0,0.0,0.0,11837440,0,7,4,1,0,sleeping,10252,10234,0,667648,6488820,235090
2025-05-20 03:20:04,16095,2195324928,33210368,0.0,0.09951571392153404,0,13,1.33,0.49,0.0,0.0,0.0,11837440,0,7,4,1,0,sleeping,10255,10238,0,667648,6490754,235194
2025-05-20 03:20:06,16095,2195324928,33210368,0.0,0.09951571392153404,0,13,1.33,0.49,0.0,0.0,0.0,11837440,0,8,4,1,0,sleeping,10260,10243,0,667648,6492704,235282
2025-05-20 03:20:07,16095,2195324928,33210368,0.0,0.09951571392153404,0,13,1.33,0.49,0.0,0.0,0.0,11837440,0,8,4,1,0,sleeping,10264,10247,0,667648,6494646,235362
2025-05-20 03:20:08,16095,2195324928,33210368,0.0,0.09951571392153404,0,13,1.33,0.49,0.0,0.0,0.0,11837440,0,8,4,1,0,sleeping,10268,10251,0,667648,6496588,235442
2025-05-20 03:20:09,16095,2195324928,33210368,0.0,0.09951571392153404,0,13,1.33,0.49,0.0,0.0,0.0,11837440,0,6,3,1,0,sleeping,10273,10254,0,667648,6500448,235514
2025-05-20 03:20:10,16095,2195324928,33210368,0.0,0.09951571392153404,0,13,1.33,0.49,0.0,0.0,0.0,11837440,0,7,4,1,0,sleeping,10277,10258,0,667648,6502390,235594
2025-05-20 03:20:11,16095,2195324928,33210368,0.0,0.09951571392153404,0,13,1.33,0.49,0.0,0.0,0.0,11837440,0,7,4,1,0,sleeping,10281,10263,0,667648,6504332,235706
2025-05-20 03:20:12,16095,2195324928,33210368,0.0,0.09951571392153404,0,13,1.33,0.49,0.0,0.0,0.0,11837440,0,8,4,1,0,sleeping,10284,10266,0,667648,6506266,235778
2025-05-20 03:20:13,16095,2195324928,33210368,0.0,0.09951571392153404,0,13,1.33,0.49,0.0,0.0,0.0,11837440,0,8,4,1,0,sleeping,10287,10269,0,667648,6508200,235850
2025-05-20 03:20:14,16095,2195324928,33210368,0.9,0.09951571392153404,0,13,1.33,0.5,0.0,0.0,0.0,11837440,0,8,4,1,0,sleeping,10289,10271,0,667648,6510126,235914
2025-05-20 03:20:15,16095,2195324928,33210368,0.0,0.09951571392153404,0,13,1.33,0.5,0.0,0.0,0.0,11837440,0,8,4,1,0,sleeping,10292,10274,0,667648,6512060,235986
2025-05-20 03:20:16,16095,2195324928,33210368,0.0,0.09951571392153404,0,13,1.33,0.5,0.0,0.0,0.0,11837440,0,8,4,1,0,sleeping,10294,10276,0,667648,6513985,236050
2025-05-20 03:20:17,16095,2195324928,33210368,0.0,0.09951571392153404,0,13,1.33,0.5,0.0,0.0,0.0,11837440,0,7,4,1,0,sleeping,10297,10280,0,667648,6515918,236154
2025-05-20 03:20:19,16095,2195324928,33210368,0.0,0.09951571392153404,0,13,1.33,0.5,0.0,0.0,0.0,11837440,0,7,4,1,0,sleeping,10299,10282,0,667648,6517844,236218
2025-05-20 03:20:20,16095,2195324928,33210368,0.0,0.09951571392153404,0,13,1.33,0.5,0.0,0.0,0.0,11837440,0,6,3,1,0,sleeping,10302,10285,0,671744,6519778,236290
2025-05-20 03:20:21,16095,2195324928,33210368,0.0,0.09951571392153404,0,13,1.33,0.5,0.0,0.0,0.0,11837440,0,6,3,1,0,sleeping,10305,10288,0,671744,6521712,236362
2025-05-20 03:20:22,16095,2195324928,33210368,0.0,0.09951571392153404,0,13,1.33,0.5,0.0,0.0,0.0,11837440,0,8,4,1,0,sleeping,10311,10292,0,671744,6525580,236442
2025-05-20 03:20:23,16095,2195324928,33210368,0.0,0.09951571392153404,0,13,1.33,0.5,0.0,0.0,0.0,11837440,0,8,4,1,0,sleeping,10314,10295,0,671744,6527514,236514
2025-05-20 03:20:24,16095,2195324928,33210368,0.0,0.09951571392153404,0,13,1.33,0.5,0.0,0.0,0.0,11837440,0,7,4,1,0,sleeping,10319,10301,0,671744,6529464,236634
2025-05-20 03:20:25,16095,2195324928,33210368,0.0,0.09951571392153404,0,13,1.33,0.5,0.0,0.0,0.0,11837440,0,7,4,1,0,sleeping,10322,10304,0,671744,6531398,236706
2025-05-20 03:20:26,16095,2195324928,33210368,0.0,0.09951571392153404,0,13,1.33,0.5,0.0,0.0,0.0,11837440,0,7,4,1,0,sleeping,10327,10309,0,671744,6533348,236794
2025-05-20 03:20:27,16095,2195324928,33210368,0.0,0.09951571392153404,0,13,1.33,0.5,0.0,0.0,0.0,11837440,0,7,4,1,0,sleeping,10331,10313,0,671744,6535290,236874
2025-05-20 03:20:28,16095,2195324928,33210368,0.0,0.09951571392153404,0,13,1.33,0.5,0.0,0.0,0.0,11837440,0,7,4,1,0,sleeping,10335,10317,0,671744,6537232,236954
2025-05-20 03:20:29,16095,2195324928,33210368,0.0,0.09951571392153404,0,13,1.33,0.5,0.0,0.0,0.0,11837440,0,7,4,1,0,sleeping,10339,10321,0,671744,6539174,237034
2025-05-20 03:20:30,16095,2195324928,33210368,0.0,0.09951571392153404,0,13,1.33,0.5,0.0,0.0,0.0,11837440,0,8,4,1,0,sleeping,10341,10324,0,671744,6541100,237130
2025-05-20 03:20:32,16095,2195324928,33210368,0.0,0.09951571392153404,0,13,1.33,0.5,0.0,0.0,0.0,11837440,0,8,4,1,0,sleeping,10344,10327,0,671744,6543034,237202
2025-05-20 03:20:33,16095,2195324928,33210368,0.0,0.09951571392153404,0,13,1.33,0.5,0.0,0.0,0.0,11837440,0,7,4,1,0,sleeping,10346,10329,0,671744,6544960,237266
2025-05-20 03:20:34,16095,2195324928,33210368,0.0,0.09951571392153404,0,13,1.33,0.5,0.0,0.0,0.0,11837440,0,7,4,1,0,sleeping,10349,10332,0,671744,6546893,237338
2025-05-20 03:20:35,16095,2195324928,33210368,0.0,0.09951571392153404,0,13,1.33,0.5,0.0,0.0,0.0,11837440,0,7,4,1,0,sleeping,10353,10336,0,671744,6548833,237418
2025-05-20 03:20:36,16095,2195324928,33210368,0.0,0.09951571392153404,0,13,1.33,0.5,0.0,0.0,0.0,11837440,0,7,4,1,0,sleeping,10360,10341,0,675840,6552708,237506
2025-05-20 03:20:37,16095,2195324928,33210368,0.9,0.09951571392153404,0,13,1.33,0.51,0.0,0.0,0.0,11837440,0,7,4,1,0,sleeping,10363,10345,0,675840,6554642,237610
2025-05-20 03:20:38,16095,2195324928,33210368,0.0,0.09951571392153404,0,13,1.33,0.51,0.0,0.0,0.0,11837440,0,7,4,1,0,sleeping,10366,10348,0,675840,6556576,237682
2025-05-20 03:20:39,16095,2195324928,33210368,0.0,0.09951571392153404,0,13,1.33,0.51,0.0,0.0,0.0,11837440,0,7,4,1,0,sleeping,10369,10351,0,675840,6558510,237754
2025-05-20 03:20:40,16095,2195324928,33210368,0.0,0.09951571392153404,0,13,1.33,0.51,0.0,0.0,0.0,11837440,0,7,4,1,0,sleeping,10372,10354,0,675840,6560444,237826
2025-05-20 03:20:41,16095,2195324928,33210368,0.0,0.09951571392153404,0,13,1.33,0.51,0.0,0.0,0.0,11837440,0,7,4,1,0,sleeping,10375,10357,0,675840,6562378,237898
2025-05-20 03:20:42,16095,2195324928,33210368,0.0,0.09951571392153404,0,13,1.33,0.51,0.0,0.0,0.0,11837440,0,7,4,1,0,sleeping,10378,10360,0,675840,6564312,237970
2025-05-20 03:20:43,16095,2195324928,33210368,0.0,0.09951571392153404,0,13,1.33,0.51,0.0,0.0,0.0,11837440,0,7,4,1,0,sleeping,10381,10364,0,675840,6566246,238074
2025-05-20 03:20:45,16095,2195324928,33210368,0.0,0.09951571392153404,0,13,1.33,0.51,0.0,0.0,0.0,11837440,0,7,4,1,0,sleeping,10386,10369,0,675840,6568196,238162
2025-05-20 03:20:46,16095,2195324928,33210368,0.0,0.09951571392153404,0,13,1.33,0.51,0.0,0.0,0.0,11837440,0,7,4,1,0,sleeping,10389,10372,0,675840,6570130,238234
2025-05-20 03:20:47,16095,2195324928,33210368,0.0,0.09951571392153404,0,13,1.33,0.51,0.0,0.0,0.0,11837440,0,7,4,1,0,sleeping,10394,10377,0,675840,6572080,238322
2025-05-20 03:20:48,16095,2195324928,33210368,0.0,0.09951571392153404,0,13,1.33,0.51,0.0,0.0,0.0,11837440,0,7,4,1,0,sleeping,10398,10381,0,675840,6574022,238402
2025-05-20 03:20:49,16095,2195324928,33210368,0.0,0.09951571392153404,0,13,1.33,0.51,0.0,0.0,0.0,11837440,0,7,4,1,0,sleeping,10404,10385,0,675840,6577890,238482
2025-05-20 03:20:50,16095,2195324928,33210368,0.0,0.09951571392153404,0,13,1.33,0.51,0.0,0.0,0.0,11837440,0,7,4,1,0,sleeping,10409,10391,0,679936,6579840,238602
2025-05-20 03:20:51,16095,2195324928,33210368,0.0,0.09951571392153404,0,13,1.33,0.51,0.0,0.0,0.0,11837440,0,7,4,1,0,sleeping,10413,10395,0,679936,6581782,238682
2025-05-20 03:20:52,16095,2195324928,33210368,0.0,0.09951571392153404,0,13,1.33,0.51,0.0,0.0,0.0,11837440,0,7,4,1,0,sleeping,10417,10399,0,679936,6583724,238762
2025-05-20 03:20:53,16095,2195324928,33210368,0.0,0.09951571392153404,0,13,1.33,0.51,0.0,0.0,0.0,11837440,0,7,4,1,0,sleeping,10421,10403,0,679936,6585666,238842
2025-05-20 03:20:54,16095,2195324928,33210368,0.0,0.09951571392153404,0,13,1.33,0.51,0.0,0.0,0.0,11837440,0,7,4,1,0,sleeping,10424,10406,0,679936,6587600,238914
2025-05-20 03:20:55,16095,2195324928,33210368,0.0,0.09951571392153404,0,13,1.33,0.51,0.0,0.0,0.0,11837440,0,7,4,1,0,sleeping,10427,10409,0,679936,6589534,238986
2025-05-20 03:20:56,16095,2195324928,33210368,0.0,0.09951571392153404,0,13,1.33,0.51,0.0,0.0,0.0,11837440,0,7,4,1,0,sleeping,10431,10414,0,679936,6591476,239098
2025-05-20 03:20:58,16095,2195324928,33210368,0.9,0.09951571392153404,0,13,1.34,0.51,0.0,0.0,0.0,11837440,0,7,4,1,0,sleeping,10434,10417,0,679936,6593409,239170
2025-05-20 03:20:59,16095,2195324928,33210368,0.0,0.09951571392153404,0,13,1.34,0.51,0.0,0.0,0.0,11837440,0,8,4,1,0,sleeping,10437,10420,0,679936,6595342,239242
2025-05-20 03:21:00,16095,2195324928,33210368,0.0,0.09951571392153404,0,13,1.34,0.51,0.0,0.0,0.0,11837440,0,8,4,1,0,sleeping,10440,10423,0,679936,6597276,239314
2025-05-20 03:21:01,16095,2195324928,33210368,0.0,0.09951571392153404,0,13,1.34,0.51,0.0,0.0,0.0,11837440,0,8,4,1,0,sleeping,10443,10426,0,679936,6599210,239386
2025-05-20 03:21:02,16095,2195324928,33210368,0.0,0.09951571392153404,0,13,1.34,0.51,0.0,0.0,0.0,11837440,0,8,4,1,0,sleeping,10447,10428,0,679936,6603062,239450
2025-05-20 03:21:03,16095,2195324928,33210368,0.9,0.09951571392153404,0,13,1.34,0.52,0.0,0.0,0.0,11837440,0,8,4,1,0,sleeping,10449,10431,0,679936,6604988,239546
2025-05-20 03:21:04,16095,2195324928,33210368,0.0,0.09951571392153404,0,13,1.34,0.52,0.0,0.0,0.0,11837440,0,8,4,1,0,sleeping,10451,10433,0,679936,6606914,239610
2025-05-20 03:21:05,16095,2195324928,33210368,0.0,0.09951571392153404,0,13,1.34,0.52,0.0,0.0,0.0,11837440,0,8,4,1,0,sleeping,10453,10435,0,679936,6608840,239674
2025-05-20 03:21:06,16095,2195324928,33210368,0.0,0.09951571392153404,0,13,1.34,0.52,0.0,0.0,0.0,11837440,0,8,4,1,0,sleeping,10455,10437,0,679936,6610766,239738
2025-05-20 03:21:07,16095,2195324928,33210368,0.0,0.09951571392153404,0,13,1.34,0.52,0.0,0.0,0.0,11837440,0,8,4,1,0,sleeping,10457,10439,0,679936,6612692,239802
2025-05-20 03:21:08,16095,2195324928,33210368,0.0,0.09951571392153404,0,13,1.34,0.52,0.0,0.0,0.0,11837440,0,8,4,1,0,sleeping,10461,10443,0,679936,6614634,239882
2025-05-20 03:21:09,16095,2195324928,33210368,0.0,0.09951571392153404,0,13,1.34,0.52,0.0,0.0,0.0,11837440,0,7,4,1,0,sleeping,10464,10447,0,679936,6616568,239986
2025-05-20 03:21:11,16095,2195324928,33210368,0.0,0.09951571392153404,0,13,1.34,0.52,0.0,0.0,0.0,11837440,0,7,4,1,0,sleeping,10467,10450,0,679936,6618501,240058
2025-05-20 03:21:12,16095,2195324928,33210368,0.0,0.09951571392153404,0,13,1.34,0.52,0.0,0.0,0.0,11837440,0,7,4,1,0,sleeping,10469,10452,0,679936,6620426,240122
2025-05-20 03:21:13,16095,2195324928,33210368,0.0,0.09951571392153404,0,13,1.34,0.52,0.0,0.0,0.0,11837440,0,7,4,1,0,sleeping,10472,10455,0,679936,6622360,240194
2025-05-20 03:21:14,16095,2195324928,33210368,0.0,0.09951571392153404,0,13,1.34,0.52,0.0,0.0,0.0,11837440,0,7,4,1,0,sleeping,10475,10458,0,679936,6624294,240266
2025-05-20 03:21:15,16095,2195324928,33210368,0.0,0.09951571392153404,0,13,1.34,0.52,0.0,0.0,0.0,11837440,0,7,4,1,0,sleeping,10478,10461,0,679936,6626227,240338
2025-05-20 03:21:16,16095,2195324928,33210368,0.0,0.09951571392153404,0,13,1.34,0.52,0.0,0.0,0.0,11837440,0,6,3,1,0,sleeping,10483,10465,0,679936,6630086,240442
2025-05-20 03:21:17,16095,2195324928,33210368,0.0,0.09951571392153404,0,13,1.34,0.52,0.0,0.0,0.0,11837440,0,6,3,1,0,sleeping,10486,10468,0,679936,6632020,240514
2025-05-20 03:21:18,16095,2195324928,33210368,0.0,0.09951571392153404,0,13,1.34,0.52,0.0,0.0,0.0,11837440,0,7,4,1,0,sleeping,10489,10471,0,679936,6633954,240586
2025-05-20 03:21:19,16095,2195324928,33210368,0.0,0.09951571392153404,0,13,1.34,0.52,0.0,0.0,0.0,11837440,0,7,4,1,0,sleeping,10492,10474,0,679936,6635888,240658
2025-05-20 03:21:20,16095,2195324928,33210368,0.0,0.09951571392153404,0,13,1.34,0.52,0.0,0.0,0.0,11837440,0,7,4,1,0,sleeping,10495,10477,0,679936,6637822,240730
2025-05-20 03:21:21,16095,2195324928,33210368,0.0,0.09951571392153404,0,13,1.34,0.52,0.0,0.0,0.0,11837440,0,7,4,1,0,sleeping,10499,10481,0,679936,6639764,240810
2025-05-20 03:21:22,16095,2195324928,33210368,0.0,0.09951571392153404,0,13,1.34,0.52,0.0,0.0,0.0,11837440,0,7,4,1,0,sleeping,10503,10486,0,679936,6641706,240922
2025-05-20 03:21:24,16095,2195324928,33210368,0.0,0.09951571392153404,0,13,1.34,0.52,0.0,0.0,0.0,11837440,0,7,4,1,0,sleeping,10505,10488,0,684032,6643632,240986
2025-05-20 03:21:25,16095,2195324928,33210368,0.0,0.09951571392153404,0,13,1.34,0.52,0.0,0.0,0.0,11837440,0,7,4,1,0,sleeping,10507,10490,0,684032,6645558,241050
2025-05-20 03:21:26,16095,2195324928,33210368,0.0,0.09951571392153404,0,13,1.34,0.52,0.0,0.0,0.0,11837440,0,7,4,1,0,sleeping,10512,10495,0,684032,6647508,241138
2025-05-20 03:21:27,16095,2195324928,33341440,0.9,0.09990847450928554,0,13,1.34,0.53,0.0,0.0,0.0,11956224,0,8,4,1,0,sleeping,10515,10498,0,684032,6649442,241210
2025-05-20 03:21:28,16095,2195324928,33341440,0.0,0.09990847450928554,0,13,1.34,0.53,0.0,0.0,0.0,11956224,0,7,4,1,0,sleeping,10517,10500,0,684032,6651368,241274
2025-05-20 03:21:29,16095,2195324928,33341440,0.0,0.09990847450928554,0,13,1.34,0.53,0.0,0.0,0.0,11960320,0,6,4,1,0,sleeping,10525,10507,0,684032,6655252,241402
2025-05-20 03:21:30,16095,2195324928,33341440,0.0,0.09990847450928554,0,13,1.34,0.53,0.0,0.0,0.0,11960320,0,6,4,1,0,sleeping,10529,10511,0,684032,6657194,241482
2025-05-20 03:21:31,16095,2195324928,33341440,0.0,0.09990847450928554,0,13,1.34,0.53,0.0,0.0,0.0,11960320,0,6,4,1,0,sleeping,10534,10516,0,684032,6659144,241570
2025-05-20 03:21:32,16095,2195324928,33472512,0.0,0.10030123509703703,0,13,1.34,0.53,0.0,0.0,0.0,11964416,0,7,4,1,0,sleeping,10538,10520,0,684032,6661086,241650
2025-05-20 03:21:33,16095,2195324928,33472512,0.0,0.10030123509703703,0,13,1.34,0.53,0.0,0.0,0.0,11964416,0,7,4,1,0,sleeping,10541,10523,0,684032,6663020,241722
2025-05-20 03:21:34,16095,2195324928,33472512,0.0,0.10030123509703703,0,13,1.34,0.53,0.0,0.0,0.0,11964416,0,8,4,1,0,sleeping,10544,10526,0,684032,6664954,241794
2025-05-20 03:21:35,16095,2195324928,33472512,0.0,0.10030123509703703,0,13,1.34,0.53,0.0,0.0,0.0,11964416,0,7,4,1,0,sleeping,10546,10529,0,684032,6666880,241890
2025-05-20 03:21:37,16095,2195324928,33472512,0.0,0.10030123509703703,0,13,1.34,0.53,0.0,0.0,0.0,11964416,0,7,4,1,0,sleeping,10551,10534,0,684032,6668830,241978
2025-05-20 03:21:38,16095,2195324928,33472512,0.0,0.10030123509703703,0,13,1.34,0.53,0.0,0.0,0.0,11964416,0,8,4,1,0,sleeping,10554,10537,0,684032,6670764,242050
2025-05-20 03:21:39,16095,2195324928,33472512,0.0,0.10030123509703703,0,13,1.34,0.53,0.0,0.0,0.0,11964416,0,8,4,1,0,sleeping,10557,10540,0,684032,6672698,242122
2025-05-20 03:21:40,16095,2195324928,33472512,0.0,0.10030123509703703,0,13,1.34,0.53,0.0,0.0,0.0,11972608,0,8,4,1,0,sleeping,10559,10542,0,688128,6674624,242186
2025-05-20 03:21:41,16095,2195324928,33472512,0.0,0.10030123509703703,0,13,1.34,0.53,0.0,0.0,0.0,11984896,0,8,4,1,0,sleeping,10561,10544,0,688128,6676549,242250
2025-05-20 03:21:42,16095,2195324928,33472512,0.9,0.10030123509703703,0,13,1.35,0.53,0.0,0.0,0.0,11984896,0,8,4,1,0,sleeping,10567,10549,0,688128,6680413,242362
2025-05-20 03:21:43,16095,2195324928,33472512,0.0,0.10030123509703703,0,13,1.35,0.53,0.0,0.0,0.0,11984896,0,7,4,1,0,sleeping,10569,10551,0,688128,6682337,242426
2025-05-20 03:21:44,16095,2195324928,33472512,0.0,0.10030123509703703,0,13,1.35,0.53,0.0,0.0,0.0,11988992,0,7,4,1,0,sleeping,10574,10556,0,688128,6684286,242514
2025-05-20 03:21:45,16095,2195324928,33472512,0.0,0.10030123509703703,0,13,1.35,0.53,0.0,0.0,0.0,11997184,0,8,4,1,0,sleeping,10578,10560,0,688128,6686228,242594
2025-05-20 03:21:46,16095,2195324928,33472512,0.0,0.10030123509703703,0,13,1.35,0.53,0.0,0.0,0.0,12001280,0,8,4,1,0,sleeping,10582,10564,0,688128,6688170,242674
2025-05-20 03:21:47,16095,2195324928,33472512,0.0,0.10030123509703703,0,13,1.35,0.53,0.0,0.0,0.0,12009472,0,8,4,1,0,sleeping,10586,10568,0,688128,6690112,242754
2025-05-20 03:21:48,16095,2195324928,33472512,0.0,0.10030123509703703,0,13,1.35,0.53,0.0,0.0,0.0,12009472,0,7,4,1,0,sleeping,10590,10573,0,688128,6692053,242866
2025-05-20 03:21:50,16095,2195324928,33472512,0.0,0.10030123509703703,0,13,1.35,0.53,0.0,0.0,0.0,12009472,0,8,4,1,0,sleeping,10592,10575,0,688128,6693978,242930
2025-05-20 03:21:51,16095,2195324928,33472512,0.0,0.10030123509703703,0,13,1.35,0.53,0.0,0.0,0.0,12029952,0,8,4,1,0,sleeping,10595,10578,0,688128,6695912,243002
2025-05-20 03:21:52,16095,2195324928,33472512,0.0,0.10030123509703703,0,13,1.35,0.53,0.0,0.0,0.0,12046336,0,8,4,1,0,sleeping,10598,10581,0,688128,6697846,243074
2025-05-20 03:21:53,16095,2195324928,33472512,0.0,0.10030123509703703,0,13,1.35,0.53,0.0,0.0,0.0,12046336,0,8,4,1,0,sleeping,10600,10583,0,688128,6699771,243138
2025-05-20 03:21:54,16095,2195324928,33472512,0.0,0.10030123509703703,0,13,1.35,0.53,0.0,0.0,0.0,12054528,0,8,4,1,0,sleeping,10603,10586,0,692224,6701704,243210
2025-05-20 03:21:55,16095,2195324928,33472512,0.0,0.10030123509703703,0,13,1.35,0.53,0.0,0.0,0.0,12054528,0,8,4,1,0,sleeping,10611,10593,0,692224,6705584,243338
2025-05-20 03:21:56,16095,2195324928,33472512,0.0,0.10030123509703703,0,13,1.35,0.53,0.0,0.0,0.0,12066816,0,8,4,1,0,sleeping,10615,10597,0,692224,6707526,243418
2025-05-20 03:21:57,16095,2195324928,33472512,0.0,0.10030123509703703,0,13,1.35,0.53,0.0,0.0,0.0,12066816,0,8,4,1,0,sleeping,10618,10600,0,692224,6709459,243490
2025-05-20 03:21:58,16095,2195324928,33472512,0.0,0.10030123509703703,0,13,1.35,0.53,0.0,0.0,0.0,12070912,0,8,4,1,0,sleeping,10621,10603,0,692224,6711392,243562
2025-05-20 03:21:59,16095,2195324928,33472512,0.0,0.10030123509703703,0,13,1.35,0.53,0.0,0.0,0.0,12083200,0,8,4,1,0,sleeping,10624,10606,0,692224,6713325,243634
2025-05-20 03:22:00,16095,2195324928,33472512,0.0,0.10030123509703703,0,13,1.35,0.53,0.0,0.0,0.0,12087296,0,8,4,1,0,sleeping,10627,10609,0,692224,6715255,243706
2025-05-20 03:22:01,16095,2195324928,33472512,0.0,0.10030123509703703,0,13,1.35,0.53,0.0,0.0,0.0,12099584,0,8,4,1,0,sleeping,10630,10613,0,692224,6717186,243810
2025-05-20 03:22:03,16095,2195324928,33472512,0.0,0.10030123509703703,0,13,1.35,0.53,0.0,0.0,0.0,12107776,0,8,4,1,0,sleeping,10633,10616,0,692224,6719120,243882
2025-05-20 03:22:04,16095,2195324928,33472512,0.9,0.10030123509703703,0,13,1.36,0.53,0.0,0.0,0.0,12124160,0,8,4,1,0,sleeping,10635,10618,0,692224,6721046,243946
2025-05-20 03:22:05,16095,2195324928,33472512,0.0,0.10030123509703703,0,13,1.36,0.53,0.0,0.0,0.0,12124160,0,8,4,1,0,sleeping,10640,10623,0,692224,6722996,244034
2025-05-20 03:22:06,16095,2195324928,33472512,0.0,0.10030123509703703,0,13,1.36,0.53,0.0,0.0,0.0,12124160,0,8,4,1,0,sleeping,10643,10626,0,692224,6724930,244106
2025-05-20 03:22:07,16095,2195324928,33472512,0.0,0.10030123509703703,0,13,1.36,0.53,0.0,0.0,0.0,12148736,0,8,4,1,0,sleeping,10647,10630,0,692224,6726872,244186
2025-05-20 03:22:08,16095,2195324928,33472512,0.0,0.10030123509703703,0,13,1.36,0.53,0.0,0.0,0.0,12169216,0,7,4,1,0,sleeping,10651,10635,0,692224,6728814,244298
2025-05-20 03:22:09,16095,2195324928,33472512,0.0,0.10030123509703703,0,13,1.36,0.53,0.0,0.0,0.0,12193792,0,8,4,1,0,sleeping,10657,10639,0,692224,6732682,244378
2025-05-20 03:22:10,16095,2195324928,33472512,0.0,0.10030123509703703,0,13,1.36,0.53,0.0,0.0,0.0,12214272,0,8,4,1,0,sleeping,10660,10642,0,692224,6734616,244450
2025-05-20 03:22:11,16095,2195324928,33603584,0.0,0.10069399568478851,0,13,1.36,0.53,0.0,0.0,0.0,12234752,0,8,4,1,0,sleeping,10662,10644,0,692224,6736542,244514
2025-05-20 03:22:12,16095,2195324928,33603584,0.0,0.10069399568478851,0,13,1.36,0.53,0.0,0.0,0.0,12247040,0,8,4,1,0,sleeping,10666,10648,0,692224,6738484,244594
2025-05-20 03:22:13,16095,2195324928,33603584,0.0,0.10069399568478851,0,13,1.36,0.53,0.0,0.0,0.0,12271616,0,8,4,1,0,sleeping,10670,10652,0,692224,6740426,244674
2025-05-20 03:22:14,16095,2195324928,33603584,0.0,0.10069399568478851,0,13,1.36,0.53,0.0,0.0,0.0,12275712,0,7,4,1,0,sleeping,10672,10655,0,692224,6742352,244770
2025-05-20 03:22:16,16095,2195324928,33603584,0.0,0.10069399568478851,0,13,1.36,0.53,0.0,0.0,0.0,12292096,0,7,4,1,0,sleeping,10676,10659,0,692224,6744294,244850
2025-05-20 03:22:17,16095,2195324928,33603584,0.0,0.10069399568478851,0,13,1.36,0.53,0.0,0.0,0.0,12312576,0,7,4,1,0,sleeping,10679,10662,0,692224,6746228,244922
2025-05-20 03:22:18,16095,2195324928,33603584,0.0,0.10069399568478851,0,13,1.36,0.53,0.0,0.0,0.0,12333056,0,7,4,1,0,sleeping,10683,10666,0,692224,6748170,245002
2025-05-20 03:22:19,16095,2195324928,33603584,0.0,0.10069399568478851,0,13,1.36,0.53,0.0,0.0,0.0,12341248,0,7,4,1,0,sleeping,10686,10669,0,692224,6750104,245074
2025-05-20 03:22:20,16095,2195324928,33603584,0.0,0.10069399568478851,0,13,1.36,0.53,0.0,0.0,0.0,12353536,0,7,4,1,0,sleeping,10690,10673,0,692224,6752046,245154
2025-05-20 03:22:21,16095,2195324928,33603584,0.0,0.10069399568478851,0,13,1.36,0.53,0.0,0.0,0.0,12361728,0,6,4,1,0,sleeping,10693,10677,0,692224,6753980,245258
2025-05-20 03:22:22,16095,2195324928,33603584,0.0,0.10069399568478851,0,13,1.36,0.53,0.0,0.0,0.0,12390400,0,6,4,1,0,sleeping,10697,10679,0,692224,6757832,245322
2025-05-20 03:22:23,16095,2195324928,33603584,0.0,0.10069399568478851,0,13,1.36,0.53,0.0,0.0,0.0,12410880,0,6,4,1,0,sleeping,10700,10682,0,692224,6759766,245394
2025-05-20 03:22:24,16095,2195324928,33603584,0.9,0.10069399568478851,0,13,1.37,0.53,0.0,0.0,0.0,12431360,0,6,4,1,0,sleeping,10703,10685,0,696320,6761700,245466
2025-05-20 03:22:25,16095,2195324928,33603584,0.0,0.10069399568478851,0,13,1.37,0.53,0.0,0.0,0.0,12435456,0,6,4,1,0,sleeping,10707,10689,0,696320,6763642,245546
2025-05-20 03:22:26,16095,2195324928,33603584,0.0,0.10069399568478851,0,13,1.37,0.53,0.0,0.0,0.0,12451840,0,6,4,1,0,sleeping,10711,10693,0,696320,6765584,245626
2025-05-20 03:22:27,16095,2195324928,33603584,0.0,0.10069399568478851,0,13,1.37,0.53,0.0,0.0,0.0,12455936,0,6,4,1,0,sleeping,10716,10699,0,696320,6767534,245746
2025-05-20 03:22:29,16095,2195324928,33603584,0.0,0.10069399568478851,0,13,1.37,0.53,0.0,0.0,0.0,12480512,0,7,4,1,0,sleeping,10718,10701,0,696320,6769460,245810
2025-05-20 03:22:30,16095,2195324928,33603584,0.0,0.10069399568478851,0,13,1.37,0.53,0.0,0.0,0.0,12484608,0,7,4,1,0,sleeping,10721,10704,0,696320,6771393,245882
2025-05-20 03:22:31,16095,2195324928,33603584,0.0,0.10069399568478851,0,13,1.37,0.53,0.0,0.0,0.0,12500992,0,7,4,1,0,sleeping,10724,10707,0,696320,6773326,245954
2025-05-20 03:22:32,16095,2195324928,33603584,0.0,0.10069399568478851,0,13,1.37,0.53,0.0,0.0,0.0,12513280,0,7,4,1,0,sleeping,10727,10710,0,696320,6775260,246026
2025-05-20 03:22:33,16095,2195324928,33603584,0.0,0.10069399568478851,0,13,1.37,0.53,0.0,0.0,0.0,12533760,0,7,4,1,0,sleeping,10730,10713,0,696320,6777194,246098
2025-05-20 03:22:34,16095,2195324928,33603584,0.0,0.10069399568478851,0,13,1.37,0.53,0.0,0.0,0.0,12537856,0,7,4,1,0,sleeping,10732,10716,0,696320,6779120,246194
2025-05-20 03:22:35,16095,2195324928,33603584,0.0,0.10069399568478851,0,13,1.37,0.53,0.0,0.0,0.0,12541952,0,7,4,1,0,sleeping,10737,10719,0,696320,6782979,246266
2025-05-20 03:22:36,16095,2195324928,33603584,0.0,0.10069399568478851,0,13,1.37,0.53,0.0,0.0,0.0,12541952,0,7,4,1,0,sleeping,10739,10721,0,696320,6784904,246330
2025-05-20 03:22:37,16095,2195324928,33603584,0.0,0.10069399568478851,0,13,1.37,0.53,0.0,0.0,0.0,12541952,0,7,4,1,0,sleeping,10741,10723,0,696320,6786830,246394
2025-05-20 03:22:38,16095,2195324928,33603584,0.0,0.10069399568478851,0,13,1.37,0.53,0.0,0.0,0.0,12541952,0,7,4,1,0,sleeping,10744,10726,0,696320,6788763,246466
2025-05-20 03:22:39,16095,2195324928,33603584,0.0,0.10069399568478851,0,13,1.37,0.53,0.0,0.0,0.0,12550144,0,7,4,1,0,sleeping,10748,10730,0,696320,6790704,246546
2025-05-20 03:22:40,16095,2195324928,33603584,0.0,0.10069399568478851,0,13,1.37,0.53,0.0,0.0,0.0,12550144,0,7,4,1,0,sleeping,10751,10734,0,696320,6792638,246650
2025-05-20 03:22:42,16095,2195324928,33603584,0.0,0.10069399568478851,0,13,1.37,0.53,0.0,0.0,0.0,12554240,0,6,4,1,0,sleeping,10755,10738,0,696320,6794580,246730
2025-05-20 03:22:43,16095,2195324928,33734656,0.0,0.10108675627254,0,13,1.37,0.53,0.0,0.0,0.0,12574720,0,6,4,1,0,sleeping,10758,10741,0,696320,6796514,246802
2025-05-20 03:22:44,16095,2195324928,33734656,0.0,0.10108675627254,0,13,1.37,0.53,0.0,0.0,0.0,12578816,0,6,4,1,0,sleeping,10761,10744,0,700416,6798448,246874
2025-05-20 03:22:45,16095,2195324928,33734656,0.9,0.10108675627254,0,13,1.38,0.53,0.0,0.0,0.0,12591104,0,6,4,1,0,sleeping,10764,10747,0,700416,6800382,246946
2025-05-20 03:22:46,16095,2195324928,33734656,0.0,0.10108675627254,0,13,1.38,0.53,0.0,0.0,0.0,12595200,0,6,4,1,0,sleeping,10767,10750,0,700416,6802316,247018
2025-05-20 03:22:47,16095,2195324928,33865728,0.0,0.1014795168602915,0,13,1.38,0.53,0.0,0.0,0.0,12607488,0,6,4,1,0,sleeping,10770,10754,0,700416,6804250,247122
2025-05-20 03:22:48,16095,2195324928,33865728,0.0,0.1014795168602915,0,13,1.38,0.53,0.0,0.0,0.0,12607488,0,7,4,1,0,sleeping,10775,10757,0,700416,6808110,247194
2025-05-20 03:22:49,16095,2195324928,33865728,0.0,0.1014795168602915,0,13,1.38,0.53,0.0,0.0,0.0,12607488,0,6,4,1,0,sleeping,10778,10760,0,700416,6810044,247266
2025-05-20 03:22:50,16095,2195324928,33865728,0.0,0.1014795168602915,0,13,1.38,0.53,0.0,0.0,0.0,12607488,0,6,4,1,0,sleeping,10780,10762,0,700416,6811969,247330
2025-05-20 03:22:51,16095,2195324928,33865728,0.0,0.1014795168602915,0,13,1.38,0.53,0.0,0.0,0.0,12607488,0,6,4,1,0,sleeping,10784,10766,0,700416,6813910,247410
2025-05-20 03:22:52,16095,2195324928,33865728,0.0,0.1014795168602915,0,13,1.38,0.53,0.0,0.0,0.0,12607488,0,6,4,1,0,sleeping,10786,10768,0,700416,6815836,247474
2025-05-20 03:22:53,16095,2195324928,33865728,0.0,0.1014795168602915,0,13,1.38,0.53,0.0,0.0,0.0,12607488,0,7,4,1,0,sleeping,10789,10772,0,700416,6817770,247578
2025-05-20 03:22:55,16095,2195324928,33865728,0.0,0.1014795168602915,0,13,1.38,0.53,0.0,0.0,0.0,12607488,0,8,4,1,0,sleeping,10791,10774,0,704512,6819694,247642
2025-05-20 03:22:56,16095,2195324928,33865728,0.0,0.1014795168602915,0,13,1.38,0.53,0.0,0.0,0.0,12607488,0,8,4,1,0,sleeping,10795,10778,0,704512,6821634,247722
2025-05-20 03:22:57,16095,2195324928,33865728,0.0,0.1014795168602915,0,13,1.38,0.53,0.0,0.0,0.0,12607488,0,8,4,1,0,sleeping,10797,10780,0,704512,6823560,247786
2025-05-20 03:22:58,16095,2195324928,33865728,0.0,0.1014795168602915,0,13,1.38,0.53,0.0,0.0,0.0,12607488,0,8,4,1,0,sleeping,10800,10783,0,704512,6825494,247858
2025-05-20 03:22:59,16095,2195324928,33865728,0.0,0.1014795168602915,0,13,1.38,0.53,0.0,0.0,0.0,12607488,0,7,4,1,0,sleeping,10803,10786,0,704512,6827428,247930
2025-05-20 03:23:00,16095,2195324928,33865728,0.0,0.1014795168602915,0,13,1.38,0.53,0.0,0.0,0.0,12607488,0,7,4,1,0,sleeping,10807,10791,0,704512,6829370,248042
2025-05-20 03:23:01,16095,2195324928,33865728,0.0,0.1014795168602915,0,13,1.38,0.53,0.0,0.0,0.0,12607488,0,7,4,1,0,sleeping,10810,10794,0,704512,6831303,248114
2025-05-20 03:23:02,16095,2195324928,33460224,0.9,0.10026441379193532,0,13,1.39,0.53,0.0,0.0,0.0,12017664,0,6,4,1,0,sleeping,10817,10799,0,704512,6835178,248202
2025-05-20 03:23:03,16095,2195324928,33460224,0.0,0.10026441379193532,0,13,1.39,0.53,0.0,0.0,0.0,12017664,0,5,4,1,0,sleeping,10821,10803,0,704512,6837120,248282
2025-05-20 03:23:04,16095,2195324928,33460224,0.0,0.10026441379193532,0,13,1.39,0.53,0.0,0.0,0.0,12017664,0,5,4,1,0,sleeping,10826,10808,0,704512,6839070,248370
2025-05-20 03:23:05,16095,2195324928,33460224,0.0,0.10026441379193532,0,13,1.39,0.53,0.0,0.0,0.0,12017664,0,6,4,1,0,sleeping,10830,10812,0,704512,6841012,248450
2025-05-20 03:23:06,16095,2195324928,33460224,0.0,0.10026441379193532,0,13,1.39,0.53,0.0,0.0,0.0,12017664,0,7,4,1,0,sleeping,10836,10819,0,704512,6842970,248578
2025-05-20 03:23:08,16095,2195324928,33460224,0.0,0.10026441379193532,0,13,1.39,0.53,0.0,0.0,0.0,12017664,0,7,4,1,0,sleeping,10840,10823,0,704512,6844912,248658
2025-05-20 03:23:09,16095,2195324928,33460224,0.0,0.10026441379193532,0,13,1.39,0.53,0.0,0.0,0.0,12017664,0,6,4,1,0,sleeping,10843,10826,0,704512,6846846,248730
2025-05-20 03:23:10,16095,2195324928,33460224,0.0,0.10026441379193532,0,13,1.39,0.53,0.0,0.0,0.0,12017664,0,7,4,1,0,sleeping,10847,10830,0,704512,6848788,248810
2025-05-20 03:23:11,16095,2195324928,33460224,0.0,0.10026441379193532,0,13,1.39,0.53,0.0,0.0,0.0,12017664,0,7,4,1,0,sleeping,10850,10833,0,704512,6850721,248882
2025-05-20 03:23:12,16095,2195324928,33460224,0.0,0.10026441379193532,0,13,1.39,0.53,0.0,0.0,0.0,12017664,0,7,4,1,0,sleeping,10854,10837,0,704512,6852662,248962
2025-05-20 03:23:13,16095,2195324928,33460224,0.0,0.10026441379193532,0,13,1.39,0.53,0.0,0.0,0.0,12017664,0,5,4,1,0,sleeping,10858,10842,0,704512,6854604,249074
2025-05-20 03:23:14,16095,2195324928,33460224,0.0,0.10026441379193532,0,13,1.39,0.53,0.0,0.0,0.0,12017664,0,5,4,1,0,sleeping,10860,10844,0,704512,6856530,249138
2025-05-20 03:23:15,16095,2195324928,33460224,0.0,0.10026441379193532,0,13,1.39,0.53,0.0,0.0,0.0,12017664,0,5,4,1,0,sleeping,10866,10848,0,704512,6860398,249218
2025-05-20 03:23:16,16095,2195324928,33460224,0.0,0.10026441379193532,0,13,1.39,0.53,0.0,0.0,0.0,12017664,0,6,4,1,0,sleeping,10869,10851,0,704512,6862332,249290
2025-05-20 03:23:17,16095,2195324928,33460224,0.0,0.10026441379193532,0,13,1.39,0.53,0.0,0.0,0.0,12017664,0,6,4,1,0,sleeping,10871,10853,0,704512,6864258,249354
2025-05-20 03:23:18,16095,2195324928,33460224,0.0,0.10026441379193532,0,13,1.39,0.53,0.0,0.0,0.0,12017664,0,5,4,1,0,sleeping,10873,10855,0,704512,6866183,249418
2025-05-20 03:23:19,16095,2195324928,33460224,0.0,0.10026441379193532,0,13,1.39,0.53,0.0,0.0,0.0,12017664,0,5,4,1,0,sleeping,10875,10858,0,704512,6868108,249514
2025-05-20 03:23:21,16095,2195324928,33460224,0.0,0.10026441379193532,0,13,1.39,0.53,0.0,0.0,0.0,12017664,0,5,4,1,0,sleeping,10878,10861,0,704512,6870042,249586
2025-05-20 03:23:22,16095,2195324928,33460224,0.0,0.10026441379193532,0,13,1.39,0.53,0.0,0.0,0.0,12017664,0,5,4,1,0,sleeping,10881,10864,0,704512,6871976,249658
2025-05-20 03:23:23,16095,2195324928,33460224,0.0,0.10026441379193532,0,13,1.39,0.53,0.0,0.0,0.0,12017664,0,5,4,1,0,sleeping,10884,10867,0,704512,6873910,249730
2025-05-20 03:23:24,16095,2195324928,33460224,0.0,0.10026441379193532,0,13,1.39,0.53,0.0,0.0,0.0,12017664,0,5,4,1,0,sleeping,10888,10871,0,704512,6875852,249810
2025-05-20 03:23:25,16095,2195324928,33460224,0.0,0.10026441379193532,0,13,1.39,0.53,0.0,0.0,0.0,12017664,0,5,4,1,0,sleeping,10892,10875,0,704512,6877794,249890
2025-05-20 03:23:26,16095,2195324928,33460224,0.0,0.10026441379193532,0,13,1.39,0.53,0.0,0.0,0.0,12017664,0,5,4,1,0,sleeping,10896,10880,0,708608,6879735,250002
2025-05-20 03:23:27,16095,2195324928,33460224,0.0,0.10026441379193532,0,13,1.39,0.53,0.0,0.0,0.0,12017664,0,5,4,1,0,sleeping,10901,10885,0,708608,6881684,250090
2025-05-20 03:23:28,16095,2195324928,33460224,0.0,0.10026441379193532,0,13,1.39,0.53,0.0,0.0,0.0,12017664,0,5,4,1,0,sleeping,10906,10888,0,708608,6885561,250162
