Time,PID,Virt,Res,CPU,Memory,TCP Connections,Thread Count,User,System,Children_User,Children_System,IO,uss,swap,processor_num,core_num,cpu_num,cpu_ids,process_status,read_count,write_count,read_bytes,write_bytes,read_chars,write_chars
2025-05-20 04:38:39,23355,11371888640,106233856,0.0,0.3183324563725835,0,20,0.57,0.05,0.0,0.0,0.0,106414080,0,7,4,1,0,sleeping,6492,7,43716608,49152,6867590,9982
2025-05-20 04:38:40,23355,11428691968,479739904,280.6,1.4375528462439262,0,20,3.49,0.23,0.0,0.0,0.0,480501760,0,7,4,1,0,sleeping,25904,19,55648256,49152,26839089,11420
2025-05-20 04:38:41,23355,11501088768,702136320,307.6,2.111431824678547,0,21,6.67,0.37,0.0,0.0,0.0,701857792,0,7,4,1,0,sleeping,28925,30,108404736,49152,54332696,12401
2025-05-20 04:38:42,23355,11503185920,1139593216,522.9,3.414820108900237,0,21,12.53,0.6,0.0,0.0,0.0,1140568064,0,8,4,1,0,sleeping,29430,32,108457984,49152,57560965,12480
2025-05-20 04:38:44,23355,11503185920,1142333440,340.6,3.423031259937917,0,21,16.22,0.61,0.0,0.0,0.0,1143169024,0,7,4,1,0,sleeping,29430,44,108457984,1470464,57560965,1431688
2025-05-20 04:38:45,23355,11503185920,1213878272,156.6,3.6374171720083948,0,21,17.86,0.64,0.0,0.0,0.0,1214664704,0,8,4,1,0,sleeping,29430,71,108457984,4661248,57560965,4621927
2025-05-20 04:38:46,23355,11503185920,1339576320,104.2,4.014074575662074,0,21,18.95,0.66,0.0,0.0,0.0,1340416000,0,8,4,1,0,sleeping,29430,108,108457984,9048064,57560965,9008164
2025-05-20 04:38:47,23355,11503185920,1468923904,119.0,4.40166790693096,0,21,20.18,0.7,0.0,0.0,0.0,1469845504,0,8,4,1,0,sleeping,29466,147,108457984,13639680,57683973,13599984
2025-05-20 04:38:48,23355,11503185920,1543897088,108.9,4.626326963124813,0,21,21.35,0.71,0.0,0.0,0.0,1544859648,0,8,4,1,0,sleeping,29466,187,108457984,18374656,57683973,18333892
2025-05-20 04:38:49,23355,11503185920,1667899392,144.3,4.997903026674458,0,21,22.86,0.76,0.0,0.0,0.0,1668591616,0,8,4,1,0,sleeping,29466,218,108457984,22036480,57683973,21999469
2025-05-20 04:38:50,23355,11503185920,1667899392,100.2,4.997903026674458,0,21,23.97,0.76,0.0,0.0,0.0,1668599808,0,8,4,1,0,sleeping,29466,242,108457984,24870912,57683973,24832626
2025-05-20 04:38:51,23355,11503185920,1747329024,120.4,5.235915942851862,0,21,25.32,0.82,0.0,0.0,0.0,1748267008,0,8,4,1,0,sleeping,29466,256,108457984,26517504,57683973,26480346
2025-05-20 04:38:52,23355,11503185920,1747329024,97.2,5.235915942851862,0,21,26.58,0.82,0.0,0.0,0.0,1748267008,0,8,4,1,0,sleeping,29466,266,108457984,27693056,57683973,27654913
2025-05-20 04:38:54,23355,11503185920,1826758656,155.0,5.473928859029265,0,21,28.34,0.93,0.0,0.0,0.0,1827753984,0,7,4,1,0,sleeping,29466,274,108457984,28639232,57683973,28601485
2025-05-20 04:38:55,23355,11503185920,1826758656,102.4,5.473928859029265,0,21,29.43,0.94,0.0,0.0,0.0,1827766272,0,7,4,1,0,sleeping,30582,289,125235200,30412800,70924598,30372457
2025-05-20 04:38:56,23355,11503185920,2050236416,157.1,6.143585661145558,0,21,30.98,1.07,0.0,0.0,0.0,2051092480,0,8,4,1,0,sleeping,30582,323,125235200,34418688,70924598,34380991
2025-05-20 04:38:57,23355,11503185920,2188124160,163.4,6.556769799460126,0,21,32.65,1.15,0.0,0.0,0.0,2188992512,0,8,4,1,0,sleeping,30582,359,125235200,38641664,70924598,38602775
2025-05-20 04:38:58,23355,11503185920,2188386304,130.9,6.557555320635629,0,21,34.06,1.15,0.0,0.0,0.0,2189230080,0,8,4,1,0,sleeping,30582,398,125235200,43220992,70924598,43183526
2025-05-20 04:38:59,23355,11503185920,2321555456,137.3,6.956600077791143,0,21,35.46,1.22,0.0,0.0,0.0,2322329600,0,8,4,1,0,sleeping,30582,436,125235200,47669248,70924598,47632221
2025-05-20 04:39:00,23355,11503185920,2328371200,134.5,6.977023628354222,0,21,36.89,1.23,0.0,0.0,0.0,2329231360,0,8,4,1,0,sleeping,30582,473,125235200,51998720,70924598,51959808
2025-05-20 04:39:01,23355,11503185920,2466127872,140.0,7.389815006081038,0,21,38.33,1.29,0.0,0.0,0.0,2466902016,0,8,4,1,0,sleeping,30582,511,125235200,56414208,70924598,56375975
2025-05-20 04:39:02,23355,11503185920,2475696128,137.1,7.4184865289868975,0,21,39.79,1.3,0.0,0.0,0.0,2476392448,0,8,4,1,0,sleeping,31604,542,137818112,60035072,83204892,59997348
2025-05-20 04:39:03,23355,11503185920,2780831744,173.7,8.332833177272368,0,21,41.51,1.45,0.0,0.0,0.0,2781413376,0,8,4,1,0,sleeping,31716,573,137818112,63639552,84535729,63600079
2025-05-20 04:39:05,23355,11503185920,2801278976,155.6,8.394103828961601,0,21,43.23,1.45,0.0,0.0,0.0,2802319360,0,8,4,1,0,sleeping,31716,597,137818112,66441216,84535729,66402986
2025-05-20 04:39:06,23355,11503185920,2801278976,99.2,8.394103828961601,0,21,44.36,1.46,0.0,0.0,0.0,2802319360,0,8,4,1,0,sleeping,31716,615,137818112,68542464,84535729,68502597
2025-05-20 04:39:07,23355,11503185920,2953584640,212.6,8.850491631928833,0,21,46.97,1.63,0.0,0.0,0.0,2954555392,0,8,4,1,0,sleeping,31716,624,137818112,69599232,84535729,69559608
2025-05-20 04:39:08,23355,11503185920,2953584640,98.8,8.850491631928833,0,21,48.33,1.63,0.0,0.0,0.0,2954555392,0,8,4,1,0,sleeping,31716,631,137818112,70410240,84535729,70373366
2025-05-20 04:39:09,23355,11503185920,2953584640,98.2,8.850491631928833,0,21,49.81,1.63,0.0,0.0,0.0,2954555392,0,8,4,1,0,sleeping,31716,637,137818112,71118848,84535729,71080727
2025-05-20 04:39:11,23355,11503185920,2953715712,106.5,8.850884392516585,0,21,51.14,1.64,0.0,0.0,0.0,2954702848,0,8,4,1,0,sleeping,31720,645,137818112,71942144,84537982,71902345
2025-05-20 04:39:12,23355,11503185920,2964987904,159.7,8.884661803063214,0,21,52.9,1.65,0.0,0.0,0.0,2965712896,0,8,4,1,0,sleeping,31720,662,137818112,73936896,84537982,73899574
2025-05-20 04:39:13,23355,11503185920,2964987904,100.2,8.884661803063214,0,21,53.98,1.65,0.0,0.0,0.0,2965712896,0,8,4,1,0,sleeping,31720,694,137818112,77668352,84537982,77627717
2025-05-20 04:39:14,23355,11503185920,3112312832,159.1,9.32612470369589,0,21,55.64,1.73,0.0,0.0,0.0,3113148416,0,8,4,1,0,sleeping,31720,729,137818112,81739776,84537982,81695658
2025-05-20 04:39:16,23355,11503185920,3124109312,149.7,9.361473156593524,0,21,57.25,1.73,0.0,0.0,0.0,3124854784,0,7,4,1,0,sleeping,31720,766,137818112,86056960,84537982,86014708
2025-05-20 04:39:17,23355,11503185920,3259244544,160.7,9.76640932256531,0,21,58.92,1.79,0.0,0.0,0.0,3260194816,0,8,4,1,0,sleeping,32342,798,146206720,89804800,91910061,89760998
2025-05-20 04:39:18,23355,11503185920,3268026368,166.2,9.792724281944661,0,21,60.69,1.81,0.0,0.0,0.0,3268907008,0,8,4,1,0,sleeping,32834,831,150401024,93667328,97815552,93624026
2025-05-20 04:39:19,23355,11503185920,3352174592,167.5,10.04487657928112,0,21,62.47,1.86,0.0,0.0,0.0,3352924160,0,8,4,1,0,sleeping,32834,868,150401024,97918976,97815552,97875836
2025-05-20 04:39:20,23355,11503185920,3364757504,166.4,10.082581595705262,0,21,64.25,1.87,0.0,0.0,0.0,3365584896,0,8,4,1,0,sleeping,32834,906,150401024,102375424,97815552,102331355
2025-05-20 04:39:21,23355,11503185920,3377864704,163.1,10.121857654480412,0,21,66.05,1.87,0.0,0.0,0.0,3378819072,0,8,4,1,0,sleeping,32834,944,150401024,106856448,97815552,106814843
2025-05-20 04:39:22,23355,11503185920,3391234048,159.5,10.161919234431062,0,21,67.83,1.87,0.0,0.0,0.0,3392086016,0,8,4,1,0,sleeping,32834,982,150401024,111312896,97815552,111270849
2025-05-20 04:39:23,23355,11503185920,3405389824,167.7,10.204337377908224,0,21,69.72,1.88,0.0,0.0,0.0,3406094336,0,8,4,1,0,sleeping,32834,1020,150401024,115769344,97815552,115726213
2025-05-20 04:39:24,23355,11503185920,3405389824,99.5,10.204337377908224,0,21,70.8,1.88,0.0,0.0,0.0,3406094336,0,7,4,1,0,sleeping,32834,1055,150401024,119844864,97815552,119801753
2025-05-20 04:39:25,23355,11503185920,3419414528,141.3,10.246362760797632,0,21,72.37,1.89,0.0,0.0,0.0,3420061696,0,8,4,1,0,sleeping,33908,1069,162983936,121483264,110720585,121438643
2025-05-20 04:39:26,23355,11503185920,3419414528,98.8,10.246362760797632,0,21,73.51,1.9,0.0,0.0,0.0,3420065792,0,8,4,1,0,sleeping,33908,1085,162983936,123351040,110720585,123308527
2025-05-20 04:39:28,23355,11503185920,3434225664,214.2,10.290744707213552,0,21,76.34,1.92,0.0,0.0,0.0,3435175936,0,8,4,1,0,sleeping,33908,1093,162983936,124289024,110720585,124248052
2025-05-20 04:39:29,23355,11503185920,3434225664,98.2,10.290744707213552,0,21,77.76,1.92,0.0,0.0,0.0,3435175936,0,8,4,1,0,sleeping,33908,1100,162983936,125116416,110720585,125072225
2025-05-20 04:39:30,23355,11503185920,3434225664,98.9,10.290744707213552,0,21,79.18,1.93,0.0,0.0,0.0,3435175936,0,8,4,1,0,sleeping,33908,1106,162983936,125820928,110720585,125776524
2025-05-20 04:39:32,23355,11503185920,3434225664,106.6,10.290744707213552,0,21,80.43,1.93,0.0,0.0,0.0,3435175936,0,7,4,1,0,sleeping,33908,1115,162983936,126873600,110720585,126831353
2025-05-20 04:39:33,23355,11503185920,3445497856,160.5,10.324522117760178,0,21,82.16,1.94,0.0,0.0,0.0,3446329344,0,8,4,1,0,sleeping,33908,1136,162983936,129327104,110720585,129283972
2025-05-20 04:39:34,23355,11503185920,3460964352,157.1,10.370867867114855,0,21,83.84,1.95,0.0,0.0,0.0,3461775360,0,8,4,1,0,sleeping,33908,1171,162983936,133390336,110720585,133348913
2025-05-20 04:39:35,23355,11503185920,3476168704,155.2,10.416428095294028,0,21,85.5,1.96,0.0,0.0,0.0,3477209088,0,8,4,1,0,sleeping,33908,1208,162983936,137682944,110720585,137640187
2025-05-20 04:39:36,23355,11503185920,3492159488,162.9,10.46434488699971,0,21,87.31,1.96,0.0,0.0,0.0,3493163008,0,8,4,1,0,sleeping,33908,1247,162983936,142237696,110720585,142194810
2025-05-20 04:39:37,23355,11503185920,3492159488,99.4,10.46434488699971,0,21,88.38,1.96,0.0,0.0,0.0,3493163008,0,8,4,1,0,sleeping,33908,1288,162983936,147062784,110720585,147021673
2025-05-20 04:39:38,23355,11503185920,3502895104,155.2,10.49651443389023,0,21,90.04,1.97,0.0,0.0,0.0,3503886336,0,8,4,1,0,sleeping,35024,1316,175566848,150355968,124221966,150313109
2025-05-20 04:39:40,23355,11503185920,3503026176,146.8,10.496907194477982,0,21,91.62,1.97,0.0,0.0,0.0,3504033792,0,7,4,1,0,sleeping,35024,1354,175566848,154800128,124221966,154756399
2025-05-20 04:39:41,23355,11503185920,3503419392,147.3,10.498085476241236,0,21,93.23,1.97,0.0,0.0,0.0,3504214016,0,8,4,1,0,sleeping,35024,1394,175566848,159363072,124221966,159320814
2025-05-20 04:39:42,23355,11503185920,3510366208,149.4,10.518901787392066,0,21,94.84,1.98,0.0,0.0,0.0,3511320576,0,8,4,1,0,sleeping,35026,1427,175566848,163229696,124222181,163186553
2025-05-20 04:39:43,23355,11503185920,3510366208,98.5,10.518901787392066,0,21,95.93,1.98,0.0,0.0,0.0,3511320576,0,8,4,1,0,sleeping,35026,1453,175566848,166293504,124222181,166249782
2025-05-20 04:39:44,23355,11503185920,3520983040,161.4,10.550715394999937,0,21,97.82,2.0,0.0,0.0,0.0,3521912832,0,8,4,1,0,sleeping,35026,1468,175566848,168054784,124222181,168011436
2025-05-20 04:39:45,23355,11503185920,3520983040,97.1,10.550715394999937,0,21,99.05,2.01,0.0,0.0,0.0,3521912832,0,8,4,1,0,sleeping,35026,1478,175566848,169234432,124222181,169187253
2025-05-20 04:39:46,23355,11503185920,3520983040,98.3,10.550715394999937,0,21,100.36,2.01,0.0,0.0,0.0,3521912832,0,8,4,1,0,sleeping,35026,1486,175566848,170172416,124222181,170124929
2025-05-20 04:39:48,23355,11503185920,3520983040,99.3,10.550715394999937,0,21,101.74,2.01,0.0,0.0,0.0,3521912832,0,8,4,1,0,sleeping,35026,1494,175566848,171102208,124222181,171057430
2025-05-20 04:39:49,23355,11503185920,3520983040,103.2,10.550715394999937,0,21,102.99,2.01,0.0,0.0,0.0,3521912832,0,8,4,1,0,sleeping,35026,1502,175566848,172040192,124222181,171993777
2025-05-20 04:39:50,23355,11503185920,3521114112,171.9,10.551108155587688,0,21,104.87,2.01,0.0,0.0,0.0,3522023424,0,8,4,1,0,sleeping,35026,1520,175566848,174157824,124222181,174110836
2025-05-20 04:39:51,23355,11503185920,3521376256,157.7,10.551893676763191,0,21,106.64,2.02,0.0,0.0,0.0,3522269184,0,8,4,1,0,sleeping,35026,1555,175566848,178278400,124222181,178230578
2025-05-20 04:39:52,23355,11503185920,3521507328,102.2,10.552286437350942,0,21,107.74,2.02,0.0,0.0,0.0,3522293760,0,8,4,1,0,sleeping,36148,1592,192344064,182571008,137556231,182521946
2025-05-20 04:39:54,23355,11503185920,3521769472,147.7,10.553071958526445,0,21,109.33,2.02,0.0,0.0,0.0,3522404352,0,8,4,1,0,sleeping,36148,1630,192344064,187027456,137556231,186977628
2025-05-20 04:39:55,23355,11503185920,3521900544,146.7,10.553464719114197,0,21,110.9,2.03,0.0,0.0,0.0,3522568192,0,8,4,1,0,sleeping,36148,1668,192344064,191483904,137556231,191433749
2025-05-20 04:39:56,23355,11503185920,3558469632,148.4,10.663044923096864,0,21,112.47,2.06,0.0,0.0,0.0,3559190528,0,8,4,1,0,sleeping,36148,1706,192344064,195928064,137556231,195878510
2025-05-20 04:39:57,23355,11503185920,3558469632,100.3,10.663044923096864,0,21,113.54,2.07,0.0,0.0,0.0,3559190528,0,8,4,1,0,sleeping,36148,1748,192344064,200871936,137556231,200821992
2025-05-20 04:39:58,23355,11503185920,3558600704,148.6,10.663437683684615,0,21,115.13,2.08,0.0,0.0,0.0,3559350272,0,7,4,1,0,sleeping,36148,1786,192344064,205369344,137556231,205320080
2025-05-20 04:39:59,23355,11503185920,3616534528,149.1,10.837037863470773,0,21,116.71,2.11,0.0,0.0,0.0,3617574912,0,8,4,1,0,sleeping,36976,1815,200732672,208752640,147424403,208701917
2025-05-20 04:40:00,23355,11503185920,3616534528,100.2,10.837037863470773,0,21,117.81,2.11,0.0,0.0,0.0,3617574912,0,8,4,1,0,sleeping,37278,1842,204926976,211910656,151069727,211863024
2025-05-20 04:40:01,23355,11503185920,3616796672,154.2,10.837823384646276,0,21,119.59,2.11,0.0,0.0,0.0,3617705984,0,7,4,1,0,sleeping,37278,1860,204926976,214028288,151069727,213980018
2025-05-20 04:40:02,23355,11503185920,3616796672,98.0,10.837823384646276,0,21,120.77,2.12,0.0,0.0,0.0,3617705984,0,7,4,1,0,sleeping,37278,1873,204926976,215552000,151069727,215501794
2025-05-20 04:40:04,23355,11503185920,3616796672,98.1,10.837823384646276,0,21,122.04,2.12,0.0,0.0,0.0,3617705984,0,8,4,1,0,sleeping,37278,1883,204926976,216727552,151069727,216679020
2025-05-20 04:40:05,23355,11503185920,3616796672,99.7,10.837823384646276,0,21,123.35,2.13,0.0,0.0,0.0,3617705984,0,8,4,1,0,sleeping,37278,1891,204926976,217669632,151069727,217620995
2025-05-20 04:40:06,23355,11503185920,3616796672,104.4,10.837823384646276,0,21,124.53,2.13,0.0,0.0,0.0,3617705984,0,8,4,1,0,sleeping,37278,1903,204926976,219070464,151069727,219021967
2025-05-20 04:40:07,23355,11503185920,3616927744,160.4,10.838216145234028,0,21,126.29,2.14,0.0,0.0,0.0,3617800192,0,8,4,1,0,sleeping,37278,1928,204926976,221978624,151069727,221931138
2025-05-20 04:40:08,23355,11503185920,3616927744,146.8,10.838216145234028,0,21,127.87,2.14,0.0,0.0,0.0,3617935360,0,8,4,1,0,sleeping,37278,1965,204926976,226299904,151069727,226250546
2025-05-20 04:40:09,23355,11503185920,3616927744,100.3,10.838216145234028,0,21,128.95,2.14,0.0,0.0,0.0,3617935360,0,8,4,1,0,sleeping,37278,2006,204926976,231100416,151069727,231048991
2025-05-20 04:40:11,23355,11503185920,3628462080,148.6,10.87277907695616,0,21,130.52,2.17,0.0,0.0,0.0,3629268992,0,8,4,1,0,sleeping,37278,2045,204926976,235560960,151069727,235509971
2025-05-20 04:40:12,23355,11503185920,3628462080,149.6,10.87277907695616,0,21,132.12,2.18,0.0,0.0,0.0,3629428736,0,8,4,1,0,sleeping,38396,2074,217509888,238964736,164401116,238916939
2025-05-20 04:40:13,23355,11503185920,3628462080,140.9,10.87277907695616,0,21,133.69,2.19,0.0,0.0,0.0,3629551616,0,8,4,1,0,sleeping,38396,2112,217509888,243400704,164401116,243350333
2025-05-20 04:40:14,23355,11503185920,3628462080,103.9,10.87277907695616,0,21,134.82,2.19,0.0,0.0,0.0,3629551616,0,8,4,1,0,sleeping,38396,2153,217509888,248188928,164401116,248137578
2025-05-20 04:40:15,23355,11503185920,3628593152,145.9,10.87317183754391,0,21,136.4,2.19,0.0,0.0,0.0,3629678592,0,8,4,1,0,sleeping,38396,2186,217509888,252055552,164401116,252007509
2025-05-20 04:40:16,23355,11503185920,3628593152,97.6,10.87317183754391,0,21,137.47,2.2,0.0,0.0,0.0,3629678592,0,8,4,1,0,sleeping,38396,2213,217509888,255225856,164401116,255173437
2025-05-20 04:40:17,23355,11503185920,3633311744,173.1,10.887311218702965,0,21,139.51,2.2,0.0,0.0,0.0,3634204672,0,8,4,1,0,sleeping,38396,2229,217509888,257105920,164401116,257050494
2025-05-20 04:40:18,23355,11503185920,3633311744,98.7,10.887311218702965,0,21,140.74,2.21,0.0,0.0,0.0,3634204672,0,8,4,1,0,sleeping,38396,2240,217509888,258400256,164401116,258345387
2025-05-20 04:40:20,23355,11503185920,3633311744,97.1,10.887311218702965,0,21,142.07,2.21,0.0,0.0,0.0,3634204672,0,8,4,1,0,sleeping,38396,2248,217509888,259325952,164401116,259272585
2025-05-20 04:40:21,23355,11503185920,3633311744,102.8,10.887311218702965,0,21,143.37,2.21,0.0,0.0,0.0,3634204672,0,8,4,1,0,sleeping,38396,2255,217509888,260141056,164401116,260089358
2025-05-20 04:40:22,23355,11503185920,3633311744,103.3,10.887311218702965,0,21,144.51,2.21,0.0,0.0,0.0,3634204672,0,8,4,1,0,sleeping,38396,2271,217509888,262025216,164401116,261972427
2025-05-20 04:40:23,23355,11503185920,3633573888,147.6,10.888096739878469,0,21,146.1,2.21,0.0,0.0,0.0,3634352128,0,8,4,1,0,sleeping,38396,2302,217509888,265662464,164401116,265607007
2025-05-20 04:40:24,23355,11503185920,3633704960,141.2,10.88848950046622,0,21,147.61,2.22,0.0,0.0,0.0,3634532352,0,7,4,1,0,sleeping,39508,2331,230092800,269062144,177544639,269010436
2025-05-20 04:40:25,23355,11503185920,3633704960,100.3,10.88848950046622,0,21,148.69,2.22,0.0,0.0,0.0,3634532352,0,7,4,1,0,sleeping,39508,2372,230092800,273883136,177544639,273828461
2025-05-20 04:40:26,23355,11503185920,3634229248,144.9,10.890060542817224,0,21,150.25,2.22,0.0,0.0,0.0,3635023872,0,8,4,1,0,sleeping,39508,2410,230092800,278339584,177544639,278285163
2025-05-20 04:40:28,23355,11503185920,3634491392,147.7,10.890846063992727,0,21,151.83,2.23,0.0,0.0,0.0,3635318784,0,8,4,1,0,sleeping,39508,2449,230092800,282931200,177544639,282879760
2025-05-20 04:40:29,23355,11503185920,3634491392,100.3,10.890846063992727,0,21,152.91,2.23,0.0,0.0,0.0,3635318784,0,8,4,1,0,sleeping,39508,2490,230092800,287711232,177544639,287659623
2025-05-20 04:40:30,23355,11503185920,3634622464,147.7,10.89123882458048,0,21,154.5,2.23,0.0,0.0,0.0,3635568640,0,8,4,1,0,sleeping,39508,2528,230092800,292130816,177544639,292077532
2025-05-20 04:40:31,23355,11503185920,3680759808,152.1,11.029490551469005,0,21,156.14,2.25,0.0,0.0,0.0,3681550336,0,8,4,1,0,sleeping,39508,2559,230092800,295739392,177544639,295687543
2025-05-20 04:40:32,23355,11503185920,3680759808,98.6,11.029490551469005,0,21,157.28,2.25,0.0,0.0,0.0,3681550336,0,7,4,1,0,sleeping,39620,2583,230092800,298545152,178861901,298491077
2025-05-20 04:40:33,23355,11503185920,3680759808,99.4,11.029490551469005,0,21,158.46,2.26,0.0,0.0,0.0,3681550336,0,7,4,1,0,sleeping,40622,2590,242675712,299356160,190826238,299302838
2025-05-20 04:40:34,23355,11503185920,3680890880,226.6,11.029883312056755,0,21,162.05,2.27,0.0,0.0,0.0,3681775616,0,8,4,1,0,sleeping,40622,2599,242675712,300400640,190826238,300347299
2025-05-20 04:40:36,23355,11503185920,3680890880,99.0,11.029883312056755,0,21,163.57,2.27,0.0,0.0,0.0,3681775616,0,8,4,1,0,sleeping,40622,2604,242675712,300982272,190826238,300928262
2025-05-20 04:40:37,23355,11503185920,3680890880,107.7,11.029883312056755,0,21,164.82,2.27,0.0,0.0,0.0,3681775616,0,8,4,1,0,sleeping,40622,2613,242675712,302030848,190826238,301979164
2025-05-20 04:40:39,23355,11503185920,3680890880,101.9,11.029883312056755,0,21,165.91,2.28,0.0,0.0,0.0,3681775616,0,8,4,1,0,sleeping,40622,2641,242675712,305303552,190826238,305249223
2025-05-20 04:40:40,23355,11503185920,3681021952,145.8,11.030276072644508,0,21,167.48,2.28,0.0,0.0,0.0,3681943552,0,8,4,1,0,sleeping,40622,2678,242675712,309604352,190826238,309549662
2025-05-20 04:40:41,23355,11503185920,3681284096,146.7,11.03106159382001,0,21,169.06,2.28,0.0,0.0,0.0,3682107392,0,8,4,1,0,sleeping,40622,2717,242675712,314064896,190826238,314009958
2025-05-20 04:40:42,23355,11503185920,3681284096,100.3,11.03106159382001,0,21,170.14,2.28,0.0,0.0,0.0,3682107392,0,8,4,1,0,sleeping,40622,2759,242675712,318976000,190826238,318924172
2025-05-20 04:40:43,23355,11503185920,3681415168,147.6,11.031454354407762,0,21,171.72,2.29,0.0,0.0,0.0,3682263040,0,8,4,1,0,sleeping,40622,2797,242675712,323395584,190826238,323342444
2025-05-20 04:40:44,23355,11503185920,3681546240,149.6,11.031847114995513,0,21,173.33,2.3,0.0,0.0,0.0,3682422784,0,8,4,1,0,sleeping,40622,2834,242675712,327696384,190826238,327644880
2025-05-20 04:40:45,23355,11503185920,3681546240,100.2,11.031847114995513,0,21,174.4,2.31,0.0,0.0,0.0,3682422784,0,8,4,1,0,sleeping,41008,2872,246870016,332124160,195537588,332070614
2025-05-20 04:40:46,23355,11503185920,3681677312,130.0,11.032239875583265,0,21,175.79,2.32,0.0,0.0,0.0,3682566144,0,7,4,1,0,sleeping,41008,2910,246870016,336564224,195537588,336508801
2025-05-20 04:40:47,23355,11503185920,3681939456,133.7,11.033025396758768,0,21,177.23,2.33,0.0,0.0,0.0,3682689024,0,8,4,1,0,sleeping,41008,2944,246870016,340549632,195537588,340493699
2025-05-20 04:40:48,23355,11503185920,3681939456,99.3,11.033025396758768,0,21,178.32,2.34,0.0,0.0,0.0,3682689024,0,8,4,1,0,sleeping,41008,2971,246870016,343711744,195537588,343654814
2025-05-20 04:40:49,23355,11503185920,3681939456,99.1,11.033025396758768,0,21,179.46,2.34,0.0,0.0,0.0,3682689024,0,8,4,1,0,sleeping,41008,2990,246870016,345923584,195537588,345864998
2025-05-20 04:40:50,23355,11503185920,3682201600,155.4,11.033810917934272,0,21,181.39,2.34,0.0,0.0,0.0,3682865152,0,8,4,1,0,sleeping,41008,3001,246870016,347201536,195537588,347142469
2025-05-20 04:40:52,23355,11503185920,3682201600,98.7,11.033810917934272,0,21,182.69,2.34,0.0,0.0,0.0,3682865152,0,7,4,1,0,sleeping,41008,3010,246870016,348250112,195537588,348193173
2025-05-20 04:40:53,23355,11503185920,3682201600,101.0,11.033810917934272,0,21,183.98,2.34,0.0,0.0,0.0,3682865152,0,7,4,1,0,sleeping,41008,3017,246870016,349069312,195537588,349013239
2025-05-20 04:40:54,23355,11503185920,3682201600,103.1,11.033810917934272,0,21,185.11,2.35,0.0,0.0,0.0,3682865152,0,8,4,1,0,sleeping,41008,3032,246870016,350834688,195537588,350776627
2025-05-20 04:40:55,23355,11503185920,3682332672,135.3,11.034203678522022,0,21,186.56,2.36,0.0,0.0,0.0,3682996224,0,8,4,1,0,sleeping,41008,3063,246870016,354471936,195537588,354413343
2025-05-20 04:40:56,23355,11503185920,3682463744,125.9,11.034596439109775,0,21,187.95,2.36,0.0,0.0,0.0,3683188736,0,8,4,1,0,sleeping,42056,3094,259452928,358100992,208067552,358043224
2025-05-20 04:40:58,23355,11503185920,3682463744,103.1,11.034596439109775,0,21,189.06,2.36,0.0,0.0,0.0,3683188736,0,8,4,1,0,sleeping,42122,3135,263647232,362926080,208844803,362867694
2025-05-20 04:40:59,23355,11503185920,3682463744,130.6,11.034596439109775,0,21,190.49,2.36,0.0,0.0,0.0,3683319808,0,7,4,1,0,sleeping,42122,3175,263647232,367644672,208844803,367588473
2025-05-20 04:41:00,23355,11503185920,3682463744,147.6,11.034596439109775,0,21,192.07,2.37,0.0,0.0,0.0,3683450880,0,8,4,1,0,sleeping,43236,3209,275968000,371601408,222275584,371541422
2025-05-20 04:41:01,23355,11503185920,3682463744,100.3,11.034596439109775,0,21,193.14,2.38,0.0,0.0,0.0,3683450880,0,8,4,1,0,sleeping,43236,3250,275968000,376406016,222275584,376347099
2025-05-20 04:41:02,23355,11503185920,3682594816,145.8,11.034989199697526,0,21,194.7,2.39,0.0,0.0,0.0,3683639296,0,8,4,1,0,sleeping,43236,3288,275968000,380899328,222275584,380839967
2025-05-20 04:41:03,23355,11503185920,3682856960,148.5,11.035774720873029,0,21,196.32,2.39,0.0,0.0,0.0,3683815424,0,8,4,1,0,sleeping,43236,3319,275968000,384512000,222275584,384452480
2025-05-20 04:41:04,23355,11503185920,3682856960,99.9,11.035774720873029,0,21,197.43,2.4,0.0,0.0,0.0,3683815424,0,8,4,1,0,sleeping,43236,3344,275968000,387428352,222275584,387367832
2025-05-20 04:41:05,23355,11503185920,3682856960,99.1,11.035774720873029,0,21,198.59,2.4,0.0,0.0,0.0,3683815424,0,8,4,1,0,sleeping,43236,3360,275968000,389304320,222275584,389242190
2025-05-20 04:41:06,23355,11503185920,3682856960,184.8,11.035774720873029,0,21,201.29,2.4,0.0,0.0,0.0,3683950592,0,8,4,1,0,sleeping,43236,3368,275968000,390238208,222275584,390176234
2025-05-20 04:41:08,23355,11503185920,3682856960,102.1,11.035774720873029,0,21,202.71,2.41,0.0,0.0,0.0,3683950592,0,8,4,1,0,sleeping,43236,3374,275968000,390942720,222275584,390881881
2025-05-20 04:41:09,23355,11503185920,3682856960,106.1,11.035774720873029,0,21,203.89,2.41,0.0,0.0,0.0,3683950592,0,8,4,1,0,sleeping,43236,3388,275968000,392568832,222275584,392507694
2025-05-20 04:41:10,23355,11503185920,3682988032,146.8,11.03616748146078,0,21,205.54,2.41,0.0,0.0,0.0,3684118528,0,8,4,1,0,sleeping,43236,3420,275968000,396320768,222275584,396260805
2025-05-20 04:41:11,23355,11503185920,3682988032,100.3,11.03616748146078,0,21,206.61,2.42,0.0,0.0,0.0,3684118528,0,8,4,1,0,sleeping,44350,3454,288550912,400166912,235411436,400108015
2025-05-20 04:41:13,23355,11503185920,3683381248,146.7,11.037345763224033,0,21,208.19,2.42,0.0,0.0,0.0,3684261888,0,8,4,1,0,sleeping,44350,3492,288550912,404635648,235411436,404576233
2025-05-20 04:41:14,23355,11503185920,3683512320,146.7,11.037738523811786,0,21,209.77,2.42,0.0,0.0,0.0,3684442112,0,8,4,1,0,sleeping,44350,3531,288550912,409239552,235411436,409177982
2025-05-20 04:41:15,23355,11503185920,3683512320,100.2,11.037738523811786,0,21,210.84,2.43,0.0,0.0,0.0,3684442112,0,8,4,1,0,sleeping,44350,3572,288550912,414064640,235411436,414003056
2025-05-20 04:41:16,23355,11503185920,3683643392,146.3,11.038131284399537,0,21,212.43,2.43,0.0,0.0,0.0,3684556800,0,8,4,1,0,sleeping,44350,3609,288550912,418402304,235411436,418341562
2025-05-20 04:41:17,23355,11503185920,3683774464,147.5,11.03852404498729,0,21,214.0,2.45,0.0,0.0,0.0,3684700160,0,8,4,1,0,sleeping,44350,3644,288550912,422506496,235411436,422441593
2025-05-20 04:41:18,23355,11503185920,3683905536,96.8,11.03891680557504,0,21,215.07,2.45,0.0,0.0,0.0,3684823040,0,8,4,1,0,sleeping,44350,3682,288550912,426962944,235411436,426898552
2025-05-20 04:41:19,23355,11503185920,3683905536,147.0,11.03891680557504,0,21,216.68,2.46,0.0,0.0,0.0,3684831232,0,8,4,1,0,sleeping,45464,3702,301133824,429305856,248767828,429241354
2025-05-20 04:41:20,23355,11503185920,3683905536,98.6,11.03891680557504,0,21,217.81,2.46,0.0,0.0,0.0,3684831232,0,8,4,1,0,sleeping,45464,3722,301133824,431632384,248767828,431566570
2025-05-20 04:41:21,23355,11503185920,3684036608,181.9,11.039309566162792,0,21,220.1,2.47,0.0,0.0,0.0,3684962304,0,8,4,1,0,sleeping,45464,3733,301133824,432910336,248767828,432845680
2025-05-20 04:41:23,23355,11503185920,3684036608,98.4,11.039309566162792,0,21,221.42,2.47,0.0,0.0,0.0,3684962304,0,8,4,1,0,sleeping,45464,3742,301133824,433954816,248767828,433890813
2025-05-20 04:41:24,23355,11503185920,3684036608,100.3,11.039309566162792,0,21,222.8,2.47,0.0,0.0,0.0,3684962304,0,8,4,1,0,sleeping,45464,3749,301133824,434765824,248767828,434700739
2025-05-20 04:41:25,23355,11503185920,3684036608,105.0,11.039309566162792,0,21,224.0,2.48,0.0,0.0,0.0,3684962304,0,8,4,1,0,sleeping,45464,3761,301133824,436158464,248767828,436093374
2025-05-20 04:41:26,23355,11503185920,3684167680,147.2,11.039702326750543,0,21,225.59,2.48,0.0,0.0,0.0,3685048320,0,8,4,1,0,sleeping,45464,3788,301133824,439291904,248767828,439225363
2025-05-20 04:41:28,23355,11503185920,3684167680,99.3,11.039702326750543,0,21,226.66,2.48,0.0,0.0,0.0,3685048320,0,8,4,1,0,sleeping,45464,3829,301133824,444047360,248767828,443982930
2025-05-20 04:41:29,23355,11503185920,3684429824,147.3,11.040487847926046,0,21,228.25,2.48,0.0,0.0,0.0,3685257216,0,8,4,1,0,sleeping,45464,3868,301133824,448593920,248767828,448527528
2025-05-20 04:41:30,23355,11503185920,3684560896,148.6,11.040880608513797,0,21,229.84,2.49,0.0,0.0,0.0,3685392384,0,8,4,1,0,sleeping,45464,3906,301133824,453025792,248767828,452961091
2025-05-20 04:41:31,23355,11503185920,3684560896,100.3,11.040880608513797,0,21,230.92,2.49,0.0,0.0,0.0,3685392384,0,8,4,1,0,sleeping,45464,3947,301133824,457818112,248767828,457751934
2025-05-20 04:41:32,23355,11503185920,3684560896,148.4,11.040880608513797,0,21,232.51,2.5,0.0,0.0,0.0,3685564416,0,8,4,1,0,sleeping,46578,3976,313716736,461201408,261991488,461136468
2025-05-20 04:41:33,23355,11503185920,3685085184,147.6,11.042451650864804,0,21,234.1,2.5,0.0,0.0,0.0,3686039552,0,8,4,1,0,sleeping,46578,4014,313716736,465657856,261991488,465595065
2025-05-20 04:41:34,23355,11503185920,3685347328,146.5,11.043237172040307,0,21,235.67,2.51,0.0,0.0,0.0,3686236160,0,8,4,1,0,sleeping,46578,4052,313716736,470142976,261991488,470078633
2025-05-20 04:41:35,23355,11503185920,3685347328,100.2,11.043237172040307,0,21,236.75,2.51,0.0,0.0,0.0,3686236160,0,8,4,1,0,sleeping,46578,4092,313716736,474832896,261991488,474769950
2025-05-20 04:41:36,23355,11503185920,3685609472,146.8,11.044022693215808,0,21,238.35,2.51,0.0,0.0,0.0,3686498304,0,8,4,1,0,sleeping,46578,4123,313716736,478470144,261991488,478405411
2025-05-20 04:41:37,23355,11503185920,3685609472,99.2,11.044022693215808,0,21,239.45,2.52,0.0,0.0,0.0,3686498304,0,8,4,1,0,sleeping,46578,4148,313716736,481390592,261991488,481325993
2025-05-20 04:41:38,23355,11503185920,3685740544,178.7,11.04441545380356,0,21,241.62,2.52,0.0,0.0,0.0,3686703104,0,8,4,1,0,sleeping,46578,4162,313716736,483020800,261991488,482958001
2025-05-20 04:41:40,23355,11503185920,3685740544,97.4,11.04441545380356,0,21,242.92,2.53,0.0,0.0,0.0,3686703104,0,8,4,1,0,sleeping,46578,4172,313716736,484184064,261991488,484118470
2025-05-20 04:41:41,23355,11503185920,3685740544,98.5,11.04441545380356,0,21,244.3,2.53,0.0,0.0,0.0,3686703104,0,8,4,1,0,sleeping,46578,4180,313716736,484999168,261991488,484936191
2025-05-20 04:41:42,23355,11503185920,3685740544,104.9,11.04441545380356,0,21,245.57,2.53,0.0,0.0,0.0,3686703104,0,8,4,1,0,sleeping,46578,4188,313716736,485937152,261991488,485873614
2025-05-20 04:41:44,23355,11503185920,3685740544,102.6,11.04441545380356,0,21,246.69,2.53,0.0,0.0,0.0,3686703104,0,8,4,1,0,sleeping,46578,4209,313716736,488390656,261991488,488324539
2025-05-20 04:41:45,23355,11503185920,3686002688,128.2,11.045200974979064,0,21,248.06,2.54,0.0,0.0,0.0,3686903808,0,8,4,1,0,sleeping,46774,4243,317911040,492351488,264380413,492288542
2025-05-20 04:41:46,23355,11503185920,3686264832,129.0,11.045986496154567,0,21,249.45,2.54,0.0,0.0,0.0,3687038976,0,8,4,1,0,sleeping,46774,4282,317911040,496893952,264380413,496829709
2025-05-20 04:41:47,23355,11503185920,3686264832,100.2,11.045986496154567,0,21,250.52,2.55,0.0,0.0,0.0,3687038976,0,8,4,1,0,sleeping,46774,4324,317911040,501780480,264380413,501715930
2025-05-20 04:41:48,23355,11503185920,3686395904,129.0,11.046379256742318,0,21,251.91,2.55,0.0,0.0,0.0,3687198720,0,8,4,1,0,sleeping,46774,4362,317911040,506204160,264380413,506135863
2025-05-20 04:41:49,23355,11503185920,3686526976,130.9,11.04677201733007,0,21,253.32,2.55,0.0,0.0,0.0,3687342080,0,8,4,1,0,sleeping,46774,4401,317911040,510758912,264380413,510690298
2025-05-20 04:41:50,23355,11503185920,3686658048,131.5,11.047164777917821,0,21,254.76,2.55,0.0,0.0,0.0,3687493632,0,8,4,1,0,sleeping,46774,4441,317911040,515465216,264380413,515397954
2025-05-20 04:41:51,23355,11503185920,3686658048,100.3,11.047164777917821,0,21,255.83,2.56,0.0,0.0,0.0,3687493632,0,8,4,1,0,sleeping,47890,4474,329715712,519311360,277741856,519241788
2025-05-20 04:41:52,23355,11503185920,3686920192,127.0,11.047950299093324,0,21,257.2,2.56,0.0,0.0,0.0,3687714816,0,8,4,1,0,sleeping,48022,4510,329715712,523558912,279330269,523490830
2025-05-20 04:41:53,23355,11503185920,3687051264,162.3,11.048343059681077,0,21,258.99,2.57,0.0,0.0,0.0,3687841792,0,8,4,1,0,sleeping,49008,4533,342069248,526249984,291052370,526177664
2025-05-20 04:41:54,23355,11503185920,3687051264,99.3,11.048343059681077,0,21,260.14,2.57,0.0,0.0,0.0,3687841792,0,8,4,1,0,sleeping,49008,4551,342069248,528379904,291052370,528307948
2025-05-20 04:41:56,23355,11503185920,3687051264,97.3,11.048343059681077,0,21,261.33,2.57,0.0,0.0,0.0,3687841792,0,8,4,1,0,sleeping,49008,4564,342069248,529924096,291052370,529848801
2025-05-20 04:41:57,23355,11503185920,3687051264,97.2,11.048343059681077,0,21,262.64,2.57,0.0,0.0,0.0,3687841792,0,8,4,1,0,sleeping,49008,4573,342069248,530984960,291052370,530913539
2025-05-20 04:41:58,23355,11503185920,3687051264,100.2,11.048343059681077,0,21,264.0,2.57,0.0,0.0,0.0,3687841792,0,8,4,1,0,sleeping,49008,4580,342069248,531816448,291052370,531744505
2025-05-20 04:41:59,23355,11503185920,3687182336,206.4,11.048735820268828,0,21,266.35,2.57,0.0,0.0,0.0,3688001536,0,8,4,1,0,sleeping,49008,4590,342069248,532987904,291052370,532913884
2025-05-20 04:42:01,23355,11503185920,3687182336,100.9,11.048735820268828,0,21,267.43,2.58,0.0,0.0,0.0,3688001536,0,8,4,1,0,sleeping,49008,4617,342069248,536145920,291052370,536071496
2025-05-20 04:42:02,23355,11503185920,3687313408,147.7,11.049128580856578,0,21,269.02,2.58,0.0,0.0,0.0,3688169472,0,8,4,1,0,sleeping,49008,4654,342069248,540467200,291052370,540392418
2025-05-20 04:42:03,23355,11503185920,3687444480,147.6,11.049521341444331,0,21,270.68,2.58,0.0,0.0,0.0,3688296448,0,8,4,1,0,sleeping,49008,4695,342069248,545271808,291052370,545199131
2025-05-20 04:42:04,23355,11503185920,3687444480,100.3,11.049521341444331,0,21,271.75,2.59,0.0,0.0,0.0,3688296448,0,8,4,1,0,sleeping,49008,4736,342069248,550031360,291052370,549956069
2025-05-20 04:42:05,23355,11503185920,3687575552,147.2,11.049914102032082,0,21,273.35,2.59,0.0,0.0,0.0,3688419328,0,8,4,1,0,sleeping,49670,4769,350457856,553877504,298874639,553803151
2025-05-20 04:42:06,23355,11503185920,3687706624,146.5,11.050306862619834,0,21,274.93,2.59,0.0,0.0,0.0,3688534016,0,8,4,1,0,sleeping,50120,4803,354652160,557858816,304191904,557785920
2025-05-20 04:42:07,23355,11503185920,3687706624,100.2,11.050306862619834,0,21,276.01,2.59,0.0,0.0,0.0,3688534016,0,8,4,1,0,sleeping,50120,4844,354652160,562663424,304191904,562588835
2025-05-20 04:42:08,23355,11503185920,3687837696,146.8,11.050699623207585,0,21,277.58,2.6,0.0,0.0,0.0,3688628224,0,8,4,1,0,sleeping,50120,4881,354652160,567005184,304191904,566931795
2025-05-20 04:42:09,23355,11503185920,3687968768,147.0,11.051092383795337,0,21,279.17,2.61,0.0,0.0,0.0,3688820736,0,8,4,1,0,sleeping,50120,4913,354652160,570732544,304191904,570658033
2025-05-20 04:42:10,23355,11503185920,3687968768,98.7,11.051092383795337,0,21,280.27,2.61,0.0,0.0,0.0,3688820736,0,8,4,1,0,sleeping,50120,4939,354652160,573751296,304191904,573679881
2025-05-20 04:42:11,23355,11503185920,3688099840,176.3,11.051485144383086,0,21,282.37,2.62,0.0,0.0,0.0,3688968192,0,8,4,1,0,sleeping,50120,4955,354652160,575500288,304191904,575425264
2025-05-20 04:42:13,23355,11503185920,3688099840,97.2,11.051485144383086,0,21,283.62,2.62,0.0,0.0,0.0,3688968192,0,7,4,1,0,sleeping,50120,4965,354652160,576671744,304191904,576596492
2025-05-20 04:42:14,23355,11503185920,3688099840,99.0,11.051485144383086,0,21,284.96,2.63,0.0,0.0,0.0,3688968192,0,8,4,1,0,sleeping,50120,4973,354652160,577601536,304191904,577527807
2025-05-20 04:42:15,23355,11503185920,3688099840,98.6,11.051485144383086,0,21,286.37,2.63,0.0,0.0,0.0,3688968192,0,8,4,1,0,sleeping,50120,4979,354652160,578306048,304191904,578233203
2025-05-20 04:42:17,23355,11503185920,3688099840,106.4,11.051485144383086,0,21,287.64,2.64,0.0,0.0,0.0,3688968192,0,8,4,1,0,sleeping,50120,4989,354652160,579473408,304191904,579399639
2025-05-20 04:42:18,23355,11503185920,3688361984,148.8,11.05227066555859,0,21,289.26,2.64,0.0,0.0,0.0,3689091072,0,8,4,1,0,sleeping,50120,5012,354652160,582168576,304191904,582091576
2025-05-20 04:42:19,23355,11503185920,3688361984,98.4,11.05227066555859,0,21,290.31,2.65,0.0,0.0,0.0,3689091072,0,8,4,1,0,sleeping,51236,5041,367226880,585555968,317347190,585480262
2025-05-20 04:42:20,23355,11503185920,3688361984,146.7,11.05227066555859,0,21,291.89,2.65,0.0,0.0,0.0,3689189376,0,8,4,1,0,sleeping,51236,5079,367226880,590000128,317347190,589923919
2025-05-20 04:42:21,23355,11503185920,3688493056,145.8,11.052663426146342,0,21,293.46,2.65,0.0,0.0,0.0,3689369600,0,8,4,1,0,sleeping,51236,5117,367226880,594432000,317347190,594354800
2025-05-20 04:42:22,23355,11503185920,3688624128,102.0,11.053056186734093,0,21,294.59,2.65,0.0,0.0,0.0,3689492480,0,8,4,1,0,sleeping,51236,5158,367226880,599191552,317347190,599114803
2025-05-20 04:42:23,23355,11503185920,3688624128,144.6,11.053056186734093,0,21,296.15,2.65,0.0,0.0,0.0,3689480192,0,8,4,1,0,sleeping,51236,5198,367226880,603860992,317347190,603784386
2025-05-20 04:42:24,23355,11503185920,3688624128,147.6,11.053056186734093,0,21,297.74,2.65,0.0,0.0,0.0,3689660416,0,8,4,1,0,sleeping,51236,5236,367226880,608276480,317347190,608199122
2025-05-20 04:42:26,23355,11503185920,3688886272,148.5,11.053841707909596,0,21,299.34,2.65,0.0,0.0,0.0,3689807872,0,8,4,1,0,sleeping,51236,5274,367226880,612712448,317347190,612636343
2025-05-20 04:42:27,23355,11503185920,3688886272,99.8,11.053841707909596,0,21,300.41,2.66,0.0,0.0,0.0,3689807872,0,8,4,1,0,sleeping,52350,5302,384004096,615964672,330588517,615888658
2025-05-20 04:42:28,23355,11503185920,3689410560,147.5,11.055412750260603,0,21,302.05,2.66,0.0,0.0,0.0,3690266624,0,8,4,1,0,sleeping,52350,5327,384004096,618881024,330588517,618805320
2025-05-20 04:42:29,23355,11503185920,3689410560,98.6,11.055412750260603,0,21,303.19,2.66,0.0,0.0,0.0,3690266624,0,8,4,1,0,sleeping,52350,5345,384004096,620986368,330588517,620910305
2025-05-20 04:42:30,23355,11503185920,3689410560,98.8,11.055412750260603,0,21,304.38,2.67,0.0,0.0,0.0,3690266624,0,8,4,1,0,sleeping,52350,5357,384004096,622383104,330588517,622304051
2025-05-20 04:42:31,23355,11503185920,3689410560,97.9,11.055805510848355,0,21,305.65,2.67,0.0,0.0,0.0,3690266624,0,8,4,1,0,sleeping,52350,5367,384004096,623542272,330588517,623464473
2025-05-20 04:42:33,23355,11503185920,3689672704,259.8,11.056198271436106,0,21,309.81,2.68,0.0,0.0,0.0,3690475520,0,8,4,1,0,sleeping,52350,5370,384004096,623890432,330588517,623814938
2025-05-20 04:42:34,23355,11503185920,3689672704,103.5,11.056198271436106,0,21,311.27,2.68,0.0,0.0,0.0,3690475520,0,8,4,1,0,sleeping,52350,5376,384004096,624594944,330588517,624515836
2025-05-20 04:42:35,23355,11503185920,3689672704,104.8,11.056198271436106,0,21,312.41,2.68,0.0,0.0,0.0,3690475520,0,8,4,1,0,sleeping,52350,5397,384004096,627040256,330588517,626961458
2025-05-20 04:42:37,23355,11503185920,3690065920,148.5,11.057376553199362,0,21,314.0,2.69,0.0,0.0,0.0,3690688512,0,8,4,1,0,sleeping,52350,5432,384004096,631103488,330588517,631024145
2025-05-20 04:42:38,23355,11503185920,3690065920,99.4,11.057376553199362,0,21,315.07,2.69,0.0,0.0,0.0,3690688512,0,8,4,1,0,sleeping,52350,5474,384004096,636002304,330588517,635924713
2025-05-20 04:42:39,23355,11503185920,3690196992,147.4,11.057769313787112,0,21,316.67,2.69,0.0,0.0,0.0,3690926080,0,8,4,1,0,sleeping,52350,5512,384004096,640442368,330588517,640365610
2025-05-20 04:42:40,23355,11503185920,3690328064,148.7,11.058162074374863,0,21,318.27,2.69,0.0,0.0,0.0,3691134976,0,8,4,1,0,sleeping,52396,5549,384004096,644755456,331145113,644678344
2025-05-20 04:42:41,23355,11503185920,3690459136,129.0,11.058554834962615,0,21,319.7,2.69,0.0,0.0,0.0,3691311104,0,8,4,1,0,sleeping,52396,5589,384004096,649420800,331145113,649345472
2025-05-20 04:42:42,23355,11503185920,3690459136,100.3,11.058554834962615,0,21,320.77,2.7,0.0,0.0,0.0,3691311104,0,8,4,1,0,sleeping,52396,5631,384004096,654319616,331145113,654240888
2025-05-20 04:42:43,23355,11503185920,3690590208,126.7,11.058947595550366,0,21,322.16,2.71,0.0,0.0,0.0,3691429888,0,8,4,1,0,sleeping,52396,5664,384004096,658165760,331145113,658088519
2025-05-20 04:42:44,23355,11503185920,3690590208,98.6,11.058947595550366,0,21,323.25,2.71,0.0,0.0,0.0,3691429888,0,8,4,1,0,sleeping,52396,5690,384004096,661192704,331145113,661115261
2025-05-20 04:42:45,23355,11503185920,3690852352,134.1,11.05973311672587,0,21,324.8,2.72,0.0,0.0,0.0,3691606016,0,8,4,1,0,sleeping,52396,5707,384004096,663171072,331145113,663095287
2025-05-20 04:42:46,23355,11503185920,3690852352,98.9,11.05973311672587,0,21,326.01,2.72,0.0,0.0,0.0,3691606016,0,8,4,1,0,sleeping,52396,5719,384004096,664580096,331145113,664501232
2025-05-20 04:42:48,23355,11503185920,3690852352,96.7,11.05973311672587,0,21,327.27,2.72,0.0,0.0,0.0,3691606016,0,8,4,1,0,sleeping,52396,5729,384004096,665743360,331145113,665667161
2025-05-20 04:42:49,23355,11503185920,3690852352,100.1,11.05973311672587,0,21,328.55,2.75,0.0,0.0,0.0,3691606016,0,8,4,1,0,sleeping,52396,5736,384004096,666566656,331145113,666483401
2025-05-20 04:42:50,23355,11503185920,3690852352,104.0,11.05973311672587,0,21,329.71,2.75,0.0,0.0,0.0,3691606016,0,8,4,1,0,sleeping,52396,5750,384004096,668205056,331145113,668124817
2025-05-20 04:42:51,23355,11503185920,3691114496,134.4,11.060518637901371,0,21,331.15,2.76,0.0,0.0,0.0,3691778048,0,8,4,1,0,sleeping,52396,5780,384004096,671625216,331145113,671545231
2025-05-20 04:42:52,23355,11503185920,3691245568,124.3,11.060911398489123,0,21,332.48,2.77,0.0,0.0,0.0,3691909120,0,8,4,1,0,sleeping,54632,5802,409169920,674217984,357709567,674136049
2025-05-20 04:42:54,23355,11503185920,3691245568,147.7,11.060911398489123,0,21,334.14,2.77,0.0,0.0,0.0,3692007424,0,8,4,1,0,sleeping,54632,5845,409169920,679235584,357709567,679151692
2025-05-20 04:42:55,23355,11503185920,3691245568,99.4,11.060911398489123,0,21,335.21,2.77,0.0,0.0,0.0,3692007424,0,8,4,1,0,sleeping,54632,5887,409169920,684163072,357709567,684079674
2025-05-20 04:42:56,23355,11503185920,3691376640,146.6,11.061304159076874,0,21,336.79,2.77,0.0,0.0,0.0,3692167168,0,8,4,1,0,sleeping,54632,5925,409169920,688599040,357709567,688516014
2025-05-20 04:42:57,23355,11503185920,3691507712,147.7,11.061696919664627,0,21,338.38,2.77,0.0,0.0,0.0,3692339200,0,8,4,1,0,sleeping,54632,5963,409169920,693014528,357709567,692929989
2025-05-20 04:42:58,23355,11503185920,3691507712,107.6,11.061696919664627,0,21,339.58,2.77,0.0,0.0,0.0,3692445696,0,8,4,1,0,sleeping,54632,6004,409169920,697778176,357709567,697695082
2025-05-20 04:42:59,23355,11503185920,3691507712,139.9,11.061696919664627,0,21,341.08,2.78,0.0,0.0,0.0,3692449792,0,8,4,1,0,sleeping,54632,6045,409169920,702595072,357709567,702510201
2025-05-20 04:43:00,23355,11503185920,3691638784,148.4,11.062089680252377,0,21,342.68,2.78,0.0,0.0,0.0,3692584960,0,8,4,1,0,sleeping,55744,6073,421748736,705875968,370834225,705789397
2025-05-20 04:43:01,23355,11503185920,3691638784,152.4,11.062089680252377,0,21,344.35,2.78,0.0,0.0,0.0,3692646400,0,8,4,1,0,sleeping,55744,6104,421748736,709492736,370834225,709407959
2025-05-20 04:43:02,23355,11503185920,3691638784,100.1,11.062089680252377,0,21,345.47,2.79,0.0,0.0,0.0,3692646400,0,8,4,1,0,sleeping,55744,6126,421748736,712036352,370834225,711951976
2025-05-20 04:43:03,23355,11503185920,3691638784,98.8,11.062089680252377,0,21,346.64,2.79,0.0,0.0,0.0,3692646400,0,8,4,1,0,sleeping,55744,6141,421748736,713781248,370834225,713695570
2025-05-20 04:43:05,23355,11503185920,3691900928,229.3,11.06287520142788,0,21,349.96,2.79,0.0,0.0,0.0,3692834816,0,8,4,1,0,sleeping,55744,6150,421748736,714838016,370834225,714753240
2025-05-20 04:43:06,23355,11503185920,3691900928,98.3,11.06287520142788,0,21,351.46,2.79,0.0,0.0,0.0,3692834816,0,8,4,1,0,sleeping,55744,6156,421748736,715542528,370834225,715456467
2025-05-20 04:43:08,23355,11503185920,3691900928,108.5,11.06287520142788,0,21,352.75,2.8,0.0,0.0,0.0,3692834816,0,8,4,1,0,sleeping,55744,6166,421748736,716718080,370834225,716633813
2025-05-20 04:43:09,23355,11503185920,3691900928,100.8,11.06287520142788,0,21,353.84,2.8,0.0,0.0,0.0,3692834816,0,8,4,1,0,sleeping,55744,6192,421748736,719753216,370834225,719669134
2025-05-20 04:43:10,23355,11503185920,3692032000,146.8,11.063267962015633,0,21,355.42,2.8,0.0,0.0,0.0,3692953600,0,8,4,1,0,sleeping,55744,6229,421748736,724070400,370834225,723984831
2025-05-20 04:43:11,23355,11503185920,3692163072,148.6,11.063660722603384,0,21,357.02,2.8,0.0,0.0,0.0,3693105152,0,8,4,1,0,sleeping,55744,6268,421748736,728633344,370834225,728549355
2025-05-20 04:43:12,23355,11503185920,3692294144,118.7,11.064053483191136,0,21,358.35,2.8,0.0,0.0,0.0,3693232128,0,8,4,1,0,sleeping,55744,6308,421748736,733319168,370834225,733232295
2025-05-20 04:43:13,23355,11503185920,3692294144,128.1,11.064053483191136,0,21,359.72,2.81,0.0,0.0,0.0,3693232128,0,7,4,1,0,sleeping,56858,6340,433938432,737071104,384133331,736987434
2025-05-20 04:43:14,23355,11503185920,3692556288,146.7,11.06483900436664,0,21,361.3,2.81,0.0,0.0,0.0,3693326336,0,8,4,1,0,sleeping,56858,6378,433938432,741498880,384133331,741411948
2025-05-20 04:43:15,23355,11503185920,3692687360,146.7,11.06523176495439,0,21,362.88,2.81,0.0,0.0,0.0,3693477888,0,8,4,1,0,sleeping,56858,6416,433938432,745906176,384133331,745822942
2025-05-20 04:43:16,23355,11503185920,3692687360,100.3,11.06523176495439,0,21,363.96,2.81,0.0,0.0,0.0,3693477888,0,8,4,1,0,sleeping,56858,6457,433938432,750686208,384133331,750599888
2025-05-20 04:43:17,23355,11503185920,3692818432,148.6,11.065624525542143,0,21,365.55,2.82,0.0,0.0,0.0,3693596672,0,8,4,1,0,sleeping,56858,6495,433938432,755101696,384133331,755017695
2025-05-20 04:43:18,23355,11503185920,3693080576,147.6,11.066410046717646,0,21,367.14,2.82,0.0,0.0,0.0,3693780992,0,8,4,1,0,sleeping,56858,6532,433938432,759402496,384133331,759318878
2025-05-20 04:43:20,23355,11503185920,3693080576,96.4,11.066802807305395,0,21,368.18,2.83,0.0,0.0,0.0,3693780992,0,7,4,1,0,sleeping,56858,6564,433938432,763146240,384133331,763057431
2025-05-20 04:43:21,23355,11503185920,3693211648,141.4,11.066802807305395,0,21,369.78,2.84,0.0,0.0,0.0,3693903872,0,8,4,1,0,sleeping,57698,6580,446521344,764899328,394258277,764810113
2025-05-20 04:43:22,23355,11503185920,3693211648,99.5,11.066802807305395,0,21,370.96,2.84,0.0,0.0,0.0,3693903872,0,8,4,1,0,sleeping,57698,6595,446521344,766644224,394258277,766556265
2025-05-20 04:43:23,23355,11503185920,3693211648,97.8,11.066802807305395,0,21,372.21,2.84,0.0,0.0,0.0,3693903872,0,8,4,1,0,sleeping,57698,6606,446521344,767930368,394258277,767841913
2025-05-20 04:43:24,23355,11503185920,3693604864,225.4,11.06798108906865,0,21,375.83,2.85,0.0,0.0,0.0,3694366720,0,8,4,1,0,sleeping,57698,6613,446521344,768741376,394258277,768651682
2025-05-20 04:43:26,23355,11503185920,3693604864,116.8,11.06798108906865,0,21,377.71,2.85,0.0,0.0,0.0,3694366720,0,8,4,1,0,sleeping,57698,6618,446521344,769323008,394258277,769233221
2025-05-20 04:43:27,23355,11503185920,3693604864,110.5,11.06798108906865,0,21,378.96,2.85,0.0,0.0,0.0,3694366720,0,8,4,1,0,sleeping,57698,6628,446521344,770486272,394258277,770399390
2025-05-20 04:43:29,23355,11503185920,3693604864,101.0,11.06798108906865,0,21,380.05,2.85,0.0,0.0,0.0,3694366720,0,8,4,1,0,sleeping,57698,6659,446521344,774115328,394258277,774026638
2025-05-20 04:43:30,23355,11503185920,3693735936,141.1,11.068373849656401,0,21,381.56,2.86,0.0,0.0,0.0,3694514176,0,8,4,1,0,sleeping,57698,6697,446521344,778543104,394258277,778454579
2025-05-20 04:43:31,23355,11503185920,3693867008,142.9,11.068766610244154,0,21,383.09,2.87,0.0,0.0,0.0,3694690304,0,8,4,1,0,sleeping,57698,6735,446521344,783007744,394258277,782918298
2025-05-20 04:43:32,23355,11503185920,3693998080,101.1,11.069159370831905,0,21,384.21,2.87,0.0,0.0,0.0,3694821376,0,8,4,1,0,sleeping,57698,6775,446521344,787705856,394258277,787615745
2025-05-20 04:43:33,23355,11503185920,3693998080,141.8,11.069159370831905,0,21,385.73,2.88,0.0,0.0,0.0,3694784512,0,8,4,1,0,sleeping,57698,6815,446521344,792383488,394258277,792292910
2025-05-20 04:43:34,23355,11503185920,3694129152,123.4,11.069552131419655,0,21,387.08,2.88,0.0,0.0,0.0,3695005696,0,8,4,1,0,sleeping,58814,6846,459104256,796020736,407781900,795931622
2025-05-20 04:43:35,23355,11503185920,3694129152,141.2,11.069552131419655,0,21,388.6,2.88,0.0,0.0,0.0,3695108096,0,8,4,1,0,sleeping,58814,6884,459104256,800477184,407781900,800387621
2025-05-20 04:43:36,23355,11503185920,3694129152,100.0,11.069552131419655,0,21,389.68,2.88,0.0,0.0,0.0,3695108096,0,8,4,1,0,sleeping,58814,6925,459104256,805257216,407781900,805167541
2025-05-20 04:43:37,23355,11503185920,3694260224,140.2,11.069944892007408,0,21,391.21,2.88,0.0,0.0,0.0,3695218688,0,8,4,1,0,sleeping,58814,6955,459104256,808771584,407781900,808682769
2025-05-20 04:43:38,23355,11503185920,3694260224,99.0,11.069944892007408,0,21,392.32,2.88,0.0,0.0,0.0,3695218688,0,8,4,1,0,sleeping,58814,6979,459104256,811601920,407781900,811512646
2025-05-20 04:43:40,23355,11503185920,3694653440,161.3,11.071123173770662,0,21,394.26,2.88,0.0,0.0,0.0,3695403008,0,8,4,1,0,sleeping,58814,6993,459104256,813256704,407781900,813167735
2025-05-20 04:43:41,23355,11503185920,3694653440,97.9,11.071123173770662,0,21,395.51,2.88,0.0,0.0,0.0,3695403008,0,8,4,1,0,sleeping,58814,7004,459104256,814567424,407781900,814477533
2025-05-20 04:43:42,23355,11503185920,3694653440,98.4,11.071123173770662,0,21,396.83,2.88,0.0,0.0,0.0,3695403008,0,8,4,1,0,sleeping,58814,7012,459104256,815517696,407781900,815429499
2025-05-20 04:43:43,23355,11503185920,3694653440,103.5,11.071123173770662,0,21,398.06,2.89,0.0,0.0,0.0,3695403008,0,8,4,1,0,sleeping,59096,7019,463314944,816349184,411181482,816259993
2025-05-20 04:43:45,23355,11503185920,3694784512,108.0,11.071515934358414,0,21,399.26,2.9,0.0,0.0,0.0,3695517696,0,8,4,1,0,sleeping,59934,7036,471703552,818282496,420984956,818192302
2025-05-20 04:43:46,23355,11503185920,3694784512,139.1,11.071515934358414,0,21,400.76,2.9,0.0,0.0,0.0,3695472640,0,8,4,1,0,sleeping,59934,7072,471703552,822521856,420984956,822431449
2025-05-20 04:43:47,23355,11503185920,3694784512,145.8,11.071515934358414,0,21,402.33,2.9,0.0,0.0,0.0,3695607808,0,8,4,1,0,sleeping,59934,7110,471703552,826970112,420984956,826879002
2025-05-20 04:43:48,23355,11503185920,3694915584,156.0,11.071908694946165,0,21,404.05,2.91,0.0,0.0,0.0,3695734784,0,8,4,1,0,sleeping,59934,7149,471703552,831561728,420984956,831468741
2025-05-20 04:43:49,23355,11503185920,3694915584,100.3,11.071908694946165,0,21,405.13,2.91,0.0,0.0,0.0,3695734784,0,8,4,1,0,sleeping,59934,7191,471703552,836493312,420984956,836400548
2025-05-20 04:43:50,23355,11503185920,3695177728,147.6,11.072694216121668,0,21,406.72,2.91,0.0,0.0,0.0,3695824896,0,8,4,1,0,sleeping,59934,7229,471703552,840966144,420984956,840873852
2025-05-20 04:43:51,23355,11503185920,3695177728,148.5,11.072694216121668,0,21,408.32,2.91,0.0,0.0,0.0,3695923200,0,8,4,1,0,sleeping,59934,7267,471703552,845369344,420984956,845272513
2025-05-20 04:43:52,23355,11503185920,3695177728,99.3,11.072694216121668,0,21,409.38,2.92,0.0,0.0,0.0,3695923200,0,8,4,1,0,sleeping,61048,7299,484286464,849133568,434182993,849039494
2025-05-20 04:43:53,23355,11503185920,3695177728,147.6,11.072694216121668,0,21,410.96,2.93,0.0,0.0,0.0,3696029696,0,8,4,1,0,sleeping,61048,7337,484286464,853606400,434182993,853510449
2025-05-20 04:43:54,23355,11503185920,3695177728,147.6,11.072694216121668,0,21,412.55,2.93,0.0,0.0,0.0,3696107520,0,8,4,1,0,sleeping,61048,7375,484286464,858038272,434182993,857944025
2025-05-20 04:43:55,23355,11503185920,3695177728,99.3,11.072694216121668,0,21,413.62,2.93,0.0,0.0,0.0,3696107520,0,8,4,1,0,sleeping,61048,7416,484286464,862826496,434182993,862729735
2025-05-20 04:43:56,23355,11503185920,3695308800,147.6,11.07308697670942,0,21,415.21,2.94,0.0,0.0,0.0,3696230400,0,8,4,1,0,sleeping,61048,7448,484286464,866578432,434182993,866484022
2025-05-20 04:43:58,23355,11503185920,3695308800,99.2,11.07308697670942,0,21,416.31,2.94,0.0,0.0,0.0,3696230400,0,8,4,1,0,sleeping,61048,7474,484286464,869605376,434182993,869508729
2025-05-20 04:43:59,23355,11503185920,3695439872,157.0,11.073479737297172,0,21,418.16,2.94,0.0,0.0,0.0,3696328704,0,8,4,1,0,sleeping,61048,7488,484286464,871231488,434182993,871135368
2025-05-20 04:44:00,23355,11503185920,3695439872,98.0,11.073479737297172,0,21,419.45,2.95,0.0,0.0,0.0,3696328704,0,8,4,1,0,sleeping,61048,7500,484286464,872628224,434182993,872531680
2025-05-20 04:44:01,23355,11503185920,3695439872,97.4,11.073479737297172,0,21,420.77,2.95,0.0,0.0,0.0,3696328704,0,8,4,1,0,sleeping,61048,7508,484286464,873566208,434182993,873470795
2025-05-20 04:44:03,23355,11503185920,3695439872,99.1,11.073479737297172,0,21,422.16,2.95,0.0,0.0,0.0,3696328704,0,8,4,1,0,sleeping,61048,7515,484286464,874381312,434182993,874286498
2025-05-20 04:44:04,23355,11503185920,3695439872,100.6,11.073479737297172,0,21,423.57,2.95,0.0,0.0,0.0,3696328704,0,8,4,1,0,sleeping,61048,7521,484286464,875081728,434182993,874984501
2025-05-20 04:44:05,23355,11503185920,3697405952,163.9,11.079371146113443,0,21,425.5,2.95,0.0,0.0,0.0,3698393088,0,7,4,1,0,sleeping,61048,7531,484286464,876244992,434182993,876150173
2025-05-20 04:44:06,23355,11503185920,3697405952,101.9,11.079371146113443,0,21,426.59,2.96,0.0,0.0,0.0,3698393088,0,7,4,1,0,sleeping,62160,7550,496869376,878460928,447352925,878365206
2025-05-20 04:44:08,23355,11503185920,3697405952,147.6,11.079371146113443,0,21,428.17,2.97,0.0,0.0,0.0,3698487296,0,8,4,1,0,sleeping,62160,7587,496869376,882782208,447352925,882685280
2025-05-20 04:44:09,23355,11503185920,3697405952,99.4,11.079371146113443,0,21,429.24,2.97,0.0,0.0,0.0,3698487296,0,8,4,1,0,sleeping,62160,7629,496869376,887693312,447352925,887597085
2025-05-20 04:44:10,23355,11503185920,3697668096,145.8,11.080156667288946,0,21,430.81,2.97,0.0,0.0,0.0,3698544640,0,8,4,1,0,sleeping,62160,7667,496869376,892112896,447352925,892016254
2025-05-20 04:44:11,23355,11503185920,3697799168,148.6,11.080549427876699,0,21,432.41,2.97,0.0,0.0,0.0,3698692096,0,8,4,1,0,sleeping,62160,7705,496869376,896528384,447352925,896434909
2025-05-20 04:44:12,23355,11503185920,3697799168,109.3,11.080549427876699,0,21,433.62,2.98,0.0,0.0,0.0,3698782208,0,7,4,1,0,sleeping,62160,7745,496869376,901222400,447352925,901125648
2025-05-20 04:44:13,23355,11503185920,3697799168,139.1,11.080549427876699,0,21,435.12,2.98,0.0,0.0,0.0,3698782208,0,8,4,1,0,sleeping,62160,7786,496869376,906010624,447352925,905915267
2025-05-20 04:44:14,23355,11503185920,3697930240,134.6,11.08094218846445,0,21,436.57,2.98,0.0,0.0,0.0,3698880512,0,8,4,1,0,sleeping,62684,7820,505257984,909975552,453661934,909881369
2025-05-20 04:44:15,23355,11503185920,3698323456,134.6,11.082120470227705,0,21,438.02,2.99,0.0,0.0,0.0,3699302400,0,8,4,1,0,sleeping,62684,7860,505257984,914640896,453661934,914544036
2025-05-20 04:44:16,23355,11503185920,3698323456,100.1,11.082120470227705,0,21,439.11,2.99,0.0,0.0,0.0,3699302400,0,8,4,1,0,sleeping,62684,7900,505257984,919293952,453661934,919197321
2025-05-20 04:44:17,23355,11503185920,3698454528,134.8,11.082513230815454,0,21,440.58,2.99,0.0,0.0,0.0,3699408896,0,8,4,1,0,sleeping,62684,7931,505257984,922914816,453661934,922820871
2025-05-20 04:44:18,23355,11503185920,3698454528,99.9,11.082513230815454,0,21,441.69,3.0,0.0,0.0,0.0,3699408896,0,8,4,1,0,sleeping,62684,7955,505257984,925728768,453661934,925635013
2025-05-20 04:44:20,23355,11503185920,3698585600,157.0,11.082905991403207,0,21,443.58,3.0,0.0,0.0,0.0,3699490816,0,8,4,1,0,sleeping,62684,7969,505257984,927354880,453661934,927258068
2025-05-20 04:44:21,23355,11503185920,3698585600,94.9,11.082905991403207,0,21,444.83,3.03,0.0,0.0,0.0,3699490816,0,8,4,1,0,sleeping,62684,7980,505257984,928522240,453661934,928422643
2025-05-20 04:44:22,23355,11503185920,3698585600,97.7,11.082905991403207,0,21,446.26,3.03,0.0,0.0,0.0,3699490816,0,8,4,1,0,sleeping,62684,7987,505257984,929341440,453661934,929243623
2025-05-20 04:44:24,23355,11503185920,3698585600,102.0,11.082905991403207,0,21,447.69,3.05,0.0,0.0,0.0,3699490816,0,8,4,1,0,sleeping,62684,7992,505257984,929923072,453661934,929824283
2025-05-20 04:44:25,23355,11503185920,3698585600,105.9,11.082905991403207,0,21,448.88,3.05,0.0,0.0,0.0,3699490816,0,8,4,1,0,sleeping,62684,8004,505257984,931319808,453661934,931218903
2025-05-20 04:44:26,23355,11503185920,3698716672,137.5,11.083298751990958,0,21,450.37,3.05,0.0,0.0,0.0,3699605504,0,8,4,1,0,sleeping,62684,8028,505257984,934129664,453661934,934031507
2025-05-20 04:44:27,23355,11503185920,3698716672,100.5,11.083298751990958,0,21,451.45,3.07,0.0,0.0,0.0,3699605504,0,8,4,1,0,sleeping,63802,8059,517775360,937758720,467087459,937657958
2025-05-20 04:44:28,23355,11503185920,3698847744,134.6,11.08369151257871,0,21,452.9,3.07,0.0,0.0,0.0,3699728384,0,8,4,1,0,sleeping,63802,8098,517775360,942342144,467087459,942241845
2025-05-20 04:44:29,23355,11503185920,3698847744,133.6,11.08369151257871,0,21,454.34,3.07,0.0,0.0,0.0,3699834880,0,8,4,1,0,sleeping,63802,8137,517775360,946905088,467087459,946807512
2025-05-20 04:44:30,23355,11503185920,3698847744,100.3,11.08369151257871,0,21,455.41,3.08,0.0,0.0,0.0,3699834880,0,8,4,1,0,sleeping,64928,8173,530333696,951193600,480679657,951088286
2025-05-20 04:44:31,23355,11503185920,3698978816,146.7,11.08408427316646,0,21,456.99,3.08,0.0,0.0,0.0,3699908608,0,8,4,1,0,sleeping,64928,8211,530333696,955707392,480679657,955604299
2025-05-20 04:44:33,23355,11503185920,3699109888,146.3,11.084477033754213,0,21,458.57,3.08,0.0,0.0,0.0,3700023296,0,8,4,1,0,sleeping,64928,8247,530333696,959905792,480679657,959800948
2025-05-20 04:44:34,23355,11503185920,3699109888,105.8,11.084477033754213,0,21,459.71,3.08,0.0,0.0,0.0,3700023296,0,8,4,1,0,sleeping,64928,8286,530333696,964452352,480679657,964349092
2025-05-20 04:44:35,23355,11503185920,3699109888,141.2,11.084477033754213,0,21,461.24,3.08,0.0,0.0,0.0,3700117504,0,8,4,1,0,sleeping,64928,8323,530333696,968769536,480679657,968666986
2025-05-20 04:44:36,23355,11503185920,3699109888,151.0,11.084477033754213,0,21,462.89,3.08,0.0,0.0,0.0,3700211712,0,8,4,1,0,sleeping,64928,8354,530333696,972410880,480679657,972306325
2025-05-20 04:44:37,23355,11503185920,3699109888,99.1,11.084477033754213,0,21,464.0,3.08,0.0,0.0,0.0,3700211712,0,8,4,1,0,sleeping,64928,8378,530333696,975228928,480679657,975123573
2025-05-20 04:44:38,23355,11503185920,3699109888,98.4,11.084477033754213,0,21,465.15,3.08,0.0,0.0,0.0,3700211712,0,8,4,1,0,sleeping,64928,8394,530333696,977108992,480679657,977005862
2025-05-20 04:44:39,23355,11503185920,3699240960,197.8,11.084869794341964,0,21,467.73,3.09,0.0,0.0,0.0,3700297728,0,8,4,1,0,sleeping,64928,8403,530333696,978161664,480679657,978058533
2025-05-20 04:44:41,23355,11503185920,3699240960,98.4,11.084869794341964,0,21,469.09,3.09,0.0,0.0,0.0,3700297728,0,8,4,1,0,sleeping,64928,8411,530333696,979099648,480679657,978993310
2025-05-20 04:44:42,23355,11503185920,3699240960,98.7,11.084869794341964,0,21,470.51,3.09,0.0,0.0,0.0,3700297728,0,8,4,1,0,sleeping,64928,8417,530333696,979804160,480679657,979699206
2025-05-20 04:44:43,23355,11503185920,3699240960,107.3,11.084869794341964,0,21,471.73,3.1,0.0,0.0,0.0,3700297728,0,8,4,1,0,sleeping,65776,8421,536571904,980271104,490824948,980167281
2025-05-20 04:44:44,23355,11503185920,3699372032,123.1,11.085262554929717,0,21,473.11,3.1,0.0,0.0,0.0,3700387840,0,8,4,1,0,sleeping,66044,8444,536571904,982962176,493982956,982859667
2025-05-20 04:44:46,23355,11503185920,3699372032,120.6,11.085262554929717,0,21,474.41,3.1,0.0,0.0,0.0,3700367360,0,8,4,1,0,sleeping,66044,8484,536571904,987660288,493982956,987553965
2025-05-20 04:44:47,23355,11503185920,3699503104,146.6,11.085655315517467,0,21,475.99,3.1,0.0,0.0,0.0,3700445184,0,8,4,1,0,sleeping,66044,8522,536571904,992108544,493982956,992004924
2025-05-20 04:44:48,23355,11503185920,3699634176,147.6,11.08604807610522,0,21,477.57,3.11,0.0,0.0,0.0,3700592640,0,8,4,1,0,sleeping,66044,8560,536571904,996556800,493982956,996451834
2025-05-20 04:44:49,23355,11503185920,3699634176,100.2,11.08604807610522,0,21,478.65,3.11,0.0,0.0,0.0,3700592640,0,8,4,1,0,sleeping,66044,8602,536571904,1001476096,493982956,1001373370
2025-05-20 04:44:50,23355,11503185920,3699765248,148.6,11.08644083669297,0,21,480.25,3.11,0.0,0.0,0.0,3700686848,0,8,4,1,0,sleeping,66044,8640,536571904,1005969408,493982956,1005866486
2025-05-20 04:44:51,23355,11503185920,3700027392,148.4,11.087226357868474,0,21,481.85,3.11,0.0,0.0,0.0,3700830208,0,8,4,1,0,sleeping,66214,8678,536571904,1010323456,495970232,1010218796
2025-05-20 04:44:52,23355,11503185920,3700027392,97.1,11.087226357868474,0,21,482.89,3.12,0.0,0.0,0.0,3700830208,0,8,4,1,0,sleeping,67162,8706,553263104,1013583872,507383850,1013476970
2025-05-20 04:44:53,23355,11503185920,3700027392,147.2,11.087226357868474,0,21,484.56,3.12,0.0,0.0,0.0,3700940800,0,8,4,1,0,sleeping,67162,8731,553263104,1016487936,507383850,1016378174
2025-05-20 04:44:54,23355,11503185920,3700027392,98.2,11.087226357868474,0,21,485.7,3.12,0.0,0.0,0.0,3700940800,0,8,4,1,0,sleeping,67162,8748,553263104,1018458112,507383850,1018351171
2025-05-20 04:44:55,23355,11503185920,3700027392,98.6,11.087226357868474,0,21,486.9,3.12,0.0,0.0,0.0,3700940800,0,8,4,1,0,sleeping,67162,8761,553263104,1019977728,507383850,1019869745
2025-05-20 04:44:57,23355,11503185920,3700289536,222.1,11.088011879043977,0,21,490.26,3.13,0.0,0.0,0.0,3700994048,0,8,4,1,0,sleeping,67162,8769,553263104,1020911616,507383850,1020802738
2025-05-20 04:44:58,23355,11503185920,3700289536,103.9,11.088011879043977,0,21,491.59,3.13,0.0,0.0,0.0,3700994048,0,8,4,1,0,sleeping,67162,8776,553263104,1021726720,507383850,1021616865
2025-05-20 04:44:59,23355,11503185920,3700289536,103.2,11.088011879043977,0,21,492.72,3.14,0.0,0.0,0.0,3700994048,0,8,4,1,0,sleeping,67162,8792,553263104,1023590400,507383850,1023483281
2025-05-20 04:45:01,23355,11503185920,3700289536,127.5,11.088011879043977,0,21,494.15,3.14,0.0,0.0,0.0,3701100544,0,8,4,1,0,sleeping,67162,8824,553263104,1027379200,507383850,1027270593
2025-05-20 04:45:02,23355,11503185920,3700289536,118.0,11.088011879043977,0,21,495.42,3.14,0.0,0.0,0.0,3701149696,0,8,4,1,0,sleeping,67162,8866,553263104,1032318976,507383850,1032212243
2025-05-20 04:45:03,23355,11503185920,3700289536,148.6,11.088011879043977,0,21,497.02,3.14,0.0,0.0,0.0,3701248000,0,8,4,1,0,sleeping,67162,8904,553263104,1036750848,507383850,1036642826
2025-05-20 04:45:04,23355,11503185920,3700420608,125.3,11.088404639631728,0,21,498.37,3.14,0.0,0.0,0.0,3701366784,0,8,4,1,0,sleeping,67262,8943,553263104,1041289216,508627305,1041179498
2025-05-20 04:45:05,23355,11503185920,3700420608,99.3,11.088404639631728,0,21,499.44,3.14,0.0,0.0,0.0,3701366784,0,8,4,1,0,sleeping,67262,8985,553263104,1046163456,508627305,1046056594
2025-05-20 04:45:06,23355,11503185920,3700944896,128.1,11.089975681982732,0,21,500.82,3.14,0.0,0.0,0.0,3701796864,0,8,4,1,0,sleeping,67262,9024,553263104,1050734592,508627305,1050627735
2025-05-20 04:45:07,23355,11503185920,3701338112,129.0,11.091153963745988,0,21,502.2,3.15,0.0,0.0,0.0,3701923840,0,8,4,1,0,sleeping,67262,9064,553263104,1055436800,508627305,1055327785
2025-05-20 04:45:08,23355,11503185920,3701338112,128.8,11.091153963745988,0,21,503.58,3.16,0.0,0.0,0.0,3702034432,0,8,4,1,0,sleeping,67262,9102,553263104,1059901440,508627305,1059792932
2025-05-20 04:45:09,23355,11503185920,3701338112,99.7,11.091153963745988,0,21,504.67,3.16,0.0,0.0,0.0,3702034432,0,8,4,1,0,sleeping,67262,9135,553263104,1063751680,508627305,1063644874
2025-05-20 04:45:10,23355,11503185920,3701338112,134.0,11.091153963745988,0,21,506.2,3.16,0.0,0.0,0.0,3702120448,0,8,4,1,0,sleeping,67262,9156,553263104,1066229760,508627305,1066119796
2025-05-20 04:45:11,23355,11503185920,3701338112,99.0,11.091153963745988,0,21,507.4,3.16,0.0,0.0,0.0,3702120448,0,8,4,1,0,sleeping,67262,9171,553263104,1067999232,508627305,1067891585
2025-05-20 04:45:13,23355,11503185920,3701338112,97.2,11.091153963745988,0,21,508.66,3.16,0.0,0.0,0.0,3702120448,0,7,4,1,0,sleeping,67262,9181,553263104,1069178880,508627305,1069070463
2025-05-20 04:45:14,23355,11503185920,3701338112,98.7,11.091153963745988,0,21,510.01,3.16,0.0,0.0,0.0,3702120448,0,7,4,1,0,sleeping,67278,9188,553263104,1070006272,508824435,1069897388
2025-05-20 04:45:15,23355,11503185920,3701338112,104.0,11.091153963745988,0,21,511.23,3.18,0.0,0.0,0.0,3702120448,0,7,4,1,0,sleeping,68380,9190,570032128,1070243840,522114960,1070135889
2025-05-20 04:45:17,23355,11503185920,3701469184,130.8,11.091546724333739,0,21,512.64,3.19,0.0,0.0,0.0,3702272000,0,8,4,1,0,sleeping,68450,9211,570032128,1072738304,522959118,1072629219
2025-05-20 04:45:18,23355,11503185920,3701469184,99.2,11.091939484921491,0,21,513.71,3.19,0.0,0.0,0.0,3702272000,0,8,4,1,0,sleeping,69496,9244,582610944,1076645888,535214251,1076535229
2025-05-20 04:45:19,23355,11503185920,3701600256,145.0,11.091939484921491,0,21,515.3,3.19,0.0,0.0,0.0,3702353920,0,8,4,1,0,sleeping,69496,9284,582610944,1081356288,535214251,1081245875
2025-05-20 04:45:20,23355,11503185920,3701600256,146.7,11.091939484921491,0,21,516.88,3.19,0.0,0.0,0.0,3702480896,0,8,4,1,0,sleeping,69496,9322,582610944,1085825024,535214251,1085714230
2025-05-20 04:45:21,23355,11503185920,3701862400,147.7,11.092725006096995,0,21,518.46,3.2,0.0,0.0,0.0,3702603776,0,8,4,1,0,sleeping,69496,9362,582610944,1090408448,535214251,1090295083
2025-05-20 04:45:22,23355,11503185920,3701862400,101.2,11.092725006096995,0,21,519.54,3.21,0.0,0.0,0.0,3702603776,0,8,4,1,0,sleeping,69496,9403,582610944,1095237632,535214251,1095126439
2025-05-20 04:45:23,23355,11503185920,3702124544,145.2,11.093510527272498,0,21,521.12,3.21,0.0,0.0,0.0,3702738944,0,8,4,1,0,sleeping,69496,9440,582610944,1099579392,535214251,1099465049
2025-05-20 04:45:24,23355,11503185920,3702124544,149.3,11.093510527272498,0,21,522.72,3.22,0.0,0.0,0.0,3702857728,0,8,4,1,0,sleeping,70386,9471,590995456,1103204352,545707837,1103089328
2025-05-20 04:45:25,23355,11503185920,3702255616,148.7,11.093903287860249,0,21,524.4,3.23,0.0,0.0,0.0,3702935552,0,7,4,1,0,sleeping,70608,9504,595189760,1107058688,548307774,1106942535
2025-05-20 04:45:26,23355,11503185920,3702255616,99.4,11.093903287860249,0,21,525.5,3.23,0.0,0.0,0.0,3702935552,0,7,4,1,0,sleeping,70608,9528,595189760,1109897216,548307774,1109782679
2025-05-20 04:45:27,23355,11503185920,3702255616,99.0,11.093903287860249,0,21,526.63,3.24,0.0,0.0,0.0,3702935552,0,7,4,1,0,sleeping,70608,9547,595189760,1112117248,548307774,1112001376
2025-05-20 04:45:29,23355,11503185920,3702386688,182.3,11.094296048448001,0,21,528.97,3.24,0.0,0.0,0.0,3703033856,0,8,4,1,0,sleeping,70608,9557,595189760,1113288704,548307774,1113171466
2025-05-20 04:45:30,23355,11503185920,3702386688,97.6,11.094296048448001,0,21,530.28,3.25,0.0,0.0,0.0,3703033856,0,8,4,1,0,sleeping,70608,9565,595189760,1114226688,548307774,1114108792
2025-05-20 04:45:31,23355,11503185920,3702386688,99.3,11.094296048448001,0,21,531.66,3.26,0.0,0.0,0.0,3703033856,0,8,4,1,0,sleeping,70608,9572,595189760,1115045888,548307774,1114929042
2025-05-20 04:45:33,23355,11503185920,3702386688,103.2,11.094296048448001,0,21,532.98,3.26,0.0,0.0,0.0,3703033856,0,8,4,1,0,sleeping,70608,9579,595189760,1115860992,548307774,1115745760
2025-05-20 04:45:34,23355,11503185920,3702386688,103.3,11.094296048448001,0,21,534.11,3.26,0.0,0.0,0.0,3703033856,0,8,4,1,0,sleeping,70608,9598,595189760,1118085120,548307774,1117970919
2025-05-20 04:45:35,23355,11503185920,3702517760,146.6,11.094688809035752,0,21,535.69,3.26,0.0,0.0,0.0,3703197696,0,8,4,1,0,sleeping,70608,9632,595189760,1122058240,548307774,1121942020
2025-05-20 04:45:36,23355,11503185920,3702517760,148.5,11.094688809035752,0,21,537.29,3.26,0.0,0.0,0.0,3703300096,0,8,4,1,0,sleeping,70608,9670,595189760,1126494208,548307774,1126380216
2025-05-20 04:45:37,23355,11503185920,3702648832,148.2,11.095081569623504,0,21,538.94,3.26,0.0,0.0,0.0,3703402496,0,8,4,1,0,sleeping,70608,9710,595189760,1131171840,548307774,1131054012
2025-05-20 04:45:38,23355,11503185920,3702648832,100.3,11.095081569623504,0,21,540.01,3.27,0.0,0.0,0.0,3703402496,0,8,4,1,0,sleeping,71538,9744,603578368,1135104000,559481523,1134988057
2025-05-20 04:45:39,23355,11503185920,3702779904,143.1,11.095474330211255,0,21,541.55,3.27,0.0,0.0,0.0,3703517184,0,8,4,1,0,sleeping,71538,9783,603578368,1139646464,559481523,1139529762
2025-05-20 04:45:40,23355,11503185920,3702779904,142.9,11.095474330211255,0,21,543.09,3.27,0.0,0.0,0.0,3703545856,0,8,4,1,0,sleeping,71538,9821,603578368,1144111104,559481523,1143996134
2025-05-20 04:45:41,23355,11503185920,3702910976,155.0,11.095867090799008,0,21,544.83,3.27,0.0,0.0,0.0,3703664640,0,8,4,1,0,sleeping,71538,9859,603578368,1148542976,559481523,1148428868
2025-05-20 04:45:43,23355,11503185920,3702910976,115.1,11.095867090799008,0,21,546.06,3.28,0.0,0.0,0.0,3703734272,0,8,4,1,0,sleeping,71538,9900,603578368,1153347584,559481523,1153230139
2025-05-20 04:45:44,23355,11503185920,3703042048,144.6,11.096259851386758,0,21,547.62,3.28,0.0,0.0,0.0,3703783424,0,8,4,1,0,sleeping,71538,9935,603578368,1157427200,559481523,1157310082
2025-05-20 04:45:45,23355,11503185920,3703042048,98.8,11.096259851386758,0,21,548.73,3.28,0.0,0.0,0.0,3703783424,0,8,4,1,0,sleeping,71538,9964,603578368,1160802304,559481523,1160684606
2025-05-20 04:45:46,23355,11503185920,3703173120,148.8,11.096652611974509,0,21,550.46,3.29,0.0,0.0,0.0,3703922688,0,7,4,1,0,sleeping,72170,9975,611966976,1162076160,567010733,1161960246
2025-05-20 04:45:47,23355,11503185920,3703173120,98.0,11.096652611974509,0,21,551.68,3.3,0.0,0.0,0.0,3703922688,0,7,4,1,0,sleeping,72652,9983,620355584,1163001856,572751237,1162884897
2025-05-20 04:45:48,23355,11503185920,3703173120,97.4,11.096652611974509,0,21,552.98,3.3,0.0,0.0,0.0,3703922688,0,7,4,1,0,sleeping,72652,9991,620355584,1163931648,572751237,1163814672
2025-05-20 04:45:50,23355,11503185920,3703173120,99.0,11.096652611974509,0,21,554.35,3.3,0.0,0.0,0.0,3703922688,0,7,4,1,0,sleeping,72652,9998,620355584,1164742656,572751237,1164627746
2025-05-20 04:45:51,23355,11503185920,3703173120,104.0,11.096652611974509,0,21,555.62,3.31,0.0,0.0,0.0,3703922688,0,8,4,1,0,sleeping,72652,10007,620355584,1165680640,572751237,1165563420
2025-05-20 04:45:52,23355,11503185920,3703435264,168.9,11.097438133150012,0,21,557.48,3.31,0.0,0.0,0.0,3704328192,0,8,4,1,0,sleeping,72652,10023,620355584,1167544320,572751237,1167430324
2025-05-20 04:45:53,23355,11503185920,3703435264,98.4,11.097438133150012,0,21,558.54,3.31,0.0,0.0,0.0,3704328192,0,8,4,1,0,sleeping,72652,10056,620355584,1171410944,572751237,1171291238
2025-05-20 04:45:54,23355,11503185920,3703566336,142.0,11.097830893737763,0,21,560.07,3.31,0.0,0.0,0.0,3704406016,0,8,4,1,0,sleeping,72652,10094,620355584,1175863296,572751237,1175743729
2025-05-20 04:45:56,23355,11503185920,3703697408,143.9,11.098223654325515,0,21,561.61,3.32,0.0,0.0,0.0,3704524800,0,8,4,1,0,sleeping,72652,10133,620355584,1180442624,572751237,1180321525
2025-05-20 04:45:57,23355,11503185920,3703697408,100.3,11.098223654325515,0,21,562.69,3.32,0.0,0.0,0.0,3704524800,0,8,4,1,0,sleeping,72652,10175,620355584,1185390592,572751237,1185269865
2025-05-20 04:45:58,23355,11503185920,3703828480,143.9,11.098616414913266,0,21,564.24,3.32,0.0,0.0,0.0,3704623104,0,8,4,1,0,sleeping,73820,10207,632938496,1189158912,586747808,1189034208
2025-05-20 04:45:59,23355,11503185920,3703828480,148.5,11.098616414913266,0,21,565.83,3.33,0.0,0.0,0.0,3704721408,0,8,4,1,0,sleeping,73820,10245,632938496,1193603072,586747808,1193479316
2025-05-20 04:46:00,23355,11503185920,3703959552,117.9,11.099009175501017,0,21,567.15,3.33,0.0,0.0,0.0,3704795136,0,8,4,1,0,sleeping,73820,10283,632938496,1198026752,586747808,1197904300
2025-05-20 04:46:01,23355,11503185920,3703959552,125.6,11.099009175501017,0,21,568.52,3.33,0.0,0.0,0.0,3704811520,0,8,4,1,0,sleeping,73820,10316,632938496,1201893376,586747808,1201770632
2025-05-20 04:46:02,23355,11503185920,3703959552,99.5,11.099009175501017,0,21,569.64,3.33,0.0,0.0,0.0,3704811520,0,8,4,1,0,sleeping,73820,10339,632938496,1204580352,586747808,1204458640
2025-05-20 04:46:03,23355,11503185920,3704090624,164.8,11.09940193608877,0,21,571.63,3.33,0.0,0.0,0.0,3704918016,0,8,4,1,0,sleeping,73820,10351,632938496,1205977088,586747808,1205854476
2025-05-20 04:46:04,23355,11503185920,3704090624,97.3,11.09940193608877,0,21,572.89,3.33,0.0,0.0,0.0,3704918016,0,8,4,1,0,sleeping,73820,10361,632938496,1207140352,586747808,1207017227
2025-05-20 04:46:06,23355,11503185920,3704090624,98.8,11.09940193608877,0,21,574.22,3.34,0.0,0.0,0.0,3704918016,0,7,4,1,0,sleeping,73820,10369,632938496,1208070144,586747808,1207947733
2025-05-20 04:46:07,23355,11503185920,3704090624,104.4,11.09940193608877,0,21,575.48,3.34,0.0,0.0,0.0,3704918016,0,7,4,1,0,sleeping,73820,10379,632938496,1209233408,586747808,1209111555
2025-05-20 04:46:08,23355,11503185920,3708809216,149.6,11.113541317247822,0,21,577.1,3.35,0.0,0.0,0.0,3709747200,0,8,4,1,0,sleeping,73820,10400,632938496,1211686912,586747808,1211562803
2025-05-20 04:46:09,23355,11503185920,3708809216,100.3,11.113541317247822,0,21,578.18,3.35,0.0,0.0,0.0,3709747200,0,8,4,1,0,sleeping,73820,10437,632938496,1216024576,586747808,1215903101
2025-05-20 04:46:10,23355,11503185920,3708809216,136.5,11.113541317247822,0,21,579.64,3.36,0.0,0.0,0.0,3709853696,0,8,4,1,0,sleeping,74934,10468,636309504,1219674112,600179468,1219552340
2025-05-20 04:46:11,23355,11503185920,3708940288,146.2,11.113934077835575,0,21,581.24,3.36,0.0,0.0,0.0,3709947904,0,8,4,1,0,sleeping,74934,10510,636309504,1224577024,600179468,1224452420
2025-05-20 04:46:13,23355,11503185920,3708940288,99.2,11.113934077835575,0,21,582.31,3.36,0.0,0.0,0.0,3709947904,0,8,4,1,0,sleeping,74934,10554,636309504,1229676544,600179468,1229555164
2025-05-20 04:46:14,23355,11503185920,3709071360,147.7,11.114326838423326,0,21,583.9,3.36,0.0,0.0,0.0,3710013440,0,8,4,1,0,sleeping,74934,10592,636309504,1234128896,600179468,1234006705
2025-05-20 04:46:15,23355,11503185920,3709202432,148.5,11.114719599011078,0,21,585.49,3.37,0.0,0.0,0.0,3710107648,0,8,4,1,0,sleeping,74934,10630,636309504,1238581248,600179468,1238457320
2025-05-20 04:46:16,23355,11503185920,3709202432,100.3,11.114719599011078,0,21,586.57,3.37,0.0,0.0,0.0,3710107648,0,8,4,1,0,sleeping,74934,10671,636309504,1243377664,600179468,1243255410
2025-05-20 04:46:17,23355,11503185920,3709333504,148.6,11.115112359598829,0,21,588.17,3.37,0.0,0.0,0.0,3710210048,0,8,4,1,0,sleeping,74934,10708,636309504,1247727616,600179468,1247605274
2025-05-20 04:46:18,23355,11503185920,3709464576,128.5,11.115505120186581,0,21,589.56,3.37,0.0,0.0,0.0,3710304256,0,8,4,1,0,sleeping,75164,10741,636309504,1251614720,603060648,1251490880
2025-05-20 04:46:19,23355,11503185920,3709464576,99.4,11.115505120186581,0,21,590.66,3.37,0.0,0.0,0.0,3710304256,0,8,4,1,0,sleeping,75164,10769,636309504,1254903808,603060648,1254782404
2025-05-20 04:46:20,23355,11503185920,3709464576,142.9,11.115505120186581,0,21,592.36,3.38,0.0,0.0,0.0,3710394368,0,8,4,1,0,sleeping,75164,10786,636309504,1256890368,603060648,1256768328
2025-05-20 04:46:21,23355,11503185920,3709464576,98.6,11.115505120186581,0,21,593.59,3.38,0.0,0.0,0.0,3710394368,0,8,4,1,0,sleeping,75164,10799,636309504,1258287104,603060648,1258162308
2025-05-20 04:46:23,23355,11503185920,3709464576,97.7,11.115505120186581,0,21,594.89,3.38,0.0,0.0,0.0,3710394368,0,8,4,1,0,sleeping,75164,10808,636309504,1259339776,603060648,1259216593
2025-05-20 04:46:24,23355,11503185920,3709464576,95.5,11.115505120186581,0,21,596.2,3.41,0.0,0.0,0.0,3710394368,0,7,4,1,0,sleeping,75164,10814,636309504,1260044288,603060648,1259916655
2025-05-20 04:46:25,23355,11503185920,3709464576,104.0,11.115505120186581,0,21,597.5,3.42,0.0,0.0,0.0,3710394368,0,7,4,1,0,sleeping,75164,10822,636309504,1260982272,603060648,1260855129
2025-05-20 04:46:27,23355,11503185920,3709464576,103.3,11.115505120186581,0,21,598.63,3.42,0.0,0.0,0.0,3710394368,0,7,4,1,0,sleeping,75164,10841,636309504,1263210496,603060648,1263083258
2025-05-20 04:46:28,23355,11503185920,3709595648,130.9,11.115897880774332,0,21,600.04,3.42,0.0,0.0,0.0,3710476288,0,8,4,1,0,sleeping,75164,10876,636309504,1267318784,603060648,1267192635
2025-05-20 04:46:29,23355,11503185920,3709726720,131.8,11.116290641362085,0,21,601.46,3.42,0.0,0.0,0.0,3710570496,0,8,4,1,0,sleeping,75164,10915,636309504,1271894016,603060648,1271764921
2025-05-20 04:46:30,23355,11503185920,3709857792,132.8,11.116683401949835,0,21,602.88,3.43,0.0,0.0,0.0,3710681088,0,8,4,1,0,sleeping,75164,10954,636309504,1276481536,603060648,1276352283
2025-05-20 04:46:31,23355,11503185920,3709857792,98.4,11.116683401949835,0,21,603.94,3.43,0.0,0.0,0.0,3710681088,0,8,4,1,0,sleeping,76280,10983,648892416,1279930368,616524252,1279802304
2025-05-20 04:46:32,23355,11503185920,3709857792,130.0,11.116683401949835,0,21,605.33,3.44,0.0,0.0,0.0,3710787584,0,8,4,1,0,sleeping,76838,11017,648892416,1283981312,623185106,1283853304
2025-05-20 04:46:33,23355,11503185920,3710119936,144.8,11.117468923125339,0,21,606.89,3.44,0.0,0.0,0.0,3710824448,0,8,4,1,0,sleeping,77402,11053,648892416,1288155136,629966995,1288024076
2025-05-20 04:46:34,23355,11503185920,3710119936,100.1,11.117468923125339,0,21,607.97,3.44,0.0,0.0,0.0,3710824448,0,7,4,1,0,sleeping,77402,11092,648892416,1292738560,629966995,1292604129
2025-05-20 04:46:35,23355,11503185920,3710119936,148.7,11.117468923125339,0,21,609.59,3.45,0.0,0.0,0.0,3710824448,0,8,4,1,0,sleeping,77402,11121,648892416,1296166912,629966995,1296034616
2025-05-20 04:46:36,23355,11503185920,3710119936,98.7,11.117468923125339,0,21,610.74,3.45,0.0,0.0,0.0,3710824448,0,8,4,1,0,sleeping,77402,11143,648892416,1298755584,629966995,1298622406
2025-05-20 04:46:37,23355,11503185920,3710119936,122.6,11.117468923125339,0,21,612.28,3.45,0.0,0.0,0.0,3710824448,0,8,4,1,0,sleeping,77402,11156,648892416,1300271104,629966995,1300138627
2025-05-20 04:46:39,23355,11503185920,3710119936,166.0,11.117468923125339,0,21,614.49,3.46,0.0,0.0,0.0,3710824448,0,8,4,1,0,sleeping,77402,11165,648892416,1301327872,629966995,1301193595
2025-05-20 04:46:40,23355,11503185920,3710119936,99.3,11.117468923125339,0,21,615.86,3.46,0.0,0.0,0.0,3710824448,0,8,4,1,0,sleeping,77402,11172,648892416,1302147072,629966995,1302014121
2025-05-20 04:46:41,23355,11503185920,3710119936,105.6,11.117468923125339,0,21,617.07,3.46,0.0,0.0,0.0,3710824448,0,8,4,1,0,sleeping,77402,11183,648892416,1303437312,629966995,1303304099
2025-05-20 04:46:43,23355,11503185920,3710119936,101.9,11.117468923125339,0,21,618.16,3.47,0.0,0.0,0.0,3710824448,0,8,4,1,0,sleeping,77402,11210,648892416,1306603520,629966995,1306471191
2025-05-20 04:46:44,23355,11503185920,3710119936,147.6,11.117468923125339,0,21,619.75,3.47,0.0,0.0,0.0,3710824448,0,8,4,1,0,sleeping,77402,11246,648892416,1310834688,629966995,1310700060
2025-05-20 04:46:45,23355,11503185920,3710119936,148.5,11.117468923125339,0,21,621.35,3.47,0.0,0.0,0.0,3710824448,0,8,4,1,0,sleeping,78518,11276,648892416,1314349056,643345143,1314216172
2025-05-20 04:46:46,23355,11503185920,3710119936,146.6,11.117468923125339,0,21,622.93,3.47,0.0,0.0,0.0,3710803968,0,8,4,1,0,sleeping,78518,11315,648892416,1318912000,643345143,1318778623
2025-05-20 04:46:47,23355,11503185920,3710119936,100.2,11.117468923125339,0,21,624.01,3.47,0.0,0.0,0.0,3710803968,0,8,4,1,0,sleeping,78518,11356,648892416,1323712512,643345143,1323580414
2025-05-20 04:46:48,23355,11503185920,3710119936,145.8,11.117468923125339,0,21,625.58,3.47,0.0,0.0,0.0,3710779392,0,8,4,1,0,sleeping,78518,11394,648892416,1328140288,643345143,1328006038
2025-05-20 04:46:49,23355,11503185920,3710119936,147.7,11.117468923125339,0,21,627.17,3.47,0.0,0.0,0.0,3710824448,0,8,4,1,0,sleeping,78518,11433,648892416,1332699136,643345143,1332564844
2025-05-20 04:46:50,23355,11503185920,3710119936,146.4,11.117468923125339,0,21,628.8,3.47,0.0,0.0,0.0,3710824448,0,8,4,1,0,sleeping,78518,11472,648892416,1337257984,643345143,1337126142
2025-05-20 04:46:51,23355,11503185920,3710119936,99.3,11.117468923125339,0,21,629.87,3.47,0.0,0.0,0.0,3710824448,0,7,4,1,0,sleeping,78574,11515,648892416,1342201856,643553271,1342070592
2025-05-20 04:46:52,23355,11503185920,3710119936,148.6,11.117468923125339,0,21,631.47,3.47,0.0,0.0,0.0,3710824448,0,8,4,1,0,sleeping,79012,11549,648892416,1346195456,648888960,1346062832
2025-05-20 04:46:53,23355,11503185920,3710119936,135.0,11.117468923125339,0,21,632.94,3.47,0.0,0.0,0.0,3710824448,0,8,4,1,0,sleeping,79012,11582,648892416,1350049792,648888960,1349917713
2025-05-20 04:46:54,23355,11503185920,3710119936,99.2,11.117468923125339,0,21,634.05,3.47,0.0,0.0,0.0,3710824448,0,8,4,1,0,sleeping,79012,11607,648892416,1352970240,648888960,1352836756
2025-05-20 04:46:56,23355,11503185920,3710119936,98.1,11.117468923125339,0,21,635.18,3.49,0.0,0.0,0.0,3710824448,0,8,4,1,0,sleeping,79012,11623,648892416,1354842112,648888960,1354706987
2025-05-20 04:46:57,23355,11503185920,3710119936,171.5,11.117468923125339,0,21,637.44,3.49,0.0,0.0,0.0,3710824448,0,8,4,1,0,sleeping,79012,11633,648892416,1356021760,648888960,1355885610
2025-05-20 04:46:58,23355,11503185920,3710119936,99.2,11.117468923125339,0,21,638.81,3.5,0.0,0.0,0.0,3710824448,0,8,4,1,0,sleeping,79012,11640,648892416,1356836864,648888960,1356701639
2025-05-20 04:47:00,23355,11503185920,3710119936,98.9,11.117468923125339,0,21,640.22,3.5,0.0,0.0,0.0,3710824448,0,8,4,1,0,sleeping,79012,11647,648892416,1357660160,648888960,1357523785
2025-05-20 04:47:01,23355,11503185920,3710119936,106.1,11.117468923125339,0,21,641.46,3.5,0.0,0.0,0.0,3710824448,0,8,4,1,0,sleeping,79012,11656,648892416,1358721024,648888960,1358583296
2025-05-20 04:47:02,23355,11503185920,3710119936,99.4,11.117468923125339,0,21,642.58,3.5,0.0,0.0,0.0,3710824448,0,7,4,1,0,sleeping,79012,11683,648892416,1361899520,648888960,1361762225
2025-05-20 04:47:03,23355,11503185920,3710119936,135.3,11.117468923125339,0,21,644.05,3.5,0.0,0.0,0.0,3710795776,0,8,4,1,0,sleeping,79012,11722,648892416,1366478848,648888960,1366340550
2025-05-20 04:47:04,23355,11503185920,3710119936,134.7,11.117468923125339,0,21,645.51,3.5,0.0,0.0,0.0,3710799872,0,7,4,1,0,sleeping,79012,11761,648892416,1371029504,648888960,1370893106
2025-05-20 04:47:05,23355,11503185920,3710119936,112.3,11.117468923125339,0,21,646.72,3.5,0.0,0.0,0.0,3710824448,0,8,4,1,0,sleeping,80128,11794,648892416,1374900224,662290896,1374763952
2025-05-20 04:47:06,23355,11503185920,3710513152,107.5,11.118647204888592,0,21,647.9,3.51,0.0,0.0,0.0,3711184896,0,7,4,1,0,sleeping,80128,11834,648892416,1379622912,662290896,1379486446
2025-05-20 04:47:08,23355,11503185920,3710513152,125.3,11.118647204888592,0,21,649.25,3.51,0.0,0.0,0.0,3711184896,0,7,4,1,0,sleeping,80128,11875,648892416,1384460288,662290896,1384324953
2025-05-20 04:47:09,23355,11503185920,3710242816,132.7,11.117837136176355,0,21,650.68,3.51,0.0,0.0,0.0,3710894080,0,8,4,1,0,sleeping,81246,11908,648892416,1388331008,675826857,1388189736
2025-05-20 04:47:10,23355,11503185920,3710504960,146.6,11.118622657351859,0,21,652.26,3.51,0.0,0.0,0.0,3711094784,0,8,4,1,0,sleeping,81246,11946,648892416,1392799744,675826857,1392661917
2025-05-20 04:47:11,23355,11503185920,3710504960,99.8,11.118622657351859,0,21,653.34,3.51,0.0,0.0,0.0,3711094784,0,8,4,1,0,sleeping,81246,11983,648892416,1397153792,675826857,1397014950
2025-05-20 04:47:12,23355,11503185920,3710636032,147.3,11.11901541793961,0,21,654.97,3.52,0.0,0.0,0.0,3711209472,0,8,4,1,0,sleeping,81246,12006,648892416,1399844864,675826857,1399706505
2025-05-20 04:47:13,23355,11503185920,3710636032,99.1,11.11901541793961,0,21,656.12,3.52,0.0,0.0,0.0,3711209472,0,8,4,1,0,sleeping,81246,12024,648892416,1401966592,675826857,1401826182
2025-05-20 04:47:14,23355,11503185920,3710636032,98.2,11.11901541793961,0,21,657.32,3.52,0.0,0.0,0.0,3711209472,0,8,4,1,0,sleeping,81246,12036,648892416,1403363328,675826857,1403225048
2025-05-20 04:47:15,23355,11503185920,3710767104,224.3,11.119408178527362,0,21,660.67,3.52,0.0,0.0,0.0,3711332352,0,8,4,1,0,sleeping,81246,12043,648892416,1404182528,675826857,1404041708
2025-05-20 04:47:17,23355,11503185920,3710767104,98.9,11.119408178527362,0,21,662.19,3.52,0.0,0.0,0.0,3711332352,0,8,4,1,0,sleeping,81246,12049,648892416,1404882944,675826857,1404742453
2025-05-20 04:47:18,23355,11503185920,3710767104,107.0,11.119408178527362,0,21,663.5,3.53,0.0,0.0,0.0,3711332352,0,8,4,1,0,sleeping,81246,12055,648892416,1405579264,675826857,1405441484
2025-05-20 04:47:20,23355,11503185920,3710767104,102.4,11.119408178527362,0,21,664.61,3.53,0.0,0.0,0.0,3711332352,0,8,4,1,0,sleeping,81246,12078,648892416,1408266240,675826857,1408126003
2025-05-20 04:47:21,23355,11503185920,3710767104,147.6,11.119408178527362,0,21,666.2,3.53,0.0,0.0,0.0,3711418368,0,8,4,1,0,sleeping,81246,12115,648892416,1412468736,675826857,1412328067
2025-05-20 04:47:22,23355,11503185920,3710898176,125.2,11.119800939115112,0,21,667.54,3.54,0.0,0.0,0.0,3711557632,0,8,4,1,0,sleeping,82330,12147,648892416,1416208384,688729717,1416068680
2025-05-20 04:47:23,23355,11503185920,3710898176,99.4,11.119800939115112,0,21,668.61,3.54,0.0,0.0,0.0,3711557632,0,8,4,1,0,sleeping,82362,12187,648892416,1420890112,689121393,1420752259
2025-05-20 04:47:24,23355,11503185920,3711029248,147.7,11.120193699702865,0,21,670.19,3.55,0.0,0.0,0.0,3711660032,0,8,4,1,0,sleeping,82362,12225,648892416,1425350656,689121393,1425212855
2025-05-20 04:47:25,23355,11503185920,3711029248,147.6,11.120193699702865,0,21,671.78,3.55,0.0,0.0,0.0,3711766528,0,8,4,1,0,sleeping,82362,12264,648892416,1429852160,689121393,1429714192
2025-05-20 04:47:26,23355,11503185920,3711160320,147.7,11.120586460290616,0,21,673.37,3.55,0.0,0.0,0.0,3711897600,0,8,4,1,0,sleeping,82362,12302,648892416,1434349568,689121393,1434205852
2025-05-20 04:47:27,23355,11503185920,3711160320,99.2,11.120586460290616,0,21,674.44,3.55,0.0,0.0,0.0,3711897600,0,8,4,1,0,sleeping,82362,12339,648892416,1438748672,689121393,1438606887
2025-05-20 04:47:28,23355,11503185920,3711291392,148.0,11.120979220878366,0,21,676.11,3.55,0.0,0.0,0.0,3712008192,0,8,4,1,0,sleeping,82362,12366,648892416,1441931264,689121393,1441787593
2025-05-20 04:47:29,23355,11503185920,3711291392,98.3,11.120979220878366,0,21,677.24,3.55,0.0,0.0,0.0,3712008192,0,8,4,1,0,sleeping,82362,12385,648892416,1444167680,689121393,1444023818
2025-05-20 04:47:31,23355,11503185920,3711291392,99.6,11.120979220878366,0,21,678.43,3.56,0.0,0.0,0.0,3712008192,0,8,4,1,0,sleeping,82362,12398,648892416,1445687296,689121393,1445542272
2025-05-20 04:47:32,23355,11503185920,3711422464,145.8,11.121371981466119,0,21,680.43,3.58,0.0,0.0,0.0,3712139264,0,8,4,1,0,sleeping,82826,12403,648892416,1446264832,694712171,1446123258
2025-05-20 04:47:33,23355,11503185920,3711422464,102.0,11.121371981466119,0,21,681.81,3.58,0.0,0.0,0.0,3712139264,0,8,4,1,0,sleeping,82826,12410,648892416,1447079936,694712171,1446938168
2025-05-20 04:47:34,23355,11503185920,3711422464,104.0,11.121371981466119,0,21,682.97,3.58,0.0,0.0,0.0,3712139264,0,8,4,1,0,sleeping,82826,12423,648892416,1448599552,694712171,1448456422
2025-05-20 04:47:36,23355,11503185920,3711422464,142.1,11.121371981466119,0,21,684.54,3.58,0.0,0.0,0.0,3712225280,0,7,4,1,0,sleeping,82826,12452,648892416,1451982848,694712171,1451839197
2025-05-20 04:47:37,23355,11503185920,3711422464,100.3,11.121371981466119,0,21,685.62,3.58,0.0,0.0,0.0,3712225280,0,7,4,1,0,sleeping,82826,12493,648892416,1456775168,694712171,1456632985
2025-05-20 04:47:38,23355,11503185920,3711422464,134.6,11.121371981466119,0,21,687.07,3.58,0.0,0.0,0.0,3712364544,0,8,4,1,0,sleeping,82826,12532,648892416,1461334016,694712171,1461191577
2025-05-20 04:47:39,23355,11503185920,3700142080,135.5,11.087570023382757,0,21,688.52,3.59,0.0,0.0,0.0,3700846592,0,8,4,1,0,sleeping,82826,12571,648892416,1465876480,694712171,1465732763
2025-05-20 04:47:40,23355,11503185920,3700142080,136.4,11.087570023382757,0,21,689.99,3.59,0.0,0.0,0.0,3700965376,0,8,4,1,0,sleeping,82826,12610,648892416,1470427136,694712171,1470283009
2025-05-20 04:47:41,23355,11503185920,3700142080,100.3,11.087570023382757,0,21,691.07,3.59,0.0,0.0,0.0,3700965376,0,8,4,1,0,sleeping,82826,12651,648892416,1475239936,694712171,1475097496
2025-05-20 04:47:42,23355,11503185920,3700404224,112.5,11.08835554455826,0,21,692.29,3.59,0.0,0.0,0.0,3701170176,0,8,4,1,0,sleeping,83942,12678,648892416,1478422528,708093567,1478279185
2025-05-20 04:47:43,23355,11503185920,3700666368,103.6,11.089141065733763,0,21,693.47,3.59,0.0,0.0,0.0,3701571584,0,7,4,1,0,sleeping,83942,12704,648892416,1481469952,708093567,1481328721
2025-05-20 04:47:44,23355,11503185920,3700666368,131.4,11.089141065733763,0,21,695.0,3.59,0.0,0.0,0.0,3701551104,0,7,4,1,0,sleeping,83942,12721,648892416,1483468800,708093567,1483324803
2025-05-20 04:47:45,23355,11503185920,3700666368,98.1,11.089141065733763,0,21,696.22,3.59,0.0,0.0,0.0,3701551104,0,7,4,1,0,sleeping,83942,12733,648892416,1484873728,708093567,1484731176
2025-05-20 04:47:47,23355,11503185920,3700666368,97.2,11.089141065733763,0,21,697.51,3.59,0.0,0.0,0.0,3701551104,0,7,4,1,0,sleeping,83942,12742,648892416,1485934592,708093567,1485792679
2025-05-20 04:47:48,23355,11503185920,3700666368,97.5,11.089141065733763,0,21,698.99,3.6,0.0,0.0,0.0,3701551104,0,7,4,1,0,sleeping,83942,12749,648892416,1486757888,708093567,1486614221
2025-05-20 04:47:50,23355,11503185920,3700666368,105.8,11.089141065733763,0,21,700.32,3.6,0.0,0.0,0.0,3701551104,0,6,4,1,0,sleeping,83942,12755,648892416,1487466496,708093567,1487322232
2025-05-20 04:47:51,23355,11503185920,3700797440,150.9,11.089533826321514,0,21,701.95,3.61,0.0,0.0,0.0,3701600256,0,8,4,1,0,sleeping,85058,12771,648892416,1489186816,721466626,1489038018
2025-05-20 04:47:52,23355,11503185920,3700928512,129.5,11.089926586909266,0,21,703.4,3.61,0.0,0.0,0.0,3701702656,0,8,4,1,0,sleeping,85058,12808,648892416,1493544960,721466626,1493395009
2025-05-20 04:47:53,23355,11503185920,3700928512,114.1,11.089926586909266,0,21,704.63,3.61,0.0,0.0,0.0,3701776384,0,8,4,1,0,sleeping,85058,12850,648892416,1498501120,721466626,1498350843
2025-05-20 04:47:54,23355,11503185920,3700928512,147.5,11.089926586909266,0,21,706.22,3.62,0.0,0.0,0.0,3701878784,0,8,4,1,0,sleeping,85058,12888,648892416,1502949376,721466626,1502798150
2025-05-20 04:47:55,23355,11503185920,3701059584,203.8,11.090319347497017,0,21,708.45,3.62,0.0,0.0,0.0,3701981184,0,8,4,1,0,sleeping,85058,12923,648892416,1507037184,721466626,1506889157
2025-05-20 04:47:56,23355,11503185920,3701059584,96.5,11.090319347497017,0,21,709.49,3.62,0.0,0.0,0.0,3701981184,0,8,4,1,0,sleeping,85058,12963,648892416,1511718912,721466626,1511566446
2025-05-20 04:47:57,23355,11503185920,3701190656,148.5,11.09071210808477,0,21,711.09,3.62,0.0,0.0,0.0,3702071296,0,7,4,1,0,sleeping,85058,13001,648892416,1516179456,721466626,1516025685
2025-05-20 04:47:58,23355,11503185920,3701190656,122.6,11.09071210808477,0,21,712.4,3.63,0.0,0.0,0.0,3702165504,0,8,4,1,0,sleeping,86170,13033,648892416,1519861760,734744670,1519707386
2025-05-20 04:48:00,23355,11503185920,3701321728,147.6,11.091104868672518,0,21,713.98,3.64,0.0,0.0,0.0,3702263808,0,8,4,1,0,sleeping,86170,13071,648892416,1524314112,734744670,1524160654
2025-05-20 04:48:01,23355,11503185920,3701321728,100.3,11.091104868672518,0,21,715.06,3.64,0.0,0.0,0.0,3702263808,0,8,4,1,0,sleeping,86170,13112,648892416,1529143296,734744670,1528989739
2025-05-20 04:48:02,23355,11503185920,3701452800,147.7,11.091497629260271,0,21,716.65,3.64,0.0,0.0,0.0,3702374400,0,8,4,1,0,sleeping,86170,13150,648892416,1533607936,734744670,1533455462
2025-05-20 04:48:03,23355,11503185920,3701583872,148.5,11.091890389848022,0,21,718.27,3.64,0.0,0.0,0.0,3702472704,0,8,4,1,0,sleeping,86170,13182,648892416,1537339392,734744670,1537186451
2025-05-20 04:48:04,23355,11503185920,3701583872,99.3,11.091890389848022,0,21,719.38,3.64,0.0,0.0,0.0,3702472704,0,8,4,1,0,sleeping,86170,13207,648892416,1540255744,734744670,1540099752
2025-05-20 04:48:05,23355,11503185920,3701583872,98.4,11.091890389848022,0,21,720.53,3.64,0.0,0.0,0.0,3702472704,0,8,4,1,0,sleeping,86170,13223,648892416,1542127616,734744670,1541971769
2025-05-20 04:48:06,23355,11503185920,3701714944,195.2,11.092283150435774,0,21,723.14,3.64,0.0,0.0,0.0,3702554624,0,8,4,1,0,sleeping,86170,13232,648892416,1543176192,734744670,1543023796
2025-05-20 04:48:08,23355,11503185920,3701714944,98.6,11.092283150435774,0,21,724.55,3.65,0.0,0.0,0.0,3702554624,0,8,4,1,0,sleeping,86170,13239,648892416,1543991296,734744670,1543838003
2025-05-20 04:48:09,23355,11503185920,3701714944,98.5,11.092283150435774,0,21,726.01,3.65,0.0,0.0,0.0,3702554624,0,8,4,1,0,sleeping,86170,13244,648892416,1544572928,734744670,1544418249
2025-05-20 04:48:10,23355,11503185920,3701714944,107.7,11.092283150435774,0,21,727.24,3.65,0.0,0.0,0.0,3702554624,0,8,4,1,0,sleeping,86170,13255,648892416,1545854976,734744670,1545702722
2025-05-20 04:48:12,23355,11503185920,3701846016,171.9,11.092675911023525,0,21,729.12,3.66,0.0,0.0,0.0,3702648832,0,8,4,1,0,sleeping,86230,13279,648892416,1548660736,735477809,1548506565
2025-05-20 04:48:13,23355,11503185920,3701846016,100.3,11.092675911023525,0,21,730.2,3.66,0.0,0.0,0.0,3702648832,0,8,4,1,0,sleeping,86656,13315,648892416,1552846848,740728225,1552693207
2025-05-20 04:48:14,23355,11503185920,3701977088,133.7,11.093068671611277,0,21,731.64,3.66,0.0,0.0,0.0,3702747136,0,8,4,1,0,sleeping,86656,13355,648892416,1557483520,740728225,1557329295
2025-05-20 04:48:15,23355,11503185920,3702108160,135.6,11.093461432199028,0,21,733.1,3.66,0.0,0.0,0.0,3702784000,0,8,4,1,0,sleeping,86656,13394,648892416,1562034176,740728225,1561881517
2025-05-20 04:48:16,23355,11503185920,3702108160,136.5,11.093461432199028,0,21,734.56,3.67,0.0,0.0,0.0,3702939648,0,8,4,1,0,sleeping,86656,13433,648892416,1566605312,740728225,1566453214
2025-05-20 04:48:17,23355,11503185920,3702108160,100.2,11.093461432199028,0,21,735.64,3.67,0.0,0.0,0.0,3702939648,0,8,4,1,0,sleeping,86656,13475,648892416,1571524608,740728225,1571370276
2025-05-20 04:48:18,23355,11503185920,3702108160,135.5,11.093461432199028,0,21,737.1,3.67,0.0,0.0,0.0,3702939648,0,8,4,1,0,sleeping,86656,13513,648892416,1576005632,740728225,1575851940
2025-05-20 04:48:19,23355,11503185920,3700006912,137.4,11.087164989026638,0,21,738.57,3.68,0.0,0.0,0.0,3700948992,0,8,4,1,0,sleeping,87772,13541,648892416,1579298816,754127448,1579145413
2025-05-20 04:48:20,23355,11503185920,3700400128,134.1,11.088343270789892,0,21,740.04,3.68,0.0,0.0,0.0,3701399552,0,8,4,1,0,sleeping,87772,13580,648892416,1583923200,754127448,1583768486
2025-05-20 04:48:21,23355,11503185920,3700400128,99.3,11.088343270789892,0,21,741.12,3.68,0.0,0.0,0.0,3701399552,0,8,4,1,0,sleeping,87772,13616,648892416,1588051968,754127448,1587899581
2025-05-20 04:48:22,23355,11503185920,3700531200,137.6,11.088736031377644,0,21,742.65,3.69,0.0,0.0,0.0,3701493760,0,8,4,1,0,sleeping,87772,13640,648892416,1590898688,754127448,1590744959
2025-05-20 04:48:23,23355,11503185920,3700531200,98.5,11.088736031377644,0,21,743.8,3.69,0.0,0.0,0.0,3701493760,0,8,4,1,0,sleeping,88886,13652,648892416,1592270848,767190042,1592112765
2025-05-20 04:48:25,23355,11503185920,3700531200,97.3,11.088736031377644,0,21,745.03,3.69,0.0,0.0,0.0,3701493760,0,8,4,1,0,sleeping,88886,13663,648892416,1593573376,767190042,1593415495
2025-05-20 04:48:26,23355,11503185920,3700531200,97.3,11.088736031377644,0,21,746.4,3.69,0.0,0.0,0.0,3701493760,0,8,4,1,0,sleeping,88886,13671,648892416,1594511360,767190042,1594354171
2025-05-20 04:48:27,23355,11503185920,3700531200,97.3,11.088736031377644,0,21,747.9,3.69,0.0,0.0,0.0,3701493760,0,8,4,1,0,sleeping,88886,13676,648892416,1595105280,767190042,1594942929
2025-05-20 04:48:29,23355,11503185920,3700662272,252.5,11.089128791965395,0,21,750.96,3.69,0.0,0.0,0.0,3701649408,0,7,4,1,0,sleeping,88886,13681,648892416,1595695104,767190042,1595532653
2025-05-20 04:48:30,23355,11503185920,3700662272,103.5,11.089128791965395,0,21,752.07,3.7,0.0,0.0,0.0,3701649408,0,8,4,1,0,sleeping,88886,13706,648892416,1598648320,767190042,1598486680
2025-05-20 04:48:31,23355,11503185920,3700793344,145.5,11.089521552553146,0,21,753.64,3.7,0.0,0.0,0.0,3701751808,0,8,4,1,0,sleeping,88886,13743,648892416,1602998272,767190042,1602835721
2025-05-20 04:48:32,23355,11503185920,3700793344,100.1,11.089521552553146,0,21,754.72,3.7,0.0,0.0,0.0,3701751808,0,8,4,1,0,sleeping,88886,13782,648892416,1607557120,767190042,1607394377
2025-05-20 04:48:33,23355,11503185920,3700924416,146.6,11.089914313140897,0,21,756.3,3.7,0.0,0.0,0.0,3701858304,0,8,4,1,0,sleeping,88886,13819,648892416,1611890688,767190042,1611727185
2025-05-20 04:48:34,23355,11503185920,3701055488,147.6,11.090307073728649,0,21,757.89,3.7,0.0,0.0,0.0,3701944320,0,8,4,1,0,sleeping,88886,13857,648892416,1616343040,767190042,1616179714
2025-05-20 04:48:35,23355,11503185920,3701055488,100.1,11.090307073728649,0,21,758.97,3.7,0.0,0.0,0.0,3701944320,0,8,4,1,0,sleeping,88886,13898,648892416,1621147648,767190042,1620984445
2025-05-20 04:48:37,23355,11503185920,3701186560,149.2,11.0906998343164,0,21,760.58,3.7,0.0,0.0,0.0,3702046720,0,8,4,1,0,sleeping,89484,13930,648892416,1624862720,774364133,1624702862
2025-05-20 04:48:38,23355,11503185920,3701317632,136.2,11.091092594904152,0,21,762.05,3.71,0.0,0.0,0.0,3702140928,0,7,4,1,0,sleeping,89484,13964,648892416,1628815360,774364133,1628654003
2025-05-20 04:48:39,23355,11503185920,3701317632,99.1,11.091092594904152,0,21,763.15,3.71,0.0,0.0,0.0,3702140928,0,7,4,1,0,sleeping,89484,13989,648892416,1631711232,774364133,1631551726
2025-05-20 04:48:40,23355,11503185920,3701317632,155.9,11.091092594904152,0,21,765.01,3.71,0.0,0.0,0.0,3702190080,0,8,4,1,0,sleeping,89484,14005,648892416,1633574912,774364133,1633411819
2025-05-20 04:48:41,23355,11503185920,3701317632,96.7,11.091092594904152,0,21,766.29,3.71,0.0,0.0,0.0,3702190080,0,8,4,1,0,sleeping,89484,14015,648892416,1634734080,774364133,1634572206
2025-05-20 04:48:42,23355,11503185920,3701317632,97.1,11.091092594904152,0,21,767.7,3.71,0.0,0.0,0.0,3702190080,0,8,4,1,0,sleeping,89484,14022,648892416,1635553280,774364133,1635393439
2025-05-20 04:48:44,23355,11503185920,3701317632,103.8,11.091092594904152,0,21,769.03,3.72,0.0,0.0,0.0,3702190080,0,8,4,1,0,sleeping,89484,14028,648892416,1636257792,774364133,1636096392
2025-05-20 04:48:45,23355,11503185920,3701317632,103.4,11.091092594904152,0,21,770.17,3.72,0.0,0.0,0.0,3702190080,0,8,4,1,0,sleeping,89484,14044,648892416,1638121472,774364133,1637959169
2025-05-20 04:48:46,23355,11503185920,3701448704,137.3,11.091485355491903,0,21,771.65,3.72,0.0,0.0,0.0,3702329344,0,8,4,1,0,sleeping,89484,14076,648892416,1641848832,774364133,1641687594
2025-05-20 04:48:47,23355,11503185920,3701448704,137.8,11.091485355491903,0,21,773.16,3.73,0.0,0.0,0.0,3702341632,0,8,4,1,0,sleeping,89484,14115,648892416,1646374912,774364133,1646212073
2025-05-20 04:48:48,23355,11503185920,3701448704,101.1,11.091485355491903,0,21,774.24,3.74,0.0,0.0,0.0,3702341632,0,8,4,1,0,sleeping,89484,14156,648892416,1651138560,774364133,1650978177
2025-05-20 04:48:49,23355,11503185920,3701448704,122.5,11.091485355491903,0,21,775.56,3.74,0.0,0.0,0.0,3702521856,0,8,4,1,0,sleeping,90606,14187,648892416,1654767616,787707394,1654607129
2025-05-20 04:48:51,23355,11503185920,3701579776,132.6,11.091878116079656,0,21,776.98,3.75,0.0,0.0,0.0,3702595584,0,8,4,1,0,sleeping,90606,14226,648892416,1659351040,787707394,1659189035
2025-05-20 04:48:52,23355,11503185920,3701841920,135.2,11.092663637255159,0,21,778.47,3.76,0.0,0.0,0.0,3702636544,0,8,4,1,0,sleeping,90606,14265,648892416,1663909888,787707394,1663746320
2025-05-20 04:48:53,23355,11503185920,3701841920,99.1,11.092663637255159,0,21,779.55,3.76,0.0,0.0,0.0,3702636544,0,8,4,1,0,sleeping,90982,14296,648892416,1667563520,792207672,1667404002
2025-05-20 04:48:54,23355,11503185920,3701841920,153.2,11.092663637255159,0,21,781.28,3.77,0.0,0.0,0.0,3702800384,0,8,4,1,0,sleeping,91718,14316,648892416,1669865472,801049655,1669704023
2025-05-20 04:48:55,23355,11503185920,3701841920,98.0,11.092663637255159,0,21,782.45,3.77,0.0,0.0,0.0,3702800384,0,8,4,1,0,sleeping,91718,14330,648892416,1671507968,801049655,1671347462
2025-05-20 04:48:56,23355,11503185920,3701841920,98.5,11.092663637255159,0,21,783.72,3.77,0.0,0.0,0.0,3702800384,0,8,4,1,0,sleeping,91718,14341,648892416,1672810496,801049655,1672650697
2025-05-20 04:48:57,23355,11503185920,3701841920,97.0,11.092663637255159,0,21,785.04,3.77,0.0,0.0,0.0,3702800384,0,8,4,1,0,sleeping,91718,14349,648892416,1673748480,801049655,1673588776
2025-05-20 04:48:59,23355,11503185920,3701841920,103.5,11.092663637255159,0,21,786.32,3.77,0.0,0.0,0.0,3702800384,0,8,4,1,0,sleeping,91718,14357,648892416,1674682368,801049655,1674520327
2025-05-20 04:49:00,23355,11503185920,3701972992,151.4,11.09305639784291,0,21,787.97,3.78,0.0,0.0,0.0,3702890496,0,8,4,1,0,sleeping,91718,14376,648892416,1676890112,801049655,1676727312
2025-05-20 04:49:01,23355,11503185920,3701972992,100.2,11.09305639784291,0,21,789.05,3.78,0.0,0.0,0.0,3702890496,0,8,4,1,0,sleeping,91718,14413,648892416,1681100800,801049655,1680936259
2025-05-20 04:49:02,23355,11503185920,3702235136,142.6,11.093841919018413,0,21,790.59,3.78,0.0,0.0,0.0,3702984704,0,8,4,1,0,sleeping,91718,14450,648892416,1685426176,801049655,1685260987
2025-05-20 04:49:03,23355,11503185920,3702235136,148.3,11.093841919018413,0,21,792.18,3.79,0.0,0.0,0.0,3703029760,0,8,4,1,0,sleeping,91718,14486,648892416,1689608192,801049655,1689444531
2025-05-20 04:49:04,23355,11503185920,3702235136,100.2,11.093841919018413,0,21,793.26,3.79,0.0,0.0,0.0,3703029760,0,8,4,1,0,sleeping,91718,14526,648892416,1694273536,801049655,1694109943
2025-05-20 04:49:05,23355,11503185920,3702235136,148.4,11.093841919018413,0,21,794.86,3.79,0.0,0.0,0.0,3703029760,0,8,4,1,0,sleeping,92092,14560,648892416,1698254848,805625020,1698090665
2025-05-20 04:49:07,23355,11503185920,3702235136,131.7,11.093841919018413,0,21,796.28,3.79,0.0,0.0,0.0,3703029760,0,8,4,1,0,sleeping,92092,14599,648892416,1702821888,805625020,1702659575
2025-05-20 04:49:08,23355,11503185920,3702235136,100.1,11.093841919018413,0,21,797.35,3.8,0.0,0.0,0.0,3703029760,0,8,4,1,0,sleeping,92092,14640,648892416,1707622400,805625020,1707459751
2025-05-20 04:49:09,23355,11503185920,3702235136,133.7,11.093841919018413,0,21,798.79,3.8,0.0,0.0,0.0,3703013376,0,8,4,1,0,sleeping,92092,14679,648892416,1712205824,805625020,1712040589
2025-05-20 04:49:10,23355,11503185920,3702235136,133.3,11.093841919018413,0,21,800.23,3.8,0.0,0.0,0.0,3703029760,0,8,4,1,0,sleeping,92092,14715,648892416,1716453376,805625020,1716288368
2025-05-20 04:49:11,23355,11503185920,3702235136,100.0,11.093841919018413,0,21,801.32,3.81,0.0,0.0,0.0,3703029760,0,7,4,1,0,sleeping,92092,14744,648892416,1719836672,805625020,1719674674
2025-05-20 04:49:12,23355,11503185920,3702235136,137.6,11.093841919018413,0,21,802.97,3.81,0.0,0.0,0.0,3702968320,0,7,4,1,0,sleeping,92092,14762,648892416,1721933824,805625020,1721768684
2025-05-20 04:49:13,23355,11503185920,3702235136,97.0,11.093841919018413,0,21,804.19,3.81,0.0,0.0,0.0,3702968320,0,8,4,1,0,sleeping,92092,14774,648892416,1723326464,805625020,1723162358
2025-05-20 04:49:14,23355,11503185920,3702235136,98.0,11.093841919018413,0,21,805.49,3.82,0.0,0.0,0.0,3702968320,0,8,4,1,0,sleeping,92092,14783,648892416,1724379136,805625020,1724215623
2025-05-20 04:49:16,23355,11503185920,3702235136,99.1,11.093841919018413,0,21,806.85,3.83,0.0,0.0,0.0,3702968320,0,8,4,1,0,sleeping,92092,14790,648892416,1725206528,805625020,1725042096
2025-05-20 04:49:17,23355,11503185920,3702235136,103.3,11.093841919018413,0,21,808.12,3.84,0.0,0.0,0.0,3702968320,0,8,4,1,0,sleeping,92092,14798,648892416,1726148608,805625020,1725983019
2025-05-20 04:49:18,23355,11503185920,3702235136,146.0,11.093841919018413,0,21,809.73,3.84,0.0,0.0,0.0,3702992896,0,8,4,1,0,sleeping,92524,14810,648892416,1727561728,810843855,1727397736
2025-05-20 04:49:19,23355,11503185920,3702235136,99.9,11.093841919018413,0,21,810.81,3.84,0.0,0.0,0.0,3702992896,0,8,4,1,0,sleeping,93220,14839,648892416,1730973696,819182261,1730809044
2025-05-20 04:49:21,23355,11503185920,3702235136,131.9,11.093841919018413,0,21,812.23,3.84,0.0,0.0,0.0,3703001088,0,8,4,1,0,sleeping,93220,14878,648892416,1735577600,819182261,1735413811
2025-05-20 04:49:22,23355,11503185920,3702235136,145.6,11.093841919018413,0,21,813.8,3.84,0.0,0.0,0.0,3703025664,0,8,4,1,0,sleeping,94336,14910,648892416,1739341824,832692994,1739173126
2025-05-20 04:49:23,23355,11503185920,3702235136,100.2,11.093841919018413,0,21,814.88,3.84,0.0,0.0,0.0,3703025664,0,8,4,1,0,sleeping,94336,14952,648892416,1744277504,832692994,1744108436
2025-05-20 04:49:24,23355,11503185920,3702235136,145.7,11.093841919018413,0,21,816.44,3.85,0.0,0.0,0.0,3703029760,0,8,4,1,0,sleeping,94336,14990,648892416,1748746240,832692994,1748578750
2025-05-20 04:49:25,23355,11503185920,3702235136,146.6,11.093841919018413,0,21,818.02,3.85,0.0,0.0,0.0,3703029760,0,8,4,1,0,sleeping,94336,15028,648892416,1753186304,832692994,1753017785
2025-05-20 04:49:26,23355,11503185920,3702235136,100.0,11.093841919018413,0,21,819.11,3.85,0.0,0.0,0.0,3703029760,0,7,4,1,0,sleeping,94336,15062,648892416,1757192192,832692994,1757023040
2025-05-20 04:49:27,23355,11503185920,3702235136,146.1,11.093841919018413,0,21,820.76,3.85,0.0,0.0,0.0,3703029760,0,8,4,1,0,sleeping,94336,15083,648892416,1759641600,832692994,1759471491
2025-05-20 04:49:28,23355,11503185920,3702235136,99.1,11.093841919018413,0,21,821.93,3.85,0.0,0.0,0.0,3703029760,0,8,4,1,0,sleeping,94336,15098,648892416,1761386496,832692994,1761218638
2025-05-20 04:49:29,23355,11503185920,3702235136,96.1,11.093841919018413,0,21,823.14,3.87,0.0,0.0,0.0,3703029760,0,8,4,1,0,sleeping,94336,15109,648892416,1762680832,832692994,1762506284
2025-05-20 04:49:31,23355,11503185920,3702235136,98.5,11.093841919018413,0,21,824.45,3.87,0.0,0.0,0.0,3703029760,0,8,4,1,0,sleeping,94336,15119,648892416,1763733504,832692994,1763560019
2025-05-20 04:49:32,23355,11503185920,3702235136,188.6,11.093841919018413,0,21,826.96,3.87,0.0,0.0,0.0,3703029760,0,7,4,1,0,sleeping,94336,15126,648892416,1764544512,832692994,1764372939
2025-05-20 04:49:33,23355,11503185920,3702235136,120.2,11.093841919018413,0,21,828.26,3.88,0.0,0.0,0.0,3703029760,0,7,4,1,0,sleeping,94336,15147,648892416,1767006208,832692994,1766834171
2025-05-20 04:49:34,23355,11503185920,3702235136,126.2,11.093841919018413,0,21,829.62,3.88,0.0,0.0,0.0,3703029760,0,8,4,1,0,sleeping,94460,15182,648892416,1771122688,834202415,1770948879
2025-05-20 04:49:35,23355,11503185920,3702235136,101.2,11.093841919018413,0,21,830.7,3.89,0.0,0.0,0.0,3703029760,0,7,4,1,0,sleeping,94460,15222,648892416,1775841280,834202415,1775666341
2025-05-20 04:49:36,23355,11503185920,3702235136,128.1,11.093841919018413,0,21,832.08,3.89,0.0,0.0,0.0,3703029760,0,8,4,1,0,sleeping,94460,15262,648892416,1780539392,834202415,1780366925
2025-05-20 04:49:38,23355,11503185920,3702235136,128.1,11.093841919018413,0,21,833.46,3.89,0.0,0.0,0.0,3703009280,0,8,4,1,0,sleeping,94460,15301,648892416,1785143296,834202415,1784969036
2025-05-20 04:49:39,23355,11503185920,3702366208,129.0,11.094234679606165,0,21,834.91,3.89,0.0,0.0,0.0,3703029760,0,8,4,1,0,sleeping,94460,15342,648892416,1789964288,834202415,1789790951
2025-05-20 04:49:40,23355,11503185920,3702366208,99.3,11.094234679606165,0,21,835.98,3.89,0.0,0.0,0.0,3703029760,0,8,4,1,0,sleeping,94460,15383,648892416,1794793472,834202415,1794618555
2025-05-20 04:49:41,23355,11503185920,3702366208,130.6,11.094234679606165,0,21,837.38,3.9,0.0,0.0,0.0,3702964224,0,8,4,1,0,sleeping,95606,15411,648892416,1798066176,847928401,1797891402
2025-05-20 04:49:42,23355,11503185920,3702366208,98.8,11.094234679606165,0,21,838.48,3.9,0.0,0.0,0.0,3702964224,0,8,4,1,0,sleeping,95744,15439,648892416,1801371648,849114723,1801196322
2025-05-20 04:49:43,23355,11503185920,3702366208,125.7,11.094234679606165,0,21,839.95,3.91,0.0,0.0,0.0,3703029760,0,8,4,1,0,sleeping,96752,15449,648892416,1802522624,860928355,1802348898
2025-05-20 04:49:44,23355,11503185920,3702366208,97.8,11.094234679606165,0,21,841.17,3.91,0.0,0.0,0.0,3703029760,0,8,4,1,0,sleeping,96752,15461,648892416,1803952128,860928355,1803780034
2025-05-20 04:49:45,23355,11503185920,3702366208,98.1,11.094234679606165,0,21,842.45,3.92,0.0,0.0,0.0,3703029760,0,8,4,1,0,sleeping,96752,15470,648892416,1805025280,860928355,1804851160
2025-05-20 04:49:47,23355,11503185920,3702366208,99.2,11.094234679606165,0,21,843.81,3.92,0.0,0.0,0.0,3703029760,0,7,4,1,0,sleeping,96752,15478,648892416,1805979648,860928355,1805804305
2025-05-20 04:49:48,23355,11503185920,3702366208,102.2,11.094234679606165,0,21,845.11,3.92,0.0,0.0,0.0,3703029760,0,7,4,1,0,sleeping,96752,15485,648892416,1806807040,860928355,1806632661
2025-05-20 04:49:49,23355,11503185920,3702366208,215.1,11.094234679606165,0,21,847.5,3.92,0.0,0.0,0.0,3703029760,0,8,4,1,0,sleeping,96752,15498,648892416,1808343040,860928355,1808169867
2025-05-20 04:49:51,23355,11503185920,3702366208,100.1,11.094234679606165,0,21,848.58,3.92,0.0,0.0,0.0,3703029760,0,8,4,1,0,sleeping,96752,15531,648892416,1812242432,860928355,1812068338
2025-05-20 04:49:52,23355,11503185920,3702366208,147.6,11.094234679606165,0,21,850.17,3.92,0.0,0.0,0.0,3703029760,0,7,4,1,0,sleeping,96752,15570,648892416,1816854528,860928355,1816681297
2025-05-20 04:49:53,23355,11503185920,3702366208,147.5,11.094234679606165,0,21,851.76,3.92,0.0,0.0,0.0,3703029760,0,8,4,1,0,sleeping,96752,15608,648892416,1821323264,860928355,1821150987
2025-05-20 04:49:54,23355,11503185920,3702366208,100.1,11.094234679606165,0,21,852.83,3.93,0.0,0.0,0.0,3703029760,0,8,4,1,0,sleeping,96752,15650,648892416,1826299904,860928355,1826127806
2025-05-20 04:49:55,23355,11503185920,3702366208,149.4,11.094234679606165,0,21,854.44,3.93,0.0,0.0,0.0,3703029760,0,8,4,1,0,sleeping,96752,15686,648892416,1830514688,860928355,1830341219
2025-05-20 04:49:56,23355,11503185920,3702366208,129.9,11.094234679606165,0,21,855.84,3.93,0.0,0.0,0.0,3703029760,0,8,4,1,0,sleeping,97098,15711,648892416,1833582592,865196401,1833410850
2025-05-20 04:49:57,23355,11503185920,3702366208,131.8,11.094234679606165,0,21,857.26,3.93,0.0,0.0,0.0,3702980608,0,8,4,1,0,sleeping,97098,15746,648892416,1837682688,865196401,1837510126
2025-05-20 04:49:58,23355,11503185920,3702366208,132.5,11.094234679606165,0,21,858.69,3.93,0.0,0.0,0.0,3703009280,0,8,4,1,0,sleeping,97098,15784,648892416,1842147328,865196401,1841974228
2025-05-20 04:49:59,23355,11503185920,3702366208,100.0,11.094234679606165,0,21,859.78,3.93,0.0,0.0,0.0,3703009280,0,8,4,1,0,sleeping,97098,15818,648892416,1846145024,865196401,1845971169
2025-05-20 04:50:00,23355,11503185920,3702366208,133.1,11.094234679606165,0,21,861.27,3.95,0.0,0.0,0.0,3702943744,0,7,4,1,0,sleeping,97098,15839,648892416,1848594432,865196401,1848415750
2025-05-20 04:50:01,23355,11503185920,3702366208,98.1,11.094234679606165,0,21,862.45,3.95,0.0,0.0,0.0,3702943744,0,8,4,1,0,sleeping,97098,15854,648892416,1850228736,865196401,1850048985
2025-05-20 04:50:03,23355,11503185920,3702366208,98.0,11.094234679606165,0,21,863.7,3.95,0.0,0.0,0.0,3702943744,0,7,4,1,0,sleeping,97098,15864,648892416,1851404288,865196401,1851227294
2025-05-20 04:50:04,23355,11503185920,3702366208,98.4,11.094234679606165,0,21,865.01,3.95,0.0,0.0,0.0,3702943744,0,8,4,1,0,sleeping,97098,15872,648892416,1852350464,865196401,1852171854
2025-05-20 04:50:05,23355,11503185920,3702366208,99.9,11.094234679606165,0,21,866.44,3.95,0.0,0.0,0.0,3702943744,0,8,4,1,0,sleeping,97098,15880,648892416,1853296640,865196401,1853119990
2025-05-20 04:50:07,23355,11503185920,3702366208,159.5,11.094234679606165,0,21,868.26,3.95,0.0,0.0,0.0,3702972416,0,8,4,1,0,sleeping,97098,15890,648892416,1854472192,865196401,1854295694
2025-05-20 04:50:08,23355,11503185920,3702366208,100.9,11.094234679606165,0,21,869.35,3.95,0.0,0.0,0.0,3702972416,0,8,4,1,0,sleeping,97098,15918,648892416,1857769472,865196401,1857593698
2025-05-20 04:50:09,23355,11503185920,3702366208,130.0,11.094234679606165,0,21,870.74,3.96,0.0,0.0,0.0,3702956032,0,8,4,1,0,sleeping,98222,15947,648892416,1861185536,878974216,1861006110
2025-05-20 04:50:10,23355,11503185920,3702366208,105.0,11.094234679606165,0,21,871.89,3.97,0.0,0.0,0.0,3702956032,0,8,4,1,0,sleeping,98222,15987,648892416,1865912320,878974216,1865734050
2025-05-20 04:50:11,23355,11503185920,3702366208,123.4,11.094234679606165,0,21,873.22,3.97,0.0,0.0,0.0,3703013376,0,8,4,1,0,sleeping,99320,16022,648892416,1870032896,892386022,1869852518
2025-05-20 04:50:12,23355,11503185920,3702366208,146.7,11.094234679606165,0,21,874.8,3.97,0.0,0.0,0.0,3703029760,0,8,4,1,0,sleeping,99320,16060,648892416,1874546688,892386022,1874364633
2025-05-20 04:50:13,23355,11503185920,3702366208,146.7,11.094234679606165,0,21,876.37,3.98,0.0,0.0,0.0,3703029760,0,8,4,1,0,sleeping,99320,16098,648892416,1879031808,892386022,1878849463
2025-05-20 04:50:14,23355,11503185920,3702366208,100.3,11.094234679606165,0,21,877.45,3.98,0.0,0.0,0.0,3703029760,0,8,4,1,0,sleeping,99320,16140,648892416,1883992064,892386022,1883809869
2025-05-20 04:50:15,23355,11503185920,3702366208,146.6,11.094234679606165,0,21,879.03,3.98,0.0,0.0,0.0,3703029760,0,8,4,1,0,sleeping,99320,16177,648892416,1888354304,892386022,1888173317
2025-05-20 04:50:16,23355,11503185920,3702366208,146.5,11.094234679606165,0,21,880.67,3.98,0.0,0.0,0.0,3703029760,0,8,4,1,0,sleeping,99320,16212,648892416,1892474880,892386022,1892294848
2025-05-20 04:50:18,23355,11503185920,3702366208,99.8,11.094234679606165,0,21,881.78,3.98,0.0,0.0,0.0,3703029760,0,8,4,1,0,sleeping,99320,16238,648892416,1895546880,892386022,1895366123
2025-05-20 04:50:19,23355,11503185920,3702366208,98.9,11.094234679606165,0,21,882.92,3.99,0.0,0.0,0.0,3703029760,0,8,4,1,0,sleeping,99320,16255,648892416,1897553920,892386022,1897374661
2025-05-20 04:50:20,23355,11503185920,3702366208,188.3,11.094234679606165,0,21,885.38,3.99,0.0,0.0,0.0,3703029760,0,8,4,1,0,sleeping,99320,16264,648892416,1898618880,892386022,1898438964
2025-05-20 04:50:21,23355,11503185920,3702366208,98.6,11.094234679606165,0,21,886.73,4.0,0.0,0.0,0.0,3703029760,0,8,4,1,0,sleeping,100212,16265,648892416,1898737664,903053686,1898558806
2025-05-20 04:50:23,23355,11503185920,3702366208,99.2,11.094234679606165,0,21,888.13,4.01,0.0,0.0,0.0,3703029760,0,8,4,1,0,sleeping,100438,16270,648892416,1899331584,905731765,1899151139
2025-05-20 04:50:24,23355,11503185920,3702366208,104.6,11.094234679606165,0,21,889.37,4.01,0.0,0.0,0.0,3703029760,0,8,4,1,0,sleeping,100438,16280,648892416,1900507136,905731765,1900325588
2025-05-20 04:50:25,23355,11503185920,3702366208,150.3,11.094234679606165,0,21,891.05,4.02,0.0,0.0,0.0,3703029760,0,8,4,1,0,sleeping,100438,16303,648892416,1903222784,905731765,1903042099
2025-05-20 04:50:26,23355,11503185920,3702366208,99.3,11.094234679606165,0,21,892.12,4.02,0.0,0.0,0.0,3703029760,0,8,4,1,0,sleeping,100438,16342,648892416,1907793920,905731765,1907612661
2025-05-20 04:50:27,23355,11503185920,3702366208,146.4,11.094234679606165,0,21,893.7,4.02,0.0,0.0,0.0,3702996992,0,8,4,1,0,sleeping,100438,16380,648892416,1912254464,905731765,1912074709
2025-05-20 04:50:28,23355,11503185920,3702366208,146.7,11.094234679606165,0,21,895.27,4.03,0.0,0.0,0.0,3703029760,0,8,4,1,0,sleeping,100438,16418,648892416,1916727296,905731765,1916548676
2025-05-20 04:50:29,23355,11503185920,3702366208,100.2,11.094234679606165,0,21,896.35,4.03,0.0,0.0,0.0,3703029760,0,8,4,1,0,sleeping,100438,16460,648892416,1921658880,905731765,1921479912
2025-05-20 04:50:31,23355,11503185920,3702366208,143.9,11.094234679606165,0,21,897.89,4.04,0.0,0.0,0.0,3703029760,0,8,4,1,0,sleeping,100438,16496,648892416,1925947392,905731765,1925761100
2025-05-20 04:50:32,23355,11503185920,3702366208,147.9,11.094234679606165,0,21,899.52,4.05,0.0,0.0,0.0,3703029760,0,8,4,1,0,sleeping,101508,16529,648892416,1929687040,918511711,1929498502
2025-05-20 04:50:33,23355,11503185920,3702366208,148.0,11.094234679606165,0,21,901.17,4.05,0.0,0.0,0.0,3703029760,0,8,4,1,0,sleeping,101508,16563,648892416,1933668352,918511711,1933481621
2025-05-20 04:50:34,23355,11503185920,3702366208,99.5,11.094234679606165,0,21,902.27,4.05,0.0,0.0,0.0,3703029760,0,7,4,1,0,sleeping,101508,16590,648892416,1936842752,918511711,1936657160
2025-05-20 04:50:35,23355,11503185920,3702366208,98.5,11.094234679606165,0,21,903.41,4.05,0.0,0.0,0.0,3703029760,0,7,4,1,0,sleeping,101508,16609,648892416,1939083264,918511711,1938897970
2025-05-20 04:50:36,23355,11503185920,3702366208,186.7,11.094234679606165,0,21,905.83,4.05,0.0,0.0,0.0,3702960128,0,7,4,1,0,sleeping,101508,16619,648892416,1940262912,918511711,1940075324
2025-05-20 04:50:37,23355,11503185920,3702366208,98.8,11.094234679606165,0,21,907.2,4.05,0.0,0.0,0.0,3702960128,0,7,4,1,0,sleeping,101508,16626,648892416,1941078016,918511711,1940892759
2025-05-20 04:50:39,23355,11503185920,3702366208,101.5,11.094234679606165,0,21,908.53,4.05,0.0,0.0,0.0,3702960128,0,8,4,1,0,sleeping,101508,16633,648892416,1941901312,918511711,1941714338
2025-05-20 04:50:40,23355,11503185920,3702366208,104.5,11.094234679606165,0,21,909.69,4.05,0.0,0.0,0.0,3702960128,0,7,4,1,0,sleeping,101508,16648,648892416,1943662592,918511711,1943477641
2025-05-20 04:50:41,23355,11503185920,3702366208,146.6,11.094234679606165,0,21,911.27,4.05,0.0,0.0,0.0,3703029760,0,8,4,1,0,sleeping,101508,16677,648892416,1947049984,918511711,1946862078
2025-05-20 04:50:42,23355,11503185920,3702366208,100.2,11.094234679606165,0,21,912.35,4.05,0.0,0.0,0.0,3703029760,0,8,4,1,0,sleeping,101508,16717,648892416,1951707136,918511711,1951519678
2025-05-20 04:50:43,23355,11503185920,3702366208,146.6,11.094234679606165,0,21,913.93,4.05,0.0,0.0,0.0,3703029760,0,8,4,1,0,sleeping,101508,16755,648892416,1956151296,918511711,1955963799
2025-05-20 04:50:44,23355,11503185920,3702366208,121.6,11.094234679606165,0,21,915.23,4.06,0.0,0.0,0.0,3703029760,0,8,4,1,0,sleeping,102628,16786,648892416,1959759872,932426871,1959573942
2025-05-20 04:50:46,23355,11503185920,3702366208,146.7,11.094234679606165,0,21,916.81,4.06,0.0,0.0,0.0,3703017472,0,8,4,1,0,sleeping,102628,16824,648892416,1964220416,932426871,1964034798
2025-05-20 04:50:47,23355,11503185920,3702366208,99.3,11.094234679606165,0,21,917.88,4.06,0.0,0.0,0.0,3703017472,0,8,4,1,0,sleeping,102628,16865,648892416,1969016832,932426871,1968829191
2025-05-20 04:50:48,23355,11503185920,3702366208,144.6,11.094234679606165,0,21,919.45,4.06,0.0,0.0,0.0,3702980608,0,8,4,1,0,sleeping,102628,16898,648892416,1972883456,932426871,1972696107
2025-05-20 04:50:49,23355,11503185920,3702366208,98.8,11.094234679606165,0,21,920.54,4.07,0.0,0.0,0.0,3702980608,0,8,4,1,0,sleeping,102628,16924,648892416,1975918592,932426871,1975731703
2025-05-20 04:50:50,23355,11503185920,3702366208,158.7,11.094234679606165,0,21,922.42,4.07,0.0,0.0,0.0,3703029760,0,8,4,1,0,sleeping,102628,16938,648892416,1977548800,932426871,1977360631
2025-05-20 04:50:51,23355,11503185920,3702366208,97.6,11.094234679606165,0,21,923.65,4.07,0.0,0.0,0.0,3703029760,0,8,4,1,0,sleeping,102628,16949,648892416,1978826752,932426871,1978639029
2025-05-20 04:50:52,23355,11503185920,3702366208,98.8,11.094234679606165,0,21,924.96,4.07,0.0,0.0,0.0,3703029760,0,8,4,1,0,sleeping,102628,16958,648892416,1979875328,932426871,1979686807
2025-05-20 04:50:54,23355,11503185920,3702366208,102.1,11.094234679606165,0,21,926.22,4.07,0.0,0.0,0.0,3703029760,0,8,4,1,0,sleeping,102628,16966,648892416,1980809216,932426871,1980620994
2025-05-20 04:50:55,23355,11503185920,3702366208,154.5,11.094234679606165,0,21,927.98,4.07,0.0,0.0,0.0,3703054336,0,8,4,1,0,sleeping,102628,16981,648892416,1982558208,932426871,1982372387
2025-05-20 04:50:56,23355,11503185920,3702366208,101.1,11.094234679606165,0,21,929.06,4.08,0.0,0.0,0.0,3703054336,0,8,4,1,0,sleeping,102628,17014,648892416,1986441216,932426871,1986254690
2025-05-20 04:50:57,23355,11503185920,3702366208,132.7,11.094234679606165,0,21,930.49,4.08,0.0,0.0,0.0,3703054336,0,8,4,1,0,sleeping,103036,17052,648892416,1990926336,937523635,1990737387
2025-05-20 04:50:58,23355,11503185920,3702366208,132.4,11.094234679606165,0,21,931.94,4.08,0.0,0.0,0.0,3703054336,0,8,4,1,0,sleeping,103036,17092,648892416,1995673600,937523635,1995482417
2025-05-20 04:50:59,23355,11503185920,3702366208,100.3,11.094234679606165,0,21,933.02,4.08,0.0,0.0,0.0,3703054336,0,8,4,1,0,sleeping,103036,17133,648892416,2000547840,937523635,2000357208
2025-05-20 04:51:00,23355,11503185920,3702366208,133.7,11.094234679606165,0,21,934.46,4.08,0.0,0.0,0.0,3703029760,0,8,4,1,0,sleeping,103036,17172,648892416,2005155840,937523635,2004965641
2025-05-20 04:51:01,23355,11503185920,3702366208,132.7,11.094234679606165,0,21,935.88,4.09,0.0,0.0,0.0,3703054336,0,8,4,1,0,sleeping,103036,17208,648892416,2009239552,937523635,2009045150
2025-05-20 04:51:02,23355,11503185920,3702366208,99.3,11.094234679606165,0,21,936.96,4.09,0.0,0.0,0.0,3703054336,0,8,4,1,0,sleeping,103036,17243,648892416,2013364224,937523635,2013169004
2025-05-20 04:51:04,23355,11503185920,3702366208,134.3,11.094234679606165,0,21,938.47,4.09,0.0,0.0,0.0,3702988800,0,8,4,1,0,sleeping,103036,17266,648892416,2016096256,937523635,2015900445
2025-05-20 04:51:05,23355,11503185920,3702366208,99.7,11.094234679606165,0,21,939.63,4.1,0.0,0.0,0.0,3702988800,0,8,4,1,0,sleeping,103520,17278,648892416,2017513472,943335906,2017320479
2025-05-20 04:51:06,23355,11503185920,3702366208,94.5,11.094234679606165,0,21,940.99,4.1,0.0,0.0,0.0,3702988800,0,8,4,1,0,sleeping,104152,17283,648892416,2018107392,951000230,2017912188
2025-05-20 04:51:07,23355,11503185920,3702366208,98.2,11.094234679606165,0,21,942.5,4.1,0.0,0.0,0.0,3702988800,0,8,4,1,0,sleeping,104152,17288,648892416,2018693120,951000230,2018500124
2025-05-20 04:51:09,23355,11503185920,3702366208,107.2,11.094234679606165,0,21,943.79,4.1,0.0,0.0,0.0,3702988800,0,8,4,1,0,sleeping,104152,17296,648892416,2019651584,951000230,2019455520
2025-05-20 04:51:10,23355,11503185920,3702366208,153.6,11.094234679606165,0,21,945.45,4.11,0.0,0.0,0.0,3703029760,0,8,4,1,0,sleeping,104152,17318,648892416,2022264832,951000230,2022071010
2025-05-20 04:51:11,23355,11503185920,3702366208,130.9,11.094234679606165,0,21,946.86,4.11,0.0,0.0,0.0,3703033856,0,8,4,1,0,sleeping,104152,17355,648892416,2026655744,951000230,2026461497
2025-05-20 04:51:12,23355,11503185920,3702366208,99.4,11.094234679606165,0,21,947.93,4.11,0.0,0.0,0.0,3703033856,0,8,4,1,0,sleeping,104718,17393,648892416,2031161344,957925616,2030969691
2025-05-20 04:51:13,23355,11503185920,3702366208,135.5,11.094234679606165,0,21,949.39,4.11,0.0,0.0,0.0,3703009280,0,7,4,1,0,sleeping,104718,17432,648892416,2035740672,957925616,2035547998
2025-05-20 04:51:14,23355,11503185920,3702366208,136.5,11.094234679606165,0,21,950.86,4.11,0.0,0.0,0.0,3703017472,0,8,4,1,0,sleeping,104718,17471,648892416,2040299520,957925616,2040106368
2025-05-20 04:51:15,23355,11503185920,3702366208,100.2,11.094234679606165,0,21,951.94,4.11,0.0,0.0,0.0,3703017472,0,8,4,1,0,sleeping,104718,17513,648892416,2045231104,957925616,2045036621
2025-05-20 04:51:17,23355,11503185920,3702366208,137.4,11.094234679606165,0,21,953.42,4.11,0.0,0.0,0.0,3702980608,0,8,4,1,0,sleeping,104718,17552,648892416,2049806336,957925616,2049613591
2025-05-20 04:51:18,23355,11503185920,3702366208,138.4,11.094234679606165,0,21,954.91,4.11,0.0,0.0,0.0,3703042048,0,8,4,1,0,sleeping,104718,17591,648892416,2054418432,957925616,2054224022
2025-05-20 04:51:19,23355,11503185920,3702366208,112.3,11.094234679606165,0,21,956.11,4.12,0.0,0.0,0.0,3703054336,0,8,4,1,0,sleeping,105206,17628,648892416,2058747904,963692335,2058555106
2025-05-20 04:51:20,23355,11503185920,3702366208,98.9,11.094234679606165,0,21,957.18,4.12,0.0,0.0,0.0,3703054336,0,8,4,1,0,sleeping,105806,17660,648892416,2062528512,970973953,2062335204
2025-05-20 04:51:21,23355,11503185920,3702366208,135.8,11.094234679606165,0,21,958.68,4.13,0.0,0.0,0.0,3703050240,0,8,4,1,0,sleeping,105806,17685,648892416,2065485824,970973953,2065290863
2025-05-20 04:51:22,23355,11503185920,3702366208,98.1,11.094234679606165,0,21,959.82,4.13,0.0,0.0,0.0,3703050240,0,8,4,1,0,sleeping,105806,17703,648892416,2067595264,970973953,2067402046
2025-05-20 04:51:23,23355,11503185920,3702366208,98.2,11.094234679606165,0,21,961.09,4.13,0.0,0.0,0.0,3703050240,0,8,4,1,0,sleeping,105806,17716,648892416,2069127168,970973953,2068933574
2025-05-20 04:51:24,23355,11503185920,3702366208,97.1,11.094234679606165,0,21,962.38,4.14,0.0,0.0,0.0,3703050240,0,8,4,1,0,sleeping,105806,17724,648892416,2070069248,970973953,2069876914
2025-05-20 04:51:26,23355,11503185920,3702366208,98.7,11.094234679606165,0,21,963.75,4.14,0.0,0.0,0.0,3703050240,0,8,4,1,0,sleeping,105806,17731,648892416,2070892544,970973953,2070699233
2025-05-20 04:51:27,23355,11503185920,3702366208,213.5,11.094234679606165,0,21,966.43,4.15,0.0,0.0,0.0,3702972416,0,8,4,1,0,sleeping,105806,17738,648892416,2071711744,970973953,2071519998
2025-05-20 04:51:28,23355,11503185920,3702366208,102.6,11.094234679606165,0,21,967.55,4.15,0.0,0.0,0.0,3702972416,0,8,4,1,0,sleeping,105854,17758,648892416,2074095616,971551247,2073902301
2025-05-20 04:51:29,23355,11503185920,3702366208,143.2,11.094234679606165,0,21,969.11,4.16,0.0,0.0,0.0,3703054336,0,8,4,1,0,sleeping,106770,17789,648892416,2077601792,982894868,2077400550
2025-05-20 04:51:31,23355,11503185920,3702366208,99.3,11.094234679606165,0,21,970.18,4.16,0.0,0.0,0.0,3703054336,0,8,4,1,0,sleeping,106770,17830,648892416,2082385920,982894868,2082186082
2025-05-20 04:51:32,23355,11503185920,3702759424,143.8,11.09541296136942,0,21,971.74,4.16,0.0,0.0,0.0,3703431168,0,8,4,1,0,sleeping,106770,17868,648892416,2086694912,982894868,2086491785
2025-05-20 04:51:33,23355,11503185920,3702759424,147.8,11.09541296136942,0,21,973.35,4.16,0.0,0.0,0.0,3703431168,0,8,4,1,0,sleeping,106770,17905,648892416,2091012096,982894868,2090810001
2025-05-20 04:51:34,23355,11503185920,3702759424,100.3,11.09541296136942,0,21,974.43,4.16,0.0,0.0,0.0,3703431168,0,8,4,1,0,sleeping,106770,17947,648892416,2095960064,982894868,2095758605
2025-05-20 04:51:35,23355,11503185920,3702759424,143.9,11.09541296136942,0,21,975.98,4.16,0.0,0.0,0.0,3703431168,0,8,4,1,0,sleeping,106770,17985,648892416,2100445184,982894868,2100240929
2025-05-20 04:51:36,23355,11503185920,3702759424,142.6,11.09541296136942,0,21,977.51,4.17,0.0,0.0,0.0,3703427072,0,8,4,1,0,sleeping,107884,18014,648892416,2103848960,996163503,2103646783
2025-05-20 04:51:37,23355,11503185920,3702759424,99.6,11.09541296136942,0,21,978.62,4.17,0.0,0.0,0.0,3703427072,0,8,4,1,0,sleeping,107884,18045,648892416,2107502592,996163503,2107301182
2025-05-20 04:51:38,23355,11503185920,3702759424,98.7,11.09541296136942,0,21,979.74,4.17,0.0,0.0,0.0,3703427072,0,8,4,1,0,sleeping,107884,18067,648892416,2110115840,996163503,2109913092
2025-05-20 04:51:39,23355,11503185920,3702759424,163.5,11.09541296136942,0,21,981.73,4.17,0.0,0.0,0.0,3703406592,0,8,4,1,0,sleeping,107884,18079,648892416,2111533056,996163503,2111329588
2025-05-20 04:51:41,23355,11503185920,3702759424,98.0,11.09541296136942,0,21,983.0,4.18,0.0,0.0,0.0,3703406592,0,8,4,1,0,sleeping,107884,18088,648892416,2112589824,996163503,2112389031
2025-05-20 04:51:42,23355,11503185920,3702759424,102.9,11.09541296136942,0,21,984.23,4.18,0.0,0.0,0.0,3703406592,0,8,4,1,0,sleeping,107884,18097,648892416,2113654784,996163503,2113452440
2025-05-20 04:51:43,23355,11503185920,3702759424,101.7,11.09541296136942,0,21,985.34,4.18,0.0,0.0,0.0,3703406592,0,8,4,1,0,sleeping,107884,18119,648892416,2116259840,996163503,2116056014
2025-05-20 04:51:44,23355,11503185920,3702759424,143.9,11.09541296136942,0,21,986.89,4.18,0.0,0.0,0.0,3703431168,0,8,4,1,0,sleeping,107884,18153,648892416,2120290304,996163503,2120085880
2025-05-20 04:51:45,23355,11503185920,3702759424,144.5,11.09541296136942,0,21,988.45,4.18,0.0,0.0,0.0,3703431168,0,8,4,1,0,sleeping,107884,18192,648892416,2124922880,996163503,2124720058
2025-05-20 04:51:46,23355,11503185920,3702759424,100.0,11.09541296136942,0,21,989.52,4.19,0.0,0.0,0.0,3703431168,0,8,4,1,0,sleeping,108572,18228,648892416,2129195008,1004054842,2128993256
2025-05-20 04:51:47,23355,11503185920,3702759424,145.7,11.09541296136942,0,21,991.09,4.19,0.0,0.0,0.0,3703431168,0,8,4,1,0,sleeping,109002,18263,648892416,2133274624,1009215322,2133074880
2025-05-20 04:51:48,23355,11503185920,3702759424,145.6,11.09541296136942,0,21,992.66,4.19,0.0,0.0,0.0,3703431168,0,8,4,1,0,sleeping,109002,18302,648892416,2137837568,1009215322,2137637705
2025-05-20 04:51:50,23355,11503185920,3702759424,99.5,11.09541296136942,0,21,993.75,4.19,0.0,0.0,0.0,3703431168,0,8,4,1,0,sleeping,109002,18343,648892416,2142633984,1009215322,2142433051
2025-05-20 04:51:51,23355,11503185920,3702759424,146.6,11.09541296136942,0,21,995.33,4.19,0.0,0.0,0.0,3703431168,0,8,4,1,0,sleeping,109002,18380,648892416,2146963456,1009215322,2146763138
2025-05-20 04:51:52,23355,11503185920,3702759424,148.4,11.09541296136942,0,21,996.92,4.2,0.0,0.0,0.0,3703431168,0,8,4,1,0,sleeping,109002,18418,648892416,2151391232,1009215322,2151190663
2025-05-20 04:51:53,23355,11503185920,3702759424,100.0,11.09541296136942,0,21,998.0,4.2,0.0,0.0,0.0,3703431168,0,8,4,1,0,sleeping,109002,18457,648892416,2155933696,1009215322,2155732493
2025-05-20 04:51:54,23355,11503185920,3702759424,149.8,11.09541296136942,0,21,999.65,4.2,0.0,0.0,0.0,3703431168,0,8,4,1,0,sleeping,109002,18483,648892416,2158960640,1009215322,2158759180
2025-05-20 04:51:55,23355,11503185920,3702759424,99.2,11.09541296136942,0,21,1000.79,4.2,0.0,0.0,0.0,3703431168,0,8,4,1,0,sleeping,110122,18494,648892416,2160254976,1022485664,2160052756
2025-05-20 04:51:56,23355,11503185920,3702759424,197.0,11.09541296136942,0,21,1003.45,4.2,0.0,0.0,0.0,3703431168,0,8,4,1,0,sleeping,110122,18506,648892416,2161655808,1022485664,2161454585
2025-05-20 04:51:57,23355,11503185920,3702759424,98.3,11.09541296136942,0,21,1004.81,4.2,0.0,0.0,0.0,3703431168,0,8,4,1,0,sleeping,110122,18514,648892416,2162589696,1022485664,2162387134
2025-05-20 04:51:59,23355,11503185920,3702759424,99.4,11.09541296136942,0,21,1006.24,4.2,0.0,0.0,0.0,3703431168,0,8,4,1,0,sleeping,110122,18520,648892416,2163294208,1022485664,2163092882
2025-05-20 04:52:00,23355,11503185920,3702759424,103.1,11.09541296136942,0,21,1007.52,4.2,0.0,0.0,0.0,3703431168,0,8,4,1,0,sleeping,110122,18527,648892416,2164113408,1022485664,2163912196
2025-05-20 04:52:02,23355,11503185920,3702759424,104.7,11.09541296136942,0,21,1008.66,4.21,0.0,0.0,0.0,3703431168,0,8,4,1,0,sleeping,110122,18547,648892416,2166353920,1022485664,2166154131
2025-05-20 04:52:03,23355,11503185920,3702759424,144.9,11.09541296136942,0,21,1010.21,4.22,0.0,0.0,0.0,3703394304,0,8,4,1,0,sleeping,110122,18580,648892416,2170232832,1022485664,2170025420
2025-05-20 04:52:04,23355,11503185920,3702890496,147.7,11.09580572195717,0,21,1011.8,4.22,0.0,0.0,0.0,3703431168,0,7,4,1,0,sleeping,110122,18615,648892416,2174365696,1022485664,2174158929
2025-05-20 04:52:05,23355,11503185920,3702890496,99.3,11.09580572195717,0,21,1012.87,4.22,0.0,0.0,0.0,3703431168,0,7,4,1,0,sleeping,110122,18654,648892416,2178953216,1022485664,2178745466
2025-05-20 04:52:06,23355,11503185920,3702890496,148.3,11.09580572195717,0,21,1014.47,4.23,0.0,0.0,0.0,3703431168,0,8,4,1,0,sleeping,110122,18692,648892416,2183405568,1022485664,2183199767
2025-05-20 04:52:07,23355,11503185920,3702890496,148.6,11.09580572195717,0,21,1016.07,4.23,0.0,0.0,0.0,3703431168,0,8,4,1,0,sleeping,110122,18730,648892416,2187857920,1022485664,2187651474
2025-05-20 04:52:08,23355,11503185920,3702890496,99.3,11.09580572195717,0,21,1017.14,4.23,0.0,0.0,0.0,3703431168,0,8,4,1,0,sleeping,111210,18763,648892416,2191699968,1035447268,2191494038
2025-05-20 04:52:09,23355,11503185920,3702890496,147.7,11.09580572195717,0,21,1018.72,4.24,0.0,0.0,0.0,3703410688,0,8,4,1,0,sleeping,111210,18801,648892416,2196119552,1035447268,2195911906
2025-05-20 04:52:10,23355,11503185920,3702890496,145.5,11.09580572195717,0,21,1020.3,4.24,0.0,0.0,0.0,3703431168,0,8,4,1,0,sleeping,111210,18838,648892416,2200432640,1035447268,2200228969
2025-05-20 04:52:11,23355,11503185920,3702890496,100.8,11.09580572195717,0,21,1021.39,4.24,0.0,0.0,0.0,3703431168,0,8,4,1,0,sleeping,111210,18875,648892416,2204741632,1035447268,2204534741
2025-05-20 04:52:12,23355,11503185920,3702890496,145.4,11.09580572195717,0,21,1022.99,4.24,0.0,0.0,0.0,3703406592,0,8,4,1,0,sleeping,111210,18901,648892416,2207789056,1035447268,2207582367
2025-05-20 04:52:13,23355,11503185920,3702890496,98.7,11.09580572195717,0,21,1024.12,4.24,0.0,0.0,0.0,3703406592,0,8,4,1,0,sleeping,111210,18922,648892416,2210222080,1035447268,2210017163
2025-05-20 04:52:15,23355,11503185920,3702890496,181.8,11.09580572195717,0,21,1026.55,4.24,0.0,0.0,0.0,3703431168,0,8,4,1,0,sleeping,111210,18934,648892416,2211618816,1035447268,2211414400
2025-05-20 04:52:16,23355,11503185920,3702890496,98.3,11.09580572195717,0,21,1027.89,4.24,0.0,0.0,0.0,3703431168,0,8,4,1,0,sleeping,111210,18942,648892416,2212556800,1035447268,2212350311
2025-05-20 04:52:17,23355,11503185920,3702890496,100.8,11.09580572195717,0,21,1029.24,4.25,0.0,0.0,0.0,3703431168,0,8,4,1,0,sleeping,111210,18949,648892416,2213376000,1035447268,2213168980
2025-05-20 04:52:19,23355,11503185920,3702890496,104.6,11.09580572195717,0,21,1030.41,4.25,0.0,0.0,0.0,3703431168,0,8,4,1,0,sleeping,111210,18962,648892416,2214895616,1035447268,2214688044
2025-05-20 04:52:20,23355,11503185920,3702890496,149.1,11.09580572195717,0,21,1032.02,4.25,0.0,0.0,0.0,3703431168,0,8,4,1,0,sleeping,111234,18989,648892416,2218041344,1035764305,2217836800
2025-05-20 04:52:21,23355,11503185920,3702890496,100.3,11.09580572195717,0,21,1033.09,4.26,0.0,0.0,0.0,3703431168,0,8,4,1,0,sleeping,111234,19029,648892416,2222727168,1035764305,2222520104
2025-05-20 04:52:22,23355,11503185920,3703152640,125.2,11.096591243132673,0,21,1034.44,4.26,0.0,0.0,0.0,3703767040,0,8,4,1,0,sleeping,111234,19069,648892416,2227380224,1035764305,2227176439
2025-05-20 04:52:23,23355,11503185920,3703152640,126.2,11.096591243132673,0,21,1035.8,4.26,0.0,0.0,0.0,3703898112,0,8,4,1,0,sleeping,111234,19109,648892416,2232066048,1035764305,2231861357
2025-05-20 04:52:24,23355,11503185920,3703283712,110.5,11.096984003720424,0,21,1037.02,4.26,0.0,0.0,0.0,3704012800,0,8,4,1,0,sleeping,111234,19150,648892416,2236858368,1035764305,2236652818
2025-05-20 04:52:25,23355,11503185920,3703283712,116.0,11.096984003720424,0,21,1038.26,4.27,0.0,0.0,0.0,3704012800,0,8,4,1,0,sleeping,111234,19191,648892416,2241638400,1035764305,2241433506
2025-05-20 04:52:26,23355,11503185920,3703283712,127.2,11.096984003720424,0,21,1039.64,4.27,0.0,0.0,0.0,3704135680,0,8,4,1,0,sleeping,111234,19231,648892416,2246340608,1035764305,2246135557
2025-05-20 04:52:27,23355,11503185920,3703414784,105.8,11.097376764308176,0,21,1040.78,4.27,0.0,0.0,0.0,3704250368,0,8,4,1,0,sleeping,111446,19264,648892416,2250149888,1037587155,2249942932
2025-05-20 04:52:28,23355,11503185920,3703545856,104.8,11.097769524895927,0,21,1041.91,4.27,0.0,0.0,0.0,3704369152,0,8,4,1,0,sleeping,111598,19292,648892416,2253279232,1038903644,2253070519
2025-05-20 04:52:29,23355,11503185920,3703545856,99.9,11.097769524895927,0,21,1043.0,4.27,0.0,0.0,0.0,3704369152,0,8,4,1,0,sleeping,112026,19360,648892416,2256654336,1043415703,2256448062
2025-05-20 04:52:31,23355,11503185920,3703676928,106.7,11.098162285483678,0,21,1044.2,4.27,0.0,0.0,0.0,3704492032,0,8,4,1,0,sleeping,112026,19378,648892416,2258857984,1043415703,2258649051
2025-05-20 04:52:32,23355,11503185920,3703676928,97.1,11.098162285483678,0,21,1045.43,4.27,0.0,0.0,0.0,3704492032,0,8,4,1,0,sleeping,112026,19391,648892416,2260279296,1043415703,2260071949
2025-05-20 04:52:33,23355,11503185920,3703676928,93.7,11.098162285483678,0,21,1046.81,4.32,0.0,0.0,0.0,3704492032,0,8,4,1,0,sleeping,112026,19396,648892416,2260885504,1043415703,2260674047
2025-05-20 04:52:35,23355,11503185920,3703676928,135.4,11.098162285483678,0,21,1048.89,4.32,0.0,0.0,0.0,3704594432,0,8,4,1,0,sleeping,112026,19400,648892416,2261372928,1043415703,2261160652
2025-05-20 04:52:36,23355,11503185920,3703676928,101.4,11.098162285483678,0,21,1050.42,4.33,0.0,0.0,0.0,3704594432,0,8,4,1,0,sleeping,112026,19404,648892416,2261872640,1043415703,2261661400
2025-05-20 04:52:38,23355,11503185920,3703676928,107.6,11.098162285483678,0,21,1051.6,4.34,0.0,0.0,0.0,3704594432,0,8,4,1,0,sleeping,112098,19419,648892416,2263314432,1044108206,2263100692
2025-05-20 04:52:39,23355,11503185920,3703808000,101.2,11.09855504607143,0,21,1052.69,4.34,0.0,0.0,0.0,3704688640,0,8,4,1,0,sleeping,112432,19466,648892416,2266984448,1047607603,2266770341
2025-05-20 04:52:40,23355,11503185920,3690438656,127.7,11.058493466120778,0,21,1054.09,4.34,0.0,0.0,0.0,3691053056,0,7,4,1,0,sleeping,113600,19494,648892416,2270089216,1059439795,2269876292
2025-05-20 04:52:41,23355,11503185920,3690438656,100.5,11.058493466120778,0,21,1055.18,4.35,0.0,0.0,0.0,3691053056,0,7,4,1,0,sleeping,114814,19524,648892416,2273435648,1071416554,2273223506
2025-05-20 04:52:42,23355,11503185920,3690569728,147.4,11.058886226708529,0,21,1056.77,4.35,0.0,0.0,0.0,3691278336,0,8,4,1,0,sleeping,114814,19550,648892416,2276597760,1071416554,2276385888
2025-05-20 04:52:43,23355,11503185920,3690700800,148.5,11.059278987296281,0,21,1058.37,4.35,0.0,0.0,0.0,3691401216,0,8,4,1,0,sleeping,114814,19584,648892416,2280566784,1071416554,2280352082
2025-05-20 04:52:44,23355,11503185920,3690700800,148.3,11.059278987296281,0,21,1059.97,4.35,0.0,0.0,0.0,3691511808,0,8,4,1,0,sleeping,114814,19610,648892416,2283724800,1071416554,2283511401
2025-05-20 04:52:45,23355,11503185920,3690700800,150.7,11.059278987296281,0,21,1061.62,4.35,0.0,0.0,0.0,3691626496,0,8,4,1,0,sleeping,114814,19635,648892416,2286710784,1071416554,2286497987
2025-05-20 04:52:46,23355,11503185920,3690700800,99.8,11.059278987296281,0,21,1062.75,4.35,0.0,0.0,0.0,3691626496,0,8,4,1,0,sleeping,114814,19657,648892416,2289311744,1071416554,2289097343
2025-05-20 04:52:47,23355,11503185920,3690700800,97.0,11.059278987296281,0,21,1063.95,4.35,0.0,0.0,0.0,3691626496,0,8,4,1,0,sleeping,114814,19671,648892416,2290962432,1071416554,2290748318
2025-05-20 04:52:49,23355,11503185920,3690700800,266.5,11.059278987296281,0,21,1068.02,4.36,0.0,0.0,0.0,3691749376,0,7,4,1,0,sleeping,114814,19676,648892416,2291556352,1071416554,2291342390
2025-05-20 04:52:50,23355,11503185920,3690700800,103.7,11.059278987296281,0,21,1069.46,4.36,0.0,0.0,0.0,3691749376,0,5,3,1,0,sleeping,114814,19681,648892416,2292121600,1071416554,2291908368
2025-05-20 04:52:52,23355,11503185920,3690700800,104.6,11.059278987296281,0,21,1070.6,4.36,0.0,0.0,0.0,3691749376,0,5,3,1,0,sleeping,114814,19699,648892416,2294263808,1071416554,2294048442
2025-05-20 04:52:53,23355,11503185920,3690962944,148.5,11.060064508471784,0,21,1072.19,4.37,0.0,0.0,0.0,3691872256,0,8,4,1,0,sleeping,116018,19719,648892416,2296688640,1083572172,2296473474
2025-05-20 04:52:54,23355,11503185920,3690962944,147.6,11.060064508471784,0,21,1073.78,4.37,0.0,0.0,0.0,3691966464,0,8,4,1,0,sleeping,116018,19748,648892416,2300170240,1083572172,2299955100
2025-05-20 04:52:55,23355,11503185920,3690962944,148.6,11.060064508471784,0,21,1075.38,4.37,0.0,0.0,0.0,3692113920,0,8,4,1,0,sleeping,116018,19778,648892416,2303717376,1083572172,2303505513
2025-05-20 04:52:56,23355,11503185920,3691225088,148.5,11.060850029647288,0,21,1076.98,4.37,0.0,0.0,0.0,3692236800,0,8,4,1,0,sleeping,116018,19812,648892416,2307702784,1083572172,2307489708
2025-05-20 04:52:57,23355,11503185920,3691487232,149.5,11.06163555082279,0,21,1078.59,4.37,0.0,0.0,0.0,3692322816,0,8,4,1,0,sleeping,116018,19839,648892416,2311020544,1083572172,2310806893
2025-05-20 04:52:58,23355,11503185920,3691487232,150.4,11.06163555082279,0,21,1080.2,4.38,0.0,0.0,0.0,3692322816,0,8,4,1,0,sleeping,116018,19871,648892416,2314858496,1083572172,2314646917
2025-05-20 04:52:59,23355,11503185920,3691487232,145.3,11.06163555082279,0,21,1081.83,4.38,0.0,0.0,0.0,3692249088,0,8,4,1,0,sleeping,117222,19896,648892416,2317795328,1095571394,2317581943
2025-05-20 04:53:00,23355,11503185920,3691487232,99.2,11.06163555082279,0,21,1082.9,4.38,0.0,0.0,0.0,3692249088,0,8,4,1,0,sleeping,117222,19927,648892416,2321522688,1095571394,2321308398
2025-05-20 04:53:01,23355,11503185920,3702132736,173.1,11.093535074809232,0,21,1084.82,4.39,0.0,0.0,0.0,3703037952,0,8,4,1,0,sleeping,117222,19946,648892416,2323668992,1095571394,2323454439
2025-05-20 04:53:02,23355,11503185920,3695955968,98.8,11.075026232111442,0,21,1085.97,4.39,0.0,0.0,0.0,3696689152,0,8,4,1,0,sleeping,117222,19960,648892416,2325307392,1095571394,2325095137
2025-05-20 04:53:04,23355,11503185920,3695955968,186.9,11.075026232111442,0,21,1088.43,4.39,0.0,0.0,0.0,3696623616,0,8,4,1,0,sleeping,117222,19968,648892416,2326253568,1095571394,2326040363
2025-05-20 04:53:05,23355,11503185920,3695955968,95.9,11.075026232111442,0,21,1089.72,4.43,0.0,0.0,0.0,3696623616,0,8,4,1,0,sleeping,117222,19974,648892416,2326974464,1095571394,2326755217
2025-05-20 04:53:06,23355,11503185920,3695955968,103.1,11.075026232111442,0,21,1091.12,4.44,0.0,0.0,0.0,3696623616,0,8,4,1,0,sleeping,117222,19980,648892416,2327678976,1095571394,2327462891
2025-05-20 04:53:08,23355,11503185920,3695955968,104.2,11.075026232111442,0,21,1092.27,4.44,0.0,0.0,0.0,3696623616,0,8,4,1,0,sleeping,117222,19991,648892416,2329006080,1095571394,2328787825
2025-05-20 04:53:09,23355,11503185920,3695955968,147.6,11.075026232111442,0,21,1093.86,4.44,0.0,0.0,0.0,3696652288,0,8,4,1,0,sleeping,117222,20015,648892416,2331815936,1095571394,2331597450
2025-05-20 04:53:10,23355,11503185920,3696349184,150.4,11.076204513874698,0,21,1095.47,4.45,0.0,0.0,0.0,3696992256,0,8,4,1,0,sleeping,117222,20045,648892416,2335453184,1095571394,2335235411
2025-05-20 04:53:11,23355,11503185920,3696349184,150.4,11.076204513874698,0,21,1097.09,4.45,0.0,0.0,0.0,3697025024,0,8,4,1,0,sleeping,117222,20073,648892416,2338836480,1095571394,2338617928
2025-05-20 04:53:12,23355,11503185920,3696349184,129.8,11.076204513874698,0,21,1098.49,4.45,0.0,0.0,0.0,3697057792,0,8,4,1,0,sleeping,117456,20101,648892416,2342182912,1098426825,2341966900
2025-05-20 04:53:13,23355,11503185920,3696349184,131.0,11.076204513874698,0,21,1099.91,4.45,0.0,0.0,0.0,3697065984,0,8,4,1,0,sleeping,117456,20132,648892416,2345885696,1098426825,2345669892
2025-05-20 04:53:14,23355,11503185920,3696349184,99.4,11.076204513874698,0,21,1100.98,4.45,0.0,0.0,0.0,3697065984,0,8,4,1,0,sleeping,117456,20165,648892416,2349867008,1098426825,2349649144
2025-05-20 04:53:15,23355,11503185920,3696349184,131.8,11.076204513874698,0,21,1102.4,4.45,0.0,0.0,0.0,3697115136,0,8,4,1,0,sleeping,117456,20196,648892416,2353561600,1098426825,2353343812
2025-05-20 04:53:16,23355,11503185920,3696480256,131.7,11.076597274462449,0,21,1103.82,4.45,0.0,0.0,0.0,3697123328,0,7,4,1,0,sleeping,117456,20228,648892416,2357329920,1098426825,2357112930
2025-05-20 04:53:17,23355,11503185920,3696480256,133.6,11.076597274462449,0,21,1105.27,4.46,0.0,0.0,0.0,3697197056,0,8,4,1,0,sleeping,117456,20250,648892416,2360000512,1098426825,2359784364
2025-05-20 04:53:18,23355,11503185920,3696480256,104.0,11.076597274462449,0,21,1106.44,4.46,0.0,0.0,0.0,3697201152,0,8,4,1,0,sleeping,117464,20269,648892416,2362281984,1098468682,2362062955
2025-05-20 04:53:20,23355,11503185920,3696480256,107.6,11.076597274462449,0,21,1107.73,4.46,0.0,0.0,0.0,3697254400,0,7,4,1,0,sleeping,117464,20285,648892416,2364104704,1098468682,2363888961
2025-05-20 04:53:21,23355,11503185920,3696480256,97.3,11.076597274462449,0,21,1108.96,4.46,0.0,0.0,0.0,3697254400,0,7,4,1,0,sleeping,117464,20296,648892416,2365349888,1098468682,2365132994
