Time,PID,Virt,Res,CPU,Memory,TCP Connections,Thread Count,User,System,Children_User,Children_System,IO,uss,swap,processor_num,core_num,cpu_num,cpu_ids,process_status,read_count,write_count,read_bytes,write_bytes,read_chars,write_chars
2025-05-20 02:23:53,15945,2119495680,31019008,0.0,0.0929492478450638,0,12,0.0,0.01,0.0,0.0,0.0,26525696,0,7,4,1,0,sleeping,45,11,0,4096,13646,3691
2025-05-20 02:23:54,15945,2119495680,31019008,0.0,0.0929492478450638,0,12,0.0,0.01,0.0,0.0,0.0,10014720,0,7,4,1,0,sleeping,45,11,0,4096,13646,3691
2025-05-20 02:23:55,15945,2119495680,31019008,0.0,0.0929492478450638,0,12,0.0,0.01,0.0,0.0,0.0,10014720,0,7,4,1,0,sleeping,45,11,0,4096,13646,3691
2025-05-20 02:23:56,15945,2119495680,31019008,0.0,0.0929492478450638,0,12,0.0,0.01,0.0,0.0,0.0,10014720,0,7,4,1,0,sleeping,45,11,0,4096,13646,3691
2025-05-20 02:23:58,15945,2119495680,31019008,0.0,0.0929492478450638,0,12,0.0,0.01,0.0,0.0,0.0,10014720,0,7,4,1,0,sleeping,45,11,0,4096,13646,3691
2025-05-20 02:23:59,15945,2119495680,31019008,0.0,0.0929492478450638,0,12,0.0,0.01,0.0,0.0,0.0,10014720,0,7,4,1,0,sleeping,45,11,0,4096,13646,3691
2025-05-20 02:24:00,15945,2119495680,31019008,0.0,0.0929492478450638,0,12,0.0,0.01,0.0,0.0,0.0,10014720,0,7,4,1,0,sleeping,45,11,0,4096,13646,3691
2025-05-20 02:24:01,15945,2119495680,31019008,0.0,0.0929492478450638,0,12,0.0,0.01,0.0,0.0,0.0,10014720,0,7,4,1,0,sleeping,45,11,0,4096,13646,3691
2025-05-20 02:24:02,15945,2119495680,31019008,0.0,0.0929492478450638,0,12,0.0,0.01,0.0,0.0,0.0,10014720,0,7,4,1,0,sleeping,45,11,0,4096,13646,3691
2025-05-20 02:24:04,15945,2119495680,31019008,0.0,0.0929492478450638,0,12,0.0,0.01,0.0,0.0,0.0,10014720,0,7,4,1,0,sleeping,45,11,0,4096,13646,3691
2025-05-20 02:24:05,15945,2119495680,31019008,0.0,0.0929492478450638,0,12,0.0,0.01,0.0,0.0,0.0,10014720,0,7,4,1,0,sleeping,45,11,0,4096,13646,3691
2025-05-20 02:24:06,15945,2119495680,31019008,0.0,0.0929492478450638,0,12,0.0,0.01,0.0,0.0,0.0,10014720,0,7,4,1,0,sleeping,45,11,0,4096,13646,3691
2025-05-20 02:24:07,15945,2119495680,31019008,0.0,0.0929492478450638,0,12,0.0,0.01,0.0,0.0,0.0,10014720,0,7,4,1,0,sleeping,45,11,0,4096,13646,3691
2025-05-20 02:24:08,15945,2119495680,31019008,0.0,0.0929492478450638,0,12,0.0,0.01,0.0,0.0,0.0,10014720,0,7,4,1,0,sleeping,45,11,0,4096,13646,3691
2025-05-20 02:24:09,15945,2119495680,31019008,0.0,0.0929492478450638,0,12,0.0,0.01,0.0,0.0,0.0,10014720,0,7,4,1,0,sleeping,45,11,0,4096,13646,3691
2025-05-20 02:24:10,15945,2119495680,31019008,0.0,0.0929492478450638,0,12,0.0,0.01,0.0,0.0,0.0,10014720,0,7,4,1,0,sleeping,45,11,0,4096,13646,3691
2025-05-20 02:24:11,15945,2119495680,31019008,0.0,0.0929492478450638,0,12,0.0,0.01,0.0,0.0,0.0,10014720,0,7,4,1,0,sleeping,45,11,0,4096,13646,3691
2025-05-20 02:24:13,15945,2119495680,31019008,0.0,0.0929492478450638,0,12,0.0,0.01,0.0,0.0,0.0,10014720,0,7,4,1,0,sleeping,45,11,0,4096,13646,3691
2025-05-20 02:24:14,15945,2119495680,31019008,0.0,0.0929492478450638,0,12,0.0,0.01,0.0,0.0,0.0,10014720,0,7,4,1,0,sleeping,45,11,0,4096,13646,3691
2025-05-20 02:24:15,15945,2119495680,31019008,0.0,0.0929492478450638,0,12,0.0,0.01,0.0,0.0,0.0,10014720,0,7,4,1,0,sleeping,49,13,0,8192,13787,3816
2025-05-20 02:24:16,15945,2119495680,31019008,0.0,0.0929492478450638,0,12,0.0,0.01,0.0,0.0,0.0,10014720,0,7,4,1,0,sleeping,49,13,0,8192,13787,3816
2025-05-20 02:24:17,15945,2119495680,31019008,0.0,0.0929492478450638,0,12,0.0,0.01,0.0,0.0,0.0,10014720,0,7,4,1,0,sleeping,49,13,0,8192,13787,3816
2025-05-20 02:24:18,15945,2119495680,31019008,0.0,0.0929492478450638,0,12,0.0,0.01,0.0,0.0,0.0,10014720,0,7,4,1,0,sleeping,49,13,0,8192,13787,3816
2025-05-20 02:24:20,15945,2119495680,31019008,0.0,0.0929492478450638,0,12,0.0,0.01,0.0,0.0,0.0,10014720,0,7,4,1,0,sleeping,49,13,0,8192,13787,3816
2025-05-20 02:24:21,15945,2119495680,31019008,0.0,0.0929492478450638,0,12,0.0,0.01,0.0,0.0,0.0,10014720,0,7,4,1,0,sleeping,49,13,0,8192,13787,3816
2025-05-20 02:24:22,15945,2119495680,31019008,0.0,0.0929492478450638,0,12,0.0,0.01,0.0,0.0,0.0,10014720,0,7,4,1,0,sleeping,49,13,0,8192,13787,3816
2025-05-20 02:24:23,15945,2119495680,31019008,0.0,0.0929492478450638,0,12,0.0,0.01,0.0,0.0,0.0,10018816,0,7,4,1,0,sleeping,50,14,0,8192,13795,3824
2025-05-20 02:24:25,15945,2119495680,31019008,0.0,0.0929492478450638,0,12,0.0,0.01,0.0,0.0,0.0,10018816,0,7,4,1,0,sleeping,50,14,0,8192,13795,3824
2025-05-20 02:24:26,15945,2119495680,31019008,0.0,0.0929492478450638,0,12,0.0,0.01,0.0,0.0,0.0,10018816,0,7,4,1,0,sleeping,50,14,0,8192,13795,3824
2025-05-20 02:24:27,15945,2119495680,31019008,0.0,0.0929492478450638,0,12,0.0,0.01,0.0,0.0,0.0,10018816,0,7,4,1,0,sleeping,50,14,0,8192,13795,3824
2025-05-20 02:24:28,15945,2119495680,31019008,0.0,0.0929492478450638,0,12,0.0,0.01,0.0,0.0,0.0,10018816,0,7,4,1,0,sleeping,50,14,0,8192,13795,3824
2025-05-20 02:24:29,15945,2119495680,31019008,0.0,0.0929492478450638,0,12,0.0,0.01,0.0,0.0,0.0,10018816,0,7,4,1,0,sleeping,50,14,0,8192,13795,3824
2025-05-20 02:24:30,15945,2119495680,31019008,0.0,0.0929492478450638,0,12,0.0,0.01,0.0,0.0,0.0,10018816,0,7,4,1,0,sleeping,50,14,0,8192,13795,3824
2025-05-20 02:24:31,15945,2119495680,31019008,0.0,0.0929492478450638,0,12,0.0,0.01,0.0,0.0,0.0,10018816,0,7,4,1,0,sleeping,50,14,0,8192,13795,3824
2025-05-20 02:24:32,15945,2119495680,31019008,0.0,0.0929492478450638,0,12,0.0,0.01,0.0,0.0,0.0,10018816,0,7,4,1,0,sleeping,50,14,0,8192,13795,3824
2025-05-20 02:24:33,15945,2119495680,31019008,0.0,0.0929492478450638,0,12,0.0,0.01,0.0,0.0,0.0,10018816,0,7,4,1,0,sleeping,50,14,0,8192,13795,3824
2025-05-20 02:24:34,15945,2119495680,31019008,0.0,0.0929492478450638,0,12,0.0,0.01,0.0,0.0,0.0,10018816,0,7,4,1,0,sleeping,50,14,0,8192,13795,3824
2025-05-20 02:24:35,15945,2119495680,31019008,0.0,0.0929492478450638,0,12,0.0,0.01,0.0,0.0,0.0,10018816,0,7,4,1,0,sleeping,50,14,0,8192,13795,3824
2025-05-20 02:24:36,15945,2119495680,31019008,0.0,0.0929492478450638,0,12,0.0,0.01,0.0,0.0,0.0,10018816,0,7,4,1,0,sleeping,50,14,0,8192,13795,3824
2025-05-20 02:24:37,15945,2119495680,31019008,0.0,0.0929492478450638,0,12,0.0,0.01,0.0,0.0,0.0,10018816,0,7,4,1,0,sleeping,50,14,0,8192,13795,3824
2025-05-20 02:24:38,15945,2119495680,31019008,0.0,0.0929492478450638,0,12,0.0,0.01,0.0,0.0,0.0,10018816,0,7,4,1,0,sleeping,50,14,0,8192,13795,3824
2025-05-20 02:24:39,15945,2119495680,31019008,0.0,0.0929492478450638,0,12,0.0,0.01,0.0,0.0,0.0,10018816,0,7,4,1,0,sleeping,52,15,0,12288,13882,3903
2025-05-20 02:24:40,15945,2119495680,31019008,0.0,0.0929492478450638,0,12,0.0,0.01,0.0,0.0,0.0,10018816,0,7,4,1,0,sleeping,52,15,0,12288,13882,3903
2025-05-20 02:24:41,15945,2119495680,31019008,0.0,0.0929492478450638,0,12,0.0,0.01,0.0,0.0,0.0,10018816,0,7,4,1,0,sleeping,52,15,0,12288,13882,3903
2025-05-20 02:24:42,15945,2119495680,31019008,0.0,0.0929492478450638,0,12,0.0,0.01,0.0,0.0,0.0,10018816,0,7,4,1,0,sleeping,52,15,0,12288,13882,3903
2025-05-20 02:24:44,15945,2119495680,31019008,0.0,0.0929492478450638,0,12,0.0,0.01,0.0,0.0,0.0,10018816,0,7,4,1,0,sleeping,52,15,0,12288,13882,3903
2025-05-20 02:24:45,15945,2119495680,31019008,0.0,0.0929492478450638,0,12,0.0,0.01,0.0,0.0,0.0,10018816,0,7,4,1,0,sleeping,52,15,0,12288,13882,3903
2025-05-20 02:24:46,15945,2119495680,31019008,0.0,0.0929492478450638,0,12,0.0,0.01,0.0,0.0,0.0,10018816,0,7,4,1,0,sleeping,52,15,0,12288,13882,3903
2025-05-20 02:24:47,15945,2119495680,31019008,0.0,0.0929492478450638,0,12,0.0,0.01,0.0,0.0,0.0,10018816,0,7,4,1,0,sleeping,52,15,0,12288,13882,3903
2025-05-20 02:24:48,15945,2119495680,31019008,0.0,0.0929492478450638,0,12,0.0,0.01,0.0,0.0,0.0,10018816,0,7,4,1,0,sleeping,52,15,0,12288,13882,3903
2025-05-20 02:24:49,15945,2119495680,31019008,0.0,0.0929492478450638,0,12,0.0,0.01,0.0,0.0,0.0,10018816,0,7,4,1,0,sleeping,52,15,0,12288,13882,3903
2025-05-20 02:24:50,15945,2119495680,31019008,0.0,0.0929492478450638,0,12,0.0,0.01,0.0,0.0,0.0,10018816,0,7,4,1,0,sleeping,52,15,0,12288,13882,3903
2025-05-20 02:24:51,15945,2119495680,31019008,0.0,0.0929492478450638,0,12,0.0,0.01,0.0,0.0,0.0,9875456,0,7,4,1,0,sleeping,52,15,0,12288,13882,3903
2025-05-20 02:24:52,15945,2119495680,31019008,0.0,0.0929492478450638,0,12,0.0,0.01,0.0,0.0,0.0,9875456,0,7,4,1,0,sleeping,52,15,0,12288,13882,3903
2025-05-20 02:24:53,15945,2119495680,31019008,0.0,0.0929492478450638,0,12,0.0,0.01,0.0,0.0,0.0,9875456,0,7,4,1,0,sleeping,52,15,0,12288,13882,3903
2025-05-20 02:24:55,15945,2119495680,31019008,0.0,0.0929492478450638,0,12,0.0,0.01,0.0,0.0,0.0,9875456,0,7,4,1,0,sleeping,52,15,0,12288,13882,3903
2025-05-20 02:24:56,15945,2119495680,31019008,0.0,0.0929492478450638,0,12,0.0,0.01,0.0,0.0,0.0,9875456,0,7,4,1,0,sleeping,52,15,0,12288,13882,3903
2025-05-20 02:24:57,15945,2119495680,31019008,0.0,0.0929492478450638,0,12,0.0,0.01,0.0,0.0,0.0,9875456,0,7,4,1,0,sleeping,52,15,0,12288,13882,3903
2025-05-20 02:24:58,15945,2119495680,31019008,0.0,0.0929492478450638,0,12,0.0,0.01,0.0,0.0,0.0,9875456,0,7,4,1,0,sleeping,52,15,0,12288,13882,3903
2025-05-20 02:24:59,15945,2119495680,31019008,0.0,0.0929492478450638,0,12,0.0,0.01,0.0,0.0,0.0,9875456,0,7,4,1,0,sleeping,52,15,0,12288,13882,3903
2025-05-20 02:25:00,15945,2119495680,31019008,0.0,0.0929492478450638,0,12,0.0,0.01,0.0,0.0,0.0,9875456,0,7,4,1,0,sleeping,52,15,0,12288,13882,3903
2025-05-20 02:25:01,15945,2119495680,31019008,0.0,0.0929492478450638,0,12,0.0,0.01,0.0,0.0,0.0,9875456,0,7,4,1,0,sleeping,52,15,0,12288,13882,3903
2025-05-20 02:25:02,15945,2119495680,31019008,0.0,0.0929492478450638,0,12,0.0,0.01,0.0,0.0,0.0,9875456,0,7,4,1,0,sleeping,52,15,0,12288,13882,3903
2025-05-20 02:25:03,15945,2119495680,31019008,0.0,0.0929492478450638,0,12,0.0,0.01,0.0,0.0,0.0,9875456,0,7,4,1,0,sleeping,52,15,0,12288,13882,3903
2025-05-20 02:25:04,15945,2119495680,31019008,0.0,0.0929492478450638,0,12,0.0,0.01,0.0,0.0,0.0,9875456,0,7,4,1,0,sleeping,52,15,0,12288,13882,3903
2025-05-20 02:25:05,15945,2119495680,31019008,0.0,0.0929492478450638,0,12,0.0,0.01,0.0,0.0,0.0,9875456,0,7,4,1,0,sleeping,52,15,0,12288,13882,3903
2025-05-20 02:25:06,15945,2119495680,31019008,0.0,0.0929492478450638,0,12,0.0,0.01,0.0,0.0,0.0,9875456,0,7,4,1,0,sleeping,52,15,0,12288,13882,3903
2025-05-20 02:25:07,15945,2119495680,31019008,0.0,0.0929492478450638,0,12,0.0,0.01,0.0,0.0,0.0,9875456,0,7,4,1,0,sleeping,52,15,0,12288,13882,3903
2025-05-20 02:25:08,15945,2119495680,31019008,0.0,0.0929492478450638,0,12,0.0,0.01,0.0,0.0,0.0,9875456,0,7,4,1,0,sleeping,52,15,0,12288,13882,3903
2025-05-20 02:25:09,15945,2119495680,31019008,0.0,0.0929492478450638,0,12,0.0,0.01,0.0,0.0,0.0,9875456,0,7,4,1,0,sleeping,52,15,0,12288,13882,3903
2025-05-20 02:25:10,15945,2119495680,31019008,0.0,0.0929492478450638,0,12,0.0,0.01,0.0,0.0,0.0,9875456,0,7,4,1,0,sleeping,52,15,0,12288,13882,3903
2025-05-20 02:25:11,15945,2119495680,31019008,0.0,0.0929492478450638,0,12,0.0,0.01,0.0,0.0,0.0,9875456,0,7,4,1,0,sleeping,52,15,0,12288,13882,3903
2025-05-20 02:25:12,15945,2119495680,31019008,0.0,0.0929492478450638,0,12,0.0,0.01,0.0,0.0,0.0,9875456,0,7,4,1,0,sleeping,52,15,0,12288,13882,3903
2025-05-20 02:25:14,15945,2119495680,31019008,0.0,0.0929492478450638,0,12,0.0,0.01,0.0,0.0,0.0,9875456,0,7,4,1,0,sleeping,52,15,0,12288,13882,3903
2025-05-20 02:25:15,15945,2119495680,31019008,0.0,0.0929492478450638,0,12,0.0,0.01,0.0,0.0,0.0,9875456,0,7,4,1,0,sleeping,52,15,0,12288,13882,3903
2025-05-20 02:25:16,15945,2119495680,31019008,0.0,0.0929492478450638,0,12,0.0,0.01,0.0,0.0,0.0,9875456,0,7,4,1,0,sleeping,54,16,0,16384,13970,3983
2025-05-20 02:25:17,15945,2119495680,31019008,0.0,0.0929492478450638,0,12,0.0,0.01,0.0,0.0,0.0,9875456,0,7,4,1,0,sleeping,54,16,0,16384,13970,3983
2025-05-20 02:25:18,15945,2119495680,31019008,0.0,0.0929492478450638,0,12,0.0,0.01,0.0,0.0,0.0,9875456,0,7,4,1,0,sleeping,54,16,0,16384,13970,3983
2025-05-20 02:25:19,15945,2119495680,31019008,0.0,0.0929492478450638,0,12,0.0,0.01,0.0,0.0,0.0,9875456,0,7,4,1,0,sleeping,54,16,0,16384,13970,3983
2025-05-20 02:25:20,15945,2119495680,31019008,0.0,0.0929492478450638,0,12,0.0,0.01,0.0,0.0,0.0,9875456,0,7,4,1,0,sleeping,54,16,0,16384,13970,3983
2025-05-20 02:25:21,15945,2119495680,31019008,0.0,0.0929492478450638,0,12,0.0,0.01,0.0,0.0,0.0,9875456,0,7,4,1,0,sleeping,54,16,0,16384,13970,3983
2025-05-20 02:25:22,15945,2119495680,31019008,0.0,0.0929492478450638,0,12,0.0,0.01,0.0,0.0,0.0,9875456,0,7,4,1,0,sleeping,54,16,0,16384,13970,3983
2025-05-20 02:25:23,15945,2119495680,31019008,0.0,0.0929492478450638,0,12,0.0,0.01,0.0,0.0,0.0,9875456,0,7,4,1,0,sleeping,54,16,0,16384,13970,3983
2025-05-20 02:25:24,15945,2119495680,31019008,0.0,0.0929492478450638,0,12,0.0,0.01,0.0,0.0,0.0,9875456,0,7,4,1,0,sleeping,54,16,0,16384,13970,3983
2025-05-20 02:25:25,15945,2119495680,31019008,0.0,0.0929492478450638,0,12,0.0,0.01,0.0,0.0,0.0,9875456,0,7,4,1,0,sleeping,54,16,0,16384,13970,3983
2025-05-20 02:25:26,15945,2119495680,31019008,0.0,0.0929492478450638,0,12,0.0,0.01,0.0,0.0,0.0,9875456,0,7,4,1,0,sleeping,54,16,0,16384,13970,3983
2025-05-20 02:25:27,15945,2119495680,31019008,0.0,0.0929492478450638,0,12,0.0,0.01,0.0,0.0,0.0,9875456,0,7,4,1,0,sleeping,54,16,0,16384,13970,3983
2025-05-20 02:25:28,15945,2119495680,31019008,0.0,0.0929492478450638,0,12,0.0,0.01,0.0,0.0,0.0,9875456,0,7,4,1,0,sleeping,54,16,0,16384,13970,3983
2025-05-20 02:25:29,15945,2119495680,31019008,0.0,0.0929492478450638,0,12,0.0,0.01,0.0,0.0,0.0,9875456,0,7,4,1,0,sleeping,54,16,0,16384,13970,3983
2025-05-20 02:25:30,15945,2119495680,31019008,0.0,0.0929492478450638,0,12,0.0,0.01,0.0,0.0,0.0,9875456,0,7,4,1,0,sleeping,54,16,0,16384,13970,3983
2025-05-20 02:25:31,15945,2119495680,31019008,0.0,0.0929492478450638,0,12,0.0,0.01,0.0,0.0,0.0,9875456,0,7,4,1,0,sleeping,54,16,0,16384,13970,3983
2025-05-20 02:25:33,15945,2119495680,31019008,0.0,0.0929492478450638,0,12,0.0,0.01,0.0,0.0,0.0,9875456,0,7,4,1,0,sleeping,54,16,0,16384,13970,3983
2025-05-20 02:25:34,15945,2119495680,31019008,0.0,0.0929492478450638,0,12,0.0,0.01,0.0,0.0,0.0,9875456,0,7,4,1,0,sleeping,54,16,0,16384,13970,3983
2025-05-20 02:25:35,15945,2119495680,31019008,0.0,0.0929492478450638,0,12,0.0,0.01,0.0,0.0,0.0,9875456,0,7,4,1,0,sleeping,54,16,0,16384,13970,3983
2025-05-20 02:25:36,15945,2119495680,31019008,0.0,0.0929492478450638,0,12,0.0,0.01,0.0,0.0,0.0,9875456,0,7,4,1,0,sleeping,54,16,0,16384,13970,3983
2025-05-20 02:25:37,15945,2119495680,31019008,0.0,0.0929492478450638,0,12,0.0,0.01,0.0,0.0,0.0,9875456,0,7,4,1,0,sleeping,54,16,0,16384,13970,3983
2025-05-20 02:25:38,15945,2119495680,31019008,0.0,0.0929492478450638,0,12,0.0,0.01,0.0,0.0,0.0,9875456,0,7,4,1,0,sleeping,54,16,0,16384,13970,3983
2025-05-20 02:25:39,15945,2119495680,31019008,0.0,0.0929492478450638,0,12,0.0,0.01,0.0,0.0,0.0,9875456,0,7,4,1,0,sleeping,54,16,0,16384,13970,3983
2025-05-20 02:25:40,15945,2119495680,31019008,0.0,0.0929492478450638,0,12,0.0,0.01,0.0,0.0,0.0,9875456,0,7,4,1,0,sleeping,54,16,0,16384,13970,3983
2025-05-20 02:25:41,15945,2119495680,31019008,0.0,0.0929492478450638,0,12,0.0,0.01,0.0,0.0,0.0,9875456,0,7,4,1,0,sleeping,56,17,0,16384,14058,4063
2025-05-20 02:25:42,15945,2119495680,31019008,0.0,0.0929492478450638,0,12,0.0,0.01,0.0,0.0,0.0,9875456,0,7,4,1,0,sleeping,56,17,0,16384,14058,4063
2025-05-20 02:25:43,15945,2119495680,31019008,0.0,0.0929492478450638,0,12,0.0,0.01,0.0,0.0,0.0,9875456,0,7,4,1,0,sleeping,56,17,0,16384,14058,4063
2025-05-20 02:25:44,15945,2119495680,31019008,0.0,0.0929492478450638,0,12,0.0,0.01,0.0,0.0,0.0,9875456,0,7,4,1,0,sleeping,56,17,0,16384,14058,4063
2025-05-20 02:25:45,15945,2119495680,31019008,0.0,0.0929492478450638,0,12,0.0,0.01,0.0,0.0,0.0,9875456,0,7,4,1,0,sleeping,56,17,0,16384,14058,4063
2025-05-20 02:25:46,15945,2119495680,31019008,0.0,0.0929492478450638,0,12,0.0,0.01,0.0,0.0,0.0,9875456,0,7,4,1,0,sleeping,56,17,0,16384,14058,4063
2025-05-20 02:25:47,15945,2119495680,31019008,0.0,0.0929492478450638,0,12,0.0,0.01,0.0,0.0,0.0,9875456,0,7,4,1,0,sleeping,56,17,0,16384,14058,4063
2025-05-20 02:25:48,15945,2119495680,31019008,0.0,0.0929492478450638,0,12,0.0,0.01,0.0,0.0,0.0,9875456,0,7,4,1,0,sleeping,56,17,0,16384,14058,4063
2025-05-20 02:25:49,15945,2119495680,31019008,0.0,0.0929492478450638,0,12,0.0,0.01,0.0,0.0,0.0,9875456,0,7,4,1,0,sleeping,56,17,0,16384,14058,4063
2025-05-20 02:25:50,15945,2119495680,31019008,0.0,0.0929492478450638,0,12,0.0,0.01,0.0,0.0,0.0,9875456,0,7,4,1,0,sleeping,56,17,0,16384,14058,4063
2025-05-20 02:25:52,15945,2119495680,31019008,0.0,0.0929492478450638,0,12,0.0,0.01,0.0,0.0,0.0,9875456,0,7,4,1,0,sleeping,56,17,0,16384,14058,4063
2025-05-20 02:25:53,15945,2119495680,31019008,0.0,0.0929492478450638,0,12,0.0,0.01,0.0,0.0,0.0,9875456,0,7,4,1,0,sleeping,56,17,0,16384,14058,4063
2025-05-20 02:25:54,15945,2119495680,31019008,0.0,0.0929492478450638,0,12,0.0,0.01,0.0,0.0,0.0,9875456,0,7,4,1,0,sleeping,56,17,0,16384,14058,4063
2025-05-20 02:25:55,15945,2119495680,31019008,0.0,0.0929492478450638,0,12,0.0,0.01,0.0,0.0,0.0,9875456,0,7,4,1,0,sleeping,56,17,0,16384,14058,4063
2025-05-20 02:25:56,15945,2119495680,31019008,0.0,0.0929492478450638,0,12,0.0,0.01,0.0,0.0,0.0,9875456,0,7,4,1,0,sleeping,56,17,0,16384,14058,4063
2025-05-20 02:25:57,15945,2119495680,31019008,0.0,0.0929492478450638,0,12,0.0,0.01,0.0,0.0,0.0,9875456,0,7,4,1,0,sleeping,56,17,0,16384,14058,4063
2025-05-20 02:25:58,15945,2119495680,31019008,0.0,0.0929492478450638,0,12,0.0,0.01,0.0,0.0,0.0,9875456,0,7,4,1,0,sleeping,56,17,0,16384,14058,4063
2025-05-20 02:25:59,15945,2119495680,31019008,0.0,0.0929492478450638,0,12,0.0,0.01,0.0,0.0,0.0,9875456,0,7,4,1,0,sleeping,56,17,0,16384,14058,4063
2025-05-20 02:26:00,15945,2119495680,31019008,0.0,0.0929492478450638,0,12,0.0,0.01,0.0,0.0,0.0,9875456,0,7,4,1,0,sleeping,56,17,0,16384,14058,4063
2025-05-20 02:26:01,15945,2119495680,31019008,0.0,0.0929492478450638,0,12,0.0,0.01,0.0,0.0,0.0,9875456,0,7,4,1,0,sleeping,56,17,0,16384,14058,4063
2025-05-20 02:26:02,15945,2119495680,31019008,0.0,0.0929492478450638,0,12,0.0,0.01,0.0,0.0,0.0,9875456,0,7,4,1,0,sleeping,56,17,0,16384,14058,4063
2025-05-20 02:26:03,15945,2119495680,31019008,0.0,0.0929492478450638,0,12,0.0,0.01,0.0,0.0,0.0,9875456,0,7,4,1,0,sleeping,56,17,0,16384,14058,4063
2025-05-20 02:26:04,15945,2119495680,31019008,0.0,0.0929492478450638,0,12,0.0,0.01,0.0,0.0,0.0,9875456,0,7,4,1,0,sleeping,56,17,0,16384,14058,4063
2025-05-20 02:26:05,15945,2119495680,31019008,0.0,0.0929492478450638,0,12,0.0,0.01,0.0,0.0,0.0,9875456,0,7,4,1,0,sleeping,56,17,0,16384,14058,4063
2025-05-20 02:26:06,15945,2119495680,31019008,0.0,0.0929492478450638,0,12,0.0,0.01,0.0,0.0,0.0,9875456,0,7,4,1,0,sleeping,56,17,0,16384,14058,4063
2025-05-20 02:26:07,15945,2120085504,31543296,0.0,0.09452029019606976,0,12,0.0,0.01,0.0,0.0,0.0,10502144,0,7,4,1,0,sleeping,58,18,0,20480,14146,4143
2025-05-20 02:26:08,15945,2120085504,31543296,0.0,0.09452029019606976,0,12,0.0,0.01,0.0,0.0,0.0,10502144,0,7,4,1,0,sleeping,58,18,0,20480,14146,4143
2025-05-20 02:26:09,15945,2120085504,31543296,0.0,0.09452029019606976,0,12,0.0,0.01,0.0,0.0,0.0,10502144,0,7,4,1,0,sleeping,58,18,0,20480,14146,4143
2025-05-20 02:26:10,15945,2120085504,31543296,0.0,0.09452029019606976,0,12,0.0,0.01,0.0,0.0,0.0,10502144,0,7,4,1,0,sleeping,58,18,0,20480,14146,4143
2025-05-20 02:26:12,15945,2120085504,31543296,0.0,0.09452029019606976,0,12,0.0,0.01,0.0,0.0,0.0,10502144,0,7,4,1,0,sleeping,58,18,0,20480,14146,4143
2025-05-20 02:26:13,15945,2120085504,31543296,0.0,0.09452029019606976,0,12,0.0,0.01,0.0,0.0,0.0,10502144,0,7,4,1,0,sleeping,58,18,0,20480,14146,4143
2025-05-20 02:26:14,15945,2120085504,31543296,0.0,0.09452029019606976,0,12,0.0,0.01,0.0,0.0,0.0,10502144,0,7,4,1,0,sleeping,58,18,0,20480,14146,4143
2025-05-20 02:26:15,15945,2120085504,31543296,0.0,0.09452029019606976,0,12,0.0,0.01,0.0,0.0,0.0,10502144,0,7,4,1,0,sleeping,58,18,0,20480,14146,4143
2025-05-20 02:26:16,15945,2120085504,31543296,0.0,0.09452029019606976,0,12,0.0,0.01,0.0,0.0,0.0,10502144,0,7,4,1,0,sleeping,58,18,0,20480,14146,4143
2025-05-20 02:26:17,15945,2120085504,31543296,0.0,0.09452029019606976,0,12,0.0,0.01,0.0,0.0,0.0,10502144,0,7,4,1,0,sleeping,58,18,0,20480,14146,4143
2025-05-20 02:26:18,15945,2120085504,31543296,0.0,0.09452029019606976,0,12,0.0,0.01,0.0,0.0,0.0,10502144,0,7,4,1,0,sleeping,58,18,0,20480,14146,4143
2025-05-20 02:26:19,15945,2120085504,31543296,0.0,0.09452029019606976,0,12,0.0,0.01,0.0,0.0,0.0,10502144,0,7,4,1,0,sleeping,58,18,0,20480,14146,4143
2025-05-20 02:26:20,15945,2120085504,31543296,0.0,0.09452029019606976,0,12,0.0,0.01,0.0,0.0,0.0,10502144,0,7,4,1,0,sleeping,58,18,0,20480,14146,4143
2025-05-20 02:26:21,15945,2120085504,31543296,0.0,0.09452029019606976,0,12,0.0,0.01,0.0,0.0,0.0,10502144,0,7,4,1,0,sleeping,58,18,0,20480,14146,4143
2025-05-20 02:26:22,15945,2120085504,31543296,0.0,0.09452029019606976,0,12,0.0,0.01,0.0,0.0,0.0,10502144,0,7,4,1,0,sleeping,58,18,0,20480,14146,4143
2025-05-20 02:26:23,15945,2120085504,31543296,0.0,0.09452029019606976,0,12,0.0,0.01,0.0,0.0,0.0,10502144,0,7,4,1,0,sleeping,58,18,0,20480,14146,4143
2025-05-20 02:26:24,15945,2120085504,31543296,0.0,0.09452029019606976,0,12,0.0,0.01,0.0,0.0,0.0,10502144,0,7,4,1,0,sleeping,58,18,0,20480,14146,4143
2025-05-20 02:26:25,15945,2120085504,31543296,0.0,0.09452029019606976,0,12,0.0,0.01,0.0,0.0,0.0,10502144,0,7,4,1,0,sleeping,58,18,0,20480,14146,4143
2025-05-20 02:26:26,15945,2120085504,31543296,0.0,0.09452029019606976,0,12,0.0,0.01,0.0,0.0,0.0,10502144,0,7,4,1,0,sleeping,58,18,0,20480,14146,4143
2025-05-20 02:26:27,15945,2120085504,31543296,0.0,0.09452029019606976,0,12,0.0,0.01,0.0,0.0,0.0,10502144,0,7,4,1,0,sleeping,58,18,0,20480,14146,4143
2025-05-20 02:26:28,15945,2120085504,31543296,0.0,0.09452029019606976,0,12,0.0,0.01,0.0,0.0,0.0,10502144,0,7,4,1,0,sleeping,58,18,0,20480,14146,4143
2025-05-20 02:26:29,15945,2120085504,31543296,0.0,0.09452029019606976,0,12,0.0,0.01,0.0,0.0,0.0,10502144,0,7,4,1,0,sleeping,58,18,0,20480,14146,4143
2025-05-20 02:26:30,15945,2120085504,31543296,0.0,0.09452029019606976,0,12,0.0,0.01,0.0,0.0,0.0,10502144,0,7,4,1,0,sleeping,58,18,0,20480,14146,4143
2025-05-20 02:26:32,15945,2120085504,31543296,0.0,0.09452029019606976,0,12,0.0,0.01,0.0,0.0,0.0,10502144,0,7,4,1,0,sleeping,58,18,0,20480,14146,4143
2025-05-20 02:26:33,15945,2120085504,31543296,0.0,0.09452029019606976,0,12,0.0,0.01,0.0,0.0,0.0,10502144,0,7,4,1,0,sleeping,58,18,0,20480,14146,4143
2025-05-20 02:26:34,15945,2120085504,31543296,0.0,0.09452029019606976,0,12,0.0,0.01,0.0,0.0,0.0,10502144,0,8,4,1,0,sleeping,60,19,0,20480,14234,4223
2025-05-20 02:26:35,15945,2120085504,31543296,0.0,0.09452029019606976,0,12,0.0,0.01,0.0,0.0,0.0,10502144,0,8,4,1,0,sleeping,60,19,0,20480,14234,4223
2025-05-20 02:26:36,15945,2120085504,31543296,0.0,0.09452029019606976,0,12,0.0,0.01,0.0,0.0,0.0,10502144,0,8,4,1,0,sleeping,60,19,0,20480,14234,4223
2025-05-20 02:26:37,15945,2120085504,31543296,0.0,0.09452029019606976,0,12,0.0,0.01,0.0,0.0,0.0,10502144,0,8,4,1,0,sleeping,60,19,0,20480,14234,4223
2025-05-20 02:26:38,15945,2120085504,31543296,0.0,0.09452029019606976,0,12,0.0,0.01,0.0,0.0,0.0,10502144,0,8,4,1,0,sleeping,60,19,0,20480,14234,4223
2025-05-20 02:26:39,15945,2120085504,31543296,0.0,0.09452029019606976,0,12,0.0,0.01,0.0,0.0,0.0,10502144,0,8,4,1,0,sleeping,60,19,0,20480,14234,4223
2025-05-20 02:26:40,15945,2120085504,31543296,0.0,0.09452029019606976,0,12,0.0,0.01,0.0,0.0,0.0,10502144,0,8,4,1,0,sleeping,60,19,0,20480,14234,4223
2025-05-20 02:26:41,15945,2120085504,31543296,0.0,0.09452029019606976,0,12,0.0,0.01,0.0,0.0,0.0,10502144,0,8,4,1,0,sleeping,60,19,0,20480,14234,4223
2025-05-20 02:26:42,15945,2120085504,31543296,0.0,0.09452029019606976,0,12,0.0,0.01,0.0,0.0,0.0,10502144,0,8,4,1,0,sleeping,60,19,0,20480,14234,4223
2025-05-20 02:26:43,15945,2120085504,31543296,0.0,0.09452029019606976,0,12,0.0,0.01,0.0,0.0,0.0,10502144,0,8,4,1,0,sleeping,60,19,0,20480,14234,4223
2025-05-20 02:26:44,15945,2120085504,31543296,0.0,0.09452029019606976,0,12,0.0,0.01,0.0,0.0,0.0,10502144,0,8,4,1,0,sleeping,60,19,0,20480,14234,4223
2025-05-20 02:26:45,15945,2120085504,31543296,0.0,0.09452029019606976,0,12,0.0,0.01,0.0,0.0,0.0,10502144,0,8,4,1,0,sleeping,60,19,0,20480,14234,4223
2025-05-20 02:26:46,15945,2120085504,31543296,0.0,0.09452029019606976,0,12,0.0,0.01,0.0,0.0,0.0,10502144,0,8,4,1,0,sleeping,60,19,0,20480,14234,4223
2025-05-20 02:26:47,15945,2120085504,31543296,0.0,0.09452029019606976,0,12,0.0,0.01,0.0,0.0,0.0,10502144,0,8,4,1,0,sleeping,60,19,0,20480,14234,4223
2025-05-20 02:26:48,15945,2120085504,31543296,0.0,0.09452029019606976,0,12,0.0,0.01,0.0,0.0,0.0,10502144,0,8,4,1,0,sleeping,60,19,0,20480,14234,4223
2025-05-20 02:26:49,15945,2120085504,31543296,0.0,0.09452029019606976,0,12,0.0,0.01,0.0,0.0,0.0,10502144,0,8,4,1,0,sleeping,60,19,0,20480,14234,4223
2025-05-20 02:26:51,15945,2120085504,31543296,0.0,0.09452029019606976,0,12,0.0,0.01,0.0,0.0,0.0,10502144,0,8,4,1,0,sleeping,60,19,0,20480,14234,4223
2025-05-20 02:26:52,15945,2120085504,31543296,0.0,0.09452029019606976,0,12,0.0,0.01,0.0,0.0,0.0,10502144,0,8,4,1,0,sleeping,60,19,0,20480,14234,4223
2025-05-20 02:26:53,15945,2120085504,31543296,0.0,0.09452029019606976,0,12,0.0,0.01,0.0,0.0,0.0,10502144,0,8,4,1,0,sleeping,60,19,0,20480,14234,4223
2025-05-20 02:26:54,15945,2120085504,31543296,0.0,0.09452029019606976,0,12,0.0,0.01,0.0,0.0,0.0,10502144,0,8,4,1,0,sleeping,60,19,0,20480,14234,4223
2025-05-20 02:26:55,15945,2120085504,31543296,0.0,0.09452029019606976,0,12,0.0,0.01,0.0,0.0,0.0,10502144,0,8,4,1,0,sleeping,60,19,0,20480,14234,4223
2025-05-20 02:26:56,15945,2120085504,31543296,0.0,0.09452029019606976,0,12,0.0,0.01,0.0,0.0,0.0,10502144,0,8,4,1,0,sleeping,60,19,0,20480,14234,4223
2025-05-20 02:26:57,15945,2120085504,31543296,0.0,0.09452029019606976,0,12,0.0,0.01,0.0,0.0,0.0,10502144,0,8,4,1,0,sleeping,60,19,0,20480,14234,4223
2025-05-20 02:26:58,15945,2120085504,31543296,0.0,0.09452029019606976,0,12,0.0,0.01,0.0,0.0,0.0,10502144,0,8,4,1,0,sleeping,60,19,0,20480,14234,4223
2025-05-20 02:26:59,15945,2120085504,31543296,0.0,0.09452029019606976,0,12,0.0,0.01,0.0,0.0,0.0,10502144,0,8,4,1,0,sleeping,60,19,0,20480,14234,4223
2025-05-20 02:27:00,15945,2120085504,31543296,0.0,0.09452029019606976,0,12,0.0,0.01,0.0,0.0,0.0,10502144,0,8,4,1,0,sleeping,62,20,0,24576,14322,4303
2025-05-20 02:27:01,15945,2120085504,31543296,0.0,0.09452029019606976,0,12,0.0,0.01,0.0,0.0,0.0,10502144,0,8,4,1,0,sleeping,62,20,0,24576,14322,4303
2025-05-20 02:27:02,15945,2120085504,31543296,0.0,0.09452029019606976,0,12,0.0,0.01,0.0,0.0,0.0,10502144,0,8,4,1,0,sleeping,62,20,0,24576,14322,4303
2025-05-20 02:27:03,15945,2120085504,31543296,0.0,0.09452029019606976,0,12,0.0,0.01,0.0,0.0,0.0,10502144,0,8,4,1,0,sleeping,62,20,0,24576,14322,4303
2025-05-20 02:27:04,15945,2120085504,31543296,0.0,0.09452029019606976,0,12,0.0,0.01,0.0,0.0,0.0,10502144,0,8,4,1,0,sleeping,62,20,0,24576,14322,4303
2025-05-20 02:27:05,15945,2120085504,31543296,0.0,0.09452029019606976,0,12,0.0,0.01,0.0,0.0,0.0,10502144,0,8,4,1,0,sleeping,62,20,0,24576,14322,4303
2025-05-20 02:27:06,15945,2120085504,31543296,0.0,0.09452029019606976,0,12,0.0,0.01,0.0,0.0,0.0,10502144,0,8,4,1,0,sleeping,62,20,0,24576,14322,4303
2025-05-20 02:27:07,15945,2120085504,31543296,0.0,0.09452029019606976,0,12,0.0,0.01,0.0,0.0,0.0,10502144,0,8,4,1,0,sleeping,62,20,0,24576,14322,4303
2025-05-20 02:27:08,15945,2120085504,31543296,0.0,0.09452029019606976,0,12,0.0,0.01,0.0,0.0,0.0,10502144,0,8,4,1,0,sleeping,62,20,0,24576,14322,4303
2025-05-20 02:27:09,15945,2120085504,31543296,0.0,0.09452029019606976,0,12,0.0,0.01,0.0,0.0,0.0,10502144,0,8,4,1,0,sleeping,62,20,0,24576,14322,4303
2025-05-20 02:27:11,15945,2120085504,31543296,0.0,0.09452029019606976,0,12,0.0,0.01,0.0,0.0,0.0,10502144,0,8,4,1,0,sleeping,62,20,0,24576,14322,4303
2025-05-20 02:27:12,15945,2120085504,31543296,0.0,0.09452029019606976,0,12,0.0,0.01,0.0,0.0,0.0,10502144,0,8,4,1,0,sleeping,62,20,0,24576,14322,4303
2025-05-20 02:27:13,15945,2120085504,31543296,0.0,0.09452029019606976,0,12,0.0,0.01,0.0,0.0,0.0,10502144,0,8,4,1,0,sleeping,62,20,0,24576,14322,4303
2025-05-20 02:27:14,15945,2120085504,31543296,0.0,0.09452029019606976,0,12,0.0,0.01,0.0,0.0,0.0,10502144,0,8,4,1,0,sleeping,62,20,0,24576,14322,4303
2025-05-20 02:27:15,15945,2120085504,31543296,0.0,0.09452029019606976,0,12,0.0,0.01,0.0,0.0,0.0,10502144,0,8,4,1,0,sleeping,62,20,0,24576,14322,4303
2025-05-20 02:27:16,15945,2120085504,31543296,0.0,0.09452029019606976,0,12,0.0,0.01,0.0,0.0,0.0,10502144,0,8,4,1,0,sleeping,62,20,0,24576,14322,4303
2025-05-20 02:27:17,15945,2120085504,31543296,0.0,0.09452029019606976,0,12,0.0,0.01,0.0,0.0,0.0,10502144,0,8,4,1,0,sleeping,62,20,0,24576,14322,4303
2025-05-20 02:27:18,15945,2120085504,31543296,0.0,0.09452029019606976,0,12,0.0,0.01,0.0,0.0,0.0,10502144,0,8,4,1,0,sleeping,62,20,0,24576,14322,4303
2025-05-20 02:27:19,15945,2120085504,31543296,0.0,0.09452029019606976,0,12,0.0,0.01,0.0,0.0,0.0,10502144,0,8,4,1,0,sleeping,62,20,0,24576,14322,4303
2025-05-20 02:27:20,15945,2120085504,31543296,0.0,0.09452029019606976,0,12,0.0,0.01,0.0,0.0,0.0,10502144,0,8,4,1,0,sleeping,62,20,0,24576,14322,4303
2025-05-20 02:27:21,15945,2120085504,31543296,0.0,0.09452029019606976,0,12,0.0,0.01,0.0,0.0,0.0,10502144,0,8,4,1,0,sleeping,62,20,0,24576,14322,4303
2025-05-20 02:27:22,15945,2120085504,31543296,0.0,0.09452029019606976,0,12,0.0,0.01,0.0,0.0,0.0,10502144,0,8,4,1,0,sleeping,62,20,0,24576,14322,4303
2025-05-20 02:27:23,15945,2120085504,31543296,0.0,0.09452029019606976,0,12,0.0,0.01,0.0,0.0,0.0,10502144,0,8,4,1,0,sleeping,62,20,0,24576,14322,4303
2025-05-20 02:27:24,15945,2120085504,31543296,0.0,0.09452029019606976,0,12,0.0,0.01,0.0,0.0,0.0,10502144,0,8,4,1,0,sleeping,62,20,0,24576,14322,4303
2025-05-20 02:27:25,15945,2120085504,31543296,0.0,0.09452029019606976,0,12,0.0,0.01,0.0,0.0,0.0,10502144,0,8,4,1,0,sleeping,62,20,0,24576,14322,4303
2025-05-20 02:27:26,15945,2120085504,31543296,0.0,0.09452029019606976,0,12,0.0,0.01,0.0,0.0,0.0,10502144,0,8,4,1,0,sleeping,62,20,0,24576,14322,4303
2025-05-20 02:27:27,15945,2120085504,31543296,0.0,0.09452029019606976,0,12,0.0,0.01,0.0,0.0,0.0,10502144,0,8,4,1,0,sleeping,64,21,0,24576,14410,4383
2025-05-20 02:27:28,15945,2120085504,31543296,0.0,0.09452029019606976,0,12,0.0,0.01,0.0,0.0,0.0,10502144,0,8,4,1,0,sleeping,64,21,0,24576,14410,4383
2025-05-20 02:27:30,15945,2120085504,31543296,0.0,0.09452029019606976,0,12,0.0,0.01,0.0,0.0,0.0,10502144,0,8,4,1,0,sleeping,64,21,0,24576,14410,4383
2025-05-20 02:27:31,15945,2120085504,31543296,0.0,0.09452029019606976,0,12,0.0,0.01,0.0,0.0,0.0,10502144,0,8,4,1,0,sleeping,64,21,0,24576,14410,4383
2025-05-20 02:27:32,15945,2120085504,31543296,0.0,0.09452029019606976,0,12,0.0,0.01,0.0,0.0,0.0,10502144,0,8,4,1,0,sleeping,64,21,0,24576,14410,4383
2025-05-20 02:27:33,15945,2120085504,31543296,0.0,0.09452029019606976,0,12,0.0,0.01,0.0,0.0,0.0,10502144,0,8,4,1,0,sleeping,64,21,0,24576,14410,4383
2025-05-20 02:27:34,15945,2120085504,31543296,0.0,0.09452029019606976,0,12,0.0,0.01,0.0,0.0,0.0,10502144,0,8,4,1,0,sleeping,64,21,0,24576,14410,4383
2025-05-20 02:27:35,15945,2120085504,31543296,0.0,0.09452029019606976,0,12,0.0,0.01,0.0,0.0,0.0,10502144,0,8,4,1,0,sleeping,64,21,0,24576,14410,4383
2025-05-20 02:27:36,15945,2120085504,31543296,0.0,0.09452029019606976,0,12,0.0,0.01,0.0,0.0,0.0,10502144,0,8,4,1,0,sleeping,64,21,0,24576,14410,4383
2025-05-20 02:27:37,15945,2120085504,31543296,0.0,0.09452029019606976,0,12,0.0,0.01,0.0,0.0,0.0,10502144,0,8,4,1,0,sleeping,64,21,0,24576,14410,4383
2025-05-20 02:27:38,15945,2120085504,31543296,0.0,0.09452029019606976,0,12,0.0,0.01,0.0,0.0,0.0,10502144,0,8,4,1,0,sleeping,64,21,0,24576,14410,4383
2025-05-20 02:27:39,15945,2120085504,31543296,0.0,0.09452029019606976,0,12,0.0,0.01,0.0,0.0,0.0,10502144,0,8,4,1,0,sleeping,64,21,0,24576,14410,4383
2025-05-20 02:27:40,15945,2120085504,31543296,0.0,0.09452029019606976,0,12,0.0,0.01,0.0,0.0,0.0,10502144,0,8,4,1,0,sleeping,64,21,0,24576,14410,4383
2025-05-20 02:27:41,15945,2120085504,31543296,0.0,0.09452029019606976,0,12,0.0,0.01,0.0,0.0,0.0,10502144,0,8,4,1,0,sleeping,64,21,0,24576,14410,4383
2025-05-20 02:27:42,15945,2120085504,31543296,0.0,0.09452029019606976,0,12,0.0,0.01,0.0,0.0,0.0,10502144,0,8,4,1,0,sleeping,64,21,0,24576,14410,4383
2025-05-20 02:27:43,15945,2120085504,31543296,0.0,0.09452029019606976,0,12,0.0,0.01,0.0,0.0,0.0,10502144,0,8,4,1,0,sleeping,64,21,0,24576,14410,4383
2025-05-20 02:27:44,15945,2120085504,31543296,0.0,0.09452029019606976,0,12,0.0,0.01,0.0,0.0,0.0,10502144,0,8,4,1,0,sleeping,64,21,0,24576,14410,4383
2025-05-20 02:27:45,15945,2120085504,31543296,0.0,0.09452029019606976,0,12,0.0,0.01,0.0,0.0,0.0,10502144,0,8,4,1,0,sleeping,64,21,0,24576,14410,4383
2025-05-20 02:27:46,15945,2120085504,31543296,0.0,0.09452029019606976,0,12,0.0,0.01,0.0,0.0,0.0,10502144,0,8,4,1,0,sleeping,64,21,0,24576,14410,4383
2025-05-20 02:27:47,15945,2120085504,31543296,0.0,0.09452029019606976,0,12,0.0,0.01,0.0,0.0,0.0,10502144,0,8,4,1,0,sleeping,64,21,0,24576,14410,4383
2025-05-20 02:27:49,15945,2120085504,31543296,0.0,0.09452029019606976,0,12,0.0,0.01,0.0,0.0,0.0,10502144,0,8,4,1,0,sleeping,64,21,0,24576,14410,4383
2025-05-20 02:27:50,15945,2120085504,31543296,0.0,0.09452029019606976,0,12,0.0,0.01,0.0,0.0,0.0,10502144,0,8,4,1,0,sleeping,64,21,0,24576,14410,4383
2025-05-20 02:27:51,15945,2120085504,31543296,0.0,0.09452029019606976,0,12,0.0,0.01,0.0,0.0,0.0,10502144,0,8,4,1,0,sleeping,64,21,0,24576,14410,4383
2025-05-20 02:27:52,15945,2120085504,31543296,0.0,0.09452029019606976,0,12,0.0,0.01,0.0,0.0,0.0,10502144,0,8,4,1,0,sleeping,64,21,0,24576,14410,4383
2025-05-20 02:27:53,15945,2120085504,31543296,0.0,0.09452029019606976,0,12,0.0,0.01,0.0,0.0,0.0,10502144,0,8,4,1,0,sleeping,64,21,0,24576,14410,4383
2025-05-20 02:27:54,15945,2120085504,31543296,0.0,0.09452029019606976,0,12,0.0,0.01,0.0,0.0,0.0,10502144,0,8,4,1,0,sleeping,64,21,0,24576,14410,4383
2025-05-20 02:27:55,15945,2120085504,31543296,0.0,0.09452029019606976,0,12,0.0,0.01,0.0,0.0,0.0,10502144,0,8,4,1,0,sleeping,64,21,0,24576,14410,4383
2025-05-20 02:27:56,15945,2120085504,31543296,0.0,0.09452029019606976,0,12,0.0,0.01,0.0,0.0,0.0,10502144,0,8,4,1,0,sleeping,66,22,0,28672,14498,4463
2025-05-20 02:27:57,15945,2120085504,31543296,0.0,0.09452029019606976,0,12,0.0,0.01,0.0,0.0,0.0,10502144,0,8,4,1,0,sleeping,66,22,0,28672,14498,4463
2025-05-20 02:27:58,15945,2120085504,31543296,0.0,0.09452029019606976,0,12,0.0,0.01,0.0,0.0,0.0,10502144,0,8,4,1,0,sleeping,66,22,0,28672,14498,4463
2025-05-20 02:27:59,15945,2120085504,31543296,0.0,0.09452029019606976,0,12,0.0,0.01,0.0,0.0,0.0,10502144,0,8,4,1,0,sleeping,66,22,0,28672,14498,4463
2025-05-20 02:28:00,15945,2120085504,31543296,0.0,0.09452029019606976,0,12,0.0,0.01,0.0,0.0,0.0,10502144,0,8,4,1,0,sleeping,66,22,0,28672,14498,4463
2025-05-20 02:28:01,15945,2120085504,31543296,0.0,0.09452029019606976,0,12,0.0,0.01,0.0,0.0,0.0,10502144,0,8,4,1,0,sleeping,66,22,0,28672,14498,4463
2025-05-20 02:28:02,15945,2120085504,31543296,0.0,0.09452029019606976,0,12,0.0,0.01,0.0,0.0,0.0,10502144,0,8,4,1,0,sleeping,66,22,0,28672,14498,4463
2025-05-20 02:28:03,15945,2120085504,31543296,0.0,0.09452029019606976,0,12,0.0,0.01,0.0,0.0,0.0,10502144,0,8,4,1,0,sleeping,66,22,0,28672,14498,4463
2025-05-20 02:28:04,15945,2120085504,31543296,0.0,0.09452029019606976,0,12,0.0,0.01,0.0,0.0,0.0,10502144,0,8,4,1,0,sleeping,66,22,0,28672,14498,4463
2025-05-20 02:28:05,15945,2120085504,31543296,0.0,0.09452029019606976,0,12,0.0,0.01,0.0,0.0,0.0,10502144,0,8,4,1,0,sleeping,66,22,0,28672,14498,4463
2025-05-20 02:28:06,15945,2120085504,31543296,0.0,0.09452029019606976,0,12,0.0,0.01,0.0,0.0,0.0,10502144,0,8,4,1,0,sleeping,66,22,0,28672,14498,4463
2025-05-20 02:28:08,15945,2120085504,31543296,0.0,0.09452029019606976,0,12,0.0,0.01,0.0,0.0,0.0,10502144,0,8,4,1,0,sleeping,66,22,0,28672,14498,4463
2025-05-20 02:28:09,15945,2120085504,31543296,0.0,0.09452029019606976,0,12,0.0,0.01,0.0,0.0,0.0,10502144,0,8,4,1,0,sleeping,66,22,0,28672,14498,4463
2025-05-20 02:28:10,15945,2120085504,31543296,0.0,0.09452029019606976,0,12,0.0,0.01,0.0,0.0,0.0,10502144,0,8,4,1,0,sleeping,66,22,0,28672,14498,4463
2025-05-20 02:28:11,15945,2120085504,31543296,0.0,0.09452029019606976,0,12,0.0,0.01,0.0,0.0,0.0,10502144,0,8,4,1,0,sleeping,66,22,0,28672,14498,4463
2025-05-20 02:28:12,15945,2120085504,31543296,0.0,0.09452029019606976,0,12,0.0,0.01,0.0,0.0,0.0,10502144,0,8,4,1,0,sleeping,66,22,0,28672,14498,4463
2025-05-20 02:28:13,15945,2120085504,31543296,0.0,0.09452029019606976,0,12,0.0,0.01,0.0,0.0,0.0,10502144,0,8,4,1,0,sleeping,66,22,0,28672,14498,4463
2025-05-20 02:28:14,15945,2120085504,31543296,0.0,0.09452029019606976,0,12,0.0,0.01,0.0,0.0,0.0,10502144,0,8,4,1,0,sleeping,66,22,0,28672,14498,4463
2025-05-20 02:28:15,15945,2120085504,31543296,0.0,0.09452029019606976,0,12,0.0,0.01,0.0,0.0,0.0,10502144,0,8,4,1,0,sleeping,66,22,0,28672,14498,4463
2025-05-20 02:28:16,15945,2120085504,31543296,0.0,0.09452029019606976,0,12,0.0,0.01,0.0,0.0,0.0,10502144,0,8,4,1,0,sleeping,66,22,0,28672,14498,4463
2025-05-20 02:28:17,15945,2120085504,31543296,0.0,0.09452029019606976,0,12,0.0,0.01,0.0,0.0,0.0,10502144,0,8,4,1,0,sleeping,66,22,0,28672,14498,4463
2025-05-20 02:28:18,15945,2120085504,31543296,0.0,0.09452029019606976,0,12,0.0,0.01,0.0,0.0,0.0,10502144,0,8,4,1,0,sleeping,66,22,0,28672,14498,4463
2025-05-20 02:28:19,15945,2120085504,31543296,0.0,0.09452029019606976,0,12,0.0,0.01,0.0,0.0,0.0,10502144,0,8,4,1,0,sleeping,66,22,0,28672,14498,4463
2025-05-20 02:28:20,15945,2120085504,31543296,0.0,0.09452029019606976,0,12,0.0,0.01,0.0,0.0,0.0,10502144,0,8,4,1,0,sleeping,66,22,0,28672,14498,4463
2025-05-20 02:28:21,15945,2120085504,31543296,0.0,0.09452029019606976,0,12,0.0,0.01,0.0,0.0,0.0,10502144,0,8,4,1,0,sleeping,66,22,0,28672,14498,4463
2025-05-20 02:28:22,15945,2120085504,31543296,0.0,0.09452029019606976,0,12,0.0,0.01,0.0,0.0,0.0,10502144,0,8,4,1,0,sleeping,66,22,0,28672,14498,4463
2025-05-20 02:28:23,15945,2120085504,31674368,0.0,0.09491305078382126,0,12,0.0,0.01,0.0,0.0,0.0,10563584,0,8,4,1,0,sleeping,68,23,0,28672,14586,4543
2025-05-20 02:28:24,15945,2120085504,31674368,0.0,0.09491305078382126,0,12,0.0,0.01,0.0,0.0,0.0,10563584,0,8,4,1,0,sleeping,68,23,0,28672,14586,4543
2025-05-20 02:28:25,15945,2120085504,31674368,0.0,0.09491305078382126,0,12,0.0,0.01,0.0,0.0,0.0,10563584,0,8,4,1,0,sleeping,68,23,0,28672,14586,4543
2025-05-20 02:28:27,15945,2120085504,31674368,0.0,0.09491305078382126,0,12,0.0,0.01,0.0,0.0,0.0,10563584,0,8,4,1,0,sleeping,68,23,0,28672,14586,4543
2025-05-20 02:28:28,15945,2120085504,31674368,0.0,0.09491305078382126,0,12,0.0,0.01,0.0,0.0,0.0,10563584,0,8,4,1,0,sleeping,68,23,0,28672,14586,4543
2025-05-20 02:28:29,15945,2120085504,31674368,0.0,0.09491305078382126,0,12,0.0,0.01,0.0,0.0,0.0,10563584,0,8,4,1,0,sleeping,68,23,0,28672,14586,4543
2025-05-20 02:28:30,15945,2120085504,31674368,0.0,0.09491305078382126,0,12,0.0,0.01,0.0,0.0,0.0,10563584,0,8,4,1,0,sleeping,68,23,0,28672,14586,4543
2025-05-20 02:28:31,15945,2120085504,31674368,0.0,0.09491305078382126,0,12,0.0,0.01,0.0,0.0,0.0,10563584,0,8,4,1,0,sleeping,68,23,0,28672,14586,4543
2025-05-20 02:28:32,15945,2120085504,31674368,0.0,0.09491305078382126,0,12,0.0,0.01,0.0,0.0,0.0,10563584,0,8,4,1,0,sleeping,68,23,0,28672,14586,4543
2025-05-20 02:28:33,15945,2120085504,31674368,0.0,0.09491305078382126,0,12,0.0,0.01,0.0,0.0,0.0,10563584,0,8,4,1,0,sleeping,68,23,0,28672,14586,4543
2025-05-20 02:28:34,15945,2120085504,31674368,0.0,0.09491305078382126,0,12,0.0,0.01,0.0,0.0,0.0,10563584,0,8,4,1,0,sleeping,68,23,0,28672,14586,4543
2025-05-20 02:28:35,15945,2120085504,31674368,0.0,0.09491305078382126,0,12,0.0,0.01,0.0,0.0,0.0,10563584,0,8,4,1,0,sleeping,68,23,0,28672,14586,4543
2025-05-20 02:28:36,15945,2120085504,31674368,0.0,0.09491305078382126,0,12,0.0,0.01,0.0,0.0,0.0,10563584,0,8,4,1,0,sleeping,68,23,0,28672,14586,4543
2025-05-20 02:28:37,15945,2120085504,31674368,0.0,0.09491305078382126,0,12,0.0,0.01,0.0,0.0,0.0,10563584,0,8,4,1,0,sleeping,68,23,0,28672,14586,4543
2025-05-20 02:28:38,15945,2120085504,31674368,0.0,0.09491305078382126,0,12,0.0,0.01,0.0,0.0,0.0,10563584,0,8,4,1,0,sleeping,68,23,0,28672,14586,4543
2025-05-20 02:28:39,15945,2120085504,31674368,0.0,0.09491305078382126,0,12,0.0,0.01,0.0,0.0,0.0,10563584,0,8,4,1,0,sleeping,68,23,0,28672,14586,4543
2025-05-20 02:28:40,15945,2120085504,31674368,0.0,0.09491305078382126,0,12,0.0,0.01,0.0,0.0,0.0,10563584,0,8,4,1,0,sleeping,68,23,0,28672,14586,4543
2025-05-20 02:28:41,15945,2120085504,31674368,0.0,0.09491305078382126,0,12,0.0,0.01,0.0,0.0,0.0,10563584,0,8,4,1,0,sleeping,68,23,0,28672,14586,4543
2025-05-20 02:28:42,15945,2120085504,31674368,0.0,0.09491305078382126,0,12,0.0,0.01,0.0,0.0,0.0,10563584,0,8,4,1,0,sleeping,68,23,0,28672,14586,4543
2025-05-20 02:28:43,15945,2120085504,31674368,0.0,0.09491305078382126,0,12,0.0,0.01,0.0,0.0,0.0,10563584,0,8,4,1,0,sleeping,68,23,0,28672,14586,4543
2025-05-20 02:28:44,15945,2120085504,31674368,0.0,0.09491305078382126,0,12,0.0,0.01,0.0,0.0,0.0,10563584,0,8,4,1,0,sleeping,68,23,0,28672,14586,4543
2025-05-20 02:28:46,15945,2120085504,31674368,0.0,0.09491305078382126,0,12,0.0,0.01,0.0,0.0,0.0,10563584,0,8,4,1,0,sleeping,68,23,0,28672,14586,4543
2025-05-20 02:28:47,15945,2120085504,31674368,0.0,0.09491305078382126,0,12,0.0,0.01,0.0,0.0,0.0,10563584,0,8,4,1,0,sleeping,68,23,0,28672,14586,4543
2025-05-20 02:28:48,15945,2120085504,31674368,0.0,0.09491305078382126,0,12,0.0,0.01,0.0,0.0,0.0,10563584,0,8,4,1,0,sleeping,68,23,0,28672,14586,4543
2025-05-20 02:28:49,15945,2120085504,31674368,0.0,0.09491305078382126,0,12,0.0,0.01,0.0,0.0,0.0,10563584,0,8,4,1,0,sleeping,68,23,0,28672,14586,4543
2025-05-20 02:28:50,15945,2120085504,31674368,0.0,0.09491305078382126,0,12,0.0,0.01,0.0,0.0,0.0,10489856,0,8,4,1,0,sleeping,68,23,0,28672,14586,4543
2025-05-20 02:28:51,15945,2120085504,31674368,0.0,0.09491305078382126,0,12,0.0,0.01,0.0,0.0,0.0,10489856,0,8,4,1,0,sleeping,68,23,0,28672,14586,4543
2025-05-20 02:28:52,15945,2120085504,31121408,0.0,0.09325609205424465,0,12,0.0,0.01,0.0,0.0,0.0,9785344,0,7,4,1,0,sleeping,71,25,0,32768,14683,4632
2025-05-20 02:28:53,15945,2120085504,31121408,0.0,0.09325609205424465,0,12,0.0,0.01,0.0,0.0,0.0,9785344,0,7,4,1,0,sleeping,71,25,0,32768,14683,4632
2025-05-20 02:28:54,15945,2120085504,31121408,0.0,0.09325609205424465,0,12,0.0,0.01,0.0,0.0,0.0,9785344,0,7,4,1,0,sleeping,71,25,0,32768,14683,4632
2025-05-20 02:28:55,15945,2120085504,31121408,0.0,0.09325609205424465,0,12,0.0,0.01,0.0,0.0,0.0,9785344,0,7,4,1,0,sleeping,71,25,0,32768,14683,4632
2025-05-20 02:28:56,15945,2120085504,31121408,0.0,0.09325609205424465,0,12,0.0,0.01,0.0,0.0,0.0,9785344,0,7,4,1,0,sleeping,71,25,0,32768,14683,4632
2025-05-20 02:28:57,15945,2120085504,31121408,0.0,0.09325609205424465,0,12,0.0,0.01,0.0,0.0,0.0,9785344,0,7,4,1,0,sleeping,71,25,0,32768,14683,4632
2025-05-20 02:28:58,15945,2120085504,31121408,0.0,0.09325609205424465,0,12,0.0,0.01,0.0,0.0,0.0,9785344,0,7,4,1,0,sleeping,71,25,0,32768,14683,4632
2025-05-20 02:28:59,15945,2120085504,31121408,0.0,0.09325609205424465,0,12,0.0,0.01,0.0,0.0,0.0,9785344,0,7,4,1,0,sleeping,71,25,0,32768,14683,4632
2025-05-20 02:29:00,15945,2120085504,31121408,0.0,0.09325609205424465,0,12,0.0,0.01,0.0,0.0,0.0,9785344,0,7,4,1,0,sleeping,71,25,0,32768,14683,4632
2025-05-20 02:29:01,15945,2120085504,31121408,0.0,0.09325609205424465,0,12,0.0,0.01,0.0,0.0,0.0,9785344,0,7,4,1,0,sleeping,71,25,0,32768,14683,4632
2025-05-20 02:29:02,15945,2120085504,31121408,0.0,0.09325609205424465,0,12,0.0,0.01,0.0,0.0,0.0,9785344,0,7,4,1,0,sleeping,71,25,0,32768,14683,4632
2025-05-20 02:29:04,15945,2120085504,31121408,0.0,0.09325609205424465,0,12,0.0,0.01,0.0,0.0,0.0,9785344,0,7,4,1,0,sleeping,71,25,0,32768,14683,4632
2025-05-20 02:29:05,15945,2120085504,31121408,0.0,0.09325609205424465,0,12,0.0,0.01,0.0,0.0,0.0,9785344,0,7,4,1,0,sleeping,71,25,0,32768,14683,4632
2025-05-20 02:29:06,15945,2120085504,31121408,0.0,0.09325609205424465,0,12,0.0,0.01,0.0,0.0,0.0,9785344,0,7,4,1,0,sleeping,71,25,0,32768,14683,4632
2025-05-20 02:29:07,15945,2120085504,31121408,0.0,0.09325609205424465,0,12,0.0,0.01,0.0,0.0,0.0,9785344,0,7,4,1,0,sleeping,71,25,0,32768,14683,4632
2025-05-20 02:29:08,15945,2120085504,31121408,0.0,0.09325609205424465,0,12,0.0,0.01,0.0,0.0,0.0,9785344,0,7,4,1,0,sleeping,71,25,0,32768,14683,4632
2025-05-20 02:29:09,15945,2120085504,31121408,0.0,0.09325609205424465,0,12,0.0,0.01,0.0,0.0,0.0,9785344,0,7,4,1,0,sleeping,71,25,0,32768,14683,4632
2025-05-20 02:29:10,15945,2120085504,31121408,0.0,0.09325609205424465,0,12,0.0,0.01,0.0,0.0,0.0,9785344,0,7,4,1,0,sleeping,71,25,0,32768,14683,4632
2025-05-20 02:29:11,15945,2120085504,31121408,0.0,0.09325609205424465,0,12,0.0,0.01,0.0,0.0,0.0,9785344,0,7,4,1,0,sleeping,71,25,0,32768,14683,4632
2025-05-20 02:29:12,15945,2120085504,31121408,0.0,0.09325609205424465,0,12,0.0,0.01,0.0,0.0,0.0,9785344,0,7,4,1,0,sleeping,71,25,0,32768,14683,4632
2025-05-20 02:29:13,15945,2120085504,31121408,0.0,0.09325609205424465,0,12,0.0,0.01,0.0,0.0,0.0,9785344,0,7,4,1,0,sleeping,71,25,0,32768,14683,4632
2025-05-20 02:29:14,15945,2120085504,31121408,0.0,0.09325609205424465,0,12,0.0,0.01,0.0,0.0,0.0,9785344,0,7,4,1,0,sleeping,71,25,0,32768,14683,4632
2025-05-20 02:29:15,15945,2120085504,31121408,0.0,0.09325609205424465,0,12,0.0,0.01,0.0,0.0,0.0,9785344,0,7,4,1,0,sleeping,71,25,0,32768,14683,4632
2025-05-20 02:29:16,15945,2120085504,31121408,0.0,0.09325609205424465,0,12,0.0,0.01,0.0,0.0,0.0,9785344,0,7,4,1,0,sleeping,71,25,0,32768,14683,4632
2025-05-20 02:29:17,15945,2120085504,31121408,0.0,0.09325609205424465,0,12,0.0,0.01,0.0,0.0,0.0,9785344,0,7,4,1,0,sleeping,71,25,0,32768,14683,4632
2025-05-20 02:29:18,15945,2120085504,31121408,0.0,0.09325609205424465,0,12,0.0,0.01,0.0,0.0,0.0,9785344,0,7,4,1,0,sleeping,71,25,0,32768,14683,4632
2025-05-20 02:29:19,15945,2120085504,31121408,0.0,0.09325609205424465,0,12,0.0,0.01,0.0,0.0,0.0,9785344,0,7,4,1,0,sleeping,71,25,0,32768,14683,4632
2025-05-20 02:29:20,15945,2120085504,31121408,0.0,0.09325609205424465,0,12,0.0,0.01,0.0,0.0,0.0,9785344,0,7,4,1,0,sleeping,73,26,0,32768,14773,4714
2025-05-20 02:29:21,15945,2120085504,31121408,0.0,0.09325609205424465,0,12,0.0,0.01,0.0,0.0,0.0,9785344,0,7,4,1,0,sleeping,73,26,0,32768,14773,4714
2025-05-20 02:29:23,15945,2120085504,31121408,0.0,0.09325609205424465,0,12,0.0,0.01,0.0,0.0,0.0,9785344,0,7,4,1,0,sleeping,73,26,0,32768,14773,4714
2025-05-20 02:29:24,15945,2120085504,31121408,0.0,0.09325609205424465,0,12,0.0,0.01,0.0,0.0,0.0,9785344,0,7,4,1,0,sleeping,73,26,0,32768,14773,4714
2025-05-20 02:29:25,15945,2120085504,31121408,0.0,0.09325609205424465,0,12,0.0,0.01,0.0,0.0,0.0,9785344,0,7,4,1,0,sleeping,73,26,0,32768,14773,4714
2025-05-20 02:29:26,15945,2120085504,31121408,0.0,0.09325609205424465,0,12,0.0,0.01,0.0,0.0,0.0,9785344,0,7,4,1,0,sleeping,73,26,0,32768,14773,4714
2025-05-20 02:29:27,15945,2120085504,31121408,0.0,0.09325609205424465,0,12,0.0,0.01,0.0,0.0,0.0,9785344,0,7,4,1,0,sleeping,73,26,0,32768,14773,4714
2025-05-20 02:29:28,15945,2120085504,31121408,0.0,0.09325609205424465,0,12,0.0,0.01,0.0,0.0,0.0,9785344,0,7,4,1,0,sleeping,73,26,0,32768,14773,4714
2025-05-20 02:29:29,15945,2120085504,31121408,0.0,0.09325609205424465,0,12,0.0,0.01,0.0,0.0,0.0,9785344,0,7,4,1,0,sleeping,73,26,0,32768,14773,4714
2025-05-20 02:29:30,15945,2120085504,31121408,0.0,0.09325609205424465,0,12,0.0,0.01,0.0,0.0,0.0,9785344,0,7,4,1,0,sleeping,73,26,0,32768,14773,4714
2025-05-20 02:29:31,15945,2120085504,31121408,0.0,0.09325609205424465,0,12,0.0,0.01,0.0,0.0,0.0,9785344,0,7,4,1,0,sleeping,73,26,0,32768,14773,4714
2025-05-20 02:29:32,15945,2120085504,31121408,0.0,0.09325609205424465,0,12,0.0,0.01,0.0,0.0,0.0,9785344,0,7,4,1,0,sleeping,73,26,0,32768,14773,4714
2025-05-20 02:29:33,15945,2120085504,31121408,0.0,0.09325609205424465,0,12,0.0,0.01,0.0,0.0,0.0,9785344,0,7,4,1,0,sleeping,73,26,0,32768,14773,4714
2025-05-20 02:29:34,15945,2120085504,31121408,0.0,0.09325609205424465,0,12,0.0,0.01,0.0,0.0,0.0,9785344,0,7,4,1,0,sleeping,73,26,0,32768,14773,4714
2025-05-20 02:29:35,15945,2120085504,31121408,0.0,0.09325609205424465,0,12,0.0,0.01,0.0,0.0,0.0,9785344,0,7,4,1,0,sleeping,73,26,0,32768,14773,4714
2025-05-20 02:29:36,15945,2120085504,31121408,0.0,0.09325609205424465,0,12,0.0,0.01,0.0,0.0,0.0,9785344,0,7,4,1,0,sleeping,73,26,0,32768,14773,4714
2025-05-20 02:29:37,15945,2120085504,31121408,0.0,0.09325609205424465,0,12,0.0,0.01,0.0,0.0,0.0,9785344,0,7,4,1,0,sleeping,73,26,0,32768,14773,4714
2025-05-20 02:29:38,15945,2120085504,31121408,0.0,0.09325609205424465,0,12,0.0,0.01,0.0,0.0,0.0,9785344,0,7,4,1,0,sleeping,73,26,0,32768,14773,4714
2025-05-20 02:29:40,15945,2120085504,31121408,0.0,0.09325609205424465,0,12,0.0,0.01,0.0,0.0,0.0,9785344,0,7,4,1,0,sleeping,73,26,0,32768,14773,4714
2025-05-20 02:29:41,15945,2120085504,31121408,0.0,0.09325609205424465,0,12,0.0,0.01,0.0,0.0,0.0,9785344,0,7,4,1,0,sleeping,73,26,0,32768,14773,4714
2025-05-20 02:29:42,15945,2120085504,31121408,0.0,0.09325609205424465,0,12,0.0,0.01,0.0,0.0,0.0,9785344,0,7,4,1,0,sleeping,73,26,0,32768,14773,4714
2025-05-20 02:29:43,15945,2120085504,31121408,0.0,0.09325609205424465,0,12,0.0,0.01,0.0,0.0,0.0,9785344,0,7,4,1,0,sleeping,73,26,0,32768,14773,4714
2025-05-20 02:29:44,15945,2120085504,31121408,0.0,0.09325609205424465,0,12,0.0,0.01,0.0,0.0,0.0,9785344,0,7,4,1,0,sleeping,73,26,0,32768,14773,4714
2025-05-20 02:29:45,15945,2120085504,31121408,0.0,0.09325609205424465,0,12,0.0,0.01,0.0,0.0,0.0,9785344,0,7,4,1,0,sleeping,73,26,0,32768,14773,4714
2025-05-20 02:29:46,15945,2120085504,31121408,0.0,0.09325609205424465,0,12,0.0,0.01,0.0,0.0,0.0,9785344,0,7,4,1,0,sleeping,73,26,0,32768,14773,4714
2025-05-20 02:29:47,15945,2120085504,31121408,0.0,0.09325609205424465,0,12,0.0,0.01,0.0,0.0,0.0,9785344,0,7,4,1,0,sleeping,73,26,0,32768,14773,4714
2025-05-20 02:29:48,15945,2120085504,31121408,0.0,0.09325609205424465,0,12,0.0,0.01,0.0,0.0,0.0,9785344,0,7,4,1,0,sleeping,73,26,0,32768,14773,4714
2025-05-20 02:29:49,15945,2120085504,31121408,0.0,0.09325609205424465,0,12,0.0,0.01,0.0,0.0,0.0,9785344,0,7,4,1,0,sleeping,73,26,0,32768,14773,4714
2025-05-20 02:29:51,15945,2120085504,31121408,0.0,0.09325609205424465,0,12,0.0,0.01,0.0,0.0,0.0,9785344,0,7,4,1,0,sleeping,73,26,0,32768,14773,4714
2025-05-20 02:29:52,15945,2120085504,31121408,0.0,0.09325609205424465,0,12,0.0,0.01,0.0,0.0,0.0,9785344,0,7,4,1,0,sleeping,73,26,0,32768,14773,4714
2025-05-20 02:29:53,15945,2120085504,31121408,0.0,0.09325609205424465,0,12,0.0,0.01,0.0,0.0,0.0,9785344,0,7,4,1,0,sleeping,75,27,0,36864,14863,4796
2025-05-20 02:29:54,15945,2120085504,31121408,0.0,0.09325609205424465,0,12,0.0,0.01,0.0,0.0,0.0,9785344,0,7,4,1,0,sleeping,75,27,0,36864,14863,4796
2025-05-20 02:29:55,15945,2120085504,31121408,0.0,0.09325609205424465,0,12,0.0,0.01,0.0,0.0,0.0,9785344,0,7,4,1,0,sleeping,75,27,0,36864,14863,4796
2025-05-20 02:29:56,15945,2120085504,31121408,0.0,0.09325609205424465,0,12,0.0,0.01,0.0,0.0,0.0,9785344,0,7,4,1,0,sleeping,75,27,0,36864,14863,4796
2025-05-20 02:29:57,15945,2120085504,31121408,0.0,0.09325609205424465,0,12,0.0,0.01,0.0,0.0,0.0,9785344,0,7,4,1,0,sleeping,75,27,0,36864,14863,4796
2025-05-20 02:29:58,15945,2120085504,31121408,0.0,0.09325609205424465,0,12,0.0,0.01,0.0,0.0,0.0,9785344,0,7,4,1,0,sleeping,75,27,0,36864,14863,4796
2025-05-20 02:29:59,15945,2120085504,31121408,0.0,0.09325609205424465,0,12,0.0,0.01,0.0,0.0,0.0,9785344,0,7,4,1,0,sleeping,75,27,0,36864,14863,4796
2025-05-20 02:30:00,15945,2120085504,31121408,0.0,0.09325609205424465,0,12,0.0,0.01,0.0,0.0,0.0,9785344,0,7,4,1,0,sleeping,75,27,0,36864,14863,4796
2025-05-20 02:30:01,15945,2120085504,31121408,0.0,0.09325609205424465,0,12,0.0,0.01,0.0,0.0,0.0,9785344,0,7,4,1,0,sleeping,75,27,0,36864,14863,4796
2025-05-20 02:30:02,15945,2120085504,31121408,0.0,0.09325609205424465,0,12,0.0,0.01,0.0,0.0,0.0,9785344,0,7,4,1,0,sleeping,75,27,0,36864,14863,4796
2025-05-20 02:30:03,15945,2120085504,31121408,0.0,0.09325609205424465,0,12,0.0,0.01,0.0,0.0,0.0,9785344,0,7,4,1,0,sleeping,75,27,0,36864,14863,4796
2025-05-20 02:30:04,15945,2120085504,31121408,0.0,0.09325609205424465,0,12,0.0,0.01,0.0,0.0,0.0,9785344,0,7,4,1,0,sleeping,75,27,0,36864,14863,4796
2025-05-20 02:30:05,15945,2120085504,31121408,0.0,0.09325609205424465,0,12,0.0,0.01,0.0,0.0,0.0,9785344,0,7,4,1,0,sleeping,75,27,0,36864,14863,4796
2025-05-20 02:30:06,15945,2120085504,31121408,0.0,0.09325609205424465,0,12,0.0,0.01,0.0,0.0,0.0,9785344,0,7,4,1,0,sleeping,75,27,0,36864,14863,4796
2025-05-20 02:30:07,15945,2120085504,31121408,0.0,0.09325609205424465,0,12,0.0,0.01,0.0,0.0,0.0,9785344,0,7,4,1,0,sleeping,75,27,0,36864,14863,4796
2025-05-20 02:30:08,15945,2120085504,31121408,0.0,0.09325609205424465,0,12,0.0,0.01,0.0,0.0,0.0,9785344,0,7,4,1,0,sleeping,75,27,0,36864,14863,4796
2025-05-20 02:30:10,15945,2120085504,31121408,0.0,0.09325609205424465,0,12,0.0,0.01,0.0,0.0,0.0,9785344,0,7,4,1,0,sleeping,75,27,0,36864,14863,4796
2025-05-20 02:30:11,15945,2120085504,31121408,0.0,0.09325609205424465,0,12,0.0,0.01,0.0,0.0,0.0,9785344,0,7,4,1,0,sleeping,75,27,0,36864,14863,4796
2025-05-20 02:30:12,15945,2120085504,31121408,0.0,0.09325609205424465,0,12,0.0,0.01,0.0,0.0,0.0,9785344,0,7,4,1,0,sleeping,75,27,0,36864,14863,4796
2025-05-20 02:30:13,15945,2120085504,31121408,0.0,0.09325609205424465,0,12,0.0,0.01,0.0,0.0,0.0,9785344,0,7,4,1,0,sleeping,75,27,0,36864,14863,4796
2025-05-20 02:30:14,15945,2120085504,31121408,0.0,0.09325609205424465,0,12,0.0,0.01,0.0,0.0,0.0,9785344,0,7,4,1,0,sleeping,75,27,0,36864,14863,4796
2025-05-20 02:30:15,15945,2120085504,31121408,0.0,0.09325609205424465,0,12,0.0,0.01,0.0,0.0,0.0,9785344,0,7,4,1,0,sleeping,75,27,0,36864,14863,4796
2025-05-20 02:30:16,15945,2120085504,31121408,0.0,0.09325609205424465,0,12,0.0,0.01,0.0,0.0,0.0,9785344,0,7,4,1,0,sleeping,75,27,0,36864,14863,4796
2025-05-20 02:30:17,15945,2120085504,31121408,0.0,0.09325609205424465,0,12,0.0,0.01,0.0,0.0,0.0,9785344,0,7,4,1,0,sleeping,75,27,0,36864,14863,4796
2025-05-20 02:30:18,15945,2120085504,31121408,0.0,0.09325609205424465,0,12,0.0,0.01,0.0,0.0,0.0,9785344,0,7,4,1,0,sleeping,75,27,0,36864,14863,4796
2025-05-20 02:30:19,15945,2120085504,31121408,0.0,0.09325609205424465,0,12,0.0,0.01,0.0,0.0,0.0,9785344,0,7,4,1,0,sleeping,75,27,0,36864,14863,4796
2025-05-20 02:30:20,15945,2120085504,31121408,0.0,0.09325609205424465,0,12,0.0,0.01,0.0,0.0,0.0,9785344,0,7,4,1,0,sleeping,77,28,0,36864,14953,4878
2025-05-20 02:30:21,15945,2120085504,31121408,0.0,0.09325609205424465,0,12,0.0,0.01,0.0,0.0,0.0,9785344,0,7,4,1,0,sleeping,77,28,0,36864,14953,4878
2025-05-20 02:30:22,15945,2120085504,31121408,0.0,0.09325609205424465,0,12,0.0,0.01,0.0,0.0,0.0,9785344,0,7,4,1,0,sleeping,77,28,0,36864,14953,4878
2025-05-20 02:30:23,15945,2120085504,31121408,0.0,0.09325609205424465,0,12,0.0,0.01,0.0,0.0,0.0,9785344,0,7,4,1,0,sleeping,77,28,0,36864,14953,4878
2025-05-20 02:30:24,15945,2120085504,31121408,0.0,0.09325609205424465,0,12,0.0,0.01,0.0,0.0,0.0,9785344,0,7,4,1,0,sleeping,77,28,0,36864,14953,4878
2025-05-20 02:30:25,15945,2120085504,31121408,0.0,0.09325609205424465,0,12,0.0,0.01,0.0,0.0,0.0,9785344,0,7,4,1,0,sleeping,77,28,0,36864,14953,4878
2025-05-20 02:30:26,15945,2120085504,31121408,0.0,0.09325609205424465,0,12,0.0,0.01,0.0,0.0,0.0,9785344,0,7,4,1,0,sleeping,77,28,0,36864,14953,4878
2025-05-20 02:30:27,15945,2120085504,31121408,0.0,0.09325609205424465,0,12,0.0,0.01,0.0,0.0,0.0,9785344,0,7,4,1,0,sleeping,77,28,0,36864,14953,4878
2025-05-20 02:30:28,15945,2120085504,31121408,0.0,0.09325609205424465,0,12,0.0,0.01,0.0,0.0,0.0,9785344,0,7,4,1,0,sleeping,77,28,0,36864,14953,4878
2025-05-20 02:30:30,15945,2120085504,31121408,0.0,0.09325609205424465,0,12,0.0,0.01,0.0,0.0,0.0,9785344,0,7,4,1,0,sleeping,77,28,0,36864,14953,4878
2025-05-20 02:30:31,15945,2120085504,31121408,0.0,0.09325609205424465,0,12,0.0,0.01,0.0,0.0,0.0,9785344,0,7,4,1,0,sleeping,77,28,0,36864,14953,4878
2025-05-20 02:30:32,15945,2120085504,31121408,0.0,0.09325609205424465,0,12,0.0,0.01,0.0,0.0,0.0,9785344,0,7,4,1,0,sleeping,77,28,0,36864,14953,4878
2025-05-20 02:30:33,15945,2120085504,31121408,0.0,0.09325609205424465,0,12,0.0,0.01,0.0,0.0,0.0,9785344,0,7,4,1,0,sleeping,77,28,0,36864,14953,4878
2025-05-20 02:30:34,15945,2120085504,31121408,0.0,0.09325609205424465,0,12,0.0,0.01,0.0,0.0,0.0,9785344,0,7,4,1,0,sleeping,77,28,0,36864,14953,4878
2025-05-20 02:30:35,15945,2120085504,31121408,0.0,0.09325609205424465,0,12,0.0,0.01,0.0,0.0,0.0,9785344,0,7,4,1,0,sleeping,77,28,0,36864,14953,4878
2025-05-20 02:30:36,15945,2120085504,31121408,0.0,0.09325609205424465,0,12,0.0,0.01,0.0,0.0,0.0,9785344,0,7,4,1,0,sleeping,77,28,0,36864,14953,4878
2025-05-20 02:30:37,15945,2120085504,31121408,0.0,0.09325609205424465,0,12,0.0,0.01,0.0,0.0,0.0,9785344,0,7,4,1,0,sleeping,77,28,0,36864,14953,4878
2025-05-20 02:30:38,15945,2120085504,31121408,0.0,0.09325609205424465,0,12,0.0,0.01,0.0,0.0,0.0,9785344,0,7,4,1,0,sleeping,77,28,0,36864,14953,4878
2025-05-20 02:30:39,15945,2120085504,31121408,0.0,0.09325609205424465,0,12,0.0,0.01,0.0,0.0,0.0,9785344,0,7,4,1,0,sleeping,77,28,0,36864,14953,4878
2025-05-20 02:30:40,15945,2120085504,31121408,0.0,0.09325609205424465,0,12,0.0,0.01,0.0,0.0,0.0,9785344,0,7,4,1,0,sleeping,77,28,0,36864,14953,4878
2025-05-20 02:30:41,15945,2120085504,31121408,0.0,0.09325609205424465,0,12,0.0,0.01,0.0,0.0,0.0,9785344,0,7,4,1,0,sleeping,77,28,0,36864,14953,4878
2025-05-20 02:30:42,15945,2120085504,31121408,0.0,0.09325609205424465,0,12,0.0,0.01,0.0,0.0,0.0,9785344,0,7,4,1,0,sleeping,77,28,0,36864,14953,4878
2025-05-20 02:30:43,15945,2120085504,31121408,0.0,0.09325609205424465,0,12,0.0,0.01,0.0,0.0,0.0,9785344,0,7,4,1,0,sleeping,77,28,0,36864,14953,4878
2025-05-20 02:30:44,15945,2120085504,31121408,0.0,0.09325609205424465,0,12,0.0,0.01,0.0,0.0,0.0,9785344,0,7,4,1,0,sleeping,77,28,0,36864,14953,4878
2025-05-20 02:30:45,15945,2120085504,31121408,0.0,0.09325609205424465,0,12,0.0,0.01,0.0,0.0,0.0,9785344,0,7,4,1,0,sleeping,77,28,0,36864,14953,4878
2025-05-20 02:30:46,15945,2120085504,31121408,0.0,0.09325609205424465,0,12,0.0,0.01,0.0,0.0,0.0,9785344,0,7,4,1,0,sleeping,77,28,0,36864,14953,4878
2025-05-20 02:30:48,15945,2120085504,31121408,0.0,0.09325609205424465,0,12,0.0,0.01,0.0,0.0,0.0,9785344,0,7,4,1,0,sleeping,77,28,0,36864,14953,4878
2025-05-20 02:30:49,15945,2120085504,31121408,0.0,0.09325609205424465,0,12,0.0,0.01,0.0,0.0,0.0,9785344,0,7,4,1,0,sleeping,77,28,0,36864,14953,4878
2025-05-20 02:30:50,15945,2120085504,31121408,0.0,0.09325609205424465,0,12,0.0,0.01,0.0,0.0,0.0,9838592,0,7,4,1,0,sleeping,79,29,0,40960,15043,4960
2025-05-20 02:30:51,15945,2120085504,31121408,0.0,0.09325609205424465,0,12,0.0,0.01,0.0,0.0,0.0,9838592,0,7,4,1,0,sleeping,79,29,0,40960,15043,4960
2025-05-20 02:30:52,15945,2120085504,31121408,0.0,0.09325609205424465,0,12,0.0,0.01,0.0,0.0,0.0,9838592,0,7,4,1,0,sleeping,79,29,0,40960,15043,4960
2025-05-20 02:30:53,15945,2120085504,31121408,0.0,0.09325609205424465,0,12,0.0,0.01,0.0,0.0,0.0,9838592,0,7,4,1,0,sleeping,79,29,0,40960,15043,4960
2025-05-20 02:30:54,15945,2120085504,31121408,0.0,0.09325609205424465,0,12,0.0,0.01,0.0,0.0,0.0,9838592,0,7,4,1,0,sleeping,79,29,0,40960,15043,4960
2025-05-20 02:30:55,15945,2120085504,31121408,0.0,0.09325609205424465,0,12,0.0,0.01,0.0,0.0,0.0,9838592,0,7,4,1,0,sleeping,79,29,0,40960,15043,4960
2025-05-20 02:30:56,15945,2120085504,31121408,0.0,0.09325609205424465,0,12,0.0,0.01,0.0,0.0,0.0,9838592,0,7,4,1,0,sleeping,79,29,0,40960,15043,4960
2025-05-20 02:30:57,15945,2120085504,31121408,0.0,0.09325609205424465,0,12,0.0,0.01,0.0,0.0,0.0,9838592,0,7,4,1,0,sleeping,79,29,0,40960,15043,4960
2025-05-20 02:30:58,15945,2120085504,31121408,0.0,0.09325609205424465,0,12,0.0,0.01,0.0,0.0,0.0,9838592,0,7,4,1,0,sleeping,79,29,0,40960,15043,4960
2025-05-20 02:30:59,15945,2120085504,31121408,0.0,0.09325609205424465,0,12,0.0,0.01,0.0,0.0,0.0,9838592,0,7,4,1,0,sleeping,79,29,0,40960,15043,4960
2025-05-20 02:31:00,15945,2120085504,31121408,0.0,0.09325609205424465,0,12,0.0,0.01,0.0,0.0,0.0,9838592,0,7,4,1,0,sleeping,79,29,0,40960,15043,4960
2025-05-20 02:31:01,15945,2120085504,31121408,0.0,0.09325609205424465,0,12,0.0,0.01,0.0,0.0,0.0,9838592,0,7,4,1,0,sleeping,79,29,0,40960,15043,4960
2025-05-20 02:31:02,15945,2120085504,31121408,0.0,0.09325609205424465,0,12,0.0,0.01,0.0,0.0,0.0,9838592,0,7,4,1,0,sleeping,79,29,0,40960,15043,4960
2025-05-20 02:31:03,15945,2120085504,31121408,0.0,0.09325609205424465,0,12,0.0,0.01,0.0,0.0,0.0,9838592,0,7,4,1,0,sleeping,79,29,0,40960,15043,4960
2025-05-20 02:31:04,15945,2120085504,31121408,0.0,0.09325609205424465,0,12,0.0,0.01,0.0,0.0,0.0,9838592,0,7,4,1,0,sleeping,79,29,0,40960,15043,4960
2025-05-20 02:31:06,15945,2120085504,31121408,0.0,0.09325609205424465,0,12,0.0,0.01,0.0,0.0,0.0,9838592,0,7,4,1,0,sleeping,79,29,0,40960,15043,4960
2025-05-20 02:31:07,15945,2120085504,31121408,0.0,0.09325609205424465,0,12,0.0,0.01,0.0,0.0,0.0,9838592,0,7,4,1,0,sleeping,79,29,0,40960,15043,4960
2025-05-20 02:31:08,15945,2120085504,31121408,0.0,0.09325609205424465,0,12,0.0,0.01,0.0,0.0,0.0,9838592,0,7,4,1,0,sleeping,79,29,0,40960,15043,4960
2025-05-20 02:31:09,15945,2120085504,31121408,0.0,0.09325609205424465,0,12,0.0,0.01,0.0,0.0,0.0,9838592,0,7,4,1,0,sleeping,79,29,0,40960,15043,4960
2025-05-20 02:31:10,15945,2120085504,31121408,0.0,0.09325609205424465,0,12,0.0,0.01,0.0,0.0,0.0,9838592,0,7,4,1,0,sleeping,79,29,0,40960,15043,4960
2025-05-20 02:31:11,15945,2120085504,31121408,0.0,0.09325609205424465,0,12,0.0,0.01,0.0,0.0,0.0,9838592,0,7,4,1,0,sleeping,79,29,0,40960,15043,4960
2025-05-20 02:31:12,15945,2120085504,31121408,0.0,0.09325609205424465,0,12,0.0,0.01,0.0,0.0,0.0,9838592,0,7,4,1,0,sleeping,79,29,0,40960,15043,4960
2025-05-20 02:31:13,15945,2120085504,31121408,0.0,0.09325609205424465,0,12,0.0,0.01,0.0,0.0,0.0,9838592,0,7,4,1,0,sleeping,79,29,0,40960,15043,4960
2025-05-20 02:31:14,15945,2120085504,31121408,0.0,0.09325609205424465,0,12,0.0,0.01,0.0,0.0,0.0,9838592,0,7,4,1,0,sleeping,79,29,0,40960,15043,4960
2025-05-20 02:31:15,15945,2120085504,31121408,0.0,0.09325609205424465,0,12,0.0,0.01,0.0,0.0,0.0,9838592,0,7,4,1,0,sleeping,79,29,0,40960,15043,4960
2025-05-20 02:31:16,15945,2120085504,31121408,0.0,0.09325609205424465,0,12,0.0,0.01,0.0,0.0,0.0,9838592,0,7,4,1,0,sleeping,79,29,0,40960,15043,4960
2025-05-20 02:31:17,15945,2120085504,31121408,0.0,0.09325609205424465,0,12,0.0,0.01,0.0,0.0,0.0,9838592,0,7,4,1,0,sleeping,79,29,0,40960,15043,4960
2025-05-20 02:31:18,15945,2120085504,31121408,0.0,0.09325609205424465,0,12,0.0,0.01,0.0,0.0,0.0,9838592,0,7,4,1,0,sleeping,79,29,0,40960,15043,4960
2025-05-20 02:31:19,15945,2120085504,31121408,0.0,0.09325609205424465,0,12,0.0,0.01,0.0,0.0,0.0,9838592,0,7,4,1,0,sleeping,81,30,0,40960,15133,5042
2025-05-20 02:31:20,15945,2120085504,31121408,0.0,0.09325609205424465,0,12,0.0,0.01,0.0,0.0,0.0,9838592,0,7,4,1,0,sleeping,81,30,0,40960,15133,5042
2025-05-20 02:31:22,15945,2120085504,31121408,0.0,0.09325609205424465,0,12,0.0,0.01,0.0,0.0,0.0,9838592,0,7,4,1,0,sleeping,81,30,0,40960,15133,5042
2025-05-20 02:31:23,15945,2120085504,31121408,0.0,0.09325609205424465,0,12,0.0,0.01,0.0,0.0,0.0,9838592,0,7,4,1,0,sleeping,81,30,0,40960,15133,5042
2025-05-20 02:31:24,15945,2120085504,31121408,0.0,0.09325609205424465,0,12,0.0,0.01,0.0,0.0,0.0,9838592,0,7,4,1,0,sleeping,81,30,0,40960,15133,5042
2025-05-20 02:31:25,15945,2120085504,31121408,0.0,0.09325609205424465,0,12,0.0,0.01,0.0,0.0,0.0,9838592,0,7,4,1,0,sleeping,81,30,0,40960,15133,5042
2025-05-20 02:31:26,15945,2120085504,31121408,0.0,0.09325609205424465,0,12,0.0,0.01,0.0,0.0,0.0,9838592,0,7,4,1,0,sleeping,81,30,0,40960,15133,5042
2025-05-20 02:31:27,15945,2120085504,31121408,0.0,0.09325609205424465,0,12,0.0,0.01,0.0,0.0,0.0,9838592,0,7,4,1,0,sleeping,81,30,0,40960,15133,5042
2025-05-20 02:31:28,15945,2120085504,31121408,0.0,0.09325609205424465,0,12,0.0,0.01,0.0,0.0,0.0,9838592,0,7,4,1,0,sleeping,81,30,0,40960,15133,5042
2025-05-20 02:31:29,15945,2120085504,31121408,0.0,0.09325609205424465,0,12,0.0,0.01,0.0,0.0,0.0,9838592,0,7,4,1,0,sleeping,81,30,0,40960,15133,5042
2025-05-20 02:31:30,15945,2120085504,31121408,0.0,0.09325609205424465,0,12,0.0,0.01,0.0,0.0,0.0,9838592,0,7,4,1,0,sleeping,81,30,0,40960,15133,5042
2025-05-20 02:31:31,15945,2120085504,31121408,0.0,0.09325609205424465,0,12,0.0,0.01,0.0,0.0,0.0,9838592,0,7,4,1,0,sleeping,81,30,0,40960,15133,5042
2025-05-20 02:31:32,15945,2120085504,31121408,0.0,0.09325609205424465,0,12,0.0,0.01,0.0,0.0,0.0,9838592,0,7,4,1,0,sleeping,81,30,0,40960,15133,5042
2025-05-20 02:31:33,15945,2120085504,31121408,0.0,0.09325609205424465,0,12,0.0,0.01,0.0,0.0,0.0,9838592,0,7,4,1,0,sleeping,81,30,0,40960,15133,5042
2025-05-20 02:31:34,15945,2120085504,31121408,0.0,0.09325609205424465,0,12,0.0,0.01,0.0,0.0,0.0,9838592,0,7,4,1,0,sleeping,81,30,0,40960,15133,5042
2025-05-20 02:31:35,15945,2120085504,31121408,0.0,0.09325609205424465,0,12,0.0,0.01,0.0,0.0,0.0,9838592,0,7,4,1,0,sleeping,81,30,0,40960,15133,5042
2025-05-20 02:31:36,15945,2120085504,31121408,0.0,0.09325609205424465,0,12,0.0,0.01,0.0,0.0,0.0,9838592,0,7,4,1,0,sleeping,81,30,0,40960,15133,5042
2025-05-20 02:31:37,15945,2120085504,31121408,0.0,0.09325609205424465,0,12,0.0,0.01,0.0,0.0,0.0,9838592,0,7,4,1,0,sleeping,81,30,0,40960,15133,5042
2025-05-20 02:31:38,15945,2120085504,31121408,0.0,0.09325609205424465,0,12,0.0,0.01,0.0,0.0,0.0,9838592,0,7,4,1,0,sleeping,81,30,0,40960,15133,5042
2025-05-20 02:31:39,15945,2120085504,31121408,0.0,0.09325609205424465,0,12,0.0,0.01,0.0,0.0,0.0,9838592,0,7,4,1,0,sleeping,81,30,0,40960,15133,5042
2025-05-20 02:31:41,15945,2120085504,31121408,0.0,0.09325609205424465,0,12,0.0,0.01,0.0,0.0,0.0,9838592,0,7,4,1,0,sleeping,81,30,0,40960,15133,5042
2025-05-20 02:31:42,15945,2120085504,31121408,0.0,0.09325609205424465,0,12,0.0,0.01,0.0,0.0,0.0,9838592,0,7,4,1,0,sleeping,81,30,0,40960,15133,5042
2025-05-20 02:31:43,15945,2120085504,31121408,0.0,0.09325609205424465,0,12,0.0,0.01,0.0,0.0,0.0,9838592,0,7,4,1,0,sleeping,81,30,0,40960,15133,5042
2025-05-20 02:31:44,15945,2120085504,31121408,0.0,0.09325609205424465,0,12,0.0,0.01,0.0,0.0,0.0,9838592,0,7,4,1,0,sleeping,81,30,0,40960,15133,5042
2025-05-20 02:31:45,15945,2120085504,31121408,0.0,0.09325609205424465,0,12,0.0,0.01,0.0,0.0,0.0,9838592,0,7,4,1,0,sleeping,81,30,0,40960,15133,5042
2025-05-20 02:31:46,15945,2120085504,31121408,0.0,0.09325609205424465,0,12,0.0,0.01,0.0,0.0,0.0,9838592,0,7,4,1,0,sleeping,81,30,0,40960,15133,5042
2025-05-20 02:31:47,15945,2120085504,31121408,0.0,0.09325609205424465,0,12,0.0,0.01,0.0,0.0,0.0,9838592,0,7,4,1,0,sleeping,81,30,0,40960,15133,5042
2025-05-20 02:31:48,15945,2120085504,31121408,0.0,0.09325609205424465,0,12,0.0,0.01,0.0,0.0,0.0,9838592,0,7,4,1,0,sleeping,81,30,0,40960,15133,5042
2025-05-20 02:31:49,15945,2120085504,31121408,0.0,0.09325609205424465,0,12,0.0,0.01,0.0,0.0,0.0,9838592,0,7,4,1,0,sleeping,83,31,0,45056,15223,5124
2025-05-20 02:31:50,15945,2120085504,31121408,0.0,0.09325609205424465,0,12,0.0,0.01,0.0,0.0,0.0,9838592,0,7,4,1,0,sleeping,83,31,0,45056,15223,5124
2025-05-20 02:31:51,15945,2120085504,31121408,0.0,0.09325609205424465,0,12,0.0,0.01,0.0,0.0,0.0,9838592,0,7,4,1,0,sleeping,83,31,0,45056,15223,5124
2025-05-20 02:31:52,15945,2120085504,31121408,0.0,0.09325609205424465,0,12,0.0,0.01,0.0,0.0,0.0,9838592,0,7,4,1,0,sleeping,83,31,0,45056,15223,5124
2025-05-20 02:31:53,15945,2120085504,31121408,0.0,0.09325609205424465,0,12,0.0,0.01,0.0,0.0,0.0,9838592,0,7,4,1,0,sleeping,83,31,0,45056,15223,5124
2025-05-20 02:31:54,15945,2120085504,31121408,0.0,0.09325609205424465,0,12,0.0,0.01,0.0,0.0,0.0,9838592,0,7,4,1,0,sleeping,83,31,0,45056,15223,5124
2025-05-20 02:31:55,15945,2120085504,31121408,0.0,0.09325609205424465,0,12,0.0,0.01,0.0,0.0,0.0,9838592,0,7,4,1,0,sleeping,83,31,0,45056,15223,5124
2025-05-20 02:31:56,15945,2120085504,31121408,0.0,0.09325609205424465,0,12,0.0,0.01,0.0,0.0,0.0,9838592,0,7,4,1,0,sleeping,83,31,0,45056,15223,5124
2025-05-20 02:31:57,15945,2120085504,31121408,0.0,0.09325609205424465,0,12,0.0,0.01,0.0,0.0,0.0,9838592,0,7,4,1,0,sleeping,83,31,0,45056,15223,5124
2025-05-20 02:31:58,15945,2120085504,31121408,0.0,0.09325609205424465,0,12,0.0,0.01,0.0,0.0,0.0,9838592,0,7,4,1,0,sleeping,83,31,0,45056,15223,5124
2025-05-20 02:32:00,15945,2120085504,31121408,0.0,0.09325609205424465,0,12,0.0,0.01,0.0,0.0,0.0,9838592,0,7,4,1,0,sleeping,83,31,0,45056,15223,5124
2025-05-20 02:32:01,15945,2120085504,31121408,0.0,0.09325609205424465,0,12,0.0,0.01,0.0,0.0,0.0,9838592,0,7,4,1,0,sleeping,83,31,0,45056,15223,5124
2025-05-20 02:32:02,15945,2120085504,31121408,0.0,0.09325609205424465,0,12,0.0,0.01,0.0,0.0,0.0,9838592,0,7,4,1,0,sleeping,83,31,0,45056,15223,5124
2025-05-20 02:32:03,15945,2120085504,31121408,0.0,0.09325609205424465,0,12,0.0,0.01,0.0,0.0,0.0,9838592,0,7,4,1,0,sleeping,83,31,0,45056,15223,5124
2025-05-20 02:32:04,15945,2120085504,31121408,0.0,0.09325609205424465,0,12,0.0,0.01,0.0,0.0,0.0,9838592,0,7,4,1,0,sleeping,83,31,0,45056,15223,5124
2025-05-20 02:32:05,15945,2120085504,31121408,0.0,0.09325609205424465,0,12,0.0,0.01,0.0,0.0,0.0,9838592,0,7,4,1,0,sleeping,83,31,0,45056,15223,5124
2025-05-20 02:32:06,15945,2120085504,31121408,0.0,0.09325609205424465,0,12,0.0,0.01,0.0,0.0,0.0,9838592,0,7,4,1,0,sleeping,83,31,0,45056,15223,5124
2025-05-20 02:32:07,15945,2120085504,31121408,0.0,0.09325609205424465,0,12,0.0,0.01,0.0,0.0,0.0,9838592,0,7,4,1,0,sleeping,83,31,0,45056,15223,5124
2025-05-20 02:32:08,15945,2120085504,31121408,0.0,0.09325609205424465,0,12,0.0,0.01,0.0,0.0,0.0,9838592,0,7,4,1,0,sleeping,83,31,0,45056,15223,5124
2025-05-20 02:32:09,15945,2120085504,31121408,0.0,0.09325609205424465,0,12,0.0,0.01,0.0,0.0,0.0,9838592,0,7,4,1,0,sleeping,83,31,0,45056,15223,5124
2025-05-20 02:32:10,15945,2120085504,31121408,0.0,0.09325609205424465,0,12,0.0,0.01,0.0,0.0,0.0,9838592,0,7,4,1,0,sleeping,83,31,0,45056,15223,5124
2025-05-20 02:32:11,15945,2120085504,31121408,0.0,0.09325609205424465,0,12,0.0,0.01,0.0,0.0,0.0,9838592,0,7,4,1,0,sleeping,83,31,0,45056,15223,5124
2025-05-20 02:32:12,15945,2120085504,31121408,0.0,0.09325609205424465,0,12,0.0,0.01,0.0,0.0,0.0,9838592,0,7,4,1,0,sleeping,83,31,0,45056,15223,5124
2025-05-20 02:32:13,15945,2120085504,31121408,0.0,0.09325609205424465,0,12,0.0,0.01,0.0,0.0,0.0,9838592,0,7,4,1,0,sleeping,83,31,0,45056,15223,5124
2025-05-20 02:32:14,15945,2120085504,31121408,0.0,0.09325609205424465,0,12,0.0,0.01,0.0,0.0,0.0,9838592,0,7,4,1,0,sleeping,83,31,0,45056,15223,5124
2025-05-20 02:32:15,15945,2120085504,31121408,0.0,0.09325609205424465,0,12,0.0,0.01,0.0,0.0,0.0,9838592,0,7,4,1,0,sleeping,83,31,0,45056,15223,5124
2025-05-20 02:32:17,15945,2120085504,31121408,0.0,0.09325609205424465,0,12,0.0,0.01,0.0,0.0,0.0,9838592,0,7,4,1,0,sleeping,83,31,0,45056,15223,5124
2025-05-20 02:32:18,15945,2120085504,31121408,0.0,0.09325609205424465,0,12,0.0,0.01,0.0,0.0,0.0,9838592,0,7,4,1,0,sleeping,83,31,0,45056,15223,5124
2025-05-20 02:32:19,15945,2120085504,31121408,0.0,0.09325609205424465,0,12,0.0,0.01,0.0,0.0,0.0,9838592,0,7,4,1,0,sleeping,83,31,0,45056,15223,5124
2025-05-20 02:32:20,15945,2120085504,31121408,0.0,0.09325609205424465,0,12,0.0,0.01,0.0,0.0,0.0,9838592,0,7,4,1,0,sleeping,83,31,0,45056,15223,5124
2025-05-20 02:32:21,15945,2120085504,31121408,0.0,0.09325609205424465,0,12,0.0,0.01,0.0,0.0,0.0,9838592,0,7,4,1,0,sleeping,83,31,0,45056,15223,5124
2025-05-20 02:32:22,15945,2120085504,31121408,0.0,0.09325609205424465,0,12,0.0,0.01,0.0,0.0,0.0,9838592,0,7,4,1,0,sleeping,85,32,0,49152,15313,5206
2025-05-20 02:32:23,15945,2120085504,31121408,0.0,0.09325609205424465,0,12,0.0,0.01,0.0,0.0,0.0,9838592,0,7,4,1,0,sleeping,85,32,0,49152,15313,5206
2025-05-20 02:32:24,15945,2120085504,31121408,0.0,0.09325609205424465,0,12,0.0,0.01,0.0,0.0,0.0,9838592,0,7,4,1,0,sleeping,85,32,0,49152,15313,5206
2025-05-20 02:32:25,15945,2120085504,31121408,0.0,0.09325609205424465,0,12,0.0,0.01,0.0,0.0,0.0,9838592,0,7,4,1,0,sleeping,85,32,0,49152,15313,5206
2025-05-20 02:32:27,15945,2120085504,31121408,0.0,0.09325609205424465,0,12,0.0,0.01,0.0,0.0,0.0,9838592,0,7,4,1,0,sleeping,85,32,0,49152,15313,5206
2025-05-20 02:32:28,15945,2120085504,31121408,0.0,0.09325609205424465,0,12,0.0,0.01,0.0,0.0,0.0,9838592,0,7,4,1,0,sleeping,85,32,0,49152,15313,5206
2025-05-20 02:32:29,15945,2120085504,31121408,0.0,0.09325609205424465,0,12,0.0,0.01,0.0,0.0,0.0,9838592,0,7,4,1,0,sleeping,85,32,0,49152,15313,5206
2025-05-20 02:32:30,15945,2120085504,31121408,0.0,0.09325609205424465,0,12,0.0,0.01,0.0,0.0,0.0,9838592,0,7,4,1,0,sleeping,85,32,0,49152,15313,5206
2025-05-20 02:32:31,15945,2120085504,31121408,0.0,0.09325609205424465,0,12,0.0,0.01,0.0,0.0,0.0,9838592,0,7,4,1,0,sleeping,85,32,0,49152,15313,5206
2025-05-20 02:32:32,15945,2120085504,31121408,0.0,0.09325609205424465,0,12,0.0,0.01,0.0,0.0,0.0,9838592,0,7,4,1,0,sleeping,85,32,0,49152,15313,5206
2025-05-20 02:32:33,15945,2120085504,31121408,0.0,0.09325609205424465,0,12,0.0,0.01,0.0,0.0,0.0,9838592,0,7,4,1,0,sleeping,85,32,0,49152,15313,5206
2025-05-20 02:32:34,15945,2120085504,31121408,0.0,0.09325609205424465,0,12,0.0,0.01,0.0,0.0,0.0,9838592,0,7,4,1,0,sleeping,85,32,0,49152,15313,5206
2025-05-20 02:32:35,15945,2120085504,31121408,0.0,0.09325609205424465,0,12,0.0,0.01,0.0,0.0,0.0,9838592,0,7,4,1,0,sleeping,85,32,0,49152,15313,5206
2025-05-20 02:32:36,15945,2120085504,31121408,0.0,0.09325609205424465,0,12,0.0,0.01,0.0,0.0,0.0,9838592,0,7,4,1,0,sleeping,85,32,0,49152,15313,5206
2025-05-20 02:32:37,15945,2120085504,31121408,0.0,0.09325609205424465,0,12,0.0,0.01,0.0,0.0,0.0,9838592,0,7,4,1,0,sleeping,85,32,0,49152,15313,5206
2025-05-20 02:32:38,15945,2120085504,31121408,0.0,0.09325609205424465,0,12,0.0,0.01,0.0,0.0,0.0,9838592,0,7,4,1,0,sleeping,85,32,0,49152,15313,5206
2025-05-20 02:32:39,15945,2120085504,31121408,0.0,0.09325609205424465,0,12,0.0,0.01,0.0,0.0,0.0,9838592,0,7,4,1,0,sleeping,85,32,0,49152,15313,5206
2025-05-20 02:32:40,15945,2120085504,31121408,0.0,0.09325609205424465,0,12,0.0,0.01,0.0,0.0,0.0,9838592,0,7,4,1,0,sleeping,85,32,0,49152,15313,5206
2025-05-20 02:32:41,15945,2120085504,31121408,0.0,0.09325609205424465,0,12,0.0,0.01,0.0,0.0,0.0,9838592,0,7,4,1,0,sleeping,85,32,0,49152,15313,5206
2025-05-20 02:32:42,15945,2120085504,31121408,0.0,0.09325609205424465,0,12,0.0,0.01,0.0,0.0,0.0,9838592,0,7,4,1,0,sleeping,85,32,0,49152,15313,5206
2025-05-20 02:32:43,15945,2120085504,31121408,0.0,0.09325609205424465,0,12,0.0,0.01,0.0,0.0,0.0,9838592,0,7,4,1,0,sleeping,85,32,0,49152,15313,5206
2025-05-20 02:32:45,15945,2120085504,31121408,0.0,0.09325609205424465,0,12,0.0,0.01,0.0,0.0,0.0,9838592,0,7,4,1,0,sleeping,85,32,0,49152,15313,5206
2025-05-20 02:32:46,15945,2120085504,31121408,0.0,0.09325609205424465,0,12,0.0,0.01,0.0,0.0,0.0,9838592,0,7,4,1,0,sleeping,85,32,0,49152,15313,5206
2025-05-20 02:32:47,15945,2120085504,31121408,0.0,0.09325609205424465,0,12,0.0,0.01,0.0,0.0,0.0,9838592,0,7,4,1,0,sleeping,85,32,0,49152,15313,5206
2025-05-20 02:32:48,15945,2120085504,31121408,0.0,0.09325609205424465,0,12,0.0,0.01,0.0,0.0,0.0,9838592,0,7,4,1,0,sleeping,85,32,0,49152,15313,5206
2025-05-20 02:32:49,15945,2120085504,31121408,0.0,0.09325609205424465,0,12,0.0,0.01,0.0,0.0,0.0,9838592,0,7,4,1,0,sleeping,85,32,0,49152,15313,5206
2025-05-20 02:32:50,15945,2120085504,31121408,0.0,0.09325609205424465,0,12,0.0,0.01,0.0,0.0,0.0,9838592,0,7,4,1,0,sleeping,85,32,0,49152,15313,5206
2025-05-20 02:32:51,15945,2120085504,31121408,0.0,0.09325609205424465,0,12,0.0,0.01,0.0,0.0,0.0,9838592,0,7,4,1,0,sleeping,85,32,0,49152,15313,5206
2025-05-20 02:32:52,15945,2120085504,31252480,0.0,0.09364885264199616,0,12,0.0,0.01,0.0,0.0,0.0,9904128,0,7,4,1,0,sleeping,87,33,0,49152,15403,5288
2025-05-20 02:32:53,15945,2120085504,31252480,0.0,0.09364885264199616,0,12,0.0,0.01,0.0,0.0,0.0,9904128,0,7,4,1,0,sleeping,87,33,0,49152,15403,5288
2025-05-20 02:32:54,15945,2120085504,31252480,0.0,0.09364885264199616,0,12,0.0,0.01,0.0,0.0,0.0,9904128,0,7,4,1,0,sleeping,87,33,0,49152,15403,5288
2025-05-20 02:32:55,15945,2120085504,31252480,0.0,0.09364885264199616,0,12,0.0,0.01,0.0,0.0,0.0,9904128,0,7,4,1,0,sleeping,87,33,0,49152,15403,5288
2025-05-20 02:32:56,15945,2120085504,31252480,0.0,0.09364885264199616,0,12,0.0,0.01,0.0,0.0,0.0,9904128,0,7,4,1,0,sleeping,87,33,0,49152,15403,5288
2025-05-20 02:32:57,15945,2120085504,31252480,0.0,0.09364885264199616,0,12,0.0,0.01,0.0,0.0,0.0,9904128,0,7,4,1,0,sleeping,87,33,0,49152,15403,5288
2025-05-20 02:32:58,15945,2120085504,31252480,0.0,0.09364885264199616,0,12,0.0,0.01,0.0,0.0,0.0,9904128,0,7,4,1,0,sleeping,87,33,0,49152,15403,5288
2025-05-20 02:32:59,15945,2120085504,31252480,0.0,0.09364885264199616,0,12,0.0,0.01,0.0,0.0,0.0,9904128,0,7,4,1,0,sleeping,87,33,0,49152,15403,5288
2025-05-20 02:33:00,15945,2120085504,31252480,0.0,0.09364885264199616,0,12,0.0,0.01,0.0,0.0,0.0,9904128,0,7,4,1,0,sleeping,87,33,0,49152,15403,5288
2025-05-20 02:33:01,15945,2120085504,31252480,0.0,0.09364885264199616,0,12,0.0,0.01,0.0,0.0,0.0,9904128,0,7,4,1,0,sleeping,87,33,0,49152,15403,5288
2025-05-20 02:33:03,15945,2120085504,31252480,0.0,0.09364885264199616,0,12,0.0,0.01,0.0,0.0,0.0,9904128,0,7,4,1,0,sleeping,87,33,0,49152,15403,5288
2025-05-20 02:33:04,15945,2120085504,31252480,0.0,0.09364885264199616,0,12,0.0,0.01,0.0,0.0,0.0,9904128,0,7,4,1,0,sleeping,87,33,0,49152,15403,5288
2025-05-20 02:33:05,15945,2120085504,31252480,0.0,0.09364885264199616,0,12,0.0,0.01,0.0,0.0,0.0,9904128,0,7,4,1,0,sleeping,87,33,0,49152,15403,5288
2025-05-20 02:33:06,15945,2120085504,31252480,0.0,0.09364885264199616,0,12,0.0,0.01,0.0,0.0,0.0,9904128,0,7,4,1,0,sleeping,87,33,0,49152,15403,5288
2025-05-20 02:33:07,15945,2120085504,31252480,0.0,0.09364885264199616,0,12,0.0,0.01,0.0,0.0,0.0,9904128,0,7,4,1,0,sleeping,87,33,0,49152,15403,5288
2025-05-20 02:33:08,15945,2120085504,31252480,0.0,0.09364885264199616,0,12,0.0,0.01,0.0,0.0,0.0,9904128,0,7,4,1,0,sleeping,87,33,0,49152,15403,5288
2025-05-20 02:33:09,15945,2120085504,31252480,0.0,0.09364885264199616,0,12,0.0,0.01,0.0,0.0,0.0,9904128,0,7,4,1,0,sleeping,87,33,0,49152,15403,5288
2025-05-20 02:33:10,15945,2120085504,31252480,0.0,0.09364885264199616,0,12,0.0,0.01,0.0,0.0,0.0,9904128,0,7,4,1,0,sleeping,87,33,0,49152,15403,5288
2025-05-20 02:33:11,15945,2120085504,31252480,0.0,0.09364885264199616,0,12,0.0,0.01,0.0,0.0,0.0,9904128,0,7,4,1,0,sleeping,87,33,0,49152,15403,5288
2025-05-20 02:33:12,15945,2120085504,31252480,0.0,0.09364885264199616,0,12,0.0,0.01,0.0,0.0,0.0,9904128,0,7,4,1,0,sleeping,87,33,0,49152,15403,5288
2025-05-20 02:33:13,15945,2120085504,31252480,0.0,0.09364885264199616,0,12,0.0,0.01,0.0,0.0,0.0,9904128,0,7,4,1,0,sleeping,87,33,0,49152,15403,5288
2025-05-20 02:33:14,15945,2120085504,31252480,0.0,0.09364885264199616,0,12,0.0,0.01,0.0,0.0,0.0,9904128,0,7,4,1,0,sleeping,87,33,0,49152,15403,5288
2025-05-20 02:33:15,15945,2120085504,31252480,0.0,0.09364885264199616,0,12,0.0,0.01,0.0,0.0,0.0,9904128,0,7,4,1,0,sleeping,87,33,0,49152,15403,5288
2025-05-20 02:33:16,15945,2120085504,31252480,0.0,0.09364885264199616,0,12,0.0,0.01,0.0,0.0,0.0,9904128,0,7,4,1,0,sleeping,87,33,0,49152,15403,5288
2025-05-20 02:33:17,15945,2120085504,31252480,0.0,0.09364885264199616,0,12,0.0,0.01,0.0,0.0,0.0,9904128,0,7,4,1,0,sleeping,87,33,0,49152,15403,5288
2025-05-20 02:33:18,15945,2120085504,31252480,0.0,0.09364885264199616,0,12,0.0,0.01,0.0,0.0,0.0,9904128,0,7,4,1,0,sleeping,87,33,0,49152,15403,5288
2025-05-20 02:33:20,15945,2120085504,31252480,0.0,0.09364885264199616,0,12,0.0,0.01,0.0,0.0,0.0,9904128,0,7,4,1,0,sleeping,87,33,0,49152,15403,5288
2025-05-20 02:33:21,15945,2120085504,31252480,0.0,0.09364885264199616,0,12,0.0,0.01,0.0,0.0,0.0,9904128,0,7,4,1,0,sleeping,87,33,0,49152,15403,5288
2025-05-20 02:33:22,15945,2120085504,31252480,0.0,0.09364885264199616,0,12,0.0,0.01,0.0,0.0,0.0,9904128,0,7,4,1,0,sleeping,89,34,0,53248,15493,5370
2025-05-20 02:33:23,15945,2120085504,31252480,0.0,0.09364885264199616,0,12,0.0,0.01,0.0,0.0,0.0,9904128,0,7,4,1,0,sleeping,89,34,0,53248,15493,5370
2025-05-20 02:33:24,15945,2120085504,31252480,0.0,0.09364885264199616,0,12,0.0,0.01,0.0,0.0,0.0,9904128,0,7,4,1,0,sleeping,89,34,0,53248,15493,5370
2025-05-20 02:33:25,15945,2120085504,31252480,0.0,0.09364885264199616,0,12,0.0,0.01,0.0,0.0,0.0,9904128,0,7,4,1,0,sleeping,89,34,0,53248,15493,5370
2025-05-20 02:33:26,15945,2120085504,31252480,0.0,0.09364885264199616,0,12,0.0,0.01,0.0,0.0,0.0,9904128,0,7,4,1,0,sleeping,89,34,0,53248,15493,5370
2025-05-20 02:33:27,15945,2120085504,31252480,0.0,0.09364885264199616,0,12,0.0,0.01,0.0,0.0,0.0,9904128,0,7,4,1,0,sleeping,89,34,0,53248,15493,5370
2025-05-20 02:33:28,15945,2120085504,31252480,0.0,0.09364885264199616,0,12,0.0,0.01,0.0,0.0,0.0,9904128,0,7,4,1,0,sleeping,89,34,0,53248,15493,5370
2025-05-20 02:33:29,15945,2120085504,31252480,0.0,0.09364885264199616,0,12,0.0,0.01,0.0,0.0,0.0,9904128,0,7,4,1,0,sleeping,89,34,0,53248,15493,5370
2025-05-20 02:33:30,15945,2120085504,31252480,0.0,0.09364885264199616,0,12,0.0,0.01,0.0,0.0,0.0,9904128,0,7,4,1,0,sleeping,89,34,0,53248,15493,5370
2025-05-20 02:33:31,15945,2120085504,31252480,0.0,0.09364885264199616,0,12,0.0,0.01,0.0,0.0,0.0,9904128,0,7,4,1,0,sleeping,89,34,0,53248,15493,5370
2025-05-20 02:33:32,15945,2120085504,31252480,0.0,0.09364885264199616,0,12,0.0,0.01,0.0,0.0,0.0,9904128,0,7,4,1,0,sleeping,89,34,0,53248,15493,5370
2025-05-20 02:33:33,15945,2120085504,31252480,0.0,0.09364885264199616,0,12,0.0,0.01,0.0,0.0,0.0,9904128,0,7,4,1,0,sleeping,89,34,0,53248,15493,5370
2025-05-20 02:33:34,15945,2120085504,31252480,0.0,0.09364885264199616,0,12,0.0,0.01,0.0,0.0,0.0,9904128,0,7,4,1,0,sleeping,89,34,0,53248,15493,5370
2025-05-20 02:33:35,15945,2120085504,31252480,0.0,0.09364885264199616,0,12,0.0,0.01,0.0,0.0,0.0,9904128,0,7,4,1,0,sleeping,89,34,0,53248,15493,5370
2025-05-20 02:33:36,15945,2120085504,31252480,0.0,0.09364885264199616,0,12,0.0,0.01,0.0,0.0,0.0,9904128,0,7,4,1,0,sleeping,89,34,0,53248,15493,5370
2025-05-20 02:33:38,15945,2120085504,31252480,0.0,0.09364885264199616,0,12,0.0,0.01,0.0,0.0,0.0,9904128,0,7,4,1,0,sleeping,89,34,0,53248,15493,5370
2025-05-20 02:33:39,15945,2120085504,31252480,0.0,0.09364885264199616,0,12,0.0,0.01,0.0,0.0,0.0,9904128,0,7,4,1,0,sleeping,89,34,0,53248,15493,5370
2025-05-20 02:33:40,15945,2120085504,31252480,0.0,0.09364885264199616,0,12,0.0,0.01,0.0,0.0,0.0,9904128,0,7,4,1,0,sleeping,89,34,0,53248,15493,5370
2025-05-20 02:33:41,15945,2120085504,31252480,0.0,0.09364885264199616,0,12,0.0,0.01,0.0,0.0,0.0,9904128,0,7,4,1,0,sleeping,89,34,0,53248,15493,5370
2025-05-20 02:33:42,15945,2120085504,31252480,0.0,0.09364885264199616,0,12,0.0,0.01,0.0,0.0,0.0,9904128,0,7,4,1,0,sleeping,89,34,0,53248,15493,5370
2025-05-20 02:33:43,15945,2120085504,31252480,0.0,0.09364885264199616,0,12,0.0,0.01,0.0,0.0,0.0,9904128,0,7,4,1,0,sleeping,89,34,0,53248,15493,5370
2025-05-20 02:33:44,15945,2120085504,31252480,0.0,0.09364885264199616,0,12,0.0,0.01,0.0,0.0,0.0,9904128,0,7,4,1,0,sleeping,89,34,0,53248,15493,5370
2025-05-20 02:33:45,15945,2120085504,31252480,0.0,0.09364885264199616,0,12,0.0,0.01,0.0,0.0,0.0,9904128,0,7,4,1,0,sleeping,89,34,0,53248,15493,5370
2025-05-20 02:33:46,15945,2120085504,31252480,0.0,0.09364885264199616,0,12,0.0,0.01,0.0,0.0,0.0,9904128,0,7,4,1,0,sleeping,89,34,0,53248,15493,5370
2025-05-20 02:33:47,15945,2120085504,31252480,0.0,0.09364885264199616,0,12,0.0,0.01,0.0,0.0,0.0,9904128,0,7,4,1,0,sleeping,89,34,0,53248,15493,5370
2025-05-20 02:33:48,15945,2120085504,31252480,0.0,0.09364885264199616,0,12,0.0,0.01,0.0,0.0,0.0,9904128,0,7,4,1,0,sleeping,89,34,0,53248,15493,5370
2025-05-20 02:33:49,15945,2120085504,31252480,0.0,0.09364885264199616,0,12,0.0,0.01,0.0,0.0,0.0,9904128,0,7,4,1,0,sleeping,89,34,0,53248,15493,5370
2025-05-20 02:33:50,15945,2120085504,31252480,0.0,0.09364885264199616,0,12,0.0,0.01,0.0,0.0,0.0,9904128,0,7,4,1,0,sleeping,91,35,0,53248,15583,5452
2025-05-20 02:33:51,15945,2120085504,31252480,0.0,0.09364885264199616,0,12,0.0,0.01,0.0,0.0,0.0,9904128,0,7,4,1,0,sleeping,91,35,0,53248,15583,5452
2025-05-20 02:33:52,15945,2120085504,31252480,0.0,0.09364885264199616,0,12,0.0,0.01,0.0,0.0,0.0,9904128,0,7,4,1,0,sleeping,91,35,0,53248,15583,5452
2025-05-20 02:33:53,15945,2120085504,31252480,0.0,0.09364885264199616,0,12,0.0,0.01,0.0,0.0,0.0,9904128,0,7,4,1,0,sleeping,91,35,0,53248,15583,5452
2025-05-20 02:33:54,15945,2120085504,31252480,0.0,0.09364885264199616,0,12,0.0,0.01,0.0,0.0,0.0,9904128,0,7,4,1,0,sleeping,91,35,0,53248,15583,5452
2025-05-20 02:33:55,15945,2120085504,31252480,0.0,0.09364885264199616,0,12,0.0,0.01,0.0,0.0,0.0,9904128,0,7,4,1,0,sleeping,91,35,0,53248,15583,5452
2025-05-20 02:33:57,15945,2120085504,31252480,0.0,0.09364885264199616,0,12,0.0,0.01,0.0,0.0,0.0,9904128,0,7,4,1,0,sleeping,91,35,0,53248,15583,5452
2025-05-20 02:33:58,15945,2120085504,31252480,0.0,0.09364885264199616,0,12,0.0,0.01,0.0,0.0,0.0,9904128,0,7,4,1,0,sleeping,91,35,0,53248,15583,5452
2025-05-20 02:33:59,15945,2120085504,31252480,0.0,0.09364885264199616,0,12,0.0,0.01,0.0,0.0,0.0,9904128,0,7,4,1,0,sleeping,91,35,0,53248,15583,5452
2025-05-20 02:34:00,15945,2120085504,31252480,0.0,0.09364885264199616,0,12,0.0,0.01,0.0,0.0,0.0,9904128,0,7,4,1,0,sleeping,91,35,0,53248,15583,5452
2025-05-20 02:34:01,15945,2120085504,31252480,0.0,0.09364885264199616,0,12,0.0,0.01,0.0,0.0,0.0,9904128,0,7,4,1,0,sleeping,91,35,0,53248,15583,5452
2025-05-20 02:34:02,15945,2120085504,31252480,0.0,0.09364885264199616,0,12,0.0,0.01,0.0,0.0,0.0,9904128,0,7,4,1,0,sleeping,91,35,0,53248,15583,5452
2025-05-20 02:34:03,15945,2120085504,31252480,0.0,0.09364885264199616,0,12,0.0,0.01,0.0,0.0,0.0,9904128,0,7,4,1,0,sleeping,91,35,0,53248,15583,5452
2025-05-20 02:34:04,15945,2120085504,31252480,0.0,0.09364885264199616,0,12,0.0,0.01,0.0,0.0,0.0,9904128,0,7,4,1,0,sleeping,91,35,0,53248,15583,5452
2025-05-20 02:34:05,15945,2120085504,31252480,0.0,0.09364885264199616,0,12,0.0,0.01,0.0,0.0,0.0,9904128,0,7,4,1,0,sleeping,91,35,0,53248,15583,5452
2025-05-20 02:34:06,15945,2120085504,31252480,0.0,0.09364885264199616,0,12,0.0,0.01,0.0,0.0,0.0,9904128,0,7,4,1,0,sleeping,91,35,0,53248,15583,5452
2025-05-20 02:34:07,15945,2120085504,31252480,0.0,0.09364885264199616,0,12,0.0,0.01,0.0,0.0,0.0,9904128,0,7,4,1,0,sleeping,91,35,0,53248,15583,5452
2025-05-20 02:34:08,15945,2120085504,31252480,0.0,0.09364885264199616,0,12,0.0,0.01,0.0,0.0,0.0,9904128,0,7,4,1,0,sleeping,91,35,0,53248,15583,5452
2025-05-20 02:34:09,15945,2120085504,31252480,0.0,0.09364885264199616,0,12,0.0,0.01,0.0,0.0,0.0,9904128,0,7,4,1,0,sleeping,91,35,0,53248,15583,5452
2025-05-20 02:34:10,15945,2120085504,31252480,0.0,0.09364885264199616,0,12,0.0,0.01,0.0,0.0,0.0,9904128,0,7,4,1,0,sleeping,91,35,0,53248,15583,5452
2025-05-20 02:34:11,15945,2120085504,31252480,0.0,0.09364885264199616,0,12,0.0,0.01,0.0,0.0,0.0,9904128,0,7,4,1,0,sleeping,91,35,0,53248,15583,5452
2025-05-20 02:34:12,15945,2120085504,31252480,0.0,0.09364885264199616,0,12,0.0,0.01,0.0,0.0,0.0,9904128,0,7,4,1,0,sleeping,91,35,0,53248,15583,5452
2025-05-20 02:34:13,15945,2120085504,31252480,0.0,0.09364885264199616,0,12,0.0,0.01,0.0,0.0,0.0,9904128,0,7,4,1,0,sleeping,91,35,0,53248,15583,5452
2025-05-20 02:34:15,15945,2120085504,31252480,0.0,0.09364885264199616,0,12,0.0,0.01,0.0,0.0,0.0,9904128,0,7,4,1,0,sleeping,91,35,0,53248,15583,5452
2025-05-20 02:34:16,15945,2120085504,31252480,0.0,0.09364885264199616,0,12,0.0,0.01,0.0,0.0,0.0,9904128,0,7,4,1,0,sleeping,91,35,0,53248,15583,5452
2025-05-20 02:34:17,15945,2120085504,31252480,0.0,0.09364885264199616,0,12,0.0,0.01,0.0,0.0,0.0,9904128,0,7,4,1,0,sleeping,91,35,0,53248,15583,5452
2025-05-20 02:34:18,15945,2120085504,31252480,0.0,0.09364885264199616,0,12,0.0,0.01,0.0,0.0,0.0,9904128,0,7,4,1,0,sleeping,91,35,0,53248,15583,5452
2025-05-20 02:34:19,15945,2120085504,31252480,0.0,0.09364885264199616,0,12,0.0,0.01,0.0,0.0,0.0,9904128,0,7,4,1,0,sleeping,91,35,0,53248,15583,5452
2025-05-20 02:34:20,15945,2120085504,31252480,0.0,0.09364885264199616,0,12,0.0,0.01,0.0,0.0,0.0,9904128,0,7,4,1,0,sleeping,91,35,0,53248,15583,5452
2025-05-20 02:34:21,15945,2120085504,31252480,0.0,0.09364885264199616,0,12,0.0,0.01,0.0,0.0,0.0,9904128,0,7,4,1,0,sleeping,93,36,0,57344,15673,5534
2025-05-20 02:34:22,15945,2120085504,31252480,0.0,0.09364885264199616,0,12,0.0,0.01,0.0,0.0,0.0,9904128,0,7,4,1,0,sleeping,93,36,0,57344,15673,5534
2025-05-20 02:34:23,15945,2120085504,31252480,0.0,0.09364885264199616,0,12,0.0,0.01,0.0,0.0,0.0,9904128,0,7,4,1,0,sleeping,93,36,0,57344,15673,5534
2025-05-20 02:34:24,15945,2120085504,31252480,0.0,0.09364885264199616,0,12,0.0,0.01,0.0,0.0,0.0,9904128,0,7,4,1,0,sleeping,93,36,0,57344,15673,5534
2025-05-20 02:34:25,15945,2120085504,31252480,0.0,0.09364885264199616,0,12,0.0,0.01,0.0,0.0,0.0,9904128,0,7,4,1,0,sleeping,93,36,0,57344,15673,5534
2025-05-20 02:34:26,15945,2120085504,31252480,0.0,0.09364885264199616,0,12,0.0,0.01,0.0,0.0,0.0,9904128,0,7,4,1,0,sleeping,93,36,0,57344,15673,5534
2025-05-20 02:34:27,15945,2120085504,31252480,0.0,0.09364885264199616,0,12,0.0,0.01,0.0,0.0,0.0,9904128,0,7,4,1,0,sleeping,93,36,0,57344,15673,5534
2025-05-20 02:34:28,15945,2120085504,31252480,0.0,0.09364885264199616,0,12,0.0,0.01,0.0,0.0,0.0,9904128,0,7,4,1,0,sleeping,93,36,0,57344,15673,5534
2025-05-20 02:34:29,15945,2120085504,31252480,0.0,0.09364885264199616,0,12,0.0,0.01,0.0,0.0,0.0,9904128,0,7,4,1,0,sleeping,93,36,0,57344,15673,5534
2025-05-20 02:34:30,15945,2120085504,31252480,0.0,0.09364885264199616,0,12,0.0,0.01,0.0,0.0,0.0,9904128,0,7,4,1,0,sleeping,93,36,0,57344,15673,5534
2025-05-20 02:34:31,15945,2120085504,31252480,0.0,0.09364885264199616,0,12,0.0,0.01,0.0,0.0,0.0,9904128,0,7,4,1,0,sleeping,93,36,0,57344,15673,5534
2025-05-20 02:34:33,15945,2120085504,31252480,0.0,0.09364885264199616,0,12,0.0,0.01,0.0,0.0,0.0,9904128,0,7,4,1,0,sleeping,93,36,0,57344,15673,5534
2025-05-20 02:34:34,15945,2120085504,31252480,0.0,0.09364885264199616,0,12,0.0,0.01,0.0,0.0,0.0,9904128,0,7,4,1,0,sleeping,93,36,0,57344,15673,5534
2025-05-20 02:34:35,15945,2120085504,31252480,0.0,0.09364885264199616,0,12,0.0,0.01,0.0,0.0,0.0,9904128,0,7,4,1,0,sleeping,93,36,0,57344,15673,5534
2025-05-20 02:34:36,15945,2120085504,31252480,0.0,0.09364885264199616,0,12,0.0,0.01,0.0,0.0,0.0,9904128,0,7,4,1,0,sleeping,93,36,0,57344,15673,5534
2025-05-20 02:34:37,15945,2120085504,31252480,0.0,0.09364885264199616,0,12,0.0,0.01,0.0,0.0,0.0,9904128,0,7,4,1,0,sleeping,93,36,0,57344,15673,5534
2025-05-20 02:34:38,15945,2120085504,31252480,0.0,0.09364885264199616,0,12,0.0,0.01,0.0,0.0,0.0,9904128,0,7,4,1,0,sleeping,93,36,0,57344,15673,5534
2025-05-20 02:34:39,15945,2120085504,31252480,0.0,0.09364885264199616,0,12,0.0,0.01,0.0,0.0,0.0,9904128,0,7,4,1,0,sleeping,93,36,0,57344,15673,5534
2025-05-20 02:34:40,15945,2120085504,31252480,0.0,0.09364885264199616,0,12,0.0,0.01,0.0,0.0,0.0,9904128,0,7,4,1,0,sleeping,93,36,0,57344,15673,5534
2025-05-20 02:34:41,15945,2120085504,31252480,0.0,0.09364885264199616,0,12,0.0,0.01,0.0,0.0,0.0,9904128,0,7,4,1,0,sleeping,93,36,0,57344,15673,5534
2025-05-20 02:34:42,15945,2120085504,31252480,0.0,0.09364885264199616,0,12,0.0,0.01,0.0,0.0,0.0,9904128,0,7,4,1,0,sleeping,93,36,0,57344,15673,5534
2025-05-20 02:34:43,15945,2120085504,31252480,0.0,0.09364885264199616,0,12,0.0,0.01,0.0,0.0,0.0,9904128,0,7,4,1,0,sleeping,93,36,0,57344,15673,5534
2025-05-20 02:34:44,15945,2120085504,31252480,0.0,0.09364885264199616,0,12,0.0,0.01,0.0,0.0,0.0,9904128,0,7,4,1,0,sleeping,93,36,0,57344,15673,5534
2025-05-20 02:34:45,15945,2120085504,31252480,0.0,0.09364885264199616,0,12,0.0,0.01,0.0,0.0,0.0,9904128,0,7,4,1,0,sleeping,93,36,0,57344,15673,5534
2025-05-20 02:34:46,15945,2120085504,31252480,0.0,0.09364885264199616,0,12,0.0,0.01,0.0,0.0,0.0,9904128,0,7,4,1,0,sleeping,93,36,0,57344,15673,5534
2025-05-20 02:34:47,15945,2120085504,31252480,0.0,0.09364885264199616,0,12,0.0,0.01,0.0,0.0,0.0,9904128,0,7,4,1,0,sleeping,93,36,0,57344,15673,5534
2025-05-20 02:34:48,15945,2120085504,31252480,0.0,0.09364885264199616,0,12,0.0,0.01,0.0,0.0,0.0,9904128,0,7,4,1,0,sleeping,93,36,0,57344,15673,5534
2025-05-20 02:34:49,15945,2120085504,31252480,0.0,0.09364885264199616,0,12,0.0,0.01,0.0,0.0,0.0,9904128,0,7,4,1,0,sleeping,93,36,0,57344,15673,5534
2025-05-20 02:34:51,15945,2120085504,31252480,0.0,0.09364885264199616,0,12,0.0,0.01,0.0,0.0,0.0,9904128,0,7,4,1,0,sleeping,95,37,0,57344,15763,5616
2025-05-20 02:34:52,15945,2120085504,31252480,0.0,0.09364885264199616,0,12,0.0,0.01,0.0,0.0,0.0,9904128,0,7,4,1,0,sleeping,95,37,0,57344,15763,5616
2025-05-20 02:34:53,15945,2120085504,31252480,0.0,0.09364885264199616,0,12,0.0,0.01,0.0,0.0,0.0,9904128,0,7,4,1,0,sleeping,95,37,0,57344,15763,5616
2025-05-20 02:34:54,15945,2120085504,31252480,0.0,0.09364885264199616,0,12,0.0,0.01,0.0,0.0,0.0,9904128,0,7,4,1,0,sleeping,95,37,0,57344,15763,5616
2025-05-20 02:34:55,15945,2120085504,31252480,0.0,0.09364885264199616,0,12,0.0,0.01,0.0,0.0,0.0,9904128,0,7,4,1,0,sleeping,95,37,0,57344,15763,5616
2025-05-20 02:34:56,15945,2120085504,31252480,0.0,0.09364885264199616,0,12,0.0,0.01,0.0,0.0,0.0,9904128,0,7,4,1,0,sleeping,95,37,0,57344,15763,5616
2025-05-20 02:34:57,15945,2120085504,31252480,0.0,0.09364885264199616,0,12,0.0,0.01,0.0,0.0,0.0,9904128,0,7,4,1,0,sleeping,95,37,0,57344,15763,5616
2025-05-20 02:34:58,15945,2120085504,31252480,0.0,0.09364885264199616,0,12,0.0,0.01,0.0,0.0,0.0,9904128,0,7,4,1,0,sleeping,95,37,0,57344,15763,5616
2025-05-20 02:34:59,15945,2120085504,31252480,0.0,0.09364885264199616,0,12,0.0,0.01,0.0,0.0,0.0,9904128,0,7,4,1,0,sleeping,95,37,0,57344,15763,5616
2025-05-20 02:35:00,15945,2120085504,31252480,0.0,0.09364885264199616,0,12,0.0,0.01,0.0,0.0,0.0,9904128,0,7,4,1,0,sleeping,95,37,0,57344,15763,5616
2025-05-20 02:35:01,15945,2120085504,31252480,0.0,0.09364885264199616,0,12,0.0,0.01,0.0,0.0,0.0,9904128,0,7,4,1,0,sleeping,95,37,0,57344,15763,5616
2025-05-20 02:35:02,15945,2120085504,31252480,0.0,0.09364885264199616,0,12,0.0,0.01,0.0,0.0,0.0,9904128,0,7,4,1,0,sleeping,95,37,0,57344,15763,5616
2025-05-20 02:35:03,15945,2120085504,31252480,0.0,0.09364885264199616,0,12,0.0,0.01,0.0,0.0,0.0,9904128,0,7,4,1,0,sleeping,95,37,0,57344,15763,5616
2025-05-20 02:35:04,15945,2120085504,31252480,0.0,0.09364885264199616,0,12,0.0,0.01,0.0,0.0,0.0,9904128,0,7,4,1,0,sleeping,95,37,0,57344,15763,5616
2025-05-20 02:35:05,15945,2120085504,31252480,0.0,0.09364885264199616,0,12,0.0,0.01,0.0,0.0,0.0,9904128,0,7,4,1,0,sleeping,95,37,0,57344,15763,5616
2025-05-20 02:35:06,15945,2120085504,31252480,0.0,0.09364885264199616,0,12,0.0,0.01,0.0,0.0,0.0,9904128,0,7,4,1,0,sleeping,95,37,0,57344,15763,5616
2025-05-20 02:35:07,15945,2120085504,31252480,0.0,0.09364885264199616,0,12,0.0,0.01,0.0,0.0,0.0,9904128,0,7,4,1,0,sleeping,95,37,0,57344,15763,5616
2025-05-20 02:35:09,15945,2120085504,31252480,0.0,0.09364885264199616,0,12,0.0,0.01,0.0,0.0,0.0,9904128,0,7,4,1,0,sleeping,95,37,0,57344,15763,5616
2025-05-20 02:35:10,15945,2120085504,31252480,0.0,0.09364885264199616,0,12,0.0,0.01,0.0,0.0,0.0,9904128,0,7,4,1,0,sleeping,95,37,0,57344,15763,5616
2025-05-20 02:35:11,15945,2120085504,31252480,0.0,0.09364885264199616,0,12,0.0,0.01,0.0,0.0,0.0,9904128,0,7,4,1,0,sleeping,95,37,0,57344,15763,5616
2025-05-20 02:35:12,15945,2120085504,31252480,0.0,0.09364885264199616,0,12,0.0,0.01,0.0,0.0,0.0,9904128,0,7,4,1,0,sleeping,95,37,0,57344,15763,5616
2025-05-20 02:35:13,15945,2120085504,31252480,0.0,0.09364885264199616,0,12,0.0,0.01,0.0,0.0,0.0,9904128,0,7,4,1,0,sleeping,95,37,0,57344,15763,5616
2025-05-20 02:35:14,15945,2120085504,31252480,0.0,0.09364885264199616,0,12,0.0,0.01,0.0,0.0,0.0,9904128,0,7,4,1,0,sleeping,95,37,0,57344,15763,5616
2025-05-20 02:35:15,15945,2120085504,31252480,0.0,0.09364885264199616,0,12,0.0,0.01,0.0,0.0,0.0,9904128,0,7,4,1,0,sleeping,95,37,0,57344,15763,5616
2025-05-20 02:35:16,15945,2120085504,31252480,0.0,0.09364885264199616,0,12,0.0,0.01,0.0,0.0,0.0,9904128,0,7,4,1,0,sleeping,95,37,0,57344,15763,5616
2025-05-20 02:35:17,15945,2120085504,31252480,0.0,0.09364885264199616,0,12,0.0,0.01,0.0,0.0,0.0,9904128,0,7,4,1,0,sleeping,95,37,0,57344,15763,5616
2025-05-20 02:35:18,15945,2120085504,31252480,0.0,0.09364885264199616,0,12,0.0,0.01,0.0,0.0,0.0,9904128,0,7,4,1,0,sleeping,95,37,0,57344,15763,5616
2025-05-20 02:35:19,15945,2120085504,31252480,0.0,0.09364885264199616,0,12,0.0,0.01,0.0,0.0,0.0,9904128,0,7,4,1,0,sleeping,95,37,0,57344,15763,5616
2025-05-20 02:35:20,15945,2120085504,31252480,0.0,0.09364885264199616,0,12,0.0,0.01,0.0,0.0,0.0,9904128,0,7,4,1,0,sleeping,95,37,0,57344,15763,5616
2025-05-20 02:35:21,15945,2120085504,31252480,0.0,0.09364885264199616,0,12,0.0,0.01,0.0,0.0,0.0,9904128,0,7,4,1,0,sleeping,95,37,0,57344,15763,5616
2025-05-20 02:35:22,15945,2120085504,31252480,0.0,0.09364885264199616,0,12,0.0,0.01,0.0,0.0,0.0,9904128,0,7,4,1,0,sleeping,95,37,0,57344,15763,5616
2025-05-20 02:35:23,15945,2120085504,31252480,0.0,0.09364885264199616,0,12,0.0,0.01,0.0,0.0,0.0,9904128,0,7,4,1,0,sleeping,95,37,0,57344,15763,5616
2025-05-20 02:35:24,15945,2120085504,31252480,0.0,0.09364885264199616,0,12,0.0,0.01,0.0,0.0,0.0,9904128,0,7,4,1,0,sleeping,95,37,0,57344,15763,5616
2025-05-20 02:35:25,15945,2120085504,31252480,0.0,0.09364885264199616,0,12,0.0,0.01,0.0,0.0,0.0,9904128,0,7,4,1,0,sleeping,95,37,0,57344,15763,5616
2025-05-20 02:35:27,15945,2120085504,31252480,0.0,0.09364885264199616,0,12,0.0,0.01,0.0,0.0,0.0,9904128,0,7,4,1,0,sleeping,95,37,0,57344,15763,5616
2025-05-20 02:35:28,15945,2120085504,31252480,0.9,0.09364885264199616,0,12,0.01,0.01,0.0,0.0,0.0,9904128,0,7,4,1,0,sleeping,97,38,0,61440,15853,5698
2025-05-20 02:35:29,15945,2120085504,31252480,0.0,0.09364885264199616,0,12,0.01,0.01,0.0,0.0,0.0,9904128,0,7,4,1,0,sleeping,97,38,0,61440,15853,5698
2025-05-20 02:35:30,15945,2120085504,31252480,0.0,0.09364885264199616,0,12,0.01,0.01,0.0,0.0,0.0,9904128,0,7,4,1,0,sleeping,97,38,0,61440,15853,5698
2025-05-20 02:35:31,15945,2120085504,31252480,0.0,0.09364885264199616,0,12,0.01,0.01,0.0,0.0,0.0,9904128,0,7,4,1,0,sleeping,97,38,0,61440,15853,5698
2025-05-20 02:35:32,15945,2120085504,31252480,0.0,0.09364885264199616,0,12,0.01,0.01,0.0,0.0,0.0,9904128,0,7,4,1,0,sleeping,97,38,0,61440,15853,5698
2025-05-20 02:35:33,15945,2120085504,31252480,0.0,0.09364885264199616,0,12,0.01,0.01,0.0,0.0,0.0,9904128,0,7,4,1,0,sleeping,97,38,0,61440,15853,5698
2025-05-20 02:35:34,15945,2120085504,31252480,0.0,0.09364885264199616,0,12,0.01,0.01,0.0,0.0,0.0,9904128,0,7,4,1,0,sleeping,97,38,0,61440,15853,5698
2025-05-20 02:35:35,15945,2120085504,31252480,0.0,0.09364885264199616,0,12,0.01,0.01,0.0,0.0,0.0,9904128,0,7,4,1,0,sleeping,97,38,0,61440,15853,5698
2025-05-20 02:35:36,15945,2120085504,31252480,0.0,0.09364885264199616,0,12,0.01,0.01,0.0,0.0,0.0,9904128,0,7,4,1,0,sleeping,97,38,0,61440,15853,5698
2025-05-20 02:35:37,15945,2120085504,31252480,0.0,0.09364885264199616,0,12,0.01,0.01,0.0,0.0,0.0,9904128,0,7,4,1,0,sleeping,97,38,0,61440,15853,5698
2025-05-20 02:35:38,15945,2120085504,31252480,0.0,0.09364885264199616,0,12,0.01,0.01,0.0,0.0,0.0,9904128,0,7,4,1,0,sleeping,97,38,0,61440,15853,5698
2025-05-20 02:35:39,15945,2120085504,31252480,0.0,0.09364885264199616,0,12,0.01,0.01,0.0,0.0,0.0,9904128,0,7,4,1,0,sleeping,97,38,0,61440,15853,5698
2025-05-20 02:35:40,15945,2120085504,31252480,0.0,0.09364885264199616,0,12,0.01,0.01,0.0,0.0,0.0,9904128,0,7,4,1,0,sleeping,97,38,0,61440,15853,5698
2025-05-20 02:35:41,15945,2120085504,31252480,0.0,0.09364885264199616,0,12,0.01,0.01,0.0,0.0,0.0,9904128,0,7,4,1,0,sleeping,97,38,0,61440,15853,5698
2025-05-20 02:35:42,15945,2120085504,31252480,0.0,0.09364885264199616,0,12,0.01,0.01,0.0,0.0,0.0,9904128,0,7,4,1,0,sleeping,97,38,0,61440,15853,5698
2025-05-20 02:35:43,15945,2120085504,31252480,0.0,0.09364885264199616,0,12,0.01,0.01,0.0,0.0,0.0,9904128,0,7,4,1,0,sleeping,97,38,0,61440,15853,5698
2025-05-20 02:35:45,15945,2120085504,31252480,0.0,0.09364885264199616,0,12,0.01,0.01,0.0,0.0,0.0,9904128,0,7,4,1,0,sleeping,97,38,0,61440,15853,5698
2025-05-20 02:35:46,15945,2120085504,31252480,0.0,0.09364885264199616,0,12,0.01,0.01,0.0,0.0,0.0,9904128,0,7,4,1,0,sleeping,97,38,0,61440,15853,5698
2025-05-20 02:35:47,15945,2120085504,31252480,0.0,0.09364885264199616,0,12,0.01,0.01,0.0,0.0,0.0,9904128,0,7,4,1,0,sleeping,97,38,0,61440,15853,5698
2025-05-20 02:35:48,15945,2120085504,31252480,0.0,0.09364885264199616,0,12,0.01,0.01,0.0,0.0,0.0,9904128,0,7,4,1,0,sleeping,97,38,0,61440,15853,5698
2025-05-20 02:35:49,15945,2120085504,31252480,0.0,0.09364885264199616,0,12,0.01,0.01,0.0,0.0,0.0,9904128,0,7,4,1,0,sleeping,97,38,0,61440,15853,5698
2025-05-20 02:35:50,15945,2120085504,31252480,0.0,0.09364885264199616,0,12,0.01,0.01,0.0,0.0,0.0,9904128,0,7,4,1,0,sleeping,97,38,0,61440,15853,5698
2025-05-20 02:35:51,15945,2120085504,31252480,0.0,0.09364885264199616,0,12,0.01,0.01,0.0,0.0,0.0,9904128,0,7,4,1,0,sleeping,97,38,0,61440,15853,5698
2025-05-20 02:35:52,15945,2120085504,31252480,0.0,0.09364885264199616,0,12,0.01,0.01,0.0,0.0,0.0,9904128,0,7,4,1,0,sleeping,97,38,0,61440,15853,5698
2025-05-20 02:35:53,15945,2120085504,31252480,0.0,0.09364885264199616,0,12,0.01,0.01,0.0,0.0,0.0,9904128,0,7,4,1,0,sleeping,97,38,0,61440,15853,5698
2025-05-20 02:35:54,15945,2120085504,31252480,0.0,0.09364885264199616,0,12,0.01,0.01,0.0,0.0,0.0,9904128,0,7,4,1,0,sleeping,97,38,0,61440,15853,5698
2025-05-20 02:35:55,15945,2120085504,31252480,0.0,0.09364885264199616,0,12,0.01,0.01,0.0,0.0,0.0,9904128,0,7,4,1,0,sleeping,97,38,0,61440,15853,5698
2025-05-20 02:35:56,15945,2120085504,31252480,0.0,0.09364885264199616,0,12,0.01,0.01,0.0,0.0,0.0,9904128,0,7,4,1,0,sleeping,97,38,0,61440,15853,5698
2025-05-20 02:35:57,15945,2120085504,31252480,0.0,0.09364885264199616,0,12,0.01,0.01,0.0,0.0,0.0,9904128,0,7,4,1,0,sleeping,97,38,0,61440,15853,5698
2025-05-20 02:35:58,15945,2120085504,31252480,0.0,0.09364885264199616,0,12,0.01,0.01,0.0,0.0,0.0,9904128,0,7,4,1,0,sleeping,97,38,0,61440,15853,5698
2025-05-20 02:35:59,15945,2120085504,31252480,0.0,0.09364885264199616,0,12,0.01,0.01,0.0,0.0,0.0,9904128,0,7,4,1,0,sleeping,99,39,0,61440,15943,5780
2025-05-20 02:36:00,15945,2120085504,31252480,0.0,0.09364885264199616,0,12,0.01,0.01,0.0,0.0,0.0,9904128,0,7,4,1,0,sleeping,99,39,0,61440,15943,5780
2025-05-20 02:36:01,15945,2120085504,31252480,0.0,0.09364885264199616,0,12,0.01,0.01,0.0,0.0,0.0,9904128,0,7,4,1,0,sleeping,99,39,0,61440,15943,5780
2025-05-20 02:36:03,15945,2120085504,31252480,0.0,0.09364885264199616,0,12,0.01,0.01,0.0,0.0,0.0,9904128,0,7,4,1,0,sleeping,99,39,0,61440,15943,5780
2025-05-20 02:36:04,15945,2120085504,31252480,0.0,0.09364885264199616,0,12,0.01,0.01,0.0,0.0,0.0,9904128,0,7,4,1,0,sleeping,99,39,0,61440,15943,5780
2025-05-20 02:36:05,15945,2120085504,31252480,0.0,0.09364885264199616,0,12,0.01,0.01,0.0,0.0,0.0,9904128,0,7,4,1,0,sleeping,99,39,0,61440,15943,5780
2025-05-20 02:36:06,15945,2120085504,31252480,0.0,0.09364885264199616,0,12,0.01,0.01,0.0,0.0,0.0,9904128,0,7,4,1,0,sleeping,99,39,0,61440,15943,5780
2025-05-20 02:36:07,15945,2120085504,31252480,0.0,0.09364885264199616,0,12,0.01,0.01,0.0,0.0,0.0,9904128,0,7,4,1,0,sleeping,99,39,0,61440,15943,5780
2025-05-20 02:36:08,15945,2120085504,31252480,0.0,0.09364885264199616,0,12,0.01,0.01,0.0,0.0,0.0,9904128,0,7,4,1,0,sleeping,99,39,0,61440,15943,5780
2025-05-20 02:36:09,15945,2120085504,31252480,0.0,0.09364885264199616,0,12,0.01,0.01,0.0,0.0,0.0,9904128,0,7,4,1,0,sleeping,99,39,0,61440,15943,5780
2025-05-20 02:36:10,15945,2120085504,31252480,0.0,0.09364885264199616,0,12,0.01,0.01,0.0,0.0,0.0,9904128,0,7,4,1,0,sleeping,99,39,0,61440,15943,5780
2025-05-20 02:36:11,15945,2120085504,31252480,0.0,0.09364885264199616,0,12,0.01,0.01,0.0,0.0,0.0,9904128,0,7,4,1,0,sleeping,99,39,0,61440,15943,5780
2025-05-20 02:36:12,15945,2120085504,31252480,0.0,0.09364885264199616,0,12,0.01,0.01,0.0,0.0,0.0,9904128,0,7,4,1,0,sleeping,99,39,0,61440,15943,5780
2025-05-20 02:36:13,15945,2120085504,31252480,0.0,0.09364885264199616,0,12,0.01,0.01,0.0,0.0,0.0,9904128,0,7,4,1,0,sleeping,99,39,0,61440,15943,5780
2025-05-20 02:36:14,15945,2120085504,31252480,0.0,0.09364885264199616,0,12,0.01,0.01,0.0,0.0,0.0,9904128,0,7,4,1,0,sleeping,99,39,0,61440,15943,5780
2025-05-20 02:36:15,15945,2120085504,31252480,0.0,0.09364885264199616,0,12,0.01,0.01,0.0,0.0,0.0,9904128,0,7,4,1,0,sleeping,99,39,0,61440,15943,5780
2025-05-20 02:36:16,15945,2120085504,31252480,0.0,0.09364885264199616,0,12,0.01,0.01,0.0,0.0,0.0,9904128,0,7,4,1,0,sleeping,99,39,0,61440,15943,5780
2025-05-20 02:36:18,15945,2120085504,31252480,0.0,0.09364885264199616,0,12,0.01,0.01,0.0,0.0,0.0,9904128,0,7,4,1,0,sleeping,99,39,0,61440,15943,5780
2025-05-20 02:36:19,15945,2120085504,31252480,0.0,0.09364885264199616,0,12,0.01,0.01,0.0,0.0,0.0,9904128,0,7,4,1,0,sleeping,99,39,0,61440,15943,5780
2025-05-20 02:36:20,15945,2120085504,31252480,0.0,0.09364885264199616,0,12,0.01,0.01,0.0,0.0,0.0,9904128,0,7,4,1,0,sleeping,99,39,0,61440,15943,5780
2025-05-20 02:36:21,15945,2120085504,31252480,0.0,0.09364885264199616,0,12,0.01,0.01,0.0,0.0,0.0,9904128,0,7,4,1,0,sleeping,99,39,0,61440,15943,5780
2025-05-20 02:36:22,15945,2120085504,31252480,0.0,0.09364885264199616,0,12,0.01,0.01,0.0,0.0,0.0,9904128,0,7,4,1,0,sleeping,99,39,0,61440,15943,5780
2025-05-20 02:36:23,15945,2120085504,31252480,0.0,0.09364885264199616,0,12,0.01,0.01,0.0,0.0,0.0,9904128,0,7,4,1,0,sleeping,99,39,0,61440,15943,5780
2025-05-20 02:36:24,15945,2120085504,31252480,0.0,0.09364885264199616,0,12,0.01,0.01,0.0,0.0,0.0,9904128,0,7,4,1,0,sleeping,99,39,0,61440,15943,5780
2025-05-20 02:36:25,15945,2120085504,31252480,0.0,0.09364885264199616,0,12,0.01,0.01,0.0,0.0,0.0,9904128,0,7,4,1,0,sleeping,99,39,0,61440,15943,5780
2025-05-20 02:36:26,15945,2120085504,31252480,0.0,0.09364885264199616,0,12,0.01,0.01,0.0,0.0,0.0,9904128,0,7,4,1,0,sleeping,99,39,0,61440,15943,5780
2025-05-20 02:36:27,15945,2120085504,31252480,0.0,0.09364885264199616,0,12,0.01,0.01,0.0,0.0,0.0,9904128,0,7,4,1,0,sleeping,99,39,0,61440,15943,5780
2025-05-20 02:36:28,15945,2120085504,31252480,0.0,0.09364885264199616,0,12,0.01,0.01,0.0,0.0,0.0,9904128,0,7,4,1,0,sleeping,99,39,0,61440,15943,5780
2025-05-20 02:36:29,15945,2120085504,31252480,0.0,0.09364885264199616,0,12,0.01,0.01,0.0,0.0,0.0,9904128,0,7,4,1,0,sleeping,99,39,0,61440,15943,5780
2025-05-20 02:36:30,15945,2120085504,31252480,0.0,0.09364885264199616,0,12,0.01,0.01,0.0,0.0,0.0,9904128,0,7,4,1,0,sleeping,99,39,0,61440,15943,5780
2025-05-20 02:36:31,15945,2120085504,31252480,0.0,0.09364885264199616,0,12,0.01,0.01,0.0,0.0,0.0,9904128,0,7,4,1,0,sleeping,101,40,0,65536,16033,5862
2025-05-20 02:36:32,15945,2120085504,31252480,0.0,0.09364885264199616,0,12,0.01,0.01,0.0,0.0,0.0,9904128,0,7,4,1,0,sleeping,101,40,0,65536,16033,5862
2025-05-20 02:36:33,15945,2120085504,31252480,0.0,0.09364885264199616,0,12,0.01,0.01,0.0,0.0,0.0,9904128,0,7,4,1,0,sleeping,101,40,0,65536,16033,5862
2025-05-20 02:36:34,15945,2120085504,31252480,0.0,0.09364885264199616,0,12,0.01,0.01,0.0,0.0,0.0,9904128,0,7,4,1,0,sleeping,101,40,0,65536,16033,5862
2025-05-20 02:36:35,15945,2120085504,31252480,0.0,0.09364885264199616,0,12,0.01,0.01,0.0,0.0,0.0,9904128,0,7,4,1,0,sleeping,101,40,0,65536,16033,5862
2025-05-20 02:36:37,15945,2120085504,31252480,0.0,0.09364885264199616,0,12,0.01,0.01,0.0,0.0,0.0,9904128,0,7,4,1,0,sleeping,101,40,0,65536,16033,5862
2025-05-20 02:36:38,15945,2120085504,31252480,0.0,0.09364885264199616,0,12,0.01,0.01,0.0,0.0,0.0,9904128,0,7,4,1,0,sleeping,101,40,0,65536,16033,5862
2025-05-20 02:36:39,15945,2120085504,31252480,0.0,0.09364885264199616,0,12,0.01,0.01,0.0,0.0,0.0,9904128,0,7,4,1,0,sleeping,101,40,0,65536,16033,5862
2025-05-20 02:36:40,15945,2120085504,31252480,0.0,0.09364885264199616,0,12,0.01,0.01,0.0,0.0,0.0,9904128,0,7,4,1,0,sleeping,101,40,0,65536,16033,5862
2025-05-20 02:36:41,15945,2120085504,31252480,0.0,0.09364885264199616,0,12,0.01,0.01,0.0,0.0,0.0,9904128,0,7,4,1,0,sleeping,101,40,0,65536,16033,5862
2025-05-20 02:36:42,15945,2120085504,31252480,0.0,0.09364885264199616,0,12,0.01,0.01,0.0,0.0,0.0,9904128,0,7,4,1,0,sleeping,101,40,0,65536,16033,5862
2025-05-20 02:36:43,15945,2120085504,31252480,0.0,0.09364885264199616,0,12,0.01,0.01,0.0,0.0,0.0,9904128,0,7,4,1,0,sleeping,101,40,0,65536,16033,5862
2025-05-20 02:36:44,15945,2120085504,31252480,0.0,0.09364885264199616,0,12,0.01,0.01,0.0,0.0,0.0,9904128,0,7,4,1,0,sleeping,101,40,0,65536,16033,5862
2025-05-20 02:36:45,15945,2120085504,31252480,0.0,0.09364885264199616,0,12,0.01,0.01,0.0,0.0,0.0,9904128,0,7,4,1,0,sleeping,101,40,0,65536,16033,5862
2025-05-20 02:36:46,15945,2120085504,31252480,0.0,0.09364885264199616,0,12,0.01,0.01,0.0,0.0,0.0,9904128,0,7,4,1,0,sleeping,101,40,0,65536,16033,5862
2025-05-20 02:36:47,15945,2120085504,31252480,0.0,0.09364885264199616,0,12,0.01,0.01,0.0,0.0,0.0,9904128,0,7,4,1,0,sleeping,101,40,0,65536,16033,5862
2025-05-20 02:36:48,15945,2120085504,31252480,0.0,0.09364885264199616,0,12,0.01,0.01,0.0,0.0,0.0,9904128,0,7,4,1,0,sleeping,101,40,0,65536,16033,5862
2025-05-20 02:36:49,15945,2120085504,31252480,0.0,0.09364885264199616,0,12,0.01,0.01,0.0,0.0,0.0,9904128,0,7,4,1,0,sleeping,101,40,0,65536,16033,5862
2025-05-20 02:36:50,15945,2120085504,31252480,0.0,0.09364885264199616,0,12,0.01,0.01,0.0,0.0,0.0,9904128,0,7,4,1,0,sleeping,101,40,0,65536,16033,5862
2025-05-20 02:36:51,15945,2120085504,31252480,0.0,0.09364885264199616,0,12,0.01,0.01,0.0,0.0,0.0,9904128,0,7,4,1,0,sleeping,101,40,0,65536,16033,5862
2025-05-20 02:36:52,15945,2120085504,31252480,0.0,0.09364885264199616,0,12,0.01,0.01,0.0,0.0,0.0,9904128,0,7,4,1,0,sleeping,101,40,0,65536,16033,5862
2025-05-20 02:36:54,15945,2120085504,31252480,0.0,0.09364885264199616,0,12,0.01,0.01,0.0,0.0,0.0,9904128,0,7,4,1,0,sleeping,101,40,0,65536,16033,5862
2025-05-20 02:36:55,15945,2120085504,31252480,0.0,0.09364885264199616,0,12,0.01,0.01,0.0,0.0,0.0,9904128,0,7,4,1,0,sleeping,101,40,0,65536,16033,5862
2025-05-20 02:36:56,15945,2120085504,31252480,0.0,0.09364885264199616,0,12,0.01,0.01,0.0,0.0,0.0,9904128,0,7,4,1,0,sleeping,101,40,0,65536,16033,5862
2025-05-20 02:36:57,15945,2120085504,31252480,0.0,0.09364885264199616,0,12,0.01,0.01,0.0,0.0,0.0,9904128,0,7,4,1,0,sleeping,101,40,0,65536,16033,5862
2025-05-20 02:36:58,15945,2120085504,31252480,0.0,0.09364885264199616,0,12,0.01,0.01,0.0,0.0,0.0,9904128,0,7,4,1,0,sleeping,101,40,0,65536,16033,5862
2025-05-20 02:36:59,15945,2120085504,31252480,0.0,0.09364885264199616,0,12,0.01,0.01,0.0,0.0,0.0,9904128,0,7,4,1,0,sleeping,101,40,0,65536,16033,5862
2025-05-20 02:37:00,15945,2120085504,31252480,0.0,0.09364885264199616,0,12,0.01,0.01,0.0,0.0,0.0,9904128,0,7,4,1,0,sleeping,101,40,0,65536,16033,5862
2025-05-20 02:37:01,15945,2120085504,31252480,0.0,0.09364885264199616,0,12,0.01,0.01,0.0,0.0,0.0,9904128,0,7,4,1,0,sleeping,101,40,0,65536,16033,5862
2025-05-20 02:37:02,15945,2120085504,31252480,0.0,0.09364885264199616,0,12,0.01,0.01,0.0,0.0,0.0,9904128,0,7,4,1,0,sleeping,103,41,0,65536,16123,5944
2025-05-20 02:37:03,15945,2120085504,31252480,0.0,0.09364885264199616,0,12,0.01,0.01,0.0,0.0,0.0,9904128,0,7,4,1,0,sleeping,103,41,0,65536,16123,5944
2025-05-20 02:37:04,15945,2120085504,31252480,0.0,0.09364885264199616,0,12,0.01,0.01,0.0,0.0,0.0,9904128,0,7,4,1,0,sleeping,103,41,0,65536,16123,5944
2025-05-20 02:37:05,15945,2120085504,31252480,0.0,0.09364885264199616,0,12,0.01,0.01,0.0,0.0,0.0,9904128,0,7,4,1,0,sleeping,103,41,0,65536,16123,5944
2025-05-20 02:37:06,15945,2120085504,31252480,0.0,0.09364885264199616,0,12,0.01,0.01,0.0,0.0,0.0,9904128,0,7,4,1,0,sleeping,103,41,0,65536,16123,5944
2025-05-20 02:37:07,15945,2120085504,31252480,0.0,0.09364885264199616,0,12,0.01,0.01,0.0,0.0,0.0,9904128,0,7,4,1,0,sleeping,103,41,0,65536,16123,5944
2025-05-20 02:37:08,15945,2120085504,31252480,0.0,0.09364885264199616,0,12,0.01,0.01,0.0,0.0,0.0,9904128,0,7,4,1,0,sleeping,103,41,0,65536,16123,5944
2025-05-20 02:37:09,15945,2120085504,31252480,0.0,0.09364885264199616,0,12,0.01,0.01,0.0,0.0,0.0,9904128,0,7,4,1,0,sleeping,103,41,0,65536,16123,5944
2025-05-20 02:37:10,15945,2120085504,31252480,0.0,0.09364885264199616,0,12,0.01,0.01,0.0,0.0,0.0,9904128,0,7,4,1,0,sleeping,103,41,0,65536,16123,5944
2025-05-20 02:37:12,15945,2120085504,31252480,0.0,0.09364885264199616,0,12,0.01,0.01,0.0,0.0,0.0,9904128,0,7,4,1,0,sleeping,103,41,0,65536,16123,5944
2025-05-20 02:37:13,15945,2120085504,31252480,0.0,0.09364885264199616,0,12,0.01,0.01,0.0,0.0,0.0,9904128,0,7,4,1,0,sleeping,103,41,0,65536,16123,5944
2025-05-20 02:37:14,15945,2120085504,31252480,0.0,0.09364885264199616,0,12,0.01,0.01,0.0,0.0,0.0,9904128,0,7,4,1,0,sleeping,103,41,0,65536,16123,5944
2025-05-20 02:37:15,15945,2120085504,31252480,0.0,0.09364885264199616,0,12,0.01,0.01,0.0,0.0,0.0,9904128,0,7,4,1,0,sleeping,103,41,0,65536,16123,5944
2025-05-20 02:37:16,15945,2120085504,31252480,0.0,0.09364885264199616,0,12,0.01,0.01,0.0,0.0,0.0,9904128,0,7,4,1,0,sleeping,103,41,0,65536,16123,5944
2025-05-20 02:37:17,15945,2120085504,31252480,0.0,0.09364885264199616,0,12,0.01,0.01,0.0,0.0,0.0,9904128,0,7,4,1,0,sleeping,103,41,0,65536,16123,5944
2025-05-20 02:37:18,15945,2120085504,31252480,0.0,0.09364885264199616,0,12,0.01,0.01,0.0,0.0,0.0,9904128,0,7,4,1,0,sleeping,103,41,0,65536,16123,5944
2025-05-20 02:37:19,15945,2120085504,31252480,0.0,0.09364885264199616,0,12,0.01,0.01,0.0,0.0,0.0,9904128,0,7,4,1,0,sleeping,103,41,0,65536,16123,5944
2025-05-20 02:37:20,15945,2120085504,31252480,0.0,0.09364885264199616,0,12,0.01,0.01,0.0,0.0,0.0,9904128,0,7,4,1,0,sleeping,103,41,0,65536,16123,5944
2025-05-20 02:37:21,15945,2120085504,31252480,0.0,0.09364885264199616,0,12,0.01,0.01,0.0,0.0,0.0,9904128,0,7,4,1,0,sleeping,103,41,0,65536,16123,5944
2025-05-20 02:37:22,15945,2120085504,31252480,0.0,0.09364885264199616,0,12,0.01,0.01,0.0,0.0,0.0,9904128,0,7,4,1,0,sleeping,103,41,0,65536,16123,5944
2025-05-20 02:37:23,15945,2120085504,31252480,0.0,0.09364885264199616,0,12,0.01,0.01,0.0,0.0,0.0,9904128,0,7,4,1,0,sleeping,103,41,0,65536,16123,5944
2025-05-20 02:37:24,15945,2120085504,31252480,0.0,0.09364885264199616,0,12,0.01,0.01,0.0,0.0,0.0,9904128,0,7,4,1,0,sleeping,103,41,0,65536,16123,5944
2025-05-20 02:37:25,15945,2120085504,31252480,0.0,0.09364885264199616,0,12,0.01,0.01,0.0,0.0,0.0,9904128,0,7,4,1,0,sleeping,103,41,0,65536,16123,5944
2025-05-20 02:37:26,15945,2120085504,31252480,0.0,0.09364885264199616,0,12,0.01,0.01,0.0,0.0,0.0,9904128,0,7,4,1,0,sleeping,103,41,0,65536,16123,5944
2025-05-20 02:37:27,15945,2120085504,31252480,0.0,0.09364885264199616,0,12,0.01,0.01,0.0,0.0,0.0,9904128,0,7,4,1,0,sleeping,103,41,0,65536,16123,5944
2025-05-20 02:37:29,15945,2120085504,31252480,0.0,0.09364885264199616,0,12,0.01,0.01,0.0,0.0,0.0,9904128,0,7,4,1,0,sleeping,103,41,0,65536,16123,5944
2025-05-20 02:37:30,15945,2120085504,31252480,0.0,0.09364885264199616,0,12,0.01,0.01,0.0,0.0,0.0,9904128,0,7,4,1,0,sleeping,103,41,0,65536,16123,5944
2025-05-20 02:37:31,15945,2120085504,31252480,0.0,0.09364885264199616,0,12,0.01,0.01,0.0,0.0,0.0,9904128,0,7,4,1,0,sleeping,103,41,0,65536,16123,5944
2025-05-20 02:37:32,15945,2120085504,31252480,0.0,0.09364885264199616,0,12,0.01,0.01,0.0,0.0,0.0,9904128,0,7,4,1,0,sleeping,103,41,0,65536,16123,5944
2025-05-20 02:37:33,15945,2120085504,31252480,0.0,0.09364885264199616,0,12,0.01,0.01,0.0,0.0,0.0,9904128,0,7,4,1,0,sleeping,103,41,0,65536,16123,5944
2025-05-20 02:37:34,15945,2120085504,31252480,0.0,0.09364885264199616,0,12,0.01,0.01,0.0,0.0,0.0,9904128,0,6,4,1,0,sleeping,105,42,0,69632,16213,6026
2025-05-20 02:37:35,15945,2120085504,31252480,0.0,0.09364885264199616,0,12,0.01,0.01,0.0,0.0,0.0,9904128,0,6,4,1,0,sleeping,105,42,0,69632,16213,6026
2025-05-20 02:37:36,15945,2120085504,31252480,0.0,0.09364885264199616,0,12,0.01,0.01,0.0,0.0,0.0,9904128,0,6,4,1,0,sleeping,105,42,0,69632,16213,6026
2025-05-20 02:37:37,15945,2120085504,31252480,0.0,0.09364885264199616,0,12,0.01,0.01,0.0,0.0,0.0,9904128,0,6,4,1,0,sleeping,105,42,0,69632,16213,6026
2025-05-20 02:37:38,15945,2120085504,31252480,0.0,0.09364885264199616,0,12,0.01,0.01,0.0,0.0,0.0,9904128,0,6,4,1,0,sleeping,105,42,0,69632,16213,6026
2025-05-20 02:37:39,15945,2120085504,31252480,0.0,0.09364885264199616,0,12,0.01,0.01,0.0,0.0,0.0,9904128,0,6,4,1,0,sleeping,105,42,0,69632,16213,6026
2025-05-20 02:37:40,15945,2120085504,31252480,0.0,0.09364885264199616,0,12,0.01,0.01,0.0,0.0,0.0,9904128,0,6,4,1,0,sleeping,105,42,0,69632,16213,6026
2025-05-20 02:37:41,15945,2120085504,31252480,0.0,0.09364885264199616,0,12,0.01,0.01,0.0,0.0,0.0,9904128,0,6,4,1,0,sleeping,105,42,0,69632,16213,6026
2025-05-20 02:37:42,15945,2120085504,31252480,0.0,0.09364885264199616,0,12,0.01,0.01,0.0,0.0,0.0,9904128,0,6,4,1,0,sleeping,105,42,0,69632,16213,6026
2025-05-20 02:37:44,15945,2120085504,31252480,0.0,0.09364885264199616,0,12,0.01,0.01,0.0,0.0,0.0,9904128,0,6,4,1,0,sleeping,105,42,0,69632,16213,6026
2025-05-20 02:37:45,15945,2120085504,31252480,0.0,0.09364885264199616,0,12,0.01,0.01,0.0,0.0,0.0,9904128,0,6,4,1,0,sleeping,105,42,0,69632,16213,6026
2025-05-20 02:37:46,15945,2120085504,31252480,0.0,0.09364885264199616,0,12,0.01,0.01,0.0,0.0,0.0,9904128,0,6,4,1,0,sleeping,105,42,0,69632,16213,6026
2025-05-20 02:37:47,15945,2120085504,31252480,0.0,0.09364885264199616,0,12,0.01,0.01,0.0,0.0,0.0,9904128,0,6,4,1,0,sleeping,105,42,0,69632,16213,6026
2025-05-20 02:37:48,15945,2120085504,31252480,0.0,0.09364885264199616,0,12,0.01,0.01,0.0,0.0,0.0,9904128,0,6,4,1,0,sleeping,105,42,0,69632,16213,6026
2025-05-20 02:37:49,15945,2120085504,31252480,0.0,0.09364885264199616,0,12,0.01,0.01,0.0,0.0,0.0,9904128,0,6,4,1,0,sleeping,105,42,0,69632,16213,6026
2025-05-20 02:37:50,15945,2120085504,31252480,0.0,0.09364885264199616,0,12,0.01,0.01,0.0,0.0,0.0,9904128,0,6,4,1,0,sleeping,105,42,0,69632,16213,6026
2025-05-20 02:37:51,15945,2120085504,31252480,0.0,0.09364885264199616,0,12,0.01,0.01,0.0,0.0,0.0,9904128,0,6,4,1,0,sleeping,105,42,0,69632,16213,6026
2025-05-20 02:37:52,15945,2120085504,31252480,0.0,0.09364885264199616,0,12,0.01,0.01,0.0,0.0,0.0,9904128,0,6,4,1,0,sleeping,105,42,0,69632,16213,6026
2025-05-20 02:37:53,15945,2120085504,31252480,0.0,0.09364885264199616,0,12,0.01,0.01,0.0,0.0,0.0,9904128,0,6,4,1,0,sleeping,105,42,0,69632,16213,6026
2025-05-20 02:37:54,15945,2120085504,31252480,0.0,0.09364885264199616,0,12,0.01,0.01,0.0,0.0,0.0,9904128,0,6,4,1,0,sleeping,105,42,0,69632,16213,6026
2025-05-20 02:37:55,15945,2120085504,31252480,0.0,0.09364885264199616,0,12,0.01,0.01,0.0,0.0,0.0,9904128,0,6,4,1,0,sleeping,105,42,0,69632,16213,6026
2025-05-20 02:37:56,15945,2120085504,31252480,0.0,0.09364885264199616,0,12,0.01,0.01,0.0,0.0,0.0,9904128,0,6,4,1,0,sleeping,105,42,0,69632,16213,6026
2025-05-20 02:37:57,15945,2120085504,31252480,0.0,0.09364885264199616,0,12,0.01,0.01,0.0,0.0,0.0,9904128,0,6,4,1,0,sleeping,105,42,0,69632,16213,6026
2025-05-20 02:37:58,15945,2120085504,31252480,0.0,0.09364885264199616,0,12,0.01,0.01,0.0,0.0,0.0,9904128,0,6,4,1,0,sleeping,105,42,0,69632,16213,6026
2025-05-20 02:37:59,15945,2120085504,31252480,0.0,0.09364885264199616,0,12,0.01,0.01,0.0,0.0,0.0,9904128,0,6,4,1,0,sleeping,105,42,0,69632,16213,6026
2025-05-20 02:38:01,15945,2120085504,31252480,0.0,0.09364885264199616,0,12,0.01,0.01,0.0,0.0,0.0,9904128,0,6,4,1,0,sleeping,105,42,0,69632,16213,6026
2025-05-20 02:38:02,15945,2120085504,31252480,0.0,0.09364885264199616,0,12,0.01,0.01,0.0,0.0,0.0,9904128,0,6,4,1,0,sleeping,105,42,0,69632,16213,6026
2025-05-20 02:38:03,15945,2120085504,31252480,0.0,0.09364885264199616,0,12,0.01,0.01,0.0,0.0,0.0,9904128,0,6,4,1,0,sleeping,105,42,0,69632,16213,6026
2025-05-20 02:38:04,15945,2120085504,31252480,0.0,0.09364885264199616,0,12,0.01,0.01,0.0,0.0,0.0,9904128,0,6,4,1,0,sleeping,105,42,0,69632,16213,6026
2025-05-20 02:38:05,15945,2120085504,31252480,0.0,0.09364885264199616,0,12,0.01,0.01,0.0,0.0,0.0,9904128,0,6,4,1,0,sleeping,105,42,0,69632,16213,6026
2025-05-20 02:38:06,15945,2120085504,31252480,0.0,0.09364885264199616,0,12,0.01,0.01,0.0,0.0,0.0,9904128,0,6,4,1,0,sleeping,105,42,0,69632,16213,6026
2025-05-20 02:38:07,15945,2120085504,31252480,0.0,0.09364885264199616,0,12,0.01,0.01,0.0,0.0,0.0,9904128,0,6,4,1,0,sleeping,107,43,0,73728,16303,6108
2025-05-20 02:38:08,15945,2120085504,31252480,0.0,0.09364885264199616,0,12,0.01,0.01,0.0,0.0,0.0,9904128,0,6,4,1,0,sleeping,107,43,0,73728,16303,6108
2025-05-20 02:38:09,15945,2120085504,31252480,0.0,0.09364885264199616,0,12,0.01,0.01,0.0,0.0,0.0,9904128,0,6,4,1,0,sleeping,107,43,0,73728,16303,6108
2025-05-20 02:38:10,15945,2120085504,31252480,0.0,0.09364885264199616,0,12,0.01,0.01,0.0,0.0,0.0,9904128,0,6,4,1,0,sleeping,107,43,0,73728,16303,6108
2025-05-20 02:38:11,15945,2120085504,31252480,0.0,0.09364885264199616,0,12,0.01,0.01,0.0,0.0,0.0,9904128,0,6,4,1,0,sleeping,107,43,0,73728,16303,6108
2025-05-20 02:38:12,15945,2120085504,31252480,0.0,0.09364885264199616,0,12,0.01,0.01,0.0,0.0,0.0,9904128,0,6,4,1,0,sleeping,107,43,0,73728,16303,6108
2025-05-20 02:38:13,15945,2120085504,31252480,0.0,0.09364885264199616,0,12,0.01,0.01,0.0,0.0,0.0,9904128,0,6,4,1,0,sleeping,107,43,0,73728,16303,6108
2025-05-20 02:38:14,15945,2120085504,31252480,0.0,0.09364885264199616,0,12,0.01,0.01,0.0,0.0,0.0,9904128,0,6,4,1,0,sleeping,107,43,0,73728,16303,6108
2025-05-20 02:38:15,15945,2120085504,31252480,0.0,0.09364885264199616,0,12,0.01,0.01,0.0,0.0,0.0,9904128,0,6,4,1,0,sleeping,107,43,0,73728,16303,6108
2025-05-20 02:38:16,15945,2120085504,31252480,0.0,0.09364885264199616,0,12,0.01,0.01,0.0,0.0,0.0,9904128,0,6,4,1,0,sleeping,107,43,0,73728,16303,6108
2025-05-20 02:38:17,15945,2120085504,31252480,0.0,0.09364885264199616,0,12,0.01,0.01,0.0,0.0,0.0,9904128,0,6,4,1,0,sleeping,107,43,0,73728,16303,6108
2025-05-20 02:38:19,15945,2120085504,31252480,0.0,0.09364885264199616,0,12,0.01,0.01,0.0,0.0,0.0,9904128,0,6,4,1,0,sleeping,107,43,0,73728,16303,6108
2025-05-20 02:38:20,15945,2120085504,31252480,0.0,0.09364885264199616,0,12,0.01,0.01,0.0,0.0,0.0,9904128,0,6,4,1,0,sleeping,107,43,0,73728,16303,6108
2025-05-20 02:38:21,15945,2120085504,31252480,0.0,0.09364885264199616,0,12,0.01,0.01,0.0,0.0,0.0,9904128,0,6,4,1,0,sleeping,107,43,0,73728,16303,6108
2025-05-20 02:38:22,15945,2120085504,31252480,0.0,0.09364885264199616,0,12,0.01,0.01,0.0,0.0,0.0,9904128,0,6,4,1,0,sleeping,107,43,0,73728,16303,6108
2025-05-20 02:38:23,15945,2120085504,31252480,0.0,0.09364885264199616,0,12,0.01,0.01,0.0,0.0,0.0,9904128,0,6,4,1,0,sleeping,107,43,0,73728,16303,6108
2025-05-20 02:38:24,15945,2120085504,31252480,0.0,0.09364885264199616,0,12,0.01,0.01,0.0,0.0,0.0,9904128,0,6,4,1,0,sleeping,107,43,0,73728,16303,6108
2025-05-20 02:38:25,15945,2120085504,31252480,0.0,0.09364885264199616,0,12,0.01,0.01,0.0,0.0,0.0,9904128,0,6,4,1,0,sleeping,107,43,0,73728,16303,6108
2025-05-20 02:38:26,15945,2120085504,31252480,0.0,0.09364885264199616,0,12,0.01,0.01,0.0,0.0,0.0,9904128,0,6,4,1,0,sleeping,107,43,0,73728,16303,6108
2025-05-20 02:38:27,15945,2120085504,31252480,0.0,0.09364885264199616,0,12,0.01,0.01,0.0,0.0,0.0,9904128,0,6,4,1,0,sleeping,107,43,0,73728,16303,6108
2025-05-20 02:38:28,15945,2120085504,31252480,0.0,0.09364885264199616,0,12,0.01,0.01,0.0,0.0,0.0,9904128,0,6,4,1,0,sleeping,107,43,0,73728,16303,6108
2025-05-20 02:38:29,15945,2120085504,31252480,0.0,0.09364885264199616,0,12,0.01,0.01,0.0,0.0,0.0,9904128,0,6,4,1,0,sleeping,107,43,0,73728,16303,6108
2025-05-20 02:38:30,15945,2120085504,31252480,0.0,0.09364885264199616,0,12,0.01,0.01,0.0,0.0,0.0,9904128,0,6,4,1,0,sleeping,107,43,0,73728,16303,6108
2025-05-20 02:38:31,15945,2120085504,31252480,0.0,0.09364885264199616,0,12,0.01,0.01,0.0,0.0,0.0,9904128,0,6,4,1,0,sleeping,107,43,0,73728,16303,6108
2025-05-20 02:38:32,15945,2120085504,31252480,0.0,0.09364885264199616,0,12,0.01,0.01,0.0,0.0,0.0,9904128,0,6,4,1,0,sleeping,107,43,0,73728,16303,6108
2025-05-20 02:38:33,15945,2120085504,31252480,0.0,0.09364885264199616,0,12,0.01,0.01,0.0,0.0,0.0,9904128,0,6,4,1,0,sleeping,107,43,0,73728,16303,6108
2025-05-20 02:38:34,15945,2120085504,31252480,0.0,0.09364885264199616,0,12,0.01,0.01,0.0,0.0,0.0,9904128,0,6,4,1,0,sleeping,107,43,0,73728,16303,6108
2025-05-20 02:38:35,15945,2120085504,31252480,0.0,0.09364885264199616,0,12,0.01,0.01,0.0,0.0,0.0,9904128,0,6,4,1,0,sleeping,107,43,0,73728,16303,6108
2025-05-20 02:38:37,15945,2120085504,31252480,0.0,0.09364885264199616,0,12,0.01,0.01,0.0,0.0,0.0,9904128,0,6,4,1,0,sleeping,107,43,0,73728,16303,6108
2025-05-20 02:38:38,15945,2120085504,31252480,0.0,0.09364885264199616,0,12,0.01,0.01,0.0,0.0,0.0,9904128,0,6,4,1,0,sleeping,109,44,0,73728,16393,6190
2025-05-20 02:38:39,15945,2120085504,31252480,0.0,0.09364885264199616,0,12,0.01,0.01,0.0,0.0,0.0,9904128,0,6,4,1,0,sleeping,109,44,0,73728,16393,6190
2025-05-20 02:38:40,15945,2120085504,31252480,0.0,0.09364885264199616,0,12,0.01,0.01,0.0,0.0,0.0,9904128,0,6,4,1,0,sleeping,109,44,0,73728,16393,6190
2025-05-20 02:38:41,15945,2120085504,31252480,0.0,0.09364885264199616,0,12,0.01,0.01,0.0,0.0,0.0,9904128,0,6,4,1,0,sleeping,109,44,0,73728,16393,6190
2025-05-20 02:38:42,15945,2120085504,31252480,0.0,0.09364885264199616,0,12,0.01,0.01,0.0,0.0,0.0,9904128,0,6,4,1,0,sleeping,109,44,0,73728,16393,6190
2025-05-20 02:38:43,15945,2120085504,31252480,0.0,0.09364885264199616,0,12,0.01,0.01,0.0,0.0,0.0,9904128,0,6,4,1,0,sleeping,109,44,0,73728,16393,6190
2025-05-20 02:38:44,15945,2120085504,31252480,0.0,0.09364885264199616,0,12,0.01,0.01,0.0,0.0,0.0,9904128,0,6,4,1,0,sleeping,109,44,0,73728,16393,6190
2025-05-20 02:38:45,15945,2120085504,31252480,0.0,0.09364885264199616,0,12,0.01,0.01,0.0,0.0,0.0,9904128,0,6,4,1,0,sleeping,109,44,0,73728,16393,6190
2025-05-20 02:38:46,15945,2120085504,31252480,0.0,0.09364885264199616,0,12,0.01,0.01,0.0,0.0,0.0,9904128,0,6,4,1,0,sleeping,109,44,0,73728,16393,6190
2025-05-20 02:38:47,15945,2120085504,31252480,0.0,0.09364885264199616,0,12,0.01,0.01,0.0,0.0,0.0,9904128,0,6,4,1,0,sleeping,109,44,0,73728,16393,6190
2025-05-20 02:38:48,15945,2120085504,31252480,0.0,0.09364885264199616,0,12,0.01,0.01,0.0,0.0,0.0,9904128,0,6,4,1,0,sleeping,109,44,0,73728,16393,6190
2025-05-20 02:38:49,15945,2120085504,31252480,0.0,0.09364885264199616,0,12,0.01,0.01,0.0,0.0,0.0,9904128,0,6,4,1,0,sleeping,109,44,0,73728,16393,6190
2025-05-20 02:38:50,15945,2120085504,31252480,0.0,0.09364885264199616,0,12,0.01,0.01,0.0,0.0,0.0,9904128,0,6,4,1,0,sleeping,109,44,0,73728,16393,6190
2025-05-20 02:38:51,15945,2120085504,31252480,0.0,0.09364885264199616,0,12,0.01,0.01,0.0,0.0,0.0,9904128,0,6,4,1,0,sleeping,109,44,0,73728,16393,6190
2025-05-20 02:38:52,15945,2120085504,31252480,0.0,0.09364885264199616,0,12,0.01,0.01,0.0,0.0,0.0,9904128,0,6,4,1,0,sleeping,109,44,0,73728,16393,6190
2025-05-20 02:38:53,15945,2120085504,31252480,0.0,0.09364885264199616,0,12,0.01,0.01,0.0,0.0,0.0,9904128,0,6,4,1,0,sleeping,109,44,0,73728,16393,6190
2025-05-20 02:38:55,15945,2120085504,31252480,0.0,0.09364885264199616,0,12,0.01,0.01,0.0,0.0,0.0,9904128,0,6,4,1,0,sleeping,109,44,0,73728,16393,6190
2025-05-20 02:38:56,15945,2120085504,31252480,0.0,0.09364885264199616,0,12,0.01,0.01,0.0,0.0,0.0,9904128,0,6,4,1,0,sleeping,109,44,0,73728,16393,6190
2025-05-20 02:38:57,15945,2120085504,31252480,0.0,0.09364885264199616,0,12,0.01,0.01,0.0,0.0,0.0,9904128,0,6,4,1,0,sleeping,109,44,0,73728,16393,6190
2025-05-20 02:38:58,15945,2120085504,31252480,0.0,0.09364885264199616,0,12,0.01,0.01,0.0,0.0,0.0,9904128,0,6,4,1,0,sleeping,109,44,0,73728,16393,6190
2025-05-20 02:38:59,15945,2120085504,31252480,0.0,0.09364885264199616,0,12,0.01,0.01,0.0,0.0,0.0,9904128,0,6,4,1,0,sleeping,109,44,0,73728,16393,6190
2025-05-20 02:39:00,15945,2120085504,31252480,0.0,0.09364885264199616,0,12,0.01,0.01,0.0,0.0,0.0,9904128,0,6,4,1,0,sleeping,109,44,0,73728,16393,6190
2025-05-20 02:39:01,15945,2120085504,31252480,0.0,0.09364885264199616,0,12,0.01,0.01,0.0,0.0,0.0,9904128,0,6,4,1,0,sleeping,109,44,0,73728,16393,6190
2025-05-20 02:39:02,15945,2120085504,31252480,0.0,0.09364885264199616,0,12,0.01,0.01,0.0,0.0,0.0,9904128,0,6,4,1,0,sleeping,109,44,0,73728,16393,6190
2025-05-20 02:39:03,15945,2120085504,31252480,0.0,0.09364885264199616,0,12,0.01,0.01,0.0,0.0,0.0,9904128,0,6,4,1,0,sleeping,109,44,0,73728,16393,6190
2025-05-20 02:39:04,15945,2120085504,31252480,0.0,0.09364885264199616,0,12,0.01,0.01,0.0,0.0,0.0,9904128,0,6,4,1,0,sleeping,109,44,0,73728,16393,6190
2025-05-20 02:39:05,15945,2120085504,31252480,0.0,0.09364885264199616,0,12,0.01,0.01,0.0,0.0,0.0,9904128,0,6,4,1,0,sleeping,109,44,0,73728,16393,6190
2025-05-20 02:39:06,15945,2120085504,31252480,0.0,0.09364885264199616,0,12,0.01,0.01,0.0,0.0,0.0,9904128,0,6,4,1,0,sleeping,109,44,0,73728,16393,6190
2025-05-20 02:39:07,15945,2120085504,31252480,0.0,0.09364885264199616,0,12,0.01,0.01,0.0,0.0,0.0,9904128,0,6,4,1,0,sleeping,109,44,0,73728,16393,6190
2025-05-20 02:39:08,15945,2120085504,31252480,0.0,0.09364885264199616,0,12,0.01,0.01,0.0,0.0,0.0,9904128,0,6,4,1,0,sleeping,109,44,0,73728,16393,6190
2025-05-20 02:39:09,15945,2120085504,31252480,0.0,0.09364885264199616,0,12,0.01,0.01,0.0,0.0,0.0,9904128,0,6,4,1,0,sleeping,111,45,0,77824,16483,6272
2025-05-20 02:39:11,15945,2120085504,31252480,0.0,0.09364885264199616,0,12,0.01,0.01,0.0,0.0,0.0,9904128,0,6,4,1,0,sleeping,111,45,0,77824,16483,6272
2025-05-20 02:39:12,15945,2120085504,31252480,0.0,0.09364885264199616,0,12,0.01,0.01,0.0,0.0,0.0,9904128,0,6,4,1,0,sleeping,111,45,0,77824,16483,6272
2025-05-20 02:39:13,15945,2120085504,31252480,0.0,0.09364885264199616,0,12,0.01,0.01,0.0,0.0,0.0,9904128,0,6,4,1,0,sleeping,111,45,0,77824,16483,6272
2025-05-20 02:39:14,15945,2120085504,31252480,0.0,0.09364885264199616,0,12,0.01,0.01,0.0,0.0,0.0,9904128,0,6,4,1,0,sleeping,111,45,0,77824,16483,6272
2025-05-20 02:39:15,15945,2120085504,31252480,0.0,0.09364885264199616,0,12,0.01,0.01,0.0,0.0,0.0,9904128,0,6,4,1,0,sleeping,111,45,0,77824,16483,6272
2025-05-20 02:39:16,15945,2120085504,31252480,0.0,0.09364885264199616,0,12,0.01,0.01,0.0,0.0,0.0,9904128,0,6,4,1,0,sleeping,111,45,0,77824,16483,6272
2025-05-20 02:39:17,15945,2120085504,31252480,0.0,0.09364885264199616,0,12,0.01,0.01,0.0,0.0,0.0,9904128,0,6,4,1,0,sleeping,111,45,0,77824,16483,6272
2025-05-20 02:39:18,15945,2120085504,31252480,0.0,0.09364885264199616,0,12,0.01,0.01,0.0,0.0,0.0,9904128,0,6,4,1,0,sleeping,111,45,0,77824,16483,6272
2025-05-20 02:39:19,15945,2120085504,31252480,0.0,0.09364885264199616,0,12,0.01,0.01,0.0,0.0,0.0,9904128,0,6,4,1,0,sleeping,111,45,0,77824,16483,6272
2025-05-20 02:39:20,15945,2120085504,31252480,0.0,0.09364885264199616,0,12,0.01,0.01,0.0,0.0,0.0,9904128,0,6,4,1,0,sleeping,111,45,0,77824,16483,6272
2025-05-20 02:39:21,15945,2120085504,31252480,0.0,0.09364885264199616,0,12,0.01,0.01,0.0,0.0,0.0,9904128,0,6,4,1,0,sleeping,111,45,0,77824,16483,6272
2025-05-20 02:39:22,15945,2120085504,31252480,0.0,0.09364885264199616,0,12,0.01,0.01,0.0,0.0,0.0,9904128,0,6,4,1,0,sleeping,111,45,0,77824,16483,6272
2025-05-20 02:39:23,15945,2120085504,31252480,0.0,0.09364885264199616,0,12,0.01,0.01,0.0,0.0,0.0,9904128,0,6,4,1,0,sleeping,111,45,0,77824,16483,6272
2025-05-20 02:39:24,15945,2120085504,31252480,0.0,0.09364885264199616,0,12,0.01,0.01,0.0,0.0,0.0,9904128,0,6,4,1,0,sleeping,111,45,0,77824,16483,6272
2025-05-20 02:39:25,15945,2120085504,31252480,0.0,0.09364885264199616,0,12,0.01,0.01,0.0,0.0,0.0,9904128,0,6,4,1,0,sleeping,111,45,0,77824,16483,6272
2025-05-20 02:39:26,15945,2120085504,31252480,0.0,0.09364885264199616,0,12,0.01,0.01,0.0,0.0,0.0,9904128,0,6,4,1,0,sleeping,111,45,0,77824,16483,6272
2025-05-20 02:39:27,15945,2120085504,31252480,0.0,0.09364885264199616,0,12,0.01,0.01,0.0,0.0,0.0,9904128,0,6,4,1,0,sleeping,111,45,0,77824,16483,6272
2025-05-20 02:39:29,15945,2120085504,31252480,0.0,0.09364885264199616,0,12,0.01,0.01,0.0,0.0,0.0,9904128,0,6,4,1,0,sleeping,111,45,0,77824,16483,6272
2025-05-20 02:39:30,15945,2120085504,31252480,0.0,0.09364885264199616,0,12,0.01,0.01,0.0,0.0,0.0,9904128,0,6,4,1,0,sleeping,111,45,0,77824,16483,6272
2025-05-20 02:39:31,15945,2120085504,31252480,0.0,0.09364885264199616,0,12,0.01,0.01,0.0,0.0,0.0,9904128,0,6,4,1,0,sleeping,111,45,0,77824,16483,6272
2025-05-20 02:39:32,15945,2120085504,31252480,0.0,0.09364885264199616,0,12,0.01,0.01,0.0,0.0,0.0,9904128,0,6,4,1,0,sleeping,111,45,0,77824,16483,6272
2025-05-20 02:39:33,15945,2120085504,31252480,0.0,0.09364885264199616,0,12,0.01,0.01,0.0,0.0,0.0,9904128,0,6,4,1,0,sleeping,111,45,0,77824,16483,6272
2025-05-20 02:39:34,15945,2120085504,31252480,0.0,0.09364885264199616,0,12,0.01,0.01,0.0,0.0,0.0,9904128,0,6,4,1,0,sleeping,111,45,0,77824,16483,6272
2025-05-20 02:39:35,15945,2120085504,31252480,0.0,0.09364885264199616,0,12,0.01,0.01,0.0,0.0,0.0,9904128,0,6,4,1,0,sleeping,111,45,0,77824,16483,6272
2025-05-20 02:39:36,15945,2120085504,31252480,0.0,0.09364885264199616,0,12,0.01,0.01,0.0,0.0,0.0,9904128,0,6,4,1,0,sleeping,111,45,0,77824,16483,6272
2025-05-20 02:39:37,15945,2120085504,31252480,0.0,0.09364885264199616,0,12,0.01,0.01,0.0,0.0,0.0,9904128,0,6,4,1,0,sleeping,111,45,0,77824,16483,6272
2025-05-20 02:39:38,15945,2120085504,31252480,0.0,0.09364885264199616,0,12,0.01,0.01,0.0,0.0,0.0,9904128,0,6,4,1,0,sleeping,111,45,0,77824,16483,6272
2025-05-20 02:39:39,15945,2120085504,31252480,0.0,0.09364885264199616,0,12,0.01,0.01,0.0,0.0,0.0,9904128,0,6,4,1,0,sleeping,111,45,0,77824,16483,6272
2025-05-20 02:39:40,15945,2120085504,31252480,0.0,0.09364885264199616,0,12,0.01,0.01,0.0,0.0,0.0,9904128,0,6,4,1,0,sleeping,111,45,0,77824,16483,6272
2025-05-20 02:39:41,15945,2120085504,31252480,0.0,0.09364885264199616,0,12,0.01,0.01,0.0,0.0,0.0,9904128,0,6,4,1,0,sleeping,111,45,0,77824,16483,6272
2025-05-20 02:39:42,15945,2120085504,31252480,0.0,0.09364885264199616,0,12,0.01,0.01,0.0,0.0,0.0,9904128,0,6,4,1,0,sleeping,111,45,0,77824,16483,6272
2025-05-20 02:39:43,15945,2120085504,31252480,0.0,0.09364885264199616,0,12,0.01,0.01,0.0,0.0,0.0,9904128,0,6,4,1,0,sleeping,111,45,0,77824,16483,6272
2025-05-20 02:39:44,15945,2120085504,31252480,0.0,0.09364885264199616,0,12,0.01,0.01,0.0,0.0,0.0,9904128,0,5,3,1,0,sleeping,113,46,0,86016,16573,6354
2025-05-20 02:39:45,15945,2120085504,31252480,0.0,0.09364885264199616,0,12,0.01,0.01,0.0,0.0,0.0,9904128,0,5,3,1,0,sleeping,113,46,0,86016,16573,6354
2025-05-20 02:39:47,15945,2120085504,31252480,0.0,0.09364885264199616,0,12,0.01,0.01,0.0,0.0,0.0,9904128,0,5,3,1,0,sleeping,113,46,0,86016,16573,6354
2025-05-20 02:39:48,15945,2120085504,31252480,0.0,0.09364885264199616,0,12,0.01,0.01,0.0,0.0,0.0,9904128,0,5,3,1,0,sleeping,113,46,0,86016,16573,6354
2025-05-20 02:39:49,15945,2120085504,31252480,0.0,0.09364885264199616,0,12,0.01,0.01,0.0,0.0,0.0,9904128,0,5,3,1,0,sleeping,113,46,0,86016,16573,6354
2025-05-20 02:39:50,15945,2120085504,31252480,0.0,0.09364885264199616,0,12,0.01,0.01,0.0,0.0,0.0,9904128,0,5,3,1,0,sleeping,113,46,0,86016,16573,6354
2025-05-20 02:39:51,15945,2120085504,31252480,0.0,0.09364885264199616,0,12,0.01,0.01,0.0,0.0,0.0,9904128,0,5,3,1,0,sleeping,113,46,0,86016,16573,6354
2025-05-20 02:39:52,15945,2120085504,31252480,0.0,0.09364885264199616,0,12,0.01,0.01,0.0,0.0,0.0,9904128,0,5,3,1,0,sleeping,113,46,0,86016,16573,6354
2025-05-20 02:39:53,15945,2120085504,31252480,0.0,0.09364885264199616,0,12,0.01,0.01,0.0,0.0,0.0,9904128,0,5,3,1,0,sleeping,113,46,0,86016,16573,6354
2025-05-20 02:39:54,15945,2120085504,31252480,0.0,0.09364885264199616,0,12,0.01,0.01,0.0,0.0,0.0,9904128,0,5,3,1,0,sleeping,113,46,0,86016,16573,6354
2025-05-20 02:39:55,15945,2120085504,31252480,0.0,0.09364885264199616,0,12,0.01,0.01,0.0,0.0,0.0,9904128,0,5,3,1,0,sleeping,113,46,0,86016,16573,6354
2025-05-20 02:39:56,15945,2120085504,31252480,0.0,0.09364885264199616,0,12,0.01,0.01,0.0,0.0,0.0,9904128,0,5,3,1,0,sleeping,113,46,0,86016,16573,6354
2025-05-20 02:39:57,15945,2120085504,31252480,0.0,0.09364885264199616,0,12,0.01,0.01,0.0,0.0,0.0,9904128,0,5,3,1,0,sleeping,113,46,0,86016,16573,6354
2025-05-20 02:39:58,15945,2120085504,31252480,0.0,0.09364885264199616,0,12,0.01,0.01,0.0,0.0,0.0,9904128,0,5,3,1,0,sleeping,113,46,0,86016,16573,6354
2025-05-20 02:39:59,15945,2120085504,31252480,0.0,0.09364885264199616,0,12,0.01,0.01,0.0,0.0,0.0,9904128,0,5,3,1,0,sleeping,113,46,0,86016,16573,6354
2025-05-20 02:40:00,15945,2120085504,31252480,0.0,0.09364885264199616,0,12,0.01,0.01,0.0,0.0,0.0,9904128,0,5,3,1,0,sleeping,113,46,0,86016,16573,6354
2025-05-20 02:40:01,15945,2120085504,31252480,0.0,0.09364885264199616,0,12,0.01,0.01,0.0,0.0,0.0,9904128,0,5,3,1,0,sleeping,113,46,0,86016,16573,6354
2025-05-20 02:40:02,15945,2120085504,31252480,0.0,0.09364885264199616,0,12,0.01,0.01,0.0,0.0,0.0,9904128,0,5,3,1,0,sleeping,113,46,0,86016,16573,6354
2025-05-20 02:40:03,15945,2120085504,31252480,0.0,0.09364885264199616,0,12,0.01,0.01,0.0,0.0,0.0,9904128,0,5,3,1,0,sleeping,113,46,0,86016,16573,6354
2025-05-20 02:40:05,15945,2120085504,31252480,0.0,0.09364885264199616,0,12,0.01,0.01,0.0,0.0,0.0,9904128,0,5,3,1,0,sleeping,113,46,0,86016,16573,6354
2025-05-20 02:40:06,15945,2120085504,31252480,0.0,0.09364885264199616,0,12,0.01,0.01,0.0,0.0,0.0,9904128,0,5,3,1,0,sleeping,113,46,0,86016,16573,6354
2025-05-20 02:40:07,15945,2120085504,31252480,0.0,0.09364885264199616,0,12,0.01,0.01,0.0,0.0,0.0,9904128,0,5,3,1,0,sleeping,113,46,0,86016,16573,6354
2025-05-20 02:40:08,15945,2120085504,31252480,0.0,0.09364885264199616,0,12,0.01,0.01,0.0,0.0,0.0,9904128,0,5,3,1,0,sleeping,113,46,0,86016,16573,6354
2025-05-20 02:40:09,15945,2120085504,31252480,0.0,0.09364885264199616,0,12,0.01,0.01,0.0,0.0,0.0,9904128,0,5,3,1,0,sleeping,113,46,0,86016,16573,6354
2025-05-20 02:40:10,15945,2120085504,31252480,0.0,0.09364885264199616,0,12,0.01,0.01,0.0,0.0,0.0,9904128,0,5,3,1,0,sleeping,113,46,0,86016,16573,6354
2025-05-20 02:40:11,15945,2120085504,31252480,0.0,0.09364885264199616,0,12,0.01,0.01,0.0,0.0,0.0,9904128,0,5,3,1,0,sleeping,113,46,0,86016,16573,6354
2025-05-20 02:40:12,15945,2120085504,31252480,0.0,0.09364885264199616,0,12,0.01,0.01,0.0,0.0,0.0,9904128,0,5,3,1,0,sleeping,113,46,0,86016,16573,6354
2025-05-20 02:40:13,15945,2120085504,31252480,0.0,0.09364885264199616,0,12,0.01,0.01,0.0,0.0,0.0,9904128,0,5,3,1,0,sleeping,113,46,0,86016,16573,6354
2025-05-20 02:40:14,15945,2120085504,31252480,0.0,0.09364885264199616,0,12,0.01,0.01,0.0,0.0,0.0,9904128,0,5,3,1,0,sleeping,113,46,0,86016,16573,6354
2025-05-20 02:40:15,15945,2120085504,31252480,0.0,0.09364885264199616,0,12,0.01,0.01,0.0,0.0,0.0,9904128,0,5,3,1,0,sleeping,113,46,0,86016,16573,6354
2025-05-20 02:40:16,15945,2120085504,31252480,0.0,0.09364885264199616,0,12,0.01,0.01,0.0,0.0,0.0,9904128,0,5,3,1,0,sleeping,113,46,0,86016,16573,6354
2025-05-20 02:40:17,15945,2120085504,31252480,0.0,0.09364885264199616,0,12,0.01,0.01,0.0,0.0,0.0,9904128,0,5,3,1,0,sleeping,113,46,0,86016,16573,6354
2025-05-20 02:40:18,15945,2120085504,31252480,0.0,0.09364885264199616,0,12,0.01,0.01,0.0,0.0,0.0,9904128,0,5,3,1,0,sleeping,113,46,0,86016,16573,6354
2025-05-20 02:40:19,15945,2120085504,31252480,0.0,0.09364885264199616,0,12,0.01,0.01,0.0,0.0,0.0,9904128,0,5,3,1,0,sleeping,113,46,0,86016,16573,6354
2025-05-20 02:40:20,15945,2120085504,31252480,0.0,0.09364885264199616,0,12,0.01,0.01,0.0,0.0,0.0,9904128,0,5,3,1,0,sleeping,113,46,0,86016,16573,6354
2025-05-20 02:40:21,15945,2120085504,31252480,0.0,0.09364885264199616,0,12,0.01,0.01,0.0,0.0,0.0,9904128,0,5,3,1,0,sleeping,113,46,0,86016,16573,6354
2025-05-20 02:40:23,15945,2120085504,31252480,0.0,0.09364885264199616,0,12,0.01,0.01,0.0,0.0,0.0,9904128,0,5,3,1,0,sleeping,113,46,0,86016,16573,6354
2025-05-20 02:40:24,15945,2120085504,31252480,0.0,0.09364885264199616,0,12,0.01,0.01,0.0,0.0,0.0,9904128,0,5,3,1,0,sleeping,113,46,0,86016,16573,6354
2025-05-20 02:40:25,15945,2120085504,31252480,0.0,0.09364885264199616,0,12,0.01,0.01,0.0,0.0,0.0,9904128,0,5,3,1,0,sleeping,115,47,0,90112,16663,6436
2025-05-20 02:40:26,15945,2120085504,31252480,0.0,0.09364885264199616,0,12,0.01,0.01,0.0,0.0,0.0,9904128,0,5,3,1,0,sleeping,115,47,0,90112,16663,6436
2025-05-20 02:40:27,15945,2120085504,31252480,0.0,0.09364885264199616,0,12,0.01,0.01,0.0,0.0,0.0,9904128,0,5,3,1,0,sleeping,115,47,0,90112,16663,6436
2025-05-20 02:40:28,15945,2120085504,31252480,0.0,0.09364885264199616,0,12,0.01,0.01,0.0,0.0,0.0,9904128,0,5,3,1,0,sleeping,115,47,0,90112,16663,6436
2025-05-20 02:40:29,15945,2120085504,31252480,0.0,0.09364885264199616,0,12,0.01,0.01,0.0,0.0,0.0,9904128,0,5,3,1,0,sleeping,115,47,0,90112,16663,6436
2025-05-20 02:40:30,15945,2120085504,31252480,0.0,0.09364885264199616,0,12,0.01,0.01,0.0,0.0,0.0,9904128,0,5,3,1,0,sleeping,115,47,0,90112,16663,6436
2025-05-20 02:40:31,15945,2120085504,31252480,0.0,0.09364885264199616,0,12,0.01,0.01,0.0,0.0,0.0,9904128,0,5,3,1,0,sleeping,115,47,0,90112,16663,6436
2025-05-20 02:40:32,15945,2120085504,31252480,0.0,0.09364885264199616,0,12,0.01,0.01,0.0,0.0,0.0,9904128,0,5,3,1,0,sleeping,115,47,0,90112,16663,6436
2025-05-20 02:40:33,15945,2120085504,31252480,0.0,0.09364885264199616,0,12,0.01,0.01,0.0,0.0,0.0,9904128,0,5,3,1,0,sleeping,115,47,0,90112,16663,6436
2025-05-20 02:40:34,15945,2120085504,31252480,0.0,0.09364885264199616,0,12,0.01,0.01,0.0,0.0,0.0,9904128,0,5,3,1,0,sleeping,115,47,0,90112,16663,6436
2025-05-20 02:40:35,15945,2120085504,31252480,0.0,0.09364885264199616,0,12,0.01,0.01,0.0,0.0,0.0,9904128,0,5,3,1,0,sleeping,115,47,0,90112,16663,6436
2025-05-20 02:40:36,15945,2120085504,31252480,0.0,0.09364885264199616,0,12,0.01,0.01,0.0,0.0,0.0,9904128,0,5,3,1,0,sleeping,115,47,0,90112,16663,6436
2025-05-20 02:40:37,15945,2120085504,31252480,0.0,0.09364885264199616,0,12,0.01,0.01,0.0,0.0,0.0,9904128,0,5,3,1,0,sleeping,115,47,0,90112,16663,6436
2025-05-20 02:40:38,15945,2120085504,31252480,0.0,0.09364885264199616,0,12,0.01,0.01,0.0,0.0,0.0,9904128,0,5,3,1,0,sleeping,115,47,0,90112,16663,6436
2025-05-20 02:40:40,15945,2120085504,31252480,0.0,0.09364885264199616,0,12,0.01,0.01,0.0,0.0,0.0,9904128,0,5,3,1,0,sleeping,115,47,0,90112,16663,6436
2025-05-20 02:40:41,15945,2120085504,31252480,0.0,0.09364885264199616,0,12,0.01,0.01,0.0,0.0,0.0,9904128,0,5,3,1,0,sleeping,115,47,0,90112,16663,6436
2025-05-20 02:40:42,15945,2120085504,31252480,0.0,0.09364885264199616,0,12,0.01,0.01,0.0,0.0,0.0,9904128,0,5,3,1,0,sleeping,115,47,0,90112,16663,6436
2025-05-20 02:40:43,15945,2120085504,31252480,0.0,0.09364885264199616,0,12,0.01,0.01,0.0,0.0,0.0,9904128,0,5,3,1,0,sleeping,115,47,0,90112,16663,6436
2025-05-20 02:40:44,15945,2120085504,31252480,0.0,0.09364885264199616,0,12,0.01,0.01,0.0,0.0,0.0,9904128,0,5,3,1,0,sleeping,115,47,0,90112,16663,6436
2025-05-20 02:40:45,15945,2120085504,31252480,0.0,0.09364885264199616,0,12,0.01,0.01,0.0,0.0,0.0,9904128,0,5,3,1,0,sleeping,115,47,0,90112,16663,6436
2025-05-20 02:40:46,15945,2120085504,31252480,0.0,0.09364885264199616,0,12,0.01,0.01,0.0,0.0,0.0,9904128,0,5,3,1,0,sleeping,115,47,0,90112,16663,6436
2025-05-20 02:40:47,15945,2120085504,31252480,0.0,0.09364885264199616,0,12,0.01,0.01,0.0,0.0,0.0,9904128,0,5,3,1,0,sleeping,115,47,0,90112,16663,6436
2025-05-20 02:40:48,15945,2120085504,31252480,0.0,0.09364885264199616,0,12,0.01,0.01,0.0,0.0,0.0,9904128,0,5,3,1,0,sleeping,115,47,0,90112,16663,6436
2025-05-20 02:40:49,15945,2120085504,31252480,0.0,0.09364885264199616,0,12,0.01,0.01,0.0,0.0,0.0,9904128,0,5,3,1,0,sleeping,115,47,0,90112,16663,6436
2025-05-20 02:40:50,15945,2120085504,31252480,0.0,0.09364885264199616,0,12,0.01,0.01,0.0,0.0,0.0,9904128,0,5,3,1,0,sleeping,115,47,0,90112,16663,6436
2025-05-20 02:40:51,15945,2120085504,31252480,0.0,0.09364885264199616,0,12,0.01,0.01,0.0,0.0,0.0,9904128,0,5,3,1,0,sleeping,115,47,0,90112,16663,6436
2025-05-20 02:40:52,15945,2120085504,31252480,0.0,0.09364885264199616,0,12,0.01,0.01,0.0,0.0,0.0,9904128,0,5,3,1,0,sleeping,115,47,0,90112,16663,6436
2025-05-20 02:40:53,15945,2120085504,31252480,0.0,0.09364885264199616,0,12,0.01,0.01,0.0,0.0,0.0,9904128,0,5,3,1,0,sleeping,115,47,0,90112,16663,6436
2025-05-20 02:40:54,15945,2120085504,31252480,0.0,0.09364885264199616,0,12,0.01,0.01,0.0,0.0,0.0,9904128,0,5,3,1,0,sleeping,115,47,0,90112,16663,6436
2025-05-20 02:40:55,15945,2120085504,31252480,0.0,0.09364885264199616,0,12,0.01,0.01,0.0,0.0,0.0,9904128,0,5,3,1,0,sleeping,115,47,0,90112,16663,6436
2025-05-20 02:40:56,15945,2120085504,31252480,0.0,0.09364885264199616,0,12,0.01,0.01,0.0,0.0,0.0,9904128,0,5,3,1,0,sleeping,115,47,0,90112,16663,6436
2025-05-20 02:40:58,15945,2120085504,31252480,0.0,0.09364885264199616,0,12,0.01,0.01,0.0,0.0,0.0,9904128,0,5,3,1,0,sleeping,115,47,0,90112,16663,6436
2025-05-20 02:40:59,15945,2120085504,31252480,0.0,0.09364885264199616,0,12,0.01,0.01,0.0,0.0,0.0,9904128,0,5,3,1,0,sleeping,115,47,0,90112,16663,6436
2025-05-20 02:41:00,15945,2120085504,31252480,0.0,0.09364885264199616,0,12,0.01,0.01,0.0,0.0,0.0,9904128,0,5,3,1,0,sleeping,115,47,0,90112,16663,6436
2025-05-20 02:41:01,15945,2120085504,31252480,0.0,0.09364885264199616,0,12,0.01,0.01,0.0,0.0,0.0,9904128,0,5,3,1,0,sleeping,115,47,0,90112,16663,6436
2025-05-20 02:41:02,15945,2120085504,31252480,0.0,0.09364885264199616,0,12,0.01,0.01,0.0,0.0,0.0,9904128,0,5,3,1,0,sleeping,117,48,0,94208,16753,6518
2025-05-20 02:41:03,15945,2120085504,31252480,0.0,0.09364885264199616,0,12,0.01,0.01,0.0,0.0,0.0,9904128,0,5,3,1,0,sleeping,117,48,0,94208,16753,6518
2025-05-20 02:41:04,15945,2120085504,31252480,0.0,0.09364885264199616,0,12,0.01,0.01,0.0,0.0,0.0,9904128,0,5,3,1,0,sleeping,117,48,0,94208,16753,6518
2025-05-20 02:41:05,15945,2120085504,31252480,0.0,0.09364885264199616,0,12,0.01,0.01,0.0,0.0,0.0,9904128,0,5,3,1,0,sleeping,117,48,0,94208,16753,6518
2025-05-20 02:41:06,15945,2120085504,31252480,0.0,0.09364885264199616,0,12,0.01,0.01,0.0,0.0,0.0,9904128,0,5,3,1,0,sleeping,117,48,0,94208,16753,6518
2025-05-20 02:41:07,15945,2120085504,31252480,0.0,0.09364885264199616,0,12,0.01,0.01,0.0,0.0,0.0,9904128,0,5,3,1,0,sleeping,117,48,0,94208,16753,6518
2025-05-20 02:41:08,15945,2120085504,31252480,0.0,0.09364885264199616,0,12,0.01,0.01,0.0,0.0,0.0,9904128,0,5,3,1,0,sleeping,117,48,0,94208,16753,6518
2025-05-20 02:41:09,15945,2120085504,31252480,0.0,0.09364885264199616,0,12,0.01,0.01,0.0,0.0,0.0,9904128,0,5,3,1,0,sleeping,117,48,0,94208,16753,6518
2025-05-20 02:41:10,15945,2120085504,31252480,0.0,0.09364885264199616,0,12,0.01,0.01,0.0,0.0,0.0,9904128,0,5,3,1,0,sleeping,117,48,0,94208,16753,6518
2025-05-20 02:41:11,15945,2120085504,31252480,0.0,0.09364885264199616,0,12,0.01,0.01,0.0,0.0,0.0,9904128,0,5,3,1,0,sleeping,117,48,0,94208,16753,6518
2025-05-20 02:41:12,15945,2120085504,31252480,0.0,0.09364885264199616,0,12,0.01,0.01,0.0,0.0,0.0,9904128,0,5,3,1,0,sleeping,117,48,0,94208,16753,6518
2025-05-20 02:41:13,15945,2120085504,31252480,0.0,0.09364885264199616,0,12,0.01,0.01,0.0,0.0,0.0,9904128,0,5,3,1,0,sleeping,117,48,0,94208,16753,6518
2025-05-20 02:41:14,15945,2120085504,31252480,0.0,0.09364885264199616,0,12,0.01,0.01,0.0,0.0,0.0,9904128,0,5,3,1,0,sleeping,117,48,0,94208,16753,6518
2025-05-20 02:41:16,15945,2120085504,31252480,0.0,0.09364885264199616,0,12,0.01,0.01,0.0,0.0,0.0,9904128,0,5,3,1,0,sleeping,117,48,0,94208,16753,6518
2025-05-20 02:41:17,15945,2120085504,31252480,0.0,0.09364885264199616,0,12,0.01,0.01,0.0,0.0,0.0,9904128,0,5,3,1,0,sleeping,117,48,0,94208,16753,6518
2025-05-20 02:41:18,15945,2120085504,31252480,0.0,0.09364885264199616,0,12,0.01,0.01,0.0,0.0,0.0,9904128,0,5,3,1,0,sleeping,117,48,0,94208,16753,6518
2025-05-20 02:41:19,15945,2120085504,31252480,0.0,0.09364885264199616,0,12,0.01,0.01,0.0,0.0,0.0,9904128,0,5,3,1,0,sleeping,117,48,0,94208,16753,6518
2025-05-20 02:41:20,15945,2120085504,31252480,0.0,0.09364885264199616,0,12,0.01,0.01,0.0,0.0,0.0,9904128,0,5,3,1,0,sleeping,117,48,0,94208,16753,6518
2025-05-20 02:41:21,15945,2120085504,31252480,0.0,0.09364885264199616,0,12,0.01,0.01,0.0,0.0,0.0,9904128,0,5,3,1,0,sleeping,117,48,0,94208,16753,6518
2025-05-20 02:41:22,15945,2120085504,31252480,0.0,0.09364885264199616,0,12,0.01,0.01,0.0,0.0,0.0,9904128,0,5,3,1,0,sleeping,117,48,0,94208,16753,6518
2025-05-20 02:41:23,15945,2120085504,31252480,0.0,0.09364885264199616,0,12,0.01,0.01,0.0,0.0,0.0,9904128,0,5,3,1,0,sleeping,117,48,0,94208,16753,6518
2025-05-20 02:41:24,15945,2120085504,31252480,0.0,0.09364885264199616,0,12,0.01,0.01,0.0,0.0,0.0,9904128,0,5,3,1,0,sleeping,117,48,0,94208,16753,6518
2025-05-20 02:41:25,15945,2120085504,31252480,0.0,0.09364885264199616,0,12,0.01,0.01,0.0,0.0,0.0,9904128,0,5,3,1,0,sleeping,117,48,0,94208,16753,6518
2025-05-20 02:41:26,15945,2120085504,31252480,0.0,0.09364885264199616,0,12,0.01,0.01,0.0,0.0,0.0,9904128,0,5,3,1,0,sleeping,117,48,0,94208,16753,6518
2025-05-20 02:41:27,15945,2120085504,31252480,0.0,0.09364885264199616,0,12,0.01,0.01,0.0,0.0,0.0,9904128,0,5,3,1,0,sleeping,117,48,0,94208,16753,6518
2025-05-20 02:41:28,15945,2120085504,31252480,0.0,0.09364885264199616,0,12,0.01,0.01,0.0,0.0,0.0,9904128,0,5,3,1,0,sleeping,117,48,0,94208,16753,6518
2025-05-20 02:41:29,15945,2120085504,31252480,0.0,0.09364885264199616,0,12,0.01,0.01,0.0,0.0,0.0,9904128,0,5,3,1,0,sleeping,117,48,0,94208,16753,6518
2025-05-20 02:41:30,15945,2120085504,31252480,0.0,0.09364885264199616,0,12,0.01,0.01,0.0,0.0,0.0,9904128,0,5,3,1,0,sleeping,117,48,0,94208,16753,6518
2025-05-20 02:41:31,15945,2120085504,31252480,0.0,0.09364885264199616,0,12,0.01,0.01,0.0,0.0,0.0,9904128,0,5,3,1,0,sleeping,117,48,0,94208,16753,6518
2025-05-20 02:41:33,15945,2120085504,31252480,0.0,0.09364885264199616,0,12,0.01,0.01,0.0,0.0,0.0,9904128,0,5,3,1,0,sleeping,117,48,0,94208,16753,6518
2025-05-20 02:41:34,15945,2120085504,31252480,0.0,0.09364885264199616,0,12,0.01,0.01,0.0,0.0,0.0,9904128,0,6,4,1,0,sleeping,119,49,0,94208,16843,6600
2025-05-20 02:41:35,15945,2120085504,31252480,0.0,0.09364885264199616,0,12,0.01,0.01,0.0,0.0,0.0,9904128,0,6,4,1,0,sleeping,119,49,0,94208,16843,6600
2025-05-20 02:41:36,15945,2120085504,31252480,0.0,0.09364885264199616,0,12,0.01,0.01,0.0,0.0,0.0,9904128,0,6,4,1,0,sleeping,119,49,0,94208,16843,6600
2025-05-20 02:41:37,15945,2120085504,31252480,0.0,0.09364885264199616,0,12,0.01,0.01,0.0,0.0,0.0,9904128,0,6,4,1,0,sleeping,119,49,0,94208,16843,6600
2025-05-20 02:41:38,15945,2120085504,31252480,0.0,0.09364885264199616,0,12,0.01,0.01,0.0,0.0,0.0,9904128,0,6,4,1,0,sleeping,119,49,0,94208,16843,6600
2025-05-20 02:41:39,15945,2120085504,31252480,0.0,0.09364885264199616,0,12,0.01,0.01,0.0,0.0,0.0,9904128,0,6,4,1,0,sleeping,119,49,0,94208,16843,6600
2025-05-20 02:41:40,15945,2120085504,31252480,0.0,0.09364885264199616,0,12,0.01,0.01,0.0,0.0,0.0,9904128,0,6,4,1,0,sleeping,119,49,0,94208,16843,6600
2025-05-20 02:41:41,15945,2120085504,31252480,0.0,0.09364885264199616,0,12,0.01,0.01,0.0,0.0,0.0,9904128,0,6,4,1,0,sleeping,119,49,0,94208,16843,6600
2025-05-20 02:41:42,15945,2120085504,31252480,0.0,0.09364885264199616,0,12,0.01,0.01,0.0,0.0,0.0,9904128,0,6,4,1,0,sleeping,119,49,0,94208,16843,6600
2025-05-20 02:41:43,15945,2120085504,31252480,0.0,0.09364885264199616,0,12,0.01,0.01,0.0,0.0,0.0,9904128,0,6,4,1,0,sleeping,119,49,0,94208,16843,6600
2025-05-20 02:41:44,15945,2120085504,31252480,0.0,0.09364885264199616,0,12,0.01,0.01,0.0,0.0,0.0,9904128,0,6,4,1,0,sleeping,119,49,0,94208,16843,6600
2025-05-20 02:41:45,15945,2120085504,31252480,0.0,0.09364885264199616,0,12,0.01,0.01,0.0,0.0,0.0,9904128,0,6,4,1,0,sleeping,119,49,0,94208,16843,6600
2025-05-20 02:41:46,15945,2120085504,31252480,0.0,0.09364885264199616,0,12,0.01,0.01,0.0,0.0,0.0,9904128,0,6,4,1,0,sleeping,119,49,0,94208,16843,6600
2025-05-20 02:41:47,15945,2120085504,31252480,0.0,0.09364885264199616,0,12,0.01,0.01,0.0,0.0,0.0,9904128,0,6,4,1,0,sleeping,119,49,0,94208,16843,6600
2025-05-20 02:41:48,15945,2120085504,31252480,0.0,0.09364885264199616,0,12,0.01,0.01,0.0,0.0,0.0,9904128,0,6,4,1,0,sleeping,119,49,0,94208,16843,6600
2025-05-20 02:41:49,15945,2120085504,31252480,0.0,0.09364885264199616,0,12,0.01,0.01,0.0,0.0,0.0,9904128,0,6,4,1,0,sleeping,119,49,0,94208,16843,6600
2025-05-20 02:41:51,15945,2120085504,31252480,0.0,0.09364885264199616,0,12,0.01,0.01,0.0,0.0,0.0,9904128,0,6,4,1,0,sleeping,119,49,0,94208,16843,6600
2025-05-20 02:41:52,15945,2120085504,31252480,0.0,0.09364885264199616,0,12,0.01,0.01,0.0,0.0,0.0,9904128,0,6,4,1,0,sleeping,119,49,0,94208,16843,6600
2025-05-20 02:41:53,15945,2120085504,31252480,0.0,0.09364885264199616,0,12,0.01,0.01,0.0,0.0,0.0,9904128,0,6,4,1,0,sleeping,119,49,0,94208,16843,6600
2025-05-20 02:41:54,15945,2120085504,31252480,0.0,0.09364885264199616,0,12,0.01,0.01,0.0,0.0,0.0,9904128,0,6,4,1,0,sleeping,119,49,0,94208,16843,6600
2025-05-20 02:41:55,15945,2120085504,31252480,0.0,0.09364885264199616,0,12,0.01,0.01,0.0,0.0,0.0,9904128,0,6,4,1,0,sleeping,119,49,0,94208,16843,6600
2025-05-20 02:41:56,15945,2120085504,31252480,0.0,0.09364885264199616,0,12,0.01,0.01,0.0,0.0,0.0,9904128,0,6,4,1,0,sleeping,119,49,0,94208,16843,6600
2025-05-20 02:41:57,15945,2120085504,31252480,0.0,0.09364885264199616,0,12,0.01,0.01,0.0,0.0,0.0,9904128,0,6,4,1,0,sleeping,119,49,0,94208,16843,6600
2025-05-20 02:41:58,15945,2120085504,31252480,0.0,0.09364885264199616,0,12,0.01,0.01,0.0,0.0,0.0,9904128,0,6,4,1,0,sleeping,119,49,0,94208,16843,6600
2025-05-20 02:41:59,15945,2120085504,31252480,0.0,0.09364885264199616,0,12,0.01,0.01,0.0,0.0,0.0,9904128,0,6,4,1,0,sleeping,119,49,0,94208,16843,6600
2025-05-20 02:42:00,15945,2120085504,31252480,0.0,0.09364885264199616,0,12,0.01,0.01,0.0,0.0,0.0,9904128,0,6,4,1,0,sleeping,119,49,0,94208,16843,6600
2025-05-20 02:42:01,15945,2120085504,31252480,0.0,0.09364885264199616,0,12,0.01,0.01,0.0,0.0,0.0,9904128,0,6,4,1,0,sleeping,119,49,0,94208,16843,6600
2025-05-20 02:42:02,15945,2120085504,31252480,0.0,0.09364885264199616,0,12,0.01,0.01,0.0,0.0,0.0,9904128,0,6,4,1,0,sleeping,119,49,0,94208,16843,6600
2025-05-20 02:42:03,15945,2120085504,31252480,0.0,0.09364885264199616,0,12,0.01,0.01,0.0,0.0,0.0,9904128,0,6,4,1,0,sleeping,119,49,0,94208,16843,6600
2025-05-20 02:42:04,15945,2120085504,31252480,0.0,0.09364885264199616,0,12,0.01,0.01,0.0,0.0,0.0,9904128,0,6,4,1,0,sleeping,119,49,0,94208,16843,6600
2025-05-20 02:42:05,15945,2120085504,31252480,0.0,0.09364885264199616,0,12,0.01,0.01,0.0,0.0,0.0,9904128,0,6,4,1,0,sleeping,119,49,0,94208,16843,6600
2025-05-20 02:42:06,15945,2120085504,31252480,0.0,0.09364885264199616,0,12,0.01,0.01,0.0,0.0,0.0,9904128,0,6,4,1,0,sleeping,119,49,0,94208,16843,6600
2025-05-20 02:42:08,15945,2120085504,31252480,0.0,0.09364885264199616,0,12,0.01,0.01,0.0,0.0,0.0,9904128,0,6,4,1,0,sleeping,119,49,0,94208,16843,6600
2025-05-20 02:42:09,15945,2120085504,31252480,0.0,0.09364885264199616,0,12,0.01,0.01,0.0,0.0,0.0,9904128,0,6,4,1,0,sleeping,119,49,0,94208,16843,6600
2025-05-20 02:42:10,15945,2120085504,31252480,0.0,0.09364885264199616,0,12,0.01,0.01,0.0,0.0,0.0,9904128,0,6,4,1,0,sleeping,119,49,0,94208,16843,6600
2025-05-20 02:42:11,15945,2120085504,31252480,0.0,0.09364885264199616,0,12,0.01,0.01,0.0,0.0,0.0,9904128,0,6,4,1,0,sleeping,119,49,0,94208,16843,6600
2025-05-20 02:42:12,15945,2120085504,31252480,0.0,0.09364885264199616,0,12,0.01,0.01,0.0,0.0,0.0,9904128,0,6,4,1,0,sleeping,119,49,0,94208,16843,6600
2025-05-20 02:42:13,15945,2120085504,31252480,0.0,0.09364885264199616,0,12,0.01,0.01,0.0,0.0,0.0,9904128,0,6,4,1,0,sleeping,119,49,0,94208,16843,6600
2025-05-20 02:42:14,15945,2120085504,31252480,0.0,0.09364885264199616,0,12,0.01,0.01,0.0,0.0,0.0,9904128,0,7,4,1,0,sleeping,121,50,0,98304,16933,6682
2025-05-20 02:42:15,15945,2120085504,31252480,0.0,0.09364885264199616,0,12,0.01,0.01,0.0,0.0,0.0,9904128,0,7,4,1,0,sleeping,121,50,0,98304,16933,6682
2025-05-20 02:42:16,15945,2120085504,31252480,0.0,0.09364885264199616,0,12,0.01,0.01,0.0,0.0,0.0,9904128,0,7,4,1,0,sleeping,121,50,0,98304,16933,6682
2025-05-20 02:42:17,15945,2120085504,31252480,0.0,0.09364885264199616,0,12,0.01,0.01,0.0,0.0,0.0,9904128,0,7,4,1,0,sleeping,121,50,0,98304,16933,6682
2025-05-20 02:42:18,15945,2120085504,31252480,0.0,0.09364885264199616,0,12,0.01,0.01,0.0,0.0,0.0,9904128,0,7,4,1,0,sleeping,121,50,0,98304,16933,6682
2025-05-20 02:42:19,15945,2120085504,31252480,0.0,0.09364885264199616,0,12,0.01,0.01,0.0,0.0,0.0,9904128,0,7,4,1,0,sleeping,121,50,0,98304,16933,6682
2025-05-20 02:42:20,15945,2120085504,31252480,0.0,0.09364885264199616,0,12,0.01,0.01,0.0,0.0,0.0,9904128,0,7,4,1,0,sleeping,121,50,0,98304,16933,6682
2025-05-20 02:42:21,15945,2120085504,31252480,0.0,0.09364885264199616,0,12,0.01,0.01,0.0,0.0,0.0,9904128,0,7,4,1,0,sleeping,121,50,0,98304,16933,6682
2025-05-20 02:42:22,15945,2120085504,31252480,0.0,0.09364885264199616,0,12,0.01,0.01,0.0,0.0,0.0,9904128,0,7,4,1,0,sleeping,121,50,0,98304,16933,6682
2025-05-20 02:42:23,15945,2120085504,31252480,0.0,0.09364885264199616,0,12,0.01,0.01,0.0,0.0,0.0,9904128,0,7,4,1,0,sleeping,121,50,0,98304,16933,6682
2025-05-20 02:42:24,15945,2120085504,31252480,0.0,0.09364885264199616,0,12,0.01,0.01,0.0,0.0,0.0,9904128,0,7,4,1,0,sleeping,121,50,0,98304,16933,6682
2025-05-20 02:42:26,15945,2120085504,31252480,0.0,0.09364885264199616,0,12,0.01,0.01,0.0,0.0,0.0,9904128,0,7,4,1,0,sleeping,121,50,0,98304,16933,6682
2025-05-20 02:42:27,15945,2120085504,31252480,0.0,0.09364885264199616,0,12,0.01,0.01,0.0,0.0,0.0,9904128,0,7,4,1,0,sleeping,121,50,0,98304,16933,6682
2025-05-20 02:42:28,15945,2120085504,31252480,0.0,0.09364885264199616,0,12,0.01,0.01,0.0,0.0,0.0,9904128,0,7,4,1,0,sleeping,121,50,0,98304,16933,6682
2025-05-20 02:42:29,15945,2120085504,31252480,0.0,0.09364885264199616,0,12,0.01,0.01,0.0,0.0,0.0,9904128,0,7,4,1,0,sleeping,121,50,0,98304,16933,6682
2025-05-20 02:42:30,15945,2120085504,31252480,0.0,0.09364885264199616,0,12,0.01,0.01,0.0,0.0,0.0,9904128,0,7,4,1,0,sleeping,121,50,0,98304,16933,6682
2025-05-20 02:42:31,15945,2120085504,31252480,0.0,0.09364885264199616,0,12,0.01,0.01,0.0,0.0,0.0,9904128,0,7,4,1,0,sleeping,121,50,0,98304,16933,6682
2025-05-20 02:42:32,15945,2120085504,31252480,0.0,0.09364885264199616,0,12,0.01,0.01,0.0,0.0,0.0,9904128,0,7,4,1,0,sleeping,121,50,0,98304,16933,6682
2025-05-20 02:42:33,15945,2120085504,31252480,0.0,0.09364885264199616,0,12,0.01,0.01,0.0,0.0,0.0,9904128,0,7,4,1,0,sleeping,121,50,0,98304,16933,6682
2025-05-20 02:42:34,15945,2120085504,31252480,0.0,0.09364885264199616,0,12,0.01,0.01,0.0,0.0,0.0,9904128,0,7,4,1,0,sleeping,121,50,0,98304,16933,6682
2025-05-20 02:42:35,15945,2120085504,31252480,0.0,0.09364885264199616,0,12,0.01,0.01,0.0,0.0,0.0,9904128,0,7,4,1,0,sleeping,121,50,0,98304,16933,6682
2025-05-20 02:42:36,15945,2120085504,31252480,0.0,0.09364885264199616,0,12,0.01,0.01,0.0,0.0,0.0,9904128,0,7,4,1,0,sleeping,121,50,0,98304,16933,6682
2025-05-20 02:42:37,15945,2120085504,31252480,0.0,0.09364885264199616,0,12,0.01,0.01,0.0,0.0,0.0,9904128,0,7,4,1,0,sleeping,121,50,0,98304,16933,6682
2025-05-20 02:42:38,15945,2120085504,31252480,0.0,0.09364885264199616,0,12,0.01,0.01,0.0,0.0,0.0,9904128,0,7,4,1,0,sleeping,121,50,0,98304,16933,6682
2025-05-20 02:42:39,15945,2120085504,31252480,0.0,0.09364885264199616,0,12,0.01,0.01,0.0,0.0,0.0,9904128,0,7,4,1,0,sleeping,121,50,0,98304,16933,6682
2025-05-20 02:42:40,15945,2120085504,31252480,0.0,0.09364885264199616,0,12,0.01,0.01,0.0,0.0,0.0,9904128,0,7,4,1,0,sleeping,121,50,0,98304,16933,6682
2025-05-20 02:42:41,15945,2120085504,31252480,0.0,0.09364885264199616,0,12,0.01,0.01,0.0,0.0,0.0,9904128,0,7,4,1,0,sleeping,121,50,0,98304,16933,6682
2025-05-20 02:42:42,15945,2120085504,31252480,0.0,0.09364885264199616,0,12,0.01,0.01,0.0,0.0,0.0,9904128,0,7,4,1,0,sleeping,121,50,0,98304,16933,6682
2025-05-20 02:42:44,15945,2120085504,31252480,0.0,0.09364885264199616,0,12,0.01,0.01,0.0,0.0,0.0,9904128,0,7,4,1,0,sleeping,121,50,0,98304,16933,6682
2025-05-20 02:42:45,15945,2120085504,31252480,0.0,0.09364885264199616,0,12,0.01,0.01,0.0,0.0,0.0,9904128,0,7,4,1,0,sleeping,121,50,0,98304,16933,6682
2025-05-20 02:42:46,15945,2120085504,31252480,0.0,0.09364885264199616,0,12,0.01,0.01,0.0,0.0,0.0,9904128,0,8,4,1,0,sleeping,123,51,0,98304,17023,6764
2025-05-20 02:42:47,15945,2120085504,31252480,0.0,0.09364885264199616,0,12,0.01,0.01,0.0,0.0,0.0,9904128,0,8,4,1,0,sleeping,123,51,0,98304,17023,6764
2025-05-20 02:42:48,15945,2120085504,31252480,0.0,0.09364885264199616,0,12,0.01,0.01,0.0,0.0,0.0,9904128,0,8,4,1,0,sleeping,123,51,0,98304,17023,6764
2025-05-20 02:42:49,15945,2120085504,31252480,0.0,0.09364885264199616,0,12,0.01,0.01,0.0,0.0,0.0,9904128,0,8,4,1,0,sleeping,123,51,0,98304,17023,6764
2025-05-20 02:42:50,15945,2120085504,31252480,0.0,0.09364885264199616,0,12,0.01,0.01,0.0,0.0,0.0,9904128,0,8,4,1,0,sleeping,123,51,0,98304,17023,6764
2025-05-20 02:42:51,15945,2120085504,31252480,0.0,0.09364885264199616,0,12,0.01,0.01,0.0,0.0,0.0,9904128,0,8,4,1,0,sleeping,123,51,0,98304,17023,6764
2025-05-20 02:42:52,15945,2120085504,31252480,0.0,0.09364885264199616,0,12,0.01,0.01,0.0,0.0,0.0,9904128,0,8,4,1,0,sleeping,123,51,0,98304,17023,6764
2025-05-20 02:42:53,15945,2120085504,31252480,0.0,0.09364885264199616,0,12,0.01,0.01,0.0,0.0,0.0,9904128,0,8,4,1,0,sleeping,123,51,0,98304,17023,6764
2025-05-20 02:42:54,15945,2120085504,31252480,0.0,0.09364885264199616,0,12,0.01,0.01,0.0,0.0,0.0,9904128,0,8,4,1,0,sleeping,123,51,0,98304,17023,6764
2025-05-20 02:42:55,15945,2120085504,31252480,0.0,0.09364885264199616,0,12,0.01,0.01,0.0,0.0,0.0,9904128,0,8,4,1,0,sleeping,123,51,0,98304,17023,6764
2025-05-20 02:42:56,15945,2120085504,31252480,0.0,0.09364885264199616,0,12,0.01,0.01,0.0,0.0,0.0,9904128,0,8,4,1,0,sleeping,123,51,0,98304,17023,6764
2025-05-20 02:42:57,15945,2120085504,31252480,0.0,0.09364885264199616,0,12,0.01,0.01,0.0,0.0,0.0,9904128,0,8,4,1,0,sleeping,123,51,0,98304,17023,6764
2025-05-20 02:42:58,15945,2120085504,31252480,0.0,0.09364885264199616,0,12,0.01,0.01,0.0,0.0,0.0,9904128,0,8,4,1,0,sleeping,123,51,0,98304,17023,6764
2025-05-20 02:42:59,15945,2120085504,31252480,0.0,0.09364885264199616,0,12,0.01,0.01,0.0,0.0,0.0,9904128,0,8,4,1,0,sleeping,123,51,0,98304,17023,6764
2025-05-20 02:43:01,15945,2120085504,31252480,0.0,0.09364885264199616,0,12,0.01,0.01,0.0,0.0,0.0,9904128,0,8,4,1,0,sleeping,123,51,0,98304,17023,6764
2025-05-20 02:43:02,15945,2120085504,31252480,0.0,0.09364885264199616,0,12,0.01,0.01,0.0,0.0,0.0,9904128,0,8,4,1,0,sleeping,123,51,0,98304,17023,6764
2025-05-20 02:43:03,15945,2120085504,31252480,0.0,0.09364885264199616,0,12,0.01,0.01,0.0,0.0,0.0,9904128,0,8,4,1,0,sleeping,123,51,0,98304,17023,6764
2025-05-20 02:43:04,15945,2120085504,31252480,0.0,0.09364885264199616,0,12,0.01,0.01,0.0,0.0,0.0,9904128,0,8,4,1,0,sleeping,123,51,0,98304,17023,6764
2025-05-20 02:43:05,15945,2120085504,31252480,0.0,0.09364885264199616,0,12,0.01,0.01,0.0,0.0,0.0,9904128,0,8,4,1,0,sleeping,123,51,0,98304,17023,6764
2025-05-20 02:43:06,15945,2120085504,31252480,0.0,0.09364885264199616,0,12,0.01,0.01,0.0,0.0,0.0,9904128,0,8,4,1,0,sleeping,123,51,0,98304,17023,6764
2025-05-20 02:43:07,15945,2120085504,31252480,0.0,0.09364885264199616,0,12,0.01,0.01,0.0,0.0,0.0,9904128,0,8,4,1,0,sleeping,123,51,0,98304,17023,6764
2025-05-20 02:43:08,15945,2120085504,31252480,0.0,0.09364885264199616,0,12,0.01,0.01,0.0,0.0,0.0,9904128,0,8,4,1,0,sleeping,123,51,0,98304,17023,6764
2025-05-20 02:43:09,15945,2120085504,31252480,0.0,0.09364885264199616,0,12,0.01,0.01,0.0,0.0,0.0,9904128,0,8,4,1,0,sleeping,123,51,0,98304,17023,6764
2025-05-20 02:43:10,15945,2120085504,31252480,0.0,0.09364885264199616,0,12,0.01,0.01,0.0,0.0,0.0,9904128,0,8,4,1,0,sleeping,123,51,0,98304,17023,6764
2025-05-20 02:43:11,15945,2120085504,31252480,0.0,0.09364885264199616,0,12,0.01,0.01,0.0,0.0,0.0,9904128,0,8,4,1,0,sleeping,123,51,0,98304,17023,6764
2025-05-20 02:43:12,15945,2120085504,31252480,0.0,0.09364885264199616,0,12,0.01,0.01,0.0,0.0,0.0,9904128,0,8,4,1,0,sleeping,123,51,0,98304,17023,6764
2025-05-20 02:43:13,15945,2120085504,31252480,0.0,0.09364885264199616,0,12,0.01,0.01,0.0,0.0,0.0,9904128,0,8,4,1,0,sleeping,123,51,0,98304,17023,6764
2025-05-20 02:43:14,15945,2120085504,31252480,0.0,0.09364885264199616,0,12,0.01,0.01,0.0,0.0,0.0,9904128,0,8,4,1,0,sleeping,123,51,0,98304,17023,6764
2025-05-20 02:43:15,15945,2120085504,31252480,0.0,0.09364885264199616,0,12,0.01,0.01,0.0,0.0,0.0,9904128,0,8,4,1,0,sleeping,123,51,0,98304,17023,6764
2025-05-20 02:43:16,15945,2120085504,31252480,0.0,0.09364885264199616,0,12,0.01,0.01,0.0,0.0,0.0,9904128,0,8,4,1,0,sleeping,123,51,0,98304,17023,6764
2025-05-20 02:43:17,15945,2120085504,31252480,0.0,0.09364885264199616,0,12,0.01,0.01,0.0,0.0,0.0,9904128,0,8,4,1,0,sleeping,123,51,0,98304,17023,6764
2025-05-20 02:43:19,15945,2120085504,31252480,0.0,0.09364885264199616,0,12,0.01,0.01,0.0,0.0,0.0,9904128,0,8,4,1,0,sleeping,125,52,0,102400,17113,6846
2025-05-20 02:43:20,15945,2120085504,31252480,0.0,0.09364885264199616,0,12,0.01,0.01,0.0,0.0,0.0,9904128,0,8,4,1,0,sleeping,125,52,0,102400,17113,6846
2025-05-20 02:43:21,15945,2120085504,31252480,0.0,0.09364885264199616,0,12,0.01,0.01,0.0,0.0,0.0,9904128,0,8,4,1,0,sleeping,125,52,0,102400,17113,6846
2025-05-20 02:43:22,15945,2120085504,31252480,0.0,0.09364885264199616,0,12,0.01,0.01,0.0,0.0,0.0,9904128,0,8,4,1,0,sleeping,125,52,0,102400,17113,6846
2025-05-20 02:43:23,15945,2120085504,31252480,0.0,0.09364885264199616,0,12,0.01,0.01,0.0,0.0,0.0,9904128,0,8,4,1,0,sleeping,125,52,0,102400,17113,6846
2025-05-20 02:43:24,15945,2120085504,31252480,0.0,0.09364885264199616,0,12,0.01,0.01,0.0,0.0,0.0,9904128,0,8,4,1,0,sleeping,125,52,0,102400,17113,6846
2025-05-20 02:43:25,15945,2120085504,31252480,0.0,0.09364885264199616,0,12,0.01,0.01,0.0,0.0,0.0,9904128,0,8,4,1,0,sleeping,125,52,0,102400,17113,6846
2025-05-20 02:43:26,15945,2120085504,31252480,0.0,0.09364885264199616,0,12,0.01,0.01,0.0,0.0,0.0,9904128,0,8,4,1,0,sleeping,125,52,0,102400,17113,6846
2025-05-20 02:43:27,15945,2120085504,31252480,0.0,0.09364885264199616,0,12,0.01,0.01,0.0,0.0,0.0,9904128,0,8,4,1,0,sleeping,125,52,0,102400,17113,6846
2025-05-20 02:43:28,15945,2120085504,31252480,0.0,0.09364885264199616,0,12,0.01,0.01,0.0,0.0,0.0,9904128,0,8,4,1,0,sleeping,125,52,0,102400,17113,6846
2025-05-20 02:43:29,15945,2120085504,31252480,0.0,0.09364885264199616,0,12,0.01,0.01,0.0,0.0,0.0,9904128,0,8,4,1,0,sleeping,125,52,0,102400,17113,6846
2025-05-20 02:43:30,15945,2120085504,31252480,0.0,0.09364885264199616,0,12,0.01,0.01,0.0,0.0,0.0,9904128,0,8,4,1,0,sleeping,125,52,0,102400,17113,6846
2025-05-20 02:43:31,15945,2120085504,31252480,0.0,0.09364885264199616,0,12,0.01,0.01,0.0,0.0,0.0,9904128,0,8,4,1,0,sleeping,125,52,0,102400,17113,6846
2025-05-20 02:43:32,15945,2120085504,31252480,0.0,0.09364885264199616,0,12,0.01,0.01,0.0,0.0,0.0,9904128,0,8,4,1,0,sleeping,125,52,0,102400,17113,6846
2025-05-20 02:43:33,15945,2120085504,31252480,0.0,0.09364885264199616,0,12,0.01,0.01,0.0,0.0,0.0,9904128,0,8,4,1,0,sleeping,125,52,0,102400,17113,6846
2025-05-20 02:43:34,15945,2120085504,31252480,0.0,0.09364885264199616,0,12,0.01,0.01,0.0,0.0,0.0,9904128,0,8,4,1,0,sleeping,125,52,0,102400,17113,6846
2025-05-20 02:43:35,15945,2120085504,31252480,0.0,0.09364885264199616,0,12,0.01,0.01,0.0,0.0,0.0,9904128,0,8,4,1,0,sleeping,125,52,0,102400,17113,6846
2025-05-20 02:43:37,15945,2120085504,31252480,0.0,0.09364885264199616,0,12,0.01,0.01,0.0,0.0,0.0,9904128,0,8,4,1,0,sleeping,125,52,0,102400,17113,6846
2025-05-20 02:43:38,15945,2120085504,31252480,0.0,0.09364885264199616,0,12,0.01,0.01,0.0,0.0,0.0,9904128,0,8,4,1,0,sleeping,125,52,0,102400,17113,6846
2025-05-20 02:43:39,15945,2120085504,31252480,0.0,0.09364885264199616,0,12,0.01,0.01,0.0,0.0,0.0,9904128,0,8,4,1,0,sleeping,125,52,0,102400,17113,6846
2025-05-20 02:43:40,15945,2120085504,31252480,0.0,0.09364885264199616,0,12,0.01,0.01,0.0,0.0,0.0,9904128,0,8,4,1,0,sleeping,125,52,0,102400,17113,6846
2025-05-20 02:43:41,15945,2120085504,31252480,0.0,0.09364885264199616,0,12,0.01,0.01,0.0,0.0,0.0,9904128,0,8,4,1,0,sleeping,125,52,0,102400,17113,6846
2025-05-20 02:43:42,15945,2120085504,31252480,0.0,0.09364885264199616,0,12,0.01,0.01,0.0,0.0,0.0,9904128,0,8,4,1,0,sleeping,125,52,0,102400,17113,6846
2025-05-20 02:43:43,15945,2120085504,31252480,0.0,0.09364885264199616,0,12,0.01,0.01,0.0,0.0,0.0,9904128,0,8,4,1,0,sleeping,125,52,0,102400,17113,6846
2025-05-20 02:43:44,15945,2120085504,31252480,0.0,0.09364885264199616,0,12,0.01,0.01,0.0,0.0,0.0,9904128,0,8,4,1,0,sleeping,125,52,0,102400,17113,6846
2025-05-20 02:43:45,15945,2120085504,31252480,0.0,0.09364885264199616,0,12,0.01,0.01,0.0,0.0,0.0,9904128,0,8,4,1,0,sleeping,125,52,0,102400,17113,6846
2025-05-20 02:43:46,15945,2120085504,31252480,0.0,0.09364885264199616,0,12,0.01,0.01,0.0,0.0,0.0,9904128,0,8,4,1,0,sleeping,125,52,0,102400,17113,6846
2025-05-20 02:43:47,15945,2120085504,31252480,0.0,0.09364885264199616,0,12,0.01,0.01,0.0,0.0,0.0,9904128,0,8,4,1,0,sleeping,125,52,0,102400,17113,6846
2025-05-20 02:43:48,15945,2120085504,31252480,0.0,0.09364885264199616,0,12,0.01,0.01,0.0,0.0,0.0,9904128,0,8,4,1,0,sleeping,125,52,0,102400,17113,6846
2025-05-20 02:43:49,15945,2120085504,31252480,0.0,0.09364885264199616,0,12,0.01,0.01,0.0,0.0,0.0,9904128,0,8,4,1,0,sleeping,125,52,0,102400,17113,6846
2025-05-20 02:43:50,15945,2120085504,31252480,0.0,0.09364885264199616,0,12,0.01,0.01,0.0,0.0,0.0,9904128,0,8,4,1,0,sleeping,125,52,0,102400,17113,6846
2025-05-20 02:43:51,15945,2120085504,31252480,0.0,0.09364885264199616,0,12,0.01,0.01,0.0,0.0,0.0,9904128,0,8,4,1,0,sleeping,127,53,0,106496,17203,6928
2025-05-20 02:43:52,15945,2120085504,31252480,0.0,0.09364885264199616,0,12,0.01,0.01,0.0,0.0,0.0,9904128,0,8,4,1,0,sleeping,127,53,0,106496,17203,6928
2025-05-20 02:43:54,15945,2120085504,31252480,0.0,0.09364885264199616,0,12,0.01,0.01,0.0,0.0,0.0,9904128,0,8,4,1,0,sleeping,127,53,0,106496,17203,6928
2025-05-20 02:43:55,15945,2120085504,31252480,0.0,0.09364885264199616,0,12,0.01,0.01,0.0,0.0,0.0,9904128,0,8,4,1,0,sleeping,127,53,0,106496,17203,6928
2025-05-20 02:43:56,15945,2120085504,31252480,0.0,0.09364885264199616,0,12,0.01,0.01,0.0,0.0,0.0,9904128,0,8,4,1,0,sleeping,127,53,0,106496,17203,6928
2025-05-20 02:43:57,15945,2120085504,31252480,0.0,0.09364885264199616,0,12,0.01,0.01,0.0,0.0,0.0,9904128,0,8,4,1,0,sleeping,127,53,0,106496,17203,6928
2025-05-20 02:43:58,15945,2120085504,31252480,0.0,0.09364885264199616,0,12,0.01,0.01,0.0,0.0,0.0,9904128,0,8,4,1,0,sleeping,127,53,0,106496,17203,6928
2025-05-20 02:43:59,15945,2120085504,31252480,0.0,0.09364885264199616,0,12,0.01,0.01,0.0,0.0,0.0,9904128,0,8,4,1,0,sleeping,127,53,0,106496,17203,6928
2025-05-20 02:44:00,15945,2120085504,31252480,0.0,0.09364885264199616,0,12,0.01,0.01,0.0,0.0,0.0,9904128,0,8,4,1,0,sleeping,127,53,0,106496,17203,6928
2025-05-20 02:44:01,15945,2120085504,31252480,0.0,0.09364885264199616,0,12,0.01,0.01,0.0,0.0,0.0,9904128,0,8,4,1,0,sleeping,127,53,0,106496,17203,6928
2025-05-20 02:44:02,15945,2120085504,31252480,0.0,0.09364885264199616,0,12,0.01,0.01,0.0,0.0,0.0,9904128,0,8,4,1,0,sleeping,127,53,0,106496,17203,6928
2025-05-20 02:44:03,15945,2120085504,31252480,0.0,0.09364885264199616,0,12,0.01,0.01,0.0,0.0,0.0,9904128,0,8,4,1,0,sleeping,127,53,0,106496,17203,6928
2025-05-20 02:44:04,15945,2120085504,31252480,0.0,0.09364885264199616,0,12,0.01,0.01,0.0,0.0,0.0,9904128,0,8,4,1,0,sleeping,127,53,0,106496,17203,6928
2025-05-20 02:44:05,15945,2120085504,31252480,0.0,0.09364885264199616,0,12,0.01,0.01,0.0,0.0,0.0,9904128,0,8,4,1,0,sleeping,127,53,0,106496,17203,6928
2025-05-20 02:44:06,15945,2120085504,31252480,0.0,0.09364885264199616,0,12,0.01,0.01,0.0,0.0,0.0,9904128,0,8,4,1,0,sleeping,127,53,0,106496,17203,6928
2025-05-20 02:44:07,15945,2120085504,31252480,0.0,0.09364885264199616,0,12,0.01,0.01,0.0,0.0,0.0,9904128,0,8,4,1,0,sleeping,127,53,0,106496,17203,6928
2025-05-20 02:44:08,15945,2120085504,31252480,0.0,0.09364885264199616,0,12,0.01,0.01,0.0,0.0,0.0,9904128,0,8,4,1,0,sleeping,127,53,0,106496,17203,6928
2025-05-20 02:44:09,15945,2120085504,31252480,0.0,0.09364885264199616,0,12,0.01,0.01,0.0,0.0,0.0,9904128,0,8,4,1,0,sleeping,127,53,0,106496,17203,6928
2025-05-20 02:44:10,15945,2120085504,31252480,0.0,0.09364885264199616,0,12,0.01,0.01,0.0,0.0,0.0,9904128,0,8,4,1,0,sleeping,127,53,0,106496,17203,6928
2025-05-20 02:44:12,15945,2120085504,31252480,0.0,0.09364885264199616,0,12,0.01,0.01,0.0,0.0,0.0,9904128,0,8,4,1,0,sleeping,127,53,0,106496,17203,6928
2025-05-20 02:44:13,15945,2120085504,31252480,0.0,0.09364885264199616,0,12,0.01,0.01,0.0,0.0,0.0,9904128,0,8,4,1,0,sleeping,127,53,0,106496,17203,6928
2025-05-20 02:44:14,15945,2120085504,31252480,0.0,0.09364885264199616,0,12,0.01,0.01,0.0,0.0,0.0,9904128,0,8,4,1,0,sleeping,127,53,0,106496,17203,6928
2025-05-20 02:44:15,15945,2120085504,31252480,0.0,0.09364885264199616,0,12,0.01,0.01,0.0,0.0,0.0,9904128,0,8,4,1,0,sleeping,127,53,0,106496,17203,6928
2025-05-20 02:44:16,15945,2120085504,31252480,0.0,0.09364885264199616,0,12,0.01,0.01,0.0,0.0,0.0,9904128,0,8,4,1,0,sleeping,127,53,0,106496,17203,6928
2025-05-20 02:44:17,15945,2120085504,31252480,0.0,0.09364885264199616,0,12,0.01,0.01,0.0,0.0,0.0,9904128,0,8,4,1,0,sleeping,127,53,0,106496,17203,6928
2025-05-20 02:44:18,15945,2120085504,31252480,0.0,0.09364885264199616,0,12,0.01,0.01,0.0,0.0,0.0,9904128,0,8,4,1,0,sleeping,127,53,0,106496,17203,6928
2025-05-20 02:44:19,15945,2120085504,31252480,0.0,0.09364885264199616,0,12,0.01,0.01,0.0,0.0,0.0,9904128,0,8,4,1,0,sleeping,127,53,0,106496,17203,6928
2025-05-20 02:44:20,15945,2120085504,31252480,0.0,0.09364885264199616,0,12,0.01,0.01,0.0,0.0,0.0,9904128,0,8,4,1,0,sleeping,127,53,0,106496,17203,6928
2025-05-20 02:44:21,15945,2120085504,31252480,0.0,0.09364885264199616,0,12,0.01,0.01,0.0,0.0,0.0,9904128,0,8,4,1,0,sleeping,127,53,0,106496,17203,6928
2025-05-20 02:44:22,15945,2120085504,31252480,0.0,0.09364885264199616,0,12,0.01,0.01,0.0,0.0,0.0,9904128,0,8,4,1,0,sleeping,127,53,0,106496,17203,6928
2025-05-20 02:44:23,15945,2120085504,31252480,0.0,0.09364885264199616,0,12,0.01,0.01,0.0,0.0,0.0,9904128,0,8,4,1,0,sleeping,127,53,0,106496,17203,6928
2025-05-20 02:44:24,15945,2120085504,31252480,0.0,0.09364885264199616,0,12,0.01,0.01,0.0,0.0,0.0,9904128,0,8,4,1,0,sleeping,127,53,0,106496,17203,6928
2025-05-20 02:44:25,15945,2120085504,31252480,0.0,0.09364885264199616,0,12,0.01,0.01,0.0,0.0,0.0,9904128,0,8,4,1,0,sleeping,129,54,0,110592,17293,7010
2025-05-20 02:44:26,15945,2120085504,31252480,0.0,0.09364885264199616,0,12,0.01,0.01,0.0,0.0,0.0,9904128,0,8,4,1,0,sleeping,129,54,0,110592,17293,7010
2025-05-20 02:44:27,15945,2120085504,31252480,0.0,0.09364885264199616,0,12,0.01,0.01,0.0,0.0,0.0,9904128,0,8,4,1,0,sleeping,129,54,0,110592,17293,7010
2025-05-20 02:44:28,15945,2120085504,31252480,0.0,0.09364885264199616,0,12,0.01,0.01,0.0,0.0,0.0,9904128,0,8,4,1,0,sleeping,129,54,0,110592,17293,7010
2025-05-20 02:44:30,15945,2120085504,31252480,0.0,0.09364885264199616,0,12,0.01,0.01,0.0,0.0,0.0,9904128,0,8,4,1,0,sleeping,129,54,0,110592,17293,7010
2025-05-20 02:44:31,15945,2120085504,31252480,0.0,0.09364885264199616,0,12,0.01,0.01,0.0,0.0,0.0,9904128,0,8,4,1,0,sleeping,129,54,0,110592,17293,7010
2025-05-20 02:44:32,15945,2120085504,31252480,0.0,0.09364885264199616,0,12,0.01,0.01,0.0,0.0,0.0,9904128,0,8,4,1,0,sleeping,129,54,0,110592,17293,7010
2025-05-20 02:44:33,15945,2120085504,31252480,0.0,0.09364885264199616,0,12,0.01,0.01,0.0,0.0,0.0,9904128,0,8,4,1,0,sleeping,129,54,0,110592,17293,7010
2025-05-20 02:44:34,15945,2120085504,31252480,0.0,0.09364885264199616,0,12,0.01,0.01,0.0,0.0,0.0,9904128,0,8,4,1,0,sleeping,129,54,0,110592,17293,7010
2025-05-20 02:44:35,15945,2120085504,31252480,0.0,0.09364885264199616,0,12,0.01,0.01,0.0,0.0,0.0,9904128,0,8,4,1,0,sleeping,129,54,0,110592,17293,7010
2025-05-20 02:44:36,15945,2120085504,31252480,0.0,0.09364885264199616,0,12,0.01,0.01,0.0,0.0,0.0,9904128,0,8,4,1,0,sleeping,129,54,0,110592,17293,7010
2025-05-20 02:44:37,15945,2120085504,31252480,0.0,0.09364885264199616,0,12,0.01,0.01,0.0,0.0,0.0,9904128,0,8,4,1,0,sleeping,129,54,0,110592,17293,7010
2025-05-20 02:44:38,15945,2120085504,31252480,0.0,0.09364885264199616,0,12,0.01,0.01,0.0,0.0,0.0,9904128,0,8,4,1,0,sleeping,129,54,0,110592,17293,7010
2025-05-20 02:44:39,15945,2120085504,31252480,0.0,0.09364885264199616,0,12,0.01,0.01,0.0,0.0,0.0,9904128,0,8,4,1,0,sleeping,129,54,0,110592,17293,7010
2025-05-20 02:44:40,15945,2120085504,31252480,0.0,0.09364885264199616,0,12,0.01,0.01,0.0,0.0,0.0,9904128,0,8,4,1,0,sleeping,129,54,0,110592,17293,7010
2025-05-20 02:44:41,15945,2120085504,31252480,0.0,0.09364885264199616,0,12,0.01,0.01,0.0,0.0,0.0,9904128,0,8,4,1,0,sleeping,129,54,0,110592,17293,7010
2025-05-20 02:44:42,15945,2120085504,31252480,0.0,0.09364885264199616,0,12,0.01,0.01,0.0,0.0,0.0,9904128,0,8,4,1,0,sleeping,129,54,0,110592,17293,7010
2025-05-20 02:44:43,15945,2120085504,31252480,0.0,0.09364885264199616,0,12,0.01,0.01,0.0,0.0,0.0,9904128,0,8,4,1,0,sleeping,129,54,0,110592,17293,7010
2025-05-20 02:44:44,15945,2120085504,31252480,0.0,0.09364885264199616,0,12,0.01,0.01,0.0,0.0,0.0,9904128,0,8,4,1,0,sleeping,129,54,0,110592,17293,7010
2025-05-20 02:44:45,15945,2120085504,31252480,0.0,0.09364885264199616,0,12,0.01,0.01,0.0,0.0,0.0,9904128,0,8,4,1,0,sleeping,129,54,0,110592,17293,7010
2025-05-20 02:44:47,15945,2120085504,31252480,0.0,0.09364885264199616,0,12,0.01,0.01,0.0,0.0,0.0,9904128,0,8,4,1,0,sleeping,129,54,0,110592,17293,7010
2025-05-20 02:44:48,15945,2120085504,31252480,0.0,0.09364885264199616,0,12,0.01,0.01,0.0,0.0,0.0,9904128,0,8,4,1,0,sleeping,129,54,0,110592,17293,7010
2025-05-20 02:44:49,15945,2120085504,31252480,0.0,0.09364885264199616,0,12,0.01,0.01,0.0,0.0,0.0,9904128,0,8,4,1,0,sleeping,129,54,0,110592,17293,7010
2025-05-20 02:44:50,15945,2120085504,31252480,0.0,0.09364885264199616,0,12,0.01,0.01,0.0,0.0,0.0,9904128,0,8,4,1,0,sleeping,129,54,0,110592,17293,7010
2025-05-20 02:44:51,15945,2120085504,31252480,0.0,0.09364885264199616,0,12,0.01,0.01,0.0,0.0,0.0,9904128,0,8,4,1,0,sleeping,129,54,0,110592,17293,7010
2025-05-20 02:44:52,15945,2120085504,31252480,0.0,0.09364885264199616,0,12,0.01,0.01,0.0,0.0,0.0,9904128,0,8,4,1,0,sleeping,129,54,0,110592,17293,7010
2025-05-20 02:44:53,15945,2120085504,31252480,0.0,0.09364885264199616,0,12,0.01,0.01,0.0,0.0,0.0,9904128,0,8,4,1,0,sleeping,129,54,0,110592,17293,7010
2025-05-20 02:44:54,15945,2120085504,31252480,0.0,0.09364885264199616,0,12,0.01,0.01,0.0,0.0,0.0,9904128,0,8,4,1,0,sleeping,129,54,0,110592,17293,7010
2025-05-20 02:44:55,15945,2120085504,31252480,0.0,0.09364885264199616,0,12,0.01,0.01,0.0,0.0,0.0,9904128,0,8,4,1,0,sleeping,129,54,0,110592,17293,7010
2025-05-20 02:44:56,15945,2120085504,31252480,0.0,0.09364885264199616,0,12,0.01,0.01,0.0,0.0,0.0,9904128,0,8,4,1,0,sleeping,129,54,0,110592,17293,7010
2025-05-20 02:44:57,15945,2120085504,31252480,0.0,0.09364885264199616,0,12,0.01,0.01,0.0,0.0,0.0,9904128,0,8,4,1,0,sleeping,129,54,0,110592,17293,7010
2025-05-20 02:44:58,15945,2120085504,31252480,0.0,0.09364885264199616,0,12,0.01,0.01,0.0,0.0,0.0,9904128,0,7,4,1,0,sleeping,131,55,0,114688,17383,7092
2025-05-20 02:44:59,15945,2120085504,31252480,0.0,0.09364885264199616,0,12,0.01,0.01,0.0,0.0,0.0,9904128,0,7,4,1,0,sleeping,131,55,0,114688,17383,7092
2025-05-20 02:45:00,15945,2120085504,31252480,0.0,0.09364885264199616,0,12,0.01,0.01,0.0,0.0,0.0,9904128,0,7,4,1,0,sleeping,131,55,0,114688,17383,7092
2025-05-20 02:45:01,15945,2120085504,31252480,0.0,0.09364885264199616,0,12,0.01,0.01,0.0,0.0,0.0,9904128,0,7,4,1,0,sleeping,131,55,0,114688,17383,7092
2025-05-20 02:45:02,15945,2120085504,31252480,0.0,0.09364885264199616,0,12,0.01,0.01,0.0,0.0,0.0,9904128,0,7,4,1,0,sleeping,131,55,0,114688,17383,7092
2025-05-20 02:45:03,15945,2120085504,31252480,0.0,0.09364885264199616,0,12,0.01,0.01,0.0,0.0,0.0,9904128,0,7,4,1,0,sleeping,131,55,0,114688,17383,7092
2025-05-20 02:45:05,15945,2120085504,31252480,0.0,0.09364885264199616,0,12,0.01,0.01,0.0,0.0,0.0,9904128,0,7,4,1,0,sleeping,131,55,0,114688,17383,7092
2025-05-20 02:45:06,15945,2120085504,31252480,0.0,0.09364885264199616,0,12,0.01,0.01,0.0,0.0,0.0,9904128,0,7,4,1,0,sleeping,131,55,0,114688,17383,7092
2025-05-20 02:45:07,15945,2120085504,31252480,0.0,0.09364885264199616,0,12,0.01,0.01,0.0,0.0,0.0,9904128,0,7,4,1,0,sleeping,131,55,0,114688,17383,7092
2025-05-20 02:45:08,15945,2120085504,31252480,0.0,0.09364885264199616,0,12,0.01,0.01,0.0,0.0,0.0,9904128,0,7,4,1,0,sleeping,131,55,0,114688,17383,7092
2025-05-20 02:45:09,15945,2120085504,31252480,0.0,0.09364885264199616,0,12,0.01,0.01,0.0,0.0,0.0,9904128,0,7,4,1,0,sleeping,131,55,0,114688,17383,7092
2025-05-20 02:45:10,15945,2120085504,31252480,0.0,0.09364885264199616,0,12,0.01,0.01,0.0,0.0,0.0,9904128,0,7,4,1,0,sleeping,131,55,0,114688,17383,7092
2025-05-20 02:45:11,15945,2120085504,31252480,0.0,0.09364885264199616,0,12,0.01,0.01,0.0,0.0,0.0,9904128,0,7,4,1,0,sleeping,131,55,0,114688,17383,7092
2025-05-20 02:45:12,15945,2120085504,31252480,0.0,0.09364885264199616,0,12,0.01,0.01,0.0,0.0,0.0,9904128,0,7,4,1,0,sleeping,131,55,0,114688,17383,7092
2025-05-20 02:45:13,15945,2120085504,31252480,0.0,0.09364885264199616,0,12,0.01,0.01,0.0,0.0,0.0,9904128,0,7,4,1,0,sleeping,131,55,0,114688,17383,7092
2025-05-20 02:45:14,15945,2120085504,31252480,0.0,0.09364885264199616,0,12,0.01,0.01,0.0,0.0,0.0,9904128,0,7,4,1,0,sleeping,131,55,0,114688,17383,7092
2025-05-20 02:45:15,15945,2120085504,31252480,0.0,0.09364885264199616,0,12,0.01,0.01,0.0,0.0,0.0,9904128,0,7,4,1,0,sleeping,131,55,0,114688,17383,7092
2025-05-20 02:45:16,15945,2120085504,31252480,0.0,0.09364885264199616,0,12,0.01,0.01,0.0,0.0,0.0,9904128,0,7,4,1,0,sleeping,131,55,0,114688,17383,7092
2025-05-20 02:45:17,15945,2120085504,31252480,0.0,0.09364885264199616,0,12,0.01,0.01,0.0,0.0,0.0,9904128,0,7,4,1,0,sleeping,131,55,0,114688,17383,7092
2025-05-20 02:45:18,15945,2120085504,31252480,0.0,0.09364885264199616,0,12,0.01,0.01,0.0,0.0,0.0,9904128,0,7,4,1,0,sleeping,131,55,0,114688,17383,7092
2025-05-20 02:45:19,15945,2120085504,31252480,0.0,0.09364885264199616,0,12,0.01,0.01,0.0,0.0,0.0,9904128,0,7,4,1,0,sleeping,131,55,0,114688,17383,7092
2025-05-20 02:45:20,15945,2120085504,31252480,0.0,0.09364885264199616,0,12,0.01,0.01,0.0,0.0,0.0,9904128,0,7,4,1,0,sleeping,131,55,0,114688,17383,7092
2025-05-20 02:45:22,15945,2120085504,31252480,0.0,0.09364885264199616,0,12,0.01,0.01,0.0,0.0,0.0,9904128,0,7,4,1,0,sleeping,131,55,0,114688,17383,7092
2025-05-20 02:45:23,15945,2120085504,31252480,0.0,0.09364885264199616,0,12,0.01,0.01,0.0,0.0,0.0,9904128,0,7,4,1,0,sleeping,131,55,0,114688,17383,7092
2025-05-20 02:45:24,15945,2120085504,31252480,0.0,0.09364885264199616,0,12,0.01,0.01,0.0,0.0,0.0,9904128,0,7,4,1,0,sleeping,131,55,0,114688,17383,7092
2025-05-20 02:45:25,15945,2120085504,31252480,0.0,0.09364885264199616,0,12,0.01,0.01,0.0,0.0,0.0,9904128,0,7,4,1,0,sleeping,131,55,0,114688,17383,7092
2025-05-20 02:45:26,15945,2120085504,31252480,0.0,0.09364885264199616,0,12,0.01,0.01,0.0,0.0,0.0,9904128,0,7,4,1,0,sleeping,131,55,0,114688,17383,7092
2025-05-20 02:45:27,15945,2120085504,31252480,0.0,0.09364885264199616,0,12,0.01,0.01,0.0,0.0,0.0,9904128,0,7,4,1,0,sleeping,131,55,0,114688,17383,7092
2025-05-20 02:45:28,15945,2120085504,31252480,0.0,0.09364885264199616,0,12,0.01,0.01,0.0,0.0,0.0,9904128,0,7,4,1,0,sleeping,131,55,0,114688,17383,7092
2025-05-20 02:45:29,15945,2120085504,31252480,0.0,0.09364885264199616,0,12,0.01,0.01,0.0,0.0,0.0,9904128,0,7,4,1,0,sleeping,131,55,0,114688,17383,7092
2025-05-20 02:45:30,15945,2120085504,31252480,0.0,0.09364885264199616,0,12,0.01,0.01,0.0,0.0,0.0,9904128,0,7,4,1,0,sleeping,131,55,0,114688,17383,7092
2025-05-20 02:45:31,15945,2120085504,31252480,0.0,0.09364885264199616,0,12,0.01,0.01,0.0,0.0,0.0,9904128,0,7,4,1,0,sleeping,131,55,0,114688,17383,7092
2025-05-20 02:45:32,15945,2120085504,31252480,0.0,0.09364885264199616,0,12,0.01,0.01,0.0,0.0,0.0,9904128,0,7,4,1,0,sleeping,133,56,0,118784,17473,7174
2025-05-20 02:45:33,15945,2120085504,31252480,0.0,0.09364885264199616,0,12,0.01,0.01,0.0,0.0,0.0,9904128,0,7,4,1,0,sleeping,133,56,0,118784,17473,7174
2025-05-20 02:45:34,15945,2120085504,31252480,0.0,0.09364885264199616,0,12,0.01,0.01,0.0,0.0,0.0,9904128,0,7,4,1,0,sleeping,133,56,0,118784,17473,7174
2025-05-20 02:45:35,15945,2120085504,31252480,0.0,0.09364885264199616,0,12,0.01,0.01,0.0,0.0,0.0,9904128,0,7,4,1,0,sleeping,133,56,0,118784,17473,7174
2025-05-20 02:45:36,15945,2120085504,31252480,0.0,0.09364885264199616,0,12,0.01,0.01,0.0,0.0,0.0,9904128,0,7,4,1,0,sleeping,133,56,0,118784,17473,7174
2025-05-20 02:45:37,15945,2120085504,31252480,0.0,0.09364885264199616,0,12,0.01,0.01,0.0,0.0,0.0,9904128,0,7,4,1,0,sleeping,133,56,0,118784,17473,7174
2025-05-20 02:45:38,15945,2120085504,31252480,0.0,0.09364885264199616,0,12,0.01,0.01,0.0,0.0,0.0,9904128,0,7,4,1,0,sleeping,133,56,0,118784,17473,7174
2025-05-20 02:45:40,15945,2120085504,31252480,0.0,0.09364885264199616,0,12,0.01,0.01,0.0,0.0,0.0,9904128,0,7,4,1,0,sleeping,133,56,0,118784,17473,7174
2025-05-20 02:45:41,15945,2120085504,31252480,0.0,0.09364885264199616,0,12,0.01,0.01,0.0,0.0,0.0,9904128,0,7,4,1,0,sleeping,133,56,0,118784,17473,7174
2025-05-20 02:45:42,15945,2120085504,31252480,0.0,0.09364885264199616,0,12,0.01,0.01,0.0,0.0,0.0,9904128,0,7,4,1,0,sleeping,133,56,0,118784,17473,7174
2025-05-20 02:45:43,15945,2120085504,31252480,0.0,0.09364885264199616,0,12,0.01,0.01,0.0,0.0,0.0,9904128,0,7,4,1,0,sleeping,133,56,0,118784,17473,7174
2025-05-20 02:45:44,15945,2120085504,31252480,0.0,0.09364885264199616,0,12,0.01,0.01,0.0,0.0,0.0,9904128,0,7,4,1,0,sleeping,133,56,0,118784,17473,7174
2025-05-20 02:45:45,15945,2120085504,31252480,0.0,0.09364885264199616,0,12,0.01,0.01,0.0,0.0,0.0,9904128,0,7,4,1,0,sleeping,133,56,0,118784,17473,7174
2025-05-20 02:45:46,15945,2120085504,31252480,0.0,0.09364885264199616,0,12,0.01,0.01,0.0,0.0,0.0,9904128,0,7,4,1,0,sleeping,133,56,0,118784,17473,7174
2025-05-20 02:45:47,15945,2120085504,31252480,0.0,0.09364885264199616,0,12,0.01,0.01,0.0,0.0,0.0,9904128,0,7,4,1,0,sleeping,133,56,0,118784,17473,7174
2025-05-20 02:45:48,15945,2120085504,31252480,0.0,0.09364885264199616,0,12,0.01,0.01,0.0,0.0,0.0,9904128,0,7,4,1,0,sleeping,133,56,0,118784,17473,7174
2025-05-20 02:45:49,15945,2120085504,31252480,0.0,0.09364885264199616,0,12,0.01,0.01,0.0,0.0,0.0,9904128,0,7,4,1,0,sleeping,133,56,0,118784,17473,7174
2025-05-20 02:45:50,15945,2120085504,31252480,0.0,0.09364885264199616,0,12,0.01,0.01,0.0,0.0,0.0,9904128,0,7,4,1,0,sleeping,133,56,0,118784,17473,7174
2025-05-20 02:45:51,15945,2120085504,31252480,0.0,0.09364885264199616,0,12,0.01,0.01,0.0,0.0,0.0,9904128,0,7,4,1,0,sleeping,133,56,0,118784,17473,7174
2025-05-20 02:45:52,15945,2120085504,31252480,0.0,0.09364885264199616,0,12,0.01,0.01,0.0,0.0,0.0,9904128,0,7,4,1,0,sleeping,133,56,0,118784,17473,7174
2025-05-20 02:45:53,15945,2120085504,31252480,0.0,0.09364885264199616,0,12,0.01,0.01,0.0,0.0,0.0,9904128,0,7,4,1,0,sleeping,133,56,0,118784,17473,7174
2025-05-20 02:45:54,15945,2120085504,31252480,0.0,0.09364885264199616,0,12,0.01,0.01,0.0,0.0,0.0,9904128,0,7,4,1,0,sleeping,133,56,0,118784,17473,7174
2025-05-20 02:45:55,15945,2120085504,31252480,0.0,0.09364885264199616,0,12,0.01,0.01,0.0,0.0,0.0,9904128,0,7,4,1,0,sleeping,133,56,0,118784,17473,7174
2025-05-20 02:45:57,15945,2120085504,31252480,0.0,0.09364885264199616,0,12,0.01,0.01,0.0,0.0,0.0,9904128,0,7,4,1,0,sleeping,133,56,0,118784,17473,7174
2025-05-20 02:45:58,15945,2120085504,31252480,0.0,0.09364885264199616,0,12,0.01,0.01,0.0,0.0,0.0,9904128,0,7,4,1,0,sleeping,133,56,0,118784,17473,7174
2025-05-20 02:45:59,15945,2120085504,31252480,0.0,0.09364885264199616,0,12,0.01,0.01,0.0,0.0,0.0,9904128,0,7,4,1,0,sleeping,133,56,0,118784,17473,7174
2025-05-20 02:46:00,15945,2120085504,31252480,0.0,0.09364885264199616,0,12,0.01,0.01,0.0,0.0,0.0,9904128,0,7,4,1,0,sleeping,133,56,0,118784,17473,7174
2025-05-20 02:46:01,15945,2120085504,31252480,0.0,0.09364885264199616,0,12,0.01,0.01,0.0,0.0,0.0,9904128,0,7,4,1,0,sleeping,133,56,0,118784,17473,7174
2025-05-20 02:46:02,15945,2120085504,31252480,0.0,0.09364885264199616,0,12,0.01,0.01,0.0,0.0,0.0,9904128,0,7,4,1,0,sleeping,133,56,0,118784,17473,7174
2025-05-20 02:46:03,15945,2120085504,31252480,0.0,0.09364885264199616,0,12,0.01,0.01,0.0,0.0,0.0,9904128,0,7,4,1,0,sleeping,133,56,0,118784,17473,7174
2025-05-20 02:46:04,15945,2120085504,31252480,0.0,0.09364885264199616,0,12,0.01,0.01,0.0,0.0,0.0,9904128,0,7,4,1,0,sleeping,133,56,0,118784,17473,7174
2025-05-20 02:46:05,15945,2120085504,31252480,0.0,0.09364885264199616,0,12,0.01,0.01,0.0,0.0,0.0,9904128,0,7,4,1,0,sleeping,133,56,0,118784,17473,7174
2025-05-20 02:46:06,15945,2120085504,31252480,0.0,0.09364885264199616,0,12,0.01,0.01,0.0,0.0,0.0,9904128,0,7,4,1,0,sleeping,133,56,0,118784,17473,7174
2025-05-20 02:46:07,15945,2120085504,31252480,0.0,0.09364885264199616,0,12,0.01,0.01,0.0,0.0,0.0,9904128,0,7,4,1,0,sleeping,135,57,0,122880,17563,7256
2025-05-20 02:46:08,15945,2120085504,31252480,0.0,0.09364885264199616,0,12,0.01,0.01,0.0,0.0,0.0,9904128,0,7,4,1,0,sleeping,135,57,0,122880,17563,7256
2025-05-20 02:46:09,15945,2120085504,31252480,0.0,0.09364885264199616,0,12,0.01,0.01,0.0,0.0,0.0,9904128,0,7,4,1,0,sleeping,135,57,0,122880,17563,7256
2025-05-20 02:46:10,15945,2120085504,31252480,0.0,0.09364885264199616,0,12,0.01,0.01,0.0,0.0,0.0,9904128,0,7,4,1,0,sleeping,135,57,0,122880,17563,7256
2025-05-20 02:46:11,15945,2120085504,31252480,0.0,0.09364885264199616,0,12,0.01,0.01,0.0,0.0,0.0,9904128,0,7,4,1,0,sleeping,135,57,0,122880,17563,7256
2025-05-20 02:46:12,15945,2120085504,31252480,0.0,0.09364885264199616,0,12,0.01,0.01,0.0,0.0,0.0,9904128,0,7,4,1,0,sleeping,135,57,0,122880,17563,7256
2025-05-20 02:46:13,15945,2120085504,31252480,0.0,0.09364885264199616,0,12,0.01,0.01,0.0,0.0,0.0,9904128,0,7,4,1,0,sleeping,135,57,0,122880,17563,7256
2025-05-20 02:46:15,15945,2120085504,31252480,0.0,0.09364885264199616,0,12,0.01,0.01,0.0,0.0,0.0,9904128,0,7,4,1,0,sleeping,135,57,0,122880,17563,7256
2025-05-20 02:46:16,15945,2120085504,31252480,0.0,0.09364885264199616,0,12,0.01,0.01,0.0,0.0,0.0,9904128,0,7,4,1,0,sleeping,135,57,0,122880,17563,7256
2025-05-20 02:46:17,15945,2120085504,31252480,0.0,0.09364885264199616,0,12,0.01,0.01,0.0,0.0,0.0,9904128,0,7,4,1,0,sleeping,135,57,0,122880,17563,7256
2025-05-20 02:46:18,15945,2120085504,31252480,0.0,0.09364885264199616,0,12,0.01,0.01,0.0,0.0,0.0,9904128,0,7,4,1,0,sleeping,135,57,0,122880,17563,7256
2025-05-20 02:46:19,15945,2120085504,31252480,0.0,0.09364885264199616,0,12,0.01,0.01,0.0,0.0,0.0,9904128,0,7,4,1,0,sleeping,135,57,0,122880,17563,7256
2025-05-20 02:46:20,15945,2120085504,31252480,0.0,0.09364885264199616,0,12,0.01,0.01,0.0,0.0,0.0,9904128,0,7,4,1,0,sleeping,135,57,0,122880,17563,7256
2025-05-20 02:46:21,15945,2120085504,31252480,0.0,0.09364885264199616,0,12,0.01,0.01,0.0,0.0,0.0,9904128,0,7,4,1,0,sleeping,135,57,0,122880,17563,7256
2025-05-20 02:46:22,15945,2120085504,31252480,0.0,0.09364885264199616,0,12,0.01,0.01,0.0,0.0,0.0,9904128,0,7,4,1,0,sleeping,135,57,0,122880,17563,7256
2025-05-20 02:46:23,15945,2120085504,31252480,0.0,0.09364885264199616,0,12,0.01,0.01,0.0,0.0,0.0,9904128,0,7,4,1,0,sleeping,135,57,0,122880,17563,7256
2025-05-20 02:46:24,15945,2120085504,31252480,0.0,0.09364885264199616,0,12,0.01,0.01,0.0,0.0,0.0,9904128,0,7,4,1,0,sleeping,135,57,0,122880,17563,7256
2025-05-20 02:46:25,15945,2120085504,31252480,0.0,0.09364885264199616,0,12,0.01,0.01,0.0,0.0,0.0,9904128,0,7,4,1,0,sleeping,135,57,0,122880,17563,7256
2025-05-20 02:46:26,15945,2120085504,31252480,0.0,0.09364885264199616,0,12,0.01,0.01,0.0,0.0,0.0,9904128,0,7,4,1,0,sleeping,135,57,0,122880,17563,7256
2025-05-20 02:46:27,15945,2120085504,31252480,0.0,0.09364885264199616,0,12,0.01,0.01,0.0,0.0,0.0,9904128,0,7,4,1,0,sleeping,135,57,0,122880,17563,7256
2025-05-20 02:46:28,15945,2120085504,31252480,0.0,0.09364885264199616,0,12,0.01,0.01,0.0,0.0,0.0,9904128,0,7,4,1,0,sleeping,135,57,0,122880,17563,7256
2025-05-20 02:46:29,15945,2120085504,31252480,0.0,0.09364885264199616,0,12,0.01,0.01,0.0,0.0,0.0,9904128,0,7,4,1,0,sleeping,135,57,0,122880,17563,7256
2025-05-20 02:46:30,15945,2120085504,31252480,0.0,0.09364885264199616,0,12,0.01,0.01,0.0,0.0,0.0,9904128,0,7,4,1,0,sleeping,135,57,0,122880,17563,7256
2025-05-20 02:46:32,15945,2120085504,31252480,0.0,0.09364885264199616,0,12,0.01,0.01,0.0,0.0,0.0,9904128,0,7,4,1,0,sleeping,135,57,0,122880,17563,7256
2025-05-20 02:46:33,15945,2120085504,31252480,0.0,0.09364885264199616,0,12,0.01,0.01,0.0,0.0,0.0,9904128,0,7,4,1,0,sleeping,135,57,0,122880,17563,7256
2025-05-20 02:46:34,15945,2120085504,31252480,0.0,0.09364885264199616,0,12,0.01,0.01,0.0,0.0,0.0,9904128,0,7,4,1,0,sleeping,135,57,0,122880,17563,7256
2025-05-20 02:46:35,15945,2120085504,31252480,0.0,0.09364885264199616,0,12,0.01,0.01,0.0,0.0,0.0,9904128,0,7,4,1,0,sleeping,135,57,0,122880,17563,7256
2025-05-20 02:46:36,15945,2120085504,31252480,0.0,0.09364885264199616,0,12,0.01,0.01,0.0,0.0,0.0,9904128,0,7,4,1,0,sleeping,135,57,0,122880,17563,7256
2025-05-20 02:46:37,15945,2120085504,31252480,0.0,0.09364885264199616,0,12,0.01,0.01,0.0,0.0,0.0,9904128,0,7,4,1,0,sleeping,135,57,0,122880,17563,7256
2025-05-20 02:46:38,15945,2120085504,31252480,0.0,0.09364885264199616,0,12,0.01,0.01,0.0,0.0,0.0,9904128,0,7,4,1,0,sleeping,135,57,0,122880,17563,7256
2025-05-20 02:46:39,15945,2120085504,31252480,0.0,0.09364885264199616,0,12,0.01,0.01,0.0,0.0,0.0,9904128,0,7,4,1,0,sleeping,135,57,0,122880,17563,7256
2025-05-20 02:46:40,15945,2120085504,31252480,0.0,0.09364885264199616,0,12,0.01,0.01,0.0,0.0,0.0,9904128,0,7,4,1,0,sleeping,135,57,0,122880,17563,7256
2025-05-20 02:46:41,15945,2120085504,31252480,0.9,0.09364885264199616,0,12,0.01,0.02,0.0,0.0,0.0,9904128,0,7,4,1,0,sleeping,137,58,0,122880,17653,7338
2025-05-20 02:46:42,15945,2120085504,31252480,0.0,0.09364885264199616,0,12,0.01,0.02,0.0,0.0,0.0,9904128,0,7,4,1,0,sleeping,137,58,0,122880,17653,7338
2025-05-20 02:46:43,15945,2120085504,31252480,0.0,0.09364885264199616,0,12,0.01,0.02,0.0,0.0,0.0,9904128,0,7,4,1,0,sleeping,137,58,0,122880,17653,7338
2025-05-20 02:46:44,15945,2120085504,31252480,0.0,0.09364885264199616,0,12,0.01,0.02,0.0,0.0,0.0,9904128,0,7,4,1,0,sleeping,137,58,0,122880,17653,7338
2025-05-20 02:46:45,15945,2120085504,31252480,0.0,0.09364885264199616,0,12,0.01,0.02,0.0,0.0,0.0,9904128,0,7,4,1,0,sleeping,137,58,0,122880,17653,7338
2025-05-20 02:46:46,15945,2120085504,31252480,0.0,0.09364885264199616,0,12,0.01,0.02,0.0,0.0,0.0,9904128,0,7,4,1,0,sleeping,137,58,0,122880,17653,7338
2025-05-20 02:46:47,15945,2120085504,31252480,0.0,0.09364885264199616,0,12,0.01,0.02,0.0,0.0,0.0,9904128,0,7,4,1,0,sleeping,137,58,0,122880,17653,7338
2025-05-20 02:46:48,15945,2120085504,31252480,0.0,0.09364885264199616,0,12,0.01,0.02,0.0,0.0,0.0,9904128,0,7,4,1,0,sleeping,137,58,0,122880,17653,7338
2025-05-20 02:46:50,15945,2120085504,31252480,0.0,0.09364885264199616,0,12,0.01,0.02,0.0,0.0,0.0,9904128,0,7,4,1,0,sleeping,137,58,0,122880,17653,7338
2025-05-20 02:46:51,15945,2120085504,31252480,0.0,0.09364885264199616,0,12,0.01,0.02,0.0,0.0,0.0,9904128,0,7,4,1,0,sleeping,137,58,0,122880,17653,7338
2025-05-20 02:46:52,15945,2120085504,31252480,0.0,0.09364885264199616,0,12,0.01,0.02,0.0,0.0,0.0,9904128,0,7,4,1,0,sleeping,137,58,0,122880,17653,7338
2025-05-20 02:46:53,15945,2120085504,31252480,0.0,0.09364885264199616,0,12,0.01,0.02,0.0,0.0,0.0,9904128,0,7,4,1,0,sleeping,137,58,0,122880,17653,7338
2025-05-20 02:46:54,15945,2120085504,31252480,0.0,0.09364885264199616,0,12,0.01,0.02,0.0,0.0,0.0,9904128,0,7,4,1,0,sleeping,137,58,0,122880,17653,7338
2025-05-20 02:46:55,15945,2120085504,31252480,0.0,0.09364885264199616,0,12,0.01,0.02,0.0,0.0,0.0,9904128,0,7,4,1,0,sleeping,137,58,0,122880,17653,7338
2025-05-20 02:46:56,15945,2120085504,31252480,0.0,0.09364885264199616,0,12,0.01,0.02,0.0,0.0,0.0,9904128,0,7,4,1,0,sleeping,137,58,0,122880,17653,7338
2025-05-20 02:46:57,15945,2120085504,31252480,0.0,0.09364885264199616,0,12,0.01,0.02,0.0,0.0,0.0,9904128,0,7,4,1,0,sleeping,137,58,0,122880,17653,7338
2025-05-20 02:46:58,15945,2120085504,31252480,0.0,0.09364885264199616,0,12,0.01,0.02,0.0,0.0,0.0,9904128,0,7,4,1,0,sleeping,137,58,0,122880,17653,7338
2025-05-20 02:46:59,15945,2120085504,31252480,0.0,0.09364885264199616,0,12,0.01,0.02,0.0,0.0,0.0,9904128,0,7,4,1,0,sleeping,137,58,0,122880,17653,7338
2025-05-20 02:47:00,15945,2120085504,31252480,0.0,0.09364885264199616,0,12,0.01,0.02,0.0,0.0,0.0,9904128,0,7,4,1,0,sleeping,137,58,0,122880,17653,7338
2025-05-20 02:47:01,15945,2120085504,31252480,0.0,0.09364885264199616,0,12,0.01,0.02,0.0,0.0,0.0,9904128,0,7,4,1,0,sleeping,137,58,0,122880,17653,7338
2025-05-20 02:47:02,15945,2120085504,31252480,0.0,0.09364885264199616,0,12,0.01,0.02,0.0,0.0,0.0,9904128,0,7,4,1,0,sleeping,137,58,0,122880,17653,7338
2025-05-20 02:47:03,15945,2120085504,31252480,0.0,0.09364885264199616,0,12,0.01,0.02,0.0,0.0,0.0,9904128,0,7,4,1,0,sleeping,137,58,0,122880,17653,7338
2025-05-20 02:47:04,15945,2120085504,31252480,0.0,0.09364885264199616,0,12,0.01,0.02,0.0,0.0,0.0,9904128,0,7,4,1,0,sleeping,137,58,0,122880,17653,7338
2025-05-20 02:47:05,15945,2120085504,31252480,0.0,0.09364885264199616,0,12,0.01,0.02,0.0,0.0,0.0,9904128,0,7,4,1,0,sleeping,137,58,0,122880,17653,7338
2025-05-20 02:47:07,15945,2120085504,31252480,0.0,0.09364885264199616,0,12,0.01,0.02,0.0,0.0,0.0,9904128,0,7,4,1,0,sleeping,137,58,0,122880,17653,7338
2025-05-20 02:47:08,15945,2120085504,31252480,0.0,0.09364885264199616,0,12,0.01,0.02,0.0,0.0,0.0,9904128,0,7,4,1,0,sleeping,137,58,0,122880,17653,7338
2025-05-20 02:47:09,15945,2120085504,31252480,0.0,0.09364885264199616,0,12,0.01,0.02,0.0,0.0,0.0,9904128,0,7,4,1,0,sleeping,137,58,0,122880,17653,7338
2025-05-20 02:47:10,15945,2120085504,31252480,0.0,0.09364885264199616,0,12,0.01,0.02,0.0,0.0,0.0,9904128,0,7,4,1,0,sleeping,137,58,0,122880,17653,7338
2025-05-20 02:47:11,15945,2120085504,31252480,0.0,0.09364885264199616,0,12,0.01,0.02,0.0,0.0,0.0,9904128,0,7,4,1,0,sleeping,137,58,0,122880,17653,7338
2025-05-20 02:47:12,15945,2120085504,31252480,0.0,0.09364885264199616,0,12,0.01,0.02,0.0,0.0,0.0,9904128,0,7,4,1,0,sleeping,137,58,0,122880,17653,7338
2025-05-20 02:47:13,15945,2120085504,31252480,0.0,0.09364885264199616,0,12,0.01,0.02,0.0,0.0,0.0,9904128,0,7,4,1,0,sleeping,137,58,0,122880,17653,7338
2025-05-20 02:47:14,15945,2120085504,31252480,0.0,0.09364885264199616,0,12,0.01,0.02,0.0,0.0,0.0,9904128,0,7,4,1,0,sleeping,137,58,0,122880,17653,7338
2025-05-20 02:47:15,15945,2120085504,31252480,0.0,0.09364885264199616,0,12,0.01,0.02,0.0,0.0,0.0,9904128,0,7,4,1,0,sleeping,139,59,0,126976,17743,7420
2025-05-20 02:47:16,15945,2120085504,31252480,0.0,0.09364885264199616,0,12,0.01,0.02,0.0,0.0,0.0,9904128,0,7,4,1,0,sleeping,139,59,0,126976,17743,7420
2025-05-20 02:47:17,15945,2120085504,31252480,0.0,0.09364885264199616,0,12,0.01,0.02,0.0,0.0,0.0,9904128,0,7,4,1,0,sleeping,139,59,0,126976,17743,7420
2025-05-20 02:47:18,15945,2120085504,31252480,0.0,0.09364885264199616,0,12,0.01,0.02,0.0,0.0,0.0,9904128,0,7,4,1,0,sleeping,139,59,0,126976,17743,7420
2025-05-20 02:47:19,15945,2120085504,31252480,0.0,0.09364885264199616,0,12,0.01,0.02,0.0,0.0,0.0,9904128,0,7,4,1,0,sleeping,139,59,0,126976,17743,7420
2025-05-20 02:47:20,15945,2120085504,31252480,0.0,0.09364885264199616,0,12,0.01,0.02,0.0,0.0,0.0,9904128,0,7,4,1,0,sleeping,139,59,0,126976,17743,7420
2025-05-20 02:47:21,15945,2120085504,31252480,0.0,0.09364885264199616,0,12,0.01,0.02,0.0,0.0,0.0,9904128,0,7,4,1,0,sleeping,139,59,0,126976,17743,7420
2025-05-20 02:47:22,15945,2120085504,31252480,0.0,0.09364885264199616,0,12,0.01,0.02,0.0,0.0,0.0,9904128,0,7,4,1,0,sleeping,139,59,0,126976,17743,7420
2025-05-20 02:47:23,15945,2120085504,31252480,0.0,0.09364885264199616,0,12,0.01,0.02,0.0,0.0,0.0,9904128,0,7,4,1,0,sleeping,139,59,0,126976,17743,7420
2025-05-20 02:47:25,15945,2120085504,31252480,0.0,0.09364885264199616,0,12,0.01,0.02,0.0,0.0,0.0,9904128,0,7,4,1,0,sleeping,139,59,0,126976,17743,7420
2025-05-20 02:47:26,15945,2120085504,31252480,0.0,0.09364885264199616,0,12,0.01,0.02,0.0,0.0,0.0,9904128,0,7,4,1,0,sleeping,139,59,0,126976,17743,7420
2025-05-20 02:47:27,15945,2120085504,31252480,0.0,0.09364885264199616,0,12,0.01,0.02,0.0,0.0,0.0,9904128,0,7,4,1,0,sleeping,139,59,0,126976,17743,7420
2025-05-20 02:47:28,15945,2120085504,31252480,0.0,0.09364885264199616,0,12,0.01,0.02,0.0,0.0,0.0,9904128,0,7,4,1,0,sleeping,139,59,0,126976,17743,7420
2025-05-20 02:47:29,15945,2120085504,31252480,0.0,0.09364885264199616,0,12,0.01,0.02,0.0,0.0,0.0,9904128,0,7,4,1,0,sleeping,139,59,0,126976,17743,7420
2025-05-20 02:47:30,15945,2120085504,31252480,0.0,0.09364885264199616,0,12,0.01,0.02,0.0,0.0,0.0,9904128,0,7,4,1,0,sleeping,139,59,0,126976,17743,7420
2025-05-20 02:47:31,15945,2120085504,31252480,0.0,0.09364885264199616,0,12,0.01,0.02,0.0,0.0,0.0,9904128,0,7,4,1,0,sleeping,139,59,0,126976,17743,7420
2025-05-20 02:47:32,15945,2120085504,31252480,0.0,0.09364885264199616,0,12,0.01,0.02,0.0,0.0,0.0,9904128,0,7,4,1,0,sleeping,139,59,0,126976,17743,7420
2025-05-20 02:47:33,15945,2120085504,31252480,0.0,0.09364885264199616,0,12,0.01,0.02,0.0,0.0,0.0,9904128,0,7,4,1,0,sleeping,139,59,0,126976,17743,7420
2025-05-20 02:47:34,15945,2120085504,31252480,0.0,0.09364885264199616,0,12,0.01,0.02,0.0,0.0,0.0,9904128,0,7,4,1,0,sleeping,139,59,0,126976,17743,7420
2025-05-20 02:47:35,15945,2120085504,31252480,0.0,0.09364885264199616,0,12,0.01,0.02,0.0,0.0,0.0,9904128,0,7,4,1,0,sleeping,139,59,0,126976,17743,7420
2025-05-20 02:47:36,15945,2120085504,31252480,0.0,0.09364885264199616,0,12,0.01,0.02,0.0,0.0,0.0,9904128,0,7,4,1,0,sleeping,139,59,0,126976,17743,7420
2025-05-20 02:47:37,15945,2120085504,31252480,0.0,0.09364885264199616,0,12,0.01,0.02,0.0,0.0,0.0,9904128,0,7,4,1,0,sleeping,139,59,0,126976,17743,7420
2025-05-20 02:47:38,15945,2120085504,31252480,0.0,0.09364885264199616,0,12,0.01,0.02,0.0,0.0,0.0,9904128,0,7,4,1,0,sleeping,139,59,0,126976,17743,7420
2025-05-20 02:47:39,15945,2120085504,31252480,0.0,0.09364885264199616,0,12,0.01,0.02,0.0,0.0,0.0,9904128,0,7,4,1,0,sleeping,139,59,0,126976,17743,7420
2025-05-20 02:47:41,15945,2120085504,31252480,0.0,0.09364885264199616,0,12,0.01,0.02,0.0,0.0,0.0,9904128,0,7,4,1,0,sleeping,139,59,0,126976,17743,7420
2025-05-20 02:47:42,15945,2120085504,31252480,0.0,0.09364885264199616,0,12,0.01,0.02,0.0,0.0,0.0,9904128,0,7,4,1,0,sleeping,139,59,0,126976,17743,7420
2025-05-20 02:47:43,15945,2120085504,31252480,0.0,0.09364885264199616,0,12,0.01,0.02,0.0,0.0,0.0,9904128,0,7,4,1,0,sleeping,139,59,0,126976,17743,7420
2025-05-20 02:47:44,15945,2120085504,31252480,0.0,0.09364885264199616,0,12,0.01,0.02,0.0,0.0,0.0,9904128,0,7,4,1,0,sleeping,139,59,0,126976,17743,7420
2025-05-20 02:47:45,15945,2120085504,31252480,0.0,0.09364885264199616,0,12,0.01,0.02,0.0,0.0,0.0,9904128,0,7,4,1,0,sleeping,139,59,0,126976,17743,7420
2025-05-20 02:47:46,15945,2120085504,31252480,0.0,0.09364885264199616,0,12,0.01,0.02,0.0,0.0,0.0,9904128,0,7,4,1,0,sleeping,139,59,0,126976,17743,7420
2025-05-20 02:47:47,15945,2120085504,31252480,0.0,0.09364885264199616,0,12,0.01,0.02,0.0,0.0,0.0,9904128,0,7,4,1,0,sleeping,139,59,0,126976,17743,7420
2025-05-20 02:47:48,15945,2120085504,31252480,0.0,0.09364885264199616,0,12,0.01,0.02,0.0,0.0,0.0,9904128,0,7,4,1,0,sleeping,139,59,0,126976,17743,7420
2025-05-20 02:47:49,15945,2120085504,31252480,0.0,0.09364885264199616,0,12,0.01,0.02,0.0,0.0,0.0,9904128,0,7,4,1,0,sleeping,139,59,0,126976,17743,7420
2025-05-20 02:47:50,15945,2120085504,31252480,0.0,0.09364885264199616,0,12,0.01,0.02,0.0,0.0,0.0,9904128,0,7,4,1,0,sleeping,141,60,0,131072,17833,7502
2025-05-20 02:47:51,15945,2120085504,31252480,0.0,0.09364885264199616,0,12,0.01,0.02,0.0,0.0,0.0,9904128,0,7,4,1,0,sleeping,141,60,0,131072,17833,7502
2025-05-20 02:47:52,15945,2120085504,31252480,0.0,0.09364885264199616,0,12,0.01,0.02,0.0,0.0,0.0,9904128,0,7,4,1,0,sleeping,141,60,0,131072,17833,7502
2025-05-20 02:47:53,15945,2120085504,31252480,0.0,0.09364885264199616,0,12,0.01,0.02,0.0,0.0,0.0,9904128,0,7,4,1,0,sleeping,141,60,0,131072,17833,7502
2025-05-20 02:47:54,15945,2120085504,31252480,0.0,0.09364885264199616,0,12,0.01,0.02,0.0,0.0,0.0,9904128,0,7,4,1,0,sleeping,141,60,0,131072,17833,7502
2025-05-20 02:47:55,15945,2120085504,31252480,0.0,0.09364885264199616,0,12,0.01,0.02,0.0,0.0,0.0,9904128,0,7,4,1,0,sleeping,141,60,0,131072,17833,7502
2025-05-20 02:47:56,15945,2120085504,31252480,0.0,0.09364885264199616,0,12,0.01,0.02,0.0,0.0,0.0,9904128,0,7,4,1,0,sleeping,141,60,0,131072,17833,7502
2025-05-20 02:47:57,15945,2120085504,31252480,0.0,0.09364885264199616,0,12,0.01,0.02,0.0,0.0,0.0,9904128,0,7,4,1,0,sleeping,141,60,0,131072,17833,7502
2025-05-20 02:47:59,15945,2120085504,31252480,0.0,0.09364885264199616,0,12,0.01,0.02,0.0,0.0,0.0,9904128,0,7,4,1,0,sleeping,141,60,0,131072,17833,7502
2025-05-20 02:48:00,15945,2120085504,31252480,0.0,0.09364885264199616,0,12,0.01,0.02,0.0,0.0,0.0,9904128,0,7,4,1,0,sleeping,141,60,0,131072,17833,7502
2025-05-20 02:48:01,15945,2120085504,31252480,0.0,0.09364885264199616,0,12,0.01,0.02,0.0,0.0,0.0,9904128,0,7,4,1,0,sleeping,141,60,0,131072,17833,7502
2025-05-20 02:48:02,15945,2120085504,31252480,0.0,0.09364885264199616,0,12,0.01,0.02,0.0,0.0,0.0,9904128,0,7,4,1,0,sleeping,141,60,0,131072,17833,7502
2025-05-20 02:48:03,15945,2120085504,31252480,0.0,0.09364885264199616,0,12,0.01,0.02,0.0,0.0,0.0,9904128,0,7,4,1,0,sleeping,141,60,0,131072,17833,7502
2025-05-20 02:48:04,15945,2120085504,31252480,0.0,0.09364885264199616,0,12,0.01,0.02,0.0,0.0,0.0,9904128,0,7,4,1,0,sleeping,141,60,0,131072,17833,7502
2025-05-20 02:48:05,15945,2120085504,31252480,0.0,0.09364885264199616,0,12,0.01,0.02,0.0,0.0,0.0,9904128,0,7,4,1,0,sleeping,141,60,0,131072,17833,7502
2025-05-20 02:48:06,15945,2120085504,31252480,0.0,0.09364885264199616,0,12,0.01,0.02,0.0,0.0,0.0,9904128,0,7,4,1,0,sleeping,141,60,0,131072,17833,7502
2025-05-20 02:48:07,15945,2120085504,31252480,0.0,0.09364885264199616,0,12,0.01,0.02,0.0,0.0,0.0,9904128,0,7,4,1,0,sleeping,141,60,0,131072,17833,7502
2025-05-20 02:48:08,15945,2120085504,31252480,0.0,0.09364885264199616,0,12,0.01,0.02,0.0,0.0,0.0,9904128,0,7,4,1,0,sleeping,141,60,0,131072,17833,7502
2025-05-20 02:48:09,15945,2120085504,31252480,0.0,0.09364885264199616,0,12,0.01,0.02,0.0,0.0,0.0,9904128,0,7,4,1,0,sleeping,141,60,0,131072,17833,7502
2025-05-20 02:48:10,15945,2120085504,31252480,0.0,0.09364885264199616,0,12,0.01,0.02,0.0,0.0,0.0,9904128,0,7,4,1,0,sleeping,141,60,0,131072,17833,7502
2025-05-20 02:48:11,15945,2120085504,31252480,0.0,0.09364885264199616,0,12,0.01,0.02,0.0,0.0,0.0,9904128,0,7,4,1,0,sleeping,141,60,0,131072,17833,7502
2025-05-20 02:48:12,15945,2120085504,31252480,0.0,0.09364885264199616,0,12,0.01,0.02,0.0,0.0,0.0,9904128,0,7,4,1,0,sleeping,141,60,0,131072,17833,7502
2025-05-20 02:48:13,15945,2120085504,31252480,0.0,0.09364885264199616,0,12,0.01,0.02,0.0,0.0,0.0,9904128,0,7,4,1,0,sleeping,141,60,0,131072,17833,7502
2025-05-20 02:48:14,15945,2120085504,31252480,0.0,0.09364885264199616,0,12,0.01,0.02,0.0,0.0,0.0,9904128,0,7,4,1,0,sleeping,141,60,0,131072,17833,7502
2025-05-20 02:48:16,15945,2120085504,31252480,0.0,0.09364885264199616,0,12,0.01,0.02,0.0,0.0,0.0,9904128,0,7,4,1,0,sleeping,141,60,0,131072,17833,7502
2025-05-20 02:48:17,15945,2120085504,31252480,0.0,0.09364885264199616,0,12,0.01,0.02,0.0,0.0,0.0,9904128,0,7,4,1,0,sleeping,141,60,0,131072,17833,7502
2025-05-20 02:48:18,15945,2120085504,31252480,0.0,0.09364885264199616,0,12,0.01,0.02,0.0,0.0,0.0,9904128,0,7,4,1,0,sleeping,141,60,0,131072,17833,7502
2025-05-20 02:48:19,15945,2120085504,31252480,0.0,0.09364885264199616,0,12,0.01,0.02,0.0,0.0,0.0,9904128,0,7,4,1,0,sleeping,141,60,0,131072,17833,7502
2025-05-20 02:48:20,15945,2120085504,31252480,0.0,0.09364885264199616,0,12,0.01,0.02,0.0,0.0,0.0,9904128,0,7,4,1,0,sleeping,141,60,0,131072,17833,7502
2025-05-20 02:48:21,15945,2120085504,31252480,0.0,0.09364885264199616,0,12,0.01,0.02,0.0,0.0,0.0,9904128,0,7,4,1,0,sleeping,141,60,0,131072,17833,7502
2025-05-20 02:48:22,15945,2120085504,31252480,0.0,0.09364885264199616,0,12,0.01,0.02,0.0,0.0,0.0,9904128,0,7,4,1,0,sleeping,141,60,0,131072,17833,7502
2025-05-20 02:48:23,15945,2120085504,31252480,0.0,0.09364885264199616,0,12,0.01,0.02,0.0,0.0,0.0,9904128,0,7,4,1,0,sleeping,141,60,0,131072,17833,7502
2025-05-20 02:48:24,15945,2120085504,31252480,0.0,0.09364885264199616,0,12,0.01,0.02,0.0,0.0,0.0,9904128,0,7,4,1,0,sleeping,141,60,0,131072,17833,7502
2025-05-20 02:48:25,15945,2120085504,31252480,0.0,0.09364885264199616,0,12,0.01,0.02,0.0,0.0,0.0,9904128,0,6,4,1,0,sleeping,143,61,0,135168,17923,7584
2025-05-20 02:48:26,15945,2120085504,31252480,0.0,0.09364885264199616,0,12,0.01,0.02,0.0,0.0,0.0,9904128,0,6,4,1,0,sleeping,143,61,0,135168,17923,7584
2025-05-20 02:48:27,15945,2120085504,31252480,0.0,0.09364885264199616,0,12,0.01,0.02,0.0,0.0,0.0,9904128,0,6,4,1,0,sleeping,143,61,0,135168,17923,7584
2025-05-20 02:48:28,15945,2120085504,31252480,0.0,0.09364885264199616,0,12,0.01,0.02,0.0,0.0,0.0,9904128,0,6,4,1,0,sleeping,143,61,0,135168,17923,7584
2025-05-20 02:48:29,15945,2120085504,31252480,0.0,0.09364885264199616,0,12,0.01,0.02,0.0,0.0,0.0,9904128,0,6,4,1,0,sleeping,143,61,0,135168,17923,7584
2025-05-20 02:48:30,15945,2120085504,31252480,0.0,0.09364885264199616,0,12,0.01,0.02,0.0,0.0,0.0,9904128,0,6,4,1,0,sleeping,143,61,0,135168,17923,7584
2025-05-20 02:48:31,15945,2120085504,31252480,0.0,0.09364885264199616,0,12,0.01,0.02,0.0,0.0,0.0,9904128,0,6,4,1,0,sleeping,143,61,0,135168,17923,7584
2025-05-20 02:48:33,15945,2120085504,31252480,0.0,0.09364885264199616,0,12,0.01,0.02,0.0,0.0,0.0,9904128,0,6,4,1,0,sleeping,143,61,0,135168,17923,7584
2025-05-20 02:48:34,15945,2120085504,31252480,0.0,0.09364885264199616,0,12,0.01,0.02,0.0,0.0,0.0,9904128,0,6,4,1,0,sleeping,143,61,0,135168,17923,7584
2025-05-20 02:48:35,15945,2120085504,31252480,0.0,0.09364885264199616,0,12,0.01,0.02,0.0,0.0,0.0,9904128,0,6,4,1,0,sleeping,143,61,0,135168,17923,7584
2025-05-20 02:48:36,15945,2120085504,31252480,0.0,0.09364885264199616,0,12,0.01,0.02,0.0,0.0,0.0,9904128,0,6,4,1,0,sleeping,143,61,0,135168,17923,7584
2025-05-20 02:48:37,15945,2120085504,31252480,0.0,0.09364885264199616,0,12,0.01,0.02,0.0,0.0,0.0,9904128,0,6,4,1,0,sleeping,143,61,0,135168,17923,7584
2025-05-20 02:48:38,15945,2120085504,31252480,0.0,0.09364885264199616,0,12,0.01,0.02,0.0,0.0,0.0,9904128,0,6,4,1,0,sleeping,143,61,0,135168,17923,7584
2025-05-20 02:48:39,15945,2120085504,31252480,0.0,0.09364885264199616,0,12,0.01,0.02,0.0,0.0,0.0,9904128,0,6,4,1,0,sleeping,143,61,0,135168,17923,7584
2025-05-20 02:48:40,15945,2120085504,31252480,0.0,0.09364885264199616,0,12,0.01,0.02,0.0,0.0,0.0,9904128,0,6,4,1,0,sleeping,143,61,0,135168,17923,7584
2025-05-20 02:48:41,15945,2120085504,31252480,0.0,0.09364885264199616,0,12,0.01,0.02,0.0,0.0,0.0,9904128,0,6,4,1,0,sleeping,143,61,0,135168,17923,7584
2025-05-20 02:48:42,15945,2120085504,31252480,0.0,0.09364885264199616,0,12,0.01,0.02,0.0,0.0,0.0,9904128,0,6,4,1,0,sleeping,143,61,0,135168,17923,7584
2025-05-20 02:48:43,15945,2120085504,31252480,0.0,0.09364885264199616,0,12,0.01,0.02,0.0,0.0,0.0,9904128,0,6,4,1,0,sleeping,143,61,0,135168,17923,7584
2025-05-20 02:48:44,15945,2120085504,31252480,0.0,0.09364885264199616,0,12,0.01,0.02,0.0,0.0,0.0,9904128,0,6,4,1,0,sleeping,143,61,0,135168,17923,7584
2025-05-20 02:48:45,15945,2120085504,31252480,0.0,0.09364885264199616,0,12,0.01,0.02,0.0,0.0,0.0,9904128,0,6,4,1,0,sleeping,143,61,0,135168,17923,7584
2025-05-20 02:48:46,15945,2120085504,31252480,0.0,0.09364885264199616,0,12,0.01,0.02,0.0,0.0,0.0,9904128,0,6,4,1,0,sleeping,143,61,0,135168,17923,7584
2025-05-20 02:48:47,15945,2120085504,31252480,0.0,0.09364885264199616,0,12,0.01,0.02,0.0,0.0,0.0,9904128,0,6,4,1,0,sleeping,143,61,0,135168,17923,7584
2025-05-20 02:48:48,15945,2120085504,31252480,0.0,0.09364885264199616,0,12,0.01,0.02,0.0,0.0,0.0,9904128,0,6,4,1,0,sleeping,143,61,0,135168,17923,7584
2025-05-20 02:48:50,15945,2120085504,31252480,0.0,0.09364885264199616,0,12,0.01,0.02,0.0,0.0,0.0,9904128,0,6,4,1,0,sleeping,143,61,0,135168,17923,7584
2025-05-20 02:48:51,15945,2120085504,31252480,0.0,0.09364885264199616,0,12,0.01,0.02,0.0,0.0,0.0,9904128,0,6,4,1,0,sleeping,143,61,0,135168,17923,7584
2025-05-20 02:48:52,15945,2120085504,31252480,0.0,0.09364885264199616,0,12,0.01,0.02,0.0,0.0,0.0,9904128,0,6,4,1,0,sleeping,143,61,0,135168,17923,7584
2025-05-20 02:48:53,15945,2120085504,31252480,0.0,0.09364885264199616,0,12,0.01,0.02,0.0,0.0,0.0,9904128,0,6,4,1,0,sleeping,143,61,0,135168,17923,7584
2025-05-20 02:48:54,15945,2120085504,31252480,0.0,0.09364885264199616,0,12,0.01,0.02,0.0,0.0,0.0,9904128,0,6,4,1,0,sleeping,143,61,0,135168,17923,7584
2025-05-20 02:48:55,15945,2120085504,31252480,0.0,0.09364885264199616,0,12,0.01,0.02,0.0,0.0,0.0,9904128,0,6,4,1,0,sleeping,143,61,0,135168,17923,7584
2025-05-20 02:48:56,15945,2120085504,31252480,0.0,0.09364885264199616,0,12,0.01,0.02,0.0,0.0,0.0,9904128,0,6,4,1,0,sleeping,143,61,0,135168,17923,7584
2025-05-20 02:48:57,15945,2120085504,31252480,0.0,0.09364885264199616,0,12,0.01,0.02,0.0,0.0,0.0,9904128,0,6,4,1,0,sleeping,143,61,0,135168,17923,7584
2025-05-20 02:48:58,15945,2120085504,31252480,0.0,0.09364885264199616,0,12,0.01,0.02,0.0,0.0,0.0,9904128,0,6,4,1,0,sleeping,143,61,0,135168,17923,7584
2025-05-20 02:48:59,15945,2120085504,31252480,0.0,0.09364885264199616,0,12,0.01,0.02,0.0,0.0,0.0,9904128,0,6,4,1,0,sleeping,143,61,0,135168,17923,7584
2025-05-20 02:49:00,15945,2120085504,31252480,0.0,0.09364885264199616,0,12,0.01,0.02,0.0,0.0,0.0,9904128,0,6,4,1,0,sleeping,143,61,0,135168,17923,7584
2025-05-20 02:49:01,15945,2120085504,31252480,0.0,0.09364885264199616,0,12,0.01,0.02,0.0,0.0,0.0,9904128,0,6,4,1,0,sleeping,145,62,0,139264,18013,7666
2025-05-20 02:49:02,15945,2120085504,31252480,0.0,0.09364885264199616,0,12,0.01,0.02,0.0,0.0,0.0,9904128,0,6,4,1,0,sleeping,145,62,0,139264,18013,7666
2025-05-20 02:49:03,15945,2120085504,31252480,0.0,0.09364885264199616,0,12,0.01,0.02,0.0,0.0,0.0,9904128,0,6,4,1,0,sleeping,145,62,0,139264,18013,7666
2025-05-20 02:49:04,15945,2120085504,31252480,0.0,0.09364885264199616,0,12,0.01,0.02,0.0,0.0,0.0,9904128,0,6,4,1,0,sleeping,145,62,0,139264,18013,7666
2025-05-20 02:49:05,15945,2120085504,31252480,0.0,0.09364885264199616,0,12,0.01,0.02,0.0,0.0,0.0,9904128,0,6,4,1,0,sleeping,145,62,0,139264,18013,7666
2025-05-20 02:49:07,15945,2120085504,31252480,0.0,0.09364885264199616,0,12,0.01,0.02,0.0,0.0,0.0,9904128,0,6,4,1,0,sleeping,145,62,0,139264,18013,7666
2025-05-20 02:49:08,15945,2120085504,31252480,0.0,0.09364885264199616,0,12,0.01,0.02,0.0,0.0,0.0,9904128,0,6,4,1,0,sleeping,145,62,0,139264,18013,7666
2025-05-20 02:49:09,15945,2120085504,31252480,0.0,0.09364885264199616,0,12,0.01,0.02,0.0,0.0,0.0,9904128,0,6,4,1,0,sleeping,145,62,0,139264,18013,7666
2025-05-20 02:49:10,15945,2120085504,31252480,0.0,0.09364885264199616,0,12,0.01,0.02,0.0,0.0,0.0,9904128,0,6,4,1,0,sleeping,145,62,0,139264,18013,7666
2025-05-20 02:49:11,15945,2120085504,31252480,0.0,0.09364885264199616,0,12,0.01,0.02,0.0,0.0,0.0,9904128,0,6,4,1,0,sleeping,145,62,0,139264,18013,7666
2025-05-20 02:49:12,15945,2120085504,31252480,0.0,0.09364885264199616,0,12,0.01,0.02,0.0,0.0,0.0,9904128,0,6,4,1,0,sleeping,145,62,0,139264,18013,7666
2025-05-20 02:49:13,15945,2120085504,31252480,0.0,0.09364885264199616,0,12,0.01,0.02,0.0,0.0,0.0,9904128,0,6,4,1,0,sleeping,145,62,0,139264,18013,7666
2025-05-20 02:49:14,15945,2120085504,31252480,0.0,0.09364885264199616,0,12,0.01,0.02,0.0,0.0,0.0,9904128,0,6,4,1,0,sleeping,145,62,0,139264,18013,7666
2025-05-20 02:49:15,15945,2120085504,31252480,0.0,0.09364885264199616,0,12,0.01,0.02,0.0,0.0,0.0,9904128,0,6,4,1,0,sleeping,145,62,0,139264,18013,7666
2025-05-20 02:49:16,15945,2120085504,31252480,0.0,0.09364885264199616,0,12,0.01,0.02,0.0,0.0,0.0,9904128,0,6,4,1,0,sleeping,145,62,0,139264,18013,7666
2025-05-20 02:49:17,15945,2120085504,31252480,0.0,0.09364885264199616,0,12,0.01,0.02,0.0,0.0,0.0,9904128,0,6,4,1,0,sleeping,145,62,0,139264,18013,7666
2025-05-20 02:49:18,15945,2120085504,31252480,0.0,0.09364885264199616,0,12,0.01,0.02,0.0,0.0,0.0,9904128,0,6,4,1,0,sleeping,145,62,0,139264,18013,7666
2025-05-20 02:49:19,15945,2120085504,31252480,0.0,0.09364885264199616,0,12,0.01,0.02,0.0,0.0,0.0,9904128,0,6,4,1,0,sleeping,145,62,0,139264,18013,7666
2025-05-20 02:49:20,15945,2120085504,31252480,0.0,0.09364885264199616,0,12,0.01,0.02,0.0,0.0,0.0,9904128,0,6,4,1,0,sleeping,145,62,0,139264,18013,7666
2025-05-20 02:49:21,15945,2120085504,31252480,0.0,0.09364885264199616,0,12,0.01,0.02,0.0,0.0,0.0,9904128,0,6,4,1,0,sleeping,145,62,0,139264,18013,7666
2025-05-20 02:49:22,15945,2120085504,31252480,0.0,0.09364885264199616,0,12,0.01,0.02,0.0,0.0,0.0,9904128,0,6,4,1,0,sleeping,145,62,0,139264,18013,7666
2025-05-20 02:49:23,15945,2120085504,31252480,0.0,0.09364885264199616,0,12,0.01,0.02,0.0,0.0,0.0,9904128,0,6,4,1,0,sleeping,145,62,0,139264,18013,7666
2025-05-20 02:49:25,15945,2120085504,31252480,0.0,0.09364885264199616,0,12,0.01,0.02,0.0,0.0,0.0,9904128,0,6,4,1,0,sleeping,145,62,0,139264,18013,7666
2025-05-20 02:49:26,15945,2120085504,31252480,0.0,0.09364885264199616,0,12,0.01,0.02,0.0,0.0,0.0,9904128,0,6,4,1,0,sleeping,145,62,0,139264,18013,7666
2025-05-20 02:49:27,15945,2120085504,31252480,0.0,0.09364885264199616,0,12,0.01,0.02,0.0,0.0,0.0,9904128,0,6,4,1,0,sleeping,145,62,0,139264,18013,7666
2025-05-20 02:49:28,15945,2120085504,31252480,0.0,0.09364885264199616,0,12,0.01,0.02,0.0,0.0,0.0,9904128,0,6,4,1,0,sleeping,145,62,0,139264,18013,7666
2025-05-20 02:49:29,15945,2120085504,31252480,0.0,0.09364885264199616,0,12,0.01,0.02,0.0,0.0,0.0,9904128,0,6,4,1,0,sleeping,145,62,0,139264,18013,7666
2025-05-20 02:49:30,15945,2120085504,31252480,0.0,0.09364885264199616,0,12,0.01,0.02,0.0,0.0,0.0,9904128,0,6,4,1,0,sleeping,145,62,0,139264,18013,7666
2025-05-20 02:49:31,15945,2120085504,31252480,0.0,0.09364885264199616,0,12,0.01,0.02,0.0,0.0,0.0,9904128,0,6,4,1,0,sleeping,145,62,0,139264,18013,7666
2025-05-20 02:49:32,15945,2120085504,31252480,0.0,0.09364885264199616,0,12,0.01,0.02,0.0,0.0,0.0,9904128,0,6,4,1,0,sleeping,145,62,0,139264,18013,7666
2025-05-20 02:49:33,15945,2120085504,31252480,0.0,0.09364885264199616,0,12,0.01,0.02,0.0,0.0,0.0,9904128,0,6,4,1,0,sleeping,145,62,0,139264,18013,7666
2025-05-20 02:49:34,15945,2120085504,31252480,0.0,0.09364885264199616,0,12,0.01,0.02,0.0,0.0,0.0,9904128,0,6,4,1,0,sleeping,145,62,0,139264,18013,7666
2025-05-20 02:49:35,15945,2120085504,31252480,0.0,0.09364885264199616,0,12,0.01,0.02,0.0,0.0,0.0,9904128,0,6,4,1,0,sleeping,145,62,0,139264,18013,7666
2025-05-20 02:49:36,15945,2120085504,31252480,0.0,0.09364885264199616,0,12,0.01,0.02,0.0,0.0,0.0,9904128,0,6,4,1,0,sleeping,147,63,0,143360,18103,7748
2025-05-20 02:49:37,15945,2120085504,31252480,0.0,0.09364885264199616,0,12,0.01,0.02,0.0,0.0,0.0,9904128,0,6,4,1,0,sleeping,147,63,0,143360,18103,7748
2025-05-20 02:49:38,15945,2120085504,31252480,0.0,0.09364885264199616,0,12,0.01,0.02,0.0,0.0,0.0,9904128,0,6,4,1,0,sleeping,147,63,0,143360,18103,7748
2025-05-20 02:49:39,15945,2120085504,31252480,0.0,0.09364885264199616,0,12,0.01,0.02,0.0,0.0,0.0,9904128,0,6,4,1,0,sleeping,147,63,0,143360,18103,7748
2025-05-20 02:49:40,15945,2120085504,31252480,0.0,0.09364885264199616,0,12,0.01,0.02,0.0,0.0,0.0,9904128,0,6,4,1,0,sleeping,147,63,0,143360,18103,7748
2025-05-20 02:49:42,15945,2120085504,31252480,0.0,0.09364885264199616,0,12,0.01,0.02,0.0,0.0,0.0,9904128,0,6,4,1,0,sleeping,147,63,0,143360,18103,7748
2025-05-20 02:49:43,15945,2120085504,31252480,0.0,0.09364885264199616,0,12,0.01,0.02,0.0,0.0,0.0,9904128,0,6,4,1,0,sleeping,147,63,0,143360,18103,7748
2025-05-20 02:49:44,15945,2120085504,31252480,0.0,0.09364885264199616,0,12,0.01,0.02,0.0,0.0,0.0,9904128,0,6,4,1,0,sleeping,147,63,0,143360,18103,7748
2025-05-20 02:49:45,15945,2120085504,31252480,0.0,0.09364885264199616,0,12,0.01,0.02,0.0,0.0,0.0,9904128,0,6,4,1,0,sleeping,147,63,0,143360,18103,7748
2025-05-20 02:49:46,15945,2120085504,31252480,0.0,0.09364885264199616,0,12,0.01,0.02,0.0,0.0,0.0,9904128,0,6,4,1,0,sleeping,147,63,0,143360,18103,7748
2025-05-20 02:49:47,15945,2120085504,31252480,0.0,0.09364885264199616,0,12,0.01,0.02,0.0,0.0,0.0,9904128,0,6,4,1,0,sleeping,147,63,0,143360,18103,7748
2025-05-20 02:49:48,15945,2120085504,31252480,0.0,0.09364885264199616,0,12,0.01,0.02,0.0,0.0,0.0,9904128,0,6,4,1,0,sleeping,147,63,0,143360,18103,7748
2025-05-20 02:49:49,15945,2120085504,31252480,0.0,0.09364885264199616,0,12,0.01,0.02,0.0,0.0,0.0,9904128,0,6,4,1,0,sleeping,147,63,0,143360,18103,7748
2025-05-20 02:49:50,15945,2120085504,31252480,0.0,0.09364885264199616,0,12,0.01,0.02,0.0,0.0,0.0,9904128,0,6,4,1,0,sleeping,147,63,0,143360,18103,7748
2025-05-20 02:49:51,15945,2120085504,31252480,0.0,0.09364885264199616,0,12,0.01,0.02,0.0,0.0,0.0,9904128,0,6,4,1,0,sleeping,147,63,0,143360,18103,7748
2025-05-20 02:49:52,15945,2120085504,31252480,0.0,0.09364885264199616,0,12,0.01,0.02,0.0,0.0,0.0,9904128,0,6,4,1,0,sleeping,147,63,0,143360,18103,7748
2025-05-20 02:49:53,15945,2120085504,31252480,0.0,0.09364885264199616,0,12,0.01,0.02,0.0,0.0,0.0,9904128,0,6,4,1,0,sleeping,147,63,0,143360,18103,7748
2025-05-20 02:49:54,15945,2120085504,31252480,0.0,0.09364885264199616,0,12,0.01,0.02,0.0,0.0,0.0,9904128,0,6,4,1,0,sleeping,147,63,0,143360,18103,7748
2025-05-20 02:49:55,15945,2120085504,31252480,0.0,0.09364885264199616,0,12,0.01,0.02,0.0,0.0,0.0,9904128,0,6,4,1,0,sleeping,147,63,0,143360,18103,7748
2025-05-20 02:49:56,15945,2120085504,31252480,0.0,0.09364885264199616,0,12,0.01,0.02,0.0,0.0,0.0,9904128,0,6,4,1,0,sleeping,147,63,0,143360,18103,7748
2025-05-20 02:49:57,15945,2120085504,31252480,0.0,0.09364885264199616,0,12,0.01,0.02,0.0,0.0,0.0,9904128,0,6,4,1,0,sleeping,147,63,0,143360,18103,7748
2025-05-20 02:49:59,15945,2120085504,31252480,0.0,0.09364885264199616,0,12,0.01,0.02,0.0,0.0,0.0,9904128,0,6,4,1,0,sleeping,147,63,0,143360,18103,7748
2025-05-20 02:50:00,15945,2120085504,31252480,0.0,0.09364885264199616,0,12,0.01,0.02,0.0,0.0,0.0,9904128,0,6,4,1,0,sleeping,147,63,0,143360,18103,7748
2025-05-20 02:50:01,15945,2120085504,31252480,0.0,0.09364885264199616,0,12,0.01,0.02,0.0,0.0,0.0,9904128,0,6,4,1,0,sleeping,147,63,0,143360,18103,7748
2025-05-20 02:50:02,15945,2120085504,31252480,0.0,0.09364885264199616,0,12,0.01,0.02,0.0,0.0,0.0,9904128,0,6,4,1,0,sleeping,147,63,0,143360,18103,7748
2025-05-20 02:50:03,15945,2120085504,31252480,0.0,0.09364885264199616,0,12,0.01,0.02,0.0,0.0,0.0,9904128,0,6,4,1,0,sleeping,147,63,0,143360,18103,7748
2025-05-20 02:50:04,15945,2120085504,31252480,0.0,0.09364885264199616,0,12,0.01,0.02,0.0,0.0,0.0,9904128,0,6,4,1,0,sleeping,147,63,0,143360,18103,7748
2025-05-20 02:50:05,15945,2120085504,31252480,0.0,0.09364885264199616,0,12,0.01,0.02,0.0,0.0,0.0,9904128,0,6,4,1,0,sleeping,147,63,0,143360,18103,7748
2025-05-20 02:50:06,15945,2120085504,31252480,0.0,0.09364885264199616,0,12,0.01,0.02,0.0,0.0,0.0,9904128,0,6,4,1,0,sleeping,147,63,0,143360,18103,7748
2025-05-20 02:50:07,15945,2120085504,31252480,0.0,0.09364885264199616,0,12,0.01,0.02,0.0,0.0,0.0,9904128,0,6,4,1,0,sleeping,147,63,0,143360,18103,7748
2025-05-20 02:50:08,15945,2120085504,31252480,0.0,0.09364885264199616,0,12,0.01,0.02,0.0,0.0,0.0,9904128,0,6,4,1,0,sleeping,147,63,0,143360,18103,7748
2025-05-20 02:50:09,15945,2120085504,31252480,0.0,0.09364885264199616,0,12,0.01,0.02,0.0,0.0,0.0,9904128,0,6,4,1,0,sleeping,147,63,0,143360,18103,7748
2025-05-20 02:50:10,15945,2120085504,31252480,0.0,0.09364885264199616,0,12,0.01,0.02,0.0,0.0,0.0,9904128,0,6,4,1,0,sleeping,147,63,0,143360,18103,7748
2025-05-20 02:50:11,15945,2120085504,31252480,0.0,0.09364885264199616,0,12,0.01,0.02,0.0,0.0,0.0,9904128,0,6,4,1,0,sleeping,149,64,0,147456,18193,7830
2025-05-20 02:50:12,15945,2120085504,31252480,0.0,0.09364885264199616,0,12,0.01,0.02,0.0,0.0,0.0,9904128,0,6,4,1,0,sleeping,149,64,0,147456,18193,7830
2025-05-20 02:50:13,15945,2120085504,31252480,0.0,0.09364885264199616,0,12,0.01,0.02,0.0,0.0,0.0,9904128,0,6,4,1,0,sleeping,149,64,0,147456,18193,7830
2025-05-20 02:50:14,15945,2120085504,31252480,0.0,0.09364885264199616,0,12,0.01,0.02,0.0,0.0,0.0,9904128,0,6,4,1,0,sleeping,149,64,0,147456,18193,7830
2025-05-20 02:50:16,15945,2120085504,31252480,0.0,0.09364885264199616,0,12,0.01,0.02,0.0,0.0,0.0,9904128,0,6,4,1,0,sleeping,149,64,0,147456,18193,7830
2025-05-20 02:50:17,15945,2120085504,31252480,0.0,0.09364885264199616,0,12,0.01,0.02,0.0,0.0,0.0,9904128,0,6,4,1,0,sleeping,149,64,0,147456,18193,7830
2025-05-20 02:50:18,15945,2120085504,31252480,0.0,0.09364885264199616,0,12,0.01,0.02,0.0,0.0,0.0,9904128,0,6,4,1,0,sleeping,149,64,0,147456,18193,7830
2025-05-20 02:50:19,15945,2120085504,31252480,0.0,0.09364885264199616,0,12,0.01,0.02,0.0,0.0,0.0,9904128,0,6,4,1,0,sleeping,149,64,0,147456,18193,7830
2025-05-20 02:50:20,15945,2120085504,31252480,0.0,0.09364885264199616,0,12,0.01,0.02,0.0,0.0,0.0,9904128,0,6,4,1,0,sleeping,149,64,0,147456,18193,7830
2025-05-20 02:50:21,15945,2120085504,31252480,0.0,0.09364885264199616,0,12,0.01,0.02,0.0,0.0,0.0,9904128,0,6,4,1,0,sleeping,149,64,0,147456,18193,7830
2025-05-20 02:50:22,15945,2120085504,31252480,0.0,0.09364885264199616,0,12,0.01,0.02,0.0,0.0,0.0,9904128,0,6,4,1,0,sleeping,149,64,0,147456,18193,7830
2025-05-20 02:50:23,15945,2120085504,31252480,0.0,0.09364885264199616,0,12,0.01,0.02,0.0,0.0,0.0,9904128,0,6,4,1,0,sleeping,149,64,0,147456,18193,7830
2025-05-20 02:50:24,15945,2120085504,31252480,0.0,0.09364885264199616,0,12,0.01,0.02,0.0,0.0,0.0,9904128,0,6,4,1,0,sleeping,149,64,0,147456,18193,7830
2025-05-20 02:50:25,15945,2120085504,31252480,0.0,0.09364885264199616,0,12,0.01,0.02,0.0,0.0,0.0,9904128,0,6,4,1,0,sleeping,149,64,0,147456,18193,7830
2025-05-20 02:50:26,15945,2120085504,31252480,0.0,0.09364885264199616,0,12,0.01,0.02,0.0,0.0,0.0,9904128,0,6,4,1,0,sleeping,149,64,0,147456,18193,7830
2025-05-20 02:50:27,15945,2120085504,31252480,0.0,0.09364885264199616,0,12,0.01,0.02,0.0,0.0,0.0,9904128,0,6,4,1,0,sleeping,149,64,0,147456,18193,7830
2025-05-20 02:50:29,15945,2120085504,31252480,0.0,0.09364885264199616,0,12,0.01,0.02,0.0,0.0,0.0,9904128,0,6,4,1,0,sleeping,149,64,0,147456,18193,7830
2025-05-20 02:50:30,15945,2120085504,31252480,0.0,0.09364885264199616,0,12,0.01,0.02,0.0,0.0,0.0,9904128,0,6,4,1,0,sleeping,149,64,0,147456,18193,7830
2025-05-20 02:50:31,15945,2120085504,31252480,0.0,0.09364885264199616,0,12,0.01,0.02,0.0,0.0,0.0,9904128,0,6,4,1,0,sleeping,149,64,0,147456,18193,7830
2025-05-20 02:50:32,15945,2120085504,31252480,0.0,0.09364885264199616,0,12,0.01,0.02,0.0,0.0,0.0,9904128,0,6,4,1,0,sleeping,149,64,0,147456,18193,7830
2025-05-20 02:50:33,15945,2120085504,31252480,0.0,0.09364885264199616,0,12,0.01,0.02,0.0,0.0,0.0,9904128,0,6,4,1,0,sleeping,149,64,0,147456,18193,7830
2025-05-20 02:50:34,15945,2120085504,31252480,0.0,0.09364885264199616,0,12,0.01,0.02,0.0,0.0,0.0,9904128,0,6,4,1,0,sleeping,149,64,0,147456,18193,7830
2025-05-20 02:50:35,15945,2120085504,31252480,0.0,0.09364885264199616,0,12,0.01,0.02,0.0,0.0,0.0,9904128,0,6,4,1,0,sleeping,149,64,0,147456,18193,7830
2025-05-20 02:50:36,15945,2120085504,31252480,0.0,0.09364885264199616,0,12,0.01,0.02,0.0,0.0,0.0,9904128,0,6,4,1,0,sleeping,149,64,0,147456,18193,7830
2025-05-20 02:50:37,15945,2120085504,31252480,0.0,0.09364885264199616,0,12,0.01,0.02,0.0,0.0,0.0,9904128,0,6,4,1,0,sleeping,149,64,0,147456,18193,7830
2025-05-20 02:50:38,15945,2120085504,31252480,0.0,0.09364885264199616,0,12,0.01,0.02,0.0,0.0,0.0,9904128,0,6,4,1,0,sleeping,149,64,0,147456,18193,7830
2025-05-20 02:50:39,15945,2120085504,31252480,0.0,0.09364885264199616,0,12,0.01,0.02,0.0,0.0,0.0,9904128,0,6,4,1,0,sleeping,149,64,0,147456,18193,7830
2025-05-20 02:50:40,15945,2120085504,31252480,0.0,0.09364885264199616,0,12,0.01,0.02,0.0,0.0,0.0,9904128,0,6,4,1,0,sleeping,149,64,0,147456,18193,7830
2025-05-20 02:50:41,15945,2120085504,31252480,0.0,0.09364885264199616,0,12,0.01,0.02,0.0,0.0,0.0,9904128,0,6,4,1,0,sleeping,149,64,0,147456,18193,7830
2025-05-20 02:50:42,15945,2120085504,31252480,0.0,0.09364885264199616,0,12,0.01,0.02,0.0,0.0,0.0,9904128,0,6,4,1,0,sleeping,149,64,0,147456,18193,7830
2025-05-20 02:50:44,15945,2120085504,31252480,0.0,0.09364885264199616,0,12,0.01,0.02,0.0,0.0,0.0,9904128,0,6,4,1,0,sleeping,149,64,0,147456,18193,7830
2025-05-20 02:50:45,15945,2120085504,31252480,0.0,0.09364885264199616,0,12,0.01,0.02,0.0,0.0,0.0,9904128,0,6,4,1,0,sleeping,149,64,0,147456,18193,7830
2025-05-20 02:50:46,15945,2120085504,31252480,0.0,0.09364885264199616,0,12,0.01,0.02,0.0,0.0,0.0,9904128,0,6,4,1,0,sleeping,149,64,0,147456,18193,7830
2025-05-20 02:50:47,15945,2120085504,31252480,0.0,0.09364885264199616,0,12,0.01,0.02,0.0,0.0,0.0,9904128,0,6,4,1,0,sleeping,149,64,0,147456,18193,7830
2025-05-20 02:50:48,15945,2120085504,31252480,0.0,0.09364885264199616,0,12,0.01,0.02,0.0,0.0,0.0,9904128,0,6,4,1,0,sleeping,149,64,0,147456,18193,7830
2025-05-20 02:50:49,15945,2120085504,31252480,0.0,0.09364885264199616,0,12,0.01,0.02,0.0,0.0,0.0,9904128,0,6,4,1,0,sleeping,151,65,0,151552,18283,7912
2025-05-20 02:50:50,15945,2120085504,31252480,0.0,0.09364885264199616,0,12,0.01,0.02,0.0,0.0,0.0,9904128,0,6,4,1,0,sleeping,151,65,0,151552,18283,7912
2025-05-20 02:50:51,15945,2120085504,31252480,0.0,0.09364885264199616,0,12,0.01,0.02,0.0,0.0,0.0,9904128,0,6,4,1,0,sleeping,151,65,0,151552,18283,7912
2025-05-20 02:50:52,15945,2120085504,31252480,0.0,0.09364885264199616,0,12,0.01,0.02,0.0,0.0,0.0,9904128,0,6,4,1,0,sleeping,151,65,0,151552,18283,7912
2025-05-20 02:50:53,15945,2120085504,31252480,0.0,0.09364885264199616,0,12,0.01,0.02,0.0,0.0,0.0,9904128,0,6,4,1,0,sleeping,151,65,0,151552,18283,7912
2025-05-20 02:50:54,15945,2120085504,31252480,0.0,0.09364885264199616,0,12,0.01,0.02,0.0,0.0,0.0,9904128,0,6,4,1,0,sleeping,151,65,0,151552,18283,7912
2025-05-20 02:50:55,15945,2120085504,31252480,0.0,0.09364885264199616,0,12,0.01,0.02,0.0,0.0,0.0,9904128,0,6,4,1,0,sleeping,151,65,0,151552,18283,7912
2025-05-20 02:50:56,15945,2120085504,31252480,0.0,0.09364885264199616,0,12,0.01,0.02,0.0,0.0,0.0,9904128,0,6,4,1,0,sleeping,151,65,0,151552,18283,7912
2025-05-20 02:50:57,15945,2120085504,31252480,0.0,0.09364885264199616,0,12,0.01,0.02,0.0,0.0,0.0,9904128,0,6,4,1,0,sleeping,151,65,0,151552,18283,7912
2025-05-20 02:50:58,15945,2120085504,31252480,0.0,0.09364885264199616,0,12,0.01,0.02,0.0,0.0,0.0,9904128,0,6,4,1,0,sleeping,151,65,0,151552,18283,7912
2025-05-20 02:50:59,15945,2120085504,31252480,0.0,0.09364885264199616,0,12,0.01,0.02,0.0,0.0,0.0,9904128,0,6,4,1,0,sleeping,151,65,0,151552,18283,7912
2025-05-20 02:51:01,15945,2120085504,31252480,0.0,0.09364885264199616,0,12,0.01,0.02,0.0,0.0,0.0,9904128,0,6,4,1,0,sleeping,151,65,0,151552,18283,7912
2025-05-20 02:51:02,15945,2120085504,31252480,0.0,0.09364885264199616,0,12,0.01,0.02,0.0,0.0,0.0,9904128,0,6,4,1,0,sleeping,151,65,0,151552,18283,7912
2025-05-20 02:51:03,15945,2120085504,31252480,0.0,0.09364885264199616,0,12,0.01,0.02,0.0,0.0,0.0,9904128,0,6,4,1,0,sleeping,151,65,0,151552,18283,7912
2025-05-20 02:51:04,15945,2120085504,31252480,0.0,0.09364885264199616,0,12,0.01,0.02,0.0,0.0,0.0,9904128,0,6,4,1,0,sleeping,151,65,0,151552,18283,7912
2025-05-20 02:51:05,15945,2120085504,31252480,0.0,0.09364885264199616,0,12,0.01,0.02,0.0,0.0,0.0,9904128,0,6,4,1,0,sleeping,151,65,0,151552,18283,7912
2025-05-20 02:51:06,15945,2120085504,31252480,0.0,0.09364885264199616,0,12,0.01,0.02,0.0,0.0,0.0,9904128,0,6,4,1,0,sleeping,151,65,0,151552,18283,7912
2025-05-20 02:51:07,15945,2120085504,31252480,0.0,0.09364885264199616,0,12,0.01,0.02,0.0,0.0,0.0,9904128,0,6,4,1,0,sleeping,151,65,0,151552,18283,7912
2025-05-20 02:51:08,15945,2120085504,31252480,0.0,0.09364885264199616,0,12,0.01,0.02,0.0,0.0,0.0,9904128,0,6,4,1,0,sleeping,151,65,0,151552,18283,7912
2025-05-20 02:51:09,15945,2120085504,31252480,0.0,0.09364885264199616,0,12,0.01,0.02,0.0,0.0,0.0,9904128,0,6,4,1,0,sleeping,151,65,0,151552,18283,7912
2025-05-20 02:51:10,15945,2120085504,31252480,0.0,0.09364885264199616,0,12,0.01,0.02,0.0,0.0,0.0,9904128,0,6,4,1,0,sleeping,151,65,0,151552,18283,7912
2025-05-20 02:51:11,15945,2120085504,31252480,0.0,0.09364885264199616,0,12,0.01,0.02,0.0,0.0,0.0,9904128,0,6,4,1,0,sleeping,151,65,0,151552,18283,7912
2025-05-20 02:51:12,15945,2120085504,31252480,0.0,0.09364885264199616,0,12,0.01,0.02,0.0,0.0,0.0,9904128,0,6,4,1,0,sleeping,151,65,0,151552,18283,7912
2025-05-20 02:51:13,15945,2120085504,31252480,0.0,0.09364885264199616,0,12,0.01,0.02,0.0,0.0,0.0,9904128,0,6,4,1,0,sleeping,151,65,0,151552,18283,7912
2025-05-20 02:51:14,15945,2120085504,31252480,0.0,0.09364885264199616,0,12,0.01,0.02,0.0,0.0,0.0,9904128,0,6,4,1,0,sleeping,151,65,0,151552,18283,7912
2025-05-20 02:51:15,15945,2120085504,31252480,0.0,0.09364885264199616,0,12,0.01,0.02,0.0,0.0,0.0,9904128,0,6,4,1,0,sleeping,151,65,0,151552,18283,7912
2025-05-20 02:51:16,15945,2120085504,31252480,0.0,0.09364885264199616,0,12,0.01,0.02,0.0,0.0,0.0,9904128,0,6,4,1,0,sleeping,151,65,0,151552,18283,7912
2025-05-20 02:51:18,15945,2120085504,31252480,0.0,0.09364885264199616,0,12,0.01,0.02,0.0,0.0,0.0,9904128,0,6,4,1,0,sleeping,151,65,0,151552,18283,7912
2025-05-20 02:51:19,15945,2120085504,31252480,0.0,0.09364885264199616,0,12,0.01,0.02,0.0,0.0,0.0,9904128,0,6,4,1,0,sleeping,151,65,0,151552,18283,7912
2025-05-20 02:51:20,15945,2120085504,31252480,0.0,0.09364885264199616,0,12,0.01,0.02,0.0,0.0,0.0,9904128,0,6,4,1,0,sleeping,151,65,0,151552,18283,7912
2025-05-20 02:51:21,15945,2120085504,31252480,0.0,0.09364885264199616,0,12,0.01,0.02,0.0,0.0,0.0,9904128,0,6,4,1,0,sleeping,151,65,0,151552,18283,7912
2025-05-20 02:51:22,15945,2120085504,31252480,0.0,0.09364885264199616,0,12,0.01,0.02,0.0,0.0,0.0,9904128,0,6,4,1,0,sleeping,151,65,0,151552,18283,7912
2025-05-20 02:51:23,15945,2120085504,31252480,0.0,0.09364885264199616,0,12,0.01,0.02,0.0,0.0,0.0,9904128,0,6,4,1,0,sleeping,151,65,0,151552,18283,7912
2025-05-20 02:51:24,15945,2120085504,31252480,0.0,0.09364885264199616,0,12,0.01,0.02,0.0,0.0,0.0,9904128,0,6,4,1,0,sleeping,151,65,0,151552,18283,7912
2025-05-20 02:51:25,15945,2120085504,31252480,0.9,0.09364885264199616,0,12,0.02,0.02,0.0,0.0,0.0,9904128,0,7,4,1,0,sleeping,153,66,0,155648,18373,7994
2025-05-20 02:51:26,15945,2120085504,31252480,0.0,0.09364885264199616,0,12,0.02,0.02,0.0,0.0,0.0,9904128,0,7,4,1,0,sleeping,153,66,0,155648,18373,7994
2025-05-20 02:51:27,15945,2120085504,31252480,0.0,0.09364885264199616,0,12,0.02,0.02,0.0,0.0,0.0,9904128,0,7,4,1,0,sleeping,153,66,0,155648,18373,7994
2025-05-20 02:51:28,15945,2120085504,31252480,0.0,0.09364885264199616,0,12,0.02,0.02,0.0,0.0,0.0,9904128,0,7,4,1,0,sleeping,153,66,0,155648,18373,7994
2025-05-20 02:51:29,15945,2120085504,31252480,0.0,0.09364885264199616,0,12,0.02,0.02,0.0,0.0,0.0,9904128,0,7,4,1,0,sleeping,153,66,0,155648,18373,7994
2025-05-20 02:51:30,15945,2120085504,31252480,0.0,0.09364885264199616,0,12,0.02,0.02,0.0,0.0,0.0,9904128,0,7,4,1,0,sleeping,153,66,0,155648,18373,7994
2025-05-20 02:51:31,15945,2120085504,31252480,0.0,0.09364885264199616,0,12,0.02,0.02,0.0,0.0,0.0,9904128,0,7,4,1,0,sleeping,153,66,0,155648,18373,7994
2025-05-20 02:51:32,15945,2120085504,31252480,0.0,0.09364885264199616,0,12,0.02,0.02,0.0,0.0,0.0,9904128,0,7,4,1,0,sleeping,153,66,0,155648,18373,7994
2025-05-20 02:51:33,15945,2120085504,31252480,0.0,0.09364885264199616,0,12,0.02,0.02,0.0,0.0,0.0,9904128,0,7,4,1,0,sleeping,153,66,0,155648,18373,7994
2025-05-20 02:51:35,15945,2120085504,31252480,0.0,0.09364885264199616,0,12,0.02,0.02,0.0,0.0,0.0,9904128,0,7,4,1,0,sleeping,153,66,0,155648,18373,7994
2025-05-20 02:51:36,15945,2120085504,31252480,0.0,0.09364885264199616,0,12,0.02,0.02,0.0,0.0,0.0,9904128,0,7,4,1,0,sleeping,153,66,0,155648,18373,7994
2025-05-20 02:51:37,15945,2120085504,31252480,0.0,0.09364885264199616,0,12,0.02,0.02,0.0,0.0,0.0,9904128,0,7,4,1,0,sleeping,153,66,0,155648,18373,7994
2025-05-20 02:51:38,15945,2120085504,31252480,0.0,0.09364885264199616,0,12,0.02,0.02,0.0,0.0,0.0,9904128,0,7,4,1,0,sleeping,153,66,0,155648,18373,7994
2025-05-20 02:51:39,15945,2120085504,31252480,0.0,0.09364885264199616,0,12,0.02,0.02,0.0,0.0,0.0,9904128,0,7,4,1,0,sleeping,153,66,0,155648,18373,7994
2025-05-20 02:51:40,15945,2120085504,31252480,0.0,0.09364885264199616,0,12,0.02,0.02,0.0,0.0,0.0,9904128,0,7,4,1,0,sleeping,153,66,0,155648,18373,7994
2025-05-20 02:51:41,15945,2120085504,31252480,0.0,0.09364885264199616,0,12,0.02,0.02,0.0,0.0,0.0,9904128,0,7,4,1,0,sleeping,153,66,0,155648,18373,7994
2025-05-20 02:51:42,15945,2120085504,31252480,0.0,0.09364885264199616,0,12,0.02,0.02,0.0,0.0,0.0,9904128,0,7,4,1,0,sleeping,153,66,0,155648,18373,7994
2025-05-20 02:51:43,15945,2120085504,31252480,0.0,0.09364885264199616,0,12,0.02,0.02,0.0,0.0,0.0,9904128,0,7,4,1,0,sleeping,153,66,0,155648,18373,7994
2025-05-20 02:51:44,15945,2120085504,31252480,0.0,0.09364885264199616,0,12,0.02,0.02,0.0,0.0,0.0,9904128,0,7,4,1,0,sleeping,153,66,0,155648,18373,7994
2025-05-20 02:51:45,15945,2120085504,31252480,0.0,0.09364885264199616,0,12,0.02,0.02,0.0,0.0,0.0,9904128,0,7,4,1,0,sleeping,153,66,0,155648,18373,7994
2025-05-20 02:51:46,15945,2120085504,31252480,0.0,0.09364885264199616,0,12,0.02,0.02,0.0,0.0,0.0,9904128,0,7,4,1,0,sleeping,153,66,0,155648,18373,7994
2025-05-20 02:51:47,15945,2120085504,31252480,0.0,0.09364885264199616,0,12,0.02,0.02,0.0,0.0,0.0,9904128,0,7,4,1,0,sleeping,153,66,0,155648,18373,7994
2025-05-20 02:51:49,15945,2120085504,31252480,0.0,0.09364885264199616,0,12,0.02,0.02,0.0,0.0,0.0,9904128,0,7,4,1,0,sleeping,153,66,0,155648,18373,7994
2025-05-20 02:51:50,15945,2120085504,31252480,0.0,0.09364885264199616,0,12,0.02,0.02,0.0,0.0,0.0,9904128,0,7,4,1,0,sleeping,153,66,0,155648,18373,7994
2025-05-20 02:51:51,15945,2120085504,31252480,0.0,0.09364885264199616,0,12,0.02,0.02,0.0,0.0,0.0,9904128,0,7,4,1,0,sleeping,153,66,0,155648,18373,7994
2025-05-20 02:51:52,15945,2120085504,31252480,0.0,0.09364885264199616,0,12,0.02,0.02,0.0,0.0,0.0,9904128,0,7,4,1,0,sleeping,153,66,0,155648,18373,7994
2025-05-20 02:51:53,15945,2120085504,31252480,0.0,0.09364885264199616,0,12,0.02,0.02,0.0,0.0,0.0,9904128,0,7,4,1,0,sleeping,153,66,0,155648,18373,7994
2025-05-20 02:51:54,15945,2120085504,31252480,0.0,0.09364885264199616,0,12,0.02,0.02,0.0,0.0,0.0,9904128,0,7,4,1,0,sleeping,153,66,0,155648,18373,7994
2025-05-20 02:51:55,15945,2120085504,31252480,0.0,0.09364885264199616,0,12,0.02,0.02,0.0,0.0,0.0,9904128,0,7,4,1,0,sleeping,153,66,0,155648,18373,7994
2025-05-20 02:51:56,15945,2120085504,31252480,0.0,0.09364885264199616,0,12,0.02,0.02,0.0,0.0,0.0,9904128,0,7,4,1,0,sleeping,153,66,0,155648,18373,7994
2025-05-20 02:51:57,15945,2120085504,31252480,0.0,0.09364885264199616,0,12,0.02,0.02,0.0,0.0,0.0,9904128,0,7,4,1,0,sleeping,153,66,0,155648,18373,7994
2025-05-20 02:51:58,15945,2120085504,31252480,0.0,0.09364885264199616,0,12,0.02,0.02,0.0,0.0,0.0,9904128,0,7,4,1,0,sleeping,153,66,0,155648,18373,7994
2025-05-20 02:51:59,15945,2120085504,31252480,0.0,0.09364885264199616,0,12,0.02,0.02,0.0,0.0,0.0,9904128,0,7,4,1,0,sleeping,153,66,0,155648,18373,7994
2025-05-20 02:52:00,15945,2120085504,31252480,0.0,0.09364885264199616,0,12,0.02,0.02,0.0,0.0,0.0,9904128,0,7,4,1,0,sleeping,153,66,0,155648,18373,7994
2025-05-20 02:52:01,15945,2120085504,31252480,0.0,0.09364885264199616,0,12,0.02,0.02,0.0,0.0,0.0,9904128,0,7,4,1,0,sleeping,153,66,0,155648,18373,7994
2025-05-20 02:52:02,15945,2120085504,31252480,0.0,0.09364885264199616,0,12,0.02,0.02,0.0,0.0,0.0,9904128,0,7,4,1,0,sleeping,155,67,0,159744,18463,8076
2025-05-20 02:52:03,15945,2120085504,31252480,0.0,0.09364885264199616,0,12,0.02,0.02,0.0,0.0,0.0,9904128,0,7,4,1,0,sleeping,155,67,0,159744,18463,8076
2025-05-20 02:52:04,15945,2120085504,31252480,0.0,0.09364885264199616,0,12,0.02,0.02,0.0,0.0,0.0,9904128,0,7,4,1,0,sleeping,155,67,0,159744,18463,8076
2025-05-20 02:52:05,15945,2120085504,31252480,0.0,0.09364885264199616,0,12,0.02,0.02,0.0,0.0,0.0,9904128,0,7,4,1,0,sleeping,155,67,0,159744,18463,8076
2025-05-20 02:52:07,15945,2120085504,31252480,0.0,0.09364885264199616,0,12,0.02,0.02,0.0,0.0,0.0,9904128,0,7,4,1,0,sleeping,155,67,0,159744,18463,8076
2025-05-20 02:52:08,15945,2120085504,31252480,0.0,0.09364885264199616,0,12,0.02,0.02,0.0,0.0,0.0,9904128,0,7,4,1,0,sleeping,155,67,0,159744,18463,8076
2025-05-20 02:52:09,15945,2120085504,31252480,0.0,0.09364885264199616,0,12,0.02,0.02,0.0,0.0,0.0,9904128,0,7,4,1,0,sleeping,155,67,0,159744,18463,8076
2025-05-20 02:52:10,15945,2120085504,31252480,0.0,0.09364885264199616,0,12,0.02,0.02,0.0,0.0,0.0,9904128,0,7,4,1,0,sleeping,155,67,0,159744,18463,8076
2025-05-20 02:52:11,15945,2120085504,31252480,0.0,0.09364885264199616,0,12,0.02,0.02,0.0,0.0,0.0,9904128,0,7,4,1,0,sleeping,155,67,0,159744,18463,8076
2025-05-20 02:52:12,15945,2120085504,31252480,0.0,0.09364885264199616,0,12,0.02,0.02,0.0,0.0,0.0,9904128,0,7,4,1,0,sleeping,155,67,0,159744,18463,8076
2025-05-20 02:52:13,15945,2120085504,31252480,0.0,0.09364885264199616,0,12,0.02,0.02,0.0,0.0,0.0,9904128,0,7,4,1,0,sleeping,155,67,0,159744,18463,8076
2025-05-20 02:52:14,15945,2120085504,31252480,0.0,0.09364885264199616,0,12,0.02,0.02,0.0,0.0,0.0,9904128,0,7,4,1,0,sleeping,155,67,0,159744,18463,8076
2025-05-20 02:52:15,15945,2120085504,31252480,0.0,0.09364885264199616,0,12,0.02,0.02,0.0,0.0,0.0,9904128,0,7,4,1,0,sleeping,155,67,0,159744,18463,8076
2025-05-20 02:52:16,15945,2120085504,31252480,0.0,0.09364885264199616,0,12,0.02,0.02,0.0,0.0,0.0,9904128,0,7,4,1,0,sleeping,155,67,0,159744,18463,8076
2025-05-20 02:52:17,15945,2120085504,31252480,0.0,0.09364885264199616,0,12,0.02,0.02,0.0,0.0,0.0,9904128,0,7,4,1,0,sleeping,155,67,0,159744,18463,8076
2025-05-20 02:52:18,15945,2120085504,31252480,0.0,0.09364885264199616,0,12,0.02,0.02,0.0,0.0,0.0,9904128,0,7,4,1,0,sleeping,155,67,0,159744,18463,8076
2025-05-20 02:52:19,15945,2120085504,31252480,0.0,0.09364885264199616,0,12,0.02,0.02,0.0,0.0,0.0,9904128,0,7,4,1,0,sleeping,155,67,0,159744,18463,8076
2025-05-20 02:52:20,15945,2120085504,31252480,0.0,0.09364885264199616,0,12,0.02,0.02,0.0,0.0,0.0,9904128,0,7,4,1,0,sleeping,155,67,0,159744,18463,8076
2025-05-20 02:52:21,15945,2120085504,31252480,0.0,0.09364885264199616,0,12,0.02,0.02,0.0,0.0,0.0,9904128,0,7,4,1,0,sleeping,155,67,0,159744,18463,8076
2025-05-20 02:52:23,15945,2120085504,31252480,0.0,0.09364885264199616,0,12,0.02,0.02,0.0,0.0,0.0,9904128,0,7,4,1,0,sleeping,155,67,0,159744,18463,8076
2025-05-20 02:52:24,15945,2120085504,31252480,0.0,0.09364885264199616,0,12,0.02,0.02,0.0,0.0,0.0,9904128,0,7,4,1,0,sleeping,155,67,0,159744,18463,8076
2025-05-20 02:52:25,15945,2120085504,31252480,0.0,0.09364885264199616,0,12,0.02,0.02,0.0,0.0,0.0,9904128,0,7,4,1,0,sleeping,155,67,0,159744,18463,8076
2025-05-20 02:52:26,15945,2120085504,31252480,0.0,0.09364885264199616,0,12,0.02,0.02,0.0,0.0,0.0,9904128,0,7,4,1,0,sleeping,155,67,0,159744,18463,8076
2025-05-20 02:52:27,15945,2120085504,31252480,0.0,0.09364885264199616,0,12,0.02,0.02,0.0,0.0,0.0,9904128,0,7,4,1,0,sleeping,155,67,0,159744,18463,8076
2025-05-20 02:52:28,15945,2120085504,31252480,0.0,0.09364885264199616,0,12,0.02,0.02,0.0,0.0,0.0,9904128,0,7,4,1,0,sleeping,155,67,0,159744,18463,8076
2025-05-20 02:52:29,15945,2120085504,31252480,0.0,0.09364885264199616,0,12,0.02,0.02,0.0,0.0,0.0,9904128,0,7,4,1,0,sleeping,155,67,0,159744,18463,8076
2025-05-20 02:52:30,15945,2120085504,31252480,0.0,0.09364885264199616,0,12,0.02,0.02,0.0,0.0,0.0,9904128,0,7,4,1,0,sleeping,155,67,0,159744,18463,8076
2025-05-20 02:52:31,15945,2120085504,31252480,0.0,0.09364885264199616,0,12,0.02,0.02,0.0,0.0,0.0,9904128,0,7,4,1,0,sleeping,155,67,0,159744,18463,8076
2025-05-20 02:52:32,15945,2120085504,31252480,0.0,0.09364885264199616,0,12,0.02,0.02,0.0,0.0,0.0,9904128,0,7,4,1,0,sleeping,155,67,0,159744,18463,8076
2025-05-20 02:52:33,15945,2120085504,31252480,0.0,0.09364885264199616,0,12,0.02,0.02,0.0,0.0,0.0,9904128,0,7,4,1,0,sleeping,155,67,0,159744,18463,8076
2025-05-20 02:52:34,15945,2120085504,31252480,0.0,0.09364885264199616,0,12,0.02,0.02,0.0,0.0,0.0,9904128,0,7,4,1,0,sleeping,155,67,0,159744,18463,8076
2025-05-20 02:52:35,15945,2120085504,31252480,0.0,0.09364885264199616,0,12,0.02,0.02,0.0,0.0,0.0,9904128,0,7,4,1,0,sleeping,155,67,0,159744,18463,8076
2025-05-20 02:52:36,15945,2120085504,31252480,0.0,0.09364885264199616,0,12,0.02,0.02,0.0,0.0,0.0,9904128,0,7,4,1,0,sleeping,155,67,0,159744,18463,8076
2025-05-20 02:52:37,15945,2120085504,31252480,0.0,0.09364885264199616,0,12,0.02,0.02,0.0,0.0,0.0,9904128,0,7,4,1,0,sleeping,155,67,0,159744,18463,8076
2025-05-20 02:52:38,15945,2120085504,31252480,0.0,0.09364885264199616,0,12,0.02,0.02,0.0,0.0,0.0,9904128,0,7,4,1,0,sleeping,155,67,0,159744,18463,8076
2025-05-20 02:52:40,15945,2120085504,31252480,0.0,0.09364885264199616,0,12,0.02,0.02,0.0,0.0,0.0,9904128,0,7,4,1,0,sleeping,157,68,0,163840,18553,8158
2025-05-20 02:52:41,15945,2120085504,31252480,0.0,0.09364885264199616,0,12,0.02,0.02,0.0,0.0,0.0,9904128,0,7,4,1,0,sleeping,157,68,0,163840,18553,8158
2025-05-20 02:52:42,15945,2120085504,31252480,0.0,0.09364885264199616,0,12,0.02,0.02,0.0,0.0,0.0,9904128,0,7,4,1,0,sleeping,157,68,0,163840,18553,8158
2025-05-20 02:52:43,15945,2120085504,31252480,0.0,0.09364885264199616,0,12,0.02,0.02,0.0,0.0,0.0,9904128,0,7,4,1,0,sleeping,157,68,0,163840,18553,8158
2025-05-20 02:52:44,15945,2120085504,31252480,0.0,0.09364885264199616,0,12,0.02,0.02,0.0,0.0,0.0,9904128,0,7,4,1,0,sleeping,157,68,0,163840,18553,8158
2025-05-20 02:52:45,15945,2120085504,31252480,0.0,0.09364885264199616,0,12,0.02,0.02,0.0,0.0,0.0,9904128,0,7,4,1,0,sleeping,157,68,0,163840,18553,8158
2025-05-20 02:52:46,15945,2120085504,31252480,0.0,0.09364885264199616,0,12,0.02,0.02,0.0,0.0,0.0,9904128,0,7,4,1,0,sleeping,157,68,0,163840,18553,8158
2025-05-20 02:52:47,15945,2120085504,31252480,0.0,0.09364885264199616,0,12,0.02,0.02,0.0,0.0,0.0,9904128,0,7,4,1,0,sleeping,157,68,0,163840,18553,8158
2025-05-20 02:52:48,15945,2120085504,31252480,0.0,0.09364885264199616,0,12,0.02,0.02,0.0,0.0,0.0,9904128,0,7,4,1,0,sleeping,157,68,0,163840,18553,8158
2025-05-20 02:52:49,15945,2120085504,31252480,0.0,0.09364885264199616,0,12,0.02,0.02,0.0,0.0,0.0,9904128,0,7,4,1,0,sleeping,157,68,0,163840,18553,8158
2025-05-20 02:52:50,15945,2120085504,31252480,0.0,0.09364885264199616,0,12,0.02,0.02,0.0,0.0,0.0,9904128,0,7,4,1,0,sleeping,157,68,0,163840,18553,8158
2025-05-20 02:52:51,15945,2120085504,31252480,0.0,0.09364885264199616,0,12,0.02,0.02,0.0,0.0,0.0,9904128,0,7,4,1,0,sleeping,157,68,0,163840,18553,8158
2025-05-20 02:52:52,15945,2120085504,31252480,0.0,0.09364885264199616,0,12,0.02,0.02,0.0,0.0,0.0,9904128,0,7,4,1,0,sleeping,157,68,0,163840,18553,8158
2025-05-20 02:52:53,15945,2120085504,31252480,0.0,0.09364885264199616,0,12,0.02,0.02,0.0,0.0,0.0,9904128,0,7,4,1,0,sleeping,157,68,0,163840,18553,8158
2025-05-20 02:52:55,15945,2120085504,31252480,0.0,0.09364885264199616,0,12,0.02,0.02,0.0,0.0,0.0,9904128,0,7,4,1,0,sleeping,157,68,0,163840,18553,8158
2025-05-20 02:52:56,15945,2120085504,31252480,0.0,0.09364885264199616,0,12,0.02,0.02,0.0,0.0,0.0,9904128,0,7,4,1,0,sleeping,157,68,0,163840,18553,8158
2025-05-20 02:52:57,15945,2120085504,31252480,0.0,0.09364885264199616,0,12,0.02,0.02,0.0,0.0,0.0,9904128,0,7,4,1,0,sleeping,157,68,0,163840,18553,8158
2025-05-20 02:52:58,15945,2120085504,31252480,0.0,0.09364885264199616,0,12,0.02,0.02,0.0,0.0,0.0,9904128,0,7,4,1,0,sleeping,157,68,0,163840,18553,8158
2025-05-20 02:52:59,15945,2120085504,31252480,0.0,0.09364885264199616,0,12,0.02,0.02,0.0,0.0,0.0,9904128,0,7,4,1,0,sleeping,157,68,0,163840,18553,8158
2025-05-20 02:53:00,15945,2120085504,31252480,0.0,0.09364885264199616,0,12,0.02,0.02,0.0,0.0,0.0,9904128,0,7,4,1,0,sleeping,157,68,0,163840,18553,8158
2025-05-20 02:53:01,15945,2120085504,31252480,0.0,0.09364885264199616,0,12,0.02,0.02,0.0,0.0,0.0,9904128,0,7,4,1,0,sleeping,157,68,0,163840,18553,8158
2025-05-20 02:53:02,15945,2120085504,31252480,0.0,0.09364885264199616,0,12,0.02,0.02,0.0,0.0,0.0,9904128,0,7,4,1,0,sleeping,157,68,0,163840,18553,8158
2025-05-20 02:53:03,15945,2120085504,31252480,0.0,0.09364885264199616,0,12,0.02,0.02,0.0,0.0,0.0,9904128,0,7,4,1,0,sleeping,157,68,0,163840,18553,8158
2025-05-20 02:53:04,15945,2120085504,31252480,0.0,0.09364885264199616,0,12,0.02,0.02,0.0,0.0,0.0,9904128,0,7,4,1,0,sleeping,157,68,0,163840,18553,8158
2025-05-20 02:53:05,15945,2120085504,31252480,0.0,0.09364885264199616,0,12,0.02,0.02,0.0,0.0,0.0,9904128,0,7,4,1,0,sleeping,157,68,0,163840,18553,8158
2025-05-20 02:53:06,15945,2120085504,31252480,0.0,0.09364885264199616,0,12,0.02,0.02,0.0,0.0,0.0,9904128,0,7,4,1,0,sleeping,157,68,0,163840,18553,8158
2025-05-20 02:53:07,15945,2120085504,31252480,0.0,0.09364885264199616,0,12,0.02,0.02,0.0,0.0,0.0,9904128,0,7,4,1,0,sleeping,157,68,0,163840,18553,8158
2025-05-20 02:53:08,15945,2120085504,31252480,0.0,0.09364885264199616,0,12,0.02,0.02,0.0,0.0,0.0,9904128,0,7,4,1,0,sleeping,157,68,0,163840,18553,8158
2025-05-20 02:53:09,15945,2120085504,31252480,0.0,0.09364885264199616,0,12,0.02,0.02,0.0,0.0,0.0,9904128,0,7,4,1,0,sleeping,157,68,0,163840,18553,8158
2025-05-20 02:53:10,15945,2120085504,31252480,0.0,0.09364885264199616,0,12,0.02,0.02,0.0,0.0,0.0,9904128,0,7,4,1,0,sleeping,157,68,0,163840,18553,8158
2025-05-20 02:53:12,15945,2120085504,31252480,0.0,0.09364885264199616,0,12,0.02,0.02,0.0,0.0,0.0,9904128,0,7,4,1,0,sleeping,157,68,0,163840,18553,8158
2025-05-20 02:53:13,15945,2120085504,31252480,0.0,0.09364885264199616,0,12,0.02,0.02,0.0,0.0,0.0,9904128,0,7,4,1,0,sleeping,157,68,0,163840,18553,8158
2025-05-20 02:53:14,15945,2120085504,31252480,0.0,0.09364885264199616,0,12,0.02,0.02,0.0,0.0,0.0,9904128,0,7,4,1,0,sleeping,157,68,0,163840,18553,8158
2025-05-20 02:53:15,15945,2120085504,31252480,0.0,0.09364885264199616,0,12,0.02,0.02,0.0,0.0,0.0,9904128,0,7,4,1,0,sleeping,157,68,0,163840,18553,8158
2025-05-20 02:53:16,15945,2120085504,31252480,0.0,0.09364885264199616,0,12,0.02,0.02,0.0,0.0,0.0,9904128,0,7,4,1,0,sleeping,157,68,0,163840,18553,8158
2025-05-20 02:53:17,15945,2120085504,31252480,0.0,0.09364885264199616,0,12,0.02,0.02,0.0,0.0,0.0,9904128,0,7,4,1,0,sleeping,157,68,0,163840,18553,8158
2025-05-20 02:53:18,15945,2120085504,31252480,0.0,0.09364885264199616,0,12,0.02,0.02,0.0,0.0,0.0,9904128,0,7,4,1,0,sleeping,159,69,0,167936,18643,8240
2025-05-20 02:53:19,15945,2120085504,31252480,0.0,0.09364885264199616,0,12,0.02,0.02,0.0,0.0,0.0,9904128,0,7,4,1,0,sleeping,159,69,0,167936,18643,8240
2025-05-20 02:53:20,15945,2120085504,31252480,0.0,0.09364885264199616,0,12,0.02,0.02,0.0,0.0,0.0,9904128,0,7,4,1,0,sleeping,159,69,0,167936,18643,8240
2025-05-20 02:53:21,15945,2120085504,31252480,0.0,0.09364885264199616,0,12,0.02,0.02,0.0,0.0,0.0,9904128,0,7,4,1,0,sleeping,159,69,0,167936,18643,8240
2025-05-20 02:53:22,15945,2120085504,31252480,0.0,0.09364885264199616,0,12,0.02,0.02,0.0,0.0,0.0,9904128,0,7,4,1,0,sleeping,159,69,0,167936,18643,8240
2025-05-20 02:53:23,15945,2120085504,31252480,0.0,0.09364885264199616,0,12,0.02,0.02,0.0,0.0,0.0,9904128,0,7,4,1,0,sleeping,159,69,0,167936,18643,8240
2025-05-20 02:53:24,15945,2120085504,31252480,0.0,0.09364885264199616,0,12,0.02,0.02,0.0,0.0,0.0,9904128,0,7,4,1,0,sleeping,159,69,0,167936,18643,8240
2025-05-20 02:53:25,15945,2120085504,31252480,0.0,0.09364885264199616,0,12,0.02,0.02,0.0,0.0,0.0,9904128,0,7,4,1,0,sleeping,159,69,0,167936,18643,8240
2025-05-20 02:53:26,15945,2120085504,31252480,0.0,0.09364885264199616,0,12,0.02,0.02,0.0,0.0,0.0,9904128,0,7,4,1,0,sleeping,159,69,0,167936,18643,8240
2025-05-20 02:53:28,15945,2120085504,31252480,0.0,0.09364885264199616,0,12,0.02,0.02,0.0,0.0,0.0,9904128,0,7,4,1,0,sleeping,159,69,0,167936,18643,8240
2025-05-20 02:53:29,15945,2120085504,31252480,0.0,0.09364885264199616,0,12,0.02,0.02,0.0,0.0,0.0,9904128,0,7,4,1,0,sleeping,159,69,0,167936,18643,8240
2025-05-20 02:53:30,15945,2120085504,31252480,0.0,0.09364885264199616,0,12,0.02,0.02,0.0,0.0,0.0,9904128,0,7,4,1,0,sleeping,159,69,0,167936,18643,8240
2025-05-20 02:53:31,15945,2120085504,31252480,0.0,0.09364885264199616,0,12,0.02,0.02,0.0,0.0,0.0,9904128,0,7,4,1,0,sleeping,159,69,0,167936,18643,8240
2025-05-20 02:53:32,15945,2120085504,31252480,0.0,0.09364885264199616,0,12,0.02,0.02,0.0,0.0,0.0,9904128,0,7,4,1,0,sleeping,159,69,0,167936,18643,8240
2025-05-20 02:53:33,15945,2120085504,31252480,0.0,0.09364885264199616,0,12,0.02,0.02,0.0,0.0,0.0,9904128,0,7,4,1,0,sleeping,159,69,0,167936,18643,8240
2025-05-20 02:53:34,15945,2120085504,31252480,0.0,0.09364885264199616,0,12,0.02,0.02,0.0,0.0,0.0,9904128,0,7,4,1,0,sleeping,159,69,0,167936,18643,8240
2025-05-20 02:53:35,15945,2120085504,31252480,0.0,0.09364885264199616,0,12,0.02,0.02,0.0,0.0,0.0,9904128,0,7,4,1,0,sleeping,159,69,0,167936,18643,8240
2025-05-20 02:53:36,15945,2120085504,31252480,0.0,0.09364885264199616,0,12,0.02,0.02,0.0,0.0,0.0,9904128,0,7,4,1,0,sleeping,159,69,0,167936,18643,8240
2025-05-20 02:53:37,15945,2120085504,31252480,0.0,0.09364885264199616,0,12,0.02,0.02,0.0,0.0,0.0,9904128,0,7,4,1,0,sleeping,159,69,0,167936,18643,8240
2025-05-20 02:53:38,15945,2120085504,31252480,0.0,0.09364885264199616,0,12,0.02,0.02,0.0,0.0,0.0,9904128,0,7,4,1,0,sleeping,159,69,0,167936,18643,8240
2025-05-20 02:53:39,15945,2120085504,31252480,0.0,0.09364885264199616,0,12,0.02,0.02,0.0,0.0,0.0,9904128,0,7,4,1,0,sleeping,159,69,0,167936,18643,8240
2025-05-20 02:53:40,15945,2120085504,31252480,0.0,0.09364885264199616,0,12,0.02,0.02,0.0,0.0,0.0,9904128,0,7,4,1,0,sleeping,159,69,0,167936,18643,8240
2025-05-20 02:53:41,15945,2120085504,31252480,0.0,0.09364885264199616,0,12,0.02,0.02,0.0,0.0,0.0,9904128,0,7,4,1,0,sleeping,159,69,0,167936,18643,8240
2025-05-20 02:53:43,15945,2120085504,31252480,0.0,0.09364885264199616,0,12,0.02,0.02,0.0,0.0,0.0,9904128,0,7,4,1,0,sleeping,159,69,0,167936,18643,8240
2025-05-20 02:53:44,15945,2120085504,31252480,0.0,0.09364885264199616,0,12,0.02,0.02,0.0,0.0,0.0,9904128,0,7,4,1,0,sleeping,159,69,0,167936,18643,8240
2025-05-20 02:53:45,15945,2120085504,31252480,0.0,0.09364885264199616,0,12,0.02,0.02,0.0,0.0,0.0,9904128,0,7,4,1,0,sleeping,159,69,0,167936,18643,8240
2025-05-20 02:53:46,15945,2120085504,31252480,0.0,0.09364885264199616,0,12,0.02,0.02,0.0,0.0,0.0,9904128,0,7,4,1,0,sleeping,159,69,0,167936,18643,8240
2025-05-20 02:53:47,15945,2120085504,31252480,0.0,0.09364885264199616,0,12,0.02,0.02,0.0,0.0,0.0,9904128,0,7,4,1,0,sleeping,159,69,0,167936,18643,8240
2025-05-20 02:53:48,15945,2120085504,31252480,0.0,0.09364885264199616,0,12,0.02,0.02,0.0,0.0,0.0,9904128,0,7,4,1,0,sleeping,159,69,0,167936,18643,8240
2025-05-20 02:53:49,15945,2120085504,31252480,0.0,0.09364885264199616,0,12,0.02,0.02,0.0,0.0,0.0,9904128,0,7,4,1,0,sleeping,159,69,0,167936,18643,8240
2025-05-20 02:53:50,15945,2120085504,31252480,0.0,0.09364885264199616,0,12,0.02,0.02,0.0,0.0,0.0,9904128,0,7,4,1,0,sleeping,159,69,0,167936,18643,8240
2025-05-20 02:53:51,15945,2120085504,31252480,0.0,0.09364885264199616,0,12,0.02,0.02,0.0,0.0,0.0,9904128,0,7,4,1,0,sleeping,159,69,0,167936,18643,8240
2025-05-20 02:53:52,15945,2120085504,31252480,0.0,0.09364885264199616,0,12,0.02,0.02,0.0,0.0,0.0,9904128,0,7,4,1,0,sleeping,159,69,0,167936,18643,8240
2025-05-20 02:53:53,15945,2120085504,31252480,0.0,0.09364885264199616,0,12,0.02,0.02,0.0,0.0,0.0,9904128,0,7,4,1,0,sleeping,159,69,0,167936,18643,8240
2025-05-20 02:53:54,15945,2120085504,31252480,0.0,0.09364885264199616,0,12,0.02,0.02,0.0,0.0,0.0,9904128,0,7,4,1,0,sleeping,159,69,0,167936,18643,8240
2025-05-20 02:53:55,15945,2120085504,31252480,0.0,0.09364885264199616,0,12,0.02,0.02,0.0,0.0,0.0,9904128,0,7,4,1,0,sleeping,159,69,0,167936,18643,8240
2025-05-20 02:53:56,15945,2120085504,31252480,0.0,0.09364885264199616,0,12,0.02,0.02,0.0,0.0,0.0,9904128,0,8,4,1,0,sleeping,161,70,0,172032,18733,8322
2025-05-20 02:53:57,15945,2120085504,31252480,0.0,0.09364885264199616,0,12,0.02,0.02,0.0,0.0,0.0,9904128,0,8,4,1,0,sleeping,161,70,0,172032,18733,8322
2025-05-20 02:53:58,15945,2120085504,31252480,0.0,0.09364885264199616,0,12,0.02,0.02,0.0,0.0,0.0,9904128,0,8,4,1,0,sleeping,161,70,0,172032,18733,8322
2025-05-20 02:54:00,15945,2120085504,31252480,0.0,0.09364885264199616,0,12,0.02,0.02,0.0,0.0,0.0,9904128,0,8,4,1,0,sleeping,161,70,0,172032,18733,8322
2025-05-20 02:54:01,15945,2120085504,31252480,0.0,0.09364885264199616,0,12,0.02,0.02,0.0,0.0,0.0,9904128,0,8,4,1,0,sleeping,161,70,0,172032,18733,8322
2025-05-20 02:54:02,15945,2120085504,31252480,0.0,0.09364885264199616,0,12,0.02,0.02,0.0,0.0,0.0,9904128,0,8,4,1,0,sleeping,161,70,0,172032,18733,8322
2025-05-20 02:54:03,15945,2120085504,31252480,0.0,0.09364885264199616,0,12,0.02,0.02,0.0,0.0,0.0,9904128,0,8,4,1,0,sleeping,161,70,0,172032,18733,8322
2025-05-20 02:54:04,15945,2120085504,31252480,0.0,0.09364885264199616,0,12,0.02,0.02,0.0,0.0,0.0,9904128,0,8,4,1,0,sleeping,161,70,0,172032,18733,8322
2025-05-20 02:54:05,15945,2120085504,31252480,0.0,0.09364885264199616,0,12,0.02,0.02,0.0,0.0,0.0,9904128,0,8,4,1,0,sleeping,161,70,0,172032,18733,8322
2025-05-20 02:54:06,15945,2120085504,31252480,0.0,0.09364885264199616,0,12,0.02,0.02,0.0,0.0,0.0,9904128,0,8,4,1,0,sleeping,161,70,0,172032,18733,8322
2025-05-20 02:54:07,15945,2120085504,31252480,0.0,0.09364885264199616,0,12,0.02,0.02,0.0,0.0,0.0,9904128,0,8,4,1,0,sleeping,161,70,0,172032,18733,8322
2025-05-20 02:54:08,15945,2120085504,31252480,0.0,0.09364885264199616,0,12,0.02,0.02,0.0,0.0,0.0,9904128,0,8,4,1,0,sleeping,161,70,0,172032,18733,8322
2025-05-20 02:54:09,15945,2120085504,31252480,0.0,0.09364885264199616,0,12,0.02,0.02,0.0,0.0,0.0,9904128,0,8,4,1,0,sleeping,161,70,0,172032,18733,8322
2025-05-20 02:54:10,15945,2120085504,31252480,0.0,0.09364885264199616,0,12,0.02,0.02,0.0,0.0,0.0,9904128,0,8,4,1,0,sleeping,161,70,0,172032,18733,8322
2025-05-20 02:54:11,15945,2120085504,31252480,0.0,0.09364885264199616,0,12,0.02,0.02,0.0,0.0,0.0,9904128,0,8,4,1,0,sleeping,161,70,0,172032,18733,8322
2025-05-20 02:54:12,15945,2120085504,31252480,0.0,0.09364885264199616,0,12,0.02,0.02,0.0,0.0,0.0,9904128,0,8,4,1,0,sleeping,161,70,0,172032,18733,8322
2025-05-20 02:54:13,15945,2120085504,31252480,0.0,0.09364885264199616,0,12,0.02,0.02,0.0,0.0,0.0,9904128,0,8,4,1,0,sleeping,161,70,0,172032,18733,8322
2025-05-20 02:54:14,15945,2120085504,31252480,0.0,0.09364885264199616,0,12,0.02,0.02,0.0,0.0,0.0,9904128,0,8,4,1,0,sleeping,161,70,0,172032,18733,8322
2025-05-20 02:54:15,15945,2120085504,31252480,0.0,0.09364885264199616,0,12,0.02,0.02,0.0,0.0,0.0,9904128,0,8,4,1,0,sleeping,161,70,0,172032,18733,8322
2025-05-20 02:54:17,15945,2120085504,31252480,0.0,0.09364885264199616,0,12,0.02,0.02,0.0,0.0,0.0,9904128,0,8,4,1,0,sleeping,161,70,0,172032,18733,8322
2025-05-20 02:54:18,15945,2120085504,31252480,0.0,0.09364885264199616,0,12,0.02,0.02,0.0,0.0,0.0,9904128,0,8,4,1,0,sleeping,161,70,0,172032,18733,8322
2025-05-20 02:54:19,15945,2120085504,31252480,0.0,0.09364885264199616,0,12,0.02,0.02,0.0,0.0,0.0,9904128,0,8,4,1,0,sleeping,161,70,0,172032,18733,8322
2025-05-20 02:54:20,15945,2120085504,31252480,0.0,0.09364885264199616,0,12,0.02,0.02,0.0,0.0,0.0,9904128,0,8,4,1,0,sleeping,161,70,0,172032,18733,8322
2025-05-20 02:54:21,15945,2120085504,31252480,0.0,0.09364885264199616,0,12,0.02,0.02,0.0,0.0,0.0,9904128,0,8,4,1,0,sleeping,161,70,0,172032,18733,8322
2025-05-20 02:54:22,15945,2120085504,31252480,0.0,0.09364885264199616,0,12,0.02,0.02,0.0,0.0,0.0,9904128,0,8,4,1,0,sleeping,161,70,0,172032,18733,8322
2025-05-20 02:54:23,15945,2120085504,31252480,0.0,0.09364885264199616,0,12,0.02,0.02,0.0,0.0,0.0,9904128,0,8,4,1,0,sleeping,161,70,0,172032,18733,8322
2025-05-20 02:54:24,15945,2120085504,31252480,0.0,0.09364885264199616,0,12,0.02,0.02,0.0,0.0,0.0,9904128,0,8,4,1,0,sleeping,161,70,0,172032,18733,8322
2025-05-20 02:54:25,15945,2120085504,31252480,0.0,0.09364885264199616,0,12,0.02,0.02,0.0,0.0,0.0,9904128,0,8,4,1,0,sleeping,161,70,0,172032,18733,8322
2025-05-20 02:54:26,15945,2120085504,31252480,0.0,0.09364885264199616,0,12,0.02,0.02,0.0,0.0,0.0,9904128,0,8,4,1,0,sleeping,161,70,0,172032,18733,8322
2025-05-20 02:54:27,15945,2120085504,31252480,0.0,0.09364885264199616,0,12,0.02,0.02,0.0,0.0,0.0,9904128,0,8,4,1,0,sleeping,161,70,0,172032,18733,8322
2025-05-20 02:54:28,15945,2120085504,31252480,0.0,0.09364885264199616,0,12,0.02,0.02,0.0,0.0,0.0,9904128,0,8,4,1,0,sleeping,161,70,0,172032,18733,8322
2025-05-20 02:54:29,15945,2120085504,31252480,0.0,0.09364885264199616,0,12,0.02,0.02,0.0,0.0,0.0,9904128,0,8,4,1,0,sleeping,161,70,0,172032,18733,8322
2025-05-20 02:54:30,15945,2120085504,31252480,0.0,0.09364885264199616,0,12,0.02,0.02,0.0,0.0,0.0,9904128,0,8,4,1,0,sleeping,161,70,0,172032,18733,8322
2025-05-20 02:54:31,15945,2120085504,31252480,0.0,0.09364885264199616,0,12,0.02,0.02,0.0,0.0,0.0,9904128,0,8,4,1,0,sleeping,161,70,0,172032,18733,8322
2025-05-20 02:54:32,15945,2120085504,31252480,0.0,0.09364885264199616,0,12,0.02,0.02,0.0,0.0,0.0,9904128,0,8,4,1,0,sleeping,163,71,0,176128,18823,8404
2025-05-20 02:54:34,15945,2120085504,31252480,0.0,0.09364885264199616,0,12,0.02,0.02,0.0,0.0,0.0,9904128,0,8,4,1,0,sleeping,163,71,0,176128,18823,8404
2025-05-20 02:54:35,15945,2120085504,31252480,0.0,0.09364885264199616,0,12,0.02,0.02,0.0,0.0,0.0,9904128,0,8,4,1,0,sleeping,163,71,0,176128,18823,8404
2025-05-20 02:54:36,15945,2120085504,31252480,0.0,0.09364885264199616,0,12,0.02,0.02,0.0,0.0,0.0,9904128,0,8,4,1,0,sleeping,163,71,0,176128,18823,8404
2025-05-20 02:54:37,15945,2120085504,31252480,0.0,0.09364885264199616,0,12,0.02,0.02,0.0,0.0,0.0,9904128,0,8,4,1,0,sleeping,163,71,0,176128,18823,8404
2025-05-20 02:54:38,15945,2120085504,31252480,0.0,0.09364885264199616,0,12,0.02,0.02,0.0,0.0,0.0,9904128,0,8,4,1,0,sleeping,163,71,0,176128,18823,8404
2025-05-20 02:54:39,15945,2120085504,31252480,0.0,0.09364885264199616,0,12,0.02,0.02,0.0,0.0,0.0,9904128,0,8,4,1,0,sleeping,163,71,0,176128,18823,8404
2025-05-20 02:54:40,15945,2120085504,31252480,0.0,0.09364885264199616,0,12,0.02,0.02,0.0,0.0,0.0,9904128,0,8,4,1,0,sleeping,163,71,0,176128,18823,8404
2025-05-20 02:54:41,15945,2120085504,31252480,0.0,0.09364885264199616,0,12,0.02,0.02,0.0,0.0,0.0,9904128,0,8,4,1,0,sleeping,163,71,0,176128,18823,8404
2025-05-20 02:54:42,15945,2120085504,31252480,0.0,0.09364885264199616,0,12,0.02,0.02,0.0,0.0,0.0,9904128,0,8,4,1,0,sleeping,163,71,0,176128,18823,8404
2025-05-20 02:54:43,15945,2120085504,31252480,0.0,0.09364885264199616,0,12,0.02,0.02,0.0,0.0,0.0,9904128,0,8,4,1,0,sleeping,163,71,0,176128,18823,8404
2025-05-20 02:54:44,15945,2120085504,31252480,0.0,0.09364885264199616,0,12,0.02,0.02,0.0,0.0,0.0,9904128,0,8,4,1,0,sleeping,163,71,0,176128,18823,8404
2025-05-20 02:54:45,15945,2120085504,31252480,0.0,0.09364885264199616,0,12,0.02,0.02,0.0,0.0,0.0,9904128,0,8,4,1,0,sleeping,163,71,0,176128,18823,8404
2025-05-20 02:54:46,15945,2120085504,31252480,0.0,0.09364885264199616,0,12,0.02,0.02,0.0,0.0,0.0,9904128,0,8,4,1,0,sleeping,163,71,0,176128,18823,8404
2025-05-20 02:54:47,15945,2120085504,31252480,0.0,0.09364885264199616,0,12,0.02,0.02,0.0,0.0,0.0,9904128,0,8,4,1,0,sleeping,163,71,0,176128,18823,8404
2025-05-20 02:54:48,15945,2120085504,31252480,0.0,0.09364885264199616,0,12,0.02,0.02,0.0,0.0,0.0,9904128,0,8,4,1,0,sleeping,163,71,0,176128,18823,8404
2025-05-20 02:54:50,15945,2120085504,31252480,0.0,0.09364885264199616,0,12,0.02,0.02,0.0,0.0,0.0,9904128,0,8,4,1,0,sleeping,163,71,0,176128,18823,8404
2025-05-20 02:54:51,15945,2120085504,31252480,0.0,0.09364885264199616,0,12,0.02,0.02,0.0,0.0,0.0,9904128,0,8,4,1,0,sleeping,163,71,0,176128,18823,8404
2025-05-20 02:54:52,15945,2120085504,31252480,0.0,0.09364885264199616,0,12,0.02,0.02,0.0,0.0,0.0,9904128,0,8,4,1,0,sleeping,163,71,0,176128,18823,8404
2025-05-20 02:54:53,15945,2120085504,31252480,0.0,0.09364885264199616,0,12,0.02,0.02,0.0,0.0,0.0,9904128,0,8,4,1,0,sleeping,163,71,0,176128,18823,8404
2025-05-20 02:54:54,15945,2120085504,31252480,0.0,0.09364885264199616,0,12,0.02,0.02,0.0,0.0,0.0,9904128,0,8,4,1,0,sleeping,163,71,0,176128,18823,8404
2025-05-20 02:54:55,15945,2120085504,31252480,0.0,0.09364885264199616,0,12,0.02,0.02,0.0,0.0,0.0,9904128,0,8,4,1,0,sleeping,163,71,0,176128,18823,8404
2025-05-20 02:54:56,15945,2120085504,31252480,0.0,0.09364885264199616,0,12,0.02,0.02,0.0,0.0,0.0,9904128,0,8,4,1,0,sleeping,163,71,0,176128,18823,8404
2025-05-20 02:54:57,15945,2120085504,31252480,0.0,0.09364885264199616,0,12,0.02,0.02,0.0,0.0,0.0,9904128,0,8,4,1,0,sleeping,163,71,0,176128,18823,8404
2025-05-20 02:54:58,15945,2120085504,31252480,0.0,0.09364885264199616,0,12,0.02,0.02,0.0,0.0,0.0,9904128,0,8,4,1,0,sleeping,163,71,0,176128,18823,8404
2025-05-20 02:54:59,15945,2120085504,31252480,0.0,0.09364885264199616,0,12,0.02,0.02,0.0,0.0,0.0,9904128,0,8,4,1,0,sleeping,163,71,0,176128,18823,8404
2025-05-20 02:55:00,15945,2120085504,31252480,0.0,0.09364885264199616,0,12,0.02,0.02,0.0,0.0,0.0,9904128,0,8,4,1,0,sleeping,163,71,0,176128,18823,8404
2025-05-20 02:55:01,15945,2120085504,31252480,0.0,0.09364885264199616,0,12,0.02,0.02,0.0,0.0,0.0,9904128,0,8,4,1,0,sleeping,163,71,0,176128,18823,8404
2025-05-20 02:55:02,15945,2120085504,31252480,0.0,0.09364885264199616,0,12,0.02,0.02,0.0,0.0,0.0,9904128,0,8,4,1,0,sleeping,163,71,0,176128,18823,8404
2025-05-20 02:55:03,15945,2120085504,31252480,0.0,0.09364885264199616,0,12,0.02,0.02,0.0,0.0,0.0,9904128,0,8,4,1,0,sleeping,163,71,0,176128,18823,8404
2025-05-20 02:55:04,15945,2120085504,31252480,0.0,0.09364885264199616,0,12,0.02,0.02,0.0,0.0,0.0,9904128,0,8,4,1,0,sleeping,163,71,0,176128,18823,8404
2025-05-20 02:55:05,15945,2120085504,31252480,0.0,0.09364885264199616,0,12,0.02,0.02,0.0,0.0,0.0,9904128,0,8,4,1,0,sleeping,163,71,0,176128,18823,8404
2025-05-20 02:55:07,15945,2120085504,31252480,0.0,0.09364885264199616,0,12,0.02,0.02,0.0,0.0,0.0,9904128,0,8,4,1,0,sleeping,163,71,0,176128,18823,8404
2025-05-20 02:55:08,15945,2120085504,31252480,0.0,0.09364885264199616,0,12,0.02,0.02,0.0,0.0,0.0,9904128,0,8,4,1,0,sleeping,165,72,0,180224,18913,8486
2025-05-20 02:55:09,15945,2120085504,31252480,0.0,0.09364885264199616,0,12,0.02,0.02,0.0,0.0,0.0,9904128,0,8,4,1,0,sleeping,165,72,0,180224,18913,8486
2025-05-20 02:55:10,15945,2120085504,31252480,0.0,0.09364885264199616,0,12,0.02,0.02,0.0,0.0,0.0,9904128,0,8,4,1,0,sleeping,165,72,0,180224,18913,8486
2025-05-20 02:55:11,15945,2120085504,31252480,0.0,0.09364885264199616,0,12,0.02,0.02,0.0,0.0,0.0,9904128,0,8,4,1,0,sleeping,165,72,0,180224,18913,8486
2025-05-20 02:55:12,15945,2120085504,31252480,0.0,0.09364885264199616,0,12,0.02,0.02,0.0,0.0,0.0,9904128,0,8,4,1,0,sleeping,165,72,0,180224,18913,8486
2025-05-20 02:55:13,15945,2120085504,31252480,0.0,0.09364885264199616,0,12,0.02,0.02,0.0,0.0,0.0,9904128,0,8,4,1,0,sleeping,165,72,0,180224,18913,8486
2025-05-20 02:55:14,15945,2120085504,31252480,0.0,0.09364885264199616,0,12,0.02,0.02,0.0,0.0,0.0,9904128,0,8,4,1,0,sleeping,165,72,0,180224,18913,8486
2025-05-20 02:55:15,15945,2120085504,31252480,0.0,0.09364885264199616,0,12,0.02,0.02,0.0,0.0,0.0,9904128,0,8,4,1,0,sleeping,165,72,0,180224,18913,8486
2025-05-20 02:55:16,15945,2120085504,31252480,0.0,0.09364885264199616,0,12,0.02,0.02,0.0,0.0,0.0,9904128,0,8,4,1,0,sleeping,165,72,0,180224,18913,8486
2025-05-20 02:55:17,15945,2120085504,31252480,0.0,0.09364885264199616,0,12,0.02,0.02,0.0,0.0,0.0,9904128,0,8,4,1,0,sleeping,165,72,0,180224,18913,8486
2025-05-20 02:55:18,15945,2120085504,31252480,0.0,0.09364885264199616,0,12,0.02,0.02,0.0,0.0,0.0,9904128,0,8,4,1,0,sleeping,165,72,0,180224,18913,8486
2025-05-20 02:55:19,15945,2120085504,31252480,0.0,0.09364885264199616,0,12,0.02,0.02,0.0,0.0,0.0,9904128,0,8,4,1,0,sleeping,165,72,0,180224,18913,8486
2025-05-20 02:55:20,15945,2120085504,31252480,0.0,0.09364885264199616,0,12,0.02,0.02,0.0,0.0,0.0,9904128,0,8,4,1,0,sleeping,165,72,0,180224,18913,8486
2025-05-20 02:55:21,15945,2120085504,31252480,0.0,0.09364885264199616,0,12,0.02,0.02,0.0,0.0,0.0,9904128,0,8,4,1,0,sleeping,165,72,0,180224,18913,8486
2025-05-20 02:55:23,15945,2120085504,31252480,0.0,0.09364885264199616,0,12,0.02,0.02,0.0,0.0,0.0,9904128,0,8,4,1,0,sleeping,165,72,0,180224,18913,8486
2025-05-20 02:55:24,15945,2120085504,31252480,0.0,0.09364885264199616,0,12,0.02,0.02,0.0,0.0,0.0,9904128,0,8,4,1,0,sleeping,165,72,0,180224,18913,8486
2025-05-20 02:55:25,15945,2120085504,31252480,0.0,0.09364885264199616,0,12,0.02,0.02,0.0,0.0,0.0,9904128,0,8,4,1,0,sleeping,165,72,0,180224,18913,8486
2025-05-20 02:55:26,15945,2120085504,31252480,0.0,0.09364885264199616,0,12,0.02,0.02,0.0,0.0,0.0,9904128,0,8,4,1,0,sleeping,165,72,0,180224,18913,8486
2025-05-20 02:55:27,15945,2120085504,31252480,0.0,0.09364885264199616,0,12,0.02,0.02,0.0,0.0,0.0,9904128,0,8,4,1,0,sleeping,165,72,0,180224,18913,8486
2025-05-20 02:55:28,15945,2120085504,31252480,0.0,0.09364885264199616,0,12,0.02,0.02,0.0,0.0,0.0,9904128,0,8,4,1,0,sleeping,165,72,0,180224,18913,8486
2025-05-20 02:55:29,15945,2120085504,31252480,0.0,0.09364885264199616,0,12,0.02,0.02,0.0,0.0,0.0,9904128,0,8,4,1,0,sleeping,165,72,0,180224,18913,8486
2025-05-20 02:55:30,15945,2120085504,31252480,0.0,0.09364885264199616,0,12,0.02,0.02,0.0,0.0,0.0,9904128,0,8,4,1,0,sleeping,165,72,0,180224,18913,8486
2025-05-20 02:55:31,15945,2120085504,31252480,0.0,0.09364885264199616,0,12,0.02,0.02,0.0,0.0,0.0,9904128,0,8,4,1,0,sleeping,165,72,0,180224,18913,8486
2025-05-20 02:55:32,15945,2120085504,31252480,0.0,0.09364885264199616,0,12,0.02,0.02,0.0,0.0,0.0,9904128,0,8,4,1,0,sleeping,165,72,0,180224,18913,8486
2025-05-20 02:55:33,15945,2120085504,31252480,0.0,0.09364885264199616,0,12,0.02,0.02,0.0,0.0,0.0,9904128,0,8,4,1,0,sleeping,165,72,0,180224,18913,8486
2025-05-20 02:55:34,15945,2120085504,31252480,0.0,0.09364885264199616,0,12,0.02,0.02,0.0,0.0,0.0,9904128,0,8,4,1,0,sleeping,165,72,0,180224,18913,8486
2025-05-20 02:55:35,15945,2120085504,31252480,0.0,0.09364885264199616,0,12,0.02,0.02,0.0,0.0,0.0,9904128,0,8,4,1,0,sleeping,165,72,0,180224,18913,8486
2025-05-20 02:55:36,15945,2120085504,31252480,0.0,0.09364885264199616,0,12,0.02,0.02,0.0,0.0,0.0,9904128,0,8,4,1,0,sleeping,165,72,0,180224,18913,8486
2025-05-20 02:55:38,15945,2120085504,31252480,0.0,0.09364885264199616,0,12,0.02,0.02,0.0,0.0,0.0,9904128,0,8,4,1,0,sleeping,165,72,0,180224,18913,8486
2025-05-20 02:55:39,15945,2120085504,31252480,0.0,0.09364885264199616,0,12,0.02,0.02,0.0,0.0,0.0,9904128,0,8,4,1,0,sleeping,165,72,0,180224,18913,8486
2025-05-20 02:55:40,15945,2120085504,31252480,0.0,0.09364885264199616,0,12,0.02,0.02,0.0,0.0,0.0,9904128,0,8,4,1,0,sleeping,165,72,0,180224,18913,8486
2025-05-20 02:55:41,15945,2120085504,31252480,0.0,0.09364885264199616,0,12,0.02,0.02,0.0,0.0,0.0,9904128,0,8,4,1,0,sleeping,167,73,0,184320,19003,8568
2025-05-20 02:55:42,15945,2120085504,31252480,0.0,0.09364885264199616,0,12,0.02,0.02,0.0,0.0,0.0,9904128,0,8,4,1,0,sleeping,167,73,0,184320,19003,8568
2025-05-20 02:55:43,15945,2120085504,31252480,0.0,0.09364885264199616,0,12,0.02,0.02,0.0,0.0,0.0,9904128,0,8,4,1,0,sleeping,167,73,0,184320,19003,8568
2025-05-20 02:55:44,15945,2120085504,31252480,0.0,0.09364885264199616,0,12,0.02,0.02,0.0,0.0,0.0,9904128,0,8,4,1,0,sleeping,167,73,0,184320,19003,8568
2025-05-20 02:55:45,15945,2120085504,31252480,0.0,0.09364885264199616,0,12,0.02,0.02,0.0,0.0,0.0,9904128,0,8,4,1,0,sleeping,167,73,0,184320,19003,8568
2025-05-20 02:55:46,15945,2120085504,31252480,0.0,0.09364885264199616,0,12,0.02,0.02,0.0,0.0,0.0,9904128,0,8,4,1,0,sleeping,167,73,0,184320,19003,8568
2025-05-20 02:55:47,15945,2120085504,31252480,0.0,0.09364885264199616,0,12,0.02,0.02,0.0,0.0,0.0,9904128,0,8,4,1,0,sleeping,167,73,0,184320,19003,8568
2025-05-20 02:55:48,15945,2120085504,31252480,0.0,0.09364885264199616,0,12,0.02,0.02,0.0,0.0,0.0,9904128,0,8,4,1,0,sleeping,167,73,0,184320,19003,8568
2025-05-20 02:55:49,15945,2120085504,31252480,0.0,0.09364885264199616,0,12,0.02,0.02,0.0,0.0,0.0,9904128,0,8,4,1,0,sleeping,167,73,0,184320,19003,8568
2025-05-20 02:55:50,15945,2120085504,31252480,0.0,0.09364885264199616,0,12,0.02,0.02,0.0,0.0,0.0,9904128,0,8,4,1,0,sleeping,167,73,0,184320,19003,8568
2025-05-20 02:55:51,15945,2120085504,31252480,0.0,0.09364885264199616,0,12,0.02,0.02,0.0,0.0,0.0,9904128,0,8,4,1,0,sleeping,167,73,0,184320,19003,8568
2025-05-20 02:55:52,15945,2120085504,31252480,0.0,0.09364885264199616,0,12,0.02,0.02,0.0,0.0,0.0,9904128,0,8,4,1,0,sleeping,167,73,0,184320,19003,8568
2025-05-20 02:55:53,15945,2120085504,31252480,0.0,0.09364885264199616,0,12,0.02,0.02,0.0,0.0,0.0,9904128,0,8,4,1,0,sleeping,167,73,0,184320,19003,8568
2025-05-20 02:55:55,15945,2120085504,31252480,0.0,0.09364885264199616,0,12,0.02,0.02,0.0,0.0,0.0,9904128,0,8,4,1,0,sleeping,167,73,0,184320,19003,8568
2025-05-20 02:55:56,15945,2120085504,31252480,0.0,0.09364885264199616,0,12,0.02,0.02,0.0,0.0,0.0,9904128,0,8,4,1,0,sleeping,167,73,0,184320,19003,8568
2025-05-20 02:55:57,15945,2120085504,31252480,0.0,0.09364885264199616,0,12,0.02,0.02,0.0,0.0,0.0,9904128,0,8,4,1,0,sleeping,167,73,0,184320,19003,8568
2025-05-20 02:55:58,15945,2120085504,31252480,0.0,0.09364885264199616,0,12,0.02,0.02,0.0,0.0,0.0,9904128,0,8,4,1,0,sleeping,167,73,0,184320,19003,8568
2025-05-20 02:55:59,15945,2120085504,31252480,0.0,0.09364885264199616,0,12,0.02,0.02,0.0,0.0,0.0,9904128,0,8,4,1,0,sleeping,167,73,0,184320,19003,8568
2025-05-20 02:56:00,15945,2120085504,31252480,0.0,0.09364885264199616,0,12,0.02,0.02,0.0,0.0,0.0,9904128,0,8,4,1,0,sleeping,167,73,0,184320,19003,8568
2025-05-20 02:56:01,15945,2120085504,31252480,0.0,0.09364885264199616,0,12,0.02,0.02,0.0,0.0,0.0,9904128,0,8,4,1,0,sleeping,167,73,0,184320,19003,8568
2025-05-20 02:56:02,15945,2120085504,31252480,0.0,0.09364885264199616,0,12,0.02,0.02,0.0,0.0,0.0,9904128,0,8,4,1,0,sleeping,167,73,0,184320,19003,8568
2025-05-20 02:56:03,15945,2120085504,31252480,0.0,0.09364885264199616,0,12,0.02,0.02,0.0,0.0,0.0,9904128,0,8,4,1,0,sleeping,167,73,0,184320,19003,8568
2025-05-20 02:56:04,15945,2120085504,31252480,0.0,0.09364885264199616,0,12,0.02,0.02,0.0,0.0,0.0,9904128,0,8,4,1,0,sleeping,167,73,0,184320,19003,8568
2025-05-20 02:56:05,15945,2120085504,31252480,0.0,0.09364885264199616,0,12,0.02,0.02,0.0,0.0,0.0,9904128,0,8,4,1,0,sleeping,167,73,0,184320,19003,8568
2025-05-20 02:56:06,15945,2120085504,31252480,0.0,0.09364885264199616,0,12,0.02,0.02,0.0,0.0,0.0,9904128,0,8,4,1,0,sleeping,167,73,0,184320,19003,8568
2025-05-20 02:56:07,15945,2120085504,31252480,0.0,0.09364885264199616,0,12,0.02,0.02,0.0,0.0,0.0,9904128,0,8,4,1,0,sleeping,167,73,0,184320,19003,8568
2025-05-20 02:56:08,15945,2120085504,31252480,0.0,0.09364885264199616,0,12,0.02,0.02,0.0,0.0,0.0,9904128,0,8,4,1,0,sleeping,167,73,0,184320,19003,8568
2025-05-20 02:56:09,15945,2120085504,31252480,0.0,0.09364885264199616,0,12,0.02,0.02,0.0,0.0,0.0,9904128,0,8,4,1,0,sleeping,167,73,0,184320,19003,8568
2025-05-20 02:56:11,15945,2120085504,31252480,0.0,0.09364885264199616,0,12,0.02,0.02,0.0,0.0,0.0,9904128,0,8,4,1,0,sleeping,169,74,0,184320,19093,8650
2025-05-20 02:56:12,15945,2120085504,31252480,0.0,0.09364885264199616,0,12,0.02,0.02,0.0,0.0,0.0,9904128,0,8,4,1,0,sleeping,169,74,0,184320,19093,8650
2025-05-20 02:56:13,15945,2120085504,31252480,0.0,0.09364885264199616,0,12,0.02,0.02,0.0,0.0,0.0,9904128,0,8,4,1,0,sleeping,169,74,0,184320,19093,8650
2025-05-20 02:56:14,15945,2120085504,31252480,0.0,0.09364885264199616,0,12,0.02,0.02,0.0,0.0,0.0,9904128,0,8,4,1,0,sleeping,169,74,0,184320,19093,8650
2025-05-20 02:56:15,15945,2120085504,31252480,0.0,0.09364885264199616,0,12,0.02,0.02,0.0,0.0,0.0,9904128,0,8,4,1,0,sleeping,169,74,0,184320,19093,8650
2025-05-20 02:56:16,15945,2120085504,31252480,0.0,0.09364885264199616,0,12,0.02,0.02,0.0,0.0,0.0,9904128,0,8,4,1,0,sleeping,169,74,0,184320,19093,8650
2025-05-20 02:56:17,15945,2120085504,31252480,0.0,0.09364885264199616,0,12,0.02,0.02,0.0,0.0,0.0,9904128,0,8,4,1,0,sleeping,169,74,0,184320,19093,8650
2025-05-20 02:56:18,15945,2120085504,31252480,0.0,0.09364885264199616,0,12,0.02,0.02,0.0,0.0,0.0,9904128,0,8,4,1,0,sleeping,169,74,0,184320,19093,8650
2025-05-20 02:56:19,15945,2120085504,31252480,0.0,0.09364885264199616,0,12,0.02,0.02,0.0,0.0,0.0,9904128,0,8,4,1,0,sleeping,169,74,0,184320,19093,8650
2025-05-20 02:56:20,15945,2120085504,31252480,0.0,0.09364885264199616,0,12,0.02,0.02,0.0,0.0,0.0,9904128,0,8,4,1,0,sleeping,169,74,0,184320,19093,8650
2025-05-20 02:56:21,15945,2120085504,31252480,0.0,0.09364885264199616,0,12,0.02,0.02,0.0,0.0,0.0,9904128,0,8,4,1,0,sleeping,169,74,0,184320,19093,8650
2025-05-20 02:56:22,15945,2120085504,31252480,0.0,0.09364885264199616,0,12,0.02,0.02,0.0,0.0,0.0,9904128,0,8,4,1,0,sleeping,169,74,0,184320,19093,8650
2025-05-20 02:56:23,15945,2120085504,31252480,0.0,0.09364885264199616,0,12,0.02,0.02,0.0,0.0,0.0,9904128,0,8,4,1,0,sleeping,169,74,0,184320,19093,8650
2025-05-20 02:56:24,15945,2120085504,31252480,0.0,0.09364885264199616,0,12,0.02,0.02,0.0,0.0,0.0,9904128,0,8,4,1,0,sleeping,169,74,0,184320,19093,8650
2025-05-20 02:56:26,15945,2120085504,31252480,0.0,0.09364885264199616,0,12,0.02,0.02,0.0,0.0,0.0,9904128,0,8,4,1,0,sleeping,169,74,0,184320,19093,8650
2025-05-20 02:56:27,15945,2120085504,31252480,0.0,0.09364885264199616,0,12,0.02,0.02,0.0,0.0,0.0,9904128,0,8,4,1,0,sleeping,169,74,0,184320,19093,8650
2025-05-20 02:56:28,15945,2120085504,31252480,0.0,0.09364885264199616,0,12,0.02,0.02,0.0,0.0,0.0,9904128,0,8,4,1,0,sleeping,169,74,0,184320,19093,8650
2025-05-20 02:56:29,15945,2120085504,31252480,0.0,0.09364885264199616,0,12,0.02,0.02,0.0,0.0,0.0,9904128,0,8,4,1,0,sleeping,169,74,0,184320,19093,8650
2025-05-20 02:56:30,15945,2120085504,31252480,0.0,0.09364885264199616,0,12,0.02,0.02,0.0,0.0,0.0,9904128,0,8,4,1,0,sleeping,169,74,0,184320,19093,8650
2025-05-20 02:56:31,15945,2120085504,31252480,0.0,0.09364885264199616,0,12,0.02,0.02,0.0,0.0,0.0,9904128,0,8,4,1,0,sleeping,169,74,0,184320,19093,8650
2025-05-20 02:56:32,15945,2120085504,31252480,0.0,0.09364885264199616,0,12,0.02,0.02,0.0,0.0,0.0,9904128,0,8,4,1,0,sleeping,169,74,0,184320,19093,8650
2025-05-20 02:56:33,15945,2120085504,31252480,0.0,0.09364885264199616,0,12,0.02,0.02,0.0,0.0,0.0,9904128,0,8,4,1,0,sleeping,169,74,0,184320,19093,8650
2025-05-20 02:56:34,15945,2120085504,31252480,0.0,0.09364885264199616,0,12,0.02,0.02,0.0,0.0,0.0,9904128,0,8,4,1,0,sleeping,169,74,0,184320,19093,8650
2025-05-20 02:56:35,15945,2120085504,31252480,0.0,0.09364885264199616,0,12,0.02,0.02,0.0,0.0,0.0,9904128,0,8,4,1,0,sleeping,169,74,0,184320,19093,8650
2025-05-20 02:56:36,15945,2120085504,31252480,0.0,0.09364885264199616,0,12,0.02,0.02,0.0,0.0,0.0,9904128,0,8,4,1,0,sleeping,169,74,0,184320,19093,8650
2025-05-20 02:56:37,15945,2120085504,31252480,0.0,0.09364885264199616,0,12,0.02,0.02,0.0,0.0,0.0,9904128,0,8,4,1,0,sleeping,169,74,0,184320,19093,8650
2025-05-20 02:56:38,15945,2120085504,31252480,0.0,0.09364885264199616,0,12,0.02,0.02,0.0,0.0,0.0,9904128,0,8,4,1,0,sleeping,171,75,0,188416,19183,8732
2025-05-20 02:56:39,15945,2120085504,31252480,0.0,0.09364885264199616,0,12,0.02,0.02,0.0,0.0,0.0,9904128,0,8,4,1,0,sleeping,171,75,0,188416,19183,8732
2025-05-20 02:56:40,15945,2120085504,31252480,0.0,0.09364885264199616,0,12,0.02,0.02,0.0,0.0,0.0,9904128,0,8,4,1,0,sleeping,171,75,0,188416,19183,8732
2025-05-20 02:56:41,15945,2120085504,31252480,0.0,0.09364885264199616,0,12,0.02,0.02,0.0,0.0,0.0,9904128,0,8,4,1,0,sleeping,171,75,0,188416,19183,8732
2025-05-20 02:56:43,15945,2120085504,31252480,0.0,0.09364885264199616,0,12,0.02,0.02,0.0,0.0,0.0,9904128,0,8,4,1,0,sleeping,171,75,0,188416,19183,8732
2025-05-20 02:56:44,15945,2120085504,31252480,0.0,0.09364885264199616,0,12,0.02,0.02,0.0,0.0,0.0,9904128,0,8,4,1,0,sleeping,171,75,0,188416,19183,8732
2025-05-20 02:56:45,15945,2120085504,31252480,0.0,0.09364885264199616,0,12,0.02,0.02,0.0,0.0,0.0,9904128,0,8,4,1,0,sleeping,171,75,0,188416,19183,8732
2025-05-20 02:56:46,15945,2120085504,31252480,0.0,0.09364885264199616,0,12,0.02,0.02,0.0,0.0,0.0,9904128,0,8,4,1,0,sleeping,171,75,0,188416,19183,8732
2025-05-20 02:56:47,15945,2120085504,31252480,0.0,0.09364885264199616,0,12,0.02,0.02,0.0,0.0,0.0,9904128,0,8,4,1,0,sleeping,171,75,0,188416,19183,8732
2025-05-20 02:56:48,15945,2120085504,31252480,0.0,0.09364885264199616,0,12,0.02,0.02,0.0,0.0,0.0,9904128,0,8,4,1,0,sleeping,171,75,0,188416,19183,8732
2025-05-20 02:56:49,15945,2120085504,31252480,0.0,0.09364885264199616,0,12,0.02,0.02,0.0,0.0,0.0,9904128,0,8,4,1,0,sleeping,171,75,0,188416,19183,8732
2025-05-20 02:56:50,15945,2120085504,31252480,0.0,0.09364885264199616,0,12,0.02,0.02,0.0,0.0,0.0,9904128,0,8,4,1,0,sleeping,171,75,0,188416,19183,8732
2025-05-20 02:56:51,15945,2120085504,31252480,0.0,0.09364885264199616,0,12,0.02,0.02,0.0,0.0,0.0,9904128,0,8,4,1,0,sleeping,171,75,0,188416,19183,8732
2025-05-20 02:56:52,15945,2120085504,31252480,0.0,0.09364885264199616,0,12,0.02,0.02,0.0,0.0,0.0,9904128,0,8,4,1,0,sleeping,171,75,0,188416,19183,8732
2025-05-20 02:56:53,15945,2120085504,31252480,0.0,0.09364885264199616,0,12,0.02,0.02,0.0,0.0,0.0,9904128,0,8,4,1,0,sleeping,171,75,0,188416,19183,8732
2025-05-20 02:56:54,15945,2120085504,31252480,0.0,0.09364885264199616,0,12,0.02,0.02,0.0,0.0,0.0,9904128,0,8,4,1,0,sleeping,171,75,0,188416,19183,8732
2025-05-20 02:56:55,15945,2120085504,31252480,0.0,0.09364885264199616,0,12,0.02,0.02,0.0,0.0,0.0,9904128,0,8,4,1,0,sleeping,171,75,0,188416,19183,8732
2025-05-20 02:56:56,15945,2120085504,31252480,0.0,0.09364885264199616,0,12,0.02,0.02,0.0,0.0,0.0,9904128,0,8,4,1,0,sleeping,171,75,0,188416,19183,8732
2025-05-20 02:56:58,15945,2120085504,31252480,0.0,0.09364885264199616,0,12,0.02,0.02,0.0,0.0,0.0,9904128,0,8,4,1,0,sleeping,171,75,0,188416,19183,8732
2025-05-20 02:56:59,15945,2120085504,31252480,0.0,0.09364885264199616,0,12,0.02,0.02,0.0,0.0,0.0,9904128,0,8,4,1,0,sleeping,171,75,0,188416,19183,8732
2025-05-20 02:57:00,15945,2120085504,31252480,0.0,0.09364885264199616,0,12,0.02,0.02,0.0,0.0,0.0,9904128,0,8,4,1,0,sleeping,171,75,0,188416,19183,8732
2025-05-20 02:57:01,15945,2120085504,31252480,0.0,0.09364885264199616,0,12,0.02,0.02,0.0,0.0,0.0,9904128,0,8,4,1,0,sleeping,171,75,0,188416,19183,8732
2025-05-20 02:57:02,15945,2120085504,31252480,0.0,0.09364885264199616,0,12,0.02,0.02,0.0,0.0,0.0,9904128,0,8,4,1,0,sleeping,171,75,0,188416,19183,8732
2025-05-20 02:57:03,15945,2120085504,31252480,0.0,0.09364885264199616,0,12,0.02,0.02,0.0,0.0,0.0,9904128,0,8,4,1,0,sleeping,171,75,0,188416,19183,8732
2025-05-20 02:57:04,15945,2120085504,31252480,0.0,0.09364885264199616,0,12,0.02,0.02,0.0,0.0,0.0,9904128,0,8,4,1,0,sleeping,173,76,0,188416,19273,8814
2025-05-20 02:57:05,15945,2120085504,31252480,0.0,0.09364885264199616,0,12,0.02,0.02,0.0,0.0,0.0,9904128,0,8,4,1,0,sleeping,173,76,0,188416,19273,8814
2025-05-20 02:57:06,15945,2120085504,31252480,0.0,0.09364885264199616,0,12,0.02,0.02,0.0,0.0,0.0,9904128,0,8,4,1,0,sleeping,173,76,0,188416,19273,8814
2025-05-20 02:57:07,15945,2120085504,31252480,0.0,0.09364885264199616,0,12,0.02,0.02,0.0,0.0,0.0,9904128,0,8,4,1,0,sleeping,173,76,0,188416,19273,8814
2025-05-20 02:57:08,15945,2120085504,31252480,0.0,0.09364885264199616,0,12,0.02,0.02,0.0,0.0,0.0,9904128,0,8,4,1,0,sleeping,173,76,0,188416,19273,8814
2025-05-20 02:57:09,15945,2120085504,31252480,0.0,0.09364885264199616,0,12,0.02,0.02,0.0,0.0,0.0,9904128,0,8,4,1,0,sleeping,173,76,0,188416,19273,8814
2025-05-20 02:57:11,15945,2120085504,31252480,0.0,0.09364885264199616,0,12,0.02,0.02,0.0,0.0,0.0,9904128,0,8,4,1,0,sleeping,173,76,0,188416,19273,8814
2025-05-20 02:57:12,15945,2120085504,31252480,0.0,0.09364885264199616,0,12,0.02,0.02,0.0,0.0,0.0,9904128,0,8,4,1,0,sleeping,173,76,0,188416,19273,8814
2025-05-20 02:57:13,15945,2120085504,31252480,0.0,0.09364885264199616,0,12,0.02,0.02,0.0,0.0,0.0,9904128,0,8,4,1,0,sleeping,173,76,0,188416,19273,8814
2025-05-20 02:57:14,15945,2120085504,31252480,0.0,0.09364885264199616,0,12,0.02,0.02,0.0,0.0,0.0,9904128,0,8,4,1,0,sleeping,173,76,0,188416,19273,8814
2025-05-20 02:57:15,15945,2120085504,31252480,0.0,0.09364885264199616,0,12,0.02,0.02,0.0,0.0,0.0,9904128,0,8,4,1,0,sleeping,173,76,0,188416,19273,8814
2025-05-20 02:57:16,15945,2120085504,31252480,0.0,0.09364885264199616,0,12,0.02,0.02,0.0,0.0,0.0,9904128,0,8,4,1,0,sleeping,173,76,0,188416,19273,8814
2025-05-20 02:57:17,15945,2120085504,31252480,0.0,0.09364885264199616,0,12,0.02,0.02,0.0,0.0,0.0,9904128,0,8,4,1,0,sleeping,173,76,0,188416,19273,8814
2025-05-20 02:57:18,15945,2120085504,31252480,0.0,0.09364885264199616,0,12,0.02,0.02,0.0,0.0,0.0,9904128,0,8,4,1,0,sleeping,173,76,0,188416,19273,8814
2025-05-20 02:57:19,15945,2120085504,31252480,0.0,0.09364885264199616,0,12,0.02,0.02,0.0,0.0,0.0,9904128,0,8,4,1,0,sleeping,173,76,0,188416,19273,8814
2025-05-20 02:57:20,15945,2120085504,31252480,0.0,0.09364885264199616,0,12,0.02,0.02,0.0,0.0,0.0,9904128,0,8,4,1,0,sleeping,173,76,0,188416,19273,8814
2025-05-20 02:57:21,15945,2120085504,31252480,0.0,0.09364885264199616,0,12,0.02,0.02,0.0,0.0,0.0,9904128,0,8,4,1,0,sleeping,173,76,0,188416,19273,8814
2025-05-20 02:57:22,15945,2120085504,31252480,0.0,0.09364885264199616,0,12,0.02,0.02,0.0,0.0,0.0,9904128,0,8,4,1,0,sleeping,173,76,0,188416,19273,8814
2025-05-20 02:57:23,15945,2120085504,31252480,0.0,0.09364885264199616,0,12,0.02,0.02,0.0,0.0,0.0,9904128,0,8,4,1,0,sleeping,173,76,0,188416,19273,8814
2025-05-20 02:57:24,15945,2120085504,31252480,0.0,0.09364885264199616,0,12,0.02,0.02,0.0,0.0,0.0,9904128,0,8,4,1,0,sleeping,173,76,0,188416,19273,8814
2025-05-20 02:57:25,15945,2120085504,31252480,0.0,0.09364885264199616,0,12,0.02,0.02,0.0,0.0,0.0,9904128,0,8,4,1,0,sleeping,173,76,0,188416,19273,8814
2025-05-20 02:57:26,15945,2120085504,31252480,0.0,0.09364885264199616,0,12,0.02,0.02,0.0,0.0,0.0,9904128,0,8,4,1,0,sleeping,173,76,0,188416,19273,8814
2025-05-20 02:57:28,15945,2120085504,31252480,0.0,0.09364885264199616,0,12,0.02,0.02,0.0,0.0,0.0,9904128,0,8,4,1,0,sleeping,175,77,0,192512,19363,8896
2025-05-20 02:57:29,15945,2120085504,31252480,0.0,0.09364885264199616,0,12,0.02,0.02,0.0,0.0,0.0,9904128,0,8,4,1,0,sleeping,175,77,0,192512,19363,8896
2025-05-20 02:57:30,15945,2120085504,31252480,0.0,0.09364885264199616,0,12,0.02,0.02,0.0,0.0,0.0,9904128,0,8,4,1,0,sleeping,175,77,0,192512,19363,8896
2025-05-20 02:57:31,15945,2120085504,31252480,0.0,0.09364885264199616,0,12,0.02,0.02,0.0,0.0,0.0,9904128,0,8,4,1,0,sleeping,175,77,0,192512,19363,8896
2025-05-20 02:57:32,15945,2120085504,31252480,0.0,0.09364885264199616,0,12,0.02,0.02,0.0,0.0,0.0,9904128,0,8,4,1,0,sleeping,175,77,0,192512,19363,8896
2025-05-20 02:57:33,15945,2120085504,31252480,0.0,0.09364885264199616,0,12,0.02,0.02,0.0,0.0,0.0,9904128,0,8,4,1,0,sleeping,175,77,0,192512,19363,8896
2025-05-20 02:57:34,15945,2120085504,31252480,0.0,0.09364885264199616,0,12,0.02,0.02,0.0,0.0,0.0,9904128,0,8,4,1,0,sleeping,175,77,0,192512,19363,8896
2025-05-20 02:57:35,15945,2120085504,31252480,0.0,0.09364885264199616,0,12,0.02,0.02,0.0,0.0,0.0,9904128,0,8,4,1,0,sleeping,175,77,0,192512,19363,8896
2025-05-20 02:57:37,15945,2120085504,31252480,0.0,0.09364885264199616,0,12,0.02,0.02,0.0,0.0,0.0,9904128,0,8,4,1,0,sleeping,175,77,0,192512,19363,8896
2025-05-20 02:57:38,15945,2120085504,31252480,0.0,0.09364885264199616,0,12,0.02,0.02,0.0,0.0,0.0,9904128,0,8,4,1,0,sleeping,175,77,0,192512,19363,8896
2025-05-20 02:57:39,15945,2120085504,31252480,0.0,0.09364885264199616,0,12,0.02,0.02,0.0,0.0,0.0,9904128,0,8,4,1,0,sleeping,175,77,0,192512,19363,8896
2025-05-20 02:57:40,15945,2120085504,31252480,0.0,0.09364885264199616,0,12,0.02,0.02,0.0,0.0,0.0,9904128,0,8,4,1,0,sleeping,175,77,0,192512,19363,8896
2025-05-20 02:57:41,15945,2120085504,31252480,0.0,0.09364885264199616,0,12,0.02,0.02,0.0,0.0,0.0,9904128,0,8,4,1,0,sleeping,175,77,0,192512,19363,8896
2025-05-20 02:57:42,15945,2120085504,31252480,0.0,0.09364885264199616,0,12,0.02,0.02,0.0,0.0,0.0,9904128,0,8,4,1,0,sleeping,175,77,0,192512,19363,8896
2025-05-20 02:57:43,15945,2120085504,31252480,0.0,0.09364885264199616,0,12,0.02,0.02,0.0,0.0,0.0,9904128,0,8,4,1,0,sleeping,175,77,0,192512,19363,8896
2025-05-20 02:57:44,15945,2120085504,31252480,0.0,0.09364885264199616,0,12,0.02,0.02,0.0,0.0,0.0,9904128,0,8,4,1,0,sleeping,175,77,0,192512,19363,8896
2025-05-20 02:57:45,15945,2120085504,31252480,0.0,0.09364885264199616,0,12,0.02,0.02,0.0,0.0,0.0,9904128,0,8,4,1,0,sleeping,175,77,0,192512,19363,8896
2025-05-20 02:57:46,15945,2120085504,31252480,0.0,0.09364885264199616,0,12,0.02,0.02,0.0,0.0,0.0,9904128,0,8,4,1,0,sleeping,175,77,0,192512,19363,8896
2025-05-20 02:57:47,15945,2120085504,31252480,0.0,0.09364885264199616,0,12,0.02,0.02,0.0,0.0,0.0,9904128,0,8,4,1,0,sleeping,175,77,0,192512,19363,8896
2025-05-20 02:57:48,15945,2120085504,31252480,0.0,0.09364885264199616,0,12,0.02,0.02,0.0,0.0,0.0,9904128,0,8,4,1,0,sleeping,175,77,0,192512,19363,8896
2025-05-20 02:57:49,15945,2120085504,31252480,0.0,0.09364885264199616,0,12,0.02,0.02,0.0,0.0,0.0,9904128,0,8,4,1,0,sleeping,175,77,0,192512,19363,8896
2025-05-20 02:57:50,15945,2120085504,31252480,0.0,0.09364885264199616,0,12,0.02,0.02,0.0,0.0,0.0,9904128,0,8,4,1,0,sleeping,175,77,0,192512,19363,8896
2025-05-20 02:57:51,15945,2120085504,31252480,0.0,0.09364885264199616,0,12,0.02,0.02,0.0,0.0,0.0,9904128,0,7,4,1,0,sleeping,177,78,0,192512,19453,8978
2025-05-20 02:57:52,15945,2120085504,31252480,0.0,0.09364885264199616,0,12,0.02,0.02,0.0,0.0,0.0,9904128,0,7,4,1,0,sleeping,177,78,0,192512,19453,8978
2025-05-20 02:57:54,15945,2120085504,31252480,0.0,0.09364885264199616,0,12,0.02,0.02,0.0,0.0,0.0,9904128,0,7,4,1,0,sleeping,177,78,0,192512,19453,8978
2025-05-20 02:57:55,15945,2120085504,31252480,0.0,0.09364885264199616,0,12,0.02,0.02,0.0,0.0,0.0,9904128,0,7,4,1,0,sleeping,177,78,0,192512,19453,8978
2025-05-20 02:57:56,15945,2120085504,31252480,0.0,0.09364885264199616,0,12,0.02,0.02,0.0,0.0,0.0,9904128,0,7,4,1,0,sleeping,177,78,0,192512,19453,8978
2025-05-20 02:57:57,15945,2120085504,31252480,0.0,0.09364885264199616,0,12,0.02,0.02,0.0,0.0,0.0,9904128,0,7,4,1,0,sleeping,177,78,0,192512,19453,8978
2025-05-20 02:57:58,15945,2120085504,31252480,0.0,0.09364885264199616,0,12,0.02,0.02,0.0,0.0,0.0,9904128,0,7,4,1,0,sleeping,177,78,0,192512,19453,8978
2025-05-20 02:58:00,15945,2120085504,31252480,0.0,0.09364885264199616,0,12,0.02,0.02,0.0,0.0,0.0,9904128,0,7,4,1,0,sleeping,177,78,0,192512,19453,8978
2025-05-20 02:58:01,15945,2120085504,31252480,0.0,0.09364885264199616,0,12,0.02,0.02,0.0,0.0,0.0,9904128,0,7,4,1,0,sleeping,177,78,0,192512,19453,8978
2025-05-20 02:58:02,15945,2120085504,31252480,0.0,0.09364885264199616,0,12,0.02,0.02,0.0,0.0,0.0,9904128,0,7,4,1,0,sleeping,177,78,0,192512,19453,8978
2025-05-20 02:58:03,15945,2120085504,31252480,0.0,0.09364885264199616,0,12,0.02,0.02,0.0,0.0,0.0,9904128,0,7,4,1,0,sleeping,177,78,0,192512,19453,8978
2025-05-20 02:58:04,15945,2120085504,31252480,0.0,0.09364885264199616,0,12,0.02,0.02,0.0,0.0,0.0,9904128,0,7,4,1,0,sleeping,177,78,0,192512,19453,8978
2025-05-20 02:58:05,15945,2120085504,31252480,0.0,0.09364885264199616,0,12,0.02,0.02,0.0,0.0,0.0,9904128,0,7,4,1,0,sleeping,177,78,0,192512,19453,8978
2025-05-20 02:58:06,15945,2120085504,31252480,0.0,0.09364885264199616,0,12,0.02,0.02,0.0,0.0,0.0,9904128,0,7,4,1,0,sleeping,177,78,0,192512,19453,8978
2025-05-20 02:58:07,15945,2120085504,31252480,0.0,0.09364885264199616,0,12,0.02,0.02,0.0,0.0,0.0,9904128,0,7,4,1,0,sleeping,177,78,0,192512,19453,8978
2025-05-20 02:58:08,15945,2120085504,31252480,0.0,0.09364885264199616,0,12,0.02,0.02,0.0,0.0,0.0,9904128,0,7,4,1,0,sleeping,177,78,0,192512,19453,8978
2025-05-20 02:58:09,15945,2120085504,31252480,0.0,0.09364885264199616,0,12,0.02,0.02,0.0,0.0,0.0,9904128,0,7,4,1,0,sleeping,177,78,0,192512,19453,8978
2025-05-20 02:58:11,15945,2120085504,31252480,0.0,0.09364885264199616,0,12,0.02,0.02,0.0,0.0,0.0,9904128,0,7,4,1,0,sleeping,177,78,0,192512,19453,8978
2025-05-20 02:58:12,15945,2120085504,31252480,0.0,0.09364885264199616,0,12,0.02,0.02,0.0,0.0,0.0,9904128,0,7,4,1,0,sleeping,177,78,0,192512,19453,8978
2025-05-20 02:58:13,15945,2120085504,31252480,0.0,0.09364885264199616,0,12,0.02,0.02,0.0,0.0,0.0,9904128,0,7,4,1,0,sleeping,177,78,0,192512,19453,8978
2025-05-20 02:58:14,15945,2120085504,31252480,0.0,0.09364885264199616,0,12,0.02,0.02,0.0,0.0,0.0,9904128,0,7,4,1,0,sleeping,177,78,0,192512,19453,8978
2025-05-20 02:58:15,15945,2120085504,31252480,0.0,0.09364885264199616,0,12,0.02,0.02,0.0,0.0,0.0,9904128,0,7,4,1,0,sleeping,179,79,0,196608,19543,9060
2025-05-20 02:58:16,15945,2120085504,31252480,0.0,0.09364885264199616,0,12,0.02,0.02,0.0,0.0,0.0,9904128,0,7,4,1,0,sleeping,179,79,0,196608,19543,9060
2025-05-20 02:58:17,15945,2120085504,31252480,0.0,0.09364885264199616,0,12,0.02,0.02,0.0,0.0,0.0,9904128,0,7,4,1,0,sleeping,179,79,0,196608,19543,9060
2025-05-20 02:58:18,15945,2120085504,31252480,0.0,0.09364885264199616,0,12,0.02,0.02,0.0,0.0,0.0,9904128,0,7,4,1,0,sleeping,179,79,0,196608,19543,9060
2025-05-20 02:58:19,15945,2120085504,31252480,0.0,0.09364885264199616,0,12,0.02,0.02,0.0,0.0,0.0,9904128,0,7,4,1,0,sleeping,179,79,0,196608,19543,9060
2025-05-20 02:58:20,15945,2120085504,31252480,0.0,0.09364885264199616,0,12,0.02,0.02,0.0,0.0,0.0,9904128,0,7,4,1,0,sleeping,179,79,0,196608,19543,9060
2025-05-20 02:58:21,15945,2120085504,31252480,0.0,0.09364885264199616,0,12,0.02,0.02,0.0,0.0,0.0,9904128,0,7,4,1,0,sleeping,179,79,0,196608,19543,9060
2025-05-20 02:58:22,15945,2120085504,31252480,0.0,0.09364885264199616,0,12,0.02,0.02,0.0,0.0,0.0,9904128,0,7,4,1,0,sleeping,179,79,0,196608,19543,9060
2025-05-20 02:58:23,15945,2120085504,31252480,0.0,0.09364885264199616,0,12,0.02,0.02,0.0,0.0,0.0,9904128,0,7,4,1,0,sleeping,179,79,0,196608,19543,9060
2025-05-20 02:58:24,15945,2120085504,31252480,0.0,0.09364885264199616,0,12,0.02,0.02,0.0,0.0,0.0,9904128,0,7,4,1,0,sleeping,179,79,0,196608,19543,9060
2025-05-20 02:58:26,15945,2120085504,31252480,0.0,0.09364885264199616,0,12,0.02,0.02,0.0,0.0,0.0,9904128,0,7,4,1,0,sleeping,179,79,0,196608,19543,9060
2025-05-20 02:58:27,15945,2120085504,31252480,0.0,0.09364885264199616,0,12,0.02,0.02,0.0,0.0,0.0,9904128,0,7,4,1,0,sleeping,179,79,0,196608,19543,9060
2025-05-20 02:58:28,15945,2120085504,31252480,0.0,0.09364885264199616,0,12,0.02,0.02,0.0,0.0,0.0,9904128,0,7,4,1,0,sleeping,179,79,0,196608,19543,9060
2025-05-20 02:58:29,15945,2120085504,31252480,0.0,0.09364885264199616,0,12,0.02,0.02,0.0,0.0,0.0,9904128,0,7,4,1,0,sleeping,179,79,0,196608,19543,9060
2025-05-20 02:58:30,15945,2120085504,31252480,0.0,0.09364885264199616,0,12,0.02,0.02,0.0,0.0,0.0,9904128,0,7,4,1,0,sleeping,179,79,0,196608,19543,9060
2025-05-20 02:58:32,15945,2120085504,31252480,0.0,0.09364885264199616,0,12,0.02,0.02,0.0,0.0,0.0,9904128,0,7,4,1,0,sleeping,179,79,0,196608,19543,9060
2025-05-20 02:58:33,15945,2120085504,31252480,0.0,0.09364885264199616,0,12,0.02,0.02,0.0,0.0,0.0,9904128,0,7,4,1,0,sleeping,179,79,0,196608,19543,9060
2025-05-20 02:58:34,15945,2120085504,31252480,0.0,0.09364885264199616,0,12,0.02,0.02,0.0,0.0,0.0,9904128,0,7,4,1,0,sleeping,179,79,0,196608,19543,9060
2025-05-20 02:58:35,15945,2120085504,31252480,0.0,0.09364885264199616,0,12,0.02,0.02,0.0,0.0,0.0,9904128,0,7,4,1,0,sleeping,179,79,0,196608,19543,9060
2025-05-20 02:58:36,15945,2120085504,31252480,0.0,0.09364885264199616,0,12,0.02,0.02,0.0,0.0,0.0,9904128,0,8,4,1,0,sleeping,181,80,0,196608,19633,9142
2025-05-20 02:58:37,15945,2120085504,31252480,0.0,0.09364885264199616,0,12,0.02,0.02,0.0,0.0,0.0,9904128,0,8,4,1,0,sleeping,181,80,0,196608,19633,9142
2025-05-20 02:58:38,15945,2120085504,31252480,0.0,0.09364885264199616,0,12,0.02,0.02,0.0,0.0,0.0,9904128,0,8,4,1,0,sleeping,181,80,0,196608,19633,9142
2025-05-20 02:58:39,15945,2120085504,31252480,0.0,0.09364885264199616,0,12,0.02,0.02,0.0,0.0,0.0,9904128,0,8,4,1,0,sleeping,181,80,0,196608,19633,9142
2025-05-20 02:58:40,15945,2120085504,31252480,0.0,0.09364885264199616,0,12,0.02,0.02,0.0,0.0,0.0,9904128,0,8,4,1,0,sleeping,181,80,0,196608,19633,9142
2025-05-20 02:58:41,15945,2120085504,31252480,0.0,0.09364885264199616,0,12,0.02,0.02,0.0,0.0,0.0,9904128,0,8,4,1,0,sleeping,181,80,0,196608,19633,9142
2025-05-20 02:58:42,15945,2120085504,31252480,0.0,0.09364885264199616,0,12,0.02,0.02,0.0,0.0,0.0,9904128,0,8,4,1,0,sleeping,181,80,0,196608,19633,9142
2025-05-20 02:58:43,15945,2120085504,31252480,0.0,0.09364885264199616,0,12,0.02,0.02,0.0,0.0,0.0,9904128,0,8,4,1,0,sleeping,181,80,0,196608,19633,9142
2025-05-20 02:58:44,15945,2120085504,31252480,0.0,0.09364885264199616,0,12,0.02,0.02,0.0,0.0,0.0,9904128,0,8,4,1,0,sleeping,181,80,0,196608,19633,9142
2025-05-20 02:58:45,15945,2120085504,31252480,0.0,0.09364885264199616,0,12,0.02,0.02,0.0,0.0,0.0,9904128,0,8,4,1,0,sleeping,181,80,0,196608,19633,9142
2025-05-20 02:58:46,15945,2120085504,31252480,0.0,0.09364885264199616,0,12,0.02,0.02,0.0,0.0,0.0,9904128,0,8,4,1,0,sleeping,181,80,0,196608,19633,9142
2025-05-20 02:58:48,15945,2120085504,31252480,0.0,0.09364885264199616,0,12,0.02,0.02,0.0,0.0,0.0,9904128,0,8,4,1,0,sleeping,181,80,0,196608,19633,9142
2025-05-20 02:58:49,15945,2120085504,31252480,0.0,0.09364885264199616,0,12,0.02,0.02,0.0,0.0,0.0,9904128,0,8,4,1,0,sleeping,181,80,0,196608,19633,9142
2025-05-20 02:58:50,15945,2120085504,31252480,0.0,0.09364885264199616,0,12,0.02,0.02,0.0,0.0,0.0,9904128,0,8,4,1,0,sleeping,181,80,0,196608,19633,9142
2025-05-20 02:58:51,15945,2120085504,31252480,0.0,0.09364885264199616,0,12,0.02,0.02,0.0,0.0,0.0,9904128,0,8,4,1,0,sleeping,181,80,0,196608,19633,9142
2025-05-20 02:58:52,15945,2120085504,31252480,0.0,0.09364885264199616,0,12,0.02,0.02,0.0,0.0,0.0,9904128,0,8,4,1,0,sleeping,181,80,0,196608,19633,9142
2025-05-20 02:58:53,15945,2120085504,31252480,0.0,0.09364885264199616,0,12,0.02,0.02,0.0,0.0,0.0,9904128,0,7,4,1,0,sleeping,183,81,0,200704,19723,9224
2025-05-20 02:58:54,15945,2120085504,31252480,0.0,0.09364885264199616,0,12,0.02,0.02,0.0,0.0,0.0,9904128,0,7,4,1,0,sleeping,183,81,0,200704,19723,9224
2025-05-20 02:58:55,15945,2120085504,31252480,0.0,0.09364885264199616,0,12,0.02,0.02,0.0,0.0,0.0,9904128,0,7,4,1,0,sleeping,183,81,0,200704,19723,9224
2025-05-20 02:58:57,15945,2120085504,31252480,0.0,0.09364885264199616,0,12,0.02,0.02,0.0,0.0,0.0,9904128,0,7,4,1,0,sleeping,183,81,0,200704,19723,9224
2025-05-20 02:58:58,15945,2120085504,31252480,0.0,0.09364885264199616,0,12,0.02,0.02,0.0,0.0,0.0,9904128,0,7,4,1,0,sleeping,183,81,0,200704,19723,9224
2025-05-20 02:59:00,15945,2120085504,31252480,0.0,0.09364885264199616,0,12,0.02,0.02,0.0,0.0,0.0,9904128,0,7,4,1,0,sleeping,183,81,0,200704,19723,9224
2025-05-20 02:59:01,15945,2120085504,31252480,0.0,0.09364885264199616,0,12,0.02,0.02,0.0,0.0,0.0,9904128,0,7,4,1,0,sleeping,183,81,0,200704,19723,9224
2025-05-20 02:59:02,15945,2120085504,31252480,0.0,0.09364885264199616,0,12,0.02,0.02,0.0,0.0,0.0,9904128,0,7,4,1,0,sleeping,183,81,0,200704,19723,9224
2025-05-20 02:59:03,15945,2120085504,31252480,0.0,0.09364885264199616,0,12,0.02,0.02,0.0,0.0,0.0,9904128,0,7,4,1,0,sleeping,183,81,0,200704,19723,9224
2025-05-20 02:59:04,15945,2120085504,31252480,0.0,0.09364885264199616,0,12,0.02,0.02,0.0,0.0,0.0,9904128,0,7,4,1,0,sleeping,183,81,0,200704,19723,9224
2025-05-20 02:59:05,15945,2120085504,31252480,0.0,0.09364885264199616,0,12,0.02,0.02,0.0,0.0,0.0,9904128,0,7,4,1,0,sleeping,183,81,0,200704,19723,9224
2025-05-20 02:59:06,15945,2120085504,31252480,0.0,0.09364885264199616,0,12,0.02,0.02,0.0,0.0,0.0,9904128,0,7,4,1,0,sleeping,183,81,0,200704,19723,9224
2025-05-20 02:59:07,15945,2120085504,31252480,0.0,0.09364885264199616,0,12,0.02,0.02,0.0,0.0,0.0,9904128,0,7,4,1,0,sleeping,183,81,0,200704,19723,9224
2025-05-20 02:59:08,15945,2120085504,31252480,0.0,0.09364885264199616,0,12,0.02,0.02,0.0,0.0,0.0,9904128,0,7,4,1,0,sleeping,183,81,0,200704,19723,9224
2025-05-20 02:59:09,15945,2120085504,31252480,0.0,0.09364885264199616,0,12,0.02,0.02,0.0,0.0,0.0,9904128,0,7,4,1,0,sleeping,183,81,0,200704,19723,9224
2025-05-20 02:59:10,15945,2120085504,31252480,0.0,0.09364885264199616,0,12,0.02,0.02,0.0,0.0,0.0,9904128,0,7,4,1,0,sleeping,183,81,0,200704,19723,9224
2025-05-20 02:59:11,15945,2120085504,31252480,0.0,0.09364885264199616,0,12,0.02,0.02,0.0,0.0,0.0,9904128,0,7,4,1,0,sleeping,183,81,0,200704,19723,9224
2025-05-20 02:59:12,15945,2120085504,31252480,0.0,0.09364885264199616,0,12,0.02,0.02,0.0,0.0,0.0,9904128,0,7,4,1,0,sleeping,183,81,0,200704,19723,9224
2025-05-20 02:59:13,15945,2120085504,31252480,0.0,0.09364885264199616,0,12,0.02,0.02,0.0,0.0,0.0,9904128,0,7,4,1,0,sleeping,185,82,0,200704,19813,9306
2025-05-20 02:59:14,15945,2120085504,31252480,0.0,0.09364885264199616,0,12,0.02,0.02,0.0,0.0,0.0,9904128,0,7,4,1,0,sleeping,185,82,0,200704,19813,9306
2025-05-20 02:59:16,15945,2120085504,31252480,0.0,0.09364885264199616,0,12,0.02,0.02,0.0,0.0,0.0,9904128,0,7,4,1,0,sleeping,185,82,0,200704,19813,9306
2025-05-20 02:59:17,15945,2120085504,31252480,0.0,0.09364885264199616,0,12,0.02,0.02,0.0,0.0,0.0,9904128,0,7,4,1,0,sleeping,185,82,0,200704,19813,9306
2025-05-20 02:59:18,15945,2120085504,31252480,0.0,0.09364885264199616,0,12,0.02,0.02,0.0,0.0,0.0,9904128,0,7,4,1,0,sleeping,185,82,0,200704,19813,9306
2025-05-20 02:59:19,15945,2120085504,31252480,0.0,0.09364885264199616,0,12,0.02,0.02,0.0,0.0,0.0,9904128,0,7,4,1,0,sleeping,185,82,0,200704,19813,9306
2025-05-20 02:59:20,15945,2120085504,31252480,0.0,0.09364885264199616,0,12,0.02,0.02,0.0,0.0,0.0,9904128,0,7,4,1,0,sleeping,185,82,0,200704,19813,9306
2025-05-20 02:59:21,15945,2120085504,31252480,0.0,0.09364885264199616,0,12,0.02,0.02,0.0,0.0,0.0,9904128,0,7,4,1,0,sleeping,185,82,0,200704,19813,9306
2025-05-20 02:59:23,15945,2120085504,31252480,0.0,0.09364885264199616,0,12,0.02,0.02,0.0,0.0,0.0,9904128,0,7,4,1,0,sleeping,185,82,0,200704,19813,9306
2025-05-20 02:59:24,15945,2120085504,31252480,0.0,0.09364885264199616,0,12,0.02,0.02,0.0,0.0,0.0,9904128,0,7,4,1,0,sleeping,185,82,0,200704,19813,9306
2025-05-20 02:59:26,15945,2120085504,31252480,0.0,0.09364885264199616,0,12,0.02,0.02,0.0,0.0,0.0,9904128,0,7,4,1,0,sleeping,185,82,0,200704,19813,9306
2025-05-20 02:59:27,15945,2120085504,31252480,0.0,0.09364885264199616,0,12,0.02,0.02,0.0,0.0,0.0,9904128,0,7,4,1,0,sleeping,185,82,0,200704,19813,9306
2025-05-20 02:59:28,15945,2120085504,31252480,0.0,0.09364885264199616,0,12,0.02,0.02,0.0,0.0,0.0,9904128,0,7,4,1,0,sleeping,185,82,0,200704,19813,9306
2025-05-20 02:59:29,15945,2120085504,31252480,0.0,0.09364885264199616,0,12,0.02,0.02,0.0,0.0,0.0,9904128,0,7,4,1,0,sleeping,185,82,0,200704,19813,9306
2025-05-20 02:59:30,15945,2120085504,31252480,0.0,0.09364885264199616,0,12,0.02,0.02,0.0,0.0,0.0,9904128,0,7,4,1,0,sleeping,185,82,0,200704,19813,9306
2025-05-20 02:59:31,15945,2120085504,31252480,0.0,0.09364885264199616,0,12,0.02,0.02,0.0,0.0,0.0,9904128,0,7,4,1,0,sleeping,185,82,0,200704,19813,9306
2025-05-20 02:59:32,15945,2120085504,31252480,0.0,0.09364885264199616,0,12,0.02,0.02,0.0,0.0,0.0,9904128,0,7,4,1,0,sleeping,185,82,0,200704,19813,9306
2025-05-20 02:59:33,15945,2120085504,31252480,0.0,0.09364885264199616,0,12,0.02,0.02,0.0,0.0,0.0,9904128,0,7,4,1,0,sleeping,187,83,0,204800,19903,9388
2025-05-20 02:59:34,15945,2120085504,31252480,0.0,0.09364885264199616,0,12,0.02,0.02,0.0,0.0,0.0,9904128,0,7,4,1,0,sleeping,187,83,0,204800,19903,9388
2025-05-20 02:59:35,15945,2120085504,31252480,0.0,0.09364885264199616,0,12,0.02,0.02,0.0,0.0,0.0,9904128,0,7,4,1,0,sleeping,187,83,0,204800,19903,9388
2025-05-20 02:59:36,15945,2120085504,31252480,0.0,0.09364885264199616,0,12,0.02,0.02,0.0,0.0,0.0,9904128,0,7,4,1,0,sleeping,187,83,0,204800,19903,9388
2025-05-20 02:59:37,15945,2120085504,31252480,0.0,0.09364885264199616,0,12,0.02,0.02,0.0,0.0,0.0,9904128,0,7,4,1,0,sleeping,187,83,0,204800,19903,9388
2025-05-20 02:59:38,15945,2120085504,31252480,0.0,0.09364885264199616,0,12,0.02,0.02,0.0,0.0,0.0,9904128,0,7,4,1,0,sleeping,187,83,0,204800,19903,9388
2025-05-20 02:59:39,15945,2120085504,31252480,0.0,0.09364885264199616,0,12,0.02,0.02,0.0,0.0,0.0,9904128,0,7,4,1,0,sleeping,187,83,0,204800,19903,9388
2025-05-20 02:59:40,15945,2120085504,31252480,0.0,0.09364885264199616,0,12,0.02,0.02,0.0,0.0,0.0,9904128,0,7,4,1,0,sleeping,187,83,0,204800,19903,9388
2025-05-20 02:59:42,15945,2120085504,31252480,0.0,0.09364885264199616,0,12,0.02,0.02,0.0,0.0,0.0,9904128,0,7,4,1,0,sleeping,187,83,0,204800,19903,9388
2025-05-20 02:59:43,15945,2120085504,31252480,0.0,0.09364885264199616,0,12,0.02,0.02,0.0,0.0,0.0,9904128,0,7,4,1,0,sleeping,187,83,0,204800,19903,9388
2025-05-20 02:59:44,15945,2120085504,31252480,0.0,0.09364885264199616,0,12,0.02,0.02,0.0,0.0,0.0,9904128,0,7,4,1,0,sleeping,187,83,0,204800,19903,9388
2025-05-20 02:59:45,15945,2120085504,31252480,0.0,0.09364885264199616,0,12,0.02,0.02,0.0,0.0,0.0,9904128,0,7,4,1,0,sleeping,187,83,0,204800,19903,9388
2025-05-20 02:59:46,15945,2120085504,31252480,0.0,0.09364885264199616,0,12,0.02,0.02,0.0,0.0,0.0,9904128,0,7,4,1,0,sleeping,187,83,0,204800,19903,9388
2025-05-20 02:59:47,15945,2120085504,31252480,0.0,0.09364885264199616,0,12,0.02,0.02,0.0,0.0,0.0,9904128,0,7,4,1,0,sleeping,187,83,0,204800,19903,9388
2025-05-20 02:59:49,15945,2120085504,31252480,0.0,0.09364885264199616,0,12,0.02,0.02,0.0,0.0,0.0,9904128,0,7,4,1,0,sleeping,187,83,0,204800,19903,9388
2025-05-20 02:59:50,15945,2120085504,31252480,0.0,0.09364885264199616,0,12,0.02,0.02,0.0,0.0,0.0,9904128,0,7,4,1,0,sleeping,187,83,0,204800,19903,9388
2025-05-20 02:59:51,15945,2120085504,31252480,0.0,0.09364885264199616,0,12,0.02,0.02,0.0,0.0,0.0,9904128,0,7,4,1,0,sleeping,189,84,0,204800,19993,9470
2025-05-20 02:59:52,15945,2120085504,31252480,0.0,0.09364885264199616,0,12,0.02,0.02,0.0,0.0,0.0,9904128,0,7,4,1,0,sleeping,189,84,0,204800,19993,9470
2025-05-20 02:59:53,15945,2120085504,31252480,0.0,0.09364885264199616,0,12,0.02,0.02,0.0,0.0,0.0,9904128,0,7,4,1,0,sleeping,189,84,0,204800,19993,9470
2025-05-20 02:59:54,15945,2120085504,31252480,0.0,0.09364885264199616,0,12,0.02,0.02,0.0,0.0,0.0,9904128,0,7,4,1,0,sleeping,189,84,0,204800,19993,9470
2025-05-20 02:59:55,15945,2120085504,31252480,0.0,0.09364885264199616,0,12,0.02,0.02,0.0,0.0,0.0,9904128,0,7,4,1,0,sleeping,189,84,0,204800,19993,9470
2025-05-20 02:59:57,15945,2120085504,31252480,0.0,0.09364885264199616,0,12,0.02,0.02,0.0,0.0,0.0,9904128,0,8,4,1,0,sleeping,191,85,0,204800,20056,9525
2025-05-20 02:59:58,15945,2120085504,31252480,0.0,0.09364885264199616,0,12,0.02,0.02,0.0,0.0,0.0,9904128,0,8,4,1,0,sleeping,193,86,0,204800,20126,9587
2025-05-20 02:59:59,15945,2120085504,31252480,0.0,0.09364885264199616,0,12,0.02,0.02,0.0,0.0,0.0,9904128,0,8,4,1,0,sleeping,193,86,0,204800,20126,9587
2025-05-20 03:00:00,15945,2120085504,31252480,0.0,0.09364885264199616,0,12,0.02,0.02,0.0,0.0,0.0,9904128,0,8,4,1,0,sleeping,193,86,0,204800,20126,9587
2025-05-20 03:00:01,15945,2120085504,31252480,0.0,0.09364885264199616,0,12,0.02,0.02,0.0,0.0,0.0,9904128,0,8,4,1,0,sleeping,193,86,0,204800,20126,9587
2025-05-20 03:00:02,15945,2120085504,31252480,0.0,0.09364885264199616,0,12,0.02,0.02,0.0,0.0,0.0,9904128,0,8,4,1,0,sleeping,193,86,0,204800,20126,9587
2025-05-20 03:00:03,15945,2120085504,31252480,0.0,0.09364885264199616,0,12,0.02,0.02,0.0,0.0,0.0,9904128,0,8,4,1,0,sleeping,193,86,0,204800,20126,9587
2025-05-20 03:00:05,15945,2120085504,31252480,0.0,0.09364885264199616,0,12,0.02,0.02,0.0,0.0,0.0,9904128,0,8,4,1,0,sleeping,193,86,0,204800,20126,9587
2025-05-20 03:00:06,15945,2120085504,31252480,0.0,0.09364885264199616,0,12,0.02,0.02,0.0,0.0,0.0,9904128,0,8,4,1,0,sleeping,193,86,0,204800,20126,9587
2025-05-20 03:00:07,15945,2120085504,31252480,0.0,0.09364885264199616,0,12,0.02,0.02,0.0,0.0,0.0,9904128,0,8,4,1,0,sleeping,193,86,0,204800,20126,9587
2025-05-20 03:00:08,15945,2120085504,31252480,0.0,0.09364885264199616,0,12,0.02,0.02,0.0,0.0,0.0,9904128,0,8,4,1,0,sleeping,193,86,0,204800,20126,9587
2025-05-20 03:00:10,15945,2120085504,31252480,0.0,0.09364885264199616,0,12,0.02,0.02,0.0,0.0,0.0,9904128,0,8,4,1,0,sleeping,193,86,0,204800,20126,9587
2025-05-20 03:00:11,15945,2120085504,31252480,0.0,0.09364885264199616,0,12,0.02,0.02,0.0,0.0,0.0,9904128,0,8,4,1,0,sleeping,193,86,0,204800,20126,9587
2025-05-20 03:00:12,15945,2120085504,31252480,0.0,0.09364885264199616,0,12,0.02,0.02,0.0,0.0,0.0,9859072,0,8,4,1,0,sleeping,193,86,0,204800,20126,9587
2025-05-20 03:00:13,15945,2120085504,31252480,0.0,0.09364885264199616,0,12,0.02,0.02,0.0,0.0,0.0,9859072,0,8,4,1,0,sleeping,193,86,0,204800,20126,9587
2025-05-20 03:00:14,15945,2120085504,31252480,0.0,0.09364885264199616,0,12,0.02,0.02,0.0,0.0,0.0,9859072,0,8,4,1,0,sleeping,193,86,0,204800,20126,9587
2025-05-20 03:00:15,15945,2120085504,31252480,0.0,0.09364885264199616,0,12,0.02,0.02,0.0,0.0,0.0,9859072,0,8,4,1,0,sleeping,193,86,0,204800,20126,9587
2025-05-20 03:00:16,15945,2120085504,31252480,0.0,0.09364885264199616,0,12,0.02,0.02,0.0,0.0,0.0,9859072,0,8,4,1,0,sleeping,193,86,0,204800,20126,9587
2025-05-20 03:00:17,15945,2120085504,31252480,0.9,0.09364885264199616,0,12,0.03,0.02,0.0,0.0,0.0,9924608,0,6,4,1,0,sleeping,195,87,1310720,208896,20183,9636
2025-05-20 03:00:18,15945,2120085504,31252480,0.0,0.09364885264199616,0,12,0.03,0.02,0.0,0.0,0.0,9924608,0,6,4,1,0,sleeping,195,87,1310720,208896,20183,9636
2025-05-20 03:00:19,15945,2120085504,31252480,0.0,0.09364885264199616,0,12,0.03,0.02,0.0,0.0,0.0,9924608,0,6,4,1,0,sleeping,195,87,1310720,208896,20183,9636
2025-05-20 03:00:20,15945,2120085504,31252480,0.0,0.09364885264199616,0,12,0.03,0.02,0.0,0.0,0.0,9924608,0,6,4,1,0,sleeping,195,87,1310720,208896,20183,9636
2025-05-20 03:00:22,15945,2120085504,31252480,0.0,0.09364885264199616,0,12,0.03,0.02,0.0,0.0,0.0,9924608,0,6,4,1,0,sleeping,195,87,1310720,208896,20183,9636
2025-05-20 03:00:23,15945,2120085504,31252480,0.0,0.09364885264199616,0,12,0.03,0.02,0.0,0.0,0.0,9924608,0,6,4,1,0,sleeping,195,87,1310720,208896,20183,9636
2025-05-20 03:00:24,15945,2120085504,31252480,0.0,0.09364885264199616,0,12,0.03,0.02,0.0,0.0,0.0,9924608,0,6,4,1,0,sleeping,195,87,1310720,208896,20183,9636
2025-05-20 03:00:25,15945,2120085504,31252480,0.0,0.09364885264199616,0,12,0.03,0.02,0.0,0.0,0.0,9924608,0,6,4,1,0,sleeping,195,87,1310720,208896,20183,9636
2025-05-20 03:00:26,15945,2120085504,31252480,0.0,0.09364885264199616,0,12,0.03,0.02,0.0,0.0,0.0,9924608,0,6,4,1,0,sleeping,195,87,1310720,208896,20183,9636
2025-05-20 03:00:27,15945,2120085504,31252480,0.0,0.09364885264199616,0,12,0.03,0.02,0.0,0.0,0.0,9924608,0,6,4,1,0,sleeping,195,87,1310720,208896,20183,9636
2025-05-20 03:00:28,15945,2120085504,31252480,0.0,0.09364885264199616,0,12,0.03,0.02,0.0,0.0,0.0,9924608,0,6,4,1,0,sleeping,195,87,1310720,208896,20183,9636
2025-05-20 03:00:29,15945,2120085504,31252480,0.0,0.09364885264199616,0,12,0.03,0.02,0.0,0.0,0.0,9924608,0,6,4,1,0,sleeping,195,87,1310720,208896,20183,9636
2025-05-20 03:00:30,15945,2120085504,31252480,0.0,0.09364885264199616,0,12,0.03,0.02,0.0,0.0,0.0,9924608,0,5,3,1,0,sleeping,197,88,1310720,208896,20246,9691
2025-05-20 03:00:31,15945,2120085504,31252480,0.0,0.09364885264199616,0,12,0.03,0.02,0.0,0.0,0.0,9924608,0,5,3,1,0,sleeping,197,88,1310720,208896,20246,9691
2025-05-20 03:00:32,15945,2120085504,31252480,0.0,0.09364885264199616,0,12,0.03,0.02,0.0,0.0,0.0,9924608,0,5,3,1,0,sleeping,197,88,1310720,208896,20246,9691
2025-05-20 03:00:34,15945,2120085504,31252480,0.0,0.09364885264199616,0,12,0.03,0.02,0.0,0.0,0.0,9924608,0,5,3,1,0,sleeping,197,88,1310720,208896,20246,9691
2025-05-20 03:00:35,15945,2120085504,31252480,0.0,0.09364885264199616,0,12,0.03,0.02,0.0,0.0,0.0,9924608,0,5,3,1,0,sleeping,197,88,1310720,208896,20246,9691
2025-05-20 03:00:36,15945,2120085504,31252480,0.0,0.09364885264199616,0,12,0.03,0.02,0.0,0.0,0.0,9924608,0,5,3,1,0,sleeping,197,88,1310720,208896,20246,9691
2025-05-20 03:00:37,15945,2120085504,31252480,0.0,0.09364885264199616,0,12,0.03,0.02,0.0,0.0,0.0,9924608,0,5,3,1,0,sleeping,197,88,1310720,208896,20246,9691
2025-05-20 03:00:39,15945,2120085504,31252480,0.0,0.09364885264199616,0,12,0.03,0.02,0.0,0.0,0.0,9924608,0,5,3,1,0,sleeping,197,88,1310720,208896,20246,9691
2025-05-20 03:00:40,15945,2120085504,31252480,0.0,0.09364885264199616,0,12,0.03,0.02,0.0,0.0,0.0,9924608,0,5,3,1,0,sleeping,197,88,1310720,208896,20246,9691
2025-05-20 03:00:41,15945,2120085504,31252480,0.0,0.09364885264199616,0,12,0.03,0.02,0.0,0.0,0.0,9924608,0,5,3,1,0,sleeping,197,88,1310720,208896,20246,9691
2025-05-20 03:00:42,15945,2120085504,31252480,0.0,0.09364885264199616,0,12,0.03,0.02,0.0,0.0,0.0,9924608,0,5,3,1,0,sleeping,197,88,1310720,208896,20246,9691
2025-05-20 03:00:43,15945,2120085504,31252480,0.0,0.09364885264199616,0,12,0.03,0.02,0.0,0.0,0.0,9924608,0,5,3,1,0,sleeping,197,88,1310720,208896,20246,9691
2025-05-20 03:00:44,15945,2120085504,31252480,0.0,0.09364885264199616,0,12,0.03,0.02,0.0,0.0,0.0,9924608,0,5,3,1,0,sleeping,197,88,1310720,208896,20246,9691
2025-05-20 03:00:45,15945,2120085504,31252480,0.0,0.09364885264199616,0,12,0.03,0.02,0.0,0.0,0.0,9924608,0,5,3,1,0,sleeping,197,88,1310720,208896,20246,9691
2025-05-20 03:00:46,15945,2120085504,31252480,0.0,0.09364885264199616,0,12,0.03,0.02,0.0,0.0,0.0,9924608,0,5,3,1,0,sleeping,197,88,1310720,208896,20246,9691
2025-05-20 03:00:47,15945,2120085504,31252480,0.0,0.09364885264199616,0,12,0.03,0.02,0.0,0.0,0.0,9924608,0,5,3,1,0,sleeping,197,88,1310720,208896,20246,9691
2025-05-20 03:00:48,15945,2120085504,31252480,0.0,0.09364885264199616,0,12,0.03,0.02,0.0,0.0,0.0,9924608,0,5,3,1,0,sleeping,197,88,1310720,208896,20246,9691
2025-05-20 03:00:49,15945,2120085504,31252480,0.0,0.09364885264199616,0,12,0.03,0.02,0.0,0.0,0.0,9924608,0,5,3,1,0,sleeping,197,88,1310720,208896,20246,9691
2025-05-20 03:00:50,15945,2120085504,31252480,0.0,0.09364885264199616,0,12,0.03,0.02,0.0,0.0,0.0,9924608,0,5,3,1,0,sleeping,197,88,1310720,208896,20246,9691
2025-05-20 03:00:52,15945,2120085504,31252480,0.0,0.09364885264199616,0,12,0.03,0.02,0.0,0.0,0.0,9924608,0,5,3,1,0,sleeping,197,88,1310720,208896,20246,9691
2025-05-20 03:00:53,15945,2120085504,31252480,0.0,0.09364885264199616,0,12,0.03,0.02,0.0,0.0,0.0,9924608,0,5,3,1,0,sleeping,197,88,1310720,208896,20246,9691
2025-05-20 03:00:54,15945,2120085504,31252480,0.0,0.09364885264199616,0,12,0.03,0.02,0.0,0.0,0.0,9924608,0,5,3,1,0,sleeping,197,88,1310720,208896,20246,9691
2025-05-20 03:00:55,15945,2120085504,31252480,0.0,0.09364885264199616,0,12,0.03,0.02,0.0,0.0,0.0,9924608,0,5,3,1,0,sleeping,197,88,1310720,208896,20246,9691
2025-05-20 03:00:56,15945,2120085504,31252480,0.0,0.09364885264199616,0,12,0.03,0.02,0.0,0.0,0.0,9924608,0,5,3,1,0,sleeping,197,88,1310720,208896,20246,9691
2025-05-20 03:00:57,15945,2120085504,31252480,0.0,0.09364885264199616,0,12,0.03,0.02,0.0,0.0,0.0,9924608,0,5,3,1,0,sleeping,197,88,1310720,208896,20246,9691
2025-05-20 03:00:58,15945,2120085504,31252480,0.0,0.09364885264199616,0,12,0.03,0.02,0.0,0.0,0.0,9924608,0,5,3,1,0,sleeping,197,88,1310720,208896,20246,9691
2025-05-20 03:00:59,15945,2120085504,31252480,0.0,0.09364885264199616,0,12,0.03,0.02,0.0,0.0,0.0,9924608,0,5,3,1,0,sleeping,197,88,1310720,208896,20246,9691
2025-05-20 03:01:00,15945,2120085504,31252480,0.0,0.09364885264199616,0,12,0.03,0.02,0.0,0.0,0.0,9924608,0,5,3,1,0,sleeping,197,88,1310720,208896,20246,9691
2025-05-20 03:01:01,15945,2120085504,31252480,0.0,0.09364885264199616,0,12,0.03,0.02,0.0,0.0,0.0,9924608,0,5,3,1,0,sleeping,197,88,1310720,208896,20246,9691
2025-05-20 03:01:02,15945,2120085504,31252480,0.0,0.09364885264199616,0,12,0.03,0.02,0.0,0.0,0.0,9924608,0,5,3,1,0,sleeping,197,88,1310720,208896,20246,9691
2025-05-20 03:01:03,15945,2120085504,31252480,0.0,0.09364885264199616,0,12,0.03,0.02,0.0,0.0,0.0,9924608,0,5,3,1,0,sleeping,197,88,1310720,208896,20246,9691
2025-05-20 03:01:05,15945,2120085504,31252480,0.0,0.09364885264199616,0,12,0.03,0.02,0.0,0.0,0.0,9924608,0,5,3,1,0,sleeping,197,88,1310720,208896,20246,9691
2025-05-20 03:01:06,15945,2120085504,31252480,0.0,0.09364885264199616,0,12,0.03,0.02,0.0,0.0,0.0,9924608,0,5,3,1,0,sleeping,197,88,1310720,208896,20246,9691
2025-05-20 03:01:07,15945,2120085504,31252480,0.0,0.09364885264199616,0,12,0.03,0.02,0.0,0.0,0.0,9924608,0,5,3,1,0,sleeping,197,88,1310720,208896,20246,9691
2025-05-20 03:01:08,15945,2120085504,31252480,0.0,0.09364885264199616,0,12,0.03,0.02,0.0,0.0,0.0,9924608,0,5,3,1,0,sleeping,197,88,1310720,208896,20246,9691
2025-05-20 03:01:09,15945,2120085504,31252480,0.0,0.09364885264199616,0,12,0.03,0.02,0.0,0.0,0.0,9924608,0,5,3,1,0,sleeping,197,88,1310720,208896,20246,9691
2025-05-20 03:01:10,15945,2120085504,31252480,0.0,0.09364885264199616,0,12,0.03,0.02,0.0,0.0,0.0,9924608,0,5,3,1,0,sleeping,197,88,1310720,208896,20246,9691
2025-05-20 03:01:11,15945,2120085504,31252480,0.0,0.09364885264199616,0,12,0.03,0.02,0.0,0.0,0.0,9924608,0,5,3,1,0,sleeping,197,88,1310720,208896,20246,9691
2025-05-20 03:01:12,15945,2120085504,31252480,0.0,0.09364885264199616,0,12,0.03,0.02,0.0,0.0,0.0,9924608,0,5,3,1,0,sleeping,197,88,1310720,208896,20246,9691
2025-05-20 03:01:13,15945,2120085504,31252480,0.0,0.09364885264199616,0,12,0.03,0.02,0.0,0.0,0.0,9924608,0,5,3,1,0,sleeping,197,88,1310720,208896,20246,9691
2025-05-20 03:01:14,15945,2120085504,31252480,0.0,0.09364885264199616,0,12,0.03,0.02,0.0,0.0,0.0,9924608,0,5,3,1,0,sleeping,197,88,1310720,208896,20246,9691
2025-05-20 03:01:15,15945,2120085504,31252480,0.0,0.09364885264199616,0,12,0.03,0.02,0.0,0.0,0.0,9924608,0,5,3,1,0,sleeping,197,88,1310720,208896,20246,9691
2025-05-20 03:01:16,15945,2120085504,31252480,0.0,0.09364885264199616,0,12,0.03,0.02,0.0,0.0,0.0,9924608,0,5,3,1,0,sleeping,197,88,1310720,208896,20246,9691
2025-05-20 03:01:18,15945,2120085504,31252480,0.0,0.09364885264199616,0,12,0.03,0.02,0.0,0.0,0.0,9924608,0,5,3,1,0,sleeping,197,88,1310720,208896,20246,9691
2025-05-20 03:01:19,15945,2120085504,31252480,0.0,0.09364885264199616,0,12,0.03,0.02,0.0,0.0,0.0,9924608,0,5,3,1,0,sleeping,197,88,1310720,208896,20246,9691
2025-05-20 03:01:20,15945,2120085504,31252480,0.0,0.09364885264199616,0,12,0.03,0.02,0.0,0.0,0.0,9924608,0,5,3,1,0,sleeping,197,88,1310720,208896,20246,9691
2025-05-20 03:01:21,15945,2120085504,31252480,0.0,0.09364885264199616,0,12,0.03,0.02,0.0,0.0,0.0,9924608,0,5,3,1,0,sleeping,197,88,1310720,208896,20246,9691
2025-05-20 03:01:22,15945,2120085504,31252480,0.0,0.09364885264199616,0,12,0.03,0.02,0.0,0.0,0.0,9924608,0,5,3,1,0,sleeping,197,88,1310720,208896,20246,9691
2025-05-20 03:01:23,15945,2120085504,31252480,0.0,0.09364885264199616,0,12,0.03,0.02,0.0,0.0,0.0,9924608,0,5,3,1,0,sleeping,197,88,1310720,208896,20246,9691
2025-05-20 03:01:24,15945,2120085504,31252480,0.0,0.09364885264199616,0,12,0.03,0.02,0.0,0.0,0.0,9924608,0,5,3,1,0,sleeping,197,88,1310720,208896,20246,9691
2025-05-20 03:01:25,15945,2120085504,31252480,0.0,0.09364885264199616,0,12,0.03,0.02,0.0,0.0,0.0,9924608,0,5,3,1,0,sleeping,197,88,1310720,208896,20246,9691
2025-05-20 03:01:26,15945,2120085504,31252480,0.0,0.09364885264199616,0,12,0.03,0.02,0.0,0.0,0.0,9924608,0,5,3,1,0,sleeping,197,88,1310720,208896,20246,9691
2025-05-20 03:01:27,15945,2120085504,31252480,0.0,0.09364885264199616,0,12,0.03,0.02,0.0,0.0,0.0,9924608,0,5,3,1,0,sleeping,197,88,1310720,208896,20246,9691
2025-05-20 03:01:28,15945,2120085504,31252480,0.0,0.09364885264199616,0,12,0.03,0.02,0.0,0.0,0.0,9924608,0,5,3,1,0,sleeping,197,88,1310720,208896,20246,9691
2025-05-20 03:01:30,15945,2120085504,31252480,0.0,0.09364885264199616,0,12,0.03,0.02,0.0,0.0,0.0,9924608,0,5,3,1,0,sleeping,197,88,1310720,208896,20246,9691
2025-05-20 03:01:31,15945,2120085504,31252480,0.0,0.09364885264199616,0,12,0.03,0.02,0.0,0.0,0.0,9924608,0,5,3,1,0,sleeping,197,88,1310720,208896,20246,9691
2025-05-20 03:01:32,15945,2120085504,31252480,0.0,0.09364885264199616,0,12,0.03,0.02,0.0,0.0,0.0,9924608,0,5,3,1,0,sleeping,197,88,1310720,208896,20246,9691
2025-05-20 03:01:33,15945,2120085504,31252480,0.0,0.09364885264199616,0,12,0.03,0.02,0.0,0.0,0.0,9924608,0,5,3,1,0,sleeping,197,88,1310720,208896,20246,9691
2025-05-20 03:01:34,15945,2120085504,31252480,0.0,0.09364885264199616,0,12,0.03,0.02,0.0,0.0,0.0,9924608,0,5,3,1,0,sleeping,197,88,1310720,208896,20246,9691
2025-05-20 03:01:35,15945,2120085504,31252480,0.0,0.09364885264199616,0,12,0.03,0.02,0.0,0.0,0.0,9920512,0,5,3,1,0,sleeping,197,88,1310720,208896,20246,9691
2025-05-20 03:01:36,15945,2120085504,31252480,0.0,0.09364885264199616,0,12,0.03,0.02,0.0,0.0,0.0,9920512,0,5,3,1,0,sleeping,197,88,1310720,208896,20246,9691
2025-05-20 03:01:37,15945,2120085504,31252480,0.0,0.09364885264199616,0,12,0.03,0.02,0.0,0.0,0.0,9920512,0,5,3,1,0,sleeping,197,88,1310720,208896,20246,9691
2025-05-20 03:01:38,15945,2120085504,31252480,0.0,0.09364885264199616,0,12,0.03,0.02,0.0,0.0,0.0,9920512,0,5,3,1,0,sleeping,197,88,1310720,208896,20246,9691
2025-05-20 03:01:39,15945,2120085504,31252480,0.0,0.09364885264199616,0,12,0.03,0.02,0.0,0.0,0.0,9920512,0,5,3,1,0,sleeping,197,88,1310720,208896,20246,9691
2025-05-20 03:01:40,15945,2120085504,31252480,0.0,0.09364885264199616,0,12,0.03,0.02,0.0,0.0,0.0,9920512,0,5,3,1,0,sleeping,197,88,1310720,208896,20246,9691
2025-05-20 03:01:41,15945,2120085504,31252480,0.0,0.09364885264199616,0,12,0.03,0.02,0.0,0.0,0.0,9920512,0,5,3,1,0,sleeping,197,88,1310720,208896,20246,9691
2025-05-20 03:01:43,15945,2120085504,31252480,0.0,0.09364885264199616,0,12,0.03,0.02,0.0,0.0,0.0,9920512,0,5,3,1,0,sleeping,197,88,1310720,208896,20246,9691
2025-05-20 03:01:44,15945,2120085504,31252480,0.0,0.09364885264199616,0,12,0.03,0.02,0.0,0.0,0.0,9920512,0,5,3,1,0,sleeping,197,88,1310720,208896,20246,9691
2025-05-20 03:01:45,15945,2120085504,31252480,0.0,0.09364885264199616,0,12,0.03,0.02,0.0,0.0,0.0,9920512,0,5,3,1,0,sleeping,197,88,1310720,208896,20246,9691
2025-05-20 03:01:46,15945,2120085504,31252480,0.0,0.09364885264199616,0,12,0.03,0.02,0.0,0.0,0.0,9920512,0,5,3,1,0,sleeping,197,88,1310720,208896,20246,9691
2025-05-20 03:01:47,15945,2120085504,31252480,0.0,0.09364885264199616,0,12,0.03,0.02,0.0,0.0,0.0,9920512,0,5,3,1,0,sleeping,197,88,1310720,208896,20246,9691
2025-05-20 03:01:48,15945,2120085504,31252480,0.0,0.09364885264199616,0,12,0.03,0.02,0.0,0.0,0.0,9920512,0,5,3,1,0,sleeping,197,88,1310720,208896,20246,9691
2025-05-20 03:01:49,15945,2120085504,31252480,0.0,0.09364885264199616,0,12,0.03,0.02,0.0,0.0,0.0,9920512,0,5,3,1,0,sleeping,197,88,1310720,208896,20246,9691
2025-05-20 03:01:50,15945,2120085504,31252480,0.0,0.09364885264199616,0,12,0.03,0.02,0.0,0.0,0.0,9920512,0,5,3,1,0,sleeping,197,88,1310720,208896,20246,9691
2025-05-20 03:01:51,15945,2120085504,31252480,0.0,0.09364885264199616,0,12,0.03,0.02,0.0,0.0,0.0,9920512,0,5,3,1,0,sleeping,197,88,1310720,208896,20246,9691
2025-05-20 03:01:52,15945,2120085504,31252480,0.0,0.09364885264199616,0,12,0.03,0.02,0.0,0.0,0.0,9920512,0,5,3,1,0,sleeping,197,88,1310720,208896,20246,9691
2025-05-20 03:01:53,15945,2120085504,31252480,0.0,0.09364885264199616,0,12,0.03,0.02,0.0,0.0,0.0,9920512,0,5,3,1,0,sleeping,197,88,1310720,208896,20246,9691
2025-05-20 03:01:54,15945,2120085504,31252480,0.0,0.09364885264199616,0,12,0.03,0.02,0.0,0.0,0.0,9920512,0,5,3,1,0,sleeping,197,88,1310720,208896,20246,9691
2025-05-20 03:01:56,15945,2120085504,31252480,0.0,0.09364885264199616,0,12,0.03,0.02,0.0,0.0,0.0,9912320,0,5,3,1,0,sleeping,197,88,1310720,208896,20246,9691
2025-05-20 03:01:57,15945,2120085504,31252480,0.0,0.09364885264199616,0,12,0.03,0.02,0.0,0.0,0.0,9912320,0,5,3,1,0,sleeping,197,88,1310720,208896,20246,9691
2025-05-20 03:01:58,15945,2120085504,31252480,0.0,0.09364885264199616,0,12,0.03,0.02,0.0,0.0,0.0,9912320,0,5,3,1,0,sleeping,197,88,1310720,208896,20246,9691
2025-05-20 03:01:59,15945,2120085504,31252480,0.0,0.09364885264199616,0,12,0.03,0.02,0.0,0.0,0.0,9912320,0,5,3,1,0,sleeping,197,88,1310720,208896,20246,9691
2025-05-20 03:02:00,15945,2120085504,31252480,0.0,0.09364885264199616,0,12,0.03,0.02,0.0,0.0,0.0,9912320,0,5,3,1,0,sleeping,197,88,1310720,208896,20246,9691
2025-05-20 03:02:01,15945,2120085504,31252480,0.0,0.09364885264199616,0,12,0.03,0.02,0.0,0.0,0.0,9912320,0,5,3,1,0,sleeping,197,88,1310720,208896,20246,9691
2025-05-20 03:02:02,15945,2120085504,31252480,0.0,0.09364885264199616,0,12,0.03,0.02,0.0,0.0,0.0,9912320,0,5,3,1,0,sleeping,197,88,1310720,208896,20246,9691
2025-05-20 03:02:03,15945,2120085504,31252480,0.0,0.09364885264199616,0,12,0.03,0.02,0.0,0.0,0.0,9912320,0,5,3,1,0,sleeping,197,88,1310720,208896,20246,9691
2025-05-20 03:02:04,15945,2120085504,31252480,0.0,0.09364885264199616,0,12,0.03,0.02,0.0,0.0,0.0,9912320,0,5,3,1,0,sleeping,197,88,1310720,208896,20246,9691
2025-05-20 03:02:05,15945,2120085504,31252480,0.0,0.09364885264199616,0,12,0.03,0.02,0.0,0.0,0.0,9912320,0,5,3,1,0,sleeping,197,88,1310720,208896,20246,9691
2025-05-20 03:02:06,15945,2120085504,31252480,0.0,0.09364885264199616,0,12,0.03,0.02,0.0,0.0,0.0,9912320,0,5,3,1,0,sleeping,197,88,1310720,208896,20246,9691
2025-05-20 03:02:07,15945,2120085504,31252480,0.0,0.09364885264199616,0,12,0.03,0.02,0.0,0.0,0.0,9912320,0,5,3,1,0,sleeping,197,88,1310720,208896,20246,9691
2025-05-20 03:02:09,15945,2120085504,31252480,0.0,0.09364885264199616,0,12,0.03,0.02,0.0,0.0,0.0,9912320,0,5,3,1,0,sleeping,197,88,1310720,208896,20246,9691
2025-05-20 03:02:10,15945,2120085504,31252480,0.0,0.09364885264199616,0,12,0.03,0.02,0.0,0.0,0.0,9912320,0,5,3,1,0,sleeping,197,88,1310720,208896,20246,9691
2025-05-20 03:02:11,15945,2120085504,31252480,0.0,0.09364885264199616,0,12,0.03,0.02,0.0,0.0,0.0,9912320,0,5,3,1,0,sleeping,197,88,1310720,208896,20246,9691
2025-05-20 03:02:12,15945,2120085504,31252480,0.0,0.09364885264199616,0,12,0.03,0.02,0.0,0.0,0.0,9912320,0,5,3,1,0,sleeping,197,88,1310720,208896,20246,9691
2025-05-20 03:02:13,15945,2120085504,31252480,0.0,0.09364885264199616,0,12,0.03,0.02,0.0,0.0,0.0,9912320,0,5,3,1,0,sleeping,197,88,1310720,208896,20246,9691
2025-05-20 03:02:14,15945,2120085504,31252480,0.0,0.09364885264199616,0,12,0.03,0.02,0.0,0.0,0.0,9912320,0,5,3,1,0,sleeping,197,88,1310720,208896,20246,9691
2025-05-20 03:02:15,15945,2120085504,31252480,0.0,0.09364885264199616,0,12,0.03,0.02,0.0,0.0,0.0,9912320,0,5,3,1,0,sleeping,197,88,1310720,208896,20246,9691
2025-05-20 03:02:16,15945,2120085504,31252480,0.0,0.09364885264199616,0,12,0.03,0.02,0.0,0.0,0.0,9912320,0,5,3,1,0,sleeping,197,88,1310720,208896,20246,9691
2025-05-20 03:02:17,15945,2120085504,31252480,0.0,0.09364885264199616,0,12,0.03,0.02,0.0,0.0,0.0,9912320,0,5,3,1,0,sleeping,197,88,1310720,208896,20246,9691
2025-05-20 03:02:18,15945,2120085504,31252480,0.0,0.09364885264199616,0,12,0.03,0.02,0.0,0.0,0.0,9912320,0,5,3,1,0,sleeping,197,88,1310720,208896,20246,9691
2025-05-20 03:02:19,15945,2120085504,31252480,0.0,0.09364885264199616,0,12,0.03,0.02,0.0,0.0,0.0,9912320,0,5,3,1,0,sleeping,197,88,1310720,208896,20246,9691
2025-05-20 03:02:20,15945,2120085504,31252480,0.0,0.09364885264199616,0,12,0.03,0.02,0.0,0.0,0.0,9912320,0,5,3,1,0,sleeping,197,88,1310720,208896,20246,9691
2025-05-20 03:02:22,15945,2120085504,31252480,0.0,0.09364885264199616,0,12,0.03,0.02,0.0,0.0,0.0,9912320,0,5,3,1,0,sleeping,197,88,1310720,208896,20246,9691
2025-05-20 03:02:23,15945,2120085504,31252480,0.0,0.09364885264199616,0,12,0.03,0.02,0.0,0.0,0.0,9912320,0,5,3,1,0,sleeping,197,88,1310720,208896,20246,9691
2025-05-20 03:02:24,15945,2120085504,31252480,0.0,0.09364885264199616,0,12,0.03,0.02,0.0,0.0,0.0,9912320,0,5,3,1,0,sleeping,197,88,1310720,208896,20246,9691
2025-05-20 03:02:25,15945,2120085504,31252480,0.0,0.09364885264199616,0,12,0.03,0.02,0.0,0.0,0.0,9912320,0,5,3,1,0,sleeping,197,88,1310720,208896,20246,9691
2025-05-20 03:02:26,15945,2120085504,31252480,0.0,0.09364885264199616,0,12,0.03,0.02,0.0,0.0,0.0,9912320,0,5,3,1,0,sleeping,197,88,1310720,208896,20246,9691
2025-05-20 03:02:27,15945,2120085504,31252480,0.0,0.09364885264199616,0,12,0.03,0.02,0.0,0.0,0.0,9912320,0,5,3,1,0,sleeping,197,88,1310720,208896,20246,9691
2025-05-20 03:02:28,15945,2120085504,31252480,0.0,0.09364885264199616,0,12,0.03,0.02,0.0,0.0,0.0,9912320,0,5,3,1,0,sleeping,197,88,1310720,208896,20246,9691
2025-05-20 03:02:29,15945,2120085504,31252480,0.0,0.09364885264199616,0,12,0.03,0.02,0.0,0.0,0.0,9912320,0,5,3,1,0,sleeping,197,88,1310720,208896,20246,9691
2025-05-20 03:02:30,15945,2120085504,31252480,0.0,0.09364885264199616,0,12,0.03,0.02,0.0,0.0,0.0,9912320,0,6,4,1,0,sleeping,197,88,1310720,208896,20246,9691
2025-05-20 03:02:31,15945,2120085504,31252480,0.0,0.09364885264199616,0,12,0.03,0.02,0.0,0.0,0.0,9912320,0,6,4,1,0,sleeping,197,88,1310720,208896,20246,9691
2025-05-20 03:02:32,15945,2120085504,31252480,0.0,0.09364885264199616,0,12,0.03,0.02,0.0,0.0,0.0,9912320,0,6,4,1,0,sleeping,197,88,1310720,208896,20246,9691
2025-05-20 03:02:33,15945,2120085504,31252480,0.0,0.09364885264199616,0,12,0.03,0.02,0.0,0.0,0.0,9912320,0,6,4,1,0,sleeping,197,88,1310720,208896,20246,9691
2025-05-20 03:02:35,15945,2120085504,31252480,0.0,0.09364885264199616,0,12,0.03,0.02,0.0,0.0,0.0,9912320,0,6,4,1,0,sleeping,197,88,1310720,208896,20246,9691
2025-05-20 03:02:36,15945,2120085504,31252480,0.0,0.09364885264199616,0,12,0.03,0.02,0.0,0.0,0.0,9912320,0,6,4,1,0,sleeping,197,88,1310720,208896,20246,9691
2025-05-20 03:02:37,15945,2120085504,31252480,0.0,0.09364885264199616,0,12,0.03,0.02,0.0,0.0,0.0,9912320,0,6,4,1,0,sleeping,197,88,1310720,208896,20246,9691
2025-05-20 03:02:38,15945,2120085504,31252480,0.0,0.09364885264199616,0,12,0.03,0.02,0.0,0.0,0.0,9912320,0,6,4,1,0,sleeping,197,88,1310720,208896,20246,9691
2025-05-20 03:02:39,15945,2120085504,31252480,0.0,0.09364885264199616,0,12,0.03,0.02,0.0,0.0,0.0,9912320,0,6,4,1,0,sleeping,197,88,1310720,208896,20246,9691
2025-05-20 03:02:40,15945,2120085504,31252480,0.0,0.09364885264199616,0,12,0.03,0.02,0.0,0.0,0.0,9912320,0,6,4,1,0,sleeping,197,88,1310720,208896,20246,9691
2025-05-20 03:02:41,15945,2120085504,31252480,0.0,0.09364885264199616,0,12,0.03,0.02,0.0,0.0,0.0,9912320,0,6,4,1,0,sleeping,197,88,1310720,208896,20246,9691
2025-05-20 03:02:42,15945,2120085504,31252480,0.0,0.09364885264199616,0,12,0.03,0.02,0.0,0.0,0.0,9912320,0,6,4,1,0,sleeping,197,88,1310720,208896,20246,9691
2025-05-20 03:02:43,15945,2120085504,31252480,0.0,0.09364885264199616,0,12,0.03,0.02,0.0,0.0,0.0,9912320,0,6,4,1,0,sleeping,197,88,1310720,208896,20246,9691
2025-05-20 03:02:44,15945,2120085504,31252480,0.0,0.09364885264199616,0,12,0.03,0.02,0.0,0.0,0.0,9912320,0,6,4,1,0,sleeping,197,88,1310720,208896,20246,9691
2025-05-20 03:02:45,15945,2120085504,31252480,0.0,0.09364885264199616,0,12,0.03,0.02,0.0,0.0,0.0,9912320,0,6,4,1,0,sleeping,197,88,1310720,208896,20246,9691
2025-05-20 03:02:47,15945,2120085504,31252480,0.0,0.09364885264199616,0,12,0.03,0.02,0.0,0.0,0.0,9912320,0,6,4,1,0,sleeping,197,88,1310720,208896,20246,9691
2025-05-20 03:02:48,15945,2120085504,31252480,0.0,0.09364885264199616,0,12,0.03,0.02,0.0,0.0,0.0,9912320,0,6,4,1,0,sleeping,197,88,1310720,208896,20246,9691
2025-05-20 03:02:49,15945,2120085504,31252480,0.0,0.09364885264199616,0,12,0.03,0.02,0.0,0.0,0.0,9912320,0,6,4,1,0,sleeping,197,88,1310720,208896,20246,9691
2025-05-20 03:02:50,15945,2120085504,31252480,0.0,0.09364885264199616,0,12,0.03,0.02,0.0,0.0,0.0,9912320,0,6,4,1,0,sleeping,197,88,1310720,208896,20246,9691
2025-05-20 03:02:51,15945,2120085504,31252480,0.0,0.09364885264199616,0,12,0.03,0.02,0.0,0.0,0.0,9912320,0,6,4,1,0,sleeping,197,88,1310720,208896,20246,9691
2025-05-20 03:02:52,15945,2120085504,31252480,0.0,0.09364885264199616,0,12,0.03,0.02,0.0,0.0,0.0,9912320,0,6,4,1,0,sleeping,197,88,1310720,208896,20246,9691
2025-05-20 03:02:53,15945,2120085504,31252480,0.0,0.09364885264199616,0,12,0.03,0.02,0.0,0.0,0.0,9912320,0,6,4,1,0,sleeping,197,88,1310720,208896,20246,9691
2025-05-20 03:02:54,15945,2120085504,31252480,0.0,0.09364885264199616,0,12,0.03,0.02,0.0,0.0,0.0,9912320,0,6,4,1,0,sleeping,197,88,1310720,208896,20246,9691
2025-05-20 03:02:55,15945,2120085504,31252480,0.0,0.09364885264199616,0,12,0.03,0.02,0.0,0.0,0.0,9912320,0,6,4,1,0,sleeping,197,88,1310720,208896,20246,9691
2025-05-20 03:02:56,15945,2120085504,31252480,0.0,0.09364885264199616,0,12,0.03,0.02,0.0,0.0,0.0,9912320,0,6,4,1,0,sleeping,197,88,1310720,208896,20246,9691
2025-05-20 03:02:57,15945,2120085504,31252480,0.0,0.09364885264199616,0,12,0.03,0.02,0.0,0.0,0.0,9912320,0,6,4,1,0,sleeping,197,88,1310720,208896,20246,9691
2025-05-20 03:02:58,15945,2120085504,31252480,0.0,0.09364885264199616,0,12,0.03,0.02,0.0,0.0,0.0,9912320,0,6,4,1,0,sleeping,197,88,1310720,208896,20246,9691
2025-05-20 03:03:00,15945,2120085504,31252480,0.0,0.09364885264199616,0,12,0.03,0.02,0.0,0.0,0.0,9912320,0,6,4,1,0,sleeping,197,88,1310720,208896,20246,9691
2025-05-20 03:03:01,15945,2120085504,31252480,0.0,0.09364885264199616,0,12,0.03,0.02,0.0,0.0,0.0,9912320,0,6,4,1,0,sleeping,197,88,1310720,208896,20246,9691
2025-05-20 03:03:02,15945,2120085504,31252480,0.0,0.09364885264199616,0,12,0.03,0.02,0.0,0.0,0.0,9912320,0,6,4,1,0,sleeping,197,88,1310720,208896,20246,9691
2025-05-20 03:03:03,15945,2120085504,31252480,0.0,0.09364885264199616,0,12,0.03,0.02,0.0,0.0,0.0,9912320,0,6,4,1,0,sleeping,197,88,1310720,208896,20246,9691
2025-05-20 03:03:04,15945,2120085504,31252480,0.0,0.09364885264199616,0,12,0.03,0.02,0.0,0.0,0.0,9912320,0,6,4,1,0,sleeping,197,88,1310720,208896,20246,9691
2025-05-20 03:03:05,15945,2120085504,31252480,0.0,0.09364885264199616,0,12,0.03,0.02,0.0,0.0,0.0,9912320,0,6,4,1,0,sleeping,197,88,1310720,208896,20246,9691
2025-05-20 03:03:06,15945,2120085504,31252480,0.0,0.09364885264199616,0,12,0.03,0.02,0.0,0.0,0.0,9912320,0,6,4,1,0,sleeping,197,88,1310720,208896,20246,9691
2025-05-20 03:03:07,15945,2120085504,31252480,0.0,0.09364885264199616,0,12,0.03,0.02,0.0,0.0,0.0,9912320,0,6,4,1,0,sleeping,197,88,1310720,208896,20246,9691
2025-05-20 03:03:08,15945,2120085504,31252480,0.0,0.09364885264199616,0,12,0.03,0.02,0.0,0.0,0.0,9912320,0,6,4,1,0,sleeping,197,88,1310720,208896,20246,9691
2025-05-20 03:03:09,15945,2120085504,31252480,0.0,0.09364885264199616,0,12,0.03,0.02,0.0,0.0,0.0,9912320,0,6,4,1,0,sleeping,197,88,1310720,208896,20246,9691
2025-05-20 03:03:10,15945,2120085504,31252480,0.0,0.09364885264199616,0,12,0.03,0.02,0.0,0.0,0.0,9912320,0,6,4,1,0,sleeping,197,88,1310720,208896,20246,9691
2025-05-20 03:03:11,15945,2120085504,31252480,0.0,0.09364885264199616,0,12,0.03,0.02,0.0,0.0,0.0,9912320,0,6,4,1,0,sleeping,197,88,1310720,208896,20246,9691
2025-05-20 03:03:13,15945,2120085504,31252480,0.0,0.09364885264199616,0,12,0.03,0.02,0.0,0.0,0.0,9912320,0,6,4,1,0,sleeping,197,88,1310720,208896,20246,9691
2025-05-20 03:03:14,15945,2120085504,31252480,0.0,0.09364885264199616,0,12,0.03,0.02,0.0,0.0,0.0,9912320,0,6,4,1,0,sleeping,197,88,1310720,208896,20246,9691
2025-05-20 03:03:15,15945,2120085504,31252480,0.0,0.09364885264199616,0,12,0.03,0.02,0.0,0.0,0.0,9912320,0,6,4,1,0,sleeping,197,88,1310720,208896,20246,9691
2025-05-20 03:03:16,15945,2120085504,31252480,0.0,0.09364885264199616,0,12,0.03,0.02,0.0,0.0,0.0,9912320,0,6,4,1,0,sleeping,197,88,1310720,208896,20246,9691
2025-05-20 03:03:17,15945,2120085504,31252480,0.0,0.09364885264199616,0,12,0.03,0.02,0.0,0.0,0.0,9912320,0,6,4,1,0,sleeping,197,88,1310720,208896,20246,9691
2025-05-20 03:03:18,15945,2120085504,31252480,0.0,0.09364885264199616,0,12,0.03,0.02,0.0,0.0,0.0,9912320,0,6,4,1,0,sleeping,197,88,1310720,208896,20246,9691
2025-05-20 03:03:19,15945,2120085504,31252480,0.0,0.09364885264199616,0,12,0.03,0.02,0.0,0.0,0.0,9912320,0,6,4,1,0,sleeping,197,88,1310720,208896,20246,9691
2025-05-20 03:03:20,15945,2120085504,31252480,0.0,0.09364885264199616,0,12,0.03,0.02,0.0,0.0,0.0,9912320,0,6,4,1,0,sleeping,197,88,1310720,208896,20246,9691
2025-05-20 03:03:21,15945,2120085504,31252480,0.0,0.09364885264199616,0,12,0.03,0.02,0.0,0.0,0.0,9912320,0,6,4,1,0,sleeping,197,88,1310720,208896,20246,9691
2025-05-20 03:03:22,15945,2120085504,31252480,0.0,0.09364885264199616,0,12,0.03,0.02,0.0,0.0,0.0,9912320,0,6,4,1,0,sleeping,197,88,1310720,208896,20246,9691
2025-05-20 03:03:23,15945,2120085504,31252480,0.0,0.09364885264199616,0,12,0.03,0.02,0.0,0.0,0.0,9912320,0,6,4,1,0,sleeping,197,88,1310720,208896,20246,9691
2025-05-20 03:03:24,15945,2120085504,31252480,0.0,0.09364885264199616,0,12,0.03,0.02,0.0,0.0,0.0,9912320,0,6,4,1,0,sleeping,197,88,1310720,208896,20246,9691
2025-05-20 03:03:26,15945,2120085504,31252480,0.0,0.09364885264199616,0,12,0.03,0.02,0.0,0.0,0.0,9912320,0,6,4,1,0,sleeping,197,88,1310720,208896,20246,9691
2025-05-20 03:03:27,15945,2120085504,31252480,0.0,0.09364885264199616,0,12,0.03,0.02,0.0,0.0,0.0,9912320,0,6,4,1,0,sleeping,197,88,1310720,208896,20246,9691
2025-05-20 03:03:28,15945,2120085504,31252480,0.0,0.09364885264199616,0,12,0.03,0.02,0.0,0.0,0.0,9912320,0,6,4,1,0,sleeping,197,88,1310720,208896,20246,9691
2025-05-20 03:03:29,15945,2120085504,31252480,0.0,0.09364885264199616,0,12,0.03,0.02,0.0,0.0,0.0,9912320,0,6,4,1,0,sleeping,197,88,1310720,208896,20246,9691
2025-05-20 03:03:30,15945,2120085504,31252480,0.0,0.09364885264199616,0,12,0.03,0.02,0.0,0.0,0.0,9912320,0,6,4,1,0,sleeping,197,88,1310720,208896,20246,9691
2025-05-20 03:03:31,15945,2120085504,31252480,0.0,0.09364885264199616,0,12,0.03,0.02,0.0,0.0,0.0,9912320,0,6,4,1,0,sleeping,197,88,1310720,208896,20246,9691
2025-05-20 03:03:32,15945,2120085504,31252480,0.0,0.09364885264199616,0,12,0.03,0.02,0.0,0.0,0.0,9912320,0,6,4,1,0,sleeping,197,88,1310720,208896,20246,9691
2025-05-20 03:03:33,15945,2120085504,31252480,0.0,0.09364885264199616,0,12,0.03,0.02,0.0,0.0,0.0,9912320,0,6,4,1,0,sleeping,197,88,1310720,208896,20246,9691
2025-05-20 03:03:34,15945,2120085504,31252480,0.0,0.09364885264199616,0,12,0.03,0.02,0.0,0.0,0.0,9912320,0,6,4,1,0,sleeping,197,88,1310720,208896,20246,9691
2025-05-20 03:03:35,15945,2120085504,31252480,0.0,0.09364885264199616,0,12,0.03,0.02,0.0,0.0,0.0,9912320,0,6,4,1,0,sleeping,197,88,1310720,208896,20246,9691
2025-05-20 03:03:36,15945,2120085504,31252480,0.0,0.09364885264199616,0,12,0.03,0.02,0.0,0.0,0.0,9912320,0,6,4,1,0,sleeping,197,88,1310720,208896,20246,9691
2025-05-20 03:03:37,15945,2120085504,31252480,0.0,0.09364885264199616,0,12,0.03,0.02,0.0,0.0,0.0,9912320,0,6,4,1,0,sleeping,197,88,1310720,208896,20246,9691
2025-05-20 03:03:39,15945,2120085504,31252480,0.0,0.09364885264199616,0,12,0.03,0.02,0.0,0.0,0.0,9912320,0,6,4,1,0,sleeping,197,88,1310720,208896,20246,9691
2025-05-20 03:03:40,15945,2120085504,31252480,0.0,0.09364885264199616,0,12,0.03,0.02,0.0,0.0,0.0,9912320,0,6,4,1,0,sleeping,197,88,1310720,208896,20246,9691
2025-05-20 03:03:41,15945,2120085504,31252480,0.0,0.09364885264199616,0,12,0.03,0.02,0.0,0.0,0.0,9912320,0,6,4,1,0,sleeping,197,88,1310720,208896,20246,9691
2025-05-20 03:03:42,15945,2120085504,31252480,0.0,0.09364885264199616,0,12,0.03,0.02,0.0,0.0,0.0,9912320,0,6,4,1,0,sleeping,197,88,1310720,208896,20246,9691
2025-05-20 03:03:43,15945,2120085504,31252480,0.0,0.09364885264199616,0,12,0.03,0.02,0.0,0.0,0.0,9912320,0,6,4,1,0,sleeping,197,88,1310720,208896,20246,9691
2025-05-20 03:03:44,15945,2120085504,31252480,0.0,0.09364885264199616,0,12,0.03,0.02,0.0,0.0,0.0,9912320,0,6,4,1,0,sleeping,197,88,1310720,208896,20246,9691
2025-05-20 03:03:45,15945,2120085504,31252480,0.0,0.09364885264199616,0,12,0.03,0.02,0.0,0.0,0.0,9912320,0,6,4,1,0,sleeping,197,88,1310720,208896,20246,9691
2025-05-20 03:03:46,15945,2120085504,31252480,0.0,0.09364885264199616,0,12,0.03,0.02,0.0,0.0,0.0,9912320,0,6,4,1,0,sleeping,197,88,1310720,208896,20246,9691
2025-05-20 03:03:47,15945,2120085504,31252480,0.0,0.09364885264199616,0,12,0.03,0.02,0.0,0.0,0.0,9912320,0,6,4,1,0,sleeping,197,88,1310720,208896,20246,9691
2025-05-20 03:03:48,15945,2120085504,31252480,0.0,0.09364885264199616,0,12,0.03,0.02,0.0,0.0,0.0,9912320,0,6,4,1,0,sleeping,197,88,1310720,208896,20246,9691
2025-05-20 03:03:49,15945,2120085504,31252480,0.0,0.09364885264199616,0,12,0.03,0.02,0.0,0.0,0.0,9912320,0,6,4,1,0,sleeping,197,88,1310720,208896,20246,9691
2025-05-20 03:03:50,15945,2120085504,31252480,0.0,0.09364885264199616,0,12,0.03,0.02,0.0,0.0,0.0,9912320,0,6,4,1,0,sleeping,197,88,1310720,208896,20246,9691
2025-05-20 03:03:52,15945,2120085504,31252480,0.0,0.09364885264199616,0,12,0.03,0.02,0.0,0.0,0.0,9912320,0,6,4,1,0,sleeping,197,88,1310720,208896,20246,9691
2025-05-20 03:03:53,15945,2120085504,31252480,0.0,0.09364885264199616,0,12,0.03,0.02,0.0,0.0,0.0,9912320,0,6,4,1,0,sleeping,197,88,1310720,208896,20246,9691
2025-05-20 03:03:54,15945,2120085504,31252480,0.0,0.09364885264199616,0,12,0.03,0.02,0.0,0.0,0.0,9912320,0,6,4,1,0,sleeping,197,88,1310720,208896,20246,9691
2025-05-20 03:03:55,15945,2120085504,31252480,0.0,0.09364885264199616,0,12,0.03,0.02,0.0,0.0,0.0,9912320,0,6,4,1,0,sleeping,197,88,1310720,208896,20246,9691
2025-05-20 03:03:56,15945,2120085504,31252480,0.0,0.09364885264199616,0,12,0.03,0.02,0.0,0.0,0.0,9912320,0,6,4,1,0,sleeping,197,88,1310720,208896,20246,9691
2025-05-20 03:03:57,15945,2120085504,31252480,0.0,0.09364885264199616,0,12,0.03,0.02,0.0,0.0,0.0,9912320,0,6,4,1,0,sleeping,197,88,1310720,208896,20246,9691
2025-05-20 03:03:58,15945,2120085504,31252480,0.0,0.09364885264199616,0,12,0.03,0.02,0.0,0.0,0.0,9912320,0,6,4,1,0,sleeping,197,88,1310720,208896,20246,9691
2025-05-20 03:03:59,15945,2120085504,31252480,0.0,0.09364885264199616,0,12,0.03,0.02,0.0,0.0,0.0,9912320,0,6,4,1,0,sleeping,197,88,1310720,208896,20246,9691
2025-05-20 03:04:00,15945,2120085504,31252480,0.0,0.09364885264199616,0,12,0.03,0.02,0.0,0.0,0.0,9912320,0,6,4,1,0,sleeping,197,88,1310720,208896,20246,9691
2025-05-20 03:04:01,15945,2120085504,31252480,0.0,0.09364885264199616,0,12,0.03,0.02,0.0,0.0,0.0,9912320,0,6,4,1,0,sleeping,197,88,1310720,208896,20246,9691
2025-05-20 03:04:02,15945,2120085504,31252480,0.0,0.09364885264199616,0,12,0.03,0.02,0.0,0.0,0.0,9912320,0,6,4,1,0,sleeping,197,88,1310720,208896,20246,9691
2025-05-20 03:04:03,15945,2120085504,31252480,0.0,0.09364885264199616,0,12,0.03,0.02,0.0,0.0,0.0,9912320,0,6,4,1,0,sleeping,197,88,1310720,208896,20246,9691
2025-05-20 03:04:05,15945,2120085504,31252480,0.0,0.09364885264199616,0,12,0.03,0.02,0.0,0.0,0.0,9912320,0,6,4,1,0,sleeping,197,88,1310720,208896,20246,9691
2025-05-20 03:04:06,15945,2120085504,31252480,0.0,0.09364885264199616,0,12,0.03,0.02,0.0,0.0,0.0,9912320,0,6,4,1,0,sleeping,197,88,1310720,208896,20246,9691
2025-05-20 03:04:07,15945,2120085504,31252480,0.0,0.09364885264199616,0,12,0.03,0.02,0.0,0.0,0.0,9912320,0,6,4,1,0,sleeping,197,88,1310720,208896,20246,9691
2025-05-20 03:04:08,15945,2120085504,31252480,0.0,0.09364885264199616,0,12,0.03,0.02,0.0,0.0,0.0,9912320,0,6,4,1,0,sleeping,197,88,1310720,208896,20246,9691
2025-05-20 03:04:09,15945,2120085504,31252480,0.0,0.09364885264199616,0,12,0.03,0.02,0.0,0.0,0.0,9912320,0,6,4,1,0,sleeping,197,88,1310720,208896,20246,9691
2025-05-20 03:04:10,15945,2120085504,31252480,0.0,0.09364885264199616,0,12,0.03,0.02,0.0,0.0,0.0,9912320,0,6,4,1,0,sleeping,197,88,1310720,208896,20246,9691
2025-05-20 03:04:11,15945,2120085504,31252480,0.0,0.09364885264199616,0,12,0.03,0.02,0.0,0.0,0.0,9912320,0,6,4,1,0,sleeping,197,88,1310720,208896,20246,9691
2025-05-20 03:04:12,15945,2120085504,31252480,0.0,0.09364885264199616,0,12,0.03,0.02,0.0,0.0,0.0,9912320,0,6,4,1,0,sleeping,197,88,1310720,208896,20246,9691
2025-05-20 03:04:13,15945,2120085504,31252480,0.0,0.09364885264199616,0,12,0.03,0.02,0.0,0.0,0.0,9912320,0,6,4,1,0,sleeping,197,88,1310720,208896,20246,9691
2025-05-20 03:04:14,15945,2120085504,31252480,0.0,0.09364885264199616,0,12,0.03,0.02,0.0,0.0,0.0,9912320,0,6,4,1,0,sleeping,197,88,1310720,208896,20246,9691
2025-05-20 03:04:15,15945,2120085504,31252480,0.0,0.09364885264199616,0,12,0.03,0.02,0.0,0.0,0.0,9912320,0,6,4,1,0,sleeping,197,88,1310720,208896,20246,9691
2025-05-20 03:04:16,15945,2120085504,31252480,0.0,0.09364885264199616,0,12,0.03,0.02,0.0,0.0,0.0,9912320,0,6,4,1,0,sleeping,197,88,1310720,208896,20246,9691
2025-05-20 03:04:18,15945,2120085504,31252480,0.0,0.09364885264199616,0,12,0.03,0.02,0.0,0.0,0.0,9912320,0,6,4,1,0,sleeping,197,88,1310720,208896,20246,9691
2025-05-20 03:04:19,15945,2120085504,31252480,0.0,0.09364885264199616,0,12,0.03,0.02,0.0,0.0,0.0,9912320,0,6,4,1,0,sleeping,197,88,1310720,208896,20246,9691
2025-05-20 03:04:20,15945,2120085504,31252480,0.0,0.09364885264199616,0,12,0.03,0.02,0.0,0.0,0.0,9912320,0,6,4,1,0,sleeping,197,88,1310720,208896,20246,9691
2025-05-20 03:04:21,15945,2120085504,31252480,0.0,0.09364885264199616,0,12,0.03,0.02,0.0,0.0,0.0,9912320,0,6,4,1,0,sleeping,197,88,1310720,208896,20246,9691
2025-05-20 03:04:22,15945,2120085504,31252480,0.0,0.09364885264199616,0,12,0.03,0.02,0.0,0.0,0.0,9912320,0,6,4,1,0,sleeping,197,88,1310720,208896,20246,9691
2025-05-20 03:04:23,15945,2120085504,31252480,0.0,0.09364885264199616,0,12,0.03,0.02,0.0,0.0,0.0,9912320,0,6,4,1,0,sleeping,197,88,1310720,208896,20246,9691
2025-05-20 03:04:24,15945,2120085504,31252480,0.0,0.09364885264199616,0,12,0.03,0.02,0.0,0.0,0.0,9912320,0,6,4,1,0,sleeping,197,88,1310720,208896,20246,9691
2025-05-20 03:04:25,15945,2120085504,31252480,0.0,0.09364885264199616,0,12,0.03,0.02,0.0,0.0,0.0,9912320,0,6,4,1,0,sleeping,197,88,1310720,208896,20246,9691
2025-05-20 03:04:26,15945,2120085504,31252480,0.0,0.09364885264199616,0,12,0.03,0.02,0.0,0.0,0.0,9912320,0,6,4,1,0,sleeping,197,88,1310720,208896,20246,9691
2025-05-20 03:04:27,15945,2120085504,31252480,0.0,0.09364885264199616,0,12,0.03,0.02,0.0,0.0,0.0,9912320,0,6,4,1,0,sleeping,197,88,1310720,208896,20246,9691
2025-05-20 03:04:28,15945,2120085504,31252480,0.0,0.09364885264199616,0,12,0.03,0.02,0.0,0.0,0.0,9912320,0,6,4,1,0,sleeping,197,88,1310720,208896,20246,9691
2025-05-20 03:04:29,15945,2120085504,31252480,0.0,0.09364885264199616,0,12,0.03,0.02,0.0,0.0,0.0,9912320,0,6,4,1,0,sleeping,197,88,1310720,208896,20246,9691
2025-05-20 03:04:31,15945,2120085504,31252480,0.0,0.09364885264199616,0,12,0.03,0.02,0.0,0.0,0.0,9912320,0,6,4,1,0,sleeping,197,88,1310720,208896,20246,9691
2025-05-20 03:04:32,15945,2120085504,31252480,0.0,0.09364885264199616,0,12,0.03,0.02,0.0,0.0,0.0,9912320,0,6,4,1,0,sleeping,197,88,1310720,208896,20246,9691
2025-05-20 03:04:33,15945,2120085504,31252480,0.0,0.09364885264199616,0,12,0.03,0.02,0.0,0.0,0.0,9912320,0,6,4,1,0,sleeping,197,88,1310720,208896,20246,9691
2025-05-20 03:04:34,15945,2120085504,31252480,0.0,0.09364885264199616,0,12,0.03,0.02,0.0,0.0,0.0,9912320,0,6,4,1,0,sleeping,197,88,1310720,208896,20246,9691
2025-05-20 03:04:35,15945,2120085504,31252480,0.0,0.09364885264199616,0,12,0.03,0.02,0.0,0.0,0.0,9912320,0,6,4,1,0,sleeping,197,88,1310720,208896,20246,9691
2025-05-20 03:04:36,15945,2120085504,31252480,0.0,0.09364885264199616,0,12,0.03,0.02,0.0,0.0,0.0,9912320,0,6,4,1,0,sleeping,197,88,1310720,208896,20246,9691
2025-05-20 03:04:37,15945,2120085504,31252480,0.0,0.09364885264199616,0,12,0.03,0.02,0.0,0.0,0.0,9912320,0,6,4,1,0,sleeping,197,88,1310720,208896,20246,9691
2025-05-20 03:04:38,15945,2120085504,31252480,0.0,0.09364885264199616,0,12,0.03,0.02,0.0,0.0,0.0,9912320,0,6,4,1,0,sleeping,197,88,1310720,208896,20246,9691
2025-05-20 03:04:39,15945,2120085504,31252480,0.0,0.09364885264199616,0,12,0.03,0.02,0.0,0.0,0.0,9912320,0,6,4,1,0,sleeping,197,88,1310720,208896,20246,9691
2025-05-20 03:04:40,15945,2120085504,31252480,0.0,0.09364885264199616,0,12,0.03,0.02,0.0,0.0,0.0,9912320,0,6,4,1,0,sleeping,197,88,1310720,208896,20246,9691
2025-05-20 03:04:41,15945,2120085504,31252480,0.0,0.09364885264199616,0,12,0.03,0.02,0.0,0.0,0.0,9912320,0,6,4,1,0,sleeping,197,88,1310720,208896,20246,9691
2025-05-20 03:04:42,15945,2120085504,31252480,0.0,0.09364885264199616,0,12,0.03,0.02,0.0,0.0,0.0,9912320,0,6,4,1,0,sleeping,197,88,1310720,208896,20246,9691
2025-05-20 03:04:44,15945,2120085504,31252480,0.0,0.09364885264199616,0,12,0.03,0.02,0.0,0.0,0.0,9912320,0,6,4,1,0,sleeping,197,88,1310720,208896,20246,9691
2025-05-20 03:04:45,15945,2120085504,31252480,0.0,0.09364885264199616,0,12,0.03,0.02,0.0,0.0,0.0,9912320,0,6,4,1,0,sleeping,197,88,1310720,208896,20246,9691
2025-05-20 03:04:46,15945,2120085504,31252480,0.0,0.09364885264199616,0,12,0.03,0.02,0.0,0.0,0.0,9912320,0,6,4,1,0,sleeping,197,88,1310720,208896,20246,9691
2025-05-20 03:04:47,15945,2120085504,31252480,0.0,0.09364885264199616,0,12,0.03,0.02,0.0,0.0,0.0,9912320,0,6,4,1,0,sleeping,197,88,1310720,208896,20246,9691
2025-05-20 03:04:48,15945,2120085504,31252480,0.0,0.09364885264199616,0,12,0.03,0.02,0.0,0.0,0.0,9912320,0,6,4,1,0,sleeping,197,88,1310720,208896,20246,9691
2025-05-20 03:04:49,15945,2120085504,31252480,0.0,0.09364885264199616,0,12,0.03,0.02,0.0,0.0,0.0,9912320,0,6,4,1,0,sleeping,197,88,1310720,208896,20246,9691
2025-05-20 03:04:50,15945,2120085504,31252480,0.0,0.09364885264199616,0,12,0.03,0.02,0.0,0.0,0.0,9912320,0,6,4,1,0,sleeping,197,88,1310720,208896,20246,9691
2025-05-20 03:04:51,15945,2120085504,31252480,0.0,0.09364885264199616,0,12,0.03,0.02,0.0,0.0,0.0,9912320,0,6,4,1,0,sleeping,197,88,1310720,208896,20246,9691
2025-05-20 03:04:52,15945,2120085504,31252480,0.0,0.09364885264199616,0,12,0.03,0.02,0.0,0.0,0.0,9912320,0,6,4,1,0,sleeping,197,88,1310720,208896,20246,9691
2025-05-20 03:04:53,15945,2120085504,31252480,0.0,0.09364885264199616,0,12,0.03,0.02,0.0,0.0,0.0,9912320,0,6,4,1,0,sleeping,197,88,1310720,208896,20246,9691
2025-05-20 03:04:54,15945,2120085504,31252480,0.0,0.09364885264199616,0,12,0.03,0.02,0.0,0.0,0.0,9912320,0,6,4,1,0,sleeping,197,88,1310720,208896,20246,9691
2025-05-20 03:04:55,15945,2120085504,31252480,0.0,0.09364885264199616,0,12,0.03,0.02,0.0,0.0,0.0,9912320,0,6,4,1,0,sleeping,197,88,1310720,208896,20246,9691
2025-05-20 03:04:57,15945,2120085504,31252480,0.0,0.09364885264199616,0,12,0.03,0.02,0.0,0.0,0.0,9912320,0,6,4,1,0,sleeping,197,88,1310720,208896,20246,9691
2025-05-20 03:04:58,15945,2120085504,31252480,0.0,0.09364885264199616,0,12,0.03,0.02,0.0,0.0,0.0,9912320,0,6,4,1,0,sleeping,197,88,1310720,208896,20246,9691
2025-05-20 03:04:59,15945,2120085504,31252480,0.0,0.09364885264199616,0,12,0.03,0.02,0.0,0.0,0.0,9912320,0,6,4,1,0,sleeping,197,88,1310720,208896,20246,9691
2025-05-20 03:05:00,15945,2120085504,31252480,0.0,0.09364885264199616,0,12,0.03,0.02,0.0,0.0,0.0,9912320,0,6,4,1,0,sleeping,197,88,1310720,208896,20246,9691
2025-05-20 03:05:01,15945,2120085504,31252480,0.0,0.09364885264199616,0,12,0.03,0.02,0.0,0.0,0.0,9912320,0,6,4,1,0,sleeping,197,88,1310720,208896,20246,9691
2025-05-20 03:05:02,15945,2120085504,31252480,0.0,0.09364885264199616,0,12,0.03,0.02,0.0,0.0,0.0,9912320,0,6,4,1,0,sleeping,197,88,1310720,208896,20246,9691
2025-05-20 03:05:03,15945,2120085504,31252480,0.0,0.09364885264199616,0,12,0.03,0.02,0.0,0.0,0.0,9912320,0,6,4,1,0,sleeping,197,88,1310720,208896,20246,9691
2025-05-20 03:05:04,15945,2120085504,31252480,0.0,0.09364885264199616,0,12,0.03,0.02,0.0,0.0,0.0,9912320,0,6,4,1,0,sleeping,197,88,1310720,208896,20246,9691
2025-05-20 03:05:05,15945,2120085504,31252480,0.0,0.09364885264199616,0,12,0.03,0.02,0.0,0.0,0.0,9912320,0,6,4,1,0,sleeping,197,88,1310720,208896,20246,9691
2025-05-20 03:05:06,15945,2120085504,31252480,0.0,0.09364885264199616,0,12,0.03,0.02,0.0,0.0,0.0,9912320,0,6,4,1,0,sleeping,197,88,1310720,208896,20246,9691
2025-05-20 03:05:07,15945,2120085504,31252480,0.0,0.09364885264199616,0,12,0.03,0.02,0.0,0.0,0.0,9912320,0,6,4,1,0,sleeping,197,88,1310720,208896,20246,9691
2025-05-20 03:05:08,15945,2120085504,31252480,0.0,0.09364885264199616,0,12,0.03,0.02,0.0,0.0,0.0,9912320,0,6,4,1,0,sleeping,197,88,1310720,208896,20246,9691
2025-05-20 03:05:10,15945,2120085504,31252480,0.0,0.09364885264199616,0,12,0.03,0.02,0.0,0.0,0.0,9912320,0,6,4,1,0,sleeping,197,88,1310720,208896,20246,9691
2025-05-20 03:05:11,15945,2120085504,31252480,0.0,0.09364885264199616,0,12,0.03,0.02,0.0,0.0,0.0,9912320,0,6,4,1,0,sleeping,197,88,1310720,208896,20246,9691
2025-05-20 03:05:12,15945,2120085504,31252480,0.0,0.09364885264199616,0,12,0.03,0.02,0.0,0.0,0.0,9912320,0,6,4,1,0,sleeping,197,88,1310720,208896,20246,9691
2025-05-20 03:05:13,15945,2120085504,31252480,0.0,0.09364885264199616,0,12,0.03,0.02,0.0,0.0,0.0,9912320,0,6,4,1,0,sleeping,197,88,1310720,208896,20246,9691
2025-05-20 03:05:14,15945,2120085504,31252480,0.0,0.09364885264199616,0,12,0.03,0.02,0.0,0.0,0.0,9912320,0,6,4,1,0,sleeping,197,88,1310720,208896,20246,9691
2025-05-20 03:05:15,15945,2120085504,31252480,0.0,0.09364885264199616,0,12,0.03,0.02,0.0,0.0,0.0,9912320,0,6,4,1,0,sleeping,197,88,1310720,208896,20246,9691
2025-05-20 03:05:16,15945,2120085504,31252480,0.0,0.09364885264199616,0,12,0.03,0.02,0.0,0.0,0.0,9912320,0,6,4,1,0,sleeping,197,88,1310720,208896,20246,9691
2025-05-20 03:05:17,15945,2120085504,31252480,0.0,0.09364885264199616,0,12,0.03,0.02,0.0,0.0,0.0,9912320,0,6,4,1,0,sleeping,197,88,1310720,208896,20246,9691
2025-05-20 03:05:18,15945,2120085504,31252480,0.0,0.09364885264199616,0,12,0.03,0.02,0.0,0.0,0.0,9912320,0,6,4,1,0,sleeping,197,88,1310720,208896,20246,9691
2025-05-20 03:05:19,15945,2120085504,31252480,0.0,0.09364885264199616,0,12,0.03,0.02,0.0,0.0,0.0,9912320,0,6,4,1,0,sleeping,197,88,1310720,208896,20246,9691
2025-05-20 03:05:20,15945,2120085504,31252480,0.0,0.09364885264199616,0,12,0.03,0.02,0.0,0.0,0.0,9912320,0,6,4,1,0,sleeping,197,88,1310720,208896,20246,9691
2025-05-20 03:05:22,15945,2120085504,31252480,0.0,0.09364885264199616,0,12,0.03,0.02,0.0,0.0,0.0,9912320,0,6,4,1,0,sleeping,197,88,1310720,208896,20246,9691
2025-05-20 03:05:23,15945,2120085504,31252480,0.0,0.09364885264199616,0,12,0.03,0.02,0.0,0.0,0.0,9912320,0,6,4,1,0,sleeping,197,88,1310720,208896,20246,9691
2025-05-20 03:05:24,15945,2120085504,31252480,0.0,0.09364885264199616,0,12,0.03,0.02,0.0,0.0,0.0,9912320,0,6,4,1,0,sleeping,197,88,1310720,208896,20246,9691
2025-05-20 03:05:25,15945,2120085504,31252480,0.0,0.09364885264199616,0,12,0.03,0.02,0.0,0.0,0.0,9912320,0,6,4,1,0,sleeping,197,88,1310720,208896,20246,9691
2025-05-20 03:05:26,15945,2120085504,31252480,0.0,0.09364885264199616,0,12,0.03,0.02,0.0,0.0,0.0,9912320,0,6,4,1,0,sleeping,197,88,1310720,208896,20246,9691
2025-05-20 03:05:27,15945,2120085504,31252480,0.0,0.09364885264199616,0,12,0.03,0.02,0.0,0.0,0.0,9912320,0,6,4,1,0,sleeping,197,88,1310720,208896,20246,9691
2025-05-20 03:05:28,15945,2120085504,31252480,0.0,0.09364885264199616,0,12,0.03,0.02,0.0,0.0,0.0,9912320,0,6,4,1,0,sleeping,197,88,1310720,208896,20246,9691
2025-05-20 03:05:29,15945,2120085504,31252480,0.0,0.09364885264199616,0,12,0.03,0.02,0.0,0.0,0.0,9912320,0,6,4,1,0,sleeping,197,88,1310720,208896,20246,9691
2025-05-20 03:05:30,15945,2120085504,31252480,0.0,0.09364885264199616,0,12,0.03,0.02,0.0,0.0,0.0,9912320,0,6,4,1,0,sleeping,197,88,1310720,208896,20246,9691
2025-05-20 03:05:31,15945,2120085504,31252480,0.0,0.09364885264199616,0,12,0.03,0.02,0.0,0.0,0.0,9912320,0,6,4,1,0,sleeping,197,88,1310720,208896,20246,9691
2025-05-20 03:05:32,15945,2120085504,31252480,0.0,0.09364885264199616,0,12,0.03,0.02,0.0,0.0,0.0,9912320,0,6,4,1,0,sleeping,197,88,1310720,208896,20246,9691
2025-05-20 03:05:33,15945,2120085504,31252480,0.0,0.09364885264199616,0,12,0.03,0.02,0.0,0.0,0.0,9912320,0,6,4,1,0,sleeping,197,88,1310720,208896,20246,9691
2025-05-20 03:05:35,15945,2120085504,31252480,0.0,0.09364885264199616,0,12,0.03,0.02,0.0,0.0,0.0,9912320,0,6,4,1,0,sleeping,197,88,1310720,208896,20246,9691
2025-05-20 03:05:36,15945,2120085504,31252480,0.0,0.09364885264199616,0,12,0.03,0.02,0.0,0.0,0.0,9912320,0,6,4,1,0,sleeping,197,88,1310720,208896,20246,9691
2025-05-20 03:05:37,15945,2120085504,31252480,0.0,0.09364885264199616,0,12,0.03,0.02,0.0,0.0,0.0,9912320,0,6,4,1,0,sleeping,197,88,1310720,208896,20246,9691
2025-05-20 03:05:38,15945,2120085504,31252480,0.0,0.09364885264199616,0,12,0.03,0.02,0.0,0.0,0.0,9912320,0,6,4,1,0,sleeping,197,88,1310720,208896,20246,9691
2025-05-20 03:05:39,15945,2120085504,31252480,0.0,0.09364885264199616,0,12,0.03,0.02,0.0,0.0,0.0,9912320,0,6,4,1,0,sleeping,197,88,1310720,208896,20246,9691
2025-05-20 03:05:40,15945,2120085504,31252480,0.0,0.09364885264199616,0,12,0.03,0.02,0.0,0.0,0.0,9912320,0,6,4,1,0,sleeping,197,88,1310720,208896,20246,9691
2025-05-20 03:05:41,15945,2120085504,31252480,0.0,0.09364885264199616,0,12,0.03,0.02,0.0,0.0,0.0,9912320,0,6,4,1,0,sleeping,197,88,1310720,208896,20246,9691
2025-05-20 03:05:42,15945,2120085504,31252480,0.0,0.09364885264199616,0,12,0.03,0.02,0.0,0.0,0.0,9912320,0,6,4,1,0,sleeping,197,88,1310720,208896,20246,9691
2025-05-20 03:05:43,15945,2120085504,31252480,0.0,0.09364885264199616,0,12,0.03,0.02,0.0,0.0,0.0,9912320,0,6,4,1,0,sleeping,197,88,1310720,208896,20246,9691
2025-05-20 03:05:44,15945,2120085504,31252480,0.0,0.09364885264199616,0,12,0.03,0.02,0.0,0.0,0.0,9912320,0,6,4,1,0,sleeping,197,88,1310720,208896,20246,9691
2025-05-20 03:05:45,15945,2120085504,31252480,0.0,0.09364885264199616,0,12,0.03,0.02,0.0,0.0,0.0,9912320,0,6,4,1,0,sleeping,197,88,1310720,208896,20246,9691
2025-05-20 03:05:46,15945,2120085504,31252480,0.0,0.09364885264199616,0,12,0.03,0.02,0.0,0.0,0.0,9912320,0,6,4,1,0,sleeping,197,88,1310720,208896,20246,9691
2025-05-20 03:05:48,15945,2120085504,31252480,0.0,0.09364885264199616,0,12,0.03,0.02,0.0,0.0,0.0,9912320,0,6,4,1,0,sleeping,197,88,1310720,208896,20246,9691
2025-05-20 03:05:49,15945,2120085504,31252480,0.0,0.09364885264199616,0,12,0.03,0.02,0.0,0.0,0.0,9912320,0,6,4,1,0,sleeping,197,88,1310720,208896,20246,9691
2025-05-20 03:05:50,15945,2120085504,31252480,0.0,0.09364885264199616,0,12,0.03,0.02,0.0,0.0,0.0,9912320,0,6,4,1,0,sleeping,197,88,1310720,208896,20246,9691
2025-05-20 03:05:51,15945,2120085504,31252480,0.0,0.09364885264199616,0,12,0.03,0.02,0.0,0.0,0.0,9912320,0,6,4,1,0,sleeping,197,88,1310720,208896,20246,9691
2025-05-20 03:05:52,15945,2120085504,31252480,0.0,0.09364885264199616,0,12,0.03,0.02,0.0,0.0,0.0,9912320,0,6,4,1,0,sleeping,197,88,1310720,208896,20246,9691
2025-05-20 03:05:53,15945,2120085504,31252480,0.0,0.09364885264199616,0,12,0.03,0.02,0.0,0.0,0.0,9912320,0,6,4,1,0,sleeping,197,88,1310720,208896,20246,9691
2025-05-20 03:05:54,15945,2120085504,31252480,0.0,0.09364885264199616,0,12,0.03,0.02,0.0,0.0,0.0,9912320,0,6,4,1,0,sleeping,197,88,1310720,208896,20246,9691
2025-05-20 03:05:55,15945,2120085504,31252480,0.0,0.09364885264199616,0,12,0.03,0.02,0.0,0.0,0.0,9912320,0,6,4,1,0,sleeping,197,88,1310720,208896,20246,9691
2025-05-20 03:05:56,15945,2120085504,31252480,0.0,0.09364885264199616,0,12,0.03,0.02,0.0,0.0,0.0,9912320,0,6,4,1,0,sleeping,197,88,1310720,208896,20246,9691
2025-05-20 03:05:57,15945,2120085504,31252480,0.0,0.09364885264199616,0,12,0.03,0.02,0.0,0.0,0.0,9912320,0,6,4,1,0,sleeping,197,88,1310720,208896,20246,9691
2025-05-20 03:05:58,15945,2120085504,31252480,0.0,0.09364885264199616,0,12,0.03,0.02,0.0,0.0,0.0,9912320,0,6,4,1,0,sleeping,197,88,1310720,208896,20246,9691
2025-05-20 03:05:59,15945,2120085504,31252480,0.0,0.09364885264199616,0,12,0.03,0.02,0.0,0.0,0.0,9912320,0,6,4,1,0,sleeping,197,88,1310720,208896,20246,9691
2025-05-20 03:06:00,15945,2120085504,31252480,0.0,0.09364885264199616,0,12,0.03,0.02,0.0,0.0,0.0,9912320,0,6,4,1,0,sleeping,197,88,1310720,208896,20246,9691
2025-05-20 03:06:02,15945,2120085504,31252480,0.0,0.09364885264199616,0,12,0.03,0.02,0.0,0.0,0.0,9912320,0,6,4,1,0,sleeping,197,88,1310720,208896,20246,9691
2025-05-20 03:06:03,15945,2120085504,31252480,0.0,0.09364885264199616,0,12,0.03,0.02,0.0,0.0,0.0,9912320,0,6,4,1,0,sleeping,197,88,1310720,208896,20246,9691
2025-05-20 03:06:04,15945,2120085504,31252480,0.0,0.09364885264199616,0,12,0.03,0.02,0.0,0.0,0.0,9912320,0,6,4,1,0,sleeping,197,88,1310720,208896,20246,9691
2025-05-20 03:06:05,15945,2120085504,31252480,0.0,0.09364885264199616,0,12,0.03,0.02,0.0,0.0,0.0,9912320,0,6,4,1,0,sleeping,197,88,1310720,208896,20246,9691
2025-05-20 03:06:06,15945,2120085504,31252480,0.0,0.09364885264199616,0,12,0.03,0.02,0.0,0.0,0.0,9912320,0,6,4,1,0,sleeping,197,88,1310720,208896,20246,9691
2025-05-20 03:06:07,15945,2120085504,31252480,0.0,0.09364885264199616,0,12,0.03,0.02,0.0,0.0,0.0,9912320,0,6,4,1,0,sleeping,197,88,1310720,208896,20246,9691
2025-05-20 03:06:08,15945,2120085504,31252480,0.0,0.09364885264199616,0,12,0.03,0.02,0.0,0.0,0.0,9912320,0,6,4,1,0,sleeping,197,88,1310720,208896,20246,9691
2025-05-20 03:06:09,15945,2120085504,31252480,0.0,0.09364885264199616,0,12,0.03,0.02,0.0,0.0,0.0,9912320,0,6,4,1,0,sleeping,197,88,1310720,208896,20246,9691
2025-05-20 03:06:10,15945,2120085504,31252480,0.0,0.09364885264199616,0,12,0.03,0.02,0.0,0.0,0.0,9912320,0,6,4,1,0,sleeping,197,88,1310720,208896,20246,9691
2025-05-20 03:06:11,15945,2120085504,31252480,0.0,0.09364885264199616,0,12,0.03,0.02,0.0,0.0,0.0,9912320,0,6,4,1,0,sleeping,197,88,1310720,208896,20246,9691
2025-05-20 03:06:12,15945,2120085504,31252480,0.0,0.09364885264199616,0,12,0.03,0.02,0.0,0.0,0.0,9912320,0,6,4,1,0,sleeping,197,88,1310720,208896,20246,9691
2025-05-20 03:06:14,15945,2120085504,31252480,0.0,0.09364885264199616,0,12,0.03,0.02,0.0,0.0,0.0,9912320,0,6,4,1,0,sleeping,197,88,1310720,208896,20246,9691
2025-05-20 03:06:15,15945,2120085504,31252480,0.0,0.09364885264199616,0,12,0.03,0.02,0.0,0.0,0.0,9912320,0,6,4,1,0,sleeping,197,88,1310720,208896,20246,9691
2025-05-20 03:06:16,15945,2120085504,31252480,0.0,0.09364885264199616,0,12,0.03,0.02,0.0,0.0,0.0,9912320,0,6,4,1,0,sleeping,197,88,1310720,208896,20246,9691
2025-05-20 03:06:17,15945,2120085504,31252480,0.0,0.09364885264199616,0,12,0.03,0.02,0.0,0.0,0.0,9912320,0,6,4,1,0,sleeping,197,88,1310720,208896,20246,9691
2025-05-20 03:06:18,15945,2120085504,31252480,0.0,0.09364885264199616,0,12,0.03,0.02,0.0,0.0,0.0,9912320,0,6,4,1,0,sleeping,197,88,1310720,208896,20246,9691
2025-05-20 03:06:19,15945,2120085504,31252480,0.0,0.09364885264199616,0,12,0.03,0.02,0.0,0.0,0.0,9912320,0,6,4,1,0,sleeping,197,88,1310720,208896,20246,9691
2025-05-20 03:06:20,15945,2120085504,31252480,0.0,0.09364885264199616,0,12,0.03,0.02,0.0,0.0,0.0,9912320,0,6,4,1,0,sleeping,197,88,1310720,208896,20246,9691
2025-05-20 03:06:21,15945,2120085504,31252480,0.0,0.09364885264199616,0,12,0.03,0.02,0.0,0.0,0.0,9912320,0,6,4,1,0,sleeping,197,88,1310720,208896,20246,9691
2025-05-20 03:06:22,15945,2120085504,31252480,0.0,0.09364885264199616,0,12,0.03,0.02,0.0,0.0,0.0,9912320,0,6,4,1,0,sleeping,197,88,1310720,208896,20246,9691
2025-05-20 03:06:23,15945,2120085504,31252480,0.0,0.09364885264199616,0,12,0.03,0.02,0.0,0.0,0.0,9912320,0,6,4,1,0,sleeping,197,88,1310720,208896,20246,9691
2025-05-20 03:06:24,15945,2120085504,31252480,0.0,0.09364885264199616,0,12,0.03,0.02,0.0,0.0,0.0,9912320,0,6,4,1,0,sleeping,197,88,1310720,208896,20246,9691
2025-05-20 03:06:25,15945,2120085504,31252480,0.0,0.09364885264199616,0,12,0.03,0.02,0.0,0.0,0.0,9912320,0,6,4,1,0,sleeping,197,88,1310720,208896,20246,9691
2025-05-20 03:06:26,15945,2120085504,31252480,0.0,0.09364885264199616,0,12,0.03,0.02,0.0,0.0,0.0,9912320,0,6,4,1,0,sleeping,197,88,1310720,208896,20246,9691
2025-05-20 03:06:28,15945,2120085504,31252480,0.0,0.09364885264199616,0,12,0.03,0.02,0.0,0.0,0.0,9912320,0,6,4,1,0,sleeping,197,88,1310720,208896,20246,9691
2025-05-20 03:06:29,15945,2120085504,31252480,0.0,0.09364885264199616,0,12,0.03,0.02,0.0,0.0,0.0,9912320,0,6,4,1,0,sleeping,197,88,1310720,208896,20246,9691
2025-05-20 03:06:30,15945,2120085504,31252480,0.0,0.09364885264199616,0,12,0.03,0.02,0.0,0.0,0.0,9912320,0,6,4,1,0,sleeping,197,88,1310720,208896,20246,9691
2025-05-20 03:06:31,15945,2120085504,31252480,0.0,0.09364885264199616,0,12,0.03,0.02,0.0,0.0,0.0,9912320,0,7,4,1,0,sleeping,197,88,1310720,208896,20246,9691
2025-05-20 03:06:32,15945,2120085504,31252480,0.0,0.09364885264199616,0,12,0.03,0.02,0.0,0.0,0.0,9912320,0,7,4,1,0,sleeping,197,88,1310720,208896,20246,9691
2025-05-20 03:06:33,15945,2120085504,31252480,0.0,0.09364885264199616,0,12,0.03,0.02,0.0,0.0,0.0,9912320,0,7,4,1,0,sleeping,197,88,1310720,208896,20246,9691
2025-05-20 03:06:34,15945,2120085504,31252480,0.0,0.09364885264199616,0,12,0.03,0.02,0.0,0.0,0.0,9912320,0,7,4,1,0,sleeping,197,88,1310720,208896,20246,9691
2025-05-20 03:06:35,15945,2120085504,31252480,0.0,0.09364885264199616,0,12,0.03,0.02,0.0,0.0,0.0,9912320,0,7,4,1,0,sleeping,197,88,1310720,208896,20246,9691
2025-05-20 03:06:36,15945,2120085504,31252480,0.0,0.09364885264199616,0,12,0.03,0.02,0.0,0.0,0.0,9912320,0,7,4,1,0,sleeping,197,88,1310720,208896,20246,9691
2025-05-20 03:06:37,15945,2120085504,31252480,0.0,0.09364885264199616,0,12,0.03,0.02,0.0,0.0,0.0,9912320,0,7,4,1,0,sleeping,197,88,1310720,208896,20246,9691
2025-05-20 03:06:38,15945,2120085504,31252480,0.0,0.09364885264199616,0,12,0.03,0.02,0.0,0.0,0.0,9912320,0,7,4,1,0,sleeping,197,88,1310720,208896,20246,9691
2025-05-20 03:06:39,15945,2120085504,31252480,0.0,0.09364885264199616,0,12,0.03,0.02,0.0,0.0,0.0,9912320,0,7,4,1,0,sleeping,197,88,1310720,208896,20246,9691
2025-05-20 03:06:41,15945,2120085504,31252480,0.0,0.09364885264199616,0,12,0.03,0.02,0.0,0.0,0.0,9912320,0,7,4,1,0,sleeping,197,88,1310720,208896,20246,9691
2025-05-20 03:06:42,15945,2120085504,31252480,0.0,0.09364885264199616,0,12,0.03,0.02,0.0,0.0,0.0,9912320,0,7,4,1,0,sleeping,197,88,1310720,208896,20246,9691
2025-05-20 03:06:43,15945,2120085504,31252480,0.0,0.09364885264199616,0,12,0.03,0.02,0.0,0.0,0.0,9912320,0,7,4,1,0,sleeping,197,88,1310720,208896,20246,9691
2025-05-20 03:06:44,15945,2120085504,31252480,0.0,0.09364885264199616,0,12,0.03,0.02,0.0,0.0,0.0,9912320,0,7,4,1,0,sleeping,197,88,1310720,208896,20246,9691
2025-05-20 03:06:45,15945,2120085504,31252480,0.0,0.09364885264199616,0,12,0.03,0.02,0.0,0.0,0.0,9912320,0,7,4,1,0,sleeping,197,88,1310720,208896,20246,9691
2025-05-20 03:06:46,15945,2120085504,31252480,0.0,0.09364885264199616,0,12,0.03,0.02,0.0,0.0,0.0,9912320,0,7,4,1,0,sleeping,197,88,1310720,208896,20246,9691
2025-05-20 03:06:47,15945,2120085504,31252480,0.0,0.09364885264199616,0,12,0.03,0.02,0.0,0.0,0.0,9912320,0,7,4,1,0,sleeping,197,88,1310720,208896,20246,9691
2025-05-20 03:06:48,15945,2120085504,31252480,0.0,0.09364885264199616,0,12,0.03,0.02,0.0,0.0,0.0,9912320,0,7,4,1,0,sleeping,197,88,1310720,208896,20246,9691
2025-05-20 03:06:49,15945,2120085504,31252480,0.0,0.09364885264199616,0,12,0.03,0.02,0.0,0.0,0.0,9912320,0,7,4,1,0,sleeping,197,88,1310720,208896,20246,9691
2025-05-20 03:06:50,15945,2120085504,31252480,0.0,0.09364885264199616,0,12,0.03,0.02,0.0,0.0,0.0,9912320,0,7,4,1,0,sleeping,197,88,1310720,208896,20246,9691
2025-05-20 03:06:51,15945,2120085504,31252480,0.0,0.09364885264199616,0,12,0.03,0.02,0.0,0.0,0.0,9912320,0,7,4,1,0,sleeping,197,88,1310720,208896,20246,9691
2025-05-20 03:06:52,15945,2120085504,31252480,0.0,0.09364885264199616,0,12,0.03,0.02,0.0,0.0,0.0,9912320,0,7,4,1,0,sleeping,197,88,1310720,208896,20246,9691
2025-05-20 03:06:54,15945,2120085504,31252480,0.0,0.09364885264199616,0,12,0.03,0.02,0.0,0.0,0.0,9912320,0,7,4,1,0,sleeping,197,88,1310720,208896,20246,9691
2025-05-20 03:06:55,15945,2120085504,31252480,0.0,0.09364885264199616,0,12,0.03,0.02,0.0,0.0,0.0,9912320,0,7,4,1,0,sleeping,197,88,1310720,208896,20246,9691
2025-05-20 03:06:56,15945,2120085504,31252480,0.0,0.09364885264199616,0,12,0.03,0.02,0.0,0.0,0.0,9912320,0,7,4,1,0,sleeping,197,88,1310720,208896,20246,9691
2025-05-20 03:06:57,15945,2120085504,31252480,0.0,0.09364885264199616,0,12,0.03,0.02,0.0,0.0,0.0,9912320,0,7,4,1,0,sleeping,197,88,1310720,208896,20246,9691
2025-05-20 03:06:58,15945,2120085504,31252480,0.0,0.09364885264199616,0,12,0.03,0.02,0.0,0.0,0.0,9912320,0,7,4,1,0,sleeping,197,88,1310720,208896,20246,9691
2025-05-20 03:06:59,15945,2120085504,31252480,0.0,0.09364885264199616,0,12,0.03,0.02,0.0,0.0,0.0,9912320,0,7,4,1,0,sleeping,197,88,1310720,208896,20246,9691
2025-05-20 03:07:00,15945,2120085504,31252480,0.0,0.09364885264199616,0,12,0.03,0.02,0.0,0.0,0.0,9912320,0,7,4,1,0,sleeping,197,88,1310720,208896,20246,9691
2025-05-20 03:07:01,15945,2120085504,31252480,0.0,0.09364885264199616,0,12,0.03,0.02,0.0,0.0,0.0,9912320,0,7,4,1,0,sleeping,197,88,1310720,208896,20246,9691
2025-05-20 03:07:02,15945,2120085504,31252480,0.0,0.09364885264199616,0,12,0.03,0.02,0.0,0.0,0.0,9912320,0,7,4,1,0,sleeping,197,88,1310720,208896,20246,9691
2025-05-20 03:07:03,15945,2120085504,31252480,0.0,0.09364885264199616,0,12,0.03,0.02,0.0,0.0,0.0,9912320,0,7,4,1,0,sleeping,197,88,1310720,208896,20246,9691
2025-05-20 03:07:04,15945,2120085504,31252480,0.0,0.09364885264199616,0,12,0.03,0.02,0.0,0.0,0.0,9912320,0,7,4,1,0,sleeping,197,88,1310720,208896,20246,9691
2025-05-20 03:07:05,15945,2120085504,31252480,0.0,0.09364885264199616,0,12,0.03,0.02,0.0,0.0,0.0,9912320,0,7,4,1,0,sleeping,197,88,1310720,208896,20246,9691
2025-05-20 03:07:07,15945,2120085504,31252480,0.0,0.09364885264199616,0,12,0.03,0.02,0.0,0.0,0.0,9912320,0,7,4,1,0,sleeping,197,88,1310720,208896,20246,9691
2025-05-20 03:07:08,15945,2120085504,31252480,0.0,0.09364885264199616,0,12,0.03,0.02,0.0,0.0,0.0,9912320,0,7,4,1,0,sleeping,197,88,1310720,208896,20246,9691
2025-05-20 03:07:09,15945,2120085504,31252480,0.0,0.09364885264199616,0,12,0.03,0.02,0.0,0.0,0.0,9912320,0,7,4,1,0,sleeping,197,88,1310720,208896,20246,9691
2025-05-20 03:07:10,15945,2120085504,31252480,0.0,0.09364885264199616,0,12,0.03,0.02,0.0,0.0,0.0,9912320,0,7,4,1,0,sleeping,197,88,1310720,208896,20246,9691
2025-05-20 03:07:11,15945,2120085504,31252480,0.0,0.09364885264199616,0,12,0.03,0.02,0.0,0.0,0.0,9912320,0,7,4,1,0,sleeping,197,88,1310720,208896,20246,9691
2025-05-20 03:07:12,15945,2120085504,31252480,0.0,0.09364885264199616,0,12,0.03,0.02,0.0,0.0,0.0,9912320,0,7,4,1,0,sleeping,197,88,1310720,208896,20246,9691
2025-05-20 03:07:13,15945,2120085504,31252480,0.0,0.09364885264199616,0,12,0.03,0.02,0.0,0.0,0.0,9912320,0,7,4,1,0,sleeping,197,88,1310720,208896,20246,9691
2025-05-20 03:07:14,15945,2120085504,31252480,0.0,0.09364885264199616,0,12,0.03,0.02,0.0,0.0,0.0,9912320,0,7,4,1,0,sleeping,197,88,1310720,208896,20246,9691
2025-05-20 03:07:15,15945,2120085504,31252480,0.0,0.09364885264199616,0,12,0.03,0.02,0.0,0.0,0.0,9912320,0,7,4,1,0,sleeping,197,88,1310720,208896,20246,9691
2025-05-20 03:07:16,15945,2120085504,31252480,0.0,0.09364885264199616,0,12,0.03,0.02,0.0,0.0,0.0,9912320,0,7,4,1,0,sleeping,197,88,1310720,208896,20246,9691
2025-05-20 03:07:17,15945,2120085504,31252480,0.0,0.09364885264199616,0,12,0.03,0.02,0.0,0.0,0.0,9912320,0,7,4,1,0,sleeping,197,88,1310720,208896,20246,9691
2025-05-20 03:07:18,15945,2120085504,31252480,0.0,0.09364885264199616,0,12,0.03,0.02,0.0,0.0,0.0,9912320,0,7,4,1,0,sleeping,197,88,1310720,208896,20246,9691
2025-05-20 03:07:20,15945,2120085504,31252480,0.0,0.09364885264199616,0,12,0.03,0.02,0.0,0.0,0.0,9912320,0,7,4,1,0,sleeping,197,88,1310720,208896,20246,9691
2025-05-20 03:07:21,15945,2120085504,31252480,0.0,0.09364885264199616,0,12,0.03,0.02,0.0,0.0,0.0,9912320,0,7,4,1,0,sleeping,197,88,1310720,208896,20246,9691
2025-05-20 03:07:22,15945,2120085504,31252480,0.0,0.09364885264199616,0,12,0.03,0.02,0.0,0.0,0.0,9912320,0,7,4,1,0,sleeping,197,88,1310720,208896,20246,9691
2025-05-20 03:07:23,15945,2120085504,31252480,0.0,0.09364885264199616,0,12,0.03,0.02,0.0,0.0,0.0,9912320,0,7,4,1,0,sleeping,197,88,1310720,208896,20246,9691
2025-05-20 03:07:24,15945,2120085504,31252480,0.0,0.09364885264199616,0,12,0.03,0.02,0.0,0.0,0.0,9912320,0,7,4,1,0,sleeping,197,88,1310720,208896,20246,9691
2025-05-20 03:07:25,15945,2120085504,31252480,0.0,0.09364885264199616,0,12,0.03,0.02,0.0,0.0,0.0,9912320,0,7,4,1,0,sleeping,197,88,1310720,208896,20246,9691
2025-05-20 03:07:26,15945,2120085504,31252480,0.0,0.09364885264199616,0,12,0.03,0.02,0.0,0.0,0.0,9912320,0,7,4,1,0,sleeping,197,88,1310720,208896,20246,9691
2025-05-20 03:07:27,15945,2120085504,31252480,0.0,0.09364885264199616,0,12,0.03,0.02,0.0,0.0,0.0,9912320,0,7,4,1,0,sleeping,197,88,1310720,208896,20246,9691
2025-05-20 03:07:28,15945,2120085504,31252480,0.0,0.09364885264199616,0,12,0.03,0.02,0.0,0.0,0.0,9912320,0,7,4,1,0,sleeping,197,88,1310720,208896,20246,9691
2025-05-20 03:07:29,15945,2120085504,31252480,0.0,0.09364885264199616,0,12,0.03,0.02,0.0,0.0,0.0,9912320,0,7,4,1,0,sleeping,197,88,1310720,208896,20246,9691
2025-05-20 03:07:30,15945,2120085504,31252480,0.0,0.09364885264199616,0,12,0.03,0.02,0.0,0.0,0.0,9912320,0,7,4,1,0,sleeping,197,88,1310720,208896,20246,9691
2025-05-20 03:07:31,15945,2120085504,31252480,0.0,0.09364885264199616,0,12,0.03,0.02,0.0,0.0,0.0,9912320,0,7,4,1,0,sleeping,197,88,1310720,208896,20246,9691
2025-05-20 03:07:33,15945,2120085504,31252480,0.0,0.09364885264199616,0,12,0.03,0.02,0.0,0.0,0.0,9912320,0,7,4,1,0,sleeping,197,88,1310720,208896,20246,9691
2025-05-20 03:07:34,15945,2120085504,31252480,0.0,0.09364885264199616,0,12,0.03,0.02,0.0,0.0,0.0,9912320,0,7,4,1,0,sleeping,197,88,1310720,208896,20246,9691
2025-05-20 03:07:35,15945,2120085504,31252480,0.0,0.09364885264199616,0,12,0.03,0.02,0.0,0.0,0.0,9912320,0,7,4,1,0,sleeping,197,88,1310720,208896,20246,9691
2025-05-20 03:07:36,15945,2120085504,31252480,0.0,0.09364885264199616,0,12,0.03,0.02,0.0,0.0,0.0,9912320,0,7,4,1,0,sleeping,197,88,1310720,208896,20246,9691
2025-05-20 03:07:37,15945,2120085504,31252480,0.0,0.09364885264199616,0,12,0.03,0.02,0.0,0.0,0.0,9912320,0,7,4,1,0,sleeping,197,88,1310720,208896,20246,9691
2025-05-20 03:07:38,15945,2120085504,31252480,0.0,0.09364885264199616,0,12,0.03,0.02,0.0,0.0,0.0,9912320,0,7,4,1,0,sleeping,197,88,1310720,208896,20246,9691
2025-05-20 03:07:39,15945,2120085504,31252480,0.0,0.09364885264199616,0,12,0.03,0.02,0.0,0.0,0.0,9912320,0,7,4,1,0,sleeping,197,88,1310720,208896,20246,9691
2025-05-20 03:07:40,15945,2120085504,31252480,0.0,0.09364885264199616,0,12,0.03,0.02,0.0,0.0,0.0,9912320,0,7,4,1,0,sleeping,197,88,1310720,208896,20246,9691
2025-05-20 03:07:41,15945,2120085504,31252480,0.0,0.09364885264199616,0,12,0.03,0.02,0.0,0.0,0.0,9912320,0,7,4,1,0,sleeping,197,88,1310720,208896,20246,9691
2025-05-20 03:07:42,15945,2120085504,31252480,0.0,0.09364885264199616,0,12,0.03,0.02,0.0,0.0,0.0,9912320,0,7,4,1,0,sleeping,197,88,1310720,208896,20246,9691
2025-05-20 03:07:43,15945,2120085504,31252480,0.0,0.09364885264199616,0,12,0.03,0.02,0.0,0.0,0.0,9912320,0,7,4,1,0,sleeping,197,88,1310720,208896,20246,9691
2025-05-20 03:07:44,15945,2120085504,31252480,0.0,0.09364885264199616,0,12,0.03,0.02,0.0,0.0,0.0,9912320,0,7,4,1,0,sleeping,197,88,1310720,208896,20246,9691
2025-05-20 03:07:46,15945,2120085504,31252480,0.0,0.09364885264199616,0,12,0.03,0.02,0.0,0.0,0.0,9912320,0,7,4,1,0,sleeping,197,88,1310720,208896,20246,9691
2025-05-20 03:07:47,15945,2120085504,31252480,0.0,0.09364885264199616,0,12,0.03,0.02,0.0,0.0,0.0,9912320,0,7,4,1,0,sleeping,197,88,1310720,208896,20246,9691
2025-05-20 03:07:48,15945,2120085504,31252480,0.0,0.09364885264199616,0,12,0.03,0.02,0.0,0.0,0.0,9912320,0,7,4,1,0,sleeping,197,88,1310720,208896,20246,9691
2025-05-20 03:07:49,15945,2120085504,31252480,0.0,0.09364885264199616,0,12,0.03,0.02,0.0,0.0,0.0,9912320,0,7,4,1,0,sleeping,197,88,1310720,208896,20246,9691
2025-05-20 03:07:50,15945,2120085504,31252480,0.0,0.09364885264199616,0,12,0.03,0.02,0.0,0.0,0.0,9912320,0,7,4,1,0,sleeping,197,88,1310720,208896,20246,9691
2025-05-20 03:07:51,15945,2120085504,31252480,0.0,0.09364885264199616,0,12,0.03,0.02,0.0,0.0,0.0,9912320,0,7,4,1,0,sleeping,197,88,1310720,208896,20246,9691
2025-05-20 03:07:52,15945,2120085504,31252480,0.0,0.09364885264199616,0,12,0.03,0.02,0.0,0.0,0.0,9912320,0,7,4,1,0,sleeping,197,88,1310720,208896,20246,9691
2025-05-20 03:07:53,15945,2120085504,31252480,0.0,0.09364885264199616,0,12,0.03,0.02,0.0,0.0,0.0,9912320,0,7,4,1,0,sleeping,197,88,1310720,208896,20246,9691
2025-05-20 03:07:54,15945,2120085504,31252480,0.0,0.09364885264199616,0,12,0.03,0.02,0.0,0.0,0.0,9912320,0,7,4,1,0,sleeping,197,88,1310720,208896,20246,9691
2025-05-20 03:07:55,15945,2120085504,31252480,0.0,0.09364885264199616,0,12,0.03,0.02,0.0,0.0,0.0,9912320,0,7,4,1,0,sleeping,197,88,1310720,208896,20246,9691
2025-05-20 03:07:56,15945,2120085504,31252480,0.0,0.09364885264199616,0,12,0.03,0.02,0.0,0.0,0.0,9912320,0,7,4,1,0,sleeping,197,88,1310720,208896,20246,9691
2025-05-20 03:07:57,15945,2120085504,31252480,0.0,0.09364885264199616,0,12,0.03,0.02,0.0,0.0,0.0,9912320,0,7,4,1,0,sleeping,197,88,1310720,208896,20246,9691
2025-05-20 03:07:59,15945,2120085504,31252480,0.0,0.09364885264199616,0,12,0.03,0.02,0.0,0.0,0.0,9912320,0,7,4,1,0,sleeping,197,88,1310720,208896,20246,9691
2025-05-20 03:08:00,15945,2120085504,31252480,0.0,0.09364885264199616,0,12,0.03,0.02,0.0,0.0,0.0,9912320,0,7,4,1,0,sleeping,197,88,1310720,208896,20246,9691
2025-05-20 03:08:01,15945,2120085504,31252480,0.0,0.09364885264199616,0,12,0.03,0.02,0.0,0.0,0.0,9912320,0,7,4,1,0,sleeping,197,88,1310720,208896,20246,9691
2025-05-20 03:08:02,15945,2120085504,31252480,0.0,0.09364885264199616,0,12,0.03,0.02,0.0,0.0,0.0,9912320,0,7,4,1,0,sleeping,197,88,1310720,208896,20246,9691
2025-05-20 03:08:03,15945,2120085504,31252480,0.0,0.09364885264199616,0,12,0.03,0.02,0.0,0.0,0.0,9912320,0,7,4,1,0,sleeping,197,88,1310720,208896,20246,9691
2025-05-20 03:08:04,15945,2120085504,31252480,0.0,0.09364885264199616,0,12,0.03,0.02,0.0,0.0,0.0,9912320,0,7,4,1,0,sleeping,197,88,1310720,208896,20246,9691
2025-05-20 03:08:05,15945,2120085504,31252480,0.0,0.09364885264199616,0,12,0.03,0.02,0.0,0.0,0.0,9912320,0,7,4,1,0,sleeping,197,88,1310720,208896,20246,9691
2025-05-20 03:08:06,15945,2120085504,31252480,0.0,0.09364885264199616,0,12,0.03,0.02,0.0,0.0,0.0,9912320,0,7,4,1,0,sleeping,197,88,1310720,208896,20246,9691
2025-05-20 03:08:07,15945,2120085504,31252480,0.0,0.09364885264199616,0,12,0.03,0.02,0.0,0.0,0.0,9912320,0,7,4,1,0,sleeping,197,88,1310720,208896,20246,9691
2025-05-20 03:08:08,15945,2120085504,31252480,0.0,0.09364885264199616,0,12,0.03,0.02,0.0,0.0,0.0,9912320,0,7,4,1,0,sleeping,197,88,1310720,208896,20246,9691
2025-05-20 03:08:09,15945,2120085504,31252480,0.0,0.09364885264199616,0,12,0.03,0.02,0.0,0.0,0.0,9912320,0,7,4,1,0,sleeping,197,88,1310720,208896,20246,9691
2025-05-20 03:08:10,15945,2120085504,31252480,0.0,0.09364885264199616,0,12,0.03,0.02,0.0,0.0,0.0,9912320,0,7,4,1,0,sleeping,197,88,1310720,208896,20246,9691
2025-05-20 03:08:12,15945,2120085504,31252480,0.0,0.09364885264199616,0,12,0.03,0.02,0.0,0.0,0.0,9912320,0,7,4,1,0,sleeping,197,88,1310720,208896,20246,9691
2025-05-20 03:08:13,15945,2120085504,31252480,0.0,0.09364885264199616,0,12,0.03,0.02,0.0,0.0,0.0,9912320,0,7,4,1,0,sleeping,197,88,1310720,208896,20246,9691
2025-05-20 03:08:14,15945,2120085504,31252480,0.0,0.09364885264199616,0,12,0.03,0.02,0.0,0.0,0.0,9912320,0,7,4,1,0,sleeping,197,88,1310720,208896,20246,9691
2025-05-20 03:08:15,15945,2120085504,31252480,0.0,0.09364885264199616,0,12,0.03,0.02,0.0,0.0,0.0,9912320,0,7,4,1,0,sleeping,197,88,1310720,208896,20246,9691
2025-05-20 03:08:16,15945,2120085504,31252480,0.0,0.09364885264199616,0,12,0.03,0.02,0.0,0.0,0.0,9912320,0,7,4,1,0,sleeping,197,88,1310720,208896,20246,9691
2025-05-20 03:08:17,15945,2120085504,31252480,0.0,0.09364885264199616,0,12,0.03,0.02,0.0,0.0,0.0,9912320,0,7,4,1,0,sleeping,197,88,1310720,208896,20246,9691
2025-05-20 03:08:18,15945,2120085504,31252480,0.0,0.09364885264199616,0,12,0.03,0.02,0.0,0.0,0.0,9912320,0,7,4,1,0,sleeping,197,88,1310720,208896,20246,9691
2025-05-20 03:08:19,15945,2120085504,31252480,0.0,0.09364885264199616,0,12,0.03,0.02,0.0,0.0,0.0,9912320,0,7,4,1,0,sleeping,197,88,1310720,208896,20246,9691
2025-05-20 03:08:20,15945,2120085504,31252480,0.0,0.09364885264199616,0,12,0.03,0.02,0.0,0.0,0.0,9912320,0,7,4,1,0,sleeping,197,88,1310720,208896,20246,9691
2025-05-20 03:08:21,15945,2120085504,31252480,0.0,0.09364885264199616,0,12,0.03,0.02,0.0,0.0,0.0,9912320,0,7,4,1,0,sleeping,197,88,1310720,208896,20246,9691
2025-05-20 03:08:22,15945,2120085504,31252480,0.0,0.09364885264199616,0,12,0.03,0.02,0.0,0.0,0.0,9912320,0,7,4,1,0,sleeping,197,88,1310720,208896,20246,9691
2025-05-20 03:08:23,15945,2120085504,31252480,0.0,0.09364885264199616,0,12,0.03,0.02,0.0,0.0,0.0,9912320,0,7,4,1,0,sleeping,197,88,1310720,208896,20246,9691
2025-05-20 03:08:25,15945,2120085504,31252480,0.0,0.09364885264199616,0,12,0.03,0.02,0.0,0.0,0.0,9912320,0,7,4,1,0,sleeping,197,88,1310720,208896,20246,9691
2025-05-20 03:08:26,15945,2120085504,31252480,0.0,0.09364885264199616,0,12,0.03,0.02,0.0,0.0,0.0,9912320,0,7,4,1,0,sleeping,197,88,1310720,208896,20246,9691
2025-05-20 03:08:27,15945,2120085504,31252480,0.0,0.09364885264199616,0,12,0.03,0.02,0.0,0.0,0.0,9912320,0,7,4,1,0,sleeping,197,88,1310720,208896,20246,9691
2025-05-20 03:08:28,15945,2120085504,31252480,0.0,0.09364885264199616,0,12,0.03,0.02,0.0,0.0,0.0,9912320,0,7,4,1,0,sleeping,197,88,1310720,208896,20246,9691
2025-05-20 03:08:29,15945,2120085504,31252480,0.0,0.09364885264199616,0,12,0.03,0.02,0.0,0.0,0.0,9912320,0,7,4,1,0,sleeping,197,88,1310720,208896,20246,9691
2025-05-20 03:08:30,15945,2120085504,31252480,0.0,0.09364885264199616,0,12,0.03,0.02,0.0,0.0,0.0,9912320,0,7,4,1,0,sleeping,197,88,1310720,208896,20246,9691
2025-05-20 03:08:31,15945,2120085504,31252480,0.0,0.09364885264199616,0,12,0.03,0.02,0.0,0.0,0.0,9912320,0,7,4,1,0,sleeping,197,88,1310720,208896,20246,9691
2025-05-20 03:08:32,15945,2120085504,31252480,0.0,0.09364885264199616,0,12,0.03,0.02,0.0,0.0,0.0,9912320,0,7,4,1,0,sleeping,197,88,1310720,208896,20246,9691
2025-05-20 03:08:33,15945,2120085504,31252480,0.0,0.09364885264199616,0,12,0.03,0.02,0.0,0.0,0.0,9912320,0,7,4,1,0,sleeping,197,88,1310720,208896,20246,9691
2025-05-20 03:08:34,15945,2120085504,31252480,0.0,0.09364885264199616,0,12,0.03,0.02,0.0,0.0,0.0,9912320,0,7,4,1,0,sleeping,197,88,1310720,208896,20246,9691
2025-05-20 03:08:35,15945,2120085504,31252480,0.0,0.09364885264199616,0,12,0.03,0.02,0.0,0.0,0.0,9912320,0,7,4,1,0,sleeping,197,88,1310720,208896,20246,9691
2025-05-20 03:08:36,15945,2120085504,31252480,0.0,0.09364885264199616,0,12,0.03,0.02,0.0,0.0,0.0,9912320,0,7,4,1,0,sleeping,197,88,1310720,208896,20246,9691
2025-05-20 03:08:38,15945,2120085504,31252480,0.0,0.09364885264199616,0,12,0.03,0.02,0.0,0.0,0.0,9912320,0,7,4,1,0,sleeping,197,88,1310720,208896,20246,9691
2025-05-20 03:08:39,15945,2120085504,31252480,0.0,0.09364885264199616,0,12,0.03,0.02,0.0,0.0,0.0,9912320,0,7,4,1,0,sleeping,197,88,1310720,208896,20246,9691
2025-05-20 03:08:40,15945,2120085504,31252480,0.0,0.09364885264199616,0,12,0.03,0.02,0.0,0.0,0.0,9912320,0,7,4,1,0,sleeping,197,88,1310720,208896,20246,9691
2025-05-20 03:08:41,15945,2120085504,31252480,0.0,0.09364885264199616,0,12,0.03,0.02,0.0,0.0,0.0,9912320,0,7,4,1,0,sleeping,197,88,1310720,208896,20246,9691
2025-05-20 03:08:42,15945,2120085504,31252480,0.0,0.09364885264199616,0,12,0.03,0.02,0.0,0.0,0.0,9912320,0,7,4,1,0,sleeping,197,88,1310720,208896,20246,9691
2025-05-20 03:08:43,15945,2120085504,31252480,0.0,0.09364885264199616,0,12,0.03,0.02,0.0,0.0,0.0,9912320,0,7,4,1,0,sleeping,197,88,1310720,208896,20246,9691
2025-05-20 03:08:44,15945,2120085504,31252480,0.0,0.09364885264199616,0,12,0.03,0.02,0.0,0.0,0.0,9912320,0,7,4,1,0,sleeping,197,88,1310720,208896,20246,9691
2025-05-20 03:08:45,15945,2120085504,31252480,0.0,0.09364885264199616,0,12,0.03,0.02,0.0,0.0,0.0,9912320,0,7,4,1,0,sleeping,197,88,1310720,208896,20246,9691
2025-05-20 03:08:46,15945,2120085504,31252480,0.0,0.09364885264199616,0,12,0.03,0.02,0.0,0.0,0.0,9912320,0,7,4,1,0,sleeping,197,88,1310720,208896,20246,9691
2025-05-20 03:08:47,15945,2120085504,31252480,0.0,0.09364885264199616,0,12,0.03,0.02,0.0,0.0,0.0,9912320,0,7,4,1,0,sleeping,197,88,1310720,208896,20246,9691
2025-05-20 03:08:48,15945,2120085504,31252480,0.0,0.09364885264199616,0,12,0.03,0.02,0.0,0.0,0.0,9912320,0,7,4,1,0,sleeping,197,88,1310720,208896,20246,9691
2025-05-20 03:08:49,15945,2120085504,31252480,0.0,0.09364885264199616,0,12,0.03,0.02,0.0,0.0,0.0,9912320,0,7,4,1,0,sleeping,197,88,1310720,208896,20246,9691
2025-05-20 03:08:51,15945,2120085504,31252480,0.0,0.09364885264199616,0,12,0.03,0.02,0.0,0.0,0.0,9912320,0,7,4,1,0,sleeping,197,88,1310720,208896,20246,9691
2025-05-20 03:08:52,15945,2120085504,31252480,0.0,0.09364885264199616,0,12,0.03,0.02,0.0,0.0,0.0,9912320,0,7,4,1,0,sleeping,197,88,1310720,208896,20246,9691
2025-05-20 03:08:53,15945,2120085504,31252480,0.0,0.09364885264199616,0,12,0.03,0.02,0.0,0.0,0.0,9912320,0,7,4,1,0,sleeping,197,88,1310720,208896,20246,9691
2025-05-20 03:08:54,15945,2120085504,31252480,0.0,0.09364885264199616,0,12,0.03,0.02,0.0,0.0,0.0,9912320,0,7,4,1,0,sleeping,197,88,1310720,208896,20246,9691
2025-05-20 03:08:55,15945,2120085504,31252480,0.0,0.09364885264199616,0,12,0.03,0.02,0.0,0.0,0.0,9912320,0,7,4,1,0,sleeping,197,88,1310720,208896,20246,9691
2025-05-20 03:08:56,15945,2120085504,31252480,0.0,0.09364885264199616,0,12,0.03,0.02,0.0,0.0,0.0,9912320,0,7,4,1,0,sleeping,197,88,1310720,208896,20246,9691
2025-05-20 03:08:57,15945,2120085504,31252480,0.0,0.09364885264199616,0,12,0.03,0.02,0.0,0.0,0.0,9912320,0,7,4,1,0,sleeping,197,88,1310720,208896,20246,9691
2025-05-20 03:08:58,15945,2120085504,31252480,0.0,0.09364885264199616,0,12,0.03,0.02,0.0,0.0,0.0,9912320,0,7,4,1,0,sleeping,197,88,1310720,208896,20246,9691
2025-05-20 03:08:59,15945,2120085504,31252480,0.0,0.09364885264199616,0,12,0.03,0.02,0.0,0.0,0.0,9912320,0,7,4,1,0,sleeping,197,88,1310720,208896,20246,9691
2025-05-20 03:09:00,15945,2120085504,31252480,0.0,0.09364885264199616,0,12,0.03,0.02,0.0,0.0,0.0,9912320,0,7,4,1,0,sleeping,197,88,1310720,208896,20246,9691
2025-05-20 03:09:01,15945,2120085504,31252480,0.0,0.09364885264199616,0,12,0.03,0.02,0.0,0.0,0.0,9912320,0,7,4,1,0,sleeping,197,88,1310720,208896,20246,9691
2025-05-20 03:09:02,15945,2120085504,31252480,0.0,0.09364885264199616,0,12,0.03,0.02,0.0,0.0,0.0,9912320,0,7,4,1,0,sleeping,197,88,1310720,208896,20246,9691
2025-05-20 03:09:04,15945,2120085504,31252480,0.0,0.09364885264199616,0,12,0.03,0.02,0.0,0.0,0.0,9912320,0,7,4,1,0,sleeping,197,88,1310720,208896,20246,9691
2025-05-20 03:09:05,15945,2120085504,31252480,0.0,0.09364885264199616,0,12,0.03,0.02,0.0,0.0,0.0,9912320,0,7,4,1,0,sleeping,197,88,1310720,208896,20246,9691
2025-05-20 03:09:06,15945,2120085504,31252480,0.0,0.09364885264199616,0,12,0.03,0.02,0.0,0.0,0.0,9912320,0,7,4,1,0,sleeping,197,88,1310720,208896,20246,9691
2025-05-20 03:09:07,15945,2120085504,31252480,0.0,0.09364885264199616,0,12,0.03,0.02,0.0,0.0,0.0,9912320,0,7,4,1,0,sleeping,197,88,1310720,208896,20246,9691
2025-05-20 03:09:08,15945,2120085504,31252480,0.0,0.09364885264199616,0,12,0.03,0.02,0.0,0.0,0.0,9912320,0,7,4,1,0,sleeping,197,88,1310720,208896,20246,9691
2025-05-20 03:09:09,15945,2120085504,31252480,0.0,0.09364885264199616,0,12,0.03,0.02,0.0,0.0,0.0,9912320,0,7,4,1,0,sleeping,197,88,1310720,208896,20246,9691
2025-05-20 03:09:10,15945,2120085504,31252480,0.0,0.09364885264199616,0,12,0.03,0.02,0.0,0.0,0.0,9912320,0,7,4,1,0,sleeping,197,88,1310720,208896,20246,9691
2025-05-20 03:09:11,15945,2120085504,31252480,0.0,0.09364885264199616,0,12,0.03,0.02,0.0,0.0,0.0,9912320,0,7,4,1,0,sleeping,197,88,1310720,208896,20246,9691
2025-05-20 03:09:12,15945,2120085504,31252480,0.0,0.09364885264199616,0,12,0.03,0.02,0.0,0.0,0.0,9912320,0,7,4,1,0,sleeping,197,88,1310720,208896,20246,9691
2025-05-20 03:09:13,15945,2120085504,31252480,0.0,0.09364885264199616,0,12,0.03,0.02,0.0,0.0,0.0,9912320,0,7,4,1,0,sleeping,197,88,1310720,208896,20246,9691
2025-05-20 03:09:14,15945,2120085504,31252480,0.0,0.09364885264199616,0,12,0.03,0.02,0.0,0.0,0.0,9912320,0,7,4,1,0,sleeping,197,88,1310720,208896,20246,9691
2025-05-20 03:09:15,15945,2120085504,31252480,0.0,0.09364885264199616,0,12,0.03,0.02,0.0,0.0,0.0,9912320,0,7,4,1,0,sleeping,197,88,1310720,208896,20246,9691
2025-05-20 03:09:17,15945,2120085504,31252480,0.0,0.09364885264199616,0,12,0.03,0.02,0.0,0.0,0.0,9912320,0,7,4,1,0,sleeping,197,88,1310720,208896,20246,9691
2025-05-20 03:09:18,15945,2120085504,31252480,0.0,0.09364885264199616,0,12,0.03,0.02,0.0,0.0,0.0,9912320,0,7,4,1,0,sleeping,197,88,1310720,208896,20246,9691
2025-05-20 03:09:19,15945,2120085504,31252480,0.0,0.09364885264199616,0,12,0.03,0.02,0.0,0.0,0.0,9912320,0,7,4,1,0,sleeping,197,88,1310720,208896,20246,9691
2025-05-20 03:09:20,15945,2120085504,31252480,0.0,0.09364885264199616,0,12,0.03,0.02,0.0,0.0,0.0,9912320,0,7,4,1,0,sleeping,197,88,1310720,208896,20246,9691
2025-05-20 03:09:21,15945,2120085504,31252480,0.0,0.09364885264199616,0,12,0.03,0.02,0.0,0.0,0.0,9912320,0,7,4,1,0,sleeping,197,88,1310720,208896,20246,9691
2025-05-20 03:09:22,15945,2120085504,31252480,0.0,0.09364885264199616,0,12,0.03,0.02,0.0,0.0,0.0,9912320,0,7,4,1,0,sleeping,197,88,1310720,208896,20246,9691
2025-05-20 03:09:23,15945,2120085504,31252480,0.0,0.09364885264199616,0,12,0.03,0.02,0.0,0.0,0.0,9912320,0,7,4,1,0,sleeping,197,88,1310720,208896,20246,9691
2025-05-20 03:09:24,15945,2120085504,31252480,0.0,0.09364885264199616,0,12,0.03,0.02,0.0,0.0,0.0,9912320,0,7,4,1,0,sleeping,197,88,1310720,208896,20246,9691
2025-05-20 03:09:25,15945,2120085504,31252480,0.0,0.09364885264199616,0,12,0.03,0.02,0.0,0.0,0.0,9912320,0,7,4,1,0,sleeping,197,88,1310720,208896,20246,9691
2025-05-20 03:09:26,15945,2120085504,31252480,0.0,0.09364885264199616,0,12,0.03,0.02,0.0,0.0,0.0,9912320,0,7,4,1,0,sleeping,197,88,1310720,208896,20246,9691
2025-05-20 03:09:27,15945,2120085504,31252480,0.0,0.09364885264199616,0,12,0.03,0.02,0.0,0.0,0.0,9912320,0,7,4,1,0,sleeping,197,88,1310720,208896,20246,9691
2025-05-20 03:09:28,15945,2120085504,31252480,0.0,0.09364885264199616,0,12,0.03,0.02,0.0,0.0,0.0,9912320,0,7,4,1,0,sleeping,197,88,1310720,208896,20246,9691
2025-05-20 03:09:30,15945,2120085504,31252480,0.0,0.09364885264199616,0,12,0.03,0.02,0.0,0.0,0.0,9912320,0,7,4,1,0,sleeping,197,88,1310720,208896,20246,9691
2025-05-20 03:09:31,15945,2120085504,31252480,0.0,0.09364885264199616,0,12,0.03,0.02,0.0,0.0,0.0,9912320,0,7,4,1,0,sleeping,197,88,1310720,208896,20246,9691
2025-05-20 03:09:32,15945,2120085504,31252480,0.0,0.09364885264199616,0,12,0.03,0.02,0.0,0.0,0.0,9912320,0,7,4,1,0,sleeping,197,88,1310720,208896,20246,9691
2025-05-20 03:09:33,15945,2120085504,31252480,0.0,0.09364885264199616,0,12,0.03,0.02,0.0,0.0,0.0,9912320,0,7,4,1,0,sleeping,197,88,1310720,208896,20246,9691
2025-05-20 03:09:34,15945,2120085504,31252480,0.0,0.09364885264199616,0,12,0.03,0.02,0.0,0.0,0.0,9912320,0,7,4,1,0,sleeping,197,88,1310720,208896,20246,9691
2025-05-20 03:09:35,15945,2120085504,31252480,0.0,0.09364885264199616,0,12,0.03,0.02,0.0,0.0,0.0,9912320,0,7,4,1,0,sleeping,197,88,1310720,208896,20246,9691
2025-05-20 03:09:36,15945,2120085504,31252480,0.0,0.09364885264199616,0,12,0.03,0.02,0.0,0.0,0.0,9912320,0,7,4,1,0,sleeping,197,88,1310720,208896,20246,9691
2025-05-20 03:09:37,15945,2120085504,31252480,0.0,0.09364885264199616,0,12,0.03,0.02,0.0,0.0,0.0,9912320,0,7,4,1,0,sleeping,197,88,1310720,208896,20246,9691
2025-05-20 03:09:38,15945,2120085504,31252480,0.0,0.09364885264199616,0,12,0.03,0.02,0.0,0.0,0.0,9912320,0,7,4,1,0,sleeping,197,88,1310720,208896,20246,9691
2025-05-20 03:09:39,15945,2120085504,31252480,0.0,0.09364885264199616,0,12,0.03,0.02,0.0,0.0,0.0,9912320,0,7,4,1,0,sleeping,197,88,1310720,208896,20246,9691
2025-05-20 03:09:40,15945,2120085504,31252480,0.0,0.09364885264199616,0,12,0.03,0.02,0.0,0.0,0.0,9912320,0,7,4,1,0,sleeping,197,88,1310720,208896,20246,9691
2025-05-20 03:09:41,15945,2120085504,31252480,0.0,0.09364885264199616,0,12,0.03,0.02,0.0,0.0,0.0,9912320,0,7,4,1,0,sleeping,197,88,1310720,208896,20246,9691
2025-05-20 03:09:43,15945,2120085504,31252480,0.0,0.09364885264199616,0,12,0.03,0.02,0.0,0.0,0.0,9912320,0,7,4,1,0,sleeping,197,88,1310720,208896,20246,9691
2025-05-20 03:09:44,15945,2120085504,31252480,0.0,0.09364885264199616,0,12,0.03,0.02,0.0,0.0,0.0,9912320,0,7,4,1,0,sleeping,197,88,1310720,208896,20246,9691
2025-05-20 03:09:45,15945,2120085504,31252480,0.0,0.09364885264199616,0,12,0.03,0.02,0.0,0.0,0.0,9912320,0,7,4,1,0,sleeping,197,88,1310720,208896,20246,9691
2025-05-20 03:09:46,15945,2120085504,31252480,0.0,0.09364885264199616,0,12,0.03,0.02,0.0,0.0,0.0,9912320,0,7,4,1,0,sleeping,197,88,1310720,208896,20246,9691
2025-05-20 03:09:47,15945,2120085504,31252480,0.0,0.09364885264199616,0,12,0.03,0.02,0.0,0.0,0.0,9912320,0,7,4,1,0,sleeping,197,88,1310720,208896,20246,9691
2025-05-20 03:09:48,15945,2120085504,31252480,0.0,0.09364885264199616,0,12,0.03,0.02,0.0,0.0,0.0,9912320,0,7,4,1,0,sleeping,197,88,1310720,208896,20246,9691
2025-05-20 03:09:49,15945,2120085504,31252480,0.0,0.09364885264199616,0,12,0.03,0.02,0.0,0.0,0.0,9912320,0,7,4,1,0,sleeping,197,88,1310720,208896,20246,9691
2025-05-20 03:09:50,15945,2120085504,31252480,0.0,0.09364885264199616,0,12,0.03,0.02,0.0,0.0,0.0,9912320,0,7,4,1,0,sleeping,197,88,1310720,208896,20246,9691
2025-05-20 03:09:51,15945,2120085504,31252480,0.0,0.09364885264199616,0,12,0.03,0.02,0.0,0.0,0.0,9912320,0,7,4,1,0,sleeping,197,88,1310720,208896,20246,9691
2025-05-20 03:09:52,15945,2120085504,31252480,0.0,0.09364885264199616,0,12,0.03,0.02,0.0,0.0,0.0,9912320,0,7,4,1,0,sleeping,197,88,1310720,208896,20246,9691
2025-05-20 03:09:53,15945,2120085504,31252480,0.0,0.09364885264199616,0,12,0.03,0.02,0.0,0.0,0.0,9912320,0,7,4,1,0,sleeping,197,88,1310720,208896,20246,9691
2025-05-20 03:09:54,15945,2120085504,31252480,0.0,0.09364885264199616,0,12,0.03,0.02,0.0,0.0,0.0,9912320,0,7,4,1,0,sleeping,197,88,1310720,208896,20246,9691
2025-05-20 03:09:56,15945,2120085504,31252480,0.0,0.09364885264199616,0,12,0.03,0.02,0.0,0.0,0.0,9912320,0,7,4,1,0,sleeping,197,88,1310720,208896,20246,9691
2025-05-20 03:09:57,15945,2120085504,31252480,0.0,0.09364885264199616,0,12,0.03,0.02,0.0,0.0,0.0,9912320,0,7,4,1,0,sleeping,197,88,1310720,208896,20246,9691
2025-05-20 03:09:58,15945,2120085504,31252480,0.0,0.09364885264199616,0,12,0.03,0.02,0.0,0.0,0.0,9912320,0,7,4,1,0,sleeping,197,88,1310720,208896,20246,9691
2025-05-20 03:09:59,15945,2120085504,31252480,0.0,0.09364885264199616,0,12,0.03,0.02,0.0,0.0,0.0,9912320,0,7,4,1,0,sleeping,197,88,1310720,208896,20246,9691
2025-05-20 03:10:00,15945,2120085504,31252480,0.0,0.09364885264199616,0,12,0.03,0.02,0.0,0.0,0.0,9912320,0,7,4,1,0,sleeping,197,88,1310720,208896,20246,9691
2025-05-20 03:10:01,15945,2120085504,31252480,0.0,0.09364885264199616,0,12,0.03,0.02,0.0,0.0,0.0,9912320,0,7,4,1,0,sleeping,197,88,1310720,208896,20246,9691
2025-05-20 03:10:02,15945,2120085504,31252480,0.0,0.09364885264199616,0,12,0.03,0.02,0.0,0.0,0.0,9912320,0,7,4,1,0,sleeping,197,88,1310720,208896,20246,9691
2025-05-20 03:10:03,15945,2120085504,31252480,0.0,0.09364885264199616,0,12,0.03,0.02,0.0,0.0,0.0,9912320,0,7,4,1,0,sleeping,197,88,1310720,208896,20246,9691
2025-05-20 03:10:04,15945,2120085504,31252480,0.0,0.09364885264199616,0,12,0.03,0.02,0.0,0.0,0.0,9912320,0,7,4,1,0,sleeping,197,88,1310720,208896,20246,9691
2025-05-20 03:10:05,15945,2120085504,31252480,0.0,0.09364885264199616,0,12,0.03,0.02,0.0,0.0,0.0,9912320,0,7,4,1,0,sleeping,197,88,1310720,208896,20246,9691
2025-05-20 03:10:06,15945,2120085504,31252480,0.0,0.09364885264199616,0,12,0.03,0.02,0.0,0.0,0.0,9912320,0,7,4,1,0,sleeping,197,88,1310720,208896,20246,9691
2025-05-20 03:10:07,15945,2120085504,31252480,0.0,0.09364885264199616,0,12,0.03,0.02,0.0,0.0,0.0,9912320,0,7,4,1,0,sleeping,197,88,1310720,208896,20246,9691
2025-05-20 03:10:09,15945,2120085504,31252480,0.0,0.09364885264199616,0,12,0.03,0.02,0.0,0.0,0.0,9912320,0,7,4,1,0,sleeping,197,88,1310720,208896,20246,9691
2025-05-20 03:10:10,15945,2120085504,31252480,0.0,0.09364885264199616,0,12,0.03,0.02,0.0,0.0,0.0,9912320,0,7,4,1,0,sleeping,197,88,1310720,208896,20246,9691
2025-05-20 03:10:11,15945,2120085504,31252480,0.0,0.09364885264199616,0,12,0.03,0.02,0.0,0.0,0.0,9912320,0,7,4,1,0,sleeping,197,88,1310720,208896,20246,9691
2025-05-20 03:10:12,15945,2120085504,31252480,0.0,0.09364885264199616,0,12,0.03,0.02,0.0,0.0,0.0,9912320,0,7,4,1,0,sleeping,197,88,1310720,208896,20246,9691
2025-05-20 03:10:13,15945,2120085504,31252480,0.0,0.09364885264199616,0,12,0.03,0.02,0.0,0.0,0.0,9912320,0,7,4,1,0,sleeping,197,88,1310720,208896,20246,9691
2025-05-20 03:10:14,15945,2120085504,31252480,0.0,0.09364885264199616,0,12,0.03,0.02,0.0,0.0,0.0,9912320,0,7,4,1,0,sleeping,197,88,1310720,208896,20246,9691
2025-05-20 03:10:15,15945,2120085504,31252480,0.0,0.09364885264199616,0,12,0.03,0.02,0.0,0.0,0.0,9912320,0,7,4,1,0,sleeping,197,88,1310720,208896,20246,9691
2025-05-20 03:10:16,15945,2120085504,31252480,0.0,0.09364885264199616,0,12,0.03,0.02,0.0,0.0,0.0,9912320,0,7,4,1,0,sleeping,197,88,1310720,208896,20246,9691
2025-05-20 03:10:17,15945,2120085504,31252480,0.0,0.09364885264199616,0,12,0.03,0.02,0.0,0.0,0.0,9912320,0,7,4,1,0,sleeping,197,88,1310720,208896,20246,9691
2025-05-20 03:10:18,15945,2120085504,31252480,0.0,0.09364885264199616,0,12,0.03,0.02,0.0,0.0,0.0,9912320,0,7,4,1,0,sleeping,197,88,1310720,208896,20246,9691
2025-05-20 03:10:19,15945,2120085504,31252480,0.0,0.09364885264199616,0,12,0.03,0.02,0.0,0.0,0.0,9912320,0,7,4,1,0,sleeping,197,88,1310720,208896,20246,9691
2025-05-20 03:10:21,15945,2120085504,31252480,0.0,0.09364885264199616,0,12,0.03,0.02,0.0,0.0,0.0,9912320,0,7,4,1,0,sleeping,197,88,1310720,208896,20246,9691
2025-05-20 03:10:22,15945,2120085504,31252480,0.0,0.09364885264199616,0,12,0.03,0.02,0.0,0.0,0.0,9912320,0,7,4,1,0,sleeping,197,88,1310720,208896,20246,9691
2025-05-20 03:10:23,15945,2120085504,31252480,0.0,0.09364885264199616,0,12,0.03,0.02,0.0,0.0,0.0,9912320,0,7,4,1,0,sleeping,197,88,1310720,208896,20246,9691
2025-05-20 03:10:24,15945,2120085504,31252480,0.0,0.09364885264199616,0,12,0.03,0.02,0.0,0.0,0.0,9912320,0,7,4,1,0,sleeping,197,88,1310720,208896,20246,9691
2025-05-20 03:10:25,15945,2120085504,31252480,0.0,0.09364885264199616,0,12,0.03,0.02,0.0,0.0,0.0,9912320,0,7,4,1,0,sleeping,197,88,1310720,208896,20246,9691
2025-05-20 03:10:26,15945,2120085504,31252480,0.0,0.09364885264199616,0,12,0.03,0.02,0.0,0.0,0.0,9912320,0,7,4,1,0,sleeping,197,88,1310720,208896,20246,9691
2025-05-20 03:10:27,15945,2120085504,31252480,0.0,0.09364885264199616,0,12,0.03,0.02,0.0,0.0,0.0,9912320,0,7,4,1,0,sleeping,197,88,1310720,208896,20246,9691
2025-05-20 03:10:28,15945,2120085504,31252480,0.0,0.09364885264199616,0,12,0.03,0.02,0.0,0.0,0.0,9912320,0,7,4,1,0,sleeping,197,88,1310720,208896,20246,9691
2025-05-20 03:10:29,15945,2120085504,31252480,0.0,0.09364885264199616,0,12,0.03,0.02,0.0,0.0,0.0,9912320,0,7,4,1,0,sleeping,197,88,1310720,208896,20246,9691
2025-05-20 03:10:30,15945,2120085504,31252480,0.9,0.09364885264199616,0,12,0.04,0.02,0.0,0.0,0.0,9912320,0,6,3,1,0,sleeping,197,88,1310720,208896,20246,9691
2025-05-20 03:10:31,15945,2120085504,31252480,0.0,0.09364885264199616,0,12,0.04,0.02,0.0,0.0,0.0,9912320,0,6,3,1,0,sleeping,197,88,1310720,208896,20246,9691
2025-05-20 03:10:32,15945,2120085504,31252480,0.0,0.09364885264199616,0,12,0.04,0.02,0.0,0.0,0.0,9912320,0,6,3,1,0,sleeping,197,88,1310720,208896,20246,9691
2025-05-20 03:10:33,15945,2120085504,31252480,0.0,0.09364885264199616,0,12,0.04,0.02,0.0,0.0,0.0,9912320,0,6,3,1,0,sleeping,197,88,1310720,208896,20246,9691
2025-05-20 03:10:35,15945,2120085504,31252480,0.0,0.09364885264199616,0,12,0.04,0.02,0.0,0.0,0.0,9912320,0,6,3,1,0,sleeping,197,88,1310720,208896,20246,9691
2025-05-20 03:10:36,15945,2120085504,31252480,0.0,0.09364885264199616,0,12,0.04,0.02,0.0,0.0,0.0,9912320,0,6,3,1,0,sleeping,197,88,1310720,208896,20246,9691
2025-05-20 03:10:37,15945,2120085504,31252480,0.0,0.09364885264199616,0,12,0.04,0.02,0.0,0.0,0.0,9912320,0,6,3,1,0,sleeping,197,88,1310720,208896,20246,9691
2025-05-20 03:10:38,15945,2120085504,31252480,0.0,0.09364885264199616,0,12,0.04,0.02,0.0,0.0,0.0,9912320,0,6,3,1,0,sleeping,197,88,1310720,208896,20246,9691
2025-05-20 03:10:39,15945,2120085504,31252480,0.0,0.09364885264199616,0,12,0.04,0.02,0.0,0.0,0.0,9912320,0,6,3,1,0,sleeping,197,88,1310720,208896,20246,9691
2025-05-20 03:10:40,15945,2120085504,31252480,0.0,0.09364885264199616,0,12,0.04,0.02,0.0,0.0,0.0,9912320,0,6,3,1,0,sleeping,197,88,1310720,208896,20246,9691
2025-05-20 03:10:41,15945,2120085504,31252480,0.0,0.09364885264199616,0,12,0.04,0.02,0.0,0.0,0.0,9912320,0,6,3,1,0,sleeping,197,88,1310720,208896,20246,9691
2025-05-20 03:10:42,15945,2120085504,31252480,0.0,0.09364885264199616,0,12,0.04,0.02,0.0,0.0,0.0,9912320,0,6,3,1,0,sleeping,197,88,1310720,208896,20246,9691
2025-05-20 03:10:43,15945,2120085504,31252480,0.0,0.09364885264199616,0,12,0.04,0.02,0.0,0.0,0.0,9912320,0,6,3,1,0,sleeping,197,88,1310720,208896,20246,9691
2025-05-20 03:10:44,15945,2120085504,31252480,0.0,0.09364885264199616,0,12,0.04,0.02,0.0,0.0,0.0,9912320,0,6,3,1,0,sleeping,197,88,1310720,208896,20246,9691
2025-05-20 03:10:45,15945,2120085504,31252480,0.0,0.09364885264199616,0,12,0.04,0.02,0.0,0.0,0.0,9912320,0,6,3,1,0,sleeping,197,88,1310720,208896,20246,9691
2025-05-20 03:10:47,15945,2120085504,31252480,0.0,0.09364885264199616,0,12,0.04,0.02,0.0,0.0,0.0,9912320,0,6,3,1,0,sleeping,197,88,1310720,208896,20246,9691
2025-05-20 03:10:48,15945,2120085504,31252480,0.0,0.09364885264199616,0,12,0.04,0.02,0.0,0.0,0.0,9912320,0,6,3,1,0,sleeping,197,88,1310720,208896,20246,9691
2025-05-20 03:10:49,15945,2120085504,31252480,0.0,0.09364885264199616,0,12,0.04,0.02,0.0,0.0,0.0,9912320,0,6,3,1,0,sleeping,197,88,1310720,208896,20246,9691
2025-05-20 03:10:50,15945,2120085504,31252480,0.0,0.09364885264199616,0,12,0.04,0.02,0.0,0.0,0.0,9912320,0,6,3,1,0,sleeping,197,88,1310720,208896,20246,9691
2025-05-20 03:10:51,15945,2120085504,31252480,0.0,0.09364885264199616,0,12,0.04,0.02,0.0,0.0,0.0,9912320,0,6,3,1,0,sleeping,197,88,1310720,208896,20246,9691
2025-05-20 03:10:52,15945,2120085504,31252480,0.0,0.09364885264199616,0,12,0.04,0.02,0.0,0.0,0.0,9912320,0,6,3,1,0,sleeping,197,88,1310720,208896,20246,9691
2025-05-20 03:10:53,15945,2120085504,31252480,0.0,0.09364885264199616,0,12,0.04,0.02,0.0,0.0,0.0,9912320,0,6,3,1,0,sleeping,197,88,1310720,208896,20246,9691
2025-05-20 03:10:54,15945,2120085504,31252480,0.0,0.09364885264199616,0,12,0.04,0.02,0.0,0.0,0.0,9912320,0,6,3,1,0,sleeping,197,88,1310720,208896,20246,9691
2025-05-20 03:10:55,15945,2120085504,31252480,0.0,0.09364885264199616,0,12,0.04,0.02,0.0,0.0,0.0,9912320,0,6,3,1,0,sleeping,197,88,1310720,208896,20246,9691
2025-05-20 03:10:56,15945,2120085504,31252480,0.0,0.09364885264199616,0,12,0.04,0.02,0.0,0.0,0.0,9912320,0,6,3,1,0,sleeping,197,88,1310720,208896,20246,9691
2025-05-20 03:10:57,15945,2120085504,31252480,0.0,0.09364885264199616,0,12,0.04,0.02,0.0,0.0,0.0,9912320,0,6,3,1,0,sleeping,197,88,1310720,208896,20246,9691
2025-05-20 03:10:58,15945,2120085504,31252480,0.0,0.09364885264199616,0,12,0.04,0.02,0.0,0.0,0.0,9912320,0,6,3,1,0,sleeping,197,88,1310720,208896,20246,9691
2025-05-20 03:10:59,15945,2120085504,31252480,0.0,0.09364885264199616,0,12,0.04,0.02,0.0,0.0,0.0,9912320,0,6,3,1,0,sleeping,197,88,1310720,208896,20246,9691
2025-05-20 03:11:01,15945,2120085504,31252480,0.0,0.09364885264199616,0,12,0.04,0.02,0.0,0.0,0.0,9912320,0,6,3,1,0,sleeping,197,88,1310720,208896,20246,9691
2025-05-20 03:11:02,15945,2120085504,31252480,0.0,0.09364885264199616,0,12,0.04,0.02,0.0,0.0,0.0,9912320,0,6,3,1,0,sleeping,197,88,1310720,208896,20246,9691
2025-05-20 03:11:03,15945,2120085504,31252480,0.0,0.09364885264199616,0,12,0.04,0.02,0.0,0.0,0.0,9912320,0,6,3,1,0,sleeping,197,88,1310720,208896,20246,9691
2025-05-20 03:11:04,15945,2120085504,31252480,0.0,0.09364885264199616,0,12,0.04,0.02,0.0,0.0,0.0,9912320,0,6,3,1,0,sleeping,197,88,1310720,208896,20246,9691
2025-05-20 03:11:05,15945,2120085504,31252480,0.0,0.09364885264199616,0,12,0.04,0.02,0.0,0.0,0.0,9912320,0,6,3,1,0,sleeping,197,88,1310720,208896,20246,9691
2025-05-20 03:11:06,15945,2120085504,31252480,0.0,0.09364885264199616,0,12,0.04,0.02,0.0,0.0,0.0,9912320,0,6,3,1,0,sleeping,197,88,1310720,208896,20246,9691
2025-05-20 03:11:07,15945,2120085504,31252480,0.0,0.09364885264199616,0,12,0.04,0.02,0.0,0.0,0.0,9912320,0,6,3,1,0,sleeping,197,88,1310720,208896,20246,9691
2025-05-20 03:11:08,15945,2120085504,31252480,0.0,0.09364885264199616,0,12,0.04,0.02,0.0,0.0,0.0,9912320,0,6,3,1,0,sleeping,197,88,1310720,208896,20246,9691
2025-05-20 03:11:09,15945,2120085504,31252480,0.0,0.09364885264199616,0,12,0.04,0.02,0.0,0.0,0.0,9912320,0,6,3,1,0,sleeping,197,88,1310720,208896,20246,9691
2025-05-20 03:11:10,15945,2120085504,31252480,0.0,0.09364885264199616,0,12,0.04,0.02,0.0,0.0,0.0,9912320,0,6,3,1,0,sleeping,197,88,1310720,208896,20246,9691
2025-05-20 03:11:11,15945,2120085504,31252480,0.0,0.09364885264199616,0,12,0.04,0.02,0.0,0.0,0.0,9912320,0,6,3,1,0,sleeping,197,88,1310720,208896,20246,9691
2025-05-20 03:11:12,15945,2120085504,31252480,0.0,0.09364885264199616,0,12,0.04,0.02,0.0,0.0,0.0,9912320,0,6,3,1,0,sleeping,197,88,1310720,208896,20246,9691
2025-05-20 03:11:14,15945,2120085504,31252480,0.0,0.09364885264199616,0,12,0.04,0.02,0.0,0.0,0.0,9912320,0,6,3,1,0,sleeping,197,88,1310720,208896,20246,9691
2025-05-20 03:11:15,15945,2120085504,31252480,0.0,0.09364885264199616,0,12,0.04,0.02,0.0,0.0,0.0,9912320,0,6,3,1,0,sleeping,197,88,1310720,208896,20246,9691
2025-05-20 03:11:16,15945,2120085504,31252480,0.0,0.09364885264199616,0,12,0.04,0.02,0.0,0.0,0.0,9912320,0,6,3,1,0,sleeping,197,88,1310720,208896,20246,9691
2025-05-20 03:11:17,15945,2120085504,31252480,0.0,0.09364885264199616,0,12,0.04,0.02,0.0,0.0,0.0,9912320,0,6,3,1,0,sleeping,197,88,1310720,208896,20246,9691
2025-05-20 03:11:18,15945,2120085504,31252480,0.0,0.09364885264199616,0,12,0.04,0.02,0.0,0.0,0.0,9912320,0,6,3,1,0,sleeping,197,88,1310720,208896,20246,9691
2025-05-20 03:11:19,15945,2120085504,31252480,0.0,0.09364885264199616,0,12,0.04,0.02,0.0,0.0,0.0,9912320,0,6,3,1,0,sleeping,197,88,1310720,208896,20246,9691
2025-05-20 03:11:20,15945,2120085504,31252480,0.0,0.09364885264199616,0,12,0.04,0.02,0.0,0.0,0.0,9912320,0,6,3,1,0,sleeping,197,88,1310720,208896,20246,9691
2025-05-20 03:11:21,15945,2120085504,31252480,0.0,0.09364885264199616,0,12,0.04,0.02,0.0,0.0,0.0,9912320,0,6,3,1,0,sleeping,197,88,1310720,208896,20246,9691
2025-05-20 03:11:22,15945,2120085504,31252480,0.0,0.09364885264199616,0,12,0.04,0.02,0.0,0.0,0.0,9912320,0,6,3,1,0,sleeping,197,88,1310720,208896,20246,9691
2025-05-20 03:11:23,15945,2120085504,31252480,0.0,0.09364885264199616,0,12,0.04,0.02,0.0,0.0,0.0,9912320,0,6,3,1,0,sleeping,197,88,1310720,208896,20246,9691
2025-05-20 03:11:24,15945,2120085504,31252480,0.0,0.09364885264199616,0,12,0.04,0.02,0.0,0.0,0.0,9912320,0,6,3,1,0,sleeping,197,88,1310720,208896,20246,9691
2025-05-20 03:11:25,15945,2120085504,31252480,0.0,0.09364885264199616,0,12,0.04,0.02,0.0,0.0,0.0,9912320,0,6,3,1,0,sleeping,197,88,1310720,208896,20246,9691
2025-05-20 03:11:27,15945,2120085504,31252480,0.0,0.09364885264199616,0,12,0.04,0.02,0.0,0.0,0.0,9912320,0,6,3,1,0,sleeping,197,88,1310720,208896,20246,9691
2025-05-20 03:11:28,15945,2120085504,31252480,0.0,0.09364885264199616,0,12,0.04,0.02,0.0,0.0,0.0,9912320,0,6,3,1,0,sleeping,197,88,1310720,208896,20246,9691
2025-05-20 03:11:29,15945,2120085504,31252480,0.0,0.09364885264199616,0,12,0.04,0.02,0.0,0.0,0.0,9912320,0,6,3,1,0,sleeping,197,88,1310720,208896,20246,9691
2025-05-20 03:11:30,15945,2120085504,31252480,0.0,0.09364885264199616,0,12,0.04,0.02,0.0,0.0,0.0,9912320,0,6,3,1,0,sleeping,197,88,1310720,208896,20246,9691
2025-05-20 03:11:31,15945,2120085504,31252480,0.0,0.09364885264199616,0,12,0.04,0.02,0.0,0.0,0.0,9912320,0,6,3,1,0,sleeping,197,88,1310720,208896,20246,9691
2025-05-20 03:11:32,15945,2120085504,31252480,0.0,0.09364885264199616,0,12,0.04,0.02,0.0,0.0,0.0,9912320,0,6,3,1,0,sleeping,197,88,1310720,208896,20246,9691
2025-05-20 03:11:33,15945,2120085504,31252480,0.0,0.09364885264199616,0,12,0.04,0.02,0.0,0.0,0.0,9912320,0,6,3,1,0,sleeping,197,88,1310720,208896,20246,9691
2025-05-20 03:11:34,15945,2120085504,31252480,0.0,0.09364885264199616,0,12,0.04,0.02,0.0,0.0,0.0,9912320,0,6,3,1,0,sleeping,197,88,1310720,208896,20246,9691
2025-05-20 03:11:35,15945,2120085504,31252480,0.0,0.09364885264199616,0,12,0.04,0.02,0.0,0.0,0.0,9912320,0,6,3,1,0,sleeping,197,88,1310720,208896,20246,9691
2025-05-20 03:11:36,15945,2120085504,31252480,0.0,0.09364885264199616,0,12,0.04,0.02,0.0,0.0,0.0,9912320,0,6,3,1,0,sleeping,197,88,1310720,208896,20246,9691
2025-05-20 03:11:37,15945,2120085504,31252480,0.0,0.09364885264199616,0,12,0.04,0.02,0.0,0.0,0.0,9912320,0,6,3,1,0,sleeping,197,88,1310720,208896,20246,9691
2025-05-20 03:11:39,15945,2120085504,31252480,0.0,0.09364885264199616,0,12,0.04,0.02,0.0,0.0,0.0,9912320,0,6,3,1,0,sleeping,197,88,1310720,208896,20246,9691
2025-05-20 03:11:40,15945,2120085504,31252480,0.0,0.09364885264199616,0,12,0.04,0.02,0.0,0.0,0.0,9912320,0,6,3,1,0,sleeping,197,88,1310720,208896,20246,9691
2025-05-20 03:11:41,15945,2120085504,31252480,0.0,0.09364885264199616,0,12,0.04,0.02,0.0,0.0,0.0,9912320,0,6,3,1,0,sleeping,197,88,1310720,208896,20246,9691
2025-05-20 03:11:42,15945,2120085504,31252480,0.0,0.09364885264199616,0,12,0.04,0.02,0.0,0.0,0.0,9912320,0,6,3,1,0,sleeping,197,88,1310720,208896,20246,9691
2025-05-20 03:11:43,15945,2120085504,31252480,0.0,0.09364885264199616,0,12,0.04,0.02,0.0,0.0,0.0,9912320,0,6,3,1,0,sleeping,197,88,1310720,208896,20246,9691
2025-05-20 03:11:44,15945,2120085504,31252480,0.0,0.09364885264199616,0,12,0.04,0.02,0.0,0.0,0.0,9912320,0,6,3,1,0,sleeping,197,88,1310720,208896,20246,9691
2025-05-20 03:11:45,15945,2120085504,31252480,0.0,0.09364885264199616,0,12,0.04,0.02,0.0,0.0,0.0,9912320,0,6,3,1,0,sleeping,197,88,1310720,208896,20246,9691
2025-05-20 03:11:46,15945,2120085504,31252480,0.0,0.09364885264199616,0,12,0.04,0.02,0.0,0.0,0.0,9912320,0,6,3,1,0,sleeping,197,88,1310720,208896,20246,9691
2025-05-20 03:11:47,15945,2120085504,31252480,0.0,0.09364885264199616,0,12,0.04,0.02,0.0,0.0,0.0,9912320,0,6,3,1,0,sleeping,197,88,1310720,208896,20246,9691
2025-05-20 03:11:48,15945,2120085504,31252480,0.0,0.09364885264199616,0,12,0.04,0.02,0.0,0.0,0.0,9912320,0,6,3,1,0,sleeping,197,88,1310720,208896,20246,9691
2025-05-20 03:11:49,15945,2120085504,31252480,0.0,0.09364885264199616,0,12,0.04,0.02,0.0,0.0,0.0,9912320,0,6,3,1,0,sleeping,197,88,1310720,208896,20246,9691
2025-05-20 03:11:50,15945,2120085504,31252480,0.0,0.09364885264199616,0,12,0.04,0.02,0.0,0.0,0.0,9912320,0,6,3,1,0,sleeping,197,88,1310720,208896,20246,9691
2025-05-20 03:11:51,15945,2120085504,31252480,0.0,0.09364885264199616,0,12,0.04,0.02,0.0,0.0,0.0,9912320,0,6,3,1,0,sleeping,197,88,1310720,208896,20246,9691
2025-05-20 03:11:53,15945,2120085504,31252480,0.0,0.09364885264199616,0,12,0.04,0.02,0.0,0.0,0.0,9912320,0,6,3,1,0,sleeping,197,88,1310720,208896,20246,9691
2025-05-20 03:11:54,15945,2120085504,31252480,0.0,0.09364885264199616,0,12,0.04,0.02,0.0,0.0,0.0,9912320,0,6,3,1,0,sleeping,197,88,1310720,208896,20246,9691
2025-05-20 03:11:55,15945,2120085504,31252480,0.0,0.09364885264199616,0,12,0.04,0.02,0.0,0.0,0.0,9912320,0,6,3,1,0,sleeping,197,88,1310720,208896,20246,9691
2025-05-20 03:11:56,15945,2120085504,31252480,0.0,0.09364885264199616,0,12,0.04,0.02,0.0,0.0,0.0,9912320,0,6,3,1,0,sleeping,197,88,1310720,208896,20246,9691
2025-05-20 03:11:57,15945,2120085504,31252480,0.0,0.09364885264199616,0,12,0.04,0.02,0.0,0.0,0.0,9912320,0,6,3,1,0,sleeping,197,88,1310720,208896,20246,9691
2025-05-20 03:11:58,15945,2120085504,31252480,0.0,0.09364885264199616,0,12,0.04,0.02,0.0,0.0,0.0,9912320,0,6,3,1,0,sleeping,197,88,1310720,208896,20246,9691
2025-05-20 03:11:59,15945,2120085504,31252480,0.0,0.09364885264199616,0,12,0.04,0.02,0.0,0.0,0.0,9912320,0,6,3,1,0,sleeping,197,88,1310720,208896,20246,9691
2025-05-20 03:12:00,15945,2120085504,31252480,0.0,0.09364885264199616,0,12,0.04,0.02,0.0,0.0,0.0,9912320,0,6,3,1,0,sleeping,197,88,1310720,208896,20246,9691
2025-05-20 03:12:01,15945,2120085504,31252480,0.0,0.09364885264199616,0,12,0.04,0.02,0.0,0.0,0.0,9912320,0,6,3,1,0,sleeping,197,88,1310720,208896,20246,9691
2025-05-20 03:12:02,15945,2120085504,31252480,0.0,0.09364885264199616,0,12,0.04,0.02,0.0,0.0,0.0,9912320,0,6,3,1,0,sleeping,197,88,1310720,208896,20246,9691
2025-05-20 03:12:03,15945,2120085504,31252480,0.0,0.09364885264199616,0,12,0.04,0.02,0.0,0.0,0.0,9912320,0,6,3,1,0,sleeping,197,88,1310720,208896,20246,9691
2025-05-20 03:12:05,15945,2120085504,31252480,0.0,0.09364885264199616,0,12,0.04,0.02,0.0,0.0,0.0,9912320,0,6,3,1,0,sleeping,197,88,1310720,208896,20246,9691
2025-05-20 03:12:06,15945,2120085504,31252480,0.0,0.09364885264199616,0,12,0.04,0.02,0.0,0.0,0.0,9912320,0,6,3,1,0,sleeping,197,88,1310720,208896,20246,9691
2025-05-20 03:12:07,15945,2120085504,31252480,0.0,0.09364885264199616,0,12,0.04,0.02,0.0,0.0,0.0,9912320,0,6,3,1,0,sleeping,197,88,1310720,208896,20246,9691
2025-05-20 03:12:08,15945,2120085504,31252480,0.0,0.09364885264199616,0,12,0.04,0.02,0.0,0.0,0.0,9912320,0,6,3,1,0,sleeping,197,88,1310720,208896,20246,9691
2025-05-20 03:12:09,15945,2120085504,31252480,0.0,0.09364885264199616,0,12,0.04,0.02,0.0,0.0,0.0,9912320,0,6,3,1,0,sleeping,197,88,1310720,208896,20246,9691
2025-05-20 03:12:10,15945,2120085504,31252480,0.0,0.09364885264199616,0,12,0.04,0.02,0.0,0.0,0.0,9912320,0,6,3,1,0,sleeping,197,88,1310720,208896,20246,9691
2025-05-20 03:12:11,15945,2120085504,31252480,0.0,0.09364885264199616,0,12,0.04,0.02,0.0,0.0,0.0,9912320,0,6,3,1,0,sleeping,197,88,1310720,208896,20246,9691
2025-05-20 03:12:12,15945,2120085504,31252480,0.0,0.09364885264199616,0,12,0.04,0.02,0.0,0.0,0.0,9912320,0,6,3,1,0,sleeping,197,88,1310720,208896,20246,9691
2025-05-20 03:12:13,15945,2120085504,31252480,0.0,0.09364885264199616,0,12,0.04,0.02,0.0,0.0,0.0,9912320,0,6,3,1,0,sleeping,197,88,1310720,208896,20246,9691
2025-05-20 03:12:14,15945,2120085504,31252480,0.0,0.09364885264199616,0,12,0.04,0.02,0.0,0.0,0.0,9912320,0,6,3,1,0,sleeping,197,88,1310720,208896,20246,9691
2025-05-20 03:12:15,15945,2120085504,31252480,0.0,0.09364885264199616,0,12,0.04,0.02,0.0,0.0,0.0,9912320,0,6,3,1,0,sleeping,197,88,1310720,208896,20246,9691
2025-05-20 03:12:16,15945,2120085504,31252480,0.0,0.09364885264199616,0,12,0.04,0.02,0.0,0.0,0.0,9912320,0,6,3,1,0,sleeping,197,88,1310720,208896,20246,9691
2025-05-20 03:12:17,15945,2120085504,31252480,0.0,0.09364885264199616,0,12,0.04,0.02,0.0,0.0,0.0,9912320,0,6,3,1,0,sleeping,197,88,1310720,208896,20246,9691
2025-05-20 03:12:19,15945,2120085504,31252480,0.0,0.09364885264199616,0,12,0.04,0.02,0.0,0.0,0.0,9912320,0,6,3,1,0,sleeping,197,88,1310720,208896,20246,9691
2025-05-20 03:12:20,15945,2120085504,31252480,0.0,0.09364885264199616,0,12,0.04,0.02,0.0,0.0,0.0,9912320,0,6,3,1,0,sleeping,197,88,1310720,208896,20246,9691
2025-05-20 03:12:21,15945,2120085504,31252480,0.0,0.09364885264199616,0,12,0.04,0.02,0.0,0.0,0.0,9912320,0,6,3,1,0,sleeping,197,88,1310720,208896,20246,9691
2025-05-20 03:12:22,15945,2120085504,31252480,0.0,0.09364885264199616,0,12,0.04,0.02,0.0,0.0,0.0,9912320,0,6,3,1,0,sleeping,197,88,1310720,208896,20246,9691
2025-05-20 03:12:23,15945,2120085504,31252480,0.0,0.09364885264199616,0,12,0.04,0.02,0.0,0.0,0.0,9912320,0,6,3,1,0,sleeping,197,88,1310720,208896,20246,9691
2025-05-20 03:12:24,15945,2120085504,31252480,0.0,0.09364885264199616,0,12,0.04,0.02,0.0,0.0,0.0,9912320,0,6,3,1,0,sleeping,197,88,1310720,208896,20246,9691
2025-05-20 03:12:25,15945,2120085504,31252480,0.0,0.09364885264199616,0,12,0.04,0.02,0.0,0.0,0.0,9912320,0,6,3,1,0,sleeping,197,88,1310720,208896,20246,9691
2025-05-20 03:12:26,15945,2120085504,31252480,0.0,0.09364885264199616,0,12,0.04,0.02,0.0,0.0,0.0,9912320,0,6,3,1,0,sleeping,197,88,1310720,208896,20246,9691
2025-05-20 03:12:27,15945,2120085504,31252480,0.0,0.09364885264199616,0,12,0.04,0.02,0.0,0.0,0.0,9912320,0,6,3,1,0,sleeping,197,88,1310720,208896,20246,9691
2025-05-20 03:12:28,15945,2120085504,31252480,0.0,0.09364885264199616,0,12,0.04,0.02,0.0,0.0,0.0,9912320,0,6,3,1,0,sleeping,197,88,1310720,208896,20246,9691
2025-05-20 03:12:29,15945,2120085504,31252480,0.0,0.09364885264199616,0,12,0.04,0.02,0.0,0.0,0.0,9912320,0,6,3,1,0,sleeping,197,88,1310720,208896,20246,9691
2025-05-20 03:12:31,15945,2120085504,31252480,0.0,0.09364885264199616,0,12,0.04,0.02,0.0,0.0,0.0,9912320,0,7,4,1,0,sleeping,197,88,1310720,208896,20246,9691
2025-05-20 03:12:32,15945,2120085504,31252480,0.0,0.09364885264199616,0,12,0.04,0.02,0.0,0.0,0.0,9912320,0,7,4,1,0,sleeping,197,88,1310720,208896,20246,9691
2025-05-20 03:12:33,15945,2120085504,31252480,0.0,0.09364885264199616,0,12,0.04,0.02,0.0,0.0,0.0,9912320,0,7,4,1,0,sleeping,197,88,1310720,208896,20246,9691
2025-05-20 03:12:34,15945,2120085504,31252480,0.0,0.09364885264199616,0,12,0.04,0.02,0.0,0.0,0.0,9912320,0,7,4,1,0,sleeping,197,88,1310720,208896,20246,9691
2025-05-20 03:12:35,15945,2120085504,31252480,0.0,0.09364885264199616,0,12,0.04,0.02,0.0,0.0,0.0,9912320,0,7,4,1,0,sleeping,197,88,1310720,208896,20246,9691
2025-05-20 03:12:36,15945,2120085504,31252480,0.0,0.09364885264199616,0,12,0.04,0.02,0.0,0.0,0.0,9912320,0,7,4,1,0,sleeping,197,88,1310720,208896,20246,9691
2025-05-20 03:12:37,15945,2120085504,31252480,0.0,0.09364885264199616,0,12,0.04,0.02,0.0,0.0,0.0,9912320,0,7,4,1,0,sleeping,197,88,1310720,208896,20246,9691
2025-05-20 03:12:38,15945,2120085504,31252480,0.0,0.09364885264199616,0,12,0.04,0.02,0.0,0.0,0.0,9912320,0,7,4,1,0,sleeping,197,88,1310720,208896,20246,9691
2025-05-20 03:12:39,15945,2120085504,31252480,0.0,0.09364885264199616,0,12,0.04,0.02,0.0,0.0,0.0,9912320,0,7,4,1,0,sleeping,197,88,1310720,208896,20246,9691
2025-05-20 03:12:40,15945,2120085504,31252480,0.0,0.09364885264199616,0,12,0.04,0.02,0.0,0.0,0.0,9912320,0,7,4,1,0,sleeping,197,88,1310720,208896,20246,9691
2025-05-20 03:12:41,15945,2120085504,31252480,0.0,0.09364885264199616,0,12,0.04,0.02,0.0,0.0,0.0,9912320,0,7,4,1,0,sleeping,197,88,1310720,208896,20246,9691
2025-05-20 03:12:42,15945,2120085504,31252480,0.0,0.09364885264199616,0,12,0.04,0.02,0.0,0.0,0.0,9912320,0,7,4,1,0,sleeping,197,88,1310720,208896,20246,9691
2025-05-20 03:12:43,15945,2120085504,31252480,0.0,0.09364885264199616,0,12,0.04,0.02,0.0,0.0,0.0,9912320,0,7,4,1,0,sleeping,197,88,1310720,208896,20246,9691
2025-05-20 03:12:45,15945,2120085504,31252480,0.0,0.09364885264199616,0,12,0.04,0.02,0.0,0.0,0.0,9912320,0,7,4,1,0,sleeping,197,88,1310720,208896,20246,9691
2025-05-20 03:12:46,15945,2120085504,31252480,0.0,0.09364885264199616,0,12,0.04,0.02,0.0,0.0,0.0,9912320,0,7,4,1,0,sleeping,197,88,1310720,208896,20246,9691
2025-05-20 03:12:47,15945,2120085504,31252480,0.0,0.09364885264199616,0,12,0.04,0.02,0.0,0.0,0.0,9912320,0,7,4,1,0,sleeping,197,88,1310720,208896,20246,9691
2025-05-20 03:12:48,15945,2120085504,31252480,0.0,0.09364885264199616,0,12,0.04,0.02,0.0,0.0,0.0,9912320,0,7,4,1,0,sleeping,197,88,1310720,208896,20246,9691
2025-05-20 03:12:49,15945,2120085504,31252480,0.0,0.09364885264199616,0,12,0.04,0.02,0.0,0.0,0.0,9912320,0,7,4,1,0,sleeping,197,88,1310720,208896,20246,9691
2025-05-20 03:12:50,15945,2120085504,31252480,0.0,0.09364885264199616,0,12,0.04,0.02,0.0,0.0,0.0,9912320,0,7,4,1,0,sleeping,197,88,1310720,208896,20246,9691
2025-05-20 03:12:51,15945,2120085504,31252480,0.0,0.09364885264199616,0,12,0.04,0.02,0.0,0.0,0.0,9912320,0,7,4,1,0,sleeping,197,88,1310720,208896,20246,9691
2025-05-20 03:12:52,15945,2120085504,31252480,0.0,0.09364885264199616,0,12,0.04,0.02,0.0,0.0,0.0,9912320,0,7,4,1,0,sleeping,197,88,1310720,208896,20246,9691
2025-05-20 03:12:53,15945,2120085504,31252480,0.0,0.09364885264199616,0,12,0.04,0.02,0.0,0.0,0.0,9912320,0,7,4,1,0,sleeping,197,88,1310720,208896,20246,9691
2025-05-20 03:12:54,15945,2120085504,31252480,0.0,0.09364885264199616,0,12,0.04,0.02,0.0,0.0,0.0,9912320,0,7,4,1,0,sleeping,197,88,1310720,208896,20246,9691
2025-05-20 03:12:55,15945,2120085504,31252480,0.0,0.09364885264199616,0,12,0.04,0.02,0.0,0.0,0.0,9912320,0,7,4,1,0,sleeping,197,88,1310720,208896,20246,9691
2025-05-20 03:12:57,15945,2120085504,31252480,0.0,0.09364885264199616,0,12,0.04,0.02,0.0,0.0,0.0,9912320,0,7,4,1,0,sleeping,197,88,1310720,208896,20246,9691
2025-05-20 03:12:58,15945,2120085504,31252480,0.0,0.09364885264199616,0,12,0.04,0.02,0.0,0.0,0.0,9912320,0,7,4,1,0,sleeping,197,88,1310720,208896,20246,9691
2025-05-20 03:12:59,15945,2120085504,31252480,0.0,0.09364885264199616,0,12,0.04,0.02,0.0,0.0,0.0,9912320,0,7,4,1,0,sleeping,197,88,1310720,208896,20246,9691
2025-05-20 03:13:00,15945,2120085504,31252480,0.0,0.09364885264199616,0,12,0.04,0.02,0.0,0.0,0.0,9912320,0,7,4,1,0,sleeping,197,88,1310720,208896,20246,9691
2025-05-20 03:13:01,15945,2120085504,31252480,0.0,0.09364885264199616,0,12,0.04,0.02,0.0,0.0,0.0,9912320,0,7,4,1,0,sleeping,197,88,1310720,208896,20246,9691
2025-05-20 03:13:02,15945,2120085504,31252480,0.0,0.09364885264199616,0,12,0.04,0.02,0.0,0.0,0.0,9912320,0,7,4,1,0,sleeping,197,88,1310720,208896,20246,9691
2025-05-20 03:13:03,15945,2120085504,31252480,0.0,0.09364885264199616,0,12,0.04,0.02,0.0,0.0,0.0,9912320,0,7,4,1,0,sleeping,197,88,1310720,208896,20246,9691
2025-05-20 03:13:04,15945,2120085504,31252480,0.0,0.09364885264199616,0,12,0.04,0.02,0.0,0.0,0.0,9912320,0,7,4,1,0,sleeping,197,88,1310720,208896,20246,9691
2025-05-20 03:13:05,15945,2120085504,31252480,0.0,0.09364885264199616,0,12,0.04,0.02,0.0,0.0,0.0,9912320,0,7,4,1,0,sleeping,197,88,1310720,208896,20246,9691
2025-05-20 03:13:06,15945,2120085504,31252480,0.0,0.09364885264199616,0,12,0.04,0.02,0.0,0.0,0.0,9912320,0,7,4,1,0,sleeping,197,88,1310720,208896,20246,9691
2025-05-20 03:13:07,15945,2120085504,31252480,0.0,0.09364885264199616,0,12,0.04,0.02,0.0,0.0,0.0,9912320,0,7,4,1,0,sleeping,197,88,1310720,208896,20246,9691
2025-05-20 03:13:08,15945,2120085504,31252480,0.0,0.09364885264199616,0,12,0.04,0.02,0.0,0.0,0.0,9912320,0,7,4,1,0,sleeping,197,88,1310720,208896,20246,9691
2025-05-20 03:13:09,15945,2120085504,31252480,0.0,0.09364885264199616,0,12,0.04,0.02,0.0,0.0,0.0,9912320,0,7,4,1,0,sleeping,197,88,1310720,208896,20246,9691
2025-05-20 03:13:11,15945,2120085504,31252480,0.0,0.09364885264199616,0,12,0.04,0.02,0.0,0.0,0.0,9912320,0,7,4,1,0,sleeping,197,88,1310720,208896,20246,9691
2025-05-20 03:13:12,15945,2120085504,31252480,0.0,0.09364885264199616,0,12,0.04,0.02,0.0,0.0,0.0,9912320,0,7,4,1,0,sleeping,197,88,1310720,208896,20246,9691
2025-05-20 03:13:13,15945,2120085504,31252480,0.0,0.09364885264199616,0,12,0.04,0.02,0.0,0.0,0.0,9912320,0,7,4,1,0,sleeping,197,88,1310720,208896,20246,9691
2025-05-20 03:13:14,15945,2120085504,31252480,0.0,0.09364885264199616,0,12,0.04,0.02,0.0,0.0,0.0,9912320,0,7,4,1,0,sleeping,197,88,1310720,208896,20246,9691
2025-05-20 03:13:15,15945,2120085504,31252480,0.0,0.09364885264199616,0,12,0.04,0.02,0.0,0.0,0.0,9912320,0,7,4,1,0,sleeping,197,88,1310720,208896,20246,9691
2025-05-20 03:13:16,15945,2120085504,31252480,0.0,0.09364885264199616,0,12,0.04,0.02,0.0,0.0,0.0,9912320,0,7,4,1,0,sleeping,197,88,1310720,208896,20246,9691
2025-05-20 03:13:17,15945,2120085504,31252480,0.0,0.09364885264199616,0,12,0.04,0.02,0.0,0.0,0.0,9912320,0,7,4,1,0,sleeping,197,88,1310720,208896,20246,9691
2025-05-20 03:13:18,15945,2120085504,31252480,0.0,0.09364885264199616,0,12,0.04,0.02,0.0,0.0,0.0,9912320,0,7,4,1,0,sleeping,197,88,1310720,208896,20246,9691
2025-05-20 03:13:19,15945,2120085504,31252480,0.0,0.09364885264199616,0,12,0.04,0.02,0.0,0.0,0.0,9912320,0,7,4,1,0,sleeping,197,88,1310720,208896,20246,9691
2025-05-20 03:13:20,15945,2120085504,31252480,0.0,0.09364885264199616,0,12,0.04,0.02,0.0,0.0,0.0,9912320,0,7,4,1,0,sleeping,197,88,1310720,208896,20246,9691
2025-05-20 03:13:21,15945,2120085504,31252480,0.0,0.09364885264199616,0,12,0.04,0.02,0.0,0.0,0.0,9912320,0,7,4,1,0,sleeping,197,88,1310720,208896,20246,9691
2025-05-20 03:13:23,15945,2120085504,31252480,0.0,0.09364885264199616,0,12,0.04,0.02,0.0,0.0,0.0,9912320,0,7,4,1,0,sleeping,197,88,1310720,208896,20246,9691
2025-05-20 03:13:24,15945,2120085504,31252480,0.0,0.09364885264199616,0,12,0.04,0.02,0.0,0.0,0.0,9912320,0,7,4,1,0,sleeping,197,88,1310720,208896,20246,9691
2025-05-20 03:13:25,15945,2120085504,31252480,0.0,0.09364885264199616,0,12,0.04,0.02,0.0,0.0,0.0,9912320,0,7,4,1,0,sleeping,197,88,1310720,208896,20246,9691
2025-05-20 03:13:26,15945,2120085504,31252480,0.0,0.09364885264199616,0,12,0.04,0.02,0.0,0.0,0.0,9912320,0,7,4,1,0,sleeping,197,88,1310720,208896,20246,9691
2025-05-20 03:13:27,15945,2120085504,31252480,0.0,0.09364885264199616,0,12,0.04,0.02,0.0,0.0,0.0,9912320,0,7,4,1,0,sleeping,197,88,1310720,208896,20246,9691
2025-05-20 03:13:28,15945,2120085504,31252480,0.0,0.09364885264199616,0,12,0.04,0.02,0.0,0.0,0.0,9912320,0,7,4,1,0,sleeping,197,88,1310720,208896,20246,9691
2025-05-20 03:13:29,15945,2120085504,31252480,0.0,0.09364885264199616,0,12,0.04,0.02,0.0,0.0,0.0,9912320,0,7,4,1,0,sleeping,197,88,1310720,208896,20246,9691
2025-05-20 03:13:30,15945,2120085504,31252480,0.0,0.09364885264199616,0,12,0.04,0.02,0.0,0.0,0.0,9912320,0,7,4,1,0,sleeping,197,88,1310720,208896,20246,9691
2025-05-20 03:13:31,15945,2120085504,31252480,0.0,0.09364885264199616,0,12,0.04,0.02,0.0,0.0,0.0,9912320,0,7,4,1,0,sleeping,197,88,1310720,208896,20246,9691
2025-05-20 03:13:32,15945,2120085504,31252480,0.0,0.09364885264199616,0,12,0.04,0.02,0.0,0.0,0.0,9912320,0,7,4,1,0,sleeping,197,88,1310720,208896,20246,9691
2025-05-20 03:13:33,15945,2120085504,31252480,0.0,0.09364885264199616,0,12,0.04,0.02,0.0,0.0,0.0,9912320,0,7,4,1,0,sleeping,197,88,1310720,208896,20246,9691
2025-05-20 03:13:34,15945,2120085504,31252480,0.0,0.09364885264199616,0,12,0.04,0.02,0.0,0.0,0.0,9912320,0,7,4,1,0,sleeping,197,88,1310720,208896,20246,9691
2025-05-20 03:13:36,15945,2120085504,31252480,0.0,0.09364885264199616,0,12,0.04,0.02,0.0,0.0,0.0,9912320,0,7,4,1,0,sleeping,197,88,1310720,208896,20246,9691
2025-05-20 03:13:37,15945,2120085504,31252480,0.0,0.09364885264199616,0,12,0.04,0.02,0.0,0.0,0.0,9912320,0,7,4,1,0,sleeping,197,88,1310720,208896,20246,9691
2025-05-20 03:13:38,15945,2120085504,31252480,0.0,0.09364885264199616,0,12,0.04,0.02,0.0,0.0,0.0,9912320,0,7,4,1,0,sleeping,197,88,1310720,208896,20246,9691
2025-05-20 03:13:39,15945,2120085504,31252480,0.0,0.09364885264199616,0,12,0.04,0.02,0.0,0.0,0.0,9912320,0,7,4,1,0,sleeping,197,88,1310720,208896,20246,9691
2025-05-20 03:13:40,15945,2120085504,31252480,0.0,0.09364885264199616,0,12,0.04,0.02,0.0,0.0,0.0,9912320,0,7,4,1,0,sleeping,197,88,1310720,208896,20246,9691
2025-05-20 03:13:41,15945,2120085504,31252480,0.0,0.09364885264199616,0,12,0.04,0.02,0.0,0.0,0.0,9912320,0,7,4,1,0,sleeping,197,88,1310720,208896,20246,9691
2025-05-20 03:13:42,15945,2120085504,31252480,0.0,0.09364885264199616,0,12,0.04,0.02,0.0,0.0,0.0,9912320,0,7,4,1,0,sleeping,197,88,1310720,208896,20246,9691
2025-05-20 03:13:43,15945,2120085504,31252480,0.0,0.09364885264199616,0,12,0.04,0.02,0.0,0.0,0.0,9912320,0,7,4,1,0,sleeping,197,88,1310720,208896,20246,9691
2025-05-20 03:13:44,15945,2120085504,31252480,0.0,0.09364885264199616,0,12,0.04,0.02,0.0,0.0,0.0,9912320,0,7,4,1,0,sleeping,197,88,1310720,208896,20246,9691
2025-05-20 03:13:45,15945,2120085504,31252480,0.0,0.09364885264199616,0,12,0.04,0.02,0.0,0.0,0.0,9912320,0,7,4,1,0,sleeping,197,88,1310720,208896,20246,9691
2025-05-20 03:13:46,15945,2120085504,31252480,0.0,0.09364885264199616,0,12,0.04,0.02,0.0,0.0,0.0,9912320,0,7,4,1,0,sleeping,197,88,1310720,208896,20246,9691
2025-05-20 03:13:47,15945,2120085504,31252480,0.0,0.09364885264199616,0,12,0.04,0.02,0.0,0.0,0.0,9912320,0,7,4,1,0,sleeping,197,88,1310720,208896,20246,9691
2025-05-20 03:13:49,15945,2120085504,31252480,0.0,0.09364885264199616,0,12,0.04,0.02,0.0,0.0,0.0,9912320,0,7,4,1,0,sleeping,197,88,1310720,208896,20246,9691
2025-05-20 03:13:50,15945,2120085504,31252480,0.0,0.09364885264199616,0,12,0.04,0.02,0.0,0.0,0.0,9912320,0,7,4,1,0,sleeping,197,88,1310720,208896,20246,9691
2025-05-20 03:13:51,15945,2120085504,31252480,0.0,0.09364885264199616,0,12,0.04,0.02,0.0,0.0,0.0,9912320,0,7,4,1,0,sleeping,197,88,1310720,208896,20246,9691
2025-05-20 03:13:52,15945,2120085504,31252480,0.0,0.09364885264199616,0,12,0.04,0.02,0.0,0.0,0.0,9912320,0,7,4,1,0,sleeping,197,88,1310720,208896,20246,9691
2025-05-20 03:13:53,15945,2120085504,31252480,0.0,0.09364885264199616,0,12,0.04,0.02,0.0,0.0,0.0,9912320,0,7,4,1,0,sleeping,197,88,1310720,208896,20246,9691
2025-05-20 03:13:54,15945,2120085504,31252480,0.0,0.09364885264199616,0,12,0.04,0.02,0.0,0.0,0.0,9912320,0,7,4,1,0,sleeping,197,88,1310720,208896,20246,9691
2025-05-20 03:13:55,15945,2120085504,31252480,0.0,0.09364885264199616,0,12,0.04,0.02,0.0,0.0,0.0,9912320,0,7,4,1,0,sleeping,197,88,1310720,208896,20246,9691
2025-05-20 03:13:56,15945,2120085504,31252480,0.0,0.09364885264199616,0,12,0.04,0.02,0.0,0.0,0.0,9912320,0,7,4,1,0,sleeping,197,88,1310720,208896,20246,9691
2025-05-20 03:13:57,15945,2120085504,31252480,0.0,0.09364885264199616,0,12,0.04,0.02,0.0,0.0,0.0,9912320,0,7,4,1,0,sleeping,197,88,1310720,208896,20246,9691
2025-05-20 03:13:58,15945,2120085504,31252480,0.0,0.09364885264199616,0,12,0.04,0.02,0.0,0.0,0.0,9912320,0,7,4,1,0,sleeping,197,88,1310720,208896,20246,9691
2025-05-20 03:13:59,15945,2120085504,31252480,0.0,0.09364885264199616,0,12,0.04,0.02,0.0,0.0,0.0,9912320,0,7,4,1,0,sleeping,197,88,1310720,208896,20246,9691
2025-05-20 03:14:00,15945,2120085504,31252480,0.0,0.09364885264199616,0,12,0.04,0.02,0.0,0.0,0.0,9912320,0,7,4,1,0,sleeping,197,88,1310720,208896,20246,9691
2025-05-20 03:14:02,15945,2120085504,31252480,0.0,0.09364885264199616,0,12,0.04,0.02,0.0,0.0,0.0,9912320,0,7,4,1,0,sleeping,197,88,1310720,208896,20246,9691
2025-05-20 03:14:03,15945,2120085504,31252480,0.0,0.09364885264199616,0,12,0.04,0.02,0.0,0.0,0.0,9912320,0,7,4,1,0,sleeping,197,88,1310720,208896,20246,9691
2025-05-20 03:14:04,15945,2120085504,31252480,0.0,0.09364885264199616,0,12,0.04,0.02,0.0,0.0,0.0,9912320,0,7,4,1,0,sleeping,197,88,1310720,208896,20246,9691
2025-05-20 03:14:05,15945,2120085504,31252480,0.0,0.09364885264199616,0,12,0.04,0.02,0.0,0.0,0.0,9912320,0,7,4,1,0,sleeping,197,88,1310720,208896,20246,9691
2025-05-20 03:14:06,15945,2120085504,31252480,0.0,0.09364885264199616,0,12,0.04,0.02,0.0,0.0,0.0,9912320,0,7,4,1,0,sleeping,197,88,1310720,208896,20246,9691
2025-05-20 03:14:07,15945,2120085504,31252480,0.0,0.09364885264199616,0,12,0.04,0.02,0.0,0.0,0.0,9912320,0,7,4,1,0,sleeping,197,88,1310720,208896,20246,9691
2025-05-20 03:14:08,15945,2120085504,31252480,0.0,0.09364885264199616,0,12,0.04,0.02,0.0,0.0,0.0,9912320,0,7,4,1,0,sleeping,197,88,1310720,208896,20246,9691
2025-05-20 03:14:09,15945,2120085504,31252480,0.0,0.09364885264199616,0,12,0.04,0.02,0.0,0.0,0.0,9912320,0,7,4,1,0,sleeping,197,88,1310720,208896,20246,9691
2025-05-20 03:14:10,15945,2120085504,31252480,0.0,0.09364885264199616,0,12,0.04,0.02,0.0,0.0,0.0,9912320,0,7,4,1,0,sleeping,197,88,1310720,208896,20246,9691
2025-05-20 03:14:11,15945,2120085504,31252480,0.0,0.09364885264199616,0,12,0.04,0.02,0.0,0.0,0.0,9912320,0,7,4,1,0,sleeping,197,88,1310720,208896,20246,9691
2025-05-20 03:14:12,15945,2120085504,31252480,0.0,0.09364885264199616,0,12,0.04,0.02,0.0,0.0,0.0,9912320,0,7,4,1,0,sleeping,197,88,1310720,208896,20246,9691
2025-05-20 03:14:13,15945,2120085504,31252480,0.0,0.09364885264199616,0,12,0.04,0.02,0.0,0.0,0.0,9912320,0,7,4,1,0,sleeping,197,88,1310720,208896,20246,9691
2025-05-20 03:14:15,15945,2120085504,31252480,0.0,0.09364885264199616,0,12,0.04,0.02,0.0,0.0,0.0,9912320,0,7,4,1,0,sleeping,197,88,1310720,208896,20246,9691
2025-05-20 03:14:16,15945,2120085504,31252480,0.0,0.09364885264199616,0,12,0.04,0.02,0.0,0.0,0.0,9912320,0,7,4,1,0,sleeping,197,88,1310720,208896,20246,9691
2025-05-20 03:14:17,15945,2120085504,31252480,0.0,0.09364885264199616,0,12,0.04,0.02,0.0,0.0,0.0,9912320,0,7,4,1,0,sleeping,197,88,1310720,208896,20246,9691
2025-05-20 03:14:18,15945,2120085504,31252480,0.0,0.09364885264199616,0,12,0.04,0.02,0.0,0.0,0.0,9912320,0,7,4,1,0,sleeping,197,88,1310720,208896,20246,9691
2025-05-20 03:14:19,15945,2120085504,31252480,0.0,0.09364885264199616,0,12,0.04,0.02,0.0,0.0,0.0,9912320,0,7,4,1,0,sleeping,197,88,1310720,208896,20246,9691
2025-05-20 03:14:20,15945,2120085504,31252480,0.0,0.09364885264199616,0,12,0.04,0.02,0.0,0.0,0.0,9912320,0,7,4,1,0,sleeping,197,88,1310720,208896,20246,9691
2025-05-20 03:14:21,15945,2120085504,31252480,0.0,0.09364885264199616,0,12,0.04,0.02,0.0,0.0,0.0,9912320,0,7,4,1,0,sleeping,197,88,1310720,208896,20246,9691
2025-05-20 03:14:22,15945,2120085504,31252480,0.0,0.09364885264199616,0,12,0.04,0.02,0.0,0.0,0.0,9912320,0,7,4,1,0,sleeping,197,88,1310720,208896,20246,9691
2025-05-20 03:14:23,15945,2120085504,31252480,0.0,0.09364885264199616,0,12,0.04,0.02,0.0,0.0,0.0,9912320,0,7,4,1,0,sleeping,197,88,1310720,208896,20246,9691
2025-05-20 03:14:24,15945,2120085504,31252480,0.0,0.09364885264199616,0,12,0.04,0.02,0.0,0.0,0.0,9912320,0,7,4,1,0,sleeping,197,88,1310720,208896,20246,9691
2025-05-20 03:14:25,15945,2120085504,31252480,0.0,0.09364885264199616,0,12,0.04,0.02,0.0,0.0,0.0,9912320,0,7,4,1,0,sleeping,197,88,1310720,208896,20246,9691
2025-05-20 03:14:26,15945,2120085504,31252480,0.0,0.09364885264199616,0,12,0.04,0.02,0.0,0.0,0.0,9912320,0,7,4,1,0,sleeping,197,88,1310720,208896,20246,9691
2025-05-20 03:14:28,15945,2120085504,31252480,0.0,0.09364885264199616,0,12,0.04,0.02,0.0,0.0,0.0,9912320,0,7,4,1,0,sleeping,197,88,1310720,208896,20246,9691
2025-05-20 03:14:29,15945,2120085504,31252480,0.0,0.09364885264199616,0,12,0.04,0.02,0.0,0.0,0.0,9912320,0,7,4,1,0,sleeping,197,88,1310720,208896,20246,9691
2025-05-20 03:14:30,15945,2120085504,31252480,0.0,0.09364885264199616,0,12,0.04,0.02,0.0,0.0,0.0,9912320,0,7,4,1,0,sleeping,197,88,1310720,208896,20246,9691
2025-05-20 03:14:31,15945,2120085504,31252480,0.0,0.09364885264199616,0,12,0.04,0.02,0.0,0.0,0.0,9912320,0,7,4,1,0,sleeping,197,88,1310720,208896,20246,9691
2025-05-20 03:14:32,15945,2120085504,31252480,0.0,0.09364885264199616,0,12,0.04,0.02,0.0,0.0,0.0,9912320,0,7,4,1,0,sleeping,197,88,1310720,208896,20246,9691
2025-05-20 03:14:33,15945,2120085504,31252480,0.0,0.09364885264199616,0,12,0.04,0.02,0.0,0.0,0.0,9912320,0,7,4,1,0,sleeping,197,88,1310720,208896,20246,9691
2025-05-20 03:14:34,15945,2120085504,31252480,0.0,0.09364885264199616,0,12,0.04,0.02,0.0,0.0,0.0,9912320,0,7,4,1,0,sleeping,197,88,1310720,208896,20246,9691
2025-05-20 03:14:35,15945,2120085504,31252480,0.0,0.09364885264199616,0,12,0.04,0.02,0.0,0.0,0.0,9912320,0,7,4,1,0,sleeping,197,88,1310720,208896,20246,9691
2025-05-20 03:14:36,15945,2120085504,31252480,0.0,0.09364885264199616,0,12,0.04,0.02,0.0,0.0,0.0,9912320,0,7,4,1,0,sleeping,197,88,1310720,208896,20246,9691
2025-05-20 03:14:37,15945,2120085504,31252480,0.0,0.09364885264199616,0,12,0.04,0.02,0.0,0.0,0.0,9912320,0,7,4,1,0,sleeping,197,88,1310720,208896,20246,9691
2025-05-20 03:14:38,15945,2120085504,31252480,0.0,0.09364885264199616,0,12,0.04,0.02,0.0,0.0,0.0,9912320,0,7,4,1,0,sleeping,197,88,1310720,208896,20246,9691
2025-05-20 03:14:39,15945,2120085504,31252480,0.0,0.09364885264199616,0,12,0.04,0.02,0.0,0.0,0.0,9912320,0,7,4,1,0,sleeping,197,88,1310720,208896,20246,9691
2025-05-20 03:14:41,15945,2120085504,31252480,0.0,0.09364885264199616,0,12,0.04,0.02,0.0,0.0,0.0,9912320,0,7,4,1,0,sleeping,197,88,1310720,208896,20246,9691
2025-05-20 03:14:42,15945,2120085504,31252480,0.0,0.09364885264199616,0,12,0.04,0.02,0.0,0.0,0.0,9912320,0,7,4,1,0,sleeping,197,88,1310720,208896,20246,9691
2025-05-20 03:14:43,15945,2120085504,31252480,0.0,0.09364885264199616,0,12,0.04,0.02,0.0,0.0,0.0,9912320,0,7,4,1,0,sleeping,197,88,1310720,208896,20246,9691
2025-05-20 03:14:44,15945,2120085504,31252480,0.0,0.09364885264199616,0,12,0.04,0.02,0.0,0.0,0.0,9912320,0,7,4,1,0,sleeping,197,88,1310720,208896,20246,9691
2025-05-20 03:14:45,15945,2120085504,31252480,0.0,0.09364885264199616,0,12,0.04,0.02,0.0,0.0,0.0,9912320,0,7,4,1,0,sleeping,197,88,1310720,208896,20246,9691
2025-05-20 03:14:46,15945,2120085504,31252480,0.0,0.09364885264199616,0,12,0.04,0.02,0.0,0.0,0.0,9912320,0,7,4,1,0,sleeping,197,88,1310720,208896,20246,9691
2025-05-20 03:14:47,15945,2120085504,31252480,0.0,0.09364885264199616,0,12,0.04,0.02,0.0,0.0,0.0,9912320,0,7,4,1,0,sleeping,197,88,1310720,208896,20246,9691
2025-05-20 03:14:48,15945,2120085504,31252480,0.0,0.09364885264199616,0,12,0.04,0.02,0.0,0.0,0.0,9912320,0,7,4,1,0,sleeping,197,88,1310720,208896,20246,9691
2025-05-20 03:14:49,15945,2120085504,31252480,0.0,0.09364885264199616,0,12,0.04,0.02,0.0,0.0,0.0,9912320,0,7,4,1,0,sleeping,197,88,1310720,208896,20246,9691
2025-05-20 03:14:50,15945,2120085504,31252480,0.0,0.09364885264199616,0,12,0.04,0.02,0.0,0.0,0.0,9912320,0,7,4,1,0,sleeping,197,88,1310720,208896,20246,9691
2025-05-20 03:14:51,15945,2120085504,31252480,0.0,0.09364885264199616,0,12,0.04,0.02,0.0,0.0,0.0,9912320,0,7,4,1,0,sleeping,197,88,1310720,208896,20246,9691
2025-05-20 03:14:52,15945,2120085504,31252480,0.0,0.09364885264199616,0,12,0.04,0.02,0.0,0.0,0.0,9912320,0,7,4,1,0,sleeping,197,88,1310720,208896,20246,9691
2025-05-20 03:14:54,15945,2120085504,31252480,0.0,0.09364885264199616,0,12,0.04,0.02,0.0,0.0,0.0,9912320,0,7,4,1,0,sleeping,197,88,1310720,208896,20246,9691
2025-05-20 03:14:55,15945,2120085504,31252480,0.0,0.09364885264199616,0,12,0.04,0.02,0.0,0.0,0.0,9912320,0,7,4,1,0,sleeping,197,88,1310720,208896,20246,9691
2025-05-20 03:14:56,15945,2120085504,31252480,0.0,0.09364885264199616,0,12,0.04,0.02,0.0,0.0,0.0,9912320,0,7,4,1,0,sleeping,197,88,1310720,208896,20246,9691
2025-05-20 03:14:57,15945,2120085504,31252480,0.0,0.09364885264199616,0,12,0.04,0.02,0.0,0.0,0.0,9912320,0,7,4,1,0,sleeping,197,88,1310720,208896,20246,9691
2025-05-20 03:14:58,15945,2120085504,31252480,0.0,0.09364885264199616,0,12,0.04,0.02,0.0,0.0,0.0,9912320,0,7,4,1,0,sleeping,197,88,1310720,208896,20246,9691
2025-05-20 03:14:59,15945,2120085504,31252480,0.0,0.09364885264199616,0,12,0.04,0.02,0.0,0.0,0.0,9912320,0,7,4,1,0,sleeping,197,88,1310720,208896,20246,9691
2025-05-20 03:15:00,15945,2120085504,31252480,0.0,0.09364885264199616,0,12,0.04,0.02,0.0,0.0,0.0,9912320,0,7,4,1,0,sleeping,197,88,1310720,208896,20246,9691
2025-05-20 03:15:01,15945,2120085504,31252480,0.0,0.09364885264199616,0,12,0.04,0.02,0.0,0.0,0.0,9912320,0,7,4,1,0,sleeping,197,88,1310720,208896,20246,9691
2025-05-20 03:15:02,15945,2120085504,31252480,0.0,0.09364885264199616,0,12,0.04,0.02,0.0,0.0,0.0,9912320,0,7,4,1,0,sleeping,197,88,1310720,208896,20246,9691
2025-05-20 03:15:03,15945,2120085504,31252480,0.0,0.09364885264199616,0,12,0.04,0.02,0.0,0.0,0.0,9912320,0,7,4,1,0,sleeping,197,88,1310720,208896,20246,9691
2025-05-20 03:15:04,15945,2120085504,31252480,0.0,0.09364885264199616,0,12,0.04,0.02,0.0,0.0,0.0,9912320,0,7,4,1,0,sleeping,197,88,1310720,208896,20246,9691
2025-05-20 03:15:05,15945,2120085504,31252480,0.0,0.09364885264199616,0,12,0.04,0.02,0.0,0.0,0.0,9912320,0,7,4,1,0,sleeping,197,88,1310720,208896,20246,9691
2025-05-20 03:15:07,15945,2120085504,31252480,0.0,0.09364885264199616,0,12,0.04,0.02,0.0,0.0,0.0,9912320,0,7,4,1,0,sleeping,197,88,1310720,208896,20246,9691
2025-05-20 03:15:08,15945,2120085504,31252480,0.0,0.09364885264199616,0,12,0.04,0.02,0.0,0.0,0.0,9912320,0,7,4,1,0,sleeping,197,88,1310720,208896,20246,9691
2025-05-20 03:15:09,15945,2120085504,31252480,0.0,0.09364885264199616,0,12,0.04,0.02,0.0,0.0,0.0,9912320,0,7,4,1,0,sleeping,197,88,1310720,208896,20246,9691
2025-05-20 03:15:10,15945,2120085504,31252480,0.0,0.09364885264199616,0,12,0.04,0.02,0.0,0.0,0.0,9912320,0,7,4,1,0,sleeping,197,88,1310720,208896,20246,9691
2025-05-20 03:15:11,15945,2120085504,31252480,0.0,0.09364885264199616,0,12,0.04,0.02,0.0,0.0,0.0,9912320,0,7,4,1,0,sleeping,197,88,1310720,208896,20246,9691
2025-05-20 03:15:12,15945,2120085504,31252480,0.0,0.09364885264199616,0,12,0.04,0.02,0.0,0.0,0.0,9912320,0,7,4,1,0,sleeping,197,88,1310720,208896,20246,9691
2025-05-20 03:15:13,15945,2120085504,31252480,0.0,0.09364885264199616,0,12,0.04,0.02,0.0,0.0,0.0,9912320,0,7,4,1,0,sleeping,197,88,1310720,208896,20246,9691
2025-05-20 03:15:14,15945,2120085504,31252480,0.0,0.09364885264199616,0,12,0.04,0.02,0.0,0.0,0.0,9912320,0,7,4,1,0,sleeping,197,88,1310720,208896,20246,9691
2025-05-20 03:15:15,15945,2120085504,31252480,0.0,0.09364885264199616,0,12,0.04,0.02,0.0,0.0,0.0,9912320,0,7,4,1,0,sleeping,197,88,1310720,208896,20246,9691
2025-05-20 03:15:16,15945,2120085504,31252480,0.0,0.09364885264199616,0,12,0.04,0.02,0.0,0.0,0.0,9912320,0,7,4,1,0,sleeping,197,88,1310720,208896,20246,9691
2025-05-20 03:15:17,15945,2120085504,31252480,0.0,0.09364885264199616,0,12,0.04,0.02,0.0,0.0,0.0,9912320,0,7,4,1,0,sleeping,197,88,1310720,208896,20246,9691
2025-05-20 03:15:18,15945,2120085504,31252480,0.0,0.09364885264199616,0,12,0.04,0.02,0.0,0.0,0.0,9912320,0,7,4,1,0,sleeping,197,88,1310720,208896,20246,9691
2025-05-20 03:15:20,15945,2120085504,31252480,0.0,0.09364885264199616,0,12,0.04,0.02,0.0,0.0,0.0,9912320,0,7,4,1,0,sleeping,197,88,1310720,208896,20246,9691
2025-05-20 03:15:21,15945,2120085504,31252480,0.0,0.09364885264199616,0,12,0.04,0.02,0.0,0.0,0.0,9912320,0,7,4,1,0,sleeping,197,88,1310720,208896,20246,9691
2025-05-20 03:15:22,15945,2120085504,31252480,0.0,0.09364885264199616,0,12,0.04,0.02,0.0,0.0,0.0,9912320,0,7,4,1,0,sleeping,197,88,1310720,208896,20246,9691
2025-05-20 03:15:23,15945,2120085504,31252480,0.0,0.09364885264199616,0,12,0.04,0.02,0.0,0.0,0.0,9912320,0,7,4,1,0,sleeping,197,88,1310720,208896,20246,9691
2025-05-20 03:15:24,15945,2120085504,31252480,0.0,0.09364885264199616,0,12,0.04,0.02,0.0,0.0,0.0,9912320,0,7,4,1,0,sleeping,197,88,1310720,208896,20246,9691
2025-05-20 03:15:25,15945,2120085504,31252480,0.0,0.09364885264199616,0,12,0.04,0.02,0.0,0.0,0.0,9912320,0,7,4,1,0,sleeping,197,88,1310720,208896,20246,9691
2025-05-20 03:15:26,15945,2120085504,31252480,0.0,0.09364885264199616,0,12,0.04,0.02,0.0,0.0,0.0,9912320,0,7,4,1,0,sleeping,197,88,1310720,208896,20246,9691
2025-05-20 03:15:27,15945,2120085504,31252480,0.0,0.09364885264199616,0,12,0.04,0.02,0.0,0.0,0.0,9912320,0,7,4,1,0,sleeping,197,88,1310720,208896,20246,9691
2025-05-20 03:15:28,15945,2120085504,31252480,0.0,0.09364885264199616,0,12,0.04,0.02,0.0,0.0,0.0,9912320,0,7,4,1,0,sleeping,197,88,1310720,208896,20246,9691
2025-05-20 03:15:29,15945,2120085504,31252480,0.0,0.09364885264199616,0,12,0.04,0.02,0.0,0.0,0.0,9912320,0,7,4,1,0,sleeping,197,88,1310720,208896,20246,9691
2025-05-20 03:15:30,15945,2120085504,31252480,0.0,0.09364885264199616,0,12,0.04,0.02,0.0,0.0,0.0,9912320,0,7,4,1,0,sleeping,197,88,1310720,208896,20246,9691
2025-05-20 03:15:31,15945,2120085504,31252480,0.0,0.09364885264199616,0,12,0.04,0.02,0.0,0.0,0.0,9912320,0,7,4,1,0,sleeping,197,88,1310720,208896,20246,9691
2025-05-20 03:15:33,15945,2120085504,31252480,0.0,0.09364885264199616,0,12,0.04,0.02,0.0,0.0,0.0,9912320,0,7,4,1,0,sleeping,197,88,1310720,208896,20246,9691
2025-05-20 03:15:34,15945,2120085504,31252480,0.0,0.09364885264199616,0,12,0.04,0.02,0.0,0.0,0.0,9912320,0,7,4,1,0,sleeping,197,88,1310720,208896,20246,9691
2025-05-20 03:15:35,15945,2120085504,31252480,0.0,0.09364885264199616,0,12,0.04,0.02,0.0,0.0,0.0,9912320,0,7,4,1,0,sleeping,197,88,1310720,208896,20246,9691
2025-05-20 03:15:36,15945,2120085504,31252480,0.0,0.09364885264199616,0,12,0.04,0.02,0.0,0.0,0.0,9912320,0,7,4,1,0,sleeping,197,88,1310720,208896,20246,9691
2025-05-20 03:15:37,15945,2120085504,31252480,0.0,0.09364885264199616,0,12,0.04,0.02,0.0,0.0,0.0,9912320,0,7,4,1,0,sleeping,197,88,1310720,208896,20246,9691
2025-05-20 03:15:38,15945,2120085504,31252480,0.0,0.09364885264199616,0,12,0.04,0.02,0.0,0.0,0.0,9912320,0,7,4,1,0,sleeping,197,88,1310720,208896,20246,9691
2025-05-20 03:15:39,15945,2120085504,31252480,0.0,0.09364885264199616,0,12,0.04,0.02,0.0,0.0,0.0,9912320,0,7,4,1,0,sleeping,197,88,1310720,208896,20246,9691
2025-05-20 03:15:40,15945,2120085504,31252480,0.0,0.09364885264199616,0,12,0.04,0.02,0.0,0.0,0.0,9912320,0,7,4,1,0,sleeping,197,88,1310720,208896,20246,9691
2025-05-20 03:15:41,15945,2120085504,31252480,0.0,0.09364885264199616,0,12,0.04,0.02,0.0,0.0,0.0,9912320,0,7,4,1,0,sleeping,197,88,1310720,208896,20246,9691
2025-05-20 03:15:42,15945,2120085504,31252480,0.0,0.09364885264199616,0,12,0.04,0.02,0.0,0.0,0.0,9912320,0,7,4,1,0,sleeping,197,88,1310720,208896,20246,9691
2025-05-20 03:15:43,15945,2120085504,31252480,0.0,0.09364885264199616,0,12,0.04,0.02,0.0,0.0,0.0,9912320,0,7,4,1,0,sleeping,197,88,1310720,208896,20246,9691
2025-05-20 03:15:44,15945,2120085504,31252480,0.0,0.09364885264199616,0,12,0.04,0.02,0.0,0.0,0.0,9912320,0,7,4,1,0,sleeping,197,88,1310720,208896,20246,9691
2025-05-20 03:15:46,15945,2120085504,31252480,0.0,0.09364885264199616,0,12,0.04,0.02,0.0,0.0,0.0,9912320,0,7,4,1,0,sleeping,197,88,1310720,208896,20246,9691
2025-05-20 03:15:47,15945,2120085504,31252480,0.0,0.09364885264199616,0,12,0.04,0.02,0.0,0.0,0.0,9912320,0,7,4,1,0,sleeping,197,88,1310720,208896,20246,9691
2025-05-20 03:15:48,15945,2120085504,31252480,0.0,0.09364885264199616,0,12,0.04,0.02,0.0,0.0,0.0,9912320,0,7,4,1,0,sleeping,197,88,1310720,208896,20246,9691
2025-05-20 03:15:49,15945,2120085504,31252480,0.0,0.09364885264199616,0,12,0.04,0.02,0.0,0.0,0.0,9912320,0,7,4,1,0,sleeping,197,88,1310720,208896,20246,9691
2025-05-20 03:15:50,15945,2120085504,31252480,0.0,0.09364885264199616,0,12,0.04,0.02,0.0,0.0,0.0,9912320,0,7,4,1,0,sleeping,197,88,1310720,208896,20246,9691
2025-05-20 03:15:51,15945,2120085504,31252480,0.0,0.09364885264199616,0,12,0.04,0.02,0.0,0.0,0.0,9912320,0,7,4,1,0,sleeping,197,88,1310720,208896,20246,9691
2025-05-20 03:15:52,15945,2120085504,31252480,0.0,0.09364885264199616,0,12,0.04,0.02,0.0,0.0,0.0,9912320,0,7,4,1,0,sleeping,197,88,1310720,208896,20246,9691
2025-05-20 03:15:53,15945,2120085504,31252480,0.0,0.09364885264199616,0,12,0.04,0.02,0.0,0.0,0.0,9912320,0,7,4,1,0,sleeping,197,88,1310720,208896,20246,9691
2025-05-20 03:15:54,15945,2120085504,31252480,0.0,0.09364885264199616,0,12,0.04,0.02,0.0,0.0,0.0,9912320,0,7,4,1,0,sleeping,197,88,1310720,208896,20246,9691
2025-05-20 03:15:55,15945,2120085504,31252480,0.0,0.09364885264199616,0,12,0.04,0.02,0.0,0.0,0.0,9912320,0,7,4,1,0,sleeping,197,88,1310720,208896,20246,9691
2025-05-20 03:15:56,15945,2120085504,31252480,0.0,0.09364885264199616,0,12,0.04,0.02,0.0,0.0,0.0,9912320,0,7,4,1,0,sleeping,197,88,1310720,208896,20246,9691
2025-05-20 03:15:57,15945,2120085504,31252480,0.0,0.09364885264199616,0,12,0.04,0.02,0.0,0.0,0.0,9912320,0,7,4,1,0,sleeping,197,88,1310720,208896,20246,9691
2025-05-20 03:15:59,15945,2120085504,31252480,0.0,0.09364885264199616,0,12,0.04,0.02,0.0,0.0,0.0,9912320,0,7,4,1,0,sleeping,197,88,1310720,208896,20246,9691
2025-05-20 03:16:00,15945,2120085504,31252480,0.0,0.09364885264199616,0,12,0.04,0.02,0.0,0.0,0.0,9912320,0,7,4,1,0,sleeping,197,88,1310720,208896,20246,9691
2025-05-20 03:16:01,15945,2120085504,31252480,0.0,0.09364885264199616,0,12,0.04,0.02,0.0,0.0,0.0,9912320,0,7,4,1,0,sleeping,197,88,1310720,208896,20246,9691
2025-05-20 03:16:02,15945,2120085504,31252480,0.0,0.09364885264199616,0,12,0.04,0.02,0.0,0.0,0.0,9912320,0,7,4,1,0,sleeping,197,88,1310720,208896,20246,9691
2025-05-20 03:16:03,15945,2120085504,31252480,0.0,0.09364885264199616,0,12,0.04,0.02,0.0,0.0,0.0,9912320,0,7,4,1,0,sleeping,197,88,1310720,208896,20246,9691
2025-05-20 03:16:04,15945,2120085504,31252480,0.0,0.09364885264199616,0,12,0.04,0.02,0.0,0.0,0.0,9912320,0,7,4,1,0,sleeping,197,88,1310720,208896,20246,9691
2025-05-20 03:16:05,15945,2120085504,31252480,0.0,0.09364885264199616,0,12,0.04,0.02,0.0,0.0,0.0,9912320,0,7,4,1,0,sleeping,197,88,1310720,208896,20246,9691
2025-05-20 03:16:06,15945,2120085504,31252480,0.0,0.09364885264199616,0,12,0.04,0.02,0.0,0.0,0.0,9912320,0,7,4,1,0,sleeping,197,88,1310720,208896,20246,9691
2025-05-20 03:16:07,15945,2120085504,31252480,0.0,0.09364885264199616,0,12,0.04,0.02,0.0,0.0,0.0,9912320,0,7,4,1,0,sleeping,197,88,1310720,208896,20246,9691
2025-05-20 03:16:08,15945,2120085504,31252480,0.0,0.09364885264199616,0,12,0.04,0.02,0.0,0.0,0.0,9912320,0,7,4,1,0,sleeping,197,88,1310720,208896,20246,9691
2025-05-20 03:16:09,15945,2120085504,31252480,0.0,0.09364885264199616,0,12,0.04,0.02,0.0,0.0,0.0,9912320,0,7,4,1,0,sleeping,197,88,1310720,208896,20246,9691
2025-05-20 03:16:10,15945,2120085504,31252480,0.0,0.09364885264199616,0,12,0.04,0.02,0.0,0.0,0.0,9912320,0,7,4,1,0,sleeping,197,88,1310720,208896,20246,9691
2025-05-20 03:16:12,15945,2120085504,31252480,0.0,0.09364885264199616,0,12,0.04,0.02,0.0,0.0,0.0,9912320,0,7,4,1,0,sleeping,197,88,1310720,208896,20246,9691
2025-05-20 03:16:13,15945,2120085504,31252480,0.0,0.09364885264199616,0,12,0.04,0.02,0.0,0.0,0.0,9912320,0,7,4,1,0,sleeping,197,88,1310720,208896,20246,9691
2025-05-20 03:16:14,15945,2120085504,31252480,0.0,0.09364885264199616,0,12,0.04,0.02,0.0,0.0,0.0,9912320,0,7,4,1,0,sleeping,197,88,1310720,208896,20246,9691
2025-05-20 03:16:15,15945,2120085504,31252480,0.0,0.09364885264199616,0,12,0.04,0.02,0.0,0.0,0.0,9912320,0,7,4,1,0,sleeping,197,88,1310720,208896,20246,9691
2025-05-20 03:16:16,15945,2120085504,31252480,0.0,0.09364885264199616,0,12,0.04,0.02,0.0,0.0,0.0,9912320,0,7,4,1,0,sleeping,197,88,1310720,208896,20246,9691
2025-05-20 03:16:17,15945,2120085504,31252480,0.0,0.09364885264199616,0,12,0.04,0.02,0.0,0.0,0.0,9912320,0,7,4,1,0,sleeping,197,88,1310720,208896,20246,9691
2025-05-20 03:16:18,15945,2120085504,31252480,0.0,0.09364885264199616,0,12,0.04,0.02,0.0,0.0,0.0,9912320,0,7,4,1,0,sleeping,197,88,1310720,208896,20246,9691
2025-05-20 03:16:19,15945,2120085504,31252480,0.0,0.09364885264199616,0,12,0.04,0.02,0.0,0.0,0.0,9912320,0,7,4,1,0,sleeping,197,88,1310720,208896,20246,9691
2025-05-20 03:16:20,15945,2120085504,31252480,0.0,0.09364885264199616,0,12,0.04,0.02,0.0,0.0,0.0,9912320,0,7,4,1,0,sleeping,197,88,1310720,208896,20246,9691
2025-05-20 03:16:21,15945,2120085504,31252480,0.0,0.09364885264199616,0,12,0.04,0.02,0.0,0.0,0.0,9912320,0,7,4,1,0,sleeping,197,88,1310720,208896,20246,9691
2025-05-20 03:16:22,15945,2120085504,31252480,0.0,0.09364885264199616,0,12,0.04,0.02,0.0,0.0,0.0,9912320,0,7,4,1,0,sleeping,197,88,1310720,208896,20246,9691
2025-05-20 03:16:23,15945,2120085504,31252480,0.0,0.09364885264199616,0,12,0.04,0.02,0.0,0.0,0.0,9912320,0,7,4,1,0,sleeping,197,88,1310720,208896,20246,9691
2025-05-20 03:16:25,15945,2120085504,31252480,0.0,0.09364885264199616,0,12,0.04,0.02,0.0,0.0,0.0,9912320,0,7,4,1,0,sleeping,197,88,1310720,208896,20246,9691
2025-05-20 03:16:26,15945,2120085504,31252480,0.0,0.09364885264199616,0,12,0.04,0.02,0.0,0.0,0.0,9912320,0,7,4,1,0,sleeping,197,88,1310720,208896,20246,9691
2025-05-20 03:16:27,15945,2120085504,31252480,0.0,0.09364885264199616,0,12,0.04,0.02,0.0,0.0,0.0,9912320,0,7,4,1,0,sleeping,197,88,1310720,208896,20246,9691
2025-05-20 03:16:28,15945,2120085504,31252480,0.0,0.09364885264199616,0,12,0.04,0.02,0.0,0.0,0.0,9912320,0,7,4,1,0,sleeping,197,88,1310720,208896,20246,9691
2025-05-20 03:16:29,15945,2120085504,31252480,0.0,0.09364885264199616,0,12,0.04,0.02,0.0,0.0,0.0,9912320,0,7,4,1,0,sleeping,197,88,1310720,208896,20246,9691
2025-05-20 03:16:30,15945,2120085504,31252480,0.0,0.09364885264199616,0,12,0.04,0.02,0.0,0.0,0.0,9912320,0,7,4,1,0,sleeping,197,88,1310720,208896,20246,9691
2025-05-20 03:16:31,15945,2120085504,31252480,0.0,0.09364885264199616,0,12,0.04,0.02,0.0,0.0,0.0,9912320,0,6,3,1,0,sleeping,197,88,1310720,208896,20246,9691
2025-05-20 03:16:32,15945,2120085504,31252480,0.0,0.09364885264199616,0,12,0.04,0.02,0.0,0.0,0.0,9912320,0,6,3,1,0,sleeping,197,88,1310720,208896,20246,9691
2025-05-20 03:16:33,15945,2120085504,31252480,0.0,0.09364885264199616,0,12,0.04,0.02,0.0,0.0,0.0,9912320,0,6,3,1,0,sleeping,197,88,1310720,208896,20246,9691
2025-05-20 03:16:34,15945,2120085504,31252480,0.0,0.09364885264199616,0,12,0.04,0.02,0.0,0.0,0.0,9912320,0,6,3,1,0,sleeping,197,88,1310720,208896,20246,9691
2025-05-20 03:16:35,15945,2120085504,31252480,0.0,0.09364885264199616,0,12,0.04,0.02,0.0,0.0,0.0,9912320,0,6,3,1,0,sleeping,197,88,1310720,208896,20246,9691
2025-05-20 03:16:36,15945,2120085504,31252480,0.0,0.09364885264199616,0,12,0.04,0.02,0.0,0.0,0.0,9912320,0,6,3,1,0,sleeping,197,88,1310720,208896,20246,9691
2025-05-20 03:16:38,15945,2120085504,31252480,0.0,0.09364885264199616,0,12,0.04,0.02,0.0,0.0,0.0,9912320,0,6,3,1,0,sleeping,197,88,1310720,208896,20246,9691
2025-05-20 03:16:39,15945,2120085504,31252480,0.0,0.09364885264199616,0,12,0.04,0.02,0.0,0.0,0.0,9912320,0,6,3,1,0,sleeping,197,88,1310720,208896,20246,9691
2025-05-20 03:16:40,15945,2120085504,31252480,0.0,0.09364885264199616,0,12,0.04,0.02,0.0,0.0,0.0,9912320,0,6,3,1,0,sleeping,197,88,1310720,208896,20246,9691
2025-05-20 03:16:41,15945,2120085504,31252480,0.0,0.09364885264199616,0,12,0.04,0.02,0.0,0.0,0.0,9912320,0,6,3,1,0,sleeping,197,88,1310720,208896,20246,9691
2025-05-20 03:16:42,15945,2120085504,31252480,0.0,0.09364885264199616,0,12,0.04,0.02,0.0,0.0,0.0,9912320,0,6,3,1,0,sleeping,197,88,1310720,208896,20246,9691
2025-05-20 03:16:43,15945,2120085504,31252480,0.0,0.09364885264199616,0,12,0.04,0.02,0.0,0.0,0.0,9912320,0,6,3,1,0,sleeping,197,88,1310720,208896,20246,9691
2025-05-20 03:16:44,15945,2120085504,31252480,0.0,0.09364885264199616,0,12,0.04,0.02,0.0,0.0,0.0,9912320,0,6,3,1,0,sleeping,197,88,1310720,208896,20246,9691
2025-05-20 03:16:45,15945,2120085504,31252480,0.0,0.09364885264199616,0,12,0.04,0.02,0.0,0.0,0.0,9912320,0,6,3,1,0,sleeping,197,88,1310720,208896,20246,9691
2025-05-20 03:16:46,15945,2120085504,31252480,0.0,0.09364885264199616,0,12,0.04,0.02,0.0,0.0,0.0,9912320,0,6,3,1,0,sleeping,197,88,1310720,208896,20246,9691
2025-05-20 03:16:47,15945,2120085504,31252480,0.0,0.09364885264199616,0,12,0.04,0.02,0.0,0.0,0.0,9912320,0,6,3,1,0,sleeping,197,88,1310720,208896,20246,9691
2025-05-20 03:16:48,15945,2120085504,31252480,0.0,0.09364885264199616,0,12,0.04,0.02,0.0,0.0,0.0,9912320,0,6,3,1,0,sleeping,197,88,1310720,208896,20246,9691
2025-05-20 03:16:49,15945,2120085504,31252480,0.0,0.09364885264199616,0,12,0.04,0.02,0.0,0.0,0.0,9912320,0,6,3,1,0,sleeping,197,88,1310720,208896,20246,9691
2025-05-20 03:16:51,15945,2120085504,31252480,0.0,0.09364885264199616,0,12,0.04,0.02,0.0,0.0,0.0,9912320,0,6,3,1,0,sleeping,197,88,1310720,208896,20246,9691
2025-05-20 03:16:52,15945,2120085504,31252480,0.0,0.09364885264199616,0,12,0.04,0.02,0.0,0.0,0.0,9912320,0,6,3,1,0,sleeping,197,88,1310720,208896,20246,9691
2025-05-20 03:16:53,15945,2120085504,31252480,0.0,0.09364885264199616,0,12,0.04,0.02,0.0,0.0,0.0,9912320,0,6,3,1,0,sleeping,197,88,1310720,208896,20246,9691
2025-05-20 03:16:54,15945,2120085504,31252480,0.0,0.09364885264199616,0,12,0.04,0.02,0.0,0.0,0.0,9912320,0,6,3,1,0,sleeping,197,88,1310720,208896,20246,9691
2025-05-20 03:16:55,15945,2120085504,31252480,0.0,0.09364885264199616,0,12,0.04,0.02,0.0,0.0,0.0,9912320,0,6,3,1,0,sleeping,197,88,1310720,208896,20246,9691
2025-05-20 03:16:56,15945,2120085504,31252480,0.0,0.09364885264199616,0,12,0.04,0.02,0.0,0.0,0.0,9912320,0,6,3,1,0,sleeping,197,88,1310720,208896,20246,9691
2025-05-20 03:16:57,15945,2120085504,31252480,0.0,0.09364885264199616,0,12,0.04,0.02,0.0,0.0,0.0,9912320,0,6,3,1,0,sleeping,197,88,1310720,208896,20246,9691
2025-05-20 03:16:58,15945,2120085504,31252480,0.0,0.09364885264199616,0,12,0.04,0.02,0.0,0.0,0.0,9912320,0,6,3,1,0,sleeping,197,88,1310720,208896,20246,9691
2025-05-20 03:16:59,15945,2120085504,31252480,0.0,0.09364885264199616,0,12,0.04,0.02,0.0,0.0,0.0,9912320,0,6,3,1,0,sleeping,197,88,1310720,208896,20246,9691
2025-05-20 03:17:00,15945,2120085504,31252480,0.0,0.09364885264199616,0,12,0.04,0.02,0.0,0.0,0.0,9912320,0,6,3,1,0,sleeping,197,88,1310720,208896,20246,9691
2025-05-20 03:17:01,15945,2120085504,31252480,0.0,0.09364885264199616,0,12,0.04,0.02,0.0,0.0,0.0,9912320,0,6,3,1,0,sleeping,197,88,1310720,208896,20246,9691
2025-05-20 03:17:02,15945,2120085504,31252480,0.0,0.09364885264199616,0,12,0.04,0.02,0.0,0.0,0.0,9912320,0,6,3,1,0,sleeping,197,88,1310720,208896,20246,9691
2025-05-20 03:17:04,15945,2120085504,31252480,0.0,0.09364885264199616,0,12,0.04,0.02,0.0,0.0,0.0,9912320,0,6,3,1,0,sleeping,197,88,1310720,208896,20246,9691
2025-05-20 03:17:05,15945,2120085504,31252480,0.0,0.09364885264199616,0,12,0.04,0.02,0.0,0.0,0.0,9912320,0,6,3,1,0,sleeping,197,88,1310720,208896,20246,9691
2025-05-20 03:17:06,15945,2120085504,31252480,0.0,0.09364885264199616,0,12,0.04,0.02,0.0,0.0,0.0,9912320,0,6,3,1,0,sleeping,197,88,1310720,208896,20246,9691
2025-05-20 03:17:07,15945,2120085504,31252480,0.0,0.09364885264199616,0,12,0.04,0.02,0.0,0.0,0.0,9912320,0,6,3,1,0,sleeping,197,88,1310720,208896,20246,9691
2025-05-20 03:17:08,15945,2120085504,31252480,0.0,0.09364885264199616,0,12,0.04,0.02,0.0,0.0,0.0,9912320,0,6,3,1,0,sleeping,197,88,1310720,208896,20246,9691
2025-05-20 03:17:09,15945,2120085504,31252480,0.0,0.09364885264199616,0,12,0.04,0.02,0.0,0.0,0.0,9912320,0,6,3,1,0,sleeping,197,88,1310720,208896,20246,9691
2025-05-20 03:17:10,15945,2120085504,31252480,0.0,0.09364885264199616,0,12,0.04,0.02,0.0,0.0,0.0,9912320,0,6,3,1,0,sleeping,197,88,1310720,208896,20246,9691
2025-05-20 03:17:11,15945,2120085504,31252480,0.0,0.09364885264199616,0,12,0.04,0.02,0.0,0.0,0.0,9912320,0,6,3,1,0,sleeping,197,88,1310720,208896,20246,9691
2025-05-20 03:17:12,15945,2120085504,31252480,0.0,0.09364885264199616,0,12,0.04,0.02,0.0,0.0,0.0,9912320,0,6,3,1,0,sleeping,197,88,1310720,208896,20246,9691
2025-05-20 03:17:13,15945,2120085504,31252480,0.0,0.09364885264199616,0,12,0.04,0.02,0.0,0.0,0.0,9912320,0,6,3,1,0,sleeping,197,88,1310720,208896,20246,9691
2025-05-20 03:17:14,15945,2120085504,31252480,0.0,0.09364885264199616,0,12,0.04,0.02,0.0,0.0,0.0,9912320,0,6,3,1,0,sleeping,197,88,1310720,208896,20246,9691
2025-05-20 03:17:15,15945,2120085504,31252480,0.0,0.09364885264199616,0,12,0.04,0.02,0.0,0.0,0.0,9912320,0,6,3,1,0,sleeping,197,88,1310720,208896,20246,9691
2025-05-20 03:17:17,15945,2120085504,31252480,0.0,0.09364885264199616,0,12,0.04,0.02,0.0,0.0,0.0,9912320,0,6,3,1,0,sleeping,197,88,1310720,208896,20246,9691
2025-05-20 03:17:18,15945,2120085504,31252480,0.0,0.09364885264199616,0,12,0.04,0.02,0.0,0.0,0.0,9912320,0,6,3,1,0,sleeping,197,88,1310720,208896,20246,9691
2025-05-20 03:17:19,15945,2120085504,31252480,0.0,0.09364885264199616,0,12,0.04,0.02,0.0,0.0,0.0,9912320,0,6,3,1,0,sleeping,197,88,1310720,208896,20246,9691
2025-05-20 03:17:20,15945,2120085504,31252480,0.0,0.09364885264199616,0,12,0.04,0.02,0.0,0.0,0.0,9912320,0,6,3,1,0,sleeping,197,88,1310720,208896,20246,9691
2025-05-20 03:17:21,15945,2120085504,31252480,0.0,0.09364885264199616,0,12,0.04,0.02,0.0,0.0,0.0,9912320,0,6,3,1,0,sleeping,197,88,1310720,208896,20246,9691
2025-05-20 03:17:22,15945,2120085504,31252480,0.0,0.09364885264199616,0,12,0.04,0.02,0.0,0.0,0.0,9912320,0,6,3,1,0,sleeping,197,88,1310720,208896,20246,9691
2025-05-20 03:17:23,15945,2120085504,31252480,0.0,0.09364885264199616,0,12,0.04,0.02,0.0,0.0,0.0,9912320,0,6,3,1,0,sleeping,197,88,1310720,208896,20246,9691
2025-05-20 03:17:24,15945,2120085504,31252480,0.0,0.09364885264199616,0,12,0.04,0.02,0.0,0.0,0.0,9912320,0,6,3,1,0,sleeping,197,88,1310720,208896,20246,9691
2025-05-20 03:17:25,15945,2120085504,31252480,0.0,0.09364885264199616,0,12,0.04,0.02,0.0,0.0,0.0,9912320,0,6,3,1,0,sleeping,197,88,1310720,208896,20246,9691
2025-05-20 03:17:26,15945,2120085504,31252480,0.0,0.09364885264199616,0,12,0.04,0.02,0.0,0.0,0.0,9912320,0,6,3,1,0,sleeping,197,88,1310720,208896,20246,9691
2025-05-20 03:17:27,15945,2120085504,31252480,0.0,0.09364885264199616,0,12,0.04,0.02,0.0,0.0,0.0,9912320,0,6,3,1,0,sleeping,197,88,1310720,208896,20246,9691
2025-05-20 03:17:28,15945,2120085504,31252480,0.0,0.09364885264199616,0,12,0.04,0.02,0.0,0.0,0.0,9912320,0,6,3,1,0,sleeping,197,88,1310720,208896,20246,9691
2025-05-20 03:17:30,15945,2120085504,31252480,0.0,0.09364885264199616,0,12,0.04,0.02,0.0,0.0,0.0,9912320,0,6,3,1,0,sleeping,197,88,1310720,208896,20246,9691
2025-05-20 03:17:31,15945,2120085504,31252480,0.0,0.09364885264199616,0,12,0.04,0.02,0.0,0.0,0.0,9912320,0,7,4,1,0,sleeping,197,88,1310720,208896,20246,9691
2025-05-20 03:17:32,15945,2120085504,31252480,0.0,0.09364885264199616,0,12,0.04,0.02,0.0,0.0,0.0,9912320,0,7,4,1,0,sleeping,197,88,1310720,208896,20246,9691
2025-05-20 03:17:33,15945,2120085504,31252480,0.0,0.09364885264199616,0,12,0.04,0.02,0.0,0.0,0.0,9912320,0,7,4,1,0,sleeping,197,88,1310720,208896,20246,9691
2025-05-20 03:17:34,15945,2120085504,31252480,0.0,0.09364885264199616,0,12,0.04,0.02,0.0,0.0,0.0,9912320,0,7,4,1,0,sleeping,197,88,1310720,208896,20246,9691
2025-05-20 03:17:35,15945,2120085504,31252480,0.0,0.09364885264199616,0,12,0.04,0.02,0.0,0.0,0.0,9912320,0,7,4,1,0,sleeping,197,88,1310720,208896,20246,9691
2025-05-20 03:17:36,15945,2120085504,31252480,0.0,0.09364885264199616,0,12,0.04,0.02,0.0,0.0,0.0,9912320,0,7,4,1,0,sleeping,197,88,1310720,208896,20246,9691
2025-05-20 03:17:37,15945,2120085504,31252480,0.0,0.09364885264199616,0,12,0.04,0.02,0.0,0.0,0.0,9912320,0,7,4,1,0,sleeping,197,88,1310720,208896,20246,9691
2025-05-20 03:17:38,15945,2120085504,31252480,0.0,0.09364885264199616,0,12,0.04,0.02,0.0,0.0,0.0,9912320,0,7,4,1,0,sleeping,197,88,1310720,208896,20246,9691
2025-05-20 03:17:39,15945,2120085504,31252480,0.0,0.09364885264199616,0,12,0.04,0.02,0.0,0.0,0.0,9912320,0,7,4,1,0,sleeping,197,88,1310720,208896,20246,9691
2025-05-20 03:17:40,15945,2120085504,31252480,0.0,0.09364885264199616,0,12,0.04,0.02,0.0,0.0,0.0,9912320,0,7,4,1,0,sleeping,197,88,1310720,208896,20246,9691
2025-05-20 03:17:41,15945,2120085504,31252480,0.0,0.09364885264199616,0,12,0.04,0.02,0.0,0.0,0.0,9912320,0,7,4,1,0,sleeping,197,88,1310720,208896,20246,9691
2025-05-20 03:17:43,15945,2120085504,31252480,0.0,0.09364885264199616,0,12,0.04,0.02,0.0,0.0,0.0,9912320,0,7,4,1,0,sleeping,197,88,1310720,208896,20246,9691
2025-05-20 03:17:44,15945,2120085504,31252480,0.0,0.09364885264199616,0,12,0.04,0.02,0.0,0.0,0.0,9912320,0,7,4,1,0,sleeping,197,88,1310720,208896,20246,9691
2025-05-20 03:17:45,15945,2120085504,31252480,0.0,0.09364885264199616,0,12,0.04,0.02,0.0,0.0,0.0,9912320,0,7,4,1,0,sleeping,197,88,1310720,208896,20246,9691
2025-05-20 03:17:46,15945,2120085504,31252480,0.0,0.09364885264199616,0,12,0.04,0.02,0.0,0.0,0.0,9912320,0,7,4,1,0,sleeping,197,88,1310720,208896,20246,9691
2025-05-20 03:17:47,15945,2120085504,31252480,0.0,0.09364885264199616,0,12,0.04,0.02,0.0,0.0,0.0,9912320,0,7,4,1,0,sleeping,197,88,1310720,208896,20246,9691
2025-05-20 03:17:48,15945,2120085504,31252480,0.0,0.09364885264199616,0,12,0.04,0.02,0.0,0.0,0.0,9912320,0,7,4,1,0,sleeping,197,88,1310720,208896,20246,9691
2025-05-20 03:17:49,15945,2120085504,31252480,0.0,0.09364885264199616,0,12,0.04,0.02,0.0,0.0,0.0,9912320,0,7,4,1,0,sleeping,197,88,1310720,208896,20246,9691
2025-05-20 03:17:50,15945,2120085504,31252480,0.0,0.09364885264199616,0,12,0.04,0.02,0.0,0.0,0.0,9912320,0,7,4,1,0,sleeping,197,88,1310720,208896,20246,9691
2025-05-20 03:17:51,15945,2120085504,31252480,0.0,0.09364885264199616,0,12,0.04,0.02,0.0,0.0,0.0,9912320,0,7,4,1,0,sleeping,197,88,1310720,208896,20246,9691
2025-05-20 03:17:52,15945,2120085504,31252480,0.0,0.09364885264199616,0,12,0.04,0.02,0.0,0.0,0.0,9912320,0,7,4,1,0,sleeping,197,88,1310720,208896,20246,9691
2025-05-20 03:17:53,15945,2120085504,31252480,0.0,0.09364885264199616,0,12,0.04,0.02,0.0,0.0,0.0,9912320,0,7,4,1,0,sleeping,197,88,1310720,208896,20246,9691
2025-05-20 03:17:54,15945,2120085504,31252480,0.0,0.09364885264199616,0,12,0.04,0.02,0.0,0.0,0.0,9912320,0,7,4,1,0,sleeping,197,88,1310720,208896,20246,9691
2025-05-20 03:17:56,15945,2120085504,31252480,0.0,0.09364885264199616,0,12,0.04,0.02,0.0,0.0,0.0,9912320,0,7,4,1,0,sleeping,197,88,1310720,208896,20246,9691
2025-05-20 03:17:57,15945,2120085504,31252480,0.0,0.09364885264199616,0,12,0.04,0.02,0.0,0.0,0.0,9912320,0,7,4,1,0,sleeping,197,88,1310720,208896,20246,9691
2025-05-20 03:17:58,15945,2120085504,31252480,0.0,0.09364885264199616,0,12,0.04,0.02,0.0,0.0,0.0,9912320,0,7,4,1,0,sleeping,197,88,1310720,208896,20246,9691
2025-05-20 03:17:59,15945,2120085504,31252480,0.0,0.09364885264199616,0,12,0.04,0.02,0.0,0.0,0.0,9912320,0,7,4,1,0,sleeping,197,88,1310720,208896,20246,9691
2025-05-20 03:18:00,15945,2120085504,31252480,0.0,0.09364885264199616,0,12,0.04,0.02,0.0,0.0,0.0,9912320,0,7,4,1,0,sleeping,197,88,1310720,208896,20246,9691
2025-05-20 03:18:01,15945,2120085504,31252480,0.0,0.09364885264199616,0,12,0.04,0.02,0.0,0.0,0.0,9912320,0,7,4,1,0,sleeping,197,88,1310720,208896,20246,9691
2025-05-20 03:18:02,15945,2120085504,31252480,0.0,0.09364885264199616,0,12,0.04,0.02,0.0,0.0,0.0,9912320,0,7,4,1,0,sleeping,197,88,1310720,208896,20246,9691
2025-05-20 03:18:03,15945,2120085504,31252480,0.0,0.09364885264199616,0,12,0.04,0.02,0.0,0.0,0.0,9912320,0,7,4,1,0,sleeping,197,88,1310720,208896,20246,9691
2025-05-20 03:18:04,15945,2120085504,31252480,0.0,0.09364885264199616,0,12,0.04,0.02,0.0,0.0,0.0,9912320,0,7,4,1,0,sleeping,197,88,1310720,208896,20246,9691
2025-05-20 03:18:05,15945,2120085504,31252480,0.0,0.09364885264199616,0,12,0.04,0.02,0.0,0.0,0.0,9912320,0,7,4,1,0,sleeping,197,88,1310720,208896,20246,9691
2025-05-20 03:18:06,15945,2120085504,31252480,0.0,0.09364885264199616,0,12,0.04,0.02,0.0,0.0,0.0,9912320,0,7,4,1,0,sleeping,197,88,1310720,208896,20246,9691
2025-05-20 03:18:07,15945,2120085504,31252480,0.0,0.09364885264199616,0,12,0.04,0.02,0.0,0.0,0.0,9912320,0,7,4,1,0,sleeping,197,88,1310720,208896,20246,9691
2025-05-20 03:18:09,15945,2120085504,31252480,0.0,0.09364885264199616,0,12,0.04,0.02,0.0,0.0,0.0,9912320,0,7,4,1,0,sleeping,197,88,1310720,208896,20246,9691
2025-05-20 03:18:10,15945,2120085504,31252480,0.0,0.09364885264199616,0,12,0.04,0.02,0.0,0.0,0.0,9912320,0,7,4,1,0,sleeping,197,88,1310720,208896,20246,9691
2025-05-20 03:18:11,15945,2120085504,31252480,0.0,0.09364885264199616,0,12,0.04,0.02,0.0,0.0,0.0,9912320,0,7,4,1,0,sleeping,197,88,1310720,208896,20246,9691
2025-05-20 03:18:12,15945,2120085504,31252480,0.0,0.09364885264199616,0,12,0.04,0.02,0.0,0.0,0.0,9912320,0,7,4,1,0,sleeping,197,88,1310720,208896,20246,9691
2025-05-20 03:18:13,15945,2120085504,31252480,0.0,0.09364885264199616,0,12,0.04,0.02,0.0,0.0,0.0,9912320,0,7,4,1,0,sleeping,197,88,1310720,208896,20246,9691
2025-05-20 03:18:14,15945,2120085504,31252480,0.0,0.09364885264199616,0,12,0.04,0.02,0.0,0.0,0.0,9912320,0,7,4,1,0,sleeping,197,88,1310720,208896,20246,9691
2025-05-20 03:18:15,15945,2120085504,31252480,0.0,0.09364885264199616,0,12,0.04,0.02,0.0,0.0,0.0,9912320,0,7,4,1,0,sleeping,197,88,1310720,208896,20246,9691
2025-05-20 03:18:16,15945,2120085504,31252480,0.0,0.09364885264199616,0,12,0.04,0.02,0.0,0.0,0.0,9912320,0,7,4,1,0,sleeping,197,88,1310720,208896,20246,9691
2025-05-20 03:18:17,15945,2120085504,31252480,0.0,0.09364885264199616,0,12,0.04,0.02,0.0,0.0,0.0,9912320,0,7,4,1,0,sleeping,197,88,1310720,208896,20246,9691
2025-05-20 03:18:18,15945,2120085504,31252480,0.0,0.09364885264199616,0,12,0.04,0.02,0.0,0.0,0.0,9912320,0,7,4,1,0,sleeping,197,88,1310720,208896,20246,9691
2025-05-20 03:18:19,15945,2120085504,31252480,0.0,0.09364885264199616,0,12,0.04,0.02,0.0,0.0,0.0,9912320,0,7,4,1,0,sleeping,197,88,1310720,208896,20246,9691
2025-05-20 03:18:20,15945,2120085504,31252480,0.0,0.09364885264199616,0,12,0.04,0.02,0.0,0.0,0.0,9912320,0,7,4,1,0,sleeping,197,88,1310720,208896,20246,9691
2025-05-20 03:18:22,15945,2120085504,31252480,0.0,0.09364885264199616,0,12,0.04,0.02,0.0,0.0,0.0,9912320,0,7,4,1,0,sleeping,197,88,1310720,208896,20246,9691
2025-05-20 03:18:23,15945,2120085504,31252480,0.0,0.09364885264199616,0,12,0.04,0.02,0.0,0.0,0.0,9912320,0,7,4,1,0,sleeping,197,88,1310720,208896,20246,9691
2025-05-20 03:18:24,15945,2120085504,31252480,0.0,0.09364885264199616,0,12,0.04,0.02,0.0,0.0,0.0,9912320,0,7,4,1,0,sleeping,197,88,1310720,208896,20246,9691
2025-05-20 03:18:25,15945,2120085504,31252480,0.0,0.09364885264199616,0,12,0.04,0.02,0.0,0.0,0.0,9912320,0,7,4,1,0,sleeping,197,88,1310720,208896,20246,9691
2025-05-20 03:18:26,15945,2120085504,31252480,0.0,0.09364885264199616,0,12,0.04,0.02,0.0,0.0,0.0,9912320,0,7,4,1,0,sleeping,197,88,1310720,208896,20246,9691
2025-05-20 03:18:27,15945,2120085504,31252480,0.0,0.09364885264199616,0,12,0.04,0.02,0.0,0.0,0.0,9912320,0,7,4,1,0,sleeping,197,88,1310720,208896,20246,9691
2025-05-20 03:18:28,15945,2120085504,31252480,0.0,0.09364885264199616,0,12,0.04,0.02,0.0,0.0,0.0,9912320,0,7,4,1,0,sleeping,197,88,1310720,208896,20246,9691
2025-05-20 03:18:29,15945,2120085504,31252480,0.0,0.09364885264199616,0,12,0.04,0.02,0.0,0.0,0.0,9912320,0,7,4,1,0,sleeping,197,88,1310720,208896,20246,9691
2025-05-20 03:18:30,15945,2120085504,31252480,0.0,0.09364885264199616,0,12,0.04,0.02,0.0,0.0,0.0,9912320,0,8,4,1,0,sleeping,197,88,1310720,208896,20246,9691
2025-05-20 03:18:31,15945,2120085504,31252480,0.0,0.09364885264199616,0,12,0.04,0.02,0.0,0.0,0.0,9912320,0,8,4,1,0,sleeping,197,88,1310720,208896,20246,9691
2025-05-20 03:18:32,15945,2120085504,31252480,0.0,0.09364885264199616,0,12,0.04,0.02,0.0,0.0,0.0,9912320,0,8,4,1,0,sleeping,197,88,1310720,208896,20246,9691
2025-05-20 03:18:33,15945,2120085504,31252480,0.0,0.09364885264199616,0,12,0.04,0.02,0.0,0.0,0.0,9912320,0,8,4,1,0,sleeping,197,88,1310720,208896,20246,9691
2025-05-20 03:18:35,15945,2120085504,31252480,0.0,0.09364885264199616,0,12,0.04,0.02,0.0,0.0,0.0,9912320,0,8,4,1,0,sleeping,197,88,1310720,208896,20246,9691
2025-05-20 03:18:36,15945,2120085504,31252480,0.0,0.09364885264199616,0,12,0.04,0.02,0.0,0.0,0.0,9912320,0,8,4,1,0,sleeping,197,88,1310720,208896,20246,9691
2025-05-20 03:18:37,15945,2120085504,31252480,0.0,0.09364885264199616,0,12,0.04,0.02,0.0,0.0,0.0,9912320,0,8,4,1,0,sleeping,197,88,1310720,208896,20246,9691
2025-05-20 03:18:38,15945,2120085504,31252480,0.0,0.09364885264199616,0,12,0.04,0.02,0.0,0.0,0.0,9912320,0,8,4,1,0,sleeping,197,88,1310720,208896,20246,9691
2025-05-20 03:18:39,15945,2120085504,31252480,0.0,0.09364885264199616,0,12,0.04,0.02,0.0,0.0,0.0,9912320,0,8,4,1,0,sleeping,197,88,1310720,208896,20246,9691
2025-05-20 03:18:40,15945,2120085504,31252480,0.0,0.09364885264199616,0,12,0.04,0.02,0.0,0.0,0.0,9912320,0,8,4,1,0,sleeping,197,88,1310720,208896,20246,9691
2025-05-20 03:18:41,15945,2120085504,31252480,0.0,0.09364885264199616,0,12,0.04,0.02,0.0,0.0,0.0,9912320,0,8,4,1,0,sleeping,197,88,1310720,208896,20246,9691
2025-05-20 03:18:42,15945,2120085504,31252480,0.0,0.09364885264199616,0,12,0.04,0.02,0.0,0.0,0.0,9912320,0,8,4,1,0,sleeping,197,88,1310720,208896,20246,9691
2025-05-20 03:18:43,15945,2120085504,31252480,0.0,0.09364885264199616,0,12,0.04,0.02,0.0,0.0,0.0,9912320,0,8,4,1,0,sleeping,197,88,1310720,208896,20246,9691
2025-05-20 03:18:44,15945,2120085504,31252480,0.0,0.09364885264199616,0,12,0.04,0.02,0.0,0.0,0.0,9912320,0,8,4,1,0,sleeping,197,88,1310720,208896,20246,9691
2025-05-20 03:18:45,15945,2120085504,31252480,0.0,0.09364885264199616,0,12,0.04,0.02,0.0,0.0,0.0,9912320,0,8,4,1,0,sleeping,197,88,1310720,208896,20246,9691
2025-05-20 03:18:46,15945,2120085504,31252480,0.0,0.09364885264199616,0,12,0.04,0.02,0.0,0.0,0.0,9912320,0,8,4,1,0,sleeping,197,88,1310720,208896,20246,9691
2025-05-20 03:18:48,15945,2120085504,31252480,0.0,0.09364885264199616,0,12,0.04,0.02,0.0,0.0,0.0,9912320,0,8,4,1,0,sleeping,197,88,1310720,208896,20246,9691
2025-05-20 03:18:49,15945,2120085504,31252480,0.0,0.09364885264199616,0,12,0.04,0.02,0.0,0.0,0.0,9912320,0,8,4,1,0,sleeping,197,88,1310720,208896,20246,9691
2025-05-20 03:18:50,15945,2120085504,31252480,0.0,0.09364885264199616,0,12,0.04,0.02,0.0,0.0,0.0,9912320,0,8,4,1,0,sleeping,197,88,1310720,208896,20246,9691
2025-05-20 03:18:51,15945,2120085504,31252480,0.0,0.09364885264199616,0,12,0.04,0.02,0.0,0.0,0.0,9912320,0,8,4,1,0,sleeping,197,88,1310720,208896,20246,9691
2025-05-20 03:18:52,15945,2120085504,31252480,0.0,0.09364885264199616,0,12,0.04,0.02,0.0,0.0,0.0,9912320,0,8,4,1,0,sleeping,197,88,1310720,208896,20246,9691
2025-05-20 03:18:53,15945,2120085504,31252480,0.0,0.09364885264199616,0,12,0.04,0.02,0.0,0.0,0.0,9912320,0,8,4,1,0,sleeping,197,88,1310720,208896,20246,9691
2025-05-20 03:18:54,15945,2120085504,31252480,0.0,0.09364885264199616,0,12,0.04,0.02,0.0,0.0,0.0,9912320,0,8,4,1,0,sleeping,197,88,1310720,208896,20246,9691
2025-05-20 03:18:55,15945,2120085504,31252480,0.0,0.09364885264199616,0,12,0.04,0.02,0.0,0.0,0.0,9912320,0,8,4,1,0,sleeping,197,88,1310720,208896,20246,9691
2025-05-20 03:18:56,15945,2120085504,31252480,0.0,0.09364885264199616,0,12,0.04,0.02,0.0,0.0,0.0,9912320,0,8,4,1,0,sleeping,197,88,1310720,208896,20246,9691
2025-05-20 03:18:57,15945,2120085504,31252480,0.0,0.09364885264199616,0,12,0.04,0.02,0.0,0.0,0.0,9912320,0,8,4,1,0,sleeping,197,88,1310720,208896,20246,9691
2025-05-20 03:18:58,15945,2120085504,31252480,0.0,0.09364885264199616,0,12,0.04,0.02,0.0,0.0,0.0,9912320,0,8,4,1,0,sleeping,197,88,1310720,208896,20246,9691
2025-05-20 03:18:59,15945,2120085504,31252480,0.0,0.09364885264199616,0,12,0.04,0.02,0.0,0.0,0.0,9912320,0,8,4,1,0,sleeping,197,88,1310720,208896,20246,9691
2025-05-20 03:19:01,15945,2120085504,31252480,0.0,0.09364885264199616,0,12,0.04,0.02,0.0,0.0,0.0,9912320,0,8,4,1,0,sleeping,197,88,1310720,208896,20246,9691
2025-05-20 03:19:02,15945,2120085504,31252480,0.0,0.09364885264199616,0,12,0.04,0.02,0.0,0.0,0.0,9912320,0,8,4,1,0,sleeping,197,88,1310720,208896,20246,9691
2025-05-20 03:19:03,15945,2120085504,31252480,0.0,0.09364885264199616,0,12,0.04,0.02,0.0,0.0,0.0,9912320,0,8,4,1,0,sleeping,197,88,1310720,208896,20246,9691
2025-05-20 03:19:04,15945,2120085504,31252480,0.0,0.09364885264199616,0,12,0.04,0.02,0.0,0.0,0.0,9912320,0,8,4,1,0,sleeping,197,88,1310720,208896,20246,9691
2025-05-20 03:19:05,15945,2120085504,31252480,0.0,0.09364885264199616,0,12,0.04,0.02,0.0,0.0,0.0,9912320,0,8,4,1,0,sleeping,197,88,1310720,208896,20246,9691
2025-05-20 03:19:06,15945,2120085504,31252480,0.0,0.09364885264199616,0,12,0.04,0.02,0.0,0.0,0.0,9912320,0,8,4,1,0,sleeping,197,88,1310720,208896,20246,9691
2025-05-20 03:19:07,15945,2120085504,31252480,0.0,0.09364885264199616,0,12,0.04,0.02,0.0,0.0,0.0,9912320,0,8,4,1,0,sleeping,197,88,1310720,208896,20246,9691
2025-05-20 03:19:08,15945,2120085504,31252480,0.0,0.09364885264199616,0,12,0.04,0.02,0.0,0.0,0.0,9912320,0,8,4,1,0,sleeping,197,88,1310720,208896,20246,9691
2025-05-20 03:19:09,15945,2120085504,31252480,0.0,0.09364885264199616,0,12,0.04,0.02,0.0,0.0,0.0,9912320,0,8,4,1,0,sleeping,197,88,1310720,208896,20246,9691
2025-05-20 03:19:10,15945,2120085504,31252480,0.0,0.09364885264199616,0,12,0.04,0.02,0.0,0.0,0.0,9912320,0,8,4,1,0,sleeping,197,88,1310720,208896,20246,9691
2025-05-20 03:19:11,15945,2120085504,31252480,0.0,0.09364885264199616,0,12,0.04,0.02,0.0,0.0,0.0,9912320,0,8,4,1,0,sleeping,197,88,1310720,208896,20246,9691
2025-05-20 03:19:12,15945,2120085504,31252480,0.0,0.09364885264199616,0,12,0.04,0.02,0.0,0.0,0.0,9912320,0,8,4,1,0,sleeping,197,88,1310720,208896,20246,9691
2025-05-20 03:19:14,15945,2120085504,31252480,0.0,0.09364885264199616,0,12,0.04,0.02,0.0,0.0,0.0,9912320,0,8,4,1,0,sleeping,197,88,1310720,208896,20246,9691
2025-05-20 03:19:15,15945,2120085504,31252480,0.0,0.09364885264199616,0,12,0.04,0.02,0.0,0.0,0.0,9912320,0,8,4,1,0,sleeping,197,88,1310720,208896,20246,9691
2025-05-20 03:19:16,15945,2120085504,31252480,0.0,0.09364885264199616,0,12,0.04,0.02,0.0,0.0,0.0,9912320,0,8,4,1,0,sleeping,197,88,1310720,208896,20246,9691
2025-05-20 03:19:17,15945,2120085504,31252480,0.0,0.09364885264199616,0,12,0.04,0.02,0.0,0.0,0.0,9912320,0,8,4,1,0,sleeping,197,88,1310720,208896,20246,9691
2025-05-20 03:19:18,15945,2120085504,31252480,0.0,0.09364885264199616,0,12,0.04,0.02,0.0,0.0,0.0,9912320,0,8,4,1,0,sleeping,197,88,1310720,208896,20246,9691
2025-05-20 03:19:19,15945,2120085504,31252480,0.0,0.09364885264199616,0,12,0.04,0.02,0.0,0.0,0.0,9912320,0,8,4,1,0,sleeping,197,88,1310720,208896,20246,9691
2025-05-20 03:19:20,15945,2120085504,31252480,0.0,0.09364885264199616,0,12,0.04,0.02,0.0,0.0,0.0,9912320,0,8,4,1,0,sleeping,197,88,1310720,208896,20246,9691
2025-05-20 03:19:21,15945,2120085504,31252480,0.0,0.09364885264199616,0,12,0.04,0.02,0.0,0.0,0.0,9912320,0,8,4,1,0,sleeping,197,88,1310720,208896,20246,9691
2025-05-20 03:19:22,15945,2120085504,31252480,0.0,0.09364885264199616,0,12,0.04,0.02,0.0,0.0,0.0,9912320,0,8,4,1,0,sleeping,197,88,1310720,208896,20246,9691
2025-05-20 03:19:23,15945,2120085504,31252480,0.0,0.09364885264199616,0,12,0.04,0.02,0.0,0.0,0.0,9912320,0,8,4,1,0,sleeping,197,88,1310720,208896,20246,9691
2025-05-20 03:19:24,15945,2120085504,31252480,0.0,0.09364885264199616,0,12,0.04,0.02,0.0,0.0,0.0,9912320,0,8,4,1,0,sleeping,197,88,1310720,208896,20246,9691
2025-05-20 03:19:25,15945,2120085504,31252480,0.0,0.09364885264199616,0,12,0.04,0.02,0.0,0.0,0.0,9912320,0,8,4,1,0,sleeping,197,88,1310720,208896,20246,9691
2025-05-20 03:19:27,15945,2120085504,31252480,0.0,0.09364885264199616,0,12,0.04,0.02,0.0,0.0,0.0,9912320,0,8,4,1,0,sleeping,197,88,1310720,208896,20246,9691
2025-05-20 03:19:28,15945,2120085504,31252480,0.0,0.09364885264199616,0,12,0.04,0.02,0.0,0.0,0.0,9912320,0,8,4,1,0,sleeping,197,88,1310720,208896,20246,9691
2025-05-20 03:19:29,15945,2120085504,31252480,0.0,0.09364885264199616,0,12,0.04,0.02,0.0,0.0,0.0,9912320,0,8,4,1,0,sleeping,197,88,1310720,208896,20246,9691
2025-05-20 03:19:30,15945,2120085504,31252480,0.0,0.09364885264199616,0,12,0.04,0.02,0.0,0.0,0.0,9912320,0,8,4,1,0,sleeping,197,88,1310720,208896,20246,9691
2025-05-20 03:19:31,15945,2120085504,31252480,0.0,0.09364885264199616,0,12,0.04,0.02,0.0,0.0,0.0,9912320,0,8,4,1,0,sleeping,197,88,1310720,208896,20246,9691
2025-05-20 03:19:32,15945,2120085504,31252480,0.0,0.09364885264199616,0,12,0.04,0.02,0.0,0.0,0.0,9912320,0,8,4,1,0,sleeping,197,88,1310720,208896,20246,9691
2025-05-20 03:19:33,15945,2120085504,31252480,0.0,0.09364885264199616,0,12,0.04,0.02,0.0,0.0,0.0,9912320,0,8,4,1,0,sleeping,197,88,1310720,208896,20246,9691
2025-05-20 03:19:34,15945,2120085504,31252480,0.0,0.09364885264199616,0,12,0.04,0.02,0.0,0.0,0.0,9912320,0,8,4,1,0,sleeping,197,88,1310720,208896,20246,9691
2025-05-20 03:19:35,15945,2120085504,31252480,0.0,0.09364885264199616,0,12,0.04,0.02,0.0,0.0,0.0,9912320,0,8,4,1,0,sleeping,197,88,1310720,208896,20246,9691
2025-05-20 03:19:36,15945,2120085504,31252480,0.0,0.09364885264199616,0,12,0.04,0.02,0.0,0.0,0.0,9912320,0,8,4,1,0,sleeping,197,88,1310720,208896,20246,9691
2025-05-20 03:19:37,15945,2120085504,31252480,0.0,0.09364885264199616,0,12,0.04,0.02,0.0,0.0,0.0,9912320,0,8,4,1,0,sleeping,197,88,1310720,208896,20246,9691
2025-05-20 03:19:38,15945,2120085504,31252480,0.0,0.09364885264199616,0,12,0.04,0.02,0.0,0.0,0.0,9912320,0,8,4,1,0,sleeping,197,88,1310720,208896,20246,9691
2025-05-20 03:19:40,15945,2120085504,31252480,0.0,0.09364885264199616,0,12,0.04,0.02,0.0,0.0,0.0,9912320,0,8,4,1,0,sleeping,197,88,1310720,208896,20246,9691
2025-05-20 03:19:41,15945,2120085504,31252480,0.0,0.09364885264199616,0,12,0.04,0.02,0.0,0.0,0.0,9912320,0,8,4,1,0,sleeping,197,88,1310720,208896,20246,9691
2025-05-20 03:19:42,15945,2120085504,31252480,0.0,0.09364885264199616,0,12,0.04,0.02,0.0,0.0,0.0,9912320,0,8,4,1,0,sleeping,197,88,1310720,208896,20246,9691
2025-05-20 03:19:43,15945,2120085504,31252480,0.0,0.09364885264199616,0,12,0.04,0.02,0.0,0.0,0.0,9912320,0,8,4,1,0,sleeping,197,88,1310720,208896,20246,9691
2025-05-20 03:19:44,15945,2120085504,31252480,0.0,0.09364885264199616,0,12,0.04,0.02,0.0,0.0,0.0,9912320,0,8,4,1,0,sleeping,197,88,1310720,208896,20246,9691
2025-05-20 03:19:45,15945,2120085504,31252480,0.0,0.09364885264199616,0,12,0.04,0.02,0.0,0.0,0.0,9912320,0,8,4,1,0,sleeping,197,88,1310720,208896,20246,9691
2025-05-20 03:19:46,15945,2120085504,31252480,0.0,0.09364885264199616,0,12,0.04,0.02,0.0,0.0,0.0,9912320,0,8,4,1,0,sleeping,197,88,1310720,208896,20246,9691
2025-05-20 03:19:47,15945,2120085504,31252480,0.0,0.09364885264199616,0,12,0.04,0.02,0.0,0.0,0.0,9912320,0,8,4,1,0,sleeping,197,88,1310720,208896,20246,9691
2025-05-20 03:19:48,15945,2120085504,31252480,0.0,0.09364885264199616,0,12,0.04,0.02,0.0,0.0,0.0,9912320,0,8,4,1,0,sleeping,197,88,1310720,208896,20246,9691
2025-05-20 03:19:49,15945,2120085504,31252480,0.0,0.09364885264199616,0,12,0.04,0.02,0.0,0.0,0.0,9912320,0,8,4,1,0,sleeping,197,88,1310720,208896,20246,9691
2025-05-20 03:19:50,15945,2120085504,31252480,0.0,0.09364885264199616,0,12,0.04,0.02,0.0,0.0,0.0,9912320,0,8,4,1,0,sleeping,197,88,1310720,208896,20246,9691
2025-05-20 03:19:51,15945,2120085504,31252480,0.0,0.09364885264199616,0,12,0.04,0.02,0.0,0.0,0.0,9912320,0,8,4,1,0,sleeping,197,88,1310720,208896,20246,9691
2025-05-20 03:19:53,15945,2120085504,31252480,0.0,0.09364885264199616,0,12,0.04,0.02,0.0,0.0,0.0,9912320,0,8,4,1,0,sleeping,197,88,1310720,208896,20246,9691
2025-05-20 03:19:54,15945,2120085504,31252480,0.0,0.09364885264199616,0,12,0.04,0.02,0.0,0.0,0.0,9912320,0,8,4,1,0,sleeping,197,88,1310720,208896,20246,9691
2025-05-20 03:19:55,15945,2120085504,31252480,0.0,0.09364885264199616,0,12,0.04,0.02,0.0,0.0,0.0,9912320,0,8,4,1,0,sleeping,197,88,1310720,208896,20246,9691
2025-05-20 03:19:56,15945,2120085504,31252480,0.0,0.09364885264199616,0,12,0.04,0.02,0.0,0.0,0.0,9912320,0,8,4,1,0,sleeping,197,88,1310720,208896,20246,9691
2025-05-20 03:19:57,15945,2120085504,31252480,0.0,0.09364885264199616,0,12,0.04,0.02,0.0,0.0,0.0,9912320,0,8,4,1,0,sleeping,197,88,1310720,208896,20246,9691
2025-05-20 03:19:58,15945,2120085504,31252480,0.0,0.09364885264199616,0,12,0.04,0.02,0.0,0.0,0.0,9912320,0,8,4,1,0,sleeping,197,88,1310720,208896,20246,9691
2025-05-20 03:19:59,15945,2120085504,31252480,0.0,0.09364885264199616,0,12,0.04,0.02,0.0,0.0,0.0,9912320,0,8,4,1,0,sleeping,197,88,1310720,208896,20246,9691
2025-05-20 03:20:00,15945,2120085504,31252480,0.0,0.09364885264199616,0,12,0.04,0.02,0.0,0.0,0.0,9912320,0,8,4,1,0,sleeping,197,88,1310720,208896,20246,9691
2025-05-20 03:20:01,15945,2120085504,31252480,0.0,0.09364885264199616,0,12,0.04,0.02,0.0,0.0,0.0,9912320,0,8,4,1,0,sleeping,197,88,1310720,208896,20246,9691
2025-05-20 03:20:02,15945,2120085504,31252480,0.0,0.09364885264199616,0,12,0.04,0.02,0.0,0.0,0.0,9912320,0,8,4,1,0,sleeping,197,88,1310720,208896,20246,9691
2025-05-20 03:20:03,15945,2120085504,31252480,0.0,0.09364885264199616,0,12,0.04,0.02,0.0,0.0,0.0,9912320,0,8,4,1,0,sleeping,197,88,1310720,208896,20246,9691
2025-05-20 03:20:04,15945,2120085504,31252480,0.0,0.09364885264199616,0,12,0.04,0.02,0.0,0.0,0.0,9912320,0,8,4,1,0,sleeping,197,88,1310720,208896,20246,9691
2025-05-20 03:20:06,15945,2120085504,31252480,0.0,0.09364885264199616,0,12,0.04,0.02,0.0,0.0,0.0,9912320,0,8,4,1,0,sleeping,197,88,1310720,208896,20246,9691
2025-05-20 03:20:07,15945,2120085504,31252480,0.0,0.09364885264199616,0,12,0.04,0.02,0.0,0.0,0.0,9912320,0,8,4,1,0,sleeping,197,88,1310720,208896,20246,9691
2025-05-20 03:20:08,15945,2120085504,31252480,0.0,0.09364885264199616,0,12,0.04,0.02,0.0,0.0,0.0,9912320,0,8,4,1,0,sleeping,197,88,1310720,208896,20246,9691
2025-05-20 03:20:09,15945,2120085504,31252480,0.0,0.09364885264199616,0,12,0.04,0.02,0.0,0.0,0.0,9912320,0,8,4,1,0,sleeping,197,88,1310720,208896,20246,9691
2025-05-20 03:20:10,15945,2120085504,31252480,0.0,0.09364885264199616,0,12,0.04,0.02,0.0,0.0,0.0,9912320,0,8,4,1,0,sleeping,197,88,1310720,208896,20246,9691
2025-05-20 03:20:11,15945,2120085504,31252480,0.0,0.09364885264199616,0,12,0.04,0.02,0.0,0.0,0.0,9912320,0,8,4,1,0,sleeping,197,88,1310720,208896,20246,9691
2025-05-20 03:20:12,15945,2120085504,31252480,0.0,0.09364885264199616,0,12,0.04,0.02,0.0,0.0,0.0,9912320,0,8,4,1,0,sleeping,197,88,1310720,208896,20246,9691
2025-05-20 03:20:13,15945,2120085504,31252480,0.0,0.09364885264199616,0,12,0.04,0.02,0.0,0.0,0.0,9912320,0,8,4,1,0,sleeping,197,88,1310720,208896,20246,9691
2025-05-20 03:20:14,15945,2120085504,31252480,0.0,0.09364885264199616,0,12,0.04,0.02,0.0,0.0,0.0,9912320,0,8,4,1,0,sleeping,197,88,1310720,208896,20246,9691
2025-05-20 03:20:15,15945,2120085504,31252480,0.0,0.09364885264199616,0,12,0.04,0.02,0.0,0.0,0.0,9912320,0,8,4,1,0,sleeping,197,88,1310720,208896,20246,9691
2025-05-20 03:20:16,15945,2120085504,31252480,0.0,0.09364885264199616,0,12,0.04,0.02,0.0,0.0,0.0,9912320,0,8,4,1,0,sleeping,197,88,1310720,208896,20246,9691
2025-05-20 03:20:17,15945,2120085504,31252480,0.0,0.09364885264199616,0,12,0.04,0.02,0.0,0.0,0.0,9912320,0,8,4,1,0,sleeping,197,88,1310720,208896,20246,9691
2025-05-20 03:20:19,15945,2120085504,31252480,0.0,0.09364885264199616,0,12,0.04,0.02,0.0,0.0,0.0,9912320,0,8,4,1,0,sleeping,197,88,1310720,208896,20246,9691
2025-05-20 03:20:20,15945,2120085504,31252480,0.0,0.09364885264199616,0,12,0.04,0.02,0.0,0.0,0.0,9912320,0,8,4,1,0,sleeping,197,88,1310720,208896,20246,9691
2025-05-20 03:20:21,15945,2120085504,31252480,0.0,0.09364885264199616,0,12,0.04,0.02,0.0,0.0,0.0,9912320,0,8,4,1,0,sleeping,197,88,1310720,208896,20246,9691
2025-05-20 03:20:22,15945,2120085504,31252480,0.0,0.09364885264199616,0,12,0.04,0.02,0.0,0.0,0.0,9912320,0,8,4,1,0,sleeping,197,88,1310720,208896,20246,9691
2025-05-20 03:20:23,15945,2120085504,31252480,0.0,0.09364885264199616,0,12,0.04,0.02,0.0,0.0,0.0,9912320,0,8,4,1,0,sleeping,197,88,1310720,208896,20246,9691
2025-05-20 03:20:24,15945,2120085504,31252480,0.0,0.09364885264199616,0,12,0.04,0.02,0.0,0.0,0.0,9912320,0,8,4,1,0,sleeping,197,88,1310720,208896,20246,9691
2025-05-20 03:20:25,15945,2120085504,31252480,0.0,0.09364885264199616,0,12,0.04,0.02,0.0,0.0,0.0,9912320,0,8,4,1,0,sleeping,197,88,1310720,208896,20246,9691
2025-05-20 03:20:26,15945,2120085504,31252480,0.0,0.09364885264199616,0,12,0.04,0.02,0.0,0.0,0.0,9912320,0,8,4,1,0,sleeping,197,88,1310720,208896,20246,9691
2025-05-20 03:20:27,15945,2120085504,31252480,0.0,0.09364885264199616,0,12,0.04,0.02,0.0,0.0,0.0,9912320,0,8,4,1,0,sleeping,197,88,1310720,208896,20246,9691
2025-05-20 03:20:28,15945,2120085504,31252480,0.0,0.09364885264199616,0,12,0.04,0.02,0.0,0.0,0.0,9912320,0,8,4,1,0,sleeping,197,88,1310720,208896,20246,9691
2025-05-20 03:20:29,15945,2120085504,31252480,0.0,0.09364885264199616,0,12,0.04,0.02,0.0,0.0,0.0,9912320,0,8,4,1,0,sleeping,197,88,1310720,208896,20246,9691
2025-05-20 03:20:30,15945,2120085504,31252480,0.0,0.09364885264199616,0,12,0.04,0.02,0.0,0.0,0.0,9912320,0,7,4,1,0,sleeping,197,88,1310720,208896,20246,9691
2025-05-20 03:20:32,15945,2120085504,31252480,0.0,0.09364885264199616,0,12,0.04,0.02,0.0,0.0,0.0,9912320,0,7,4,1,0,sleeping,197,88,1310720,208896,20246,9691
2025-05-20 03:20:33,15945,2120085504,31252480,0.0,0.09364885264199616,0,12,0.04,0.02,0.0,0.0,0.0,9912320,0,7,4,1,0,sleeping,197,88,1310720,208896,20246,9691
2025-05-20 03:20:34,15945,2120085504,31252480,0.0,0.09364885264199616,0,12,0.04,0.02,0.0,0.0,0.0,9912320,0,7,4,1,0,sleeping,197,88,1310720,208896,20246,9691
2025-05-20 03:20:35,15945,2120085504,31252480,0.0,0.09364885264199616,0,12,0.04,0.02,0.0,0.0,0.0,9912320,0,7,4,1,0,sleeping,197,88,1310720,208896,20246,9691
2025-05-20 03:20:36,15945,2120085504,31252480,0.0,0.09364885264199616,0,12,0.04,0.02,0.0,0.0,0.0,9912320,0,7,4,1,0,sleeping,197,88,1310720,208896,20246,9691
2025-05-20 03:20:37,15945,2120085504,31252480,0.0,0.09364885264199616,0,12,0.04,0.02,0.0,0.0,0.0,9912320,0,7,4,1,0,sleeping,197,88,1310720,208896,20246,9691
2025-05-20 03:20:38,15945,2120085504,31252480,0.0,0.09364885264199616,0,12,0.04,0.02,0.0,0.0,0.0,9912320,0,7,4,1,0,sleeping,197,88,1310720,208896,20246,9691
2025-05-20 03:20:39,15945,2120085504,31252480,0.0,0.09364885264199616,0,12,0.04,0.02,0.0,0.0,0.0,9912320,0,7,4,1,0,sleeping,197,88,1310720,208896,20246,9691
2025-05-20 03:20:40,15945,2120085504,31252480,0.0,0.09364885264199616,0,12,0.04,0.02,0.0,0.0,0.0,9912320,0,7,4,1,0,sleeping,197,88,1310720,208896,20246,9691
2025-05-20 03:20:41,15945,2120085504,31252480,0.0,0.09364885264199616,0,12,0.04,0.02,0.0,0.0,0.0,9912320,0,7,4,1,0,sleeping,197,88,1310720,208896,20246,9691
2025-05-20 03:20:42,15945,2120085504,31252480,0.0,0.09364885264199616,0,12,0.04,0.02,0.0,0.0,0.0,9912320,0,7,4,1,0,sleeping,197,88,1310720,208896,20246,9691
2025-05-20 03:20:43,15945,2120085504,31252480,0.0,0.09364885264199616,0,12,0.04,0.02,0.0,0.0,0.0,9912320,0,7,4,1,0,sleeping,197,88,1310720,208896,20246,9691
2025-05-20 03:20:45,15945,2120085504,31252480,0.0,0.09364885264199616,0,12,0.04,0.02,0.0,0.0,0.0,9912320,0,7,4,1,0,sleeping,197,88,1310720,208896,20246,9691
2025-05-20 03:20:46,15945,2120085504,31252480,0.0,0.09364885264199616,0,12,0.04,0.02,0.0,0.0,0.0,9912320,0,7,4,1,0,sleeping,197,88,1310720,208896,20246,9691
2025-05-20 03:20:47,15945,2120085504,31252480,0.0,0.09364885264199616,0,12,0.04,0.02,0.0,0.0,0.0,9912320,0,7,4,1,0,sleeping,197,88,1310720,208896,20246,9691
2025-05-20 03:20:48,15945,2120085504,31252480,0.0,0.09364885264199616,0,12,0.04,0.02,0.0,0.0,0.0,9912320,0,7,4,1,0,sleeping,197,88,1310720,208896,20246,9691
2025-05-20 03:20:49,15945,2120085504,31252480,0.0,0.09364885264199616,0,12,0.04,0.02,0.0,0.0,0.0,9912320,0,7,4,1,0,sleeping,197,88,1310720,208896,20246,9691
2025-05-20 03:20:50,15945,2120085504,31252480,0.0,0.09364885264199616,0,12,0.04,0.02,0.0,0.0,0.0,9912320,0,7,4,1,0,sleeping,197,88,1310720,208896,20246,9691
2025-05-20 03:20:51,15945,2120085504,31252480,0.0,0.09364885264199616,0,12,0.04,0.02,0.0,0.0,0.0,9912320,0,7,4,1,0,sleeping,197,88,1310720,208896,20246,9691
2025-05-20 03:20:52,15945,2120085504,31252480,0.0,0.09364885264199616,0,12,0.04,0.02,0.0,0.0,0.0,9912320,0,7,4,1,0,sleeping,197,88,1310720,208896,20246,9691
2025-05-20 03:20:53,15945,2120085504,31252480,0.0,0.09364885264199616,0,12,0.04,0.02,0.0,0.0,0.0,9912320,0,7,4,1,0,sleeping,197,88,1310720,208896,20246,9691
2025-05-20 03:20:54,15945,2120085504,31252480,0.0,0.09364885264199616,0,12,0.04,0.02,0.0,0.0,0.0,9912320,0,7,4,1,0,sleeping,197,88,1310720,208896,20246,9691
2025-05-20 03:20:55,15945,2120085504,31252480,0.0,0.09364885264199616,0,12,0.04,0.02,0.0,0.0,0.0,9912320,0,7,4,1,0,sleeping,197,88,1310720,208896,20246,9691
2025-05-20 03:20:56,15945,2120085504,31252480,0.0,0.09364885264199616,0,12,0.04,0.02,0.0,0.0,0.0,9912320,0,7,4,1,0,sleeping,197,88,1310720,208896,20246,9691
2025-05-20 03:20:58,15945,2120085504,31252480,0.0,0.09364885264199616,0,12,0.04,0.02,0.0,0.0,0.0,9912320,0,7,4,1,0,sleeping,197,88,1310720,208896,20246,9691
2025-05-20 03:20:59,15945,2120085504,31252480,0.0,0.09364885264199616,0,12,0.04,0.02,0.0,0.0,0.0,9912320,0,7,4,1,0,sleeping,197,88,1310720,208896,20246,9691
2025-05-20 03:21:00,15945,2120085504,31252480,0.0,0.09364885264199616,0,12,0.04,0.02,0.0,0.0,0.0,9912320,0,7,4,1,0,sleeping,197,88,1310720,208896,20246,9691
2025-05-20 03:21:01,15945,2120085504,31252480,0.0,0.09364885264199616,0,12,0.04,0.02,0.0,0.0,0.0,9912320,0,7,4,1,0,sleeping,197,88,1310720,208896,20246,9691
2025-05-20 03:21:02,15945,2120085504,31252480,0.0,0.09364885264199616,0,12,0.04,0.02,0.0,0.0,0.0,9912320,0,7,4,1,0,sleeping,197,88,1310720,208896,20246,9691
2025-05-20 03:21:03,15945,2120085504,31252480,0.0,0.09364885264199616,0,12,0.04,0.02,0.0,0.0,0.0,9912320,0,7,4,1,0,sleeping,197,88,1310720,208896,20246,9691
2025-05-20 03:21:04,15945,2120085504,31252480,0.0,0.09364885264199616,0,12,0.04,0.02,0.0,0.0,0.0,9912320,0,7,4,1,0,sleeping,197,88,1310720,208896,20246,9691
2025-05-20 03:21:05,15945,2120085504,31252480,0.0,0.09364885264199616,0,12,0.04,0.02,0.0,0.0,0.0,9912320,0,7,4,1,0,sleeping,197,88,1310720,208896,20246,9691
2025-05-20 03:21:06,15945,2120085504,31252480,0.0,0.09364885264199616,0,12,0.04,0.02,0.0,0.0,0.0,9912320,0,7,4,1,0,sleeping,197,88,1310720,208896,20246,9691
2025-05-20 03:21:07,15945,2120085504,31252480,0.0,0.09364885264199616,0,12,0.04,0.02,0.0,0.0,0.0,9912320,0,7,4,1,0,sleeping,197,88,1310720,208896,20246,9691
2025-05-20 03:21:08,15945,2120085504,31252480,0.0,0.09364885264199616,0,12,0.04,0.02,0.0,0.0,0.0,9912320,0,7,4,1,0,sleeping,197,88,1310720,208896,20246,9691
2025-05-20 03:21:09,15945,2120085504,31252480,0.0,0.09364885264199616,0,12,0.04,0.02,0.0,0.0,0.0,9912320,0,7,4,1,0,sleeping,197,88,1310720,208896,20246,9691
2025-05-20 03:21:11,15945,2120085504,31252480,0.0,0.09364885264199616,0,12,0.04,0.02,0.0,0.0,0.0,9912320,0,7,4,1,0,sleeping,197,88,1310720,208896,20246,9691
2025-05-20 03:21:12,15945,2120085504,31252480,0.0,0.09364885264199616,0,12,0.04,0.02,0.0,0.0,0.0,9912320,0,7,4,1,0,sleeping,197,88,1310720,208896,20246,9691
2025-05-20 03:21:13,15945,2120085504,31252480,0.0,0.09364885264199616,0,12,0.04,0.02,0.0,0.0,0.0,9912320,0,7,4,1,0,sleeping,197,88,1310720,208896,20246,9691
2025-05-20 03:21:14,15945,2120085504,31252480,0.0,0.09364885264199616,0,12,0.04,0.02,0.0,0.0,0.0,9912320,0,7,4,1,0,sleeping,197,88,1310720,208896,20246,9691
2025-05-20 03:21:15,15945,2120085504,31252480,0.0,0.09364885264199616,0,12,0.04,0.02,0.0,0.0,0.0,9912320,0,7,4,1,0,sleeping,197,88,1310720,208896,20246,9691
2025-05-20 03:21:16,15945,2120085504,31252480,0.0,0.09364885264199616,0,12,0.04,0.02,0.0,0.0,0.0,9912320,0,7,4,1,0,sleeping,197,88,1310720,208896,20246,9691
2025-05-20 03:21:17,15945,2120085504,31252480,0.0,0.09364885264199616,0,12,0.04,0.02,0.0,0.0,0.0,9912320,0,7,4,1,0,sleeping,197,88,1310720,208896,20246,9691
2025-05-20 03:21:18,15945,2120085504,31252480,0.0,0.09364885264199616,0,12,0.04,0.02,0.0,0.0,0.0,9912320,0,7,4,1,0,sleeping,197,88,1310720,208896,20246,9691
2025-05-20 03:21:19,15945,2120085504,31252480,0.0,0.09364885264199616,0,12,0.04,0.02,0.0,0.0,0.0,9912320,0,7,4,1,0,sleeping,197,88,1310720,208896,20246,9691
2025-05-20 03:21:20,15945,2120085504,31252480,0.0,0.09364885264199616,0,12,0.04,0.02,0.0,0.0,0.0,9912320,0,7,4,1,0,sleeping,197,88,1310720,208896,20246,9691
2025-05-20 03:21:21,15945,2120085504,31252480,0.0,0.09364885264199616,0,12,0.04,0.02,0.0,0.0,0.0,9912320,0,7,4,1,0,sleeping,197,88,1310720,208896,20246,9691
2025-05-20 03:21:22,15945,2120085504,31252480,0.0,0.09364885264199616,0,12,0.04,0.02,0.0,0.0,0.0,9912320,0,7,4,1,0,sleeping,197,88,1310720,208896,20246,9691
2025-05-20 03:21:24,15945,2120085504,31252480,0.0,0.09364885264199616,0,12,0.04,0.02,0.0,0.0,0.0,9912320,0,7,4,1,0,sleeping,197,88,1310720,208896,20246,9691
2025-05-20 03:21:25,15945,2120085504,31252480,0.0,0.09364885264199616,0,12,0.04,0.02,0.0,0.0,0.0,9912320,0,7,4,1,0,sleeping,197,88,1310720,208896,20246,9691
2025-05-20 03:21:26,15945,2120085504,31252480,0.0,0.09364885264199616,0,12,0.04,0.02,0.0,0.0,0.0,9912320,0,7,4,1,0,sleeping,197,88,1310720,208896,20246,9691
2025-05-20 03:21:27,15945,2120085504,31252480,0.0,0.09364885264199616,0,12,0.04,0.02,0.0,0.0,0.0,9912320,0,7,4,1,0,sleeping,197,88,1310720,208896,20246,9691
2025-05-20 03:21:28,15945,2120085504,31252480,0.0,0.09364885264199616,0,12,0.04,0.02,0.0,0.0,0.0,9912320,0,7,4,1,0,sleeping,197,88,1310720,208896,20246,9691
2025-05-20 03:21:29,15945,2120085504,31252480,0.0,0.09364885264199616,0,12,0.04,0.02,0.0,0.0,0.0,9912320,0,7,4,1,0,sleeping,197,88,1310720,208896,20246,9691
2025-05-20 03:21:30,15945,2120085504,31252480,0.0,0.09364885264199616,0,12,0.04,0.02,0.0,0.0,0.0,9912320,0,7,4,1,0,sleeping,197,88,1310720,208896,20246,9691
2025-05-20 03:21:31,15945,2120085504,31252480,0.0,0.09364885264199616,0,12,0.04,0.02,0.0,0.0,0.0,9912320,0,7,4,1,0,sleeping,197,88,1310720,208896,20246,9691
2025-05-20 03:21:32,15945,2120085504,31252480,0.0,0.09364885264199616,0,12,0.04,0.02,0.0,0.0,0.0,9912320,0,7,4,1,0,sleeping,197,88,1310720,208896,20246,9691
2025-05-20 03:21:33,15945,2120085504,31252480,0.0,0.09364885264199616,0,12,0.04,0.02,0.0,0.0,0.0,9912320,0,7,4,1,0,sleeping,197,88,1310720,208896,20246,9691
2025-05-20 03:21:34,15945,2120085504,31252480,0.0,0.09364885264199616,0,12,0.04,0.02,0.0,0.0,0.0,9912320,0,7,4,1,0,sleeping,197,88,1310720,208896,20246,9691
2025-05-20 03:21:35,15945,2120085504,31252480,0.0,0.09364885264199616,0,12,0.04,0.02,0.0,0.0,0.0,9912320,0,7,4,1,0,sleeping,197,88,1310720,208896,20246,9691
2025-05-20 03:21:37,15945,2120085504,31252480,0.0,0.09364885264199616,0,12,0.04,0.02,0.0,0.0,0.0,9912320,0,7,4,1,0,sleeping,197,88,1310720,208896,20246,9691
2025-05-20 03:21:38,15945,2120085504,31252480,0.0,0.09364885264199616,0,12,0.04,0.02,0.0,0.0,0.0,9912320,0,7,4,1,0,sleeping,197,88,1310720,208896,20246,9691
2025-05-20 03:21:39,15945,2120085504,31252480,0.0,0.09364885264199616,0,12,0.04,0.02,0.0,0.0,0.0,9912320,0,7,4,1,0,sleeping,197,88,1310720,208896,20246,9691
2025-05-20 03:21:40,15945,2120085504,31252480,0.0,0.09364885264199616,0,12,0.04,0.02,0.0,0.0,0.0,9912320,0,7,4,1,0,sleeping,197,88,1310720,208896,20246,9691
2025-05-20 03:21:41,15945,2120085504,31252480,0.0,0.09364885264199616,0,12,0.04,0.02,0.0,0.0,0.0,9912320,0,7,4,1,0,sleeping,197,88,1310720,208896,20246,9691
2025-05-20 03:21:42,15945,2120085504,31252480,0.0,0.09364885264199616,0,12,0.04,0.02,0.0,0.0,0.0,9912320,0,7,4,1,0,sleeping,197,88,1310720,208896,20246,9691
2025-05-20 03:21:43,15945,2120085504,31252480,0.0,0.09364885264199616,0,12,0.04,0.02,0.0,0.0,0.0,9912320,0,7,4,1,0,sleeping,197,88,1310720,208896,20246,9691
2025-05-20 03:21:44,15945,2120085504,31252480,0.0,0.09364885264199616,0,12,0.04,0.02,0.0,0.0,0.0,9912320,0,7,4,1,0,sleeping,197,88,1310720,208896,20246,9691
2025-05-20 03:21:45,15945,2120085504,31252480,0.0,0.09364885264199616,0,12,0.04,0.02,0.0,0.0,0.0,9912320,0,7,4,1,0,sleeping,197,88,1310720,208896,20246,9691
2025-05-20 03:21:46,15945,2120085504,31252480,0.0,0.09364885264199616,0,12,0.04,0.02,0.0,0.0,0.0,9912320,0,7,4,1,0,sleeping,197,88,1310720,208896,20246,9691
2025-05-20 03:21:47,15945,2120085504,31252480,0.0,0.09364885264199616,0,12,0.04,0.02,0.0,0.0,0.0,9912320,0,7,4,1,0,sleeping,197,88,1310720,208896,20246,9691
2025-05-20 03:21:48,15945,2120085504,31252480,0.0,0.09364885264199616,0,12,0.04,0.02,0.0,0.0,0.0,9912320,0,7,4,1,0,sleeping,197,88,1310720,208896,20246,9691
2025-05-20 03:21:50,15945,2120085504,31252480,0.0,0.09364885264199616,0,12,0.04,0.02,0.0,0.0,0.0,9912320,0,7,4,1,0,sleeping,197,88,1310720,208896,20246,9691
2025-05-20 03:21:51,15945,2120085504,31252480,0.0,0.09364885264199616,0,12,0.04,0.02,0.0,0.0,0.0,9912320,0,7,4,1,0,sleeping,197,88,1310720,208896,20246,9691
2025-05-20 03:21:52,15945,2120085504,31252480,0.0,0.09364885264199616,0,12,0.04,0.02,0.0,0.0,0.0,9912320,0,7,4,1,0,sleeping,197,88,1310720,208896,20246,9691
2025-05-20 03:21:53,15945,2120085504,31252480,0.0,0.09364885264199616,0,12,0.04,0.02,0.0,0.0,0.0,9912320,0,7,4,1,0,sleeping,197,88,1310720,208896,20246,9691
2025-05-20 03:21:54,15945,2120085504,31252480,0.0,0.09364885264199616,0,12,0.04,0.02,0.0,0.0,0.0,9912320,0,7,4,1,0,sleeping,197,88,1310720,208896,20246,9691
2025-05-20 03:21:55,15945,2120085504,31252480,0.0,0.09364885264199616,0,12,0.04,0.02,0.0,0.0,0.0,9912320,0,7,4,1,0,sleeping,197,88,1310720,208896,20246,9691
2025-05-20 03:21:56,15945,2120085504,31252480,0.0,0.09364885264199616,0,12,0.04,0.02,0.0,0.0,0.0,9912320,0,7,4,1,0,sleeping,197,88,1310720,208896,20246,9691
2025-05-20 03:21:57,15945,2120085504,31252480,0.0,0.09364885264199616,0,12,0.04,0.02,0.0,0.0,0.0,9912320,0,7,4,1,0,sleeping,197,88,1310720,208896,20246,9691
2025-05-20 03:21:58,15945,2120085504,31252480,0.0,0.09364885264199616,0,12,0.04,0.02,0.0,0.0,0.0,9912320,0,7,4,1,0,sleeping,197,88,1310720,208896,20246,9691
2025-05-20 03:21:59,15945,2120085504,31252480,0.0,0.09364885264199616,0,12,0.04,0.02,0.0,0.0,0.0,9912320,0,7,4,1,0,sleeping,197,88,1310720,208896,20246,9691
2025-05-20 03:22:00,15945,2120085504,31252480,0.0,0.09364885264199616,0,12,0.04,0.02,0.0,0.0,0.0,9912320,0,7,4,1,0,sleeping,197,88,1310720,208896,20246,9691
2025-05-20 03:22:01,15945,2120085504,31252480,0.0,0.09364885264199616,0,12,0.04,0.02,0.0,0.0,0.0,9912320,0,7,4,1,0,sleeping,197,88,1310720,208896,20246,9691
2025-05-20 03:22:03,15945,2120085504,31252480,0.0,0.09364885264199616,0,12,0.04,0.02,0.0,0.0,0.0,9912320,0,7,4,1,0,sleeping,197,88,1310720,208896,20246,9691
2025-05-20 03:22:04,15945,2120085504,31252480,0.0,0.09364885264199616,0,12,0.04,0.02,0.0,0.0,0.0,9912320,0,7,4,1,0,sleeping,197,88,1310720,208896,20246,9691
2025-05-20 03:22:05,15945,2120085504,31252480,0.0,0.09364885264199616,0,12,0.04,0.02,0.0,0.0,0.0,9912320,0,7,4,1,0,sleeping,197,88,1310720,208896,20246,9691
2025-05-20 03:22:06,15945,2120085504,31252480,0.0,0.09364885264199616,0,12,0.04,0.02,0.0,0.0,0.0,9912320,0,7,4,1,0,sleeping,197,88,1310720,208896,20246,9691
2025-05-20 03:22:07,15945,2120085504,31252480,0.0,0.09364885264199616,0,12,0.04,0.02,0.0,0.0,0.0,9912320,0,7,4,1,0,sleeping,197,88,1310720,208896,20246,9691
2025-05-20 03:22:08,15945,2120085504,31252480,0.0,0.09364885264199616,0,12,0.04,0.02,0.0,0.0,0.0,9912320,0,7,4,1,0,sleeping,197,88,1310720,208896,20246,9691
2025-05-20 03:22:09,15945,2120085504,31252480,0.0,0.09364885264199616,0,12,0.04,0.02,0.0,0.0,0.0,9912320,0,7,4,1,0,sleeping,197,88,1310720,208896,20246,9691
2025-05-20 03:22:10,15945,2120085504,31252480,0.0,0.09364885264199616,0,12,0.04,0.02,0.0,0.0,0.0,9912320,0,7,4,1,0,sleeping,197,88,1310720,208896,20246,9691
2025-05-20 03:22:11,15945,2120085504,31252480,0.0,0.09364885264199616,0,12,0.04,0.02,0.0,0.0,0.0,9912320,0,7,4,1,0,sleeping,197,88,1310720,208896,20246,9691
2025-05-20 03:22:12,15945,2120085504,31252480,0.0,0.09364885264199616,0,12,0.04,0.02,0.0,0.0,0.0,9912320,0,7,4,1,0,sleeping,197,88,1310720,208896,20246,9691
2025-05-20 03:22:13,15945,2120085504,31252480,0.0,0.09364885264199616,0,12,0.04,0.02,0.0,0.0,0.0,9912320,0,7,4,1,0,sleeping,197,88,1310720,208896,20246,9691
2025-05-20 03:22:14,15945,2120085504,31252480,0.0,0.09364885264199616,0,12,0.04,0.02,0.0,0.0,0.0,9912320,0,7,4,1,0,sleeping,197,88,1310720,208896,20246,9691
2025-05-20 03:22:16,15945,2120085504,31252480,0.0,0.09364885264199616,0,12,0.04,0.02,0.0,0.0,0.0,9912320,0,7,4,1,0,sleeping,197,88,1310720,208896,20246,9691
2025-05-20 03:22:17,15945,2120085504,31252480,0.0,0.09364885264199616,0,12,0.04,0.02,0.0,0.0,0.0,9912320,0,7,4,1,0,sleeping,197,88,1310720,208896,20246,9691
2025-05-20 03:22:18,15945,2120085504,31252480,0.0,0.09364885264199616,0,12,0.04,0.02,0.0,0.0,0.0,9912320,0,7,4,1,0,sleeping,197,88,1310720,208896,20246,9691
2025-05-20 03:22:19,15945,2120085504,31252480,0.0,0.09364885264199616,0,12,0.04,0.02,0.0,0.0,0.0,9912320,0,7,4,1,0,sleeping,197,88,1310720,208896,20246,9691
2025-05-20 03:22:20,15945,2120085504,31252480,0.0,0.09364885264199616,0,12,0.04,0.02,0.0,0.0,0.0,9912320,0,7,4,1,0,sleeping,197,88,1310720,208896,20246,9691
2025-05-20 03:22:21,15945,2120085504,31252480,0.0,0.09364885264199616,0,12,0.04,0.02,0.0,0.0,0.0,9912320,0,7,4,1,0,sleeping,197,88,1310720,208896,20246,9691
2025-05-20 03:22:22,15945,2120085504,31252480,0.0,0.09364885264199616,0,12,0.04,0.02,0.0,0.0,0.0,9912320,0,7,4,1,0,sleeping,197,88,1310720,208896,20246,9691
2025-05-20 03:22:23,15945,2120085504,31252480,0.0,0.09364885264199616,0,12,0.04,0.02,0.0,0.0,0.0,9912320,0,7,4,1,0,sleeping,197,88,1310720,208896,20246,9691
2025-05-20 03:22:24,15945,2120085504,31252480,0.0,0.09364885264199616,0,12,0.04,0.02,0.0,0.0,0.0,9912320,0,7,4,1,0,sleeping,197,88,1310720,208896,20246,9691
2025-05-20 03:22:25,15945,2120085504,31252480,0.0,0.09364885264199616,0,12,0.04,0.02,0.0,0.0,0.0,9912320,0,7,4,1,0,sleeping,197,88,1310720,208896,20246,9691
2025-05-20 03:22:26,15945,2120085504,31252480,0.0,0.09364885264199616,0,12,0.04,0.02,0.0,0.0,0.0,9912320,0,7,4,1,0,sleeping,197,88,1310720,208896,20246,9691
2025-05-20 03:22:27,15945,2120085504,31252480,0.0,0.09364885264199616,0,12,0.04,0.02,0.0,0.0,0.0,9912320,0,7,4,1,0,sleeping,197,88,1310720,208896,20246,9691
2025-05-20 03:22:29,15945,2120085504,31252480,0.0,0.09364885264199616,0,12,0.04,0.02,0.0,0.0,0.0,9912320,0,7,4,1,0,sleeping,197,88,1310720,208896,20246,9691
2025-05-20 03:22:30,15945,2120085504,31252480,0.0,0.09364885264199616,0,12,0.04,0.02,0.0,0.0,0.0,9912320,0,7,4,1,0,sleeping,197,88,1310720,208896,20246,9691
2025-05-20 03:22:31,15945,2120085504,31252480,0.9,0.09364885264199616,0,12,0.05,0.02,0.0,0.0,0.0,9912320,0,7,4,1,0,sleeping,197,88,1310720,208896,20246,9691
2025-05-20 03:22:32,15945,2120085504,31252480,0.0,0.09364885264199616,0,12,0.05,0.02,0.0,0.0,0.0,9912320,0,7,4,1,0,sleeping,197,88,1310720,208896,20246,9691
2025-05-20 03:22:33,15945,2120085504,31252480,0.0,0.09364885264199616,0,12,0.05,0.02,0.0,0.0,0.0,9912320,0,7,4,1,0,sleeping,197,88,1310720,208896,20246,9691
2025-05-20 03:22:34,15945,2120085504,31252480,0.0,0.09364885264199616,0,12,0.05,0.02,0.0,0.0,0.0,9912320,0,7,4,1,0,sleeping,197,88,1310720,208896,20246,9691
2025-05-20 03:22:35,15945,2120085504,31252480,0.0,0.09364885264199616,0,12,0.05,0.02,0.0,0.0,0.0,9912320,0,7,4,1,0,sleeping,197,88,1310720,208896,20246,9691
2025-05-20 03:22:36,15945,2120085504,31252480,0.0,0.09364885264199616,0,12,0.05,0.02,0.0,0.0,0.0,9912320,0,7,4,1,0,sleeping,197,88,1310720,208896,20246,9691
2025-05-20 03:22:37,15945,2120085504,31252480,0.0,0.09364885264199616,0,12,0.05,0.02,0.0,0.0,0.0,9912320,0,7,4,1,0,sleeping,197,88,1310720,208896,20246,9691
2025-05-20 03:22:38,15945,2120085504,31252480,0.0,0.09364885264199616,0,12,0.05,0.02,0.0,0.0,0.0,9912320,0,7,4,1,0,sleeping,197,88,1310720,208896,20246,9691
2025-05-20 03:22:39,15945,2120085504,31252480,0.0,0.09364885264199616,0,12,0.05,0.02,0.0,0.0,0.0,9912320,0,7,4,1,0,sleeping,197,88,1310720,208896,20246,9691
2025-05-20 03:22:40,15945,2120085504,31252480,0.0,0.09364885264199616,0,12,0.05,0.02,0.0,0.0,0.0,9912320,0,7,4,1,0,sleeping,197,88,1310720,208896,20246,9691
2025-05-20 03:22:42,15945,2120085504,31252480,0.0,0.09364885264199616,0,12,0.05,0.02,0.0,0.0,0.0,9912320,0,7,4,1,0,sleeping,197,88,1310720,208896,20246,9691
2025-05-20 03:22:43,15945,2120085504,31252480,0.0,0.09364885264199616,0,12,0.05,0.02,0.0,0.0,0.0,9912320,0,7,4,1,0,sleeping,197,88,1310720,208896,20246,9691
2025-05-20 03:22:44,15945,2120085504,31252480,0.0,0.09364885264199616,0,12,0.05,0.02,0.0,0.0,0.0,9912320,0,7,4,1,0,sleeping,197,88,1310720,208896,20246,9691
2025-05-20 03:22:45,15945,2120085504,31252480,0.0,0.09364885264199616,0,12,0.05,0.02,0.0,0.0,0.0,9912320,0,7,4,1,0,sleeping,197,88,1310720,208896,20246,9691
2025-05-20 03:22:46,15945,2120085504,31252480,0.0,0.09364885264199616,0,12,0.05,0.02,0.0,0.0,0.0,9912320,0,7,4,1,0,sleeping,197,88,1310720,208896,20246,9691
2025-05-20 03:22:47,15945,2120085504,31252480,0.0,0.09364885264199616,0,12,0.05,0.02,0.0,0.0,0.0,9912320,0,7,4,1,0,sleeping,197,88,1310720,208896,20246,9691
2025-05-20 03:22:48,15945,2120085504,31252480,0.0,0.09364885264199616,0,12,0.05,0.02,0.0,0.0,0.0,9912320,0,7,4,1,0,sleeping,197,88,1310720,208896,20246,9691
2025-05-20 03:22:49,15945,2120085504,31252480,0.0,0.09364885264199616,0,12,0.05,0.02,0.0,0.0,0.0,9912320,0,7,4,1,0,sleeping,197,88,1310720,208896,20246,9691
2025-05-20 03:22:50,15945,2120085504,31252480,0.0,0.09364885264199616,0,12,0.05,0.02,0.0,0.0,0.0,9912320,0,7,4,1,0,sleeping,197,88,1310720,208896,20246,9691
2025-05-20 03:22:51,15945,2120085504,31252480,0.0,0.09364885264199616,0,12,0.05,0.02,0.0,0.0,0.0,9912320,0,7,4,1,0,sleeping,197,88,1310720,208896,20246,9691
2025-05-20 03:22:52,15945,2120085504,31252480,0.0,0.09364885264199616,0,12,0.05,0.02,0.0,0.0,0.0,9912320,0,7,4,1,0,sleeping,197,88,1310720,208896,20246,9691
2025-05-20 03:22:53,15945,2120085504,31252480,0.0,0.09364885264199616,0,12,0.05,0.02,0.0,0.0,0.0,9912320,0,7,4,1,0,sleeping,197,88,1310720,208896,20246,9691
2025-05-20 03:22:55,15945,2120085504,31252480,0.0,0.09364885264199616,0,12,0.05,0.02,0.0,0.0,0.0,9912320,0,7,4,1,0,sleeping,197,88,1310720,208896,20246,9691
2025-05-20 03:22:56,15945,2120085504,31252480,0.0,0.09364885264199616,0,12,0.05,0.02,0.0,0.0,0.0,9912320,0,7,4,1,0,sleeping,197,88,1310720,208896,20246,9691
2025-05-20 03:22:57,15945,2120085504,31252480,0.0,0.09364885264199616,0,12,0.05,0.02,0.0,0.0,0.0,9912320,0,7,4,1,0,sleeping,197,88,1310720,208896,20246,9691
2025-05-20 03:22:58,15945,2120085504,31252480,0.0,0.09364885264199616,0,12,0.05,0.02,0.0,0.0,0.0,9912320,0,7,4,1,0,sleeping,197,88,1310720,208896,20246,9691
2025-05-20 03:22:59,15945,2120085504,31252480,0.0,0.09364885264199616,0,12,0.05,0.02,0.0,0.0,0.0,9912320,0,7,4,1,0,sleeping,197,88,1310720,208896,20246,9691
2025-05-20 03:23:00,15945,2120085504,31252480,0.0,0.09364885264199616,0,12,0.05,0.02,0.0,0.0,0.0,9912320,0,7,4,1,0,sleeping,197,88,1310720,208896,20246,9691
2025-05-20 03:23:01,15945,2120085504,31252480,0.0,0.09364885264199616,0,12,0.05,0.02,0.0,0.0,0.0,9912320,0,7,4,1,0,sleeping,197,88,1310720,208896,20246,9691
2025-05-20 03:23:02,15945,2120085504,31252480,0.0,0.09364885264199616,0,12,0.05,0.02,0.0,0.0,0.0,9912320,0,7,4,1,0,sleeping,197,88,1310720,208896,20246,9691
2025-05-20 03:23:03,15945,2120085504,31252480,0.0,0.09364885264199616,0,12,0.05,0.02,0.0,0.0,0.0,9912320,0,7,4,1,0,sleeping,197,88,1310720,208896,20246,9691
2025-05-20 03:23:04,15945,2120085504,31252480,0.0,0.09364885264199616,0,12,0.05,0.02,0.0,0.0,0.0,9912320,0,7,4,1,0,sleeping,197,88,1310720,208896,20246,9691
2025-05-20 03:23:05,15945,2120085504,31252480,0.0,0.09364885264199616,0,12,0.05,0.02,0.0,0.0,0.0,9912320,0,7,4,1,0,sleeping,197,88,1310720,208896,20246,9691
2025-05-20 03:23:06,15945,2120085504,31252480,0.0,0.09364885264199616,0,12,0.05,0.02,0.0,0.0,0.0,9912320,0,7,4,1,0,sleeping,197,88,1310720,208896,20246,9691
2025-05-20 03:23:08,15945,2120085504,31252480,0.0,0.09364885264199616,0,12,0.05,0.02,0.0,0.0,0.0,9912320,0,7,4,1,0,sleeping,197,88,1310720,208896,20246,9691
2025-05-20 03:23:09,15945,2120085504,31252480,0.0,0.09364885264199616,0,12,0.05,0.02,0.0,0.0,0.0,9912320,0,7,4,1,0,sleeping,197,88,1310720,208896,20246,9691
2025-05-20 03:23:10,15945,2120085504,31252480,0.0,0.09364885264199616,0,12,0.05,0.02,0.0,0.0,0.0,9912320,0,7,4,1,0,sleeping,197,88,1310720,208896,20246,9691
2025-05-20 03:23:11,15945,2120085504,31252480,0.0,0.09364885264199616,0,12,0.05,0.02,0.0,0.0,0.0,9912320,0,7,4,1,0,sleeping,197,88,1310720,208896,20246,9691
2025-05-20 03:23:12,15945,2120085504,31252480,0.0,0.09364885264199616,0,12,0.05,0.02,0.0,0.0,0.0,9912320,0,7,4,1,0,sleeping,197,88,1310720,208896,20246,9691
2025-05-20 03:23:13,15945,2120085504,31252480,0.0,0.09364885264199616,0,12,0.05,0.02,0.0,0.0,0.0,9912320,0,7,4,1,0,sleeping,197,88,1310720,208896,20246,9691
2025-05-20 03:23:14,15945,2120085504,31252480,0.0,0.09364885264199616,0,12,0.05,0.02,0.0,0.0,0.0,9912320,0,7,4,1,0,sleeping,197,88,1310720,208896,20246,9691
2025-05-20 03:23:15,15945,2120085504,31252480,0.0,0.09364885264199616,0,12,0.05,0.02,0.0,0.0,0.0,9912320,0,7,4,1,0,sleeping,197,88,1310720,208896,20246,9691
2025-05-20 03:23:16,15945,2120085504,31252480,0.0,0.09364885264199616,0,12,0.05,0.02,0.0,0.0,0.0,9912320,0,7,4,1,0,sleeping,197,88,1310720,208896,20246,9691
2025-05-20 03:23:17,15945,2120085504,31252480,0.0,0.09364885264199616,0,12,0.05,0.02,0.0,0.0,0.0,9912320,0,7,4,1,0,sleeping,197,88,1310720,208896,20246,9691
2025-05-20 03:23:18,15945,2120085504,31252480,0.0,0.09364885264199616,0,12,0.05,0.02,0.0,0.0,0.0,9912320,0,7,4,1,0,sleeping,197,88,1310720,208896,20246,9691
2025-05-20 03:23:19,15945,2120085504,31252480,0.0,0.09364885264199616,0,12,0.05,0.02,0.0,0.0,0.0,9912320,0,7,4,1,0,sleeping,197,88,1310720,208896,20246,9691
2025-05-20 03:23:21,15945,2120085504,31252480,0.0,0.09364885264199616,0,12,0.05,0.02,0.0,0.0,0.0,9912320,0,7,4,1,0,sleeping,197,88,1310720,208896,20246,9691
2025-05-20 03:23:22,15945,2120085504,31252480,0.0,0.09364885264199616,0,12,0.05,0.02,0.0,0.0,0.0,9912320,0,7,4,1,0,sleeping,197,88,1310720,208896,20246,9691
2025-05-20 03:23:23,15945,2120085504,31252480,0.0,0.09364885264199616,0,12,0.05,0.02,0.0,0.0,0.0,9912320,0,7,4,1,0,sleeping,197,88,1310720,208896,20246,9691
2025-05-20 03:23:24,15945,2120085504,31252480,0.0,0.09364885264199616,0,12,0.05,0.02,0.0,0.0,0.0,9912320,0,7,4,1,0,sleeping,197,88,1310720,208896,20246,9691
2025-05-20 03:23:25,15945,2120085504,31252480,0.0,0.09364885264199616,0,12,0.05,0.02,0.0,0.0,0.0,9912320,0,7,4,1,0,sleeping,197,88,1310720,208896,20246,9691
2025-05-20 03:23:26,15945,2120085504,31252480,0.0,0.09364885264199616,0,12,0.05,0.02,0.0,0.0,0.0,9912320,0,7,4,1,0,sleeping,197,88,1310720,208896,20246,9691
2025-05-20 03:23:27,15945,2120085504,31252480,0.0,0.09364885264199616,0,12,0.05,0.02,0.0,0.0,0.0,9912320,0,7,4,1,0,sleeping,197,88,1310720,208896,20246,9691
2025-05-20 03:23:28,15945,2120085504,31252480,0.0,0.09364885264199616,0,12,0.05,0.02,0.0,0.0,0.0,9912320,0,7,4,1,0,sleeping,197,88,1310720,208896,20246,9691
