Time,PID,Virt,Res,CPU,Memory,TCP Connections,Thread Count,User,System,Children_User,Children_System,IO,uss,swap,processor_num,core_num,cpu_num,cpu_ids,process_status,read_count,write_count,read_bytes,write_bytes,read_chars,write_chars
2025-05-20 04:21:23,22588,2119233536,30879744,0.0,0.09253193972057784,0,12,0.0,0.02,0.0,0.0,0.0,10018816,0,8,4,1,0,sleeping,37,6,0,4096,16662,350
2025-05-20 04:21:24,22588,2119233536,30879744,0.0,0.09253193972057784,0,12,0.0,0.02,0.0,0.0,0.0,10022912,0,8,4,1,0,sleeping,39,8,0,4096,18539,410
2025-05-20 04:21:25,22588,2119233536,30879744,0.0,0.09253193972057784,0,12,0.0,0.02,0.0,0.0,0.0,10027008,0,8,4,1,0,sleeping,43,12,0,4096,20436,486
2025-05-20 04:21:26,22588,2119233536,30879744,0.0,0.09253193972057784,0,12,0.0,0.02,0.0,0.0,0.0,10039296,0,8,4,1,0,sleeping,45,14,0,4096,22318,546
2025-05-20 04:21:27,22588,2119233536,30879744,0.0,0.09253193972057784,0,12,0.0,0.02,0.0,0.0,0.0,10043392,0,8,4,1,0,sleeping,48,17,0,4096,24208,614
2025-05-20 04:21:28,22588,2119233536,30879744,0.0,0.09253193972057784,0,12,0.0,0.02,0.0,0.0,0.0,10051584,0,8,4,1,0,sleeping,52,21,0,4096,26107,690
2025-05-20 04:21:29,22588,2119233536,30879744,0.0,0.09253193972057784,0,12,0.0,0.02,0.0,0.0,0.0,10063872,0,8,4,1,0,sleeping,56,26,0,4096,28008,796
2025-05-20 04:21:30,22588,2119233536,30879744,0.0,0.09253193972057784,0,12,0.0,0.02,0.0,0.0,0.0,10084352,0,8,4,1,0,sleeping,59,29,0,4096,29910,864
2025-05-20 04:21:31,22588,2119233536,30879744,0.0,0.09253193972057784,0,12,0.0,0.02,0.0,0.0,0.0,10084352,0,8,4,1,0,sleeping,63,33,0,4096,31820,940
2025-05-20 04:21:33,22588,2119233536,30879744,0.0,0.09253193972057784,0,12,0.0,0.02,0.0,0.0,0.0,10096640,0,8,4,1,0,sleeping,66,36,0,4096,33721,1008
2025-05-20 04:21:34,22588,2119233536,30879744,0.0,0.09253193972057784,0,12,0.0,0.02,0.0,0.0,0.0,10129408,0,8,4,1,0,sleeping,69,39,0,4096,35623,1076
2025-05-20 04:21:35,22588,2119233536,31141888,0.0,0.09331746089608083,0,12,0.0,0.02,0.0,0.0,0.0,10158080,0,8,4,1,0,sleeping,72,42,0,4096,37526,1144
2025-05-20 04:21:36,22588,2119233536,31141888,0.0,0.09331746089608083,0,12,0.0,0.02,0.0,0.0,0.0,10174464,0,8,4,1,0,sleeping,76,46,0,4096,39437,1220
2025-05-20 04:21:37,22588,2119233536,31141888,0.0,0.09331746089608083,0,12,0.0,0.02,0.0,0.0,0.0,10207232,0,7,4,1,0,sleeping,81,50,0,4096,43235,1318
2025-05-20 04:21:38,22588,2119233536,31141888,0.8,0.09331746089608083,0,12,0.0,0.03,0.0,0.0,0.0,10219520,0,7,4,1,0,sleeping,85,54,0,4096,45146,1394
2025-05-20 04:21:39,22588,2119233536,31141888,0.0,0.09331746089608083,0,12,0.0,0.03,0.0,0.0,0.0,10231808,0,7,4,1,0,sleeping,89,59,0,4096,47057,1500
2025-05-20 04:21:41,22588,2119233536,31141888,0.0,0.09331746089608083,0,12,0.0,0.03,0.0,0.0,0.0,10240000,0,8,4,1,0,sleeping,93,63,0,4096,48968,1576
2025-05-20 04:21:42,22588,2119233536,31141888,0.0,0.09331746089608083,0,12,0.0,0.03,0.0,0.0,0.0,10248192,0,8,4,1,0,sleeping,100,69,0,4096,52782,1690
2025-05-20 04:21:43,22588,2119233536,31141888,0.0,0.09331746089608083,0,12,0.0,0.03,0.0,0.0,0.0,10260480,0,8,4,1,0,sleeping,103,72,0,4096,54685,1758
2025-05-20 04:21:44,22588,2119233536,31141888,0.0,0.09331746089608083,0,12,0.0,0.03,0.0,0.0,0.0,10264576,0,8,4,1,0,sleeping,106,75,0,4096,56587,1826
2025-05-20 04:21:45,22588,2119233536,31141888,0.0,0.09331746089608083,0,12,0.0,0.03,0.0,0.0,0.0,10276864,0,8,4,1,0,sleeping,110,79,0,4096,58497,1902
2025-05-20 04:21:46,22588,2119233536,31141888,0.0,0.09331746089608083,0,12,0.0,0.03,0.0,0.0,0.0,10289152,0,8,4,1,0,sleeping,113,82,0,4096,60402,1970
2025-05-20 04:21:47,22588,2119233536,31141888,0.0,0.09331746089608083,0,12,0.0,0.03,0.0,0.0,0.0,10289152,0,8,4,1,0,sleeping,117,86,0,4096,62315,2046
2025-05-20 04:21:48,22588,2119233536,31141888,0.0,0.09331746089608083,0,12,0.0,0.03,0.0,0.0,0.0,10301440,0,8,4,1,0,sleeping,120,90,0,4096,64221,2144
2025-05-20 04:21:49,22588,2119233536,31141888,0.0,0.09331746089608083,0,12,0.0,0.03,0.0,0.0,0.0,10330112,0,8,4,1,0,sleeping,123,93,0,4096,66127,2212
2025-05-20 04:21:51,22588,2119233536,31141888,0.0,0.09331746089608083,0,12,0.0,0.03,0.0,0.0,0.0,10346496,0,8,4,1,0,sleeping,126,96,0,4096,68033,2280
2025-05-20 04:21:52,22588,2119233536,31141888,0.0,0.09331746089608083,0,12,0.0,0.03,0.0,0.0,0.0,10354688,0,8,4,1,0,sleeping,129,99,0,4096,69938,2348
2025-05-20 04:21:53,22588,2119233536,31141888,0.0,0.09331746089608083,0,12,0.0,0.03,0.0,0.0,0.0,10366976,0,8,4,1,0,sleeping,133,103,0,4096,71851,2424
2025-05-20 04:21:54,22588,2119233536,31272960,0.8,0.09371022148383232,0,12,0.0,0.04,0.0,0.0,0.0,10395648,0,8,4,1,0,sleeping,139,108,0,8192,75663,2530
2025-05-20 04:21:55,22588,2119233536,31272960,0.0,0.09371022148383232,0,12,0.0,0.04,0.0,0.0,0.0,10399744,0,8,4,1,0,sleeping,143,113,0,8192,77577,2636
2025-05-20 04:21:57,22588,2119233536,31272960,0.0,0.09371022148383232,0,12,0.0,0.04,0.0,0.0,0.0,10403840,0,8,4,1,0,sleeping,147,118,0,8192,79491,2742
2025-05-20 04:21:58,22588,2119233536,31272960,0.0,0.09371022148383232,0,12,0.0,0.04,0.0,0.0,0.0,10424320,0,8,4,1,0,sleeping,152,121,0,8192,83295,2810
2025-05-20 04:21:59,22588,2119233536,31272960,0.0,0.09371022148383232,0,12,0.0,0.04,0.0,0.0,0.0,10444800,0,8,4,1,0,sleeping,156,125,0,8192,85209,2886
2025-05-20 04:22:00,22588,2119233536,31272960,0.0,0.09371022148383232,0,12,0.0,0.04,0.0,0.0,0.0,10452992,0,8,4,1,0,sleeping,159,129,0,8192,87116,2984
2025-05-20 04:22:01,22588,2119233536,31272960,0.9,0.09371022148383232,0,12,0.0,0.05,0.0,0.0,0.0,10457088,0,8,4,1,0,sleeping,162,132,0,8192,89023,3052
2025-05-20 04:22:02,22588,2119233536,31272960,0.0,0.09371022148383232,0,12,0.0,0.05,0.0,0.0,0.0,10473472,0,8,4,1,0,sleeping,165,135,0,8192,90929,3120
2025-05-20 04:22:04,22588,2119233536,31272960,0.0,0.09371022148383232,0,12,0.0,0.05,0.0,0.0,0.0,10481664,0,8,4,1,0,sleeping,168,138,0,8192,92835,3188
2025-05-20 04:22:05,22588,2119233536,31272960,0.0,0.09371022148383232,0,12,0.0,0.05,0.0,0.0,0.0,10481664,0,7,4,1,0,sleeping,172,142,0,8192,94750,3264
2025-05-20 04:22:06,22588,2119233536,31272960,0.0,0.09371022148383232,0,12,0.0,0.05,0.0,0.0,0.0,10502144,0,7,4,1,0,sleeping,175,145,0,8192,96657,3332
2025-05-20 04:22:07,22588,2119233536,31272960,0.0,0.09371022148383232,0,12,0.0,0.05,0.0,0.0,0.0,10502144,0,7,4,1,0,sleeping,178,148,0,8192,98564,3400
2025-05-20 04:22:08,22588,2119233536,31272960,0.0,0.09371022148383232,0,12,0.0,0.05,0.0,0.0,0.0,10506240,0,7,4,1,0,sleeping,182,152,0,8192,100479,3476
2025-05-20 04:22:09,22588,2119233536,31272960,0.0,0.09371022148383232,0,12,0.0,0.05,0.0,0.0,0.0,10506240,0,7,4,1,0,sleeping,185,156,0,8192,102386,3574
2025-05-20 04:22:10,22588,2119626752,31666176,0.0,0.0948885032470868,0,12,0.0,0.05,0.0,0.0,0.0,11014144,0,6,4,1,0,sleeping,189,158,0,8192,106184,3634
2025-05-20 04:22:11,22588,2119626752,31666176,0.8,0.0948885032470868,0,12,0.0,0.06,0.0,0.0,0.0,11018240,0,6,4,1,0,sleeping,193,162,0,8192,108098,3710
2025-05-20 04:22:12,22588,2119626752,31666176,0.0,0.0948885032470868,0,12,0.0,0.06,0.0,0.0,0.0,11018240,0,7,4,1,0,sleeping,198,168,0,8192,110020,3824
2025-05-20 04:22:14,22588,2119626752,31666176,0.7,0.0948885032470868,0,12,0.01,0.06,0.0,0.0,0.0,11018240,0,7,4,1,0,sleeping,203,174,0,8192,111943,3938
2025-05-20 04:22:15,22588,2119626752,31666176,0.0,0.0948885032470868,0,12,0.01,0.06,0.0,0.0,0.0,11022336,0,7,4,1,0,sleeping,209,178,0,8192,115756,4014
2025-05-20 04:22:16,22588,2119626752,31797248,0.0,0.09528126383483827,0,12,0.01,0.06,0.0,0.0,0.0,11026432,0,7,4,1,0,sleeping,213,182,0,8192,117670,4090
2025-05-20 04:22:17,22588,2119626752,31797248,0.0,0.09528126383483827,0,12,0.01,0.06,0.0,0.0,0.0,11042816,0,7,4,1,0,sleeping,216,185,0,8192,119577,4158
2025-05-20 04:22:18,22588,2119626752,31797248,0.0,0.09528126383483827,0,12,0.01,0.06,0.0,0.0,0.0,11042816,0,7,4,1,0,sleeping,219,188,0,8192,121484,4226
2025-05-20 04:22:19,22588,2119626752,31797248,0.0,0.09528126383483827,0,12,0.01,0.06,0.0,0.0,0.0,11042816,0,8,4,1,0,sleeping,223,193,0,8192,123399,4332
2025-05-20 04:22:20,22588,2119626752,31797248,0.0,0.09528126383483827,0,12,0.01,0.06,0.0,0.0,0.0,11042816,0,7,4,1,0,sleeping,226,196,0,8192,125306,4400
2025-05-20 04:22:21,22588,2119626752,31797248,0.0,0.09528126383483827,0,12,0.01,0.06,0.0,0.0,0.0,11051008,0,7,4,1,0,sleeping,228,198,0,8192,127205,4460
2025-05-20 04:22:23,22588,2119626752,31797248,0.0,0.09528126383483827,0,12,0.01,0.06,0.0,0.0,0.0,11051008,0,7,4,1,0,sleeping,231,201,0,8192,129112,4528
2025-05-20 04:22:24,22588,2119626752,31797248,0.0,0.09528126383483827,0,12,0.01,0.06,0.0,0.0,0.0,11051008,0,8,4,1,0,sleeping,235,205,0,8192,131029,4604
2025-05-20 04:22:25,22588,2119626752,31797248,0.0,0.09528126383483827,0,12,0.01,0.06,0.0,0.0,0.0,11051008,0,6,4,1,0,sleeping,238,208,0,12288,132938,4672
2025-05-20 04:22:26,22588,2119626752,31797248,0.0,0.09528126383483827,0,12,0.01,0.06,0.0,0.0,0.0,11067392,0,7,4,1,0,sleeping,242,212,0,12288,134854,4748
2025-05-20 04:22:27,22588,2119626752,31797248,0.9,0.09528126383483827,0,12,0.02,0.06,0.0,0.0,0.0,11071488,0,7,4,1,0,sleeping,246,217,0,12288,136769,4854
2025-05-20 04:22:28,22588,2119626752,31797248,0.0,0.09528126383483827,0,12,0.02,0.06,0.0,0.0,0.0,11071488,0,7,4,1,0,sleeping,252,221,0,12288,140586,4930
2025-05-20 04:22:29,22588,2119626752,31797248,0.0,0.09528126383483827,0,12,0.02,0.06,0.0,0.0,0.0,11071488,0,7,4,1,0,sleeping,255,224,0,12288,142495,4998
2025-05-20 04:22:31,22588,2119626752,31797248,0.0,0.09528126383483827,0,12,0.02,0.06,0.0,0.0,0.0,11079680,0,6,4,1,0,sleeping,260,230,0,16384,144420,5112
2025-05-20 04:22:32,22588,2119626752,31797248,0.0,0.09528126383483827,0,12,0.02,0.06,0.0,0.0,0.0,11083776,0,6,4,1,0,sleeping,267,236,0,16384,148246,5226
2025-05-20 04:22:33,22588,2119626752,31797248,0.8,0.09528126383483827,0,12,0.03,0.06,0.0,0.0,0.0,11087872,0,5,4,1,0,sleeping,269,238,0,20480,150147,5286
2025-05-20 04:22:34,22588,2119626752,31797248,0.0,0.09528126383483827,0,12,0.03,0.06,0.0,0.0,0.0,11091968,0,5,4,1,0,sleeping,272,242,0,20480,152056,5384
2025-05-20 04:22:35,22588,2119626752,31797248,0.0,0.09528126383483827,0,12,0.03,0.06,0.0,0.0,0.0,11091968,0,6,4,1,0,sleeping,276,246,0,20480,153973,5460
2025-05-20 04:22:36,22588,2119626752,31797248,0.0,0.09528126383483827,0,12,0.03,0.06,0.0,0.0,0.0,11091968,0,5,4,1,0,sleeping,278,248,0,20480,155874,5520
2025-05-20 04:22:38,22588,2119626752,31797248,0.0,0.09528126383483827,0,12,0.03,0.06,0.0,0.0,0.0,11091968,0,5,4,1,0,sleeping,281,251,0,20480,157783,5588
2025-05-20 04:22:39,22588,2119626752,31797248,0.0,0.09528126383483827,0,12,0.03,0.06,0.0,0.0,0.0,11091968,0,6,4,1,0,sleeping,284,254,0,20480,159695,5656
2025-05-20 04:22:40,22588,2119626752,31797248,0.0,0.09528126383483827,0,12,0.03,0.06,0.0,0.0,0.0,11091968,0,6,4,1,0,sleeping,288,258,0,20480,161615,5732
2025-05-20 04:22:41,22588,2119626752,31797248,0.0,0.09528126383483827,0,12,0.03,0.06,0.0,0.0,0.0,11096064,0,6,4,1,0,sleeping,291,261,0,20480,163527,5800
2025-05-20 04:22:42,22588,2119626752,31797248,0.0,0.09528126383483827,0,12,0.03,0.06,0.0,0.0,0.0,11096064,0,6,4,1,0,sleeping,294,264,0,20480,165439,5868
2025-05-20 04:22:43,22588,2119626752,31797248,0.0,0.09528126383483827,0,12,0.03,0.06,0.0,0.0,0.0,11096064,0,6,4,1,0,sleeping,298,269,0,20480,167359,5974
2025-05-20 04:22:44,22588,2119626752,31797248,0.0,0.09528126383483827,0,12,0.03,0.06,0.0,0.0,0.0,11100160,0,6,4,1,0,sleeping,301,272,0,20480,169271,6042
2025-05-20 04:22:45,22588,2119626752,31928320,0.0,0.09567402442258978,0,12,0.03,0.06,0.0,0.0,0.0,11104256,0,6,4,1,0,sleeping,306,275,0,20480,173086,6110
2025-05-20 04:22:46,22588,2119626752,31928320,0.0,0.09567402442258978,0,12,0.03,0.06,0.0,0.0,0.0,11108352,0,6,4,1,0,sleeping,309,278,0,20480,174997,6178
2025-05-20 04:22:47,22588,2119626752,31928320,0.0,0.09567402442258978,0,12,0.03,0.06,0.0,0.0,0.0,11108352,0,7,4,1,0,sleeping,313,283,0,20480,176917,6284
2025-05-20 04:22:49,22588,2119626752,31928320,0.8,0.09567402442258978,0,12,0.04,0.06,0.0,0.0,0.0,11112448,0,7,4,1,0,sleeping,317,287,0,20480,178837,6360
2025-05-20 04:22:50,22588,2119626752,31928320,0.0,0.09567402442258978,0,12,0.04,0.06,0.0,0.0,0.0,11112448,0,8,4,1,0,sleeping,322,293,0,20480,180765,6474
2025-05-20 04:22:51,22588,2119626752,32059392,0.0,0.09606678501034126,0,12,0.04,0.06,0.0,0.0,0.0,11120640,0,8,4,1,0,sleeping,324,295,0,20480,182669,6534
2025-05-20 04:22:52,22588,2119626752,32059392,0.0,0.09606678501034126,0,12,0.04,0.06,0.0,0.0,0.0,11120640,0,6,4,1,0,sleeping,329,298,0,20480,186485,6602
2025-05-20 04:22:53,22588,2119626752,32059392,0.0,0.09606678501034126,0,12,0.04,0.06,0.0,0.0,0.0,11124736,0,6,4,1,0,sleeping,333,302,0,20480,188405,6678
2025-05-20 04:22:54,22588,2119626752,32059392,0.0,0.09606678501034126,0,12,0.04,0.06,0.0,0.0,0.0,11124736,0,6,4,1,0,sleeping,336,305,0,20480,190317,6746
2025-05-20 04:22:55,22588,2119626752,32059392,0.0,0.09606678501034126,0,12,0.04,0.06,0.0,0.0,0.0,11132928,0,6,4,1,0,sleeping,339,308,0,20480,192229,6814
2025-05-20 04:22:56,22588,2119626752,32059392,0.0,0.09606678501034126,0,12,0.04,0.06,0.0,0.0,0.0,11165696,0,7,4,1,0,sleeping,342,312,0,20480,194142,6912
2025-05-20 04:22:57,22588,2119626752,32059392,0.0,0.09606678501034126,0,12,0.04,0.06,0.0,0.0,0.0,11165696,0,7,4,1,0,sleeping,346,316,0,20480,196064,6988
2025-05-20 04:22:59,22588,2119626752,32059392,0.0,0.09606678501034126,0,12,0.04,0.06,0.0,0.0,0.0,11165696,0,7,4,1,0,sleeping,350,320,0,20480,197986,7064
2025-05-20 04:23:00,22588,2119626752,32059392,0.0,0.09606678501034126,0,12,0.04,0.06,0.0,0.0,0.0,11182080,0,7,4,1,0,sleeping,354,324,0,20480,199908,7140
2025-05-20 04:23:01,22588,2119626752,32059392,0.0,0.09606678501034126,0,12,0.04,0.06,0.0,0.0,0.0,11190272,0,6,4,1,0,sleeping,357,327,0,20480,201823,7208
2025-05-20 04:23:02,22588,2119626752,32059392,0.0,0.09606678501034126,0,12,0.04,0.06,0.0,0.0,0.0,11202560,0,6,4,1,0,sleeping,361,331,0,20480,203746,7284
2025-05-20 04:23:03,22588,2119626752,32059392,0.0,0.09606678501034126,0,12,0.04,0.06,0.0,0.0,0.0,11202560,0,6,4,1,0,sleeping,365,336,0,20480,205669,7390
2025-05-20 04:23:04,22588,2119626752,32059392,0.0,0.09606678501034126,0,12,0.04,0.06,0.0,0.0,0.0,11206656,0,7,4,1,0,sleeping,371,340,0,24576,209501,7466
2025-05-20 04:23:05,22588,2119626752,32190464,0.8,0.09645954559809275,0,12,0.05,0.06,0.0,0.0,0.0,11235328,0,6,4,1,0,sleeping,376,346,0,24576,211433,7580
2025-05-20 04:23:07,22588,2119626752,32190464,0.0,0.09645954559809275,0,12,0.05,0.06,0.0,0.0,0.0,11255808,0,7,4,1,0,sleeping,380,350,0,24576,213357,7656
2025-05-20 04:23:08,22588,2119626752,32190464,0.0,0.09645954559809275,0,12,0.05,0.06,0.0,0.0,0.0,11255808,0,6,4,1,0,sleeping,384,355,0,24576,215281,7762
2025-05-20 04:23:09,22588,2119626752,32190464,0.0,0.09645954559809275,0,12,0.05,0.06,0.0,0.0,0.0,11259904,0,7,4,1,0,sleeping,387,358,0,24576,217195,7830
2025-05-20 04:23:10,22588,2119626752,32190464,0.0,0.09645954559809275,0,12,0.05,0.06,0.0,0.0,0.0,11264000,0,6,4,1,0,sleeping,390,361,0,24576,219109,7898
2025-05-20 04:23:11,22588,2119626752,32190464,0.0,0.09645954559809275,0,12,0.05,0.06,0.0,0.0,0.0,11272192,0,7,4,1,0,sleeping,394,363,0,24576,222925,7958
2025-05-20 04:23:12,22588,2119626752,32190464,0.0,0.09645954559809275,0,12,0.05,0.06,0.0,0.0,0.0,11276288,0,7,4,1,0,sleeping,398,367,0,24576,224849,8034
2025-05-20 04:23:13,22588,2119626752,32190464,0.0,0.09645954559809275,0,12,0.05,0.06,0.0,0.0,0.0,11280384,0,6,4,1,0,sleeping,401,370,0,24576,226765,8102
2025-05-20 04:23:14,22588,2119626752,32190464,0.0,0.09645954559809275,0,12,0.05,0.06,0.0,0.0,0.0,11288576,0,6,4,1,0,sleeping,404,374,0,24576,228681,8200
2025-05-20 04:23:15,22588,2119626752,32190464,0.0,0.09645954559809275,0,12,0.05,0.06,0.0,0.0,0.0,11288576,0,6,4,1,0,sleeping,407,377,0,24576,230597,8268
2025-05-20 04:23:16,22588,2119626752,32190464,0.0,0.09645954559809275,0,12,0.05,0.06,0.0,0.0,0.0,11292672,0,6,4,1,0,sleeping,410,380,0,24576,232513,8336
2025-05-20 04:23:18,22588,2119626752,32190464,0.0,0.09645954559809275,0,12,0.05,0.06,0.0,0.0,0.0,11317248,0,6,4,1,0,sleeping,414,384,0,24576,234436,8412
2025-05-20 04:23:19,22588,2119626752,32190464,0.0,0.09645954559809275,0,12,0.05,0.06,0.0,0.0,0.0,11329536,0,6,4,1,0,sleeping,417,387,0,24576,236351,8480
2025-05-20 04:23:20,22588,2119626752,32190464,0.9,0.09645954559809275,0,12,0.06,0.06,0.0,0.0,0.0,11329536,0,6,4,1,0,sleeping,420,390,0,24576,238267,8548
2025-05-20 04:23:21,22588,2119626752,32190464,0.0,0.09645954559809275,0,12,0.06,0.06,0.0,0.0,0.0,11329536,0,6,4,1,0,sleeping,423,393,0,24576,240183,8616
2025-05-20 04:23:22,22588,2119626752,32190464,0.0,0.09645954559809275,0,12,0.06,0.06,0.0,0.0,0.0,11329536,0,6,4,1,0,sleeping,427,398,0,24576,242107,8722
2025-05-20 04:23:23,22588,2119626752,32452608,0.0,0.09724506677359573,0,12,0.06,0.06,0.0,0.0,0.0,11354112,0,7,4,1,0,sleeping,432,401,0,24576,245931,8790
2025-05-20 04:23:24,22588,2119626752,32452608,0.0,0.09724506677359573,0,12,0.06,0.06,0.0,0.0,0.0,11358208,0,7,4,1,0,sleeping,435,405,0,24576,247847,8888
2025-05-20 04:23:26,22588,2119626752,32583680,1.3,0.09763782736134723,0,12,0.08,0.06,0.0,0.0,0.0,11575296,0,6,4,1,0,sleeping,439,410,0,24576,249771,8994
2025-05-20 04:23:27,22588,2119626752,32583680,0.7,0.09763782736134723,0,12,0.09,0.06,0.0,0.0,0.0,11575296,0,5,3,1,0,sleeping,444,414,0,24576,253595,9092
2025-05-20 04:23:29,22588,2119626752,32583680,0.0,0.09763782736134723,0,12,0.09,0.06,0.0,0.0,0.0,11575296,0,5,3,1,0,sleeping,446,416,0,24576,255503,9152
2025-05-20 04:23:30,22588,2119626752,32583680,0.0,0.09763782736134723,0,12,0.09,0.06,0.0,0.0,0.0,11575296,0,6,4,1,0,sleeping,449,419,0,24576,257419,9220
2025-05-20 04:23:31,22588,2119626752,32583680,0.0,0.09763782736134723,0,12,0.09,0.06,0.0,0.0,0.0,11575296,0,6,4,1,0,sleeping,452,423,0,24576,259334,9318
2025-05-20 04:23:32,22588,2119626752,32583680,0.0,0.09763782736134723,0,12,0.09,0.06,0.0,0.0,0.0,11575296,0,6,4,1,0,sleeping,456,427,0,24576,261257,9394
2025-05-20 04:23:33,22588,2119626752,32583680,0.0,0.09763782736134723,0,12,0.09,0.06,0.0,0.0,0.0,11575296,0,6,4,1,0,sleeping,459,430,0,24576,263173,9462
2025-05-20 04:23:34,22588,2119626752,32583680,0.0,0.09763782736134723,0,12,0.09,0.06,0.0,0.0,0.0,11575296,0,6,4,1,0,sleeping,462,433,0,28672,265089,9530
2025-05-20 04:23:35,22588,2119626752,32583680,0.0,0.09763782736134723,0,12,0.09,0.06,0.0,0.0,0.0,11575296,0,6,4,1,0,sleeping,465,436,0,28672,267005,9598
2025-05-20 04:23:36,22588,2119626752,32583680,0.0,0.09763782736134723,0,12,0.09,0.06,0.0,0.0,0.0,11575296,0,6,4,1,0,sleeping,471,440,0,28672,270841,9674
2025-05-20 04:23:37,22588,2119626752,32583680,0.0,0.09763782736134723,0,12,0.09,0.06,0.0,0.0,0.0,11575296,0,5,3,1,0,sleeping,473,442,0,28672,272751,9734
2025-05-20 04:23:38,22588,2119626752,32583680,0.0,0.09763782736134723,0,12,0.09,0.06,0.0,0.0,0.0,11579392,0,6,4,1,0,sleeping,475,445,0,28672,274661,9824
2025-05-20 04:23:39,22588,2119626752,32583680,0.9,0.09763782736134723,0,12,0.1,0.06,0.0,0.0,0.0,11583488,0,6,4,1,0,sleeping,479,449,0,32768,276587,9900
2025-05-20 04:23:40,22588,2119626752,32583680,0.0,0.09763782736134723,0,12,0.1,0.06,0.0,0.0,0.0,11587584,0,6,4,1,0,sleeping,482,452,0,32768,278505,9968
2025-05-20 04:23:42,22588,2119626752,32583680,0.0,0.09763782736134723,0,12,0.1,0.06,0.0,0.0,0.0,11599872,0,6,4,1,0,sleeping,484,454,0,32768,280415,10028
2025-05-20 04:23:43,22588,2119626752,32583680,0.0,0.09763782736134723,0,12,0.1,0.06,0.0,0.0,0.0,11599872,0,6,4,1,0,sleeping,486,456,0,32768,282325,10088
2025-05-20 04:23:44,22588,2119626752,32583680,0.0,0.09763782736134723,0,12,0.1,0.06,0.0,0.0,0.0,11603968,0,6,4,1,0,sleeping,488,459,0,32768,284235,10178
2025-05-20 04:23:45,22588,2119626752,32583680,0.0,0.09763782736134723,0,12,0.1,0.06,0.0,0.0,0.0,11624448,0,6,4,1,0,sleeping,493,462,0,32768,288063,10246
2025-05-20 04:23:46,22588,2119626752,32583680,0.0,0.09763782736134723,0,12,0.1,0.06,0.0,0.0,0.0,11632640,0,6,4,1,0,sleeping,495,465,0,32768,289973,10336
2025-05-20 04:23:48,22588,2119626752,32583680,0.8,0.09763782736134723,0,12,0.11,0.06,0.0,0.0,0.0,11661312,0,6,4,1,0,sleeping,498,468,0,32768,291891,10404
2025-05-20 04:23:49,22588,2119626752,32583680,0.0,0.09763782736134723,0,12,0.11,0.06,0.0,0.0,0.0,11661312,0,6,4,1,0,sleeping,501,472,0,32768,293809,10502
2025-05-20 04:23:50,22588,2119626752,32714752,0.0,0.0980305879490987,0,12,0.11,0.06,0.0,0.0,0.0,11673600,0,6,4,1,0,sleeping,503,474,0,32768,295719,10562
2025-05-20 04:23:51,22588,2119626752,32714752,0.0,0.0980305879490987,0,12,0.11,0.06,0.0,0.0,0.0,11657216,0,6,4,1,0,sleeping,506,477,0,32768,297637,10630
2025-05-20 04:23:52,22588,2119626752,32714752,0.0,0.0980305879490987,0,12,0.11,0.06,0.0,0.0,0.0,11673600,0,6,4,1,0,sleeping,508,479,0,32768,299547,10690
2025-05-20 04:23:53,22588,2119888896,32714752,0.0,0.0980305879490987,0,12,0.11,0.06,0.0,0.0,0.0,11681792,0,7,4,1,0,sleeping,512,483,0,32768,301473,10766
2025-05-20 04:23:54,22588,2119888896,32714752,0.0,0.0980305879490987,0,12,0.11,0.06,0.0,0.0,0.0,11694080,0,6,4,1,0,sleeping,515,486,0,32768,303391,10834
2025-05-20 04:23:55,22588,2119888896,32714752,0.0,0.0980305879490987,0,12,0.11,0.06,0.0,0.0,0.0,11694080,0,6,4,1,0,sleeping,520,489,0,32768,307219,10902
2025-05-20 04:23:56,22588,2119888896,32714752,0.0,0.0980305879490987,0,12,0.11,0.06,0.0,0.0,0.0,11702272,0,5,3,1,0,sleeping,523,493,0,32768,309137,11000
2025-05-20 04:23:57,22588,2119888896,32714752,0.0,0.0980305879490987,0,12,0.11,0.06,0.0,0.0,0.0,11714560,0,5,3,1,0,sleeping,526,496,0,32768,311055,11068
2025-05-20 04:23:58,22588,2119888896,32714752,0.0,0.0980305879490987,0,12,0.11,0.06,0.0,0.0,0.0,11718656,0,7,4,1,0,sleeping,529,499,0,32768,312972,11136
2025-05-20 04:24:00,22588,2119888896,32714752,0.0,0.0980305879490987,0,12,0.11,0.06,0.0,0.0,0.0,11743232,0,7,4,1,0,sleeping,532,502,0,32768,314889,11204
2025-05-20 04:24:01,22588,2119888896,32714752,0.0,0.0980305879490987,0,12,0.11,0.06,0.0,0.0,0.0,11747328,0,6,4,1,0,sleeping,535,505,0,32768,316807,11272
2025-05-20 04:24:02,22588,2119888896,32714752,0.0,0.0980305879490987,0,12,0.11,0.06,0.0,0.0,0.0,11759616,0,7,4,1,0,sleeping,538,509,0,32768,318725,11370
2025-05-20 04:24:03,22588,2119888896,32714752,0.8,0.0980305879490987,0,12,0.12,0.06,0.0,0.0,0.0,11763712,0,7,4,1,0,sleeping,540,511,0,32768,320635,11430
2025-05-20 04:24:04,22588,2119888896,32714752,0.0,0.0980305879490987,0,12,0.12,0.06,0.0,0.0,0.0,11771904,0,6,4,1,0,sleeping,546,516,0,32768,324471,11536
2025-05-20 04:24:06,22588,2119888896,32714752,0.0,0.0980305879490987,0,12,0.12,0.06,0.0,0.0,0.0,11792384,0,7,4,1,0,sleeping,548,518,0,36864,326381,11596
2025-05-20 04:24:07,22588,2119888896,32714752,0.0,0.0980305879490987,0,12,0.12,0.06,0.0,0.0,0.0,11821056,0,7,4,1,0,sleeping,550,520,0,36864,328291,11656
2025-05-20 04:24:08,22588,2119888896,32714752,0.0,0.0980305879490987,0,12,0.12,0.06,0.0,0.0,0.0,11837440,0,7,4,1,0,sleeping,552,522,0,36864,330201,11716
2025-05-20 04:24:09,22588,2119888896,32714752,0.0,0.0980305879490987,0,12,0.12,0.06,0.0,0.0,0.0,11841536,0,7,4,1,0,sleeping,555,525,0,36864,332119,11784
2025-05-20 04:24:10,22588,2119888896,32714752,0.0,0.0980305879490987,0,12,0.12,0.06,0.0,0.0,0.0,11841536,0,7,4,1,0,sleeping,558,528,0,36864,334037,11852
2025-05-20 04:24:11,22588,2119888896,32714752,0.0,0.0980305879490987,0,12,0.12,0.06,0.0,0.0,0.0,11849728,0,8,4,1,0,sleeping,561,532,0,36864,335954,11950
2025-05-20 04:24:12,22588,2119888896,32714752,0.0,0.0980305879490987,0,12,0.12,0.06,0.0,0.0,0.0,11870208,0,8,4,1,0,sleeping,564,535,0,36864,337871,12018
2025-05-20 04:24:13,22588,2119888896,32714752,0.0,0.0980305879490987,0,12,0.12,0.06,0.0,0.0,0.0,11886592,0,7,4,1,0,sleeping,566,537,0,36864,339781,12078
2025-05-20 04:24:14,22588,2119888896,32714752,0.0,0.0980305879490987,0,12,0.12,0.06,0.0,0.0,0.0,11894784,0,7,4,1,0,sleeping,568,539,0,36864,341691,12138
2025-05-20 04:24:15,22588,2119888896,32714752,0.0,0.0980305879490987,0,12,0.12,0.06,0.0,0.0,0.0,11907072,0,7,4,1,0,sleeping,570,541,0,36864,343601,12198
2025-05-20 04:24:16,22588,2119888896,32714752,0.0,0.0980305879490987,0,12,0.12,0.06,0.0,0.0,0.0,11931648,0,7,4,1,0,sleeping,574,545,0,36864,345527,12274
2025-05-20 04:24:17,22588,2119888896,32714752,0.9,0.0980305879490987,0,12,0.13,0.06,0.0,0.0,0.0,11935744,0,6,4,1,0,sleeping,579,548,0,36864,349355,12342
2025-05-20 04:24:18,22588,2119888896,32845824,0.0,0.09842334853685021,0,12,0.13,0.06,0.0,0.0,0.0,11960320,0,6,4,1,0,sleeping,581,551,0,36864,351265,12432
2025-05-20 04:24:20,22588,2119888896,32845824,0.0,0.09842334853685021,0,12,0.13,0.06,0.0,0.0,0.0,11964416,0,6,4,1,0,sleeping,584,554,0,36864,353183,12500
2025-05-20 04:24:21,22588,2119888896,32845824,0.0,0.09842334853685021,0,12,0.13,0.06,0.0,0.0,0.0,11976704,0,8,4,1,0,sleeping,587,558,0,36864,355101,12598
2025-05-20 04:24:22,22588,2119888896,32845824,0.0,0.09842334853685021,0,12,0.13,0.06,0.0,0.0,0.0,11976704,0,7,4,1,0,sleeping,590,561,0,36864,357019,12666
2025-05-20 04:24:23,22588,2119888896,32845824,0.8,0.09842334853685021,0,12,0.14,0.06,0.0,0.0,0.0,11980800,0,7,4,1,0,sleeping,596,566,0,36864,360855,12772
2025-05-20 04:24:25,22588,2119888896,32845824,0.0,0.09842334853685021,0,12,0.14,0.06,0.0,0.0,0.0,11980800,0,7,4,1,0,sleeping,598,568,0,36864,362765,12832
2025-05-20 04:24:26,22588,2119888896,32845824,0.0,0.09842334853685021,0,12,0.14,0.06,0.0,0.0,0.0,11980800,0,6,4,1,0,sleeping,600,570,0,36864,364675,12892
2025-05-20 04:24:27,22588,2119888896,32845824,0.0,0.09842334853685021,0,12,0.14,0.06,0.0,0.0,0.0,11980800,0,6,4,1,0,sleeping,603,573,0,36864,366593,12960
2025-05-20 04:24:28,22588,2119888896,32845824,0.0,0.09842334853685021,0,12,0.14,0.06,0.0,0.0,0.0,11980800,0,6,4,1,0,sleeping,607,578,0,36864,368519,13066
2025-05-20 04:24:29,22588,2119888896,32845824,0.0,0.09842334853685021,0,12,0.14,0.06,0.0,0.0,0.0,11980800,0,5,3,1,0,sleeping,609,580,0,36864,370429,13126
2025-05-20 04:24:30,22588,2119888896,32845824,0.0,0.09842334853685021,0,12,0.14,0.06,0.0,0.0,0.0,11980800,0,5,3,1,0,sleeping,613,584,0,36864,372355,13202
2025-05-20 04:24:31,22588,2119888896,32845824,0.0,0.09842334853685021,0,12,0.14,0.06,0.0,0.0,0.0,11980800,0,5,3,1,0,sleeping,617,588,0,36864,374281,13278
2025-05-20 04:24:32,22588,2119888896,32845824,0.0,0.09842334853685021,0,12,0.14,0.06,0.0,0.0,0.0,11980800,0,5,3,1,0,sleeping,619,590,0,36864,376191,13338
2025-05-20 04:24:33,22588,2119888896,32845824,0.0,0.09842334853685021,0,12,0.14,0.06,0.0,0.0,0.0,11980800,0,5,3,1,0,sleeping,622,593,0,36864,378109,13406
2025-05-20 04:24:34,22588,2119888896,32845824,0.0,0.09842334853685021,0,12,0.14,0.06,0.0,0.0,0.0,11980800,0,5,3,1,0,sleeping,625,596,0,36864,380027,13474
2025-05-20 04:24:35,22588,2119888896,32845824,0.0,0.09842334853685021,0,12,0.14,0.06,0.0,0.0,0.0,11980800,0,6,4,1,0,sleeping,629,599,0,40960,383847,13564
2025-05-20 04:24:36,22588,2119888896,32845824,0.0,0.09842334853685021,0,12,0.14,0.06,0.0,0.0,0.0,11980800,0,6,4,1,0,sleeping,632,602,0,40960,385766,13632
2025-05-20 04:24:38,22588,2119888896,32976896,0.0,0.0988161091246017,0,12,0.14,0.06,0.0,0.0,0.0,11984896,0,5,3,1,0,sleeping,635,605,0,40960,387685,13700
2025-05-20 04:24:39,22588,2119888896,32976896,0.8,0.0988161091246017,0,12,0.15,0.06,0.0,0.0,0.0,11984896,0,7,4,1,0,sleeping,637,608,0,40960,389596,13790
2025-05-20 04:24:40,22588,2119888896,32976896,0.0,0.0988161091246017,0,12,0.15,0.06,0.0,0.0,0.0,11984896,0,7,4,1,0,sleeping,643,613,0,40960,393434,13896
2025-05-20 04:24:42,22588,2119888896,32968704,0.0,0.09879156158786723,0,12,0.15,0.06,0.0,0.0,0.0,11825152,0,6,4,1,0,sleeping,645,615,0,40960,395345,13956
2025-05-20 04:24:43,22588,2119888896,32968704,0.0,0.09879156158786723,0,12,0.15,0.06,0.0,0.0,0.0,11825152,0,8,4,1,0,sleeping,649,619,0,40960,397272,14032
2025-05-20 04:24:44,22588,2119888896,32968704,0.9,0.09879156158786723,0,12,0.16,0.06,0.0,0.0,0.0,11825152,0,8,4,1,0,sleeping,652,622,0,40960,399191,14100
2025-05-20 04:24:45,22588,2119888896,32968704,0.0,0.09879156158786723,0,12,0.16,0.06,0.0,0.0,0.0,11825152,0,8,4,1,0,sleeping,655,625,0,40960,401110,14168
2025-05-20 04:24:46,22588,2119888896,32968704,0.0,0.09879156158786723,0,12,0.16,0.06,0.0,0.0,0.0,11825152,0,7,4,1,0,sleeping,659,630,0,40960,403037,14274
2025-05-20 04:24:47,22588,2119888896,32968704,0.0,0.09879156158786723,0,12,0.16,0.06,0.0,0.0,0.0,11825152,0,8,4,1,0,sleeping,663,634,0,45056,404964,14350
2025-05-20 04:24:48,22588,2119888896,32968704,0.0,0.09879156158786723,0,12,0.16,0.06,0.0,0.0,0.0,11825152,0,8,4,1,0,sleeping,667,638,0,45056,406891,14426
2025-05-20 04:24:49,22588,2119888896,32968704,0.0,0.09879156158786723,0,12,0.16,0.06,0.0,0.0,0.0,11825152,0,8,4,1,0,sleeping,670,641,0,45056,408810,14494
2025-05-20 04:24:50,22588,2119888896,32968704,0.0,0.09879156158786723,0,12,0.16,0.06,0.0,0.0,0.0,11825152,0,8,4,1,0,sleeping,674,645,0,45056,410737,14570
2025-05-20 04:24:51,22588,2119888896,32968704,0.0,0.09879156158786723,0,12,0.16,0.06,0.0,0.0,0.0,11825152,0,8,4,1,0,sleeping,677,648,0,45056,412655,14638
2025-05-20 04:24:52,22588,2119888896,32968704,0.0,0.09879156158786723,0,12,0.16,0.06,0.0,0.0,0.0,11825152,0,8,4,1,0,sleeping,680,651,0,45056,414573,14706
2025-05-20 04:24:53,22588,2119888896,32968704,0.0,0.09879156158786723,0,12,0.16,0.06,0.0,0.0,0.0,11825152,0,7,4,1,0,sleeping,685,655,0,45056,418403,14804
2025-05-20 04:24:55,22588,2119888896,32968704,0.0,0.09879156158786723,0,12,0.16,0.06,0.0,0.0,0.0,11825152,0,7,4,1,0,sleeping,689,659,0,45056,420330,14880
2025-05-20 04:24:56,22588,2119888896,32968704,0.0,0.09879156158786723,0,12,0.16,0.06,0.0,0.0,0.0,11825152,0,7,4,1,0,sleeping,693,664,0,45056,422257,14986
2025-05-20 04:24:57,22588,2119888896,32968704,0.7,0.09879156158786723,0,12,0.17,0.06,0.0,0.0,0.0,11825152,0,7,4,1,0,sleeping,697,668,0,45056,424184,15062
2025-05-20 04:24:58,22588,2119888896,32968704,0.0,0.09879156158786723,0,12,0.17,0.06,0.0,0.0,0.0,11825152,0,8,4,1,0,sleeping,702,672,0,45056,428014,15160
2025-05-20 04:25:00,22588,2119888896,32968704,0.0,0.09879156158786723,0,12,0.17,0.06,0.0,0.0,0.0,11825152,0,8,4,1,0,sleeping,706,676,0,45056,429941,15236
2025-05-20 04:25:01,22588,2119888896,32968704,0.0,0.09879156158786723,0,12,0.17,0.06,0.0,0.0,0.0,11825152,0,8,4,1,0,sleeping,709,679,0,45056,431859,15304
2025-05-20 04:25:02,22588,2119888896,32968704,0.0,0.09879156158786723,0,12,0.17,0.06,0.0,0.0,0.0,11825152,0,8,4,1,0,sleeping,712,682,0,45056,433777,15372
2025-05-20 04:25:03,22588,2119888896,32968704,0.0,0.09879156158786723,0,12,0.17,0.06,0.0,0.0,0.0,11825152,0,8,4,1,0,sleeping,715,685,0,45056,435696,15440
2025-05-20 04:25:04,22588,2119888896,32968704,0.0,0.09879156158786723,0,12,0.17,0.06,0.0,0.0,0.0,11825152,0,8,4,1,0,sleeping,718,689,0,45056,437616,15538
2025-05-20 04:25:05,22588,2119888896,32968704,0.0,0.09879156158786723,0,12,0.17,0.06,0.0,0.0,0.0,11825152,0,7,4,1,0,sleeping,722,693,0,45056,439544,15614
2025-05-20 04:25:06,22588,2119888896,32968704,0.0,0.09879156158786723,0,12,0.17,0.06,0.0,0.0,0.0,11825152,0,7,4,1,0,sleeping,725,696,0,45056,441464,15682
2025-05-20 04:25:07,22588,2119888896,32968704,0.0,0.09879156158786723,0,12,0.17,0.06,0.0,0.0,0.0,11825152,0,7,4,1,0,sleeping,727,698,0,49152,443376,15742
2025-05-20 04:25:08,22588,2119888896,32968704,0.0,0.09879156158786723,0,12,0.17,0.06,0.0,0.0,0.0,11825152,0,7,4,1,0,sleeping,730,701,0,49152,445296,15810
2025-05-20 04:25:09,22588,2119888896,32968704,0.0,0.09879156158786723,0,12,0.17,0.06,0.0,0.0,0.0,11825152,0,7,4,1,0,sleeping,734,706,0,49152,447224,15916
2025-05-20 04:25:10,22588,2119888896,32968704,0.0,0.09879156158786723,0,12,0.17,0.06,0.0,0.0,0.0,11825152,0,7,4,1,0,sleeping,737,709,0,49152,449144,15984
2025-05-20 04:25:11,22588,2119888896,32968704,0.9,0.09879156158786723,0,12,0.18,0.06,0.0,0.0,0.0,11825152,0,7,4,1,0,sleeping,742,712,0,49152,452976,16052
2025-05-20 04:25:13,22588,2119888896,32968704,0.0,0.09879156158786723,0,12,0.18,0.06,0.0,0.0,0.0,11825152,0,8,4,1,0,sleeping,744,714,0,49152,454888,16112
2025-05-20 04:25:14,22588,2119888896,32968704,0.0,0.09879156158786723,0,12,0.18,0.06,0.0,0.0,0.0,11825152,0,6,4,1,0,sleeping,746,716,0,49152,456800,16172
2025-05-20 04:25:15,22588,2119888896,32968704,0.0,0.09879156158786723,0,12,0.18,0.06,0.0,0.0,0.0,11825152,0,7,4,1,0,sleeping,748,718,0,49152,458712,16232
2025-05-20 04:25:16,22588,2119888896,32968704,0.0,0.09879156158786723,0,12,0.18,0.06,0.0,0.0,0.0,11825152,0,6,4,1,0,sleeping,751,722,0,49152,460632,16330
2025-05-20 04:25:17,22588,2119888896,32968704,0.0,0.09879156158786723,0,12,0.18,0.06,0.0,0.0,0.0,11825152,0,7,4,1,0,sleeping,753,724,0,49152,462544,16390
2025-05-20 04:25:18,22588,2119888896,32968704,0.0,0.09879156158786723,0,12,0.18,0.06,0.0,0.0,0.0,11825152,0,7,4,1,0,sleeping,756,727,0,49152,464464,16458
2025-05-20 04:25:19,22588,2119888896,32968704,0.0,0.09879156158786723,0,12,0.18,0.06,0.0,0.0,0.0,11825152,0,7,4,1,0,sleeping,759,730,0,49152,466384,16526
2025-05-20 04:25:20,22588,2119888896,32968704,0.0,0.09879156158786723,0,12,0.18,0.06,0.0,0.0,0.0,11829248,0,8,4,1,0,sleeping,762,733,0,49152,468304,16594
2025-05-20 04:25:21,22588,2119888896,32968704,0.0,0.09879156158786723,0,12,0.18,0.06,0.0,0.0,0.0,11829248,0,8,4,1,0,sleeping,766,738,0,49152,470232,16700
2025-05-20 04:25:22,22588,2119888896,32968704,0.0,0.09879156158786723,0,12,0.18,0.06,0.0,0.0,0.0,11829248,0,7,4,1,0,sleeping,771,741,0,49152,474064,16768
2025-05-20 04:25:24,22588,2119888896,32968704,0.0,0.09879156158786723,0,12,0.18,0.06,0.0,0.0,0.0,11829248,0,7,4,1,0,sleeping,775,745,0,49152,475992,16848
2025-05-20 04:25:25,22588,2119888896,32968704,0.0,0.09879156158786723,0,12,0.18,0.06,0.0,0.0,0.0,11829248,0,8,4,1,0,sleeping,779,749,0,49152,477921,16928
2025-05-20 04:25:26,22588,2119888896,32968704,0.0,0.09879156158786723,0,12,0.18,0.06,0.0,0.0,0.0,11829248,0,7,4,1,0,sleeping,782,752,0,49152,479842,17000
2025-05-20 04:25:27,22588,2119888896,32968704,0.0,0.09879156158786723,0,12,0.18,0.06,0.0,0.0,0.0,11829248,0,7,4,1,0,sleeping,786,757,0,49152,481771,17112
2025-05-20 04:25:28,22588,2119888896,32968704,0.0,0.09879156158786723,0,12,0.18,0.06,0.0,0.0,0.0,11829248,0,7,4,1,0,sleeping,789,760,0,49152,483693,17184
2025-05-20 04:25:29,22588,2119888896,32968704,0.0,0.09879156158786723,0,12,0.18,0.06,0.0,0.0,0.0,11829248,0,7,4,1,0,sleeping,792,763,0,49152,485615,17256
2025-05-20 04:25:30,22588,2119888896,32968704,0.0,0.09879156158786723,0,12,0.18,0.06,0.0,0.0,0.0,11833344,0,6,4,1,0,sleeping,795,766,0,49152,487537,17328
2025-05-20 04:25:31,22588,2119888896,32968704,0.9,0.09879156158786723,0,12,0.19,0.06,0.0,0.0,0.0,11833344,0,6,4,1,0,sleeping,797,768,0,49152,489451,17392
2025-05-20 04:25:32,22588,2119888896,32968704,0.0,0.09879156158786723,0,12,0.19,0.06,0.0,0.0,0.0,11833344,0,7,4,1,0,sleeping,800,772,0,49152,491373,17496
2025-05-20 04:25:34,22588,2119888896,32968704,0.0,0.09879156158786723,0,12,0.19,0.06,0.0,0.0,0.0,11833344,0,7,4,1,0,sleeping,806,776,0,49152,495217,17576
2025-05-20 04:25:35,22588,2119888896,32968704,0.0,0.09879156158786723,0,12,0.19,0.06,0.0,0.0,0.0,11833344,0,7,4,1,0,sleeping,809,779,0,49152,497139,17648
2025-05-20 04:25:36,22588,2119888896,32968704,0.0,0.09879156158786723,0,12,0.19,0.06,0.0,0.0,0.0,11833344,0,7,4,1,0,sleeping,813,783,0,49152,499069,17728
2025-05-20 04:25:37,22588,2119888896,32968704,0.0,0.09879156158786723,0,12,0.19,0.06,0.0,0.0,0.0,11833344,0,7,4,1,0,sleeping,815,786,0,53248,500983,17824
2025-05-20 04:25:38,22588,2119888896,32968704,0.0,0.09879156158786723,0,12,0.19,0.06,0.0,0.0,0.0,11837440,0,7,4,1,0,sleeping,818,789,0,53248,502905,17896
2025-05-20 04:25:39,22588,2119888896,32968704,0.0,0.09879156158786723,0,12,0.19,0.06,0.0,0.0,0.0,11837440,0,7,4,1,0,sleeping,821,793,0,53248,504827,18000
2025-05-20 04:25:40,22588,2119888896,32968704,0.0,0.09879156158786723,0,12,0.19,0.06,0.0,0.0,0.0,11837440,0,7,4,1,0,sleeping,824,796,0,53248,506749,18072
2025-05-20 04:25:42,22588,2119888896,32968704,0.0,0.09879156158786723,0,12,0.19,0.06,0.0,0.0,0.0,11837440,0,7,4,1,0,sleeping,829,799,0,53248,510585,18144
2025-05-20 04:25:43,22588,2119888896,32968704,0.9,0.09879156158786723,0,12,0.19,0.07,0.0,0.0,0.0,11837440,0,7,4,1,0,sleeping,833,803,0,53248,512515,18224
2025-05-20 04:25:44,22588,2119888896,32968704,0.0,0.09879156158786723,0,12,0.19,0.07,0.0,0.0,0.0,11837440,0,7,4,1,0,sleeping,836,806,0,53248,514437,18296
2025-05-20 04:25:45,22588,2119888896,32968704,0.0,0.09879156158786723,0,12,0.19,0.07,0.0,0.0,0.0,11837440,0,7,4,1,0,sleeping,840,810,0,53248,516367,18376
2025-05-20 04:25:46,22588,2119888896,32968704,0.0,0.09879156158786723,0,12,0.19,0.07,0.0,0.0,0.0,11837440,0,7,4,1,0,sleeping,843,814,0,53248,518289,18480
2025-05-20 04:25:47,22588,2119888896,32968704,0.0,0.09879156158786723,0,12,0.19,0.07,0.0,0.0,0.0,11837440,0,7,4,1,0,sleeping,846,817,0,53248,520211,18552
2025-05-20 04:25:48,22588,2119888896,32968704,0.0,0.09879156158786723,0,12,0.19,0.07,0.0,0.0,0.0,11837440,0,7,4,1,0,sleeping,849,820,0,53248,522133,18624
2025-05-20 04:25:49,22588,2119888896,32968704,0.0,0.09879156158786723,0,12,0.19,0.07,0.0,0.0,0.0,11837440,0,7,4,1,0,sleeping,853,825,0,53248,524063,18736
2025-05-20 04:25:51,22588,2119888896,33099776,0.9,0.09918432217561873,0,12,0.2,0.07,0.0,0.0,0.0,11993088,0,8,4,1,0,sleeping,859,829,0,53248,527907,18816
2025-05-20 04:25:52,22588,2119888896,33099776,0.0,0.09918432217561873,0,12,0.2,0.07,0.0,0.0,0.0,11812864,0,8,4,1,0,sleeping,861,831,0,53248,529821,18880
2025-05-20 04:25:53,22588,2119888896,33099776,0.0,0.09918432217561873,0,12,0.2,0.07,0.0,0.0,0.0,11812864,0,8,4,1,0,sleeping,865,835,0,53248,531751,18960
2025-05-20 04:25:54,22588,2119888896,33099776,0.0,0.09918432217561873,0,12,0.2,0.07,0.0,0.0,0.0,11812864,0,8,4,1,0,sleeping,869,839,0,57344,533681,19040
2025-05-20 04:25:55,22588,2119888896,33099776,0.0,0.09918432217561873,0,12,0.2,0.07,0.0,0.0,0.0,11812864,0,7,4,1,0,sleeping,873,844,0,57344,535610,19152
2025-05-20 04:25:56,22588,2119888896,33099776,0.0,0.09918432217561873,0,12,0.2,0.07,0.0,0.0,0.0,11812864,0,7,4,1,0,sleeping,877,848,0,57344,537538,19232
2025-05-20 04:25:57,22588,2119888896,33099776,0.0,0.09918432217561873,0,12,0.2,0.07,0.0,0.0,0.0,11812864,0,8,4,1,0,sleeping,880,851,0,57344,539459,19304
2025-05-20 04:25:58,22588,2119888896,33099776,0.0,0.09918432217561873,0,12,0.2,0.07,0.0,0.0,0.0,11812864,0,8,4,1,0,sleeping,882,853,0,57344,541373,19368
2025-05-20 04:25:59,22588,2119888896,33099776,0.0,0.09918432217561873,0,12,0.2,0.07,0.0,0.0,0.0,11812864,0,8,4,1,0,sleeping,885,857,0,57344,543295,19472
2025-05-20 04:26:00,22588,2119888896,33099776,0.0,0.09918432217561873,0,12,0.2,0.07,0.0,0.0,0.0,11812864,0,8,4,1,0,sleeping,887,859,0,57344,545209,19536
2025-05-20 04:26:01,22588,2119888896,33099776,0.0,0.09918432217561873,0,12,0.2,0.07,0.0,0.0,0.0,11812864,0,8,4,1,0,sleeping,890,862,0,57344,547131,19608
2025-05-20 04:26:03,22588,2119888896,33099776,0.0,0.09918432217561873,0,12,0.2,0.07,0.0,0.0,0.0,11816960,0,8,4,1,0,sleeping,894,864,0,57344,550959,19672
2025-05-20 04:26:04,22588,2119888896,33099776,0.0,0.09918432217561873,0,12,0.2,0.07,0.0,0.0,0.0,11816960,0,7,4,1,0,sleeping,896,867,0,57344,552873,19768
2025-05-20 04:26:05,22588,2119888896,33099776,0.0,0.09918432217561873,0,12,0.2,0.07,0.0,0.0,0.0,11816960,0,7,4,1,0,sleeping,899,870,0,57344,554795,19840
2025-05-20 04:26:06,22588,2119888896,33099776,0.0,0.09918432217561873,0,12,0.2,0.07,0.0,0.0,0.0,11816960,0,7,4,1,0,sleeping,903,875,0,57344,556724,19952
2025-05-20 04:26:08,22588,2119888896,33099776,0.9,0.09918432217561873,0,12,0.21,0.07,0.0,0.0,0.0,11816960,0,7,4,1,0,sleeping,905,877,0,61440,558637,20016
2025-05-20 04:26:09,22588,2119888896,33099776,0.0,0.09918432217561873,0,12,0.21,0.07,0.0,0.0,0.0,11816960,0,7,4,1,0,sleeping,911,881,0,61440,562481,20096
2025-05-20 04:26:10,22588,2119888896,33099776,0.0,0.09918432217561873,0,12,0.21,0.07,0.0,0.0,0.0,11816960,0,7,4,1,0,sleeping,914,884,0,61440,564403,20168
2025-05-20 04:26:11,22588,2119888896,33099776,0.0,0.09918432217561873,0,12,0.21,0.07,0.0,0.0,0.0,11816960,0,7,4,1,0,sleeping,917,888,0,61440,566325,20272
2025-05-20 04:26:12,22588,2119888896,33099776,0.0,0.09918432217561873,0,12,0.21,0.07,0.0,0.0,0.0,11816960,0,6,4,1,0,sleeping,920,891,0,61440,568246,20344
2025-05-20 04:26:13,22588,2119888896,33099776,0.0,0.09918432217561873,0,12,0.21,0.07,0.0,0.0,0.0,11816960,0,6,4,1,0,sleeping,923,894,0,61440,570167,20416
2025-05-20 04:26:14,22588,2119888896,33099776,0.0,0.09918432217561873,0,12,0.21,0.07,0.0,0.0,0.0,11816960,0,8,4,1,0,sleeping,926,897,0,61440,572088,20488
2025-05-20 04:26:15,22588,2119888896,33099776,0.0,0.09918432217561873,0,12,0.21,0.07,0.0,0.0,0.0,11816960,0,8,4,1,0,sleeping,929,900,0,61440,574009,20560
2025-05-20 04:26:16,22588,2119888896,33099776,0.0,0.09918432217561873,0,12,0.21,0.07,0.0,0.0,0.0,11816960,0,7,4,1,0,sleeping,933,905,0,61440,575939,20672
2025-05-20 04:26:17,22588,2119888896,33099776,0.0,0.09918432217561873,0,12,0.21,0.07,0.0,0.0,0.0,11816960,0,7,4,1,0,sleeping,936,908,0,61440,577861,20744
2025-05-20 04:26:19,22588,2119888896,33099776,0.0,0.09918432217561873,0,12,0.21,0.07,0.0,0.0,0.0,11816960,0,7,4,1,0,sleeping,938,910,0,61440,579775,20808
2025-05-20 04:26:20,22588,2119888896,33099776,0.0,0.09918432217561873,0,12,0.21,0.07,0.0,0.0,0.0,11816960,0,6,4,1,0,sleeping,944,914,0,61440,583619,20888
2025-05-20 04:26:21,22588,2119888896,33099776,0.0,0.09918432217561873,0,12,0.21,0.07,0.0,0.0,0.0,11816960,0,6,4,1,0,sleeping,946,916,0,61440,585533,20952
2025-05-20 04:26:22,22588,2119888896,33099776,0.0,0.09918432217561873,0,12,0.21,0.07,0.0,0.0,0.0,11816960,0,6,4,1,0,sleeping,948,919,0,61440,587447,21048
2025-05-20 04:26:23,22588,2119888896,33099776,0.0,0.09918432217561873,0,12,0.21,0.07,0.0,0.0,0.0,11816960,0,7,4,1,0,sleeping,952,923,0,61440,589376,21128
2025-05-20 04:26:24,22588,2119888896,33099776,0.0,0.09918432217561873,0,12,0.21,0.07,0.0,0.0,0.0,11816960,0,7,4,1,0,sleeping,956,927,0,61440,591304,21208
2025-05-20 04:26:25,22588,2119888896,33099776,0.0,0.09918432217561873,0,12,0.21,0.07,0.0,0.0,0.0,11816960,0,7,4,1,0,sleeping,960,931,0,61440,593234,21288
2025-05-20 04:26:26,22588,2119888896,33099776,0.6,0.09918432217561873,0,12,0.22,0.07,0.0,0.0,0.0,11816960,0,8,4,1,0,sleeping,966,936,0,61440,597080,21400
2025-05-20 04:26:28,22588,2119888896,33099776,0.0,0.09918432217561873,0,12,0.22,0.07,0.0,0.0,0.0,11821056,0,7,4,1,0,sleeping,970,942,0,61440,599011,21544
2025-05-20 04:26:30,22588,2119888896,33099776,0.0,0.09918432217561873,0,12,0.22,0.07,0.0,0.0,0.0,11821056,0,7,4,1,0,sleeping,976,947,0,61440,602857,21656
2025-05-20 04:26:31,22588,2119888896,33099776,0.6,0.09918432217561873,0,12,0.23,0.07,0.0,0.0,0.0,11821056,0,7,4,1,0,sleeping,981,953,0,61440,604796,21776
2025-05-20 04:26:33,22588,2119888896,33099776,0.8,0.09918432217561873,0,12,0.23,0.08,0.0,0.0,0.0,11821056,0,6,4,1,0,sleeping,986,956,0,61440,608634,21848
2025-05-20 04:26:34,22588,2119888896,33099776,0.0,0.09918432217561873,0,12,0.23,0.08,0.0,0.0,0.0,11821056,0,6,4,1,0,sleeping,990,961,0,61440,610565,21960
2025-05-20 04:26:35,22588,2119888896,33099776,0.0,0.09918432217561873,0,12,0.23,0.08,0.0,0.0,0.0,11821056,0,7,4,1,0,sleeping,993,964,0,61440,612490,22032
2025-05-20 04:26:36,22588,2119888896,33099776,0.0,0.09918432217561873,0,12,0.23,0.08,0.0,0.0,0.0,11821056,0,7,4,1,0,sleeping,996,967,0,61440,614415,22104
2025-05-20 04:26:37,22588,2119888896,33099776,0.0,0.09918432217561873,0,12,0.23,0.08,0.0,0.0,0.0,11821056,0,8,4,1,0,sleeping,999,971,0,61440,616340,22208
2025-05-20 04:26:38,22588,2119888896,33099776,0.0,0.09918432217561873,0,12,0.23,0.08,0.0,0.0,0.0,11821056,0,8,4,1,0,sleeping,1002,974,0,61440,618265,22280
2025-05-20 04:26:40,22588,2119888896,33099776,0.0,0.09918432217561873,0,12,0.23,0.08,0.0,0.0,0.0,11821056,0,8,4,1,0,sleeping,1005,977,0,65536,620190,22352
2025-05-20 04:26:41,22588,2119888896,33099776,0.0,0.09918432217561873,0,12,0.23,0.08,0.0,0.0,0.0,11821056,0,8,4,1,0,sleeping,1007,979,0,65536,622107,22416
2025-05-20 04:26:42,22588,2119888896,33099776,0.0,0.09918432217561873,0,12,0.23,0.08,0.0,0.0,0.0,11821056,0,8,4,1,0,sleeping,1012,982,0,65536,625949,22488
2025-05-20 04:26:43,22588,2119888896,33099776,0.0,0.09918432217561873,0,12,0.23,0.08,0.0,0.0,0.0,11821056,0,8,4,1,0,sleeping,1015,985,0,65536,627873,22560
2025-05-20 04:26:44,22588,2119888896,33099776,0.0,0.09918432217561873,0,12,0.23,0.08,0.0,0.0,0.0,11821056,0,8,4,1,0,sleeping,1019,990,0,65536,629804,22672
2025-05-20 04:26:45,22588,2119888896,33099776,0.0,0.09918432217561873,0,12,0.23,0.08,0.0,0.0,0.0,11821056,0,8,4,1,0,sleeping,1021,992,0,65536,631720,22736
2025-05-20 04:26:46,22588,2119888896,33099776,0.0,0.09918432217561873,0,12,0.23,0.08,0.0,0.0,0.0,11821056,0,8,4,1,0,sleeping,1024,995,0,65536,633645,22808
2025-05-20 04:26:47,22588,2119888896,33099776,0.0,0.09918432217561873,0,12,0.23,0.08,0.0,0.0,0.0,11821056,0,8,4,1,0,sleeping,1027,998,0,65536,635570,22880
2025-05-20 04:26:48,22588,2119888896,33099776,0.0,0.09918432217561873,0,12,0.23,0.08,0.0,0.0,0.0,11821056,0,7,4,1,0,sleeping,1031,1002,0,65536,637503,22960
2025-05-20 04:26:49,22588,2119888896,33099776,0.0,0.09918432217561873,0,12,0.23,0.08,0.0,0.0,0.0,11825152,0,8,4,1,0,sleeping,1034,1006,0,65536,639428,23064
2025-05-20 04:26:51,22588,2119888896,33099776,0.9,0.09918432217561873,0,12,0.24,0.08,0.0,0.0,0.0,11825152,0,8,4,1,0,sleeping,1038,1010,0,65536,641361,23144
2025-05-20 04:26:52,22588,2119888896,33099776,0.0,0.09918432217561873,0,12,0.24,0.08,0.0,0.0,0.0,11825152,0,7,4,1,0,sleeping,1044,1015,0,65536,645210,23256
2025-05-20 04:26:54,22588,2119888896,33099776,0.0,0.09918432217561873,0,12,0.24,0.08,0.0,0.0,0.0,11825152,0,7,4,1,0,sleeping,1050,1021,0,65536,649059,23400
2025-05-20 04:26:55,22588,2119888896,33099776,0.0,0.09918432217561873,0,12,0.24,0.08,0.0,0.0,0.0,11825152,0,6,4,1,0,sleeping,1057,1028,0,65536,652917,23552
2025-05-20 04:26:57,22588,2119888896,33099776,0.7,0.09918432217561873,0,12,0.25,0.08,0.0,0.0,0.0,11825152,0,6,4,1,0,sleeping,1060,1032,0,69632,654842,23656
2025-05-20 04:26:59,22588,2119888896,33099776,0.0,0.09918432217561873,0,12,0.25,0.08,0.0,0.0,0.0,11825152,0,6,4,1,0,sleeping,1064,1036,0,69632,656775,23736
2025-05-20 04:27:00,22588,2119888896,33099776,0.0,0.09918432217561873,0,12,0.25,0.08,0.0,0.0,0.0,11825152,0,6,4,1,0,sleeping,1068,1040,0,69632,658708,23816
2025-05-20 04:27:01,22588,2119888896,33099776,0.0,0.09918432217561873,0,12,0.25,0.08,0.0,0.0,0.0,11825152,0,7,4,1,0,sleeping,1071,1043,0,69632,660632,23888
2025-05-20 04:27:02,22588,2119888896,33099776,0.0,0.09918432217561873,0,12,0.25,0.08,0.0,0.0,0.0,11825152,0,7,4,1,0,sleeping,1076,1046,0,69632,664473,23960
2025-05-20 04:27:03,22588,2119888896,33099776,0.0,0.09918432217561873,0,12,0.25,0.08,0.0,0.0,0.0,11825152,0,7,4,1,0,sleeping,1079,1050,0,69632,666398,24064
2025-05-20 04:27:04,22588,2119888896,33230848,0.9,0.09957708276337023,0,12,0.25,0.09,0.0,0.0,0.0,11931648,0,8,4,1,0,sleeping,1081,1052,0,69632,668315,24128
2025-05-20 04:27:05,22588,2119888896,33230848,0.0,0.09957708276337023,0,12,0.25,0.09,0.0,0.0,0.0,11931648,0,8,4,1,0,sleeping,1083,1054,0,69632,670232,24192
2025-05-20 04:27:06,22588,2119888896,33230848,0.0,0.09957708276337023,0,12,0.25,0.09,0.0,0.0,0.0,11931648,0,8,4,1,0,sleeping,1085,1056,0,69632,672149,24256
2025-05-20 04:27:07,22588,2119888896,33230848,0.0,0.09957708276337023,0,12,0.25,0.09,0.0,0.0,0.0,11931648,0,8,4,1,0,sleeping,1087,1058,0,69632,674066,24320
2025-05-20 04:27:08,22588,2119888896,33230848,0.0,0.09957708276337023,0,12,0.25,0.09,0.0,0.0,0.0,11931648,0,8,4,1,0,sleeping,1089,1061,0,69632,675983,24416
2025-05-20 04:27:09,22588,2119888896,33230848,0.0,0.09957708276337023,0,12,0.25,0.09,0.0,0.0,0.0,11931648,0,8,4,1,0,sleeping,1092,1064,0,69632,677908,24488
2025-05-20 04:27:11,22588,2119888896,33230848,0.0,0.09957708276337023,0,12,0.25,0.09,0.0,0.0,0.0,11931648,0,8,4,1,0,sleeping,1095,1067,0,69632,679833,24560
2025-05-20 04:27:12,22588,2119888896,33230848,0.0,0.09957708276337023,0,12,0.25,0.09,0.0,0.0,0.0,11931648,0,7,4,1,0,sleeping,1098,1070,0,73728,681758,24632
2025-05-20 04:27:13,22588,2119888896,33230848,0.0,0.09957708276337023,0,12,0.25,0.09,0.0,0.0,0.0,11931648,0,7,4,1,0,sleeping,1101,1073,0,73728,683683,24704
2025-05-20 04:27:14,22588,2119888896,33230848,0.0,0.09957708276337023,0,12,0.25,0.09,0.0,0.0,0.0,11931648,0,7,4,1,0,sleeping,1107,1078,0,73728,687533,24816
2025-05-20 04:27:15,22588,2119888896,33230848,0.0,0.09957708276337023,0,12,0.25,0.09,0.0,0.0,0.0,11935744,0,7,4,1,0,sleeping,1110,1081,0,73728,689458,24888
2025-05-20 04:27:17,22588,2119888896,33230848,0.5,0.09957708276337023,0,12,0.26,0.09,0.0,0.0,0.0,11948032,0,6,4,1,0,sleeping,1117,1088,0,73728,693316,25040
2025-05-20 04:27:19,22588,2119888896,33230848,0.0,0.09957708276337023,0,12,0.26,0.09,0.0,0.0,0.0,11956224,0,6,4,1,0,sleeping,1119,1091,0,73728,695233,25136
2025-05-20 04:27:20,22588,2119888896,33230848,0.8,0.09957708276337023,0,12,0.26,0.1,0.0,0.0,0.0,11964416,0,7,4,1,0,sleeping,1124,1095,0,73728,699075,25240
2025-05-20 04:27:21,22588,2119888896,33230848,0.0,0.09957708276337023,0,12,0.26,0.1,0.0,0.0,0.0,11964416,0,7,4,1,0,sleeping,1127,1098,0,73728,701000,25312
2025-05-20 04:27:22,22588,2119888896,33230848,0.0,0.09957708276337023,0,12,0.26,0.1,0.0,0.0,0.0,11964416,0,7,4,1,0,sleeping,1130,1101,0,73728,702925,25384
2025-05-20 04:27:23,22588,2119888896,33230848,0.0,0.09957708276337023,0,12,0.26,0.1,0.0,0.0,0.0,11984896,0,7,4,1,0,sleeping,1134,1106,0,73728,704856,25496
2025-05-20 04:27:24,22588,2119888896,33230848,0.0,0.09957708276337023,0,12,0.26,0.1,0.0,0.0,0.0,11988992,0,7,4,1,0,sleeping,1138,1110,0,73728,706787,25576
2025-05-20 04:27:26,22588,2119888896,33230848,0.0,0.09957708276337023,0,12,0.26,0.1,0.0,0.0,0.0,11993088,0,6,4,1,0,sleeping,1141,1113,0,73728,708712,25648
2025-05-20 04:27:27,22588,2119888896,33230848,0.0,0.09957708276337023,0,12,0.26,0.1,0.0,0.0,0.0,12001280,0,6,4,1,0,sleeping,1144,1116,0,73728,710637,25720
2025-05-20 04:27:28,22588,2119888896,33230848,0.0,0.09957708276337023,0,12,0.26,0.1,0.0,0.0,0.0,12029952,0,6,4,1,0,sleeping,1149,1122,0,73728,712578,25840
2025-05-20 04:27:29,22588,2119888896,33230848,0.0,0.09957708276337023,0,12,0.26,0.1,0.0,0.0,0.0,12046336,0,6,4,1,0,sleeping,1154,1125,0,73728,716420,25912
2025-05-20 04:27:30,22588,2119888896,33230848,0.0,0.09957708276337023,0,12,0.26,0.1,0.0,0.0,0.0,12046336,0,6,4,1,0,sleeping,1158,1129,0,73728,718353,25992
2025-05-20 04:27:31,22588,2119888896,33230848,0.0,0.09957708276337023,0,12,0.26,0.1,0.0,0.0,0.0,12054528,0,6,4,1,0,sleeping,1160,1131,0,73728,720270,26056
2025-05-20 04:27:32,22588,2119888896,33230848,0.0,0.09957708276337023,0,12,0.26,0.1,0.0,0.0,0.0,12054528,0,7,4,1,0,sleeping,1162,1133,0,73728,722187,26120
2025-05-20 04:27:33,22588,2119888896,33230848,0.0,0.09957708276337023,0,12,0.26,0.1,0.0,0.0,0.0,12058624,0,6,4,1,0,sleeping,1164,1136,0,73728,724104,26216
2025-05-20 04:27:34,22588,2119888896,33230848,0.0,0.09957708276337023,0,12,0.26,0.1,0.0,0.0,0.0,12058624,0,6,4,1,0,sleeping,1166,1138,0,73728,726021,26280
2025-05-20 04:27:36,22588,2119888896,33230848,0.0,0.09957708276337023,0,12,0.26,0.1,0.0,0.0,0.0,12058624,0,6,4,1,0,sleeping,1170,1142,0,73728,727954,26360
2025-05-20 04:27:37,22588,2119888896,33230848,0.0,0.09957708276337023,0,12,0.26,0.1,0.0,0.0,0.0,12058624,0,6,4,1,0,sleeping,1172,1144,0,73728,729871,26424
2025-05-20 04:27:38,22588,2119888896,33230848,0.0,0.09957708276337023,0,12,0.26,0.1,0.0,0.0,0.0,12058624,0,7,4,1,0,sleeping,1176,1149,0,73728,731804,26536
2025-05-20 04:27:39,22588,2119888896,33230848,0.0,0.09957708276337023,0,12,0.26,0.1,0.0,0.0,0.0,12103680,0,7,4,1,0,sleeping,1181,1152,0,73728,735645,26608
2025-05-20 04:27:40,22588,2119888896,33230848,0.0,0.09957708276337023,0,12,0.26,0.1,0.0,0.0,0.0,12107776,0,7,4,1,0,sleeping,1183,1154,0,73728,737561,26672
2025-05-20 04:27:41,22588,2119888896,33230848,0.0,0.09957708276337023,0,12,0.26,0.1,0.0,0.0,0.0,12107776,0,7,4,1,0,sleeping,1187,1158,0,73728,739494,26752
2025-05-20 04:27:42,22588,2119888896,33230848,0.8,0.09957708276337023,0,12,0.26,0.11,0.0,0.0,0.0,12124160,0,7,4,1,0,sleeping,1192,1164,0,77824,741435,26872
2025-05-20 04:27:44,22588,2119888896,33230848,0.0,0.09957708276337023,0,12,0.26,0.11,0.0,0.0,0.0,12124160,0,8,4,1,0,sleeping,1196,1168,0,77824,743368,26952
2025-05-20 04:27:45,22588,2119888896,33230848,0.9,0.09957708276337023,0,12,0.27,0.11,0.0,0.0,0.0,12124160,0,7,4,1,0,sleeping,1198,1171,0,77824,745285,27048
2025-05-20 04:27:46,22588,2119888896,33230848,0.0,0.09957708276337023,0,12,0.27,0.11,0.0,0.0,0.0,12124160,0,6,4,1,0,sleeping,1203,1174,0,77824,749127,27120
2025-05-20 04:27:47,22588,2119888896,33230848,0.0,0.09957708276337023,0,12,0.27,0.11,0.0,0.0,0.0,12128256,0,6,4,1,0,sleeping,1206,1177,0,77824,751052,27192
2025-05-20 04:27:48,22588,2119888896,33230848,0.0,0.09957708276337023,0,12,0.27,0.11,0.0,0.0,0.0,12136448,0,6,4,1,0,sleeping,1210,1181,0,77824,752985,27272
2025-05-20 04:27:49,22588,2119888896,33230848,0.0,0.09957708276337023,0,12,0.27,0.11,0.0,0.0,0.0,12136448,0,6,4,1,0,sleeping,1213,1184,0,77824,754910,27344
2025-05-20 04:27:50,22588,2119888896,33361920,0.0,0.0999698433511217,0,12,0.27,0.11,0.0,0.0,0.0,12165120,0,6,4,1,0,sleeping,1216,1188,0,77824,756835,27448
2025-05-20 04:27:52,22588,2119888896,33361920,0.0,0.0999698433511217,0,12,0.27,0.11,0.0,0.0,0.0,12165120,0,6,4,1,0,sleeping,1219,1191,0,77824,758760,27520
2025-05-20 04:27:53,22588,2119888896,33361920,0.0,0.0999698433511217,0,12,0.27,0.11,0.0,0.0,0.0,12185600,0,6,4,1,0,sleeping,1223,1195,0,77824,760693,27600
2025-05-20 04:27:54,22588,2119888896,33492992,0.0,0.1003626039388732,0,12,0.27,0.11,0.0,0.0,0.0,12210176,0,6,4,1,0,sleeping,1225,1197,0,77824,762610,27664
2025-05-20 04:27:55,22588,2119888896,33492992,0.0,0.1003626039388732,0,12,0.27,0.11,0.0,0.0,0.0,12218368,0,6,4,1,0,sleeping,1229,1201,0,77824,764543,27744
2025-05-20 04:27:56,22588,2119888896,33492992,0.0,0.1003626039388732,0,12,0.27,0.11,0.0,0.0,0.0,12222464,0,7,4,1,0,sleeping,1232,1205,0,77824,766468,27848
2025-05-20 04:27:57,22588,2119888896,33492992,0.0,0.1003626039388732,0,12,0.27,0.11,0.0,0.0,0.0,12226560,0,7,4,1,0,sleeping,1238,1209,0,77824,770318,27928
2025-05-20 04:27:58,22588,2119888896,33492992,0.0,0.1003626039388732,0,12,0.27,0.11,0.0,0.0,0.0,12230656,0,7,4,1,0,sleeping,1240,1211,0,77824,772235,27992
2025-05-20 04:27:59,22588,2119888896,33492992,0.0,0.1003626039388732,0,12,0.27,0.11,0.0,0.0,0.0,12247040,0,8,4,1,0,sleeping,1243,1214,0,77824,774159,28064
2025-05-20 04:28:00,22588,2119888896,33624064,0.0,0.10075536452662469,0,12,0.27,0.11,0.0,0.0,0.0,12259328,0,8,4,1,0,sleeping,1247,1219,0,77824,776091,28176
2025-05-20 04:28:01,22588,2119888896,33624064,0.0,0.10075536452662469,0,12,0.27,0.11,0.0,0.0,0.0,12283904,0,8,4,1,0,sleeping,1249,1221,0,81920,778008,28240
2025-05-20 04:28:03,22588,2119888896,33624064,0.0,0.10075536452662469,0,12,0.27,0.11,0.0,0.0,0.0,12312576,0,8,4,1,0,sleeping,1251,1223,0,81920,779925,28304
2025-05-20 04:28:04,22588,2119888896,33624064,0.0,0.10075536452662469,0,12,0.27,0.11,0.0,0.0,0.0,12337152,0,7,4,1,0,sleeping,1254,1227,0,81920,781850,28408
2025-05-20 04:28:05,22588,2119888896,33624064,0.0,0.10075536452662469,0,12,0.27,0.11,0.0,0.0,0.0,12353536,0,8,4,1,0,sleeping,1260,1232,0,81920,785700,28520
2025-05-20 04:28:07,22588,2119888896,33624064,0.8,0.10075536452662469,0,12,0.28,0.11,0.0,0.0,0.0,12361728,0,7,4,1,0,sleeping,1263,1235,0,81920,787625,28592
2025-05-20 04:28:08,22588,2119888896,33624064,0.0,0.10075536452662469,0,12,0.28,0.11,0.0,0.0,0.0,12369920,0,8,4,1,0,sleeping,1266,1238,0,81920,789550,28664
2025-05-20 04:28:09,22588,2119888896,33624064,0.0,0.10075536452662469,0,12,0.28,0.11,0.0,0.0,0.0,12378112,0,7,4,1,0,sleeping,1270,1243,0,81920,791483,28776
2025-05-20 04:28:10,22588,2119888896,33624064,0.0,0.10075536452662469,0,12,0.28,0.11,0.0,0.0,0.0,12382208,0,7,4,1,0,sleeping,1274,1247,0,81920,793415,28856
2025-05-20 04:28:11,22588,2119888896,33624064,0.0,0.10075536452662469,0,12,0.28,0.11,0.0,0.0,0.0,12386304,0,7,4,1,0,sleeping,1280,1251,0,81920,797264,28936
2025-05-20 04:28:12,22588,2119888896,33624064,0.0,0.10075536452662469,0,12,0.28,0.11,0.0,0.0,0.0,12390400,0,7,4,1,0,sleeping,1284,1255,0,81920,799197,29016
2025-05-20 04:28:13,22588,2119888896,33755136,0.0,0.10114812511437618,0,12,0.28,0.11,0.0,0.0,0.0,12398592,0,8,4,1,0,sleeping,1288,1260,0,86016,801130,29128
2025-05-20 04:28:14,22588,2119888896,33755136,0.0,0.10114812511437618,0,12,0.28,0.11,0.0,0.0,0.0,12402688,0,8,4,1,0,sleeping,1291,1263,0,86016,803055,29200
2025-05-20 04:28:16,22588,2119888896,33755136,0.0,0.10114812511437618,0,12,0.28,0.11,0.0,0.0,0.0,12410880,0,7,4,1,0,sleeping,1294,1266,0,86016,804980,29272
2025-05-20 04:28:17,22588,2119888896,33755136,0.0,0.10114812511437618,0,12,0.28,0.11,0.0,0.0,0.0,12410880,0,8,4,1,0,sleeping,1296,1268,0,86016,806897,29336
2025-05-20 04:28:18,22588,2119888896,33755136,0.0,0.10114812511437618,0,12,0.28,0.11,0.0,0.0,0.0,12410880,0,7,4,1,0,sleeping,1299,1271,0,86016,808822,29408
2025-05-20 04:28:19,22588,2119888896,33333248,0.0,0.09988392697255107,0,12,0.28,0.11,0.0,0.0,0.0,11886592,0,8,4,1,0,sleeping,1302,1275,0,86016,810747,29512
2025-05-20 04:28:20,22588,2119888896,33333248,0.9,0.09988392697255107,0,12,0.29,0.11,0.0,0.0,0.0,11886592,0,7,4,1,0,sleeping,1306,1279,0,86016,812680,29592
2025-05-20 04:28:21,22588,2119888896,33333248,0.0,0.09988392697255107,0,12,0.29,0.11,0.0,0.0,0.0,11886592,0,7,4,1,0,sleeping,1312,1283,0,86016,816528,29672
2025-05-20 04:28:22,22588,2119888896,33333248,0.0,0.09988392697255107,0,12,0.29,0.11,0.0,0.0,0.0,11886592,0,7,4,1,0,sleeping,1315,1286,0,86016,818451,29744
2025-05-20 04:28:23,22588,2119888896,33333248,0.0,0.09988392697255107,0,12,0.29,0.11,0.0,0.0,0.0,11886592,0,8,4,1,0,sleeping,1318,1290,0,86016,820376,29848
2025-05-20 04:28:25,22588,2119888896,33333248,0.0,0.09988392697255107,0,12,0.29,0.11,0.0,0.0,0.0,11886592,0,6,4,1,0,sleeping,1321,1294,0,86016,822301,29952
2025-05-20 04:28:26,22588,2119888896,33333248,0.6,0.09988392697255107,0,12,0.29,0.12,0.0,0.0,0.0,11886592,0,7,4,1,0,sleeping,1325,1297,0,86016,826135,30048
2025-05-20 04:28:28,22588,2119888896,33333248,0.0,0.09988392697255107,0,12,0.29,0.12,0.0,0.0,0.0,11886592,0,7,4,1,0,sleeping,1327,1300,0,86016,828052,30144
2025-05-20 04:28:29,22588,2119888896,33333248,0.9,0.09988392697255107,0,12,0.3,0.12,0.0,0.0,0.0,11886592,0,6,4,1,0,sleeping,1331,1302,0,86016,831886,30208
2025-05-20 04:28:30,22588,2119888896,33333248,0.0,0.09988392697255107,0,12,0.3,0.12,0.0,0.0,0.0,11886592,0,7,4,1,0,sleeping,1334,1305,0,86016,833811,30280
2025-05-20 04:28:31,22588,2119888896,33333248,0.0,0.09988392697255107,0,12,0.3,0.12,0.0,0.0,0.0,11886592,0,7,4,1,0,sleeping,1337,1308,0,86016,835735,30352
2025-05-20 04:28:32,22588,2119888896,33333248,0.0,0.09988392697255107,0,12,0.3,0.12,0.0,0.0,0.0,11886592,0,7,4,1,0,sleeping,1339,1311,0,86016,837651,30448
2025-05-20 04:28:33,22588,2119888896,33333248,0.0,0.09988392697255107,0,12,0.3,0.12,0.0,0.0,0.0,11886592,0,7,4,1,0,sleeping,1343,1315,0,86016,839584,30528
2025-05-20 04:28:35,22588,2119888896,33333248,0.0,0.09988392697255107,0,12,0.3,0.12,0.0,0.0,0.0,11886592,0,7,4,1,0,sleeping,1348,1320,0,86016,841524,30616
2025-05-20 04:28:36,22588,2119888896,33333248,0.0,0.09988392697255107,0,12,0.3,0.12,0.0,0.0,0.0,11886592,0,7,4,1,0,sleeping,1351,1323,0,86016,843448,30688
2025-05-20 04:28:37,22588,2119888896,33333248,0.0,0.09988392697255107,0,12,0.3,0.12,0.0,0.0,0.0,11886592,0,6,4,1,0,sleeping,1353,1326,0,86016,845365,30784
2025-05-20 04:28:38,22588,2119888896,33333248,0.0,0.09988392697255107,0,12,0.3,0.12,0.0,0.0,0.0,11886592,0,7,4,1,0,sleeping,1356,1329,0,86016,847290,30856
2025-05-20 04:28:39,22588,2119888896,33333248,0.0,0.09988392697255107,0,12,0.3,0.12,0.0,0.0,0.0,11886592,0,7,4,1,0,sleeping,1358,1331,0,86016,849207,30920
2025-05-20 04:28:40,22588,2119888896,33333248,0.0,0.09988392697255107,0,12,0.3,0.12,0.0,0.0,0.0,11886592,0,6,4,1,0,sleeping,1363,1334,0,86016,853049,30992
2025-05-20 04:28:41,22588,2119888896,33333248,0.0,0.09988392697255107,0,12,0.3,0.12,0.0,0.0,0.0,11886592,0,6,4,1,0,sleeping,1367,1338,0,86016,854982,31072
2025-05-20 04:28:42,22588,2119888896,33333248,0.0,0.09988392697255107,0,12,0.3,0.12,0.0,0.0,0.0,11886592,0,7,4,1,0,sleeping,1371,1343,0,86016,856915,31184
2025-05-20 04:28:43,22588,2119888896,33333248,0.0,0.09988392697255107,0,12,0.3,0.12,0.0,0.0,0.0,11886592,0,6,4,1,0,sleeping,1374,1346,0,86016,858840,31256
2025-05-20 04:28:45,22588,2119888896,33333248,0.0,0.09988392697255107,0,12,0.3,0.12,0.0,0.0,0.0,11886592,0,7,4,1,0,sleeping,1378,1350,0,90112,860772,31336
2025-05-20 04:28:46,22588,2119888896,33333248,0.0,0.09988392697255107,0,12,0.3,0.12,0.0,0.0,0.0,11886592,0,7,4,1,0,sleeping,1381,1353,0,90112,862696,31408
2025-05-20 04:28:47,22588,2119888896,33333248,0.0,0.09988392697255107,0,12,0.3,0.12,0.0,0.0,0.0,11886592,0,7,4,1,0,sleeping,1384,1356,0,90112,864621,31480
2025-05-20 04:28:48,22588,2119888896,33333248,0.8,0.09988392697255107,0,12,0.31,0.12,0.0,0.0,0.0,11886592,0,7,4,1,0,sleeping,1386,1359,0,90112,866538,31576
2025-05-20 04:28:49,22588,2119888896,33333248,0.0,0.09988392697255107,0,12,0.31,0.12,0.0,0.0,0.0,11886592,0,6,4,1,0,sleeping,1392,1363,0,90112,870388,31656
2025-05-20 04:28:51,22588,2119888896,33333248,0.0,0.09988392697255107,0,12,0.31,0.12,0.0,0.0,0.0,11886592,0,6,4,1,0,sleeping,1394,1366,0,90112,872305,31752
2025-05-20 04:28:52,22588,2119888896,33333248,0.0,0.09988392697255107,0,12,0.31,0.12,0.0,0.0,0.0,11886592,0,6,4,1,0,sleeping,1396,1369,0,90112,874222,31848
2025-05-20 04:28:53,22588,2119888896,33333248,0.0,0.09988392697255107,0,12,0.31,0.12,0.0,0.0,0.0,11886592,0,6,4,1,0,sleeping,1401,1372,0,90112,878062,31920
2025-05-20 04:28:54,22588,2119888896,33333248,0.0,0.09988392697255107,0,12,0.31,0.12,0.0,0.0,0.0,11886592,0,6,4,1,0,sleeping,1405,1377,0,90112,879995,32032
2025-05-20 04:28:56,22588,2119888896,33333248,0.0,0.09988392697255107,0,12,0.31,0.12,0.0,0.0,0.0,11886592,0,6,4,1,0,sleeping,1408,1380,0,90112,881920,32104
2025-05-20 04:28:57,22588,2119888896,33333248,0.0,0.09988392697255107,0,12,0.31,0.12,0.0,0.0,0.0,11886592,0,6,4,1,0,sleeping,1411,1383,0,90112,883845,32176
2025-05-20 04:28:58,22588,2119888896,33333248,0.9,0.09988392697255107,0,12,0.32,0.12,0.0,0.0,0.0,11886592,0,7,4,1,0,sleeping,1415,1388,0,90112,885778,32288
2025-05-20 04:28:59,22588,2119888896,33333248,0.0,0.09988392697255107,0,12,0.32,0.12,0.0,0.0,0.0,11886592,0,6,4,1,0,sleeping,1418,1391,0,90112,887703,32360
2025-05-20 04:29:00,22588,2119888896,33333248,0.0,0.09988392697255107,0,12,0.32,0.12,0.0,0.0,0.0,11886592,0,7,4,1,0,sleeping,1420,1393,0,90112,889620,32424
2025-05-20 04:29:01,22588,2119888896,33333248,0.0,0.09988392697255107,0,12,0.32,0.12,0.0,0.0,0.0,11886592,0,7,4,1,0,sleeping,1423,1396,0,90112,891545,32496
2025-05-20 04:29:02,22588,2119888896,33333248,0.0,0.09988392697255107,0,12,0.32,0.12,0.0,0.0,0.0,11886592,0,7,4,1,0,sleeping,1428,1399,0,90112,895387,32568
2025-05-20 04:29:03,22588,2119888896,33333248,0.0,0.09988392697255107,0,12,0.32,0.12,0.0,0.0,0.0,11886592,0,7,4,1,0,sleeping,1430,1401,0,90112,897304,32632
2025-05-20 04:29:04,22588,2119888896,33333248,0.0,0.09988392697255107,0,12,0.32,0.12,0.0,0.0,0.0,11886592,0,7,4,1,0,sleeping,1436,1408,0,90112,899253,32760
2025-05-20 04:29:05,22588,2119888896,33333248,0.0,0.09988392697255107,0,12,0.32,0.12,0.0,0.0,0.0,11886592,0,7,4,1,0,sleeping,1439,1411,0,94208,901178,32832
2025-05-20 04:29:07,22588,2119888896,33333248,0.0,0.09988392697255107,0,12,0.32,0.12,0.0,0.0,0.0,11886592,0,7,4,1,0,sleeping,1442,1414,0,94208,903103,32904
2025-05-20 04:29:08,22588,2119888896,33333248,0.0,0.09988392697255107,0,12,0.32,0.12,0.0,0.0,0.0,11886592,0,8,4,1,0,sleeping,1445,1417,0,94208,905028,32976
2025-05-20 04:29:09,22588,2119888896,33333248,0.0,0.09988392697255107,0,12,0.32,0.12,0.0,0.0,0.0,11886592,0,8,4,1,0,sleeping,1448,1421,0,94208,906953,33080
2025-05-20 04:29:10,22588,2119888896,33333248,0.0,0.09988392697255107,0,12,0.32,0.12,0.0,0.0,0.0,11886592,0,8,4,1,0,sleeping,1451,1424,0,94208,908878,33152
2025-05-20 04:29:11,22588,2119888896,33333248,0.0,0.09988392697255107,0,12,0.32,0.12,0.0,0.0,0.0,11886592,0,7,4,1,0,sleeping,1455,1428,0,94208,910811,33232
2025-05-20 04:29:12,22588,2119888896,33333248,0.0,0.09988392697255107,0,12,0.32,0.12,0.0,0.0,0.0,11886592,0,8,4,1,0,sleeping,1460,1431,0,94208,914653,33304
2025-05-20 04:29:13,22588,2119888896,33333248,0.0,0.09988392697255107,0,12,0.32,0.12,0.0,0.0,0.0,11886592,0,6,4,1,0,sleeping,1464,1437,0,94208,916586,33448
2025-05-20 04:29:15,22588,2119888896,33333248,0.6,0.09988392697255107,0,12,0.32,0.13,0.0,0.0,0.0,11886592,0,7,4,1,0,sleeping,1470,1442,0,94208,920436,33560
2025-05-20 04:29:17,22588,2119888896,33333248,0.0,0.09988392697255107,0,12,0.32,0.13,0.0,0.0,0.0,11886592,0,7,4,1,0,sleeping,1473,1446,0,98304,922361,33664
2025-05-20 04:29:18,22588,2119888896,33333248,0.9,0.09988392697255107,0,12,0.33,0.13,0.0,0.0,0.0,11886592,0,7,4,1,0,sleeping,1477,1450,0,98304,924293,33744
2025-05-20 04:29:19,22588,2119888896,33333248,0.0,0.09988392697255107,0,12,0.33,0.13,0.0,0.0,0.0,11886592,0,6,4,1,0,sleeping,1479,1452,0,98304,926208,33808
2025-05-20 04:29:20,22588,2119888896,33333248,0.0,0.09988392697255107,0,12,0.33,0.13,0.0,0.0,0.0,11886592,0,7,4,1,0,sleeping,1485,1456,0,98304,930055,33888
2025-05-20 04:29:21,22588,2119888896,33333248,0.0,0.09988392697255107,0,12,0.33,0.13,0.0,0.0,0.0,11886592,0,7,4,1,0,sleeping,1489,1461,0,98304,931988,34000
2025-05-20 04:29:23,22588,2119888896,33333248,0.0,0.09988392697255107,0,12,0.33,0.13,0.0,0.0,0.0,11886592,0,7,4,1,0,sleeping,1493,1465,0,98304,933920,34080
2025-05-20 04:29:24,22588,2119888896,33333248,0.0,0.09988392697255107,0,12,0.33,0.13,0.0,0.0,0.0,11886592,0,7,4,1,0,sleeping,1497,1469,0,98304,935852,34160
2025-05-20 04:29:25,22588,2119888896,33333248,0.0,0.09988392697255107,0,12,0.33,0.13,0.0,0.0,0.0,11886592,0,6,4,1,0,sleeping,1500,1472,0,98304,937777,34232
2025-05-20 04:29:26,22588,2119888896,33333248,0.0,0.09988392697255107,0,12,0.33,0.13,0.0,0.0,0.0,11886592,0,6,4,1,0,sleeping,1503,1475,0,98304,939702,34304
2025-05-20 04:29:27,22588,2119888896,33333248,0.0,0.09988392697255107,0,12,0.33,0.13,0.0,0.0,0.0,11886592,0,6,4,1,0,sleeping,1507,1480,0,98304,941635,34416
2025-05-20 04:29:28,22588,2119888896,33333248,0.0,0.09988392697255107,0,12,0.33,0.13,0.0,0.0,0.0,11886592,0,6,4,1,0,sleeping,1511,1484,0,98304,943567,34496
2025-05-20 04:29:29,22588,2119888896,33333248,0.0,0.09988392697255107,0,12,0.33,0.13,0.0,0.0,0.0,11886592,0,6,4,1,0,sleeping,1513,1486,0,98304,945483,34560
2025-05-20 04:29:30,22588,2119888896,33333248,0.0,0.09988392697255107,0,12,0.33,0.13,0.0,0.0,0.0,11886592,0,6,4,1,0,sleeping,1516,1489,0,98304,947408,34632
2025-05-20 04:29:31,22588,2119888896,33333248,0.0,0.09988392697255107,0,12,0.33,0.13,0.0,0.0,0.0,11886592,0,6,4,1,0,sleeping,1520,1493,0,98304,949341,34712
2025-05-20 04:29:32,22588,2119888896,33333248,0.0,0.09988392697255107,0,12,0.33,0.13,0.0,0.0,0.0,11894784,0,7,4,1,0,sleeping,1527,1499,0,98304,953199,34832
2025-05-20 04:29:34,22588,2119888896,33333248,0.0,0.09988392697255107,0,12,0.33,0.13,0.0,0.0,0.0,11907072,0,8,4,1,0,sleeping,1532,1505,0,98304,955140,34952
2025-05-20 04:29:35,22588,2119888896,33333248,0.0,0.09988392697255107,0,12,0.33,0.13,0.0,0.0,0.0,11935744,0,7,4,1,0,sleeping,1539,1511,0,98304,958998,35072
2025-05-20 04:29:37,22588,2119888896,33333248,0.6,0.09988392697255107,0,12,0.33,0.14,0.0,0.0,0.0,11935744,0,7,4,1,0,sleeping,1544,1517,0,98304,960938,35192
2025-05-20 04:29:38,22588,2119888896,33333248,0.0,0.09988392697255107,0,12,0.33,0.14,0.0,0.0,0.0,11935744,0,7,4,1,0,sleeping,1548,1521,0,98304,962870,35272
2025-05-20 04:29:39,22588,2119888896,33333248,0.0,0.09988392697255107,0,12,0.33,0.14,0.0,0.0,0.0,11935744,0,7,4,1,0,sleeping,1553,1525,0,98304,966712,35376
2025-05-20 04:29:40,22588,2119888896,33333248,0.0,0.09988392697255107,0,12,0.33,0.14,0.0,0.0,0.0,11939840,0,6,4,1,0,sleeping,1556,1528,0,98304,968637,35448
2025-05-20 04:29:42,22588,2119888896,33333248,0.9,0.09988392697255107,0,12,0.34,0.14,0.0,0.0,0.0,11952128,0,6,4,1,0,sleeping,1559,1531,0,98304,970562,35520
2025-05-20 04:29:43,22588,2119888896,33333248,0.0,0.09988392697255107,0,12,0.34,0.14,0.0,0.0,0.0,11976704,0,6,4,1,0,sleeping,1562,1534,0,98304,972487,35592
2025-05-20 04:29:44,22588,2119888896,33333248,0.0,0.09988392697255107,0,12,0.34,0.14,0.0,0.0,0.0,11984896,0,7,4,1,0,sleeping,1566,1538,0,98304,974420,35672
2025-05-20 04:29:45,22588,2119888896,33333248,0.0,0.09988392697255107,0,12,0.34,0.14,0.0,0.0,0.0,11997184,0,7,4,1,0,sleeping,1569,1541,0,98304,976345,35744
2025-05-20 04:29:46,22588,2119888896,33333248,0.0,0.09988392697255107,0,12,0.34,0.14,0.0,0.0,0.0,12034048,0,6,4,1,0,sleeping,1573,1546,0,98304,978278,35856
2025-05-20 04:29:47,22588,2119888896,33333248,0.0,0.09988392697255107,0,12,0.34,0.14,0.0,0.0,0.0,12042240,0,6,4,1,0,sleeping,1577,1550,0,98304,980211,35936
2025-05-20 04:29:48,22588,2119888896,33333248,0.0,0.09988392697255107,0,12,0.34,0.14,0.0,0.0,0.0,12058624,0,6,4,1,0,sleeping,1580,1553,0,98304,982136,36008
2025-05-20 04:29:49,22588,2119888896,33333248,0.0,0.09988392697255107,0,12,0.34,0.14,0.0,0.0,0.0,12079104,0,6,4,1,0,sleeping,1585,1557,0,102400,985978,36112
2025-05-20 04:29:51,22588,2119888896,33333248,0.0,0.09988392697255107,0,12,0.34,0.14,0.0,0.0,0.0,12091392,0,6,4,1,0,sleeping,1588,1560,0,102400,987903,36184
2025-05-20 04:29:52,22588,2119888896,33333248,0.0,0.09988392697255107,0,12,0.34,0.14,0.0,0.0,0.0,12099584,0,6,4,1,0,sleeping,1591,1563,0,102400,989828,36256
2025-05-20 04:29:53,22588,2119888896,33333248,0.0,0.09988392697255107,0,12,0.34,0.14,0.0,0.0,0.0,12124160,0,6,4,1,0,sleeping,1593,1565,0,102400,991745,36320
2025-05-20 04:29:54,22588,2119888896,33333248,0.0,0.09988392697255107,0,12,0.34,0.14,0.0,0.0,0.0,12128256,0,7,4,1,0,sleeping,1596,1568,0,102400,993670,36392
2025-05-20 04:29:55,22588,2119888896,33464320,0.0,0.10027668756030256,0,12,0.34,0.14,0.0,0.0,0.0,12156928,0,7,4,1,0,sleeping,1601,1574,0,102400,995611,36512
2025-05-20 04:29:56,22588,2119888896,33464320,0.0,0.10027668756030256,0,12,0.34,0.14,0.0,0.0,0.0,12165120,0,7,4,1,0,sleeping,1604,1577,0,102400,997536,36584
2025-05-20 04:29:57,22588,2119888896,33464320,0.0,0.10027668756030256,0,12,0.34,0.14,0.0,0.0,0.0,12185600,0,7,4,1,0,sleeping,1608,1581,0,102400,999469,36664
2025-05-20 04:29:58,22588,2119888896,33595392,0.0,0.10066944814805406,0,12,0.34,0.14,0.0,0.0,0.0,12210176,0,6,4,1,0,sleeping,1613,1587,0,102400,1001409,36784
2025-05-20 04:29:59,22588,2195652608,33726464,0.8,0.10106220873580553,0,13,0.35,0.14,0.0,0.0,0.0,12341248,0,7,4,1,0,sleeping,1618,1590,0,102400,1005248,36856
2025-05-20 04:30:01,22588,2195652608,33726464,0.0,0.10106220873580553,0,13,0.35,0.14,0.0,0.0,0.0,12341248,0,7,4,1,0,sleeping,1622,1595,0,102400,1007181,36968
2025-05-20 04:30:02,22588,2195652608,33726464,0.6,0.10106220873580553,0,13,0.36,0.14,0.0,0.0,0.0,12341248,0,7,4,1,0,sleeping,1628,1600,0,102400,1011031,37080
2025-05-20 04:30:04,22588,2195652608,33726464,0.0,0.10106220873580553,0,13,0.36,0.14,0.0,0.0,0.0,12341248,0,7,4,1,0,sleeping,1632,1605,0,102400,1012964,37192
2025-05-20 04:30:05,22588,2195652608,33726464,0.0,0.10106220873580553,0,13,0.36,0.14,0.0,0.0,0.0,12341248,0,7,4,1,0,sleeping,1635,1608,0,102400,1014890,37264
2025-05-20 04:30:06,22588,2195652608,33726464,0.0,0.10106220873580553,0,13,0.36,0.14,0.0,0.0,0.0,12341248,0,7,4,1,0,sleeping,1638,1611,0,102400,1016817,37336
2025-05-20 04:30:07,22588,2195652608,33726464,0.0,0.10106220873580553,0,13,0.36,0.14,0.0,0.0,0.0,12341248,0,7,4,1,0,sleeping,1644,1616,0,102400,1020671,37448
2025-05-20 04:30:09,22588,2195652608,33726464,0.0,0.10106220873580553,0,13,0.36,0.14,0.0,0.0,0.0,12341248,0,7,4,1,0,sleeping,1647,1619,0,102400,1022598,37520
2025-05-20 04:30:10,22588,2195652608,33726464,0.9,0.10106220873580553,0,13,0.36,0.15,0.0,0.0,0.0,12341248,0,7,4,1,0,sleeping,1650,1622,0,106496,1024525,37592
2025-05-20 04:30:11,22588,2195652608,33726464,0.0,0.10106220873580553,0,13,0.36,0.15,0.0,0.0,0.0,12341248,0,7,4,1,0,sleeping,1654,1626,0,106496,1026460,37672
2025-05-20 04:30:12,22588,2195652608,33726464,0.0,0.10106220873580553,0,13,0.36,0.15,0.0,0.0,0.0,12349440,0,7,4,1,0,sleeping,1658,1630,0,106496,1028395,37752
2025-05-20 04:30:13,22588,2195652608,33726464,0.0,0.10106220873580553,0,13,0.36,0.15,0.0,0.0,0.0,12357632,0,7,4,1,0,sleeping,1661,1634,0,106496,1030322,37856
2025-05-20 04:30:14,22588,2195652608,33726464,0.0,0.10106220873580553,0,13,0.36,0.15,0.0,0.0,0.0,12357632,0,7,4,1,0,sleeping,1664,1637,0,106496,1032249,37928
2025-05-20 04:30:15,22588,2195652608,33726464,0.0,0.10106220873580553,0,13,0.36,0.15,0.0,0.0,0.0,12365824,0,6,4,1,0,sleeping,1670,1642,0,106496,1036106,38040
2025-05-20 04:30:17,22588,2195652608,33726464,0.5,0.10106220873580553,0,13,0.37,0.15,0.0,0.0,0.0,12374016,0,6,4,1,0,sleeping,1673,1647,0,106496,1038035,38176
2025-05-20 04:30:19,22588,2195652608,33726464,0.5,0.10106220873580553,0,13,0.38,0.15,0.0,0.0,0.0,12374016,0,6,4,1,0,sleeping,1679,1653,0,106496,1041893,38320
2025-05-20 04:30:21,22588,2195652608,33726464,0.0,0.10106220873580553,0,13,0.38,0.15,0.0,0.0,0.0,12374016,0,6,4,1,0,sleeping,1683,1656,0,106496,1045735,38416
2025-05-20 04:30:22,22588,2195652608,33726464,0.0,0.10106220873580553,0,13,0.38,0.15,0.0,0.0,0.0,12374016,0,6,4,1,0,sleeping,1686,1659,0,106496,1047664,38488
2025-05-20 04:30:23,22588,2195652608,33726464,0.0,0.10106220873580553,0,13,0.38,0.15,0.0,0.0,0.0,12402688,0,6,4,1,0,sleeping,1688,1661,0,110592,1049585,38552
2025-05-20 04:30:24,22588,2195652608,33726464,0.0,0.10106220873580553,0,13,0.38,0.15,0.0,0.0,0.0,12410880,0,6,4,1,0,sleeping,1691,1664,0,110592,1051514,38624
2025-05-20 04:30:25,22588,2195652608,33726464,0.0,0.10106220873580553,0,13,0.38,0.15,0.0,0.0,0.0,12410880,0,6,4,1,0,sleeping,1694,1667,0,110592,1053443,38696
2025-05-20 04:30:26,22588,2195652608,33726464,0.0,0.10106220873580553,0,13,0.38,0.15,0.0,0.0,0.0,12410880,0,7,4,1,0,sleeping,1698,1672,0,110592,1055380,38808
2025-05-20 04:30:27,22588,2195652608,33726464,0.0,0.10106220873580553,0,13,0.38,0.15,0.0,0.0,0.0,12435456,0,7,4,1,0,sleeping,1701,1675,0,110592,1057309,38880
2025-05-20 04:30:29,22588,2195652608,33726464,0.0,0.10106220873580553,0,13,0.38,0.15,0.0,0.0,0.0,12439552,0,7,4,1,0,sleeping,1709,1681,0,110592,1061183,38976
2025-05-20 04:30:30,22588,2195652608,33726464,0.0,0.10106220873580553,0,13,0.38,0.15,0.0,0.0,0.0,12439552,0,7,4,1,0,sleeping,1711,1683,0,110592,1063104,39040
2025-05-20 04:30:31,22588,2195652608,33726464,0.0,0.10106220873580553,0,13,0.38,0.15,0.0,0.0,0.0,12447744,0,7,4,1,0,sleeping,1715,1688,0,110592,1065041,39152
2025-05-20 04:30:33,22588,2195652608,33726464,0.6,0.10106220873580553,0,13,0.38,0.16,0.0,0.0,0.0,12464128,0,7,4,1,0,sleeping,1720,1692,0,110592,1068891,39256
2025-05-20 04:30:34,22588,2195652608,33726464,0.0,0.10106220873580553,0,13,0.38,0.16,0.0,0.0,0.0,12464128,0,7,4,1,0,sleeping,1722,1695,0,110592,1070811,39352
2025-05-20 04:30:35,22588,2195652608,33726464,0.0,0.10106220873580553,0,13,0.38,0.16,0.0,0.0,0.0,12472320,0,6,4,1,0,sleeping,1725,1699,0,110592,1072739,39456
2025-05-20 04:30:36,22588,2195652608,33726464,0.0,0.10106220873580553,0,13,0.38,0.16,0.0,0.0,0.0,12480512,0,6,4,1,0,sleeping,1727,1701,0,110592,1074660,39520
2025-05-20 04:30:38,22588,2195652608,33726464,0.0,0.10106220873580553,0,13,0.38,0.16,0.0,0.0,0.0,12496896,0,6,4,1,0,sleeping,1729,1703,0,110592,1076581,39584
2025-05-20 04:30:39,22588,2195652608,33726464,0.0,0.10106220873580553,0,13,0.38,0.16,0.0,0.0,0.0,12505088,0,6,4,1,0,sleeping,1736,1708,0,110592,1080447,39672
2025-05-20 04:30:40,22588,2195652608,33726464,0.0,0.10106220873580553,0,13,0.38,0.16,0.0,0.0,0.0,12525568,0,6,4,1,0,sleeping,1739,1711,0,110592,1082376,39744
2025-05-20 04:30:41,22588,2195652608,33726464,0.0,0.10106220873580553,0,13,0.38,0.16,0.0,0.0,0.0,12529664,0,7,4,1,0,sleeping,1741,1714,0,110592,1084297,39840
2025-05-20 04:30:42,22588,2195652608,33726464,0.0,0.10106220873580553,0,13,0.38,0.16,0.0,0.0,0.0,12529664,0,7,4,1,0,sleeping,1744,1717,0,110592,1086226,39912
2025-05-20 04:30:43,22588,2195652608,33726464,0.0,0.10106220873580553,0,13,0.38,0.16,0.0,0.0,0.0,12541952,0,7,4,1,0,sleeping,1747,1720,0,110592,1088154,39984
2025-05-20 04:30:44,22588,2195652608,33857536,0.0,0.10145496932355703,0,13,0.38,0.16,0.0,0.0,0.0,12554240,0,7,4,1,0,sleeping,1750,1723,0,110592,1090082,40056
2025-05-20 04:30:45,22588,2195652608,33857536,0.0,0.10145496932355703,0,13,0.38,0.16,0.0,0.0,0.0,12554240,0,7,4,1,0,sleeping,1752,1725,0,110592,1092003,40120
2025-05-20 04:30:46,22588,2195652608,33857536,0.0,0.10145496932355703,0,13,0.38,0.16,0.0,0.0,0.0,12566528,0,6,4,1,0,sleeping,1755,1729,0,110592,1093932,40224
2025-05-20 04:30:48,22588,2195652608,33857536,1.3,0.10145496932355703,0,13,0.39,0.17,0.0,0.0,0.0,12591104,0,7,4,1,0,sleeping,1760,1733,0,110592,1097782,40328
2025-05-20 04:30:49,22588,2195652608,33857536,0.0,0.10145496932355703,0,13,0.39,0.17,0.0,0.0,0.0,12591104,0,6,4,1,0,sleeping,1766,1738,0,110592,1101640,40440
2025-05-20 04:30:51,22588,2195652608,33857536,0.0,0.10145496932355703,0,13,0.39,0.17,0.0,0.0,0.0,12607488,0,6,4,1,0,sleeping,1769,1742,0,110592,1103569,40544
2025-05-20 04:30:52,22588,2195652608,33857536,0.0,0.10145496932355703,0,13,0.39,0.17,0.0,0.0,0.0,12619776,0,7,4,1,0,sleeping,1772,1746,0,110592,1105498,40648
2025-05-20 04:30:54,22588,2195652608,33857536,0.0,0.10145496932355703,0,13,0.39,0.17,0.0,0.0,0.0,12644352,0,7,4,1,0,sleeping,1774,1748,0,114688,1107419,40712
2025-05-20 04:30:55,22588,2195652608,33857536,0.0,0.10145496932355703,0,13,0.39,0.17,0.0,0.0,0.0,12660736,0,6,4,1,0,sleeping,1779,1751,0,114688,1111269,40784
2025-05-20 04:30:56,22588,2195652608,33857536,0.0,0.10145496932355703,0,13,0.39,0.17,0.0,0.0,0.0,12660736,0,7,4,1,0,sleeping,1781,1753,0,114688,1113189,40848
2025-05-20 04:30:57,22588,2195652608,33857536,0.0,0.10145496932355703,0,13,0.39,0.17,0.0,0.0,0.0,12668928,0,6,4,1,0,sleeping,1787,1760,0,114688,1115141,40976
2025-05-20 04:30:58,22588,2195652608,33857536,0.0,0.10145496932355703,0,13,0.39,0.17,0.0,0.0,0.0,12673024,0,7,4,1,0,sleeping,1791,1764,0,114688,1117078,41056
2025-05-20 04:30:59,22588,2195652608,33857536,0.0,0.10145496932355703,0,13,0.39,0.17,0.0,0.0,0.0,12685312,0,7,4,1,0,sleeping,1793,1766,0,114688,1118999,41120
2025-05-20 04:31:00,22588,2195652608,33857536,0.9,0.10145496932355703,0,13,0.4,0.17,0.0,0.0,0.0,12713984,0,6,4,1,0,sleeping,1795,1768,0,114688,1120920,41184
2025-05-20 04:31:01,22588,2195652608,33857536,0.0,0.10145496932355703,0,13,0.4,0.17,0.0,0.0,0.0,12713984,0,6,4,1,0,sleeping,1798,1772,0,114688,1122849,41288
2025-05-20 04:31:03,22588,2195652608,33857536,0.0,0.10145496932355703,0,13,0.4,0.17,0.0,0.0,0.0,12718080,0,6,4,1,0,sleeping,1802,1776,0,114688,1124786,41368
2025-05-20 04:31:04,22588,2195652608,33988608,0.0,0.10184772991130853,0,13,0.4,0.17,0.0,0.0,0.0,12738560,0,6,4,1,0,sleeping,1804,1778,0,114688,1126705,41432
2025-05-20 04:31:05,22588,2195652608,33988608,0.0,0.10184772991130853,0,13,0.4,0.17,0.0,0.0,0.0,12738560,0,6,4,1,0,sleeping,1810,1782,0,114688,1130561,41512
2025-05-20 04:31:06,22588,2195652608,33988608,0.0,0.10184772991130853,0,13,0.4,0.17,0.0,0.0,0.0,12742656,0,6,4,1,0,sleeping,1813,1786,0,114688,1132488,41616
2025-05-20 04:31:07,22588,2195652608,33988608,0.0,0.10184772991130853,0,13,0.4,0.17,0.0,0.0,0.0,12742656,0,6,4,1,0,sleeping,1818,1791,0,114688,1134431,41704
2025-05-20 04:31:08,22588,2195652608,33988608,0.0,0.10184772991130853,0,13,0.4,0.17,0.0,0.0,0.0,12759040,0,6,4,1,0,sleeping,1820,1793,0,114688,1136351,41768
2025-05-20 04:31:09,22588,2195652608,34119680,0.0,0.10224049049906002,0,13,0.4,0.17,0.0,0.0,0.0,12787712,0,6,4,1,0,sleeping,1822,1795,0,114688,1138271,41832
2025-05-20 04:31:10,22588,2195652608,34119680,0.0,0.10224049049906002,0,13,0.4,0.17,0.0,0.0,0.0,12791808,0,6,4,1,0,sleeping,1824,1798,0,114688,1140191,41928
2025-05-20 04:31:12,22588,2195652608,34119680,0.0,0.10224049049906002,0,13,0.4,0.17,0.0,0.0,0.0,12791808,0,6,4,1,0,sleeping,1829,1801,0,114688,1144040,42000
2025-05-20 04:31:13,22588,2195652608,34119680,0.8,0.10224049049906002,0,13,0.4,0.18,0.0,0.0,0.0,12832768,0,6,4,1,0,sleeping,1831,1804,0,114688,1145961,42096
2025-05-20 04:31:14,22588,2195652608,34119680,0.0,0.10224049049906002,0,13,0.4,0.18,0.0,0.0,0.0,12840960,0,6,4,1,0,sleeping,1834,1807,0,118784,1147890,42168
2025-05-20 04:31:15,22588,2195652608,34119680,0.0,0.10224049049906002,0,13,0.4,0.18,0.0,0.0,0.0,12845056,0,6,4,1,0,sleeping,1837,1810,0,118784,1149819,42240
2025-05-20 04:31:16,22588,2195652608,34119680,0.0,0.10224049049906002,0,13,0.4,0.18,0.0,0.0,0.0,12845056,0,6,4,1,0,sleeping,1840,1813,0,118784,1151748,42312
2025-05-20 04:31:17,22588,2195652608,34119680,0.0,0.10224049049906002,0,13,0.4,0.18,0.0,0.0,0.0,12857344,0,7,4,1,0,sleeping,1843,1817,0,118784,1153677,42416
2025-05-20 04:31:19,22588,2195652608,34119680,0.0,0.10224049049906002,0,13,0.4,0.18,0.0,0.0,0.0,12857344,0,7,4,1,0,sleeping,1846,1820,0,118784,1155606,42488
2025-05-20 04:31:20,22588,2195652608,34119680,0.0,0.10224049049906002,0,13,0.4,0.18,0.0,0.0,0.0,12865536,0,8,4,1,0,sleeping,1848,1822,0,118784,1157527,42552
2025-05-20 04:31:21,22588,2195652608,34119680,0.0,0.10224049049906002,0,13,0.4,0.18,0.0,0.0,0.0,12865536,0,7,4,1,0,sleeping,1853,1825,0,118784,1161377,42624
2025-05-20 04:31:22,22588,2195652608,34119680,0.0,0.10224049049906002,0,13,0.4,0.18,0.0,0.0,0.0,12865536,0,7,4,1,0,sleeping,1856,1828,0,118784,1163306,42696
2025-05-20 04:31:23,22588,2195652608,34119680,0.9,0.10224049049906002,0,13,0.41,0.18,0.0,0.0,0.0,12865536,0,7,4,1,0,sleeping,1859,1832,0,118784,1165235,42800
2025-05-20 04:31:24,22588,2195652608,34119680,0.0,0.10224049049906002,0,13,0.41,0.18,0.0,0.0,0.0,12865536,0,6,4,1,0,sleeping,1863,1836,0,122880,1167172,42880
2025-05-20 04:31:25,22588,2195652608,34119680,0.0,0.10224049049906002,0,13,0.41,0.18,0.0,0.0,0.0,12865536,0,6,4,1,0,sleeping,1867,1840,0,122880,1169109,42960
2025-05-20 04:31:26,22588,2195652608,34119680,0.0,0.10224049049906002,0,13,0.41,0.18,0.0,0.0,0.0,12865536,0,7,4,1,0,sleeping,1871,1845,0,122880,1171046,43072
2025-05-20 04:31:28,22588,2195652608,34119680,0.0,0.10224049049906002,0,13,0.41,0.18,0.0,0.0,0.0,12865536,0,7,4,1,0,sleeping,1877,1849,0,122880,1174903,43152
2025-05-20 04:31:29,22588,2195652608,34119680,0.0,0.10224049049906002,0,13,0.41,0.18,0.0,0.0,0.0,12865536,0,7,4,1,0,sleeping,1880,1853,0,122880,1176831,43256
2025-05-20 04:31:30,22588,2195652608,34119680,0.0,0.10224049049906002,0,13,0.41,0.18,0.0,0.0,0.0,12865536,0,7,4,1,0,sleeping,1883,1857,0,122880,1178760,43360
2025-05-20 04:31:32,22588,2195652608,34119680,0.0,0.10224049049906002,0,13,0.41,0.18,0.0,0.0,0.0,12865536,0,7,4,1,0,sleeping,1886,1860,0,122880,1180689,43432
2025-05-20 04:31:33,22588,2195652608,34119680,0.0,0.10224049049906002,0,13,0.41,0.18,0.0,0.0,0.0,12865536,0,7,4,1,0,sleeping,1888,1862,0,122880,1182610,43496
2025-05-20 04:31:34,22588,2195652608,34119680,0.0,0.10224049049906002,0,13,0.41,0.18,0.0,0.0,0.0,12865536,0,7,4,1,0,sleeping,1893,1865,0,122880,1186460,43568
2025-05-20 04:31:35,22588,2195652608,34119680,0.0,0.10224049049906002,0,13,0.41,0.18,0.0,0.0,0.0,12865536,0,7,4,1,0,sleeping,1896,1869,0,122880,1188389,43672
2025-05-20 04:31:36,22588,2195652608,33800192,0.0,0.10128313656641574,0,13,0.41,0.18,0.0,0.0,0.0,12410880,0,6,4,1,0,sleeping,1899,1872,0,122880,1190317,43744
2025-05-20 04:31:37,22588,2195652608,33800192,0.0,0.10128313656641574,0,13,0.41,0.18,0.0,0.0,0.0,12414976,0,5,4,1,0,sleeping,1902,1875,0,122880,1192245,43816
2025-05-20 04:31:38,22588,2195652608,33800192,0.0,0.10128313656641574,0,13,0.41,0.18,0.0,0.0,0.0,12414976,0,6,4,1,0,sleeping,1905,1878,0,122880,1194174,43888
2025-05-20 04:31:39,22588,2195652608,33800192,0.0,0.10128313656641574,0,13,0.41,0.18,0.0,0.0,0.0,12414976,0,5,3,1,0,sleeping,1909,1883,0,122880,1196110,44000
2025-05-20 04:31:40,22588,2195652608,33800192,0.0,0.10128313656641574,0,13,0.41,0.18,0.0,0.0,0.0,12414976,0,5,4,1,0,sleeping,1912,1886,0,122880,1198038,44072
2025-05-20 04:31:42,22588,2195652608,33800192,0.9,0.10128313656641574,0,13,0.42,0.18,0.0,0.0,0.0,12414976,0,5,4,1,0,sleeping,1915,1889,0,122880,1199967,44144
2025-05-20 04:31:43,22588,2195652608,33800192,0.0,0.10128313656641574,0,13,0.42,0.18,0.0,0.0,0.0,12414976,0,5,3,1,0,sleeping,1917,1891,0,122880,1201888,44208
2025-05-20 04:31:44,22588,2195652608,33800192,0.0,0.10128313656641574,0,13,0.42,0.18,0.0,0.0,0.0,12414976,0,5,4,1,0,sleeping,1923,1896,0,122880,1205746,44320
2025-05-20 04:31:45,22588,2195652608,33800192,0.0,0.10128313656641574,0,13,0.42,0.18,0.0,0.0,0.0,12414976,0,5,4,1,0,sleeping,1926,1899,0,122880,1207674,44392
2025-05-20 04:31:46,22588,2195652608,33800192,0.0,0.10128313656641574,0,13,0.42,0.18,0.0,0.0,0.0,12414976,0,5,4,1,0,sleeping,1929,1902,0,122880,1209602,44464
2025-05-20 04:31:47,22588,2195652608,33800192,0.0,0.10128313656641574,0,13,0.42,0.18,0.0,0.0,0.0,12414976,0,6,4,1,0,sleeping,1933,1907,0,122880,1211539,44576
2025-05-20 04:31:48,22588,2195652608,33800192,0.0,0.10128313656641574,0,13,0.42,0.18,0.0,0.0,0.0,12414976,0,6,4,1,0,sleeping,1936,1910,0,122880,1213468,44648
2025-05-20 04:31:50,22588,2195652608,33800192,0.0,0.10128313656641574,0,13,0.42,0.18,0.0,0.0,0.0,12414976,0,7,4,1,0,sleeping,1939,1913,0,122880,1215397,44720
2025-05-20 04:31:51,22588,2195652608,33800192,0.0,0.10128313656641574,0,13,0.42,0.18,0.0,0.0,0.0,12414976,0,6,3,1,0,sleeping,1943,1917,0,122880,1217334,44800
2025-05-20 04:31:52,22588,2195652608,33800192,0.0,0.10128313656641574,0,13,0.42,0.18,0.0,0.0,0.0,12414976,0,7,4,1,0,sleeping,1949,1921,0,122880,1221192,44880
2025-05-20 04:31:53,22588,2195652608,33800192,0.0,0.10128313656641574,0,13,0.42,0.18,0.0,0.0,0.0,12414976,0,7,4,1,0,sleeping,1952,1925,0,122880,1223121,44984
2025-05-20 04:31:54,22588,2195652608,33800192,0.0,0.10128313656641574,0,13,0.42,0.18,0.0,0.0,0.0,12414976,0,7,4,1,0,sleeping,1956,1929,0,122880,1225058,45064
2025-05-20 04:31:55,22588,2195652608,33800192,0.0,0.10128313656641574,0,13,0.42,0.18,0.0,0.0,0.0,12414976,0,7,4,1,0,sleeping,1959,1932,0,122880,1226987,45136
2025-05-20 04:31:56,22588,2195652608,33800192,0.9,0.10128313656641574,0,13,0.43,0.18,0.0,0.0,0.0,12414976,0,5,4,1,0,sleeping,1962,1935,0,122880,1228916,45208
2025-05-20 04:31:57,22588,2195652608,33800192,0.0,0.10128313656641574,0,13,0.43,0.18,0.0,0.0,0.0,12414976,0,6,4,1,0,sleeping,1966,1940,0,122880,1230853,45320
2025-05-20 04:31:59,22588,2195652608,33800192,0.0,0.10128313656641574,0,13,0.43,0.18,0.0,0.0,0.0,12414976,0,5,3,1,0,sleeping,1972,1946,0,122880,1234711,45464
2025-05-20 04:32:01,22588,2195652608,33800192,0.6,0.10128313656641574,0,13,0.44,0.18,0.0,0.0,0.0,12414976,0,5,3,1,0,sleeping,1978,1951,0,126976,1238569,45576
2025-05-20 04:32:02,22588,2195652608,33800192,0.0,0.10128313656641574,0,13,0.44,0.18,0.0,0.0,0.0,12414976,0,5,3,1,0,sleeping,1981,1954,0,126976,1240498,45648
2025-05-20 04:32:03,22588,2195652608,33800192,0.0,0.10128313656641574,0,13,0.44,0.18,0.0,0.0,0.0,12414976,0,7,4,1,0,sleeping,1984,1958,0,126976,1242427,45752
2025-05-20 04:32:05,22588,2195652608,33800192,0.0,0.10128313656641574,0,13,0.44,0.18,0.0,0.0,0.0,12414976,0,7,4,1,0,sleeping,1987,1961,0,126976,1244356,45824
2025-05-20 04:32:06,22588,2195652608,33800192,0.0,0.10128313656641574,0,13,0.44,0.18,0.0,0.0,0.0,12414976,0,6,4,1,0,sleeping,1990,1964,0,126976,1246285,45896
2025-05-20 04:32:07,22588,2195652608,33800192,0.0,0.10128313656641574,0,13,0.44,0.18,0.0,0.0,0.0,12414976,0,7,4,1,0,sleeping,1994,1968,0,126976,1248222,45976
2025-05-20 04:32:08,22588,2195652608,33800192,0.0,0.10128313656641574,0,13,0.44,0.18,0.0,0.0,0.0,12414976,0,7,4,1,0,sleeping,2000,1973,0,126976,1252080,46088
2025-05-20 04:32:09,22588,2195652608,33800192,0.0,0.10128313656641574,0,13,0.44,0.18,0.0,0.0,0.0,12414976,0,5,3,1,0,sleeping,2004,1977,0,126976,1254016,46168
2025-05-20 04:32:10,22588,2195652608,33800192,0.0,0.10128313656641574,0,13,0.44,0.18,0.0,0.0,0.0,12414976,0,6,4,1,0,sleeping,2007,1980,0,126976,1255943,46240
2025-05-20 04:32:11,22588,2195652608,33800192,0.0,0.10128313656641574,0,13,0.44,0.18,0.0,0.0,0.0,12414976,0,6,4,1,0,sleeping,2011,1984,0,126976,1257879,46320
2025-05-20 04:32:12,22588,2195652608,33800192,0.0,0.10128313656641574,0,13,0.44,0.18,0.0,0.0,0.0,12414976,0,6,4,1,0,sleeping,2015,1988,0,126976,1259816,46400
2025-05-20 04:32:13,22588,2195652608,33800192,0.0,0.10128313656641574,0,13,0.44,0.18,0.0,0.0,0.0,12414976,0,7,4,1,0,sleeping,2018,1992,0,126976,1261745,46504
2025-05-20 04:32:14,22588,2195652608,33800192,0.0,0.10128313656641574,0,13,0.44,0.18,0.0,0.0,0.0,12414976,0,7,4,1,0,sleeping,2021,1995,0,126976,1263674,46576
2025-05-20 04:32:16,22588,2195652608,33800192,0.0,0.10128313656641574,0,13,0.44,0.18,0.0,0.0,0.0,12414976,0,5,3,1,0,sleeping,2027,2000,0,126976,1267532,46688
2025-05-20 04:32:17,22588,2195652608,33800192,0.6,0.10128313656641574,0,13,0.45,0.18,0.0,0.0,0.0,12439552,0,6,3,1,0,sleeping,2029,2003,0,131072,1269453,46784
2025-05-20 04:32:19,22588,2195652608,33800192,0.0,0.10128313656641574,0,13,0.45,0.18,0.0,0.0,0.0,12451840,0,6,3,1,0,sleeping,2031,2005,0,131072,1271373,46848
2025-05-20 04:32:20,22588,2195652608,33800192,0.0,0.10128313656641574,0,13,0.45,0.18,0.0,0.0,0.0,12464128,0,7,4,1,0,sleeping,2038,2011,0,131072,1275238,46968
2025-05-20 04:32:21,22588,2195652608,33800192,0.0,0.10128313656641574,0,13,0.45,0.18,0.0,0.0,0.0,12468224,0,7,4,1,0,sleeping,2043,2016,0,131072,1277183,47056
2025-05-20 04:32:22,22588,2195652608,33800192,0.0,0.10128313656641574,0,13,0.45,0.18,0.0,0.0,0.0,12480512,0,6,4,1,0,sleeping,2046,2019,0,131072,1279112,47128
2025-05-20 04:32:23,22588,2195652608,33800192,0.0,0.10128313656641574,0,13,0.45,0.18,0.0,0.0,0.0,12488704,0,6,4,1,0,sleeping,2050,2023,0,131072,1281049,47208
2025-05-20 04:32:24,22588,2195652608,33800192,0.0,0.10128313656641574,0,13,0.45,0.18,0.0,0.0,0.0,12496896,0,6,4,1,0,sleeping,2054,2028,0,131072,1282986,47320
2025-05-20 04:32:25,22588,2195652608,33800192,0.0,0.10128313656641574,0,13,0.45,0.18,0.0,0.0,0.0,12509184,0,7,4,1,0,sleeping,2058,2032,0,131072,1284923,47400
2025-05-20 04:32:27,22588,2195652608,33800192,0.9,0.10128313656641574,0,13,0.46,0.18,0.0,0.0,0.0,12517376,0,7,4,1,0,sleeping,2063,2037,0,131072,1286868,47488
2025-05-20 04:32:28,22588,2195652608,33800192,0.0,0.10128313656641574,0,13,0.46,0.18,0.0,0.0,0.0,12525568,0,6,3,1,0,sleeping,2067,2041,0,131072,1288805,47568
2025-05-20 04:32:29,22588,2195652608,33800192,0.0,0.10128313656641574,0,13,0.46,0.18,0.0,0.0,0.0,12537856,0,6,3,1,0,sleeping,2070,2044,0,131072,1290734,47640
2025-05-20 04:32:30,22588,2195652608,33800192,0.0,0.10128313656641574,0,13,0.46,0.18,0.0,0.0,0.0,12566528,0,5,3,1,0,sleeping,2077,2050,0,131072,1294600,47760
2025-05-20 04:32:31,22588,2195652608,33800192,0.0,0.10128313656641574,0,13,0.46,0.18,0.0,0.0,0.0,12566528,0,6,4,1,0,sleeping,2079,2053,0,135168,1296521,47856
2025-05-20 04:32:33,22588,2195652608,33800192,0.0,0.10128313656641574,0,13,0.46,0.18,0.0,0.0,0.0,12566528,0,5,4,1,0,sleeping,2081,2055,0,135168,1298442,47920
2025-05-20 04:32:34,22588,2195652608,33800192,0.0,0.10128313656641574,0,13,0.46,0.18,0.0,0.0,0.0,12566528,0,7,4,1,0,sleeping,2084,2058,0,135168,1300371,47992
2025-05-20 04:32:35,22588,2195652608,33931264,0.0,0.10167589715416724,0,13,0.46,0.18,0.0,0.0,0.0,12578816,0,6,4,1,0,sleeping,2087,2061,0,135168,1302300,48064
2025-05-20 04:32:36,22588,2195652608,33931264,0.0,0.10167589715416724,0,13,0.46,0.18,0.0,0.0,0.0,12578816,0,6,4,1,0,sleeping,2090,2065,0,135168,1304229,48168
2025-05-20 04:32:37,22588,2195652608,33931264,0.0,0.10167589715416724,0,13,0.46,0.18,0.0,0.0,0.0,12582912,0,6,4,1,0,sleeping,2096,2069,0,135168,1308087,48248
2025-05-20 04:32:38,22588,2195652608,33931264,0.0,0.10167589715416724,0,13,0.46,0.18,0.0,0.0,0.0,12582912,0,5,4,1,0,sleeping,2099,2072,0,135168,1310016,48320
2025-05-20 04:32:39,22588,2195652608,33931264,0.0,0.10167589715416724,0,13,0.46,0.18,0.0,0.0,0.0,12587008,0,5,4,1,0,sleeping,2103,2076,0,135168,1311953,48400
2025-05-20 04:32:40,22588,2195652608,33931264,0.9,0.10167589715416724,0,13,0.47,0.18,0.0,0.0,0.0,12587008,0,5,4,1,0,sleeping,2105,2079,0,135168,1313874,48496
2025-05-20 04:32:41,22588,2195652608,33931264,0.0,0.10167589715416724,0,13,0.47,0.18,0.0,0.0,0.0,12587008,0,5,4,1,0,sleeping,2108,2082,0,135168,1315803,48568
2025-05-20 04:32:43,22588,2195652608,33931264,0.0,0.10167589715416724,0,13,0.47,0.18,0.0,0.0,0.0,12607488,0,5,4,1,0,sleeping,2111,2085,0,135168,1317732,48640
2025-05-20 04:32:44,22588,2195652608,33931264,0.0,0.10167589715416724,0,13,0.47,0.18,0.0,0.0,0.0,12607488,0,5,4,1,0,sleeping,2114,2088,0,135168,1319661,48712
2025-05-20 04:32:45,22588,2195652608,33931264,0.0,0.10167589715416724,0,13,0.47,0.18,0.0,0.0,0.0,12636160,0,5,4,1,0,sleeping,2117,2092,0,135168,1321590,48816
2025-05-20 04:32:46,22588,2195652608,33931264,0.0,0.10167589715416724,0,13,0.47,0.18,0.0,0.0,0.0,12652544,0,5,4,1,0,sleeping,2123,2097,0,135168,1325447,48928
2025-05-20 04:32:48,22588,2195652608,33931264,0.0,0.10167589715416724,0,13,0.47,0.18,0.0,0.0,0.0,12652544,0,5,4,1,0,sleeping,2125,2099,0,135168,1327367,48992
2025-05-20 04:32:49,22588,2195652608,33931264,0.0,0.10167589715416724,0,13,0.47,0.18,0.0,0.0,0.0,12656640,0,5,4,1,0,sleeping,2129,2104,0,135168,1329304,49104
2025-05-20 04:32:50,22588,2195652608,33931264,0.9,0.10167589715416724,0,13,0.48,0.18,0.0,0.0,0.0,12660736,0,5,3,1,0,sleeping,2134,2107,0,135168,1333154,49176
2025-05-20 04:32:51,22588,2195652608,33931264,0.0,0.10167589715416724,0,13,0.48,0.18,0.0,0.0,0.0,12664832,0,5,4,1,0,sleeping,2138,2111,0,135168,1335091,49256
2025-05-20 04:32:52,22588,2195652608,33931264,0.0,0.10167589715416724,0,13,0.48,0.18,0.0,0.0,0.0,12673024,0,5,4,1,0,sleeping,2142,2115,0,135168,1337028,49336
2025-05-20 04:32:53,22588,2195652608,33931264,0.0,0.10167589715416724,0,13,0.48,0.18,0.0,0.0,0.0,12673024,0,5,4,1,0,sleeping,2145,2118,0,135168,1338957,49408
2025-05-20 04:32:54,22588,2195652608,33931264,0.0,0.10167589715416724,0,13,0.48,0.18,0.0,0.0,0.0,12673024,0,5,4,1,0,sleeping,2149,2123,0,135168,1340894,49520
2025-05-20 04:32:56,22588,2195652608,33931264,0.0,0.10167589715416724,0,13,0.48,0.18,0.0,0.0,0.0,12677120,0,5,4,1,0,sleeping,2152,2126,0,135168,1342823,49592
2025-05-20 04:32:57,22588,2195652608,33931264,0.0,0.10167589715416724,0,13,0.48,0.18,0.0,0.0,0.0,12677120,0,5,4,1,0,sleeping,2156,2130,0,135168,1344759,49672
2025-05-20 04:32:58,22588,2195652608,33931264,0.0,0.10167589715416724,0,13,0.48,0.18,0.0,0.0,0.0,12677120,0,5,4,1,0,sleeping,2161,2135,0,135168,1346703,49760
2025-05-20 04:32:59,22588,2195652608,33931264,0.0,0.10167589715416724,0,13,0.48,0.18,0.0,0.0,0.0,12677120,0,4,3,1,0,sleeping,2165,2140,0,135168,1348640,49872
2025-05-20 04:33:00,22588,2195652608,33931264,0.0,0.10167589715416724,0,13,0.48,0.18,0.0,0.0,0.0,12677120,0,4,3,1,0,sleeping,2170,2143,0,135168,1352490,49944
2025-05-20 04:33:01,22588,2195652608,33931264,0.0,0.10167589715416724,0,13,0.48,0.18,0.0,0.0,0.0,12677120,0,5,4,1,0,sleeping,2172,2145,0,135168,1354411,50008
2025-05-20 04:33:02,22588,2195652608,33931264,0.0,0.10167589715416724,0,13,0.48,0.18,0.0,0.0,0.0,12677120,0,5,4,1,0,sleeping,2175,2149,0,135168,1356340,50112
2025-05-20 04:33:04,22588,2195652608,33931264,0.0,0.10167589715416724,0,13,0.48,0.18,0.0,0.0,0.0,12677120,0,5,4,1,0,sleeping,2179,2153,0,135168,1358277,50192
2025-05-20 04:33:05,22588,2195652608,33931264,0.0,0.10167589715416724,0,13,0.48,0.18,0.0,0.0,0.0,12677120,0,5,4,1,0,sleeping,2182,2156,0,135168,1360206,50264
2025-05-20 04:33:06,22588,2195652608,33931264,0.0,0.10167589715416724,0,13,0.48,0.18,0.0,0.0,0.0,12677120,0,5,4,1,0,sleeping,2184,2158,0,139264,1362127,50328
2025-05-20 04:33:07,22588,2195652608,33931264,0.9,0.10167589715416724,0,13,0.49,0.18,0.0,0.0,0.0,12677120,0,5,4,1,0,sleeping,2189,2164,0,139264,1364072,50448
2025-05-20 04:33:08,22588,2195652608,33931264,0.0,0.10167589715416724,0,13,0.49,0.18,0.0,0.0,0.0,12677120,0,4,3,1,0,sleeping,2195,2168,0,139264,1367930,50528
2025-05-20 04:33:09,22588,2195652608,33931264,0.0,0.10167589715416724,0,13,0.49,0.18,0.0,0.0,0.0,12677120,0,4,3,1,0,sleeping,2198,2171,0,139264,1369859,50600
2025-05-20 04:33:10,22588,2195652608,33931264,0.0,0.10167589715416724,0,13,0.49,0.18,0.0,0.0,0.0,12677120,0,4,3,1,0,sleeping,2201,2174,0,139264,1371788,50672
2025-05-20 04:33:11,22588,2195652608,33931264,0.0,0.10167589715416724,0,13,0.49,0.18,0.0,0.0,0.0,12677120,0,5,4,1,0,sleeping,2206,2180,0,139264,1373733,50792
2025-05-20 04:33:13,22588,2195652608,33931264,0.0,0.10167589715416724,0,13,0.49,0.18,0.0,0.0,0.0,12677120,0,5,4,1,0,sleeping,2209,2183,0,139264,1375662,50864
2025-05-20 04:33:14,22588,2195652608,33931264,0.0,0.10167589715416724,0,13,0.49,0.18,0.0,0.0,0.0,12677120,0,5,4,1,0,sleeping,2213,2187,0,139264,1377599,50944
2025-05-20 04:33:15,22588,2195652608,33931264,0.0,0.10167589715416724,0,13,0.49,0.18,0.0,0.0,0.0,12488704,0,8,4,1,0,sleeping,2215,2189,0,139264,1379520,51008
2025-05-20 04:33:16,22588,2195652608,33931264,0.0,0.10167589715416724,0,13,0.49,0.18,0.0,0.0,0.0,12488704,0,7,4,1,0,sleeping,2217,2192,0,139264,1381441,51104
2025-05-20 04:33:17,22588,2195652608,33931264,0.0,0.10167589715416724,0,13,0.49,0.18,0.0,0.0,0.0,12488704,0,7,4,1,0,sleeping,2219,2194,0,139264,1383362,51168
2025-05-20 04:33:18,22588,2195652608,33931264,0.0,0.10167589715416724,0,13,0.49,0.18,0.0,0.0,0.0,12488704,0,7,4,1,0,sleeping,2224,2197,0,139264,1387212,51240
2025-05-20 04:33:19,22588,2195652608,33931264,0.0,0.10167589715416724,0,13,0.49,0.18,0.0,0.0,0.0,12488704,0,8,4,1,0,sleeping,2227,2200,0,139264,1389141,51312
2025-05-20 04:33:20,22588,2195652608,33931264,0.0,0.10167589715416724,0,13,0.49,0.18,0.0,0.0,0.0,12488704,0,7,4,1,0,sleeping,2229,2203,0,139264,1391062,51408
2025-05-20 04:33:21,22588,2195652608,33931264,0.9,0.10167589715416724,0,13,0.5,0.18,0.0,0.0,0.0,12488704,0,8,4,1,0,sleeping,2231,2205,0,143360,1392983,51472
2025-05-20 04:33:23,22588,2195652608,33931264,0.0,0.10167589715416724,0,13,0.5,0.18,0.0,0.0,0.0,12488704,0,7,4,1,0,sleeping,2233,2207,0,143360,1394904,51536
2025-05-20 04:33:24,22588,2195652608,33931264,0.0,0.10167589715416724,0,13,0.5,0.18,0.0,0.0,0.0,12488704,0,7,4,1,0,sleeping,2237,2212,0,143360,1396841,51648
2025-05-20 04:33:25,22588,2195652608,33931264,0.0,0.10167589715416724,0,13,0.5,0.18,0.0,0.0,0.0,12488704,0,8,4,1,0,sleeping,2239,2214,0,143360,1398762,51712
2025-05-20 04:33:26,22588,2195652608,33931264,0.0,0.10167589715416724,0,13,0.5,0.18,0.0,0.0,0.0,12488704,0,8,4,1,0,sleeping,2244,2217,0,143360,1402606,51784
2025-05-20 04:33:27,22588,2195652608,33931264,0.0,0.10167589715416724,0,13,0.5,0.18,0.0,0.0,0.0,12492800,0,8,4,1,0,sleeping,2246,2219,0,143360,1404527,51848
2025-05-20 04:33:28,22588,2195652608,33931264,0.0,0.10167589715416724,0,13,0.5,0.18,0.0,0.0,0.0,12496896,0,7,4,1,0,sleeping,2248,2222,0,143360,1406448,51944
2025-05-20 04:33:29,22588,2195652608,33931264,0.0,0.10167589715416724,0,13,0.5,0.18,0.0,0.0,0.0,12517376,0,7,4,1,0,sleeping,2251,2225,0,143360,1408377,52016
2025-05-20 04:33:31,22588,2195652608,33931264,0.0,0.10167589715416724,0,13,0.5,0.18,0.0,0.0,0.0,12517376,0,7,4,1,0,sleeping,2253,2227,0,143360,1410298,52080
2025-05-20 04:33:32,22588,2195652608,33931264,0.0,0.10167589715416724,0,13,0.5,0.18,0.0,0.0,0.0,12517376,0,7,4,1,0,sleeping,2256,2231,0,143360,1412227,52184
2025-05-20 04:33:33,22588,2195652608,33931264,0.6,0.10167589715416724,0,13,0.51,0.18,0.0,0.0,0.0,12529664,0,7,4,1,0,sleeping,2261,2235,0,143360,1416077,52288
2025-05-20 04:33:35,22588,2195652608,33931264,0.0,0.10167589715416724,0,13,0.51,0.18,0.0,0.0,0.0,12533760,0,7,4,1,0,sleeping,2268,2241,0,143360,1419943,52408
2025-05-20 04:33:36,22588,2195652608,33931264,0.0,0.10167589715416724,0,13,0.51,0.18,0.0,0.0,0.0,12546048,0,7,4,1,0,sleeping,2273,2247,0,143360,1421888,52528
2025-05-20 04:33:38,22588,2195652608,33931264,0.0,0.10167589715416724,0,13,0.51,0.18,0.0,0.0,0.0,12546048,0,7,4,1,0,sleeping,2277,2251,0,143360,1423825,52608
2025-05-20 04:33:39,22588,2195652608,33931264,0.0,0.10167589715416724,0,13,0.51,0.18,0.0,0.0,0.0,12546048,0,7,4,1,0,sleeping,2279,2253,0,147456,1425745,52672
2025-05-20 04:33:40,22588,2195652608,33931264,0.0,0.10167589715416724,0,13,0.51,0.18,0.0,0.0,0.0,12546048,0,7,4,1,0,sleeping,2281,2255,0,147456,1427665,52736
2025-05-20 04:33:41,22588,2195652608,33931264,0.0,0.10167589715416724,0,13,0.51,0.18,0.0,0.0,0.0,12562432,0,7,4,1,0,sleeping,2286,2261,0,147456,1429610,52856
2025-05-20 04:33:42,22588,2195652608,33931264,0.0,0.10167589715416724,0,13,0.51,0.18,0.0,0.0,0.0,12582912,0,7,4,1,0,sleeping,2289,2264,0,147456,1431539,52928
2025-05-20 04:33:43,22588,2195652608,33931264,0.9,0.10167589715416724,0,13,0.52,0.18,0.0,0.0,0.0,12582912,0,8,4,1,0,sleeping,2292,2267,0,147456,1433467,53000
2025-05-20 04:33:44,22588,2195652608,33931264,0.9,0.10167589715416724,0,13,0.52,0.19,0.0,0.0,0.0,12587008,0,8,4,1,0,sleeping,2297,2270,0,147456,1437316,53072
2025-05-20 04:33:45,22588,2195652608,33931264,0.0,0.10167589715416724,0,13,0.52,0.19,0.0,0.0,0.0,12587008,0,8,4,1,0,sleeping,2300,2273,0,147456,1439243,53144
2025-05-20 04:33:46,22588,2195652608,33931264,0.0,0.10167589715416724,0,13,0.52,0.19,0.0,0.0,0.0,12587008,0,8,4,1,0,sleeping,2302,2276,0,147456,1441162,53240
2025-05-20 04:33:47,22588,2195652608,33931264,0.0,0.10167589715416724,0,13,0.52,0.19,0.0,0.0,0.0,12587008,0,8,4,1,0,sleeping,2304,2278,0,147456,1443083,53304
2025-05-20 04:33:49,22588,2195652608,33931264,0.0,0.10167589715416724,0,13,0.52,0.19,0.0,0.0,0.0,12587008,0,8,4,1,0,sleeping,2306,2280,0,147456,1445003,53368
2025-05-20 04:33:50,22588,2195652608,33931264,0.0,0.10167589715416724,0,13,0.52,0.19,0.0,0.0,0.0,12587008,0,8,4,1,0,sleeping,2310,2284,0,147456,1446939,53448
2025-05-20 04:33:51,22588,2195652608,33931264,0.0,0.10167589715416724,0,13,0.52,0.19,0.0,0.0,0.0,12587008,0,8,4,1,0,sleeping,2314,2288,0,147456,1448875,53528
2025-05-20 04:33:52,22588,2195652608,33931264,0.0,0.10167589715416724,0,13,0.52,0.19,0.0,0.0,0.0,12587008,0,7,4,1,0,sleeping,2316,2291,0,147456,1450795,53624
2025-05-20 04:33:53,22588,2195652608,33931264,0.0,0.10167589715416724,0,13,0.52,0.19,0.0,0.0,0.0,12587008,0,7,4,1,0,sleeping,2318,2293,0,147456,1452716,53688
2025-05-20 04:33:54,22588,2195652608,33931264,0.0,0.10167589715416724,0,13,0.52,0.19,0.0,0.0,0.0,12587008,0,7,4,1,0,sleeping,2324,2297,0,147456,1456574,53768
2025-05-20 04:33:55,22588,2195652608,33931264,0.0,0.10167589715416724,0,13,0.52,0.19,0.0,0.0,0.0,12587008,0,7,4,1,0,sleeping,2328,2302,0,147456,1458511,53880
2025-05-20 04:33:57,22588,2195652608,33931264,0.6,0.10167589715416724,0,13,0.53,0.19,0.0,0.0,0.0,12587008,0,7,4,1,0,sleeping,2333,2307,0,147456,1462361,54016
2025-05-20 04:33:59,22588,2195652608,33931264,0.0,0.10167589715416724,0,13,0.53,0.19,0.0,0.0,0.0,12587008,0,7,4,1,0,sleeping,2335,2309,0,147456,1464282,54080
2025-05-20 04:34:00,22588,2195652608,33931264,0.0,0.10167589715416724,0,13,0.53,0.19,0.0,0.0,0.0,12587008,0,7,4,1,0,sleeping,2337,2312,0,147456,1466203,54176
2025-05-20 04:34:01,22588,2195652608,33931264,0.0,0.10167589715416724,0,13,0.53,0.19,0.0,0.0,0.0,12587008,0,7,4,1,0,sleeping,2341,2316,0,147456,1468140,54256
2025-05-20 04:34:02,22588,2195652608,33931264,0.0,0.10167589715416724,0,13,0.53,0.19,0.0,0.0,0.0,12587008,0,7,4,1,0,sleeping,2346,2319,0,147456,1471990,54328
2025-05-20 04:34:03,22588,2195652608,33931264,0.0,0.10167589715416724,0,13,0.53,0.19,0.0,0.0,0.0,12587008,0,7,4,1,0,sleeping,2350,2323,0,147456,1473927,54408
2025-05-20 04:34:04,22588,2195652608,33931264,0.0,0.10167589715416724,0,13,0.53,0.19,0.0,0.0,0.0,12587008,0,7,4,1,0,sleeping,2353,2327,0,147456,1475856,54512
2025-05-20 04:34:06,22588,2195652608,33931264,0.0,0.10167589715416724,0,13,0.53,0.19,0.0,0.0,0.0,12587008,0,7,4,1,0,sleeping,2356,2330,0,147456,1477785,54584
2025-05-20 04:34:07,22588,2195652608,33931264,0.9,0.10167589715416724,0,13,0.54,0.19,0.0,0.0,0.0,12587008,0,8,4,1,0,sleeping,2360,2334,0,147456,1479722,54664
2025-05-20 04:34:08,22588,2195652608,33931264,0.0,0.10167589715416724,0,13,0.54,0.19,0.0,0.0,0.0,12587008,0,8,4,1,0,sleeping,2363,2337,0,147456,1481651,54736
2025-05-20 04:34:09,22588,2195652608,33931264,0.0,0.10167589715416724,0,13,0.54,0.19,0.0,0.0,0.0,12587008,0,8,4,1,0,sleeping,2368,2343,0,147456,1483596,54856
2025-05-20 04:34:10,22588,2195652608,33931264,0.0,0.10167589715416724,0,13,0.54,0.19,0.0,0.0,0.0,12587008,0,8,4,1,0,sleeping,2371,2346,0,147456,1485525,54928
2025-05-20 04:34:11,22588,2195652608,33931264,0.0,0.10167589715416724,0,13,0.54,0.19,0.0,0.0,0.0,12587008,0,8,4,1,0,sleeping,2375,2350,0,147456,1487462,55008
2025-05-20 04:34:12,22588,2195652608,33931264,0.0,0.10167589715416724,0,13,0.54,0.19,0.0,0.0,0.0,12587008,0,8,4,1,0,sleeping,2380,2353,0,151552,1491312,55080
2025-05-20 04:34:13,22588,2195652608,33931264,0.0,0.10167589715416724,0,13,0.54,0.19,0.0,0.0,0.0,12587008,0,8,4,1,0,sleeping,2384,2358,0,151552,1493249,55192
2025-05-20 04:34:14,22588,2195652608,33931264,0.0,0.10167589715416724,0,13,0.54,0.19,0.0,0.0,0.0,12587008,0,8,4,1,0,sleeping,2387,2361,0,151552,1495178,55264
2025-05-20 04:34:16,22588,2195652608,33931264,0.0,0.10167589715416724,0,13,0.54,0.19,0.0,0.0,0.0,12587008,0,8,4,1,0,sleeping,2390,2364,0,151552,1497107,55336
2025-05-20 04:34:17,22588,2195652608,33931264,0.0,0.10167589715416724,0,13,0.54,0.19,0.0,0.0,0.0,12587008,0,8,4,1,0,sleeping,2395,2369,0,151552,1499052,55424
2025-05-20 04:34:18,22588,2195652608,33931264,0.0,0.10167589715416724,0,13,0.54,0.19,0.0,0.0,0.0,12587008,0,8,4,1,0,sleeping,2399,2374,0,151552,1500989,55536
2025-05-20 04:34:19,22588,2195652608,33931264,0.0,0.10167589715416724,0,13,0.54,0.19,0.0,0.0,0.0,12587008,0,8,4,1,0,sleeping,2402,2377,0,151552,1502918,55608
2025-05-20 04:34:20,22588,2195652608,33931264,0.0,0.10167589715416724,0,13,0.54,0.19,0.0,0.0,0.0,12587008,0,8,4,1,0,sleeping,2406,2379,0,151552,1506760,55672
2025-05-20 04:34:21,22588,2195652608,33931264,0.7,0.10167589715416724,0,13,0.55,0.19,0.0,0.0,0.0,12587008,0,8,4,1,0,sleeping,2408,2382,0,151552,1508681,55768
2025-05-20 04:34:23,22588,2195652608,33931264,0.0,0.10167589715416724,0,13,0.55,0.19,0.0,0.0,0.0,12587008,0,8,4,1,0,sleeping,2410,2385,0,151552,1510602,55864
2025-05-20 04:34:25,22588,2195652608,33931264,0.0,0.10167589715416724,0,13,0.55,0.19,0.0,0.0,0.0,12587008,0,8,4,1,0,sleeping,2414,2388,0,151552,1514444,55960
2025-05-20 04:34:26,22588,2195652608,33931264,0.0,0.10167589715416724,0,13,0.55,0.19,0.0,0.0,0.0,12587008,0,8,4,1,0,sleeping,2416,2390,0,155648,1516365,56024
2025-05-20 04:34:27,22588,2195652608,33931264,0.0,0.10167589715416724,0,13,0.55,0.19,0.0,0.0,0.0,12587008,0,8,4,1,0,sleeping,2420,2394,0,155648,1518302,56104
2025-05-20 04:34:28,22588,2195652608,33931264,0.0,0.10167589715416724,0,13,0.55,0.19,0.0,0.0,0.0,12587008,0,7,4,1,0,sleeping,2424,2399,0,155648,1520239,56216
2025-05-20 04:34:29,22588,2195652608,33931264,0.0,0.10167589715416724,0,13,0.55,0.19,0.0,0.0,0.0,12587008,0,7,4,1,0,sleeping,2429,2404,0,155648,1522184,56304
2025-05-20 04:34:30,22588,2195652608,33931264,0.0,0.10167589715416724,0,13,0.55,0.19,0.0,0.0,0.0,12587008,0,7,4,1,0,sleeping,2432,2407,0,155648,1524113,56376
2025-05-20 04:34:31,22588,2195652608,33931264,0.0,0.10167589715416724,0,13,0.55,0.19,0.0,0.0,0.0,12587008,0,7,4,1,0,sleeping,2439,2412,0,155648,1527979,56464
2025-05-20 04:34:32,22588,2195652608,33931264,0.0,0.10167589715416724,0,13,0.55,0.19,0.0,0.0,0.0,12587008,0,8,4,1,0,sleeping,2445,2419,0,155648,1529931,56592
2025-05-20 04:34:34,22588,2195652608,33931264,0.0,0.10167589715416724,0,13,0.55,0.19,0.0,0.0,0.0,12587008,0,8,4,1,0,sleeping,2448,2422,0,155648,1531859,56664
2025-05-20 04:34:35,22588,2195652608,33931264,0.0,0.10167589715416724,0,13,0.55,0.19,0.0,0.0,0.0,12587008,0,8,4,1,0,sleeping,2450,2424,0,155648,1533780,56728
2025-05-20 04:34:36,22588,2195652608,33931264,0.0,0.10167589715416724,0,13,0.55,0.19,0.0,0.0,0.0,12587008,0,8,4,1,0,sleeping,2452,2426,0,155648,1535701,56792
2025-05-20 04:34:37,22588,2195652608,33931264,0.0,0.10167589715416724,0,13,0.55,0.19,0.0,0.0,0.0,12587008,0,8,4,1,0,sleeping,2454,2429,0,155648,1537622,56888
2025-05-20 04:34:38,22588,2195652608,33931264,0.9,0.10167589715416724,0,13,0.56,0.19,0.0,0.0,0.0,12587008,0,8,4,1,0,sleeping,2456,2431,0,155648,1539543,56952
2025-05-20 04:34:39,22588,2195652608,33931264,0.0,0.10167589715416724,0,13,0.56,0.19,0.0,0.0,0.0,12587008,0,8,4,1,0,sleeping,2458,2433,0,155648,1541464,57016
2025-05-20 04:34:40,22588,2195652608,33931264,0.0,0.10167589715416724,0,13,0.56,0.19,0.0,0.0,0.0,12587008,0,8,4,1,0,sleeping,2461,2436,0,155648,1543393,57088
2025-05-20 04:34:41,22588,2195652608,33931264,0.0,0.10167589715416724,0,13,0.56,0.19,0.0,0.0,0.0,12587008,0,8,4,1,0,sleeping,2466,2440,0,155648,1547243,57192
2025-05-20 04:34:43,22588,2195652608,33931264,0.7,0.10167589715416724,0,13,0.56,0.2,0.0,0.0,0.0,12587008,0,8,4,1,0,sleeping,2469,2444,0,159744,1549172,57296
2025-05-20 04:34:44,22588,2195652608,33931264,0.0,0.10167589715416724,0,13,0.56,0.2,0.0,0.0,0.0,12587008,0,8,4,1,0,sleeping,2475,2449,0,159744,1553028,57408
2025-05-20 04:34:46,22588,2195652608,33931264,0.0,0.10167589715416724,0,13,0.56,0.2,0.0,0.0,0.0,12587008,0,8,4,1,0,sleeping,2478,2452,0,159744,1554957,57480
2025-05-20 04:34:47,22588,2195652608,33931264,0.0,0.10167589715416724,0,13,0.56,0.2,0.0,0.0,0.0,12587008,0,8,4,1,0,sleeping,2480,2454,0,159744,1556878,57544
2025-05-20 04:34:48,22588,2195652608,33931264,0.0,0.10167589715416724,0,13,0.56,0.2,0.0,0.0,0.0,12587008,0,8,4,1,0,sleeping,2483,2458,0,159744,1558807,57648
2025-05-20 04:34:49,22588,2195652608,33931264,0.0,0.10167589715416724,0,13,0.56,0.2,0.0,0.0,0.0,12587008,0,8,4,1,0,sleeping,2487,2462,0,159744,1560744,57728
2025-05-20 04:34:50,22588,2195652608,33931264,0.0,0.10167589715416724,0,13,0.56,0.2,0.0,0.0,0.0,12587008,0,8,4,1,0,sleeping,2491,2466,0,159744,1562680,57808
2025-05-20 04:34:51,22588,2195652608,33931264,0.0,0.10167589715416724,0,13,0.56,0.2,0.0,0.0,0.0,12587008,0,8,4,1,0,sleeping,2495,2470,0,159744,1564616,57888
2025-05-20 04:34:52,22588,2195652608,33931264,0.0,0.10167589715416724,0,13,0.56,0.2,0.0,0.0,0.0,12587008,0,8,4,1,0,sleeping,2502,2476,0,159744,1568482,58008
2025-05-20 04:34:53,22588,2195652608,33931264,0.0,0.10167589715416724,0,13,0.56,0.2,0.0,0.0,0.0,12587008,0,8,4,1,0,sleeping,2505,2479,0,159744,1570410,58080
2025-05-20 04:34:55,22588,2195652608,33931264,0.0,0.10167589715416724,0,13,0.56,0.2,0.0,0.0,0.0,12587008,0,8,4,1,0,sleeping,2509,2483,0,159744,1572346,58160
2025-05-20 04:34:56,22588,2195652608,33931264,0.0,0.10167589715416724,0,13,0.56,0.2,0.0,0.0,0.0,12587008,0,8,4,1,0,sleeping,2511,2485,0,159744,1574267,58224
2025-05-20 04:34:57,22588,2195652608,33931264,0.0,0.10167589715416724,0,13,0.56,0.2,0.0,0.0,0.0,12587008,0,8,4,1,0,sleeping,2514,2488,0,159744,1576196,58296
2025-05-20 04:34:58,22588,2195652608,33931264,0.0,0.10167589715416724,0,13,0.56,0.2,0.0,0.0,0.0,12591104,0,8,4,1,0,sleeping,2517,2492,0,159744,1578125,58400
2025-05-20 04:34:59,22588,2195652608,33931264,0.0,0.10167589715416724,0,13,0.56,0.2,0.0,0.0,0.0,12591104,0,8,4,1,0,sleeping,2520,2495,0,159744,1580054,58472
2025-05-20 04:35:00,22588,2195652608,34062336,0.0,0.10206865774191874,0,13,0.56,0.2,0.0,0.0,0.0,12607488,0,7,4,1,0,sleeping,2522,2497,0,159744,1581975,58536
2025-05-20 04:35:01,22588,2195652608,34062336,0.9,0.10206865774191874,0,13,0.57,0.2,0.0,0.0,0.0,12611584,0,7,4,1,0,sleeping,2525,2500,0,159744,1583904,58608
2025-05-20 04:35:02,22588,2195652608,34062336,0.0,0.10206865774191874,0,13,0.57,0.2,0.0,0.0,0.0,12611584,0,7,4,1,0,sleeping,2531,2505,0,159744,1587762,58720
2025-05-20 04:35:04,22588,2195652608,34062336,0.0,0.10206865774191874,0,13,0.57,0.2,0.0,0.0,0.0,12611584,0,7,4,1,0,sleeping,2534,2508,0,159744,1589691,58792
2025-05-20 04:35:05,22588,2195652608,34062336,0.0,0.10206865774191874,0,13,0.57,0.2,0.0,0.0,0.0,12615680,0,7,4,1,0,sleeping,2537,2512,0,159744,1591620,58896
2025-05-20 04:35:06,22588,2195652608,34062336,0.0,0.10206865774191874,0,13,0.57,0.2,0.0,0.0,0.0,12615680,0,7,4,1,0,sleeping,2542,2516,0,159744,1595469,59000
2025-05-20 04:35:08,22588,2195652608,34062336,0.6,0.10206865774191874,0,13,0.58,0.2,0.0,0.0,0.0,12615680,0,8,4,1,0,sleeping,2546,2521,0,159744,1597405,59112
2025-05-20 04:35:10,22588,2195652608,34062336,0.0,0.10206865774191874,0,13,0.58,0.2,0.0,0.0,0.0,12615680,0,8,4,1,0,sleeping,2552,2526,0,159744,1601262,59224
2025-05-20 04:35:11,22588,2195652608,34062336,0.0,0.10206865774191874,0,13,0.58,0.2,0.0,0.0,0.0,12615680,0,8,4,1,0,sleeping,2555,2529,0,159744,1603190,59296
2025-05-20 04:35:12,22588,2195652608,34062336,0.0,0.10206865774191874,0,13,0.58,0.2,0.0,0.0,0.0,12615680,0,7,4,1,0,sleeping,2558,2533,0,159744,1605119,59400
2025-05-20 04:35:13,22588,2195652608,34062336,0.0,0.10206865774191874,0,13,0.58,0.2,0.0,0.0,0.0,12615680,0,7,4,1,0,sleeping,2561,2536,0,163840,1607048,59472
2025-05-20 04:35:14,22588,2195652608,34062336,0.0,0.10206865774191874,0,13,0.58,0.2,0.0,0.0,0.0,12615680,0,7,4,1,0,sleeping,2564,2539,0,163840,1608977,59544
2025-05-20 04:35:15,22588,2195652608,34062336,0.0,0.10206865774191874,0,13,0.58,0.2,0.0,0.0,0.0,12615680,0,7,4,1,0,sleeping,2567,2542,0,163840,1610906,59616
2025-05-20 04:35:16,22588,2195652608,34062336,0.0,0.10206865774191874,0,13,0.58,0.2,0.0,0.0,0.0,12615680,0,7,4,1,0,sleeping,2571,2547,0,163840,1612843,59728
2025-05-20 04:35:17,22588,2195652608,34062336,0.9,0.10206865774191874,0,13,0.58,0.21,0.0,0.0,0.0,12615680,0,7,4,1,0,sleeping,2576,2550,0,163840,1616693,59800
2025-05-20 04:35:19,22588,2195652608,34062336,0.0,0.10206865774191874,0,13,0.58,0.21,0.0,0.0,0.0,12615680,0,7,4,1,0,sleeping,2578,2552,0,163840,1618614,59864
2025-05-20 04:35:20,22588,2195652608,34062336,0.0,0.10206865774191874,0,13,0.58,0.21,0.0,0.0,0.0,12615680,0,7,4,1,0,sleeping,2581,2555,0,163840,1620543,59936
2025-05-20 04:35:21,22588,2195652608,34062336,0.0,0.10206865774191874,0,13,0.58,0.21,0.0,0.0,0.0,12615680,0,7,4,1,0,sleeping,2584,2558,0,163840,1622471,60008
2025-05-20 04:35:22,22588,2195652608,34062336,0.0,0.10206865774191874,0,13,0.58,0.21,0.0,0.0,0.0,12615680,0,8,4,1,0,sleeping,2588,2563,0,163840,1624407,60120
2025-05-20 04:35:23,22588,2195652608,34062336,0.0,0.10206865774191874,0,13,0.58,0.21,0.0,0.0,0.0,12615680,0,8,4,1,0,sleeping,2591,2566,0,163840,1626336,60192
2025-05-20 04:35:24,22588,2195652608,34062336,0.0,0.10206865774191874,0,13,0.58,0.21,0.0,0.0,0.0,12615680,0,7,4,1,0,sleeping,2595,2570,0,163840,1628273,60272
2025-05-20 04:35:26,22588,2195652608,34062336,0.7,0.10206865774191874,0,13,0.59,0.21,0.0,0.0,0.0,12615680,0,7,4,1,0,sleeping,2601,2575,0,163840,1632131,60384
2025-05-20 04:35:27,22588,2195652608,34062336,0.0,0.10206865774191874,0,13,0.59,0.21,0.0,0.0,0.0,12615680,0,8,4,1,0,sleeping,2606,2581,0,163840,1634075,60504
2025-05-20 04:35:28,22588,2195652608,34062336,0.0,0.10206865774191874,0,13,0.59,0.21,0.0,0.0,0.0,12615680,0,7,4,1,0,sleeping,2610,2586,0,163840,1636011,60616
2025-05-20 04:35:30,22588,2195652608,34062336,0.0,0.10206865774191874,0,13,0.59,0.21,0.0,0.0,0.0,12615680,0,7,4,1,0,sleeping,2615,2589,0,167936,1639861,60688
2025-05-20 04:35:31,22588,2195652608,34062336,0.0,0.10206865774191874,0,13,0.59,0.21,0.0,0.0,0.0,12615680,0,8,4,1,0,sleeping,2617,2591,0,167936,1641782,60752
2025-05-20 04:35:32,22588,2195652608,34062336,0.0,0.10206865774191874,0,13,0.59,0.21,0.0,0.0,0.0,12615680,0,8,4,1,0,sleeping,2620,2595,0,167936,1643711,60856
2025-05-20 04:35:33,22588,2195652608,34062336,0.0,0.10206865774191874,0,13,0.59,0.21,0.0,0.0,0.0,12615680,0,7,4,1,0,sleeping,2623,2598,0,167936,1645640,60928
2025-05-20 04:35:34,22588,2195652608,34062336,0.0,0.10206865774191874,0,13,0.59,0.21,0.0,0.0,0.0,12615680,0,7,4,1,0,sleeping,2626,2601,0,167936,1647569,61000
2025-05-20 04:35:35,22588,2195652608,34062336,0.0,0.10206865774191874,0,13,0.59,0.21,0.0,0.0,0.0,12615680,0,7,4,1,0,sleeping,2630,2605,0,167936,1649506,61080
2025-05-20 04:35:36,22588,2195652608,34062336,0.0,0.10206865774191874,0,13,0.59,0.21,0.0,0.0,0.0,12615680,0,7,4,1,0,sleeping,2634,2609,0,167936,1651443,61160
2025-05-20 04:35:37,22588,2195652608,34062336,0.0,0.10206865774191874,0,13,0.59,0.21,0.0,0.0,0.0,12623872,0,7,4,1,0,sleeping,2639,2615,0,167936,1653388,61280
2025-05-20 04:35:39,22588,2195652608,34062336,0.0,0.10206865774191874,0,13,0.59,0.21,0.0,0.0,0.0,12623872,0,7,4,1,0,sleeping,2644,2618,0,167936,1657238,61352
2025-05-20 04:35:40,22588,2195652608,34062336,0.0,0.10206865774191874,0,13,0.59,0.21,0.0,0.0,0.0,12623872,0,7,4,1,0,sleeping,2648,2622,0,167936,1659174,61432
2025-05-20 04:35:41,22588,2195652608,34062336,0.0,0.10206865774191874,0,13,0.59,0.21,0.0,0.0,0.0,12623872,0,8,4,1,0,sleeping,2650,2624,0,167936,1661094,61496
2025-05-20 04:35:42,22588,2195652608,34062336,0.9,0.10206865774191874,0,13,0.6,0.21,0.0,0.0,0.0,12623872,0,7,4,1,0,sleeping,2654,2629,0,167936,1663031,61608
2025-05-20 04:35:43,22588,2195652608,34062336,0.0,0.10206865774191874,0,13,0.6,0.21,0.0,0.0,0.0,12623872,0,7,4,1,0,sleeping,2658,2633,0,167936,1664968,61688
2025-05-20 04:35:44,22588,2195652608,34062336,0.0,0.10206865774191874,0,13,0.6,0.21,0.0,0.0,0.0,12623872,0,7,4,1,0,sleeping,2662,2637,0,172032,1666905,61768
2025-05-20 04:35:45,22588,2195652608,34062336,0.0,0.10206865774191874,0,13,0.6,0.21,0.0,0.0,0.0,12623872,0,8,4,1,0,sleeping,2664,2639,0,172032,1668826,61832
2025-05-20 04:35:46,22588,2195652608,34062336,0.0,0.10206865774191874,0,13,0.6,0.21,0.0,0.0,0.0,12623872,0,8,4,1,0,sleeping,2670,2644,0,172032,1672684,61944
2025-05-20 04:35:48,22588,2195652608,34062336,0.0,0.10206865774191874,0,13,0.6,0.21,0.0,0.0,0.0,12623872,0,7,4,1,0,sleeping,2675,2650,0,172032,1674629,62064
2025-05-20 04:35:49,22588,2195652608,34062336,0.0,0.10206865774191874,0,13,0.6,0.21,0.0,0.0,0.0,12623872,0,7,4,1,0,sleeping,2678,2654,0,172032,1676558,62168
2025-05-20 04:35:51,22588,2195652608,34062336,0.0,0.10206865774191874,0,13,0.6,0.21,0.0,0.0,0.0,12623872,0,8,4,1,0,sleeping,2683,2657,0,172032,1680406,62240
2025-05-20 04:35:52,22588,2195652608,34062336,0.0,0.10206865774191874,0,13,0.6,0.21,0.0,0.0,0.0,12627968,0,7,4,1,0,sleeping,2687,2662,0,172032,1682343,62352
2025-05-20 04:35:53,22588,2195652608,34062336,0.0,0.10206865774191874,0,13,0.6,0.21,0.0,0.0,0.0,12627968,0,7,4,1,0,sleeping,2691,2666,0,172032,1684280,62432
2025-05-20 04:35:54,22588,2195652608,34062336,0.9,0.10206865774191874,0,13,0.61,0.21,0.0,0.0,0.0,12627968,0,7,4,1,0,sleeping,2694,2669,0,172032,1686209,62504
2025-05-20 04:35:55,22588,2195652608,34062336,0.0,0.10206865774191874,0,13,0.61,0.21,0.0,0.0,0.0,12627968,0,7,4,1,0,sleeping,2697,2672,0,172032,1688138,62576
2025-05-20 04:35:56,22588,2195652608,34062336,0.0,0.10206865774191874,0,13,0.61,0.21,0.0,0.0,0.0,12627968,0,7,4,1,0,sleeping,2699,2675,0,172032,1690059,62672
2025-05-20 04:35:58,22588,2195652608,34062336,0.0,0.10206865774191874,0,13,0.61,0.21,0.0,0.0,0.0,12627968,0,8,4,1,0,sleeping,2701,2677,0,172032,1691980,62736
2025-05-20 04:35:59,22588,2195652608,34062336,0.0,0.10206865774191874,0,13,0.61,0.21,0.0,0.0,0.0,12627968,0,7,4,1,0,sleeping,2706,2680,0,172032,1695830,62808
2025-05-20 04:36:00,22588,2195652608,34062336,0.0,0.10206865774191874,0,13,0.61,0.21,0.0,0.0,0.0,12627968,0,7,4,1,0,sleeping,2709,2683,0,172032,1697759,62880
2025-05-20 04:36:01,22588,2195652608,34062336,0.0,0.10206865774191874,0,13,0.61,0.21,0.0,0.0,0.0,12627968,0,7,4,1,0,sleeping,2713,2688,0,172032,1699696,62992
2025-05-20 04:36:02,22588,2195652608,34062336,0.0,0.10206865774191874,0,13,0.61,0.21,0.0,0.0,0.0,12627968,0,7,4,1,0,sleeping,2717,2692,0,172032,1701633,63072
2025-05-20 04:36:03,22588,2195652608,34062336,0.8,0.10206865774191874,0,13,0.61,0.22,0.0,0.0,0.0,12627968,0,7,4,1,0,sleeping,2720,2695,0,172032,1703562,63144
2025-05-20 04:36:05,22588,2195652608,34062336,0.0,0.10206865774191874,0,13,0.61,0.22,0.0,0.0,0.0,12627968,0,8,4,1,0,sleeping,2727,2701,0,172032,1707428,63264
2025-05-20 04:36:06,22588,2195652608,34062336,0.0,0.10206865774191874,0,13,0.61,0.22,0.0,0.0,0.0,12627968,0,8,4,1,0,sleeping,2731,2706,0,172032,1709365,63376
2025-05-20 04:36:07,22588,2195652608,34062336,0.0,0.10206865774191874,0,13,0.61,0.22,0.0,0.0,0.0,12627968,0,8,4,1,0,sleeping,2734,2709,0,172032,1711293,63448
2025-05-20 04:36:08,22588,2195652608,34062336,0.0,0.10206865774191874,0,13,0.61,0.22,0.0,0.0,0.0,12627968,0,8,4,1,0,sleeping,2737,2713,0,172032,1713221,63552
2025-05-20 04:36:09,22588,2195652608,34062336,0.0,0.10206865774191874,0,13,0.61,0.22,0.0,0.0,0.0,12627968,0,8,4,1,0,sleeping,2741,2717,0,172032,1715158,63632
2025-05-20 04:36:11,22588,2195652608,34062336,0.0,0.10206865774191874,0,13,0.61,0.22,0.0,0.0,0.0,12627968,0,8,4,1,0,sleeping,2746,2720,0,172032,1719008,63704
2025-05-20 04:36:12,22588,2195652608,34062336,0.0,0.10206865774191874,0,13,0.61,0.22,0.0,0.0,0.0,12627968,0,7,4,1,0,sleeping,2749,2723,0,172032,1720937,63776
2025-05-20 04:36:13,22588,2195652608,34062336,0.9,0.10206865774191874,0,13,0.62,0.22,0.0,0.0,0.0,12627968,0,8,4,1,0,sleeping,2752,2726,0,172032,1722866,63848
2025-05-20 04:36:14,22588,2195652608,34062336,0.0,0.10206865774191874,0,13,0.62,0.22,0.0,0.0,0.0,12627968,0,7,4,1,0,sleeping,2756,2731,0,172032,1724803,63960
2025-05-20 04:36:15,22588,2195652608,34062336,0.0,0.10206865774191874,0,13,0.62,0.22,0.0,0.0,0.0,12627968,0,8,4,1,0,sleeping,2760,2735,0,176128,1726739,64040
2025-05-20 04:36:16,22588,2195652608,34062336,0.0,0.10206865774191874,0,13,0.62,0.22,0.0,0.0,0.0,12627968,0,8,4,1,0,sleeping,2764,2739,0,176128,1728675,64120
2025-05-20 04:36:17,22588,2195652608,34062336,0.0,0.10206865774191874,0,13,0.62,0.22,0.0,0.0,0.0,12627968,0,8,4,1,0,sleeping,2767,2742,0,176128,1730604,64192
2025-05-20 04:36:18,22588,2195652608,34062336,0.0,0.10206865774191874,0,13,0.62,0.22,0.0,0.0,0.0,12627968,0,8,4,1,0,sleeping,2770,2746,0,176128,1732532,64296
2025-05-20 04:36:20,22588,2195652608,34062336,0.0,0.10206865774191874,0,13,0.62,0.22,0.0,0.0,0.0,12627968,0,8,4,1,0,sleeping,2773,2749,0,176128,1734459,64368
2025-05-20 04:36:21,22588,2195652608,34062336,0.0,0.10206865774191874,0,13,0.62,0.22,0.0,0.0,0.0,12627968,0,8,4,1,0,sleeping,2778,2752,0,176128,1738308,64440
2025-05-20 04:36:22,22588,2195652608,34062336,0.0,0.10206865774191874,0,13,0.62,0.22,0.0,0.0,0.0,12627968,0,8,4,1,0,sleeping,2782,2756,0,176128,1740245,64520
2025-05-20 04:36:23,22588,2195652608,34062336,0.0,0.10206865774191874,0,13,0.62,0.22,0.0,0.0,0.0,12627968,0,8,4,1,0,sleeping,2786,2761,0,176128,1742182,64632
2025-05-20 04:36:24,22588,2195652608,34062336,0.0,0.10206865774191874,0,13,0.62,0.22,0.0,0.0,0.0,12627968,0,8,4,1,0,sleeping,2793,2767,0,176128,1746048,64752
2025-05-20 04:36:26,22588,2195652608,34062336,0.6,0.10206865774191874,0,13,0.62,0.23,0.0,0.0,0.0,12627968,0,8,4,1,0,sleeping,2796,2771,0,176128,1747977,64856
2025-05-20 04:36:28,22588,2195652608,34062336,0.0,0.10206865774191874,0,13,0.62,0.23,0.0,0.0,0.0,12627968,0,8,4,1,0,sleeping,2803,2777,0,176128,1751842,64976
2025-05-20 04:36:29,22588,2195652608,34062336,0.0,0.10206865774191874,0,13,0.62,0.23,0.0,0.0,0.0,12627968,0,8,4,1,0,sleeping,2807,2781,0,176128,1753777,65056
2025-05-20 04:36:30,22588,2195652608,33738752,0.0,0.10109903004090724,0,13,0.62,0.23,0.0,0.0,0.0,12300288,0,7,4,1,0,sleeping,2811,2786,0,176128,1755713,65168
2025-05-20 04:36:31,22588,2195652608,33738752,0.0,0.10109903004090724,0,13,0.62,0.23,0.0,0.0,0.0,12300288,0,7,4,1,0,sleeping,2814,2789,0,176128,1757642,65240
2025-05-20 04:36:32,22588,2195652608,33738752,0.0,0.10109903004090724,0,13,0.62,0.23,0.0,0.0,0.0,12300288,0,7,4,1,0,sleeping,2817,2792,0,176128,1759571,65312
2025-05-20 04:36:33,22588,2195652608,33738752,0.0,0.10109903004090724,0,13,0.62,0.23,0.0,0.0,0.0,12300288,0,7,4,1,0,sleeping,2820,2795,0,176128,1761500,65384
2025-05-20 04:36:34,22588,2195652608,33738752,0.0,0.10109903004090724,0,13,0.62,0.23,0.0,0.0,0.0,12300288,0,6,4,1,0,sleeping,2823,2798,0,180224,1763429,65456
2025-05-20 04:36:35,22588,2195652608,33738752,0.9,0.10109903004090724,0,13,0.62,0.24,0.0,0.0,0.0,12300288,0,6,4,1,0,sleeping,2827,2803,0,180224,1765366,65568
2025-05-20 04:36:37,22588,2195652608,33738752,0.0,0.10109903004090724,0,13,0.62,0.24,0.0,0.0,0.0,12300288,0,6,4,1,0,sleeping,2830,2806,0,180224,1767295,65640
2025-05-20 04:36:38,22588,2195652608,33738752,0.0,0.10109903004090724,0,13,0.62,0.24,0.0,0.0,0.0,12300288,0,6,4,1,0,sleeping,2833,2809,0,180224,1769224,65712
2025-05-20 04:36:39,22588,2195652608,33738752,0.0,0.10109903004090724,0,13,0.62,0.24,0.0,0.0,0.0,12300288,0,6,4,1,0,sleeping,2838,2812,0,180224,1773074,65784
2025-05-20 04:36:40,22588,2195652608,33738752,0.0,0.10109903004090724,0,13,0.62,0.24,0.0,0.0,0.0,12300288,0,6,4,1,0,sleeping,2841,2816,0,180224,1775003,65888
2025-05-20 04:36:41,22588,2195652608,33738752,0.0,0.10109903004090724,0,13,0.62,0.24,0.0,0.0,0.0,12300288,0,6,4,1,0,sleeping,2844,2819,0,180224,1776932,65960
2025-05-20 04:36:42,22588,2195652608,33738752,0.0,0.10109903004090724,0,13,0.62,0.24,0.0,0.0,0.0,12304384,0,6,4,1,0,sleeping,2847,2822,0,180224,1778861,66032
2025-05-20 04:36:43,22588,2195652608,33738752,0.0,0.10109903004090724,0,13,0.62,0.24,0.0,0.0,0.0,12304384,0,6,4,1,0,sleeping,2851,2826,0,180224,1780798,66112
2025-05-20 04:36:44,22588,2195652608,33738752,0.0,0.10109903004090724,0,13,0.62,0.24,0.0,0.0,0.0,12304384,0,6,4,1,0,sleeping,2855,2831,0,180224,1782735,66224
2025-05-20 04:36:45,22588,2195652608,33738752,0.0,0.10109903004090724,0,13,0.62,0.24,0.0,0.0,0.0,12304384,0,6,4,1,0,sleeping,2859,2835,0,180224,1784672,66304
2025-05-20 04:36:47,22588,2195652608,33738752,0.0,0.10109903004090724,0,13,0.62,0.24,0.0,0.0,0.0,12304384,0,6,4,1,0,sleeping,2866,2841,0,180224,1788538,66424
2025-05-20 04:36:48,22588,2195652608,33738752,0.7,0.10109903004090724,0,13,0.63,0.24,0.0,0.0,0.0,12304384,0,7,4,1,0,sleeping,2871,2847,0,180224,1790483,66544
2025-05-20 04:36:50,22588,2195652608,33738752,0.0,0.10109903004090724,0,13,0.63,0.24,0.0,0.0,0.0,12304384,0,6,4,1,0,sleeping,2877,2852,0,184320,1794341,66656
2025-05-20 04:36:51,22588,2195652608,33738752,0.0,0.10109903004090724,0,13,0.63,0.24,0.0,0.0,0.0,12304384,0,6,4,1,0,sleeping,2881,2856,0,184320,1796277,66736
2025-05-20 04:36:52,22588,2195652608,33738752,0.0,0.10109903004090724,0,13,0.63,0.24,0.0,0.0,0.0,12304384,0,6,4,1,0,sleeping,2885,2861,0,184320,1798213,66848
2025-05-20 04:36:53,22588,2195652608,33738752,0.0,0.10109903004090724,0,13,0.63,0.24,0.0,0.0,0.0,12304384,0,7,4,1,0,sleeping,2889,2865,0,184320,1800150,66928
2025-05-20 04:36:55,22588,2195652608,33738752,0.0,0.10109903004090724,0,13,0.63,0.24,0.0,0.0,0.0,12304384,0,6,4,1,0,sleeping,2892,2868,0,184320,1802079,67000
2025-05-20 04:36:56,22588,2195652608,33738752,0.0,0.10109903004090724,0,13,0.63,0.24,0.0,0.0,0.0,12304384,0,6,4,1,0,sleeping,2898,2872,0,184320,1805937,67080
2025-05-20 04:36:57,22588,2195652608,33738752,0.0,0.10109903004090724,0,13,0.63,0.24,0.0,0.0,0.0,12304384,0,6,4,1,0,sleeping,2900,2874,0,184320,1807858,67144
2025-05-20 04:36:58,22588,2195652608,33738752,0.9,0.10109903004090724,0,13,0.63,0.25,0.0,0.0,0.0,12304384,0,7,4,1,0,sleeping,2904,2879,0,184320,1809795,67256
2025-05-20 04:36:59,22588,2195652608,33738752,0.0,0.10109903004090724,0,13,0.63,0.25,0.0,0.0,0.0,12304384,0,7,4,1,0,sleeping,2907,2882,0,184320,1811724,67328
2025-05-20 04:37:00,22588,2195652608,33738752,0.0,0.10109903004090724,0,13,0.63,0.25,0.0,0.0,0.0,12304384,0,7,4,1,0,sleeping,2910,2885,0,184320,1813653,67400
2025-05-20 04:37:01,22588,2195652608,33738752,0.0,0.10109903004090724,0,13,0.63,0.25,0.0,0.0,0.0,12304384,0,6,4,1,0,sleeping,2914,2890,0,184320,1815590,67512
2025-05-20 04:37:03,22588,2195652608,33738752,0.0,0.10109903004090724,0,13,0.63,0.25,0.0,0.0,0.0,12304384,0,6,4,1,0,sleeping,2917,2893,0,184320,1817518,67584
2025-05-20 04:37:04,22588,2195652608,33738752,0.9,0.10109903004090724,0,13,0.64,0.25,0.0,0.0,0.0,12304384,0,7,4,1,0,sleeping,2920,2896,0,184320,1819446,67656
2025-05-20 04:37:05,22588,2195652608,33738752,0.0,0.10109903004090724,0,13,0.64,0.25,0.0,0.0,0.0,12304384,0,7,4,1,0,sleeping,2925,2899,0,184320,1823296,67728
2025-05-20 04:37:06,22588,2195652608,33738752,0.0,0.10109903004090724,0,13,0.64,0.25,0.0,0.0,0.0,12304384,0,7,4,1,0,sleeping,2929,2904,0,184320,1825233,67840
2025-05-20 04:37:07,22588,2195652608,33738752,0.0,0.10109903004090724,0,13,0.64,0.25,0.0,0.0,0.0,12304384,0,7,4,1,0,sleeping,2933,2908,0,184320,1827170,67920
2025-05-20 04:37:08,22588,2195652608,33738752,0.0,0.10109903004090724,0,13,0.64,0.25,0.0,0.0,0.0,12304384,0,7,4,1,0,sleeping,2936,2911,0,184320,1829099,67992
2025-05-20 04:37:09,22588,2195652608,33738752,0.0,0.10109903004090724,0,13,0.64,0.25,0.0,0.0,0.0,12304384,0,7,4,1,0,sleeping,2939,2914,0,184320,1831028,68064
2025-05-20 04:37:10,22588,2195652608,33738752,0.0,0.10109903004090724,0,13,0.64,0.25,0.0,0.0,0.0,12304384,0,7,4,1,0,sleeping,2944,2920,0,184320,1832972,68184
2025-05-20 04:37:12,22588,2195652608,33738752,0.0,0.10109903004090724,0,13,0.64,0.25,0.0,0.0,0.0,12304384,0,6,4,1,0,sleeping,2949,2924,0,184320,1836821,68288
2025-05-20 04:37:13,22588,2195652608,33738752,0.6,0.10109903004090724,0,13,0.65,0.25,0.0,0.0,0.0,12304384,0,6,4,1,0,sleeping,2953,2929,0,184320,1838758,68400
2025-05-20 04:37:15,22588,2195652608,33738752,0.0,0.10109903004090724,0,13,0.65,0.25,0.0,0.0,0.0,12304384,0,6,4,1,0,sleeping,2960,2935,0,184320,1842624,68520
2025-05-20 04:37:17,22588,2195652608,33738752,0.0,0.10109903004090724,0,13,0.65,0.25,0.0,0.0,0.0,12304384,0,6,4,1,0,sleeping,2968,2943,0,184320,1846498,68680
2025-05-20 04:37:18,22588,2195652608,33738752,0.8,0.10109903004090724,0,13,0.66,0.25,0.0,0.0,0.0,12304384,0,6,4,1,0,sleeping,2971,2946,0,184320,1848427,68752
2025-05-20 04:37:19,22588,2195652608,33738752,0.0,0.10109903004090724,0,13,0.66,0.25,0.0,0.0,0.0,12304384,0,6,4,1,0,sleeping,2974,2949,0,184320,1850356,68824
2025-05-20 04:37:20,22588,2195652608,33738752,0.0,0.10109903004090724,0,13,0.66,0.25,0.0,0.0,0.0,12304384,0,7,4,1,0,sleeping,2978,2953,0,184320,1852293,68904
2025-05-20 04:37:21,22588,2195652608,33738752,0.0,0.10109903004090724,0,13,0.66,0.25,0.0,0.0,0.0,12304384,0,7,4,1,0,sleeping,2982,2958,0,184320,1854229,69016
2025-05-20 04:37:23,22588,2195652608,33738752,0.0,0.10109903004090724,0,13,0.66,0.25,0.0,0.0,0.0,12304384,0,7,4,1,0,sleeping,2985,2961,0,184320,1856157,69088
2025-05-20 04:37:24,22588,2195652608,33738752,0.0,0.10109903004090724,0,13,0.66,0.25,0.0,0.0,0.0,12304384,0,7,4,1,0,sleeping,2988,2964,0,184320,1858086,69160
2025-05-20 04:37:25,22588,2195652608,33738752,0.0,0.10109903004090724,0,13,0.66,0.25,0.0,0.0,0.0,12304384,0,7,4,1,0,sleeping,2994,2968,0,184320,1861944,69240
2025-05-20 04:37:26,22588,2195652608,33738752,0.0,0.10109903004090724,0,13,0.66,0.25,0.0,0.0,0.0,12304384,0,8,4,1,0,sleeping,2998,2973,0,188416,1863881,69352
2025-05-20 04:37:27,22588,2195652608,33738752,0.0,0.10109903004090724,0,13,0.66,0.25,0.0,0.0,0.0,12304384,0,8,4,1,0,sleeping,3002,2977,0,188416,1865818,69432
2025-05-20 04:37:28,22588,2195652608,33738752,0.0,0.10109903004090724,0,13,0.66,0.25,0.0,0.0,0.0,12304384,0,8,4,1,0,sleeping,3006,2981,0,188416,1867756,69512
2025-05-20 04:37:29,22588,2195652608,33738752,0.0,0.10109903004090724,0,13,0.66,0.25,0.0,0.0,0.0,12304384,0,8,4,1,0,sleeping,3008,2983,0,188416,1869678,69576
2025-05-20 04:37:30,22588,2195652608,33738752,0.0,0.10109903004090724,0,13,0.66,0.25,0.0,0.0,0.0,12304384,0,7,4,1,0,sleeping,3012,2988,0,188416,1871615,69688
2025-05-20 04:37:31,22588,2195652608,33738752,0.0,0.10109903004090724,0,13,0.66,0.25,0.0,0.0,0.0,12304384,0,8,4,1,0,sleeping,3016,2992,0,188416,1873552,69768
2025-05-20 04:37:33,22588,2195652608,33738752,0.0,0.10109903004090724,0,13,0.66,0.25,0.0,0.0,0.0,12304384,0,8,4,1,0,sleeping,3019,2995,0,188416,1875482,69840
2025-05-20 04:37:34,22588,2195652608,33738752,0.0,0.10109903004090724,0,13,0.66,0.25,0.0,0.0,0.0,12304384,0,8,4,1,0,sleeping,3025,3000,0,188416,1879342,69952
2025-05-20 04:37:35,22588,2195652608,33738752,0.6,0.10109903004090724,0,13,0.67,0.25,0.0,0.0,0.0,12304384,0,7,4,1,0,sleeping,3028,3004,0,188416,1881272,70056
2025-05-20 04:37:37,22588,2195652608,33738752,0.0,0.10109903004090724,0,13,0.67,0.25,0.0,0.0,0.0,12304384,0,7,4,1,0,sleeping,3034,3009,0,188416,1885131,70168
2025-05-20 04:37:38,22588,2195652608,33738752,0.0,0.10109903004090724,0,13,0.67,0.25,0.0,0.0,0.0,12304384,0,8,4,1,0,sleeping,3038,3014,0,192512,1887068,70280
2025-05-20 04:37:39,22588,2195652608,33738752,0.0,0.10109903004090724,0,13,0.67,0.25,0.0,0.0,0.0,12304384,0,7,4,1,0,sleeping,3041,3017,0,192512,1888998,70352
2025-05-20 04:37:41,22588,2195652608,33738752,0.0,0.10109903004090724,0,13,0.67,0.25,0.0,0.0,0.0,12304384,0,7,4,1,0,sleeping,3045,3021,0,192512,1890935,70432
2025-05-20 04:37:42,22588,2195652608,33738752,0.0,0.10109903004090724,0,13,0.67,0.25,0.0,0.0,0.0,12304384,0,7,4,1,0,sleeping,3048,3024,0,192512,1892864,70504
2025-05-20 04:37:43,22588,2195652608,33738752,0.0,0.10109903004090724,0,13,0.67,0.25,0.0,0.0,0.0,12304384,0,7,4,1,0,sleeping,3052,3028,0,192512,1894802,70584
2025-05-20 04:37:44,22588,2195652608,33738752,0.0,0.10109903004090724,0,13,0.67,0.25,0.0,0.0,0.0,12304384,0,7,4,1,0,sleeping,3056,3031,0,192512,1898646,70680
2025-05-20 04:37:45,22588,2195652608,33738752,0.0,0.10109903004090724,0,13,0.67,0.25,0.0,0.0,0.0,12304384,0,6,4,1,0,sleeping,3060,3035,0,192512,1900584,70760
2025-05-20 04:37:46,22588,2195652608,33738752,0.0,0.10109903004090724,0,13,0.67,0.25,0.0,0.0,0.0,12304384,0,7,4,1,0,sleeping,3063,3038,0,192512,1902514,70832
2025-05-20 04:37:47,22588,2195652608,33738752,0.0,0.10109903004090724,0,13,0.67,0.25,0.0,0.0,0.0,12304384,0,8,4,1,0,sleeping,3065,3040,0,192512,1904436,70896
2025-05-20 04:37:48,22588,2195652608,33738752,0.0,0.10109903004090724,0,13,0.67,0.25,0.0,0.0,0.0,12304384,0,8,4,1,0,sleeping,3067,3043,0,192512,1906358,70992
2025-05-20 04:37:50,22588,2195652608,33738752,0.0,0.10109903004090724,0,13,0.67,0.25,0.0,0.0,0.0,12304384,0,8,4,1,0,sleeping,3071,3047,0,192512,1908295,71072
2025-05-20 04:37:51,22588,2195652608,33738752,0.0,0.10109903004090724,0,13,0.67,0.25,0.0,0.0,0.0,12304384,0,8,4,1,0,sleeping,3074,3050,0,192512,1910224,71144
2025-05-20 04:37:52,22588,2195652608,33738752,0.0,0.10109903004090724,0,13,0.67,0.25,0.0,0.0,0.0,12304384,0,8,4,1,0,sleeping,3077,3053,0,192512,1912154,71216
2025-05-20 04:37:53,22588,2195652608,33738752,0.9,0.10109903004090724,0,13,0.68,0.25,0.0,0.0,0.0,12304384,0,8,4,1,0,sleeping,3083,3058,0,192512,1916014,71328
2025-05-20 04:37:54,22588,2195652608,33738752,0.0,0.10109903004090724,0,13,0.68,0.25,0.0,0.0,0.0,12304384,0,8,4,1,0,sleeping,3087,3062,0,192512,1917952,71408
2025-05-20 04:37:55,22588,2195652608,33738752,0.8,0.10109903004090724,0,13,0.68,0.26,0.0,0.0,0.0,12304384,0,8,4,1,0,sleeping,3093,3069,0,192512,1919905,71536
2025-05-20 04:37:57,22588,2195652608,33738752,0.0,0.10109903004090724,0,13,0.68,0.26,0.0,0.0,0.0,12304384,0,6,4,1,0,sleeping,3100,3075,0,192512,1923772,71656
2025-05-20 04:37:58,22588,2195652608,33738752,0.0,0.10109903004090724,0,13,0.68,0.26,0.0,0.0,0.0,12304384,0,6,4,1,0,sleeping,3105,3081,0,192512,1925718,71776
2025-05-20 04:38:00,22588,2195652608,33738752,0.8,0.10109903004090724,0,13,0.69,0.26,0.0,0.0,0.0,12361728,0,7,4,1,0,sleeping,3110,3085,0,192512,1929569,71880
2025-05-20 04:38:01,22588,2195652608,33738752,0.0,0.10109903004090724,0,13,0.69,0.26,0.0,0.0,0.0,12365824,0,7,4,1,0,sleeping,3113,3088,0,192512,1931498,71952
2025-05-20 04:38:02,22588,2195652608,33738752,0.0,0.10109903004090724,0,13,0.69,0.26,0.0,0.0,0.0,12365824,0,7,4,1,0,sleeping,3116,3091,0,192512,1933428,72024
2025-05-20 04:38:03,22588,2195652608,33738752,0.0,0.10109903004090724,0,13,0.69,0.26,0.0,0.0,0.0,12365824,0,7,4,1,0,sleeping,3119,3094,0,192512,1935358,72096
2025-05-20 04:38:04,22588,2195652608,33738752,0.0,0.10109903004090724,0,13,0.69,0.26,0.0,0.0,0.0,12365824,0,7,4,1,0,sleeping,3123,3098,0,192512,1937296,72176
2025-05-20 04:38:05,22588,2195652608,33738752,0.0,0.10109903004090724,0,13,0.69,0.26,0.0,0.0,0.0,12365824,0,7,4,1,0,sleeping,3125,3101,0,196608,1939218,72272
2025-05-20 04:38:07,22588,2195652608,33738752,0.0,0.10109903004090724,0,13,0.69,0.26,0.0,0.0,0.0,12365824,0,7,4,1,0,sleeping,3127,3103,0,196608,1941140,72336
2025-05-20 04:38:08,22588,2195652608,33738752,0.0,0.10109903004090724,0,13,0.69,0.26,0.0,0.0,0.0,12365824,0,8,4,1,0,sleeping,3130,3106,0,196608,1943070,72408
2025-05-20 04:38:09,22588,2195652608,33738752,0.0,0.10109903004090724,0,13,0.69,0.26,0.0,0.0,0.0,12365824,0,8,4,1,0,sleeping,3133,3109,0,196608,1945000,72480
2025-05-20 04:38:10,22588,2195652608,33738752,0.0,0.10109903004090724,0,13,0.69,0.26,0.0,0.0,0.0,12365824,0,7,4,1,0,sleeping,3137,3112,0,196608,1948844,72576
2025-05-20 04:38:11,22588,2195652608,33738752,0.0,0.10109903004090724,0,13,0.69,0.26,0.0,0.0,0.0,12365824,0,7,4,1,0,sleeping,3139,3114,0,196608,1950765,72640
2025-05-20 04:38:12,22588,2195652608,33738752,0.0,0.10109903004090724,0,13,0.69,0.26,0.0,0.0,0.0,12365824,0,7,4,1,0,sleeping,3141,3117,0,196608,1952686,72736
2025-05-20 04:38:14,22588,2195652608,33738752,0.0,0.10109903004090724,0,13,0.69,0.26,0.0,0.0,0.0,12365824,0,7,4,1,0,sleeping,3146,3121,0,196608,1956538,72840
2025-05-20 04:38:15,22588,2195652608,33738752,0.0,0.10109903004090724,0,13,0.69,0.26,0.0,0.0,0.0,12365824,0,7,4,1,0,sleeping,3149,3125,0,196608,1958467,72944
2025-05-20 04:38:16,22588,2195652608,33738752,0.0,0.10109903004090724,0,13,0.69,0.26,0.0,0.0,0.0,12365824,0,7,4,1,0,sleeping,3151,3127,0,196608,1960388,73008
2025-05-20 04:38:18,22588,2195652608,33738752,0.9,0.10109903004090724,0,13,0.7,0.26,0.0,0.0,0.0,12365824,0,7,4,1,0,sleeping,3154,3130,0,196608,1962318,73080
2025-05-20 04:38:19,22588,2195652608,33738752,0.0,0.10109903004090724,0,13,0.7,0.26,0.0,0.0,0.0,12365824,0,7,4,1,0,sleeping,3156,3132,0,196608,1964240,73144
2025-05-20 04:38:20,22588,2195652608,33738752,0.0,0.10109903004090724,0,13,0.7,0.26,0.0,0.0,0.0,12365824,0,7,4,1,0,sleeping,3159,3135,0,196608,1966170,73216
2025-05-20 04:38:21,22588,2195652608,33738752,0.0,0.10109903004090724,0,13,0.7,0.26,0.0,0.0,0.0,12365824,0,7,4,1,0,sleeping,3161,3138,0,196608,1968092,73312
2025-05-20 04:38:22,22588,2195652608,33738752,0.9,0.10109903004090724,0,13,0.7,0.27,0.0,0.0,0.0,12365824,0,7,4,1,0,sleeping,3165,3140,0,196608,1971934,73376
2025-05-20 04:38:23,22588,2195652608,33738752,0.0,0.10109903004090724,0,13,0.7,0.27,0.0,0.0,0.0,12365824,0,7,4,1,0,sleeping,3167,3142,0,196608,1973856,73440
2025-05-20 04:38:24,22588,2195652608,33738752,0.0,0.10109903004090724,0,13,0.7,0.27,0.0,0.0,0.0,12365824,0,7,4,1,0,sleeping,3169,3144,0,196608,1975778,73504
2025-05-20 04:38:25,22588,2195652608,33738752,0.0,0.10109903004090724,0,13,0.7,0.27,0.0,0.0,0.0,12365824,0,7,4,1,0,sleeping,3171,3147,0,196608,1977700,73600
2025-05-20 04:38:26,22588,2195652608,33738752,0.0,0.10109903004090724,0,13,0.7,0.27,0.0,0.0,0.0,12365824,0,7,4,1,0,sleeping,3173,3149,0,196608,1979622,73664
2025-05-20 04:38:28,22588,2195652608,33738752,0.0,0.10109903004090724,0,13,0.7,0.27,0.0,0.0,0.0,12365824,0,7,4,1,0,sleeping,3175,3151,0,196608,1981544,73728
2025-05-20 04:38:29,22588,2195652608,33738752,0.0,0.10109903004090724,0,13,0.7,0.27,0.0,0.0,0.0,12365824,0,7,4,1,0,sleeping,3180,3155,0,196608,1985394,73832
2025-05-20 04:38:30,22588,2195652608,33738752,0.0,0.10109903004090724,0,13,0.7,0.27,0.0,0.0,0.0,12365824,0,7,4,1,0,sleeping,3182,3158,0,196608,1987316,73928
2025-05-20 04:38:31,22588,2195652608,33738752,0.0,0.10109903004090724,0,13,0.7,0.27,0.0,0.0,0.0,12365824,0,7,4,1,0,sleeping,3185,3161,0,196608,1989246,74000
2025-05-20 04:38:33,22588,2195652608,33738752,0.0,0.10109903004090724,0,13,0.7,0.27,0.0,0.0,0.0,12365824,0,7,4,1,0,sleeping,3188,3164,0,196608,1991176,74072
2025-05-20 04:38:34,22588,2195652608,33738752,0.0,0.10109903004090724,0,13,0.7,0.27,0.0,0.0,0.0,12365824,0,7,4,1,0,sleeping,3190,3166,0,196608,1993098,74136
2025-05-20 04:38:35,22588,2195652608,33738752,0.0,0.10109903004090724,0,13,0.7,0.27,0.0,0.0,0.0,12365824,0,7,4,1,0,sleeping,3194,3171,0,196608,1995036,74248
2025-05-20 04:38:36,22588,2195652608,33738752,0.0,0.10109903004090724,0,13,0.7,0.27,0.0,0.0,0.0,12369920,0,8,4,1,0,sleeping,3200,3175,0,200704,1998896,74328
2025-05-20 04:38:37,22588,2195652608,33738752,0.0,0.10109903004090724,0,13,0.7,0.27,0.0,0.0,0.0,12369920,0,8,4,1,0,sleeping,3204,3179,0,200704,2000833,74408
2025-05-20 04:38:38,22588,2195652608,33738752,0.0,0.10109903004090724,0,13,0.7,0.27,0.0,0.0,0.0,12369920,0,8,4,1,0,sleeping,3206,3181,0,200704,2002758,74472
