Time,PID,Virt,Res,CPU,Memory,TCP Connections,Thread Count,User,System,Children_User,Children_System,IO,uss,swap,processor_num,core_num,cpu_num,cpu_ids,process_status,read_count,write_count,read_bytes,write_bytes,read_chars,write_chars
2025-05-20 03:25:13,19240,2119233536,30511104,0.0,0.09142730056752676,0,12,0.0,0.01,0.0,0.0,0.0,9650176,0,5,4,1,0,sleeping,36,5,0,0,14814,298
2025-05-20 03:25:14,19240,2119233536,30511104,0.0,0.09142730056752676,0,12,0.0,0.01,0.0,0.0,0.0,9658368,0,7,4,1,0,sleeping,40,9,0,4096,16721,374
2025-05-20 03:25:15,19240,2119233536,30511104,0.0,0.09142730056752676,0,12,0.0,0.01,0.0,0.0,0.0,9678848,0,7,4,1,0,sleeping,44,14,0,8192,18632,482
2025-05-20 03:25:16,19240,2119233536,30511104,0.7,0.09142730056752676,0,12,0.01,0.01,0.0,0.0,0.0,9687040,0,7,4,1,0,sleeping,50,19,0,12288,22440,594
2025-05-20 03:25:18,19240,2119233536,30511104,0.0,0.09142730056752676,0,12,0.01,0.01,0.0,0.0,0.0,9695232,0,5,4,1,0,sleeping,55,25,0,16384,24361,714
2025-05-20 03:25:19,19240,2119233536,30642176,0.0,0.09182006115527827,0,12,0.01,0.01,0.0,0.0,0.0,9723904,0,7,4,1,0,sleeping,58,28,0,20480,26267,786
2025-05-20 03:25:20,19240,2119233536,30642176,0.0,0.09182006115527827,0,12,0.01,0.01,0.0,0.0,0.0,9768960,0,7,4,1,0,sleeping,61,31,0,20480,28174,858
2025-05-20 03:25:21,19240,2119233536,30642176,0.0,0.09182006115527827,0,12,0.01,0.01,0.0,0.0,0.0,9781248,0,7,4,1,0,sleeping,64,34,0,20480,30083,930
2025-05-20 03:25:22,19240,2119233536,30642176,0.0,0.09182006115527827,0,12,0.01,0.01,0.0,0.0,0.0,9789440,0,7,4,1,0,sleeping,67,37,0,20480,31994,1002
2025-05-20 03:25:24,19240,2119233536,30642176,0.0,0.09182006115527827,0,12,0.01,0.01,0.0,0.0,0.0,9830400,0,7,4,1,0,sleeping,71,40,0,20480,35801,1098
2025-05-20 03:25:25,19240,2119233536,30642176,0.0,0.09182006115527827,0,12,0.01,0.01,0.0,0.0,0.0,9834496,0,7,4,1,0,sleeping,75,44,0,20480,37722,1178
2025-05-20 03:25:26,19240,2119233536,30642176,0.0,0.09182006115527827,0,12,0.01,0.01,0.0,0.0,0.0,9875456,0,7,4,1,0,sleeping,78,47,0,20480,39635,1250
2025-05-20 03:25:27,19240,2119233536,30642176,0.0,0.09182006115527827,0,12,0.01,0.01,0.0,0.0,0.0,9875456,0,7,4,1,0,sleeping,81,50,0,20480,41547,1322
2025-05-20 03:25:28,19240,2119233536,30642176,0.0,0.09182006115527827,0,12,0.01,0.01,0.0,0.0,0.0,9891840,0,7,4,1,0,sleeping,84,53,0,20480,43459,1394
2025-05-20 03:25:29,19240,2119233536,30773248,0.0,0.09221282174302975,0,12,0.01,0.01,0.0,0.0,0.0,9895936,0,7,4,1,0,sleeping,87,56,0,20480,45372,1466
2025-05-20 03:25:30,19240,2119233536,30773248,0.0,0.09221282174302975,0,12,0.01,0.01,0.0,0.0,0.0,9912320,0,7,4,1,0,sleeping,91,61,0,20480,47293,1578
2025-05-20 03:25:31,19240,2119233536,30773248,0.0,0.09221282174302975,0,12,0.01,0.01,0.0,0.0,0.0,9932800,0,7,4,1,0,sleeping,94,64,0,20480,49206,1650
2025-05-20 03:25:32,19240,2119233536,30773248,0.0,0.09221282174302975,0,12,0.01,0.01,0.0,0.0,0.0,9940992,0,7,4,1,0,sleeping,97,67,0,20480,51119,1722
2025-05-20 03:25:33,19240,2119233536,30773248,0.0,0.09221282174302975,0,12,0.01,0.01,0.0,0.0,0.0,9957376,0,7,4,1,0,sleeping,99,69,0,20480,53024,1786
2025-05-20 03:25:34,19240,2119233536,30773248,0.0,0.09221282174302975,0,12,0.01,0.01,0.0,0.0,0.0,9977856,0,7,4,1,0,sleeping,101,71,0,20480,54929,1850
2025-05-20 03:25:35,19240,2119233536,30904320,0.9,0.09260558233078126,0,12,0.02,0.01,0.0,0.0,0.0,9994240,0,8,4,1,0,sleeping,103,74,0,20480,56834,1946
2025-05-20 03:25:37,19240,2119233536,30904320,0.0,0.09260558233078126,0,12,0.02,0.01,0.0,0.0,0.0,10002432,0,6,4,1,0,sleeping,109,78,0,20480,60656,2026
2025-05-20 03:25:38,19240,2119233536,30904320,0.0,0.09260558233078126,0,12,0.02,0.01,0.0,0.0,0.0,10018816,0,6,4,1,0,sleeping,112,81,0,20480,62569,2098
2025-05-20 03:25:39,19240,2119233536,30904320,0.0,0.09260558233078126,0,12,0.02,0.01,0.0,0.0,0.0,10035200,0,7,4,1,0,sleeping,114,83,0,20480,64474,2162
2025-05-20 03:25:40,19240,2119233536,30904320,0.0,0.09260558233078126,0,12,0.02,0.01,0.0,0.0,0.0,10051584,0,7,4,1,0,sleeping,117,86,0,20480,66387,2234
2025-05-20 03:25:41,19240,2119233536,30904320,0.0,0.09260558233078126,0,12,0.02,0.01,0.0,0.0,0.0,10072064,0,7,4,1,0,sleeping,121,90,0,20480,68307,2314
2025-05-20 03:25:42,19240,2119233536,30904320,0.0,0.09260558233078126,0,12,0.02,0.01,0.0,0.0,0.0,10084352,0,7,4,1,0,sleeping,124,94,0,20480,70218,2418
2025-05-20 03:25:43,19240,2119233536,31035392,0.0,0.09299834291853273,0,12,0.02,0.01,0.0,0.0,0.0,10121216,0,7,4,1,0,sleeping,127,97,0,20480,72130,2490
2025-05-20 03:25:44,19240,2119233536,31035392,0.0,0.09299834291853273,0,12,0.02,0.01,0.0,0.0,0.0,10129408,0,6,4,1,0,sleeping,132,101,0,20480,75948,2594
2025-05-20 03:25:46,19240,2119233536,31035392,0.6,0.09299834291853273,0,12,0.03,0.01,0.0,0.0,0.0,10162176,0,6,4,1,0,sleeping,137,107,0,20480,77877,2714
2025-05-20 03:25:48,19240,2119233536,31035392,0.6,0.09299834291853273,0,12,0.03,0.02,0.0,0.0,0.0,10199040,0,6,4,1,0,sleeping,144,113,0,20480,81711,2834
2025-05-20 03:25:49,19240,2119233536,31035392,0.0,0.09299834291853273,0,12,0.03,0.02,0.0,0.0,0.0,10211328,0,6,4,1,0,sleeping,149,119,0,20480,83640,2954
2025-05-20 03:25:50,19240,2119233536,31035392,0.0,0.09299834291853273,0,12,0.03,0.02,0.0,0.0,0.0,10211328,0,6,4,1,0,sleeping,153,123,0,20480,85561,3034
2025-05-20 03:25:51,19240,2119233536,31166464,0.0,0.09339110350628424,0,12,0.03,0.02,0.0,0.0,0.0,10244096,0,6,4,1,0,sleeping,156,127,0,20480,87474,3138
2025-05-20 03:25:53,19240,2119233536,31166464,0.0,0.09339110350628424,0,12,0.03,0.02,0.0,0.0,0.0,10272768,0,6,4,1,0,sleeping,158,129,0,20480,89379,3202
2025-05-20 03:25:54,19240,2119233536,31166464,0.0,0.09339110350628424,0,12,0.03,0.02,0.0,0.0,0.0,10285056,0,7,4,1,0,sleeping,164,133,0,24576,93202,3282
2025-05-20 03:25:55,19240,2119233536,31166464,0.0,0.09339110350628424,0,12,0.03,0.02,0.0,0.0,0.0,10293248,0,7,4,1,0,sleeping,167,136,0,24576,95114,3354
2025-05-20 03:25:56,19240,2119233536,31166464,0.0,0.09339110350628424,0,12,0.03,0.02,0.0,0.0,0.0,10293248,0,7,4,1,0,sleeping,170,139,0,24576,97026,3426
2025-05-20 03:25:57,19240,2119233536,31166464,0.0,0.09339110350628424,0,12,0.03,0.02,0.0,0.0,0.0,10297344,0,7,4,1,0,sleeping,172,141,0,24576,98930,3490
2025-05-20 03:25:58,19240,2119233536,31166464,0.0,0.09339110350628424,0,12,0.03,0.02,0.0,0.0,0.0,10309632,0,7,4,1,0,sleeping,175,145,0,24576,100842,3594
2025-05-20 03:25:59,19240,2119233536,31166464,0.0,0.09339110350628424,0,12,0.03,0.02,0.0,0.0,0.0,10309632,0,7,4,1,0,sleeping,177,147,0,24576,102746,3658
2025-05-20 03:26:00,19240,2119233536,31166464,0.0,0.09339110350628424,0,12,0.03,0.02,0.0,0.0,0.0,10313728,0,6,4,1,0,sleeping,179,149,0,24576,104651,3722
2025-05-20 03:26:01,19240,2119233536,31166464,0.0,0.09339110350628424,0,12,0.03,0.02,0.0,0.0,0.0,10317824,0,6,4,1,0,sleeping,181,151,0,24576,106556,3786
2025-05-20 03:26:02,19240,2119233536,31166464,0.0,0.09339110350628424,0,12,0.03,0.02,0.0,0.0,0.0,10334208,0,7,4,1,0,sleeping,184,154,0,24576,108469,3858
2025-05-20 03:26:03,19240,2119233536,31166464,0.0,0.09339110350628424,0,12,0.03,0.02,0.0,0.0,0.0,10350592,0,7,4,1,0,sleeping,186,156,0,24576,110374,3922
2025-05-20 03:26:05,19240,2119233536,31166464,0.0,0.09339110350628424,0,12,0.03,0.02,0.0,0.0,0.0,10362880,0,6,4,1,0,sleeping,189,160,0,24576,112287,4026
2025-05-20 03:26:06,19240,2119233536,31166464,0.0,0.09339110350628424,0,12,0.03,0.02,0.0,0.0,0.0,10375168,0,6,4,1,0,sleeping,194,163,0,24576,116106,4098
2025-05-20 03:26:07,19240,2119233536,31166464,0.0,0.09339110350628424,0,12,0.03,0.02,0.0,0.0,0.0,10383360,0,6,4,1,0,sleeping,197,166,0,24576,118021,4170
2025-05-20 03:26:08,19240,2119233536,31166464,0.9,0.09339110350628424,0,12,0.04,0.02,0.0,0.0,0.0,10399744,0,6,4,1,0,sleeping,199,168,0,24576,119926,4234
2025-05-20 03:26:09,19240,2119233536,31166464,0.0,0.09339110350628424,0,12,0.04,0.02,0.0,0.0,0.0,10399744,0,7,4,1,0,sleeping,202,171,0,24576,121840,4306
2025-05-20 03:26:10,19240,2119626752,31821824,0.0,0.09535490644504169,0,12,0.04,0.02,0.0,0.0,0.0,10846208,0,8,4,1,0,sleeping,205,175,0,24576,123757,4410
2025-05-20 03:26:11,19240,2119626752,31821824,0.0,0.09535490644504169,0,12,0.04,0.02,0.0,0.0,0.0,10846208,0,8,4,1,0,sleeping,207,177,0,24576,125666,4474
2025-05-20 03:26:12,19240,2119626752,31821824,0.0,0.09535490644504169,0,12,0.04,0.02,0.0,0.0,0.0,10850304,0,8,4,1,0,sleeping,209,179,0,24576,127575,4538
2025-05-20 03:26:13,19240,2119626752,31821824,0.0,0.09535490644504169,0,12,0.04,0.02,0.0,0.0,0.0,10858496,0,8,4,1,0,sleeping,212,182,0,24576,129492,4610
2025-05-20 03:26:14,19240,2119626752,31821824,0.0,0.09535490644504169,0,12,0.04,0.02,0.0,0.0,0.0,10858496,0,8,4,1,0,sleeping,215,185,0,24576,131408,4682
2025-05-20 03:26:15,19240,2119626752,31821824,0.0,0.09535490644504169,0,12,0.04,0.02,0.0,0.0,0.0,10862592,0,8,4,1,0,sleeping,218,189,0,24576,133323,4786
2025-05-20 03:26:17,19240,2119626752,31821824,0.0,0.09535490644504169,0,12,0.04,0.02,0.0,0.0,0.0,10866688,0,8,4,1,0,sleeping,220,191,0,24576,135231,4850
2025-05-20 03:26:18,19240,2119626752,31821824,0.0,0.09535490644504169,0,12,0.04,0.02,0.0,0.0,0.0,10874880,0,8,4,1,0,sleeping,224,193,0,28672,139049,4914
2025-05-20 03:26:19,19240,2119626752,31821824,0.0,0.09535490644504169,0,12,0.04,0.02,0.0,0.0,0.0,10878976,0,8,4,1,0,sleeping,226,195,0,28672,140958,4978
2025-05-20 03:26:20,19240,2119626752,31821824,0.0,0.09535490644504169,0,12,0.04,0.02,0.0,0.0,0.0,10891264,0,8,4,1,0,sleeping,228,197,0,28672,142867,5042
2025-05-20 03:26:21,19240,2119626752,31821824,0.0,0.09535490644504169,0,12,0.04,0.02,0.0,0.0,0.0,10899456,0,7,4,1,0,sleeping,230,199,0,28672,144776,5106
2025-05-20 03:26:22,19240,2119626752,31821824,0.0,0.09535490644504169,0,12,0.04,0.02,0.0,0.0,0.0,10903552,0,7,4,1,0,sleeping,232,202,0,28672,146685,5202
2025-05-20 03:26:23,19240,2119626752,31821824,0.9,0.09535490644504169,0,12,0.05,0.02,0.0,0.0,0.0,10907648,0,7,4,1,0,sleeping,234,204,0,28672,148594,5266
2025-05-20 03:26:24,19240,2119626752,31821824,0.0,0.09535490644504169,0,12,0.05,0.02,0.0,0.0,0.0,10915840,0,6,4,1,0,sleeping,237,207,0,28672,150511,5338
2025-05-20 03:26:25,19240,2119626752,31821824,0.0,0.09535490644504169,0,12,0.05,0.02,0.0,0.0,0.0,10919936,0,7,4,1,0,sleeping,239,209,0,28672,152419,5402
2025-05-20 03:26:26,19240,2119626752,31821824,0.0,0.09535490644504169,0,12,0.05,0.02,0.0,0.0,0.0,10919936,0,7,4,1,0,sleeping,242,212,0,28672,154335,5474
2025-05-20 03:26:27,19240,2119626752,31952896,0.0,0.09574766703279318,0,12,0.05,0.02,0.0,0.0,0.0,10928128,0,7,4,1,0,sleeping,245,215,0,28672,156252,5546
2025-05-20 03:26:29,19240,2119626752,31952896,0.0,0.09574766703279318,0,12,0.05,0.02,0.0,0.0,0.0,10936320,0,7,4,1,0,sleeping,247,218,0,32768,158160,5642
2025-05-20 03:26:30,19240,2119626752,31952896,0.0,0.09574766703279318,0,12,0.05,0.02,0.0,0.0,0.0,10944512,0,7,4,1,0,sleeping,250,221,0,32768,160076,5714
2025-05-20 03:26:31,19240,2119626752,31952896,0.0,0.09574766703279318,0,12,0.05,0.02,0.0,0.0,0.0,10960896,0,8,4,1,0,sleeping,255,224,0,32768,163902,5786
2025-05-20 03:26:32,19240,2119626752,31952896,0.0,0.09574766703279318,0,12,0.05,0.02,0.0,0.0,0.0,10973184,0,7,4,1,0,sleeping,259,228,0,32768,165827,5866
2025-05-20 03:26:33,19240,2119626752,32083968,0.0,0.09614042762054467,0,12,0.05,0.02,0.0,0.0,0.0,10989568,0,7,4,1,0,sleeping,262,231,0,32768,167744,5938
2025-05-20 03:26:34,19240,2119626752,32083968,0.0,0.09614042762054467,0,12,0.05,0.02,0.0,0.0,0.0,10997760,0,8,4,1,0,sleeping,266,236,0,32768,169669,6050
2025-05-20 03:26:35,19240,2119626752,32083968,0.0,0.09614042762054467,0,12,0.05,0.02,0.0,0.0,0.0,11014144,0,7,4,1,0,sleeping,270,240,0,32768,171594,6130
2025-05-20 03:26:36,19240,2119626752,32083968,0.0,0.09614042762054467,0,12,0.05,0.02,0.0,0.0,0.0,11030528,0,8,4,1,0,sleeping,273,243,0,32768,173511,6202
2025-05-20 03:26:37,19240,2119626752,32083968,0.0,0.09614042762054467,0,12,0.05,0.02,0.0,0.0,0.0,11038720,0,8,4,1,0,sleeping,276,246,0,32768,175428,6274
2025-05-20 03:26:38,19240,2119626752,32083968,0.0,0.09614042762054467,0,12,0.05,0.02,0.0,0.0,0.0,11038720,0,7,4,1,0,sleeping,280,251,0,32768,177353,6386
2025-05-20 03:26:40,19240,2119626752,32083968,0.0,0.09614042762054467,0,12,0.05,0.02,0.0,0.0,0.0,11042816,0,7,4,1,0,sleeping,283,254,0,32768,179270,6458
2025-05-20 03:26:41,19240,2119626752,32083968,0.9,0.09614042762054467,0,12,0.06,0.02,0.0,0.0,0.0,11055104,0,7,4,1,0,sleeping,288,257,0,32768,183096,6530
2025-05-20 03:26:42,19240,2119626752,32083968,0.0,0.09614042762054467,0,12,0.06,0.02,0.0,0.0,0.0,11059200,0,7,4,1,0,sleeping,291,260,0,32768,185013,6602
2025-05-20 03:26:43,19240,2119626752,32083968,0.0,0.09614042762054467,0,12,0.06,0.02,0.0,0.0,0.0,11067392,0,6,4,1,0,sleeping,294,264,0,32768,186930,6706
2025-05-20 03:26:44,19240,2119626752,32083968,0.0,0.09614042762054467,0,12,0.06,0.02,0.0,0.0,0.0,11071488,0,7,4,1,0,sleeping,297,267,0,32768,188847,6778
2025-05-20 03:26:45,19240,2119626752,32083968,0.0,0.09614042762054467,0,12,0.06,0.02,0.0,0.0,0.0,11079680,0,7,4,1,0,sleeping,300,270,0,32768,190764,6850
2025-05-20 03:26:46,19240,2119626752,32083968,0.0,0.09614042762054467,0,12,0.06,0.02,0.0,0.0,0.0,11083776,0,7,4,1,0,sleeping,302,272,0,32768,192673,6914
2025-05-20 03:26:47,19240,2119626752,32083968,0.0,0.09614042762054467,0,12,0.06,0.02,0.0,0.0,0.0,11083776,0,7,4,1,0,sleeping,305,275,0,32768,194590,6986
2025-05-20 03:26:48,19240,2119626752,32083968,0.0,0.09614042762054467,0,12,0.06,0.02,0.0,0.0,0.0,11083776,0,7,4,1,0,sleeping,308,278,0,32768,196507,7058
2025-05-20 03:26:50,19240,2119626752,32083968,0.0,0.09614042762054467,0,12,0.06,0.02,0.0,0.0,0.0,11087872,0,6,4,1,0,sleeping,311,282,0,32768,198423,7162
2025-05-20 03:26:51,19240,2119626752,32083968,0.0,0.09614042762054467,0,12,0.06,0.02,0.0,0.0,0.0,11087872,0,6,4,1,0,sleeping,313,284,0,32768,200331,7226
2025-05-20 03:26:52,19240,2119626752,32083968,0.0,0.09614042762054467,0,12,0.06,0.02,0.0,0.0,0.0,11087872,0,6,4,1,0,sleeping,316,287,0,32768,202248,7298
2025-05-20 03:26:53,19240,2119626752,32083968,0.0,0.09614042762054467,0,12,0.06,0.02,0.0,0.0,0.0,11087872,0,7,4,1,0,sleeping,320,289,0,32768,206066,7362
2025-05-20 03:26:54,19240,2119626752,32083968,0.0,0.09614042762054467,0,12,0.06,0.02,0.0,0.0,0.0,11087872,0,7,4,1,0,sleeping,323,292,0,32768,207982,7434
2025-05-20 03:26:55,19240,2119626752,32083968,0.0,0.09614042762054467,0,12,0.06,0.02,0.0,0.0,0.0,11091968,0,7,4,1,0,sleeping,325,294,0,32768,209890,7498
2025-05-20 03:26:56,19240,2119626752,32083968,0.0,0.09614042762054467,0,12,0.06,0.02,0.0,0.0,0.0,11096064,0,7,4,1,0,sleeping,329,299,0,32768,211815,7610
2025-05-20 03:26:57,19240,2119626752,32083968,0.0,0.09614042762054467,0,12,0.06,0.02,0.0,0.0,0.0,11096064,0,7,4,1,0,sleeping,332,302,0,32768,213731,7682
2025-05-20 03:26:58,19240,2119626752,32083968,0.0,0.09614042762054467,0,12,0.06,0.02,0.0,0.0,0.0,11096064,0,6,4,1,0,sleeping,336,306,0,32768,215655,7762
2025-05-20 03:26:59,19240,2119626752,32083968,0.0,0.09614042762054467,0,12,0.06,0.02,0.0,0.0,0.0,11100160,0,7,4,1,0,sleeping,339,309,0,36864,217572,7834
2025-05-20 03:27:00,19240,2119626752,32083968,0.9,0.09614042762054467,0,12,0.06,0.03,0.0,0.0,0.0,11100160,0,8,4,1,0,sleeping,343,313,0,36864,219497,7914
2025-05-20 03:27:02,19240,2119626752,32083968,0.0,0.09614042762054467,0,12,0.06,0.03,0.0,0.0,0.0,11100160,0,8,4,1,0,sleeping,347,318,0,36864,221422,8026
2025-05-20 03:27:03,19240,2119626752,32083968,0.0,0.09614042762054467,0,12,0.06,0.03,0.0,0.0,0.0,11100160,0,8,4,1,0,sleeping,351,322,0,36864,223347,8106
2025-05-20 03:27:04,19240,2119626752,32083968,0.9,0.09614042762054467,0,12,0.07,0.03,0.0,0.0,0.0,11108352,0,8,4,1,0,sleeping,357,326,0,36864,227181,8186
2025-05-20 03:27:05,19240,2119626752,32083968,0.0,0.09614042762054467,0,12,0.07,0.03,0.0,0.0,0.0,11128832,0,8,4,1,0,sleeping,360,329,0,36864,229098,8258
2025-05-20 03:27:06,19240,2119626752,32083968,0.0,0.09614042762054467,0,12,0.07,0.03,0.0,0.0,0.0,11128832,0,7,4,1,0,sleeping,363,332,0,36864,231015,8330
2025-05-20 03:27:07,19240,2119626752,32215040,0.0,0.09653318820829616,0,12,0.07,0.03,0.0,0.0,0.0,11137024,0,7,4,1,0,sleeping,367,337,0,36864,232940,8442
2025-05-20 03:27:08,19240,2119626752,32215040,0.0,0.09653318820829616,0,12,0.07,0.03,0.0,0.0,0.0,11137024,0,7,4,1,0,sleeping,371,341,0,36864,234865,8522
2025-05-20 03:27:09,19240,2119626752,32215040,0.0,0.09653318820829616,0,12,0.07,0.03,0.0,0.0,0.0,11137024,0,7,4,1,0,sleeping,374,344,0,36864,236782,8594
2025-05-20 03:27:10,19240,2119626752,32215040,0.0,0.09653318820829616,0,12,0.07,0.03,0.0,0.0,0.0,11137024,0,7,4,1,0,sleeping,376,346,0,36864,238691,8658
2025-05-20 03:27:11,19240,2119626752,32346112,0.0,0.09692594879604764,0,12,0.07,0.03,0.0,0.0,0.0,11149312,0,6,4,1,0,sleeping,379,349,0,36864,240608,8730
2025-05-20 03:27:12,19240,2119626752,32477184,0.0,0.09731870938379915,0,12,0.07,0.03,0.0,0.0,0.0,11157504,0,6,4,1,0,sleeping,382,352,0,36864,242525,8802
2025-05-20 03:27:14,19240,2119626752,32477184,0.0,0.09731870938379915,0,12,0.07,0.03,0.0,0.0,0.0,11165696,0,7,4,1,0,sleeping,384,355,0,36864,244434,8898
2025-05-20 03:27:15,19240,2119626752,32477184,0.0,0.09731870938379915,0,12,0.07,0.03,0.0,0.0,0.0,11186176,0,7,4,1,0,sleeping,386,357,0,36864,246343,8962
2025-05-20 03:27:16,19240,2119626752,32477184,0.0,0.09731870938379915,0,12,0.07,0.03,0.0,0.0,0.0,11198464,0,7,4,1,0,sleeping,388,359,0,36864,248252,9026
2025-05-20 03:27:17,19240,2119626752,32477184,0.0,0.09731870938379915,0,12,0.07,0.03,0.0,0.0,0.0,11190272,0,7,4,1,0,sleeping,392,361,0,36864,252070,9090
2025-05-20 03:27:18,19240,2119626752,32477184,0.0,0.09731870938379915,0,12,0.07,0.03,0.0,0.0,0.0,11218944,0,6,4,1,0,sleeping,395,364,0,36864,253987,9162
2025-05-20 03:27:19,19240,2119626752,32477184,0.0,0.09731870938379915,0,12,0.07,0.03,0.0,0.0,0.0,11231232,0,6,4,1,0,sleeping,398,368,0,36864,255904,9266
2025-05-20 03:27:20,19240,2119626752,32477184,0.0,0.09731870938379915,0,12,0.07,0.03,0.0,0.0,0.0,11231232,0,6,4,1,0,sleeping,400,370,0,36864,257813,9330
2025-05-20 03:27:21,19240,2119626752,32477184,0.0,0.09731870938379915,0,12,0.07,0.03,0.0,0.0,0.0,11247616,0,6,4,1,0,sleeping,404,374,0,40960,259738,9410
2025-05-20 03:27:22,19240,2119626752,32477184,0.0,0.09731870938379915,0,12,0.07,0.03,0.0,0.0,0.0,11247616,0,6,4,1,0,sleeping,407,377,0,40960,261655,9482
2025-05-20 03:27:23,19240,2119626752,32477184,0.0,0.09731870938379915,0,12,0.07,0.03,0.0,0.0,0.0,11247616,0,6,4,1,0,sleeping,410,380,0,40960,263572,9554
2025-05-20 03:27:24,19240,2119626752,32477184,0.9,0.09731870938379915,0,12,0.08,0.03,0.0,0.0,0.0,11251712,0,6,4,1,0,sleeping,414,385,0,40960,265497,9666
2025-05-20 03:27:26,19240,2119626752,32477184,0.0,0.09731870938379915,0,12,0.08,0.03,0.0,0.0,0.0,11255808,0,7,4,1,0,sleeping,417,388,0,40960,267414,9738
2025-05-20 03:27:27,19240,2119626752,32477184,0.0,0.09731870938379915,0,12,0.08,0.03,0.0,0.0,0.0,11259904,0,6,4,1,0,sleeping,423,393,0,40960,271246,9850
2025-05-20 03:27:29,19240,2119626752,32477184,0.0,0.09731870938379915,0,12,0.08,0.03,0.0,0.0,0.0,11264000,0,6,4,1,0,sleeping,430,399,0,40960,275088,9970
2025-05-20 03:27:30,19240,2119626752,32477184,0.6,0.09731870938379915,0,12,0.09,0.03,0.0,0.0,0.0,11264000,0,7,4,1,0,sleeping,433,403,0,45056,277005,10074
2025-05-20 03:27:32,19240,2119626752,32477184,0.0,0.09731870938379915,0,12,0.09,0.03,0.0,0.0,0.0,11264000,0,7,4,1,0,sleeping,437,408,0,45056,278930,10186
2025-05-20 03:27:33,19240,2119626752,32477184,0.0,0.09731870938379915,0,12,0.09,0.03,0.0,0.0,0.0,11264000,0,7,4,1,0,sleeping,441,412,0,45056,280855,10266
2025-05-20 03:27:34,19240,2119626752,32477184,0.0,0.09731870938379915,0,12,0.09,0.03,0.0,0.0,0.0,11264000,0,6,4,1,0,sleeping,447,416,0,45056,284689,10346
2025-05-20 03:27:35,19240,2119626752,32477184,0.0,0.09731870938379915,0,12,0.09,0.03,0.0,0.0,0.0,11276288,0,7,4,1,0,sleeping,449,418,0,45056,286598,10410
2025-05-20 03:27:36,19240,2119626752,32477184,0.0,0.09731870938379915,0,12,0.09,0.03,0.0,0.0,0.0,11276288,0,7,4,1,0,sleeping,453,423,0,45056,288523,10522
2025-05-20 03:27:37,19240,2119626752,32477184,0.0,0.09731870938379915,0,12,0.09,0.03,0.0,0.0,0.0,11276288,0,7,4,1,0,sleeping,455,425,0,45056,290432,10586
2025-05-20 03:27:38,19240,2119888896,32477184,0.0,0.09731870938379915,0,12,0.09,0.03,0.0,0.0,0.0,11382784,0,7,4,1,0,sleeping,458,428,0,45056,292349,10658
2025-05-20 03:27:39,19240,2119888896,32739328,0.0,0.09810423055930213,0,12,0.09,0.03,0.0,0.0,0.0,11407360,0,7,4,1,0,sleeping,461,431,0,45056,294266,10730
2025-05-20 03:27:40,19240,2119888896,32739328,0.0,0.09810423055930213,0,12,0.09,0.03,0.0,0.0,0.0,11407360,0,7,4,1,0,sleeping,463,433,0,45056,296175,10794
2025-05-20 03:27:41,19240,2119888896,32739328,0.0,0.09810423055930213,0,12,0.09,0.03,0.0,0.0,0.0,11407360,0,7,4,1,0,sleeping,466,437,0,45056,298092,10898
2025-05-20 03:27:43,19240,2119888896,32739328,0.0,0.09810423055930213,0,12,0.09,0.03,0.0,0.0,0.0,11407360,0,7,4,1,0,sleeping,470,441,0,45056,300017,10978
2025-05-20 03:27:44,19240,2119888896,32739328,0.0,0.09810423055930213,0,12,0.09,0.03,0.0,0.0,0.0,11407360,0,6,4,1,0,sleeping,472,443,0,45056,301926,11042
2025-05-20 03:27:45,19240,2119888896,32739328,0.0,0.09810423055930213,0,12,0.09,0.03,0.0,0.0,0.0,11407360,0,6,4,1,0,sleeping,475,446,0,45056,303843,11114
2025-05-20 03:27:46,19240,2119888896,32739328,0.0,0.09810423055930213,0,12,0.09,0.03,0.0,0.0,0.0,11411456,0,7,4,1,0,sleeping,477,448,0,45056,305752,11178
2025-05-20 03:27:47,19240,2119888896,32739328,0.9,0.09810423055930213,0,12,0.1,0.03,0.0,0.0,0.0,11411456,0,7,4,1,0,sleeping,484,453,0,45056,309594,11266
2025-05-20 03:27:48,19240,2119888896,32739328,0.0,0.09810423055930213,0,12,0.1,0.03,0.0,0.0,0.0,11419648,0,7,4,1,0,sleeping,487,457,0,45056,311510,11370
2025-05-20 03:27:49,19240,2119888896,32739328,0.0,0.09810423055930213,0,12,0.1,0.03,0.0,0.0,0.0,11423744,0,6,4,1,0,sleeping,490,460,0,45056,313426,11442
2025-05-20 03:27:50,19240,2119888896,32739328,0.0,0.09810423055930213,0,12,0.1,0.03,0.0,0.0,0.0,11431936,0,6,4,1,0,sleeping,493,463,0,45056,315343,11514
2025-05-20 03:27:51,19240,2119888896,32739328,0.0,0.09810423055930213,0,12,0.1,0.03,0.0,0.0,0.0,11436032,0,7,4,1,0,sleeping,495,465,0,45056,317252,11578
2025-05-20 03:27:52,19240,2119888896,32739328,0.0,0.09810423055930213,0,12,0.1,0.03,0.0,0.0,0.0,11460608,0,7,4,1,0,sleeping,497,467,0,45056,319161,11642
2025-05-20 03:27:53,19240,2119888896,32870400,0.0,0.09849699114705363,0,12,0.1,0.03,0.0,0.0,0.0,11476992,0,7,4,1,0,sleeping,499,469,0,45056,321070,11706
2025-05-20 03:27:55,19240,2119888896,32870400,0.0,0.09849699114705363,0,12,0.1,0.03,0.0,0.0,0.0,11489280,0,7,4,1,0,sleeping,502,473,0,45056,322987,11810
2025-05-20 03:27:56,19240,2119888896,32870400,0.0,0.09849699114705363,0,12,0.1,0.03,0.0,0.0,0.0,11489280,0,7,4,1,0,sleeping,504,475,0,45056,324896,11874
2025-05-20 03:27:57,19240,2119888896,32870400,0.0,0.09849699114705363,0,12,0.1,0.03,0.0,0.0,0.0,11489280,0,7,4,1,0,sleeping,506,477,0,45056,326805,11938
2025-05-20 03:27:58,19240,2119888896,32870400,0.0,0.09849699114705363,0,12,0.1,0.03,0.0,0.0,0.0,11489280,0,7,4,1,0,sleeping,508,479,0,45056,328713,12002
2025-05-20 03:27:59,19240,2119888896,32870400,0.0,0.09849699114705363,0,12,0.1,0.03,0.0,0.0,0.0,11489280,0,7,4,1,0,sleeping,513,482,0,45056,332538,12074
2025-05-20 03:28:00,19240,2119888896,32870400,0.0,0.09849699114705363,0,12,0.1,0.03,0.0,0.0,0.0,11497472,0,7,4,1,0,sleeping,517,487,0,45056,334463,12186
2025-05-20 03:28:01,19240,2119888896,32870400,0.0,0.09849699114705363,0,12,0.1,0.03,0.0,0.0,0.0,11497472,0,7,4,1,0,sleeping,520,490,0,49152,336380,12258
2025-05-20 03:28:02,19240,2119888896,32870400,0.0,0.09849699114705363,0,12,0.1,0.03,0.0,0.0,0.0,11497472,0,7,4,1,0,sleeping,522,492,0,49152,338289,12322
2025-05-20 03:28:03,19240,2119888896,32870400,0.0,0.09849699114705363,0,12,0.1,0.03,0.0,0.0,0.0,11497472,0,7,4,1,0,sleeping,524,494,0,49152,340198,12386
2025-05-20 03:28:04,19240,2119888896,32870400,0.0,0.09849699114705363,0,12,0.1,0.03,0.0,0.0,0.0,11497472,0,7,4,1,0,sleeping,526,496,0,49152,342107,12450
2025-05-20 03:28:05,19240,2119888896,32870400,0.0,0.09849699114705363,0,12,0.1,0.03,0.0,0.0,0.0,11497472,0,7,4,1,0,sleeping,528,498,0,49152,344016,12514
2025-05-20 03:28:07,19240,2119888896,32870400,0.0,0.09849699114705363,0,12,0.1,0.03,0.0,0.0,0.0,11497472,0,7,4,1,0,sleeping,530,501,0,49152,345925,12610
2025-05-20 03:28:08,19240,2119888896,32870400,0.0,0.09849699114705363,0,12,0.1,0.03,0.0,0.0,0.0,11497472,0,7,4,1,0,sleeping,532,503,0,49152,347834,12674
2025-05-20 03:28:09,19240,2119888896,32870400,0.0,0.09849699114705363,0,12,0.1,0.03,0.0,0.0,0.0,11497472,0,7,4,1,0,sleeping,534,505,0,49152,349743,12738
2025-05-20 03:28:10,19240,2119888896,32870400,0.0,0.09849699114705363,0,12,0.1,0.03,0.0,0.0,0.0,11505664,0,6,4,1,0,sleeping,539,509,0,49152,353569,12842
2025-05-20 03:28:11,19240,2119888896,32870400,0.0,0.09849699114705363,0,12,0.1,0.03,0.0,0.0,0.0,11513856,0,7,4,1,0,sleeping,541,511,0,49152,355478,12906
2025-05-20 03:28:12,19240,2119888896,32870400,0.9,0.09849699114705363,0,12,0.11,0.03,0.0,0.0,0.0,11522048,0,7,4,1,0,sleeping,543,513,0,49152,357387,12970
2025-05-20 03:28:13,19240,2119888896,32870400,0.0,0.09849699114705363,0,12,0.11,0.03,0.0,0.0,0.0,11563008,0,7,4,1,0,sleeping,545,515,0,49152,359296,13034
2025-05-20 03:28:14,19240,2119888896,32870400,0.0,0.09849699114705363,0,12,0.11,0.03,0.0,0.0,0.0,11575296,0,7,4,1,0,sleeping,547,517,0,49152,361205,13098
2025-05-20 03:28:15,19240,2119888896,32870400,0.0,0.09849699114705363,0,12,0.11,0.03,0.0,0.0,0.0,11587584,0,7,4,1,0,sleeping,549,519,0,49152,363114,13162
2025-05-20 03:28:17,19240,2119888896,32870400,0.0,0.09849699114705363,0,12,0.11,0.03,0.0,0.0,0.0,11603968,0,7,4,1,0,sleeping,551,522,0,49152,365023,13258
2025-05-20 03:28:18,19240,2119888896,32870400,0.0,0.09849699114705363,0,12,0.11,0.03,0.0,0.0,0.0,11620352,0,6,4,1,0,sleeping,554,525,0,49152,366940,13330
2025-05-20 03:28:19,19240,2119888896,32870400,0.0,0.09849699114705363,0,12,0.11,0.03,0.0,0.0,0.0,11620352,0,8,4,1,0,sleeping,556,527,0,49152,368848,13394
2025-05-20 03:28:20,19240,2119888896,32870400,0.0,0.09849699114705363,0,12,0.11,0.03,0.0,0.0,0.0,11632640,0,8,4,1,0,sleeping,559,530,0,49152,370764,13466
2025-05-20 03:28:21,19240,2119888896,32870400,0.9,0.09849699114705363,0,12,0.11,0.04,0.0,0.0,0.0,11665408,0,8,4,1,0,sleeping,563,532,0,49152,374580,13530
2025-05-20 03:28:22,19240,2119888896,32870400,0.0,0.09849699114705363,0,12,0.11,0.04,0.0,0.0,0.0,11681792,0,8,4,1,0,sleeping,565,535,0,49152,376489,13626
2025-05-20 03:28:23,19240,2119888896,32870400,0.0,0.09849699114705363,0,12,0.11,0.04,0.0,0.0,0.0,11698176,0,8,4,1,0,sleeping,567,537,0,49152,378398,13690
2025-05-20 03:28:24,19240,2119888896,32870400,0.0,0.09849699114705363,0,12,0.11,0.04,0.0,0.0,0.0,11698176,0,8,4,1,0,sleeping,569,539,0,49152,380307,13754
2025-05-20 03:28:25,19240,2119888896,32870400,0.0,0.09849699114705363,0,12,0.11,0.04,0.0,0.0,0.0,11698176,0,8,4,1,0,sleeping,574,544,0,53248,382240,13842
2025-05-20 03:28:26,19240,2119888896,32870400,0.0,0.09849699114705363,0,12,0.11,0.04,0.0,0.0,0.0,11718656,0,8,4,1,0,sleeping,577,547,0,53248,384157,13914
2025-05-20 03:28:27,19240,2119888896,33001472,0.0,0.0988897517348051,0,12,0.11,0.04,0.0,0.0,0.0,11735040,0,8,4,1,0,sleeping,579,549,0,53248,386066,13978
2025-05-20 03:28:29,19240,2119888896,33001472,0.0,0.0988897517348051,0,12,0.11,0.04,0.0,0.0,0.0,11763712,0,7,4,1,0,sleeping,581,552,0,53248,387975,14074
2025-05-20 03:28:30,19240,2119888896,33001472,0.0,0.0988897517348051,0,12,0.11,0.04,0.0,0.0,0.0,11763712,0,7,4,1,0,sleeping,584,555,0,53248,389892,14146
2025-05-20 03:28:31,19240,2119888896,33001472,0.0,0.0988897517348051,0,12,0.11,0.04,0.0,0.0,0.0,11776000,0,7,4,1,0,sleeping,587,558,0,53248,391808,14218
2025-05-20 03:28:32,19240,2119888896,33001472,0.0,0.0988897517348051,0,12,0.11,0.04,0.0,0.0,0.0,11792384,0,8,4,1,0,sleeping,589,560,0,53248,393716,14282
2025-05-20 03:28:33,19240,2119888896,33001472,0.0,0.0988897517348051,0,12,0.11,0.04,0.0,0.0,0.0,11800576,0,7,4,1,0,sleeping,594,564,0,57344,397542,14386
2025-05-20 03:28:34,19240,2119888896,33001472,0.0,0.0988897517348051,0,12,0.11,0.04,0.0,0.0,0.0,11800576,0,7,4,1,0,sleeping,597,567,0,57344,399459,14458
2025-05-20 03:28:35,19240,2119888896,33001472,0.0,0.0988897517348051,0,12,0.11,0.04,0.0,0.0,0.0,11800576,0,8,4,1,0,sleeping,600,570,0,57344,401376,14530
2025-05-20 03:28:37,19240,2119888896,33001472,0.0,0.0988897517348051,0,12,0.11,0.04,0.0,0.0,0.0,11800576,0,8,4,1,0,sleeping,602,573,0,57344,403285,14626
2025-05-20 03:28:38,19240,2119888896,33001472,0.0,0.0988897517348051,0,12,0.11,0.04,0.0,0.0,0.0,11800576,0,8,4,1,0,sleeping,604,575,0,57344,405194,14690
2025-05-20 03:28:39,19240,2119888896,33001472,0.0,0.0988897517348051,0,12,0.11,0.04,0.0,0.0,0.0,11800576,0,7,4,1,0,sleeping,606,577,0,57344,407103,14754
2025-05-20 03:28:40,19240,2119888896,33001472,0.0,0.0988897517348051,0,12,0.11,0.04,0.0,0.0,0.0,11800576,0,7,4,1,0,sleeping,609,580,0,61440,409020,14826
2025-05-20 03:28:41,19240,2119888896,33001472,0.0,0.0988897517348051,0,12,0.11,0.04,0.0,0.0,0.0,11800576,0,7,4,1,0,sleeping,611,582,0,61440,410928,14890
2025-05-20 03:28:42,19240,2119888896,33001472,0.0,0.0988897517348051,0,12,0.11,0.04,0.0,0.0,0.0,11800576,0,7,4,1,0,sleeping,616,586,0,61440,414753,14994
2025-05-20 03:28:43,19240,2119888896,33001472,0.0,0.0988897517348051,0,12,0.11,0.04,0.0,0.0,0.0,11800576,0,7,4,1,0,sleeping,618,588,0,61440,416662,15058
2025-05-20 03:28:44,19240,2119888896,33001472,0.9,0.0988897517348051,0,12,0.12,0.04,0.0,0.0,0.0,11800576,0,7,4,1,0,sleeping,620,590,0,61440,418570,15122
2025-05-20 03:28:45,19240,2119888896,33001472,0.0,0.0988897517348051,0,12,0.12,0.04,0.0,0.0,0.0,11800576,0,7,4,1,0,sleeping,622,592,0,61440,420478,15186
2025-05-20 03:28:46,19240,2119888896,33001472,0.0,0.0988897517348051,0,12,0.12,0.04,0.0,0.0,0.0,11800576,0,7,4,1,0,sleeping,624,594,0,61440,422387,15250
2025-05-20 03:28:47,19240,2119888896,33001472,0.0,0.0988897517348051,0,12,0.12,0.04,0.0,0.0,0.0,11800576,0,7,4,1,0,sleeping,626,596,0,61440,424296,15314
2025-05-20 03:28:49,19240,2119888896,33001472,0.0,0.0988897517348051,0,12,0.12,0.04,0.0,0.0,0.0,11800576,0,7,4,1,0,sleeping,628,599,0,61440,426205,15410
2025-05-20 03:28:50,19240,2119888896,33001472,0.0,0.0988897517348051,0,12,0.12,0.04,0.0,0.0,0.0,11800576,0,7,4,1,0,sleeping,630,601,0,61440,428114,15474
2025-05-20 03:28:51,19240,2119888896,33001472,0.0,0.0988897517348051,0,12,0.12,0.04,0.0,0.0,0.0,11800576,0,7,4,1,0,sleeping,632,603,0,61440,430023,15538
2025-05-20 03:28:52,19240,2119888896,33001472,0.0,0.0988897517348051,0,12,0.12,0.04,0.0,0.0,0.0,11800576,0,7,4,1,0,sleeping,634,605,0,61440,431932,15602
2025-05-20 03:28:53,19240,2119888896,33001472,0.0,0.0988897517348051,0,12,0.12,0.04,0.0,0.0,0.0,11800576,0,7,4,1,0,sleeping,636,607,0,61440,433841,15666
2025-05-20 03:28:54,19240,2119888896,33132544,0.0,0.0992825123225566,0,12,0.12,0.04,0.0,0.0,0.0,11812864,0,7,4,1,0,sleeping,641,611,0,61440,437667,15770
2025-05-20 03:28:55,19240,2119888896,33132544,0.0,0.0992825123225566,0,12,0.12,0.04,0.0,0.0,0.0,11866112,0,6,4,1,0,sleeping,643,613,0,61440,439576,15834
2025-05-20 03:28:56,19240,2119888896,33001472,0.0,0.0988897517348051,0,12,0.12,0.04,0.0,0.0,0.0,11669504,0,4,4,1,0,sleeping,645,615,0,61440,441485,15898
2025-05-20 03:28:57,19240,2119888896,33001472,0.0,0.0988897517348051,0,12,0.12,0.04,0.0,0.0,0.0,11669504,0,5,4,1,0,sleeping,648,618,0,61440,443402,15970
2025-05-20 03:28:58,19240,2119888896,33001472,0.0,0.0988897517348051,0,12,0.12,0.04,0.0,0.0,0.0,11669504,0,5,3,1,0,sleeping,650,620,0,61440,445311,16034
2025-05-20 03:28:59,19240,2119888896,33001472,0.0,0.0988897517348051,0,12,0.12,0.04,0.0,0.0,0.0,11669504,0,5,3,1,0,sleeping,652,622,0,61440,447220,16098
2025-05-20 03:29:01,19240,2119888896,33001472,0.0,0.0988897517348051,0,12,0.12,0.04,0.0,0.0,0.0,11669504,0,4,3,1,0,sleeping,655,626,0,61440,449137,16202
2025-05-20 03:29:02,19240,2119888896,33001472,0.0,0.0988897517348051,0,12,0.12,0.04,0.0,0.0,0.0,11669504,0,4,4,1,0,sleeping,659,630,0,61440,451062,16282
2025-05-20 03:29:03,19240,2119888896,33001472,0.0,0.0988897517348051,0,12,0.12,0.04,0.0,0.0,0.0,11669504,0,4,4,1,0,sleeping,662,633,0,61440,452979,16354
2025-05-20 03:29:04,19240,2119888896,33001472,0.0,0.0988897517348051,0,12,0.12,0.04,0.0,0.0,0.0,11669504,0,4,4,1,0,sleeping,666,637,0,61440,454904,16434
2025-05-20 03:29:05,19240,2119888896,33001472,0.0,0.0988897517348051,0,12,0.12,0.04,0.0,0.0,0.0,11669504,0,5,4,1,0,sleeping,669,640,0,61440,456821,16506
2025-05-20 03:29:06,19240,2119888896,33001472,0.0,0.0988897517348051,0,12,0.12,0.04,0.0,0.0,0.0,11669504,0,4,3,1,0,sleeping,674,644,0,61440,460647,16610
2025-05-20 03:29:07,19240,2119888896,33001472,0.0,0.0988897517348051,0,12,0.12,0.04,0.0,0.0,0.0,11669504,0,5,4,1,0,sleeping,677,647,0,61440,462564,16682
2025-05-20 03:29:08,19240,2119888896,33001472,0.0,0.0988897517348051,0,12,0.12,0.04,0.0,0.0,0.0,11669504,0,5,4,1,0,sleeping,679,649,0,61440,464473,16746
2025-05-20 03:29:10,19240,2119888896,33001472,0.0,0.0988897517348051,0,12,0.12,0.04,0.0,0.0,0.0,11669504,0,5,4,1,0,sleeping,684,655,0,61440,466406,16866
2025-05-20 03:29:11,19240,2119888896,33001472,1.8,0.0988897517348051,0,12,0.13,0.05,0.0,0.0,0.0,11669504,0,5,4,1,0,sleeping,686,657,0,65536,468315,16930
2025-05-20 03:29:12,19240,2119888896,33001472,0.0,0.0988897517348051,0,12,0.13,0.05,0.0,0.0,0.0,11669504,0,5,4,1,0,sleeping,689,660,0,65536,470232,17002
2025-05-20 03:29:13,19240,2119888896,33001472,0.0,0.0988897517348051,0,12,0.13,0.05,0.0,0.0,0.0,11669504,0,4,3,1,0,sleeping,691,662,0,65536,472141,17066
2025-05-20 03:29:14,19240,2119888896,33001472,0.0,0.0988897517348051,0,12,0.13,0.05,0.0,0.0,0.0,11669504,0,5,4,1,0,sleeping,696,666,0,65536,475963,17170
2025-05-20 03:29:15,19240,2119888896,33001472,0.0,0.0988897517348051,0,12,0.13,0.05,0.0,0.0,0.0,11669504,0,5,4,1,0,sleeping,698,668,0,65536,477872,17234
2025-05-20 03:29:16,19240,2119888896,33001472,0.0,0.0988897517348051,0,12,0.13,0.05,0.0,0.0,0.0,11669504,0,5,4,1,0,sleeping,700,670,0,65536,479781,17298
2025-05-20 03:29:17,19240,2119888896,33001472,0.0,0.0988897517348051,0,12,0.13,0.05,0.0,0.0,0.0,11669504,0,5,4,1,0,sleeping,702,672,0,65536,481690,17362
2025-05-20 03:29:18,19240,2119888896,33001472,0.0,0.0988897517348051,0,12,0.13,0.05,0.0,0.0,0.0,11669504,0,4,3,1,0,sleeping,704,674,0,65536,483599,17426
2025-05-20 03:29:19,19240,2119888896,33001472,0.0,0.0988897517348051,0,12,0.13,0.05,0.0,0.0,0.0,11669504,0,4,3,1,0,sleeping,707,677,0,65536,485516,17498
2025-05-20 03:29:21,19240,2119888896,33001472,0.0,0.0988897517348051,0,12,0.13,0.05,0.0,0.0,0.0,11669504,0,4,3,1,0,sleeping,710,681,0,65536,487433,17602
2025-05-20 03:29:22,19240,2119888896,33001472,0.0,0.0988897517348051,0,12,0.13,0.05,0.0,0.0,0.0,11669504,0,4,3,1,0,sleeping,713,684,0,65536,489350,17674
2025-05-20 03:29:23,19240,2119888896,33001472,0.0,0.0988897517348051,0,12,0.13,0.05,0.0,0.0,0.0,11669504,0,5,4,1,0,sleeping,716,687,0,65536,491267,17746
2025-05-20 03:29:24,19240,2119888896,33001472,0.0,0.0988897517348051,0,12,0.13,0.05,0.0,0.0,0.0,11669504,0,5,4,1,0,sleeping,720,691,0,65536,493192,17826
2025-05-20 03:29:25,19240,2119888896,33001472,0.0,0.0988897517348051,0,12,0.13,0.05,0.0,0.0,0.0,11669504,0,5,4,1,0,sleeping,723,694,0,65536,495109,17898
2025-05-20 03:29:26,19240,2119888896,33001472,0.0,0.0988897517348051,0,12,0.13,0.05,0.0,0.0,0.0,11669504,0,4,3,1,0,sleeping,725,697,0,65536,497017,17994
2025-05-20 03:29:27,19240,2119888896,33001472,0.0,0.0988897517348051,0,12,0.13,0.05,0.0,0.0,0.0,11669504,0,4,3,1,0,sleeping,729,699,0,65536,500833,18058
2025-05-20 03:29:28,19240,2119888896,33001472,0.0,0.0988897517348051,0,12,0.13,0.05,0.0,0.0,0.0,11669504,0,5,4,1,0,sleeping,732,702,0,65536,502749,18130
2025-05-20 03:29:29,19240,2119888896,33001472,0.0,0.0988897517348051,0,12,0.13,0.05,0.0,0.0,0.0,11669504,0,5,4,1,0,sleeping,734,704,0,69632,504658,18194
2025-05-20 03:29:31,19240,2119888896,33001472,0.8,0.0988897517348051,0,12,0.14,0.05,0.0,0.0,0.0,11669504,0,5,4,1,0,sleeping,738,709,0,73728,506583,18306
2025-05-20 03:29:32,19240,2119888896,33001472,0.0,0.0988897517348051,0,12,0.14,0.05,0.0,0.0,0.0,11669504,0,4,3,1,0,sleeping,741,712,0,73728,508500,18378
2025-05-20 03:29:33,19240,2119888896,33001472,0.0,0.0988897517348051,0,12,0.14,0.05,0.0,0.0,0.0,11669504,0,4,3,1,0,sleeping,744,715,0,73728,510417,18450
2025-05-20 03:29:34,19240,2119888896,33001472,0.0,0.0988897517348051,0,12,0.14,0.05,0.0,0.0,0.0,11669504,0,4,3,1,0,sleeping,747,718,0,73728,512334,18522
2025-05-20 03:29:35,19240,2119888896,33001472,0.0,0.0988897517348051,0,12,0.14,0.05,0.0,0.0,0.0,11669504,0,4,3,1,0,sleeping,752,722,0,73728,516157,18626
2025-05-20 03:29:36,19240,2119888896,33001472,0.0,0.0988897517348051,0,12,0.14,0.05,0.0,0.0,0.0,11669504,0,4,3,1,0,sleeping,755,725,0,73728,518072,18698
2025-05-20 03:29:37,19240,2119888896,33001472,0.0,0.0988897517348051,0,12,0.14,0.05,0.0,0.0,0.0,11669504,0,4,3,1,0,sleeping,758,728,0,73728,519988,18770
2025-05-20 03:29:38,19240,2119888896,33001472,0.0,0.0988897517348051,0,12,0.14,0.05,0.0,0.0,0.0,11669504,0,5,3,1,0,sleeping,760,730,0,73728,521895,18834
2025-05-20 03:29:39,19240,2119888896,33001472,0.0,0.0988897517348051,0,12,0.14,0.05,0.0,0.0,0.0,11669504,0,5,3,1,0,sleeping,763,733,0,73728,523810,18906
2025-05-20 03:29:41,19240,2119888896,33001472,0.0,0.0988897517348051,0,12,0.14,0.05,0.0,0.0,0.0,11669504,0,6,3,1,0,sleeping,767,738,0,73728,525735,19018
2025-05-20 03:29:42,19240,2119888896,33001472,0.0,0.0988897517348051,0,12,0.14,0.05,0.0,0.0,0.0,11669504,0,6,3,1,0,sleeping,770,741,0,73728,527652,19090
2025-05-20 03:29:43,19240,2119888896,33001472,0.0,0.0988897517348051,0,12,0.14,0.05,0.0,0.0,0.0,11669504,0,6,3,1,0,sleeping,773,744,0,73728,529569,19162
2025-05-20 03:29:44,19240,2119888896,33001472,0.0,0.0988897517348051,0,12,0.14,0.05,0.0,0.0,0.0,11669504,0,6,3,1,0,sleeping,776,747,0,73728,531486,19234
2025-05-20 03:29:45,19240,2119888896,33001472,0.0,0.0988897517348051,0,12,0.14,0.05,0.0,0.0,0.0,11669504,0,6,3,1,0,sleeping,779,750,0,73728,533402,19306
2025-05-20 03:29:46,19240,2119888896,33001472,0.0,0.0988897517348051,0,12,0.14,0.05,0.0,0.0,0.0,11669504,0,6,3,1,0,sleeping,782,753,0,73728,535318,19378
2025-05-20 03:29:47,19240,2119888896,33001472,0.0,0.0988897517348051,0,12,0.14,0.05,0.0,0.0,0.0,11669504,0,4,3,1,0,sleeping,785,757,0,73728,537235,19482
2025-05-20 03:29:48,19240,2119888896,33001472,0.0,0.0988897517348051,0,12,0.14,0.05,0.0,0.0,0.0,11669504,0,4,3,1,0,sleeping,791,761,0,73728,541069,19562
2025-05-20 03:29:49,19240,2119888896,33001472,0.0,0.0988897517348051,0,12,0.14,0.05,0.0,0.0,0.0,11669504,0,4,3,1,0,sleeping,794,764,0,73728,542986,19634
2025-05-20 03:29:50,19240,2119888896,33001472,0.0,0.0988897517348051,0,12,0.14,0.05,0.0,0.0,0.0,11669504,0,6,4,1,0,sleeping,797,767,0,73728,544903,19706
2025-05-20 03:29:51,19240,2119888896,33001472,0.9,0.0988897517348051,0,12,0.15,0.05,0.0,0.0,0.0,11669504,0,6,3,1,0,sleeping,799,769,0,73728,546812,19770
2025-05-20 03:29:53,19240,2119888896,33001472,0.0,0.0988897517348051,0,12,0.15,0.05,0.0,0.0,0.0,11669504,0,6,3,1,0,sleeping,801,772,0,73728,548721,19866
2025-05-20 03:29:54,19240,2119888896,33001472,0.0,0.0988897517348051,0,12,0.15,0.05,0.0,0.0,0.0,11669504,0,6,3,1,0,sleeping,803,774,0,73728,550630,19930
2025-05-20 03:29:55,19240,2119888896,33001472,0.0,0.0988897517348051,0,12,0.15,0.05,0.0,0.0,0.0,11669504,0,7,4,1,0,sleeping,806,777,0,73728,552547,20002
2025-05-20 03:29:56,19240,2119888896,33001472,0.0,0.0988897517348051,0,12,0.15,0.05,0.0,0.0,0.0,11669504,0,6,4,1,0,sleeping,809,780,0,73728,554464,20074
2025-05-20 03:29:57,19240,2119888896,33001472,0.0,0.0988897517348051,0,12,0.15,0.05,0.0,0.0,0.0,11669504,0,5,4,1,0,sleeping,813,784,0,73728,556389,20154
2025-05-20 03:29:58,19240,2119888896,33001472,0.0,0.0988897517348051,0,12,0.15,0.05,0.0,0.0,0.0,11669504,0,5,4,1,0,sleeping,817,788,0,73728,558314,20234
2025-05-20 03:29:59,19240,2119888896,33001472,0.0,0.0988897517348051,0,12,0.15,0.05,0.0,0.0,0.0,11673600,0,5,4,1,0,sleeping,819,791,0,73728,560223,20330
2025-05-20 03:30:00,19240,2119888896,33001472,0.0,0.0988897517348051,0,12,0.15,0.05,0.0,0.0,0.0,11673600,0,5,4,1,0,sleeping,823,793,0,73728,564041,20394
2025-05-20 03:30:01,19240,2119888896,33001472,0.0,0.0988897517348051,0,12,0.15,0.05,0.0,0.0,0.0,11673600,0,5,4,1,0,sleeping,826,796,0,73728,565958,20466
2025-05-20 03:30:02,19240,2119888896,33001472,0.0,0.0988897517348051,0,12,0.15,0.05,0.0,0.0,0.0,11673600,0,5,4,1,0,sleeping,828,798,0,77824,567867,20530
2025-05-20 03:30:03,19240,2119888896,33001472,0.0,0.0988897517348051,0,12,0.15,0.05,0.0,0.0,0.0,11673600,0,4,4,1,0,sleeping,831,801,0,77824,569784,20602
2025-05-20 03:30:05,19240,2119888896,33001472,0.0,0.0988897517348051,0,12,0.15,0.05,0.0,0.0,0.0,11673600,0,3,3,1,0,sleeping,835,806,0,77824,571709,20714
2025-05-20 03:30:06,19240,2119888896,33001472,0.0,0.0988897517348051,0,12,0.15,0.05,0.0,0.0,0.0,11673600,0,4,3,1,0,sleeping,838,809,0,77824,573626,20786
2025-05-20 03:30:07,19240,2119888896,33001472,0.0,0.0988897517348051,0,12,0.15,0.05,0.0,0.0,0.0,11673600,0,5,3,1,0,sleeping,840,811,0,77824,575534,20850
2025-05-20 03:30:08,19240,2119888896,33001472,0.0,0.0988897517348051,0,12,0.15,0.05,0.0,0.0,0.0,11673600,0,6,4,1,0,sleeping,843,814,0,77824,577450,20922
2025-05-20 03:30:09,19240,2119888896,33001472,0.0,0.0988897517348051,0,12,0.15,0.05,0.0,0.0,0.0,11673600,0,5,3,1,0,sleeping,846,817,0,77824,579367,20994
2025-05-20 03:30:10,19240,2119888896,33001472,0.0,0.0988897517348051,0,12,0.15,0.05,0.0,0.0,0.0,11673600,0,6,4,1,0,sleeping,850,821,0,77824,581292,21074
2025-05-20 03:30:11,19240,2119888896,33001472,0.0,0.0988897517348051,0,12,0.15,0.05,0.0,0.0,0.0,11673600,0,6,3,1,0,sleeping,853,825,0,77824,583209,21178
2025-05-20 03:30:12,19240,2119888896,33001472,0.0,0.0988897517348051,0,12,0.15,0.05,0.0,0.0,0.0,11673600,0,5,4,1,0,sleeping,857,827,0,77824,587027,21242
2025-05-20 03:30:13,19240,2119888896,33001472,0.0,0.0988897517348051,0,12,0.15,0.05,0.0,0.0,0.0,11673600,0,5,3,1,0,sleeping,860,830,0,77824,588944,21314
2025-05-20 03:30:14,19240,2119888896,33001472,0.0,0.0988897517348051,0,12,0.15,0.05,0.0,0.0,0.0,11673600,0,6,3,1,0,sleeping,862,832,0,77824,590853,21378
2025-05-20 03:30:15,19240,2119888896,33132544,0.9,0.0992825123225566,0,12,0.16,0.05,0.0,0.0,0.0,11767808,0,6,4,1,0,sleeping,864,834,0,77824,592762,21442
2025-05-20 03:30:17,19240,2119888896,33132544,0.0,0.0992825123225566,0,12,0.16,0.05,0.0,0.0,0.0,11767808,0,5,4,1,0,sleeping,868,839,0,77824,594687,21554
2025-05-20 03:30:18,19240,2119888896,33132544,0.0,0.0992825123225566,0,12,0.16,0.05,0.0,0.0,0.0,11767808,0,5,4,1,0,sleeping,870,841,0,81920,596596,21618
2025-05-20 03:30:19,19240,2119888896,33132544,0.0,0.0992825123225566,0,12,0.16,0.05,0.0,0.0,0.0,11767808,0,5,4,1,0,sleeping,872,843,0,81920,598505,21682
2025-05-20 03:30:20,19240,2119888896,33132544,0.0,0.0992825123225566,0,12,0.16,0.05,0.0,0.0,0.0,11767808,0,6,4,1,0,sleeping,874,846,0,81920,600414,21778
2025-05-20 03:30:21,19240,2119888896,33132544,0.0,0.0992825123225566,0,12,0.16,0.05,0.0,0.0,0.0,11767808,0,5,4,1,0,sleeping,876,848,0,81920,602323,21842
2025-05-20 03:30:22,19240,2119888896,33132544,0.0,0.0992825123225566,0,12,0.16,0.05,0.0,0.0,0.0,11767808,0,5,4,1,0,sleeping,880,850,0,81920,606140,21906
2025-05-20 03:30:23,19240,2119888896,33132544,0.0,0.0992825123225566,0,12,0.16,0.05,0.0,0.0,0.0,11767808,0,5,4,1,0,sleeping,884,854,0,81920,608064,21986
2025-05-20 03:30:24,19240,2119888896,33132544,0.0,0.0992825123225566,0,12,0.16,0.05,0.0,0.0,0.0,11767808,0,6,4,1,0,sleeping,887,857,0,81920,609981,22058
2025-05-20 03:30:25,19240,2119888896,33132544,0.0,0.0992825123225566,0,12,0.16,0.05,0.0,0.0,0.0,11767808,0,6,4,1,0,sleeping,889,859,0,81920,611890,22122
2025-05-20 03:30:27,19240,2119888896,33132544,0.0,0.0992825123225566,0,12,0.16,0.05,0.0,0.0,0.0,11767808,0,6,4,1,0,sleeping,892,863,0,81920,613807,22226
2025-05-20 03:30:28,19240,2119888896,33132544,0.0,0.0992825123225566,0,12,0.16,0.05,0.0,0.0,0.0,11767808,0,7,4,1,0,sleeping,894,865,0,81920,615716,22290
2025-05-20 03:30:29,19240,2119888896,33132544,0.0,0.0992825123225566,0,12,0.16,0.05,0.0,0.0,0.0,11767808,0,7,4,1,0,sleeping,897,868,0,81920,617633,22362
2025-05-20 03:30:30,19240,2119888896,33132544,0.0,0.0992825123225566,0,12,0.16,0.05,0.0,0.0,0.0,11767808,0,7,4,1,0,sleeping,901,872,0,81920,619558,22442
2025-05-20 03:30:31,19240,2119888896,33132544,0.0,0.0992825123225566,0,12,0.16,0.05,0.0,0.0,0.0,11767808,0,7,4,1,0,sleeping,903,874,0,81920,621467,22506
2025-05-20 03:30:32,19240,2119888896,33132544,0.0,0.0992825123225566,0,12,0.16,0.05,0.0,0.0,0.0,11767808,0,7,4,1,0,sleeping,907,878,0,81920,623392,22586
2025-05-20 03:30:33,19240,2119888896,33132544,0.0,0.0992825123225566,0,12,0.16,0.05,0.0,0.0,0.0,11771904,0,6,4,1,0,sleeping,910,882,0,86016,625309,22690
2025-05-20 03:30:34,19240,2119888896,33132544,0.0,0.0992825123225566,0,12,0.16,0.05,0.0,0.0,0.0,11771904,0,6,4,1,0,sleeping,915,885,0,86016,629135,22762
2025-05-20 03:30:35,19240,2119888896,33132544,0.9,0.0992825123225566,0,12,0.17,0.05,0.0,0.0,0.0,11771904,0,7,4,1,0,sleeping,917,887,0,86016,631044,22826
2025-05-20 03:30:36,19240,2119888896,33132544,0.0,0.0992825123225566,0,12,0.17,0.05,0.0,0.0,0.0,11771904,0,6,4,1,0,sleeping,919,890,0,86016,632953,22922
2025-05-20 03:30:38,19240,2119888896,33132544,0.0,0.0992825123225566,0,12,0.17,0.05,0.0,0.0,0.0,11771904,0,6,4,1,0,sleeping,921,893,0,86016,634861,23018
2025-05-20 03:30:39,19240,2119888896,33132544,0.0,0.0992825123225566,0,12,0.17,0.05,0.0,0.0,0.0,11771904,0,6,4,1,0,sleeping,927,897,0,86016,638694,23098
2025-05-20 03:30:40,19240,2119888896,33132544,0.0,0.0992825123225566,0,12,0.17,0.05,0.0,0.0,0.0,11771904,0,6,4,1,0,sleeping,929,899,0,86016,640603,23162
2025-05-20 03:30:42,19240,2119888896,33132544,0.0,0.0992825123225566,0,12,0.17,0.05,0.0,0.0,0.0,11771904,0,8,4,1,0,sleeping,932,903,0,86016,642519,23266
2025-05-20 03:30:43,19240,2119888896,33132544,0.0,0.0992825123225566,0,12,0.17,0.05,0.0,0.0,0.0,11771904,0,8,4,1,0,sleeping,934,905,0,86016,644427,23330
2025-05-20 03:30:44,19240,2119888896,33132544,0.0,0.0992825123225566,0,12,0.17,0.05,0.0,0.0,0.0,11771904,0,8,4,1,0,sleeping,936,907,0,86016,646336,23394
2025-05-20 03:30:45,19240,2119888896,33132544,0.0,0.0992825123225566,0,12,0.17,0.05,0.0,0.0,0.0,11771904,0,8,4,1,0,sleeping,938,909,0,86016,648245,23458
2025-05-20 03:30:46,19240,2119888896,33132544,0.9,0.0992825123225566,0,12,0.18,0.05,0.0,0.0,0.0,11771904,0,8,4,1,0,sleeping,940,911,0,86016,650154,23522
2025-05-20 03:30:47,19240,2119888896,33132544,0.0,0.0992825123225566,0,12,0.18,0.05,0.0,0.0,0.0,11771904,0,5,4,1,0,sleeping,943,915,0,86016,652071,23626
2025-05-20 03:30:48,19240,2119888896,33132544,0.0,0.0992825123225566,0,12,0.18,0.05,0.0,0.0,0.0,11771904,0,5,4,1,0,sleeping,946,918,0,86016,653988,23698
2025-05-20 03:30:49,19240,2119888896,33132544,0.0,0.0992825123225566,0,12,0.18,0.05,0.0,0.0,0.0,11771904,0,6,4,1,0,sleeping,950,920,0,86016,657806,23762
2025-05-20 03:30:50,19240,2119888896,33132544,0.0,0.0992825123225566,0,12,0.18,0.05,0.0,0.0,0.0,11771904,0,6,4,1,0,sleeping,955,925,0,86016,659739,23850
2025-05-20 03:30:51,19240,2119888896,33132544,0.0,0.0992825123225566,0,12,0.18,0.05,0.0,0.0,0.0,11771904,0,6,4,1,0,sleeping,958,928,0,90112,661656,23922
2025-05-20 03:30:52,19240,2119888896,33132544,0.0,0.0992825123225566,0,12,0.18,0.05,0.0,0.0,0.0,11771904,0,5,4,1,0,sleeping,962,933,0,90112,663581,24034
2025-05-20 03:30:54,19240,2119888896,33132544,0.0,0.0992825123225566,0,12,0.18,0.05,0.0,0.0,0.0,11771904,0,6,4,1,0,sleeping,965,936,0,90112,665498,24106
2025-05-20 03:30:55,19240,2119888896,33132544,0.0,0.0992825123225566,0,12,0.18,0.05,0.0,0.0,0.0,11771904,0,6,4,1,0,sleeping,968,939,0,90112,667415,24178
2025-05-20 03:30:56,19240,2119888896,33132544,0.0,0.0992825123225566,0,12,0.18,0.05,0.0,0.0,0.0,11771904,0,5,4,1,0,sleeping,970,941,0,90112,669324,24242
2025-05-20 03:30:57,19240,2119888896,33132544,0.0,0.0992825123225566,0,12,0.18,0.05,0.0,0.0,0.0,11771904,0,6,4,1,0,sleeping,973,944,0,90112,671241,24314
2025-05-20 03:30:58,19240,2119888896,33132544,0.0,0.0992825123225566,0,12,0.18,0.05,0.0,0.0,0.0,11771904,0,6,4,1,0,sleeping,976,947,0,90112,673158,24386
2025-05-20 03:30:59,19240,2119888896,33132544,0.0,0.0992825123225566,0,12,0.18,0.05,0.0,0.0,0.0,11771904,0,6,4,1,0,sleeping,979,951,0,90112,675075,24490
2025-05-20 03:31:00,19240,2119888896,33132544,0.0,0.0992825123225566,0,12,0.18,0.05,0.0,0.0,0.0,11771904,0,6,4,1,0,sleeping,982,954,0,90112,676992,24562
2025-05-20 03:31:01,19240,2119888896,33132544,0.0,0.0992825123225566,0,12,0.18,0.05,0.0,0.0,0.0,11771904,0,7,4,1,0,sleeping,987,957,0,90112,680816,24634
2025-05-20 03:31:02,19240,2119888896,33132544,0.0,0.0992825123225566,0,12,0.18,0.05,0.0,0.0,0.0,11771904,0,6,4,1,0,sleeping,990,960,0,90112,682733,24706
2025-05-20 03:31:03,19240,2119888896,33132544,0.0,0.0992825123225566,0,12,0.18,0.05,0.0,0.0,0.0,11771904,0,6,4,1,0,sleeping,994,964,0,90112,684658,24786
2025-05-20 03:31:04,19240,2119888896,33132544,0.0,0.0992825123225566,0,12,0.18,0.05,0.0,0.0,0.0,11771904,0,6,4,1,0,sleeping,997,968,0,90112,686575,24890
2025-05-20 03:31:06,19240,2119888896,33132544,0.0,0.0992825123225566,0,12,0.18,0.05,0.0,0.0,0.0,11771904,0,6,4,1,0,sleeping,1000,971,0,90112,688492,24962
2025-05-20 03:31:07,19240,2119888896,33132544,0.0,0.0992825123225566,0,12,0.18,0.05,0.0,0.0,0.0,11771904,0,6,4,1,0,sleeping,1003,974,0,94208,690409,25034
2025-05-20 03:31:08,19240,2119888896,33132544,0.0,0.0992825123225566,0,12,0.18,0.05,0.0,0.0,0.0,11771904,0,6,4,1,0,sleeping,1006,977,0,94208,692326,25106
2025-05-20 03:31:09,19240,2119888896,33132544,0.0,0.0992825123225566,0,12,0.18,0.05,0.0,0.0,0.0,11771904,0,6,4,1,0,sleeping,1011,983,0,94208,694259,25226
2025-05-20 03:31:11,19240,2119888896,33132544,0.6,0.0992825123225566,0,12,0.19,0.05,0.0,0.0,0.0,11771904,0,6,4,1,0,sleeping,1017,988,0,94208,698092,25338
2025-05-20 03:31:12,19240,2119888896,33132544,0.6,0.0992825123225566,0,12,0.19,0.06,0.0,0.0,0.0,11771904,0,7,4,1,0,sleeping,1023,993,0,94208,701925,25450
2025-05-20 03:31:14,19240,2119888896,33132544,0.0,0.0992825123225566,0,12,0.19,0.06,0.0,0.0,0.0,11771904,0,7,4,1,0,sleeping,1028,999,0,94208,703858,25570
2025-05-20 03:31:15,19240,2119888896,33132544,0.0,0.0992825123225566,0,12,0.19,0.06,0.0,0.0,0.0,11771904,0,6,4,1,0,sleeping,1031,1002,0,94208,705775,25642
2025-05-20 03:31:16,19240,2119888896,33132544,0.0,0.0992825123225566,0,12,0.19,0.06,0.0,0.0,0.0,11771904,0,6,4,1,0,sleeping,1034,1005,0,94208,707692,25714
2025-05-20 03:31:17,19240,2119888896,33132544,0.0,0.0992825123225566,0,12,0.19,0.06,0.0,0.0,0.0,11771904,0,6,4,1,0,sleeping,1037,1008,0,94208,709609,25786
2025-05-20 03:31:18,19240,2119888896,33132544,0.0,0.0992825123225566,0,12,0.19,0.06,0.0,0.0,0.0,11771904,0,7,4,1,0,sleeping,1039,1011,0,94208,711517,25882
2025-05-20 03:31:19,19240,2119888896,33132544,0.0,0.0992825123225566,0,12,0.19,0.06,0.0,0.0,0.0,11771904,0,7,4,1,0,sleeping,1043,1015,0,94208,713441,25962
2025-05-20 03:31:20,19240,2119888896,33132544,0.0,0.0992825123225566,0,12,0.19,0.06,0.0,0.0,0.0,11771904,0,7,4,1,0,sleeping,1046,1018,0,94208,715358,26034
2025-05-20 03:31:21,19240,2119888896,33132544,0.0,0.0992825123225566,0,12,0.19,0.06,0.0,0.0,0.0,11771904,0,7,4,1,0,sleeping,1051,1021,0,94208,719181,26106
2025-05-20 03:31:22,19240,2119888896,33132544,0.0,0.0992825123225566,0,12,0.19,0.06,0.0,0.0,0.0,11771904,0,6,4,1,0,sleeping,1054,1024,0,94208,721097,26178
2025-05-20 03:31:23,19240,2119888896,33132544,0.0,0.0992825123225566,0,12,0.19,0.06,0.0,0.0,0.0,11771904,0,6,4,1,0,sleeping,1057,1028,0,94208,723014,26282
2025-05-20 03:31:25,19240,2119888896,33132544,0.0,0.0992825123225566,0,12,0.19,0.06,0.0,0.0,0.0,11771904,0,7,4,1,0,sleeping,1059,1030,0,94208,724923,26346
2025-05-20 03:31:26,19240,2119888896,33132544,0.0,0.0992825123225566,0,12,0.19,0.06,0.0,0.0,0.0,11771904,0,7,4,1,0,sleeping,1062,1033,0,94208,726840,26418
2025-05-20 03:31:27,19240,2119888896,33132544,0.0,0.0992825123225566,0,12,0.19,0.06,0.0,0.0,0.0,11771904,0,6,4,1,0,sleeping,1065,1036,0,94208,728757,26490
2025-05-20 03:31:28,19240,2119888896,33132544,0.0,0.0992825123225566,0,12,0.19,0.06,0.0,0.0,0.0,11771904,0,6,4,1,0,sleeping,1067,1038,0,94208,730666,26554
2025-05-20 03:31:29,19240,2119888896,33132544,0.0,0.0992825123225566,0,12,0.19,0.06,0.0,0.0,0.0,11771904,0,6,4,1,0,sleeping,1069,1040,0,94208,732575,26618
2025-05-20 03:31:30,19240,2119888896,33132544,0.9,0.0992825123225566,0,12,0.2,0.06,0.0,0.0,0.0,11771904,0,7,4,1,0,sleeping,1072,1044,0,94208,734492,26722
2025-05-20 03:31:31,19240,2119888896,33132544,0.0,0.0992825123225566,0,12,0.2,0.06,0.0,0.0,0.0,11771904,0,7,4,1,0,sleeping,1076,1048,0,94208,736417,26802
2025-05-20 03:31:32,19240,2119888896,33132544,0.0,0.0992825123225566,0,12,0.2,0.06,0.0,0.0,0.0,11771904,0,7,4,1,0,sleeping,1079,1051,0,94208,738334,26874
2025-05-20 03:31:33,19240,2119888896,33132544,0.0,0.0992825123225566,0,12,0.2,0.06,0.0,0.0,0.0,11644928,0,7,4,1,0,sleeping,1084,1054,0,94208,742160,26946
2025-05-20 03:31:34,19240,2119888896,33132544,0.0,0.0992825123225566,0,12,0.2,0.06,0.0,0.0,0.0,11644928,0,7,4,1,0,sleeping,1086,1056,0,94208,744069,27010
2025-05-20 03:31:35,19240,2119888896,33132544,0.0,0.0992825123225566,0,12,0.2,0.06,0.0,0.0,0.0,11644928,0,7,4,1,0,sleeping,1088,1058,0,94208,745978,27074
2025-05-20 03:31:37,19240,2119888896,33132544,0.0,0.0992825123225566,0,12,0.2,0.06,0.0,0.0,0.0,11644928,0,7,4,1,0,sleeping,1092,1063,0,94208,747903,27186
2025-05-20 03:31:38,19240,2119888896,33132544,0.0,0.0992825123225566,0,12,0.2,0.06,0.0,0.0,0.0,11644928,0,7,4,1,0,sleeping,1094,1065,0,102400,749812,27250
2025-05-20 03:31:39,19240,2119888896,33132544,0.0,0.0992825123225566,0,12,0.2,0.06,0.0,0.0,0.0,11644928,0,7,4,1,0,sleeping,1097,1068,0,102400,751729,27322
2025-05-20 03:31:40,19240,2119888896,33132544,0.0,0.0992825123225566,0,12,0.2,0.06,0.0,0.0,0.0,11644928,0,7,4,1,0,sleeping,1101,1072,0,102400,753654,27402
2025-05-20 03:31:41,19240,2119888896,33132544,0.0,0.0992825123225566,0,12,0.2,0.06,0.0,0.0,0.0,11644928,0,7,4,1,0,sleeping,1104,1075,0,102400,755571,27474
2025-05-20 03:31:42,19240,2119888896,33132544,0.0,0.0992825123225566,0,12,0.2,0.06,0.0,0.0,0.0,11644928,0,7,4,1,0,sleeping,1107,1079,0,102400,757488,27578
2025-05-20 03:31:43,19240,2119888896,33132544,0.0,0.0992825123225566,0,12,0.2,0.06,0.0,0.0,0.0,11644928,0,7,4,1,0,sleeping,1109,1081,0,102400,759397,27642
2025-05-20 03:31:44,19240,2119888896,33132544,0.0,0.0992825123225566,0,12,0.2,0.06,0.0,0.0,0.0,11644928,0,7,4,1,0,sleeping,1114,1084,0,102400,763223,27714
2025-05-20 03:31:46,19240,2119888896,33132544,1.4,0.0992825123225566,0,12,0.21,0.07,0.0,0.0,0.0,11644928,0,8,4,1,0,sleeping,1117,1088,0,102400,765140,27818
2025-05-20 03:31:47,19240,2119888896,33132544,0.0,0.0992825123225566,0,12,0.21,0.07,0.0,0.0,0.0,11644928,0,8,4,1,0,sleeping,1119,1091,0,102400,767049,27914
2025-05-20 03:31:48,19240,2119888896,33132544,0.0,0.0992825123225566,0,12,0.21,0.07,0.0,0.0,0.0,11644928,0,7,4,1,0,sleeping,1123,1093,0,102400,770867,27978
2025-05-20 03:31:50,19240,2119888896,33132544,0.0,0.0992825123225566,0,12,0.21,0.07,0.0,0.0,0.0,11644928,0,7,4,1,0,sleeping,1126,1097,0,102400,772784,28082
2025-05-20 03:31:51,19240,2119888896,33132544,0.0,0.0992825123225566,0,12,0.21,0.07,0.0,0.0,0.0,11644928,0,7,4,1,0,sleeping,1131,1102,0,102400,774717,28170
2025-05-20 03:31:52,19240,2119888896,33132544,0.0,0.0992825123225566,0,12,0.21,0.07,0.0,0.0,0.0,11644928,0,8,4,1,0,sleeping,1134,1105,0,102400,776634,28242
2025-05-20 03:31:53,19240,2119888896,33132544,0.0,0.0992825123225566,0,12,0.21,0.07,0.0,0.0,0.0,11644928,0,8,4,1,0,sleeping,1136,1107,0,102400,778543,28306
2025-05-20 03:31:54,19240,2119888896,33132544,0.0,0.0992825123225566,0,12,0.21,0.07,0.0,0.0,0.0,11661312,0,8,4,1,0,sleeping,1140,1111,0,102400,780468,28386
2025-05-20 03:31:55,19240,2119888896,33132544,0.0,0.0992825123225566,0,12,0.21,0.07,0.0,0.0,0.0,11661312,0,8,4,1,0,sleeping,1142,1114,0,102400,782377,28482
2025-05-20 03:31:56,19240,2119888896,33132544,0.0,0.0992825123225566,0,12,0.21,0.07,0.0,0.0,0.0,11661312,0,8,4,1,0,sleeping,1144,1116,0,102400,784286,28546
2025-05-20 03:31:57,19240,2119888896,33132544,0.0,0.0992825123225566,0,12,0.21,0.07,0.0,0.0,0.0,11661312,0,8,4,1,0,sleeping,1146,1118,0,102400,786194,28610
2025-05-20 03:31:58,19240,2119888896,33132544,0.0,0.0992825123225566,0,12,0.21,0.07,0.0,0.0,0.0,11661312,0,7,4,1,0,sleeping,1149,1121,0,102400,788110,28682
2025-05-20 03:31:59,19240,2119888896,33132544,0.0,0.0992825123225566,0,12,0.21,0.07,0.0,0.0,0.0,11661312,0,8,4,1,0,sleeping,1154,1124,0,102400,791936,28754
2025-05-20 03:32:00,19240,2119888896,33132544,0.0,0.0992825123225566,0,12,0.21,0.07,0.0,0.0,0.0,11665408,0,7,4,1,0,sleeping,1157,1128,0,102400,793852,28858
2025-05-20 03:32:02,19240,2119888896,33132544,0.0,0.0992825123225566,0,12,0.21,0.07,0.0,0.0,0.0,11681792,0,7,4,1,0,sleeping,1160,1131,0,102400,795768,28930
2025-05-20 03:32:03,19240,2119888896,33132544,0.0,0.0992825123225566,0,12,0.21,0.07,0.0,0.0,0.0,11694080,0,8,4,1,0,sleeping,1164,1135,0,102400,797693,29010
2025-05-20 03:32:04,19240,2119888896,33132544,0.0,0.0992825123225566,0,12,0.21,0.07,0.0,0.0,0.0,11702272,0,8,4,1,0,sleeping,1167,1138,0,102400,799610,29082
2025-05-20 03:32:05,19240,2119888896,33132544,0.0,0.0992825123225566,0,12,0.21,0.07,0.0,0.0,0.0,11710464,0,8,4,1,0,sleeping,1171,1142,0,102400,801535,29162
2025-05-20 03:32:06,19240,2119888896,33132544,0.0,0.0992825123225566,0,12,0.21,0.07,0.0,0.0,0.0,11718656,0,8,4,1,0,sleeping,1173,1144,0,102400,803444,29226
2025-05-20 03:32:07,19240,2119888896,33132544,0.0,0.0992825123225566,0,12,0.21,0.07,0.0,0.0,0.0,11726848,0,7,4,1,0,sleeping,1175,1147,0,102400,805353,29322
2025-05-20 03:32:08,19240,2119888896,33132544,0.0,0.0992825123225566,0,12,0.21,0.07,0.0,0.0,0.0,11726848,0,7,4,1,0,sleeping,1177,1149,0,106496,807264,29386
2025-05-20 03:32:09,19240,2119888896,33132544,0.0,0.0992825123225566,0,12,0.21,0.07,0.0,0.0,0.0,11726848,0,7,4,1,0,sleeping,1180,1152,0,106496,809183,29458
2025-05-20 03:32:10,19240,2119888896,33263616,0.0,0.09967527291030809,0,12,0.21,0.07,0.0,0.0,0.0,11735040,0,7,4,1,0,sleeping,1184,1156,0,106496,811110,29538
2025-05-20 03:32:11,19240,2119888896,33263616,0.0,0.09967527291030809,0,12,0.21,0.07,0.0,0.0,0.0,11755520,0,8,4,1,0,sleeping,1189,1159,0,106496,814940,29610
2025-05-20 03:32:13,19240,2119888896,33263616,0.0,0.09967527291030809,0,12,0.21,0.07,0.0,0.0,0.0,11755520,0,7,4,1,0,sleeping,1191,1162,0,106496,816851,29706
2025-05-20 03:32:14,19240,2119888896,33263616,0.0,0.09967527291030809,0,12,0.21,0.07,0.0,0.0,0.0,11755520,0,7,4,1,0,sleeping,1193,1164,0,106496,818762,29770
2025-05-20 03:32:15,19240,2119888896,33263616,0.0,0.09967527291030809,0,12,0.21,0.07,0.0,0.0,0.0,11767808,0,7,4,1,0,sleeping,1195,1166,0,106496,820673,29834
2025-05-20 03:32:16,19240,2119888896,33263616,0.0,0.09967527291030809,0,12,0.21,0.07,0.0,0.0,0.0,11784192,0,7,4,1,0,sleeping,1197,1168,0,106496,822584,29898
2025-05-20 03:32:17,19240,2119888896,33394688,0.0,0.1000680334980596,0,12,0.21,0.07,0.0,0.0,0.0,11812864,0,7,4,1,0,sleeping,1199,1170,0,106496,824495,29962
2025-05-20 03:32:18,19240,2119888896,33394688,0.0,0.1000680334980596,0,12,0.21,0.07,0.0,0.0,0.0,11829248,0,7,4,1,0,sleeping,1201,1172,0,106496,826406,30026
2025-05-20 03:32:19,19240,2119888896,33394688,0.9,0.1000680334980596,0,12,0.22,0.07,0.0,0.0,0.0,11829248,0,7,4,1,0,sleeping,1204,1176,0,106496,828325,30130
2025-05-20 03:32:20,19240,2119888896,33394688,0.0,0.1000680334980596,0,12,0.22,0.07,0.0,0.0,0.0,11829248,0,7,4,1,0,sleeping,1206,1178,0,106496,830236,30194
2025-05-20 03:32:21,19240,2119888896,33394688,0.0,0.1000680334980596,0,12,0.22,0.07,0.0,0.0,0.0,11833344,0,7,4,1,0,sleeping,1208,1180,0,106496,832147,30258
2025-05-20 03:32:22,19240,2119888896,33394688,0.9,0.1000680334980596,0,12,0.22,0.08,0.0,0.0,0.0,11837440,0,7,4,1,0,sleeping,1212,1184,0,106496,834074,30338
2025-05-20 03:32:23,19240,2119888896,33394688,0.0,0.1000680334980596,0,12,0.22,0.08,0.0,0.0,0.0,11841536,0,7,4,1,0,sleeping,1218,1188,0,106496,837912,30418
2025-05-20 03:32:25,19240,2119888896,33394688,0.0,0.1000680334980596,0,12,0.22,0.08,0.0,0.0,0.0,11841536,0,7,4,1,0,sleeping,1220,1191,0,106496,839823,30514
2025-05-20 03:32:26,19240,2119888896,33394688,0.0,0.1000680334980596,0,12,0.22,0.08,0.0,0.0,0.0,11841536,0,7,4,1,0,sleeping,1222,1193,0,106496,841734,30578
2025-05-20 03:32:27,19240,2119888896,33394688,0.0,0.1000680334980596,0,12,0.22,0.08,0.0,0.0,0.0,11841536,0,7,4,1,0,sleeping,1224,1195,0,106496,843645,30642
2025-05-20 03:32:28,19240,2119888896,33394688,0.0,0.1000680334980596,0,12,0.22,0.08,0.0,0.0,0.0,11841536,0,7,4,1,0,sleeping,1226,1197,0,106496,845556,30706
2025-05-20 03:32:29,19240,2119888896,33394688,0.0,0.1000680334980596,0,12,0.22,0.08,0.0,0.0,0.0,11841536,0,7,4,1,0,sleeping,1228,1200,0,106496,847467,30802
2025-05-20 03:32:30,19240,2119888896,33394688,0.0,0.1000680334980596,0,12,0.22,0.08,0.0,0.0,0.0,11841536,0,7,4,1,0,sleeping,1230,1202,0,106496,849378,30866
2025-05-20 03:32:31,19240,2119888896,33394688,0.0,0.1000680334980596,0,12,0.22,0.08,0.0,0.0,0.0,11841536,0,7,4,1,0,sleeping,1232,1204,0,106496,851289,30930
2025-05-20 03:32:32,19240,2119888896,33394688,0.0,0.1000680334980596,0,12,0.22,0.08,0.0,0.0,0.0,11841536,0,7,4,1,0,sleeping,1235,1207,0,106496,853207,31002
2025-05-20 03:32:33,19240,2119888896,33394688,0.0,0.1000680334980596,0,12,0.22,0.08,0.0,0.0,0.0,11841536,0,6,4,1,0,sleeping,1239,1209,0,106496,857028,31066
2025-05-20 03:32:35,19240,2119888896,33394688,0.0,0.1000680334980596,0,12,0.22,0.08,0.0,0.0,0.0,11841536,0,7,4,1,0,sleeping,1243,1214,0,106496,858955,31178
2025-05-20 03:32:36,19240,2119888896,33394688,0.0,0.1000680334980596,0,12,0.22,0.08,0.0,0.0,0.0,11841536,0,7,4,1,0,sleeping,1247,1218,0,106496,860882,31258
2025-05-20 03:32:37,19240,2119888896,33394688,0.0,0.1000680334980596,0,12,0.22,0.08,0.0,0.0,0.0,11841536,0,7,4,1,0,sleeping,1251,1222,0,106496,862809,31338
2025-05-20 03:32:38,19240,2119888896,33394688,0.0,0.1000680334980596,0,12,0.22,0.08,0.0,0.0,0.0,11841536,0,7,4,1,0,sleeping,1254,1225,0,106496,864728,31410
2025-05-20 03:32:39,19240,2119888896,33394688,0.0,0.1000680334980596,0,12,0.22,0.08,0.0,0.0,0.0,11841536,0,7,4,1,0,sleeping,1258,1229,0,106496,866655,31490
2025-05-20 03:32:40,19240,2119888896,33394688,0.0,0.1000680334980596,0,12,0.22,0.08,0.0,0.0,0.0,11841536,0,7,4,1,0,sleeping,1261,1232,0,110592,868574,31562
2025-05-20 03:32:41,19240,2119888896,33394688,0.0,0.1000680334980596,0,12,0.22,0.08,0.0,0.0,0.0,11841536,0,6,4,1,0,sleeping,1264,1236,0,114688,870493,31666
2025-05-20 03:32:42,19240,2119888896,33394688,0.9,0.1000680334980596,0,12,0.23,0.08,0.0,0.0,0.0,11841536,0,8,4,1,0,sleeping,1266,1238,0,114688,872404,31730
2025-05-20 03:32:43,19240,2119888896,33394688,0.0,0.1000680334980596,0,12,0.23,0.08,0.0,0.0,0.0,11841536,0,8,4,1,0,sleeping,1268,1240,0,114688,874315,31794
2025-05-20 03:32:44,19240,2119888896,33394688,0.0,0.1000680334980596,0,12,0.23,0.08,0.0,0.0,0.0,11841536,0,8,4,1,0,sleeping,1271,1243,0,114688,876234,31866
2025-05-20 03:32:45,19240,2119888896,33394688,0.0,0.1000680334980596,0,12,0.23,0.08,0.0,0.0,0.0,11841536,0,7,4,1,0,sleeping,1275,1245,0,114688,880056,31930
2025-05-20 03:32:47,19240,2119888896,33394688,0.0,0.1000680334980596,0,12,0.23,0.08,0.0,0.0,0.0,11841536,0,7,4,1,0,sleeping,1278,1249,0,114688,881975,32034
2025-05-20 03:32:48,19240,2119888896,33394688,0.0,0.1000680334980596,0,12,0.23,0.08,0.0,0.0,0.0,11845632,0,8,4,1,0,sleeping,1280,1251,0,114688,883886,32098
2025-05-20 03:32:49,19240,2119888896,33394688,0.0,0.1000680334980596,0,12,0.23,0.08,0.0,0.0,0.0,11845632,0,8,4,1,0,sleeping,1283,1254,0,114688,885805,32170
2025-05-20 03:32:50,19240,2119888896,33394688,0.0,0.1000680334980596,0,12,0.23,0.08,0.0,0.0,0.0,11845632,0,8,4,1,0,sleeping,1285,1256,0,118784,887716,32234
2025-05-20 03:32:51,19240,2119888896,33394688,0.0,0.1000680334980596,0,12,0.23,0.08,0.0,0.0,0.0,11845632,0,8,4,1,0,sleeping,1287,1258,0,118784,889627,32298
2025-05-20 03:32:52,19240,2119888896,33394688,0.0,0.1000680334980596,0,12,0.23,0.08,0.0,0.0,0.0,11714560,0,6,4,1,0,sleeping,1290,1261,0,118784,891546,32370
2025-05-20 03:32:53,19240,2119888896,33394688,0.0,0.1000680334980596,0,12,0.23,0.08,0.0,0.0,0.0,11714560,0,5,4,1,0,sleeping,1293,1265,0,118784,893465,32474
2025-05-20 03:32:54,19240,2119888896,33394688,0.0,0.1000680334980596,0,12,0.23,0.08,0.0,0.0,0.0,11714560,0,5,4,1,0,sleeping,1296,1268,0,118784,895384,32546
2025-05-20 03:32:55,19240,2119888896,33394688,0.0,0.1000680334980596,0,12,0.23,0.08,0.0,0.0,0.0,11714560,0,6,4,1,0,sleeping,1298,1270,0,118784,897295,32610
2025-05-20 03:32:56,19240,2119888896,33394688,0.0,0.1000680334980596,0,12,0.23,0.08,0.0,0.0,0.0,11714560,0,6,4,1,0,sleeping,1300,1272,0,118784,899206,32674
2025-05-20 03:32:57,19240,2119888896,33394688,0.0,0.1000680334980596,0,12,0.23,0.08,0.0,0.0,0.0,11714560,0,6,4,1,0,sleeping,1302,1274,0,118784,901117,32738
2025-05-20 03:32:58,19240,2119888896,33394688,0.0,0.1000680334980596,0,12,0.23,0.08,0.0,0.0,0.0,11714560,0,7,4,1,0,sleeping,1307,1278,0,118784,904945,32842
2025-05-20 03:33:00,19240,2119888896,33394688,0.0,0.1000680334980596,0,12,0.23,0.08,0.0,0.0,0.0,11714560,0,7,4,1,0,sleeping,1310,1281,0,118784,906863,32914
2025-05-20 03:33:01,19240,2119888896,33394688,0.0,0.1000680334980596,0,12,0.23,0.08,0.0,0.0,0.0,11714560,0,6,4,1,0,sleeping,1312,1283,0,118784,908773,32978
2025-05-20 03:33:02,19240,2119888896,33394688,0.0,0.1000680334980596,0,12,0.23,0.08,0.0,0.0,0.0,11714560,0,6,4,1,0,sleeping,1314,1285,0,118784,910684,33042
2025-05-20 03:33:03,19240,2119888896,33394688,0.0,0.1000680334980596,0,12,0.23,0.08,0.0,0.0,0.0,11714560,0,6,4,1,0,sleeping,1316,1287,0,118784,912595,33106
2025-05-20 03:33:04,19240,2119888896,33394688,0.0,0.1000680334980596,0,12,0.23,0.08,0.0,0.0,0.0,11714560,0,6,4,1,0,sleeping,1318,1289,0,118784,914506,33170
2025-05-20 03:33:05,19240,2119888896,33394688,0.0,0.1000680334980596,0,12,0.23,0.08,0.0,0.0,0.0,11714560,0,5,4,1,0,sleeping,1321,1293,0,118784,916425,33274
2025-05-20 03:33:06,19240,2119888896,33394688,0.0,0.1000680334980596,0,12,0.23,0.08,0.0,0.0,0.0,11714560,0,6,4,1,0,sleeping,1323,1295,0,118784,918336,33338
2025-05-20 03:33:07,19240,2119888896,33394688,0.0,0.1000680334980596,0,12,0.23,0.08,0.0,0.0,0.0,11714560,0,6,4,1,0,sleeping,1325,1297,0,118784,920247,33402
2025-05-20 03:33:08,19240,2119888896,33394688,0.0,0.1000680334980596,0,12,0.23,0.08,0.0,0.0,0.0,11714560,0,6,4,1,0,sleeping,1327,1299,0,118784,922158,33466
2025-05-20 03:33:09,19240,2119888896,33394688,0.0,0.1000680334980596,0,12,0.23,0.08,0.0,0.0,0.0,11714560,0,6,4,1,0,sleeping,1329,1301,0,118784,924069,33530
2025-05-20 03:33:11,19240,2119888896,33394688,0.0,0.1000680334980596,0,12,0.23,0.08,0.0,0.0,0.0,11714560,0,6,4,1,0,sleeping,1333,1304,0,118784,927891,33626
2025-05-20 03:33:12,19240,2119888896,33394688,0.9,0.1000680334980596,0,12,0.24,0.08,0.0,0.0,0.0,11714560,0,6,4,1,0,sleeping,1336,1307,0,118784,929809,33698
2025-05-20 03:33:13,19240,2119888896,33394688,0.0,0.1000680334980596,0,12,0.24,0.08,0.0,0.0,0.0,11714560,0,6,4,1,0,sleeping,1338,1310,0,118784,931719,33794
2025-05-20 03:33:14,19240,2119888896,33394688,0.0,0.1000680334980596,0,12,0.24,0.08,0.0,0.0,0.0,11714560,0,5,4,1,0,sleeping,1343,1314,0,118784,935549,33898
2025-05-20 03:33:16,19240,2119888896,33394688,0.8,0.1000680334980596,0,12,0.24,0.09,0.0,0.0,0.0,11714560,0,5,4,1,0,sleeping,1345,1316,0,118784,937460,33962
2025-05-20 03:33:17,19240,2119888896,33394688,0.0,0.1000680334980596,0,12,0.24,0.09,0.0,0.0,0.0,11714560,0,6,4,1,0,sleeping,1348,1319,0,118784,939378,34034
2025-05-20 03:33:18,19240,2119888896,33394688,0.0,0.1000680334980596,0,12,0.24,0.09,0.0,0.0,0.0,11714560,0,5,3,1,0,sleeping,1350,1322,0,118784,941288,34130
2025-05-20 03:33:19,19240,2119888896,33394688,0.0,0.1000680334980596,0,12,0.24,0.09,0.0,0.0,0.0,11714560,0,6,4,1,0,sleeping,1352,1324,0,118784,943199,34194
2025-05-20 03:33:20,19240,2119888896,33394688,0.0,0.1000680334980596,0,12,0.24,0.09,0.0,0.0,0.0,11714560,0,6,4,1,0,sleeping,1355,1327,0,122880,945118,34266
2025-05-20 03:33:21,19240,2119888896,33394688,0.0,0.1000680334980596,0,12,0.24,0.09,0.0,0.0,0.0,11714560,0,6,4,1,0,sleeping,1357,1329,0,122880,947028,34330
2025-05-20 03:33:22,19240,2119888896,33394688,0.0,0.1000680334980596,0,12,0.24,0.09,0.0,0.0,0.0,11714560,0,6,4,1,0,sleeping,1360,1332,0,122880,948945,34402
2025-05-20 03:33:24,19240,2119888896,33394688,0.0,0.1000680334980596,0,12,0.24,0.09,0.0,0.0,0.0,11714560,0,6,4,1,0,sleeping,1366,1337,0,122880,952782,34514
2025-05-20 03:33:25,19240,2119888896,33394688,0.0,0.1000680334980596,0,12,0.24,0.09,0.0,0.0,0.0,11714560,0,6,4,1,0,sleeping,1369,1340,0,122880,954701,34586
2025-05-20 03:33:26,19240,2119888896,33394688,0.0,0.1000680334980596,0,12,0.24,0.09,0.0,0.0,0.0,11714560,0,5,4,1,0,sleeping,1371,1342,0,122880,956612,34650
2025-05-20 03:33:27,19240,2119888896,33394688,0.0,0.1000680334980596,0,12,0.24,0.09,0.0,0.0,0.0,11714560,0,5,4,1,0,sleeping,1373,1344,0,122880,958523,34714
2025-05-20 03:33:28,19240,2119888896,33394688,0.0,0.1000680334980596,0,12,0.24,0.09,0.0,0.0,0.0,11714560,0,5,4,1,0,sleeping,1375,1346,0,122880,960434,34778
2025-05-20 03:33:29,19240,2119888896,33394688,0.0,0.1000680334980596,0,12,0.24,0.09,0.0,0.0,0.0,11714560,0,5,4,1,0,sleeping,1377,1348,0,122880,962343,34842
2025-05-20 03:33:30,19240,2119888896,33394688,0.0,0.1000680334980596,0,12,0.24,0.09,0.0,0.0,0.0,11714560,0,5,4,1,0,sleeping,1380,1352,0,122880,964260,34946
2025-05-20 03:33:31,19240,2119888896,33394688,0.0,0.1000680334980596,0,12,0.24,0.09,0.0,0.0,0.0,11714560,0,6,4,1,0,sleeping,1383,1355,0,122880,966179,35018
2025-05-20 03:33:32,19240,2119888896,33394688,0.0,0.1000680334980596,0,12,0.24,0.09,0.0,0.0,0.0,11714560,0,5,3,1,0,sleeping,1386,1358,0,122880,968098,35090
2025-05-20 03:33:33,19240,2119888896,33394688,0.0,0.1000680334980596,0,12,0.24,0.09,0.0,0.0,0.0,11714560,0,6,4,1,0,sleeping,1389,1361,0,122880,970017,35162
2025-05-20 03:33:34,19240,2119888896,33394688,0.0,0.1000680334980596,0,12,0.24,0.09,0.0,0.0,0.0,11714560,0,6,4,1,0,sleeping,1391,1363,0,122880,971929,35226
2025-05-20 03:33:36,19240,2119888896,33394688,0.0,0.1000680334980596,0,12,0.24,0.09,0.0,0.0,0.0,11714560,0,6,4,1,0,sleeping,1396,1367,0,126976,975762,35330
2025-05-20 03:33:37,19240,2119888896,33394688,0.0,0.1000680334980596,0,12,0.24,0.09,0.0,0.0,0.0,11714560,0,6,4,1,0,sleeping,1400,1371,0,126976,977690,35410
2025-05-20 03:33:38,19240,2119888896,33394688,0.0,0.1000680334980596,0,12,0.24,0.09,0.0,0.0,0.0,11714560,0,6,4,1,0,sleeping,1404,1375,0,126976,979620,35490
2025-05-20 03:33:39,19240,2119888896,33394688,0.0,0.1000680334980596,0,12,0.24,0.09,0.0,0.0,0.0,11714560,0,6,4,1,0,sleeping,1406,1377,0,126976,981535,35554
2025-05-20 03:33:40,19240,2119888896,33394688,0.0,0.1000680334980596,0,12,0.24,0.09,0.0,0.0,0.0,11714560,0,6,4,1,0,sleeping,1408,1380,0,126976,983449,35650
2025-05-20 03:33:41,19240,2119888896,33394688,0.0,0.1000680334980596,0,12,0.24,0.09,0.0,0.0,0.0,11714560,0,6,4,1,0,sleeping,1411,1383,0,126976,985371,35722
2025-05-20 03:33:42,19240,2119888896,33394688,0.0,0.1000680334980596,0,12,0.24,0.09,0.0,0.0,0.0,11714560,0,6,4,1,0,sleeping,1413,1385,0,126976,987285,35786
2025-05-20 03:33:43,19240,2119888896,33394688,0.0,0.1000680334980596,0,12,0.24,0.09,0.0,0.0,0.0,11714560,0,6,4,1,0,sleeping,1417,1389,0,126976,989214,35866
2025-05-20 03:33:44,19240,2119888896,33394688,0.9,0.1000680334980596,0,12,0.24,0.1,0.0,0.0,0.0,11714560,0,6,4,1,0,sleeping,1419,1391,0,126976,991127,35930
2025-05-20 03:33:46,19240,2119888896,33394688,0.0,0.1000680334980596,0,12,0.24,0.1,0.0,0.0,0.0,11714560,0,6,4,1,0,sleeping,1422,1395,0,131072,993049,36034
2025-05-20 03:33:47,19240,2119888896,33394688,0.9,0.1000680334980596,0,12,0.25,0.1,0.0,0.0,0.0,11714560,0,6,4,1,0,sleeping,1426,1397,0,131072,996879,36098
2025-05-20 03:33:48,19240,2119888896,33394688,0.0,0.1000680334980596,0,12,0.25,0.1,0.0,0.0,0.0,11714560,0,6,4,1,0,sleeping,1429,1400,0,131072,998801,36170
2025-05-20 03:33:49,19240,2119888896,33394688,0.0,0.1000680334980596,0,12,0.25,0.1,0.0,0.0,0.0,11714560,0,6,4,1,0,sleeping,1431,1402,0,131072,1000715,36234
2025-05-20 03:33:50,19240,2119888896,33394688,0.0,0.1000680334980596,0,12,0.25,0.1,0.0,0.0,0.0,11714560,0,5,4,1,0,sleeping,1433,1404,0,131072,1002629,36298
2025-05-20 03:33:51,19240,2119888896,33394688,0.0,0.1000680334980596,0,12,0.25,0.1,0.0,0.0,0.0,11714560,0,5,4,1,0,sleeping,1435,1406,0,131072,1004543,36362
2025-05-20 03:33:52,19240,2119888896,33394688,0.0,0.1000680334980596,0,12,0.25,0.1,0.0,0.0,0.0,11714560,0,5,4,1,0,sleeping,1439,1411,0,131072,1006474,36474
2025-05-20 03:33:53,19240,2119888896,33394688,0.0,0.1000680334980596,0,12,0.25,0.1,0.0,0.0,0.0,11714560,0,5,4,1,0,sleeping,1442,1414,0,131072,1008397,36546
2025-05-20 03:33:54,19240,2119888896,33394688,0.0,0.1000680334980596,0,12,0.25,0.1,0.0,0.0,0.0,11714560,0,6,4,1,0,sleeping,1445,1417,0,131072,1010320,36618
2025-05-20 03:33:55,19240,2119888896,33394688,0.0,0.1000680334980596,0,12,0.25,0.1,0.0,0.0,0.0,11714560,0,5,3,1,0,sleeping,1449,1421,0,131072,1012251,36698
2025-05-20 03:33:56,19240,2119888896,33394688,0.0,0.1000680334980596,0,12,0.25,0.1,0.0,0.0,0.0,11714560,0,6,4,1,0,sleeping,1451,1423,0,131072,1014165,36762
2025-05-20 03:33:58,19240,2119888896,33394688,0.0,0.1000680334980596,0,12,0.25,0.1,0.0,0.0,0.0,11714560,0,6,4,1,0,sleeping,1453,1426,0,131072,1016079,36858
2025-05-20 03:33:59,19240,2119888896,33394688,0.0,0.1000680334980596,0,12,0.25,0.1,0.0,0.0,0.0,11714560,0,5,4,1,0,sleeping,1459,1430,0,131072,1019925,36938
2025-05-20 03:34:00,19240,2119888896,33394688,0.0,0.1000680334980596,0,12,0.25,0.1,0.0,0.0,0.0,11714560,0,5,4,1,0,sleeping,1462,1433,0,131072,1021847,37010
2025-05-20 03:34:01,19240,2119888896,33394688,0.0,0.1000680334980596,0,12,0.25,0.1,0.0,0.0,0.0,11714560,0,5,4,1,0,sleeping,1464,1436,0,131072,1023761,37106
2025-05-20 03:34:03,19240,2119888896,33394688,0.6,0.1000680334980596,0,12,0.26,0.1,0.0,0.0,0.0,11714560,0,6,4,1,0,sleeping,1468,1440,0,131072,1027589,37234
2025-05-20 03:34:04,19240,2119888896,33394688,0.0,0.1000680334980596,0,12,0.26,0.1,0.0,0.0,0.0,11714560,0,7,4,1,0,sleeping,1470,1443,0,131072,1029504,37330
2025-05-20 03:34:06,19240,2119888896,33394688,0.0,0.1000680334980596,0,12,0.26,0.1,0.0,0.0,0.0,11714560,0,6,4,1,0,sleeping,1475,1446,0,131072,1033342,37402
2025-05-20 03:34:07,19240,2119888896,33394688,0.9,0.1000680334980596,0,12,0.26,0.11,0.0,0.0,0.0,11714560,0,6,4,1,0,sleeping,1479,1451,0,135168,1035273,37514
2025-05-20 03:34:08,19240,2119888896,33394688,0.0,0.1000680334980596,0,12,0.26,0.11,0.0,0.0,0.0,11714560,0,6,4,1,0,sleeping,1483,1455,0,135168,1037204,37594
2025-05-20 03:34:09,19240,2119888896,33394688,0.0,0.1000680334980596,0,12,0.26,0.11,0.0,0.0,0.0,11714560,0,6,4,1,0,sleeping,1487,1459,0,135168,1039135,37674
2025-05-20 03:34:10,19240,2119888896,33394688,0.0,0.1000680334980596,0,12,0.26,0.11,0.0,0.0,0.0,11714560,0,6,4,1,0,sleeping,1491,1463,0,135168,1041066,37754
2025-05-20 03:34:11,19240,2119888896,33394688,0.0,0.1000680334980596,0,12,0.26,0.11,0.0,0.0,0.0,11714560,0,6,4,1,0,sleeping,1495,1467,0,135168,1042997,37834
2025-05-20 03:34:12,19240,2119888896,33394688,0.0,0.1000680334980596,0,12,0.26,0.11,0.0,0.0,0.0,11714560,0,6,4,1,0,sleeping,1498,1470,0,135168,1044920,37906
2025-05-20 03:34:14,19240,2119888896,33394688,0.0,0.1000680334980596,0,12,0.26,0.11,0.0,0.0,0.0,11714560,0,6,4,1,0,sleeping,1500,1473,0,135168,1046835,38002
2025-05-20 03:34:15,19240,2119888896,33394688,0.0,0.1000680334980596,0,12,0.26,0.11,0.0,0.0,0.0,11722752,0,6,4,1,0,sleeping,1505,1476,0,135168,1050673,38074
2025-05-20 03:34:16,19240,2119888896,33394688,0.0,0.1000680334980596,0,12,0.26,0.11,0.0,0.0,0.0,11722752,0,6,4,1,0,sleeping,1509,1480,0,135168,1052604,38154
2025-05-20 03:34:17,19240,2119888896,33394688,0.0,0.1000680334980596,0,12,0.26,0.11,0.0,0.0,0.0,11722752,0,6,4,1,0,sleeping,1512,1483,0,135168,1054526,38226
2025-05-20 03:34:18,19240,2119888896,33394688,0.0,0.1000680334980596,0,12,0.26,0.11,0.0,0.0,0.0,11726848,0,6,4,1,0,sleeping,1516,1487,0,135168,1056456,38306
2025-05-20 03:34:19,19240,2119888896,33394688,0.0,0.1000680334980596,0,12,0.26,0.11,0.0,0.0,0.0,11726848,0,6,4,1,0,sleeping,1519,1490,0,135168,1058379,38378
2025-05-20 03:34:20,19240,2119888896,33394688,0.0,0.1000680334980596,0,12,0.26,0.11,0.0,0.0,0.0,11730944,0,6,4,1,0,sleeping,1522,1494,0,135168,1060301,38482
2025-05-20 03:34:21,19240,2119888896,33394688,0.0,0.1000680334980596,0,12,0.26,0.11,0.0,0.0,0.0,11735040,0,4,3,1,0,sleeping,1525,1497,0,135168,1062223,38554
2025-05-20 03:34:22,19240,2119888896,33394688,0.0,0.1000680334980596,0,12,0.26,0.11,0.0,0.0,0.0,11739136,0,5,4,1,0,sleeping,1527,1499,0,135168,1064138,38618
2025-05-20 03:34:23,19240,2119888896,33394688,0.0,0.1000680334980596,0,12,0.26,0.11,0.0,0.0,0.0,11751424,0,5,4,1,0,sleeping,1530,1502,0,135168,1066061,38690
2025-05-20 03:34:24,19240,2119888896,33394688,0.0,0.1000680334980596,0,12,0.26,0.11,0.0,0.0,0.0,11759616,0,6,4,1,0,sleeping,1534,1506,0,135168,1067992,38770
2025-05-20 03:34:26,19240,2119888896,33394688,0.9,0.1000680334980596,0,12,0.27,0.11,0.0,0.0,0.0,11792384,0,5,4,1,0,sleeping,1538,1511,0,135168,1069923,38882
2025-05-20 03:34:27,19240,2119888896,33394688,0.0,0.1000680334980596,0,12,0.27,0.11,0.0,0.0,0.0,11792384,0,5,4,1,0,sleeping,1542,1513,0,135168,1073753,38946
2025-05-20 03:34:28,19240,2119888896,33394688,0.0,0.1000680334980596,0,12,0.27,0.11,0.0,0.0,0.0,11792384,0,6,4,1,0,sleeping,1545,1516,0,139264,1075676,39018
2025-05-20 03:34:29,19240,2119888896,33394688,0.0,0.1000680334980596,0,12,0.27,0.11,0.0,0.0,0.0,11792384,0,6,4,1,0,sleeping,1549,1521,0,139264,1077607,39130
2025-05-20 03:34:30,19240,2119888896,33394688,0.0,0.1000680334980596,0,12,0.27,0.11,0.0,0.0,0.0,11792384,0,5,4,1,0,sleeping,1555,1526,0,139264,1081451,39242
2025-05-20 03:34:32,19240,2119888896,33394688,0.0,0.1000680334980596,0,12,0.27,0.11,0.0,0.0,0.0,11792384,0,6,4,1,0,sleeping,1559,1531,0,139264,1083382,39354
2025-05-20 03:34:33,19240,2119888896,33394688,0.0,0.1000680334980596,0,12,0.27,0.11,0.0,0.0,0.0,11792384,0,5,4,1,0,sleeping,1563,1535,0,139264,1085312,39434
2025-05-20 03:34:34,19240,2119888896,33394688,0.0,0.1000680334980596,0,12,0.27,0.11,0.0,0.0,0.0,11792384,0,5,4,1,0,sleeping,1566,1538,0,139264,1087234,39506
2025-05-20 03:34:35,19240,2119888896,33394688,0.0,0.1000680334980596,0,12,0.27,0.11,0.0,0.0,0.0,11792384,0,5,4,1,0,sleeping,1570,1542,0,139264,1089165,39586
2025-05-20 03:34:36,19240,2119888896,33394688,0.0,0.1000680334980596,0,12,0.27,0.11,0.0,0.0,0.0,11800576,0,5,4,1,0,sleeping,1573,1545,0,139264,1091088,39658
2025-05-20 03:34:37,19240,2119888896,33394688,0.0,0.1000680334980596,0,12,0.27,0.11,0.0,0.0,0.0,11804672,0,5,4,1,0,sleeping,1577,1550,0,139264,1093019,39770
2025-05-20 03:34:39,19240,2119888896,33394688,0.9,0.1000680334980596,0,12,0.28,0.11,0.0,0.0,0.0,11808768,0,5,4,1,0,sleeping,1580,1553,0,139264,1094942,39842
2025-05-20 03:34:40,19240,2119888896,33394688,0.0,0.1000680334980596,0,12,0.28,0.11,0.0,0.0,0.0,11808768,0,5,4,1,0,sleeping,1583,1556,0,139264,1096865,39914
2025-05-20 03:34:41,19240,2119888896,33394688,0.0,0.1000680334980596,0,12,0.28,0.11,0.0,0.0,0.0,11816960,0,5,4,1,0,sleeping,1588,1559,0,139264,1100703,39986
2025-05-20 03:34:42,19240,2119888896,33394688,0.0,0.1000680334980596,0,12,0.28,0.11,0.0,0.0,0.0,11816960,0,5,4,1,0,sleeping,1592,1563,0,139264,1102634,40066
2025-05-20 03:34:43,19240,2119888896,33394688,0.0,0.1000680334980596,0,12,0.28,0.11,0.0,0.0,0.0,11821056,0,5,4,1,0,sleeping,1595,1566,0,139264,1104557,40138
2025-05-20 03:34:44,19240,2119888896,33394688,0.0,0.1000680334980596,0,12,0.28,0.11,0.0,0.0,0.0,11821056,0,5,4,1,0,sleeping,1598,1570,0,139264,1106480,40242
2025-05-20 03:34:45,19240,2119888896,33394688,0.0,0.1000680334980596,0,12,0.28,0.11,0.0,0.0,0.0,11841536,0,5,4,1,0,sleeping,1601,1573,0,139264,1108403,40314
2025-05-20 03:34:46,19240,2119888896,33394688,0.0,0.1000680334980596,0,12,0.28,0.11,0.0,0.0,0.0,11862016,0,5,4,1,0,sleeping,1603,1575,0,139264,1110318,40378
2025-05-20 03:34:47,19240,2119888896,33394688,0.0,0.1000680334980596,0,12,0.28,0.11,0.0,0.0,0.0,11878400,0,6,4,1,0,sleeping,1605,1577,0,139264,1112233,40442
2025-05-20 03:34:48,19240,2119888896,33394688,0.0,0.1000680334980596,0,12,0.28,0.11,0.0,0.0,0.0,11878400,0,6,4,1,0,sleeping,1609,1581,0,139264,1114164,40522
2025-05-20 03:34:49,19240,2119888896,33394688,0.0,0.1000680334980596,0,12,0.28,0.11,0.0,0.0,0.0,11886592,0,6,4,1,0,sleeping,1612,1584,0,143360,1116087,40594
2025-05-20 03:34:51,19240,2119888896,33394688,0.9,0.1000680334980596,0,12,0.28,0.12,0.0,0.0,0.0,11886592,0,6,4,1,0,sleeping,1615,1588,0,143360,1118010,40698
2025-05-20 03:34:52,19240,2119888896,33394688,0.0,0.1000680334980596,0,12,0.28,0.12,0.0,0.0,0.0,11886592,0,6,4,1,0,sleeping,1621,1592,0,143360,1121856,40778
2025-05-20 03:34:53,19240,2119888896,33394688,0.0,0.1000680334980596,0,12,0.28,0.12,0.0,0.0,0.0,11898880,0,5,4,1,0,sleeping,1626,1598,0,143360,1123795,40898
2025-05-20 03:34:54,19240,2119888896,33394688,0.0,0.1000680334980596,0,12,0.28,0.12,0.0,0.0,0.0,11923456,0,5,4,1,0,sleeping,1631,1602,0,143360,1127629,41002
2025-05-20 03:34:56,19240,2119888896,33394688,0.0,0.1000680334980596,0,12,0.28,0.12,0.0,0.0,0.0,11923456,0,6,4,1,0,sleeping,1635,1607,0,143360,1129560,41114
2025-05-20 03:34:58,19240,2119888896,33394688,0.0,0.1000680334980596,0,12,0.28,0.12,0.0,0.0,0.0,11931648,0,6,4,1,0,sleeping,1639,1612,0,147456,1131491,41226
2025-05-20 03:34:59,19240,2119888896,33394688,0.9,0.1000680334980596,0,12,0.28,0.13,0.0,0.0,0.0,11952128,0,5,4,1,0,sleeping,1644,1615,0,147456,1135329,41298
2025-05-20 03:35:00,19240,2119888896,33394688,0.0,0.1000680334980596,0,12,0.28,0.13,0.0,0.0,0.0,11952128,0,6,4,1,0,sleeping,1646,1617,0,147456,1137243,41362
2025-05-20 03:35:01,19240,2119888896,33394688,0.0,0.1000680334980596,0,12,0.28,0.13,0.0,0.0,0.0,11972608,0,7,4,1,0,sleeping,1650,1622,0,147456,1139173,41474
2025-05-20 03:35:02,19240,2119888896,33394688,0.0,0.1000680334980596,0,12,0.28,0.13,0.0,0.0,0.0,11976704,0,6,4,1,0,sleeping,1653,1625,0,147456,1141096,41546
2025-05-20 03:35:03,19240,2119888896,33394688,0.0,0.1000680334980596,0,12,0.28,0.13,0.0,0.0,0.0,11976704,0,6,4,1,0,sleeping,1656,1628,0,147456,1143019,41618
2025-05-20 03:35:04,19240,2119888896,33394688,0.0,0.1000680334980596,0,12,0.28,0.13,0.0,0.0,0.0,11984896,0,5,4,1,0,sleeping,1659,1631,0,147456,1144942,41690
2025-05-20 03:35:05,19240,2119888896,33394688,0.0,0.1000680334980596,0,12,0.28,0.13,0.0,0.0,0.0,12001280,0,6,4,1,0,sleeping,1663,1635,0,147456,1146873,41770
2025-05-20 03:35:06,19240,2119888896,33394688,0.0,0.1000680334980596,0,12,0.28,0.13,0.0,0.0,0.0,12021760,0,6,4,1,0,sleeping,1666,1638,0,147456,1148796,41842
2025-05-20 03:35:08,19240,2119888896,33394688,0.9,0.1000680334980596,0,12,0.29,0.13,0.0,0.0,0.0,12021760,0,6,4,1,0,sleeping,1669,1642,0,147456,1150719,41946
2025-05-20 03:35:09,19240,2119888896,33394688,0.0,0.1000680334980596,0,12,0.29,0.13,0.0,0.0,0.0,12038144,0,6,4,1,0,sleeping,1672,1645,0,147456,1152640,42018
2025-05-20 03:35:10,19240,2119888896,33394688,0.0,0.1000680334980596,0,12,0.29,0.13,0.0,0.0,0.0,12046336,0,6,4,1,0,sleeping,1675,1648,0,147456,1154561,42090
2025-05-20 03:35:11,19240,2119888896,33394688,0.0,0.1000680334980596,0,12,0.29,0.13,0.0,0.0,0.0,12066816,0,6,4,1,0,sleeping,1680,1651,0,147456,1158397,42162
2025-05-20 03:35:12,19240,2119888896,33394688,0.0,0.1000680334980596,0,12,0.29,0.13,0.0,0.0,0.0,12075008,0,6,4,1,0,sleeping,1683,1654,0,147456,1160320,42234
2025-05-20 03:35:13,19240,2119888896,33394688,0.0,0.1000680334980596,0,12,0.29,0.13,0.0,0.0,0.0,12083200,0,7,4,1,0,sleeping,1686,1658,0,147456,1162243,42338
2025-05-20 03:35:14,19240,2119888896,33394688,0.0,0.1000680334980596,0,12,0.29,0.13,0.0,0.0,0.0,12083200,0,6,4,1,0,sleeping,1689,1661,0,147456,1164166,42410
2025-05-20 03:35:15,19240,2119888896,33394688,0.0,0.1000680334980596,0,12,0.29,0.13,0.0,0.0,0.0,12091392,0,6,4,1,0,sleeping,1692,1664,0,147456,1166089,42482
2025-05-20 03:35:16,19240,2119888896,33394688,0.0,0.1000680334980596,0,12,0.29,0.13,0.0,0.0,0.0,12095488,0,5,4,1,0,sleeping,1695,1667,0,147456,1168012,42554
2025-05-20 03:35:17,19240,2119888896,33394688,0.0,0.1000680334980596,0,12,0.29,0.13,0.0,0.0,0.0,12103680,0,5,4,1,0,sleeping,1698,1670,0,147456,1169933,42626
2025-05-20 03:35:18,19240,2119888896,33394688,0.0,0.1000680334980596,0,12,0.29,0.13,0.0,0.0,0.0,12107776,0,5,4,1,0,sleeping,1701,1673,0,147456,1171854,42698
2025-05-20 03:35:20,19240,2119888896,33394688,0.0,0.1000680334980596,0,12,0.29,0.13,0.0,0.0,0.0,12107776,0,6,4,1,0,sleeping,1703,1676,0,147456,1173769,42794
2025-05-20 03:35:21,19240,2119888896,33394688,0.0,0.1000680334980596,0,12,0.29,0.13,0.0,0.0,0.0,12107776,0,6,4,1,0,sleeping,1706,1679,0,147456,1175691,42866
2025-05-20 03:35:22,19240,2119888896,33394688,0.0,0.1000680334980596,0,12,0.29,0.13,0.0,0.0,0.0,12107776,0,7,4,1,0,sleeping,1708,1681,0,147456,1177605,42930
2025-05-20 03:35:23,19240,2119888896,33394688,0.0,0.1000680334980596,0,12,0.29,0.13,0.0,0.0,0.0,12111872,0,7,4,1,0,sleeping,1713,1684,0,147456,1181442,43002
2025-05-20 03:35:24,19240,2119888896,33394688,0.0,0.1000680334980596,0,12,0.29,0.13,0.0,0.0,0.0,12111872,0,6,4,1,0,sleeping,1716,1687,0,151552,1183364,43074
2025-05-20 03:35:25,19240,2119888896,33394688,0.0,0.1000680334980596,0,12,0.29,0.13,0.0,0.0,0.0,12111872,0,8,4,1,0,sleeping,1719,1691,0,151552,1185287,43178
2025-05-20 03:35:26,19240,2119888896,33394688,0.0,0.1000680334980596,0,12,0.29,0.13,0.0,0.0,0.0,12111872,0,7,4,1,0,sleeping,1722,1694,0,151552,1187210,43250
2025-05-20 03:35:27,19240,2119888896,33394688,0.0,0.1000680334980596,0,12,0.29,0.13,0.0,0.0,0.0,12111872,0,6,4,1,0,sleeping,1725,1697,0,151552,1189133,43322
2025-05-20 03:35:29,19240,2119888896,33394688,0.7,0.1000680334980596,0,12,0.29,0.14,0.0,0.0,0.0,12111872,0,8,4,1,0,sleeping,1730,1701,0,151552,1192971,43426
2025-05-20 03:35:30,19240,2119888896,33394688,0.6,0.1000680334980596,0,12,0.3,0.14,0.0,0.0,0.0,12111872,0,6,4,1,0,sleeping,1736,1709,0,151552,1194918,43586
2025-05-20 03:35:32,19240,2119888896,33394688,0.0,0.1000680334980596,0,12,0.3,0.14,0.0,0.0,0.0,12111872,0,4,4,1,0,sleeping,1740,1712,0,151552,1198748,43682
2025-05-20 03:35:33,19240,2119888896,33394688,0.0,0.1000680334980596,0,12,0.3,0.14,0.0,0.0,0.0,12111872,0,4,4,1,0,sleeping,1742,1714,0,151552,1200663,43746
2025-05-20 03:35:34,19240,2119888896,33394688,0.0,0.1000680334980596,0,12,0.3,0.14,0.0,0.0,0.0,12111872,0,4,4,1,0,sleeping,1745,1717,0,151552,1202586,43818
2025-05-20 03:35:35,19240,2119888896,33394688,0.0,0.1000680334980596,0,12,0.3,0.14,0.0,0.0,0.0,12111872,0,4,4,1,0,sleeping,1748,1720,0,151552,1204509,43890
2025-05-20 03:35:37,19240,2119888896,33394688,0.0,0.1000680334980596,0,12,0.3,0.14,0.0,0.0,0.0,12111872,0,4,4,1,0,sleeping,1751,1724,0,151552,1206432,43994
2025-05-20 03:35:38,19240,2119888896,33394688,0.0,0.1000680334980596,0,12,0.3,0.14,0.0,0.0,0.0,12111872,0,4,4,1,0,sleeping,1754,1727,0,151552,1208355,44066
2025-05-20 03:35:39,19240,2119888896,33394688,0.0,0.1000680334980596,0,12,0.3,0.14,0.0,0.0,0.0,12111872,0,4,4,1,0,sleeping,1757,1730,0,151552,1210278,44138
2025-05-20 03:35:40,19240,2119888896,33394688,0.0,0.1000680334980596,0,12,0.3,0.14,0.0,0.0,0.0,12111872,0,5,4,1,0,sleeping,1761,1734,0,151552,1212209,44218
2025-05-20 03:35:41,19240,2119888896,33394688,0.0,0.1000680334980596,0,12,0.3,0.14,0.0,0.0,0.0,12111872,0,5,4,1,0,sleeping,1766,1737,0,151552,1216047,44290
2025-05-20 03:35:42,19240,2119888896,33394688,0.9,0.1000680334980596,0,12,0.3,0.15,0.0,0.0,0.0,12111872,0,5,4,1,0,sleeping,1769,1741,0,151552,1217970,44394
2025-05-20 03:35:43,19240,2119888896,33394688,0.0,0.1000680334980596,0,12,0.3,0.15,0.0,0.0,0.0,12111872,0,5,4,1,0,sleeping,1772,1744,0,151552,1219893,44466
2025-05-20 03:35:44,19240,2119888896,33394688,0.0,0.1000680334980596,0,12,0.3,0.15,0.0,0.0,0.0,12111872,0,5,4,1,0,sleeping,1775,1747,0,151552,1221816,44538
2025-05-20 03:35:45,19240,2119888896,33394688,0.0,0.1000680334980596,0,12,0.3,0.15,0.0,0.0,0.0,12115968,0,6,4,1,0,sleeping,1778,1750,0,151552,1223739,44610
2025-05-20 03:35:46,19240,2119888896,33394688,0.0,0.1000680334980596,0,12,0.3,0.15,0.0,0.0,0.0,12115968,0,6,4,1,0,sleeping,1780,1752,0,151552,1225654,44674
2025-05-20 03:35:47,19240,2119888896,33394688,0.0,0.1000680334980596,0,12,0.3,0.15,0.0,0.0,0.0,12115968,0,6,4,1,0,sleeping,1783,1755,0,151552,1227577,44746
2025-05-20 03:35:49,19240,2119888896,33394688,0.0,0.1000680334980596,0,12,0.3,0.15,0.0,0.0,0.0,12115968,0,6,4,1,0,sleeping,1787,1760,0,151552,1229508,44858
2025-05-20 03:35:50,19240,2119888896,33394688,0.0,0.1000680334980596,0,12,0.3,0.15,0.0,0.0,0.0,12115968,0,4,4,1,0,sleeping,1790,1763,0,151552,1231431,44930
2025-05-20 03:35:51,19240,2119888896,33394688,0.0,0.1000680334980596,0,12,0.3,0.15,0.0,0.0,0.0,12115968,0,4,4,1,0,sleeping,1792,1765,0,151552,1233346,44994
2025-05-20 03:35:52,19240,2119888896,33394688,0.0,0.1000680334980596,0,12,0.3,0.15,0.0,0.0,0.0,12115968,0,5,4,1,0,sleeping,1794,1767,0,151552,1235261,45058
2025-05-20 03:35:53,19240,2119888896,33394688,0.0,0.1000680334980596,0,12,0.3,0.15,0.0,0.0,0.0,12115968,0,5,4,1,0,sleeping,1800,1771,0,151552,1239107,45138
2025-05-20 03:35:54,19240,2119888896,33394688,0.0,0.1000680334980596,0,12,0.3,0.15,0.0,0.0,0.0,12115968,0,5,4,1,0,sleeping,1804,1776,0,159744,1241038,45250
2025-05-20 03:35:55,19240,2119888896,33394688,0.0,0.1000680334980596,0,12,0.3,0.15,0.0,0.0,0.0,12115968,0,5,4,1,0,sleeping,1808,1780,0,159744,1242969,45330
2025-05-20 03:35:56,19240,2119888896,33394688,0.0,0.1000680334980596,0,12,0.3,0.15,0.0,0.0,0.0,12115968,0,4,4,1,0,sleeping,1811,1783,0,159744,1244892,45402
2025-05-20 03:35:57,19240,2119888896,33394688,0.0,0.1000680334980596,0,12,0.3,0.15,0.0,0.0,0.0,12115968,0,4,4,1,0,sleeping,1814,1786,0,159744,1246814,45474
2025-05-20 03:35:58,19240,2119888896,33394688,0.0,0.1000680334980596,0,12,0.3,0.15,0.0,0.0,0.0,11984896,0,6,4,1,0,sleeping,1817,1789,0,159744,1248736,45546
2025-05-20 03:35:59,19240,2119888896,33394688,0.0,0.1000680334980596,0,12,0.3,0.15,0.0,0.0,0.0,11984896,0,6,4,1,0,sleeping,1819,1791,0,159744,1250651,45610
2025-05-20 03:36:01,19240,2119888896,33394688,0.0,0.1000680334980596,0,12,0.3,0.15,0.0,0.0,0.0,11984896,0,6,4,1,0,sleeping,1823,1796,0,159744,1252582,45722
2025-05-20 03:36:02,19240,2119888896,33394688,0.0,0.1000680334980596,0,12,0.3,0.15,0.0,0.0,0.0,11984896,0,6,4,1,0,sleeping,1826,1799,0,159744,1254504,45794
2025-05-20 03:36:03,19240,2119888896,33394688,0.0,0.1000680334980596,0,12,0.3,0.15,0.0,0.0,0.0,11984896,0,6,4,1,0,sleeping,1833,1805,0,159744,1258357,45914
2025-05-20 03:36:04,19240,2119888896,33394688,1.3,0.1000680334980596,0,12,0.31,0.16,0.0,0.0,0.0,11984896,0,6,4,1,0,sleeping,1836,1809,0,159744,1260279,46018
2025-05-20 03:36:06,19240,2119888896,33394688,0.0,0.1000680334980596,0,12,0.31,0.16,0.0,0.0,0.0,11984896,0,6,4,1,0,sleeping,1839,1812,0,159744,1262201,46090
2025-05-20 03:36:07,19240,2119888896,33394688,0.0,0.1000680334980596,0,12,0.31,0.16,0.0,0.0,0.0,11984896,0,6,4,1,0,sleeping,1845,1817,0,159744,1266045,46202
2025-05-20 03:36:08,19240,2119888896,33394688,0.0,0.1000680334980596,0,12,0.31,0.16,0.0,0.0,0.0,11984896,0,6,4,1,0,sleeping,1848,1820,0,159744,1267968,46274
2025-05-20 03:36:09,19240,2119888896,33394688,0.0,0.1000680334980596,0,12,0.31,0.16,0.0,0.0,0.0,11984896,0,6,4,1,0,sleeping,1851,1823,0,159744,1269891,46346
2025-05-20 03:36:10,19240,2119888896,33394688,0.0,0.1000680334980596,0,12,0.31,0.16,0.0,0.0,0.0,11984896,0,5,4,1,0,sleeping,1853,1825,0,159744,1271806,46410
2025-05-20 03:36:11,19240,2119888896,33394688,0.0,0.1000680334980596,0,12,0.31,0.16,0.0,0.0,0.0,11984896,0,5,4,1,0,sleeping,1856,1828,0,159744,1273728,46482
2025-05-20 03:36:12,19240,2119888896,33394688,0.0,0.1000680334980596,0,12,0.31,0.16,0.0,0.0,0.0,11984896,0,5,4,1,0,sleeping,1860,1832,0,159744,1275658,46562
2025-05-20 03:36:14,19240,2119888896,33394688,0.0,0.1000680334980596,0,12,0.31,0.16,0.0,0.0,0.0,11984896,0,5,4,1,0,sleeping,1862,1835,0,159744,1277572,46658
2025-05-20 03:36:15,19240,2119888896,33394688,0.0,0.1000680334980596,0,12,0.31,0.16,0.0,0.0,0.0,11984896,0,6,4,1,0,sleeping,1865,1838,0,159744,1279494,46730
2025-05-20 03:36:16,19240,2119888896,33394688,0.0,0.1000680334980596,0,12,0.31,0.16,0.0,0.0,0.0,11984896,0,6,4,1,0,sleeping,1869,1842,0,159744,1281425,46810
2025-05-20 03:36:17,19240,2119888896,33394688,0.0,0.1000680334980596,0,12,0.31,0.16,0.0,0.0,0.0,11984896,0,6,4,1,0,sleeping,1872,1845,0,159744,1283346,46882
2025-05-20 03:36:18,19240,2119888896,33394688,0.0,0.1000680334980596,0,12,0.31,0.16,0.0,0.0,0.0,11984896,0,7,4,1,0,sleeping,1877,1848,0,159744,1287180,46954
2025-05-20 03:36:19,19240,2119888896,33394688,0.0,0.1000680334980596,0,12,0.31,0.16,0.0,0.0,0.0,11984896,0,7,4,1,0,sleeping,1882,1854,0,159744,1289117,47074
2025-05-20 03:36:20,19240,2119888896,33394688,0.0,0.1000680334980596,0,12,0.31,0.16,0.0,0.0,0.0,11984896,0,7,4,1,0,sleeping,1886,1858,0,159744,1291046,47154
2025-05-20 03:36:21,19240,2119888896,33394688,0.0,0.1000680334980596,0,12,0.31,0.16,0.0,0.0,0.0,11984896,0,7,4,1,0,sleeping,1889,1861,0,159744,1292966,47226
2025-05-20 03:36:22,19240,2119888896,33394688,0.0,0.1000680334980596,0,12,0.31,0.16,0.0,0.0,0.0,11984896,0,7,4,1,0,sleeping,1893,1865,0,159744,1294893,47306
2025-05-20 03:36:23,19240,2119888896,33394688,0.0,0.1000680334980596,0,12,0.31,0.16,0.0,0.0,0.0,11984896,0,7,4,1,0,sleeping,1897,1869,0,159744,1296821,47386
2025-05-20 03:36:24,19240,2119888896,33394688,0.0,0.1000680334980596,0,12,0.31,0.16,0.0,0.0,0.0,11984896,0,7,4,1,0,sleeping,1901,1874,0,163840,1298750,47498
2025-05-20 03:36:26,19240,2119888896,33394688,0.0,0.1000680334980596,0,12,0.31,0.16,0.0,0.0,0.0,11984896,0,7,4,1,0,sleeping,1904,1877,0,163840,1300671,47570
2025-05-20 03:36:27,19240,2119888896,33394688,0.0,0.1000680334980596,0,12,0.31,0.16,0.0,0.0,0.0,11984896,0,7,4,1,0,sleeping,1907,1880,0,163840,1302592,47642
2025-05-20 03:36:28,19240,2119888896,33394688,0.0,0.1000680334980596,0,12,0.31,0.16,0.0,0.0,0.0,11984896,0,7,4,1,0,sleeping,1910,1883,0,163840,1304511,47714
2025-05-20 03:36:29,19240,2119888896,33394688,0.0,0.1000680334980596,0,12,0.31,0.16,0.0,0.0,0.0,11984896,0,7,4,1,0,sleeping,1913,1886,0,163840,1306430,47786
2025-05-20 03:36:30,19240,2119888896,33394688,0.0,0.1000680334980596,0,12,0.31,0.16,0.0,0.0,0.0,11984896,0,7,4,1,0,sleeping,1919,1891,0,163840,1310272,47898
2025-05-20 03:36:32,19240,2119888896,33394688,0.6,0.1000680334980596,0,12,0.31,0.17,0.0,0.0,0.0,11984896,0,7,4,1,0,sleeping,1922,1895,0,163840,1312193,48002
2025-05-20 03:36:33,19240,2119888896,33394688,0.7,0.1000680334980596,0,12,0.32,0.17,0.0,0.0,0.0,11984896,0,7,4,1,0,sleeping,1928,1900,0,163840,1316035,48114
2025-05-20 03:36:34,19240,2119888896,33394688,0.0,0.1000680334980596,0,12,0.32,0.17,0.0,0.0,0.0,11984896,0,7,4,1,0,sleeping,1931,1903,0,163840,1317956,48186
2025-05-20 03:36:35,19240,2119888896,33394688,0.0,0.1000680334980596,0,12,0.32,0.17,0.0,0.0,0.0,11984896,0,7,4,1,0,sleeping,1935,1907,0,163840,1319885,48266
2025-05-20 03:36:36,19240,2119888896,33394688,0.0,0.1000680334980596,0,12,0.32,0.17,0.0,0.0,0.0,11984896,0,7,4,1,0,sleeping,1938,1910,0,163840,1321806,48338
2025-05-20 03:36:38,19240,2119888896,33394688,0.0,0.1000680334980596,0,12,0.32,0.17,0.0,0.0,0.0,11984896,0,7,4,1,0,sleeping,1941,1914,0,163840,1323727,48442
2025-05-20 03:36:39,19240,2119888896,33394688,0.0,0.1000680334980596,0,12,0.32,0.17,0.0,0.0,0.0,11984896,0,7,4,1,0,sleeping,1944,1917,0,163840,1325647,48514
2025-05-20 03:36:40,19240,2119888896,33394688,0.0,0.1000680334980596,0,12,0.32,0.17,0.0,0.0,0.0,11984896,0,7,4,1,0,sleeping,1946,1919,0,163840,1327559,48578
2025-05-20 03:36:41,19240,2119888896,33394688,0.0,0.1000680334980596,0,12,0.32,0.17,0.0,0.0,0.0,11984896,0,7,4,1,0,sleeping,1950,1923,0,163840,1329488,48658
2025-05-20 03:36:42,19240,2119888896,33394688,0.0,0.1000680334980596,0,12,0.32,0.17,0.0,0.0,0.0,11984896,0,7,4,1,0,sleeping,1952,1925,0,163840,1331401,48722
2025-05-20 03:36:43,19240,2119888896,33394688,0.0,0.1000680334980596,0,12,0.32,0.17,0.0,0.0,0.0,11984896,0,7,4,1,0,sleeping,1955,1929,0,163840,1333322,48826
2025-05-20 03:36:44,19240,2119888896,33394688,0.0,0.1000680334980596,0,12,0.32,0.17,0.0,0.0,0.0,11984896,0,8,4,1,0,sleeping,1961,1933,0,163840,1337163,48906
2025-05-20 03:36:45,19240,2119888896,33394688,0.0,0.1000680334980596,0,12,0.32,0.17,0.0,0.0,0.0,11984896,0,7,4,1,0,sleeping,1963,1935,0,163840,1339075,48970
2025-05-20 03:36:46,19240,2119888896,33394688,0.0,0.1000680334980596,0,12,0.32,0.17,0.0,0.0,0.0,11984896,0,8,4,1,0,sleeping,1966,1938,0,163840,1340996,49042
2025-05-20 03:36:47,19240,2119888896,33394688,0.0,0.1000680334980596,0,12,0.32,0.17,0.0,0.0,0.0,11984896,0,7,4,1,0,sleeping,1969,1941,0,163840,1342917,49114
2025-05-20 03:36:48,19240,2119888896,33394688,0.0,0.1000680334980596,0,12,0.32,0.17,0.0,0.0,0.0,11984896,0,7,4,1,0,sleeping,1972,1944,0,163840,1344838,49186
2025-05-20 03:36:50,19240,2119888896,33394688,0.0,0.1000680334980596,0,12,0.32,0.17,0.0,0.0,0.0,11984896,0,7,4,1,0,sleeping,1975,1948,0,163840,1346759,49290
2025-05-20 03:36:51,19240,2119888896,33394688,0.0,0.1000680334980596,0,12,0.32,0.17,0.0,0.0,0.0,11984896,0,8,4,1,0,sleeping,1978,1951,0,163840,1348680,49362
2025-05-20 03:36:52,19240,2119888896,33394688,0.9,0.1000680334980596,0,12,0.32,0.18,0.0,0.0,0.0,11984896,0,8,4,1,0,sleeping,1980,1953,0,163840,1350593,49426
2025-05-20 03:36:53,19240,2119888896,33394688,0.0,0.1000680334980596,0,12,0.32,0.18,0.0,0.0,0.0,11984896,0,8,4,1,0,sleeping,1983,1956,0,163840,1352514,49498
2025-05-20 03:36:54,19240,2119888896,33394688,0.0,0.1000680334980596,0,12,0.32,0.18,0.0,0.0,0.0,11984896,0,8,4,1,0,sleeping,1986,1959,0,163840,1354435,49570
2025-05-20 03:36:55,19240,2119888896,33394688,0.0,0.1000680334980596,0,12,0.32,0.18,0.0,0.0,0.0,11984896,0,8,4,1,0,sleeping,1989,1963,0,167936,1356355,49674
2025-05-20 03:36:56,19240,2119888896,33394688,0.0,0.1000680334980596,0,12,0.32,0.18,0.0,0.0,0.0,11984896,0,7,4,1,0,sleeping,1994,1966,0,167936,1360188,49746
2025-05-20 03:36:57,19240,2119888896,33394688,0.0,0.1000680334980596,0,12,0.32,0.18,0.0,0.0,0.0,11984896,0,7,4,1,0,sleeping,1998,1970,0,172032,1362117,49826
2025-05-20 03:36:58,19240,2119888896,33394688,0.0,0.1000680334980596,0,12,0.32,0.18,0.0,0.0,0.0,11984896,0,7,4,1,0,sleeping,2000,1972,0,172032,1364029,49890
2025-05-20 03:36:59,19240,2119888896,33394688,0.0,0.1000680334980596,0,12,0.32,0.18,0.0,0.0,0.0,11984896,0,8,4,1,0,sleeping,2003,1976,0,172032,1365949,49994
2025-05-20 03:37:01,19240,2119888896,33394688,0.0,0.1000680334980596,0,12,0.32,0.18,0.0,0.0,0.0,11984896,0,8,4,1,0,sleeping,2010,1982,0,172032,1369799,50114
2025-05-20 03:37:03,19240,2119888896,33394688,0.6,0.1000680334980596,0,12,0.32,0.19,0.0,0.0,0.0,11984896,0,8,4,1,0,sleeping,2015,1988,0,172032,1371736,50234
2025-05-20 03:37:04,19240,2119888896,33394688,0.0,0.1000680334980596,0,12,0.32,0.19,0.0,0.0,0.0,11984896,0,7,4,1,0,sleeping,2018,1992,0,172032,1373657,50338
2025-05-20 03:37:05,19240,2119888896,33394688,0.0,0.1000680334980596,0,12,0.32,0.19,0.0,0.0,0.0,11984896,0,6,4,1,0,sleeping,2022,1994,0,172032,1377482,50402
2025-05-20 03:37:06,19240,2119888896,33394688,0.0,0.1000680334980596,0,12,0.32,0.19,0.0,0.0,0.0,11984896,0,6,4,1,0,sleeping,2025,1997,0,172032,1379402,50474
2025-05-20 03:37:07,19240,2119888896,33394688,0.0,0.1000680334980596,0,12,0.32,0.19,0.0,0.0,0.0,11984896,0,6,4,1,0,sleeping,2028,2000,0,172032,1381323,50546
2025-05-20 03:37:08,19240,2119888896,33394688,0.0,0.1000680334980596,0,12,0.32,0.19,0.0,0.0,0.0,11984896,0,6,4,1,0,sleeping,2031,2003,0,172032,1383243,50618
2025-05-20 03:37:10,19240,2119888896,33394688,0.0,0.1000680334980596,0,12,0.32,0.19,0.0,0.0,0.0,11984896,0,7,4,1,0,sleeping,2035,2008,0,172032,1385171,50730
2025-05-20 03:37:11,19240,2119888896,33394688,0.0,0.1000680334980596,0,12,0.32,0.19,0.0,0.0,0.0,11984896,0,8,4,1,0,sleeping,2038,2011,0,172032,1387092,50802
2025-05-20 03:37:12,19240,2119888896,33394688,0.0,0.1000680334980596,0,12,0.32,0.19,0.0,0.0,0.0,11984896,0,7,4,1,0,sleeping,2042,2015,0,172032,1389021,50882
2025-05-20 03:37:13,19240,2119888896,33394688,0.0,0.1000680334980596,0,12,0.32,0.19,0.0,0.0,0.0,11984896,0,7,4,1,0,sleeping,2045,2018,0,172032,1390942,50954
2025-05-20 03:37:14,19240,2119888896,33394688,0.0,0.1000680334980596,0,12,0.32,0.19,0.0,0.0,0.0,11984896,0,7,4,1,0,sleeping,2048,2021,0,172032,1392863,51026
2025-05-20 03:37:15,19240,2119888896,33394688,0.0,0.1000680334980596,0,12,0.32,0.19,0.0,0.0,0.0,11984896,0,7,4,1,0,sleeping,2051,2025,0,172032,1394784,51130
2025-05-20 03:37:16,19240,2119888896,33394688,0.0,0.1000680334980596,0,12,0.32,0.19,0.0,0.0,0.0,11984896,0,7,4,1,0,sleeping,2054,2028,0,172032,1396705,51202
2025-05-20 03:37:17,19240,2119888896,33394688,0.0,0.1000680334980596,0,12,0.32,0.19,0.0,0.0,0.0,11984896,0,7,4,1,0,sleeping,2059,2031,0,172032,1400535,51274
2025-05-20 03:37:18,19240,2119888896,33394688,0.0,0.1000680334980596,0,12,0.32,0.19,0.0,0.0,0.0,11984896,0,7,4,1,0,sleeping,2062,2034,0,172032,1402456,51346
2025-05-20 03:37:19,19240,2119888896,33394688,0.0,0.1000680334980596,0,12,0.32,0.19,0.0,0.0,0.0,11984896,0,7,4,1,0,sleeping,2064,2036,0,172032,1404369,51410
2025-05-20 03:37:20,19240,2119888896,33394688,0.0,0.1000680334980596,0,12,0.32,0.19,0.0,0.0,0.0,11984896,0,7,4,1,0,sleeping,2067,2039,0,172032,1406290,51482
2025-05-20 03:37:22,19240,2119888896,33394688,0.0,0.1000680334980596,0,12,0.32,0.19,0.0,0.0,0.0,11984896,0,7,4,1,0,sleeping,2071,2044,0,172032,1408219,51594
2025-05-20 03:37:23,19240,2119888896,33394688,0.0,0.1000680334980596,0,12,0.32,0.19,0.0,0.0,0.0,11988992,0,7,4,1,0,sleeping,2074,2047,0,172032,1410140,51666
2025-05-20 03:37:24,19240,2119888896,33394688,0.0,0.1000680334980596,0,12,0.32,0.19,0.0,0.0,0.0,11988992,0,7,4,1,0,sleeping,2078,2051,0,172032,1412069,51746
2025-05-20 03:37:25,19240,2119888896,33394688,0.9,0.1000680334980596,0,12,0.32,0.2,0.0,0.0,0.0,11988992,0,7,4,1,0,sleeping,2080,2053,0,172032,1413982,51810
2025-05-20 03:37:26,19240,2119888896,33394688,0.8,0.1000680334980596,0,12,0.33,0.2,0.0,0.0,0.0,11993088,0,7,4,1,0,sleeping,2084,2058,0,176128,1415911,51922
2025-05-20 03:37:27,19240,2119888896,33394688,0.0,0.1000680334980596,0,12,0.33,0.2,0.0,0.0,0.0,11993088,0,7,4,1,0,sleeping,2089,2061,0,176128,1419745,51994
2025-05-20 03:37:29,19240,2119888896,33394688,0.6,0.1000680334980596,0,12,0.34,0.2,0.0,0.0,0.0,12029952,0,7,4,1,0,sleeping,2093,2066,0,176128,1421674,52106
2025-05-20 03:37:30,19240,2119888896,33394688,0.7,0.1000680334980596,0,12,0.34,0.21,0.0,0.0,0.0,12029952,0,7,4,1,0,sleeping,2100,2072,0,176128,1425524,52226
2025-05-20 03:37:31,19240,2119888896,33394688,0.0,0.1000680334980596,0,12,0.34,0.21,0.0,0.0,0.0,12029952,0,7,4,1,0,sleeping,2104,2076,0,176128,1427453,52306
2025-05-20 03:37:33,19240,2119888896,33394688,0.0,0.1000680334980596,0,12,0.34,0.21,0.0,0.0,0.0,12029952,0,6,4,1,0,sleeping,2106,2079,0,176128,1429365,52402
2025-05-20 03:37:34,19240,2119888896,33394688,0.0,0.1000680334980596,0,12,0.34,0.21,0.0,0.0,0.0,12029952,0,5,4,1,0,sleeping,2108,2081,0,176128,1431277,52466
2025-05-20 03:37:35,19240,2119888896,33394688,0.0,0.1000680334980596,0,12,0.34,0.21,0.0,0.0,0.0,12029952,0,6,4,1,0,sleeping,2111,2084,0,176128,1433198,52538
2025-05-20 03:37:36,19240,2119888896,33394688,0.0,0.1000680334980596,0,12,0.34,0.21,0.0,0.0,0.0,12029952,0,6,4,1,0,sleeping,2115,2088,0,176128,1435127,52618
2025-05-20 03:37:37,19240,2119888896,33394688,0.0,0.1000680334980596,0,12,0.34,0.21,0.0,0.0,0.0,12029952,0,6,4,1,0,sleeping,2119,2092,0,176128,1437056,52698
2025-05-20 03:37:38,19240,2119888896,33394688,0.0,0.1000680334980596,0,12,0.34,0.21,0.0,0.0,0.0,12029952,0,5,4,1,0,sleeping,2122,2096,0,176128,1438978,52802
2025-05-20 03:37:39,19240,2119888896,33394688,0.0,0.1000680334980596,0,12,0.34,0.21,0.0,0.0,0.0,12029952,0,6,4,1,0,sleeping,2126,2098,0,176128,1442804,52866
2025-05-20 03:37:40,19240,2119888896,33394688,0.9,0.1000680334980596,0,12,0.35,0.21,0.0,0.0,0.0,12029952,0,6,4,1,0,sleeping,2129,2101,0,176128,1444725,52938
2025-05-20 03:37:41,19240,2119888896,33394688,0.0,0.1000680334980596,0,12,0.35,0.21,0.0,0.0,0.0,12029952,0,6,4,1,0,sleeping,2132,2104,0,176128,1446646,53010
2025-05-20 03:37:42,19240,2119888896,33394688,0.0,0.1000680334980596,0,12,0.35,0.21,0.0,0.0,0.0,12029952,0,6,4,1,0,sleeping,2134,2106,0,176128,1448558,53074
2025-05-20 03:37:44,19240,2119888896,33394688,0.0,0.1000680334980596,0,12,0.35,0.21,0.0,0.0,0.0,12029952,0,6,4,1,0,sleeping,2138,2111,0,176128,1450486,53186
2025-05-20 03:37:45,19240,2119888896,33394688,0.0,0.1000680334980596,0,12,0.35,0.21,0.0,0.0,0.0,12029952,0,6,4,1,0,sleeping,2140,2113,0,176128,1452399,53250
2025-05-20 03:37:46,19240,2119888896,33394688,0.0,0.1000680334980596,0,12,0.35,0.21,0.0,0.0,0.0,12029952,0,6,4,1,0,sleeping,2143,2116,0,176128,1454320,53322
2025-05-20 03:37:47,19240,2119888896,33394688,0.0,0.1000680334980596,0,12,0.35,0.21,0.0,0.0,0.0,12029952,0,6,4,1,0,sleeping,2145,2118,0,176128,1456232,53386
2025-05-20 03:37:48,19240,2119888896,33394688,0.0,0.1000680334980596,0,12,0.35,0.21,0.0,0.0,0.0,12029952,0,6,4,1,0,sleeping,2147,2120,0,176128,1458144,53450
2025-05-20 03:37:49,19240,2119888896,33394688,0.0,0.1000680334980596,0,12,0.35,0.21,0.0,0.0,0.0,12029952,0,6,4,1,0,sleeping,2149,2122,0,176128,1460057,53514
2025-05-20 03:37:50,19240,2119888896,33394688,0.0,0.1000680334980596,0,12,0.35,0.21,0.0,0.0,0.0,12029952,0,6,4,1,0,sleeping,2151,2125,0,176128,1461970,53610
2025-05-20 03:37:51,19240,2119888896,33394688,0.0,0.1000680334980596,0,12,0.35,0.21,0.0,0.0,0.0,12029952,0,6,4,1,0,sleeping,2154,2128,0,176128,1463891,53682
2025-05-20 03:37:52,19240,2119888896,33394688,0.0,0.1000680334980596,0,12,0.35,0.21,0.0,0.0,0.0,12029952,0,7,4,1,0,sleeping,2159,2131,0,176128,1467723,53754
2025-05-20 03:37:53,19240,2119888896,33394688,0.0,0.1000680334980596,0,12,0.35,0.21,0.0,0.0,0.0,12029952,0,7,4,1,0,sleeping,2163,2135,0,176128,1469652,53834
2025-05-20 03:37:54,19240,2119888896,33394688,0.0,0.1000680334980596,0,12,0.35,0.21,0.0,0.0,0.0,12029952,0,7,4,1,0,sleeping,2166,2138,0,176128,1471573,53906
2025-05-20 03:37:55,19240,2119888896,33394688,0.0,0.1000680334980596,0,12,0.35,0.21,0.0,0.0,0.0,12029952,0,6,4,1,0,sleeping,2169,2141,0,176128,1473494,53978
2025-05-20 03:37:57,19240,2119888896,33394688,0.0,0.1000680334980596,0,12,0.35,0.21,0.0,0.0,0.0,12029952,0,6,4,1,0,sleeping,2172,2145,0,180224,1475415,54082
2025-05-20 03:37:58,19240,2119888896,33394688,0.0,0.1000680334980596,0,12,0.35,0.21,0.0,0.0,0.0,12029952,0,6,4,1,0,sleeping,2175,2148,0,180224,1477336,54154
2025-05-20 03:37:59,19240,2119888896,33394688,0.0,0.1000680334980596,0,12,0.35,0.21,0.0,0.0,0.0,12029952,0,6,4,1,0,sleeping,2177,2150,0,180224,1479249,54218
2025-05-20 03:38:00,19240,2119888896,33394688,0.0,0.1000680334980596,0,12,0.35,0.21,0.0,0.0,0.0,12029952,0,6,4,1,0,sleeping,2179,2152,0,180224,1481163,54282
2025-05-20 03:38:01,19240,2119888896,33394688,0.9,0.1000680334980596,0,12,0.35,0.22,0.0,0.0,0.0,12029952,0,6,4,1,0,sleeping,2181,2154,0,180224,1483077,54346
2025-05-20 03:38:02,19240,2119888896,33394688,0.0,0.1000680334980596,0,12,0.35,0.22,0.0,0.0,0.0,12029952,0,6,4,1,0,sleeping,2184,2158,0,184320,1484998,54450
2025-05-20 03:38:03,19240,2119888896,33394688,0.0,0.1000680334980596,0,12,0.35,0.22,0.0,0.0,0.0,12029952,0,5,4,1,0,sleeping,2186,2160,0,184320,1486910,54514
2025-05-20 03:38:04,19240,2119888896,33394688,0.0,0.1000680334980596,0,12,0.35,0.22,0.0,0.0,0.0,12029952,0,6,4,1,0,sleeping,2191,2163,0,184320,1490743,54586
2025-05-20 03:38:06,19240,2119888896,33394688,0.0,0.1000680334980596,0,12,0.35,0.22,0.0,0.0,0.0,12029952,0,5,4,1,0,sleeping,2196,2169,0,184320,1492680,54706
2025-05-20 03:38:07,19240,2119888896,33394688,0.0,0.1000680334980596,0,12,0.35,0.22,0.0,0.0,0.0,12029952,0,5,4,1,0,sleeping,2203,2175,0,184320,1496530,54826
2025-05-20 03:38:09,19240,2119888896,33394688,0.0,0.1000680334980596,0,12,0.35,0.22,0.0,0.0,0.0,12034048,0,6,4,1,0,sleeping,2208,2182,0,184320,1498467,54978
2025-05-20 03:38:10,19240,2119888896,33394688,0.8,0.1000680334980596,0,12,0.35,0.23,0.0,0.0,0.0,12038144,0,6,4,1,0,sleeping,2214,2186,0,184320,1502309,55058
2025-05-20 03:38:11,19240,2119888896,33394688,0.0,0.1000680334980596,0,12,0.35,0.23,0.0,0.0,0.0,12038144,0,6,4,1,0,sleeping,2218,2190,0,184320,1504238,55138
2025-05-20 03:38:12,19240,2119888896,33394688,0.0,0.1000680334980596,0,12,0.35,0.23,0.0,0.0,0.0,12038144,0,6,4,1,0,sleeping,2221,2193,0,184320,1506158,55210
2025-05-20 03:38:14,19240,2119888896,33394688,0.0,0.1000680334980596,0,12,0.35,0.23,0.0,0.0,0.0,12062720,0,6,4,1,0,sleeping,2226,2199,0,184320,1508094,55330
2025-05-20 03:38:15,19240,2119888896,33525760,0.9,0.10046079408581106,0,12,0.36,0.23,0.0,0.0,0.0,12066816,0,6,4,1,0,sleeping,2229,2202,0,184320,1510015,55402
2025-05-20 03:38:16,19240,2119888896,33525760,0.0,0.10046079408581106,0,12,0.36,0.23,0.0,0.0,0.0,12095488,0,6,4,1,0,sleeping,2232,2205,0,184320,1511936,55474
2025-05-20 03:38:17,19240,2119888896,33525760,0.0,0.10046079408581106,0,12,0.36,0.23,0.0,0.0,0.0,12107776,0,6,4,1,0,sleeping,2236,2209,0,184320,1513865,55554
2025-05-20 03:38:18,19240,2119888896,33525760,0.0,0.10046079408581106,0,12,0.36,0.23,0.0,0.0,0.0,12107776,0,6,4,1,0,sleeping,2238,2211,0,184320,1515778,55618
2025-05-20 03:38:19,19240,2119888896,33525760,0.0,0.10046079408581106,0,12,0.36,0.23,0.0,0.0,0.0,12107776,0,6,4,1,0,sleeping,2241,2214,0,184320,1517699,55690
2025-05-20 03:38:20,19240,2119888896,33525760,0.0,0.10046079408581106,0,12,0.36,0.23,0.0,0.0,0.0,12111872,0,5,4,1,0,sleeping,2245,2219,0,184320,1519628,55802
2025-05-20 03:38:21,19240,2119888896,33525760,0.0,0.10046079408581106,0,12,0.36,0.23,0.0,0.0,0.0,12111872,0,5,4,1,0,sleeping,2248,2222,0,184320,1521549,55874
2025-05-20 03:38:22,19240,2119888896,33525760,0.0,0.10046079408581106,0,12,0.36,0.23,0.0,0.0,0.0,12111872,0,6,4,1,0,sleeping,2251,2225,0,184320,1523470,55946
2025-05-20 03:38:23,19240,2119888896,33525760,0.0,0.10046079408581106,0,12,0.36,0.23,0.0,0.0,0.0,12111872,0,7,4,1,0,sleeping,2257,2229,0,184320,1527312,56026
2025-05-20 03:38:24,19240,2119888896,33525760,0.0,0.10046079408581106,0,12,0.36,0.23,0.0,0.0,0.0,12111872,0,7,4,1,0,sleeping,2260,2232,0,184320,1529234,56098
2025-05-20 03:38:26,19240,2119888896,33525760,0.0,0.10046079408581106,0,12,0.36,0.23,0.0,0.0,0.0,12115968,0,7,4,1,0,sleeping,2262,2235,0,184320,1531147,56194
2025-05-20 03:38:27,19240,2119888896,33525760,0.0,0.10046079408581106,0,12,0.36,0.23,0.0,0.0,0.0,12120064,0,7,4,1,0,sleeping,2264,2237,0,184320,1533060,56258
2025-05-20 03:38:28,19240,2119888896,33525760,0.0,0.10046079408581106,0,12,0.36,0.23,0.0,0.0,0.0,12120064,0,6,4,1,0,sleeping,2267,2240,0,184320,1534982,56330
2025-05-20 03:38:29,19240,2119888896,33525760,0.0,0.10046079408581106,0,12,0.36,0.23,0.0,0.0,0.0,12120064,0,6,4,1,0,sleeping,2269,2242,0,188416,1536896,56394
2025-05-20 03:38:30,19240,2119888896,33525760,0.0,0.10046079408581106,0,12,0.36,0.23,0.0,0.0,0.0,12120064,0,6,4,1,0,sleeping,2271,2244,0,188416,1538810,56458
2025-05-20 03:38:31,19240,2119888896,33525760,0.0,0.10046079408581106,0,12,0.36,0.23,0.0,0.0,0.0,12120064,0,6,4,1,0,sleeping,2273,2247,0,188416,1540724,56554
2025-05-20 03:38:32,19240,2119888896,33525760,0.0,0.10046079408581106,0,12,0.36,0.23,0.0,0.0,0.0,12120064,0,6,4,1,0,sleeping,2275,2249,0,188416,1542638,56618
2025-05-20 03:38:33,19240,2119888896,33525760,0.0,0.10046079408581106,0,12,0.36,0.23,0.0,0.0,0.0,12120064,0,6,4,1,0,sleeping,2278,2252,0,188416,1544560,56690
2025-05-20 03:38:34,19240,2119888896,33525760,0.0,0.10046079408581106,0,12,0.36,0.23,0.0,0.0,0.0,12124160,0,6,4,1,0,sleeping,2281,2255,0,188416,1546482,56762
2025-05-20 03:38:35,19240,2119888896,33525760,0.0,0.10046079408581106,0,12,0.36,0.23,0.0,0.0,0.0,12124160,0,6,4,1,0,sleeping,2286,2258,0,188416,1550318,56834
2025-05-20 03:38:36,19240,2119888896,33525760,0.0,0.10046079408581106,0,12,0.36,0.23,0.0,0.0,0.0,12124160,0,6,4,1,0,sleeping,2289,2261,0,188416,1552240,56906
2025-05-20 03:38:38,19240,2119888896,33525760,0.0,0.10046079408581106,0,12,0.36,0.23,0.0,0.0,0.0,12124160,0,8,4,1,0,sleeping,2292,2265,0,188416,1554162,57010
2025-05-20 03:38:39,19240,2119888896,33525760,0.0,0.10046079408581106,0,12,0.36,0.23,0.0,0.0,0.0,12124160,0,8,4,1,0,sleeping,2296,2269,0,188416,1556092,57090
2025-05-20 03:38:40,19240,2119888896,33525760,0.0,0.10046079408581106,0,12,0.36,0.23,0.0,0.0,0.0,12124160,0,8,4,1,0,sleeping,2299,2272,0,188416,1558014,57162
2025-05-20 03:38:41,19240,2119888896,33525760,0.0,0.10046079408581106,0,12,0.36,0.23,0.0,0.0,0.0,12124160,0,7,4,1,0,sleeping,2301,2274,0,188416,1559928,57226
2025-05-20 03:38:42,19240,2119888896,33525760,0.0,0.10046079408581106,0,12,0.36,0.23,0.0,0.0,0.0,12124160,0,6,4,1,0,sleeping,2304,2277,0,188416,1561850,57298
2025-05-20 03:38:43,19240,2119888896,33525760,0.0,0.10046079408581106,0,12,0.36,0.23,0.0,0.0,0.0,12124160,0,7,4,1,0,sleeping,2308,2282,0,188416,1563779,57410
2025-05-20 03:38:44,19240,2119888896,33525760,0.0,0.10046079408581106,0,12,0.36,0.23,0.0,0.0,0.0,12124160,0,7,4,1,0,sleeping,2311,2285,0,188416,1565700,57482
2025-05-20 03:38:45,19240,2119888896,33525760,0.9,0.10046079408581106,0,12,0.36,0.24,0.0,0.0,0.0,12124160,0,7,4,1,0,sleeping,2315,2289,0,188416,1567630,57562
2025-05-20 03:38:46,19240,2119888896,33525760,0.0,0.10046079408581106,0,12,0.36,0.24,0.0,0.0,0.0,12124160,0,8,4,1,0,sleeping,2320,2292,0,188416,1571466,57634
2025-05-20 03:38:47,19240,2119888896,33525760,0.0,0.10046079408581106,0,12,0.36,0.24,0.0,0.0,0.0,12124160,0,8,4,1,0,sleeping,2325,2298,0,188416,1573404,57754
2025-05-20 03:38:49,19240,2119888896,33525760,0.0,0.10046079408581106,0,12,0.36,0.24,0.0,0.0,0.0,12124160,0,6,4,1,0,sleeping,2328,2301,0,188416,1575326,57826
2025-05-20 03:38:50,19240,2119888896,33525760,0.0,0.10046079408581106,0,12,0.36,0.24,0.0,0.0,0.0,12124160,0,6,4,1,0,sleeping,2331,2304,0,188416,1577248,57898
2025-05-20 03:38:51,19240,2119888896,33525760,0.0,0.10046079408581106,0,12,0.36,0.24,0.0,0.0,0.0,12124160,0,6,4,1,0,sleeping,2335,2308,0,188416,1579178,57978
2025-05-20 03:38:52,19240,2119888896,33525760,0.0,0.10046079408581106,0,12,0.36,0.24,0.0,0.0,0.0,12124160,0,7,4,1,0,sleeping,2339,2312,0,188416,1581107,58058
2025-05-20 03:38:53,19240,2119888896,33525760,0.0,0.10046079408581106,0,12,0.36,0.24,0.0,0.0,0.0,12124160,0,7,4,1,0,sleeping,2342,2316,0,188416,1583028,58162
2025-05-20 03:38:54,19240,2119888896,33525760,0.0,0.10046079408581106,0,12,0.36,0.24,0.0,0.0,0.0,12124160,0,6,4,1,0,sleeping,2345,2319,0,188416,1584950,58234
2025-05-20 03:38:55,19240,2119888896,33525760,0.0,0.10046079408581106,0,12,0.36,0.24,0.0,0.0,0.0,12124160,0,6,4,1,0,sleeping,2348,2322,0,188416,1586872,58306
2025-05-20 03:38:56,19240,2119888896,33525760,0.0,0.10046079408581106,0,12,0.36,0.24,0.0,0.0,0.0,12124160,0,6,4,1,0,sleeping,2351,2325,0,188416,1588794,58378
2025-05-20 03:38:57,19240,2119888896,33525760,0.0,0.10046079408581106,0,12,0.36,0.24,0.0,0.0,0.0,12124160,0,7,4,1,0,sleeping,2356,2328,0,188416,1592630,58450
2025-05-20 03:38:58,19240,2119888896,33525760,0.0,0.10046079408581106,0,12,0.36,0.24,0.0,0.0,0.0,12124160,0,7,4,1,0,sleeping,2358,2330,0,188416,1594544,58514
2025-05-20 03:39:00,19240,2119888896,33366016,0.9,0.09998211711948893,0,12,0.37,0.24,0.0,0.0,0.0,11935744,0,6,4,1,0,sleeping,2362,2335,0,192512,1596474,58626
2025-05-20 03:39:01,19240,2119888896,33366016,0.0,0.09998211711948893,0,12,0.37,0.24,0.0,0.0,0.0,11935744,0,6,4,1,0,sleeping,2364,2337,0,192512,1598388,58690
2025-05-20 03:39:02,19240,2119888896,33366016,0.0,0.09998211711948893,0,12,0.37,0.24,0.0,0.0,0.0,11935744,0,6,4,1,0,sleeping,2367,2340,0,192512,1600309,58762
2025-05-20 03:39:03,19240,2119888896,33366016,0.0,0.09998211711948893,0,12,0.37,0.24,0.0,0.0,0.0,11935744,0,7,4,1,0,sleeping,2369,2342,0,192512,1602221,58826
2025-05-20 03:39:04,19240,2119888896,33366016,0.0,0.09998211711948893,0,12,0.37,0.24,0.0,0.0,0.0,11935744,0,7,4,1,0,sleeping,2372,2345,0,192512,1604142,58898
2025-05-20 03:39:05,19240,2119888896,33366016,0.0,0.09998211711948893,0,12,0.37,0.24,0.0,0.0,0.0,11935744,0,6,4,1,0,sleeping,2374,2348,0,196608,1606056,58994
2025-05-20 03:39:06,19240,2119888896,33366016,0.0,0.09998211711948893,0,12,0.37,0.24,0.0,0.0,0.0,11935744,0,7,4,1,0,sleeping,2377,2351,0,196608,1607978,59066
2025-05-20 03:39:07,19240,2119888896,33366016,0.0,0.09998211711948893,0,12,0.37,0.24,0.0,0.0,0.0,11935744,0,7,4,1,0,sleeping,2379,2353,0,196608,1609892,59130
2025-05-20 03:39:08,19240,2119888896,33366016,0.0,0.09998211711948893,0,12,0.37,0.24,0.0,0.0,0.0,11935744,0,7,4,1,0,sleeping,2382,2356,0,196608,1611814,59202
2025-05-20 03:39:09,19240,2119888896,33366016,0.0,0.09998211711948893,0,12,0.37,0.24,0.0,0.0,0.0,11935744,0,6,4,1,0,sleeping,2387,2359,0,196608,1615650,59274
2025-05-20 03:39:10,19240,2119888896,33366016,0.0,0.09998211711948893,0,12,0.37,0.24,0.0,0.0,0.0,11935744,0,6,4,1,0,sleeping,2389,2361,0,196608,1617564,59338
2025-05-20 03:39:12,19240,2119888896,33366016,0.0,0.09998211711948893,0,12,0.37,0.24,0.0,0.0,0.0,11935744,0,7,4,1,0,sleeping,2391,2364,0,196608,1619478,59434
2025-05-20 03:39:13,19240,2119888896,33366016,0.0,0.09998211711948893,0,12,0.37,0.24,0.0,0.0,0.0,11935744,0,7,4,1,0,sleeping,2393,2366,0,196608,1621392,59498
2025-05-20 03:39:14,19240,2119888896,33366016,0.0,0.09998211711948893,0,12,0.37,0.24,0.0,0.0,0.0,11935744,0,7,4,1,0,sleeping,2396,2369,0,196608,1623314,59570
2025-05-20 03:39:15,19240,2119888896,33366016,0.0,0.09998211711948893,0,12,0.37,0.24,0.0,0.0,0.0,11935744,0,7,4,1,0,sleeping,2398,2371,0,196608,1625228,59634
2025-05-20 03:39:16,19240,2119888896,33366016,0.0,0.09998211711948893,0,12,0.37,0.24,0.0,0.0,0.0,11935744,0,6,4,1,0,sleeping,2400,2374,0,196608,1627142,59730
2025-05-20 03:39:17,19240,2119888896,33366016,0.0,0.09998211711948893,0,12,0.37,0.24,0.0,0.0,0.0,11935744,0,6,4,1,0,sleeping,2402,2376,0,196608,1629056,59794
2025-05-20 03:39:18,19240,2119888896,33366016,0.9,0.09998211711948893,0,12,0.37,0.25,0.0,0.0,0.0,11935744,0,7,4,1,0,sleeping,2408,2380,0,196608,1632900,59874
2025-05-20 03:39:19,19240,2119888896,33366016,0.0,0.09998211711948893,0,12,0.37,0.25,0.0,0.0,0.0,11935744,0,7,4,1,0,sleeping,2411,2384,0,196608,1634822,59978
2025-05-20 03:39:21,19240,2119888896,33366016,0.0,0.09998211711948893,0,12,0.37,0.25,0.0,0.0,0.0,11935744,0,7,4,1,0,sleeping,2415,2388,0,200704,1636751,60058
2025-05-20 03:39:22,19240,2119888896,33366016,0.0,0.09998211711948893,0,12,0.37,0.25,0.0,0.0,0.0,11935744,0,7,4,1,0,sleeping,2418,2391,0,200704,1638672,60130
2025-05-20 03:39:23,19240,2119888896,33366016,0.0,0.09998211711948893,0,12,0.37,0.25,0.0,0.0,0.0,11935744,0,7,4,1,0,sleeping,2421,2394,0,200704,1640594,60202
2025-05-20 03:39:24,19240,2119888896,33366016,0.0,0.09998211711948893,0,12,0.37,0.25,0.0,0.0,0.0,11935744,0,7,4,1,0,sleeping,2424,2397,0,200704,1642516,60274
2025-05-20 03:39:25,19240,2119888896,33366016,0.0,0.09998211711948893,0,12,0.37,0.25,0.0,0.0,0.0,11935744,0,7,4,1,0,sleeping,2426,2399,0,200704,1644430,60338
2025-05-20 03:39:26,19240,2119888896,33366016,0.9,0.09998211711948893,0,12,0.38,0.25,0.0,0.0,0.0,11935744,0,7,4,1,0,sleeping,2430,2404,0,200704,1646360,60450
2025-05-20 03:39:27,19240,2119888896,33366016,0.0,0.09998211711948893,0,12,0.38,0.25,0.0,0.0,0.0,11935744,0,6,4,1,0,sleeping,2432,2406,0,200704,1648274,60514
2025-05-20 03:39:28,19240,2119888896,33366016,0.0,0.09998211711948893,0,12,0.38,0.25,0.0,0.0,0.0,11935744,0,6,4,1,0,sleeping,2436,2410,0,200704,1650204,60594
2025-05-20 03:39:29,19240,2119888896,33366016,0.0,0.09998211711948893,0,12,0.38,0.25,0.0,0.0,0.0,11935744,0,6,4,1,0,sleeping,2439,2413,0,200704,1652126,60666
2025-05-20 03:39:30,19240,2119888896,33366016,0.0,0.09998211711948893,0,12,0.38,0.25,0.0,0.0,0.0,11935744,0,6,4,1,0,sleeping,2445,2417,0,200704,1655970,60746
2025-05-20 03:39:32,19240,2119888896,33366016,0.0,0.09998211711948893,0,12,0.38,0.25,0.0,0.0,0.0,11935744,0,6,4,1,0,sleeping,2447,2420,0,200704,1657884,60842
2025-05-20 03:39:33,19240,2119888896,33366016,0.0,0.09998211711948893,0,12,0.38,0.25,0.0,0.0,0.0,11935744,0,6,4,1,0,sleeping,2450,2423,0,200704,1659806,60914
2025-05-20 03:39:34,19240,2119888896,33366016,0.0,0.09998211711948893,0,12,0.38,0.25,0.0,0.0,0.0,11935744,0,6,4,1,0,sleeping,2452,2425,0,200704,1661720,60978
2025-05-20 03:39:35,19240,2119888896,33366016,0.0,0.09998211711948893,0,12,0.38,0.25,0.0,0.0,0.0,11935744,0,6,4,1,0,sleeping,2455,2428,0,200704,1663642,61050
2025-05-20 03:39:36,19240,2119888896,33366016,0.0,0.09998211711948893,0,12,0.38,0.25,0.0,0.0,0.0,11935744,0,6,4,1,0,sleeping,2458,2431,0,200704,1665563,61122
2025-05-20 03:39:37,19240,2119888896,33366016,0.0,0.09998211711948893,0,12,0.38,0.25,0.0,0.0,0.0,11935744,0,6,4,1,0,sleeping,2462,2435,0,200704,1667492,61202
2025-05-20 03:39:38,19240,2119888896,33366016,0.0,0.09998211711948893,0,12,0.38,0.25,0.0,0.0,0.0,11935744,0,6,4,1,0,sleeping,2466,2440,0,200704,1669422,61314
2025-05-20 03:39:39,19240,2119888896,33366016,0.0,0.09998211711948893,0,12,0.38,0.25,0.0,0.0,0.0,11935744,0,6,4,1,0,sleeping,2469,2443,0,200704,1671344,61386
2025-05-20 03:39:40,19240,2119888896,33366016,0.0,0.09998211711948893,0,12,0.38,0.25,0.0,0.0,0.0,11935744,0,7,4,1,0,sleeping,2472,2446,0,200704,1673266,61458
2025-05-20 03:39:41,19240,2119888896,33366016,0.0,0.09998211711948893,0,12,0.38,0.25,0.0,0.0,0.0,11935744,0,7,4,1,0,sleeping,2477,2449,0,200704,1677102,61530
2025-05-20 03:39:43,19240,2119888896,33366016,0.0,0.09998211711948893,0,12,0.38,0.25,0.0,0.0,0.0,11935744,0,7,4,1,0,sleeping,2482,2455,0,200704,1679040,61650
2025-05-20 03:39:44,19240,2119888896,33366016,0.0,0.09998211711948893,0,12,0.38,0.25,0.0,0.0,0.0,11935744,0,7,4,1,0,sleeping,2487,2461,0,200704,1680978,61770
2025-05-20 03:39:46,19240,2119888896,33366016,0.0,0.09998211711948893,0,12,0.38,0.25,0.0,0.0,0.0,11935744,0,8,4,1,0,sleeping,2493,2466,0,200704,1684822,61882
2025-05-20 03:39:47,19240,2119888896,33366016,0.0,0.09998211711948893,0,12,0.38,0.25,0.0,0.0,0.0,11935744,0,8,4,1,0,sleeping,2497,2470,0,200704,1686749,61962
2025-05-20 03:39:48,19240,2119888896,33366016,0.0,0.09998211711948893,0,12,0.38,0.25,0.0,0.0,0.0,11935744,0,8,4,1,0,sleeping,2501,2474,0,200704,1688676,62042
2025-05-20 03:39:49,19240,2119888896,33366016,0.9,0.09998211711948893,0,12,0.39,0.25,0.0,0.0,0.0,11935744,0,8,4,1,0,sleeping,2504,2477,0,200704,1690598,62114
2025-05-20 03:39:50,19240,2119888896,33366016,0.0,0.09998211711948893,0,12,0.39,0.25,0.0,0.0,0.0,11935744,0,8,4,1,0,sleeping,2507,2480,0,200704,1692520,62186
2025-05-20 03:39:51,19240,2119888896,33366016,0.0,0.09998211711948893,0,12,0.39,0.25,0.0,0.0,0.0,11935744,0,8,4,1,0,sleeping,2511,2485,0,200704,1694450,62298
2025-05-20 03:39:52,19240,2119888896,33366016,0.0,0.09998211711948893,0,12,0.39,0.25,0.0,0.0,0.0,11935744,0,8,4,1,0,sleeping,2514,2488,0,204800,1696372,62370
2025-05-20 03:39:53,19240,2119888896,33366016,0.0,0.09998211711948893,0,12,0.39,0.25,0.0,0.0,0.0,11935744,0,7,4,1,0,sleeping,2517,2491,0,204800,1698294,62442
2025-05-20 03:39:54,19240,2119888896,33366016,0.0,0.09998211711948893,0,12,0.39,0.25,0.0,0.0,0.0,11935744,0,7,4,1,0,sleeping,2520,2494,0,204800,1700216,62514
2025-05-20 03:39:55,19240,2119888896,33366016,0.0,0.09998211711948893,0,12,0.39,0.25,0.0,0.0,0.0,11935744,0,7,4,1,0,sleeping,2523,2497,0,204800,1702138,62586
2025-05-20 03:39:56,19240,2119888896,33366016,0.0,0.09998211711948893,0,12,0.39,0.25,0.0,0.0,0.0,11935744,0,7,4,1,0,sleeping,2528,2500,0,204800,1705974,62658
2025-05-20 03:39:58,19240,2119888896,33366016,0.0,0.09998211711948893,0,12,0.39,0.25,0.0,0.0,0.0,11935744,0,7,4,1,0,sleeping,2533,2506,0,204800,1707912,62778
2025-05-20 03:39:59,19240,2119888896,33366016,0.0,0.09998211711948893,0,12,0.39,0.25,0.0,0.0,0.0,11935744,0,7,4,1,0,sleeping,2536,2509,0,204800,1709834,62850
2025-05-20 03:40:00,19240,2119888896,33366016,0.9,0.09998211711948893,0,12,0.39,0.26,0.0,0.0,0.0,11935744,0,7,4,1,0,sleeping,2538,2511,0,204800,1711746,62914
2025-05-20 03:40:01,19240,2119888896,33366016,0.0,0.09998211711948893,0,12,0.39,0.26,0.0,0.0,0.0,11935744,0,7,4,1,0,sleeping,2541,2514,0,204800,1713666,62986
2025-05-20 03:40:02,19240,2119888896,33366016,0.0,0.09998211711948893,0,12,0.39,0.26,0.0,0.0,0.0,11935744,0,7,4,1,0,sleeping,2544,2517,0,204800,1715587,63058
2025-05-20 03:40:03,19240,2119888896,33366016,0.0,0.09998211711948893,0,12,0.39,0.26,0.0,0.0,0.0,11935744,0,6,4,1,0,sleeping,2546,2520,0,204800,1717500,63154
2025-05-20 03:40:04,19240,2119888896,33366016,0.0,0.09998211711948893,0,12,0.39,0.26,0.0,0.0,0.0,11935744,0,7,4,1,0,sleeping,2549,2523,0,204800,1719422,63226
2025-05-20 03:40:05,19240,2119888896,33366016,0.0,0.09998211711948893,0,12,0.39,0.26,0.0,0.0,0.0,11935744,0,7,4,1,0,sleeping,2552,2526,0,204800,1721344,63298
2025-05-20 03:40:06,19240,2119888896,33366016,0.0,0.09998211711948893,0,12,0.39,0.26,0.0,0.0,0.0,11935744,0,7,4,1,0,sleeping,2555,2529,0,204800,1723266,63370
2025-05-20 03:40:07,19240,2119888896,33366016,0.0,0.09998211711948893,0,12,0.39,0.26,0.0,0.0,0.0,11935744,0,7,4,1,0,sleeping,2558,2532,0,208896,1725187,63442
2025-05-20 03:40:08,19240,2119888896,33366016,0.0,0.09998211711948893,0,12,0.39,0.26,0.0,0.0,0.0,11935744,0,7,4,1,0,sleeping,2561,2535,0,208896,1727108,63514
2025-05-20 03:40:10,19240,2119888896,33366016,0.0,0.09998211711948893,0,12,0.39,0.26,0.0,0.0,0.0,11935744,0,8,4,1,0,sleeping,2567,2540,0,212992,1730952,63626
2025-05-20 03:40:11,19240,2119888896,33366016,0.0,0.09998211711948893,0,12,0.39,0.26,0.0,0.0,0.0,11935744,0,8,4,1,0,sleeping,2570,2543,0,212992,1732874,63698
2025-05-20 03:40:12,19240,2119888896,33366016,0.0,0.09998211711948893,0,12,0.39,0.26,0.0,0.0,0.0,11935744,0,7,4,1,0,sleeping,2572,2545,0,212992,1734788,63762
2025-05-20 03:40:13,19240,2119888896,33366016,0.0,0.09998211711948893,0,12,0.39,0.26,0.0,0.0,0.0,11935744,0,7,4,1,0,sleeping,2575,2548,0,212992,1736710,63834
2025-05-20 03:40:14,19240,2119888896,33366016,0.0,0.09998211711948893,0,12,0.39,0.26,0.0,0.0,0.0,11935744,0,8,4,1,0,sleeping,2578,2552,0,212992,1738632,63938
2025-05-20 03:40:15,19240,2119888896,33366016,0.0,0.09998211711948893,0,12,0.39,0.26,0.0,0.0,0.0,11935744,0,7,4,1,0,sleeping,2582,2556,0,212992,1740562,64018
2025-05-20 03:40:16,19240,2119888896,33366016,0.0,0.09998211711948893,0,12,0.39,0.26,0.0,0.0,0.0,11935744,0,7,4,1,0,sleeping,2585,2559,0,212992,1742484,64090
2025-05-20 03:40:18,19240,2119888896,33366016,0.0,0.09998211711948893,0,12,0.39,0.26,0.0,0.0,0.0,11935744,0,6,4,1,0,sleeping,2590,2563,0,212992,1746320,64194
2025-05-20 03:40:19,19240,2119888896,33366016,0.0,0.09998211711948893,0,12,0.39,0.26,0.0,0.0,0.0,11935744,0,6,4,1,0,sleeping,2593,2566,0,212992,1748242,64266
2025-05-20 03:40:20,19240,2119888896,33366016,0.0,0.09998211711948893,0,12,0.39,0.26,0.0,0.0,0.0,11935744,0,6,4,1,0,sleeping,2595,2568,0,212992,1750156,64330
2025-05-20 03:40:21,19240,2119888896,33366016,0.0,0.09998211711948893,0,12,0.39,0.26,0.0,0.0,0.0,11935744,0,6,4,1,0,sleeping,2597,2570,0,212992,1752070,64394
2025-05-20 03:40:22,19240,2119888896,33366016,0.9,0.09998211711948893,0,12,0.4,0.26,0.0,0.0,0.0,11935744,0,6,4,1,0,sleeping,2600,2573,0,212992,1753992,64466
2025-05-20 03:40:23,19240,2119888896,33366016,0.0,0.09998211711948893,0,12,0.4,0.26,0.0,0.0,0.0,11935744,0,6,4,1,0,sleeping,2603,2576,0,212992,1755914,64538
2025-05-20 03:40:24,19240,2119888896,33366016,0.0,0.09998211711948893,0,12,0.4,0.26,0.0,0.0,0.0,11935744,0,6,4,1,0,sleeping,2606,2580,0,212992,1757836,64642
2025-05-20 03:40:25,19240,2119888896,33366016,0.0,0.09998211711948893,0,12,0.4,0.26,0.0,0.0,0.0,11935744,0,7,4,1,0,sleeping,2609,2583,0,212992,1759758,64714
2025-05-20 03:40:26,19240,2119888896,33366016,0.0,0.09998211711948893,0,12,0.4,0.26,0.0,0.0,0.0,11935744,0,7,4,1,0,sleeping,2611,2585,0,212992,1761671,64778
2025-05-20 03:40:27,19240,2119888896,33366016,0.0,0.09998211711948893,0,12,0.4,0.26,0.0,0.0,0.0,11935744,0,7,4,1,0,sleeping,2614,2588,0,212992,1763592,64850
2025-05-20 03:40:28,19240,2119888896,33366016,0.0,0.09998211711948893,0,12,0.4,0.26,0.0,0.0,0.0,11935744,0,7,4,1,0,sleeping,2617,2591,0,212992,1765514,64922
2025-05-20 03:40:29,19240,2119888896,33366016,0.0,0.09998211711948893,0,12,0.4,0.26,0.0,0.0,0.0,11968512,0,7,4,1,0,sleeping,2621,2594,0,212992,1769342,65018
2025-05-20 03:40:31,19240,2119888896,33366016,0.0,0.09998211711948893,0,12,0.4,0.26,0.0,0.0,0.0,11968512,0,7,4,1,0,sleeping,2623,2596,0,212992,1771256,65082
2025-05-20 03:40:32,19240,2119888896,33366016,0.0,0.09998211711948893,0,12,0.4,0.26,0.0,0.0,0.0,11968512,0,7,4,1,0,sleeping,2625,2598,0,212992,1773170,65146
2025-05-20 03:40:33,19240,2119888896,33366016,0.0,0.09998211711948893,0,12,0.4,0.26,0.0,0.0,0.0,11968512,0,7,4,1,0,sleeping,2628,2601,0,212992,1775092,65218
2025-05-20 03:40:34,19240,2119888896,33366016,0.0,0.09998211711948893,0,12,0.4,0.26,0.0,0.0,0.0,11968512,0,7,4,1,0,sleeping,2630,2603,0,212992,1777005,65282
2025-05-20 03:40:35,19240,2119888896,33366016,0.0,0.09998211711948893,0,12,0.4,0.26,0.0,0.0,0.0,11968512,0,7,4,1,0,sleeping,2632,2605,0,212992,1778918,65346
2025-05-20 03:40:36,19240,2119888896,33366016,0.0,0.09998211711948893,0,12,0.4,0.26,0.0,0.0,0.0,11968512,0,7,4,1,0,sleeping,2634,2608,0,212992,1780832,65442
2025-05-20 03:40:37,19240,2119888896,33366016,0.0,0.09998211711948893,0,12,0.4,0.26,0.0,0.0,0.0,11968512,0,7,4,1,0,sleeping,2636,2610,0,212992,1782746,65506
2025-05-20 03:40:38,19240,2119888896,33366016,0.8,0.09998211711948893,0,12,0.4,0.27,0.0,0.0,0.0,11968512,0,7,4,1,0,sleeping,2638,2612,0,217088,1784660,65570
2025-05-20 03:40:40,19240,2119888896,33366016,0.0,0.09998211711948893,0,12,0.4,0.27,0.0,0.0,0.0,11968512,0,6,4,1,0,sleeping,2643,2616,0,217088,1788496,65674
2025-05-20 03:40:41,19240,2119888896,33366016,0.0,0.09998211711948893,0,12,0.4,0.27,0.0,0.0,0.0,11968512,0,6,4,1,0,sleeping,2646,2619,0,217088,1790418,65746
2025-05-20 03:40:42,19240,2119888896,33366016,0.0,0.09998211711948893,0,12,0.4,0.27,0.0,0.0,0.0,11968512,0,7,4,1,0,sleeping,2649,2622,0,217088,1792340,65818
2025-05-20 03:40:43,19240,2119888896,33366016,0.0,0.09998211711948893,0,12,0.4,0.27,0.0,0.0,0.0,11968512,0,7,4,1,0,sleeping,2653,2626,0,217088,1794270,65898
2025-05-20 03:40:44,19240,2119888896,33366016,0.0,0.09998211711948893,0,12,0.4,0.27,0.0,0.0,0.0,11968512,0,6,4,1,0,sleeping,2657,2631,0,217088,1796200,66010
2025-05-20 03:40:45,19240,2119888896,33366016,0.0,0.09998211711948893,0,12,0.4,0.27,0.0,0.0,0.0,11968512,0,6,4,1,0,sleeping,2660,2634,0,217088,1798122,66082
2025-05-20 03:40:46,19240,2119888896,33366016,0.9,0.09998211711948893,0,12,0.41,0.27,0.0,0.0,0.0,11968512,0,6,4,1,0,sleeping,2664,2638,0,217088,1800052,66162
2025-05-20 03:40:47,19240,2119888896,33366016,0.0,0.09998211711948893,0,12,0.41,0.27,0.0,0.0,0.0,11968512,0,7,4,1,0,sleeping,2666,2640,0,217088,1801966,66226
2025-05-20 03:40:48,19240,2119888896,33366016,0.0,0.09998211711948893,0,12,0.41,0.27,0.0,0.0,0.0,11968512,0,7,4,1,0,sleeping,2668,2642,0,217088,1803879,66290
2025-05-20 03:40:49,19240,2119888896,33366016,0.0,0.09998211711948893,0,12,0.41,0.27,0.0,0.0,0.0,11968512,0,7,4,1,0,sleeping,2671,2645,0,217088,1805800,66362
2025-05-20 03:40:51,19240,2119888896,33366016,0.0,0.09998211711948893,0,12,0.41,0.27,0.0,0.0,0.0,11968512,0,7,4,1,0,sleeping,2674,2649,0,217088,1807722,66466
2025-05-20 03:40:52,19240,2119888896,33366016,0.0,0.09998211711948893,0,12,0.41,0.27,0.0,0.0,0.0,11968512,0,7,4,1,0,sleeping,2679,2652,0,217088,1811558,66538
2025-05-20 03:40:53,19240,2119888896,33366016,0.0,0.09998211711948893,0,12,0.41,0.27,0.0,0.0,0.0,11968512,0,7,4,1,0,sleeping,2681,2654,0,217088,1813472,66602
2025-05-20 03:40:54,19240,2119888896,33366016,0.0,0.09998211711948893,0,12,0.41,0.27,0.0,0.0,0.0,11968512,0,7,4,1,0,sleeping,2684,2657,0,217088,1815394,66674
2025-05-20 03:40:55,19240,2119888896,33366016,0.0,0.09998211711948893,0,12,0.41,0.27,0.0,0.0,0.0,11968512,0,7,4,1,0,sleeping,2687,2660,0,217088,1817316,66746
2025-05-20 03:40:56,19240,2119888896,33366016,0.0,0.09998211711948893,0,12,0.41,0.27,0.0,0.0,0.0,11968512,0,7,4,1,0,sleeping,2689,2662,0,217088,1819230,66810
2025-05-20 03:40:57,19240,2119888896,33366016,0.0,0.09998211711948893,0,12,0.41,0.27,0.0,0.0,0.0,11968512,0,7,4,1,0,sleeping,2694,2668,0,217088,1821168,66930
2025-05-20 03:40:58,19240,2119888896,33366016,0.0,0.09998211711948893,0,12,0.41,0.27,0.0,0.0,0.0,11968512,0,7,4,1,0,sleeping,2697,2671,0,217088,1823090,67002
2025-05-20 03:40:59,19240,2119888896,33366016,0.0,0.09998211711948893,0,12,0.41,0.27,0.0,0.0,0.0,11968512,0,7,4,1,0,sleeping,2701,2675,0,217088,1825020,67082
2025-05-20 03:41:00,19240,2119888896,33366016,0.0,0.09998211711948893,0,12,0.41,0.27,0.0,0.0,0.0,11968512,0,7,4,1,0,sleeping,2704,2678,0,217088,1826942,67154
2025-05-20 03:41:02,19240,2119888896,33366016,0.0,0.09998211711948893,0,12,0.41,0.27,0.0,0.0,0.0,11968512,0,7,4,1,0,sleeping,2710,2683,0,217088,1830786,67266
2025-05-20 03:41:03,19240,2119888896,33366016,0.0,0.09998211711948893,0,12,0.41,0.27,0.0,0.0,0.0,11968512,0,6,4,1,0,sleeping,2713,2687,0,217088,1832708,67370
2025-05-20 03:41:05,19240,2119888896,33366016,0.8,0.09998211711948893,0,12,0.42,0.27,0.0,0.0,0.0,11976704,0,7,4,1,0,sleeping,2719,2692,0,217088,1836552,67482
2025-05-20 03:41:06,19240,2119888896,33366016,0.0,0.09998211711948893,0,12,0.42,0.27,0.0,0.0,0.0,11980800,0,7,4,1,0,sleeping,2722,2695,0,217088,1838474,67554
2025-05-20 03:41:07,19240,2119888896,33366016,0.0,0.09998211711948893,0,12,0.42,0.27,0.0,0.0,0.0,11980800,0,7,4,1,0,sleeping,2725,2698,0,217088,1840396,67626
2025-05-20 03:41:08,19240,2119888896,33366016,0.0,0.09998211711948893,0,12,0.42,0.27,0.0,0.0,0.0,11980800,0,7,4,1,0,sleeping,2727,2700,0,217088,1842309,67690
2025-05-20 03:41:09,19240,2119888896,33366016,0.0,0.09998211711948893,0,12,0.42,0.27,0.0,0.0,0.0,11997184,0,7,4,1,0,sleeping,2730,2704,0,221184,1844230,67794
2025-05-20 03:41:10,19240,2119888896,33366016,0.0,0.09998211711948893,0,12,0.42,0.27,0.0,0.0,0.0,12017664,0,7,4,1,0,sleeping,2734,2708,0,221184,1846160,67874
2025-05-20 03:41:11,19240,2119888896,33366016,0.0,0.09998211711948893,0,12,0.42,0.27,0.0,0.0,0.0,12029952,0,7,4,1,0,sleeping,2737,2711,0,221184,1848082,67946
2025-05-20 03:41:12,19240,2119888896,33366016,0.0,0.09998211711948893,0,12,0.42,0.27,0.0,0.0,0.0,12038144,0,6,4,1,0,sleeping,2740,2714,0,221184,1850004,68018
2025-05-20 03:41:13,19240,2119888896,33366016,0.0,0.09998211711948893,0,12,0.42,0.27,0.0,0.0,0.0,12046336,0,6,4,1,0,sleeping,2744,2718,0,225280,1851934,68098
2025-05-20 03:41:14,19240,2119888896,33366016,0.0,0.09998211711948893,0,12,0.42,0.27,0.0,0.0,0.0,12050432,0,7,4,1,0,sleeping,2748,2723,0,225280,1853864,68210
2025-05-20 03:41:16,19240,2119888896,33366016,0.0,0.09998211711948893,0,12,0.42,0.27,0.0,0.0,0.0,12054528,0,7,4,1,0,sleeping,2751,2726,0,225280,1855786,68282
2025-05-20 03:41:17,19240,2119888896,33366016,0.0,0.09998211711948893,0,12,0.42,0.27,0.0,0.0,0.0,12054528,0,7,4,1,0,sleeping,2755,2728,0,225280,1859614,68346
2025-05-20 03:41:18,19240,2119888896,33366016,0.0,0.09998211711948893,0,12,0.42,0.27,0.0,0.0,0.0,12054528,0,7,4,1,0,sleeping,2758,2731,0,225280,1861536,68418
2025-05-20 03:41:19,19240,2119888896,33366016,0.0,0.09998211711948893,0,12,0.42,0.27,0.0,0.0,0.0,12054528,0,6,4,1,0,sleeping,2760,2733,0,225280,1863450,68482
2025-05-20 03:41:20,19240,2119888896,33366016,0.0,0.09998211711948893,0,12,0.42,0.27,0.0,0.0,0.0,12079104,0,6,4,1,0,sleeping,2763,2736,0,225280,1865372,68554
2025-05-20 03:41:21,19240,2119888896,33366016,0.0,0.09998211711948893,0,12,0.42,0.27,0.0,0.0,0.0,12087296,0,6,4,1,0,sleeping,2766,2740,0,225280,1867294,68658
2025-05-20 03:41:22,19240,2119888896,33366016,0.0,0.09998211711948893,0,12,0.42,0.27,0.0,0.0,0.0,12087296,0,7,4,1,0,sleeping,2769,2743,0,225280,1869216,68730
2025-05-20 03:41:23,19240,2119888896,33366016,0.0,0.09998211711948893,0,12,0.42,0.27,0.0,0.0,0.0,12095488,0,7,4,1,0,sleeping,2772,2746,0,225280,1871138,68802
2025-05-20 03:41:24,19240,2119888896,33497088,0.0,0.10037487770724043,0,12,0.42,0.27,0.0,0.0,0.0,12111872,0,7,4,1,0,sleeping,2775,2749,0,225280,1873060,68874
2025-05-20 03:41:25,19240,2119888896,33497088,0.0,0.10037487770724043,0,12,0.42,0.27,0.0,0.0,0.0,12120064,0,7,4,1,0,sleeping,2778,2752,0,225280,1874982,68946
2025-05-20 03:41:26,19240,2119888896,33497088,0.0,0.10037487770724043,0,12,0.42,0.27,0.0,0.0,0.0,12124160,0,6,4,1,0,sleeping,2781,2756,0,225280,1876904,69050
2025-05-20 03:41:28,19240,2119888896,33497088,0.0,0.10037487770724043,0,12,0.42,0.27,0.0,0.0,0.0,12124160,0,6,4,1,0,sleeping,2785,2760,0,225280,1878834,69130
2025-05-20 03:41:29,19240,2119888896,33497088,0.0,0.10037487770724043,0,12,0.42,0.27,0.0,0.0,0.0,12128256,0,6,4,1,0,sleeping,2790,2763,0,225280,1882669,69202
2025-05-20 03:41:30,19240,2119888896,33497088,0.0,0.10037487770724043,0,12,0.42,0.27,0.0,0.0,0.0,12128256,0,6,4,1,0,sleeping,2793,2766,0,225280,1884590,69274
2025-05-20 03:41:31,19240,2119888896,33497088,0.9,0.10037487770724043,0,12,0.43,0.27,0.0,0.0,0.0,12128256,0,6,4,1,0,sleeping,2796,2769,0,225280,1886512,69346
2025-05-20 03:41:32,19240,2119888896,33497088,0.0,0.10037487770724043,0,12,0.43,0.27,0.0,0.0,0.0,12132352,0,7,4,1,0,sleeping,2799,2772,0,225280,1888434,69418
2025-05-20 03:41:33,19240,2119888896,33497088,0.0,0.10037487770724043,0,12,0.43,0.27,0.0,0.0,0.0,12132352,0,7,4,1,0,sleeping,2804,2778,0,225280,1890372,69538
2025-05-20 03:41:34,19240,2119888896,33497088,0.9,0.10037487770724043,0,12,0.43,0.28,0.0,0.0,0.0,12132352,0,6,4,1,0,sleeping,2807,2781,0,225280,1892294,69610
2025-05-20 03:41:35,19240,2119888896,33497088,0.0,0.10037487770724043,0,12,0.43,0.28,0.0,0.0,0.0,12132352,0,6,4,1,0,sleeping,2810,2784,0,225280,1894216,69682
2025-05-20 03:41:36,19240,2119888896,33497088,0.0,0.10037487770724043,0,12,0.43,0.28,0.0,0.0,0.0,12132352,0,7,4,1,0,sleeping,2814,2788,0,225280,1896146,69762
2025-05-20 03:41:37,19240,2119888896,33497088,0.0,0.10037487770724043,0,12,0.43,0.28,0.0,0.0,0.0,12132352,0,7,4,1,0,sleeping,2817,2791,0,225280,1898068,69834
2025-05-20 03:41:38,19240,2119888896,33497088,0.0,0.10037487770724043,0,12,0.43,0.28,0.0,0.0,0.0,12132352,0,7,4,1,0,sleeping,2822,2797,0,225280,1900006,69954
2025-05-20 03:41:40,19240,2119888896,33497088,0.0,0.10037487770724043,0,12,0.43,0.28,0.0,0.0,0.0,12132352,0,7,4,1,0,sleeping,2824,2799,0,229376,1901920,70018
2025-05-20 03:41:41,19240,2119888896,33497088,0.0,0.10037487770724043,0,12,0.43,0.28,0.0,0.0,0.0,12132352,0,6,4,1,0,sleeping,2829,2802,0,229376,1905756,70090
2025-05-20 03:41:42,19240,2119888896,33497088,0.0,0.10037487770724043,0,12,0.43,0.28,0.0,0.0,0.0,12132352,0,6,4,1,0,sleeping,2832,2805,0,229376,1907678,70162
2025-05-20 03:41:43,19240,2119888896,33497088,0.0,0.10037487770724043,0,12,0.43,0.28,0.0,0.0,0.0,12132352,0,6,4,1,0,sleeping,2834,2807,0,229376,1909592,70226
2025-05-20 03:41:44,19240,2119888896,33497088,0.0,0.10037487770724043,0,12,0.43,0.28,0.0,0.0,0.0,12132352,0,6,4,1,0,sleeping,2838,2812,0,229376,1911522,70338
2025-05-20 03:41:45,19240,2119888896,33497088,0.0,0.10037487770724043,0,12,0.43,0.28,0.0,0.0,0.0,12132352,0,6,4,1,0,sleeping,2840,2814,0,229376,1913436,70402
2025-05-20 03:41:46,19240,2119888896,33497088,0.0,0.10037487770724043,0,12,0.43,0.28,0.0,0.0,0.0,12132352,0,6,4,1,0,sleeping,2843,2817,0,229376,1915358,70474
2025-05-20 03:41:47,19240,2119888896,33497088,0.0,0.10037487770724043,0,12,0.43,0.28,0.0,0.0,0.0,12132352,0,6,4,1,0,sleeping,2845,2819,0,229376,1917272,70538
2025-05-20 03:41:48,19240,2119888896,33497088,0.0,0.10037487770724043,0,12,0.43,0.28,0.0,0.0,0.0,12132352,0,7,4,1,0,sleeping,2847,2821,0,229376,1919186,70602
2025-05-20 03:41:49,19240,2119888896,33497088,0.0,0.10037487770724043,0,12,0.43,0.28,0.0,0.0,0.0,12132352,0,6,4,1,0,sleeping,2851,2825,0,229376,1921116,70682
2025-05-20 03:41:51,19240,2119888896,33497088,0.0,0.10037487770724043,0,12,0.43,0.28,0.0,0.0,0.0,12132352,0,6,4,1,0,sleeping,2854,2829,0,229376,1923038,70786
2025-05-20 03:41:52,19240,2119888896,33497088,0.0,0.10037487770724043,0,12,0.43,0.28,0.0,0.0,0.0,12132352,0,6,4,1,0,sleeping,2857,2832,0,229376,1924960,70858
2025-05-20 03:41:53,19240,2119888896,33497088,0.0,0.10037487770724043,0,12,0.43,0.28,0.0,0.0,0.0,12132352,0,6,4,1,0,sleeping,2862,2835,0,229376,1928796,70930
2025-05-20 03:41:54,19240,2119888896,33497088,0.0,0.10037487770724043,0,12,0.43,0.28,0.0,0.0,0.0,12132352,0,6,4,1,0,sleeping,2865,2838,0,229376,1930717,71002
2025-05-20 03:41:55,19240,2119888896,33497088,0.0,0.10037487770724043,0,12,0.43,0.28,0.0,0.0,0.0,12132352,0,6,4,1,0,sleeping,2868,2841,0,229376,1932638,71074
2025-05-20 03:41:56,19240,2119888896,33497088,0.0,0.10037487770724043,0,12,0.43,0.28,0.0,0.0,0.0,12132352,0,6,4,1,0,sleeping,2872,2846,0,229376,1934568,71186
2025-05-20 03:41:57,19240,2119888896,33497088,0.0,0.10037487770724043,0,12,0.43,0.28,0.0,0.0,0.0,12132352,0,6,4,1,0,sleeping,2875,2849,0,229376,1936490,71258
2025-05-20 03:41:58,19240,2119888896,33497088,0.0,0.10037487770724043,0,12,0.43,0.28,0.0,0.0,0.0,12132352,0,7,4,1,0,sleeping,2878,2852,0,229376,1938412,71330
2025-05-20 03:41:59,19240,2119888896,33497088,0.0,0.10037487770724043,0,12,0.43,0.28,0.0,0.0,0.0,12132352,0,6,4,1,0,sleeping,2881,2855,0,229376,1940334,71402
2025-05-20 03:42:00,19240,2119888896,33497088,0.0,0.10037487770724043,0,12,0.43,0.28,0.0,0.0,0.0,12132352,0,6,4,1,0,sleeping,2884,2858,0,229376,1942256,71474
2025-05-20 03:42:01,19240,2119888896,33497088,0.0,0.10037487770724043,0,12,0.43,0.28,0.0,0.0,0.0,12132352,0,6,4,1,0,sleeping,2888,2862,0,229376,1944185,71554
2025-05-20 03:42:03,19240,2119888896,33497088,0.9,0.10037487770724043,0,12,0.44,0.28,0.0,0.0,0.0,12132352,0,6,4,1,0,sleeping,2891,2866,0,229376,1946106,71658
2025-05-20 03:42:04,19240,2119888896,33497088,0.0,0.10037487770724043,0,12,0.44,0.28,0.0,0.0,0.0,12132352,0,6,4,1,0,sleeping,2893,2868,0,229376,1948020,71722
2025-05-20 03:42:05,19240,2119888896,33497088,0.0,0.10037487770724043,0,12,0.44,0.28,0.0,0.0,0.0,12066816,0,7,4,1,0,sleeping,2900,2873,0,229376,1951872,71810
2025-05-20 03:42:06,19240,2119888896,33497088,0.0,0.10037487770724043,0,12,0.44,0.28,0.0,0.0,0.0,12066816,0,7,4,1,0,sleeping,2902,2875,0,229376,1953786,71874
2025-05-20 03:42:07,19240,2119888896,33497088,0.0,0.10037487770724043,0,12,0.44,0.28,0.0,0.0,0.0,12066816,0,7,4,1,0,sleeping,2904,2877,0,229376,1955700,71938
2025-05-20 03:42:08,19240,2119888896,33497088,0.0,0.10037487770724043,0,12,0.44,0.28,0.0,0.0,0.0,12066816,0,6,4,1,0,sleeping,2906,2880,0,229376,1957614,72034
2025-05-20 03:42:09,19240,2119888896,33497088,0.0,0.10037487770724043,0,12,0.44,0.28,0.0,0.0,0.0,12066816,0,6,4,1,0,sleeping,2909,2883,0,229376,1959536,72106
2025-05-20 03:42:10,19240,2119888896,33497088,0.0,0.10037487770724043,0,12,0.44,0.28,0.0,0.0,0.0,12066816,0,6,4,1,0,sleeping,2911,2885,0,233472,1961450,72170
2025-05-20 03:42:11,19240,2119888896,33497088,0.0,0.10037487770724043,0,12,0.44,0.28,0.0,0.0,0.0,12066816,0,5,4,1,0,sleeping,2913,2887,0,233472,1963364,72234
2025-05-20 03:42:12,19240,2119888896,33497088,0.0,0.10037487770724043,0,12,0.44,0.28,0.0,0.0,0.0,12066816,0,5,3,1,0,sleeping,2916,2890,0,233472,1965286,72306
2025-05-20 03:42:13,19240,2119888896,33497088,0.0,0.10037487770724043,0,12,0.44,0.28,0.0,0.0,0.0,12066816,0,5,3,1,0,sleeping,2919,2893,0,233472,1967208,72378
2025-05-20 03:42:15,19240,2119888896,33497088,0.0,0.10037487770724043,0,12,0.44,0.28,0.0,0.0,0.0,12066816,0,5,3,1,0,sleeping,2921,2896,0,233472,1969122,72474
2025-05-20 03:42:16,19240,2119888896,33497088,0.0,0.10037487770724043,0,12,0.44,0.28,0.0,0.0,0.0,12066816,0,6,3,1,0,sleeping,2926,2901,0,233472,1971060,72562
2025-05-20 03:42:17,19240,2119888896,33497088,0.0,0.10037487770724043,0,12,0.44,0.28,0.0,0.0,0.0,12066816,0,6,3,1,0,sleeping,2931,2904,0,233472,1974896,72634
2025-05-20 03:42:18,19240,2119888896,33497088,0.0,0.10037487770724043,0,12,0.44,0.28,0.0,0.0,0.0,12066816,0,6,3,1,0,sleeping,2934,2907,0,237568,1976818,72706
2025-05-20 03:42:19,19240,2119888896,33497088,0.0,0.10037487770724043,0,12,0.44,0.28,0.0,0.0,0.0,12066816,0,6,4,1,0,sleeping,2936,2909,0,237568,1978732,72770
2025-05-20 03:42:20,19240,2119888896,33497088,0.0,0.10037487770724043,0,12,0.44,0.28,0.0,0.0,0.0,12066816,0,7,4,1,0,sleeping,2939,2913,0,237568,1980656,72874
2025-05-20 03:42:21,19240,2119888896,33497088,0.0,0.10037487770724043,0,12,0.44,0.28,0.0,0.0,0.0,12066816,0,6,4,1,0,sleeping,2942,2916,0,237568,1982580,72946
2025-05-20 03:42:22,19240,2119888896,33497088,0.0,0.10037487770724043,0,12,0.44,0.28,0.0,0.0,0.0,12066816,0,7,4,1,0,sleeping,2945,2919,0,237568,1984505,73018
2025-05-20 03:42:23,19240,2119888896,33497088,0.0,0.10037487770724043,0,12,0.44,0.28,0.0,0.0,0.0,12066816,0,6,4,1,0,sleeping,2947,2922,0,237568,1986422,73114
2025-05-20 03:42:25,19240,2119888896,33497088,0.0,0.10037487770724043,0,12,0.44,0.28,0.0,0.0,0.0,12066816,0,5,3,1,0,sleeping,2950,2925,0,237568,1988347,73186
2025-05-20 03:42:26,19240,2119888896,33497088,0.0,0.10037487770724043,0,12,0.44,0.28,0.0,0.0,0.0,12066816,0,5,3,1,0,sleeping,2952,2927,0,237568,1990264,73250
2025-05-20 03:42:27,19240,2119888896,33497088,0.9,0.10037487770724043,0,12,0.45,0.28,0.0,0.0,0.0,12066816,0,6,3,1,0,sleeping,2958,2931,0,237568,1994114,73330
2025-05-20 03:42:28,19240,2119888896,33497088,0.0,0.10037487770724043,0,12,0.45,0.28,0.0,0.0,0.0,12066816,0,5,3,1,0,sleeping,2961,2934,0,237568,1996039,73402
2025-05-20 03:42:29,19240,2119888896,33497088,0.0,0.10037487770724043,0,12,0.45,0.28,0.0,0.0,0.0,12066816,0,6,3,1,0,sleeping,2964,2937,0,237568,1997964,73474
2025-05-20 03:42:30,19240,2119888896,33497088,0.0,0.10037487770724043,0,12,0.45,0.28,0.0,0.0,0.0,12066816,0,6,3,1,0,sleeping,2966,2940,0,237568,1999881,73570
2025-05-20 03:42:31,19240,2119888896,33497088,0.0,0.10037487770724043,0,12,0.45,0.28,0.0,0.0,0.0,12066816,0,6,3,1,0,sleeping,2969,2943,0,237568,2001806,73642
2025-05-20 03:42:32,19240,2119888896,33497088,0.0,0.10037487770724043,0,12,0.45,0.28,0.0,0.0,0.0,12066816,0,6,3,1,0,sleeping,2973,2947,0,237568,2003739,73722
2025-05-20 03:42:33,19240,2119888896,33497088,0.0,0.10037487770724043,0,12,0.45,0.28,0.0,0.0,0.0,12066816,0,6,4,1,0,sleeping,2975,2949,0,237568,2005658,73786
2025-05-20 03:42:34,19240,2119888896,33497088,0.0,0.10037487770724043,0,12,0.45,0.28,0.0,0.0,0.0,12066816,0,5,4,1,0,sleeping,2977,2951,0,237568,2007577,73850
2025-05-20 03:42:36,19240,2119888896,33497088,0.0,0.10037487770724043,0,12,0.45,0.28,0.0,0.0,0.0,12066816,0,6,4,1,0,sleeping,2981,2956,0,241664,2009512,73962
2025-05-20 03:42:37,19240,2119888896,33497088,0.9,0.10037487770724043,0,12,0.45,0.29,0.0,0.0,0.0,12066816,0,6,4,1,0,sleeping,2984,2959,0,241664,2011439,74034
2025-05-20 03:42:38,19240,2119888896,33497088,0.0,0.10037487770724043,0,12,0.45,0.29,0.0,0.0,0.0,12066816,0,6,4,1,0,sleeping,2988,2963,0,241664,2013373,74114
2025-05-20 03:42:39,19240,2119888896,33497088,0.0,0.10037487770724043,0,12,0.45,0.29,0.0,0.0,0.0,12066816,0,7,4,1,0,sleeping,2993,2966,0,241664,2017218,74186
2025-05-20 03:42:40,19240,2119888896,33497088,0.0,0.10037487770724043,0,12,0.45,0.29,0.0,0.0,0.0,12070912,0,7,4,1,0,sleeping,2996,2969,0,241664,2019145,74258
2025-05-20 03:42:41,19240,2119888896,33497088,0.0,0.10037487770724043,0,12,0.45,0.29,0.0,0.0,0.0,12070912,0,7,4,1,0,sleeping,2999,2972,0,241664,2021072,74330
2025-05-20 03:42:42,19240,2119888896,33497088,0.0,0.10037487770724043,0,12,0.45,0.29,0.0,0.0,0.0,12070912,0,7,4,1,0,sleeping,3003,2977,0,241664,2023007,74442
2025-05-20 03:42:43,19240,2119888896,33497088,0.0,0.10037487770724043,0,12,0.45,0.29,0.0,0.0,0.0,12070912,0,7,4,1,0,sleeping,3007,2981,0,241664,2024941,74522
2025-05-20 03:42:44,19240,2119888896,33497088,0.0,0.10037487770724043,0,12,0.45,0.29,0.0,0.0,0.0,12070912,0,7,4,1,0,sleeping,3011,2985,0,241664,2026875,74602
2025-05-20 03:42:45,19240,2119888896,33497088,0.0,0.10037487770724043,0,12,0.45,0.29,0.0,0.0,0.0,12070912,0,7,4,1,0,sleeping,3014,2988,0,241664,2028802,74674
2025-05-20 03:42:46,19240,2119888896,33497088,0.0,0.10037487770724043,0,12,0.45,0.29,0.0,0.0,0.0,12070912,0,6,3,1,0,sleeping,3017,2991,0,241664,2030729,74746
2025-05-20 03:42:47,19240,2119888896,33497088,0.0,0.10037487770724043,0,12,0.45,0.29,0.0,0.0,0.0,12070912,0,6,3,1,0,sleeping,3020,2995,0,241664,2032656,74850
2025-05-20 03:42:49,19240,2119888896,33497088,0.0,0.10037487770724043,0,12,0.45,0.29,0.0,0.0,0.0,12070912,0,6,3,1,0,sleeping,3022,2997,0,241664,2034575,74914
2025-05-20 03:42:50,19240,2119888896,33497088,0.0,0.10037487770724043,0,12,0.45,0.29,0.0,0.0,0.0,12070912,0,7,4,1,0,sleeping,3026,3001,0,241664,2036509,74994
2025-05-20 03:42:51,19240,2119888896,33497088,0.0,0.10037487770724043,0,12,0.45,0.29,0.0,0.0,0.0,12070912,0,7,4,1,0,sleeping,3030,3003,0,241664,2040346,75058
2025-05-20 03:42:52,19240,2119888896,33497088,0.9,0.10037487770724043,0,12,0.46,0.29,0.0,0.0,0.0,12070912,0,7,4,1,0,sleeping,3033,3006,0,241664,2042273,75130
2025-05-20 03:42:53,19240,2119888896,33497088,0.0,0.10037487770724043,0,12,0.46,0.29,0.0,0.0,0.0,12070912,0,6,3,1,0,sleeping,3036,3009,0,241664,2044200,75202
2025-05-20 03:42:54,19240,2119888896,33497088,0.0,0.10037487770724043,0,12,0.46,0.29,0.0,0.0,0.0,12070912,0,7,4,1,0,sleeping,3039,3013,0,241664,2046127,75306
2025-05-20 03:42:55,19240,2119888896,33497088,0.0,0.10037487770724043,0,12,0.46,0.29,0.0,0.0,0.0,12070912,0,7,4,1,0,sleeping,3041,3015,0,241664,2048045,75370
2025-05-20 03:42:56,19240,2119888896,33497088,0.0,0.10037487770724043,0,12,0.46,0.29,0.0,0.0,0.0,12070912,0,6,4,1,0,sleeping,3043,3017,0,241664,2049964,75434
2025-05-20 03:42:57,19240,2119888896,33497088,0.0,0.10037487770724043,0,12,0.46,0.29,0.0,0.0,0.0,12070912,0,7,4,1,0,sleeping,3046,3020,0,241664,2051891,75506
2025-05-20 03:42:58,19240,2119888896,33497088,0.0,0.10037487770724043,0,12,0.46,0.29,0.0,0.0,0.0,12070912,0,7,4,1,0,sleeping,3049,3023,0,241664,2053817,75578
2025-05-20 03:43:00,19240,2119888896,33497088,0.0,0.10037487770724043,0,12,0.46,0.29,0.0,0.0,0.0,12070912,0,8,4,1,0,sleeping,3052,3027,0,241664,2055744,75682
2025-05-20 03:43:01,19240,2119888896,33497088,0.0,0.10037487770724043,0,12,0.46,0.29,0.0,0.0,0.0,12070912,0,8,4,1,0,sleeping,3058,3031,0,241664,2059600,75762
2025-05-20 03:43:02,19240,2119888896,33497088,0.0,0.10037487770724043,0,12,0.46,0.29,0.0,0.0,0.0,12070912,0,8,4,1,0,sleeping,3063,3037,0,241664,2061544,75882
2025-05-20 03:43:04,19240,2119888896,33497088,0.0,0.10037487770724043,0,12,0.46,0.29,0.0,0.0,0.0,12070912,0,6,3,1,0,sleeping,3067,3042,0,241664,2063480,75994
2025-05-20 03:43:05,19240,2119888896,33497088,0.0,0.10037487770724043,0,12,0.46,0.29,0.0,0.0,0.0,12070912,0,5,3,1,0,sleeping,3072,3045,0,241664,2067328,76066
2025-05-20 03:43:06,19240,2119888896,33497088,0.0,0.10037487770724043,0,12,0.46,0.29,0.0,0.0,0.0,12070912,0,6,3,1,0,sleeping,3074,3047,0,241664,2069248,76130
2025-05-20 03:43:07,19240,2119888896,33497088,0.0,0.10037487770724043,0,12,0.46,0.29,0.0,0.0,0.0,12070912,0,7,4,1,0,sleeping,3076,3050,0,245760,2071168,76226
2025-05-20 03:43:08,19240,2119888896,33497088,0.0,0.10037487770724043,0,12,0.46,0.29,0.0,0.0,0.0,12070912,0,7,4,1,0,sleeping,3079,3053,0,245760,2073096,76298
2025-05-20 03:43:09,19240,2119888896,33497088,0.0,0.10037487770724043,0,12,0.46,0.29,0.0,0.0,0.0,12070912,0,5,3,1,0,sleeping,3081,3055,0,245760,2075016,76362
2025-05-20 03:43:10,19240,2119888896,33497088,0.0,0.10037487770724043,0,12,0.46,0.29,0.0,0.0,0.0,12070912,0,5,3,1,0,sleeping,3084,3058,0,245760,2076944,76434
2025-05-20 03:43:11,19240,2119888896,33497088,0.0,0.10037487770724043,0,12,0.46,0.29,0.0,0.0,0.0,12070912,0,5,3,1,0,sleeping,3086,3060,0,245760,2078864,76498
2025-05-20 03:43:12,19240,2119888896,33497088,0.0,0.10037487770724043,0,12,0.46,0.29,0.0,0.0,0.0,12070912,0,5,3,1,0,sleeping,3088,3062,0,245760,2080784,76562
2025-05-20 03:43:14,19240,2119888896,33497088,0.0,0.10037487770724043,0,12,0.46,0.29,0.0,0.0,0.0,12070912,0,4,3,1,0,sleeping,3090,3065,0,245760,2082704,76658
2025-05-20 03:43:15,19240,2119888896,33497088,0.9,0.10037487770724043,0,12,0.47,0.29,0.0,0.0,0.0,12070912,0,5,3,1,0,sleeping,3092,3067,0,245760,2084624,76722
2025-05-20 03:43:16,19240,2119888896,33497088,0.0,0.10037487770724043,0,12,0.47,0.29,0.0,0.0,0.0,12070912,0,6,4,1,0,sleeping,3095,3070,0,245760,2086552,76794
2025-05-20 03:43:17,19240,2119888896,33497088,0.0,0.10037487770724043,0,12,0.47,0.29,0.0,0.0,0.0,12079104,0,6,4,1,0,sleeping,3100,3073,0,245760,2090401,76866
2025-05-20 03:43:18,19240,2119888896,33497088,0.0,0.10037487770724043,0,12,0.47,0.29,0.0,0.0,0.0,12079104,0,6,4,1,0,sleeping,3102,3075,0,245760,2092322,76930
2025-05-20 03:43:19,19240,2119888896,33497088,0.0,0.10037487770724043,0,12,0.47,0.29,0.0,0.0,0.0,12079104,0,6,4,1,0,sleeping,3104,3078,0,245760,2094243,77026
2025-05-20 03:43:20,19240,2119888896,33497088,0.0,0.10037487770724043,0,12,0.47,0.29,0.0,0.0,0.0,12079104,0,6,4,1,0,sleeping,3106,3080,0,245760,2096164,77090
2025-05-20 03:43:21,19240,2119888896,33497088,0.0,0.10037487770724043,0,12,0.47,0.29,0.0,0.0,0.0,12079104,0,6,4,1,0,sleeping,3109,3083,0,249856,2098093,77162
2025-05-20 03:43:22,19240,2119888896,33497088,0.0,0.10037487770724043,0,12,0.47,0.29,0.0,0.0,0.0,12079104,0,5,3,1,0,sleeping,3112,3086,0,249856,2100022,77234
2025-05-20 03:43:23,19240,2119888896,33497088,0.0,0.10037487770724043,0,12,0.47,0.29,0.0,0.0,0.0,12079104,0,5,3,1,0,sleeping,3115,3089,0,249856,2101951,77306
2025-05-20 03:43:24,19240,2119888896,33497088,0.0,0.10037487770724043,0,12,0.47,0.29,0.0,0.0,0.0,12079104,0,7,4,1,0,sleeping,3117,3091,0,249856,2103872,77370
2025-05-20 03:43:26,19240,2119888896,33497088,0.0,0.10037487770724043,0,12,0.47,0.29,0.0,0.0,0.0,12079104,0,6,4,1,0,sleeping,3119,3094,0,249856,2105793,77466
2025-05-20 03:43:27,19240,2119888896,33497088,0.0,0.10037487770724043,0,12,0.47,0.29,0.0,0.0,0.0,12079104,0,5,3,1,0,sleeping,3122,3097,0,249856,2107722,77538
2025-05-20 03:43:28,19240,2119888896,33497088,0.0,0.10037487770724043,0,12,0.47,0.29,0.0,0.0,0.0,12079104,0,5,3,1,0,sleeping,3124,3099,0,249856,2109643,77602
2025-05-20 03:43:29,19240,2119888896,33497088,0.0,0.10037487770724043,0,12,0.47,0.29,0.0,0.0,0.0,12079104,0,6,4,1,0,sleeping,3128,3101,0,249856,2113482,77666
2025-05-20 03:43:30,19240,2119888896,33497088,0.0,0.10037487770724043,0,12,0.47,0.29,0.0,0.0,0.0,12079104,0,6,4,1,0,sleeping,3130,3103,0,249856,2115402,77730
2025-05-20 03:43:31,19240,2119888896,33497088,0.0,0.10037487770724043,0,12,0.47,0.29,0.0,0.0,0.0,12083200,0,6,4,1,0,sleeping,3133,3107,0,249856,2117331,77834
2025-05-20 03:43:32,19240,2119888896,33497088,0.0,0.10037487770724043,0,12,0.47,0.29,0.0,0.0,0.0,12083200,0,6,4,1,0,sleeping,3135,3109,0,249856,2119252,77898
2025-05-20 03:43:33,19240,2119888896,33497088,0.9,0.10037487770724043,0,12,0.47,0.3,0.0,0.0,0.0,12083200,0,6,4,1,0,sleeping,3137,3111,0,249856,2121173,77962
2025-05-20 03:43:34,19240,2119888896,33497088,0.0,0.10037487770724043,0,12,0.47,0.3,0.0,0.0,0.0,12083200,0,6,4,1,0,sleeping,3139,3113,0,249856,2123094,78026
2025-05-20 03:43:35,19240,2119888896,33497088,0.0,0.10037487770724043,0,12,0.47,0.3,0.0,0.0,0.0,12083200,0,6,4,1,0,sleeping,3141,3115,0,249856,2125015,78090
2025-05-20 03:43:36,19240,2119888896,33497088,0.0,0.10037487770724043,0,12,0.47,0.3,0.0,0.0,0.0,12083200,0,6,4,1,0,sleeping,3143,3117,0,249856,2126936,78154
2025-05-20 03:43:38,19240,2119888896,33497088,0.0,0.10037487770724043,0,12,0.47,0.3,0.0,0.0,0.0,12083200,0,6,4,1,0,sleeping,3146,3121,0,253952,2128865,78258
2025-05-20 03:43:39,19240,2119888896,33497088,0.0,0.10037487770724043,0,12,0.47,0.3,0.0,0.0,0.0,12115968,0,6,4,1,0,sleeping,3148,3123,0,253952,2130786,78322
2025-05-20 03:43:40,19240,2119888896,33497088,0.0,0.10037487770724043,0,12,0.47,0.3,0.0,0.0,0.0,12115968,0,6,4,1,0,sleeping,3151,3126,0,253952,2132715,78394
2025-05-20 03:43:41,19240,2119888896,33497088,0.0,0.10037487770724043,0,12,0.47,0.3,0.0,0.0,0.0,12115968,0,6,4,1,0,sleeping,3154,3129,0,253952,2134644,78466
2025-05-20 03:43:42,19240,2119888896,33497088,0.9,0.10037487770724043,0,12,0.48,0.3,0.0,0.0,0.0,12115968,0,6,4,1,0,sleeping,3158,3131,0,253952,2138486,78530
2025-05-20 03:43:43,19240,2119888896,33497088,0.0,0.10037487770724043,0,12,0.48,0.3,0.0,0.0,0.0,12115968,0,6,4,1,0,sleeping,3162,3136,0,253952,2140423,78642
2025-05-20 03:43:44,19240,2119888896,33497088,0.0,0.10037487770724043,0,12,0.48,0.3,0.0,0.0,0.0,12115968,0,6,4,1,0,sleeping,3165,3139,0,253952,2142351,78714
2025-05-20 03:43:45,19240,2119888896,33497088,0.0,0.10037487770724043,0,12,0.48,0.3,0.0,0.0,0.0,12111872,0,5,3,1,0,sleeping,3167,3141,0,253952,2144273,78778
2025-05-20 03:43:46,19240,2119888896,33497088,0.0,0.10037487770724043,0,12,0.48,0.3,0.0,0.0,0.0,12111872,0,5,3,1,0,sleeping,3170,3144,0,253952,2146203,78850
2025-05-20 03:43:47,19240,2119888896,33497088,0.0,0.10037487770724043,0,12,0.48,0.3,0.0,0.0,0.0,12111872,0,5,3,1,0,sleeping,3173,3147,0,253952,2148133,78922
2025-05-20 03:43:49,19240,2119888896,33497088,0.0,0.10037487770724043,0,12,0.48,0.3,0.0,0.0,0.0,12111872,0,6,4,1,0,sleeping,3176,3151,0,253952,2150064,79026
2025-05-20 03:43:50,19240,2119888896,33497088,0.0,0.10037487770724043,0,12,0.48,0.3,0.0,0.0,0.0,12111872,0,6,4,1,0,sleeping,3179,3154,0,253952,2151995,79098
2025-05-20 03:43:51,19240,2119888896,33497088,0.0,0.10037487770724043,0,12,0.48,0.3,0.0,0.0,0.0,12111872,0,6,4,1,0,sleeping,3182,3157,0,253952,2153926,79170
2025-05-20 03:43:52,19240,2119888896,33497088,0.0,0.10037487770724043,0,12,0.48,0.3,0.0,0.0,0.0,12111872,0,5,3,1,0,sleeping,3185,3160,0,253952,2155857,79242
2025-05-20 03:43:53,19240,2119888896,33497088,0.0,0.10037487770724043,0,12,0.48,0.3,0.0,0.0,0.0,12111872,0,5,3,1,0,sleeping,3188,3163,0,253952,2157788,79314
2025-05-20 03:43:54,19240,2119888896,33497088,0.0,0.10037487770724043,0,12,0.48,0.3,0.0,0.0,0.0,12111872,0,6,4,1,0,sleeping,3194,3167,0,253952,2161650,79394
2025-05-20 03:43:55,19240,2119888896,33497088,0.0,0.10037487770724043,0,12,0.48,0.3,0.0,0.0,0.0,12111872,0,6,4,1,0,sleeping,3197,3171,0,253952,2163581,79498
2025-05-20 03:43:56,19240,2119888896,33497088,0.0,0.10037487770724043,0,12,0.48,0.3,0.0,0.0,0.0,12111872,0,6,4,1,0,sleeping,3199,3173,0,253952,2165504,79562
2025-05-20 03:43:57,19240,2119888896,33497088,0.0,0.10037487770724043,0,12,0.48,0.3,0.0,0.0,0.0,12111872,0,6,4,1,0,sleeping,3201,3175,0,253952,2167427,79626
2025-05-20 03:43:58,19240,2119888896,33497088,0.0,0.10037487770724043,0,12,0.48,0.3,0.0,0.0,0.0,12111872,0,6,4,1,0,sleeping,3204,3178,0,253952,2169357,79698
2025-05-20 03:43:59,19240,2119888896,33497088,0.0,0.10037487770724043,0,12,0.48,0.3,0.0,0.0,0.0,12111872,0,6,4,1,0,sleeping,3206,3180,0,253952,2171279,79762
2025-05-20 03:44:00,19240,2119888896,33497088,0.0,0.10037487770724043,0,12,0.48,0.3,0.0,0.0,0.0,12111872,0,6,4,1,0,sleeping,3209,3184,0,253952,2173210,79866
2025-05-20 03:44:02,19240,2119888896,33497088,0.0,0.10037487770724043,0,12,0.48,0.3,0.0,0.0,0.0,12111872,0,6,4,1,0,sleeping,3212,3187,0,253952,2175141,79938
2025-05-20 03:44:03,19240,2119888896,33497088,0.0,0.10037487770724043,0,12,0.48,0.3,0.0,0.0,0.0,12111872,0,6,4,1,0,sleeping,3215,3190,0,253952,2177072,80010
2025-05-20 03:44:04,19240,2119888896,33497088,0.0,0.10037487770724043,0,12,0.48,0.3,0.0,0.0,0.0,12111872,0,6,4,1,0,sleeping,3218,3193,0,253952,2179003,80082
2025-05-20 03:44:05,19240,2119888896,33497088,0.0,0.10037487770724043,0,12,0.48,0.3,0.0,0.0,0.0,12111872,0,6,4,1,0,sleeping,3221,3196,0,253952,2180934,80154
2025-05-20 03:44:06,19240,2119888896,33497088,0.0,0.10037487770724043,0,12,0.48,0.3,0.0,0.0,0.0,12111872,0,6,4,1,0,sleeping,3225,3198,0,253952,2184780,80218
2025-05-20 03:44:07,19240,2119888896,33497088,0.0,0.10037487770724043,0,12,0.48,0.3,0.0,0.0,0.0,12111872,0,6,4,1,0,sleeping,3228,3202,0,253952,2186711,80322
2025-05-20 03:44:08,19240,2119888896,33497088,0.0,0.10037487770724043,0,12,0.48,0.3,0.0,0.0,0.0,12111872,0,5,3,1,0,sleeping,3230,3204,0,258048,2188634,80386
2025-05-20 03:44:09,19240,2119888896,33497088,0.9,0.10037487770724043,0,12,0.49,0.3,0.0,0.0,0.0,12111872,0,5,3,1,0,sleeping,3232,3206,0,258048,2190557,80450
2025-05-20 03:44:10,19240,2119888896,33497088,0.0,0.10037487770724043,0,12,0.49,0.3,0.0,0.0,0.0,12111872,0,5,3,1,0,sleeping,3234,3208,0,258048,2192479,80514
2025-05-20 03:44:11,19240,2119888896,33497088,0.0,0.10037487770724043,0,12,0.49,0.3,0.0,0.0,0.0,12111872,0,6,4,1,0,sleeping,3237,3211,0,258048,2194409,80586
2025-05-20 03:44:13,19240,2119888896,33497088,0.0,0.10037487770724043,0,12,0.49,0.3,0.0,0.0,0.0,12111872,0,7,4,1,0,sleeping,3240,3215,0,258048,2196340,80690
2025-05-20 03:44:14,19240,2119888896,33497088,0.0,0.10037487770724043,0,12,0.49,0.3,0.0,0.0,0.0,12111872,0,7,4,1,0,sleeping,3243,3218,0,258048,2198271,80762
2025-05-20 03:44:15,19240,2119888896,33497088,0.0,0.10037487770724043,0,12,0.49,0.3,0.0,0.0,0.0,12111872,0,7,4,1,0,sleeping,3246,3221,0,258048,2200202,80834
2025-05-20 03:44:16,19240,2119888896,33497088,0.0,0.10037487770724043,0,12,0.49,0.3,0.0,0.0,0.0,12111872,0,7,4,1,0,sleeping,3248,3223,0,258048,2202125,80898
2025-05-20 03:44:17,19240,2119888896,33497088,0.0,0.10037487770724043,0,12,0.49,0.3,0.0,0.0,0.0,12111872,0,6,4,1,0,sleeping,3251,3226,0,258048,2204056,80970
2025-05-20 03:44:18,19240,2119888896,33497088,0.0,0.10037487770724043,0,12,0.49,0.3,0.0,0.0,0.0,12120064,0,6,4,1,0,sleeping,3255,3228,0,258048,2207902,81034
2025-05-20 03:44:19,19240,2119888896,33628160,0.0,0.10076763829499193,0,12,0.49,0.3,0.0,0.0,0.0,12128256,0,7,4,1,0,sleeping,3257,3231,0,258048,2209825,81130
2025-05-20 03:44:20,19240,2119888896,33628160,0.0,0.10076763829499193,0,12,0.49,0.3,0.0,0.0,0.0,12128256,0,6,4,1,0,sleeping,3260,3234,0,258048,2211756,81202
2025-05-20 03:44:21,19240,2119888896,33628160,0.0,0.10076763829499193,0,12,0.49,0.3,0.0,0.0,0.0,12128256,0,5,3,1,0,sleeping,3262,3236,0,258048,2213679,81266
2025-05-20 03:44:22,19240,2119888896,33628160,0.0,0.10076763829499193,0,12,0.49,0.3,0.0,0.0,0.0,12136448,0,5,3,1,0,sleeping,3265,3239,0,258048,2215610,81338
2025-05-20 03:44:23,19240,2119888896,33628160,0.0,0.10076763829499193,0,12,0.49,0.3,0.0,0.0,0.0,12136448,0,6,3,1,0,sleeping,3268,3242,0,258048,2217541,81410
2025-05-20 03:44:25,19240,2119888896,33628160,0.0,0.10076763829499193,0,12,0.49,0.3,0.0,0.0,0.0,12136448,0,6,4,1,0,sleeping,3272,3247,0,258048,2219480,81522
2025-05-20 03:44:26,19240,2119888896,33628160,0.0,0.10076763829499193,0,12,0.49,0.3,0.0,0.0,0.0,12136448,0,6,4,1,0,sleeping,3275,3250,0,262144,2221411,81594
2025-05-20 03:44:27,19240,2119888896,33628160,0.0,0.10076763829499193,0,12,0.49,0.3,0.0,0.0,0.0,12136448,0,6,4,1,0,sleeping,3278,3253,0,262144,2223342,81666
2025-05-20 03:44:28,19240,2119888896,33628160,0.0,0.10076763829499193,0,12,0.49,0.3,0.0,0.0,0.0,12140544,0,5,4,1,0,sleeping,3282,3257,0,262144,2225281,81746
2025-05-20 03:44:29,19240,2119888896,33628160,0.0,0.10076763829499193,0,12,0.49,0.3,0.0,0.0,0.0,12140544,0,6,4,1,0,sleeping,3284,3259,0,262144,2227204,81810
2025-05-20 03:44:30,19240,2119888896,33628160,0.0,0.10076763829499193,0,12,0.49,0.3,0.0,0.0,0.0,12144640,0,7,4,1,0,sleeping,3290,3264,0,262144,2231066,81922
2025-05-20 03:44:31,19240,2119888896,33628160,0.0,0.10076763829499193,0,12,0.49,0.3,0.0,0.0,0.0,12144640,0,6,4,1,0,sleeping,3292,3266,0,262144,2232989,81986
2025-05-20 03:44:32,19240,2119888896,33628160,0.9,0.10076763829499193,0,12,0.49,0.31,0.0,0.0,0.0,12144640,0,8,4,1,0,sleeping,3294,3268,0,262144,2234912,82050
2025-05-20 03:44:33,19240,2119888896,33628160,0.0,0.10076763829499193,0,12,0.49,0.31,0.0,0.0,0.0,12144640,0,5,3,1,0,sleeping,3298,3272,0,266240,2236851,82130
2025-05-20 03:44:34,19240,2119888896,33628160,0.0,0.10076763829499193,0,12,0.49,0.31,0.0,0.0,0.0,12144640,0,6,4,1,0,sleeping,3300,3274,0,266240,2238773,82194
2025-05-20 03:44:35,19240,2119888896,33628160,0.0,0.10076763829499193,0,12,0.49,0.31,0.0,0.0,0.0,12144640,0,7,4,1,0,sleeping,3302,3276,0,266240,2240695,82258
2025-05-20 03:44:37,19240,2119888896,33628160,0.0,0.10076763829499193,0,12,0.49,0.31,0.0,0.0,0.0,12144640,0,7,4,1,0,sleeping,3304,3279,0,266240,2242618,82354
2025-05-20 03:44:38,19240,2119888896,33628160,0.0,0.10076763829499193,0,12,0.49,0.31,0.0,0.0,0.0,12144640,0,7,4,1,0,sleeping,3307,3282,0,266240,2244547,82426
2025-05-20 03:44:39,19240,2119888896,33628160,0.0,0.10076763829499193,0,12,0.49,0.31,0.0,0.0,0.0,12144640,0,7,4,1,0,sleeping,3309,3284,0,266240,2246467,82490
2025-05-20 03:44:40,19240,2119888896,33628160,0.0,0.10076763829499193,0,12,0.49,0.31,0.0,0.0,0.0,12144640,0,7,4,1,0,sleeping,3311,3286,0,266240,2248389,82554
2025-05-20 03:44:41,19240,2119888896,33628160,0.8,0.10076763829499193,0,12,0.5,0.31,0.0,0.0,0.0,12144640,0,7,4,1,0,sleeping,3315,3289,0,266240,2252235,82650
2025-05-20 03:44:42,19240,2119888896,33628160,0.0,0.10076763829499193,0,12,0.5,0.31,0.0,0.0,0.0,12144640,0,7,4,1,0,sleeping,3318,3293,0,266240,2254166,82754
2025-05-20 03:44:44,19240,2119888896,33628160,0.0,0.10076763829499193,0,12,0.5,0.31,0.0,0.0,0.0,12144640,0,6,3,1,0,sleeping,3322,3297,0,266240,2256105,82834
2025-05-20 03:44:45,19240,2119888896,33628160,0.0,0.10076763829499193,0,12,0.5,0.31,0.0,0.0,0.0,12144640,0,6,4,1,0,sleeping,3326,3300,0,266240,2259951,82930
2025-05-20 03:44:46,19240,2119888896,33628160,0.0,0.10076763829499193,0,12,0.5,0.31,0.0,0.0,0.0,12144640,0,6,4,1,0,sleeping,3329,3303,0,266240,2261882,83002
2025-05-20 03:44:47,19240,2119888896,33628160,0.0,0.10076763829499193,0,12,0.5,0.31,0.0,0.0,0.0,12144640,0,6,4,1,0,sleeping,3333,3307,0,266240,2263820,83082
2025-05-20 03:44:48,19240,2119888896,33628160,0.0,0.10076763829499193,0,12,0.5,0.31,0.0,0.0,0.0,12144640,0,6,4,1,0,sleeping,3336,3310,0,266240,2265750,83154
2025-05-20 03:44:49,19240,2119888896,33628160,0.0,0.10076763829499193,0,12,0.5,0.31,0.0,0.0,0.0,12144640,0,6,4,1,0,sleeping,3339,3313,0,266240,2267681,83226
2025-05-20 03:44:51,19240,2119888896,33628160,0.0,0.10076763829499193,0,12,0.5,0.31,0.0,0.0,0.0,12144640,0,7,4,1,0,sleeping,3342,3317,0,266240,2269612,83330
2025-05-20 03:44:52,19240,2119888896,33628160,0.0,0.10076763829499193,0,12,0.5,0.31,0.0,0.0,0.0,12144640,0,6,4,1,0,sleeping,3346,3321,0,266240,2271551,83410
2025-05-20 03:44:53,19240,2119888896,33628160,0.0,0.10076763829499193,0,12,0.5,0.31,0.0,0.0,0.0,12144640,0,6,4,1,0,sleeping,3350,3325,0,266240,2273490,83490
2025-05-20 03:44:54,19240,2119888896,33628160,0.0,0.10076763829499193,0,12,0.5,0.31,0.0,0.0,0.0,12144640,0,6,4,1,0,sleeping,3352,3327,0,266240,2275413,83554
2025-05-20 03:44:55,19240,2119888896,33628160,0.0,0.10076763829499193,0,12,0.5,0.31,0.0,0.0,0.0,12144640,0,6,4,1,0,sleeping,3355,3330,0,266240,2277344,83626
2025-05-20 03:44:56,19240,2119888896,33628160,0.0,0.10076763829499193,0,12,0.5,0.31,0.0,0.0,0.0,12144640,0,6,3,1,0,sleeping,3358,3333,0,266240,2279275,83698
2025-05-20 03:44:57,19240,2119888896,33628160,0.0,0.10076763829499193,0,12,0.5,0.31,0.0,0.0,0.0,12144640,0,6,4,1,0,sleeping,3363,3337,0,266240,2283129,83802
2025-05-20 03:44:58,19240,2119888896,33628160,0.0,0.10076763829499193,0,12,0.5,0.31,0.0,0.0,0.0,12144640,0,6,4,1,0,sleeping,3367,3341,0,266240,2285068,83882
2025-05-20 03:44:59,19240,2119888896,33628160,0.0,0.10076763829499193,0,12,0.5,0.31,0.0,0.0,0.0,12144640,0,6,4,1,0,sleeping,3370,3344,0,270336,2286999,83954
2025-05-20 03:45:00,19240,2119888896,33628160,0.0,0.10076763829499193,0,12,0.5,0.31,0.0,0.0,0.0,12144640,0,6,4,1,0,sleeping,3373,3347,0,270336,2288930,84026
2025-05-20 03:45:01,19240,2119888896,33628160,0.0,0.10076763829499193,0,12,0.5,0.31,0.0,0.0,0.0,12144640,0,6,4,1,0,sleeping,3377,3351,0,270336,2290869,84106
2025-05-20 03:45:03,19240,2119888896,33628160,0.0,0.10076763829499193,0,12,0.5,0.31,0.0,0.0,0.0,12144640,0,6,4,1,0,sleeping,3381,3356,0,270336,2292808,84218
2025-05-20 03:45:04,19240,2119888896,33628160,0.0,0.10076763829499193,0,12,0.5,0.31,0.0,0.0,0.0,12144640,0,5,4,1,0,sleeping,3385,3360,0,270336,2294747,84298
2025-05-20 03:45:05,19240,2119888896,33628160,0.0,0.10076763829499193,0,12,0.5,0.31,0.0,0.0,0.0,12144640,0,6,4,1,0,sleeping,3387,3362,0,270336,2296670,84362
2025-05-20 03:45:06,19240,2119888896,33628160,0.9,0.10076763829499193,0,12,0.51,0.31,0.0,0.0,0.0,12144640,0,4,3,1,0,sleeping,3389,3364,0,270336,2298592,84426
2025-05-20 03:45:07,19240,2119888896,33628160,0.0,0.10076763829499193,0,12,0.51,0.31,0.0,0.0,0.0,12144640,0,6,4,1,0,sleeping,3391,3366,0,270336,2300514,84490
2025-05-20 03:45:08,19240,2119888896,33628160,0.0,0.10076763829499193,0,12,0.51,0.31,0.0,0.0,0.0,12144640,0,6,4,1,0,sleeping,3394,3369,0,270336,2302445,84562
2025-05-20 03:45:09,19240,2119888896,33628160,0.0,0.10076763829499193,0,12,0.51,0.31,0.0,0.0,0.0,12144640,0,6,3,1,0,sleeping,3398,3372,0,270336,2306291,84658
2025-05-20 03:45:10,19240,2119888896,33628160,0.0,0.10076763829499193,0,12,0.51,0.31,0.0,0.0,0.0,12144640,0,7,4,1,0,sleeping,3401,3375,0,270336,2308222,84730
2025-05-20 03:45:11,19240,2119888896,33628160,0.9,0.10076763829499193,0,12,0.51,0.32,0.0,0.0,0.0,12144640,0,6,4,1,0,sleeping,3403,3377,0,270336,2310145,84794
2025-05-20 03:45:12,19240,2119888896,33628160,0.0,0.10076763829499193,0,12,0.51,0.32,0.0,0.0,0.0,12144640,0,6,4,1,0,sleeping,3407,3381,0,270336,2312084,84874
2025-05-20 03:45:13,19240,2119888896,33628160,0.0,0.10076763829499193,0,12,0.51,0.32,0.0,0.0,0.0,12144640,0,6,4,1,0,sleeping,3410,3384,0,270336,2314015,84946
2025-05-20 03:45:14,19240,2119888896,33628160,0.0,0.10076763829499193,0,12,0.51,0.32,0.0,0.0,0.0,12034048,0,6,4,1,0,sleeping,3413,3388,0,270336,2315945,85050
2025-05-20 03:45:16,19240,2119888896,33628160,0.0,0.10076763829499193,0,12,0.51,0.32,0.0,0.0,0.0,12034048,0,6,4,1,0,sleeping,3415,3390,0,270336,2317867,85114
2025-05-20 03:45:17,19240,2119888896,33628160,0.0,0.10076763829499193,0,12,0.51,0.32,0.0,0.0,0.0,12034048,0,7,4,1,0,sleeping,3417,3392,0,270336,2319790,85178
2025-05-20 03:45:18,19240,2119888896,33628160,0.0,0.10076763829499193,0,12,0.51,0.32,0.0,0.0,0.0,12034048,0,7,4,1,0,sleeping,3420,3395,0,270336,2321720,85250
2025-05-20 03:45:19,19240,2119888896,33628160,0.0,0.10076763829499193,0,12,0.51,0.32,0.0,0.0,0.0,12034048,0,7,4,1,0,sleeping,3422,3397,0,270336,2323642,85314
2025-05-20 03:45:20,19240,2119888896,33628160,0.0,0.10076763829499193,0,12,0.51,0.32,0.0,0.0,0.0,12034048,0,6,4,1,0,sleeping,3425,3401,0,274432,2325573,85418
2025-05-20 03:45:21,19240,2119888896,33628160,0.0,0.10076763829499193,0,12,0.51,0.32,0.0,0.0,0.0,12034048,0,6,4,1,0,sleeping,3430,3404,0,274432,2329426,85490
2025-05-20 03:45:22,19240,2119888896,33628160,0.0,0.10076763829499193,0,12,0.51,0.32,0.0,0.0,0.0,12034048,0,6,4,1,0,sleeping,3432,3406,0,274432,2331348,85554
2025-05-20 03:45:23,19240,2119888896,33628160,0.0,0.10076763829499193,0,12,0.51,0.32,0.0,0.0,0.0,12034048,0,6,4,1,0,sleeping,3434,3408,0,274432,2333271,85618
2025-05-20 03:45:25,19240,2119888896,33628160,0.0,0.10076763829499193,0,12,0.51,0.32,0.0,0.0,0.0,12034048,0,6,4,1,0,sleeping,3438,3413,0,274432,2335209,85730
2025-05-20 03:45:26,19240,2119888896,33628160,0.6,0.10076763829499193,0,12,0.52,0.32,0.0,0.0,0.0,12034048,0,6,4,1,0,sleeping,3444,3418,0,274432,2339069,85842
2025-05-20 03:45:28,19240,2119888896,33628160,0.0,0.10076763829499193,0,12,0.52,0.32,0.0,0.0,0.0,12034048,0,6,4,1,0,sleeping,3447,3422,0,274432,2340999,85946
2025-05-20 03:45:29,19240,2119888896,33628160,0.0,0.10076763829499193,0,12,0.52,0.32,0.0,0.0,0.0,12034048,0,6,4,1,0,sleeping,3450,3426,0,278528,2342930,86050
2025-05-20 03:45:30,19240,2119888896,33628160,0.0,0.10076763829499193,0,12,0.52,0.32,0.0,0.0,0.0,12034048,0,6,4,1,0,sleeping,3453,3429,0,278528,2344861,86122
2025-05-20 03:45:31,19240,2119888896,33628160,0.0,0.10076763829499193,0,12,0.52,0.32,0.0,0.0,0.0,12034048,0,6,4,1,0,sleeping,3459,3433,0,278528,2348723,86202
2025-05-20 03:45:32,19240,2119888896,33628160,0.0,0.10076763829499193,0,12,0.52,0.32,0.0,0.0,0.0,12034048,0,6,4,1,0,sleeping,3462,3436,0,278528,2350654,86274
2025-05-20 03:45:33,19240,2119888896,33628160,0.0,0.10076763829499193,0,12,0.52,0.32,0.0,0.0,0.0,12034048,0,6,4,1,0,sleeping,3465,3439,0,278528,2352585,86346
2025-05-20 03:45:34,19240,2119888896,33628160,0.0,0.10076763829499193,0,12,0.52,0.32,0.0,0.0,0.0,12034048,0,6,4,1,0,sleeping,3468,3442,0,278528,2354516,86418
2025-05-20 03:45:36,19240,2119888896,33628160,0.0,0.10076763829499193,0,12,0.52,0.32,0.0,0.0,0.0,12034048,0,6,4,1,0,sleeping,3471,3446,0,278528,2356447,86522
2025-05-20 03:45:37,19240,2119888896,33628160,0.0,0.10076763829499193,0,12,0.52,0.32,0.0,0.0,0.0,12034048,0,6,4,1,0,sleeping,3474,3449,0,278528,2358378,86594
2025-05-20 03:45:38,19240,2119888896,33628160,0.0,0.10076763829499193,0,12,0.52,0.32,0.0,0.0,0.0,12034048,0,7,4,1,0,sleeping,3476,3451,0,278528,2360301,86658
2025-05-20 03:45:39,19240,2119888896,33628160,0.0,0.10076763829499193,0,12,0.52,0.32,0.0,0.0,0.0,12034048,0,7,4,1,0,sleeping,3479,3454,0,278528,2362232,86730
2025-05-20 03:45:40,19240,2119888896,33628160,0.0,0.10076763829499193,0,12,0.52,0.32,0.0,0.0,0.0,12034048,0,7,4,1,0,sleeping,3482,3457,0,278528,2364163,86802
2025-05-20 03:45:41,19240,2119888896,33628160,0.0,0.10076763829499193,0,12,0.52,0.32,0.0,0.0,0.0,12034048,0,6,4,1,0,sleeping,3484,3459,0,278528,2366086,86866
2025-05-20 03:45:42,19240,2119888896,33628160,0.0,0.10076763829499193,0,12,0.52,0.32,0.0,0.0,0.0,12034048,0,7,4,1,0,sleeping,3487,3463,0,278528,2368017,86970
2025-05-20 03:45:43,19240,2119888896,33628160,0.0,0.10076763829499193,0,12,0.52,0.32,0.0,0.0,0.0,12034048,0,6,4,1,0,sleeping,3492,3466,0,278528,2371871,87042
2025-05-20 03:45:44,19240,2119888896,33628160,0.9,0.10076763829499193,0,12,0.53,0.32,0.0,0.0,0.0,12034048,0,6,4,1,0,sleeping,3495,3469,0,278528,2373802,87114
2025-05-20 03:45:45,19240,2119888896,33628160,0.0,0.10076763829499193,0,12,0.53,0.32,0.0,0.0,0.0,12034048,0,6,4,1,0,sleeping,3497,3471,0,282624,2375725,87178
2025-05-20 03:45:46,19240,2119888896,33628160,0.0,0.10076763829499193,0,12,0.53,0.32,0.0,0.0,0.0,12034048,0,6,4,1,0,sleeping,3499,3473,0,282624,2377648,87242
2025-05-20 03:45:47,19240,2119888896,33628160,0.0,0.10076763829499193,0,12,0.53,0.32,0.0,0.0,0.0,12034048,0,7,4,1,0,sleeping,3502,3477,0,282624,2379581,87346
2025-05-20 03:45:49,19240,2119888896,33628160,0.0,0.10076763829499193,0,12,0.53,0.32,0.0,0.0,0.0,12034048,0,8,4,1,0,sleeping,3506,3481,0,282624,2381522,87426
2025-05-20 03:45:50,19240,2119888896,33628160,0.0,0.10076763829499193,0,12,0.53,0.32,0.0,0.0,0.0,12034048,0,8,4,1,0,sleeping,3509,3484,0,282624,2383455,87498
2025-05-20 03:45:51,19240,2119888896,33628160,0.0,0.10076763829499193,0,12,0.53,0.32,0.0,0.0,0.0,12034048,0,8,4,1,0,sleeping,3512,3487,0,282624,2385388,87570
2025-05-20 03:45:52,19240,2119888896,33628160,0.0,0.10076763829499193,0,12,0.53,0.32,0.0,0.0,0.0,12034048,0,8,4,1,0,sleeping,3515,3491,0,282624,2387321,87674
2025-05-20 03:45:53,19240,2119888896,33628160,0.0,0.10076763829499193,0,12,0.53,0.32,0.0,0.0,0.0,12034048,0,7,4,1,0,sleeping,3519,3493,0,282624,2391171,87738
2025-05-20 03:45:54,19240,2119888896,33628160,0.0,0.10076763829499193,0,12,0.53,0.32,0.0,0.0,0.0,12034048,0,7,4,1,0,sleeping,3522,3496,0,282624,2393104,87810
2025-05-20 03:45:55,19240,2119888896,33628160,0.9,0.10076763829499193,0,12,0.53,0.33,0.0,0.0,0.0,12034048,0,8,4,1,0,sleeping,3525,3499,0,282624,2395037,87882
2025-05-20 03:45:56,19240,2119888896,33628160,0.0,0.10076763829499193,0,12,0.53,0.33,0.0,0.0,0.0,12034048,0,7,4,1,0,sleeping,3528,3502,0,282624,2396970,87954
2025-05-20 03:45:58,19240,2119888896,33628160,0.0,0.10076763829499193,0,12,0.53,0.33,0.0,0.0,0.0,12034048,0,8,4,1,0,sleeping,3532,3507,0,282624,2398911,88066
2025-05-20 03:45:59,19240,2119888896,33628160,0.0,0.10076763829499193,0,12,0.53,0.33,0.0,0.0,0.0,12034048,0,8,4,1,0,sleeping,3535,3510,0,282624,2400844,88138
2025-05-20 03:46:00,19240,2119888896,33628160,0.0,0.10076763829499193,0,12,0.53,0.33,0.0,0.0,0.0,12034048,0,8,4,1,0,sleeping,3538,3513,0,282624,2402777,88210
2025-05-20 03:46:01,19240,2119888896,33628160,0.0,0.10076763829499193,0,12,0.53,0.33,0.0,0.0,0.0,12034048,0,8,4,1,0,sleeping,3540,3515,0,282624,2404702,88274
2025-05-20 03:46:02,19240,2119888896,33628160,0.0,0.10076763829499193,0,12,0.53,0.33,0.0,0.0,0.0,12034048,0,8,4,1,0,sleeping,3544,3519,0,282624,2406643,88354
2025-05-20 03:46:03,19240,2119888896,33628160,0.0,0.10076763829499193,0,12,0.53,0.33,0.0,0.0,0.0,12034048,0,8,4,1,0,sleeping,3547,3523,0,282624,2408574,88458
2025-05-20 03:46:04,19240,2119888896,33628160,0.0,0.10076763829499193,0,12,0.53,0.33,0.0,0.0,0.0,12034048,0,8,4,1,0,sleeping,3550,3526,0,282624,2410504,88530
2025-05-20 03:46:05,19240,2119888896,33628160,0.0,0.10076763829499193,0,12,0.53,0.33,0.0,0.0,0.0,12034048,0,8,4,1,0,sleeping,3555,3529,0,282624,2414360,88602
2025-05-20 03:46:06,19240,2119888896,33628160,0.0,0.10076763829499193,0,12,0.53,0.33,0.0,0.0,0.0,12034048,0,8,4,1,0,sleeping,3558,3532,0,282624,2416292,88674
2025-05-20 03:46:07,19240,2119888896,33628160,0.0,0.10076763829499193,0,12,0.53,0.33,0.0,0.0,0.0,12034048,0,8,4,1,0,sleeping,3561,3535,0,282624,2418224,88746
2025-05-20 03:46:08,19240,2119888896,33628160,0.0,0.10076763829499193,0,12,0.53,0.33,0.0,0.0,0.0,12038144,0,7,4,1,0,sleeping,3564,3538,0,282624,2420156,88818
2025-05-20 03:46:10,19240,2119888896,33628160,0.9,0.10076763829499193,0,12,0.54,0.33,0.0,0.0,0.0,12038144,0,6,4,1,0,sleeping,3567,3542,0,282624,2422089,88922
2025-05-20 03:46:11,19240,2119888896,33628160,0.0,0.10076763829499193,0,12,0.54,0.33,0.0,0.0,0.0,12038144,0,6,4,1,0,sleeping,3570,3545,0,286720,2424022,88994
2025-05-20 03:46:12,19240,2119888896,33628160,0.0,0.10076763829499193,0,12,0.54,0.33,0.0,0.0,0.0,12038144,0,7,4,1,0,sleeping,3573,3548,0,286720,2425955,89066
2025-05-20 03:46:13,19240,2119888896,33628160,0.0,0.10076763829499193,0,12,0.54,0.33,0.0,0.0,0.0,12038144,0,7,4,1,0,sleeping,3576,3551,0,286720,2427887,89138
2025-05-20 03:46:14,19240,2119888896,33628160,0.0,0.10076763829499193,0,12,0.54,0.33,0.0,0.0,0.0,12038144,0,7,4,1,0,sleeping,3579,3554,0,286720,2429819,89210
2025-05-20 03:46:15,19240,2119888896,33628160,0.0,0.10076763829499193,0,12,0.54,0.33,0.0,0.0,0.0,12038144,0,7,4,1,0,sleeping,3582,3558,0,286720,2431752,89314
2025-05-20 03:46:16,19240,2119888896,33628160,0.0,0.10076763829499193,0,12,0.54,0.33,0.0,0.0,0.0,12038144,0,7,4,1,0,sleeping,3586,3562,0,286720,2433693,89394
2025-05-20 03:46:17,19240,2119888896,33628160,0.0,0.10076763829499193,0,12,0.54,0.33,0.0,0.0,0.0,12038144,0,7,4,1,0,sleeping,3590,3564,0,286720,2437543,89458
2025-05-20 03:46:18,19240,2119888896,33628160,0.0,0.10076763829499193,0,12,0.54,0.33,0.0,0.0,0.0,12038144,0,7,4,1,0,sleeping,3593,3567,0,286720,2439476,89530
2025-05-20 03:46:19,19240,2119888896,33628160,0.0,0.10076763829499193,0,12,0.54,0.33,0.0,0.0,0.0,12038144,0,7,4,1,0,sleeping,3597,3571,0,286720,2441417,89610
2025-05-20 03:46:21,19240,2119888896,33628160,0.0,0.10076763829499193,0,12,0.54,0.33,0.0,0.0,0.0,12038144,0,7,4,1,0,sleeping,3600,3575,0,286720,2443350,89714
2025-05-20 03:46:22,19240,2119888896,33628160,0.0,0.10076763829499193,0,12,0.54,0.33,0.0,0.0,0.0,12038144,0,7,4,1,0,sleeping,3603,3578,0,286720,2445283,89786
2025-05-20 03:46:23,19240,2119888896,33628160,0.0,0.10076763829499193,0,12,0.54,0.33,0.0,0.0,0.0,12038144,0,6,4,1,0,sleeping,3609,3583,0,286720,2449149,89898
2025-05-20 03:46:25,19240,2119888896,33628160,0.0,0.10076763829499193,0,12,0.54,0.33,0.0,0.0,0.0,12038144,0,7,4,1,0,sleeping,3614,3589,0,286720,2451098,90018
2025-05-20 03:46:26,19240,2119888896,33628160,0.0,0.10076763829499193,0,12,0.54,0.33,0.0,0.0,0.0,12038144,0,7,4,1,0,sleeping,3617,3592,0,286720,2453031,90090
2025-05-20 03:46:27,19240,2119888896,33628160,0.0,0.10076763829499193,0,12,0.54,0.33,0.0,0.0,0.0,12038144,0,7,4,1,0,sleeping,3620,3595,0,286720,2454964,90162
2025-05-20 03:46:28,19240,2119888896,33628160,0.0,0.10076763829499193,0,12,0.54,0.33,0.0,0.0,0.0,12038144,0,7,4,1,0,sleeping,3625,3601,0,286720,2456913,90282
2025-05-20 03:46:29,19240,2119888896,33628160,0.9,0.10076763829499193,0,12,0.55,0.33,0.0,0.0,0.0,12038144,0,7,4,1,0,sleeping,3628,3604,0,286720,2458846,90354
2025-05-20 03:46:30,19240,2119888896,33628160,0.0,0.10076763829499193,0,12,0.55,0.33,0.0,0.0,0.0,12038144,0,7,4,1,0,sleeping,3634,3608,0,286720,2462712,90434
2025-05-20 03:46:31,19240,2119888896,33628160,0.0,0.10076763829499193,0,12,0.55,0.33,0.0,0.0,0.0,12038144,0,7,4,1,0,sleeping,3637,3611,0,286720,2464645,90506
2025-05-20 03:46:32,19240,2119888896,33628160,0.0,0.10076763829499193,0,12,0.55,0.33,0.0,0.0,0.0,12038144,0,7,4,1,0,sleeping,3641,3615,0,286720,2466586,90586
2025-05-20 03:46:33,19240,2119888896,33628160,0.0,0.10076763829499193,0,12,0.55,0.33,0.0,0.0,0.0,12038144,0,6,4,1,0,sleeping,3644,3619,0,290816,2468519,90690
2025-05-20 03:46:35,19240,2119888896,33628160,0.0,0.10076763829499193,0,12,0.55,0.33,0.0,0.0,0.0,12038144,0,6,4,1,0,sleeping,3647,3622,0,290816,2470452,90762
2025-05-20 03:46:36,19240,2119888896,33628160,0.9,0.10076763829499193,0,12,0.55,0.34,0.0,0.0,0.0,12038144,0,6,4,1,0,sleeping,3651,3626,0,290816,2472393,90842
2025-05-20 03:46:37,19240,2119888896,33628160,0.0,0.10076763829499193,0,12,0.55,0.34,0.0,0.0,0.0,12038144,0,6,4,1,0,sleeping,3654,3629,0,290816,2474326,90914
2025-05-20 03:46:38,19240,2119888896,33628160,0.0,0.10076763829499193,0,12,0.55,0.34,0.0,0.0,0.0,12038144,0,8,4,1,0,sleeping,3657,3632,0,290816,2476259,90986
2025-05-20 03:46:39,19240,2119888896,33628160,0.0,0.10076763829499193,0,12,0.55,0.34,0.0,0.0,0.0,12038144,0,8,4,1,0,sleeping,3659,3634,0,290816,2478184,91050
2025-05-20 03:46:40,19240,2119888896,33628160,0.0,0.10076763829499193,0,12,0.55,0.34,0.0,0.0,0.0,12038144,0,6,4,1,0,sleeping,3661,3637,0,290816,2480109,91146
2025-05-20 03:46:41,19240,2119888896,33628160,0.0,0.10076763829499193,0,12,0.55,0.34,0.0,0.0,0.0,12038144,0,6,4,1,0,sleeping,3664,3640,0,294912,2482042,91218
2025-05-20 03:46:42,19240,2119888896,33628160,0.0,0.10076763829499193,0,12,0.55,0.34,0.0,0.0,0.0,12038144,0,7,4,1,0,sleeping,3667,3643,0,299008,2483974,91290
2025-05-20 03:46:43,19240,2119888896,33628160,0.0,0.10076763829499193,0,12,0.55,0.34,0.0,0.0,0.0,12038144,0,6,4,1,0,sleeping,3672,3646,0,299008,2487831,91362
2025-05-20 03:46:44,19240,2119888896,33628160,0.0,0.10076763829499193,0,12,0.55,0.34,0.0,0.0,0.0,12038144,0,6,4,1,0,sleeping,3675,3649,0,299008,2489764,91434
2025-05-20 03:46:45,19240,2119888896,33628160,0.0,0.10076763829499193,0,12,0.55,0.34,0.0,0.0,0.0,12038144,0,6,4,1,0,sleeping,3679,3654,0,299008,2491705,91546
2025-05-20 03:46:47,19240,2119888896,33628160,0.0,0.10076763829499193,0,12,0.55,0.34,0.0,0.0,0.0,12038144,0,6,4,1,0,sleeping,3683,3658,0,299008,2493646,91626
2025-05-20 03:46:48,19240,2119888896,33628160,0.0,0.10076763829499193,0,12,0.55,0.34,0.0,0.0,0.0,12038144,0,8,4,1,0,sleeping,3686,3661,0,299008,2495579,91698
2025-05-20 03:46:49,19240,2119888896,33628160,0.0,0.10076763829499193,0,12,0.55,0.34,0.0,0.0,0.0,12038144,0,7,4,1,0,sleeping,3689,3664,0,299008,2497511,91770
2025-05-20 03:46:50,19240,2119888896,33628160,0.0,0.10076763829499193,0,12,0.55,0.34,0.0,0.0,0.0,12038144,0,7,4,1,0,sleeping,3692,3667,0,299008,2499443,91842
2025-05-20 03:46:51,19240,2119888896,33628160,0.0,0.10076763829499193,0,12,0.55,0.34,0.0,0.0,0.0,12038144,0,7,4,1,0,sleeping,3695,3670,0,299008,2501376,91914
2025-05-20 03:46:52,19240,2119888896,33628160,0.0,0.10076763829499193,0,12,0.55,0.34,0.0,0.0,0.0,12038144,0,8,4,1,0,sleeping,3699,3675,0,299008,2503317,92026
2025-05-20 03:46:53,19240,2119888896,33628160,0.9,0.10076763829499193,0,12,0.56,0.34,0.0,0.0,0.0,12038144,0,8,4,1,0,sleeping,3701,3677,0,299008,2505242,92090
2025-05-20 03:46:54,19240,2119888896,33628160,0.0,0.10076763829499193,0,12,0.56,0.34,0.0,0.0,0.0,12042240,0,7,4,1,0,sleeping,3703,3679,0,299008,2507167,92154
2025-05-20 03:46:55,19240,2119888896,33628160,0.0,0.10076763829499193,0,12,0.56,0.34,0.0,0.0,0.0,12042240,0,7,4,1,0,sleeping,3708,3682,0,299008,2511025,92226
2025-05-20 03:46:56,19240,2119888896,33628160,0.0,0.10076763829499193,0,12,0.56,0.34,0.0,0.0,0.0,12042240,0,7,4,1,0,sleeping,3710,3684,0,299008,2512950,92290
2025-05-20 03:46:57,19240,2119888896,33628160,0.0,0.10076763829499193,0,12,0.56,0.34,0.0,0.0,0.0,12042240,0,7,4,1,0,sleeping,3713,3687,0,299008,2514883,92362
2025-05-20 03:46:59,19240,2119888896,33628160,0.0,0.10076763829499193,0,12,0.56,0.34,0.0,0.0,0.0,12042240,0,7,4,1,0,sleeping,3715,3690,0,299008,2516808,92458
2025-05-20 03:47:00,19240,2119888896,33628160,0.0,0.10076763829499193,0,12,0.56,0.34,0.0,0.0,0.0,12042240,0,7,4,1,0,sleeping,3718,3693,0,299008,2518741,92530
2025-05-20 03:47:01,19240,2119888896,33628160,0.0,0.10076763829499193,0,12,0.56,0.34,0.0,0.0,0.0,12042240,0,7,4,1,0,sleeping,3721,3696,0,299008,2520673,92602
2025-05-20 03:47:02,19240,2119888896,33628160,0.0,0.10076763829499193,0,12,0.56,0.34,0.0,0.0,0.0,12042240,0,7,4,1,0,sleeping,3725,3700,0,299008,2522613,92682
2025-05-20 03:47:03,19240,2119888896,33628160,0.0,0.10076763829499193,0,12,0.56,0.34,0.0,0.0,0.0,12042240,0,7,4,1,0,sleeping,3727,3702,0,299008,2524538,92746
2025-05-20 03:47:04,19240,2119888896,33628160,0.0,0.10076763829499193,0,12,0.56,0.34,0.0,0.0,0.0,12042240,0,7,4,1,0,sleeping,3730,3706,0,299008,2526471,92850
2025-05-20 03:47:05,19240,2119888896,33628160,0.0,0.10076763829499193,0,12,0.56,0.34,0.0,0.0,0.0,12042240,0,7,4,1,0,sleeping,3732,3708,0,299008,2528396,92914
2025-05-20 03:47:06,19240,2119888896,33628160,0.0,0.10076763829499193,0,12,0.56,0.34,0.0,0.0,0.0,12042240,0,6,3,1,0,sleeping,3736,3710,0,299008,2532246,92978
2025-05-20 03:47:07,19240,2119888896,33628160,0.0,0.10076763829499193,0,12,0.56,0.34,0.0,0.0,0.0,12042240,0,6,3,1,0,sleeping,3738,3713,0,299008,2534171,93074
2025-05-20 03:47:09,19240,2119888896,33628160,0.0,0.10076763829499193,0,12,0.56,0.34,0.0,0.0,0.0,12042240,0,6,3,1,0,sleeping,3741,3716,0,299008,2536104,93146
2025-05-20 03:47:10,19240,2119888896,33628160,0.0,0.10076763829499193,0,12,0.56,0.34,0.0,0.0,0.0,12042240,0,6,3,1,0,sleeping,3746,3721,0,299008,2538053,93234
2025-05-20 03:47:11,19240,2119888896,33628160,0.0,0.10076763829499193,0,12,0.56,0.34,0.0,0.0,0.0,12042240,0,6,3,1,0,sleeping,3749,3724,0,299008,2539986,93306
2025-05-20 03:47:12,19240,2119888896,33628160,0.0,0.10076763829499193,0,12,0.56,0.34,0.0,0.0,0.0,12042240,0,6,3,1,0,sleeping,3751,3726,0,299008,2541911,93370
2025-05-20 03:47:13,19240,2119888896,33628160,0.0,0.10076763829499193,0,12,0.56,0.34,0.0,0.0,0.0,12042240,0,6,3,1,0,sleeping,3754,3729,0,299008,2543844,93442
2025-05-20 03:47:14,19240,2119888896,33628160,0.0,0.10076763829499193,0,12,0.56,0.34,0.0,0.0,0.0,12042240,0,6,3,1,0,sleeping,3757,3733,0,303104,2545777,93546
2025-05-20 03:47:15,19240,2119888896,33628160,0.0,0.10076763829499193,0,12,0.56,0.34,0.0,0.0,0.0,12042240,0,6,3,1,0,sleeping,3760,3736,0,303104,2547710,93618
2025-05-20 03:47:16,19240,2119888896,33628160,0.0,0.10076763829499193,0,12,0.56,0.34,0.0,0.0,0.0,12042240,0,6,3,1,0,sleeping,3763,3739,0,303104,2549643,93690
2025-05-20 03:47:17,19240,2119888896,33628160,0.0,0.10076763829499193,0,12,0.56,0.34,0.0,0.0,0.0,12042240,0,6,3,1,0,sleeping,3765,3741,0,303104,2551568,93754
2025-05-20 03:47:18,19240,2119888896,33628160,0.0,0.10076763829499193,0,12,0.56,0.34,0.0,0.0,0.0,12042240,0,6,3,1,0,sleeping,3770,3744,0,303104,2555426,93826
2025-05-20 03:47:19,19240,2119888896,33628160,0.0,0.10076763829499193,0,12,0.56,0.34,0.0,0.0,0.0,12042240,0,6,3,1,0,sleeping,3774,3748,0,303104,2557367,93906
2025-05-20 03:47:21,19240,2119888896,33628160,0.0,0.10076763829499193,0,12,0.56,0.34,0.0,0.0,0.0,12042240,0,6,3,1,0,sleeping,3778,3753,0,303104,2559308,94018
2025-05-20 03:47:22,19240,2119888896,33628160,0.0,0.10076763829499193,0,12,0.56,0.34,0.0,0.0,0.0,12042240,0,6,3,1,0,sleeping,3780,3755,0,303104,2561233,94082
2025-05-20 03:47:23,19240,2119888896,33628160,0.0,0.10076763829499193,0,12,0.56,0.34,0.0,0.0,0.0,12042240,0,6,3,1,0,sleeping,3783,3758,0,303104,2563166,94154
2025-05-20 03:47:24,19240,2119888896,33628160,0.9,0.10076763829499193,0,12,0.57,0.34,0.0,0.0,0.0,12042240,0,6,3,1,0,sleeping,3785,3760,0,303104,2565091,94218
2025-05-20 03:47:25,19240,2119888896,33628160,0.0,0.10076763829499193,0,12,0.57,0.34,0.0,0.0,0.0,12042240,0,6,3,1,0,sleeping,3787,3763,0,303104,2567016,94314
2025-05-20 03:47:26,19240,2119888896,33628160,0.7,0.10076763829499193,0,12,0.57,0.35,0.0,0.0,0.0,12042240,0,6,3,1,0,sleeping,3793,3768,0,303104,2570882,94426
2025-05-20 03:47:28,19240,2119888896,33628160,0.0,0.10076763829499193,0,12,0.57,0.35,0.0,0.0,0.0,12042240,0,7,4,1,0,sleeping,3796,3772,0,303104,2572815,94530
2025-05-20 03:47:29,19240,2119888896,33628160,0.0,0.10076763829499193,0,12,0.57,0.35,0.0,0.0,0.0,12042240,0,6,3,1,0,sleeping,3800,3774,0,303104,2576664,94594
2025-05-20 03:47:31,19240,2119888896,33628160,0.0,0.10076763829499193,0,12,0.57,0.35,0.0,0.0,0.0,12042240,0,6,3,1,0,sleeping,3802,3777,0,303104,2578588,94690
2025-05-20 03:47:32,19240,2119888896,33628160,0.0,0.10076763829499193,0,12,0.57,0.35,0.0,0.0,0.0,12042240,0,6,3,1,0,sleeping,3804,3779,0,303104,2580513,94754
2025-05-20 03:47:33,19240,2119888896,33628160,0.0,0.10076763829499193,0,12,0.57,0.35,0.0,0.0,0.0,12013568,0,6,3,1,0,sleeping,3806,3781,0,303104,2582438,94818
2025-05-20 03:47:34,19240,2119888896,33628160,0.0,0.10076763829499193,0,12,0.57,0.35,0.0,0.0,0.0,12013568,0,6,3,1,0,sleeping,3808,3783,0,303104,2584363,94882
2025-05-20 03:47:35,19240,2119888896,33628160,0.0,0.10076763829499193,0,12,0.57,0.35,0.0,0.0,0.0,12013568,0,6,3,1,0,sleeping,3811,3786,0,303104,2586296,94954
2025-05-20 03:47:36,19240,2119888896,33628160,0.0,0.10076763829499193,0,12,0.57,0.35,0.0,0.0,0.0,12013568,0,6,3,1,0,sleeping,3813,3789,0,303104,2588221,95050
2025-05-20 03:47:37,19240,2119888896,33628160,0.0,0.10076763829499193,0,12,0.57,0.35,0.0,0.0,0.0,12013568,0,6,3,1,0,sleeping,3815,3791,0,307200,2590146,95114
2025-05-20 03:47:38,19240,2119888896,33628160,0.9,0.10076763829499193,0,12,0.58,0.35,0.0,0.0,0.0,12013568,0,7,4,1,0,sleeping,3818,3794,0,307200,2592079,95186
2025-05-20 03:47:39,19240,2119888896,33628160,0.0,0.10076763829499193,0,12,0.58,0.35,0.0,0.0,0.0,12013568,0,7,4,1,0,sleeping,3822,3798,0,307200,2594020,95266
2025-05-20 03:47:40,19240,2119888896,33628160,0.0,0.10076763829499193,0,12,0.58,0.35,0.0,0.0,0.0,12013568,0,7,4,1,0,sleeping,3825,3801,0,307200,2595953,95338
2025-05-20 03:47:41,19240,2119888896,33628160,0.0,0.10076763829499193,0,12,0.58,0.35,0.0,0.0,0.0,12013568,0,7,4,1,0,sleeping,3831,3805,0,307200,2599818,95418
2025-05-20 03:47:43,19240,2119888896,33628160,0.0,0.10076763829499193,0,12,0.58,0.35,0.0,0.0,0.0,12013568,0,7,4,1,0,sleeping,3834,3809,0,307200,2601750,95522
2025-05-20 03:47:44,19240,2119888896,33628160,0.0,0.10076763829499193,0,12,0.58,0.35,0.0,0.0,0.0,12013568,0,8,4,1,0,sleeping,3837,3812,0,307200,2603683,95594
2025-05-20 03:47:45,19240,2119888896,33628160,0.0,0.10076763829499193,0,12,0.58,0.35,0.0,0.0,0.0,12013568,0,8,4,1,0,sleeping,3840,3815,0,307200,2605615,95666
2025-05-20 03:47:46,19240,2119888896,33628160,0.0,0.10076763829499193,0,12,0.58,0.35,0.0,0.0,0.0,12013568,0,8,4,1,0,sleeping,3844,3819,0,307200,2607555,95746
2025-05-20 03:47:47,19240,2119888896,33628160,0.0,0.10076763829499193,0,12,0.58,0.35,0.0,0.0,0.0,12013568,0,8,4,1,0,sleeping,3846,3821,0,307200,2609480,95810
2025-05-20 03:47:48,19240,2119888896,33628160,0.0,0.10076763829499193,0,12,0.58,0.35,0.0,0.0,0.0,12013568,0,8,4,1,0,sleeping,3849,3824,0,311296,2611413,95882
2025-05-20 03:47:49,19240,2119888896,33628160,0.0,0.10076763829499193,0,12,0.58,0.35,0.0,0.0,0.0,12013568,0,7,4,1,0,sleeping,3851,3827,0,311296,2613338,95978
2025-05-20 03:47:50,19240,2119888896,33628160,0.0,0.10076763829499193,0,12,0.58,0.35,0.0,0.0,0.0,12013568,0,7,4,1,0,sleeping,3853,3829,0,311296,2615263,96042
2025-05-20 03:47:51,19240,2119888896,33628160,0.0,0.10076763829499193,0,12,0.58,0.35,0.0,0.0,0.0,12013568,0,6,3,1,0,sleeping,3856,3832,0,311296,2617195,96114
2025-05-20 03:47:52,19240,2119888896,33628160,0.0,0.10076763829499193,0,12,0.58,0.35,0.0,0.0,0.0,12013568,0,7,4,1,0,sleeping,3858,3834,0,311296,2619119,96178
2025-05-20 03:47:53,19240,2119888896,33628160,0.0,0.10076763829499193,0,12,0.58,0.35,0.0,0.0,0.0,12013568,0,7,4,1,0,sleeping,3864,3838,0,311296,2622985,96258
2025-05-20 03:47:55,19240,2119888896,33628160,0.0,0.10076763829499193,0,12,0.58,0.35,0.0,0.0,0.0,12013568,0,7,4,1,0,sleeping,3866,3841,0,311296,2624910,96354
2025-05-20 03:47:56,19240,2119888896,33628160,0.0,0.10076763829499193,0,12,0.58,0.35,0.0,0.0,0.0,12013568,0,7,4,1,0,sleeping,3869,3844,0,311296,2626843,96426
2025-05-20 03:47:57,19240,2119888896,33628160,0.0,0.10076763829499193,0,12,0.58,0.35,0.0,0.0,0.0,12013568,0,6,3,1,0,sleeping,3872,3847,0,311296,2628776,96498
2025-05-20 03:47:58,19240,2119888896,33628160,0.0,0.10076763829499193,0,12,0.58,0.35,0.0,0.0,0.0,12013568,0,7,4,1,0,sleeping,3875,3850,0,311296,2630709,96570
2025-05-20 03:47:59,19240,2119888896,33628160,0.7,0.10076763829499193,0,12,0.58,0.36,0.0,0.0,0.0,12013568,0,7,4,1,0,sleeping,3878,3854,0,311296,2632642,96674
2025-05-20 03:48:01,19240,2119888896,33628160,0.0,0.10076763829499193,0,12,0.58,0.36,0.0,0.0,0.0,12013568,0,8,4,1,0,sleeping,3884,3859,0,311296,2636508,96786
2025-05-20 03:48:02,19240,2119888896,33628160,0.0,0.10076763829499193,0,12,0.58,0.36,0.0,0.0,0.0,12013568,0,8,4,1,0,sleeping,3887,3863,0,311296,2638441,96890
2025-05-20 03:48:03,19240,2119888896,33628160,0.0,0.10076763829499193,0,12,0.58,0.36,0.0,0.0,0.0,12013568,0,8,4,1,0,sleeping,3889,3865,0,311296,2640364,96954
2025-05-20 03:48:04,19240,2119888896,33628160,0.0,0.10076763829499193,0,12,0.58,0.36,0.0,0.0,0.0,12013568,0,8,4,1,0,sleeping,3891,3867,0,311296,2642286,97018
2025-05-20 03:48:05,19240,2119888896,33628160,0.9,0.10076763829499193,0,12,0.59,0.36,0.0,0.0,0.0,12013568,0,8,4,1,0,sleeping,3893,3869,0,311296,2644210,97082
2025-05-20 03:48:06,19240,2119888896,33628160,0.0,0.10076763829499193,0,12,0.59,0.36,0.0,0.0,0.0,12013568,0,8,4,1,0,sleeping,3897,3871,0,311296,2648060,97146
2025-05-20 03:48:08,19240,2119888896,33628160,0.0,0.10076763829499193,0,12,0.59,0.36,0.0,0.0,0.0,12013568,0,8,4,1,0,sleeping,3900,3875,0,311296,2649993,97250
2025-05-20 03:48:09,19240,2119888896,33628160,0.0,0.10076763829499193,0,12,0.59,0.36,0.0,0.0,0.0,12013568,0,8,4,1,0,sleeping,3902,3877,0,311296,2651917,97314
2025-05-20 03:48:10,19240,2119888896,33628160,0.0,0.10076763829499193,0,12,0.59,0.36,0.0,0.0,0.0,12013568,0,7,4,1,0,sleeping,3904,3879,0,311296,2653840,97378
2025-05-20 03:48:11,19240,2119888896,33628160,0.0,0.10076763829499193,0,12,0.59,0.36,0.0,0.0,0.0,12013568,0,7,4,1,0,sleeping,3907,3882,0,311296,2655772,97450
2025-05-20 03:48:12,19240,2119888896,33628160,0.0,0.10076763829499193,0,12,0.59,0.36,0.0,0.0,0.0,12013568,0,7,4,1,0,sleeping,3912,3887,0,311296,2657721,97538
2025-05-20 03:48:13,19240,2119888896,33628160,0.0,0.10076763829499193,0,12,0.59,0.36,0.0,0.0,0.0,12013568,0,7,4,1,0,sleeping,3915,3891,0,311296,2659654,97642
2025-05-20 03:48:14,19240,2119888896,33628160,0.0,0.10076763829499193,0,12,0.59,0.36,0.0,0.0,0.0,12013568,0,7,4,1,0,sleeping,3919,3895,0,311296,2661595,97722
2025-05-20 03:48:15,19240,2119888896,33628160,0.0,0.10076763829499193,0,12,0.59,0.36,0.0,0.0,0.0,12013568,0,7,4,1,0,sleeping,3922,3898,0,311296,2663528,97794
2025-05-20 03:48:16,19240,2119888896,33628160,0.0,0.10076763829499193,0,12,0.59,0.36,0.0,0.0,0.0,12013568,0,7,4,1,0,sleeping,3925,3901,0,311296,2665461,97866
2025-05-20 03:48:17,19240,2119888896,33628160,0.0,0.10076763829499193,0,12,0.59,0.36,0.0,0.0,0.0,12013568,0,7,4,1,0,sleeping,3928,3904,0,311296,2667394,97938
2025-05-20 03:48:18,19240,2119888896,33628160,0.0,0.10076763829499193,0,12,0.59,0.36,0.0,0.0,0.0,12013568,0,6,3,1,0,sleeping,3932,3906,0,315392,2671240,98002
2025-05-20 03:48:20,19240,2119888896,33628160,0.0,0.10076763829499193,0,12,0.59,0.36,0.0,0.0,0.0,12013568,0,7,4,1,0,sleeping,3936,3911,0,315392,2673177,98114
2025-05-20 03:48:21,19240,2119888896,33628160,0.0,0.10076763829499193,0,12,0.59,0.36,0.0,0.0,0.0,12013568,0,7,4,1,0,sleeping,3941,3916,0,315392,2675126,98202
2025-05-20 03:48:22,19240,2119888896,33628160,0.0,0.10076763829499193,0,12,0.59,0.36,0.0,0.0,0.0,12013568,0,8,4,1,0,sleeping,3944,3919,0,315392,2677058,98274
2025-05-20 03:48:23,19240,2119888896,33628160,0.0,0.10076763829499193,0,12,0.59,0.36,0.0,0.0,0.0,12013568,0,7,4,1,0,sleeping,3947,3922,0,315392,2678990,98346
2025-05-20 03:48:24,19240,2119888896,33628160,0.0,0.10076763829499193,0,12,0.59,0.36,0.0,0.0,0.0,12013568,0,8,4,1,0,sleeping,3949,3924,0,315392,2680914,98410
2025-05-20 03:48:25,19240,2119888896,33628160,0.9,0.10076763829499193,0,12,0.59,0.37,0.0,0.0,0.0,12013568,0,8,4,1,0,sleeping,3951,3927,0,315392,2682838,98506
2025-05-20 03:48:26,19240,2119888896,33628160,0.0,0.10076763829499193,0,12,0.59,0.37,0.0,0.0,0.0,12013568,0,7,4,1,0,sleeping,3954,3930,0,315392,2684771,98578
2025-05-20 03:48:27,19240,2119888896,33628160,0.0,0.10076763829499193,0,12,0.59,0.37,0.0,0.0,0.0,12013568,0,8,4,1,0,sleeping,3957,3933,0,315392,2686704,98650
2025-05-20 03:48:28,19240,2119888896,33628160,0.0,0.10076763829499193,0,12,0.59,0.37,0.0,0.0,0.0,12017664,0,7,4,1,0,sleeping,3959,3935,0,315392,2688629,98714
2025-05-20 03:48:30,19240,2119888896,33628160,0.0,0.10076763829499193,0,12,0.59,0.37,0.0,0.0,0.0,12025856,0,7,4,1,0,sleeping,3965,3940,0,315392,2692495,98826
2025-05-20 03:48:31,19240,2119888896,33628160,0.0,0.10076763829499193,0,12,0.59,0.37,0.0,0.0,0.0,12058624,0,6,4,1,0,sleeping,3968,3943,0,315392,2694428,98898
2025-05-20 03:48:32,19240,2119888896,33628160,0.0,0.10076763829499193,0,12,0.59,0.37,0.0,0.0,0.0,12058624,0,7,4,1,0,sleeping,3970,3945,0,315392,2696353,98962
2025-05-20 03:48:33,19240,2119888896,33628160,0.0,0.10076763829499193,0,12,0.59,0.37,0.0,0.0,0.0,12058624,0,7,4,1,0,sleeping,3973,3948,0,315392,2698286,99034
2025-05-20 03:48:34,19240,2119888896,33628160,0.0,0.10076763829499193,0,12,0.59,0.37,0.0,0.0,0.0,12062720,0,6,4,1,0,sleeping,3976,3952,0,315392,2700219,99138
2025-05-20 03:48:35,19240,2119888896,33628160,0.0,0.10076763829499193,0,12,0.59,0.37,0.0,0.0,0.0,12062720,0,6,4,1,0,sleeping,3979,3955,0,315392,2702151,99210
2025-05-20 03:48:36,19240,2119888896,33628160,0.0,0.10076763829499193,0,12,0.59,0.37,0.0,0.0,0.0,12062720,0,6,4,1,0,sleeping,3981,3957,0,315392,2704075,99274
2025-05-20 03:48:37,19240,2119888896,33628160,0.0,0.10076763829499193,0,12,0.59,0.37,0.0,0.0,0.0,12062720,0,7,4,1,0,sleeping,3983,3959,0,315392,2706000,99338
2025-05-20 03:48:38,19240,2119888896,33628160,0.0,0.10076763829499193,0,12,0.59,0.37,0.0,0.0,0.0,12062720,0,7,4,1,0,sleeping,3986,3962,0,315392,2707933,99410
2025-05-20 03:48:39,19240,2119888896,33628160,0.0,0.10076763829499193,0,12,0.59,0.37,0.0,0.0,0.0,12062720,0,6,4,1,0,sleeping,3990,3967,0,315392,2709874,99522
2025-05-20 03:48:41,19240,2119888896,33628160,0.0,0.10076763829499193,0,12,0.59,0.37,0.0,0.0,0.0,12062720,0,6,4,1,0,sleeping,3995,3970,0,315392,2713732,99594
2025-05-20 03:48:42,19240,2119888896,33628160,0.0,0.10076763829499193,0,12,0.59,0.37,0.0,0.0,0.0,12062720,0,6,4,1,0,sleeping,3998,3973,0,319488,2715665,99666
2025-05-20 03:48:43,19240,2119888896,33628160,0.9,0.10076763829499193,0,12,0.6,0.37,0.0,0.0,0.0,12062720,0,7,4,1,0,sleeping,4002,3977,0,319488,2717606,99746
2025-05-20 03:48:44,19240,2119888896,33628160,0.0,0.10076763829499193,0,12,0.6,0.37,0.0,0.0,0.0,12062720,0,7,4,1,0,sleeping,4006,3981,0,319488,2719547,99826
2025-05-20 03:48:45,19240,2119888896,33628160,0.0,0.10076763829499193,0,12,0.6,0.37,0.0,0.0,0.0,12062720,0,6,4,1,0,sleeping,4010,3985,0,319488,2721488,99906
2025-05-20 03:48:46,19240,2119888896,33628160,0.0,0.10076763829499193,0,12,0.6,0.37,0.0,0.0,0.0,12062720,0,7,4,1,0,sleeping,4012,3988,0,319488,2723413,100002
2025-05-20 03:48:47,19240,2119888896,33628160,0.0,0.10076763829499193,0,12,0.6,0.37,0.0,0.0,0.0,12062720,0,7,4,1,0,sleeping,4014,3990,0,319488,2725338,100066
2025-05-20 03:48:48,19240,2119888896,33628160,0.0,0.10076763829499193,0,12,0.6,0.37,0.0,0.0,0.0,12062720,0,7,4,1,0,sleeping,4016,3992,0,323584,2727263,100130
2025-05-20 03:48:50,19240,2119888896,33628160,0.0,0.10076763829499193,0,12,0.6,0.37,0.0,0.0,0.0,12062720,0,7,4,1,0,sleeping,4018,3995,0,323584,2729188,100226
2025-05-20 03:48:51,19240,2119888896,33628160,0.0,0.10076763829499193,0,12,0.6,0.37,0.0,0.0,0.0,12062720,0,6,4,1,0,sleeping,4025,4000,0,323584,2733060,100314
2025-05-20 03:48:52,19240,2119888896,33628160,0.0,0.10076763829499193,0,12,0.6,0.37,0.0,0.0,0.0,12062720,0,6,4,1,0,sleeping,4028,4003,0,323584,2734993,100386
2025-05-20 03:48:53,19240,2119888896,33628160,0.0,0.10076763829499193,0,12,0.6,0.37,0.0,0.0,0.0,12062720,0,7,4,1,0,sleeping,4031,4006,0,323584,2736926,100458
2025-05-20 03:48:54,19240,2119888896,33628160,0.0,0.10076763829499193,0,12,0.6,0.37,0.0,0.0,0.0,12062720,0,7,4,1,0,sleeping,4034,4009,0,323584,2738859,100530
2025-05-20 03:48:55,19240,2119888896,33628160,0.0,0.10076763829499193,0,12,0.6,0.37,0.0,0.0,0.0,12062720,0,7,4,1,0,sleeping,4036,4011,0,323584,2740784,100594
2025-05-20 03:48:56,19240,2119888896,33628160,0.0,0.10076763829499193,0,12,0.6,0.37,0.0,0.0,0.0,12062720,0,6,4,1,0,sleeping,4038,4014,0,323584,2742709,100690
2025-05-20 03:48:57,19240,2119888896,33628160,0.0,0.10076763829499193,0,12,0.6,0.37,0.0,0.0,0.0,12062720,0,7,4,1,0,sleeping,4040,4016,0,323584,2744634,100754
2025-05-20 03:48:58,19240,2119888896,33628160,0.0,0.10076763829499193,0,12,0.6,0.37,0.0,0.0,0.0,12062720,0,6,4,1,0,sleeping,4044,4020,0,323584,2746574,100834
2025-05-20 03:48:59,19240,2119888896,33628160,0.0,0.10076763829499193,0,12,0.6,0.37,0.0,0.0,0.0,12062720,0,6,4,1,0,sleeping,4047,4023,0,323584,2748506,100906
2025-05-20 03:49:00,19240,2119888896,33628160,0.0,0.10076763829499193,0,12,0.6,0.37,0.0,0.0,0.0,12062720,0,7,4,1,0,sleeping,4049,4025,0,323584,2750431,100970
2025-05-20 03:49:01,19240,2119888896,33628160,0.0,0.10076763829499193,0,12,0.6,0.37,0.0,0.0,0.0,12066816,0,6,4,1,0,sleeping,4054,4031,0,323584,2752380,101090
2025-05-20 03:49:03,19240,2119888896,33628160,0.0,0.10076763829499193,0,12,0.6,0.37,0.0,0.0,0.0,12066816,0,7,4,1,0,sleeping,4058,4033,0,323584,2756230,101154
2025-05-20 03:49:04,19240,2119888896,33628160,0.0,0.10076763829499193,0,12,0.6,0.37,0.0,0.0,0.0,12066816,0,7,4,1,0,sleeping,4060,4035,0,323584,2758155,101218
2025-05-20 03:49:05,19240,2119888896,33628160,0.0,0.10076763829499193,0,12,0.6,0.37,0.0,0.0,0.0,12066816,0,7,4,1,0,sleeping,4062,4037,0,323584,2760080,101282
2025-05-20 03:49:06,19240,2119888896,33628160,0.0,0.10076763829499193,0,12,0.6,0.37,0.0,0.0,0.0,12066816,0,7,4,1,0,sleeping,4064,4039,0,323584,2762005,101346
2025-05-20 03:49:07,19240,2119888896,33628160,0.0,0.10076763829499193,0,12,0.6,0.37,0.0,0.0,0.0,12066816,0,6,4,1,0,sleeping,4067,4042,0,323584,2763938,101418
2025-05-20 03:49:08,19240,2119888896,33628160,0.9,0.10076763829499193,0,12,0.61,0.37,0.0,0.0,0.0,12066816,0,6,4,1,0,sleeping,4069,4045,0,323584,2765863,101514
2025-05-20 03:49:09,19240,2119888896,33628160,0.0,0.10076763829499193,0,12,0.61,0.37,0.0,0.0,0.0,12066816,0,6,4,1,0,sleeping,4072,4048,0,323584,2767796,101586
2025-05-20 03:49:10,19240,2119888896,33628160,0.0,0.10076763829499193,0,12,0.61,0.37,0.0,0.0,0.0,12066816,0,6,4,1,0,sleeping,4074,4050,0,323584,2769721,101650
2025-05-20 03:49:11,19240,2119888896,33628160,0.0,0.10076763829499193,0,12,0.61,0.37,0.0,0.0,0.0,12066816,0,6,4,1,0,sleeping,4078,4054,0,323584,2771662,101730
2025-05-20 03:49:12,19240,2119888896,33628160,0.0,0.10076763829499193,0,12,0.61,0.37,0.0,0.0,0.0,12066816,0,7,4,1,0,sleeping,4080,4056,0,323584,2773587,101794
2025-05-20 03:49:14,19240,2119888896,33628160,0.0,0.10076763829499193,0,12,0.61,0.37,0.0,0.0,0.0,12066816,0,7,4,1,0,sleeping,4082,4059,0,323584,2775512,101890
2025-05-20 03:49:15,19240,2119888896,33628160,0.0,0.10076763829499193,0,12,0.61,0.37,0.0,0.0,0.0,12070912,0,8,4,1,0,sleeping,4086,4061,0,323584,2779361,101954
2025-05-20 03:49:16,19240,2119888896,33628160,0.0,0.10076763829499193,0,12,0.61,0.37,0.0,0.0,0.0,12083200,0,8,4,1,0,sleeping,4088,4063,0,323584,2781285,102018
2025-05-20 03:49:17,19240,2119888896,33628160,0.0,0.10076763829499193,0,12,0.61,0.37,0.0,0.0,0.0,12087296,0,8,4,1,0,sleeping,4090,4065,0,323584,2783210,102082
2025-05-20 03:49:18,19240,2119888896,33628160,0.0,0.10076763829499193,0,12,0.61,0.37,0.0,0.0,0.0,12095488,0,8,4,1,0,sleeping,4092,4067,0,323584,2785135,102146
2025-05-20 03:49:19,19240,2119888896,33628160,0.0,0.10076763829499193,0,12,0.61,0.37,0.0,0.0,0.0,12099584,0,8,4,1,0,sleeping,4094,4069,0,323584,2787060,102210
2025-05-20 03:49:20,19240,2119888896,33759232,0.0,0.10116039888274342,0,12,0.61,0.37,0.0,0.0,0.0,12120064,0,7,4,1,0,sleeping,4096,4072,0,327680,2788985,102306
2025-05-20 03:49:21,19240,2119888896,33759232,0.0,0.10116039888274342,0,12,0.61,0.37,0.0,0.0,0.0,12136448,0,6,4,1,0,sleeping,4099,4075,0,327680,2790918,102378
2025-05-20 03:49:22,19240,2119888896,33759232,0.0,0.10116039888274342,0,12,0.61,0.37,0.0,0.0,0.0,12136448,0,7,4,1,0,sleeping,4102,4078,0,327680,2792851,102450
2025-05-20 03:49:23,19240,2119888896,33759232,0.0,0.10116039888274342,0,12,0.61,0.37,0.0,0.0,0.0,12152832,0,7,4,1,0,sleeping,4104,4080,0,327680,2794776,102514
2025-05-20 03:49:24,19240,2119888896,33759232,0.0,0.10116039888274342,0,12,0.61,0.37,0.0,0.0,0.0,12161024,0,6,4,1,0,sleeping,4106,4082,0,327680,2796701,102578
2025-05-20 03:49:25,19240,2119888896,33759232,0.0,0.10116039888274342,0,12,0.61,0.37,0.0,0.0,0.0,12169216,0,7,4,1,0,sleeping,4109,4086,0,327680,2798634,102682
2025-05-20 03:49:27,19240,2119888896,33759232,0.0,0.10116039888274342,0,12,0.61,0.37,0.0,0.0,0.0,12173312,0,6,4,1,0,sleeping,4113,4088,0,327680,2802484,102746
2025-05-20 03:49:28,19240,2119888896,33759232,0.0,0.10116039888274342,0,12,0.61,0.37,0.0,0.0,0.0,12173312,0,6,4,1,0,sleeping,4115,4090,0,327680,2804409,102810
2025-05-20 03:49:29,19240,2119888896,33759232,0.0,0.10116039888274342,0,12,0.61,0.37,0.0,0.0,0.0,12173312,0,6,4,1,0,sleeping,4117,4092,0,327680,2806334,102874
2025-05-20 03:49:30,19240,2119888896,33759232,0.0,0.10116039888274342,0,12,0.61,0.37,0.0,0.0,0.0,12173312,0,7,4,1,0,sleeping,4119,4094,0,327680,2808258,102938
2025-05-20 03:49:31,19240,2119888896,33759232,0.0,0.10116039888274342,0,12,0.61,0.37,0.0,0.0,0.0,12173312,0,6,4,1,0,sleeping,4121,4097,0,327680,2810182,103034
2025-05-20 03:49:32,19240,2119888896,33759232,0.9,0.10116039888274342,0,12,0.62,0.37,0.0,0.0,0.0,12173312,0,7,4,1,0,sleeping,4123,4099,0,327680,2812107,103098
2025-05-20 03:49:33,19240,2119888896,33759232,0.0,0.10116039888274342,0,12,0.62,0.37,0.0,0.0,0.0,12173312,0,6,4,1,0,sleeping,4126,4102,0,327680,2814040,103170
2025-05-20 03:49:34,19240,2119888896,33759232,0.0,0.10116039888274342,0,12,0.62,0.37,0.0,0.0,0.0,12173312,0,7,4,1,0,sleeping,4128,4104,0,327680,2815964,103234
2025-05-20 03:49:36,19240,2119888896,33759232,0.0,0.10116039888274342,0,12,0.62,0.37,0.0,0.0,0.0,12173312,0,7,4,1,0,sleeping,4130,4107,0,327680,2817888,103330
2025-05-20 03:49:37,19240,2119888896,33759232,0.9,0.10116039888274342,0,12,0.62,0.38,0.0,0.0,0.0,12173312,0,8,4,1,0,sleeping,4134,4109,0,327680,2821738,103394
2025-05-20 03:49:38,19240,2119888896,33759232,0.0,0.10116039888274342,0,12,0.62,0.38,0.0,0.0,0.0,12173312,0,7,4,1,0,sleeping,4137,4112,0,327680,2823670,103466
2025-05-20 03:49:39,19240,2119888896,33759232,0.0,0.10116039888274342,0,12,0.62,0.38,0.0,0.0,0.0,12173312,0,7,4,1,0,sleeping,4139,4114,0,327680,2825594,103530
2025-05-20 03:49:40,19240,2119888896,33759232,0.0,0.10116039888274342,0,12,0.62,0.38,0.0,0.0,0.0,12173312,0,8,4,1,0,sleeping,4141,4117,0,327680,2827518,103626
2025-05-20 03:49:41,19240,2119888896,33759232,0.0,0.10116039888274342,0,12,0.62,0.38,0.0,0.0,0.0,12173312,0,7,4,1,0,sleeping,4143,4119,0,327680,2829442,103690
2025-05-20 03:49:42,19240,2119888896,33759232,0.0,0.10116039888274342,0,12,0.62,0.38,0.0,0.0,0.0,12173312,0,7,4,1,0,sleeping,4145,4121,0,327680,2831367,103754
2025-05-20 03:49:43,19240,2119888896,33759232,0.0,0.10116039888274342,0,12,0.62,0.38,0.0,0.0,0.0,12173312,0,7,4,1,0,sleeping,4147,4123,0,327680,2833292,103818
2025-05-20 03:49:44,19240,2119888896,33759232,0.0,0.10116039888274342,0,12,0.62,0.38,0.0,0.0,0.0,12173312,0,8,4,1,0,sleeping,4149,4125,0,327680,2835217,103882
2025-05-20 03:49:45,19240,2119888896,33759232,0.0,0.10116039888274342,0,12,0.62,0.38,0.0,0.0,0.0,12173312,0,8,4,1,0,sleeping,4151,4127,0,331776,2837142,103946
2025-05-20 03:49:47,19240,2119888896,33759232,0.0,0.10116039888274342,0,12,0.62,0.38,0.0,0.0,0.0,12173312,0,7,4,1,0,sleeping,4153,4130,0,331776,2839067,104042
2025-05-20 03:49:48,19240,2119888896,33759232,0.0,0.10116039888274342,0,12,0.62,0.38,0.0,0.0,0.0,12173312,0,6,4,1,0,sleeping,4158,4133,0,331776,2842925,104114
2025-05-20 03:49:49,19240,2119888896,33759232,0.0,0.10116039888274342,0,12,0.62,0.38,0.0,0.0,0.0,12173312,0,6,4,1,0,sleeping,4160,4135,0,331776,2844850,104178
2025-05-20 03:49:50,19240,2119888896,33759232,0.0,0.10116039888274342,0,12,0.62,0.38,0.0,0.0,0.0,12173312,0,7,4,1,0,sleeping,4163,4138,0,335872,2846783,104250
2025-05-20 03:49:51,19240,2119888896,33759232,0.0,0.10116039888274342,0,12,0.62,0.38,0.0,0.0,0.0,12173312,0,7,4,1,0,sleeping,4165,4140,0,335872,2848708,104314
2025-05-20 03:49:52,19240,2119888896,33759232,0.0,0.10116039888274342,0,12,0.62,0.38,0.0,0.0,0.0,12173312,0,6,4,1,0,sleeping,4168,4144,0,335872,2850640,104418
2025-05-20 03:49:53,19240,2119888896,33759232,0.0,0.10116039888274342,0,12,0.62,0.38,0.0,0.0,0.0,12173312,0,6,4,1,0,sleeping,4171,4147,0,335872,2852572,104490
2025-05-20 03:49:54,19240,2119888896,33759232,0.0,0.10116039888274342,0,12,0.62,0.38,0.0,0.0,0.0,12173312,0,7,4,1,0,sleeping,4173,4149,0,335872,2854497,104554
2025-05-20 03:49:55,19240,2119888896,33759232,0.0,0.10116039888274342,0,12,0.62,0.38,0.0,0.0,0.0,12173312,0,7,4,1,0,sleeping,4175,4151,0,339968,2856422,104618
2025-05-20 03:49:56,19240,2119888896,33759232,0.0,0.10116039888274342,0,12,0.62,0.38,0.0,0.0,0.0,12173312,0,7,4,1,0,sleeping,4178,4154,0,339968,2858355,104690
2025-05-20 03:49:57,19240,2119888896,33759232,0.0,0.10116039888274342,0,12,0.62,0.38,0.0,0.0,0.0,12173312,0,7,4,1,0,sleeping,4181,4157,0,339968,2860288,104762
2025-05-20 03:49:59,19240,2119888896,33759232,0.0,0.10116039888274342,0,12,0.62,0.38,0.0,0.0,0.0,12173312,0,6,4,1,0,sleeping,4183,4160,0,339968,2862214,104858
