Time,PID,Virt,Res,CPU,Memory,TCP Connections,Thread Count,User,System,Children_User,Children_System,IO,uss,swap,processor_num,core_num,cpu_num,cpu_ids,process_status,read_count,write_count,read_bytes,write_bytes,read_chars,write_chars
2025-05-20 03:54:51,21267,2043469824,29896704,0.0,0.08958623531244166,0,11,0.01,0.01,0.0,0.0,0.0,8892416,0,6,4,1,0,sleeping,36,5,0,0,14804,298
2025-05-20 03:54:52,21267,2043469824,29896704,0.0,0.08958623531244166,0,11,0.01,0.01,0.0,0.0,0.0,8896512,0,6,3,1,0,sleeping,39,8,0,4096,16694,366
2025-05-20 03:54:53,21267,2043469824,29896704,0.0,0.08958623531244166,0,11,0.01,0.01,0.0,0.0,0.0,8904704,0,6,3,1,0,sleeping,43,12,0,4096,18596,442
2025-05-20 03:54:54,21267,2043469824,29896704,0.0,0.08958623531244166,0,11,0.01,0.01,0.0,0.0,0.0,8908800,0,6,4,1,0,sleeping,47,16,0,4096,20506,518
2025-05-20 03:54:55,21267,2043469824,29896704,0.0,0.08958623531244166,0,11,0.01,0.01,0.0,0.0,0.0,8916992,0,6,4,1,0,sleeping,50,19,0,4096,22410,586
2025-05-20 03:54:56,21267,2043469824,29896704,0.0,0.08958623531244166,0,11,0.01,0.01,0.0,0.0,0.0,8937472,0,4,3,1,0,sleeping,54,24,0,4096,24324,692
2025-05-20 03:54:57,21267,2043469824,29896704,0.0,0.08958623531244166,0,11,0.01,0.01,0.0,0.0,0.0,8962048,0,5,4,1,0,sleeping,57,27,0,4096,26237,760
2025-05-20 03:54:58,21267,2043469824,29896704,0.0,0.08958623531244166,0,11,0.01,0.01,0.0,0.0,0.0,8974336,0,5,4,1,0,sleeping,61,31,0,4096,28160,836
2025-05-20 03:54:59,21267,2043469824,30027776,0.0,0.08997899590019315,0,11,0.01,0.01,0.0,0.0,0.0,8990720,0,5,4,1,0,sleeping,63,33,0,4096,30068,896
2025-05-20 03:55:00,21267,2043469824,30027776,0.0,0.08997899590019315,0,11,0.01,0.01,0.0,0.0,0.0,9007104,0,5,4,1,0,sleeping,67,37,0,4096,31992,972
2025-05-20 03:55:01,21267,2043469824,30027776,0.0,0.08997899590019315,0,11,0.01,0.01,0.0,0.0,0.0,9019392,0,6,4,1,0,sleeping,71,42,0,4096,33916,1078
2025-05-20 03:55:03,21267,2043469824,30027776,0.0,0.08997899590019315,0,11,0.01,0.01,0.0,0.0,0.0,9027584,0,6,4,1,0,sleeping,77,46,0,4096,37748,1154
2025-05-20 03:55:04,21267,2043469824,30027776,0.0,0.08997899590019315,0,11,0.01,0.01,0.0,0.0,0.0,9043968,0,7,4,1,0,sleeping,81,51,0,4096,39672,1260
2025-05-20 03:55:05,21267,2043469824,30027776,0.7,0.08997899590019315,0,11,0.02,0.01,0.0,0.0,0.0,9052160,0,6,4,1,0,sleeping,87,56,0,4096,43502,1366
2025-05-20 03:55:07,21267,2043469824,30027776,0.0,0.08997899590019315,0,11,0.02,0.01,0.0,0.0,0.0,9068544,0,6,4,1,0,sleeping,91,61,0,4096,45426,1472
2025-05-20 03:55:08,21267,2043469824,30027776,0.8,0.08997899590019315,0,11,0.02,0.02,0.0,0.0,0.0,9089024,0,6,4,1,0,sleeping,95,65,0,4096,47350,1548
2025-05-20 03:55:09,21267,2043469824,30158848,0.0,0.09037175648794464,0,11,0.02,0.02,0.0,0.0,0.0,9101312,0,6,4,1,0,sleeping,98,68,0,4096,49266,1616
2025-05-20 03:55:10,21267,2043469824,30158848,0.0,0.09037175648794464,0,11,0.02,0.02,0.0,0.0,0.0,9129984,0,6,4,1,0,sleeping,101,71,0,4096,51182,1684
2025-05-20 03:55:11,21267,2043469824,30158848,0.0,0.09037175648794464,0,11,0.02,0.02,0.0,0.0,0.0,9138176,0,6,4,1,0,sleeping,105,76,0,4096,53105,1790
2025-05-20 03:55:13,21267,2043469824,30158848,0.0,0.09037175648794464,0,11,0.02,0.02,0.0,0.0,0.0,9183232,0,6,4,1,0,sleeping,110,79,0,4096,56928,1858
2025-05-20 03:55:14,21267,2043469824,30289920,0.0,0.09076451707569613,0,11,0.02,0.02,0.0,0.0,0.0,9191424,0,6,4,1,0,sleeping,113,82,0,4096,58844,1926
2025-05-20 03:55:15,21267,2043469824,30289920,0.0,0.09076451707569613,0,11,0.02,0.02,0.0,0.0,0.0,9195520,0,6,4,1,0,sleeping,117,86,0,4096,60768,2002
2025-05-20 03:55:16,21267,2043469824,30289920,0.0,0.09076451707569613,0,11,0.02,0.02,0.0,0.0,0.0,9195520,0,6,4,1,0,sleeping,120,89,0,4096,62684,2070
2025-05-20 03:55:17,21267,2043469824,30289920,0.0,0.09076451707569613,0,11,0.02,0.02,0.0,0.0,0.0,9211904,0,6,4,1,0,sleeping,122,91,0,4096,64591,2130
2025-05-20 03:55:18,21267,2043469824,30289920,0.0,0.09076451707569613,0,11,0.02,0.02,0.0,0.0,0.0,9211904,0,7,4,1,0,sleeping,126,95,0,4096,66514,2206
2025-05-20 03:55:19,21267,2043469824,30289920,0.0,0.09076451707569613,0,11,0.02,0.02,0.0,0.0,0.0,9216000,0,7,4,1,0,sleeping,129,99,0,4096,68430,2304
2025-05-20 03:55:20,21267,2043469824,30289920,0.0,0.09076451707569613,0,11,0.02,0.02,0.0,0.0,0.0,9232384,0,7,4,1,0,sleeping,131,101,0,4096,70337,2364
2025-05-20 03:55:21,21267,2043469824,30289920,0.0,0.09076451707569613,0,11,0.02,0.02,0.0,0.0,0.0,9232384,0,7,4,1,0,sleeping,135,105,0,4096,72260,2440
2025-05-20 03:55:22,21267,2043469824,30289920,0.0,0.09076451707569613,0,11,0.02,0.02,0.0,0.0,0.0,9248768,0,7,4,1,0,sleeping,142,111,0,4096,76098,2554
2025-05-20 03:55:24,21267,2043469824,30289920,0.0,0.09076451707569613,0,11,0.02,0.02,0.0,0.0,0.0,9265152,0,6,4,1,0,sleeping,147,117,0,8192,78030,2668
2025-05-20 03:55:25,21267,2043469824,30289920,0.7,0.09076451707569613,0,11,0.03,0.02,0.0,0.0,0.0,9273344,0,7,4,1,0,sleeping,153,122,0,8192,81862,2774
2025-05-20 03:55:27,21267,2043469824,30289920,0.7,0.09076451707569613,0,11,0.03,0.03,0.0,0.0,0.0,9293824,0,7,4,1,0,sleeping,158,128,0,8192,83794,2888
2025-05-20 03:55:28,21267,2043469824,30289920,0.0,0.09076451707569613,0,11,0.03,0.03,0.0,0.0,0.0,9293824,0,7,4,1,0,sleeping,161,131,0,8192,85710,2956
2025-05-20 03:55:29,21267,2043469824,30289920,0.0,0.09076451707569613,0,11,0.03,0.03,0.0,0.0,0.0,9297920,0,7,4,1,0,sleeping,164,134,0,8192,87626,3024
2025-05-20 03:55:30,21267,2043469824,30289920,0.0,0.09076451707569613,0,11,0.03,0.03,0.0,0.0,0.0,9302016,0,6,4,1,0,sleeping,167,137,0,8192,89536,3092
2025-05-20 03:55:31,21267,2043469824,30289920,0.0,0.09076451707569613,0,11,0.03,0.03,0.0,0.0,0.0,9322496,0,6,3,1,0,sleeping,170,140,0,8192,91446,3160
2025-05-20 03:55:32,21267,2043469824,30289920,0.0,0.09076451707569613,0,11,0.03,0.03,0.0,0.0,0.0,9326592,0,6,3,1,0,sleeping,174,144,0,8192,93364,3236
2025-05-20 03:55:33,21267,2043469824,30289920,0.0,0.09076451707569613,0,11,0.03,0.03,0.0,0.0,0.0,9347072,0,6,3,1,0,sleeping,178,149,0,8192,95282,3342
2025-05-20 03:55:35,21267,2043469824,30289920,0.0,0.09076451707569613,0,11,0.03,0.03,0.0,0.0,0.0,9375744,0,7,4,1,0,sleeping,181,152,0,8192,97192,3410
2025-05-20 03:55:36,21267,2043469824,30289920,0.0,0.09076451707569613,0,11,0.03,0.03,0.0,0.0,0.0,9383936,0,6,4,1,0,sleeping,187,156,0,8192,101012,3486
2025-05-20 03:55:37,21267,2043469824,30289920,0.0,0.09076451707569613,0,11,0.03,0.03,0.0,0.0,0.0,9408512,0,7,4,1,0,sleeping,190,159,0,8192,102922,3554
2025-05-20 03:55:38,21267,2043469824,30289920,0.0,0.09076451707569613,0,11,0.03,0.03,0.0,0.0,0.0,9416704,0,7,4,1,0,sleeping,194,163,0,8192,104840,3630
2025-05-20 03:55:39,21267,2043469824,30289920,0.0,0.09076451707569613,0,11,0.03,0.03,0.0,0.0,0.0,9441280,0,6,3,1,0,sleeping,197,167,0,8192,106750,3728
2025-05-20 03:55:40,21267,2043469824,30289920,0.0,0.09076451707569613,0,11,0.03,0.03,0.0,0.0,0.0,9449472,0,6,3,1,0,sleeping,199,169,0,8192,108652,3788
2025-05-20 03:55:41,21267,2043469824,30289920,0.7,0.09076451707569613,0,11,0.04,0.03,0.0,0.0,0.0,9469952,0,7,4,1,0,sleeping,204,173,0,8192,112463,3886
2025-05-20 03:55:43,21267,2043469824,30289920,0.0,0.09076451707569613,0,11,0.04,0.03,0.0,0.0,0.0,9474048,0,6,4,1,0,sleeping,207,176,0,8192,114372,3954
2025-05-20 03:55:44,21267,2043469824,30289920,0.0,0.09076451707569613,0,11,0.04,0.03,0.0,0.0,0.0,9490432,0,6,4,1,0,sleeping,210,180,0,8192,116282,4052
2025-05-20 03:55:45,21267,2043469824,30289920,0.0,0.09076451707569613,0,11,0.04,0.03,0.0,0.0,0.0,9490432,0,6,4,1,0,sleeping,214,184,0,8192,118200,4128
2025-05-20 03:55:46,21267,2043469824,30289920,0.0,0.09076451707569613,0,11,0.04,0.03,0.0,0.0,0.0,9519104,0,6,4,1,0,sleeping,217,187,0,8192,120110,4196
2025-05-20 03:55:47,21267,2043469824,30289920,0.0,0.09076451707569613,0,11,0.04,0.03,0.0,0.0,0.0,9523200,0,6,4,1,0,sleeping,220,190,0,8192,122020,4264
2025-05-20 03:55:48,21267,2043469824,30420992,0.0,0.09115727766344763,0,11,0.04,0.03,0.0,0.0,0.0,9535488,0,6,4,1,0,sleeping,223,193,0,8192,123930,4332
2025-05-20 03:55:49,21267,2043469824,30420992,0.0,0.09115727766344763,0,11,0.04,0.03,0.0,0.0,0.0,9555968,0,6,4,1,0,sleeping,227,197,0,8192,125847,4408
2025-05-20 03:55:50,21267,2043469824,30420992,0.0,0.09115727766344763,0,11,0.04,0.03,0.0,0.0,0.0,9560064,0,6,4,1,0,sleeping,230,200,0,8192,127755,4476
2025-05-20 03:55:51,21267,2043469824,30420992,0.0,0.09115727766344763,0,11,0.04,0.03,0.0,0.0,0.0,9568256,0,6,4,1,0,sleeping,233,204,0,8192,129664,4574
2025-05-20 03:55:53,21267,2043469824,30420992,0.0,0.09115727766344763,0,11,0.04,0.03,0.0,0.0,0.0,9584640,0,6,4,1,0,sleeping,236,207,0,8192,131573,4642
2025-05-20 03:55:54,21267,2043469824,30420992,0.0,0.09115727766344763,0,11,0.04,0.03,0.0,0.0,0.0,9592832,0,6,4,1,0,sleeping,242,211,0,8192,135392,4718
2025-05-20 03:55:55,21267,2043469824,30420992,0.0,0.09115727766344763,0,11,0.04,0.03,0.0,0.0,0.0,9617408,0,6,4,1,0,sleeping,245,214,0,8192,137302,4786
2025-05-20 03:55:56,21267,2043469824,30420992,0.0,0.09115727766344763,0,11,0.04,0.03,0.0,0.0,0.0,9650176,0,6,4,1,0,sleeping,249,218,0,8192,139220,4862
2025-05-20 03:55:57,21267,2043469824,30420992,0.8,0.09115727766344763,0,11,0.04,0.04,0.0,0.0,0.0,9691136,0,6,4,1,0,sleeping,253,223,0,8192,141137,4968
2025-05-20 03:55:58,21267,2043469824,30420992,0.0,0.09115727766344763,0,11,0.04,0.04,0.0,0.0,0.0,9691136,0,6,4,1,0,sleeping,257,227,0,12288,143054,5044
2025-05-20 03:56:00,21267,2043469824,30420992,0.7,0.09115727766344763,0,11,0.05,0.04,0.0,0.0,0.0,9736192,0,6,4,1,0,sleeping,263,232,0,16384,146874,5150
2025-05-20 03:56:01,21267,2043469824,30552064,0.0,0.09155003825119912,0,11,0.05,0.04,0.0,0.0,0.0,9768960,0,6,4,1,0,sleeping,268,238,0,16384,148799,5264
2025-05-20 03:56:02,21267,2043469824,30552064,0.0,0.09155003825119912,0,11,0.05,0.04,0.0,0.0,0.0,9773056,0,6,4,1,0,sleeping,271,241,0,16384,150708,5332
2025-05-20 03:56:03,21267,2043469824,30552064,0.0,0.09155003825119912,0,11,0.05,0.04,0.0,0.0,0.0,9781248,0,6,4,1,0,sleeping,274,244,0,16384,152618,5400
2025-05-20 03:56:04,21267,2043469824,30552064,0.0,0.09155003825119912,0,11,0.05,0.04,0.0,0.0,0.0,9805824,0,6,3,1,0,sleeping,278,248,0,16384,154536,5476
2025-05-20 03:56:05,21267,2043469824,30552064,0.0,0.09155003825119912,0,11,0.05,0.04,0.0,0.0,0.0,9818112,0,6,4,1,0,sleeping,282,252,0,16384,156454,5552
2025-05-20 03:56:06,21267,2043469824,30552064,0.0,0.09155003825119912,0,11,0.05,0.04,0.0,0.0,0.0,9826304,0,6,4,1,0,sleeping,286,256,0,16384,158372,5628
2025-05-20 03:56:07,21267,2043469824,30552064,0.0,0.09155003825119912,0,11,0.05,0.04,0.0,0.0,0.0,9846784,0,7,4,1,0,sleeping,288,258,0,16384,160274,5688
2025-05-20 03:56:08,21267,2043469824,30552064,0.0,0.09155003825119912,0,11,0.05,0.04,0.0,0.0,0.0,9863168,0,6,4,1,0,sleeping,292,263,0,16384,162192,5794
2025-05-20 03:56:10,21267,2119626752,31469568,0.0,0.09429936236545956,0,12,0.05,0.04,0.0,0.0,0.0,10506240,0,5,4,1,0,sleeping,294,265,0,16384,164094,5854
2025-05-20 03:56:11,21267,2119626752,31469568,0.0,0.09429936236545956,0,12,0.05,0.04,0.0,0.0,0.0,10514432,0,7,4,1,0,sleeping,296,267,0,16384,165996,5914
2025-05-20 03:56:12,21267,2119626752,31469568,0.0,0.09429936236545956,0,12,0.05,0.04,0.0,0.0,0.0,10518528,0,7,4,1,0,sleeping,298,269,0,16384,167897,5974
2025-05-20 03:56:13,21267,2119626752,31469568,0.0,0.09429936236545956,0,12,0.05,0.04,0.0,0.0,0.0,10526720,0,6,4,1,0,sleeping,303,272,0,16384,171708,6042
2025-05-20 03:56:14,21267,2119626752,31469568,0.0,0.09429936236545956,0,12,0.05,0.04,0.0,0.0,0.0,10534912,0,7,4,1,0,sleeping,306,275,0,16384,173617,6110
2025-05-20 03:56:15,21267,2119626752,31469568,0.0,0.09429936236545956,0,12,0.05,0.04,0.0,0.0,0.0,10539008,0,7,4,1,0,sleeping,310,279,0,16384,175535,6186
2025-05-20 03:56:16,21267,2119626752,31469568,0.0,0.09429936236545956,0,12,0.05,0.04,0.0,0.0,0.0,10551296,0,6,4,1,0,sleeping,313,283,0,16384,177447,6284
2025-05-20 03:56:17,21267,2119626752,31469568,0.0,0.09429936236545956,0,12,0.05,0.04,0.0,0.0,0.0,10551296,0,7,4,1,0,sleeping,317,287,0,16384,179367,6360
2025-05-20 03:56:19,21267,2119626752,31469568,0.7,0.09429936236545956,0,12,0.06,0.04,0.0,0.0,0.0,10559488,0,7,4,1,0,sleeping,323,292,0,16384,183192,6466
2025-05-20 03:56:20,21267,2119626752,31469568,0.0,0.09429936236545956,0,12,0.06,0.04,0.0,0.0,0.0,10563584,0,7,4,1,0,sleeping,328,298,0,16384,185122,6580
2025-05-20 03:56:21,21267,2119626752,31469568,0.0,0.09429936236545956,0,12,0.06,0.04,0.0,0.0,0.0,10563584,0,7,4,1,0,sleeping,332,302,0,16384,187044,6656
2025-05-20 03:56:22,21267,2119626752,31469568,0.0,0.09429936236545956,0,12,0.06,0.04,0.0,0.0,0.0,10567680,0,6,4,1,0,sleeping,334,304,0,16384,188950,6716
2025-05-20 03:56:23,21267,2119626752,31469568,0.0,0.09429936236545956,0,12,0.06,0.04,0.0,0.0,0.0,10567680,0,6,4,1,0,sleeping,337,307,0,16384,190864,6784
2025-05-20 03:56:24,21267,2119626752,31469568,0.0,0.09429936236545956,0,12,0.06,0.04,0.0,0.0,0.0,10571776,0,5,4,1,0,sleeping,340,310,0,16384,192778,6852
2025-05-20 03:56:25,21267,2119626752,31469568,0.0,0.09429936236545956,0,12,0.06,0.04,0.0,0.0,0.0,10575872,0,6,4,1,0,sleeping,343,314,0,16384,194692,6950
2025-05-20 03:56:27,21267,2119626752,31469568,0.0,0.09429936236545956,0,12,0.06,0.04,0.0,0.0,0.0,10579968,0,6,4,1,0,sleeping,346,317,0,16384,196606,7018
2025-05-20 03:56:28,21267,2119626752,31469568,0.0,0.09429936236545956,0,12,0.06,0.04,0.0,0.0,0.0,10579968,0,6,4,1,0,sleeping,349,320,0,16384,198520,7086
2025-05-20 03:56:29,21267,2119626752,31469568,0.0,0.09429936236545956,0,12,0.06,0.04,0.0,0.0,0.0,10579968,0,7,4,1,0,sleeping,351,322,0,20480,200426,7146
2025-05-20 03:56:30,21267,2119626752,31469568,0.9,0.09429936236545956,0,12,0.07,0.04,0.0,0.0,0.0,10579968,0,7,4,1,0,sleeping,355,324,0,20480,204237,7206
2025-05-20 03:56:31,21267,2119626752,31469568,0.0,0.09429936236545956,0,12,0.07,0.04,0.0,0.0,0.0,10579968,0,7,4,1,0,sleeping,358,327,0,20480,206150,7274
2025-05-20 03:56:32,21267,2119626752,31469568,0.0,0.09429936236545956,0,12,0.07,0.04,0.0,0.0,0.0,10579968,0,7,4,1,0,sleeping,361,330,0,20480,208064,7342
2025-05-20 03:56:33,21267,2119626752,31469568,0.0,0.09429936236545956,0,12,0.07,0.04,0.0,0.0,0.0,10579968,0,7,4,1,0,sleeping,364,334,0,20480,209978,7440
2025-05-20 03:56:34,21267,2119626752,31469568,0.0,0.09429936236545956,0,12,0.07,0.04,0.0,0.0,0.0,10584064,0,7,4,1,0,sleeping,368,338,0,20480,211900,7516
2025-05-20 03:56:36,21267,2119626752,31469568,0.7,0.09429936236545956,0,12,0.07,0.05,0.0,0.0,0.0,10584064,0,7,4,1,0,sleeping,376,345,0,20480,215742,7638
2025-05-20 03:56:37,21267,2119626752,31469568,0.0,0.09429936236545956,0,12,0.07,0.05,0.0,0.0,0.0,10584064,0,7,4,1,0,sleeping,379,349,0,20480,217656,7736
2025-05-20 03:56:38,21267,2119626752,31469568,0.0,0.09429936236545956,0,12,0.07,0.05,0.0,0.0,0.0,10592256,0,7,4,1,0,sleeping,382,353,0,20480,219570,7834
2025-05-20 03:56:40,21267,2119626752,31469568,0.0,0.09429936236545956,0,12,0.07,0.05,0.0,0.0,0.0,10592256,0,7,4,1,0,sleeping,385,356,0,20480,221484,7902
2025-05-20 03:56:41,21267,2119626752,31469568,0.0,0.09429936236545956,0,12,0.07,0.05,0.0,0.0,0.0,10592256,0,7,4,1,0,sleeping,388,359,0,20480,223398,7970
2025-05-20 03:56:42,21267,2119626752,31469568,0.0,0.09429936236545956,0,12,0.07,0.05,0.0,0.0,0.0,10596352,0,7,4,1,0,sleeping,394,363,0,20480,227225,8046
2025-05-20 03:56:43,21267,2119626752,31469568,0.0,0.09429936236545956,0,12,0.07,0.05,0.0,0.0,0.0,10596352,0,7,4,1,0,sleeping,397,366,0,20480,229138,8114
2025-05-20 03:56:44,21267,2119626752,31469568,0.0,0.09429936236545956,0,12,0.07,0.05,0.0,0.0,0.0,10596352,0,7,4,1,0,sleeping,400,370,0,20480,231052,8212
2025-05-20 03:56:45,21267,2119626752,31469568,0.0,0.09429936236545956,0,12,0.07,0.05,0.0,0.0,0.0,10604544,0,7,4,1,0,sleeping,404,374,0,20480,232974,8288
2025-05-20 03:56:46,21267,2119626752,31600640,0.0,0.09469212295321104,0,12,0.07,0.05,0.0,0.0,0.0,10608640,0,7,4,1,0,sleeping,407,377,0,20480,234888,8356
2025-05-20 03:56:47,21267,2119626752,31600640,0.0,0.09469212295321104,0,12,0.07,0.05,0.0,0.0,0.0,10612736,0,7,4,1,0,sleeping,411,381,0,20480,236810,8432
2025-05-20 03:56:48,21267,2119626752,31600640,0.0,0.09469212295321104,0,12,0.07,0.05,0.0,0.0,0.0,10612736,0,7,4,1,0,sleeping,414,384,0,20480,238730,8500
2025-05-20 03:56:49,21267,2119626752,31600640,0.0,0.09469212295321104,0,12,0.07,0.05,0.0,0.0,0.0,10620928,0,6,4,1,0,sleeping,417,387,0,20480,240650,8568
2025-05-20 03:56:50,21267,2119626752,31600640,0.0,0.09469212295321104,0,12,0.07,0.05,0.0,0.0,0.0,10620928,0,7,4,1,0,sleeping,420,390,0,20480,242570,8636
2025-05-20 03:56:51,21267,2119626752,31600640,0.9,0.09469212295321104,0,12,0.07,0.06,0.0,0.0,0.0,10620928,0,7,4,1,0,sleeping,425,396,0,20480,244506,8750
2025-05-20 03:56:53,21267,2119626752,31600640,0.0,0.09469212295321104,0,12,0.07,0.06,0.0,0.0,0.0,10629120,0,6,4,1,0,sleeping,431,400,0,20480,248346,8826
2025-05-20 03:56:54,21267,2119626752,31600640,0.0,0.09469212295321104,0,12,0.07,0.06,0.0,0.0,0.0,10633216,0,6,4,1,0,sleeping,436,406,0,20480,250281,8940
2025-05-20 03:56:56,21267,2119626752,31600640,0.7,0.09469212295321104,0,12,0.08,0.06,0.0,0.0,0.0,10518528,0,6,4,1,0,sleeping,440,411,0,20480,252208,9046
2025-05-20 03:56:57,21267,2119626752,31600640,0.0,0.09469212295321104,0,12,0.08,0.06,0.0,0.0,0.0,10518528,0,7,4,1,0,sleeping,445,415,0,20480,256040,9144
2025-05-20 03:56:58,21267,2119626752,31600640,0.0,0.09469212295321104,0,12,0.08,0.06,0.0,0.0,0.0,10518528,0,7,4,1,0,sleeping,448,418,0,20480,257960,9212
2025-05-20 03:56:59,21267,2119626752,31600640,0.0,0.09469212295321104,0,12,0.08,0.06,0.0,0.0,0.0,10518528,0,6,4,1,0,sleeping,451,421,0,20480,259880,9280
2025-05-20 03:57:00,21267,2119626752,31600640,0.0,0.09469212295321104,0,12,0.08,0.06,0.0,0.0,0.0,10530816,0,7,4,1,0,sleeping,453,423,0,20480,261792,9340
2025-05-20 03:57:01,21267,2119626752,31600640,0.9,0.09469212295321104,0,12,0.08,0.07,0.0,0.0,0.0,10530816,0,6,4,1,0,sleeping,456,426,0,20480,263711,9408
2025-05-20 03:57:02,21267,2119626752,31600640,0.0,0.09469212295321104,0,12,0.08,0.07,0.0,0.0,0.0,10530816,0,6,4,1,0,sleeping,459,429,0,20480,265630,9476
2025-05-20 03:57:03,21267,2119626752,31600640,0.0,0.09469212295321104,0,12,0.08,0.07,0.0,0.0,0.0,10534912,0,6,4,1,0,sleeping,462,432,0,24576,267550,9544
2025-05-20 03:57:04,21267,2119626752,31600640,0.0,0.09469212295321104,0,12,0.08,0.07,0.0,0.0,0.0,10534912,0,6,4,1,0,sleeping,467,438,0,24576,269486,9658
2025-05-20 03:57:06,21267,2119626752,31600640,0.0,0.09469212295321104,0,12,0.08,0.07,0.0,0.0,0.0,10534912,0,6,3,1,0,sleeping,469,440,0,24576,271398,9718
2025-05-20 03:57:07,21267,2119626752,31600640,0.0,0.09469212295321104,0,12,0.08,0.07,0.0,0.0,0.0,10534912,0,6,4,1,0,sleeping,472,443,0,24576,273318,9786
2025-05-20 03:57:08,21267,2119626752,31600640,0.0,0.09469212295321104,0,12,0.08,0.07,0.0,0.0,0.0,10534912,0,6,4,1,0,sleeping,474,445,0,28672,275230,9846
2025-05-20 03:57:09,21267,2119626752,31600640,0.0,0.09469212295321104,0,12,0.08,0.07,0.0,0.0,0.0,10539008,0,6,4,1,0,sleeping,478,449,0,28672,277158,9922
2025-05-20 03:57:10,21267,2119626752,31600640,0.0,0.09469212295321104,0,12,0.08,0.07,0.0,0.0,0.0,10539008,0,6,4,1,0,sleeping,484,453,0,28672,280998,9998
2025-05-20 03:57:11,21267,2119626752,31600640,0.0,0.09469212295321104,0,12,0.08,0.07,0.0,0.0,0.0,10543104,0,6,4,1,0,sleeping,486,456,0,28672,282909,10088
2025-05-20 03:57:13,21267,2119626752,31600640,0.0,0.09469212295321104,0,12,0.08,0.07,0.0,0.0,0.0,10543104,0,6,4,1,0,sleeping,490,461,0,28672,284836,10194
2025-05-20 03:57:14,21267,2119626752,31600640,0.7,0.09469212295321104,0,12,0.09,0.07,0.0,0.0,0.0,10543104,0,7,4,1,0,sleeping,496,466,0,28672,288675,10300
2025-05-20 03:57:15,21267,2119626752,31600640,0.0,0.09469212295321104,0,12,0.09,0.07,0.0,0.0,0.0,10543104,0,7,4,1,0,sleeping,498,468,0,28672,290586,10360
2025-05-20 03:57:16,21267,2119626752,31600640,0.0,0.09469212295321104,0,12,0.09,0.07,0.0,0.0,0.0,10543104,0,6,4,1,0,sleeping,501,471,0,28672,292506,10428
2025-05-20 03:57:18,21267,2119626752,31600640,0.0,0.09469212295321104,0,12,0.09,0.07,0.0,0.0,0.0,10551296,0,6,4,1,0,sleeping,503,474,0,28672,294418,10518
2025-05-20 03:57:19,21267,2119626752,31600640,0.0,0.09469212295321104,0,12,0.09,0.07,0.0,0.0,0.0,10551296,0,6,4,1,0,sleeping,506,477,0,28672,296338,10586
2025-05-20 03:57:20,21267,2119626752,31600640,0.0,0.09469212295321104,0,12,0.09,0.07,0.0,0.0,0.0,10551296,0,7,4,1,0,sleeping,509,480,0,28672,298251,10654
2025-05-20 03:57:21,21267,2119626752,31600640,0.0,0.09469212295321104,0,12,0.09,0.07,0.0,0.0,0.0,10551296,0,7,4,1,0,sleeping,511,482,0,28672,300156,10714
2025-05-20 03:57:22,21267,2119626752,31600640,0.0,0.09469212295321104,0,12,0.09,0.07,0.0,0.0,0.0,10555392,0,7,4,1,0,sleeping,513,484,0,28672,302062,10774
2025-05-20 03:57:23,21267,2119626752,31600640,0.0,0.09469212295321104,0,12,0.09,0.07,0.0,0.0,0.0,10559488,0,7,4,1,0,sleeping,517,488,0,28672,303984,10850
2025-05-20 03:57:24,21267,2119626752,31600640,0.0,0.09469212295321104,0,12,0.09,0.07,0.0,0.0,0.0,10563584,0,6,4,1,0,sleeping,523,493,0,28672,307812,10956
2025-05-20 03:57:25,21267,2119626752,31600640,0.0,0.09469212295321104,0,12,0.09,0.07,0.0,0.0,0.0,10563584,0,6,4,1,0,sleeping,527,497,0,28672,309734,11032
2025-05-20 03:57:26,21267,2119626752,31600640,0.8,0.09469212295321104,0,12,0.09,0.08,0.0,0.0,0.0,10563584,0,6,4,1,0,sleeping,530,500,0,28672,311648,11100
2025-05-20 03:57:28,21267,2119626752,31600640,0.0,0.09469212295321104,0,12,0.09,0.08,0.0,0.0,0.0,10567680,0,6,4,1,0,sleeping,535,506,0,28672,313578,11214
2025-05-20 03:57:29,21267,2119626752,31600640,0.8,0.09469212295321104,0,12,0.1,0.08,0.0,0.0,0.0,10567680,0,6,4,1,0,sleeping,541,511,0,28672,317406,11320
2025-05-20 03:57:30,21267,2119626752,31600640,0.0,0.09469212295321104,0,12,0.1,0.08,0.0,0.0,0.0,10567680,0,6,4,1,0,sleeping,544,514,0,28672,319320,11388
2025-05-20 03:57:31,21267,2119626752,31600640,0.0,0.09469212295321104,0,12,0.1,0.08,0.0,0.0,0.0,10575872,0,7,4,1,0,sleeping,547,517,0,28672,321234,11456
2025-05-20 03:57:32,21267,2119626752,31600640,0.0,0.09469212295321104,0,12,0.1,0.08,0.0,0.0,0.0,10575872,0,7,4,1,0,sleeping,549,519,0,28672,323140,11516
2025-05-20 03:57:33,21267,2119626752,31600640,0.0,0.09469212295321104,0,12,0.1,0.08,0.0,0.0,0.0,10588160,0,7,4,1,0,sleeping,551,521,0,32768,325046,11576
2025-05-20 03:57:34,21267,2119626752,31600640,0.0,0.09469212295321104,0,12,0.1,0.08,0.0,0.0,0.0,10612736,0,6,4,1,0,sleeping,553,523,0,32768,326952,11636
2025-05-20 03:57:35,21267,2119626752,31600640,0.0,0.09469212295321104,0,12,0.1,0.08,0.0,0.0,0.0,10649600,0,6,4,1,0,sleeping,556,527,0,32768,328865,11734
2025-05-20 03:57:37,21267,2119626752,31600640,0.0,0.09469212295321104,0,12,0.1,0.08,0.0,0.0,0.0,10649600,0,6,4,1,0,sleeping,559,530,0,32768,330778,11802
2025-05-20 03:57:38,21267,2119626752,31600640,0.0,0.09469212295321104,0,12,0.1,0.08,0.0,0.0,0.0,10649600,0,6,4,1,0,sleeping,562,533,0,32768,332692,11870
2025-05-20 03:57:39,21267,2119626752,31600640,0.0,0.09469212295321104,0,12,0.1,0.08,0.0,0.0,0.0,10661888,0,6,4,1,0,sleeping,565,536,0,32768,334606,11938
2025-05-20 03:57:40,21267,2119626752,31600640,0.0,0.09469212295321104,0,12,0.1,0.08,0.0,0.0,0.0,10690560,0,7,4,1,0,sleeping,567,538,0,32768,336512,11998
2025-05-20 03:57:41,21267,2119626752,31600640,0.0,0.09469212295321104,0,12,0.1,0.08,0.0,0.0,0.0,10719232,0,6,4,1,0,sleeping,570,541,0,32768,338426,12066
2025-05-20 03:57:42,21267,2119626752,31600640,0.0,0.09469212295321104,0,12,0.1,0.08,0.0,0.0,0.0,10727424,0,6,4,1,0,sleeping,575,544,0,32768,342246,12134
2025-05-20 03:57:43,21267,2119626752,31600640,0.0,0.09469212295321104,0,12,0.1,0.08,0.0,0.0,0.0,10760192,0,6,4,1,0,sleeping,580,550,0,32768,344176,12248
2025-05-20 03:57:44,21267,2195390464,31862784,0.8,0.09547764412871403,0,13,0.11,0.08,0.0,0.0,0.0,10981376,0,7,4,1,0,sleeping,584,554,0,32768,346098,12324
2025-05-20 03:57:46,21267,2195390464,31862784,0.0,0.09547764412871403,0,13,0.11,0.08,0.0,0.0,0.0,10981376,0,7,4,1,0,sleeping,588,559,0,32768,348020,12430
2025-05-20 03:57:47,21267,2195390464,31862784,0.8,0.09547764412871403,0,13,0.11,0.09,0.0,0.0,0.0,10981376,0,7,4,1,0,sleeping,593,563,0,32768,351840,12528
2025-05-20 03:57:48,21267,2195390464,31862784,0.0,0.09547764412871403,0,13,0.11,0.09,0.0,0.0,0.0,10985472,0,7,4,1,0,sleeping,595,565,0,32768,353746,12588
2025-05-20 03:57:49,21267,2195390464,31862784,0.0,0.09547764412871403,0,13,0.11,0.09,0.0,0.0,0.0,10985472,0,7,4,1,0,sleeping,599,569,0,32768,355668,12664
2025-05-20 03:57:50,21267,2195390464,31862784,0.0,0.09547764412871403,0,13,0.11,0.09,0.0,0.0,0.0,10985472,0,7,4,1,0,sleeping,602,572,0,32768,357582,12732
2025-05-20 03:57:51,21267,2195390464,31862784,0.0,0.09547764412871403,0,13,0.11,0.09,0.0,0.0,0.0,10989568,0,6,4,1,0,sleeping,604,574,0,32768,359488,12792
2025-05-20 03:57:52,21267,2195390464,31862784,0.0,0.09547764412871403,0,13,0.11,0.09,0.0,0.0,0.0,10993664,0,6,4,1,0,sleeping,608,578,0,32768,361410,12868
2025-05-20 03:57:53,21267,2195390464,31862784,0.9,0.09547764412871403,0,13,0.12,0.09,0.0,0.0,0.0,10993664,0,6,4,1,0,sleeping,612,583,0,32768,363332,12974
2025-05-20 03:57:55,21267,2195390464,31862784,0.0,0.09547764412871403,0,13,0.12,0.09,0.0,0.0,0.0,10993664,0,6,4,1,0,sleeping,614,585,0,32768,365238,13034
2025-05-20 03:57:56,21267,2195390464,31862784,0.0,0.09547764412871403,0,13,0.12,0.09,0.0,0.0,0.0,10997760,0,6,4,1,0,sleeping,618,589,0,32768,367160,13110
2025-05-20 03:57:57,21267,2195390464,31862784,0.0,0.09547764412871403,0,13,0.12,0.09,0.0,0.0,0.0,10997760,0,7,4,1,0,sleeping,621,592,0,32768,369074,13178
2025-05-20 03:57:58,21267,2195390464,31862784,0.0,0.09547764412871403,0,13,0.12,0.09,0.0,0.0,0.0,11005952,0,8,4,1,0,sleeping,623,594,0,32768,370980,13238
2025-05-20 03:57:59,21267,2195390464,31862784,0.0,0.09547764412871403,0,13,0.12,0.09,0.0,0.0,0.0,11005952,0,7,4,1,0,sleeping,625,596,0,32768,372886,13298
2025-05-20 03:58:00,21267,2195390464,31862784,0.0,0.09547764412871403,0,13,0.12,0.09,0.0,0.0,0.0,11005952,0,7,4,1,0,sleeping,629,599,0,32768,376696,13388
2025-05-20 03:58:01,21267,2195390464,31862784,0.0,0.09547764412871403,0,13,0.12,0.09,0.0,0.0,0.0,11005952,0,6,4,1,0,sleeping,632,602,0,32768,378610,13456
2025-05-20 03:58:02,21267,2195390464,31862784,0.0,0.09547764412871403,0,13,0.12,0.09,0.0,0.0,0.0,11005952,0,8,4,1,0,sleeping,636,607,0,32768,380532,13562
2025-05-20 03:58:04,21267,2195390464,31862784,0.7,0.09547764412871403,0,13,0.13,0.09,0.0,0.0,0.0,11018240,0,7,4,1,0,sleeping,642,612,0,32768,384360,13668
2025-05-20 03:58:05,21267,2195390464,31862784,0.0,0.09547764412871403,0,13,0.13,0.09,0.0,0.0,0.0,11034624,0,7,4,1,0,sleeping,645,615,0,32768,386273,13736
2025-05-20 03:58:06,21267,2195390464,31862784,0.0,0.09547764412871403,0,13,0.13,0.09,0.0,0.0,0.0,11038720,0,7,4,1,0,sleeping,648,618,0,32768,388186,13804
2025-05-20 03:58:07,21267,2195390464,31862784,0.0,0.09547764412871403,0,13,0.13,0.09,0.0,0.0,0.0,11042816,0,7,4,1,0,sleeping,652,623,0,36864,390108,13910
2025-05-20 03:58:09,21267,2195390464,31862784,0.0,0.09547764412871403,0,13,0.13,0.09,0.0,0.0,0.0,11042816,0,7,4,1,0,sleeping,656,627,0,36864,392030,13986
2025-05-20 03:58:10,21267,2195390464,31862784,0.0,0.09547764412871403,0,13,0.13,0.09,0.0,0.0,0.0,11042816,0,7,4,1,0,sleeping,659,630,0,36864,393944,14054
2025-05-20 03:58:11,21267,2195390464,31862784,0.0,0.09547764412871403,0,13,0.13,0.09,0.0,0.0,0.0,11051008,0,6,4,1,0,sleeping,662,633,0,36864,395858,14122
2025-05-20 03:58:12,21267,2195390464,31862784,0.0,0.09547764412871403,0,13,0.13,0.09,0.0,0.0,0.0,11059200,0,6,4,1,0,sleeping,666,637,0,36864,397780,14198
2025-05-20 03:58:13,21267,2195390464,31862784,0.0,0.09547764412871403,0,13,0.13,0.09,0.0,0.0,0.0,11075584,0,6,4,1,0,sleeping,668,639,0,36864,399686,14258
2025-05-20 03:58:14,21267,2195390464,31993856,0.0,0.09587040471646552,0,13,0.13,0.09,0.0,0.0,0.0,11104256,0,6,4,1,0,sleeping,671,642,0,36864,401600,14326
2025-05-20 03:58:15,21267,2195390464,31993856,0.0,0.09587040471646552,0,13,0.13,0.09,0.0,0.0,0.0,11104256,0,6,4,1,0,sleeping,673,644,0,36864,403506,14386
2025-05-20 03:58:16,21267,2195390464,31993856,0.0,0.09587040471646552,0,13,0.13,0.09,0.0,0.0,0.0,11104256,0,7,4,1,0,sleeping,675,647,0,40960,405412,14476
2025-05-20 03:58:17,21267,2195390464,31993856,0.0,0.09587040471646552,0,13,0.13,0.09,0.0,0.0,0.0,11108352,0,7,4,1,0,sleeping,679,649,0,40960,409223,14536
2025-05-20 03:58:18,21267,2195390464,31993856,0.0,0.09587040471646552,0,13,0.13,0.09,0.0,0.0,0.0,11120640,0,7,4,1,0,sleeping,681,651,0,40960,411127,14596
2025-05-20 03:58:19,21267,2195390464,31993856,0.0,0.09587040471646552,0,13,0.13,0.09,0.0,0.0,0.0,11137024,0,7,4,1,0,sleeping,683,653,0,40960,413032,14656
2025-05-20 03:58:21,21267,2195390464,31993856,0.0,0.09587040471646552,0,13,0.13,0.09,0.0,0.0,0.0,11149312,0,7,4,1,0,sleeping,686,657,0,40960,414946,14754
2025-05-20 03:58:22,21267,2195390464,31993856,0.0,0.09587040471646552,0,13,0.13,0.09,0.0,0.0,0.0,11149312,0,6,4,1,0,sleeping,690,660,0,40960,418758,14844
2025-05-20 03:58:23,21267,2195390464,31993856,0.7,0.09587040471646552,0,13,0.14,0.09,0.0,0.0,0.0,11149312,0,7,4,1,0,sleeping,692,663,0,40960,420664,14934
2025-05-20 03:58:25,21267,2195390464,31993856,0.0,0.09587040471646552,0,13,0.14,0.09,0.0,0.0,0.0,11149312,0,8,4,1,0,sleeping,694,665,0,40960,422570,14994
2025-05-20 03:58:26,21267,2195390464,31993856,0.0,0.09587040471646552,0,13,0.14,0.09,0.0,0.0,0.0,11157504,0,8,4,1,0,sleeping,697,668,0,40960,424484,15062
2025-05-20 03:58:27,21267,2195390464,31993856,0.0,0.09587040471646552,0,13,0.14,0.09,0.0,0.0,0.0,11157504,0,8,4,1,0,sleeping,700,671,0,40960,426398,15130
2025-05-20 03:58:28,21267,2195390464,31993856,0.0,0.09587040471646552,0,13,0.14,0.09,0.0,0.0,0.0,11173888,0,7,4,1,0,sleeping,704,676,0,40960,428320,15236
2025-05-20 03:58:29,21267,2195390464,31993856,0.0,0.09587040471646552,0,13,0.14,0.09,0.0,0.0,0.0,11198464,0,8,4,1,0,sleeping,706,678,0,40960,430226,15296
2025-05-20 03:58:30,21267,2195390464,31993856,0.0,0.09587040471646552,0,13,0.14,0.09,0.0,0.0,0.0,11206656,0,8,4,1,0,sleeping,711,681,0,40960,434046,15364
2025-05-20 03:58:31,21267,2195390464,31993856,0.9,0.09587040471646552,0,13,0.14,0.1,0.0,0.0,0.0,11210752,0,7,4,1,0,sleeping,715,685,0,40960,435968,15440
2025-05-20 03:58:32,21267,2195390464,31993856,0.0,0.09587040471646552,0,13,0.14,0.1,0.0,0.0,0.0,11218944,0,7,4,1,0,sleeping,718,688,0,40960,437882,15508
2025-05-20 03:58:33,21267,2195390464,31993856,0.0,0.09587040471646552,0,13,0.14,0.1,0.0,0.0,0.0,11218944,0,7,4,1,0,sleeping,720,690,0,40960,439788,15568
2025-05-20 03:58:34,21267,2195390464,31993856,0.0,0.09587040471646552,0,13,0.14,0.1,0.0,0.0,0.0,11218944,0,6,4,1,0,sleeping,722,692,0,40960,441694,15628
2025-05-20 03:58:35,21267,2195390464,31993856,0.0,0.09587040471646552,0,13,0.14,0.1,0.0,0.0,0.0,11218944,0,8,4,1,0,sleeping,724,695,0,40960,443600,15718
2025-05-20 03:58:37,21267,2195390464,31993856,0.0,0.09587040471646552,0,13,0.14,0.1,0.0,0.0,0.0,11227136,0,8,4,1,0,sleeping,727,698,0,40960,445514,15786
2025-05-20 03:58:38,21267,2195390464,31993856,0.0,0.09587040471646552,0,13,0.14,0.1,0.0,0.0,0.0,11235328,0,7,4,1,0,sleeping,730,701,0,45056,447427,15854
2025-05-20 03:58:39,21267,2195390464,31993856,0.0,0.09587040471646552,0,13,0.14,0.1,0.0,0.0,0.0,11247616,0,7,4,1,0,sleeping,736,706,0,45056,451260,15960
2025-05-20 03:58:40,21267,2195390464,31993856,0.0,0.09587040471646552,0,13,0.14,0.1,0.0,0.0,0.0,11251712,0,7,4,1,0,sleeping,739,709,0,45056,453180,16028
2025-05-20 03:58:42,21267,2195390464,31993856,0.0,0.09587040471646552,0,13,0.14,0.1,0.0,0.0,0.0,11251712,0,8,4,1,0,sleeping,742,713,0,45056,455100,16126
2025-05-20 03:58:43,21267,2195390464,31993856,0.0,0.09587040471646552,0,13,0.14,0.1,0.0,0.0,0.0,11251712,0,7,4,1,0,sleeping,744,715,0,45056,457012,16186
2025-05-20 03:58:44,21267,2195390464,31993856,0.0,0.09587040471646552,0,13,0.14,0.1,0.0,0.0,0.0,11251712,0,7,4,1,0,sleeping,747,718,0,45056,458932,16254
2025-05-20 03:58:45,21267,2195390464,31993856,0.0,0.09587040471646552,0,13,0.14,0.1,0.0,0.0,0.0,11259904,0,7,4,1,0,sleeping,750,721,0,45056,460852,16322
2025-05-20 03:58:46,21267,2195390464,32124928,0.0,0.09626316530421701,0,13,0.14,0.1,0.0,0.0,0.0,11272192,0,7,4,1,0,sleeping,752,723,0,45056,462764,16382
2025-05-20 03:58:47,21267,2195390464,32124928,0.0,0.09626316530421701,0,13,0.14,0.1,0.0,0.0,0.0,11280384,0,6,4,1,0,sleeping,756,727,0,45056,464692,16458
2025-05-20 03:58:48,21267,2195390464,32124928,0.0,0.09626316530421701,0,13,0.14,0.1,0.0,0.0,0.0,11280384,0,6,4,1,0,sleeping,759,730,0,45056,466612,16526
2025-05-20 03:58:49,21267,2195390464,32124928,0.0,0.09626316530421701,0,13,0.14,0.1,0.0,0.0,0.0,11309056,0,6,4,1,0,sleeping,762,734,0,45056,468532,16624
2025-05-20 03:58:50,21267,2195390464,32124928,0.0,0.09626316530421701,0,13,0.14,0.1,0.0,0.0,0.0,11317248,0,6,4,1,0,sleeping,766,738,0,45056,470460,16700
2025-05-20 03:58:51,21267,2195390464,32124928,0.9,0.09626316530421701,0,13,0.15,0.1,0.0,0.0,0.0,11325440,0,7,4,1,0,sleeping,770,740,0,45056,474283,16760
2025-05-20 03:58:52,21267,2195390464,32124928,0.0,0.09626316530421701,0,13,0.15,0.1,0.0,0.0,0.0,11329536,0,7,4,1,0,sleeping,773,743,0,45056,476202,16828
2025-05-20 03:58:53,21267,2195390464,32124928,0.0,0.09626316530421701,0,13,0.15,0.1,0.0,0.0,0.0,11329536,0,6,4,1,0,sleeping,777,747,0,45056,478130,16904
2025-05-20 03:58:54,21267,2195390464,32124928,0.8,0.09626316530421701,0,13,0.15,0.11,0.0,0.0,0.0,11333632,0,6,4,1,0,sleeping,780,751,0,45056,480050,17002
2025-05-20 03:58:56,21267,2195390464,32124928,0.0,0.09626316530421701,0,13,0.15,0.11,0.0,0.0,0.0,11341824,0,6,4,1,0,sleeping,785,757,0,45056,481986,17116
2025-05-20 03:58:57,21267,2195390464,32124928,0.0,0.09626316530421701,0,13,0.15,0.11,0.0,0.0,0.0,11350016,0,7,4,1,0,sleeping,792,763,0,45056,485834,17230
2025-05-20 03:58:59,21267,2195390464,32124928,0.0,0.09626316530421701,0,13,0.15,0.11,0.0,0.0,0.0,11350016,0,7,4,1,0,sleeping,796,767,0,45056,487762,17306
2025-05-20 03:59:00,21267,2195390464,32124928,0.0,0.09626316530421701,0,13,0.15,0.11,0.0,0.0,0.0,11354112,0,7,4,1,0,sleeping,800,771,0,45056,489690,17382
2025-05-20 03:59:01,21267,2195390464,32124928,0.0,0.09626316530421701,0,13,0.15,0.11,0.0,0.0,0.0,11354112,0,7,4,1,0,sleeping,803,774,0,45056,491610,17450
2025-05-20 03:59:02,21267,2195390464,32124928,0.0,0.09626316530421701,0,13,0.15,0.11,0.0,0.0,0.0,11354112,0,7,4,1,0,sleeping,807,778,0,45056,493538,17526
2025-05-20 03:59:03,21267,2195390464,32124928,0.0,0.09626316530421701,0,13,0.15,0.11,0.0,0.0,0.0,11354112,0,7,4,1,0,sleeping,812,784,0,45056,495474,17640
2025-05-20 03:59:04,21267,2195390464,32124928,0.0,0.09626316530421701,0,13,0.15,0.11,0.0,0.0,0.0,11358208,0,7,4,1,0,sleeping,815,787,0,45056,497393,17708
2025-05-20 03:59:05,21267,2195390464,32124928,0.0,0.09626316530421701,0,13,0.15,0.11,0.0,0.0,0.0,11358208,0,7,4,1,0,sleeping,818,790,0,45056,499312,17776
2025-05-20 03:59:06,21267,2195390464,32124928,0.0,0.09626316530421701,0,13,0.15,0.11,0.0,0.0,0.0,11358208,0,7,4,1,0,sleeping,823,793,0,45056,503144,17844
2025-05-20 03:59:07,21267,2195390464,32124928,0.0,0.09626316530421701,0,13,0.15,0.11,0.0,0.0,0.0,11358208,0,7,4,1,0,sleeping,826,796,0,45056,505064,17912
2025-05-20 03:59:08,21267,2195390464,32124928,0.9,0.09626316530421701,0,13,0.16,0.11,0.0,0.0,0.0,11358208,0,7,4,1,0,sleeping,830,800,0,45056,506990,17988
2025-05-20 03:59:09,21267,2195390464,32124928,0.0,0.09626316530421701,0,13,0.16,0.11,0.0,0.0,0.0,11358208,0,7,4,1,0,sleeping,833,803,0,45056,508908,18056
2025-05-20 03:59:10,21267,2195390464,32124928,0.0,0.09626316530421701,0,13,0.16,0.11,0.0,0.0,0.0,11358208,0,6,4,1,0,sleeping,837,807,0,45056,510830,18132
2025-05-20 03:59:12,21267,2195390464,32124928,0.0,0.09626316530421701,0,13,0.16,0.11,0.0,0.0,0.0,11358208,0,7,4,1,0,sleeping,841,812,0,45056,512751,18238
2025-05-20 03:59:13,21267,2195390464,32124928,0.0,0.09626316530421701,0,13,0.16,0.11,0.0,0.0,0.0,11358208,0,6,4,1,0,sleeping,844,815,0,49152,514663,18306
2025-05-20 03:59:14,21267,2195390464,32124928,0.0,0.09626316530421701,0,13,0.16,0.11,0.0,0.0,0.0,11358208,0,6,4,1,0,sleeping,848,819,0,49152,516584,18382
2025-05-20 03:59:15,21267,2195390464,32124928,0.0,0.09626316530421701,0,13,0.16,0.11,0.0,0.0,0.0,11362304,0,6,4,1,0,sleeping,851,822,0,49152,518498,18450
2025-05-20 03:59:16,21267,2195652608,32436224,1.5,0.09719597170012681,0,13,0.17,0.12,0.0,0.0,0.0,11476992,0,7,4,1,0,sleeping,856,826,0,49152,522318,18548
2025-05-20 03:59:17,21267,2195652608,32436224,0.0,0.09719597170012681,0,13,0.17,0.12,0.0,0.0,0.0,11485184,0,7,4,1,0,sleeping,859,830,0,49152,524232,18646
2025-05-20 03:59:19,21267,2195652608,32436224,0.0,0.09719597170012681,0,13,0.17,0.12,0.0,0.0,0.0,11485184,0,7,4,1,0,sleeping,862,833,0,49152,526146,18714
2025-05-20 03:59:20,21267,2195652608,32436224,0.0,0.09719597170012681,0,13,0.17,0.12,0.0,0.0,0.0,11485184,0,7,4,1,0,sleeping,864,836,0,49152,528052,18804
2025-05-20 03:59:21,21267,2195652608,32436224,0.0,0.09719597170012681,0,13,0.17,0.12,0.0,0.0,0.0,11485184,0,8,4,1,0,sleeping,868,840,0,49152,529972,18880
2025-05-20 03:59:22,21267,2195652608,32436224,0.0,0.09719597170012681,0,13,0.17,0.12,0.0,0.0,0.0,11493376,0,8,4,1,0,sleeping,871,843,0,49152,531884,18948
2025-05-20 03:59:23,21267,2195652608,32436224,0.0,0.09719597170012681,0,13,0.17,0.12,0.0,0.0,0.0,11493376,0,8,4,1,0,sleeping,876,846,0,49152,535704,19016
2025-05-20 03:59:24,21267,2195652608,32436224,0.0,0.09719597170012681,0,13,0.17,0.12,0.0,0.0,0.0,11497472,0,7,4,1,0,sleeping,880,850,0,53248,537626,19092
2025-05-20 03:59:25,21267,2195652608,32436224,0.0,0.09719597170012681,0,13,0.17,0.12,0.0,0.0,0.0,11497472,0,7,4,1,0,sleeping,882,852,0,53248,539532,19152
2025-05-20 03:59:26,21267,2195652608,32436224,0.0,0.09719597170012681,0,13,0.17,0.12,0.0,0.0,0.0,11509760,0,7,4,1,0,sleeping,884,854,0,53248,541438,19212
2025-05-20 03:59:28,21267,2195652608,32567296,0.0,0.09758873228787829,0,13,0.17,0.12,0.0,0.0,0.0,11526144,0,8,4,1,0,sleeping,886,857,0,53248,543344,19302
2025-05-20 03:59:29,21267,2195652608,32567296,0.0,0.09758873228787829,0,13,0.17,0.12,0.0,0.0,0.0,11538432,0,7,4,1,0,sleeping,889,860,0,53248,545258,19370
2025-05-20 03:59:30,21267,2195652608,32567296,0.0,0.09758873228787829,0,13,0.17,0.12,0.0,0.0,0.0,11538432,0,7,4,1,0,sleeping,892,863,0,53248,547172,19438
2025-05-20 03:59:31,21267,2195652608,32567296,0.0,0.09758873228787829,0,13,0.17,0.12,0.0,0.0,0.0,11538432,0,7,4,1,0,sleeping,896,867,0,53248,549094,19514
2025-05-20 03:59:32,21267,2195652608,32567296,0.0,0.09758873228787829,0,13,0.17,0.12,0.0,0.0,0.0,11542528,0,7,4,1,0,sleeping,899,870,0,53248,551006,19582
2025-05-20 03:59:33,21267,2195652608,32567296,0.9,0.09758873228787829,0,13,0.18,0.12,0.0,0.0,0.0,11542528,0,7,4,1,0,sleeping,901,872,0,53248,552908,19642
2025-05-20 03:59:34,21267,2195652608,32567296,0.0,0.09758873228787829,0,13,0.18,0.12,0.0,0.0,0.0,11542528,0,8,4,1,0,sleeping,903,875,0,53248,554812,19732
2025-05-20 03:59:35,21267,2195652608,32567296,0.0,0.09758873228787829,0,13,0.18,0.12,0.0,0.0,0.0,11542528,0,7,4,1,0,sleeping,907,877,0,53248,558624,19792
2025-05-20 03:59:37,21267,2195652608,32567296,0.0,0.09758873228787829,0,13,0.18,0.12,0.0,0.0,0.0,11542528,0,7,4,1,0,sleeping,909,880,0,53248,560530,19882
2025-05-20 03:59:38,21267,2195652608,32567296,0.0,0.09758873228787829,0,13,0.18,0.12,0.0,0.0,0.0,11542528,0,8,4,1,0,sleeping,911,883,0,53248,562436,19972
2025-05-20 03:59:39,21267,2195652608,32567296,0.0,0.09758873228787829,0,13,0.18,0.12,0.0,0.0,0.0,11542528,0,7,4,1,0,sleeping,916,886,0,53248,566255,20040
2025-05-20 03:59:40,21267,2195652608,32567296,0.0,0.09758873228787829,0,13,0.18,0.12,0.0,0.0,0.0,11546624,0,7,4,1,0,sleeping,919,889,0,53248,568168,20108
2025-05-20 03:59:41,21267,2195652608,32698368,0.0,0.09798149287562978,0,13,0.18,0.12,0.0,0.0,0.0,11554816,0,6,4,1,0,sleeping,922,893,0,53248,570082,20206
2025-05-20 03:59:43,21267,2195652608,32698368,0.0,0.09798149287562978,0,13,0.18,0.12,0.0,0.0,0.0,11554816,0,7,4,1,0,sleeping,926,897,0,53248,572004,20282
2025-05-20 03:59:44,21267,2195652608,32698368,0.0,0.09798149287562978,0,13,0.18,0.12,0.0,0.0,0.0,11554816,0,7,4,1,0,sleeping,930,901,0,53248,573926,20358
2025-05-20 03:59:45,21267,2195652608,32698368,0.0,0.09798149287562978,0,13,0.18,0.12,0.0,0.0,0.0,11554816,0,7,4,1,0,sleeping,932,903,0,53248,575832,20418
2025-05-20 03:59:46,21267,2195652608,32698368,0.9,0.09798149287562978,0,13,0.19,0.12,0.0,0.0,0.0,11554816,0,6,4,1,0,sleeping,937,908,0,57344,577762,20502
2025-05-20 03:59:47,21267,2195652608,32698368,0.0,0.09798149287562978,0,13,0.19,0.12,0.0,0.0,0.0,11558912,0,6,4,1,0,sleeping,940,911,0,57344,579676,20570
2025-05-20 03:59:48,21267,2195652608,32698368,0.0,0.09798149287562978,0,13,0.19,0.12,0.0,0.0,0.0,11558912,0,6,4,1,0,sleeping,944,915,0,57344,581598,20646
2025-05-20 03:59:49,21267,2195652608,32698368,0.0,0.09798149287562978,0,13,0.19,0.12,0.0,0.0,0.0,11558912,0,6,4,1,0,sleeping,947,919,0,57344,583512,20744
2025-05-20 03:59:50,21267,2195652608,32698368,0.0,0.09798149287562978,0,13,0.19,0.12,0.0,0.0,0.0,11558912,0,6,4,1,0,sleeping,950,922,0,57344,585426,20812
2025-05-20 03:59:51,21267,2195652608,32698368,0.0,0.09798149287562978,0,13,0.19,0.12,0.0,0.0,0.0,11558912,0,7,4,1,0,sleeping,956,926,0,57344,589253,20888
2025-05-20 03:59:52,21267,2195652608,32698368,0.0,0.09798149287562978,0,13,0.19,0.12,0.0,0.0,0.0,11558912,0,7,4,1,0,sleeping,959,930,0,57344,591166,20986
2025-05-20 03:59:54,21267,2195652608,32698368,0.0,0.09798149287562978,0,13,0.19,0.12,0.0,0.0,0.0,11558912,0,6,4,1,0,sleeping,962,934,0,57344,593080,21084
2025-05-20 03:59:55,21267,2195652608,32698368,0.0,0.09798149287562978,0,13,0.19,0.12,0.0,0.0,0.0,11558912,0,7,4,1,0,sleeping,965,937,0,57344,594994,21152
2025-05-20 03:59:56,21267,2195652608,32698368,0.9,0.09798149287562978,0,13,0.19,0.13,0.0,0.0,0.0,11558912,0,7,4,1,0,sleeping,970,940,0,57344,598814,21220
2025-05-20 03:59:57,21267,2195652608,32698368,0.9,0.09798149287562978,0,13,0.2,0.13,0.0,0.0,0.0,11558912,0,7,4,1,0,sleeping,973,943,0,57344,600728,21288
2025-05-20 03:59:58,21267,2195652608,32698368,0.0,0.09798149287562978,0,13,0.2,0.13,0.0,0.0,0.0,11558912,0,7,4,1,0,sleeping,975,945,0,57344,602634,21348
2025-05-20 04:00:00,21267,2195652608,32698368,0.0,0.09798149287562978,0,13,0.2,0.13,0.0,0.0,0.0,11558912,0,7,4,1,0,sleeping,978,949,0,57344,604547,21446
2025-05-20 04:00:01,21267,2195652608,32698368,0.0,0.09798149287562978,0,13,0.2,0.13,0.0,0.0,0.0,11558912,0,7,4,1,0,sleeping,982,953,0,57344,606468,21522
2025-05-20 04:00:02,21267,2195652608,32698368,0.0,0.09798149287562978,0,13,0.2,0.13,0.0,0.0,0.0,11558912,0,7,4,1,0,sleeping,985,956,0,57344,608382,21590
2025-05-20 04:00:03,21267,2195652608,32698368,0.0,0.09798149287562978,0,13,0.2,0.13,0.0,0.0,0.0,11558912,0,7,4,1,0,sleeping,989,960,0,57344,610304,21666
2025-05-20 04:00:04,21267,2195652608,32698368,0.0,0.09798149287562978,0,13,0.2,0.13,0.0,0.0,0.0,11558912,0,7,4,1,0,sleeping,991,962,0,57344,612210,21726
2025-05-20 04:00:05,21267,2195652608,32698368,0.0,0.09798149287562978,0,13,0.2,0.13,0.0,0.0,0.0,11558912,0,7,4,1,0,sleeping,996,967,0,57344,614146,21810
2025-05-20 04:00:06,21267,2195652608,32698368,0.0,0.09798149287562978,0,13,0.2,0.13,0.0,0.0,0.0,11558912,0,7,4,1,0,sleeping,1000,971,0,57344,616074,21886
2025-05-20 04:00:07,21267,2195652608,32698368,0.0,0.09798149287562978,0,13,0.2,0.13,0.0,0.0,0.0,11558912,0,7,4,1,0,sleeping,1006,978,0,57344,618018,22008
2025-05-20 04:00:08,21267,2195652608,32698368,0.0,0.09798149287562978,0,13,0.2,0.13,0.0,0.0,0.0,11558912,0,7,4,1,0,sleeping,1009,981,0,57344,619938,22076
2025-05-20 04:00:09,21267,2195652608,32698368,0.0,0.09798149287562978,0,13,0.2,0.13,0.0,0.0,0.0,11558912,0,7,4,1,0,sleeping,1011,983,0,57344,621848,22136
2025-05-20 04:00:10,21267,2195652608,32698368,0.0,0.09798149287562978,0,13,0.2,0.13,0.0,0.0,0.0,11558912,0,7,4,1,0,sleeping,1015,985,0,57344,625670,22196
2025-05-20 04:00:11,21267,2195652608,32698368,0.0,0.09798149287562978,0,13,0.2,0.13,0.0,0.0,0.0,11558912,0,7,4,1,0,sleeping,1018,989,0,57344,627590,22294
2025-05-20 04:00:13,21267,2195652608,32698368,0.0,0.09798149287562978,0,13,0.2,0.13,0.0,0.0,0.0,11558912,0,7,4,1,0,sleeping,1020,992,0,57344,629501,22384
2025-05-20 04:00:14,21267,2195652608,32698368,0.8,0.09798149287562978,0,13,0.21,0.13,0.0,0.0,0.0,11558912,0,8,4,1,0,sleeping,1024,994,0,57344,633324,22444
2025-05-20 04:00:16,21267,2195652608,32698368,0.0,0.09798149287562978,0,13,0.21,0.13,0.0,0.0,0.0,11558912,0,8,4,1,0,sleeping,1028,999,0,57344,635252,22550
2025-05-20 04:00:17,21267,2195652608,32698368,0.0,0.09798149287562978,0,13,0.21,0.13,0.0,0.0,0.0,11558912,0,8,4,1,0,sleeping,1030,1001,0,57344,637164,22610
2025-05-20 04:00:18,21267,2195652608,32698368,0.0,0.09798149287562978,0,13,0.21,0.13,0.0,0.0,0.0,11558912,0,8,4,1,0,sleeping,1034,1005,0,57344,639092,22686
2025-05-20 04:00:19,21267,2195652608,32698368,0.0,0.09798149287562978,0,13,0.21,0.13,0.0,0.0,0.0,11558912,0,8,4,1,0,sleeping,1038,1009,0,57344,641020,22762
2025-05-20 04:00:20,21267,2195652608,32698368,0.0,0.09798149287562978,0,13,0.21,0.13,0.0,0.0,0.0,11558912,0,8,4,1,0,sleeping,1040,1011,0,57344,642932,22822
2025-05-20 04:00:21,21267,2195652608,32698368,0.0,0.09798149287562978,0,13,0.21,0.13,0.0,0.0,0.0,11558912,0,8,4,1,0,sleeping,1042,1013,0,61440,644844,22882
2025-05-20 04:00:22,21267,2195652608,32698368,0.0,0.09798149287562978,0,13,0.21,0.13,0.0,0.0,0.0,11558912,0,7,4,1,0,sleeping,1044,1015,0,61440,646756,22942
2025-05-20 04:00:23,21267,2195652608,32698368,0.0,0.09798149287562978,0,13,0.21,0.13,0.0,0.0,0.0,11558912,0,8,4,1,0,sleeping,1048,1020,0,61440,648684,23048
2025-05-20 04:00:24,21267,2195652608,32698368,0.0,0.09798149287562978,0,13,0.21,0.13,0.0,0.0,0.0,11563008,0,8,4,1,0,sleeping,1050,1022,0,61440,650596,23108
2025-05-20 04:00:25,21267,2195652608,32698368,0.0,0.09798149287562978,0,13,0.21,0.13,0.0,0.0,0.0,11563008,0,8,4,1,0,sleeping,1053,1025,0,61440,652515,23176
2025-05-20 04:00:26,21267,2195652608,32698368,0.0,0.09798149287562978,0,13,0.21,0.13,0.0,0.0,0.0,11563008,0,8,4,1,0,sleeping,1056,1028,0,61440,654434,23244
2025-05-20 04:00:27,21267,2195652608,32698368,0.0,0.09798149287562978,0,13,0.21,0.13,0.0,0.0,0.0,11563008,0,7,4,1,0,sleeping,1059,1031,0,61440,656353,23312
2025-05-20 04:00:28,21267,2195652608,32698368,0.0,0.09798149287562978,0,13,0.21,0.13,0.0,0.0,0.0,11563008,0,7,4,1,0,sleeping,1065,1035,0,61440,660192,23388
2025-05-20 04:00:29,21267,2195652608,32698368,0.0,0.09798149287562978,0,13,0.21,0.13,0.0,0.0,0.0,11563008,0,7,4,1,0,sleeping,1068,1039,0,61440,662112,23486
2025-05-20 04:00:31,21267,2195652608,32698368,0.0,0.09798149287562978,0,13,0.21,0.13,0.0,0.0,0.0,11563008,0,7,4,1,0,sleeping,1070,1041,0,61440,664024,23546
2025-05-20 04:00:32,21267,2195652608,32698368,0.0,0.09798149287562978,0,13,0.21,0.13,0.0,0.0,0.0,11563008,0,7,4,1,0,sleeping,1073,1045,0,65536,665944,23644
2025-05-20 04:00:34,21267,2195652608,32698368,1.3,0.09798149287562978,0,13,0.22,0.14,0.0,0.0,0.0,11563008,0,6,4,1,0,sleeping,1077,1048,0,65536,669768,23734
2025-05-20 04:00:35,21267,2195652608,32698368,0.0,0.09798149287562978,0,13,0.22,0.14,0.0,0.0,0.0,11571200,0,7,4,1,0,sleeping,1079,1051,0,65536,671680,23824
2025-05-20 04:00:36,21267,2195652608,32698368,0.0,0.09798149287562978,0,13,0.22,0.14,0.0,0.0,0.0,11575296,0,7,4,1,0,sleeping,1081,1053,0,65536,673586,23884
2025-05-20 04:00:37,21267,2195652608,32698368,0.0,0.09798149287562978,0,13,0.22,0.14,0.0,0.0,0.0,11595776,0,7,4,1,0,sleeping,1084,1056,0,65536,675500,23952
2025-05-20 04:00:38,21267,2195652608,32698368,0.0,0.09798149287562978,0,13,0.22,0.14,0.0,0.0,0.0,11595776,0,7,4,1,0,sleeping,1089,1061,0,65536,677430,24036
2025-05-20 04:00:39,21267,2195652608,32698368,0.0,0.09798149287562978,0,13,0.22,0.14,0.0,0.0,0.0,11599872,0,7,4,1,0,sleeping,1094,1066,0,65536,679360,24120
2025-05-20 04:00:40,21267,2195652608,32698368,0.0,0.09798149287562978,0,13,0.22,0.14,0.0,0.0,0.0,11603968,0,7,4,1,0,sleeping,1100,1070,0,65536,683188,24196
2025-05-20 04:00:41,21267,2195652608,32698368,0.0,0.09798149287562978,0,13,0.22,0.14,0.0,0.0,0.0,11608064,0,7,4,1,0,sleeping,1104,1075,0,65536,685110,24302
2025-05-20 04:00:43,21267,2195652608,32698368,0.0,0.09798149287562978,0,13,0.22,0.14,0.0,0.0,0.0,11616256,0,7,4,1,0,sleeping,1108,1079,0,65536,687030,24378
2025-05-20 04:00:44,21267,2195652608,32698368,0.0,0.09798149287562978,0,13,0.22,0.14,0.0,0.0,0.0,11640832,0,7,4,1,0,sleeping,1111,1082,0,65536,688942,24446
2025-05-20 04:00:45,21267,2195652608,32698368,0.0,0.09798149287562978,0,13,0.22,0.14,0.0,0.0,0.0,11640832,0,7,4,1,0,sleeping,1115,1086,0,65536,690864,24522
2025-05-20 04:00:46,21267,2195652608,32698368,0.0,0.09798149287562978,0,13,0.22,0.14,0.0,0.0,0.0,11644928,0,6,4,1,0,sleeping,1119,1090,0,65536,692786,24598
2025-05-20 04:00:47,21267,2195652608,32657408,0.0,0.09785875519195744,0,13,0.22,0.14,0.0,0.0,0.0,11309056,0,7,4,1,0,sleeping,1122,1093,0,65536,694700,24666
2025-05-20 04:00:48,21267,2195652608,32657408,0.0,0.09785875519195744,0,13,0.22,0.14,0.0,0.0,0.0,11309056,0,7,4,1,0,sleeping,1124,1095,0,65536,696606,24726
2025-05-20 04:00:49,21267,2195652608,32657408,0.0,0.09785875519195744,0,13,0.22,0.14,0.0,0.0,0.0,11309056,0,7,4,1,0,sleeping,1127,1099,0,65536,698520,24824
2025-05-20 04:00:50,21267,2195652608,32657408,0.9,0.09785875519195744,0,13,0.23,0.14,0.0,0.0,0.0,11309056,0,7,4,1,0,sleeping,1131,1103,0,65536,700442,24900
2025-05-20 04:00:51,21267,2195652608,32657408,0.0,0.09785875519195744,0,13,0.23,0.14,0.0,0.0,0.0,11309056,0,6,4,1,0,sleeping,1137,1107,0,69632,704270,24976
2025-05-20 04:00:53,21267,2195652608,32657408,0.0,0.09785875519195744,0,13,0.23,0.14,0.0,0.0,0.0,11309056,0,6,4,1,0,sleeping,1142,1113,0,69632,706200,25090
2025-05-20 04:00:54,21267,2195652608,32657408,0.0,0.09785875519195744,0,13,0.23,0.14,0.0,0.0,0.0,11309056,0,6,4,1,0,sleeping,1147,1119,0,69632,708130,25204
2025-05-20 04:00:56,21267,2195652608,32657408,0.0,0.09785875519195744,0,13,0.23,0.14,0.0,0.0,0.0,11309056,0,6,4,1,0,sleeping,1153,1124,0,69632,711957,25310
2025-05-20 04:00:57,21267,2195652608,32657408,0.0,0.09785875519195744,0,13,0.23,0.14,0.0,0.0,0.0,11309056,0,6,4,1,0,sleeping,1157,1128,0,69632,713877,25386
2025-05-20 04:00:58,21267,2195652608,32657408,0.9,0.09785875519195744,0,13,0.24,0.14,0.0,0.0,0.0,11309056,0,6,4,1,0,sleeping,1160,1131,0,69632,715790,25454
2025-05-20 04:00:59,21267,2195652608,32657408,0.0,0.09785875519195744,0,13,0.24,0.14,0.0,0.0,0.0,11309056,0,6,4,1,0,sleeping,1163,1134,0,69632,717704,25522
2025-05-20 04:01:00,21267,2195652608,32657408,0.0,0.09785875519195744,0,13,0.24,0.14,0.0,0.0,0.0,11309056,0,6,4,1,0,sleeping,1166,1137,0,69632,719618,25590
2025-05-20 04:01:01,21267,2195652608,32657408,0.0,0.09785875519195744,0,13,0.24,0.14,0.0,0.0,0.0,11309056,0,6,4,1,0,sleeping,1170,1141,0,69632,721540,25666
2025-05-20 04:01:02,21267,2195652608,32657408,0.0,0.09785875519195744,0,13,0.24,0.14,0.0,0.0,0.0,11309056,0,6,4,1,0,sleeping,1173,1145,0,69632,723454,25764
2025-05-20 04:01:03,21267,2195652608,32657408,0.0,0.09785875519195744,0,13,0.24,0.14,0.0,0.0,0.0,11309056,0,5,4,1,0,sleeping,1176,1148,0,69632,725368,25832
2025-05-20 04:01:04,21267,2195652608,32657408,0.0,0.09785875519195744,0,13,0.24,0.14,0.0,0.0,0.0,11309056,0,6,4,1,0,sleeping,1179,1151,0,69632,727282,25900
2025-05-20 04:01:05,21267,2195652608,32657408,0.0,0.09785875519195744,0,13,0.24,0.14,0.0,0.0,0.0,11309056,0,5,4,1,0,sleeping,1183,1155,0,69632,729204,25976
2025-05-20 04:01:06,21267,2195652608,32657408,0.0,0.09785875519195744,0,13,0.24,0.14,0.0,0.0,0.0,11309056,0,6,4,1,0,sleeping,1186,1158,0,69632,731118,26044
2025-05-20 04:01:07,21267,2195652608,32657408,0.0,0.09785875519195744,0,13,0.24,0.14,0.0,0.0,0.0,11309056,0,5,4,1,0,sleeping,1191,1162,0,69632,734940,26142
2025-05-20 04:01:09,21267,2195652608,32657408,0.0,0.09785875519195744,0,13,0.24,0.14,0.0,0.0,0.0,11309056,0,6,4,1,0,sleeping,1194,1165,0,69632,736855,26210
2025-05-20 04:01:10,21267,2195652608,32657408,0.0,0.09785875519195744,0,13,0.24,0.14,0.0,0.0,0.0,11309056,0,5,4,1,0,sleeping,1198,1170,0,69632,738778,26316
2025-05-20 04:01:11,21267,2195652608,32657408,0.8,0.09785875519195744,0,13,0.25,0.14,0.0,0.0,0.0,11309056,0,5,4,1,0,sleeping,1202,1174,0,69632,740701,26392
2025-05-20 04:01:12,21267,2195652608,32657408,0.0,0.09785875519195744,0,13,0.25,0.14,0.0,0.0,0.0,11309056,0,6,4,1,0,sleeping,1209,1180,0,69632,744539,26506
2025-05-20 04:01:14,21267,2195652608,32657408,0.0,0.09785875519195744,0,13,0.25,0.14,0.0,0.0,0.0,11309056,0,6,4,1,0,sleeping,1213,1184,0,69632,746462,26582
2025-05-20 04:01:15,21267,2195652608,32657408,0.0,0.09785875519195744,0,13,0.25,0.14,0.0,0.0,0.0,11309056,0,6,4,1,0,sleeping,1216,1187,0,69632,748378,26650
2025-05-20 04:01:16,21267,2195652608,32657408,0.0,0.09785875519195744,0,13,0.25,0.14,0.0,0.0,0.0,11309056,0,6,4,1,0,sleeping,1218,1189,0,69632,750286,26710
2025-05-20 04:01:17,21267,2195652608,32657408,0.0,0.09785875519195744,0,13,0.25,0.14,0.0,0.0,0.0,11309056,0,6,4,1,0,sleeping,1222,1193,0,69632,752210,26786
2025-05-20 04:01:18,21267,2195652608,32657408,0.0,0.09785875519195744,0,13,0.25,0.14,0.0,0.0,0.0,11309056,0,6,4,1,0,sleeping,1225,1196,0,69632,754124,26854
2025-05-20 04:01:19,21267,2195652608,32657408,0.0,0.09785875519195744,0,13,0.25,0.14,0.0,0.0,0.0,11309056,0,6,4,1,0,sleeping,1227,1198,0,69632,756030,26914
2025-05-20 04:01:20,21267,2195652608,32657408,0.0,0.09785875519195744,0,13,0.25,0.14,0.0,0.0,0.0,11309056,0,6,4,1,0,sleeping,1231,1203,0,69632,757953,27020
2025-05-20 04:01:21,21267,2195652608,32657408,0.0,0.09785875519195744,0,13,0.25,0.14,0.0,0.0,0.0,11309056,0,6,4,1,0,sleeping,1235,1207,0,69632,759876,27096
2025-05-20 04:01:22,21267,2195652608,32657408,0.0,0.09785875519195744,0,13,0.25,0.14,0.0,0.0,0.0,11309056,0,6,4,1,0,sleeping,1239,1211,0,69632,761801,27172
2025-05-20 04:01:23,21267,2195652608,32657408,0.0,0.09785875519195744,0,13,0.25,0.14,0.0,0.0,0.0,11309056,0,6,4,1,0,sleeping,1242,1214,0,73728,763718,27240
2025-05-20 04:01:24,21267,2195652608,32657408,0.0,0.09785875519195744,0,13,0.25,0.14,0.0,0.0,0.0,11309056,0,6,4,1,0,sleeping,1245,1217,0,73728,765635,27308
2025-05-20 04:01:25,21267,2195652608,32657408,0.0,0.09785875519195744,0,13,0.25,0.14,0.0,0.0,0.0,11309056,0,6,4,1,0,sleeping,1249,1221,0,73728,767559,27384
2025-05-20 04:01:26,21267,2195652608,32657408,0.9,0.09785875519195744,0,13,0.25,0.15,0.0,0.0,0.0,11309056,0,7,4,1,0,sleeping,1252,1225,0,73728,769475,27482
2025-05-20 04:01:28,21267,2195652608,32657408,0.0,0.09785875519195744,0,13,0.25,0.15,0.0,0.0,0.0,11309056,0,6,4,1,0,sleeping,1257,1228,0,73728,773306,27550
2025-05-20 04:01:29,21267,2195652608,32657408,0.0,0.09785875519195744,0,13,0.25,0.15,0.0,0.0,0.0,11309056,0,6,4,1,0,sleeping,1260,1232,0,73728,775229,27648
2025-05-20 04:01:30,21267,2195652608,32657408,0.0,0.09785875519195744,0,13,0.25,0.15,0.0,0.0,0.0,11309056,0,6,4,1,0,sleeping,1264,1236,0,73728,777160,27724
2025-05-20 04:01:32,21267,2195652608,32657408,0.8,0.09785875519195744,0,13,0.26,0.15,0.0,0.0,0.0,11309056,0,7,4,1,0,sleeping,1270,1241,0,73728,781006,27830
2025-05-20 04:01:33,21267,2195652608,32657408,0.0,0.09785875519195744,0,13,0.26,0.15,0.0,0.0,0.0,11309056,0,7,4,1,0,sleeping,1274,1245,0,73728,782937,27906
2025-05-20 04:01:34,21267,2195652608,32657408,0.0,0.09785875519195744,0,13,0.26,0.15,0.0,0.0,0.0,11309056,0,7,4,1,0,sleeping,1277,1248,0,73728,784860,27974
2025-05-20 04:01:35,21267,2195652608,32657408,0.0,0.09785875519195744,0,13,0.26,0.15,0.0,0.0,0.0,11309056,0,7,4,1,0,sleeping,1281,1252,0,73728,786791,28050
2025-05-20 04:01:36,21267,2195652608,32657408,0.0,0.09785875519195744,0,13,0.26,0.15,0.0,0.0,0.0,11309056,0,7,4,1,0,sleeping,1285,1257,0,73728,788720,28156
2025-05-20 04:01:37,21267,2195652608,32657408,0.0,0.09785875519195744,0,13,0.26,0.15,0.0,0.0,0.0,11309056,0,7,4,1,0,sleeping,1289,1261,0,73728,790649,28232
2025-05-20 04:01:38,21267,2195652608,32657408,0.0,0.09785875519195744,0,13,0.26,0.15,0.0,0.0,0.0,11309056,0,7,4,1,0,sleeping,1292,1264,0,73728,792572,28300
2025-05-20 04:01:39,21267,2195652608,32657408,0.0,0.09785875519195744,0,13,0.26,0.15,0.0,0.0,0.0,11309056,0,7,4,1,0,sleeping,1295,1267,0,73728,794495,28368
2025-05-20 04:01:40,21267,2195652608,32657408,0.0,0.09785875519195744,0,13,0.26,0.15,0.0,0.0,0.0,11309056,0,7,4,1,0,sleeping,1299,1271,0,73728,796426,28444
2025-05-20 04:01:41,21267,2195652608,32657408,0.0,0.09785875519195744,0,13,0.26,0.15,0.0,0.0,0.0,11309056,0,7,4,1,0,sleeping,1302,1274,0,77824,798349,28512
2025-05-20 04:01:42,21267,2195652608,32657408,0.0,0.09785875519195744,0,13,0.26,0.15,0.0,0.0,0.0,11313152,0,7,4,1,0,sleeping,1306,1278,0,77824,800280,28588
2025-05-20 04:01:43,21267,2195652608,32657408,0.0,0.09785875519195744,0,13,0.26,0.15,0.0,0.0,0.0,11313152,0,7,4,1,0,sleeping,1310,1283,0,77824,802210,28694
2025-05-20 04:01:45,21267,2195652608,32657408,0.0,0.09785875519195744,0,13,0.26,0.15,0.0,0.0,0.0,11317248,0,7,4,1,0,sleeping,1315,1286,0,77824,806047,28762
2025-05-20 04:01:46,21267,2195652608,32657408,0.0,0.09785875519195744,0,13,0.26,0.15,0.0,0.0,0.0,11317248,0,6,4,1,0,sleeping,1318,1289,0,77824,807970,28830
2025-05-20 04:01:47,21267,2195652608,32657408,0.7,0.09785875519195744,0,13,0.27,0.15,0.0,0.0,0.0,11317248,0,6,4,1,0,sleeping,1322,1294,0,77824,809901,28936
2025-05-20 04:01:48,21267,2195652608,32657408,0.0,0.09785875519195744,0,13,0.27,0.15,0.0,0.0,0.0,11317248,0,7,4,1,0,sleeping,1325,1298,0,77824,811824,29034
2025-05-20 04:01:50,21267,2195652608,32657408,0.0,0.09785875519195744,0,13,0.27,0.15,0.0,0.0,0.0,11317248,0,7,4,1,0,sleeping,1330,1301,0,77824,815662,29102
2025-05-20 04:01:51,21267,2195652608,32657408,0.0,0.09785875519195744,0,13,0.27,0.15,0.0,0.0,0.0,11317248,0,7,4,1,0,sleeping,1333,1304,0,77824,817585,29170
2025-05-20 04:01:52,21267,2195652608,32657408,0.0,0.09785875519195744,0,13,0.27,0.15,0.0,0.0,0.0,11317248,0,7,4,1,0,sleeping,1336,1307,0,77824,819508,29238
2025-05-20 04:01:53,21267,2195652608,32657408,0.0,0.09785875519195744,0,13,0.27,0.15,0.0,0.0,0.0,11317248,0,7,4,1,0,sleeping,1340,1311,0,77824,821438,29314
2025-05-20 04:01:54,21267,2195652608,32657408,0.0,0.09785875519195744,0,13,0.27,0.15,0.0,0.0,0.0,11317248,0,7,4,1,0,sleeping,1343,1315,0,77824,823360,29412
2025-05-20 04:01:55,21267,2195652608,32657408,0.0,0.09785875519195744,0,13,0.27,0.15,0.0,0.0,0.0,11317248,0,8,4,1,0,sleeping,1346,1318,0,77824,825283,29480
2025-05-20 04:01:56,21267,2195652608,32657408,0.0,0.09785875519195744,0,13,0.27,0.15,0.0,0.0,0.0,11317248,0,7,4,1,0,sleeping,1349,1321,0,77824,827205,29548
2025-05-20 04:01:57,21267,2195652608,32657408,0.0,0.09785875519195744,0,13,0.27,0.15,0.0,0.0,0.0,11317248,0,8,4,1,0,sleeping,1353,1325,0,81920,829135,29624
2025-05-20 04:01:58,21267,2195652608,32657408,0.9,0.09785875519195744,0,13,0.28,0.15,0.0,0.0,0.0,11317248,0,8,4,1,0,sleeping,1356,1328,0,81920,831058,29692
2025-05-20 04:01:59,21267,2195652608,32657408,0.0,0.09785875519195744,0,13,0.28,0.15,0.0,0.0,0.0,11317248,0,8,4,1,0,sleeping,1358,1330,0,81920,832967,29752
2025-05-20 04:02:00,21267,2195652608,32657408,0.0,0.09785875519195744,0,13,0.28,0.15,0.0,0.0,0.0,11317248,0,8,4,1,0,sleeping,1362,1335,0,81920,834892,29858
2025-05-20 04:02:02,21267,2195652608,32657408,0.0,0.09785875519195744,0,13,0.28,0.15,0.0,0.0,0.0,11317248,0,8,4,1,0,sleeping,1365,1338,0,81920,836808,29926
2025-05-20 04:02:03,21267,2195652608,32657408,0.0,0.09785875519195744,0,13,0.28,0.15,0.0,0.0,0.0,11317248,0,8,4,1,0,sleeping,1369,1342,0,81920,838732,30002
2025-05-20 04:02:04,21267,2195652608,32657408,0.0,0.09785875519195744,0,13,0.28,0.15,0.0,0.0,0.0,11317248,0,8,4,1,0,sleeping,1375,1346,0,81920,842566,30078
2025-05-20 04:02:05,21267,2195652608,32657408,0.0,0.09785875519195744,0,13,0.28,0.15,0.0,0.0,0.0,11317248,0,6,4,1,0,sleeping,1377,1348,0,81920,844475,30138
2025-05-20 04:02:06,21267,2195652608,32657408,0.0,0.09785875519195744,0,13,0.28,0.15,0.0,0.0,0.0,11321344,0,6,4,1,0,sleeping,1382,1354,0,81920,846408,30252
2025-05-20 04:02:07,21267,2195652608,32657408,0.0,0.09785875519195744,0,13,0.28,0.15,0.0,0.0,0.0,11321344,0,5,4,1,0,sleeping,1386,1359,0,81920,848333,30358
2025-05-20 04:02:09,21267,2195652608,32657408,0.7,0.09785875519195744,0,13,0.29,0.15,0.0,0.0,0.0,11321344,0,5,4,1,0,sleeping,1393,1365,0,81920,852175,30472
2025-05-20 04:02:10,21267,2195652608,32657408,0.0,0.09785875519195744,0,13,0.29,0.15,0.0,0.0,0.0,11321344,0,5,4,1,0,sleeping,1397,1369,0,81920,854100,30548
2025-05-20 04:02:11,21267,2195652608,32657408,0.0,0.09785875519195744,0,13,0.29,0.15,0.0,0.0,0.0,11321344,0,6,4,1,0,sleeping,1401,1374,0,81920,856025,30654
2025-05-20 04:02:13,21267,2195652608,32657408,0.0,0.09785875519195744,0,13,0.29,0.15,0.0,0.0,0.0,11321344,0,6,4,1,0,sleeping,1404,1377,0,81920,857942,30722
2025-05-20 04:02:14,21267,2195652608,32657408,0.0,0.09785875519195744,0,13,0.29,0.15,0.0,0.0,0.0,11321344,0,6,4,1,0,sleeping,1407,1380,0,81920,859859,30790
2025-05-20 04:02:15,21267,2195652608,32657408,0.9,0.09785875519195744,0,13,0.29,0.16,0.0,0.0,0.0,11321344,0,6,4,1,0,sleeping,1413,1384,0,81920,863691,30866
2025-05-20 04:02:16,21267,2195652608,32657408,0.0,0.09785875519195744,0,13,0.29,0.16,0.0,0.0,0.0,11333632,0,6,4,1,0,sleeping,1416,1387,0,81920,865608,30934
2025-05-20 04:02:17,21267,2195652608,32657408,0.0,0.09785875519195744,0,13,0.29,0.16,0.0,0.0,0.0,11341824,0,6,4,1,0,sleeping,1419,1390,0,81920,867525,31002
2025-05-20 04:02:18,21267,2195652608,32788480,0.0,0.09825151577970895,0,13,0.29,0.16,0.0,0.0,0.0,11456512,0,8,4,1,0,sleeping,1421,1392,0,81920,869433,31062
2025-05-20 04:02:19,21267,2195652608,32788480,0.0,0.09825151577970895,0,13,0.29,0.16,0.0,0.0,0.0,11464704,0,8,4,1,0,sleeping,1426,1398,0,81920,871365,31176
2025-05-20 04:02:20,21267,2195652608,32788480,0.0,0.09825151577970895,0,13,0.29,0.16,0.0,0.0,0.0,11464704,0,8,4,1,0,sleeping,1429,1401,0,81920,873282,31244
2025-05-20 04:02:21,21267,2195652608,32788480,0.0,0.09825151577970895,0,13,0.29,0.16,0.0,0.0,0.0,11464704,0,8,4,1,0,sleeping,1432,1404,0,81920,875199,31312
2025-05-20 04:02:22,21267,2195652608,32788480,0.0,0.09825151577970895,0,13,0.29,0.16,0.0,0.0,0.0,11464704,0,8,4,1,0,sleeping,1435,1407,0,81920,877116,31380
2025-05-20 04:02:24,21267,2195652608,32788480,0.7,0.09825151577970895,0,13,0.3,0.16,0.0,0.0,0.0,11468800,0,7,4,1,0,sleeping,1441,1412,0,81920,880950,31486
2025-05-20 04:02:25,21267,2195652608,32788480,0.0,0.09825151577970895,0,13,0.3,0.16,0.0,0.0,0.0,11468800,0,7,4,1,0,sleeping,1446,1418,0,81920,882883,31600
2025-05-20 04:02:26,21267,2195652608,32788480,0.0,0.09825151577970895,0,13,0.3,0.16,0.0,0.0,0.0,11468800,0,7,4,1,0,sleeping,1450,1422,0,81920,884808,31676
2025-05-20 04:02:28,21267,2195652608,32788480,0.0,0.09825151577970895,0,13,0.3,0.16,0.0,0.0,0.0,11472896,0,6,4,1,0,sleeping,1452,1425,0,86016,886717,31766
2025-05-20 04:02:29,21267,2195652608,32788480,0.0,0.09825151577970895,0,13,0.3,0.16,0.0,0.0,0.0,11472896,0,7,4,1,0,sleeping,1456,1429,0,86016,888642,31842
2025-05-20 04:02:30,21267,2195652608,32788480,0.0,0.09825151577970895,0,13,0.3,0.16,0.0,0.0,0.0,11472896,0,7,4,1,0,sleeping,1459,1432,0,86016,890559,31910
2025-05-20 04:02:31,21267,2195652608,32788480,0.0,0.09825151577970895,0,13,0.3,0.16,0.0,0.0,0.0,11493376,0,7,4,1,0,sleeping,1463,1434,0,86016,894377,31970
2025-05-20 04:02:32,21267,2195652608,32788480,0.0,0.09825151577970895,0,13,0.3,0.16,0.0,0.0,0.0,11505664,0,6,4,1,0,sleeping,1466,1437,0,86016,896294,32038
2025-05-20 04:02:33,21267,2195652608,32788480,0.0,0.09825151577970895,0,13,0.3,0.16,0.0,0.0,0.0,11505664,0,6,4,1,0,sleeping,1469,1440,0,86016,898211,32106
2025-05-20 04:02:34,21267,2195652608,32788480,0.0,0.09825151577970895,0,13,0.3,0.16,0.0,0.0,0.0,11505664,0,6,4,1,0,sleeping,1472,1443,0,86016,900128,32174
2025-05-20 04:02:35,21267,2195652608,32788480,0.0,0.09825151577970895,0,13,0.3,0.16,0.0,0.0,0.0,11505664,0,8,4,1,0,sleeping,1474,1446,0,86016,902037,32264
2025-05-20 04:02:36,21267,2195652608,32788480,0.0,0.09825151577970895,0,13,0.3,0.16,0.0,0.0,0.0,11505664,0,8,4,1,0,sleeping,1478,1450,0,86016,903962,32340
2025-05-20 04:02:37,21267,2195652608,32788480,0.0,0.09825151577970895,0,13,0.3,0.16,0.0,0.0,0.0,11522048,0,8,4,1,0,sleeping,1481,1453,0,86016,905879,32408
2025-05-20 04:02:38,21267,2195652608,32788480,0.0,0.09825151577970895,0,13,0.3,0.16,0.0,0.0,0.0,11522048,0,8,4,1,0,sleeping,1485,1457,0,86016,907804,32484
2025-05-20 04:02:39,21267,2195652608,32788480,0.0,0.09825151577970895,0,13,0.3,0.16,0.0,0.0,0.0,11530240,0,8,4,1,0,sleeping,1488,1460,0,86016,909721,32552
2025-05-20 04:02:40,21267,2195652608,32788480,0.0,0.09825151577970895,0,13,0.3,0.16,0.0,0.0,0.0,11530240,0,6,4,1,0,sleeping,1491,1463,0,86016,911638,32620
2025-05-20 04:02:42,21267,2195652608,32788480,0.8,0.09825151577970895,0,13,0.3,0.17,0.0,0.0,0.0,11530240,0,7,4,1,0,sleeping,1495,1468,0,86016,913563,32726
2025-05-20 04:02:43,21267,2195652608,32788480,0.8,0.09825151577970895,0,13,0.31,0.17,0.0,0.0,0.0,11538432,0,7,4,1,0,sleeping,1500,1471,0,86016,917389,32794
2025-05-20 04:02:44,21267,2195652608,32788480,0.0,0.09825151577970895,0,13,0.31,0.17,0.0,0.0,0.0,11542528,0,7,4,1,0,sleeping,1505,1477,0,86016,919322,32908
2025-05-20 04:02:46,21267,2195652608,32788480,0.0,0.09825151577970895,0,13,0.31,0.17,0.0,0.0,0.0,11550720,0,7,4,1,0,sleeping,1512,1483,0,86016,923162,33022
2025-05-20 04:02:47,21267,2195652608,32788480,0.0,0.09825151577970895,0,13,0.31,0.17,0.0,0.0,0.0,11558912,0,7,4,1,0,sleeping,1517,1489,0,86016,925093,33136
2025-05-20 04:02:48,21267,2195652608,32788480,0.0,0.09825151577970895,0,13,0.31,0.17,0.0,0.0,0.0,11567104,0,7,4,1,0,sleeping,1520,1492,0,86016,927010,33204
2025-05-20 04:02:49,21267,2195652608,32788480,0.0,0.09825151577970895,0,13,0.31,0.17,0.0,0.0,0.0,11579392,0,7,4,1,0,sleeping,1524,1496,0,90112,928935,33280
2025-05-20 04:02:50,21267,2195652608,32788480,0.0,0.09825151577970895,0,13,0.31,0.17,0.0,0.0,0.0,11587584,0,7,4,1,0,sleeping,1527,1499,0,90112,930851,33348
2025-05-20 04:02:51,21267,2195652608,32788480,0.0,0.09825151577970895,0,13,0.31,0.17,0.0,0.0,0.0,11587584,0,7,4,1,0,sleeping,1531,1503,0,90112,932774,33424
2025-05-20 04:02:52,21267,2195652608,32788480,0.0,0.09825151577970895,0,13,0.31,0.17,0.0,0.0,0.0,11603968,0,7,4,1,0,sleeping,1534,1506,0,90112,934695,33492
2025-05-20 04:02:53,21267,2195652608,32788480,0.0,0.09825151577970895,0,13,0.31,0.17,0.0,0.0,0.0,11632640,0,7,4,1,0,sleeping,1538,1511,0,90112,936624,33598
2025-05-20 04:02:55,21267,2195652608,32788480,0.0,0.09825151577970895,0,13,0.31,0.17,0.0,0.0,0.0,11644928,0,7,4,1,0,sleeping,1542,1515,0,90112,938553,33674
2025-05-20 04:02:56,21267,2195652608,32788480,0.0,0.09825151577970895,0,13,0.31,0.17,0.0,0.0,0.0,11653120,0,7,4,1,0,sleeping,1546,1519,0,90112,940483,33750
2025-05-20 04:02:57,21267,2195652608,32788480,0.0,0.09825151577970895,0,13,0.31,0.17,0.0,0.0,0.0,11653120,0,7,4,1,0,sleeping,1550,1523,0,90112,942413,33826
2025-05-20 04:02:58,21267,2195652608,32788480,0.0,0.09825151577970895,0,13,0.31,0.17,0.0,0.0,0.0,11653120,0,8,4,1,0,sleeping,1553,1526,0,90112,944335,33894
2025-05-20 04:02:59,21267,2195652608,32788480,0.0,0.09825151577970895,0,13,0.31,0.17,0.0,0.0,0.0,11661312,0,8,4,1,0,sleeping,1559,1530,0,90112,948178,33970
2025-05-20 04:03:00,21267,2195652608,32919552,0.9,0.09864427636746041,0,13,0.32,0.17,0.0,0.0,0.0,11669504,0,8,4,1,0,sleeping,1564,1536,0,90112,950115,34084
2025-05-20 04:03:01,21267,2195652608,32919552,0.0,0.09864427636746041,0,13,0.32,0.17,0.0,0.0,0.0,11677696,0,7,4,1,0,sleeping,1568,1540,0,90112,952045,34160
2025-05-20 04:03:02,21267,2195652608,32919552,0.0,0.09864427636746041,0,13,0.32,0.17,0.0,0.0,0.0,11677696,0,7,4,1,0,sleeping,1572,1545,0,94208,953975,34266
2025-05-20 04:03:04,21267,2195652608,32919552,0.0,0.09864427636746041,0,13,0.32,0.17,0.0,0.0,0.0,11689984,0,6,4,1,0,sleeping,1579,1551,0,94208,957827,34380
2025-05-20 04:03:05,21267,2195652608,32919552,0.0,0.09864427636746041,0,13,0.32,0.17,0.0,0.0,0.0,11689984,0,6,4,1,0,sleeping,1583,1555,0,94208,959757,34456
2025-05-20 04:03:06,21267,2195652608,32919552,0.0,0.09864427636746041,0,13,0.32,0.17,0.0,0.0,0.0,11689984,0,6,4,1,0,sleeping,1585,1557,0,94208,961671,34516
2025-05-20 04:03:07,21267,2195652608,32919552,0.0,0.09864427636746041,0,13,0.32,0.17,0.0,0.0,0.0,11694080,0,6,4,1,0,sleeping,1588,1560,0,94208,963593,34584
2025-05-20 04:03:08,21267,2195652608,32919552,0.0,0.09864427636746041,0,13,0.32,0.17,0.0,0.0,0.0,11714560,0,7,4,1,0,sleeping,1592,1564,0,94208,965523,34660
2025-05-20 04:03:09,21267,2195652608,32919552,0.0,0.09864427636746041,0,13,0.32,0.17,0.0,0.0,0.0,11726848,0,6,4,1,0,sleeping,1596,1569,0,94208,967453,34766
2025-05-20 04:03:11,21267,2195652608,32919552,0.9,0.09864427636746041,0,13,0.33,0.17,0.0,0.0,0.0,11755520,0,6,4,1,0,sleeping,1599,1572,0,94208,969375,34834
2025-05-20 04:03:12,21267,2195652608,32919552,0.0,0.09864427636746041,0,13,0.33,0.17,0.0,0.0,0.0,11800576,0,6,4,1,0,sleeping,1601,1574,0,94208,971289,34894
2025-05-20 04:03:13,21267,2195652608,32919552,0.0,0.09864427636746041,0,13,0.33,0.17,0.0,0.0,0.0,11800576,0,6,4,1,0,sleeping,1604,1577,0,94208,973211,34962
2025-05-20 04:03:14,21267,2195652608,32919552,0.0,0.09864427636746041,0,13,0.33,0.17,0.0,0.0,0.0,11812864,0,6,4,1,0,sleeping,1606,1579,0,94208,975125,35022
2025-05-20 04:03:15,21267,2195652608,32919552,0.0,0.09864427636746041,0,13,0.33,0.17,0.0,0.0,0.0,11816960,0,6,4,1,0,sleeping,1611,1582,0,94208,978961,35090
2025-05-20 04:03:16,21267,2195652608,32919552,0.0,0.09864427636746041,0,13,0.33,0.17,0.0,0.0,0.0,11821056,0,7,4,1,0,sleeping,1614,1585,0,94208,980883,35158
2025-05-20 04:03:17,21267,2195652608,32919552,0.0,0.09864427636746041,0,13,0.33,0.17,0.0,0.0,0.0,11821056,0,7,4,1,0,sleeping,1616,1588,0,94208,982797,35248
2025-05-20 04:03:18,21267,2195652608,32919552,0.0,0.09864427636746041,0,13,0.33,0.17,0.0,0.0,0.0,11821056,0,7,4,1,0,sleeping,1618,1590,0,94208,984711,35308
2025-05-20 04:03:19,21267,2195652608,32919552,0.0,0.09864427636746041,0,13,0.33,0.17,0.0,0.0,0.0,11821056,0,7,4,1,0,sleeping,1622,1594,0,94208,986641,35384
2025-05-20 04:03:20,21267,2195652608,32919552,0.0,0.09864427636746041,0,13,0.33,0.17,0.0,0.0,0.0,11821056,0,8,4,1,0,sleeping,1626,1599,0,94208,988571,35490
2025-05-20 04:03:22,21267,2195652608,32919552,0.0,0.09864427636746041,0,13,0.33,0.17,0.0,0.0,0.0,11833344,0,8,4,1,0,sleeping,1629,1602,0,94208,990493,35558
2025-05-20 04:03:23,21267,2195652608,32919552,0.7,0.09864427636746041,0,13,0.34,0.17,0.0,0.0,0.0,11837440,0,6,4,1,0,sleeping,1636,1608,0,94208,994340,35672
2025-05-20 04:03:24,21267,2195652608,32919552,0.0,0.09864427636746041,0,13,0.34,0.17,0.0,0.0,0.0,11837440,0,7,4,1,0,sleeping,1639,1611,0,94208,996257,35740
2025-05-20 04:03:25,21267,2195652608,32919552,0.0,0.09864427636746041,0,13,0.34,0.17,0.0,0.0,0.0,11837440,0,7,4,1,0,sleeping,1643,1615,0,94208,998182,35816
2025-05-20 04:03:26,21267,2195652608,32919552,0.0,0.09864427636746041,0,13,0.34,0.17,0.0,0.0,0.0,11837440,0,7,4,1,0,sleeping,1646,1619,0,94208,1000099,35914
2025-05-20 04:03:28,21267,2195652608,32919552,0.0,0.09864427636746041,0,13,0.34,0.17,0.0,0.0,0.0,11837440,0,8,4,1,0,sleeping,1649,1622,0,94208,1002016,35982
2025-05-20 04:03:29,21267,2195652608,32919552,0.0,0.09864427636746041,0,13,0.34,0.17,0.0,0.0,0.0,11837440,0,7,4,1,0,sleeping,1652,1625,0,94208,1003933,36050
2025-05-20 04:03:30,21267,2195652608,32919552,0.0,0.09864427636746041,0,13,0.34,0.17,0.0,0.0,0.0,11837440,0,8,4,1,0,sleeping,1656,1629,0,94208,1005856,36126
2025-05-20 04:03:31,21267,2195652608,32919552,0.0,0.09864427636746041,0,13,0.34,0.17,0.0,0.0,0.0,11837440,0,8,4,1,0,sleeping,1659,1632,0,94208,1007771,36194
2025-05-20 04:03:32,21267,2195652608,32919552,0.0,0.09864427636746041,0,13,0.34,0.17,0.0,0.0,0.0,11837440,0,8,4,1,0,sleeping,1663,1636,0,94208,1009695,36270
2025-05-20 04:03:33,21267,2195652608,32919552,0.0,0.09864427636746041,0,13,0.34,0.17,0.0,0.0,0.0,11837440,0,8,4,1,0,sleeping,1668,1639,0,94208,1013519,36338
2025-05-20 04:03:34,21267,2195652608,32919552,0.0,0.09864427636746041,0,13,0.34,0.17,0.0,0.0,0.0,11837440,0,8,4,1,0,sleeping,1671,1643,0,94208,1015435,36436
2025-05-20 04:03:35,21267,2195652608,32919552,0.0,0.09864427636746041,0,13,0.34,0.17,0.0,0.0,0.0,11837440,0,8,4,1,0,sleeping,1674,1646,0,94208,1017352,36504
2025-05-20 04:03:36,21267,2195652608,32919552,0.0,0.09864427636746041,0,13,0.34,0.17,0.0,0.0,0.0,11837440,0,8,4,1,0,sleeping,1677,1649,0,94208,1019269,36572
2025-05-20 04:03:37,21267,2195652608,32919552,0.9,0.09864427636746041,0,13,0.35,0.17,0.0,0.0,0.0,11837440,0,8,4,1,0,sleeping,1681,1653,0,98304,1021194,36648
2025-05-20 04:03:38,21267,2195652608,32919552,0.0,0.09864427636746041,0,13,0.35,0.17,0.0,0.0,0.0,11837440,0,8,4,1,0,sleeping,1684,1656,0,98304,1023111,36716
2025-05-20 04:03:39,21267,2195652608,32919552,0.0,0.09864427636746041,0,13,0.35,0.17,0.0,0.0,0.0,11837440,0,8,4,1,0,sleeping,1688,1660,0,98304,1025036,36792
2025-05-20 04:03:40,21267,2195652608,32919552,0.0,0.09864427636746041,0,13,0.35,0.17,0.0,0.0,0.0,11837440,0,7,4,1,0,sleeping,1692,1665,0,98304,1026961,36898
2025-05-20 04:03:42,21267,2195652608,32919552,0.0,0.09864427636746041,0,13,0.35,0.17,0.0,0.0,0.0,11837440,0,8,4,1,0,sleeping,1696,1669,0,98304,1028886,36974
2025-05-20 04:03:43,21267,2195652608,32919552,0.0,0.09864427636746041,0,13,0.35,0.17,0.0,0.0,0.0,11837440,0,7,4,1,0,sleeping,1702,1674,0,98304,1032720,37080
2025-05-20 04:03:44,21267,2195652608,32919552,0.0,0.09864427636746041,0,13,0.35,0.17,0.0,0.0,0.0,11837440,0,6,4,1,0,sleeping,1705,1678,0,98304,1034637,37178
2025-05-20 04:03:46,21267,2195652608,32919552,1.5,0.09864427636746041,0,13,0.36,0.18,0.0,0.0,0.0,11837440,0,7,4,1,0,sleeping,1707,1680,0,98304,1036545,37238
2025-05-20 04:03:47,21267,2195652608,32919552,0.0,0.09864427636746041,0,13,0.36,0.18,0.0,0.0,0.0,11837440,0,7,4,1,0,sleeping,1712,1684,0,98304,1040370,37336
2025-05-20 04:03:48,21267,2195652608,32919552,0.0,0.09864427636746041,0,13,0.36,0.18,0.0,0.0,0.0,11837440,0,7,4,1,0,sleeping,1714,1686,0,98304,1042279,37396
2025-05-20 04:03:49,21267,2195652608,32649216,0.0,0.09783420765522297,0,13,0.36,0.18,0.0,0.0,0.0,11399168,0,8,4,1,0,sleeping,1716,1688,0,98304,1044188,37456
2025-05-20 04:03:50,21267,2195652608,32649216,0.0,0.09783420765522297,0,13,0.36,0.18,0.0,0.0,0.0,11399168,0,8,4,1,0,sleeping,1719,1691,0,98304,1046105,37524
2025-05-20 04:03:51,21267,2195652608,32649216,0.0,0.09783420765522297,0,13,0.36,0.18,0.0,0.0,0.0,11399168,0,8,4,1,0,sleeping,1722,1694,0,98304,1048022,37592
2025-05-20 04:03:52,21267,2195652608,32649216,0.0,0.09783420765522297,0,13,0.36,0.18,0.0,0.0,0.0,11399168,0,8,4,1,0,sleeping,1725,1697,0,98304,1049939,37660
2025-05-20 04:03:53,21267,2195652608,32649216,0.0,0.09783420765522297,0,13,0.36,0.18,0.0,0.0,0.0,11399168,0,8,4,1,0,sleeping,1728,1700,0,98304,1051856,37728
2025-05-20 04:03:54,21267,2195652608,32649216,0.0,0.09783420765522297,0,13,0.36,0.18,0.0,0.0,0.0,11399168,0,6,4,1,0,sleeping,1730,1702,0,98304,1053765,37788
2025-05-20 04:03:56,21267,2195652608,32649216,0.0,0.09783420765522297,0,13,0.36,0.18,0.0,0.0,0.0,11399168,0,6,4,1,0,sleeping,1733,1706,0,98304,1055682,37886
2025-05-20 04:03:57,21267,2195652608,32649216,0.0,0.09783420765522297,0,13,0.36,0.18,0.0,0.0,0.0,11399168,0,6,4,1,0,sleeping,1737,1710,0,98304,1057607,37962
2025-05-20 04:03:58,21267,2195652608,32649216,0.0,0.09783420765522297,0,13,0.36,0.18,0.0,0.0,0.0,11399168,0,8,4,1,0,sleeping,1739,1712,0,102400,1059516,38022
2025-05-20 04:03:59,21267,2195652608,32649216,0.0,0.09783420765522297,0,13,0.36,0.18,0.0,0.0,0.0,11399168,0,7,4,1,0,sleeping,1742,1715,0,102400,1061433,38090
2025-05-20 04:04:00,21267,2195652608,32649216,0.0,0.09783420765522297,0,13,0.36,0.18,0.0,0.0,0.0,11399168,0,6,4,1,0,sleeping,1748,1720,0,102400,1065263,38196
2025-05-20 04:04:01,21267,2195652608,32649216,0.0,0.09783420765522297,0,13,0.36,0.18,0.0,0.0,0.0,11399168,0,6,4,1,0,sleeping,1750,1722,0,102400,1067172,38256
2025-05-20 04:04:02,21267,2195652608,32649216,0.7,0.09783420765522297,0,13,0.36,0.19,0.0,0.0,0.0,11399168,0,5,4,1,0,sleeping,1752,1725,0,102400,1069081,38346
2025-05-20 04:04:04,21267,2195652608,32649216,0.0,0.09783420765522297,0,13,0.36,0.19,0.0,0.0,0.0,11399168,0,6,4,1,0,sleeping,1754,1728,0,102400,1070989,38436
2025-05-20 04:04:05,21267,2195652608,32649216,0.0,0.09783420765522297,0,13,0.36,0.19,0.0,0.0,0.0,11399168,0,5,4,1,0,sleeping,1758,1730,0,102400,1074806,38496
2025-05-20 04:04:06,21267,2195652608,32649216,0.0,0.09783420765522297,0,13,0.36,0.19,0.0,0.0,0.0,11399168,0,5,4,1,0,sleeping,1761,1733,0,102400,1076723,38564
2025-05-20 04:04:07,21267,2195652608,32649216,0.0,0.09783420765522297,0,13,0.36,0.19,0.0,0.0,0.0,11399168,0,5,4,1,0,sleeping,1765,1737,0,102400,1078648,38640
2025-05-20 04:04:08,21267,2195652608,32649216,0.9,0.09783420765522297,0,13,0.37,0.19,0.0,0.0,0.0,11399168,0,5,4,1,0,sleeping,1767,1739,0,102400,1080561,38700
2025-05-20 04:04:09,21267,2195652608,32649216,0.0,0.09783420765522297,0,13,0.37,0.19,0.0,0.0,0.0,11399168,0,5,4,1,0,sleeping,1770,1742,0,102400,1082482,38768
2025-05-20 04:04:10,21267,2195652608,32649216,0.0,0.09783420765522297,0,13,0.37,0.19,0.0,0.0,0.0,11399168,0,5,4,1,0,sleeping,1773,1745,0,102400,1084404,38836
2025-05-20 04:04:11,21267,2195652608,32649216,0.0,0.09783420765522297,0,13,0.37,0.19,0.0,0.0,0.0,11399168,0,5,4,1,0,sleeping,1779,1752,0,106496,1086350,38958
2025-05-20 04:04:13,21267,2195652608,32649216,0.0,0.09783420765522297,0,13,0.37,0.19,0.0,0.0,0.0,11399168,0,5,4,1,0,sleeping,1782,1755,0,106496,1088272,39026
2025-05-20 04:04:14,21267,2195652608,32649216,0.0,0.09783420765522297,0,13,0.37,0.19,0.0,0.0,0.0,11399168,0,5,4,1,0,sleeping,1785,1758,0,106496,1090194,39094
2025-05-20 04:04:15,21267,2195652608,32649216,0.0,0.09783420765522297,0,13,0.37,0.19,0.0,0.0,0.0,11399168,0,6,4,1,0,sleeping,1789,1762,0,106496,1092124,39170
2025-05-20 04:04:16,21267,2195652608,32649216,0.0,0.09783420765522297,0,13,0.37,0.19,0.0,0.0,0.0,11399168,0,6,4,1,0,sleeping,1793,1766,0,106496,1094054,39246
2025-05-20 04:04:17,21267,2195652608,32649216,0.0,0.09783420765522297,0,13,0.37,0.19,0.0,0.0,0.0,11399168,0,7,4,1,0,sleeping,1796,1769,0,106496,1095976,39314
2025-05-20 04:04:18,21267,2195652608,32649216,0.0,0.09783420765522297,0,13,0.37,0.19,0.0,0.0,0.0,11399168,0,7,4,1,0,sleeping,1800,1772,0,106496,1099799,39404
2025-05-20 04:04:19,21267,2195652608,32649216,0.0,0.09783420765522297,0,13,0.37,0.19,0.0,0.0,0.0,11399168,0,7,4,1,0,sleeping,1802,1774,0,106496,1101712,39464
2025-05-20 04:04:20,21267,2195652608,32649216,0.0,0.09783420765522297,0,13,0.37,0.19,0.0,0.0,0.0,11399168,0,5,4,1,0,sleeping,1804,1777,0,106496,1103626,39554
2025-05-20 04:04:22,21267,2195652608,32649216,0.7,0.09783420765522297,0,13,0.38,0.19,0.0,0.0,0.0,11399168,0,6,4,1,0,sleeping,1810,1782,0,106496,1107470,39660
2025-05-20 04:04:23,21267,2195652608,32649216,0.0,0.09783420765522297,0,13,0.38,0.19,0.0,0.0,0.0,11399168,0,6,4,1,0,sleeping,1814,1786,0,106496,1109400,39736
2025-05-20 04:04:24,21267,2195652608,32649216,0.0,0.09783420765522297,0,13,0.38,0.19,0.0,0.0,0.0,11399168,0,7,4,1,0,sleeping,1818,1790,0,106496,1111330,39812
2025-05-20 04:04:25,21267,2195652608,32649216,0.0,0.09783420765522297,0,13,0.38,0.19,0.0,0.0,0.0,11399168,0,7,4,1,0,sleeping,1822,1794,0,106496,1113259,39888
2025-05-20 04:04:26,21267,2195652608,32649216,0.0,0.09783420765522297,0,13,0.38,0.19,0.0,0.0,0.0,11399168,0,6,4,1,0,sleeping,1826,1799,0,106496,1115188,39994
2025-05-20 04:04:28,21267,2195652608,32649216,0.0,0.09783420765522297,0,13,0.38,0.19,0.0,0.0,0.0,11399168,0,6,4,1,0,sleeping,1829,1802,0,106496,1117109,40062
2025-05-20 04:04:29,21267,2195652608,32649216,0.0,0.09783420765522297,0,13,0.38,0.19,0.0,0.0,0.0,11399168,0,6,4,1,0,sleeping,1832,1805,0,106496,1119030,40130
2025-05-20 04:04:30,21267,2195652608,32649216,0.0,0.09783420765522297,0,13,0.38,0.19,0.0,0.0,0.0,11399168,0,6,4,1,0,sleeping,1835,1808,0,106496,1120952,40198
2025-05-20 04:04:31,21267,2195652608,32649216,0.0,0.09783420765522297,0,13,0.38,0.19,0.0,0.0,0.0,11399168,0,6,4,1,0,sleeping,1838,1811,0,106496,1122874,40266
2025-05-20 04:04:32,21267,2195652608,32649216,0.0,0.09783420765522297,0,13,0.38,0.19,0.0,0.0,0.0,11399168,0,6,4,1,0,sleeping,1841,1814,0,106496,1124796,40334
2025-05-20 04:04:33,21267,2195652608,32649216,0.0,0.09783420765522297,0,13,0.38,0.19,0.0,0.0,0.0,11399168,0,6,4,1,0,sleeping,1845,1818,0,106496,1126726,40410
2025-05-20 04:04:34,21267,2195652608,32649216,0.0,0.09783420765522297,0,13,0.38,0.19,0.0,0.0,0.0,11399168,0,6,4,1,0,sleeping,1848,1822,0,106496,1128648,40508
2025-05-20 04:04:35,21267,2195652608,32649216,0.0,0.09783420765522297,0,13,0.38,0.19,0.0,0.0,0.0,11399168,0,6,4,1,0,sleeping,1853,1825,0,106496,1132484,40576
2025-05-20 04:04:36,21267,2195652608,32649216,0.0,0.09783420765522297,0,13,0.38,0.19,0.0,0.0,0.0,11399168,0,6,4,1,0,sleeping,1857,1829,0,106496,1134414,40652
2025-05-20 04:04:37,21267,2195652608,32649216,0.0,0.09783420765522297,0,13,0.38,0.19,0.0,0.0,0.0,11399168,0,6,4,1,0,sleeping,1862,1835,0,106496,1136352,40766
2025-05-20 04:04:39,21267,2195652608,32649216,0.8,0.09783420765522297,0,13,0.38,0.2,0.0,0.0,0.0,11399168,0,6,4,1,0,sleeping,1866,1839,0,106496,1138277,40842
2025-05-20 04:04:40,21267,2195652608,32649216,0.0,0.09783420765522297,0,13,0.38,0.2,0.0,0.0,0.0,11399168,0,5,4,1,0,sleeping,1870,1844,0,106496,1140202,40948
2025-05-20 04:04:41,21267,2195652608,32649216,0.0,0.09783420765522297,0,13,0.38,0.2,0.0,0.0,0.0,11399168,0,5,4,1,0,sleeping,1875,1847,0,106496,1144028,41016
2025-05-20 04:04:42,21267,2195652608,32649216,0.0,0.09783420765522297,0,13,0.38,0.2,0.0,0.0,0.0,11399168,0,6,4,1,0,sleeping,1879,1851,0,106496,1145953,41092
2025-05-20 04:04:43,21267,2195652608,32649216,0.0,0.09783420765522297,0,13,0.38,0.2,0.0,0.0,0.0,11399168,0,6,4,1,0,sleeping,1883,1855,0,110592,1147878,41168
2025-05-20 04:04:44,21267,2195652608,32649216,0.0,0.09783420765522297,0,13,0.38,0.2,0.0,0.0,0.0,11399168,0,6,4,1,0,sleeping,1886,1858,0,110592,1149795,41236
2025-05-20 04:04:45,21267,2195652608,32649216,0.0,0.09783420765522297,0,13,0.38,0.2,0.0,0.0,0.0,11399168,0,6,4,1,0,sleeping,1889,1861,0,110592,1151712,41304
2025-05-20 04:04:46,21267,2195652608,32649216,0.9,0.09783420765522297,0,13,0.39,0.2,0.0,0.0,0.0,11399168,0,6,4,1,0,sleeping,1893,1865,0,110592,1153637,41380
2025-05-20 04:04:47,21267,2195652608,32649216,0.0,0.09783420765522297,0,13,0.39,0.2,0.0,0.0,0.0,11399168,0,6,4,1,0,sleeping,1896,1869,0,110592,1155554,41478
2025-05-20 04:04:49,21267,2195652608,32649216,0.0,0.09783420765522297,0,13,0.39,0.2,0.0,0.0,0.0,11399168,0,7,4,1,0,sleeping,1899,1872,0,110592,1157471,41546
2025-05-20 04:04:50,21267,2195652608,32649216,0.0,0.09783420765522297,0,13,0.39,0.2,0.0,0.0,0.0,11399168,0,6,4,1,0,sleeping,1902,1875,0,110592,1159387,41614
2025-05-20 04:04:51,21267,2195652608,32649216,0.0,0.09783420765522297,0,13,0.39,0.2,0.0,0.0,0.0,11399168,0,6,4,1,0,sleeping,1905,1878,0,110592,1161303,41682
2025-05-20 04:04:52,21267,2195652608,32649216,0.0,0.09783420765522297,0,13,0.39,0.2,0.0,0.0,0.0,11399168,0,6,4,1,0,sleeping,1907,1880,0,110592,1163212,41742
2025-05-20 04:04:53,21267,2195652608,32649216,0.0,0.09783420765522297,0,13,0.39,0.2,0.0,0.0,0.0,11399168,0,8,4,1,0,sleeping,1912,1886,0,110592,1165145,41856
2025-05-20 04:04:54,21267,2195652608,32649216,0.0,0.09783420765522297,0,13,0.39,0.2,0.0,0.0,0.0,11399168,0,8,4,1,0,sleeping,1918,1890,0,110592,1168979,41932
2025-05-20 04:04:56,21267,2195652608,32649216,0.0,0.09783420765522297,0,13,0.39,0.2,0.0,0.0,0.0,11399168,0,6,4,1,0,sleeping,1923,1896,0,110592,1170912,42046
2025-05-20 04:04:57,21267,2195652608,32649216,0.0,0.09783420765522297,0,13,0.39,0.2,0.0,0.0,0.0,11399168,0,8,4,1,0,sleeping,1928,1902,0,110592,1172845,42160
2025-05-20 04:04:58,21267,2195652608,32649216,0.0,0.09783420765522297,0,13,0.39,0.2,0.0,0.0,0.0,11399168,0,8,4,1,0,sleeping,1930,1904,0,110592,1174754,42220
2025-05-20 04:04:59,21267,2195652608,32649216,0.0,0.09783420765522297,0,13,0.39,0.2,0.0,0.0,0.0,11399168,0,8,4,1,0,sleeping,1937,1909,0,110592,1178596,42304
2025-05-20 04:05:00,21267,2195652608,32649216,0.0,0.09783420765522297,0,13,0.39,0.2,0.0,0.0,0.0,11399168,0,7,4,1,0,sleeping,1940,1912,0,110592,1180513,42372
2025-05-20 04:05:01,21267,2195652608,32649216,0.0,0.09783420765522297,0,13,0.39,0.2,0.0,0.0,0.0,11399168,0,7,4,1,0,sleeping,1944,1916,0,110592,1182438,42448
2025-05-20 04:05:02,21267,2195652608,32649216,0.0,0.09783420765522297,0,13,0.39,0.2,0.0,0.0,0.0,11399168,0,7,4,1,0,sleeping,1947,1919,0,110592,1184355,42516
2025-05-20 04:05:03,21267,2195652608,32649216,0.0,0.09783420765522297,0,13,0.39,0.2,0.0,0.0,0.0,11399168,0,7,4,1,0,sleeping,1951,1923,0,110592,1186280,42592
2025-05-20 04:05:04,21267,2195652608,32649216,0.9,0.09783420765522297,0,13,0.4,0.2,0.0,0.0,0.0,11399168,0,8,4,1,0,sleeping,1956,1929,0,110592,1188213,42706
2025-05-20 04:05:06,21267,2195652608,32649216,0.0,0.09783420765522297,0,13,0.4,0.2,0.0,0.0,0.0,11399168,0,8,4,1,0,sleeping,1959,1932,0,114688,1190130,42774
2025-05-20 04:05:07,21267,2195652608,32649216,0.0,0.09783420765522297,0,13,0.4,0.2,0.0,0.0,0.0,11399168,0,8,4,1,0,sleeping,1962,1935,0,114688,1192047,42842
2025-05-20 04:05:08,21267,2195652608,32649216,0.0,0.09783420765522297,0,13,0.4,0.2,0.0,0.0,0.0,11399168,0,7,4,1,0,sleeping,1966,1939,0,114688,1193972,42918
2025-05-20 04:05:09,21267,2195652608,32649216,0.0,0.09783420765522297,0,13,0.4,0.2,0.0,0.0,0.0,11399168,0,7,4,1,0,sleeping,1970,1943,0,114688,1195897,42994
2025-05-20 04:05:10,21267,2195652608,32649216,0.9,0.09783420765522297,0,13,0.4,0.21,0.0,0.0,0.0,11399168,0,7,4,1,0,sleeping,1973,1947,0,114688,1197813,43092
2025-05-20 04:05:11,21267,2195652608,32649216,0.0,0.09783420765522297,0,13,0.4,0.21,0.0,0.0,0.0,11399168,0,6,4,1,0,sleeping,1978,1950,0,114688,1201638,43160
2025-05-20 04:05:12,21267,2195652608,32649216,0.0,0.09783420765522297,0,13,0.4,0.21,0.0,0.0,0.0,11399168,0,6,4,1,0,sleeping,1982,1955,0,114688,1203562,43266
2025-05-20 04:05:14,21267,2195652608,32649216,0.0,0.09783420765522297,0,13,0.4,0.21,0.0,0.0,0.0,11399168,0,6,4,1,0,sleeping,1986,1959,0,118784,1205486,43342
2025-05-20 04:05:15,21267,2195652608,32649216,0.0,0.09783420765522297,0,13,0.4,0.21,0.0,0.0,0.0,11399168,0,6,4,1,0,sleeping,1990,1964,0,118784,1207411,43448
2025-05-20 04:05:16,21267,2195652608,32649216,0.0,0.09783420765522297,0,13,0.4,0.21,0.0,0.0,0.0,11399168,0,6,4,1,0,sleeping,1993,1967,0,118784,1209328,43516
2025-05-20 04:05:17,21267,2195652608,32649216,0.0,0.09783420765522297,0,13,0.4,0.21,0.0,0.0,0.0,11399168,0,7,4,1,0,sleeping,1998,1970,0,118784,1213164,43584
2025-05-20 04:05:18,21267,2195652608,32649216,0.0,0.09783420765522297,0,13,0.4,0.21,0.0,0.0,0.0,11399168,0,7,4,1,0,sleeping,2001,1973,0,118784,1215086,43652
2025-05-20 04:05:19,21267,2195652608,32649216,0.0,0.09783420765522297,0,13,0.4,0.21,0.0,0.0,0.0,11399168,0,7,4,1,0,sleeping,2003,1975,0,118784,1217000,43712
2025-05-20 04:05:20,21267,2195652608,32649216,0.0,0.09783420765522297,0,13,0.4,0.21,0.0,0.0,0.0,11399168,0,7,4,1,0,sleeping,2006,1978,0,118784,1218922,43780
2025-05-20 04:05:21,21267,2195652608,32649216,0.0,0.09783420765522297,0,13,0.4,0.21,0.0,0.0,0.0,11399168,0,7,4,1,0,sleeping,2010,1983,0,118784,1220852,43886
2025-05-20 04:05:23,21267,2195652608,32649216,0.9,0.09783420765522297,0,13,0.41,0.21,0.0,0.0,0.0,11399168,0,7,4,1,0,sleeping,2014,1987,0,118784,1222782,43962
2025-05-20 04:05:24,21267,2195652608,32780288,0.0,0.09822696824297447,0,13,0.41,0.21,0.0,0.0,0.0,11444224,0,7,4,1,0,sleeping,2017,1990,0,118784,1224704,44030
2025-05-20 04:05:25,21267,2195652608,32780288,0.0,0.09822696824297447,0,13,0.41,0.21,0.0,0.0,0.0,11444224,0,7,4,1,0,sleeping,2020,1993,0,118784,1226626,44098
2025-05-20 04:05:26,21267,2195652608,32780288,0.0,0.09822696824297447,0,13,0.41,0.21,0.0,0.0,0.0,11448320,0,7,4,1,0,sleeping,2024,1997,0,118784,1228556,44174
2025-05-20 04:05:27,21267,2195652608,32780288,0.0,0.09822696824297447,0,13,0.41,0.21,0.0,0.0,0.0,11448320,0,7,4,1,0,sleeping,2026,1999,0,118784,1230470,44234
2025-05-20 04:05:28,21267,2195652608,32780288,0.0,0.09822696824297447,0,13,0.41,0.21,0.0,0.0,0.0,11448320,0,7,4,1,0,sleeping,2028,2001,0,118784,1232383,44294
2025-05-20 04:05:29,21267,2195652608,32780288,0.0,0.09822696824297447,0,13,0.41,0.21,0.0,0.0,0.0,11448320,0,7,4,1,0,sleeping,2031,2005,0,118784,1234304,44392
2025-05-20 04:05:30,21267,2195652608,32780288,0.0,0.09822696824297447,0,13,0.41,0.21,0.0,0.0,0.0,11448320,0,7,4,1,0,sleeping,2037,2010,0,118784,1238148,44498
2025-05-20 04:05:32,21267,2195652608,32780288,0.0,0.09822696824297447,0,13,0.41,0.21,0.0,0.0,0.0,11448320,0,7,4,1,0,sleeping,2040,2013,0,118784,1240070,44566
2025-05-20 04:05:33,21267,2195652608,32780288,0.8,0.09822696824297447,0,13,0.42,0.21,0.0,0.0,0.0,11448320,0,7,4,1,0,sleeping,2042,2016,0,118784,1241984,44656
2025-05-20 04:05:34,21267,2195652608,32780288,0.0,0.09822696824297447,0,13,0.42,0.21,0.0,0.0,0.0,11448320,0,7,4,1,0,sleeping,2046,2018,0,118784,1245812,44716
2025-05-20 04:05:35,21267,2195652608,32780288,0.0,0.09822696824297447,0,13,0.42,0.21,0.0,0.0,0.0,11448320,0,7,4,1,0,sleeping,2050,2022,0,118784,1247742,44792
2025-05-20 04:05:36,21267,2195652608,32780288,0.0,0.09822696824297447,0,13,0.42,0.21,0.0,0.0,0.0,11448320,0,7,4,1,0,sleeping,2053,2025,0,118784,1249664,44860
2025-05-20 04:05:37,21267,2195652608,32780288,0.0,0.09822696824297447,0,13,0.42,0.21,0.0,0.0,0.0,11448320,0,7,4,1,0,sleeping,2058,2030,0,118784,1251602,44944
2025-05-20 04:05:38,21267,2195652608,32780288,0.0,0.09822696824297447,0,13,0.42,0.21,0.0,0.0,0.0,11448320,0,7,4,1,0,sleeping,2061,2034,0,118784,1253524,45042
2025-05-20 04:05:40,21267,2195652608,32780288,0.0,0.09822696824297447,0,13,0.42,0.21,0.0,0.0,0.0,11448320,0,7,4,1,0,sleeping,2065,2038,0,118784,1255454,45118
2025-05-20 04:05:41,21267,2195652608,32780288,0.0,0.09822696824297447,0,13,0.42,0.21,0.0,0.0,0.0,11448320,0,7,4,1,0,sleeping,2067,2040,0,118784,1257367,45178
2025-05-20 04:05:42,21267,2195652608,32780288,0.0,0.09822696824297447,0,13,0.42,0.21,0.0,0.0,0.0,11448320,0,8,4,1,0,sleeping,2069,2042,0,118784,1259280,45238
2025-05-20 04:05:43,21267,2195652608,32780288,0.0,0.09822696824297447,0,13,0.42,0.21,0.0,0.0,0.0,11448320,0,8,4,1,0,sleeping,2072,2045,0,118784,1261202,45306
2025-05-20 04:05:44,21267,2195652608,32780288,0.0,0.09822696824297447,0,13,0.42,0.21,0.0,0.0,0.0,11448320,0,8,4,1,0,sleeping,2074,2047,0,118784,1263116,45366
2025-05-20 04:05:45,21267,2195652608,32780288,0.0,0.09822696824297447,0,13,0.42,0.21,0.0,0.0,0.0,11448320,0,8,4,1,0,sleeping,2076,2050,0,122880,1265030,45456
2025-05-20 04:05:46,21267,2195652608,32780288,0.0,0.09822696824297447,0,13,0.42,0.21,0.0,0.0,0.0,11448320,0,8,4,1,0,sleeping,2082,2054,0,122880,1268874,45532
2025-05-20 04:05:47,21267,2195652608,32780288,0.8,0.09822696824297447,0,13,0.43,0.21,0.0,0.0,0.0,11448320,0,8,4,1,0,sleeping,2085,2058,0,122880,1270791,45630
2025-05-20 04:05:49,21267,2195652608,32780288,0.0,0.09822696824297447,0,13,0.43,0.21,0.0,0.0,0.0,11448320,0,8,4,1,0,sleeping,2088,2061,0,122880,1272708,45698
2025-05-20 04:05:50,21267,2195652608,32780288,0.0,0.09822696824297447,0,13,0.43,0.21,0.0,0.0,0.0,11452416,0,8,4,1,0,sleeping,2090,2063,0,122880,1274618,45758
2025-05-20 04:05:51,21267,2195652608,32780288,0.9,0.09822696824297447,0,13,0.43,0.22,0.0,0.0,0.0,11452416,0,8,4,1,0,sleeping,2093,2066,0,122880,1276536,45826
2025-05-20 04:05:52,21267,2195652608,32780288,0.0,0.09822696824297447,0,13,0.43,0.22,0.0,0.0,0.0,11452416,0,8,4,1,0,sleeping,2098,2071,0,122880,1278470,45910
2025-05-20 04:05:53,21267,2195652608,32780288,0.0,0.09822696824297447,0,13,0.43,0.22,0.0,0.0,0.0,11452416,0,8,4,1,0,sleeping,2100,2074,0,122880,1280380,46000
2025-05-20 04:05:54,21267,2195652608,32780288,0.0,0.09822696824297447,0,13,0.43,0.22,0.0,0.0,0.0,11452416,0,8,4,1,0,sleeping,2104,2078,0,122880,1282306,46076
2025-05-20 04:05:55,21267,2195652608,32780288,0.0,0.09822696824297447,0,13,0.43,0.22,0.0,0.0,0.0,11452416,0,7,4,1,0,sleeping,2108,2082,0,122880,1284232,46152
2025-05-20 04:05:56,21267,2195652608,32780288,0.0,0.09822696824297447,0,13,0.43,0.22,0.0,0.0,0.0,11452416,0,7,4,1,0,sleeping,2113,2087,0,122880,1286166,46236
2025-05-20 04:05:57,21267,2195652608,32780288,0.0,0.09822696824297447,0,13,0.43,0.22,0.0,0.0,0.0,11452416,0,8,4,1,0,sleeping,2121,2093,0,122880,1290018,46328
2025-05-20 04:05:58,21267,2195652608,32780288,0.0,0.09822696824297447,0,13,0.43,0.22,0.0,0.0,0.0,11452416,0,8,4,1,0,sleeping,2123,2095,0,122880,1291928,46388
2025-05-20 04:05:59,21267,2195652608,32780288,0.0,0.09822696824297447,0,13,0.43,0.22,0.0,0.0,0.0,11452416,0,8,4,1,0,sleeping,2126,2098,0,122880,1293846,46456
2025-05-20 04:06:00,21267,2195652608,32780288,0.0,0.09822696824297447,0,13,0.43,0.22,0.0,0.0,0.0,11452416,0,8,4,1,0,sleeping,2129,2102,0,122880,1295764,46554
2025-05-20 04:06:02,21267,2195652608,32780288,0.0,0.09822696824297447,0,13,0.43,0.22,0.0,0.0,0.0,11452416,0,7,4,1,0,sleeping,2132,2105,0,122880,1297682,46622
2025-05-20 04:06:03,21267,2195652608,32780288,0.0,0.09822696824297447,0,13,0.43,0.22,0.0,0.0,0.0,11452416,0,7,4,1,0,sleeping,2135,2109,0,122880,1299600,46720
2025-05-20 04:06:04,21267,2195652608,32780288,0.7,0.09822696824297447,0,13,0.43,0.23,0.0,0.0,0.0,11452416,0,7,4,1,0,sleeping,2140,2112,0,122880,1303428,46788
2025-05-20 04:06:06,21267,2195652608,32780288,0.0,0.09822696824297447,0,13,0.43,0.23,0.0,0.0,0.0,11452416,0,7,4,1,0,sleeping,2143,2116,0,122880,1305346,46886
2025-05-20 04:06:07,21267,2195652608,32780288,0.0,0.09822696824297447,0,13,0.43,0.23,0.0,0.0,0.0,11452416,0,8,4,1,0,sleeping,2146,2119,0,122880,1307264,46954
2025-05-20 04:06:08,21267,2195652608,32780288,0.0,0.09822696824297447,0,13,0.43,0.23,0.0,0.0,0.0,11452416,0,8,4,1,0,sleeping,2149,2122,0,122880,1309182,47022
2025-05-20 04:06:09,21267,2195652608,32780288,0.0,0.09822696824297447,0,13,0.43,0.23,0.0,0.0,0.0,11452416,0,8,4,1,0,sleeping,2153,2126,0,122880,1311108,47098
2025-05-20 04:06:10,21267,2195652608,32780288,0.0,0.09822696824297447,0,13,0.43,0.23,0.0,0.0,0.0,11452416,0,8,4,1,0,sleeping,2156,2130,0,122880,1313026,47196
2025-05-20 04:06:11,21267,2195652608,32780288,0.0,0.09822696824297447,0,13,0.43,0.23,0.0,0.0,0.0,11452416,0,7,4,1,0,sleeping,2159,2133,0,122880,1314944,47264
2025-05-20 04:06:12,21267,2195652608,32780288,0.0,0.09822696824297447,0,13,0.43,0.23,0.0,0.0,0.0,11452416,0,8,4,1,0,sleeping,2162,2136,0,122880,1316862,47332
2025-05-20 04:06:13,21267,2195652608,32780288,0.0,0.09822696824297447,0,13,0.43,0.23,0.0,0.0,0.0,11452416,0,7,4,1,0,sleeping,2165,2139,0,122880,1318780,47400
2025-05-20 04:06:14,21267,2195652608,32780288,0.0,0.09822696824297447,0,13,0.43,0.23,0.0,0.0,0.0,11452416,0,7,4,1,0,sleeping,2168,2142,0,126976,1320698,47468
2025-05-20 04:06:15,21267,2195652608,32780288,0.0,0.09822696824297447,0,13,0.43,0.23,0.0,0.0,0.0,11456512,0,8,4,1,0,sleeping,2172,2144,0,126976,1324518,47528
2025-05-20 04:06:16,21267,2195652608,32780288,0.0,0.09822696824297447,0,13,0.43,0.23,0.0,0.0,0.0,11456512,0,8,4,1,0,sleeping,2174,2147,0,126976,1326428,47618
2025-05-20 04:06:18,21267,2195652608,32780288,0.0,0.09822696824297447,0,13,0.43,0.23,0.0,0.0,0.0,11456512,0,7,4,1,0,sleeping,2176,2149,0,126976,1328338,47678
2025-05-20 04:06:19,21267,2195652608,32780288,0.8,0.09822696824297447,0,13,0.44,0.23,0.0,0.0,0.0,11456512,0,8,4,1,0,sleeping,2178,2152,0,131072,1330248,47768
2025-05-20 04:06:20,21267,2195652608,32780288,0.0,0.09822696824297447,0,13,0.44,0.23,0.0,0.0,0.0,11456512,0,8,4,1,0,sleeping,2180,2154,0,131072,1332158,47828
2025-05-20 04:06:21,21267,2195652608,32780288,0.0,0.09822696824297447,0,13,0.44,0.23,0.0,0.0,0.0,11456512,0,8,4,1,0,sleeping,2183,2157,0,131072,1334076,47896
2025-05-20 04:06:22,21267,2195652608,32780288,0.0,0.09822696824297447,0,13,0.44,0.23,0.0,0.0,0.0,11456512,0,8,4,1,0,sleeping,2190,2162,0,131072,1337930,47980
2025-05-20 04:06:23,21267,2195652608,32780288,0.0,0.09822696824297447,0,13,0.44,0.23,0.0,0.0,0.0,11460608,0,8,4,1,0,sleeping,2194,2166,0,131072,1339861,48056
2025-05-20 04:06:24,21267,2195652608,32780288,0.0,0.09822696824297447,0,13,0.44,0.23,0.0,0.0,0.0,11460608,0,7,4,1,0,sleeping,2200,2173,0,131072,1341808,48178
2025-05-20 04:06:26,21267,2195652608,32780288,0.0,0.09822696824297447,0,13,0.44,0.23,0.0,0.0,0.0,11460608,0,7,4,1,0,sleeping,2203,2176,0,131072,1343731,48246
2025-05-20 04:06:27,21267,2195652608,32780288,0.0,0.09822696824297447,0,13,0.44,0.23,0.0,0.0,0.0,11460608,0,7,4,1,0,sleeping,2206,2179,0,131072,1345654,48314
2025-05-20 04:06:28,21267,2195652608,32780288,0.0,0.09822696824297447,0,13,0.44,0.23,0.0,0.0,0.0,11460608,0,7,4,1,0,sleeping,2211,2184,0,131072,1347593,48398
2025-05-20 04:06:29,21267,2195652608,32780288,0.0,0.09822696824297447,0,13,0.44,0.23,0.0,0.0,0.0,11460608,0,7,4,1,0,sleeping,2214,2187,0,131072,1349516,48466
2025-05-20 04:06:30,21267,2195652608,32780288,0.0,0.09822696824297447,0,13,0.44,0.23,0.0,0.0,0.0,11460608,0,7,4,1,0,sleeping,2217,2190,0,131072,1351437,48534
2025-05-20 04:06:31,21267,2195652608,32780288,0.0,0.09822696824297447,0,13,0.44,0.23,0.0,0.0,0.0,11460608,0,8,4,1,0,sleeping,2221,2194,0,131072,1353366,48610
2025-05-20 04:06:32,21267,2195652608,32780288,0.0,0.09822696824297447,0,13,0.44,0.23,0.0,0.0,0.0,11460608,0,8,4,1,0,sleeping,2224,2198,0,131072,1355289,48708
2025-05-20 04:06:33,21267,2195652608,32780288,0.0,0.09822696824297447,0,13,0.44,0.23,0.0,0.0,0.0,11460608,0,8,4,1,0,sleeping,2226,2200,0,131072,1357204,48768
2025-05-20 04:06:34,21267,2195652608,32780288,0.7,0.09822696824297447,0,13,0.44,0.24,0.0,0.0,0.0,11460608,0,8,4,1,0,sleeping,2230,2203,0,131072,1361034,48858
2025-05-20 04:06:36,21267,2195652608,32780288,0.0,0.09822696824297447,0,13,0.44,0.24,0.0,0.0,0.0,11460608,0,7,4,1,0,sleeping,2233,2207,0,131072,1362957,48956
2025-05-20 04:06:37,21267,2195652608,32780288,0.8,0.09822696824297447,0,13,0.45,0.24,0.0,0.0,0.0,11460608,0,7,4,1,0,sleeping,2238,2211,0,131072,1366795,49054
2025-05-20 04:06:39,21267,2195652608,32780288,0.0,0.09822696824297447,0,13,0.45,0.24,0.0,0.0,0.0,11460608,0,7,4,1,0,sleeping,2242,2215,0,131072,1368726,49130
2025-05-20 04:06:40,21267,2195652608,32780288,0.0,0.09822696824297447,0,13,0.45,0.24,0.0,0.0,0.0,11460608,0,7,4,1,0,sleeping,2244,2217,0,131072,1370641,49190
2025-05-20 04:06:41,21267,2195652608,32780288,0.0,0.09822696824297447,0,13,0.45,0.24,0.0,0.0,0.0,11460608,0,7,4,1,0,sleeping,2248,2221,0,131072,1372572,49266
2025-05-20 04:06:42,21267,2195652608,32780288,0.0,0.09822696824297447,0,13,0.45,0.24,0.0,0.0,0.0,11460608,0,7,4,1,0,sleeping,2252,2225,0,131072,1374503,49342
2025-05-20 04:06:43,21267,2195652608,32780288,0.0,0.09822696824297447,0,13,0.45,0.24,0.0,0.0,0.0,11460608,0,7,4,1,0,sleeping,2255,2228,0,131072,1376426,49410
2025-05-20 04:06:44,21267,2195652608,32780288,0.0,0.09822696824297447,0,13,0.45,0.24,0.0,0.0,0.0,11460608,0,7,4,1,0,sleeping,2260,2233,0,131072,1378365,49494
2025-05-20 04:06:45,21267,2195652608,32780288,0.0,0.09822696824297447,0,13,0.45,0.24,0.0,0.0,0.0,11460608,0,7,4,1,0,sleeping,2263,2237,0,131072,1380288,49592
2025-05-20 04:06:46,21267,2195652608,32780288,0.0,0.09822696824297447,0,13,0.45,0.24,0.0,0.0,0.0,11460608,0,7,4,1,0,sleeping,2266,2240,0,131072,1382211,49660
2025-05-20 04:06:47,21267,2195652608,32780288,0.0,0.09822696824297447,0,13,0.45,0.24,0.0,0.0,0.0,11460608,0,7,4,1,0,sleeping,2270,2244,0,131072,1384142,49736
2025-05-20 04:06:48,21267,2195652608,32780288,0.0,0.09822696824297447,0,13,0.45,0.24,0.0,0.0,0.0,11460608,0,7,4,1,0,sleeping,2272,2246,0,131072,1386057,49796
2025-05-20 04:06:49,21267,2195652608,32780288,0.0,0.09822696824297447,0,13,0.45,0.24,0.0,0.0,0.0,11460608,0,7,4,1,0,sleeping,2275,2249,0,135168,1387980,49864
2025-05-20 04:06:50,21267,2195652608,32780288,0.0,0.09822696824297447,0,13,0.45,0.24,0.0,0.0,0.0,11464704,0,7,4,1,0,sleeping,2280,2253,0,135168,1391817,49962
2025-05-20 04:06:52,21267,2195652608,32780288,0.0,0.09822696824297447,0,13,0.45,0.24,0.0,0.0,0.0,11464704,0,7,4,1,0,sleeping,2282,2255,0,135168,1393726,50022
2025-05-20 04:06:53,21267,2195652608,32780288,0.0,0.09822696824297447,0,13,0.45,0.24,0.0,0.0,0.0,11464704,0,7,4,1,0,sleeping,2285,2259,0,135168,1395644,50120
2025-05-20 04:06:54,21267,2195652608,32780288,0.0,0.09822696824297447,0,13,0.45,0.24,0.0,0.0,0.0,11464704,0,8,4,1,0,sleeping,2288,2262,0,135168,1397562,50188
2025-05-20 04:06:55,21267,2195652608,32911360,0.9,0.09861972883072596,0,13,0.46,0.24,0.0,0.0,0.0,11530240,0,8,4,1,0,sleeping,2293,2266,0,135168,1401388,50286
2025-05-20 04:06:57,21267,2195652608,32911360,0.0,0.09861972883072596,0,13,0.46,0.24,0.0,0.0,0.0,11530240,0,8,4,1,0,sleeping,2296,2269,0,135168,1403306,50354
2025-05-20 04:06:58,21267,2195652608,32911360,0.0,0.09861972883072596,0,13,0.46,0.24,0.0,0.0,0.0,11530240,0,7,4,1,0,sleeping,2298,2271,0,135168,1405216,50414
2025-05-20 04:06:59,21267,2195652608,32911360,0.0,0.09861972883072596,0,13,0.46,0.24,0.0,0.0,0.0,11530240,0,7,4,1,0,sleeping,2303,2276,0,135168,1407150,50498
2025-05-20 04:07:00,21267,2195652608,32911360,0.0,0.09861972883072596,0,13,0.46,0.24,0.0,0.0,0.0,11530240,0,7,4,1,0,sleeping,2308,2281,0,135168,1409084,50582
2025-05-20 04:07:01,21267,2195652608,32911360,0.0,0.09861972883072596,0,13,0.46,0.24,0.0,0.0,0.0,11530240,0,7,4,1,0,sleeping,2311,2284,0,135168,1411002,50650
2025-05-20 04:07:02,21267,2195652608,32911360,0.0,0.09861972883072596,0,13,0.46,0.24,0.0,0.0,0.0,11530240,0,7,4,1,0,sleeping,2316,2289,0,135168,1412935,50734
2025-05-20 04:07:03,21267,2195652608,32911360,0.0,0.09861972883072596,0,13,0.46,0.24,0.0,0.0,0.0,11530240,0,8,4,1,0,sleeping,2320,2294,0,135168,1414860,50840
2025-05-20 04:07:04,21267,2195652608,32911360,0.0,0.09861972883072596,0,13,0.46,0.24,0.0,0.0,0.0,11530240,0,7,4,1,0,sleeping,2323,2297,0,135168,1416778,50908
2025-05-20 04:07:05,21267,2195652608,32911360,0.0,0.09861972883072596,0,13,0.46,0.24,0.0,0.0,0.0,11530240,0,7,4,1,0,sleeping,2325,2299,0,135168,1418688,50968
2025-05-20 04:07:06,21267,2195652608,32911360,0.0,0.09861972883072596,0,13,0.46,0.24,0.0,0.0,0.0,11530240,0,7,4,1,0,sleeping,2327,2301,0,135168,1420598,51028
2025-05-20 04:07:07,21267,2195652608,32911360,0.8,0.09861972883072596,0,13,0.46,0.25,0.0,0.0,0.0,11530240,0,8,4,1,0,sleeping,2333,2306,0,135168,1424434,51134
2025-05-20 04:07:09,21267,2195652608,32911360,0.0,0.09861972883072596,0,13,0.46,0.25,0.0,0.0,0.0,11530240,0,8,4,1,0,sleeping,2336,2310,0,135168,1426352,51232
2025-05-20 04:07:10,21267,2195652608,32911360,0.0,0.09861972883072596,0,13,0.46,0.25,0.0,0.0,0.0,11530240,0,7,4,1,0,sleeping,2339,2313,0,135168,1428270,51300
2025-05-20 04:07:11,21267,2195652608,32911360,0.9,0.09861972883072596,0,13,0.47,0.25,0.0,0.0,0.0,11530240,0,6,4,1,0,sleeping,2342,2316,0,135168,1430187,51368
2025-05-20 04:07:13,21267,2195652608,32911360,0.0,0.09861972883072596,0,13,0.47,0.25,0.0,0.0,0.0,11530240,0,6,4,1,0,sleeping,2347,2320,0,135168,1434014,51466
2025-05-20 04:07:14,21267,2195652608,32911360,0.0,0.09861972883072596,0,13,0.47,0.25,0.0,0.0,0.0,11530240,0,6,4,1,0,sleeping,2350,2323,0,135168,1435932,51534
2025-05-20 04:07:15,21267,2195652608,32911360,0.0,0.09861972883072596,0,13,0.47,0.25,0.0,0.0,0.0,11530240,0,6,4,1,0,sleeping,2353,2326,0,135168,1437850,51602
2025-05-20 04:07:16,21267,2195652608,32911360,0.0,0.09861972883072596,0,13,0.47,0.25,0.0,0.0,0.0,11530240,0,6,4,1,0,sleeping,2356,2329,0,135168,1439767,51670
2025-05-20 04:07:17,21267,2195652608,32911360,0.0,0.09861972883072596,0,13,0.47,0.25,0.0,0.0,0.0,11530240,0,6,4,1,0,sleeping,2359,2332,0,135168,1441684,51738
2025-05-20 04:07:18,21267,2195652608,32911360,0.0,0.09861972883072596,0,13,0.47,0.25,0.0,0.0,0.0,11530240,0,6,4,1,0,sleeping,2363,2336,0,135168,1443616,51814
2025-05-20 04:07:19,21267,2195652608,32911360,0.0,0.09861972883072596,0,13,0.47,0.25,0.0,0.0,0.0,11530240,0,6,4,1,0,sleeping,2365,2338,0,135168,1445531,51874
2025-05-20 04:07:20,21267,2195652608,32911360,0.0,0.09861972883072596,0,13,0.47,0.25,0.0,0.0,0.0,11530240,0,6,4,1,0,sleeping,2370,2344,0,139264,1447470,51988
2025-05-20 04:07:21,21267,2195652608,32911360,0.0,0.09861972883072596,0,13,0.47,0.25,0.0,0.0,0.0,11530240,0,7,4,1,0,sleeping,2374,2348,0,139264,1449402,52064
2025-05-20 04:07:22,21267,2195652608,32911360,0.0,0.09861972883072596,0,13,0.47,0.25,0.0,0.0,0.0,11530240,0,7,4,1,0,sleeping,2376,2350,0,143360,1451318,52124
2025-05-20 04:07:23,21267,2195652608,32911360,0.0,0.09861972883072596,0,13,0.47,0.25,0.0,0.0,0.0,11530240,0,6,4,1,0,sleeping,2378,2352,0,143360,1453234,52184
2025-05-20 04:07:25,21267,2195652608,32911360,0.0,0.09861972883072596,0,13,0.47,0.25,0.0,0.0,0.0,11530240,0,6,4,1,0,sleeping,2384,2357,0,143360,1457082,52290
2025-05-20 04:07:26,21267,2195652608,32911360,0.0,0.09861972883072596,0,13,0.47,0.25,0.0,0.0,0.0,11530240,0,6,4,1,0,sleeping,2387,2361,0,143360,1459006,52388
2025-05-20 04:07:27,21267,2195652608,32911360,0.8,0.09861972883072596,0,13,0.48,0.25,0.0,0.0,0.0,11530240,0,7,4,1,0,sleeping,2390,2364,0,143360,1460930,52456
2025-05-20 04:07:28,21267,2195652608,32911360,0.0,0.09861972883072596,0,13,0.48,0.25,0.0,0.0,0.0,11530240,0,7,4,1,0,sleeping,2392,2366,0,143360,1462846,52516
2025-05-20 04:07:29,21267,2195652608,32911360,0.0,0.09861972883072596,0,13,0.48,0.25,0.0,0.0,0.0,11530240,0,7,4,1,0,sleeping,2394,2368,0,143360,1464762,52576
2025-05-20 04:07:30,21267,2195652608,32911360,0.0,0.09861972883072596,0,13,0.48,0.25,0.0,0.0,0.0,11530240,0,7,4,1,0,sleeping,2398,2373,0,143360,1466694,52682
2025-05-20 04:07:32,21267,2195652608,32911360,0.0,0.09861972883072596,0,13,0.48,0.25,0.0,0.0,0.0,11530240,0,6,4,1,0,sleeping,2405,2378,0,143360,1470549,52766
2025-05-20 04:07:33,21267,2195652608,32911360,0.0,0.09861972883072596,0,13,0.48,0.25,0.0,0.0,0.0,11530240,0,7,4,1,0,sleeping,2407,2380,0,143360,1472464,52826
2025-05-20 04:07:34,21267,2195652608,32911360,0.0,0.09861972883072596,0,13,0.48,0.25,0.0,0.0,0.0,11530240,0,6,4,1,0,sleeping,2410,2383,0,143360,1474388,52894
2025-05-20 04:07:35,21267,2195652608,32911360,0.0,0.09861972883072596,0,13,0.48,0.25,0.0,0.0,0.0,11530240,0,6,4,1,0,sleeping,2413,2386,0,143360,1476312,52962
2025-05-20 04:07:36,21267,2195652608,32911360,0.0,0.09861972883072596,0,13,0.48,0.25,0.0,0.0,0.0,11530240,0,7,4,1,0,sleeping,2417,2390,0,143360,1478244,53038
2025-05-20 04:07:37,21267,2195652608,32911360,0.0,0.09861972883072596,0,13,0.48,0.25,0.0,0.0,0.0,11530240,0,7,4,1,0,sleeping,2420,2393,0,143360,1480168,53106
2025-05-20 04:07:38,21267,2195652608,32911360,0.0,0.09861972883072596,0,13,0.48,0.25,0.0,0.0,0.0,11530240,0,7,4,1,0,sleeping,2422,2396,0,143360,1482084,53196
2025-05-20 04:07:39,21267,2195652608,32911360,0.0,0.09861972883072596,0,13,0.48,0.25,0.0,0.0,0.0,11530240,0,7,4,1,0,sleeping,2424,2398,0,143360,1484000,53256
2025-05-20 04:07:40,21267,2195652608,32911360,0.0,0.09861972883072596,0,13,0.48,0.25,0.0,0.0,0.0,11530240,0,7,4,1,0,sleeping,2426,2400,0,143360,1485916,53316
2025-05-20 04:07:42,21267,2195652608,32911360,0.8,0.09861972883072596,0,13,0.48,0.26,0.0,0.0,0.0,11530240,0,7,4,1,0,sleeping,2431,2404,0,143360,1489756,53414
2025-05-20 04:07:43,21267,2195652608,32911360,0.0,0.09861972883072596,0,13,0.48,0.26,0.0,0.0,0.0,11530240,0,7,4,1,0,sleeping,2433,2407,0,143360,1491672,53504
2025-05-20 04:07:44,21267,2195652608,32911360,0.0,0.09861972883072596,0,13,0.48,0.26,0.0,0.0,0.0,11530240,0,7,4,1,0,sleeping,2435,2409,0,143360,1493588,53564
2025-05-20 04:07:45,21267,2195652608,32911360,0.0,0.09861972883072596,0,13,0.48,0.26,0.0,0.0,0.0,11530240,0,7,4,1,0,sleeping,2437,2411,0,143360,1495503,53624
2025-05-20 04:07:46,21267,2195652608,32911360,0.0,0.09861972883072596,0,13,0.48,0.26,0.0,0.0,0.0,11530240,0,7,4,1,0,sleeping,2440,2414,0,143360,1497426,53692
2025-05-20 04:07:47,21267,2195652608,32911360,0.0,0.09861972883072596,0,13,0.48,0.26,0.0,0.0,0.0,11530240,0,7,4,1,0,sleeping,2442,2416,0,143360,1499342,53752
2025-05-20 04:07:48,21267,2195652608,32911360,0.0,0.09861972883072596,0,13,0.48,0.26,0.0,0.0,0.0,11530240,0,7,4,1,0,sleeping,2444,2418,0,143360,1501258,53812
2025-05-20 04:07:49,21267,2195652608,32911360,0.0,0.09861972883072596,0,13,0.48,0.26,0.0,0.0,0.0,11530240,0,7,4,1,0,sleeping,2447,2422,0,143360,1503177,53910
2025-05-20 04:07:51,21267,2195652608,32911360,0.0,0.09861972883072596,0,13,0.48,0.26,0.0,0.0,0.0,11530240,0,7,4,1,0,sleeping,2453,2426,0,147456,1507013,53986
2025-05-20 04:07:52,21267,2195652608,32911360,0.9,0.09861972883072596,0,13,0.49,0.26,0.0,0.0,0.0,11530240,0,7,4,1,0,sleeping,2457,2430,0,147456,1508940,54062
2025-05-20 04:07:53,21267,2195652608,32911360,0.0,0.09861972883072596,0,13,0.49,0.26,0.0,0.0,0.0,11530240,0,7,4,1,0,sleeping,2459,2432,0,147456,1510851,54122
2025-05-20 04:07:54,21267,2195652608,32911360,0.0,0.09861972883072596,0,13,0.49,0.26,0.0,0.0,0.0,11530240,0,8,4,1,0,sleeping,2461,2434,0,147456,1512762,54182
2025-05-20 04:07:55,21267,2195652608,32911360,0.0,0.09861972883072596,0,13,0.49,0.26,0.0,0.0,0.0,11530240,0,8,4,1,0,sleeping,2464,2438,0,147456,1514681,54280
2025-05-20 04:07:56,21267,2195652608,32911360,0.0,0.09861972883072596,0,13,0.49,0.26,0.0,0.0,0.0,11530240,0,8,4,1,0,sleeping,2466,2440,0,147456,1516592,54340
2025-05-20 04:07:57,21267,2195652608,32911360,0.0,0.09861972883072596,0,13,0.49,0.26,0.0,0.0,0.0,11530240,0,7,4,1,0,sleeping,2468,2443,0,147456,1518503,54430
2025-05-20 04:07:59,21267,2195652608,32911360,0.0,0.09861972883072596,0,13,0.49,0.26,0.0,0.0,0.0,11530240,0,7,4,1,0,sleeping,2473,2446,0,147456,1522333,54498
2025-05-20 04:08:00,21267,2195652608,32911360,0.0,0.09861972883072596,0,13,0.49,0.26,0.0,0.0,0.0,11530240,0,7,4,1,0,sleeping,2476,2450,0,147456,1524252,54596
2025-05-20 04:08:01,21267,2195652608,32911360,0.0,0.09861972883072596,0,13,0.49,0.26,0.0,0.0,0.0,11530240,0,7,4,1,0,sleeping,2480,2454,0,147456,1526179,54672
2025-05-20 04:08:02,21267,2195652608,32911360,0.0,0.09861972883072596,0,13,0.49,0.26,0.0,0.0,0.0,11530240,0,8,4,1,0,sleeping,2484,2458,0,147456,1528106,54748
2025-05-20 04:08:03,21267,2195652608,32911360,0.0,0.09861972883072596,0,13,0.49,0.26,0.0,0.0,0.0,11530240,0,7,4,1,0,sleeping,2486,2460,0,147456,1530017,54808
2025-05-20 04:08:04,21267,2195652608,32911360,0.0,0.09861972883072596,0,13,0.49,0.26,0.0,0.0,0.0,11530240,0,7,4,1,0,sleeping,2488,2462,0,147456,1531928,54868
2025-05-20 04:08:05,21267,2195652608,32911360,0.0,0.09861972883072596,0,13,0.49,0.26,0.0,0.0,0.0,11530240,0,7,4,1,0,sleeping,2492,2466,0,147456,1533855,54944
2025-05-20 04:08:06,21267,2195652608,32911360,0.0,0.09861972883072596,0,13,0.49,0.26,0.0,0.0,0.0,11530240,0,7,4,1,0,sleeping,2495,2469,0,147456,1535774,55012
2025-05-20 04:08:07,21267,2195652608,32911360,0.0,0.09861972883072596,0,13,0.49,0.26,0.0,0.0,0.0,11530240,0,7,4,1,0,sleeping,2497,2472,0,147456,1537685,55102
2025-05-20 04:08:09,21267,2195652608,32911360,0.0,0.09861972883072596,0,13,0.49,0.26,0.0,0.0,0.0,11530240,0,7,4,1,0,sleeping,2500,2475,0,147456,1539616,55170
2025-05-20 04:08:10,21267,2195652608,32911360,0.0,0.09861972883072596,0,13,0.49,0.26,0.0,0.0,0.0,11530240,0,7,4,1,0,sleeping,2503,2477,0,147456,1543462,55230
2025-05-20 04:08:11,21267,2195652608,32911360,0.0,0.09861972883072596,0,13,0.49,0.26,0.0,0.0,0.0,11530240,0,8,4,1,0,sleeping,2509,2482,0,147456,1545409,55314
2025-05-20 04:08:12,21267,2195652608,32911360,0.0,0.09861972883072596,0,13,0.49,0.26,0.0,0.0,0.0,11530240,0,8,4,1,0,sleeping,2511,2484,0,147456,1547332,55374
2025-05-20 04:08:13,21267,2195652608,32911360,0.8,0.09861972883072596,0,13,0.5,0.26,0.0,0.0,0.0,11530240,0,7,4,1,0,sleeping,2513,2487,0,147456,1549253,55464
2025-05-20 04:08:14,21267,2195652608,32911360,0.0,0.09861972883072596,0,13,0.5,0.26,0.0,0.0,0.0,11530240,0,7,4,1,0,sleeping,2515,2489,0,147456,1551174,55524
2025-05-20 04:08:15,21267,2195652608,32911360,0.7,0.09861972883072596,0,13,0.5,0.27,0.0,0.0,0.0,11530240,0,8,4,1,0,sleeping,2521,2494,0,147456,1555036,55630
2025-05-20 04:08:17,21267,2195652608,32911360,0.0,0.09861972883072596,0,13,0.5,0.27,0.0,0.0,0.0,11530240,0,6,4,1,0,sleeping,2524,2498,0,147456,1556967,55728
2025-05-20 04:08:18,21267,2195652608,32911360,0.0,0.09861972883072596,0,13,0.5,0.27,0.0,0.0,0.0,11530240,0,6,4,1,0,sleeping,2527,2501,0,147456,1558898,55796
2025-05-20 04:08:19,21267,2195652608,32911360,0.0,0.09861972883072596,0,13,0.5,0.27,0.0,0.0,0.0,11530240,0,7,4,1,0,sleeping,2530,2504,0,147456,1560828,55864
2025-05-20 04:08:20,21267,2195652608,32911360,0.0,0.09861972883072596,0,13,0.5,0.27,0.0,0.0,0.0,11530240,0,6,4,1,0,sleeping,2533,2507,0,147456,1562758,55932
2025-05-20 04:08:21,21267,2195652608,32911360,0.0,0.09861972883072596,0,13,0.5,0.27,0.0,0.0,0.0,11530240,0,6,4,1,0,sleeping,2538,2512,0,147456,1564710,56016
2025-05-20 04:08:23,21267,2195652608,32911360,0.0,0.09861972883072596,0,13,0.5,0.27,0.0,0.0,0.0,11530240,0,8,4,1,0,sleeping,2540,2515,0,147456,1566638,56106
2025-05-20 04:08:24,21267,2195652608,32911360,0.0,0.09861972883072596,0,13,0.5,0.27,0.0,0.0,0.0,11530240,0,7,4,1,0,sleeping,2543,2518,0,147456,1568574,56174
2025-05-20 04:08:25,21267,2195652608,32911360,0.0,0.09861972883072596,0,13,0.5,0.27,0.0,0.0,0.0,11530240,0,6,4,1,0,sleeping,2547,2520,0,151552,1572430,56234
2025-05-20 04:08:26,21267,2195652608,32911360,0.0,0.09861972883072596,0,13,0.5,0.27,0.0,0.0,0.0,11530240,0,7,4,1,0,sleeping,2550,2523,0,151552,1574365,56302
2025-05-20 04:08:27,21267,2195652608,32911360,0.0,0.09861972883072596,0,13,0.5,0.27,0.0,0.0,0.0,11530240,0,7,4,1,0,sleeping,2552,2525,0,151552,1576292,56362
2025-05-20 04:08:28,21267,2195652608,32911360,0.9,0.09861972883072596,0,13,0.51,0.27,0.0,0.0,0.0,11530240,0,5,3,1,0,sleeping,2555,2528,0,151552,1578228,56430
2025-05-20 04:08:29,21267,2195652608,32911360,0.0,0.09861972883072596,0,13,0.51,0.27,0.0,0.0,0.0,11399168,0,6,4,1,0,sleeping,2557,2530,0,151552,1580156,56490
2025-05-20 04:08:30,21267,2195652608,32911360,0.0,0.09861972883072596,0,13,0.51,0.27,0.0,0.0,0.0,11399168,0,6,4,1,0,sleeping,2561,2535,0,155648,1582100,56596
2025-05-20 04:08:31,21267,2195652608,32911360,0.0,0.09861972883072596,0,13,0.51,0.27,0.0,0.0,0.0,11399168,0,7,4,1,0,sleeping,2563,2537,0,155648,1584028,56656
2025-05-20 04:08:32,21267,2195652608,32911360,0.0,0.09861972883072596,0,13,0.51,0.27,0.0,0.0,0.0,11399168,0,6,4,1,0,sleeping,2566,2540,0,155648,1585964,56724
2025-05-20 04:08:33,21267,2195652608,32911360,0.0,0.09861972883072596,0,13,0.51,0.27,0.0,0.0,0.0,11399168,0,6,4,1,0,sleeping,2569,2544,0,155648,1587900,56822
2025-05-20 04:08:35,21267,2195652608,32911360,0.0,0.09861972883072596,0,13,0.51,0.27,0.0,0.0,0.0,11399168,0,6,4,1,0,sleeping,2574,2548,0,155648,1591764,56920
2025-05-20 04:08:36,21267,2195652608,32911360,0.0,0.09861972883072596,0,13,0.51,0.27,0.0,0.0,0.0,11399168,0,6,4,1,0,sleeping,2576,2551,0,155648,1593692,57010
2025-05-20 04:08:38,21267,2195652608,32911360,0.8,0.09861972883072596,0,13,0.52,0.27,0.0,0.0,0.0,11399168,0,6,4,1,0,sleeping,2580,2553,0,155648,1597548,57070
2025-05-20 04:08:39,21267,2195652608,32911360,0.0,0.09861972883072596,0,13,0.52,0.27,0.0,0.0,0.0,11399168,0,6,4,1,0,sleeping,2584,2557,0,155648,1599492,57146
2025-05-20 04:08:40,21267,2195652608,32911360,0.0,0.09861972883072596,0,13,0.52,0.27,0.0,0.0,0.0,11399168,0,6,4,1,0,sleeping,2587,2560,0,155648,1601428,57214
2025-05-20 04:08:41,21267,2195652608,32911360,0.0,0.09861972883072596,0,13,0.52,0.27,0.0,0.0,0.0,11399168,0,5,3,1,0,sleeping,2590,2564,0,155648,1603364,57312
2025-05-20 04:08:42,21267,2195652608,32911360,0.0,0.09861972883072596,0,13,0.52,0.27,0.0,0.0,0.0,11399168,0,6,4,1,0,sleeping,2593,2567,0,155648,1605300,57380
2025-05-20 04:08:43,21267,2195652608,32911360,0.0,0.09861972883072596,0,13,0.52,0.27,0.0,0.0,0.0,11399168,0,7,4,1,0,sleeping,2596,2570,0,155648,1607236,57448
2025-05-20 04:08:44,21267,2195652608,32911360,0.0,0.09861972883072596,0,13,0.52,0.27,0.0,0.0,0.0,11399168,0,6,4,1,0,sleeping,2600,2574,0,155648,1609180,57524
2025-05-20 04:08:45,21267,2195652608,32911360,0.0,0.09861972883072596,0,13,0.52,0.27,0.0,0.0,0.0,11399168,0,6,4,1,0,sleeping,2605,2579,0,155648,1611132,57608
2025-05-20 04:08:46,21267,2195652608,32911360,0.0,0.09861972883072596,0,13,0.52,0.27,0.0,0.0,0.0,11399168,0,7,4,1,0,sleeping,2607,2581,0,155648,1613060,57668
2025-05-20 04:08:47,21267,2195652608,32911360,0.0,0.09861972883072596,0,13,0.52,0.27,0.0,0.0,0.0,11399168,0,7,4,1,0,sleeping,2609,2583,0,155648,1614988,57728
2025-05-20 04:08:48,21267,2195652608,32911360,0.9,0.09861972883072596,0,13,0.52,0.28,0.0,0.0,0.0,11399168,0,7,4,1,0,sleeping,2611,2585,0,155648,1616916,57788
2025-05-20 04:08:49,21267,2195652608,32911360,0.0,0.09861972883072596,0,13,0.52,0.28,0.0,0.0,0.0,11399168,0,7,4,1,0,sleeping,2614,2589,0,155648,1618851,57886
2025-05-20 04:08:51,21267,2195652608,32911360,0.0,0.09861972883072596,0,13,0.52,0.28,0.0,0.0,0.0,11399168,0,7,4,1,0,sleeping,2617,2592,0,155648,1620786,57954
2025-05-20 04:08:52,21267,2195652608,32911360,0.0,0.09861972883072596,0,13,0.52,0.28,0.0,0.0,0.0,11399168,0,7,4,1,0,sleeping,2620,2595,0,155648,1622721,58022
2025-05-20 04:08:53,21267,2195652608,32911360,0.0,0.09861972883072596,0,13,0.52,0.28,0.0,0.0,0.0,11399168,0,7,4,1,0,sleeping,2625,2598,0,155648,1626574,58090
2025-05-20 04:08:54,21267,2195652608,32911360,0.0,0.09861972883072596,0,13,0.52,0.28,0.0,0.0,0.0,11399168,0,7,4,1,0,sleeping,2627,2601,0,155648,1628497,58180
2025-05-20 04:08:55,21267,2195652608,32911360,0.0,0.09861972883072596,0,13,0.52,0.28,0.0,0.0,0.0,11399168,0,6,4,1,0,sleeping,2629,2604,0,159744,1630420,58270
2025-05-20 04:08:57,21267,2195652608,32911360,0.8,0.09861972883072596,0,13,0.53,0.28,0.0,0.0,0.0,11399168,0,6,3,1,0,sleeping,2634,2607,0,159744,1634274,58338
2025-05-20 04:08:58,21267,2195652608,32911360,0.0,0.09861972883072596,0,13,0.53,0.28,0.0,0.0,0.0,11399168,0,6,3,1,0,sleeping,2636,2610,0,159744,1636197,58428
2025-05-20 04:08:59,21267,2195652608,32911360,0.0,0.09861972883072596,0,13,0.53,0.28,0.0,0.0,0.0,11399168,0,7,4,1,0,sleeping,2639,2613,0,159744,1638128,58496
2025-05-20 04:09:00,21267,2195652608,32911360,0.0,0.09861972883072596,0,13,0.53,0.28,0.0,0.0,0.0,11399168,0,6,4,1,0,sleeping,2642,2616,0,159744,1640059,58564
2025-05-20 04:09:01,21267,2195652608,32911360,0.0,0.09861972883072596,0,13,0.53,0.28,0.0,0.0,0.0,11399168,0,6,4,1,0,sleeping,2646,2620,0,159744,1641998,58640
2025-05-20 04:09:02,21267,2195652608,32911360,0.0,0.09861972883072596,0,13,0.53,0.28,0.0,0.0,0.0,11399168,0,6,4,1,0,sleeping,2650,2624,0,159744,1643937,58716
2025-05-20 04:09:03,21267,2195652608,32911360,0.0,0.09861972883072596,0,13,0.53,0.28,0.0,0.0,0.0,11399168,0,6,4,1,0,sleeping,2652,2626,0,159744,1645860,58776
2025-05-20 04:09:04,21267,2195652608,32911360,0.0,0.09861972883072596,0,13,0.53,0.28,0.0,0.0,0.0,11399168,0,7,4,1,0,sleeping,2655,2629,0,159744,1647791,58844
2025-05-20 04:09:05,21267,2195652608,32911360,0.0,0.09861972883072596,0,13,0.53,0.28,0.0,0.0,0.0,11399168,0,6,4,1,0,sleeping,2658,2633,0,159744,1649722,58942
2025-05-20 04:09:07,21267,2195652608,32911360,0.0,0.09861972883072596,0,13,0.53,0.28,0.0,0.0,0.0,11399168,0,6,4,1,0,sleeping,2660,2635,0,159744,1651645,59002
2025-05-20 04:09:08,21267,2195652608,32911360,0.0,0.09861972883072596,0,13,0.53,0.28,0.0,0.0,0.0,11399168,0,6,4,1,0,sleeping,2664,2639,0,159744,1653584,59078
2025-05-20 04:09:09,21267,2195652608,32911360,0.0,0.09861972883072596,0,13,0.53,0.28,0.0,0.0,0.0,11399168,0,7,4,1,0,sleeping,2667,2642,0,159744,1655515,59146
2025-05-20 04:09:10,21267,2195652608,32911360,0.0,0.09861972883072596,0,13,0.53,0.28,0.0,0.0,0.0,11399168,0,8,4,1,0,sleeping,2671,2644,0,159744,1659359,59206
2025-05-20 04:09:11,21267,2195652608,32911360,0.0,0.09861972883072596,0,13,0.53,0.28,0.0,0.0,0.0,11399168,0,8,4,1,0,sleeping,2674,2647,0,159744,1661290,59274
2025-05-20 04:09:12,21267,2195652608,32911360,0.0,0.09861972883072596,0,13,0.53,0.28,0.0,0.0,0.0,11399168,0,6,4,1,0,sleeping,2677,2651,0,159744,1663221,59372
2025-05-20 04:09:13,21267,2195652608,32911360,0.0,0.09861972883072596,0,13,0.53,0.28,0.0,0.0,0.0,11399168,0,6,4,1,0,sleeping,2680,2654,0,159744,1665152,59440
2025-05-20 04:09:15,21267,2195652608,32911360,0.7,0.09861972883072596,0,13,0.54,0.28,0.0,0.0,0.0,11399168,0,6,3,1,0,sleeping,2685,2658,0,159744,1669006,59538
2025-05-20 04:09:16,21267,2195652608,32911360,0.0,0.09861972883072596,0,13,0.54,0.28,0.0,0.0,0.0,11399168,0,6,3,1,0,sleeping,2687,2661,0,159744,1670929,59628
2025-05-20 04:09:18,21267,2195652608,32911360,0.0,0.09861972883072596,0,13,0.54,0.28,0.0,0.0,0.0,11399168,0,7,4,1,0,sleeping,2690,2665,0,159744,1672860,59726
2025-05-20 04:09:19,21267,2195652608,32911360,0.0,0.09861972883072596,0,13,0.54,0.28,0.0,0.0,0.0,11399168,0,6,4,1,0,sleeping,2696,2669,0,159744,1676722,59802
2025-05-20 04:09:20,21267,2195652608,32911360,0.9,0.09861972883072596,0,13,0.55,0.28,0.0,0.0,0.0,11399168,0,6,4,1,0,sleeping,2699,2673,0,159744,1678653,59900
2025-05-20 04:09:21,21267,2195652608,32911360,0.0,0.09861972883072596,0,13,0.55,0.28,0.0,0.0,0.0,11399168,0,6,4,1,0,sleeping,2702,2676,0,159744,1680589,59968
2025-05-20 04:09:22,21267,2195652608,32911360,0.0,0.09861972883072596,0,13,0.55,0.28,0.0,0.0,0.0,11399168,0,8,4,1,0,sleeping,2705,2679,0,159744,1682525,60036
2025-05-20 04:09:23,21267,2195652608,32911360,0.0,0.09861972883072596,0,13,0.55,0.28,0.0,0.0,0.0,11399168,0,8,4,1,0,sleeping,2707,2681,0,159744,1684453,60096
2025-05-20 04:09:24,21267,2195652608,32911360,0.0,0.09861972883072596,0,13,0.55,0.28,0.0,0.0,0.0,11399168,0,8,4,1,0,sleeping,2709,2683,0,159744,1686379,60156
2025-05-20 04:09:25,21267,2195652608,32911360,0.0,0.09861972883072596,0,13,0.55,0.28,0.0,0.0,0.0,11399168,0,8,4,1,0,sleeping,2711,2685,0,159744,1688305,60216
2025-05-20 04:09:26,21267,2195652608,32911360,0.0,0.09861972883072596,0,13,0.55,0.28,0.0,0.0,0.0,11399168,0,8,4,1,0,sleeping,2716,2690,0,159744,1690257,60300
2025-05-20 04:09:27,21267,2195652608,32911360,0.9,0.09861972883072596,0,13,0.55,0.29,0.0,0.0,0.0,11399168,0,8,4,1,0,sleeping,2719,2694,0,163840,1692193,60398
2025-05-20 04:09:29,21267,2195652608,32911360,0.0,0.09861972883072596,0,13,0.55,0.29,0.0,0.0,0.0,11399168,0,8,4,1,0,sleeping,2722,2697,0,163840,1694129,60466
2025-05-20 04:09:30,21267,2195652608,32911360,0.0,0.09861972883072596,0,13,0.55,0.29,0.0,0.0,0.0,11399168,0,7,4,1,0,sleeping,2724,2699,0,163840,1696057,60526
2025-05-20 04:09:31,21267,2195652608,32911360,0.0,0.09861972883072596,0,13,0.55,0.29,0.0,0.0,0.0,11399168,0,6,3,1,0,sleeping,2726,2701,0,163840,1697985,60586
2025-05-20 04:09:32,21267,2195652608,32911360,0.0,0.09861972883072596,0,13,0.55,0.29,0.0,0.0,0.0,11399168,0,5,3,1,0,sleeping,2731,2705,0,163840,1701849,60684
2025-05-20 04:09:33,21267,2195652608,32911360,0.0,0.09861972883072596,0,13,0.55,0.29,0.0,0.0,0.0,11399168,0,5,3,1,0,sleeping,2733,2707,0,163840,1703777,60744
2025-05-20 04:09:35,21267,2195652608,32911360,0.0,0.09861972883072596,0,13,0.55,0.29,0.0,0.0,0.0,11399168,0,6,4,1,0,sleeping,2739,2713,0,163840,1707649,60880
2025-05-20 04:09:36,21267,2195652608,32911360,0.0,0.09861972883072596,0,13,0.55,0.29,0.0,0.0,0.0,11399168,0,7,4,1,0,sleeping,2742,2716,0,163840,1709585,60948
2025-05-20 04:09:37,21267,2195652608,32911360,0.0,0.09861972883072596,0,13,0.55,0.29,0.0,0.0,0.0,11399168,0,7,4,1,0,sleeping,2745,2719,0,163840,1711520,61016
2025-05-20 04:09:38,21267,2195652608,32911360,0.0,0.09861972883072596,0,13,0.55,0.29,0.0,0.0,0.0,11399168,0,7,4,1,0,sleeping,2748,2722,0,167936,1713455,61084
2025-05-20 04:09:39,21267,2195652608,32911360,0.0,0.09861972883072596,0,13,0.55,0.29,0.0,0.0,0.0,11399168,0,6,4,1,0,sleeping,2752,2727,0,167936,1715399,61190
2025-05-20 04:09:41,21267,2195652608,32911360,0.0,0.09861972883072596,0,13,0.55,0.29,0.0,0.0,0.0,11399168,0,7,4,1,0,sleeping,2756,2731,0,167936,1717343,61266
2025-05-20 04:09:42,21267,2195652608,32911360,0.0,0.09861972883072596,0,13,0.55,0.29,0.0,0.0,0.0,11399168,0,7,4,1,0,sleeping,2758,2733,0,167936,1719271,61326
2025-05-20 04:09:43,21267,2195652608,32911360,0.0,0.09861972883072596,0,13,0.55,0.29,0.0,0.0,0.0,11399168,0,7,4,1,0,sleeping,2761,2736,0,167936,1721207,61394
2025-05-20 04:09:44,21267,2195652608,32911360,0.0,0.09861972883072596,0,13,0.55,0.29,0.0,0.0,0.0,11399168,0,6,4,1,0,sleeping,2763,2738,0,167936,1723135,61454
2025-05-20 04:09:45,21267,2195652608,32911360,0.9,0.09861972883072596,0,13,0.55,0.3,0.0,0.0,0.0,11399168,0,7,4,1,0,sleeping,2767,2742,0,167936,1725079,61530
2025-05-20 04:09:46,21267,2195652608,32911360,0.0,0.09861972883072596,0,13,0.55,0.3,0.0,0.0,0.0,11399168,0,6,3,1,0,sleeping,2774,2747,0,167936,1728959,61614
2025-05-20 04:09:47,21267,2195652608,32911360,0.0,0.09861972883072596,0,13,0.55,0.3,0.0,0.0,0.0,11399168,0,6,3,1,0,sleeping,2776,2750,0,167936,1730887,61704
2025-05-20 04:09:48,21267,2195652608,32911360,0.0,0.09861972883072596,0,13,0.55,0.3,0.0,0.0,0.0,11399168,0,6,3,1,0,sleeping,2778,2752,0,167936,1732815,61764
2025-05-20 04:09:49,21267,2195652608,32911360,0.9,0.09861972883072596,0,13,0.56,0.3,0.0,0.0,0.0,11399168,0,7,4,1,0,sleeping,2780,2754,0,167936,1734743,61824
2025-05-20 04:09:50,21267,2195652608,32911360,0.0,0.09861972883072596,0,13,0.56,0.3,0.0,0.0,0.0,11399168,0,6,3,1,0,sleeping,2783,2758,0,167936,1736679,61922
2025-05-20 04:09:52,21267,2195652608,32911360,0.0,0.09861972883072596,0,13,0.56,0.3,0.0,0.0,0.0,11399168,0,6,3,1,0,sleeping,2785,2760,0,167936,1738602,61982
2025-05-20 04:09:53,21267,2195652608,32911360,0.0,0.09861972883072596,0,13,0.56,0.3,0.0,0.0,0.0,11399168,0,6,3,1,0,sleeping,2790,2764,0,167936,1742456,62080
2025-05-20 04:09:54,21267,2195652608,32911360,0.0,0.09861972883072596,0,13,0.56,0.3,0.0,0.0,0.0,11399168,0,6,3,1,0,sleeping,2792,2766,0,167936,1744379,62140
2025-05-20 04:09:55,21267,2195652608,32911360,0.0,0.09861972883072596,0,13,0.56,0.3,0.0,0.0,0.0,11399168,0,6,3,1,0,sleeping,2794,2768,0,167936,1746302,62200
2025-05-20 04:09:56,21267,2195652608,32911360,0.0,0.09861972883072596,0,13,0.56,0.3,0.0,0.0,0.0,11399168,0,6,3,1,0,sleeping,2796,2770,0,167936,1748225,62260
2025-05-20 04:09:57,21267,2195652608,32911360,0.0,0.09861972883072596,0,13,0.56,0.3,0.0,0.0,0.0,11399168,0,7,4,1,0,sleeping,2798,2772,0,167936,1750148,62320
2025-05-20 04:09:59,21267,2195652608,32911360,0.0,0.09861972883072596,0,13,0.56,0.3,0.0,0.0,0.0,11399168,0,6,3,1,0,sleeping,2801,2776,0,167936,1752079,62418
2025-05-20 04:10:00,21267,2195652608,32911360,0.0,0.09861972883072596,0,13,0.56,0.3,0.0,0.0,0.0,11399168,0,6,3,1,0,sleeping,2804,2779,0,172032,1754010,62486
2025-05-20 04:10:01,21267,2195652608,32911360,0.9,0.09861972883072596,0,13,0.57,0.3,0.0,0.0,0.0,11399168,0,8,4,1,0,sleeping,2806,2781,0,172032,1755933,62546
2025-05-20 04:10:02,21267,2195652608,32911360,0.0,0.09861972883072596,0,13,0.57,0.3,0.0,0.0,0.0,11399168,0,8,4,1,0,sleeping,2810,2785,0,172032,1757872,62622
2025-05-20 04:10:03,21267,2195652608,32911360,0.0,0.09861972883072596,0,13,0.57,0.3,0.0,0.0,0.0,11399168,0,8,4,1,0,sleeping,2813,2788,0,172032,1759803,62690
2025-05-20 04:10:04,21267,2195652608,32911360,0.0,0.09861972883072596,0,13,0.57,0.3,0.0,0.0,0.0,11399168,0,8,4,1,0,sleeping,2818,2792,0,172032,1763657,62788
2025-05-20 04:10:05,21267,2195652608,32911360,0.0,0.09861972883072596,0,13,0.57,0.3,0.0,0.0,0.0,11399168,0,8,4,1,0,sleeping,2821,2795,0,172032,1765588,62856
2025-05-20 04:10:06,21267,2195652608,32911360,0.0,0.09861972883072596,0,13,0.57,0.3,0.0,0.0,0.0,11399168,0,8,4,1,0,sleeping,2823,2798,0,172032,1767511,62946
2025-05-20 04:10:08,21267,2195652608,32911360,0.0,0.09861972883072596,0,13,0.57,0.3,0.0,0.0,0.0,11399168,0,7,4,1,0,sleeping,2825,2800,0,172032,1769434,63006
2025-05-20 04:10:09,21267,2195652608,32911360,0.0,0.09861972883072596,0,13,0.57,0.3,0.0,0.0,0.0,11399168,0,8,4,1,0,sleeping,2831,2805,0,172032,1773296,63112
2025-05-20 04:10:10,21267,2195652608,32911360,0.0,0.09861972883072596,0,13,0.57,0.3,0.0,0.0,0.0,11399168,0,8,4,1,0,sleeping,2834,2808,0,172032,1775227,63180
2025-05-20 04:10:11,21267,2195652608,32911360,0.0,0.09861972883072596,0,13,0.57,0.3,0.0,0.0,0.0,11399168,0,8,4,1,0,sleeping,2838,2812,0,172032,1777166,63256
2025-05-20 04:10:12,21267,2195652608,32911360,0.0,0.09861972883072596,0,13,0.57,0.3,0.0,0.0,0.0,11399168,0,8,4,1,0,sleeping,2841,2815,0,172032,1779096,63324
2025-05-20 04:10:13,21267,2195652608,32911360,0.0,0.09861972883072596,0,13,0.57,0.3,0.0,0.0,0.0,11399168,0,8,4,1,0,sleeping,2845,2819,0,172032,1781034,63400
2025-05-20 04:10:14,21267,2195652608,32911360,0.0,0.09861972883072596,0,13,0.57,0.3,0.0,0.0,0.0,11399168,0,8,4,1,0,sleeping,2849,2823,0,172032,1782973,63476
2025-05-20 04:10:15,21267,2195652608,32911360,0.0,0.09861972883072596,0,13,0.57,0.3,0.0,0.0,0.0,11399168,0,8,4,1,0,sleeping,2851,2825,0,172032,1784896,63536
2025-05-20 04:10:16,21267,2195652608,32911360,0.9,0.09861972883072596,0,13,0.57,0.31,0.0,0.0,0.0,11399168,0,8,4,1,0,sleeping,2853,2828,0,172032,1786819,63626
2025-05-20 04:10:18,21267,2195652608,32911360,0.0,0.09861972883072596,0,13,0.57,0.31,0.0,0.0,0.0,11399168,0,8,4,1,0,sleeping,2855,2830,0,172032,1788741,63686
2025-05-20 04:10:19,21267,2195652608,32911360,0.0,0.09861972883072596,0,13,0.57,0.31,0.0,0.0,0.0,11399168,0,8,4,1,0,sleeping,2858,2833,0,172032,1790676,63754
2025-05-20 04:10:20,21267,2195652608,32911360,0.0,0.09861972883072596,0,13,0.57,0.31,0.0,0.0,0.0,11399168,0,8,4,1,0,sleeping,2861,2836,0,172032,1792612,63822
2025-05-20 04:10:21,21267,2195652608,32911360,0.0,0.09861972883072596,0,13,0.57,0.31,0.0,0.0,0.0,11399168,0,8,4,1,0,sleeping,2863,2838,0,172032,1794539,63882
2025-05-20 04:10:22,21267,2195652608,32911360,0.0,0.09861972883072596,0,13,0.57,0.31,0.0,0.0,0.0,11399168,0,8,4,1,0,sleeping,2865,2840,0,172032,1796466,63942
2025-05-20 04:10:23,21267,2195652608,32911360,0.0,0.09861972883072596,0,13,0.57,0.31,0.0,0.0,0.0,11399168,0,8,4,1,0,sleeping,2870,2844,0,172032,1800330,64040
2025-05-20 04:10:24,21267,2195652608,32911360,0.8,0.09861972883072596,0,13,0.58,0.31,0.0,0.0,0.0,11399168,0,8,4,1,0,sleeping,2873,2847,0,172032,1802266,64108
2025-05-20 04:10:26,21267,2195652608,32911360,0.0,0.09861972883072596,0,13,0.58,0.31,0.0,0.0,0.0,11399168,0,8,4,1,0,sleeping,2876,2851,0,172032,1804202,64206
2025-05-20 04:10:27,21267,2195652608,32911360,0.0,0.09861972883072596,0,13,0.58,0.31,0.0,0.0,0.0,11399168,0,7,4,1,0,sleeping,2879,2855,0,172032,1806138,64304
2025-05-20 04:10:28,21267,2195652608,32911360,0.0,0.09861972883072596,0,13,0.58,0.31,0.0,0.0,0.0,11399168,0,8,4,1,0,sleeping,2885,2859,0,172032,1810010,64380
2025-05-20 04:10:29,21267,2195652608,32911360,0.0,0.09861972883072596,0,13,0.58,0.31,0.0,0.0,0.0,11399168,0,8,4,1,0,sleeping,2888,2862,0,172032,1811946,64448
2025-05-20 04:10:30,21267,2195652608,32911360,0.0,0.09861972883072596,0,13,0.58,0.31,0.0,0.0,0.0,11399168,0,7,4,1,0,sleeping,2891,2865,0,176128,1813882,64516
2025-05-20 04:10:31,21267,2195652608,32911360,0.0,0.09861972883072596,0,13,0.58,0.31,0.0,0.0,0.0,11399168,0,7,4,1,0,sleeping,2894,2868,0,176128,1815818,64584
2025-05-20 04:10:32,21267,2195652608,32911360,0.0,0.09861972883072596,0,13,0.58,0.31,0.0,0.0,0.0,11399168,0,7,4,1,0,sleeping,2897,2871,0,176128,1817754,64652
2025-05-20 04:10:33,21267,2195652608,32911360,0.0,0.09861972883072596,0,13,0.58,0.31,0.0,0.0,0.0,11399168,0,7,4,1,0,sleeping,2900,2874,0,176128,1819690,64720
2025-05-20 04:10:34,21267,2195652608,32911360,0.0,0.09861972883072596,0,13,0.58,0.31,0.0,0.0,0.0,11399168,0,7,4,1,0,sleeping,2902,2877,0,176128,1821618,64810
2025-05-20 04:10:36,21267,2195652608,32911360,0.0,0.09861972883072596,0,13,0.58,0.31,0.0,0.0,0.0,11399168,0,7,4,1,0,sleeping,2904,2879,0,176128,1823546,64870
2025-05-20 04:10:37,21267,2195652608,32911360,0.0,0.09861972883072596,0,13,0.58,0.31,0.0,0.0,0.0,11403264,0,7,4,1,0,sleeping,2906,2881,0,176128,1825474,64930
2025-05-20 04:10:38,21267,2195652608,32911360,0.0,0.09861972883072596,0,13,0.58,0.31,0.0,0.0,0.0,11403264,0,7,4,1,0,sleeping,2908,2883,0,176128,1827402,64990
2025-05-20 04:10:39,21267,2195652608,32911360,0.0,0.09861972883072596,0,13,0.58,0.31,0.0,0.0,0.0,11403264,0,7,4,1,0,sleeping,2913,2887,0,176128,1831266,65088
2025-05-20 04:10:40,21267,2195652608,32911360,0.7,0.09861972883072596,0,13,0.59,0.31,0.0,0.0,0.0,11403264,0,7,4,1,0,sleeping,2915,2890,0,176128,1833194,65178
2025-05-20 04:10:42,21267,2195652608,32911360,0.0,0.09861972883072596,0,13,0.59,0.31,0.0,0.0,0.0,11403264,0,7,4,1,0,sleeping,2918,2893,0,176128,1835130,65246
2025-05-20 04:10:43,21267,2195652608,32911360,0.0,0.09861972883072596,0,13,0.59,0.31,0.0,0.0,0.0,11403264,0,7,4,1,0,sleeping,2920,2896,0,176128,1837058,65336
2025-05-20 04:10:44,21267,2195652608,32911360,0.0,0.09861972883072596,0,13,0.59,0.31,0.0,0.0,0.0,11403264,0,7,4,1,0,sleeping,2925,2899,0,176128,1840922,65404
2025-05-20 04:10:45,21267,2195652608,32911360,0.0,0.09861972883072596,0,13,0.59,0.31,0.0,0.0,0.0,11403264,0,7,4,1,0,sleeping,2928,2902,0,176128,1842858,65472
2025-05-20 04:10:46,21267,2195652608,32911360,0.0,0.09861972883072596,0,13,0.59,0.31,0.0,0.0,0.0,11403264,0,7,4,1,0,sleeping,2930,2904,0,176128,1844786,65532
2025-05-20 04:10:47,21267,2195652608,32911360,0.0,0.09861972883072596,0,13,0.59,0.31,0.0,0.0,0.0,11403264,0,7,4,1,0,sleeping,2932,2906,0,180224,1846713,65592
2025-05-20 04:10:48,21267,2195652608,32911360,0.9,0.09861972883072596,0,13,0.59,0.32,0.0,0.0,0.0,11403264,0,7,4,1,0,sleeping,2935,2909,0,180224,1848649,65660
2025-05-20 04:10:49,21267,2195652608,32911360,0.0,0.09861972883072596,0,13,0.59,0.32,0.0,0.0,0.0,11403264,0,7,4,1,0,sleeping,2938,2912,0,180224,1850582,65728
2025-05-20 04:10:50,21267,2195652608,32911360,0.0,0.09861972883072596,0,13,0.59,0.32,0.0,0.0,0.0,11403264,0,7,4,1,0,sleeping,2942,2917,0,180224,1852523,65834
2025-05-20 04:10:52,21267,2195652608,32911360,0.0,0.09861972883072596,0,13,0.59,0.32,0.0,0.0,0.0,11403264,0,8,4,1,0,sleeping,2944,2919,0,180224,1854448,65894
2025-05-20 04:10:53,21267,2195652608,32911360,0.0,0.09861972883072596,0,13,0.59,0.32,0.0,0.0,0.0,11403264,0,8,4,1,0,sleeping,2946,2921,0,180224,1856373,65954
2025-05-20 04:10:54,21267,2195652608,32911360,0.0,0.09861972883072596,0,13,0.59,0.32,0.0,0.0,0.0,11403264,0,8,4,1,0,sleeping,2949,2924,0,180224,1858306,66022
2025-05-20 04:10:55,21267,2195652608,32911360,0.0,0.09861972883072596,0,13,0.59,0.32,0.0,0.0,0.0,11407360,0,8,4,1,0,sleeping,2953,2927,0,180224,1862156,66112
2025-05-20 04:10:56,21267,2195652608,32911360,0.7,0.09861972883072596,0,13,0.6,0.32,0.0,0.0,0.0,11407360,0,8,4,1,0,sleeping,2955,2929,0,180224,1864083,66172
2025-05-20 04:10:58,21267,2195652608,32911360,0.0,0.09861972883072596,0,13,0.6,0.32,0.0,0.0,0.0,11407360,0,8,4,1,0,sleeping,2958,2933,0,180224,1866019,66270
2025-05-20 04:10:59,21267,2195652608,32911360,0.0,0.09861972883072596,0,13,0.6,0.32,0.0,0.0,0.0,11407360,0,8,4,1,0,sleeping,2960,2935,0,180224,1867947,66330
2025-05-20 04:11:00,21267,2195652608,32911360,0.0,0.09861972883072596,0,13,0.6,0.32,0.0,0.0,0.0,11407360,0,8,4,1,0,sleeping,2963,2938,0,180224,1869883,66398
2025-05-20 04:11:01,21267,2195652608,32911360,0.0,0.09861972883072596,0,13,0.6,0.32,0.0,0.0,0.0,11407360,0,8,4,1,0,sleeping,2966,2942,0,184320,1871819,66496
2025-05-20 04:11:02,21267,2195652608,32911360,0.0,0.09861972883072596,0,13,0.6,0.32,0.0,0.0,0.0,11407360,0,7,4,1,0,sleeping,2970,2946,0,184320,1873763,66572
2025-05-20 04:11:03,21267,2195652608,32911360,0.0,0.09861972883072596,0,13,0.6,0.32,0.0,0.0,0.0,11407360,0,8,4,1,0,sleeping,2974,2948,0,184320,1877617,66632
2025-05-20 04:11:04,21267,2195652608,32911360,0.0,0.09861972883072596,0,13,0.6,0.32,0.0,0.0,0.0,11407360,0,8,4,1,0,sleeping,2976,2950,0,184320,1879545,66692
2025-05-20 04:11:05,21267,2195652608,32911360,0.0,0.09861972883072596,0,13,0.6,0.32,0.0,0.0,0.0,11407360,0,8,4,1,0,sleeping,2980,2954,0,184320,1881489,66768
2025-05-20 04:11:06,21267,2195652608,32911360,0.0,0.09861972883072596,0,13,0.6,0.32,0.0,0.0,0.0,11407360,0,7,4,1,0,sleeping,2984,2958,0,184320,1883433,66844
2025-05-20 04:11:07,21267,2195652608,32911360,0.0,0.09861972883072596,0,13,0.6,0.32,0.0,0.0,0.0,11407360,0,7,4,1,0,sleeping,2986,2960,0,184320,1885361,66904
2025-05-20 04:11:08,21267,2195652608,32911360,0.0,0.09861972883072596,0,13,0.6,0.32,0.0,0.0,0.0,11407360,0,8,4,1,0,sleeping,2989,2964,0,184320,1887301,67002
2025-05-20 04:11:10,21267,2195652608,32911360,0.0,0.09861972883072596,0,13,0.6,0.32,0.0,0.0,0.0,11407360,0,7,4,1,0,sleeping,2992,2967,0,184320,1889241,67070
2025-05-20 04:11:11,21267,2195652608,32911360,0.0,0.09861972883072596,0,13,0.6,0.32,0.0,0.0,0.0,11407360,0,7,4,1,0,sleeping,2996,2971,0,184320,1891190,67146
2025-05-20 04:11:12,21267,2195652608,32911360,0.0,0.09861972883072596,0,13,0.6,0.32,0.0,0.0,0.0,11407360,0,7,4,1,0,sleeping,2998,2973,0,184320,1893123,67206
2025-05-20 04:11:13,21267,2195652608,32911360,0.0,0.09861972883072596,0,13,0.6,0.32,0.0,0.0,0.0,11407360,0,7,4,1,0,sleeping,3000,2975,0,184320,1895056,67266
2025-05-20 04:11:14,21267,2195652608,32911360,0.8,0.09861972883072596,0,13,0.61,0.32,0.0,0.0,0.0,11407360,0,8,4,1,0,sleeping,3003,2979,0,184320,1896997,67364
2025-05-20 04:11:15,21267,2195652608,32911360,0.0,0.09861972883072596,0,13,0.61,0.32,0.0,0.0,0.0,11407360,0,8,4,1,0,sleeping,3008,2982,0,184320,1900871,67432
2025-05-20 04:11:17,21267,2195652608,32911360,0.0,0.09861972883072596,0,13,0.61,0.32,0.0,0.0,0.0,11407360,0,8,4,1,0,sleeping,3011,2986,0,184320,1902812,67530
2025-05-20 04:11:18,21267,2195652608,32911360,0.0,0.09861972883072596,0,13,0.61,0.32,0.0,0.0,0.0,11407360,0,8,4,1,0,sleeping,3014,2990,0,184320,1904753,67628
2025-05-20 04:11:19,21267,2195652608,32911360,0.0,0.09861972883072596,0,13,0.61,0.32,0.0,0.0,0.0,11407360,0,8,4,1,0,sleeping,3017,2993,0,184320,1906694,67696
2025-05-20 04:11:20,21267,2195652608,32911360,0.0,0.09861972883072596,0,13,0.61,0.32,0.0,0.0,0.0,11407360,0,8,4,1,0,sleeping,3022,2998,0,184320,1908651,67780
2025-05-20 04:11:21,21267,2195652608,32911360,0.0,0.09861972883072596,0,13,0.61,0.32,0.0,0.0,0.0,11407360,0,8,4,1,0,sleeping,3029,3003,0,184320,1912541,67864
2025-05-20 04:11:22,21267,2195652608,32911360,0.0,0.09861972883072596,0,13,0.61,0.32,0.0,0.0,0.0,11407360,0,8,4,1,0,sleeping,3031,3005,0,184320,1914474,67924
2025-05-20 04:11:23,21267,2195652608,32911360,0.0,0.09861972883072596,0,13,0.61,0.32,0.0,0.0,0.0,11407360,0,8,4,1,0,sleeping,3035,3009,0,184320,1916423,68000
2025-05-20 04:11:24,21267,2195652608,32911360,0.0,0.09861972883072596,0,13,0.61,0.32,0.0,0.0,0.0,11407360,0,8,4,1,0,sleeping,3037,3011,0,184320,1918356,68060
2025-05-20 04:11:25,21267,2195652608,32911360,0.0,0.09861972883072596,0,13,0.61,0.32,0.0,0.0,0.0,11407360,0,8,4,1,0,sleeping,3040,3015,0,184320,1920297,68158
2025-05-20 04:11:27,21267,2195652608,32911360,0.0,0.09861972883072596,0,13,0.61,0.32,0.0,0.0,0.0,11407360,0,8,4,1,0,sleeping,3043,3018,0,184320,1922238,68226
2025-05-20 04:11:28,21267,2195652608,32911360,0.0,0.09861972883072596,0,13,0.61,0.32,0.0,0.0,0.0,11407360,0,8,4,1,0,sleeping,3046,3021,0,184320,1924179,68294
2025-05-20 04:11:29,21267,2195652608,32911360,0.0,0.09861972883072596,0,13,0.61,0.32,0.0,0.0,0.0,11407360,0,8,4,1,0,sleeping,3048,3023,0,184320,1926112,68354
2025-05-20 04:11:30,21267,2195652608,32911360,0.0,0.09861972883072596,0,13,0.61,0.32,0.0,0.0,0.0,11407360,0,8,4,1,0,sleeping,3051,3027,0,184320,1928053,68452
2025-05-20 04:11:31,21267,2195652608,32911360,0.8,0.09861972883072596,0,13,0.62,0.32,0.0,0.0,0.0,11407360,0,8,4,1,0,sleeping,3056,3030,0,184320,1931927,68520
2025-05-20 04:11:32,21267,2195652608,32911360,0.7,0.09861972883072596,0,13,0.62,0.33,0.0,0.0,0.0,11407360,0,7,4,1,0,sleeping,3058,3033,0,184320,1933860,68610
2025-05-20 04:11:34,21267,2195652608,32911360,0.0,0.09861972883072596,0,13,0.62,0.33,0.0,0.0,0.0,11407360,0,7,4,1,0,sleeping,3060,3036,0,188416,1935793,68700
2025-05-20 04:11:35,21267,2195652608,32911360,0.0,0.09861972883072596,0,13,0.62,0.33,0.0,0.0,0.0,11407360,0,7,4,1,0,sleeping,3062,3038,0,188416,1937726,68760
2025-05-20 04:11:36,21267,2195652608,32911360,0.0,0.09861972883072596,0,13,0.62,0.33,0.0,0.0,0.0,11407360,0,7,4,1,0,sleeping,3066,3040,0,188416,1941592,68820
2025-05-20 04:11:37,21267,2195652608,32911360,0.9,0.09861972883072596,0,13,0.63,0.33,0.0,0.0,0.0,11407360,0,8,4,1,0,sleeping,3068,3042,0,188416,1943525,68880
2025-05-20 04:11:38,21267,2195652608,32911360,0.0,0.09861972883072596,0,13,0.63,0.33,0.0,0.0,0.0,11407360,0,7,4,1,0,sleeping,3072,3046,0,188416,1945469,68956
2025-05-20 04:11:39,21267,2195652608,32911360,0.0,0.09861972883072596,0,13,0.63,0.33,0.0,0.0,0.0,11407360,0,7,4,1,0,sleeping,3075,3049,0,188416,1947405,69024
2025-05-20 04:11:41,21267,2195652608,32911360,0.0,0.09861972883072596,0,13,0.63,0.33,0.0,0.0,0.0,11407360,0,7,4,1,0,sleeping,3077,3052,0,188416,1949333,69114
2025-05-20 04:11:42,21267,2195652608,32911360,0.0,0.09861972883072596,0,13,0.63,0.33,0.0,0.0,0.0,11407360,0,7,4,1,0,sleeping,3080,3055,0,188416,1951269,69182
2025-05-20 04:11:43,21267,2195652608,32911360,0.0,0.09861972883072596,0,13,0.63,0.33,0.0,0.0,0.0,11407360,0,7,4,1,0,sleeping,3082,3057,0,188416,1953197,69242
2025-05-20 04:11:44,21267,2195652608,32911360,0.0,0.09861972883072596,0,13,0.63,0.33,0.0,0.0,0.0,11407360,0,7,4,1,0,sleeping,3084,3059,0,188416,1955125,69302
2025-05-20 04:11:45,21267,2195652608,32911360,0.0,0.09861972883072596,0,13,0.63,0.33,0.0,0.0,0.0,11407360,0,7,4,1,0,sleeping,3088,3063,0,188416,1957069,69378
2025-05-20 04:11:46,21267,2195652608,32911360,0.0,0.09861972883072596,0,13,0.63,0.33,0.0,0.0,0.0,11407360,0,7,4,1,0,sleeping,3091,3066,0,188416,1959005,69446
2025-05-20 04:11:47,21267,2195652608,32911360,0.0,0.09861972883072596,0,13,0.63,0.33,0.0,0.0,0.0,11407360,0,8,4,1,0,sleeping,3093,3069,0,188416,1960933,69536
2025-05-20 04:11:48,21267,2195652608,32911360,0.0,0.09861972883072596,0,13,0.63,0.33,0.0,0.0,0.0,11407360,0,8,4,1,0,sleeping,3099,3073,0,188416,1964805,69612
2025-05-20 04:11:49,21267,2195652608,32911360,0.0,0.09861972883072596,0,13,0.63,0.33,0.0,0.0,0.0,11407360,0,7,4,1,0,sleeping,3102,3077,0,188416,1966741,69710
2025-05-20 04:11:51,21267,2195652608,32911360,0.7,0.09861972883072596,0,13,0.64,0.33,0.0,0.0,0.0,11407360,0,8,4,1,0,sleeping,3105,3081,0,188416,1968677,69808
2025-05-20 04:11:52,21267,2195652608,32911360,0.0,0.09861972883072596,0,13,0.64,0.33,0.0,0.0,0.0,11407360,0,8,4,1,0,sleeping,3111,3085,0,188416,1972549,69884
2025-05-20 04:11:53,21267,2195652608,32911360,0.0,0.09861972883072596,0,13,0.64,0.33,0.0,0.0,0.0,11407360,0,8,4,1,0,sleeping,3114,3088,0,188416,1974485,69952
2025-05-20 04:11:54,21267,2195652608,32911360,0.0,0.09861972883072596,0,13,0.64,0.33,0.0,0.0,0.0,11407360,0,8,4,1,0,sleeping,3117,3092,0,188416,1976421,70050
2025-05-20 04:11:56,21267,2195652608,32911360,0.0,0.09861972883072596,0,13,0.64,0.33,0.0,0.0,0.0,11407360,0,8,4,1,0,sleeping,3119,3094,0,192512,1978354,70110
2025-05-20 04:11:57,21267,2195652608,32911360,0.0,0.09861972883072596,0,13,0.64,0.33,0.0,0.0,0.0,11407360,0,8,4,1,0,sleeping,3123,3098,0,192512,1980303,70186
2025-05-20 04:11:58,21267,2195652608,32911360,0.0,0.09861972883072596,0,13,0.64,0.33,0.0,0.0,0.0,11407360,0,8,4,1,0,sleeping,3127,3102,0,192512,1982251,70262
2025-05-20 04:11:59,21267,2195652608,32911360,0.0,0.09861972883072596,0,13,0.64,0.33,0.0,0.0,0.0,11407360,0,8,4,1,0,sleeping,3130,3105,0,192512,1984191,70330
2025-05-20 04:12:00,21267,2195652608,32911360,0.0,0.09861972883072596,0,13,0.64,0.33,0.0,0.0,0.0,11407360,0,8,4,1,0,sleeping,3133,3108,0,192512,1986132,70398
2025-05-20 04:12:01,21267,2195652608,32911360,0.0,0.09861972883072596,0,13,0.64,0.33,0.0,0.0,0.0,11407360,0,8,4,1,0,sleeping,3138,3113,0,192512,1988089,70482
2025-05-20 04:12:02,21267,2195652608,32911360,0.0,0.09861972883072596,0,13,0.64,0.33,0.0,0.0,0.0,11407360,0,8,4,1,0,sleeping,3140,3116,0,192512,1990021,70572
2025-05-20 04:12:03,21267,2195652608,32911360,0.0,0.09861972883072596,0,13,0.64,0.33,0.0,0.0,0.0,11407360,0,8,4,1,0,sleeping,3143,3119,0,192512,1991961,70640
2025-05-20 04:12:04,21267,2195652608,32911360,0.0,0.09861972883072596,0,13,0.64,0.33,0.0,0.0,0.0,11407360,0,7,4,1,0,sleeping,3146,3122,0,196608,1993902,70708
2025-05-20 04:12:05,21267,2195652608,32911360,0.0,0.09861972883072596,0,13,0.64,0.33,0.0,0.0,0.0,11407360,0,8,4,1,0,sleeping,3148,3124,0,196608,1995835,70768
2025-05-20 04:12:06,21267,2195652608,32911360,0.0,0.09861972883072596,0,13,0.64,0.33,0.0,0.0,0.0,11407360,0,8,4,1,0,sleeping,3154,3128,0,196608,1999717,70844
2025-05-20 04:12:08,21267,2195652608,32911360,0.8,0.09861972883072596,0,13,0.64,0.34,0.0,0.0,0.0,11407360,0,7,4,1,0,sleeping,3157,3132,0,196608,2001658,70942
2025-05-20 04:12:09,21267,2195652608,32911360,0.0,0.09861972883072596,0,13,0.64,0.34,0.0,0.0,0.0,11407360,0,7,4,1,0,sleeping,3160,3136,0,196608,2003599,71040
2025-05-20 04:12:10,21267,2195652608,32911360,0.0,0.09861972883072596,0,13,0.64,0.34,0.0,0.0,0.0,11407360,0,7,4,1,0,sleeping,3165,3140,0,196608,2007473,71138
2025-05-20 04:12:12,21267,2195652608,32911360,0.0,0.09861972883072596,0,13,0.64,0.34,0.0,0.0,0.0,11407360,0,7,4,1,0,sleeping,3167,3142,0,196608,2009406,71198
2025-05-20 04:12:13,21267,2195652608,32911360,0.0,0.09861972883072596,0,13,0.64,0.34,0.0,0.0,0.0,11407360,0,7,4,1,0,sleeping,3169,3144,0,196608,2011339,71258
2025-05-20 04:12:14,21267,2195652608,32911360,0.0,0.09861972883072596,0,13,0.64,0.34,0.0,0.0,0.0,11407360,0,7,4,1,0,sleeping,3171,3146,0,196608,2013272,71318
2025-05-20 04:12:15,21267,2195652608,32911360,0.9,0.09861972883072596,0,13,0.65,0.34,0.0,0.0,0.0,11407360,0,7,4,1,0,sleeping,3174,3149,0,196608,2015213,71386
2025-05-20 04:12:16,21267,2195652608,32911360,0.0,0.09861972883072596,0,13,0.65,0.34,0.0,0.0,0.0,11407360,0,7,4,1,0,sleeping,3178,3153,0,196608,2017162,71462
2025-05-20 04:12:17,21267,2195652608,32911360,0.0,0.09861972883072596,0,13,0.65,0.34,0.0,0.0,0.0,11407360,0,7,4,1,0,sleeping,3180,3156,0,196608,2019095,71552
2025-05-20 04:12:18,21267,2195652608,32911360,0.0,0.09861972883072596,0,13,0.65,0.34,0.0,0.0,0.0,11407360,0,7,4,1,0,sleeping,3182,3158,0,196608,2021028,71612
2025-05-20 04:12:19,21267,2195652608,32911360,0.0,0.09861972883072596,0,13,0.65,0.34,0.0,0.0,0.0,11407360,0,7,4,1,0,sleeping,3186,3162,0,196608,2022977,71688
2025-05-20 04:12:20,21267,2195652608,32911360,0.0,0.09861972883072596,0,13,0.65,0.34,0.0,0.0,0.0,11407360,0,7,4,1,0,sleeping,3190,3166,0,196608,2024926,71764
2025-05-20 04:12:21,21267,2195652608,32911360,0.0,0.09861972883072596,0,13,0.65,0.34,0.0,0.0,0.0,11407360,0,7,4,1,0,sleeping,3194,3168,0,196608,2028792,71824
2025-05-20 04:12:22,21267,2195652608,32911360,0.0,0.09861972883072596,0,13,0.65,0.34,0.0,0.0,0.0,11407360,0,7,4,1,0,sleeping,3197,3172,0,196608,2030733,71922
2025-05-20 04:12:24,21267,2195652608,32911360,0.0,0.09861972883072596,0,13,0.65,0.34,0.0,0.0,0.0,11407360,0,7,4,1,0,sleeping,3200,3175,0,196608,2032674,71990
2025-05-20 04:12:25,21267,2195652608,32911360,0.0,0.09861972883072596,0,13,0.65,0.34,0.0,0.0,0.0,11407360,0,7,4,1,0,sleeping,3202,3178,0,196608,2034607,72080
2025-05-20 04:12:26,21267,2195652608,32911360,0.0,0.09861972883072596,0,13,0.65,0.34,0.0,0.0,0.0,11407360,0,7,4,1,0,sleeping,3206,3180,0,196608,2038468,72140
2025-05-20 04:12:27,21267,2195652608,32911360,0.9,0.09861972883072596,0,13,0.66,0.34,0.0,0.0,0.0,11407360,0,7,4,1,0,sleeping,3209,3184,0,196608,2040404,72238
2025-05-20 04:12:29,21267,2195652608,32911360,0.0,0.09861972883072596,0,13,0.66,0.34,0.0,0.0,0.0,11407360,0,7,4,1,0,sleeping,3211,3186,0,196608,2042332,72298
2025-05-20 04:12:30,21267,2195652608,32911360,0.0,0.09861972883072596,0,13,0.66,0.34,0.0,0.0,0.0,11407360,0,7,4,1,0,sleeping,3214,3189,0,196608,2044268,72366
2025-05-20 04:12:31,21267,2195652608,32911360,0.0,0.09861972883072596,0,13,0.66,0.34,0.0,0.0,0.0,11407360,0,7,4,1,0,sleeping,3216,3191,0,196608,2046196,72426
2025-05-20 04:12:32,21267,2195652608,32911360,0.0,0.09861972883072596,0,13,0.66,0.34,0.0,0.0,0.0,11407360,0,7,4,1,0,sleeping,3218,3193,0,196608,2048124,72486
2025-05-20 04:12:33,21267,2195652608,32911360,0.0,0.09861972883072596,0,13,0.66,0.34,0.0,0.0,0.0,11407360,0,7,4,1,0,sleeping,3221,3196,0,196608,2050060,72554
2025-05-20 04:12:34,21267,2195652608,32911360,0.0,0.09861972883072596,0,13,0.66,0.34,0.0,0.0,0.0,11407360,0,7,4,1,0,sleeping,3226,3201,0,196608,2052012,72638
2025-05-20 04:12:35,21267,2195652608,32911360,0.9,0.09861972883072596,0,13,0.66,0.35,0.0,0.0,0.0,11407360,0,7,4,1,0,sleeping,3228,3204,0,200704,2053940,72728
2025-05-20 04:12:36,21267,2195652608,32911360,0.0,0.09861972883072596,0,13,0.66,0.35,0.0,0.0,0.0,11407360,0,7,4,1,0,sleeping,3231,3207,0,200704,2055881,72796
2025-05-20 04:12:37,21267,2195652608,32911360,0.0,0.09861972883072596,0,13,0.66,0.35,0.0,0.0,0.0,11407360,0,7,4,1,0,sleeping,3234,3210,0,200704,2057822,72864
2025-05-20 04:12:38,21267,2195652608,32911360,0.0,0.09861972883072596,0,13,0.66,0.35,0.0,0.0,0.0,11407360,0,7,4,1,0,sleeping,3237,3213,0,200704,2059763,72932
2025-05-20 04:12:39,21267,2195652608,32911360,0.0,0.09861972883072596,0,13,0.66,0.35,0.0,0.0,0.0,11407360,0,7,4,1,0,sleeping,3242,3217,0,200704,2063637,73030
2025-05-20 04:12:41,21267,2195652608,32911360,0.0,0.09861972883072596,0,13,0.66,0.35,0.0,0.0,0.0,11407360,0,7,4,1,0,sleeping,3244,3219,0,200704,2065570,73090
2025-05-20 04:12:42,21267,2195652608,32911360,0.0,0.09861972883072596,0,13,0.66,0.35,0.0,0.0,0.0,11407360,0,8,4,1,0,sleeping,3246,3222,0,200704,2067503,73180
2025-05-20 04:12:43,21267,2195652608,32911360,0.0,0.09861972883072596,0,13,0.66,0.35,0.0,0.0,0.0,11407360,0,8,4,1,0,sleeping,3248,3224,0,200704,2069436,73240
2025-05-20 04:12:44,21267,2195652608,32911360,0.0,0.09861972883072596,0,13,0.66,0.35,0.0,0.0,0.0,11407360,0,8,4,1,0,sleeping,3252,3228,0,200704,2071385,73316
2025-05-20 04:12:45,21267,2195652608,32911360,0.0,0.09861972883072596,0,13,0.66,0.35,0.0,0.0,0.0,11407360,0,8,4,1,0,sleeping,3255,3231,0,200704,2073326,73384
2025-05-20 04:12:46,21267,2195652608,32911360,0.0,0.09861972883072596,0,13,0.66,0.35,0.0,0.0,0.0,11407360,0,8,4,1,0,sleeping,3257,3233,0,200704,2075258,73444
2025-05-20 04:12:47,21267,2195652608,32911360,0.9,0.09861972883072596,0,13,0.67,0.35,0.0,0.0,0.0,11407360,0,7,4,1,0,sleeping,3263,3237,0,200704,2079139,73520
2025-05-20 04:12:48,21267,2195652608,32911360,0.0,0.09861972883072596,0,13,0.67,0.35,0.0,0.0,0.0,11407360,0,7,4,1,0,sleeping,3267,3242,0,200704,2081088,73626
2025-05-20 04:12:50,21267,2195652608,32911360,0.0,0.09861972883072596,0,13,0.67,0.35,0.0,0.0,0.0,11407360,0,7,4,1,0,sleeping,3269,3244,0,200704,2083021,73686
2025-05-20 04:12:51,21267,2195652608,32911360,0.0,0.09861972883072596,0,13,0.67,0.35,0.0,0.0,0.0,11407360,0,7,4,1,0,sleeping,3271,3246,0,200704,2084954,73746
2025-05-20 04:12:52,21267,2195652608,32911360,0.0,0.09861972883072596,0,13,0.67,0.35,0.0,0.0,0.0,11407360,0,7,4,1,0,sleeping,3273,3248,0,200704,2086887,73806
2025-05-20 04:12:53,21267,2195652608,32911360,0.0,0.09861972883072596,0,13,0.67,0.35,0.0,0.0,0.0,11407360,0,7,4,1,0,sleeping,3276,3251,0,200704,2088828,73874
2025-05-20 04:12:54,21267,2195652608,32911360,0.0,0.09861972883072596,0,13,0.67,0.35,0.0,0.0,0.0,11407360,0,7,4,1,0,sleeping,3279,3254,0,200704,2090768,73942
2025-05-20 04:12:55,21267,2195652608,32911360,0.0,0.09861972883072596,0,13,0.67,0.35,0.0,0.0,0.0,11407360,0,6,4,1,0,sleeping,3282,3258,0,200704,2092708,74040
2025-05-20 04:12:56,21267,2195652608,32911360,0.0,0.09861972883072596,0,13,0.67,0.35,0.0,0.0,0.0,11407360,0,7,4,1,0,sleeping,3287,3262,0,200704,2096582,74138
2025-05-20 04:12:58,21267,2195652608,32911360,0.7,0.09861972883072596,0,13,0.68,0.35,0.0,0.0,0.0,11407360,0,7,4,1,0,sleeping,3289,3265,0,200704,2098515,74228
2025-05-20 04:12:59,21267,2195652608,32911360,0.0,0.09861972883072596,0,13,0.68,0.35,0.0,0.0,0.0,11407360,0,7,4,1,0,sleeping,3292,3268,0,200704,2100456,74296
2025-05-20 04:13:00,21267,2195652608,32911360,0.0,0.09861972883072596,0,13,0.68,0.35,0.0,0.0,0.0,11407360,0,7,4,1,0,sleeping,3295,3271,0,200704,2102397,74364
2025-05-20 04:13:01,21267,2195652608,32911360,0.0,0.09861972883072596,0,13,0.68,0.35,0.0,0.0,0.0,11407360,0,7,4,1,0,sleeping,3298,3274,0,200704,2104337,74432
2025-05-20 04:13:02,21267,2195652608,32911360,0.0,0.09861972883072596,0,13,0.68,0.35,0.0,0.0,0.0,11407360,0,7,4,1,0,sleeping,3304,3278,0,200704,2108218,74508
2025-05-20 04:13:03,21267,2195652608,32911360,0.0,0.09861972883072596,0,13,0.68,0.35,0.0,0.0,0.0,11407360,0,7,4,1,0,sleeping,3308,3283,0,204800,2110167,74614
2025-05-20 04:13:05,21267,2195652608,32911360,0.0,0.09861972883072596,0,13,0.68,0.35,0.0,0.0,0.0,11407360,0,7,4,1,0,sleeping,3312,3287,0,204800,2112116,74690
2025-05-20 04:13:06,21267,2195652608,32911360,0.0,0.09861972883072596,0,13,0.68,0.35,0.0,0.0,0.0,11407360,0,8,4,1,0,sleeping,3315,3290,0,208896,2114057,74758
2025-05-20 04:13:07,21267,2195652608,32911360,0.0,0.09861972883072596,0,13,0.68,0.35,0.0,0.0,0.0,11411456,0,8,4,1,0,sleeping,3317,3292,0,208896,2115985,74818
2025-05-20 04:13:08,21267,2195652608,32911360,0.0,0.09861972883072596,0,13,0.68,0.35,0.0,0.0,0.0,11411456,0,7,4,1,0,sleeping,3321,3296,0,208896,2117929,74894
2025-05-20 04:13:09,21267,2195652608,32911360,0.0,0.09861972883072596,0,13,0.68,0.35,0.0,0.0,0.0,11411456,0,7,4,1,0,sleeping,3324,3299,0,208896,2119865,74962
2025-05-20 04:13:10,21267,2195652608,32911360,0.0,0.09861972883072596,0,13,0.68,0.35,0.0,0.0,0.0,11411456,0,7,4,1,0,sleeping,3328,3303,0,208896,2121809,75038
2025-05-20 04:13:11,21267,2195652608,32911360,0.0,0.09861972883072596,0,13,0.68,0.35,0.0,0.0,0.0,11411456,0,7,4,1,0,sleeping,3331,3307,0,208896,2123745,75136
2025-05-20 04:13:12,21267,2195652608,32911360,0.0,0.09861972883072596,0,13,0.68,0.35,0.0,0.0,0.0,11411456,0,7,4,1,0,sleeping,3334,3310,0,208896,2125681,75204
2025-05-20 04:13:13,21267,2195652608,32911360,0.0,0.09861972883072596,0,13,0.68,0.35,0.0,0.0,0.0,11411456,0,7,4,1,0,sleeping,3337,3313,0,208896,2127622,75272
2025-05-20 04:13:14,21267,2195652608,32911360,0.0,0.09861972883072596,0,13,0.68,0.35,0.0,0.0,0.0,11411456,0,6,4,1,0,sleeping,3341,3316,0,208896,2131486,75362
2025-05-20 04:13:16,21267,2195652608,32911360,0.7,0.09861972883072596,0,13,0.69,0.35,0.0,0.0,0.0,11411456,0,7,4,1,0,sleeping,3343,3318,0,208896,2133419,75422
2025-05-20 04:13:17,21267,2195652608,32911360,0.0,0.09861972883072596,0,13,0.69,0.35,0.0,0.0,0.0,11411456,0,7,4,1,0,sleeping,3345,3321,0,208896,2135351,75512
2025-05-20 04:13:19,21267,2195652608,32911360,0.0,0.09861972883072596,0,13,0.69,0.35,0.0,0.0,0.0,11411456,0,6,4,1,0,sleeping,3350,3325,0,208896,2139224,75610
2025-05-20 04:13:20,21267,2195652608,32911360,0.0,0.09861972883072596,0,13,0.69,0.35,0.0,0.0,0.0,11411456,0,8,4,1,0,sleeping,3352,3327,0,208896,2141157,75670
2025-05-20 04:13:21,21267,2195652608,32911360,0.0,0.09861972883072596,0,13,0.69,0.35,0.0,0.0,0.0,11411456,0,8,4,1,0,sleeping,3354,3329,0,208896,2143090,75730
2025-05-20 04:13:22,21267,2195652608,32911360,0.0,0.09861972883072596,0,13,0.69,0.35,0.0,0.0,0.0,11411456,0,8,4,1,0,sleeping,3359,3334,0,208896,2145047,75814
2025-05-20 04:13:23,21267,2195652608,32911360,0.0,0.09861972883072596,0,13,0.69,0.35,0.0,0.0,0.0,11411456,0,7,4,1,0,sleeping,3362,3338,0,208896,2146988,75912
2025-05-20 04:13:24,21267,2195652608,32911360,0.0,0.09861972883072596,0,13,0.69,0.35,0.0,0.0,0.0,11411456,0,7,4,1,0,sleeping,3365,3341,0,208896,2148929,75980
2025-05-20 04:13:25,21267,2195652608,32911360,0.0,0.09861972883072596,0,13,0.69,0.35,0.0,0.0,0.0,11411456,0,7,4,1,0,sleeping,3368,3344,0,208896,2150870,76048
2025-05-20 04:13:26,21267,2195652608,32911360,0.9,0.09861972883072596,0,13,0.69,0.36,0.0,0.0,0.0,11411456,0,6,4,1,0,sleeping,3372,3348,0,208896,2152819,76124
2025-05-20 04:13:27,21267,2195652608,32911360,0.0,0.09861972883072596,0,13,0.69,0.36,0.0,0.0,0.0,11411456,0,7,4,1,0,sleeping,3376,3352,0,208896,2154767,76200
2025-05-20 04:13:28,21267,2195652608,32911360,0.0,0.09861972883072596,0,13,0.69,0.36,0.0,0.0,0.0,11411456,0,7,4,1,0,sleeping,3378,3354,0,208896,2156699,76260
2025-05-20 04:13:29,21267,2195652608,32911360,0.9,0.09861972883072596,0,13,0.7,0.36,0.0,0.0,0.0,11411456,0,7,4,1,0,sleeping,3381,3357,0,208896,2158640,76328
2025-05-20 04:13:31,21267,2195652608,32911360,0.0,0.09861972883072596,0,13,0.7,0.36,0.0,0.0,0.0,11411456,0,7,4,1,0,sleeping,3387,3362,0,208896,2162520,76434
2025-05-20 04:13:32,21267,2195652608,32911360,0.0,0.09861972883072596,0,13,0.7,0.36,0.0,0.0,0.0,11411456,0,7,4,1,0,sleeping,3390,3366,0,208896,2164461,76532
2025-05-20 04:13:33,21267,2195652608,32911360,0.0,0.09861972883072596,0,13,0.7,0.36,0.0,0.0,0.0,11411456,0,6,4,1,0,sleeping,3394,3369,0,208896,2168327,76622
2025-05-20 04:13:35,21267,2195652608,32911360,0.7,0.09861972883072596,0,13,0.71,0.36,0.0,0.0,0.0,11411456,0,7,4,1,0,sleeping,3396,3372,0,208896,2170260,76712
2025-05-20 04:13:36,21267,2195652608,32911360,0.0,0.09861972883072596,0,13,0.71,0.36,0.0,0.0,0.0,11411456,0,6,4,1,0,sleeping,3398,3374,0,212992,2172193,76772
2025-05-20 04:13:37,21267,2195652608,32911360,0.0,0.09861972883072596,0,13,0.71,0.36,0.0,0.0,0.0,11411456,0,6,4,1,0,sleeping,3401,3377,0,212992,2174134,76840
2025-05-20 04:13:38,21267,2195652608,32911360,0.0,0.09861972883072596,0,13,0.71,0.36,0.0,0.0,0.0,11411456,0,7,4,1,0,sleeping,3403,3379,0,212992,2176066,76900
2025-05-20 04:13:39,21267,2195652608,32911360,0.0,0.09861972883072596,0,13,0.71,0.36,0.0,0.0,0.0,11411456,0,7,4,1,0,sleeping,3407,3384,0,212992,2178014,77006
2025-05-20 04:13:41,21267,2195652608,32911360,0.0,0.09861972883072596,0,13,0.71,0.36,0.0,0.0,0.0,11411456,0,7,4,1,0,sleeping,3413,3388,0,212992,2181895,77082
2025-05-20 04:13:42,21267,2195652608,32911360,0.0,0.09861972883072596,0,13,0.71,0.36,0.0,0.0,0.0,11411456,0,7,4,1,0,sleeping,3415,3390,0,212992,2183827,77142
2025-05-20 04:13:43,21267,2195652608,32911360,0.0,0.09861972883072596,0,13,0.71,0.36,0.0,0.0,0.0,11411456,0,6,4,1,0,sleeping,3418,3393,0,212992,2185768,77210
2025-05-20 04:13:44,21267,2195652608,32911360,0.0,0.09861972883072596,0,13,0.71,0.36,0.0,0.0,0.0,11411456,0,6,4,1,0,sleeping,3420,3395,0,212992,2187696,77270
2025-05-20 04:13:45,21267,2195652608,32911360,0.0,0.09861972883072596,0,13,0.71,0.36,0.0,0.0,0.0,11411456,0,6,4,1,0,sleeping,3422,3397,0,212992,2189624,77330
2025-05-20 04:13:46,21267,2195652608,32911360,0.0,0.09861972883072596,0,13,0.71,0.36,0.0,0.0,0.0,11411456,0,7,4,1,0,sleeping,3424,3399,0,212992,2191552,77390
2025-05-20 04:13:47,21267,2195652608,32911360,0.0,0.09861972883072596,0,13,0.71,0.36,0.0,0.0,0.0,11411456,0,7,4,1,0,sleeping,3426,3402,0,212992,2193480,77480
2025-05-20 04:13:48,21267,2195652608,32911360,0.0,0.09861972883072596,0,13,0.71,0.36,0.0,0.0,0.0,11411456,0,7,4,1,0,sleeping,3428,3404,0,212992,2195408,77540
2025-05-20 04:13:49,21267,2195652608,32911360,0.0,0.09861972883072596,0,13,0.71,0.36,0.0,0.0,0.0,11411456,0,6,4,1,0,sleeping,3430,3406,0,212992,2197336,77600
2025-05-20 04:13:51,21267,2195652608,32911360,0.0,0.09861972883072596,0,13,0.71,0.36,0.0,0.0,0.0,11411456,0,8,4,1,0,sleeping,3435,3410,0,212992,2201198,77698
2025-05-20 04:13:52,21267,2195652608,32911360,0.7,0.09861972883072596,0,13,0.72,0.36,0.0,0.0,0.0,11411456,0,7,4,1,0,sleeping,3437,3413,0,212992,2203126,77788
2025-05-20 04:13:53,21267,2195652608,32911360,0.0,0.09861972883072596,0,13,0.72,0.36,0.0,0.0,0.0,11411456,0,7,4,1,0,sleeping,3440,3417,0,212992,2205062,77886
2025-05-20 04:13:55,21267,2195652608,32911360,0.0,0.09861972883072596,0,13,0.72,0.36,0.0,0.0,0.0,11411456,0,8,4,1,0,sleeping,3445,3420,0,212992,2208936,77954
2025-05-20 04:13:56,21267,2195652608,32911360,0.0,0.09861972883072596,0,13,0.72,0.36,0.0,0.0,0.0,11411456,0,8,4,1,0,sleeping,3447,3422,0,212992,2210869,78014
2025-05-20 04:13:57,21267,2195652608,32911360,0.0,0.09861972883072596,0,13,0.72,0.36,0.0,0.0,0.0,11411456,0,6,4,1,0,sleeping,3451,3426,0,212992,2212818,78090
2025-05-20 04:13:58,21267,2195652608,32911360,0.0,0.09861972883072596,0,13,0.72,0.36,0.0,0.0,0.0,11411456,0,6,4,1,0,sleeping,3454,3429,0,212992,2214758,78158
2025-05-20 04:13:59,21267,2195652608,32911360,0.0,0.09861972883072596,0,13,0.72,0.36,0.0,0.0,0.0,11411456,0,6,4,1,0,sleeping,3459,3434,0,212992,2216714,78242
2025-05-20 04:14:00,21267,2195652608,32911360,0.0,0.09861972883072596,0,13,0.72,0.36,0.0,0.0,0.0,11411456,0,6,4,1,0,sleeping,3464,3440,0,212992,2218671,78356
2025-05-20 04:14:01,21267,2195652608,32911360,0.0,0.09861972883072596,0,13,0.72,0.36,0.0,0.0,0.0,11411456,0,7,4,1,0,sleeping,3467,3443,0,212992,2220612,78424
2025-05-20 04:14:02,21267,2195652608,32911360,0.0,0.09861972883072596,0,13,0.72,0.36,0.0,0.0,0.0,11411456,0,7,4,1,0,sleeping,3472,3448,0,212992,2222569,78508
2025-05-20 04:14:03,21267,2195652608,32911360,0.0,0.09861972883072596,0,13,0.72,0.36,0.0,0.0,0.0,11411456,0,7,4,1,0,sleeping,3474,3450,0,212992,2224502,78568
2025-05-20 04:14:04,21267,2195652608,32911360,0.0,0.09861972883072596,0,13,0.72,0.36,0.0,0.0,0.0,11411456,0,7,4,1,0,sleeping,3479,3455,0,212992,2226459,78652
2025-05-20 04:14:05,21267,2195652608,32911360,0.0,0.09861972883072596,0,13,0.72,0.36,0.0,0.0,0.0,11411456,0,7,4,1,0,sleeping,3482,3458,0,212992,2228400,78720
2025-05-20 04:14:06,21267,2195652608,32911360,0.9,0.09861972883072596,0,13,0.72,0.37,0.0,0.0,0.0,11411456,0,7,4,1,0,sleeping,3485,3462,0,217088,2230340,78818
2025-05-20 04:14:08,21267,2195652608,32911360,0.0,0.09861972883072596,0,13,0.72,0.37,0.0,0.0,0.0,11411456,0,7,4,1,0,sleeping,3490,3465,0,217088,2234213,78886
2025-05-20 04:14:09,21267,2195652608,32911360,0.0,0.09861972883072596,0,13,0.72,0.37,0.0,0.0,0.0,11411456,0,7,4,1,0,sleeping,3492,3467,0,217088,2236146,78946
2025-05-20 04:14:10,21267,2195652608,32911360,0.7,0.09861972883072596,0,13,0.73,0.37,0.0,0.0,0.0,11411456,0,7,4,1,0,sleeping,3494,3470,0,217088,2238079,79036
2025-05-20 04:14:11,21267,2195652608,32911360,0.0,0.09861972883072596,0,13,0.73,0.37,0.0,0.0,0.0,11411456,0,7,4,1,0,sleeping,3497,3474,0,221184,2240020,79134
2025-05-20 04:14:13,21267,2195652608,32911360,0.0,0.09861972883072596,0,13,0.73,0.37,0.0,0.0,0.0,11411456,0,7,4,1,0,sleeping,3500,3477,0,221184,2241961,79202
2025-05-20 04:14:14,21267,2195652608,32911360,0.0,0.09861972883072596,0,13,0.73,0.37,0.0,0.0,0.0,11411456,0,7,4,1,0,sleeping,3505,3480,0,221184,2245835,79270
2025-05-20 04:14:15,21267,2195652608,32911360,0.0,0.09861972883072596,0,13,0.73,0.37,0.0,0.0,0.0,11411456,0,8,4,1,0,sleeping,3508,3483,0,221184,2247775,79338
2025-05-20 04:14:16,21267,2195652608,32911360,0.0,0.09861972883072596,0,13,0.73,0.37,0.0,0.0,0.0,11411456,0,8,4,1,0,sleeping,3513,3488,0,221184,2249731,79422
2025-05-20 04:14:17,21267,2195652608,32911360,0.0,0.09861972883072596,0,13,0.73,0.37,0.0,0.0,0.0,11411456,0,8,4,1,0,sleeping,3516,3491,0,221184,2251672,79490
2025-05-20 04:14:18,21267,2195652608,32911360,0.0,0.09861972883072596,0,13,0.73,0.37,0.0,0.0,0.0,11411456,0,8,4,1,0,sleeping,3520,3495,0,221184,2253620,79566
2025-05-20 04:14:19,21267,2195652608,32911360,0.0,0.09861972883072596,0,13,0.73,0.37,0.0,0.0,0.0,11411456,0,8,4,1,0,sleeping,3524,3500,0,221184,2255568,79672
2025-05-20 04:14:20,21267,2195652608,32911360,0.0,0.09861972883072596,0,13,0.73,0.37,0.0,0.0,0.0,11411456,0,7,4,1,0,sleeping,3527,3503,0,221184,2257509,79740
2025-05-20 04:14:21,21267,2195652608,32911360,0.0,0.09861972883072596,0,13,0.73,0.37,0.0,0.0,0.0,11411456,0,7,4,1,0,sleeping,3530,3506,0,221184,2259450,79808
2025-05-20 04:14:22,21267,2195652608,32911360,0.0,0.09861972883072596,0,13,0.73,0.37,0.0,0.0,0.0,11411456,0,6,4,1,0,sleeping,3532,3508,0,221184,2261383,79868
2025-05-20 04:14:23,21267,2195652608,32911360,0.0,0.09861972883072596,0,13,0.73,0.37,0.0,0.0,0.0,11411456,0,6,4,1,0,sleeping,3535,3511,0,221184,2263324,79936
2025-05-20 04:14:24,21267,2195652608,32911360,0.0,0.09861972883072596,0,13,0.73,0.37,0.0,0.0,0.0,11411456,0,6,4,1,0,sleeping,3537,3514,0,221184,2265257,80026
2025-05-20 04:14:26,21267,2195652608,32911360,0.8,0.09861972883072596,0,13,0.73,0.38,0.0,0.0,0.0,11411456,0,7,4,1,0,sleeping,3541,3516,0,221184,2269123,80086
2025-05-20 04:14:27,21267,2195652608,32911360,0.0,0.09861972883072596,0,13,0.73,0.38,0.0,0.0,0.0,11411456,0,7,4,1,0,sleeping,3544,3520,0,221184,2271064,80184
2025-05-20 04:14:28,21267,2195652608,32911360,0.0,0.09861972883072596,0,13,0.73,0.38,0.0,0.0,0.0,11411456,0,7,4,1,0,sleeping,3546,3522,0,221184,2272997,80244
2025-05-20 04:14:30,21267,2195652608,32911360,0.0,0.09861972883072596,0,13,0.73,0.38,0.0,0.0,0.0,11411456,0,7,4,1,0,sleeping,3548,3525,0,221184,2274930,80334
2025-05-20 04:14:31,21267,2195652608,32911360,0.0,0.09861972883072596,0,13,0.73,0.38,0.0,0.0,0.0,11411456,0,7,4,1,0,sleeping,3550,3527,0,221184,2276863,80394
2025-05-20 04:14:32,21267,2195652608,32911360,0.9,0.09861972883072596,0,13,0.74,0.38,0.0,0.0,0.0,11411456,0,7,4,1,0,sleeping,3555,3530,0,221184,2280737,80462
2025-05-20 04:14:33,21267,2195652608,32911360,0.0,0.09861972883072596,0,13,0.74,0.38,0.0,0.0,0.0,11411456,0,7,4,1,0,sleeping,3558,3533,0,221184,2282678,80530
2025-05-20 04:14:34,21267,2195652608,32911360,0.0,0.09861972883072596,0,13,0.74,0.38,0.0,0.0,0.0,11411456,0,7,4,1,0,sleeping,3561,3536,0,221184,2284619,80598
2025-05-20 04:14:35,21267,2195652608,32911360,0.0,0.09861972883072596,0,13,0.74,0.38,0.0,0.0,0.0,11411456,0,6,4,1,0,sleeping,3565,3540,0,221184,2286568,80674
2025-05-20 04:14:36,21267,2195652608,32911360,0.0,0.09861972883072596,0,13,0.74,0.38,0.0,0.0,0.0,11411456,0,6,4,1,0,sleeping,3567,3543,0,221184,2288501,80764
2025-05-20 04:14:37,21267,2195652608,32911360,0.0,0.09861972883072596,0,13,0.74,0.38,0.0,0.0,0.0,11411456,0,7,4,1,0,sleeping,3570,3546,0,225280,2290442,80832
2025-05-20 04:14:38,21267,2195652608,32911360,0.0,0.09861972883072596,0,13,0.74,0.38,0.0,0.0,0.0,11411456,0,7,4,1,0,sleeping,3572,3548,0,225280,2292375,80892
2025-05-20 04:14:39,21267,2195652608,32911360,0.0,0.09861972883072596,0,13,0.74,0.38,0.0,0.0,0.0,11411456,0,7,4,1,0,sleeping,3575,3551,0,225280,2294316,80960
2025-05-20 04:14:40,21267,2195652608,32911360,0.0,0.09861972883072596,0,13,0.74,0.38,0.0,0.0,0.0,11411456,0,7,4,1,0,sleeping,3578,3554,0,225280,2296257,81028
2025-05-20 04:14:41,21267,2195652608,32911360,0.0,0.09861972883072596,0,13,0.74,0.38,0.0,0.0,0.0,11411456,0,6,4,1,0,sleeping,3580,3556,0,225280,2298190,81088
2025-05-20 04:14:42,21267,2195652608,32911360,0.0,0.09861972883072596,0,13,0.74,0.38,0.0,0.0,0.0,11411456,0,7,4,1,0,sleeping,3583,3560,0,225280,2300131,81186
2025-05-20 04:14:44,21267,2195652608,32911360,0.0,0.09861972883072596,0,13,0.74,0.38,0.0,0.0,0.0,11411456,0,7,4,1,0,sleeping,3589,3564,0,225280,2304013,81262
2025-05-20 04:14:45,21267,2195652608,32911360,0.0,0.09861972883072596,0,13,0.74,0.38,0.0,0.0,0.0,11411456,0,7,4,1,0,sleeping,3592,3568,0,225280,2305954,81360
2025-05-20 04:14:46,21267,2195652608,32911360,1.6,0.09861972883072596,0,13,0.75,0.39,0.0,0.0,0.0,11415552,0,5,3,1,0,sleeping,3594,3571,0,225280,2307887,81450
2025-05-20 04:14:48,21267,2195652608,32911360,0.0,0.09861972883072596,0,13,0.75,0.39,0.0,0.0,0.0,11415552,0,6,4,1,0,sleeping,3597,3574,0,225280,2309828,81518
2025-05-20 04:14:49,21267,2195652608,32911360,0.0,0.09861972883072596,0,13,0.75,0.39,0.0,0.0,0.0,11415552,0,5,3,1,0,sleeping,3599,3576,0,225280,2311761,81578
2025-05-20 04:14:50,21267,2195652608,32911360,0.0,0.09861972883072596,0,13,0.75,0.39,0.0,0.0,0.0,11415552,0,5,3,1,0,sleeping,3606,3581,0,225280,2315651,81662
2025-05-20 04:14:51,21267,2195652608,32911360,0.0,0.09861972883072596,0,13,0.75,0.39,0.0,0.0,0.0,11415552,0,5,3,1,0,sleeping,3608,3583,0,225280,2317584,81722
2025-05-20 04:14:52,21267,2195652608,32911360,0.0,0.09861972883072596,0,13,0.75,0.39,0.0,0.0,0.0,11415552,0,5,3,1,0,sleeping,3612,3587,0,225280,2319533,81798
2025-05-20 04:14:53,21267,2195652608,32911360,0.0,0.09861972883072596,0,13,0.75,0.39,0.0,0.0,0.0,11415552,0,5,3,1,0,sleeping,3615,3590,0,225280,2321474,81866
2025-05-20 04:14:54,21267,2195652608,32911360,0.0,0.09861972883072596,0,13,0.75,0.39,0.0,0.0,0.0,11415552,0,5,3,1,0,sleeping,3619,3595,0,225280,2323423,81972
2025-05-20 04:14:55,21267,2195652608,32911360,0.0,0.09861972883072596,0,13,0.75,0.39,0.0,0.0,0.0,11415552,0,5,3,1,0,sleeping,3624,3600,0,225280,2325379,82056
2025-05-20 04:14:56,21267,2195652608,32911360,0.0,0.09861972883072596,0,13,0.75,0.39,0.0,0.0,0.0,11415552,0,5,3,1,0,sleeping,3628,3604,0,225280,2327326,82132
2025-05-20 04:14:57,21267,2195652608,32911360,0.0,0.09861972883072596,0,13,0.75,0.39,0.0,0.0,0.0,11415552,0,5,3,1,0,sleeping,3632,3608,0,225280,2329273,82208
2025-05-20 04:14:58,21267,2195652608,32911360,0.0,0.09861972883072596,0,13,0.75,0.39,0.0,0.0,0.0,11415552,0,5,3,1,0,sleeping,3635,3611,0,225280,2331213,82276
2025-05-20 04:14:59,21267,2195652608,32911360,0.0,0.09861972883072596,0,13,0.75,0.39,0.0,0.0,0.0,11415552,0,5,3,1,0,sleeping,3639,3615,0,225280,2333161,82352
2025-05-20 04:15:00,21267,2195652608,32911360,0.0,0.09861972883072596,0,13,0.75,0.39,0.0,0.0,0.0,11415552,0,5,3,1,0,sleeping,3643,3620,0,225280,2335109,82458
2025-05-20 04:15:02,21267,2195652608,32911360,0.9,0.09861972883072596,0,13,0.75,0.4,0.0,0.0,0.0,11415552,0,6,4,1,0,sleeping,3645,3622,0,225280,2337042,82518
2025-05-20 04:15:03,21267,2195652608,32911360,0.8,0.09861972883072596,0,13,0.76,0.4,0.0,0.0,0.0,11415552,0,6,4,1,0,sleeping,3649,3624,0,225280,2340908,82578
2025-05-20 04:15:04,21267,2195652608,32911360,0.0,0.09861972883072596,0,13,0.76,0.4,0.0,0.0,0.0,11415552,0,6,4,1,0,sleeping,3651,3627,0,225280,2342841,82668
2025-05-20 04:15:05,21267,2195652608,32911360,0.0,0.09861972883072596,0,13,0.76,0.4,0.0,0.0,0.0,11415552,0,5,3,1,0,sleeping,3654,3631,0,225280,2344782,82766
2025-05-20 04:15:07,21267,2195652608,32911360,0.0,0.09861972883072596,0,13,0.76,0.4,0.0,0.0,0.0,11415552,0,5,3,1,0,sleeping,3658,3634,0,225280,2348648,82856
2025-05-20 04:15:08,21267,2195652608,32911360,0.0,0.09861972883072596,0,13,0.76,0.4,0.0,0.0,0.0,11415552,0,6,4,1,0,sleeping,3660,3636,0,229376,2350581,82916
2025-05-20 04:15:09,21267,2195652608,32911360,0.0,0.09861972883072596,0,13,0.76,0.4,0.0,0.0,0.0,11415552,0,6,4,1,0,sleeping,3664,3640,0,229376,2352530,82992
2025-05-20 04:15:10,21267,2195652608,32911360,0.0,0.09861972883072596,0,13,0.76,0.4,0.0,0.0,0.0,11415552,0,5,3,1,0,sleeping,3667,3643,0,229376,2354471,83060
2025-05-20 04:15:11,21267,2195652608,32911360,0.0,0.09861972883072596,0,13,0.76,0.4,0.0,0.0,0.0,11415552,0,5,3,1,0,sleeping,3671,3647,0,229376,2356420,83136
2025-05-20 04:15:12,21267,2195652608,32911360,0.0,0.09861972883072596,0,13,0.76,0.4,0.0,0.0,0.0,11415552,0,5,3,1,0,sleeping,3674,3650,0,229376,2358361,83204
2025-05-20 04:15:13,21267,2195652608,32911360,0.0,0.09861972883072596,0,13,0.76,0.4,0.0,0.0,0.0,11415552,0,5,3,1,0,sleeping,3679,3656,0,229376,2360318,83318
2025-05-20 04:15:15,21267,2195652608,32911360,0.0,0.09861972883072596,0,13,0.76,0.4,0.0,0.0,0.0,11415552,0,6,3,1,0,sleeping,3682,3659,0,229376,2362259,83386
2025-05-20 04:15:16,21267,2195652608,32911360,0.0,0.09861972883072596,0,13,0.76,0.4,0.0,0.0,0.0,11415552,0,6,3,1,0,sleeping,3684,3661,0,229376,2364192,83446
2025-05-20 04:15:17,21267,2195652608,32911360,0.0,0.09861972883072596,0,13,0.76,0.4,0.0,0.0,0.0,11415552,0,6,3,1,0,sleeping,3686,3663,0,229376,2366125,83506
2025-05-20 04:15:18,21267,2195652608,32911360,0.0,0.09861972883072596,0,13,0.76,0.4,0.0,0.0,0.0,11415552,0,7,4,1,0,sleeping,3688,3665,0,229376,2368058,83566
2025-05-20 04:15:19,21267,2195652608,32911360,0.9,0.09861972883072596,0,13,0.77,0.4,0.0,0.0,0.0,11415552,0,6,3,1,0,sleeping,3693,3668,0,229376,2371932,83634
2025-05-20 04:15:20,21267,2195652608,32911360,0.0,0.09861972883072596,0,13,0.77,0.4,0.0,0.0,0.0,11415552,0,5,3,1,0,sleeping,3695,3671,0,233472,2373865,83724
2025-05-20 04:15:21,21267,2195652608,32911360,0.0,0.09861972883072596,0,13,0.77,0.4,0.0,0.0,0.0,11415552,0,5,3,1,0,sleeping,3698,3674,0,233472,2375806,83792
2025-05-20 04:15:23,21267,2195652608,32911360,0.7,0.09861972883072596,0,13,0.77,0.41,0.0,0.0,0.0,11415552,0,5,3,1,0,sleeping,3703,3678,0,233472,2379680,83890
2025-05-20 04:15:24,21267,2195652608,32911360,0.0,0.09861972883072596,0,13,0.77,0.41,0.0,0.0,0.0,11415552,0,5,3,1,0,sleeping,3705,3681,0,233472,2381613,83980
2025-05-20 04:15:25,21267,2195652608,32911360,0.0,0.09861972883072596,0,13,0.77,0.41,0.0,0.0,0.0,11415552,0,5,3,1,0,sleeping,3709,3685,0,233472,2383562,84056
2025-05-20 04:15:26,21267,2195652608,32911360,0.0,0.09861972883072596,0,13,0.77,0.41,0.0,0.0,0.0,11415552,0,6,4,1,0,sleeping,3714,3690,0,233472,2385519,84140
2025-05-20 04:15:27,21267,2195652608,32911360,0.0,0.09861972883072596,0,13,0.77,0.41,0.0,0.0,0.0,11415552,0,6,4,1,0,sleeping,3717,3693,0,233472,2387460,84208
2025-05-20 04:15:28,21267,2195652608,32911360,0.0,0.09861972883072596,0,13,0.77,0.41,0.0,0.0,0.0,11415552,0,6,4,1,0,sleeping,3722,3698,0,233472,2389417,84292
2025-05-20 04:15:29,21267,2195652608,32911360,0.0,0.09861972883072596,0,13,0.77,0.41,0.0,0.0,0.0,11415552,0,6,4,1,0,sleeping,3727,3703,0,233472,2391374,84376
2025-05-20 04:15:30,21267,2195652608,32911360,0.0,0.09861972883072596,0,13,0.77,0.41,0.0,0.0,0.0,11415552,0,5,3,1,0,sleeping,3731,3708,0,233472,2393323,84482
2025-05-20 04:15:32,21267,2195652608,32911360,0.0,0.09861972883072596,0,13,0.77,0.41,0.0,0.0,0.0,11415552,0,5,3,1,0,sleeping,3734,3711,0,233472,2395264,84550
2025-05-20 04:15:33,21267,2195652608,32911360,0.0,0.09861972883072596,0,13,0.77,0.41,0.0,0.0,0.0,11415552,0,5,3,1,0,sleeping,3737,3714,0,233472,2397205,84618
2025-05-20 04:15:34,21267,2195652608,32911360,0.0,0.09861972883072596,0,13,0.77,0.41,0.0,0.0,0.0,11415552,0,5,3,1,0,sleeping,3741,3718,0,233472,2399154,84694
2025-05-20 04:15:35,21267,2195652608,32911360,0.0,0.09861972883072596,0,13,0.77,0.41,0.0,0.0,0.0,11415552,0,5,3,1,0,sleeping,3744,3721,0,233472,2401095,84762
2025-05-20 04:15:36,21267,2195652608,32911360,0.0,0.09861972883072596,0,13,0.77,0.41,0.0,0.0,0.0,11415552,0,5,3,1,0,sleeping,3748,3724,0,233472,2404961,84852
2025-05-20 04:15:37,21267,2195652608,32911360,0.0,0.09861972883072596,0,13,0.77,0.41,0.0,0.0,0.0,11415552,0,5,3,1,0,sleeping,3751,3727,0,233472,2406902,84920
2025-05-20 04:15:38,21267,2195652608,32911360,0.7,0.09861972883072596,0,13,0.78,0.41,0.0,0.0,0.0,11415552,0,5,3,1,0,sleeping,3754,3731,0,233472,2408843,85018
2025-05-20 04:15:40,21267,2195652608,32911360,0.0,0.09861972883072596,0,13,0.78,0.41,0.0,0.0,0.0,11415552,0,5,3,1,0,sleeping,3759,3734,0,233472,2412717,85086
2025-05-20 04:15:41,21267,2195652608,32911360,0.0,0.09861972883072596,0,13,0.78,0.41,0.0,0.0,0.0,11415552,0,5,3,1,0,sleeping,3762,3738,0,237568,2414658,85184
2025-05-20 04:15:42,21267,2195652608,32911360,0.0,0.09861972883072596,0,13,0.78,0.41,0.0,0.0,0.0,11415552,0,5,3,1,0,sleeping,3766,3742,0,237568,2416607,85260
2025-05-20 04:15:43,21267,2195652608,32911360,0.0,0.09861972883072596,0,13,0.78,0.41,0.0,0.0,0.0,11415552,0,5,3,1,0,sleeping,3769,3745,0,237568,2418548,85328
2025-05-20 04:15:44,21267,2195652608,32911360,0.0,0.09861972883072596,0,13,0.78,0.41,0.0,0.0,0.0,11415552,0,5,3,1,0,sleeping,3772,3748,0,237568,2420489,85396
2025-05-20 04:15:45,21267,2195652608,32911360,0.0,0.09861972883072596,0,13,0.78,0.41,0.0,0.0,0.0,11415552,0,5,3,1,0,sleeping,3775,3751,0,237568,2422430,85464
2025-05-20 04:15:46,21267,2195652608,32911360,0.0,0.09861972883072596,0,13,0.78,0.41,0.0,0.0,0.0,11415552,0,5,3,1,0,sleeping,3778,3754,0,237568,2424371,85532
2025-05-20 04:15:47,21267,2195652608,32911360,0.0,0.09861972883072596,0,13,0.78,0.41,0.0,0.0,0.0,11415552,0,5,3,1,0,sleeping,3780,3756,0,237568,2426304,85592
2025-05-20 04:15:49,21267,2195652608,32911360,0.0,0.09861972883072596,0,13,0.78,0.41,0.0,0.0,0.0,11415552,0,5,3,1,0,sleeping,3783,3760,0,237568,2428245,85690
2025-05-20 04:15:50,21267,2195652608,32911360,0.0,0.09861972883072596,0,13,0.78,0.41,0.0,0.0,0.0,11415552,0,5,3,1,0,sleeping,3785,3762,0,237568,2430178,85750
2025-05-20 04:15:51,21267,2195652608,32911360,0.0,0.09861972883072596,0,13,0.78,0.41,0.0,0.0,0.0,11415552,0,5,3,1,0,sleeping,3788,3765,0,237568,2432118,85818
2025-05-20 04:15:52,21267,2195652608,32911360,0.0,0.09861972883072596,0,13,0.78,0.41,0.0,0.0,0.0,11415552,0,5,3,1,0,sleeping,3791,3768,0,237568,2434058,85886
2025-05-20 04:15:53,21267,2195652608,32911360,0.0,0.09861972883072596,0,13,0.78,0.41,0.0,0.0,0.0,11415552,0,5,3,1,0,sleeping,3796,3771,0,237568,2437931,85954
2025-05-20 04:15:54,21267,2195652608,32911360,0.0,0.09861972883072596,0,13,0.78,0.41,0.0,0.0,0.0,11415552,0,5,3,1,0,sleeping,3798,3774,0,237568,2439863,86044
2025-05-20 04:15:55,21267,2195652608,32911360,0.7,0.09861972883072596,0,13,0.79,0.41,0.0,0.0,0.0,11415552,0,5,3,1,0,sleeping,3801,3778,0,237568,2441804,86142
2025-05-20 04:15:57,21267,2195652608,32911360,0.7,0.09861972883072596,0,13,0.79,0.42,0.0,0.0,0.0,11415552,0,6,3,1,0,sleeping,3807,3783,0,237568,2445686,86248
2025-05-20 04:15:58,21267,2195652608,32911360,0.0,0.09861972883072596,0,13,0.79,0.42,0.0,0.0,0.0,11415552,0,6,3,1,0,sleeping,3809,3785,0,237568,2447619,86308
2025-05-20 04:15:59,21267,2195652608,32911360,0.0,0.09861972883072596,0,13,0.79,0.42,0.0,0.0,0.0,11415552,0,5,3,1,0,sleeping,3812,3788,0,237568,2449560,86376
2025-05-20 04:16:00,21267,2195652608,32911360,0.0,0.09861972883072596,0,13,0.79,0.42,0.0,0.0,0.0,11415552,0,5,3,1,0,sleeping,3816,3792,0,237568,2451509,86452
2025-05-20 04:16:01,21267,2195652608,32911360,0.0,0.09861972883072596,0,13,0.79,0.42,0.0,0.0,0.0,11415552,0,5,3,1,0,sleeping,3820,3796,0,237568,2453458,86528
2025-05-20 04:16:02,21267,2195652608,32911360,0.0,0.09861972883072596,0,13,0.79,0.42,0.0,0.0,0.0,11415552,0,5,3,1,0,sleeping,3824,3801,0,237568,2455407,86634
2025-05-20 04:16:04,21267,2195652608,32911360,0.0,0.09861972883072596,0,13,0.79,0.42,0.0,0.0,0.0,11415552,0,5,3,1,0,sleeping,3829,3806,0,237568,2457364,86718
2025-05-20 04:16:05,21267,2195652608,32911360,0.0,0.09861972883072596,0,13,0.79,0.42,0.0,0.0,0.0,11415552,0,5,3,1,0,sleeping,3832,3809,0,237568,2459305,86786
2025-05-20 04:16:06,21267,2195652608,32911360,0.0,0.09861972883072596,0,13,0.79,0.42,0.0,0.0,0.0,11415552,0,6,4,1,0,sleeping,3835,3812,0,237568,2461246,86854
2025-05-20 04:16:07,21267,2195652608,32911360,0.0,0.09861972883072596,0,13,0.79,0.42,0.0,0.0,0.0,11415552,0,6,4,1,0,sleeping,3838,3815,0,237568,2463187,86922
2025-05-20 04:16:08,21267,2195652608,32911360,0.0,0.09861972883072596,0,13,0.79,0.42,0.0,0.0,0.0,11415552,0,6,4,1,0,sleeping,3842,3819,0,237568,2465136,86998
2025-05-20 04:16:09,21267,2195652608,32911360,0.0,0.09861972883072596,0,13,0.79,0.42,0.0,0.0,0.0,11415552,0,7,4,1,0,sleeping,3844,3821,0,237568,2467069,87058
2025-05-20 04:16:10,21267,2195652608,32911360,0.0,0.09861972883072596,0,13,0.79,0.42,0.0,0.0,0.0,11415552,0,7,4,1,0,sleeping,3848,3824,0,237568,2470935,87148
2025-05-20 04:16:11,21267,2195652608,32911360,0.0,0.09861972883072596,0,13,0.79,0.42,0.0,0.0,0.0,11415552,0,7,4,1,0,sleeping,3851,3827,0,241664,2472876,87216
2025-05-20 04:16:12,21267,2195652608,32911360,0.0,0.09861972883072596,0,13,0.79,0.42,0.0,0.0,0.0,11415552,0,6,4,1,0,sleeping,3854,3831,0,241664,2474817,87314
2025-05-20 04:16:14,21267,2195652608,32911360,0.8,0.09861972883072596,0,13,0.8,0.42,0.0,0.0,0.0,11415552,0,6,4,1,0,sleeping,3859,3835,0,241664,2478691,87412
2025-05-20 04:16:15,21267,2195652608,32911360,0.0,0.09861972883072596,0,13,0.8,0.42,0.0,0.0,0.0,11415552,0,6,4,1,0,sleeping,3861,3837,0,241664,2480624,87472
2025-05-20 04:16:16,21267,2195652608,32911360,0.0,0.09861972883072596,0,13,0.8,0.42,0.0,0.0,0.0,11415552,0,6,4,1,0,sleeping,3864,3840,0,241664,2482565,87540
2025-05-20 04:16:17,21267,2195652608,32911360,0.0,0.09861972883072596,0,13,0.8,0.42,0.0,0.0,0.0,11415552,0,7,4,1,0,sleeping,3867,3843,0,241664,2484506,87608
2025-05-20 04:16:18,21267,2195652608,32911360,0.0,0.09861972883072596,0,13,0.8,0.42,0.0,0.0,0.0,11415552,0,7,4,1,0,sleeping,3869,3845,0,241664,2486439,87668
2025-05-20 04:16:19,21267,2195652608,32911360,0.0,0.09861972883072596,0,13,0.8,0.42,0.0,0.0,0.0,11415552,0,6,4,1,0,sleeping,3872,3848,0,241664,2488380,87736
2025-05-20 04:16:20,21267,2195652608,32911360,0.0,0.09861972883072596,0,13,0.8,0.42,0.0,0.0,0.0,11415552,0,5,4,1,0,sleeping,3876,3853,0,241664,2490329,87842
2025-05-20 04:16:22,21267,2195652608,32911360,0.0,0.09861972883072596,0,13,0.8,0.42,0.0,0.0,0.0,11415552,0,6,4,1,0,sleeping,3879,3856,0,241664,2492270,87910
2025-05-20 04:16:23,21267,2195652608,32911360,0.9,0.09861972883072596,0,13,0.8,0.43,0.0,0.0,0.0,11415552,0,6,4,1,0,sleeping,3883,3860,0,241664,2494219,87986
2025-05-20 04:16:24,21267,2195652608,32911360,0.0,0.09861972883072596,0,13,0.8,0.43,0.0,0.0,0.0,11415552,0,6,4,1,0,sleeping,3886,3863,0,241664,2496160,88054
2025-05-20 04:16:25,21267,2195652608,32911360,0.0,0.09861972883072596,0,13,0.8,0.43,0.0,0.0,0.0,11415552,0,6,4,1,0,sleeping,3889,3866,0,241664,2498101,88122
2025-05-20 04:16:26,21267,2195652608,32911360,0.0,0.09861972883072596,0,13,0.8,0.43,0.0,0.0,0.0,11415552,0,6,4,1,0,sleeping,3893,3870,0,241664,2500050,88198
2025-05-20 04:16:27,21267,2195652608,32911360,0.0,0.09861972883072596,0,13,0.8,0.43,0.0,0.0,0.0,11415552,0,6,4,1,0,sleeping,3899,3875,0,241664,2503932,88304
2025-05-20 04:16:28,21267,2195652608,32911360,0.0,0.09861972883072596,0,13,0.8,0.43,0.0,0.0,0.0,11415552,0,6,4,1,0,sleeping,3903,3879,0,245760,2505881,88380
2025-05-20 04:16:30,21267,2195652608,32911360,0.0,0.09861972883072596,0,13,0.8,0.43,0.0,0.0,0.0,11415552,0,6,4,1,0,sleeping,3907,3884,0,245760,2507830,88486
2025-05-20 04:16:31,21267,2195652608,32911360,0.0,0.09861972883072596,0,13,0.8,0.43,0.0,0.0,0.0,11415552,0,5,3,1,0,sleeping,3910,3888,0,245760,2509771,88584
2025-05-20 04:16:32,21267,2195652608,32911360,0.0,0.09861972883072596,0,13,0.8,0.43,0.0,0.0,0.0,11415552,0,5,3,1,0,sleeping,3915,3891,0,245760,2513640,88652
2025-05-20 04:16:33,21267,2195652608,32911360,0.0,0.09861972883072596,0,13,0.8,0.43,0.0,0.0,0.0,11415552,0,5,3,1,0,sleeping,3918,3894,0,245760,2515576,88720
2025-05-20 04:16:34,21267,2195652608,32911360,0.0,0.09861972883072596,0,13,0.8,0.43,0.0,0.0,0.0,11415552,0,5,3,1,0,sleeping,3922,3898,0,245760,2517520,88796
2025-05-20 04:16:35,21267,2195652608,32911360,0.0,0.09861972883072596,0,13,0.8,0.43,0.0,0.0,0.0,11415552,0,6,4,1,0,sleeping,3924,3900,0,245760,2519448,88856
2025-05-20 04:16:36,21267,2195652608,32911360,0.0,0.09861972883072596,0,13,0.8,0.43,0.0,0.0,0.0,11415552,0,6,4,1,0,sleeping,3927,3903,0,245760,2521384,88924
2025-05-20 04:16:37,21267,2195652608,32911360,0.9,0.09861972883072596,0,13,0.81,0.43,0.0,0.0,0.0,11415552,0,6,4,1,0,sleeping,3930,3906,0,245760,2523320,88992
2025-05-20 04:16:38,21267,2195652608,32911360,0.0,0.09861972883072596,0,13,0.81,0.43,0.0,0.0,0.0,11415552,0,6,4,1,0,sleeping,3935,3912,0,245760,2525272,89106
2025-05-20 04:16:40,21267,2195652608,32911360,0.0,0.09861972883072596,0,13,0.81,0.43,0.0,0.0,0.0,11415552,0,6,4,1,0,sleeping,3938,3915,0,245760,2527208,89174
2025-05-20 04:16:41,21267,2195652608,32911360,0.0,0.09861972883072596,0,13,0.81,0.43,0.0,0.0,0.0,11415552,0,6,4,1,0,sleeping,3941,3918,0,245760,2529144,89242
2025-05-20 04:16:42,21267,2195652608,32911360,0.0,0.09861972883072596,0,13,0.81,0.43,0.0,0.0,0.0,11415552,0,6,4,1,0,sleeping,3945,3922,0,245760,2531088,89318
2025-05-20 04:16:43,21267,2195652608,32911360,0.0,0.09861972883072596,0,13,0.81,0.43,0.0,0.0,0.0,11415552,0,6,4,1,0,sleeping,3948,3925,0,249856,2533024,89386
2025-05-20 04:16:44,21267,2195652608,32911360,0.0,0.09861972883072596,0,13,0.81,0.43,0.0,0.0,0.0,11415552,0,6,4,1,0,sleeping,3955,3931,0,249856,2536904,89500
2025-05-20 04:16:45,21267,2195652608,32911360,0.0,0.09861972883072596,0,13,0.81,0.43,0.0,0.0,0.0,11415552,0,6,4,1,0,sleeping,3959,3935,0,249856,2538848,89576
2025-05-20 04:16:47,21267,2195652608,32911360,0.0,0.09861972883072596,0,13,0.81,0.43,0.0,0.0,0.0,11415552,0,6,4,1,0,sleeping,3964,3941,0,249856,2540800,89690
2025-05-20 04:16:48,21267,2195652608,32911360,0.0,0.09861972883072596,0,13,0.81,0.43,0.0,0.0,0.0,11415552,0,6,4,1,0,sleeping,3968,3945,0,249856,2542744,89766
2025-05-20 04:16:49,21267,2195652608,32911360,0.0,0.09861972883072596,0,13,0.81,0.43,0.0,0.0,0.0,11415552,0,7,4,1,0,sleeping,3972,3950,0,249856,2544688,89872
2025-05-20 04:16:50,21267,2195652608,32911360,0.0,0.09861972883072596,0,13,0.81,0.43,0.0,0.0,0.0,11415552,0,7,4,1,0,sleeping,3976,3952,0,249856,2548544,89932
2025-05-20 04:16:51,21267,2195652608,32911360,0.9,0.09861972883072596,0,13,0.82,0.43,0.0,0.0,0.0,11415552,0,7,4,1,0,sleeping,3979,3955,0,249856,2550480,90000
2025-05-20 04:16:52,21267,2195652608,32911360,0.9,0.09861972883072596,0,13,0.82,0.44,0.0,0.0,0.0,11415552,0,6,4,1,0,sleeping,3983,3959,0,249856,2552424,90076
2025-05-20 04:16:53,21267,2195652608,32911360,0.0,0.09861972883072596,0,13,0.82,0.44,0.0,0.0,0.0,11415552,0,7,4,1,0,sleeping,3986,3962,0,249856,2554360,90144
2025-05-20 04:16:54,21267,2195652608,32911360,0.0,0.09861972883072596,0,13,0.82,0.44,0.0,0.0,0.0,11415552,0,6,4,1,0,sleeping,3989,3965,0,249856,2556296,90212
2025-05-20 04:16:55,21267,2195652608,32911360,0.0,0.09861972883072596,0,13,0.82,0.44,0.0,0.0,0.0,11415552,0,6,4,1,0,sleeping,3992,3968,0,249856,2558232,90280
2025-05-20 04:16:56,21267,2195652608,32911360,0.0,0.09861972883072596,0,13,0.82,0.44,0.0,0.0,0.0,11415552,0,6,4,1,0,sleeping,3996,3973,0,249856,2560176,90386
2025-05-20 04:16:58,21267,2195652608,32911360,0.0,0.09861972883072596,0,13,0.82,0.44,0.0,0.0,0.0,11415552,0,6,4,1,0,sleeping,3999,3976,0,249856,2562112,90454
2025-05-20 04:16:59,21267,2195652608,32911360,0.0,0.09861972883072596,0,13,0.82,0.44,0.0,0.0,0.0,11415552,0,6,4,1,0,sleeping,4002,3979,0,249856,2564048,90522
2025-05-20 04:17:00,21267,2195652608,32911360,0.0,0.09861972883072596,0,13,0.82,0.44,0.0,0.0,0.0,11415552,0,6,4,1,0,sleeping,4006,3983,0,249856,2565992,90598
2025-05-20 04:17:01,21267,2195652608,32911360,0.0,0.09861972883072596,0,13,0.82,0.44,0.0,0.0,0.0,11415552,0,6,4,1,0,sleeping,4013,3989,0,249856,2569872,90712
2025-05-20 04:17:02,21267,2195652608,32911360,0.0,0.09861972883072596,0,13,0.82,0.44,0.0,0.0,0.0,11415552,0,5,3,1,0,sleeping,4018,3995,0,249856,2571824,90826
2025-05-20 04:17:04,21267,2195652608,32911360,0.0,0.09861972883072596,0,13,0.82,0.44,0.0,0.0,0.0,11415552,0,5,3,1,0,sleeping,4022,4000,0,249856,2573768,90932
2025-05-20 04:17:05,21267,2195652608,32911360,0.8,0.09861972883072596,0,13,0.82,0.45,0.0,0.0,0.0,11415552,0,6,4,1,0,sleeping,4027,4003,0,249856,2577632,91000
2025-05-20 04:17:06,21267,2195652608,32911360,0.0,0.09861972883072596,0,13,0.82,0.45,0.0,0.0,0.0,11415552,0,6,4,1,0,sleeping,4032,4008,0,249856,2579584,91084
2025-05-20 04:17:07,21267,2195652608,32911360,0.0,0.09861972883072596,0,13,0.82,0.45,0.0,0.0,0.0,11415552,0,6,4,1,0,sleeping,4036,4013,0,249856,2581531,91190
2025-05-20 04:17:09,21267,2195652608,32911360,0.0,0.09861972883072596,0,13,0.82,0.45,0.0,0.0,0.0,11415552,0,6,4,1,0,sleeping,4040,4017,0,249856,2583478,91266
2025-05-20 04:17:10,21267,2195652608,32911360,0.0,0.09861972883072596,0,13,0.82,0.45,0.0,0.0,0.0,11415552,0,6,4,1,0,sleeping,4042,4019,0,249856,2585410,91326
2025-05-20 04:17:11,21267,2195652608,32911360,0.0,0.09861972883072596,0,13,0.82,0.45,0.0,0.0,0.0,11415552,0,6,4,1,0,sleeping,4045,4022,0,249856,2587350,91394
2025-05-20 04:17:12,21267,2195652608,32911360,0.0,0.09861972883072596,0,13,0.82,0.45,0.0,0.0,0.0,11415552,0,6,4,1,0,sleeping,4048,4025,0,249856,2589290,91462
2025-05-20 04:17:13,21267,2195652608,32911360,0.9,0.09861972883072596,0,13,0.83,0.45,0.0,0.0,0.0,11415552,0,5,4,1,0,sleeping,4051,4028,0,253952,2591230,91530
2025-05-20 04:17:14,21267,2195652608,32911360,0.0,0.09861972883072596,0,13,0.83,0.45,0.0,0.0,0.0,11415552,0,6,4,1,0,sleeping,4054,4031,0,253952,2593170,91598
2025-05-20 04:17:15,21267,2195652608,32911360,0.0,0.09861972883072596,0,13,0.83,0.45,0.0,0.0,0.0,11415552,0,6,4,1,0,sleeping,4056,4034,0,253952,2595102,91688
2025-05-20 04:17:16,21267,2195652608,32911360,0.0,0.09861972883072596,0,13,0.83,0.45,0.0,0.0,0.0,11415552,0,5,4,1,0,sleeping,4059,4037,0,253952,2597041,91756
2025-05-20 04:17:17,21267,2195652608,32911360,0.0,0.09861972883072596,0,13,0.83,0.45,0.0,0.0,0.0,11415552,0,5,4,1,0,sleeping,4065,4041,0,253952,2600920,91832
2025-05-20 04:17:18,21267,2195652608,32911360,0.0,0.09861972883072596,0,13,0.83,0.45,0.0,0.0,0.0,11415552,0,5,3,1,0,sleeping,4069,4046,0,253952,2602868,91938
2025-05-20 04:17:20,21267,2195652608,32911360,0.0,0.09861972883072596,0,13,0.83,0.45,0.0,0.0,0.0,11415552,0,6,4,1,0,sleeping,4072,4049,0,253952,2604808,92006
2025-05-20 04:17:21,21267,2195652608,32911360,0.0,0.09861972883072596,0,13,0.83,0.45,0.0,0.0,0.0,11415552,0,6,4,1,0,sleeping,4077,4055,0,253952,2606764,92120
2025-05-20 04:17:22,21267,2195652608,32911360,0.0,0.09861972883072596,0,13,0.83,0.45,0.0,0.0,0.0,11415552,0,6,3,1,0,sleeping,4082,4058,0,253952,2610636,92188
2025-05-20 04:17:23,21267,2195652608,32911360,0.0,0.09861972883072596,0,13,0.83,0.45,0.0,0.0,0.0,11415552,0,6,4,1,0,sleeping,4084,4060,0,253952,2612568,92248
2025-05-20 04:17:24,21267,2195652608,32911360,0.0,0.09861972883072596,0,13,0.83,0.45,0.0,0.0,0.0,11415552,0,6,4,1,0,sleeping,4087,4063,0,253952,2614509,92316
2025-05-20 04:17:26,21267,2195652608,32911360,0.0,0.09861972883072596,0,13,0.83,0.45,0.0,0.0,0.0,11415552,0,7,4,1,0,sleeping,4090,4067,0,253952,2616450,92414
2025-05-20 04:17:27,21267,2195652608,32911360,0.0,0.09861972883072596,0,13,0.83,0.45,0.0,0.0,0.0,11415552,0,7,4,1,0,sleeping,4093,4070,0,253952,2618391,92482
2025-05-20 04:17:28,21267,2195652608,32911360,0.0,0.09861972883072596,0,13,0.83,0.45,0.0,0.0,0.0,11415552,0,7,4,1,0,sleeping,4096,4073,0,253952,2620332,92550
2025-05-20 04:17:29,21267,2195652608,32911360,0.0,0.09861972883072596,0,13,0.83,0.45,0.0,0.0,0.0,11415552,0,7,4,1,0,sleeping,4100,4077,0,253952,2622281,92626
2025-05-20 04:17:30,21267,2195652608,32911360,0.0,0.09861972883072596,0,13,0.83,0.45,0.0,0.0,0.0,11415552,0,7,4,1,0,sleeping,4104,4081,0,253952,2624230,92702
2025-05-20 04:17:31,21267,2195652608,32911360,0.9,0.09861972883072596,0,13,0.83,0.46,0.0,0.0,0.0,11415552,0,7,4,1,0,sleeping,4107,4084,0,253952,2626171,92770
2025-05-20 04:17:32,21267,2195652608,32911360,0.0,0.09861972883072596,0,13,0.83,0.46,0.0,0.0,0.0,11415552,0,7,4,1,0,sleeping,4110,4087,0,253952,2628112,92838
2025-05-20 04:17:33,21267,2195652608,32911360,0.0,0.09861972883072596,0,13,0.83,0.46,0.0,0.0,0.0,11415552,0,6,3,1,0,sleeping,4113,4091,0,253952,2630053,92936
2025-05-20 04:17:34,21267,2195652608,32911360,0.0,0.09861972883072596,0,13,0.83,0.46,0.0,0.0,0.0,11415552,0,7,4,1,0,sleeping,4116,4094,0,253952,2631994,93004
2025-05-20 04:17:35,21267,2195652608,32911360,0.0,0.09861972883072596,0,13,0.83,0.46,0.0,0.0,0.0,11415552,0,6,4,1,0,sleeping,4118,4096,0,253952,2633927,93064
2025-05-20 04:17:36,21267,2195652608,32911360,0.0,0.09861972883072596,0,13,0.83,0.46,0.0,0.0,0.0,11415552,0,6,4,1,0,sleeping,4124,4100,0,258048,2637809,93140
2025-05-20 04:17:37,21267,2195652608,32911360,0.0,0.09861972883072596,0,13,0.83,0.46,0.0,0.0,0.0,11415552,0,5,3,1,0,sleeping,4127,4104,0,258048,2639750,93238
2025-05-20 04:17:39,21267,2195652608,32911360,0.0,0.09861972883072596,0,13,0.83,0.46,0.0,0.0,0.0,11415552,0,6,4,1,0,sleeping,4131,4108,0,258048,2641699,93314
2025-05-20 04:17:40,21267,2195652608,32911360,0.7,0.09861972883072596,0,13,0.84,0.46,0.0,0.0,0.0,11415552,0,6,4,1,0,sleeping,4136,4114,0,258048,2643656,93428
2025-05-20 04:17:41,21267,2195652608,32911360,0.0,0.09861972883072596,0,13,0.84,0.46,0.0,0.0,0.0,11415552,0,5,3,1,0,sleeping,4141,4118,0,258048,2647530,93526
2025-05-20 04:17:43,21267,2195652608,32911360,0.0,0.09861972883072596,0,13,0.84,0.46,0.0,0.0,0.0,11415552,0,5,3,1,0,sleeping,4144,4121,0,258048,2649471,93594
2025-05-20 04:17:44,21267,2195652608,32911360,0.0,0.09861972883072596,0,13,0.84,0.46,0.0,0.0,0.0,11415552,0,5,3,1,0,sleeping,4147,4124,0,262144,2651413,93662
2025-05-20 04:17:45,21267,2195652608,32911360,0.0,0.09861972883072596,0,13,0.84,0.46,0.0,0.0,0.0,11415552,0,7,4,1,0,sleeping,4152,4127,0,262144,2653361,93730
