Time,PID,Virt,Res,CPU,Memory,TCP Connections,Thread Count,User,System,Children_User,Children_System,IO,uss,swap,processor_num,core_num,cpu_num,cpu_ids,process_status,read_count,write_count,read_bytes,write_bytes,read_chars,write_chars
2025-05-20 04:38:39,23312,2194735104,30789632,0.0,0.0922619168164987,0,13,0.0,0.01,0.0,0.0,0.0,26210304,0,7,4,1,0,sleeping,43,10,1724416,4096,13612,5288
2025-05-20 04:38:40,23312,2194735104,30789632,0.0,0.0922619168164987,0,13,0.0,0.01,0.0,0.0,0.0,10178560,0,8,4,1,0,sleeping,67,22,1724416,8192,15146,6726
2025-05-20 04:38:41,23312,2194735104,30789632,0.0,0.0922619168164987,0,13,0.0,0.01,0.0,0.0,0.0,10178560,0,7,4,1,0,sleeping,89,33,1724416,8192,16215,7707
2025-05-20 04:38:42,23312,2194735104,30789632,0.0,0.0922619168164987,0,13,0.0,0.01,0.0,0.0,0.0,10178560,0,7,4,1,0,sleeping,91,34,1724416,8192,16302,7786
2025-05-20 04:38:44,23312,2194735104,30789632,0.0,0.0922619168164987,0,13,0.0,0.01,0.0,0.0,0.0,10178560,0,7,4,1,0,sleeping,91,34,1724416,8192,16302,7786
2025-05-20 04:38:45,23312,2194735104,30789632,0.0,0.0922619168164987,0,13,0.0,0.01,0.0,0.0,0.0,10178560,0,7,4,1,0,sleeping,91,34,1724416,8192,16302,7786
2025-05-20 04:38:46,23312,2194735104,30789632,0.0,0.0922619168164987,0,13,0.0,0.01,0.0,0.0,0.0,10178560,0,7,4,1,0,sleeping,91,34,1724416,8192,16302,7786
2025-05-20 04:38:47,23312,2194735104,30789632,0.0,0.0922619168164987,0,13,0.0,0.01,0.0,0.0,0.0,10178560,0,7,4,1,0,sleeping,91,34,1724416,8192,16302,7786
2025-05-20 04:38:48,23312,2194735104,30789632,0.0,0.0922619168164987,0,13,0.0,0.01,0.0,0.0,0.0,10178560,0,7,4,1,0,sleeping,91,34,1724416,8192,16302,7786
2025-05-20 04:38:49,23312,2194735104,30789632,0.0,0.0922619168164987,0,13,0.0,0.01,0.0,0.0,0.0,10178560,0,7,4,1,0,sleeping,91,34,1724416,8192,16302,7786
2025-05-20 04:38:50,23312,2194735104,30789632,0.0,0.0922619168164987,0,13,0.0,0.01,0.0,0.0,0.0,10178560,0,7,4,1,0,sleeping,91,34,1724416,8192,16302,7786
2025-05-20 04:38:51,23312,2194735104,30789632,0.0,0.0922619168164987,0,13,0.0,0.01,0.0,0.0,0.0,10178560,0,7,4,1,0,sleeping,91,34,1724416,8192,16302,7786
2025-05-20 04:38:52,23312,2194735104,30789632,0.0,0.0922619168164987,0,13,0.0,0.01,0.0,0.0,0.0,10178560,0,7,4,1,0,sleeping,91,34,1724416,8192,16302,7786
2025-05-20 04:38:54,23312,2194735104,30789632,0.0,0.0922619168164987,0,13,0.0,0.01,0.0,0.0,0.0,10178560,0,7,4,1,0,sleeping,91,34,1724416,8192,16302,7786
2025-05-20 04:38:55,23312,2194735104,30789632,0.0,0.0922619168164987,0,13,0.0,0.01,0.0,0.0,0.0,10178560,0,7,4,1,0,sleeping,91,34,1724416,8192,16302,7786
2025-05-20 04:38:56,23312,2194735104,30789632,0.0,0.0922619168164987,0,13,0.0,0.01,0.0,0.0,0.0,10178560,0,7,4,1,0,sleeping,91,34,1724416,8192,16302,7786
2025-05-20 04:38:57,23312,2194735104,30789632,0.0,0.0922619168164987,0,13,0.0,0.01,0.0,0.0,0.0,10178560,0,7,4,1,0,sleeping,91,34,1724416,8192,16302,7786
2025-05-20 04:38:58,23312,2194735104,30789632,0.0,0.0922619168164987,0,13,0.0,0.01,0.0,0.0,0.0,10178560,0,7,4,1,0,sleeping,91,34,1724416,8192,16302,7786
2025-05-20 04:38:59,23312,2194735104,30789632,0.0,0.0922619168164987,0,13,0.0,0.01,0.0,0.0,0.0,10178560,0,7,4,1,0,sleeping,91,34,1724416,8192,16302,7786
2025-05-20 04:39:00,23312,2194735104,30789632,0.0,0.0922619168164987,0,13,0.0,0.01,0.0,0.0,0.0,10178560,0,7,4,1,0,sleeping,91,34,1724416,8192,16302,7786
2025-05-20 04:39:01,23312,2194735104,30789632,0.0,0.0922619168164987,0,13,0.0,0.01,0.0,0.0,0.0,10178560,0,7,4,1,0,sleeping,91,34,1724416,8192,16302,7786
2025-05-20 04:39:02,23312,2194735104,30789632,0.0,0.0922619168164987,0,13,0.0,0.01,0.0,0.0,0.0,10178560,0,7,4,1,0,sleeping,91,34,1724416,8192,16302,7786
2025-05-20 04:39:03,23312,2194735104,30789632,0.0,0.0922619168164987,0,13,0.0,0.01,0.0,0.0,0.0,10178560,0,7,4,1,0,sleeping,91,34,1724416,8192,16302,7786
2025-05-20 04:39:05,23312,2194735104,30789632,0.0,0.0922619168164987,0,13,0.0,0.01,0.0,0.0,0.0,10178560,0,7,4,1,0,sleeping,91,34,1724416,8192,16302,7786
2025-05-20 04:39:06,23312,2194735104,30789632,0.0,0.0922619168164987,0,13,0.0,0.01,0.0,0.0,0.0,10178560,0,7,4,1,0,sleeping,91,34,1724416,8192,16302,7786
2025-05-20 04:39:07,23312,2194735104,30789632,0.0,0.0922619168164987,0,13,0.0,0.01,0.0,0.0,0.0,10178560,0,7,4,1,0,sleeping,91,34,1724416,8192,16302,7786
2025-05-20 04:39:08,23312,2194735104,30789632,0.0,0.0922619168164987,0,13,0.0,0.01,0.0,0.0,0.0,10178560,0,7,4,1,0,sleeping,91,34,1724416,8192,16302,7786
2025-05-20 04:39:09,23312,2194735104,30789632,0.0,0.0922619168164987,0,13,0.0,0.01,0.0,0.0,0.0,10186752,0,8,4,1,0,sleeping,92,35,1724416,8192,16310,7794
2025-05-20 04:39:11,23312,2194735104,30789632,0.0,0.0922619168164987,0,13,0.0,0.01,0.0,0.0,0.0,10186752,0,7,4,1,0,sleeping,94,36,1724416,8192,16438,7914
2025-05-20 04:39:12,23312,2194735104,30789632,0.0,0.0922619168164987,0,13,0.0,0.01,0.0,0.0,0.0,10186752,0,7,4,1,0,sleeping,94,36,1724416,8192,16438,7914
2025-05-20 04:39:13,23312,2194735104,30789632,0.0,0.0922619168164987,0,13,0.0,0.01,0.0,0.0,0.0,10186752,0,7,4,1,0,sleeping,94,36,1724416,8192,16438,7914
2025-05-20 04:39:14,23312,2194735104,30789632,0.0,0.0922619168164987,0,13,0.0,0.01,0.0,0.0,0.0,10186752,0,7,4,1,0,sleeping,94,36,1724416,8192,16438,7914
2025-05-20 04:39:16,23312,2194735104,30789632,0.0,0.0922619168164987,0,13,0.0,0.01,0.0,0.0,0.0,10186752,0,7,4,1,0,sleeping,94,36,1724416,8192,16438,7914
2025-05-20 04:39:17,23312,2194735104,30789632,0.0,0.0922619168164987,0,13,0.0,0.01,0.0,0.0,0.0,10186752,0,7,4,1,0,sleeping,94,36,1724416,8192,16438,7914
2025-05-20 04:39:18,23312,2194735104,30789632,0.0,0.0922619168164987,0,13,0.0,0.01,0.0,0.0,0.0,10186752,0,7,4,1,0,sleeping,94,36,1724416,8192,16438,7914
2025-05-20 04:39:19,23312,2194735104,30789632,0.0,0.0922619168164987,0,13,0.0,0.01,0.0,0.0,0.0,10186752,0,7,4,1,0,sleeping,94,36,1724416,8192,16438,7914
2025-05-20 04:39:20,23312,2194735104,30789632,0.0,0.0922619168164987,0,13,0.0,0.01,0.0,0.0,0.0,10129408,0,7,4,1,0,sleeping,94,36,1724416,8192,16438,7914
2025-05-20 04:39:21,23312,2194735104,30789632,0.0,0.0922619168164987,0,13,0.0,0.01,0.0,0.0,0.0,10129408,0,7,4,1,0,sleeping,94,36,1724416,8192,16438,7914
2025-05-20 04:39:22,23312,2194735104,30789632,0.0,0.0922619168164987,0,13,0.0,0.01,0.0,0.0,0.0,10129408,0,7,4,1,0,sleeping,94,36,1724416,8192,16438,7914
2025-05-20 04:39:23,23312,2194735104,30789632,0.0,0.0922619168164987,0,13,0.0,0.01,0.0,0.0,0.0,10129408,0,7,4,1,0,sleeping,94,36,1724416,8192,16438,7914
2025-05-20 04:39:24,23312,2194735104,30789632,0.0,0.0922619168164987,0,13,0.0,0.01,0.0,0.0,0.0,10129408,0,7,4,1,0,sleeping,94,36,1724416,8192,16438,7914
2025-05-20 04:39:25,23312,2194735104,30789632,0.0,0.0922619168164987,0,13,0.0,0.01,0.0,0.0,0.0,10129408,0,7,4,1,0,sleeping,94,36,1724416,8192,16438,7914
2025-05-20 04:39:26,23312,2194735104,30789632,0.0,0.0922619168164987,0,13,0.0,0.01,0.0,0.0,0.0,10129408,0,7,4,1,0,sleeping,94,36,1724416,8192,16438,7914
2025-05-20 04:39:28,23312,2194735104,30789632,0.0,0.0922619168164987,0,13,0.0,0.01,0.0,0.0,0.0,10129408,0,7,4,1,0,sleeping,94,36,1724416,8192,16438,7914
2025-05-20 04:39:29,23312,2194735104,30789632,0.0,0.0922619168164987,0,13,0.0,0.01,0.0,0.0,0.0,10059776,0,7,4,1,0,sleeping,94,36,1724416,8192,16438,7914
2025-05-20 04:39:30,23312,2194735104,30789632,0.0,0.0922619168164987,0,13,0.0,0.01,0.0,0.0,0.0,10059776,0,7,4,1,0,sleeping,94,36,1724416,8192,16438,7914
2025-05-20 04:39:32,23312,2194735104,30789632,0.0,0.0922619168164987,0,13,0.0,0.01,0.0,0.0,0.0,10059776,0,7,4,1,0,sleeping,94,36,1724416,8192,16438,7914
2025-05-20 04:39:33,23312,2194735104,30789632,0.0,0.0922619168164987,0,13,0.0,0.01,0.0,0.0,0.0,10059776,0,7,4,1,0,sleeping,94,36,1724416,8192,16438,7914
2025-05-20 04:39:34,23312,2194735104,30789632,0.0,0.0922619168164987,0,13,0.0,0.01,0.0,0.0,0.0,10059776,0,7,4,1,0,sleeping,94,36,1724416,8192,16438,7914
2025-05-20 04:39:35,23312,2194735104,30789632,0.0,0.0922619168164987,0,13,0.0,0.01,0.0,0.0,0.0,10059776,0,7,4,1,0,sleeping,94,36,1724416,8192,16438,7914
2025-05-20 04:39:36,23312,2194735104,30789632,0.0,0.0922619168164987,0,13,0.0,0.01,0.0,0.0,0.0,10059776,0,7,4,1,0,sleeping,94,36,1724416,8192,16438,7914
2025-05-20 04:39:37,23312,2194735104,30789632,0.0,0.0922619168164987,0,13,0.0,0.01,0.0,0.0,0.0,10059776,0,7,4,1,0,sleeping,94,36,1724416,8192,16438,7914
2025-05-20 04:39:38,23312,2194735104,30789632,0.0,0.0922619168164987,0,13,0.0,0.01,0.0,0.0,0.0,10059776,0,7,4,1,0,sleeping,94,36,1724416,8192,16438,7914
2025-05-20 04:39:40,23312,2194735104,30789632,0.0,0.0922619168164987,0,13,0.0,0.01,0.0,0.0,0.0,10059776,0,7,4,1,0,sleeping,94,36,1724416,8192,16438,7914
2025-05-20 04:39:41,23312,2194735104,30789632,0.0,0.0922619168164987,0,13,0.0,0.01,0.0,0.0,0.0,10059776,0,7,4,1,0,sleeping,96,37,1724416,12288,16566,8034
2025-05-20 04:39:42,23312,2194735104,30789632,0.0,0.0922619168164987,0,13,0.0,0.01,0.0,0.0,0.0,10059776,0,7,4,1,0,sleeping,96,37,1724416,12288,16566,8034
2025-05-20 04:39:43,23312,2194735104,30789632,0.0,0.0922619168164987,0,13,0.0,0.01,0.0,0.0,0.0,10059776,0,7,4,1,0,sleeping,96,37,1724416,12288,16566,8034
2025-05-20 04:39:44,23312,2194735104,30789632,0.0,0.0922619168164987,0,13,0.0,0.01,0.0,0.0,0.0,10059776,0,7,4,1,0,sleeping,96,37,1724416,12288,16566,8034
2025-05-20 04:39:45,23312,2194735104,30789632,0.0,0.0922619168164987,0,13,0.0,0.01,0.0,0.0,0.0,10059776,0,7,4,1,0,sleeping,96,37,1724416,12288,16566,8034
2025-05-20 04:39:46,23312,2194735104,30789632,0.0,0.0922619168164987,0,13,0.0,0.01,0.0,0.0,0.0,10059776,0,7,4,1,0,sleeping,96,37,1724416,12288,16566,8034
2025-05-20 04:39:48,23312,2194735104,30789632,0.0,0.0922619168164987,0,13,0.0,0.01,0.0,0.0,0.0,10059776,0,7,4,1,0,sleeping,96,37,1724416,12288,16566,8034
2025-05-20 04:39:49,23312,2194735104,30789632,0.0,0.0922619168164987,0,13,0.0,0.01,0.0,0.0,0.0,10059776,0,7,4,1,0,sleeping,96,37,1724416,12288,16566,8034
2025-05-20 04:39:50,23312,2194735104,30789632,0.0,0.0922619168164987,0,13,0.0,0.01,0.0,0.0,0.0,10059776,0,7,4,1,0,sleeping,96,37,1724416,12288,16566,8034
2025-05-20 04:39:51,23312,2194735104,30789632,0.0,0.0922619168164987,0,13,0.0,0.01,0.0,0.0,0.0,10059776,0,7,4,1,0,sleeping,96,37,1724416,12288,16566,8034
2025-05-20 04:39:52,23312,2194735104,30789632,0.0,0.0922619168164987,0,13,0.0,0.01,0.0,0.0,0.0,10059776,0,7,4,1,0,sleeping,96,37,1724416,12288,16566,8034
2025-05-20 04:39:54,23312,2194735104,30789632,0.0,0.0922619168164987,0,13,0.0,0.01,0.0,0.0,0.0,10059776,0,7,4,1,0,sleeping,96,37,1724416,12288,16566,8034
2025-05-20 04:39:55,23312,2194735104,30789632,0.0,0.0922619168164987,0,13,0.0,0.01,0.0,0.0,0.0,10059776,0,7,4,1,0,sleeping,96,37,1724416,12288,16566,8034
2025-05-20 04:39:56,23312,2194735104,30789632,0.0,0.0922619168164987,0,13,0.0,0.01,0.0,0.0,0.0,10059776,0,7,4,1,0,sleeping,96,37,1724416,12288,16566,8034
2025-05-20 04:39:57,23312,2194735104,30789632,0.0,0.0922619168164987,0,13,0.0,0.01,0.0,0.0,0.0,10059776,0,7,4,1,0,sleeping,96,37,1724416,12288,16566,8034
2025-05-20 04:39:58,23312,2194735104,30789632,0.0,0.0922619168164987,0,13,0.0,0.01,0.0,0.0,0.0,10059776,0,7,4,1,0,sleeping,96,37,1724416,12288,16566,8034
2025-05-20 04:39:59,23312,2194735104,30789632,0.0,0.0922619168164987,0,13,0.0,0.01,0.0,0.0,0.0,10059776,0,7,4,1,0,sleeping,96,37,1724416,12288,16566,8034
2025-05-20 04:40:00,23312,2194735104,30789632,0.0,0.0922619168164987,0,13,0.0,0.01,0.0,0.0,0.0,10059776,0,7,4,1,0,sleeping,96,37,1724416,12288,16566,8034
2025-05-20 04:40:01,23312,2194735104,30789632,0.0,0.0922619168164987,0,13,0.0,0.01,0.0,0.0,0.0,10059776,0,7,4,1,0,sleeping,96,37,1724416,12288,16566,8034
2025-05-20 04:40:02,23312,2194735104,30789632,0.0,0.0922619168164987,0,13,0.0,0.01,0.0,0.0,0.0,10059776,0,7,4,1,0,sleeping,96,37,1724416,12288,16566,8034
2025-05-20 04:40:04,23312,2194735104,30789632,0.0,0.0922619168164987,0,13,0.0,0.01,0.0,0.0,0.0,10059776,0,7,4,1,0,sleeping,96,37,1724416,12288,16566,8034
2025-05-20 04:40:05,23312,2194735104,30789632,0.0,0.0922619168164987,0,13,0.0,0.01,0.0,0.0,0.0,10059776,0,7,4,1,0,sleeping,96,37,1724416,12288,16566,8034
2025-05-20 04:40:06,23312,2194735104,30789632,0.0,0.0922619168164987,0,13,0.0,0.01,0.0,0.0,0.0,10059776,0,7,4,1,0,sleeping,96,37,1724416,12288,16566,8034
2025-05-20 04:40:07,23312,2194735104,30789632,0.0,0.0922619168164987,0,13,0.0,0.01,0.0,0.0,0.0,10059776,0,7,4,1,0,sleeping,96,37,1724416,12288,16566,8034
2025-05-20 04:40:08,23312,2194735104,30789632,0.0,0.0922619168164987,0,13,0.0,0.01,0.0,0.0,0.0,10059776,0,7,4,1,0,sleeping,96,37,1724416,12288,16566,8034
2025-05-20 04:40:09,23312,2194735104,30789632,0.0,0.0922619168164987,0,13,0.0,0.01,0.0,0.0,0.0,10059776,0,7,4,1,0,sleeping,96,37,1724416,12288,16566,8034
2025-05-20 04:40:11,23312,2194735104,30789632,0.0,0.0922619168164987,0,13,0.0,0.01,0.0,0.0,0.0,10059776,0,7,4,1,0,sleeping,96,37,1724416,12288,16566,8034
2025-05-20 04:40:12,23312,2194735104,30789632,0.0,0.0922619168164987,0,13,0.0,0.01,0.0,0.0,0.0,10059776,0,7,4,1,0,sleeping,98,38,1724416,12288,16694,8154
2025-05-20 04:40:13,23312,2194735104,30789632,0.0,0.0922619168164987,0,13,0.0,0.01,0.0,0.0,0.0,10059776,0,7,4,1,0,sleeping,98,38,1724416,12288,16694,8154
2025-05-20 04:40:14,23312,2194735104,30789632,0.0,0.0922619168164987,0,13,0.0,0.01,0.0,0.0,0.0,10059776,0,7,4,1,0,sleeping,98,38,1724416,12288,16694,8154
2025-05-20 04:40:15,23312,2194735104,30789632,0.0,0.0922619168164987,0,13,0.0,0.01,0.0,0.0,0.0,10059776,0,7,4,1,0,sleeping,98,38,1724416,12288,16694,8154
2025-05-20 04:40:16,23312,2194735104,30789632,0.0,0.0922619168164987,0,13,0.0,0.01,0.0,0.0,0.0,10059776,0,7,4,1,0,sleeping,98,38,1724416,12288,16694,8154
2025-05-20 04:40:17,23312,2194735104,30789632,0.0,0.0922619168164987,0,13,0.0,0.01,0.0,0.0,0.0,10059776,0,7,4,1,0,sleeping,98,38,1724416,12288,16694,8154
2025-05-20 04:40:18,23312,2194735104,30789632,0.0,0.0922619168164987,0,13,0.0,0.01,0.0,0.0,0.0,10059776,0,7,4,1,0,sleeping,98,38,1724416,12288,16694,8154
2025-05-20 04:40:20,23312,2194735104,30789632,0.0,0.0922619168164987,0,13,0.0,0.01,0.0,0.0,0.0,10059776,0,7,4,1,0,sleeping,98,38,1724416,12288,16694,8154
2025-05-20 04:40:21,23312,2194735104,30789632,0.0,0.0922619168164987,0,13,0.0,0.01,0.0,0.0,0.0,10059776,0,7,4,1,0,sleeping,98,38,1724416,12288,16694,8154
2025-05-20 04:40:22,23312,2194735104,30789632,0.0,0.0922619168164987,0,13,0.0,0.01,0.0,0.0,0.0,10059776,0,7,4,1,0,sleeping,98,38,1724416,12288,16694,8154
2025-05-20 04:40:23,23312,2194735104,30789632,0.0,0.0922619168164987,0,13,0.0,0.01,0.0,0.0,0.0,10059776,0,7,4,1,0,sleeping,98,38,1724416,12288,16694,8154
2025-05-20 04:40:24,23312,2194735104,30789632,0.0,0.0922619168164987,0,13,0.0,0.01,0.0,0.0,0.0,10059776,0,7,4,1,0,sleeping,98,38,1724416,12288,16694,8154
2025-05-20 04:40:25,23312,2194735104,30789632,0.0,0.0922619168164987,0,13,0.0,0.01,0.0,0.0,0.0,10059776,0,7,4,1,0,sleeping,98,38,1724416,12288,16694,8154
2025-05-20 04:40:26,23312,2194735104,30789632,0.0,0.0922619168164987,0,13,0.0,0.01,0.0,0.0,0.0,10059776,0,7,4,1,0,sleeping,98,38,1724416,12288,16694,8154
2025-05-20 04:40:28,23312,2194735104,30789632,0.0,0.0922619168164987,0,13,0.0,0.01,0.0,0.0,0.0,10059776,0,7,4,1,0,sleeping,98,38,1724416,12288,16694,8154
2025-05-20 04:40:29,23312,2194735104,30789632,0.0,0.0922619168164987,0,13,0.0,0.01,0.0,0.0,0.0,10059776,0,7,4,1,0,sleeping,98,38,1724416,12288,16694,8154
2025-05-20 04:40:30,23312,2194735104,30789632,0.0,0.0922619168164987,0,13,0.0,0.01,0.0,0.0,0.0,10059776,0,7,4,1,0,sleeping,98,38,1724416,12288,16694,8154
2025-05-20 04:40:31,23312,2194735104,30789632,0.0,0.0922619168164987,0,13,0.0,0.01,0.0,0.0,0.0,10059776,0,7,4,1,0,sleeping,98,38,1724416,12288,16694,8154
2025-05-20 04:40:32,23312,2194735104,30789632,0.0,0.0922619168164987,0,13,0.0,0.01,0.0,0.0,0.0,10059776,0,7,4,1,0,sleeping,98,38,1724416,12288,16694,8154
2025-05-20 04:40:33,23312,2194735104,30789632,0.0,0.0922619168164987,0,13,0.0,0.01,0.0,0.0,0.0,10059776,0,7,4,1,0,sleeping,98,38,1724416,12288,16694,8154
2025-05-20 04:40:34,23312,2194735104,30789632,0.0,0.0922619168164987,0,13,0.0,0.01,0.0,0.0,0.0,10059776,0,7,4,1,0,sleeping,98,38,1724416,12288,16694,8154
2025-05-20 04:40:36,23312,2194735104,30789632,0.0,0.0922619168164987,0,13,0.0,0.01,0.0,0.0,0.0,10059776,0,7,4,1,0,sleeping,98,38,1724416,12288,16694,8154
2025-05-20 04:40:37,23312,2194735104,30789632,0.0,0.0922619168164987,0,13,0.0,0.01,0.0,0.0,0.0,10059776,0,7,4,1,0,sleeping,98,38,1724416,12288,16694,8154
2025-05-20 04:40:39,23312,2194735104,30789632,0.0,0.0922619168164987,0,13,0.0,0.01,0.0,0.0,0.0,10059776,0,7,4,1,0,sleeping,98,38,1724416,12288,16694,8154
2025-05-20 04:40:40,23312,2194735104,30789632,0.0,0.0922619168164987,0,13,0.0,0.01,0.0,0.0,0.0,10059776,0,7,4,1,0,sleeping,98,38,1724416,12288,16694,8154
2025-05-20 04:40:41,23312,2195062784,31576064,0.0,0.09461848034300764,0,13,0.0,0.01,0.0,0.0,0.0,10719232,0,7,4,1,0,sleeping,100,39,1724416,16384,16822,8274
2025-05-20 04:40:42,23312,2195062784,31576064,0.0,0.09461848034300764,0,13,0.0,0.01,0.0,0.0,0.0,10719232,0,7,4,1,0,sleeping,100,39,1724416,16384,16822,8274
2025-05-20 04:40:43,23312,2195062784,31576064,0.0,0.09461848034300764,0,13,0.0,0.01,0.0,0.0,0.0,10719232,0,7,4,1,0,sleeping,100,39,1724416,16384,16822,8274
2025-05-20 04:40:44,23312,2195062784,31576064,0.0,0.09461848034300764,0,13,0.0,0.01,0.0,0.0,0.0,10719232,0,7,4,1,0,sleeping,100,39,1724416,16384,16822,8274
2025-05-20 04:40:45,23312,2195062784,31576064,0.0,0.09461848034300764,0,13,0.0,0.01,0.0,0.0,0.0,10719232,0,7,4,1,0,sleeping,100,39,1724416,16384,16822,8274
2025-05-20 04:40:46,23312,2195062784,31576064,0.0,0.09461848034300764,0,13,0.0,0.01,0.0,0.0,0.0,10719232,0,7,4,1,0,sleeping,100,39,1724416,16384,16822,8274
2025-05-20 04:40:47,23312,2195062784,31576064,0.0,0.09461848034300764,0,13,0.0,0.01,0.0,0.0,0.0,10719232,0,7,4,1,0,sleeping,100,39,1724416,16384,16822,8274
2025-05-20 04:40:48,23312,2195062784,31576064,0.0,0.09461848034300764,0,13,0.0,0.01,0.0,0.0,0.0,10719232,0,7,4,1,0,sleeping,100,39,1724416,16384,16822,8274
2025-05-20 04:40:49,23312,2195062784,31576064,0.0,0.09461848034300764,0,13,0.0,0.01,0.0,0.0,0.0,10719232,0,7,4,1,0,sleeping,100,39,1724416,16384,16822,8274
2025-05-20 04:40:50,23312,2195062784,31576064,0.0,0.09461848034300764,0,13,0.0,0.01,0.0,0.0,0.0,10719232,0,7,4,1,0,sleeping,100,39,1724416,16384,16822,8274
2025-05-20 04:40:52,23312,2195062784,31576064,0.0,0.09461848034300764,0,13,0.0,0.01,0.0,0.0,0.0,10719232,0,7,4,1,0,sleeping,100,39,1724416,16384,16822,8274
2025-05-20 04:40:53,23312,2195062784,31576064,0.0,0.09461848034300764,0,13,0.0,0.01,0.0,0.0,0.0,10719232,0,7,4,1,0,sleeping,100,39,1724416,16384,16822,8274
2025-05-20 04:40:54,23312,2195062784,31576064,0.0,0.09461848034300764,0,13,0.0,0.01,0.0,0.0,0.0,10719232,0,7,4,1,0,sleeping,100,39,1724416,16384,16822,8274
2025-05-20 04:40:55,23312,2195062784,31576064,0.0,0.09461848034300764,0,13,0.0,0.01,0.0,0.0,0.0,10719232,0,7,4,1,0,sleeping,100,39,1724416,16384,16822,8274
2025-05-20 04:40:56,23312,2195062784,31576064,0.0,0.09461848034300764,0,13,0.0,0.01,0.0,0.0,0.0,10719232,0,7,4,1,0,sleeping,100,39,1724416,16384,16822,8274
2025-05-20 04:40:58,23312,2195062784,31576064,0.0,0.09461848034300764,0,13,0.0,0.01,0.0,0.0,0.0,10719232,0,7,4,1,0,sleeping,100,39,1724416,16384,16822,8274
2025-05-20 04:40:59,23312,2195062784,31576064,0.0,0.09461848034300764,0,13,0.0,0.01,0.0,0.0,0.0,10719232,0,7,4,1,0,sleeping,100,39,1724416,16384,16822,8274
2025-05-20 04:41:00,23312,2195062784,31576064,0.0,0.09461848034300764,0,13,0.0,0.01,0.0,0.0,0.0,10719232,0,7,4,1,0,sleeping,100,39,1724416,16384,16822,8274
2025-05-20 04:41:01,23312,2195062784,31576064,0.0,0.09461848034300764,0,13,0.0,0.01,0.0,0.0,0.0,10719232,0,7,4,1,0,sleeping,100,39,1724416,16384,16822,8274
2025-05-20 04:41:02,23312,2195062784,31576064,0.0,0.09461848034300764,0,13,0.0,0.01,0.0,0.0,0.0,10719232,0,7,4,1,0,sleeping,100,39,1724416,16384,16822,8274
2025-05-20 04:41:03,23312,2195062784,31576064,0.0,0.09461848034300764,0,13,0.0,0.01,0.0,0.0,0.0,10719232,0,7,4,1,0,sleeping,100,39,1724416,16384,16822,8274
2025-05-20 04:41:04,23312,2195062784,31576064,0.0,0.09461848034300764,0,13,0.0,0.01,0.0,0.0,0.0,10719232,0,7,4,1,0,sleeping,100,39,1724416,16384,16822,8274
2025-05-20 04:41:05,23312,2195062784,31576064,0.0,0.09461848034300764,0,13,0.0,0.01,0.0,0.0,0.0,10719232,0,7,4,1,0,sleeping,100,39,1724416,16384,16822,8274
2025-05-20 04:41:06,23312,2195062784,31576064,0.0,0.09461848034300764,0,13,0.0,0.01,0.0,0.0,0.0,10719232,0,7,4,1,0,sleeping,100,39,1724416,16384,16822,8274
2025-05-20 04:41:08,23312,2195062784,31576064,0.0,0.09461848034300764,0,13,0.0,0.01,0.0,0.0,0.0,10719232,0,7,4,1,0,sleeping,100,39,1724416,16384,16822,8274
2025-05-20 04:41:09,23312,2195062784,31576064,0.0,0.09461848034300764,0,13,0.0,0.01,0.0,0.0,0.0,10719232,0,7,4,1,0,sleeping,100,39,1724416,16384,16822,8274
2025-05-20 04:41:10,23312,2195062784,31576064,0.0,0.09461848034300764,0,13,0.0,0.01,0.0,0.0,0.0,10719232,0,7,4,1,0,sleeping,100,39,1724416,16384,16822,8274
2025-05-20 04:41:11,23312,2195062784,31576064,0.0,0.09461848034300764,0,13,0.0,0.01,0.0,0.0,0.0,10719232,0,8,4,1,0,sleeping,102,40,1724416,16384,16950,8394
2025-05-20 04:41:13,23312,2195062784,31576064,0.0,0.09461848034300764,0,13,0.0,0.01,0.0,0.0,0.0,10719232,0,8,4,1,0,sleeping,102,40,1724416,16384,16950,8394
2025-05-20 04:41:14,23312,2195062784,31576064,0.0,0.09461848034300764,0,13,0.0,0.01,0.0,0.0,0.0,10719232,0,8,4,1,0,sleeping,102,40,1724416,16384,16950,8394
2025-05-20 04:41:15,23312,2195062784,31576064,0.0,0.09461848034300764,0,13,0.0,0.01,0.0,0.0,0.0,10719232,0,8,4,1,0,sleeping,102,40,1724416,16384,16950,8394
2025-05-20 04:41:16,23312,2195062784,31576064,0.0,0.09461848034300764,0,13,0.0,0.01,0.0,0.0,0.0,10719232,0,8,4,1,0,sleeping,102,40,1724416,16384,16950,8394
2025-05-20 04:41:17,23312,2195062784,31576064,0.0,0.09461848034300764,0,13,0.0,0.01,0.0,0.0,0.0,10719232,0,8,4,1,0,sleeping,102,40,1724416,16384,16950,8394
2025-05-20 04:41:18,23312,2195062784,31576064,0.0,0.09461848034300764,0,13,0.0,0.01,0.0,0.0,0.0,10719232,0,8,4,1,0,sleeping,102,40,1724416,16384,16950,8394
2025-05-20 04:41:19,23312,2195062784,31576064,0.0,0.09461848034300764,0,13,0.0,0.01,0.0,0.0,0.0,10719232,0,8,4,1,0,sleeping,102,40,1724416,16384,16950,8394
2025-05-20 04:41:20,23312,2195062784,31576064,0.0,0.09461848034300764,0,13,0.0,0.01,0.0,0.0,0.0,10719232,0,8,4,1,0,sleeping,102,40,1724416,16384,16950,8394
2025-05-20 04:41:21,23312,2195062784,31576064,0.0,0.09461848034300764,0,13,0.0,0.01,0.0,0.0,0.0,10719232,0,8,4,1,0,sleeping,102,40,1724416,16384,16950,8394
2025-05-20 04:41:23,23312,2195062784,31576064,0.0,0.09461848034300764,0,13,0.0,0.01,0.0,0.0,0.0,10719232,0,8,4,1,0,sleeping,102,40,1724416,16384,16950,8394
2025-05-20 04:41:24,23312,2195062784,31576064,0.0,0.09461848034300764,0,13,0.0,0.01,0.0,0.0,0.0,10719232,0,8,4,1,0,sleeping,102,40,1724416,16384,16950,8394
2025-05-20 04:41:25,23312,2195062784,31576064,0.0,0.09461848034300764,0,13,0.0,0.01,0.0,0.0,0.0,10719232,0,8,4,1,0,sleeping,102,40,1724416,16384,16950,8394
2025-05-20 04:41:26,23312,2195062784,31576064,0.0,0.09461848034300764,0,13,0.0,0.01,0.0,0.0,0.0,10719232,0,8,4,1,0,sleeping,102,40,1724416,16384,16950,8394
2025-05-20 04:41:28,23312,2195062784,31576064,0.0,0.09461848034300764,0,13,0.0,0.01,0.0,0.0,0.0,10719232,0,8,4,1,0,sleeping,102,40,1724416,16384,16950,8394
2025-05-20 04:41:29,23312,2195062784,31576064,0.0,0.09461848034300764,0,13,0.0,0.01,0.0,0.0,0.0,10719232,0,8,4,1,0,sleeping,102,40,1724416,16384,16950,8394
2025-05-20 04:41:30,23312,2195062784,31576064,0.0,0.09461848034300764,0,13,0.0,0.01,0.0,0.0,0.0,10719232,0,8,4,1,0,sleeping,102,40,1724416,16384,16950,8394
2025-05-20 04:41:31,23312,2195062784,31576064,0.0,0.09461848034300764,0,13,0.0,0.01,0.0,0.0,0.0,10719232,0,8,4,1,0,sleeping,102,40,1724416,16384,16950,8394
2025-05-20 04:41:32,23312,2195062784,31576064,0.0,0.09461848034300764,0,13,0.0,0.01,0.0,0.0,0.0,10719232,0,8,4,1,0,sleeping,102,40,1724416,16384,16950,8394
2025-05-20 04:41:33,23312,2195062784,31576064,0.0,0.09461848034300764,0,13,0.0,0.01,0.0,0.0,0.0,10719232,0,8,4,1,0,sleeping,102,40,1724416,16384,16950,8394
2025-05-20 04:41:34,23312,2195062784,31576064,0.0,0.09461848034300764,0,13,0.0,0.01,0.0,0.0,0.0,10719232,0,8,4,1,0,sleeping,102,40,1724416,16384,16950,8394
2025-05-20 04:41:35,23312,2195062784,31576064,0.0,0.09461848034300764,0,13,0.0,0.01,0.0,0.0,0.0,10719232,0,8,4,1,0,sleeping,102,40,1724416,16384,16950,8394
2025-05-20 04:41:36,23312,2195062784,31576064,0.0,0.09461848034300764,0,13,0.0,0.01,0.0,0.0,0.0,10719232,0,8,4,1,0,sleeping,102,40,1724416,16384,16950,8394
2025-05-20 04:41:37,23312,2195062784,31576064,0.0,0.09461848034300764,0,13,0.0,0.01,0.0,0.0,0.0,10719232,0,8,4,1,0,sleeping,102,40,1724416,16384,16950,8394
2025-05-20 04:41:38,23312,2195062784,31576064,0.0,0.09461848034300764,0,13,0.0,0.01,0.0,0.0,0.0,10719232,0,8,4,1,0,sleeping,102,40,1724416,16384,16950,8394
2025-05-20 04:41:40,23312,2195062784,31576064,0.0,0.09461848034300764,0,13,0.0,0.01,0.0,0.0,0.0,10719232,0,8,4,1,0,sleeping,102,40,1724416,16384,16950,8394
2025-05-20 04:41:41,23312,2195062784,31576064,0.0,0.09461848034300764,0,13,0.0,0.01,0.0,0.0,0.0,10719232,0,7,4,1,0,sleeping,104,41,1724416,20480,17078,8514
2025-05-20 04:41:42,23312,2195062784,31576064,0.0,0.09461848034300764,0,13,0.0,0.01,0.0,0.0,0.0,10719232,0,7,4,1,0,sleeping,104,41,1724416,20480,17078,8514
2025-05-20 04:41:44,23312,2195062784,31576064,0.0,0.09461848034300764,0,13,0.0,0.01,0.0,0.0,0.0,10719232,0,7,4,1,0,sleeping,104,41,1724416,20480,17078,8514
2025-05-20 04:41:45,23312,2195062784,31576064,0.0,0.09461848034300764,0,13,0.0,0.01,0.0,0.0,0.0,10719232,0,7,4,1,0,sleeping,104,41,1724416,20480,17078,8514
2025-05-20 04:41:46,23312,2195062784,31576064,0.0,0.09461848034300764,0,13,0.0,0.01,0.0,0.0,0.0,10719232,0,7,4,1,0,sleeping,104,41,1724416,20480,17078,8514
2025-05-20 04:41:47,23312,2195062784,31576064,0.0,0.09461848034300764,0,13,0.0,0.01,0.0,0.0,0.0,10719232,0,7,4,1,0,sleeping,104,41,1724416,20480,17078,8514
2025-05-20 04:41:48,23312,2195062784,31576064,0.0,0.09461848034300764,0,13,0.0,0.01,0.0,0.0,0.0,10719232,0,7,4,1,0,sleeping,104,41,1724416,20480,17078,8514
2025-05-20 04:41:49,23312,2195062784,31576064,0.0,0.09461848034300764,0,13,0.0,0.01,0.0,0.0,0.0,10719232,0,7,4,1,0,sleeping,104,41,1724416,20480,17078,8514
2025-05-20 04:41:50,23312,2195062784,31576064,0.0,0.09461848034300764,0,13,0.0,0.01,0.0,0.0,0.0,10678272,0,7,4,1,0,sleeping,104,41,1724416,20480,17078,8514
2025-05-20 04:41:51,23312,2195062784,31576064,0.0,0.09461848034300764,0,13,0.0,0.01,0.0,0.0,0.0,10678272,0,7,4,1,0,sleeping,104,41,1724416,20480,17078,8514
2025-05-20 04:41:52,23312,2195062784,31576064,0.0,0.09461848034300764,0,13,0.0,0.01,0.0,0.0,0.0,10678272,0,7,4,1,0,sleeping,104,41,1724416,20480,17078,8514
2025-05-20 04:41:53,23312,2195062784,31576064,0.0,0.09461848034300764,0,13,0.0,0.01,0.0,0.0,0.0,10678272,0,7,4,1,0,sleeping,104,41,1724416,20480,17078,8514
2025-05-20 04:41:54,23312,2195062784,31576064,0.0,0.09461848034300764,0,13,0.0,0.01,0.0,0.0,0.0,10678272,0,7,4,1,0,sleeping,104,41,1724416,20480,17078,8514
2025-05-20 04:41:56,23312,2195062784,31576064,0.0,0.09461848034300764,0,13,0.0,0.01,0.0,0.0,0.0,10678272,0,7,4,1,0,sleeping,104,41,1724416,20480,17078,8514
2025-05-20 04:41:57,23312,2195062784,31576064,0.0,0.09461848034300764,0,13,0.0,0.01,0.0,0.0,0.0,10678272,0,7,4,1,0,sleeping,104,41,1724416,20480,17078,8514
2025-05-20 04:41:58,23312,2195062784,31576064,0.0,0.09461848034300764,0,13,0.0,0.01,0.0,0.0,0.0,10678272,0,7,4,1,0,sleeping,104,41,1724416,20480,17078,8514
2025-05-20 04:41:59,23312,2195062784,31576064,0.0,0.09461848034300764,0,13,0.0,0.01,0.0,0.0,0.0,10678272,0,7,4,1,0,sleeping,104,41,1724416,20480,17078,8514
2025-05-20 04:42:01,23312,2195062784,31576064,0.0,0.09461848034300764,0,13,0.0,0.01,0.0,0.0,0.0,10678272,0,7,4,1,0,sleeping,104,41,1724416,20480,17078,8514
2025-05-20 04:42:02,23312,2195062784,31576064,0.0,0.09461848034300764,0,13,0.0,0.01,0.0,0.0,0.0,10678272,0,7,4,1,0,sleeping,104,41,1724416,20480,17078,8514
2025-05-20 04:42:03,23312,2195062784,31576064,0.0,0.09461848034300764,0,13,0.0,0.01,0.0,0.0,0.0,10678272,0,7,4,1,0,sleeping,104,41,1724416,20480,17078,8514
2025-05-20 04:42:04,23312,2195062784,31576064,0.0,0.09461848034300764,0,13,0.0,0.01,0.0,0.0,0.0,10678272,0,7,4,1,0,sleeping,104,41,1724416,20480,17078,8514
2025-05-20 04:42:05,23312,2195062784,31576064,0.0,0.09461848034300764,0,13,0.0,0.01,0.0,0.0,0.0,10678272,0,7,4,1,0,sleeping,104,41,1724416,20480,17078,8514
2025-05-20 04:42:06,23312,2195062784,31576064,0.0,0.09461848034300764,0,13,0.0,0.01,0.0,0.0,0.0,10678272,0,7,4,1,0,sleeping,104,41,1724416,20480,17078,8514
2025-05-20 04:42:07,23312,2195062784,31576064,0.0,0.09461848034300764,0,13,0.0,0.01,0.0,0.0,0.0,10678272,0,7,4,1,0,sleeping,104,41,1724416,20480,17078,8514
2025-05-20 04:42:08,23312,2195062784,31576064,0.0,0.09461848034300764,0,13,0.0,0.01,0.0,0.0,0.0,10678272,0,7,4,1,0,sleeping,104,41,1724416,20480,17078,8514
2025-05-20 04:42:09,23312,2195062784,31576064,0.0,0.09461848034300764,0,13,0.0,0.01,0.0,0.0,0.0,10678272,0,7,4,1,0,sleeping,104,41,1724416,20480,17078,8514
2025-05-20 04:42:10,23312,2195062784,31576064,0.0,0.09461848034300764,0,13,0.0,0.01,0.0,0.0,0.0,10678272,0,7,4,1,0,sleeping,104,41,1724416,20480,17078,8514
2025-05-20 04:42:11,23312,2195062784,31576064,0.0,0.09461848034300764,0,13,0.0,0.01,0.0,0.0,0.0,10678272,0,7,4,1,0,sleeping,106,42,1724416,20480,17206,8634
2025-05-20 04:42:13,23312,2195062784,31576064,0.0,0.09461848034300764,0,13,0.0,0.01,0.0,0.0,0.0,10678272,0,7,4,1,0,sleeping,106,42,1724416,20480,17206,8634
2025-05-20 04:42:14,23312,2195062784,31576064,0.0,0.09461848034300764,0,13,0.0,0.01,0.0,0.0,0.0,10678272,0,7,4,1,0,sleeping,106,42,1724416,20480,17206,8634
2025-05-20 04:42:15,23312,2195062784,31576064,0.0,0.09461848034300764,0,13,0.0,0.01,0.0,0.0,0.0,10678272,0,7,4,1,0,sleeping,106,42,1724416,20480,17206,8634
2025-05-20 04:42:17,23312,2195062784,31576064,0.0,0.09461848034300764,0,13,0.0,0.01,0.0,0.0,0.0,10678272,0,7,4,1,0,sleeping,106,42,1724416,20480,17206,8634
2025-05-20 04:42:18,23312,2195062784,31576064,0.0,0.09461848034300764,0,13,0.0,0.01,0.0,0.0,0.0,10678272,0,7,4,1,0,sleeping,106,42,1724416,20480,17206,8634
2025-05-20 04:42:19,23312,2195062784,31576064,0.0,0.09461848034300764,0,13,0.0,0.01,0.0,0.0,0.0,10678272,0,7,4,1,0,sleeping,106,42,1724416,20480,17206,8634
2025-05-20 04:42:20,23312,2195062784,31576064,0.0,0.09461848034300764,0,13,0.0,0.01,0.0,0.0,0.0,10678272,0,7,4,1,0,sleeping,106,42,1724416,20480,17206,8634
2025-05-20 04:42:21,23312,2195062784,31576064,0.0,0.09461848034300764,0,13,0.0,0.01,0.0,0.0,0.0,10678272,0,7,4,1,0,sleeping,106,42,1724416,20480,17206,8634
2025-05-20 04:42:22,23312,2195062784,31576064,0.0,0.09461848034300764,0,13,0.0,0.01,0.0,0.0,0.0,10678272,0,7,4,1,0,sleeping,106,42,1724416,20480,17206,8634
2025-05-20 04:42:23,23312,2195062784,31576064,0.0,0.09461848034300764,0,13,0.0,0.01,0.0,0.0,0.0,10678272,0,7,4,1,0,sleeping,106,42,1724416,20480,17206,8634
2025-05-20 04:42:24,23312,2195062784,31576064,0.0,0.09461848034300764,0,13,0.0,0.01,0.0,0.0,0.0,10678272,0,7,4,1,0,sleeping,106,42,1724416,20480,17206,8634
2025-05-20 04:42:26,23312,2195062784,31576064,0.0,0.09461848034300764,0,13,0.0,0.01,0.0,0.0,0.0,10678272,0,7,4,1,0,sleeping,106,42,1724416,20480,17206,8634
2025-05-20 04:42:27,23312,2195062784,31576064,0.0,0.09461848034300764,0,13,0.0,0.01,0.0,0.0,0.0,10678272,0,7,4,1,0,sleeping,106,42,1724416,20480,17206,8634
2025-05-20 04:42:28,23312,2195062784,31576064,0.0,0.09461848034300764,0,13,0.0,0.01,0.0,0.0,0.0,10678272,0,7,4,1,0,sleeping,106,42,1724416,20480,17206,8634
2025-05-20 04:42:29,23312,2195062784,31576064,0.0,0.09461848034300764,0,13,0.0,0.01,0.0,0.0,0.0,10678272,0,7,4,1,0,sleeping,106,42,1724416,20480,17206,8634
2025-05-20 04:42:30,23312,2195062784,31576064,0.0,0.09461848034300764,0,13,0.0,0.01,0.0,0.0,0.0,10678272,0,7,4,1,0,sleeping,106,42,1724416,20480,17206,8634
2025-05-20 04:42:31,23312,2195062784,31576064,0.0,0.09461848034300764,0,13,0.0,0.01,0.0,0.0,0.0,10678272,0,7,4,1,0,sleeping,106,42,1724416,20480,17206,8634
2025-05-20 04:42:33,23312,2195062784,31576064,0.0,0.09461848034300764,0,13,0.0,0.01,0.0,0.0,0.0,10678272,0,7,4,1,0,sleeping,106,42,1724416,20480,17206,8634
2025-05-20 04:42:34,23312,2195062784,31576064,0.0,0.09461848034300764,0,13,0.0,0.01,0.0,0.0,0.0,10678272,0,7,4,1,0,sleeping,106,42,1724416,20480,17206,8634
2025-05-20 04:42:35,23312,2195062784,31576064,0.0,0.09461848034300764,0,13,0.0,0.01,0.0,0.0,0.0,10678272,0,7,4,1,0,sleeping,106,42,1724416,20480,17206,8634
2025-05-20 04:42:37,23312,2195062784,31576064,0.0,0.09461848034300764,0,13,0.0,0.01,0.0,0.0,0.0,10678272,0,7,4,1,0,sleeping,106,42,1724416,20480,17206,8634
2025-05-20 04:42:38,23312,2195062784,31576064,0.0,0.09461848034300764,0,13,0.0,0.01,0.0,0.0,0.0,10678272,0,7,4,1,0,sleeping,106,42,1724416,20480,17206,8634
2025-05-20 04:42:39,23312,2195062784,31576064,0.0,0.09461848034300764,0,13,0.0,0.01,0.0,0.0,0.0,10678272,0,7,4,1,0,sleeping,106,42,1724416,20480,17206,8634
2025-05-20 04:42:40,23312,2195062784,31576064,0.0,0.09461848034300764,0,13,0.0,0.01,0.0,0.0,0.0,10678272,0,7,4,1,0,sleeping,106,42,1724416,20480,17206,8634
2025-05-20 04:42:41,23312,2195062784,31576064,0.0,0.09461848034300764,0,13,0.0,0.01,0.0,0.0,0.0,10678272,0,7,4,1,0,sleeping,106,42,1724416,20480,17206,8634
2025-05-20 04:42:42,23312,2195062784,31576064,0.0,0.09461848034300764,0,13,0.0,0.01,0.0,0.0,0.0,10678272,0,7,4,1,0,sleeping,106,42,1724416,20480,17206,8634
2025-05-20 04:42:43,23312,2195062784,31576064,0.0,0.09461848034300764,0,13,0.0,0.01,0.0,0.0,0.0,10678272,0,7,4,1,0,sleeping,106,42,1724416,20480,17206,8634
2025-05-20 04:42:44,23312,2195062784,31576064,0.0,0.09461848034300764,0,13,0.0,0.01,0.0,0.0,0.0,10678272,0,7,4,1,0,sleeping,106,42,1724416,20480,17206,8634
2025-05-20 04:42:45,23312,2195062784,31576064,0.0,0.09461848034300764,0,13,0.0,0.01,0.0,0.0,0.0,10678272,0,7,4,1,0,sleeping,106,42,1724416,20480,17206,8634
2025-05-20 04:42:46,23312,2195062784,31576064,0.0,0.09461848034300764,0,13,0.0,0.01,0.0,0.0,0.0,10678272,0,7,4,1,0,sleeping,106,42,1724416,20480,17206,8634
2025-05-20 04:42:48,23312,2195062784,31576064,0.0,0.09461848034300764,0,13,0.0,0.01,0.0,0.0,0.0,10678272,0,7,4,1,0,sleeping,106,42,1724416,20480,17206,8634
2025-05-20 04:42:49,23312,2195062784,31576064,0.0,0.09461848034300764,0,13,0.0,0.01,0.0,0.0,0.0,10678272,0,7,4,1,0,sleeping,106,42,1724416,20480,17206,8634
2025-05-20 04:42:50,23312,2195062784,31576064,0.0,0.09461848034300764,0,13,0.0,0.01,0.0,0.0,0.0,10678272,0,7,4,1,0,sleeping,106,42,1724416,20480,17206,8634
2025-05-20 04:42:51,23312,2195062784,31707136,0.9,0.09501124093075913,0,13,0.0,0.02,0.0,0.0,0.0,10829824,0,7,4,1,0,sleeping,108,43,1724416,24576,17334,8754
2025-05-20 04:42:52,23312,2195062784,31707136,0.0,0.09501124093075913,0,13,0.0,0.02,0.0,0.0,0.0,10829824,0,7,4,1,0,sleeping,108,43,1724416,24576,17334,8754
2025-05-20 04:42:54,23312,2195062784,31707136,0.0,0.09501124093075913,0,13,0.0,0.02,0.0,0.0,0.0,10829824,0,7,4,1,0,sleeping,108,43,1724416,24576,17334,8754
2025-05-20 04:42:55,23312,2195062784,31707136,0.0,0.09501124093075913,0,13,0.0,0.02,0.0,0.0,0.0,10829824,0,7,4,1,0,sleeping,108,43,1724416,24576,17334,8754
2025-05-20 04:42:56,23312,2195062784,31707136,0.0,0.09501124093075913,0,13,0.0,0.02,0.0,0.0,0.0,10829824,0,7,4,1,0,sleeping,108,43,1724416,24576,17334,8754
2025-05-20 04:42:57,23312,2195062784,31707136,0.0,0.09501124093075913,0,13,0.0,0.02,0.0,0.0,0.0,10829824,0,7,4,1,0,sleeping,108,43,1724416,24576,17334,8754
2025-05-20 04:42:58,23312,2195062784,31707136,0.0,0.09501124093075913,0,13,0.0,0.02,0.0,0.0,0.0,10829824,0,7,4,1,0,sleeping,108,43,1724416,24576,17334,8754
2025-05-20 04:42:59,23312,2195062784,31707136,0.0,0.09501124093075913,0,13,0.0,0.02,0.0,0.0,0.0,10829824,0,7,4,1,0,sleeping,108,43,1724416,24576,17334,8754
2025-05-20 04:43:00,23312,2195062784,31707136,0.0,0.09501124093075913,0,13,0.0,0.02,0.0,0.0,0.0,10829824,0,7,4,1,0,sleeping,108,43,1724416,24576,17334,8754
2025-05-20 04:43:01,23312,2195062784,31707136,0.0,0.09501124093075913,0,13,0.0,0.02,0.0,0.0,0.0,10829824,0,7,4,1,0,sleeping,108,43,1724416,24576,17334,8754
2025-05-20 04:43:02,23312,2195062784,31707136,0.0,0.09501124093075913,0,13,0.0,0.02,0.0,0.0,0.0,10829824,0,7,4,1,0,sleeping,108,43,1724416,24576,17334,8754
2025-05-20 04:43:03,23312,2195062784,31707136,0.0,0.09501124093075913,0,13,0.0,0.02,0.0,0.0,0.0,10829824,0,7,4,1,0,sleeping,108,43,1724416,24576,17334,8754
2025-05-20 04:43:05,23312,2195062784,31707136,0.0,0.09501124093075913,0,13,0.0,0.02,0.0,0.0,0.0,10829824,0,7,4,1,0,sleeping,108,43,1724416,24576,17334,8754
2025-05-20 04:43:06,23312,2195062784,31707136,0.0,0.09501124093075913,0,13,0.0,0.02,0.0,0.0,0.0,10829824,0,7,4,1,0,sleeping,108,43,1724416,24576,17334,8754
2025-05-20 04:43:08,23312,2195062784,31707136,0.0,0.09501124093075913,0,13,0.0,0.02,0.0,0.0,0.0,10829824,0,7,4,1,0,sleeping,108,43,1724416,24576,17334,8754
2025-05-20 04:43:09,23312,2195062784,31707136,0.0,0.09501124093075913,0,13,0.0,0.02,0.0,0.0,0.0,10829824,0,7,4,1,0,sleeping,108,43,1724416,24576,17334,8754
2025-05-20 04:43:10,23312,2195062784,31707136,0.0,0.09501124093075913,0,13,0.0,0.02,0.0,0.0,0.0,10829824,0,7,4,1,0,sleeping,108,43,1724416,24576,17334,8754
2025-05-20 04:43:11,23312,2195062784,31707136,0.0,0.09501124093075913,0,13,0.0,0.02,0.0,0.0,0.0,10829824,0,7,4,1,0,sleeping,108,43,1724416,24576,17334,8754
2025-05-20 04:43:12,23312,2195062784,31707136,0.0,0.09501124093075913,0,13,0.0,0.02,0.0,0.0,0.0,10829824,0,7,4,1,0,sleeping,108,43,1724416,24576,17334,8754
2025-05-20 04:43:13,23312,2195062784,31707136,0.0,0.09501124093075913,0,13,0.0,0.02,0.0,0.0,0.0,10829824,0,7,4,1,0,sleeping,108,43,1724416,24576,17334,8754
2025-05-20 04:43:14,23312,2195062784,31707136,0.0,0.09501124093075913,0,13,0.0,0.02,0.0,0.0,0.0,10829824,0,7,4,1,0,sleeping,108,43,1724416,24576,17334,8754
2025-05-20 04:43:15,23312,2195062784,31707136,0.0,0.09501124093075913,0,13,0.0,0.02,0.0,0.0,0.0,10829824,0,7,4,1,0,sleeping,108,43,1724416,24576,17334,8754
2025-05-20 04:43:16,23312,2195062784,31707136,0.0,0.09501124093075913,0,13,0.0,0.02,0.0,0.0,0.0,10829824,0,7,4,1,0,sleeping,108,43,1724416,24576,17334,8754
2025-05-20 04:43:17,23312,2195062784,31707136,0.0,0.09501124093075913,0,13,0.0,0.02,0.0,0.0,0.0,10829824,0,7,4,1,0,sleeping,108,43,1724416,24576,17334,8754
2025-05-20 04:43:18,23312,2195062784,31707136,0.0,0.09501124093075913,0,13,0.0,0.02,0.0,0.0,0.0,10829824,0,7,4,1,0,sleeping,108,43,1724416,24576,17334,8754
2025-05-20 04:43:20,23312,2195062784,31707136,0.0,0.09501124093075913,0,13,0.0,0.02,0.0,0.0,0.0,10829824,0,7,4,1,0,sleeping,108,43,1724416,24576,17334,8754
2025-05-20 04:43:21,23312,2195062784,31174656,0.0,0.09341565104301869,0,13,0.0,0.02,0.0,0.0,0.0,10227712,0,7,4,1,0,sleeping,111,45,1724416,24576,17470,8882
2025-05-20 04:43:22,23312,2195062784,31174656,0.0,0.09341565104301869,0,13,0.0,0.02,0.0,0.0,0.0,10227712,0,7,4,1,0,sleeping,111,45,1724416,24576,17470,8882
2025-05-20 04:43:23,23312,2195062784,31174656,0.0,0.09341565104301869,0,13,0.0,0.02,0.0,0.0,0.0,10227712,0,7,4,1,0,sleeping,111,45,1724416,24576,17470,8882
2025-05-20 04:43:24,23312,2195062784,31174656,0.0,0.09341565104301869,0,13,0.0,0.02,0.0,0.0,0.0,10227712,0,7,4,1,0,sleeping,111,45,1724416,24576,17470,8882
2025-05-20 04:43:26,23312,2195062784,31174656,0.0,0.09341565104301869,0,13,0.0,0.02,0.0,0.0,0.0,10227712,0,7,4,1,0,sleeping,111,45,1724416,24576,17470,8882
2025-05-20 04:43:27,23312,2195062784,31174656,0.0,0.09341565104301869,0,13,0.0,0.02,0.0,0.0,0.0,10227712,0,7,4,1,0,sleeping,111,45,1724416,24576,17470,8882
2025-05-20 04:43:29,23312,2195062784,31174656,0.0,0.09341565104301869,0,13,0.0,0.02,0.0,0.0,0.0,10227712,0,7,4,1,0,sleeping,111,45,1724416,24576,17470,8882
2025-05-20 04:43:30,23312,2195062784,31174656,0.0,0.09341565104301869,0,13,0.0,0.02,0.0,0.0,0.0,10227712,0,7,4,1,0,sleeping,111,45,1724416,24576,17470,8882
2025-05-20 04:43:31,23312,2195062784,31174656,0.0,0.09341565104301869,0,13,0.0,0.02,0.0,0.0,0.0,10227712,0,7,4,1,0,sleeping,111,45,1724416,24576,17470,8882
2025-05-20 04:43:32,23312,2195062784,31174656,0.0,0.09341565104301869,0,13,0.0,0.02,0.0,0.0,0.0,10227712,0,7,4,1,0,sleeping,111,45,1724416,24576,17470,8882
2025-05-20 04:43:33,23312,2195062784,31174656,0.0,0.09341565104301869,0,13,0.0,0.02,0.0,0.0,0.0,10227712,0,7,4,1,0,sleeping,111,45,1724416,24576,17470,8882
2025-05-20 04:43:34,23312,2195062784,31174656,0.0,0.09341565104301869,0,13,0.0,0.02,0.0,0.0,0.0,10227712,0,7,4,1,0,sleeping,111,45,1724416,24576,17470,8882
2025-05-20 04:43:35,23312,2195062784,31174656,0.0,0.09341565104301869,0,13,0.0,0.02,0.0,0.0,0.0,10227712,0,7,4,1,0,sleeping,111,45,1724416,24576,17470,8882
2025-05-20 04:43:36,23312,2195062784,31174656,0.0,0.09341565104301869,0,13,0.0,0.02,0.0,0.0,0.0,10227712,0,7,4,1,0,sleeping,111,45,1724416,24576,17470,8882
2025-05-20 04:43:37,23312,2195062784,31174656,0.0,0.09341565104301869,0,13,0.0,0.02,0.0,0.0,0.0,10227712,0,7,4,1,0,sleeping,111,45,1724416,24576,17470,8882
2025-05-20 04:43:38,23312,2195062784,31174656,0.0,0.09341565104301869,0,13,0.0,0.02,0.0,0.0,0.0,10227712,0,7,4,1,0,sleeping,111,45,1724416,24576,17470,8882
2025-05-20 04:43:40,23312,2195062784,31174656,0.0,0.09341565104301869,0,13,0.0,0.02,0.0,0.0,0.0,10227712,0,7,4,1,0,sleeping,111,45,1724416,24576,17470,8882
2025-05-20 04:43:41,23312,2195062784,31174656,0.0,0.09341565104301869,0,13,0.0,0.02,0.0,0.0,0.0,10227712,0,7,4,1,0,sleeping,111,45,1724416,24576,17470,8882
2025-05-20 04:43:42,23312,2195062784,31174656,0.0,0.09341565104301869,0,13,0.0,0.02,0.0,0.0,0.0,10227712,0,7,4,1,0,sleeping,111,45,1724416,24576,17470,8882
2025-05-20 04:43:43,23312,2195062784,31174656,0.0,0.09341565104301869,0,13,0.0,0.02,0.0,0.0,0.0,10227712,0,7,4,1,0,sleeping,111,45,1724416,24576,17470,8882
2025-05-20 04:43:45,23312,2195062784,31174656,0.0,0.09341565104301869,0,13,0.0,0.02,0.0,0.0,0.0,10227712,0,7,4,1,0,sleeping,111,45,1724416,24576,17470,8882
2025-05-20 04:43:46,23312,2195062784,31174656,0.0,0.09341565104301869,0,13,0.0,0.02,0.0,0.0,0.0,10227712,0,7,4,1,0,sleeping,111,45,1724416,24576,17470,8882
2025-05-20 04:43:47,23312,2195062784,31174656,0.0,0.09341565104301869,0,13,0.0,0.02,0.0,0.0,0.0,10227712,0,7,4,1,0,sleeping,111,45,1724416,24576,17470,8882
2025-05-20 04:43:48,23312,2195062784,31174656,0.0,0.09341565104301869,0,13,0.0,0.02,0.0,0.0,0.0,10227712,0,7,4,1,0,sleeping,111,45,1724416,24576,17470,8882
2025-05-20 04:43:49,23312,2195062784,31174656,0.0,0.09341565104301869,0,13,0.0,0.02,0.0,0.0,0.0,10227712,0,7,4,1,0,sleeping,111,45,1724416,24576,17470,8882
2025-05-20 04:43:50,23312,2195062784,31174656,0.0,0.09341565104301869,0,13,0.0,0.02,0.0,0.0,0.0,10227712,0,7,4,1,0,sleeping,111,45,1724416,24576,17470,8882
2025-05-20 04:43:51,23312,2195062784,31174656,0.0,0.09341565104301869,0,13,0.0,0.02,0.0,0.0,0.0,10227712,0,7,4,1,0,sleeping,113,46,1724416,28672,17598,9002
2025-05-20 04:43:52,23312,2195062784,31174656,0.0,0.09341565104301869,0,13,0.0,0.02,0.0,0.0,0.0,10227712,0,7,4,1,0,sleeping,113,46,1724416,28672,17598,9002
2025-05-20 04:43:53,23312,2195062784,31174656,0.0,0.09341565104301869,0,13,0.0,0.02,0.0,0.0,0.0,10227712,0,7,4,1,0,sleeping,113,46,1724416,28672,17598,9002
2025-05-20 04:43:54,23312,2195062784,31174656,0.0,0.09341565104301869,0,13,0.0,0.02,0.0,0.0,0.0,10227712,0,7,4,1,0,sleeping,113,46,1724416,28672,17598,9002
2025-05-20 04:43:55,23312,2195062784,31174656,0.0,0.09341565104301869,0,13,0.0,0.02,0.0,0.0,0.0,10227712,0,7,4,1,0,sleeping,113,46,1724416,28672,17598,9002
2025-05-20 04:43:56,23312,2195062784,31174656,0.0,0.09341565104301869,0,13,0.0,0.02,0.0,0.0,0.0,10227712,0,7,4,1,0,sleeping,113,46,1724416,28672,17598,9002
2025-05-20 04:43:58,23312,2195062784,31174656,0.0,0.09341565104301869,0,13,0.0,0.02,0.0,0.0,0.0,10227712,0,7,4,1,0,sleeping,113,46,1724416,28672,17598,9002
2025-05-20 04:43:59,23312,2195062784,31174656,0.0,0.09341565104301869,0,13,0.0,0.02,0.0,0.0,0.0,10227712,0,7,4,1,0,sleeping,113,46,1724416,28672,17598,9002
2025-05-20 04:44:00,23312,2195062784,31174656,0.0,0.09341565104301869,0,13,0.0,0.02,0.0,0.0,0.0,10227712,0,7,4,1,0,sleeping,113,46,1724416,28672,17598,9002
2025-05-20 04:44:01,23312,2195062784,31174656,0.0,0.09341565104301869,0,13,0.0,0.02,0.0,0.0,0.0,10227712,0,7,4,1,0,sleeping,113,46,1724416,28672,17598,9002
2025-05-20 04:44:03,23312,2195062784,31174656,0.0,0.09341565104301869,0,13,0.0,0.02,0.0,0.0,0.0,10227712,0,7,4,1,0,sleeping,113,46,1724416,28672,17598,9002
2025-05-20 04:44:04,23312,2195062784,31174656,0.0,0.09341565104301869,0,13,0.0,0.02,0.0,0.0,0.0,10227712,0,7,4,1,0,sleeping,113,46,1724416,28672,17598,9002
2025-05-20 04:44:05,23312,2195062784,31174656,0.0,0.09341565104301869,0,13,0.0,0.02,0.0,0.0,0.0,10227712,0,7,4,1,0,sleeping,113,46,1724416,28672,17598,9002
2025-05-20 04:44:06,23312,2195062784,31174656,0.0,0.09341565104301869,0,13,0.0,0.02,0.0,0.0,0.0,10227712,0,7,4,1,0,sleeping,113,46,1724416,28672,17598,9002
2025-05-20 04:44:08,23312,2195062784,31174656,0.0,0.09341565104301869,0,13,0.0,0.02,0.0,0.0,0.0,10227712,0,7,4,1,0,sleeping,113,46,1724416,28672,17598,9002
2025-05-20 04:44:09,23312,2195062784,31174656,0.0,0.09341565104301869,0,13,0.0,0.02,0.0,0.0,0.0,10227712,0,7,4,1,0,sleeping,113,46,1724416,28672,17598,9002
2025-05-20 04:44:10,23312,2195062784,31174656,0.0,0.09341565104301869,0,13,0.0,0.02,0.0,0.0,0.0,10227712,0,7,4,1,0,sleeping,113,46,1724416,28672,17598,9002
2025-05-20 04:44:11,23312,2195062784,31174656,0.0,0.09341565104301869,0,13,0.0,0.02,0.0,0.0,0.0,10227712,0,7,4,1,0,sleeping,113,46,1724416,28672,17598,9002
2025-05-20 04:44:12,23312,2195062784,31174656,0.0,0.09341565104301869,0,13,0.0,0.02,0.0,0.0,0.0,10227712,0,7,4,1,0,sleeping,113,46,1724416,28672,17598,9002
2025-05-20 04:44:13,23312,2195062784,31174656,0.0,0.09341565104301869,0,13,0.0,0.02,0.0,0.0,0.0,10227712,0,7,4,1,0,sleeping,113,46,1724416,28672,17598,9002
2025-05-20 04:44:14,23312,2195062784,31174656,0.0,0.09341565104301869,0,13,0.0,0.02,0.0,0.0,0.0,10227712,0,7,4,1,0,sleeping,113,46,1724416,28672,17598,9002
2025-05-20 04:44:15,23312,2195062784,31174656,0.0,0.09341565104301869,0,13,0.0,0.02,0.0,0.0,0.0,10227712,0,7,4,1,0,sleeping,113,46,1724416,28672,17598,9002
2025-05-20 04:44:16,23312,2195062784,31174656,0.0,0.09341565104301869,0,13,0.0,0.02,0.0,0.0,0.0,10227712,0,7,4,1,0,sleeping,113,46,1724416,28672,17598,9002
2025-05-20 04:44:17,23312,2195062784,31174656,0.0,0.09341565104301869,0,13,0.0,0.02,0.0,0.0,0.0,10227712,0,7,4,1,0,sleeping,113,46,1724416,28672,17598,9002
2025-05-20 04:44:18,23312,2195062784,31174656,0.0,0.09341565104301869,0,13,0.0,0.02,0.0,0.0,0.0,10227712,0,7,4,1,0,sleeping,113,46,1724416,28672,17598,9002
2025-05-20 04:44:20,23312,2195062784,31174656,0.0,0.09341565104301869,0,13,0.0,0.02,0.0,0.0,0.0,10227712,0,7,4,1,0,sleeping,113,46,1724416,28672,17598,9002
2025-05-20 04:44:21,23312,2195062784,31174656,0.0,0.09341565104301869,0,13,0.0,0.02,0.0,0.0,0.0,10227712,0,7,4,1,0,sleeping,115,47,1724416,28672,17726,9122
2025-05-20 04:44:22,23312,2195062784,31174656,0.0,0.09341565104301869,0,13,0.0,0.02,0.0,0.0,0.0,10227712,0,7,4,1,0,sleeping,115,47,1724416,28672,17726,9122
2025-05-20 04:44:24,23312,2195062784,31174656,0.0,0.09341565104301869,0,13,0.0,0.02,0.0,0.0,0.0,10227712,0,7,4,1,0,sleeping,115,47,1724416,28672,17726,9122
2025-05-20 04:44:25,23312,2195062784,31174656,0.0,0.09341565104301869,0,13,0.0,0.02,0.0,0.0,0.0,10227712,0,7,4,1,0,sleeping,115,47,1724416,28672,17726,9122
2025-05-20 04:44:26,23312,2195062784,31174656,0.0,0.09341565104301869,0,13,0.0,0.02,0.0,0.0,0.0,10227712,0,7,4,1,0,sleeping,115,47,1724416,28672,17726,9122
2025-05-20 04:44:27,23312,2195062784,31174656,0.0,0.09341565104301869,0,13,0.0,0.02,0.0,0.0,0.0,10227712,0,7,4,1,0,sleeping,115,47,1724416,28672,17726,9122
2025-05-20 04:44:28,23312,2195062784,31174656,0.0,0.09341565104301869,0,13,0.0,0.02,0.0,0.0,0.0,10227712,0,7,4,1,0,sleeping,115,47,1724416,28672,17726,9122
2025-05-20 04:44:29,23312,2195062784,31174656,0.0,0.09341565104301869,0,13,0.0,0.02,0.0,0.0,0.0,10227712,0,7,4,1,0,sleeping,115,47,1724416,28672,17726,9122
2025-05-20 04:44:30,23312,2195062784,31174656,0.0,0.09341565104301869,0,13,0.0,0.02,0.0,0.0,0.0,10227712,0,7,4,1,0,sleeping,115,47,1724416,28672,17726,9122
2025-05-20 04:44:31,23312,2195062784,31174656,0.0,0.09341565104301869,0,13,0.0,0.02,0.0,0.0,0.0,10227712,0,7,4,1,0,sleeping,115,47,1724416,28672,17726,9122
2025-05-20 04:44:33,23312,2195062784,31174656,0.0,0.09341565104301869,0,13,0.0,0.02,0.0,0.0,0.0,10227712,0,7,4,1,0,sleeping,115,47,1724416,28672,17726,9122
2025-05-20 04:44:34,23312,2195062784,31174656,0.0,0.09341565104301869,0,13,0.0,0.02,0.0,0.0,0.0,10227712,0,7,4,1,0,sleeping,115,47,1724416,28672,17726,9122
2025-05-20 04:44:35,23312,2195062784,31174656,0.0,0.09341565104301869,0,13,0.0,0.02,0.0,0.0,0.0,10227712,0,7,4,1,0,sleeping,115,47,1724416,28672,17726,9122
2025-05-20 04:44:36,23312,2195062784,31174656,0.0,0.09341565104301869,0,13,0.0,0.02,0.0,0.0,0.0,10227712,0,7,4,1,0,sleeping,115,47,1724416,28672,17726,9122
2025-05-20 04:44:37,23312,2195062784,31174656,0.0,0.09341565104301869,0,13,0.0,0.02,0.0,0.0,0.0,10227712,0,7,4,1,0,sleeping,115,47,1724416,28672,17726,9122
2025-05-20 04:44:38,23312,2195062784,31174656,0.0,0.09341565104301869,0,13,0.0,0.02,0.0,0.0,0.0,10227712,0,7,4,1,0,sleeping,115,47,1724416,28672,17726,9122
2025-05-20 04:44:39,23312,2195062784,31174656,0.0,0.09341565104301869,0,13,0.0,0.02,0.0,0.0,0.0,10227712,0,7,4,1,0,sleeping,115,47,1724416,28672,17726,9122
2025-05-20 04:44:41,23312,2195062784,31174656,0.0,0.09341565104301869,0,13,0.0,0.02,0.0,0.0,0.0,10227712,0,7,4,1,0,sleeping,115,47,1724416,28672,17726,9122
2025-05-20 04:44:42,23312,2195062784,31174656,0.0,0.09341565104301869,0,13,0.0,0.02,0.0,0.0,0.0,10227712,0,7,4,1,0,sleeping,115,47,1724416,28672,17726,9122
2025-05-20 04:44:43,23312,2195062784,31174656,0.0,0.09341565104301869,0,13,0.0,0.02,0.0,0.0,0.0,10227712,0,7,4,1,0,sleeping,115,47,1724416,28672,17726,9122
2025-05-20 04:44:44,23312,2195062784,31174656,0.0,0.09341565104301869,0,13,0.0,0.02,0.0,0.0,0.0,10227712,0,7,4,1,0,sleeping,115,47,1724416,28672,17726,9122
2025-05-20 04:44:46,23312,2195062784,31174656,0.0,0.09341565104301869,0,13,0.0,0.02,0.0,0.0,0.0,10227712,0,7,4,1,0,sleeping,115,47,1724416,28672,17726,9122
2025-05-20 04:44:47,23312,2195062784,31174656,0.0,0.09341565104301869,0,13,0.0,0.02,0.0,0.0,0.0,10227712,0,7,4,1,0,sleeping,115,47,1724416,28672,17726,9122
2025-05-20 04:44:48,23312,2195062784,31174656,0.0,0.09341565104301869,0,13,0.0,0.02,0.0,0.0,0.0,10227712,0,7,4,1,0,sleeping,115,47,1724416,28672,17726,9122
2025-05-20 04:44:49,23312,2195062784,31174656,0.0,0.09341565104301869,0,13,0.0,0.02,0.0,0.0,0.0,10227712,0,7,4,1,0,sleeping,115,47,1724416,28672,17726,9122
2025-05-20 04:44:50,23312,2195062784,31174656,0.0,0.09341565104301869,0,13,0.0,0.02,0.0,0.0,0.0,10227712,0,7,4,1,0,sleeping,115,47,1724416,28672,17726,9122
2025-05-20 04:44:51,23312,2195062784,31305728,0.0,0.0938084116307702,0,13,0.0,0.02,0.0,0.0,0.0,10280960,0,7,4,1,0,sleeping,117,48,1724416,32768,17854,9242
2025-05-20 04:44:52,23312,2195062784,31305728,0.0,0.0938084116307702,0,13,0.0,0.02,0.0,0.0,0.0,10280960,0,7,4,1,0,sleeping,117,48,1724416,32768,17854,9242
2025-05-20 04:44:53,23312,2195062784,31305728,0.0,0.0938084116307702,0,13,0.0,0.02,0.0,0.0,0.0,10280960,0,7,4,1,0,sleeping,117,48,1724416,32768,17854,9242
2025-05-20 04:44:54,23312,2195062784,31305728,0.0,0.0938084116307702,0,13,0.0,0.02,0.0,0.0,0.0,10280960,0,7,4,1,0,sleeping,117,48,1724416,32768,17854,9242
2025-05-20 04:44:55,23312,2195062784,31305728,0.0,0.0938084116307702,0,13,0.0,0.02,0.0,0.0,0.0,10280960,0,7,4,1,0,sleeping,117,48,1724416,32768,17854,9242
2025-05-20 04:44:57,23312,2195062784,31305728,0.0,0.0938084116307702,0,13,0.0,0.02,0.0,0.0,0.0,10280960,0,7,4,1,0,sleeping,117,48,1724416,32768,17854,9242
2025-05-20 04:44:58,23312,2195062784,31305728,0.0,0.0938084116307702,0,13,0.0,0.02,0.0,0.0,0.0,10280960,0,7,4,1,0,sleeping,117,48,1724416,32768,17854,9242
2025-05-20 04:44:59,23312,2195062784,31305728,0.0,0.0938084116307702,0,13,0.0,0.02,0.0,0.0,0.0,10280960,0,7,4,1,0,sleeping,117,48,1724416,32768,17854,9242
2025-05-20 04:45:01,23312,2195062784,31305728,0.0,0.0938084116307702,0,13,0.0,0.02,0.0,0.0,0.0,10280960,0,7,4,1,0,sleeping,117,48,1724416,32768,17854,9242
2025-05-20 04:45:02,23312,2195062784,31305728,0.0,0.0938084116307702,0,13,0.0,0.02,0.0,0.0,0.0,10280960,0,7,4,1,0,sleeping,117,48,1724416,32768,17854,9242
2025-05-20 04:45:03,23312,2195062784,31305728,0.0,0.0938084116307702,0,13,0.0,0.02,0.0,0.0,0.0,10280960,0,7,4,1,0,sleeping,117,48,1724416,32768,17854,9242
2025-05-20 04:45:04,23312,2195062784,31305728,0.0,0.0938084116307702,0,13,0.0,0.02,0.0,0.0,0.0,10280960,0,7,4,1,0,sleeping,117,48,1724416,32768,17854,9242
2025-05-20 04:45:05,23312,2195062784,31305728,0.0,0.0938084116307702,0,13,0.0,0.02,0.0,0.0,0.0,10280960,0,7,4,1,0,sleeping,117,48,1724416,32768,17854,9242
2025-05-20 04:45:06,23312,2195062784,31305728,0.0,0.0938084116307702,0,13,0.0,0.02,0.0,0.0,0.0,10280960,0,7,4,1,0,sleeping,117,48,1724416,32768,17854,9242
2025-05-20 04:45:07,23312,2195062784,31305728,0.0,0.0938084116307702,0,13,0.0,0.02,0.0,0.0,0.0,10280960,0,7,4,1,0,sleeping,117,48,1724416,32768,17854,9242
2025-05-20 04:45:08,23312,2195062784,31305728,0.0,0.0938084116307702,0,13,0.0,0.02,0.0,0.0,0.0,10280960,0,7,4,1,0,sleeping,117,48,1724416,32768,17854,9242
2025-05-20 04:45:09,23312,2195062784,31305728,0.0,0.0938084116307702,0,13,0.0,0.02,0.0,0.0,0.0,10280960,0,7,4,1,0,sleeping,117,48,1724416,32768,17854,9242
2025-05-20 04:45:10,23312,2195062784,31305728,0.0,0.0938084116307702,0,13,0.0,0.02,0.0,0.0,0.0,10280960,0,7,4,1,0,sleeping,117,48,1724416,32768,17854,9242
2025-05-20 04:45:11,23312,2195062784,31305728,0.0,0.0938084116307702,0,13,0.0,0.02,0.0,0.0,0.0,10280960,0,7,4,1,0,sleeping,117,48,1724416,32768,17854,9242
2025-05-20 04:45:13,23312,2195062784,31305728,0.0,0.0938084116307702,0,13,0.0,0.02,0.0,0.0,0.0,10280960,0,7,4,1,0,sleeping,117,48,1724416,32768,17854,9242
2025-05-20 04:45:14,23312,2195062784,31305728,0.0,0.0938084116307702,0,13,0.0,0.02,0.0,0.0,0.0,10280960,0,7,4,1,0,sleeping,117,48,1724416,32768,17854,9242
2025-05-20 04:45:15,23312,2195062784,31305728,0.0,0.0938084116307702,0,13,0.0,0.02,0.0,0.0,0.0,10280960,0,7,4,1,0,sleeping,117,48,1724416,32768,17854,9242
2025-05-20 04:45:17,23312,2195062784,31305728,0.0,0.0938084116307702,0,13,0.0,0.02,0.0,0.0,0.0,10280960,0,7,4,1,0,sleeping,117,48,1724416,32768,17854,9242
2025-05-20 04:45:18,23312,2195062784,31305728,0.0,0.0938084116307702,0,13,0.0,0.02,0.0,0.0,0.0,10280960,0,7,4,1,0,sleeping,117,48,1724416,32768,17854,9242
2025-05-20 04:45:19,23312,2195062784,31305728,0.0,0.0938084116307702,0,13,0.0,0.02,0.0,0.0,0.0,10280960,0,7,4,1,0,sleeping,117,48,1724416,32768,17854,9242
2025-05-20 04:45:20,23312,2195062784,31305728,0.0,0.0938084116307702,0,13,0.0,0.02,0.0,0.0,0.0,10280960,0,7,4,1,0,sleeping,117,48,1724416,32768,17854,9242
2025-05-20 04:45:21,23312,2195062784,31305728,0.0,0.0938084116307702,0,13,0.0,0.02,0.0,0.0,0.0,10280960,0,7,4,1,0,sleeping,119,49,1724416,32768,17982,9362
2025-05-20 04:45:22,23312,2195062784,31305728,0.0,0.0938084116307702,0,13,0.0,0.02,0.0,0.0,0.0,10280960,0,7,4,1,0,sleeping,119,49,1724416,32768,17982,9362
2025-05-20 04:45:23,23312,2195062784,31305728,0.0,0.0938084116307702,0,13,0.0,0.02,0.0,0.0,0.0,10280960,0,7,4,1,0,sleeping,119,49,1724416,32768,17982,9362
2025-05-20 04:45:24,23312,2195062784,31305728,0.0,0.0938084116307702,0,13,0.0,0.02,0.0,0.0,0.0,10280960,0,7,4,1,0,sleeping,119,49,1724416,32768,17982,9362
2025-05-20 04:45:25,23312,2195062784,31305728,0.0,0.0938084116307702,0,13,0.0,0.02,0.0,0.0,0.0,10280960,0,7,4,1,0,sleeping,119,49,1724416,32768,17982,9362
2025-05-20 04:45:26,23312,2195062784,31305728,0.0,0.0938084116307702,0,13,0.0,0.02,0.0,0.0,0.0,10280960,0,7,4,1,0,sleeping,119,49,1724416,32768,17982,9362
2025-05-20 04:45:27,23312,2195062784,31305728,0.0,0.0938084116307702,0,13,0.0,0.02,0.0,0.0,0.0,10280960,0,7,4,1,0,sleeping,119,49,1724416,32768,17982,9362
2025-05-20 04:45:29,23312,2195062784,31305728,0.0,0.0938084116307702,0,13,0.0,0.02,0.0,0.0,0.0,10280960,0,7,4,1,0,sleeping,119,49,1724416,32768,17982,9362
2025-05-20 04:45:30,23312,2195062784,31305728,0.0,0.0938084116307702,0,13,0.0,0.02,0.0,0.0,0.0,10280960,0,7,4,1,0,sleeping,119,49,1724416,32768,17982,9362
2025-05-20 04:45:31,23312,2195062784,31305728,0.0,0.0938084116307702,0,13,0.0,0.02,0.0,0.0,0.0,10280960,0,7,4,1,0,sleeping,119,49,1724416,32768,17982,9362
2025-05-20 04:45:33,23312,2195062784,31305728,0.0,0.0938084116307702,0,13,0.0,0.02,0.0,0.0,0.0,10280960,0,7,4,1,0,sleeping,119,49,1724416,32768,17982,9362
2025-05-20 04:45:34,23312,2195062784,31305728,0.0,0.0938084116307702,0,13,0.0,0.02,0.0,0.0,0.0,10280960,0,7,4,1,0,sleeping,119,49,1724416,32768,17982,9362
2025-05-20 04:45:35,23312,2195062784,31305728,0.0,0.0938084116307702,0,13,0.0,0.02,0.0,0.0,0.0,10280960,0,7,4,1,0,sleeping,119,49,1724416,32768,17982,9362
2025-05-20 04:45:36,23312,2195062784,31305728,0.0,0.0938084116307702,0,13,0.0,0.02,0.0,0.0,0.0,10280960,0,7,4,1,0,sleeping,119,49,1724416,32768,17982,9362
2025-05-20 04:45:37,23312,2195062784,31305728,0.0,0.0938084116307702,0,13,0.0,0.02,0.0,0.0,0.0,10280960,0,7,4,1,0,sleeping,119,49,1724416,32768,17982,9362
2025-05-20 04:45:38,23312,2195062784,31305728,0.0,0.0938084116307702,0,13,0.0,0.02,0.0,0.0,0.0,10280960,0,7,4,1,0,sleeping,119,49,1724416,32768,17982,9362
2025-05-20 04:45:39,23312,2195062784,31305728,0.0,0.0938084116307702,0,13,0.0,0.02,0.0,0.0,0.0,10280960,0,7,4,1,0,sleeping,119,49,1724416,32768,17982,9362
2025-05-20 04:45:40,23312,2195062784,31305728,0.0,0.0938084116307702,0,13,0.0,0.02,0.0,0.0,0.0,10280960,0,7,4,1,0,sleeping,119,49,1724416,32768,17982,9362
2025-05-20 04:45:41,23312,2195062784,31305728,0.0,0.0938084116307702,0,13,0.0,0.02,0.0,0.0,0.0,10280960,0,7,4,1,0,sleeping,119,49,1724416,32768,17982,9362
2025-05-20 04:45:43,23312,2195062784,31305728,0.0,0.0938084116307702,0,13,0.0,0.02,0.0,0.0,0.0,10280960,0,7,4,1,0,sleeping,119,49,1724416,32768,17982,9362
2025-05-20 04:45:44,23312,2195062784,31305728,0.0,0.0938084116307702,0,13,0.0,0.02,0.0,0.0,0.0,10280960,0,7,4,1,0,sleeping,119,49,1724416,32768,17982,9362
2025-05-20 04:45:45,23312,2195062784,31305728,0.0,0.0938084116307702,0,13,0.0,0.02,0.0,0.0,0.0,10280960,0,7,4,1,0,sleeping,119,49,1724416,32768,17982,9362
2025-05-20 04:45:46,23312,2195062784,31305728,0.0,0.0938084116307702,0,13,0.0,0.02,0.0,0.0,0.0,10280960,0,7,4,1,0,sleeping,119,49,1724416,32768,17982,9362
2025-05-20 04:45:47,23312,2195062784,31305728,0.0,0.0938084116307702,0,13,0.0,0.02,0.0,0.0,0.0,10280960,0,7,4,1,0,sleeping,119,49,1724416,32768,17982,9362
2025-05-20 04:45:48,23312,2195062784,31305728,0.0,0.0938084116307702,0,13,0.0,0.02,0.0,0.0,0.0,10280960,0,7,4,1,0,sleeping,119,49,1724416,32768,17982,9362
2025-05-20 04:45:50,23312,2195062784,31305728,0.0,0.0938084116307702,0,13,0.0,0.02,0.0,0.0,0.0,10280960,0,7,4,1,0,sleeping,119,49,1724416,32768,17982,9362
2025-05-20 04:45:51,23312,2195062784,31305728,0.0,0.0938084116307702,0,13,0.0,0.02,0.0,0.0,0.0,10280960,0,7,4,1,0,sleeping,121,50,1724416,36864,18110,9482
2025-05-20 04:45:52,23312,2195062784,31305728,0.0,0.0938084116307702,0,13,0.0,0.02,0.0,0.0,0.0,10280960,0,7,4,1,0,sleeping,121,50,1724416,36864,18110,9482
2025-05-20 04:45:53,23312,2195062784,31305728,0.0,0.0938084116307702,0,13,0.0,0.02,0.0,0.0,0.0,10280960,0,7,4,1,0,sleeping,121,50,1724416,36864,18110,9482
2025-05-20 04:45:54,23312,2195062784,31305728,0.0,0.0938084116307702,0,13,0.0,0.02,0.0,0.0,0.0,10280960,0,7,4,1,0,sleeping,121,50,1724416,36864,18110,9482
2025-05-20 04:45:56,23312,2195062784,31305728,0.0,0.0938084116307702,0,13,0.0,0.02,0.0,0.0,0.0,10280960,0,7,4,1,0,sleeping,121,50,1724416,36864,18110,9482
2025-05-20 04:45:57,23312,2195062784,31305728,0.0,0.0938084116307702,0,13,0.0,0.02,0.0,0.0,0.0,10280960,0,7,4,1,0,sleeping,121,50,1724416,36864,18110,9482
2025-05-20 04:45:58,23312,2195062784,31305728,0.0,0.0938084116307702,0,13,0.0,0.02,0.0,0.0,0.0,10280960,0,7,4,1,0,sleeping,121,50,1724416,36864,18110,9482
2025-05-20 04:45:59,23312,2195062784,31305728,0.0,0.0938084116307702,0,13,0.0,0.02,0.0,0.0,0.0,10280960,0,7,4,1,0,sleeping,121,50,1724416,36864,18110,9482
2025-05-20 04:46:00,23312,2195062784,31305728,0.0,0.0938084116307702,0,13,0.0,0.02,0.0,0.0,0.0,10280960,0,7,4,1,0,sleeping,121,50,1724416,36864,18110,9482
2025-05-20 04:46:01,23312,2195062784,31305728,0.0,0.0938084116307702,0,13,0.0,0.02,0.0,0.0,0.0,10280960,0,7,4,1,0,sleeping,121,50,1724416,36864,18110,9482
2025-05-20 04:46:02,23312,2195062784,31305728,0.0,0.0938084116307702,0,13,0.0,0.02,0.0,0.0,0.0,10280960,0,7,4,1,0,sleeping,121,50,1724416,36864,18110,9482
2025-05-20 04:46:03,23312,2195062784,31305728,0.0,0.0938084116307702,0,13,0.0,0.02,0.0,0.0,0.0,10280960,0,7,4,1,0,sleeping,121,50,1724416,36864,18110,9482
2025-05-20 04:46:04,23312,2195062784,31305728,0.0,0.0938084116307702,0,13,0.0,0.02,0.0,0.0,0.0,10280960,0,7,4,1,0,sleeping,121,50,1724416,36864,18110,9482
2025-05-20 04:46:06,23312,2195062784,31305728,0.0,0.0938084116307702,0,13,0.0,0.02,0.0,0.0,0.0,10280960,0,7,4,1,0,sleeping,121,50,1724416,36864,18110,9482
2025-05-20 04:46:07,23312,2195062784,31305728,0.0,0.0938084116307702,0,13,0.0,0.02,0.0,0.0,0.0,10280960,0,7,4,1,0,sleeping,121,50,1724416,36864,18110,9482
2025-05-20 04:46:08,23312,2195062784,31305728,0.0,0.0938084116307702,0,13,0.0,0.02,0.0,0.0,0.0,10280960,0,7,4,1,0,sleeping,121,50,1724416,36864,18110,9482
2025-05-20 04:46:09,23312,2195062784,31305728,0.0,0.0938084116307702,0,13,0.0,0.02,0.0,0.0,0.0,10280960,0,7,4,1,0,sleeping,121,50,1724416,36864,18110,9482
2025-05-20 04:46:10,23312,2195062784,31305728,0.0,0.0938084116307702,0,13,0.0,0.02,0.0,0.0,0.0,10280960,0,7,4,1,0,sleeping,121,50,1724416,36864,18110,9482
2025-05-20 04:46:11,23312,2195062784,31305728,0.0,0.0938084116307702,0,13,0.0,0.02,0.0,0.0,0.0,10280960,0,7,4,1,0,sleeping,121,50,1724416,36864,18110,9482
2025-05-20 04:46:13,23312,2195062784,31305728,0.0,0.0938084116307702,0,13,0.0,0.02,0.0,0.0,0.0,10280960,0,7,4,1,0,sleeping,121,50,1724416,36864,18110,9482
2025-05-20 04:46:14,23312,2195062784,31305728,0.0,0.0938084116307702,0,13,0.0,0.02,0.0,0.0,0.0,10280960,0,7,4,1,0,sleeping,121,50,1724416,36864,18110,9482
2025-05-20 04:46:15,23312,2195062784,31305728,0.0,0.0938084116307702,0,13,0.0,0.02,0.0,0.0,0.0,10280960,0,7,4,1,0,sleeping,121,50,1724416,36864,18110,9482
2025-05-20 04:46:16,23312,2195062784,31305728,0.0,0.0938084116307702,0,13,0.0,0.02,0.0,0.0,0.0,10280960,0,7,4,1,0,sleeping,121,50,1724416,36864,18110,9482
2025-05-20 04:46:17,23312,2195062784,31305728,0.0,0.0938084116307702,0,13,0.0,0.02,0.0,0.0,0.0,10280960,0,7,4,1,0,sleeping,121,50,1724416,36864,18110,9482
2025-05-20 04:46:18,23312,2195062784,31305728,0.0,0.0938084116307702,0,13,0.0,0.02,0.0,0.0,0.0,10280960,0,7,4,1,0,sleeping,121,50,1724416,36864,18110,9482
2025-05-20 04:46:19,23312,2195062784,31305728,0.0,0.0938084116307702,0,13,0.0,0.02,0.0,0.0,0.0,10280960,0,7,4,1,0,sleeping,121,50,1724416,36864,18110,9482
2025-05-20 04:46:20,23312,2195062784,31305728,0.0,0.0938084116307702,0,13,0.0,0.02,0.0,0.0,0.0,10280960,0,7,4,1,0,sleeping,121,50,1724416,36864,18110,9482
2025-05-20 04:46:21,23312,2195062784,31305728,0.0,0.0938084116307702,0,13,0.0,0.02,0.0,0.0,0.0,10280960,0,7,4,1,0,sleeping,123,51,1724416,36864,18238,9602
2025-05-20 04:46:23,23312,2195062784,31305728,0.0,0.0938084116307702,0,13,0.0,0.02,0.0,0.0,0.0,10280960,0,7,4,1,0,sleeping,123,51,1724416,36864,18238,9602
2025-05-20 04:46:24,23312,2195062784,31305728,0.0,0.0938084116307702,0,13,0.0,0.02,0.0,0.0,0.0,10280960,0,7,4,1,0,sleeping,123,51,1724416,36864,18238,9602
2025-05-20 04:46:25,23312,2195062784,31305728,0.0,0.0938084116307702,0,13,0.0,0.02,0.0,0.0,0.0,10280960,0,7,4,1,0,sleeping,123,51,1724416,36864,18238,9602
2025-05-20 04:46:27,23312,2195062784,31305728,0.0,0.0938084116307702,0,13,0.0,0.02,0.0,0.0,0.0,10280960,0,7,4,1,0,sleeping,123,51,1724416,36864,18238,9602
2025-05-20 04:46:28,23312,2195062784,31305728,0.0,0.0938084116307702,0,13,0.0,0.02,0.0,0.0,0.0,10280960,0,7,4,1,0,sleeping,123,51,1724416,36864,18238,9602
2025-05-20 04:46:29,23312,2195062784,31305728,0.0,0.0938084116307702,0,13,0.0,0.02,0.0,0.0,0.0,10280960,0,7,4,1,0,sleeping,123,51,1724416,36864,18238,9602
2025-05-20 04:46:30,23312,2195062784,31305728,0.0,0.0938084116307702,0,13,0.0,0.02,0.0,0.0,0.0,10280960,0,7,4,1,0,sleeping,123,51,1724416,36864,18238,9602
2025-05-20 04:46:31,23312,2195062784,31305728,0.0,0.0938084116307702,0,13,0.0,0.02,0.0,0.0,0.0,10280960,0,7,4,1,0,sleeping,123,51,1724416,36864,18238,9602
2025-05-20 04:46:32,23312,2195062784,31305728,0.0,0.0938084116307702,0,13,0.0,0.02,0.0,0.0,0.0,10280960,0,7,4,1,0,sleeping,123,51,1724416,36864,18238,9602
2025-05-20 04:46:33,23312,2195062784,31305728,0.0,0.0938084116307702,0,13,0.0,0.02,0.0,0.0,0.0,10280960,0,7,4,1,0,sleeping,123,51,1724416,36864,18238,9602
2025-05-20 04:46:34,23312,2195062784,31305728,0.0,0.0938084116307702,0,13,0.0,0.02,0.0,0.0,0.0,10280960,0,7,4,1,0,sleeping,123,51,1724416,36864,18238,9602
2025-05-20 04:46:35,23312,2195062784,31305728,0.0,0.0938084116307702,0,13,0.0,0.02,0.0,0.0,0.0,10280960,0,7,4,1,0,sleeping,123,51,1724416,36864,18238,9602
2025-05-20 04:46:36,23312,2195062784,31305728,0.0,0.0938084116307702,0,13,0.0,0.02,0.0,0.0,0.0,10280960,0,7,4,1,0,sleeping,123,51,1724416,36864,18238,9602
2025-05-20 04:46:37,23312,2195062784,31305728,0.0,0.0938084116307702,0,13,0.0,0.02,0.0,0.0,0.0,10280960,0,7,4,1,0,sleeping,123,51,1724416,36864,18238,9602
2025-05-20 04:46:39,23312,2195062784,31305728,0.0,0.0938084116307702,0,13,0.0,0.02,0.0,0.0,0.0,10280960,0,7,4,1,0,sleeping,123,51,1724416,36864,18238,9602
2025-05-20 04:46:40,23312,2195062784,31305728,0.0,0.0938084116307702,0,13,0.0,0.02,0.0,0.0,0.0,10280960,0,7,4,1,0,sleeping,123,51,1724416,36864,18238,9602
2025-05-20 04:46:41,23312,2195062784,31305728,0.0,0.0938084116307702,0,13,0.0,0.02,0.0,0.0,0.0,10280960,0,7,4,1,0,sleeping,123,51,1724416,36864,18238,9602
2025-05-20 04:46:43,23312,2195062784,31305728,0.0,0.0938084116307702,0,13,0.0,0.02,0.0,0.0,0.0,10280960,0,7,4,1,0,sleeping,123,51,1724416,36864,18238,9602
2025-05-20 04:46:44,23312,2195062784,31305728,0.0,0.0938084116307702,0,13,0.0,0.02,0.0,0.0,0.0,10280960,0,7,4,1,0,sleeping,123,51,1724416,36864,18238,9602
2025-05-20 04:46:45,23312,2195062784,31305728,0.0,0.0938084116307702,0,13,0.0,0.02,0.0,0.0,0.0,10280960,0,7,4,1,0,sleeping,123,51,1724416,36864,18238,9602
2025-05-20 04:46:46,23312,2195062784,31305728,0.0,0.0938084116307702,0,13,0.0,0.02,0.0,0.0,0.0,10280960,0,7,4,1,0,sleeping,123,51,1724416,36864,18238,9602
2025-05-20 04:46:47,23312,2195062784,31305728,0.0,0.0938084116307702,0,13,0.0,0.02,0.0,0.0,0.0,10280960,0,7,4,1,0,sleeping,123,51,1724416,36864,18238,9602
2025-05-20 04:46:48,23312,2195062784,31305728,0.0,0.0938084116307702,0,13,0.0,0.02,0.0,0.0,0.0,10280960,0,7,4,1,0,sleeping,123,51,1724416,36864,18238,9602
2025-05-20 04:46:49,23312,2195062784,31305728,0.0,0.0938084116307702,0,13,0.0,0.02,0.0,0.0,0.0,10280960,0,7,4,1,0,sleeping,123,51,1724416,36864,18238,9602
2025-05-20 04:46:50,23312,2195062784,31305728,0.0,0.0938084116307702,0,13,0.0,0.02,0.0,0.0,0.0,10280960,0,7,4,1,0,sleeping,123,51,1724416,36864,18238,9602
2025-05-20 04:46:51,23312,2195062784,31305728,0.9,0.0938084116307702,0,13,0.01,0.02,0.0,0.0,0.0,10371072,0,7,4,1,0,sleeping,125,52,1724416,40960,18366,9722
2025-05-20 04:46:52,23312,2195062784,31305728,0.0,0.0938084116307702,0,13,0.01,0.02,0.0,0.0,0.0,10371072,0,7,4,1,0,sleeping,125,52,1724416,40960,18366,9722
2025-05-20 04:46:53,23312,2195062784,31305728,0.0,0.0938084116307702,0,13,0.01,0.02,0.0,0.0,0.0,10371072,0,7,4,1,0,sleeping,125,52,1724416,40960,18366,9722
2025-05-20 04:46:54,23312,2195062784,31305728,0.0,0.0938084116307702,0,13,0.01,0.02,0.0,0.0,0.0,10371072,0,7,4,1,0,sleeping,125,52,1724416,40960,18366,9722
2025-05-20 04:46:56,23312,2195062784,31305728,0.0,0.0938084116307702,0,13,0.01,0.02,0.0,0.0,0.0,10371072,0,7,4,1,0,sleeping,125,52,1724416,40960,18366,9722
2025-05-20 04:46:57,23312,2195062784,31305728,0.0,0.0938084116307702,0,13,0.01,0.02,0.0,0.0,0.0,10371072,0,7,4,1,0,sleeping,125,52,1724416,40960,18366,9722
2025-05-20 04:46:58,23312,2195062784,31305728,0.0,0.0938084116307702,0,13,0.01,0.02,0.0,0.0,0.0,10371072,0,7,4,1,0,sleeping,125,52,1724416,40960,18366,9722
2025-05-20 04:47:00,23312,2195062784,31305728,0.0,0.0938084116307702,0,13,0.01,0.02,0.0,0.0,0.0,10371072,0,7,4,1,0,sleeping,125,52,1724416,40960,18366,9722
2025-05-20 04:47:01,23312,2195062784,31305728,0.0,0.0938084116307702,0,13,0.01,0.02,0.0,0.0,0.0,10371072,0,7,4,1,0,sleeping,125,52,1724416,40960,18366,9722
2025-05-20 04:47:02,23312,2195062784,31305728,0.0,0.0938084116307702,0,13,0.01,0.02,0.0,0.0,0.0,10371072,0,7,4,1,0,sleeping,125,52,1724416,40960,18366,9722
2025-05-20 04:47:03,23312,2195062784,31305728,0.0,0.0938084116307702,0,13,0.01,0.02,0.0,0.0,0.0,10371072,0,7,4,1,0,sleeping,125,52,1724416,40960,18366,9722
2025-05-20 04:47:04,23312,2195062784,31305728,0.0,0.0938084116307702,0,13,0.01,0.02,0.0,0.0,0.0,10371072,0,7,4,1,0,sleeping,125,52,1724416,40960,18366,9722
2025-05-20 04:47:05,23312,2195062784,31305728,0.0,0.0938084116307702,0,13,0.01,0.02,0.0,0.0,0.0,10371072,0,7,4,1,0,sleeping,125,52,1724416,40960,18366,9722
2025-05-20 04:47:06,23312,2195062784,31305728,0.0,0.0938084116307702,0,13,0.01,0.02,0.0,0.0,0.0,10371072,0,7,4,1,0,sleeping,125,52,1724416,40960,18366,9722
2025-05-20 04:47:08,23312,2195062784,31305728,0.0,0.0938084116307702,0,13,0.01,0.02,0.0,0.0,0.0,10371072,0,7,4,1,0,sleeping,125,52,1724416,40960,18366,9722
2025-05-20 04:47:09,23312,2195062784,31305728,0.0,0.0938084116307702,0,13,0.01,0.02,0.0,0.0,0.0,10371072,0,7,4,1,0,sleeping,125,52,1724416,40960,18366,9722
2025-05-20 04:47:10,23312,2195062784,31305728,0.0,0.0938084116307702,0,13,0.01,0.02,0.0,0.0,0.0,10371072,0,7,4,1,0,sleeping,125,52,1724416,40960,18366,9722
2025-05-20 04:47:11,23312,2195062784,31305728,0.0,0.0938084116307702,0,13,0.01,0.02,0.0,0.0,0.0,10371072,0,7,4,1,0,sleeping,125,52,1724416,40960,18366,9722
2025-05-20 04:47:12,23312,2195062784,31305728,0.0,0.0938084116307702,0,13,0.01,0.02,0.0,0.0,0.0,10371072,0,7,4,1,0,sleeping,125,52,1724416,40960,18366,9722
2025-05-20 04:47:13,23312,2195062784,31305728,0.0,0.0938084116307702,0,13,0.01,0.02,0.0,0.0,0.0,10371072,0,7,4,1,0,sleeping,125,52,1724416,40960,18366,9722
2025-05-20 04:47:14,23312,2195062784,31305728,0.0,0.0938084116307702,0,13,0.01,0.02,0.0,0.0,0.0,10371072,0,7,4,1,0,sleeping,125,52,1724416,40960,18366,9722
2025-05-20 04:47:15,23312,2195062784,31305728,0.0,0.0938084116307702,0,13,0.01,0.02,0.0,0.0,0.0,10371072,0,7,4,1,0,sleeping,125,52,1724416,40960,18366,9722
2025-05-20 04:47:17,23312,2195062784,31305728,0.0,0.0938084116307702,0,13,0.01,0.02,0.0,0.0,0.0,10371072,0,7,4,1,0,sleeping,125,52,1724416,40960,18366,9722
2025-05-20 04:47:18,23312,2195062784,31305728,0.0,0.0938084116307702,0,13,0.01,0.02,0.0,0.0,0.0,10371072,0,7,4,1,0,sleeping,125,52,1724416,40960,18366,9722
2025-05-20 04:47:20,23312,2195062784,31305728,0.0,0.0938084116307702,0,13,0.01,0.02,0.0,0.0,0.0,10371072,0,7,4,1,0,sleeping,125,52,1724416,40960,18366,9722
2025-05-20 04:47:21,23312,2195062784,31305728,0.0,0.0938084116307702,0,13,0.01,0.02,0.0,0.0,0.0,10371072,0,7,4,1,0,sleeping,127,53,1724416,40960,18494,9842
2025-05-20 04:47:22,23312,2195062784,31305728,0.0,0.0938084116307702,0,13,0.01,0.02,0.0,0.0,0.0,10371072,0,7,4,1,0,sleeping,127,53,1724416,40960,18494,9842
2025-05-20 04:47:23,23312,2195062784,31305728,0.0,0.0938084116307702,0,13,0.01,0.02,0.0,0.0,0.0,10371072,0,7,4,1,0,sleeping,127,53,1724416,40960,18494,9842
2025-05-20 04:47:24,23312,2195062784,31305728,0.0,0.0938084116307702,0,13,0.01,0.02,0.0,0.0,0.0,10371072,0,7,4,1,0,sleeping,127,53,1724416,40960,18494,9842
2025-05-20 04:47:25,23312,2195062784,31305728,0.0,0.0938084116307702,0,13,0.01,0.02,0.0,0.0,0.0,10371072,0,7,4,1,0,sleeping,127,53,1724416,40960,18494,9842
2025-05-20 04:47:26,23312,2195062784,31305728,0.0,0.0938084116307702,0,13,0.01,0.02,0.0,0.0,0.0,10371072,0,7,4,1,0,sleeping,127,53,1724416,40960,18494,9842
2025-05-20 04:47:27,23312,2195062784,31305728,0.0,0.0938084116307702,0,13,0.01,0.02,0.0,0.0,0.0,10371072,0,7,4,1,0,sleeping,127,53,1724416,40960,18494,9842
2025-05-20 04:47:28,23312,2195062784,31305728,0.0,0.0938084116307702,0,13,0.01,0.02,0.0,0.0,0.0,10371072,0,7,4,1,0,sleeping,127,53,1724416,40960,18494,9842
2025-05-20 04:47:29,23312,2195062784,31305728,0.0,0.0938084116307702,0,13,0.01,0.02,0.0,0.0,0.0,10371072,0,7,4,1,0,sleeping,127,53,1724416,40960,18494,9842
2025-05-20 04:47:31,23312,2195062784,31305728,0.0,0.0938084116307702,0,13,0.01,0.02,0.0,0.0,0.0,10371072,0,7,4,1,0,sleeping,127,53,1724416,40960,18494,9842
2025-05-20 04:47:32,23312,2195062784,31305728,0.0,0.0938084116307702,0,13,0.01,0.02,0.0,0.0,0.0,10371072,0,7,4,1,0,sleeping,127,53,1724416,40960,18494,9842
2025-05-20 04:47:33,23312,2195062784,31305728,0.0,0.0938084116307702,0,13,0.01,0.02,0.0,0.0,0.0,10371072,0,7,4,1,0,sleeping,127,53,1724416,40960,18494,9842
2025-05-20 04:47:34,23312,2195062784,31305728,0.0,0.0938084116307702,0,13,0.01,0.02,0.0,0.0,0.0,10371072,0,7,4,1,0,sleeping,127,53,1724416,40960,18494,9842
2025-05-20 04:47:36,23312,2195062784,31305728,0.0,0.0938084116307702,0,13,0.01,0.02,0.0,0.0,0.0,10371072,0,7,4,1,0,sleeping,127,53,1724416,40960,18494,9842
2025-05-20 04:47:37,23312,2195062784,31305728,0.0,0.0938084116307702,0,13,0.01,0.02,0.0,0.0,0.0,10371072,0,7,4,1,0,sleeping,127,53,1724416,40960,18494,9842
2025-05-20 04:47:38,23312,2195062784,31305728,0.0,0.0938084116307702,0,13,0.01,0.02,0.0,0.0,0.0,10371072,0,7,4,1,0,sleeping,127,53,1724416,40960,18494,9842
2025-05-20 04:47:39,23312,2195062784,31305728,0.0,0.0938084116307702,0,13,0.01,0.02,0.0,0.0,0.0,10371072,0,7,4,1,0,sleeping,127,53,1724416,40960,18494,9842
2025-05-20 04:47:40,23312,2195062784,31305728,0.0,0.0938084116307702,0,13,0.01,0.02,0.0,0.0,0.0,10371072,0,7,4,1,0,sleeping,127,53,1724416,40960,18494,9842
2025-05-20 04:47:41,23312,2195062784,31305728,0.0,0.0938084116307702,0,13,0.01,0.02,0.0,0.0,0.0,10371072,0,7,4,1,0,sleeping,127,53,1724416,40960,18494,9842
2025-05-20 04:47:42,23312,2195062784,31305728,0.0,0.0938084116307702,0,13,0.01,0.02,0.0,0.0,0.0,10371072,0,7,4,1,0,sleeping,127,53,1724416,40960,18494,9842
2025-05-20 04:47:43,23312,2195062784,31305728,0.0,0.0938084116307702,0,13,0.01,0.02,0.0,0.0,0.0,10371072,0,7,4,1,0,sleeping,127,53,1724416,40960,18494,9842
2025-05-20 04:47:44,23312,2195062784,31305728,0.0,0.0938084116307702,0,13,0.01,0.02,0.0,0.0,0.0,10371072,0,7,4,1,0,sleeping,127,53,1724416,40960,18494,9842
2025-05-20 04:47:45,23312,2195062784,31305728,0.0,0.0938084116307702,0,13,0.01,0.02,0.0,0.0,0.0,10371072,0,7,4,1,0,sleeping,127,53,1724416,40960,18494,9842
2025-05-20 04:47:47,23312,2195062784,31305728,0.0,0.0938084116307702,0,13,0.01,0.02,0.0,0.0,0.0,10371072,0,7,4,1,0,sleeping,127,53,1724416,40960,18494,9842
2025-05-20 04:47:48,23312,2195062784,31305728,0.0,0.0938084116307702,0,13,0.01,0.02,0.0,0.0,0.0,10371072,0,7,4,1,0,sleeping,127,53,1724416,40960,18494,9842
2025-05-20 04:47:50,23312,2195062784,31305728,0.0,0.0938084116307702,0,13,0.01,0.02,0.0,0.0,0.0,10371072,0,7,4,1,0,sleeping,127,53,1724416,40960,18494,9842
2025-05-20 04:47:51,23312,2195062784,31305728,0.0,0.0938084116307702,0,13,0.01,0.02,0.0,0.0,0.0,10371072,0,6,4,1,0,sleeping,129,54,1724416,45056,18622,9962
2025-05-20 04:47:52,23312,2195062784,31305728,0.0,0.0938084116307702,0,13,0.01,0.02,0.0,0.0,0.0,10371072,0,6,4,1,0,sleeping,129,54,1724416,45056,18622,9962
2025-05-20 04:47:53,23312,2195062784,31305728,0.0,0.0938084116307702,0,13,0.01,0.02,0.0,0.0,0.0,10371072,0,6,4,1,0,sleeping,129,54,1724416,45056,18622,9962
2025-05-20 04:47:54,23312,2195062784,31305728,0.0,0.0938084116307702,0,13,0.01,0.02,0.0,0.0,0.0,10371072,0,6,4,1,0,sleeping,129,54,1724416,45056,18622,9962
2025-05-20 04:47:55,23312,2195062784,31305728,0.0,0.0938084116307702,0,13,0.01,0.02,0.0,0.0,0.0,10371072,0,6,4,1,0,sleeping,129,54,1724416,45056,18622,9962
2025-05-20 04:47:56,23312,2195062784,31305728,0.0,0.0938084116307702,0,13,0.01,0.02,0.0,0.0,0.0,10371072,0,6,4,1,0,sleeping,129,54,1724416,45056,18622,9962
2025-05-20 04:47:57,23312,2195062784,31305728,0.0,0.0938084116307702,0,13,0.01,0.02,0.0,0.0,0.0,10371072,0,6,4,1,0,sleeping,129,54,1724416,45056,18622,9962
2025-05-20 04:47:58,23312,2195062784,31305728,0.0,0.0938084116307702,0,13,0.01,0.02,0.0,0.0,0.0,10371072,0,6,4,1,0,sleeping,129,54,1724416,45056,18622,9962
2025-05-20 04:48:00,23312,2195062784,31305728,0.0,0.0938084116307702,0,13,0.01,0.02,0.0,0.0,0.0,10371072,0,6,4,1,0,sleeping,129,54,1724416,45056,18622,9962
2025-05-20 04:48:01,23312,2195062784,31305728,0.0,0.0938084116307702,0,13,0.01,0.02,0.0,0.0,0.0,10371072,0,6,4,1,0,sleeping,129,54,1724416,45056,18622,9962
2025-05-20 04:48:02,23312,2195062784,31305728,0.0,0.0938084116307702,0,13,0.01,0.02,0.0,0.0,0.0,10371072,0,6,4,1,0,sleeping,129,54,1724416,45056,18622,9962
2025-05-20 04:48:03,23312,2195062784,31305728,0.0,0.0938084116307702,0,13,0.01,0.02,0.0,0.0,0.0,10371072,0,6,4,1,0,sleeping,129,54,1724416,45056,18622,9962
2025-05-20 04:48:04,23312,2195062784,31305728,0.0,0.0938084116307702,0,13,0.01,0.02,0.0,0.0,0.0,10371072,0,6,4,1,0,sleeping,129,54,1724416,45056,18622,9962
2025-05-20 04:48:05,23312,2195062784,31305728,0.0,0.0938084116307702,0,13,0.01,0.02,0.0,0.0,0.0,10371072,0,6,4,1,0,sleeping,129,54,1724416,45056,18622,9962
2025-05-20 04:48:06,23312,2195062784,31305728,0.0,0.0938084116307702,0,13,0.01,0.02,0.0,0.0,0.0,10371072,0,6,4,1,0,sleeping,129,54,1724416,45056,18622,9962
2025-05-20 04:48:08,23312,2195062784,31305728,0.0,0.0938084116307702,0,13,0.01,0.02,0.0,0.0,0.0,10371072,0,6,4,1,0,sleeping,129,54,1724416,45056,18622,9962
2025-05-20 04:48:09,23312,2195062784,31305728,0.0,0.0938084116307702,0,13,0.01,0.02,0.0,0.0,0.0,10371072,0,6,4,1,0,sleeping,129,54,1724416,45056,18622,9962
2025-05-20 04:48:10,23312,2195062784,31305728,0.0,0.0938084116307702,0,13,0.01,0.02,0.0,0.0,0.0,10371072,0,6,4,1,0,sleeping,129,54,1724416,45056,18622,9962
2025-05-20 04:48:12,23312,2195062784,31305728,0.0,0.0938084116307702,0,13,0.01,0.02,0.0,0.0,0.0,10371072,0,6,4,1,0,sleeping,129,54,1724416,45056,18622,9962
2025-05-20 04:48:13,23312,2195062784,31305728,0.0,0.0938084116307702,0,13,0.01,0.02,0.0,0.0,0.0,10371072,0,6,4,1,0,sleeping,129,54,1724416,45056,18622,9962
2025-05-20 04:48:14,23312,2195062784,31305728,0.0,0.0938084116307702,0,13,0.01,0.02,0.0,0.0,0.0,10371072,0,6,4,1,0,sleeping,129,54,1724416,45056,18622,9962
2025-05-20 04:48:15,23312,2195062784,31305728,0.0,0.0938084116307702,0,13,0.01,0.02,0.0,0.0,0.0,10371072,0,6,4,1,0,sleeping,129,54,1724416,45056,18622,9962
2025-05-20 04:48:16,23312,2195062784,31305728,0.0,0.0938084116307702,0,13,0.01,0.02,0.0,0.0,0.0,10371072,0,6,4,1,0,sleeping,129,54,1724416,45056,18622,9962
2025-05-20 04:48:17,23312,2195062784,31305728,0.0,0.0938084116307702,0,13,0.01,0.02,0.0,0.0,0.0,10371072,0,6,4,1,0,sleeping,129,54,1724416,45056,18622,9962
2025-05-20 04:48:18,23312,2195062784,31305728,0.0,0.0938084116307702,0,13,0.01,0.02,0.0,0.0,0.0,10371072,0,6,4,1,0,sleeping,129,54,1724416,45056,18622,9962
2025-05-20 04:48:19,23312,2195062784,31305728,0.0,0.0938084116307702,0,13,0.01,0.02,0.0,0.0,0.0,10371072,0,6,4,1,0,sleeping,129,54,1724416,45056,18622,9962
2025-05-20 04:48:20,23312,2195062784,31305728,0.0,0.0938084116307702,0,13,0.01,0.02,0.0,0.0,0.0,10371072,0,6,4,1,0,sleeping,129,54,1724416,45056,18622,9962
2025-05-20 04:48:21,23312,2195062784,31305728,0.0,0.0938084116307702,0,13,0.01,0.02,0.0,0.0,0.0,10371072,0,7,4,1,0,sleeping,131,55,1724416,49152,18750,10082
2025-05-20 04:48:22,23312,2195062784,31305728,0.0,0.0938084116307702,0,13,0.01,0.02,0.0,0.0,0.0,10371072,0,7,4,1,0,sleeping,131,55,1724416,49152,18750,10082
2025-05-20 04:48:23,23312,2195062784,31305728,0.0,0.0938084116307702,0,13,0.01,0.02,0.0,0.0,0.0,10371072,0,7,4,1,0,sleeping,131,55,1724416,49152,18750,10082
2025-05-20 04:48:25,23312,2195062784,31305728,0.0,0.0938084116307702,0,13,0.01,0.02,0.0,0.0,0.0,10371072,0,7,4,1,0,sleeping,131,55,1724416,49152,18750,10082
2025-05-20 04:48:26,23312,2195062784,31305728,0.0,0.0938084116307702,0,13,0.01,0.02,0.0,0.0,0.0,10371072,0,7,4,1,0,sleeping,131,55,1724416,49152,18750,10082
2025-05-20 04:48:27,23312,2195062784,31305728,0.0,0.0938084116307702,0,13,0.01,0.02,0.0,0.0,0.0,10371072,0,7,4,1,0,sleeping,131,55,1724416,49152,18750,10082
2025-05-20 04:48:29,23312,2195062784,31305728,0.0,0.0938084116307702,0,13,0.01,0.02,0.0,0.0,0.0,10371072,0,7,4,1,0,sleeping,131,55,1724416,49152,18750,10082
2025-05-20 04:48:30,23312,2195062784,31305728,0.0,0.0938084116307702,0,13,0.01,0.02,0.0,0.0,0.0,10371072,0,7,4,1,0,sleeping,131,55,1724416,49152,18750,10082
2025-05-20 04:48:31,23312,2195062784,31305728,0.0,0.0938084116307702,0,13,0.01,0.02,0.0,0.0,0.0,10371072,0,7,4,1,0,sleeping,131,55,1724416,49152,18750,10082
2025-05-20 04:48:32,23312,2195062784,31305728,0.0,0.0938084116307702,0,13,0.01,0.02,0.0,0.0,0.0,10371072,0,7,4,1,0,sleeping,131,55,1724416,49152,18750,10082
2025-05-20 04:48:33,23312,2195062784,31305728,0.0,0.0938084116307702,0,13,0.01,0.02,0.0,0.0,0.0,10371072,0,7,4,1,0,sleeping,131,55,1724416,49152,18750,10082
2025-05-20 04:48:34,23312,2195062784,31305728,0.0,0.0938084116307702,0,13,0.01,0.02,0.0,0.0,0.0,10371072,0,7,4,1,0,sleeping,131,55,1724416,49152,18750,10082
2025-05-20 04:48:35,23312,2195062784,31305728,0.0,0.0938084116307702,0,13,0.01,0.02,0.0,0.0,0.0,10371072,0,7,4,1,0,sleeping,131,55,1724416,49152,18750,10082
2025-05-20 04:48:37,23312,2195062784,31305728,0.0,0.0938084116307702,0,13,0.01,0.02,0.0,0.0,0.0,10371072,0,7,4,1,0,sleeping,131,55,1724416,49152,18750,10082
2025-05-20 04:48:38,23312,2195062784,31305728,0.0,0.0938084116307702,0,13,0.01,0.02,0.0,0.0,0.0,10371072,0,7,4,1,0,sleeping,131,55,1724416,49152,18750,10082
2025-05-20 04:48:39,23312,2195062784,31305728,0.0,0.0938084116307702,0,13,0.01,0.02,0.0,0.0,0.0,10371072,0,7,4,1,0,sleeping,131,55,1724416,49152,18750,10082
2025-05-20 04:48:40,23312,2195062784,31305728,0.0,0.0938084116307702,0,13,0.01,0.02,0.0,0.0,0.0,10371072,0,7,4,1,0,sleeping,131,55,1724416,49152,18750,10082
2025-05-20 04:48:41,23312,2195062784,31305728,0.0,0.0938084116307702,0,13,0.01,0.02,0.0,0.0,0.0,10371072,0,7,4,1,0,sleeping,131,55,1724416,49152,18750,10082
2025-05-20 04:48:42,23312,2195062784,31305728,0.0,0.0938084116307702,0,13,0.01,0.02,0.0,0.0,0.0,10371072,0,7,4,1,0,sleeping,131,55,1724416,49152,18750,10082
2025-05-20 04:48:44,23312,2195062784,31305728,0.0,0.0938084116307702,0,13,0.01,0.02,0.0,0.0,0.0,10371072,0,7,4,1,0,sleeping,131,55,1724416,49152,18750,10082
2025-05-20 04:48:45,23312,2195062784,31305728,0.0,0.0938084116307702,0,13,0.01,0.02,0.0,0.0,0.0,10371072,0,7,4,1,0,sleeping,131,55,1724416,49152,18750,10082
2025-05-20 04:48:46,23312,2195062784,31305728,0.0,0.0938084116307702,0,13,0.01,0.02,0.0,0.0,0.0,10371072,0,7,4,1,0,sleeping,131,55,1724416,49152,18750,10082
2025-05-20 04:48:47,23312,2195062784,31305728,0.0,0.0938084116307702,0,13,0.01,0.02,0.0,0.0,0.0,10371072,0,7,4,1,0,sleeping,131,55,1724416,49152,18750,10082
2025-05-20 04:48:48,23312,2195062784,31305728,0.0,0.0938084116307702,0,13,0.01,0.02,0.0,0.0,0.0,10371072,0,7,4,1,0,sleeping,131,55,1724416,49152,18750,10082
2025-05-20 04:48:49,23312,2195062784,31305728,0.0,0.0938084116307702,0,13,0.01,0.02,0.0,0.0,0.0,10371072,0,7,4,1,0,sleeping,131,55,1724416,49152,18750,10082
2025-05-20 04:48:51,23312,2195062784,31305728,0.0,0.0938084116307702,0,13,0.01,0.02,0.0,0.0,0.0,10371072,0,7,4,1,0,sleeping,131,55,1724416,49152,18750,10082
2025-05-20 04:48:52,23312,2195062784,31305728,0.0,0.0938084116307702,0,13,0.01,0.02,0.0,0.0,0.0,10371072,0,7,4,1,0,sleeping,131,55,1724416,49152,18750,10082
2025-05-20 04:48:53,23312,2195062784,31305728,0.0,0.0938084116307702,0,13,0.01,0.02,0.0,0.0,0.0,10371072,0,7,4,1,0,sleeping,131,55,1724416,49152,18750,10082
2025-05-20 04:48:54,23312,2195062784,31305728,0.0,0.0938084116307702,0,13,0.01,0.02,0.0,0.0,0.0,10371072,0,7,4,1,0,sleeping,131,55,1724416,49152,18750,10082
2025-05-20 04:48:55,23312,2195062784,31305728,0.0,0.0938084116307702,0,13,0.01,0.02,0.0,0.0,0.0,10371072,0,7,4,1,0,sleeping,131,55,1724416,49152,18750,10082
2025-05-20 04:48:56,23312,2195062784,31305728,0.0,0.0938084116307702,0,13,0.01,0.02,0.0,0.0,0.0,10371072,0,7,4,1,0,sleeping,131,55,1724416,49152,18750,10082
2025-05-20 04:48:57,23312,2195062784,31305728,0.0,0.0938084116307702,0,13,0.01,0.02,0.0,0.0,0.0,10371072,0,7,4,1,0,sleeping,131,55,1724416,49152,18750,10082
2025-05-20 04:48:59,23312,2195062784,31305728,0.0,0.0938084116307702,0,13,0.01,0.02,0.0,0.0,0.0,10371072,0,7,4,1,0,sleeping,131,55,1724416,49152,18750,10082
2025-05-20 04:49:00,23312,2195062784,31305728,0.0,0.0938084116307702,0,13,0.01,0.02,0.0,0.0,0.0,10371072,0,7,4,1,0,sleeping,131,55,1724416,49152,18750,10082
2025-05-20 04:49:01,23312,2195062784,31305728,0.0,0.0938084116307702,0,13,0.01,0.02,0.0,0.0,0.0,10371072,0,7,4,1,0,sleeping,133,56,1724416,53248,18878,10202
2025-05-20 04:49:02,23312,2195062784,31305728,0.0,0.0938084116307702,0,13,0.01,0.02,0.0,0.0,0.0,10371072,0,7,4,1,0,sleeping,133,56,1724416,53248,18878,10202
2025-05-20 04:49:03,23312,2195062784,31305728,0.0,0.0938084116307702,0,13,0.01,0.02,0.0,0.0,0.0,10371072,0,7,4,1,0,sleeping,133,56,1724416,53248,18878,10202
2025-05-20 04:49:04,23312,2195062784,31305728,0.0,0.0938084116307702,0,13,0.01,0.02,0.0,0.0,0.0,10371072,0,7,4,1,0,sleeping,133,56,1724416,53248,18878,10202
2025-05-20 04:49:05,23312,2195062784,31305728,0.0,0.0938084116307702,0,13,0.01,0.02,0.0,0.0,0.0,10371072,0,7,4,1,0,sleeping,133,56,1724416,53248,18878,10202
2025-05-20 04:49:07,23312,2195062784,31305728,0.0,0.0938084116307702,0,13,0.01,0.02,0.0,0.0,0.0,10371072,0,7,4,1,0,sleeping,133,56,1724416,53248,18878,10202
2025-05-20 04:49:08,23312,2195062784,31305728,0.0,0.0938084116307702,0,13,0.01,0.02,0.0,0.0,0.0,10371072,0,7,4,1,0,sleeping,133,56,1724416,53248,18878,10202
2025-05-20 04:49:09,23312,2195062784,31305728,0.0,0.0938084116307702,0,13,0.01,0.02,0.0,0.0,0.0,10371072,0,7,4,1,0,sleeping,133,56,1724416,53248,18878,10202
2025-05-20 04:49:10,23312,2195062784,31305728,0.0,0.0938084116307702,0,13,0.01,0.02,0.0,0.0,0.0,10371072,0,7,4,1,0,sleeping,133,56,1724416,53248,18878,10202
2025-05-20 04:49:11,23312,2195062784,31305728,0.0,0.0938084116307702,0,13,0.01,0.02,0.0,0.0,0.0,10371072,0,7,4,1,0,sleeping,133,56,1724416,53248,18878,10202
2025-05-20 04:49:12,23312,2195062784,31305728,0.0,0.0938084116307702,0,13,0.01,0.02,0.0,0.0,0.0,10371072,0,7,4,1,0,sleeping,133,56,1724416,53248,18878,10202
2025-05-20 04:49:13,23312,2195062784,31305728,0.0,0.0938084116307702,0,13,0.01,0.02,0.0,0.0,0.0,10371072,0,7,4,1,0,sleeping,133,56,1724416,53248,18878,10202
2025-05-20 04:49:14,23312,2195062784,31305728,0.0,0.0938084116307702,0,13,0.01,0.02,0.0,0.0,0.0,10371072,0,7,4,1,0,sleeping,133,56,1724416,53248,18878,10202
2025-05-20 04:49:16,23312,2195062784,31305728,0.0,0.0938084116307702,0,13,0.01,0.02,0.0,0.0,0.0,10371072,0,7,4,1,0,sleeping,133,56,1724416,53248,18878,10202
2025-05-20 04:49:17,23312,2195062784,31305728,0.0,0.0938084116307702,0,13,0.01,0.02,0.0,0.0,0.0,10371072,0,7,4,1,0,sleeping,133,56,1724416,53248,18878,10202
2025-05-20 04:49:18,23312,2195062784,31305728,0.0,0.0938084116307702,0,13,0.01,0.02,0.0,0.0,0.0,10371072,0,7,4,1,0,sleeping,133,56,1724416,53248,18878,10202
2025-05-20 04:49:19,23312,2195062784,31305728,0.0,0.0938084116307702,0,13,0.01,0.02,0.0,0.0,0.0,10371072,0,7,4,1,0,sleeping,133,56,1724416,53248,18878,10202
2025-05-20 04:49:21,23312,2195062784,31305728,0.0,0.0938084116307702,0,13,0.01,0.02,0.0,0.0,0.0,10371072,0,7,4,1,0,sleeping,133,56,1724416,53248,18878,10202
2025-05-20 04:49:22,23312,2195062784,31305728,0.0,0.0938084116307702,0,13,0.01,0.02,0.0,0.0,0.0,10371072,0,7,4,1,0,sleeping,133,56,1724416,53248,18878,10202
2025-05-20 04:49:23,23312,2195062784,31305728,0.0,0.0938084116307702,0,13,0.01,0.02,0.0,0.0,0.0,10371072,0,7,4,1,0,sleeping,133,56,1724416,53248,18878,10202
2025-05-20 04:49:24,23312,2195062784,31305728,0.0,0.0938084116307702,0,13,0.01,0.02,0.0,0.0,0.0,10371072,0,7,4,1,0,sleeping,133,56,1724416,53248,18878,10202
2025-05-20 04:49:25,23312,2195062784,31305728,0.0,0.0938084116307702,0,13,0.01,0.02,0.0,0.0,0.0,10371072,0,7,4,1,0,sleeping,133,56,1724416,53248,18878,10202
2025-05-20 04:49:26,23312,2195062784,31305728,0.0,0.0938084116307702,0,13,0.01,0.02,0.0,0.0,0.0,10371072,0,7,4,1,0,sleeping,133,56,1724416,53248,18878,10202
2025-05-20 04:49:27,23312,2195062784,31305728,0.0,0.0938084116307702,0,13,0.01,0.02,0.0,0.0,0.0,10371072,0,7,4,1,0,sleeping,133,56,1724416,53248,18878,10202
2025-05-20 04:49:28,23312,2195062784,31305728,0.0,0.0938084116307702,0,13,0.01,0.02,0.0,0.0,0.0,10371072,0,7,4,1,0,sleeping,133,56,1724416,53248,18878,10202
2025-05-20 04:49:29,23312,2195062784,31305728,0.0,0.0938084116307702,0,13,0.01,0.02,0.0,0.0,0.0,10371072,0,7,4,1,0,sleeping,133,56,1724416,53248,18878,10202
2025-05-20 04:49:31,23312,2195062784,31305728,0.0,0.0938084116307702,0,13,0.01,0.02,0.0,0.0,0.0,10371072,0,7,4,1,0,sleeping,135,57,1724416,53248,19006,10322
2025-05-20 04:49:32,23312,2195062784,31305728,0.0,0.0938084116307702,0,13,0.01,0.02,0.0,0.0,0.0,10371072,0,7,4,1,0,sleeping,135,57,1724416,53248,19006,10322
2025-05-20 04:49:33,23312,2195062784,31305728,0.0,0.0938084116307702,0,13,0.01,0.02,0.0,0.0,0.0,10371072,0,7,4,1,0,sleeping,135,57,1724416,53248,19006,10322
2025-05-20 04:49:34,23312,2195062784,31305728,0.0,0.0938084116307702,0,13,0.01,0.02,0.0,0.0,0.0,10371072,0,7,4,1,0,sleeping,135,57,1724416,53248,19006,10322
2025-05-20 04:49:35,23312,2195062784,31305728,0.0,0.0938084116307702,0,13,0.01,0.02,0.0,0.0,0.0,10371072,0,7,4,1,0,sleeping,135,57,1724416,53248,19006,10322
2025-05-20 04:49:36,23312,2195062784,31305728,0.0,0.0938084116307702,0,13,0.01,0.02,0.0,0.0,0.0,10371072,0,7,4,1,0,sleeping,135,57,1724416,53248,19006,10322
2025-05-20 04:49:38,23312,2195062784,31305728,0.0,0.0938084116307702,0,13,0.01,0.02,0.0,0.0,0.0,10371072,0,7,4,1,0,sleeping,135,57,1724416,53248,19006,10322
2025-05-20 04:49:39,23312,2195062784,31305728,0.0,0.0938084116307702,0,13,0.01,0.02,0.0,0.0,0.0,10371072,0,7,4,1,0,sleeping,135,57,1724416,53248,19006,10322
2025-05-20 04:49:40,23312,2195062784,31305728,0.0,0.0938084116307702,0,13,0.01,0.02,0.0,0.0,0.0,10371072,0,7,4,1,0,sleeping,135,57,1724416,53248,19006,10322
2025-05-20 04:49:41,23312,2195062784,31305728,0.0,0.0938084116307702,0,13,0.01,0.02,0.0,0.0,0.0,10371072,0,7,4,1,0,sleeping,135,57,1724416,53248,19006,10322
2025-05-20 04:49:42,23312,2195062784,31305728,0.0,0.0938084116307702,0,13,0.01,0.02,0.0,0.0,0.0,10371072,0,7,4,1,0,sleeping,135,57,1724416,53248,19006,10322
2025-05-20 04:49:43,23312,2195062784,31305728,0.0,0.0938084116307702,0,13,0.01,0.02,0.0,0.0,0.0,10371072,0,7,4,1,0,sleeping,135,57,1724416,53248,19006,10322
2025-05-20 04:49:44,23312,2195062784,31305728,0.0,0.0938084116307702,0,13,0.01,0.02,0.0,0.0,0.0,10371072,0,7,4,1,0,sleeping,135,57,1724416,53248,19006,10322
2025-05-20 04:49:45,23312,2195062784,31305728,0.0,0.0938084116307702,0,13,0.01,0.02,0.0,0.0,0.0,10371072,0,7,4,1,0,sleeping,135,57,1724416,53248,19006,10322
2025-05-20 04:49:47,23312,2195062784,31305728,0.0,0.0938084116307702,0,13,0.01,0.02,0.0,0.0,0.0,10371072,0,7,4,1,0,sleeping,135,57,1724416,53248,19006,10322
2025-05-20 04:49:48,23312,2195062784,31305728,0.0,0.0938084116307702,0,13,0.01,0.02,0.0,0.0,0.0,10371072,0,7,4,1,0,sleeping,135,57,1724416,53248,19006,10322
2025-05-20 04:49:49,23312,2195062784,31305728,0.0,0.0938084116307702,0,13,0.01,0.02,0.0,0.0,0.0,10371072,0,7,4,1,0,sleeping,135,57,1724416,53248,19006,10322
2025-05-20 04:49:51,23312,2195062784,31305728,0.0,0.0938084116307702,0,13,0.01,0.02,0.0,0.0,0.0,10371072,0,7,4,1,0,sleeping,135,57,1724416,53248,19006,10322
2025-05-20 04:49:52,23312,2195062784,31305728,0.0,0.0938084116307702,0,13,0.01,0.02,0.0,0.0,0.0,10371072,0,7,4,1,0,sleeping,135,57,1724416,53248,19006,10322
2025-05-20 04:49:53,23312,2195062784,31305728,0.0,0.0938084116307702,0,13,0.01,0.02,0.0,0.0,0.0,10371072,0,7,4,1,0,sleeping,135,57,1724416,53248,19006,10322
2025-05-20 04:49:54,23312,2195062784,31305728,0.0,0.0938084116307702,0,13,0.01,0.02,0.0,0.0,0.0,10371072,0,7,4,1,0,sleeping,135,57,1724416,53248,19006,10322
2025-05-20 04:49:55,23312,2195062784,31305728,0.0,0.0938084116307702,0,13,0.01,0.02,0.0,0.0,0.0,10371072,0,7,4,1,0,sleeping,135,57,1724416,53248,19006,10322
2025-05-20 04:49:56,23312,2195062784,31305728,0.0,0.0938084116307702,0,13,0.01,0.02,0.0,0.0,0.0,10371072,0,7,4,1,0,sleeping,135,57,1724416,53248,19006,10322
2025-05-20 04:49:57,23312,2195062784,31305728,0.0,0.0938084116307702,0,13,0.01,0.02,0.0,0.0,0.0,10371072,0,7,4,1,0,sleeping,135,57,1724416,53248,19006,10322
2025-05-20 04:49:58,23312,2195062784,31305728,0.0,0.0938084116307702,0,13,0.01,0.02,0.0,0.0,0.0,10371072,0,7,4,1,0,sleeping,135,57,1724416,53248,19006,10322
2025-05-20 04:49:59,23312,2195062784,31305728,0.0,0.0938084116307702,0,13,0.01,0.02,0.0,0.0,0.0,10371072,0,7,4,1,0,sleeping,135,57,1724416,53248,19006,10322
2025-05-20 04:50:00,23312,2195062784,31305728,0.0,0.0938084116307702,0,13,0.01,0.02,0.0,0.0,0.0,10371072,0,7,4,1,0,sleeping,135,57,1724416,53248,19006,10322
2025-05-20 04:50:01,23312,2195062784,31305728,0.0,0.0938084116307702,0,13,0.01,0.02,0.0,0.0,0.0,10371072,0,7,4,1,0,sleeping,137,58,1724416,57344,19134,10442
2025-05-20 04:50:03,23312,2195062784,31305728,0.0,0.0938084116307702,0,13,0.01,0.02,0.0,0.0,0.0,10371072,0,7,4,1,0,sleeping,137,58,1724416,57344,19134,10442
2025-05-20 04:50:04,23312,2195062784,31305728,0.0,0.0938084116307702,0,13,0.01,0.02,0.0,0.0,0.0,10371072,0,7,4,1,0,sleeping,137,58,1724416,57344,19134,10442
2025-05-20 04:50:05,23312,2195062784,31305728,0.0,0.0938084116307702,0,13,0.01,0.02,0.0,0.0,0.0,10371072,0,7,4,1,0,sleeping,137,58,1724416,57344,19134,10442
2025-05-20 04:50:07,23312,2195062784,31305728,0.0,0.0938084116307702,0,13,0.01,0.02,0.0,0.0,0.0,10371072,0,7,4,1,0,sleeping,137,58,1724416,57344,19134,10442
2025-05-20 04:50:08,23312,2195062784,31305728,0.0,0.0938084116307702,0,13,0.01,0.02,0.0,0.0,0.0,10371072,0,7,4,1,0,sleeping,137,58,1724416,57344,19134,10442
2025-05-20 04:50:09,23312,2195062784,31305728,0.0,0.0938084116307702,0,13,0.01,0.02,0.0,0.0,0.0,10371072,0,7,4,1,0,sleeping,137,58,1724416,57344,19134,10442
2025-05-20 04:50:10,23312,2195062784,31305728,0.0,0.0938084116307702,0,13,0.01,0.02,0.0,0.0,0.0,10371072,0,7,4,1,0,sleeping,137,58,1724416,57344,19134,10442
2025-05-20 04:50:11,23312,2195062784,31305728,0.0,0.0938084116307702,0,13,0.01,0.02,0.0,0.0,0.0,10371072,0,7,4,1,0,sleeping,137,58,1724416,57344,19134,10442
2025-05-20 04:50:12,23312,2195062784,31305728,0.0,0.0938084116307702,0,13,0.01,0.02,0.0,0.0,0.0,10371072,0,7,4,1,0,sleeping,137,58,1724416,57344,19134,10442
2025-05-20 04:50:13,23312,2195062784,31305728,0.0,0.0938084116307702,0,13,0.01,0.02,0.0,0.0,0.0,10371072,0,7,4,1,0,sleeping,137,58,1724416,57344,19134,10442
2025-05-20 04:50:14,23312,2195062784,31305728,0.0,0.0938084116307702,0,13,0.01,0.02,0.0,0.0,0.0,10371072,0,7,4,1,0,sleeping,137,58,1724416,57344,19134,10442
2025-05-20 04:50:15,23312,2195062784,31305728,0.0,0.0938084116307702,0,13,0.01,0.02,0.0,0.0,0.0,10371072,0,7,4,1,0,sleeping,137,58,1724416,57344,19134,10442
2025-05-20 04:50:16,23312,2195062784,31305728,0.0,0.0938084116307702,0,13,0.01,0.02,0.0,0.0,0.0,10371072,0,7,4,1,0,sleeping,137,58,1724416,57344,19134,10442
2025-05-20 04:50:18,23312,2195062784,31305728,0.0,0.0938084116307702,0,13,0.01,0.02,0.0,0.0,0.0,10371072,0,7,4,1,0,sleeping,137,58,1724416,57344,19134,10442
2025-05-20 04:50:19,23312,2195062784,31305728,0.0,0.0938084116307702,0,13,0.01,0.02,0.0,0.0,0.0,10371072,0,7,4,1,0,sleeping,137,58,1724416,57344,19134,10442
2025-05-20 04:50:20,23312,2195062784,31305728,0.0,0.0938084116307702,0,13,0.01,0.02,0.0,0.0,0.0,10371072,0,7,4,1,0,sleeping,137,58,1724416,57344,19134,10442
2025-05-20 04:50:21,23312,2195062784,31305728,0.0,0.0938084116307702,0,13,0.01,0.02,0.0,0.0,0.0,10371072,0,7,4,1,0,sleeping,137,58,1724416,57344,19134,10442
2025-05-20 04:50:23,23312,2195062784,31305728,0.0,0.0938084116307702,0,13,0.01,0.02,0.0,0.0,0.0,10371072,0,7,4,1,0,sleeping,137,58,1724416,57344,19134,10442
2025-05-20 04:50:24,23312,2195062784,31305728,0.0,0.0938084116307702,0,13,0.01,0.02,0.0,0.0,0.0,10371072,0,7,4,1,0,sleeping,137,58,1724416,57344,19134,10442
2025-05-20 04:50:25,23312,2195062784,31305728,0.0,0.0938084116307702,0,13,0.01,0.02,0.0,0.0,0.0,10371072,0,7,4,1,0,sleeping,137,58,1724416,57344,19134,10442
2025-05-20 04:50:26,23312,2195062784,31305728,0.0,0.0938084116307702,0,13,0.01,0.02,0.0,0.0,0.0,10371072,0,7,4,1,0,sleeping,137,58,1724416,57344,19134,10442
2025-05-20 04:50:27,23312,2195062784,31305728,0.0,0.0938084116307702,0,13,0.01,0.02,0.0,0.0,0.0,10371072,0,7,4,1,0,sleeping,137,58,1724416,57344,19134,10442
2025-05-20 04:50:28,23312,2195062784,31305728,0.0,0.0938084116307702,0,13,0.01,0.02,0.0,0.0,0.0,10371072,0,7,4,1,0,sleeping,137,58,1724416,57344,19134,10442
2025-05-20 04:50:29,23312,2195062784,31305728,0.0,0.0938084116307702,0,13,0.01,0.02,0.0,0.0,0.0,10371072,0,7,4,1,0,sleeping,137,58,1724416,57344,19134,10442
2025-05-20 04:50:31,23312,2195062784,31305728,0.0,0.0938084116307702,0,13,0.01,0.02,0.0,0.0,0.0,10371072,0,7,4,1,0,sleeping,137,58,1724416,57344,19134,10442
2025-05-20 04:50:32,23312,2195062784,31305728,0.0,0.0938084116307702,0,13,0.01,0.02,0.0,0.0,0.0,10371072,0,7,4,1,0,sleeping,139,59,1724416,57344,19262,10562
2025-05-20 04:50:33,23312,2195062784,31305728,0.0,0.0938084116307702,0,13,0.01,0.02,0.0,0.0,0.0,10371072,0,7,4,1,0,sleeping,139,59,1724416,57344,19262,10562
2025-05-20 04:50:34,23312,2195062784,31305728,0.0,0.0938084116307702,0,13,0.01,0.02,0.0,0.0,0.0,10371072,0,7,4,1,0,sleeping,139,59,1724416,57344,19262,10562
2025-05-20 04:50:35,23312,2195062784,31305728,0.0,0.0938084116307702,0,13,0.01,0.02,0.0,0.0,0.0,10371072,0,7,4,1,0,sleeping,139,59,1724416,57344,19262,10562
2025-05-20 04:50:36,23312,2195062784,31305728,0.0,0.0938084116307702,0,13,0.01,0.02,0.0,0.0,0.0,10371072,0,7,4,1,0,sleeping,139,59,1724416,57344,19262,10562
2025-05-20 04:50:37,23312,2195062784,31305728,0.0,0.0938084116307702,0,13,0.01,0.02,0.0,0.0,0.0,10371072,0,7,4,1,0,sleeping,139,59,1724416,57344,19262,10562
2025-05-20 04:50:39,23312,2195062784,31305728,0.0,0.0938084116307702,0,13,0.01,0.02,0.0,0.0,0.0,10371072,0,7,4,1,0,sleeping,139,59,1724416,57344,19262,10562
2025-05-20 04:50:40,23312,2195062784,31305728,0.0,0.0938084116307702,0,13,0.01,0.02,0.0,0.0,0.0,10371072,0,7,4,1,0,sleeping,139,59,1724416,57344,19262,10562
2025-05-20 04:50:41,23312,2195062784,31305728,0.0,0.0938084116307702,0,13,0.01,0.02,0.0,0.0,0.0,10371072,0,7,4,1,0,sleeping,139,59,1724416,57344,19262,10562
2025-05-20 04:50:42,23312,2195062784,31305728,0.0,0.0938084116307702,0,13,0.01,0.02,0.0,0.0,0.0,10371072,0,7,4,1,0,sleeping,139,59,1724416,57344,19262,10562
2025-05-20 04:50:43,23312,2195062784,31305728,0.0,0.0938084116307702,0,13,0.01,0.02,0.0,0.0,0.0,10371072,0,7,4,1,0,sleeping,139,59,1724416,57344,19262,10562
2025-05-20 04:50:44,23312,2195062784,31305728,0.0,0.0938084116307702,0,13,0.01,0.02,0.0,0.0,0.0,10371072,0,7,4,1,0,sleeping,139,59,1724416,57344,19262,10562
2025-05-20 04:50:46,23312,2195062784,31305728,0.0,0.0938084116307702,0,13,0.01,0.02,0.0,0.0,0.0,10371072,0,7,4,1,0,sleeping,139,59,1724416,57344,19262,10562
2025-05-20 04:50:47,23312,2195062784,31305728,0.0,0.0938084116307702,0,13,0.01,0.02,0.0,0.0,0.0,10371072,0,7,4,1,0,sleeping,139,59,1724416,57344,19262,10562
2025-05-20 04:50:48,23312,2195062784,31305728,0.0,0.0938084116307702,0,13,0.01,0.02,0.0,0.0,0.0,10371072,0,7,4,1,0,sleeping,139,59,1724416,57344,19262,10562
2025-05-20 04:50:49,23312,2195062784,31305728,0.0,0.0938084116307702,0,13,0.01,0.02,0.0,0.0,0.0,10371072,0,7,4,1,0,sleeping,139,59,1724416,57344,19262,10562
2025-05-20 04:50:50,23312,2195062784,31305728,0.0,0.0938084116307702,0,13,0.01,0.02,0.0,0.0,0.0,10371072,0,7,4,1,0,sleeping,139,59,1724416,57344,19262,10562
2025-05-20 04:50:51,23312,2195062784,31305728,0.0,0.0938084116307702,0,13,0.01,0.02,0.0,0.0,0.0,10371072,0,7,4,1,0,sleeping,139,59,1724416,57344,19262,10562
2025-05-20 04:50:52,23312,2195062784,31305728,0.0,0.0938084116307702,0,13,0.01,0.02,0.0,0.0,0.0,10371072,0,7,4,1,0,sleeping,139,59,1724416,57344,19262,10562
2025-05-20 04:50:54,23312,2195062784,31305728,0.0,0.0938084116307702,0,13,0.01,0.02,0.0,0.0,0.0,10371072,0,7,4,1,0,sleeping,139,59,1724416,57344,19262,10562
2025-05-20 04:50:55,23312,2195062784,31305728,0.0,0.0938084116307702,0,13,0.01,0.02,0.0,0.0,0.0,10371072,0,7,4,1,0,sleeping,139,59,1724416,57344,19262,10562
2025-05-20 04:50:56,23312,2195062784,31305728,0.0,0.0938084116307702,0,13,0.01,0.02,0.0,0.0,0.0,10371072,0,7,4,1,0,sleeping,139,59,1724416,57344,19262,10562
2025-05-20 04:50:57,23312,2195062784,31305728,0.0,0.0938084116307702,0,13,0.01,0.02,0.0,0.0,0.0,10371072,0,7,4,1,0,sleeping,139,59,1724416,57344,19262,10562
2025-05-20 04:50:58,23312,2195062784,31305728,0.0,0.0938084116307702,0,13,0.01,0.02,0.0,0.0,0.0,10371072,0,7,4,1,0,sleeping,139,59,1724416,57344,19262,10562
2025-05-20 04:50:59,23312,2195062784,31305728,0.0,0.0938084116307702,0,13,0.01,0.02,0.0,0.0,0.0,10371072,0,7,4,1,0,sleeping,139,59,1724416,57344,19262,10562
2025-05-20 04:51:00,23312,2195062784,31305728,0.0,0.0938084116307702,0,13,0.01,0.02,0.0,0.0,0.0,10371072,0,7,4,1,0,sleeping,139,59,1724416,57344,19262,10562
2025-05-20 04:51:01,23312,2195062784,31305728,0.0,0.0938084116307702,0,13,0.01,0.02,0.0,0.0,0.0,10403840,0,7,4,1,0,sleeping,141,60,1724416,61440,19390,10682
2025-05-20 04:51:02,23312,2195062784,31305728,0.0,0.0938084116307702,0,13,0.01,0.02,0.0,0.0,0.0,10403840,0,7,4,1,0,sleeping,141,60,1724416,61440,19390,10682
2025-05-20 04:51:04,23312,2195062784,31305728,0.0,0.0938084116307702,0,13,0.01,0.02,0.0,0.0,0.0,10403840,0,7,4,1,0,sleeping,141,60,1724416,61440,19390,10682
2025-05-20 04:51:05,23312,2195062784,31305728,0.0,0.0938084116307702,0,13,0.01,0.02,0.0,0.0,0.0,10403840,0,7,4,1,0,sleeping,141,60,1724416,61440,19390,10682
2025-05-20 04:51:06,23312,2195062784,31305728,0.0,0.0938084116307702,0,13,0.01,0.02,0.0,0.0,0.0,10403840,0,7,4,1,0,sleeping,141,60,1724416,61440,19390,10682
2025-05-20 04:51:07,23312,2195062784,31305728,0.0,0.0938084116307702,0,13,0.01,0.02,0.0,0.0,0.0,10403840,0,7,4,1,0,sleeping,141,60,1724416,61440,19390,10682
2025-05-20 04:51:09,23312,2195062784,31305728,0.0,0.0938084116307702,0,13,0.01,0.02,0.0,0.0,0.0,10403840,0,7,4,1,0,sleeping,141,60,1724416,61440,19390,10682
2025-05-20 04:51:10,23312,2195062784,31305728,0.0,0.0938084116307702,0,13,0.01,0.02,0.0,0.0,0.0,10403840,0,7,4,1,0,sleeping,141,60,1724416,61440,19390,10682
2025-05-20 04:51:11,23312,2195062784,31305728,0.0,0.0938084116307702,0,13,0.01,0.02,0.0,0.0,0.0,10403840,0,7,4,1,0,sleeping,141,60,1724416,61440,19390,10682
2025-05-20 04:51:12,23312,2195062784,31305728,0.0,0.0938084116307702,0,13,0.01,0.02,0.0,0.0,0.0,10403840,0,7,4,1,0,sleeping,141,60,1724416,61440,19390,10682
2025-05-20 04:51:13,23312,2195062784,31305728,0.0,0.0938084116307702,0,13,0.01,0.02,0.0,0.0,0.0,10403840,0,7,4,1,0,sleeping,141,60,1724416,61440,19390,10682
2025-05-20 04:51:14,23312,2195062784,31305728,0.0,0.0938084116307702,0,13,0.01,0.02,0.0,0.0,0.0,10403840,0,7,4,1,0,sleeping,141,60,1724416,61440,19390,10682
2025-05-20 04:51:15,23312,2195062784,31305728,0.0,0.0938084116307702,0,13,0.01,0.02,0.0,0.0,0.0,10403840,0,7,4,1,0,sleeping,141,60,1724416,61440,19390,10682
2025-05-20 04:51:17,23312,2195062784,31305728,0.0,0.0938084116307702,0,13,0.01,0.02,0.0,0.0,0.0,10403840,0,7,4,1,0,sleeping,141,60,1724416,61440,19390,10682
2025-05-20 04:51:18,23312,2195062784,31305728,0.0,0.0938084116307702,0,13,0.01,0.02,0.0,0.0,0.0,10403840,0,7,4,1,0,sleeping,141,60,1724416,61440,19390,10682
2025-05-20 04:51:19,23312,2195062784,31305728,0.0,0.0938084116307702,0,13,0.01,0.02,0.0,0.0,0.0,10403840,0,7,4,1,0,sleeping,141,60,1724416,61440,19390,10682
2025-05-20 04:51:20,23312,2195062784,31305728,0.0,0.0938084116307702,0,13,0.01,0.02,0.0,0.0,0.0,10403840,0,7,4,1,0,sleeping,141,60,1724416,61440,19390,10682
2025-05-20 04:51:21,23312,2195062784,31305728,0.0,0.0938084116307702,0,13,0.01,0.02,0.0,0.0,0.0,10403840,0,7,4,1,0,sleeping,141,60,1724416,61440,19390,10682
2025-05-20 04:51:22,23312,2195062784,31305728,0.0,0.0938084116307702,0,13,0.01,0.02,0.0,0.0,0.0,10403840,0,7,4,1,0,sleeping,141,60,1724416,61440,19390,10682
2025-05-20 04:51:23,23312,2195062784,31305728,0.0,0.0938084116307702,0,13,0.01,0.02,0.0,0.0,0.0,10403840,0,7,4,1,0,sleeping,141,60,1724416,61440,19390,10682
2025-05-20 04:51:24,23312,2195062784,31305728,0.0,0.0938084116307702,0,13,0.01,0.02,0.0,0.0,0.0,10403840,0,7,4,1,0,sleeping,141,60,1724416,61440,19390,10682
2025-05-20 04:51:26,23312,2195062784,31305728,0.0,0.0938084116307702,0,13,0.01,0.02,0.0,0.0,0.0,10403840,0,7,4,1,0,sleeping,141,60,1724416,61440,19390,10682
2025-05-20 04:51:27,23312,2195062784,31305728,0.0,0.0938084116307702,0,13,0.01,0.02,0.0,0.0,0.0,10403840,0,7,4,1,0,sleeping,141,60,1724416,61440,19390,10682
2025-05-20 04:51:28,23312,2195062784,31305728,0.0,0.0938084116307702,0,13,0.01,0.02,0.0,0.0,0.0,10403840,0,7,4,1,0,sleeping,141,60,1724416,61440,19390,10682
2025-05-20 04:51:29,23312,2195062784,31305728,0.0,0.0938084116307702,0,13,0.01,0.02,0.0,0.0,0.0,10403840,0,7,4,1,0,sleeping,141,60,1724416,61440,19390,10682
2025-05-20 04:51:31,23312,2195062784,31305728,0.0,0.0938084116307702,0,13,0.01,0.02,0.0,0.0,0.0,10403840,0,7,4,1,0,sleeping,141,60,1724416,61440,19390,10682
2025-05-20 04:51:32,23312,2195062784,31305728,0.0,0.0938084116307702,0,13,0.01,0.02,0.0,0.0,0.0,10403840,0,8,4,1,0,sleeping,143,61,1724416,61440,19518,10802
2025-05-20 04:51:33,23312,2195062784,31305728,0.0,0.0938084116307702,0,13,0.01,0.02,0.0,0.0,0.0,10403840,0,8,4,1,0,sleeping,143,61,1724416,61440,19518,10802
2025-05-20 04:51:34,23312,2195062784,31305728,0.0,0.0938084116307702,0,13,0.01,0.02,0.0,0.0,0.0,10403840,0,8,4,1,0,sleeping,143,61,1724416,61440,19518,10802
2025-05-20 04:51:35,23312,2195062784,31305728,0.0,0.0938084116307702,0,13,0.01,0.02,0.0,0.0,0.0,10403840,0,8,4,1,0,sleeping,143,61,1724416,61440,19518,10802
2025-05-20 04:51:36,23312,2195062784,31305728,0.0,0.0938084116307702,0,13,0.01,0.02,0.0,0.0,0.0,10403840,0,8,4,1,0,sleeping,143,61,1724416,61440,19518,10802
2025-05-20 04:51:37,23312,2195062784,31305728,0.0,0.0938084116307702,0,13,0.01,0.02,0.0,0.0,0.0,10403840,0,8,4,1,0,sleeping,143,61,1724416,61440,19518,10802
2025-05-20 04:51:38,23312,2195062784,31305728,0.0,0.0938084116307702,0,13,0.01,0.02,0.0,0.0,0.0,10403840,0,8,4,1,0,sleeping,143,61,1724416,61440,19518,10802
2025-05-20 04:51:39,23312,2195062784,31305728,0.0,0.0938084116307702,0,13,0.01,0.02,0.0,0.0,0.0,10403840,0,8,4,1,0,sleeping,143,61,1724416,61440,19518,10802
2025-05-20 04:51:41,23312,2195062784,31305728,0.0,0.0938084116307702,0,13,0.01,0.02,0.0,0.0,0.0,10403840,0,8,4,1,0,sleeping,143,61,1724416,61440,19518,10802
2025-05-20 04:51:42,23312,2195062784,31305728,0.0,0.0938084116307702,0,13,0.01,0.02,0.0,0.0,0.0,10403840,0,8,4,1,0,sleeping,143,61,1724416,61440,19518,10802
2025-05-20 04:51:43,23312,2195062784,31305728,0.0,0.0938084116307702,0,13,0.01,0.02,0.0,0.0,0.0,10403840,0,8,4,1,0,sleeping,143,61,1724416,61440,19518,10802
2025-05-20 04:51:44,23312,2195062784,31305728,0.0,0.0938084116307702,0,13,0.01,0.02,0.0,0.0,0.0,10403840,0,8,4,1,0,sleeping,143,61,1724416,61440,19518,10802
2025-05-20 04:51:45,23312,2195062784,31305728,0.0,0.0938084116307702,0,13,0.01,0.02,0.0,0.0,0.0,10403840,0,8,4,1,0,sleeping,143,61,1724416,61440,19518,10802
2025-05-20 04:51:46,23312,2195062784,31305728,0.0,0.0938084116307702,0,13,0.01,0.02,0.0,0.0,0.0,10403840,0,8,4,1,0,sleeping,143,61,1724416,61440,19518,10802
2025-05-20 04:51:47,23312,2195062784,31305728,0.0,0.0938084116307702,0,13,0.01,0.02,0.0,0.0,0.0,10403840,0,8,4,1,0,sleeping,143,61,1724416,61440,19518,10802
2025-05-20 04:51:48,23312,2195062784,31305728,0.0,0.0938084116307702,0,13,0.01,0.02,0.0,0.0,0.0,10403840,0,8,4,1,0,sleeping,143,61,1724416,61440,19518,10802
2025-05-20 04:51:50,23312,2195062784,31305728,0.0,0.0938084116307702,0,13,0.01,0.02,0.0,0.0,0.0,10403840,0,8,4,1,0,sleeping,143,61,1724416,61440,19518,10802
2025-05-20 04:51:51,23312,2195062784,31305728,0.0,0.0938084116307702,0,13,0.01,0.02,0.0,0.0,0.0,10403840,0,8,4,1,0,sleeping,143,61,1724416,61440,19518,10802
2025-05-20 04:51:52,23312,2195062784,31305728,0.0,0.0938084116307702,0,13,0.01,0.02,0.0,0.0,0.0,10403840,0,8,4,1,0,sleeping,143,61,1724416,61440,19518,10802
2025-05-20 04:51:53,23312,2195062784,31305728,0.0,0.0938084116307702,0,13,0.01,0.02,0.0,0.0,0.0,10403840,0,8,4,1,0,sleeping,143,61,1724416,61440,19518,10802
2025-05-20 04:51:54,23312,2195062784,31305728,0.0,0.0938084116307702,0,13,0.01,0.02,0.0,0.0,0.0,10403840,0,8,4,1,0,sleeping,143,61,1724416,61440,19518,10802
2025-05-20 04:51:55,23312,2195062784,31305728,0.0,0.0938084116307702,0,13,0.01,0.02,0.0,0.0,0.0,10403840,0,8,4,1,0,sleeping,143,61,1724416,61440,19518,10802
2025-05-20 04:51:56,23312,2195062784,31305728,0.0,0.0938084116307702,0,13,0.01,0.02,0.0,0.0,0.0,10403840,0,8,4,1,0,sleeping,143,61,1724416,61440,19518,10802
2025-05-20 04:51:57,23312,2195062784,31305728,0.0,0.0938084116307702,0,13,0.01,0.02,0.0,0.0,0.0,10403840,0,8,4,1,0,sleeping,143,61,1724416,61440,19518,10802
2025-05-20 04:51:59,23312,2195062784,31305728,0.0,0.0938084116307702,0,13,0.01,0.02,0.0,0.0,0.0,10403840,0,8,4,1,0,sleeping,143,61,1724416,61440,19518,10802
2025-05-20 04:52:00,23312,2195062784,31305728,0.0,0.0938084116307702,0,13,0.01,0.02,0.0,0.0,0.0,10403840,0,8,4,1,0,sleeping,143,61,1724416,61440,19518,10802
2025-05-20 04:52:02,23312,2195062784,31305728,0.0,0.0938084116307702,0,13,0.01,0.02,0.0,0.0,0.0,10403840,0,7,4,1,0,sleeping,145,62,1724416,65536,19646,10922
2025-05-20 04:52:03,23312,2195062784,31305728,0.0,0.0938084116307702,0,13,0.01,0.02,0.0,0.0,0.0,10403840,0,7,4,1,0,sleeping,145,62,1724416,65536,19646,10922
2025-05-20 04:52:04,23312,2195062784,31305728,0.0,0.0938084116307702,0,13,0.01,0.02,0.0,0.0,0.0,10403840,0,7,4,1,0,sleeping,145,62,1724416,65536,19646,10922
2025-05-20 04:52:05,23312,2195062784,31305728,0.0,0.0938084116307702,0,13,0.01,0.02,0.0,0.0,0.0,10403840,0,7,4,1,0,sleeping,145,62,1724416,65536,19646,10922
2025-05-20 04:52:06,23312,2195062784,31305728,0.0,0.0938084116307702,0,13,0.01,0.02,0.0,0.0,0.0,10403840,0,7,4,1,0,sleeping,145,62,1724416,65536,19646,10922
2025-05-20 04:52:07,23312,2195062784,31305728,0.0,0.0938084116307702,0,13,0.01,0.02,0.0,0.0,0.0,10403840,0,7,4,1,0,sleeping,145,62,1724416,65536,19646,10922
2025-05-20 04:52:08,23312,2195062784,31305728,0.0,0.0938084116307702,0,13,0.01,0.02,0.0,0.0,0.0,10403840,0,7,4,1,0,sleeping,145,62,1724416,65536,19646,10922
2025-05-20 04:52:09,23312,2195062784,31305728,0.0,0.0938084116307702,0,13,0.01,0.02,0.0,0.0,0.0,10403840,0,7,4,1,0,sleeping,145,62,1724416,65536,19646,10922
2025-05-20 04:52:10,23312,2195062784,31305728,0.0,0.0938084116307702,0,13,0.01,0.02,0.0,0.0,0.0,10403840,0,7,4,1,0,sleeping,145,62,1724416,65536,19646,10922
2025-05-20 04:52:11,23312,2195062784,31305728,0.0,0.0938084116307702,0,13,0.01,0.02,0.0,0.0,0.0,10403840,0,7,4,1,0,sleeping,145,62,1724416,65536,19646,10922
2025-05-20 04:52:12,23312,2195062784,31305728,0.0,0.0938084116307702,0,13,0.01,0.02,0.0,0.0,0.0,10403840,0,7,4,1,0,sleeping,145,62,1724416,65536,19646,10922
2025-05-20 04:52:13,23312,2195062784,31305728,0.0,0.0938084116307702,0,13,0.01,0.02,0.0,0.0,0.0,10403840,0,7,4,1,0,sleeping,145,62,1724416,65536,19646,10922
2025-05-20 04:52:15,23312,2195062784,31305728,0.0,0.0938084116307702,0,13,0.01,0.02,0.0,0.0,0.0,10403840,0,7,4,1,0,sleeping,145,62,1724416,65536,19646,10922
2025-05-20 04:52:16,23312,2195062784,31305728,0.0,0.0938084116307702,0,13,0.01,0.02,0.0,0.0,0.0,10403840,0,7,4,1,0,sleeping,145,62,1724416,65536,19646,10922
2025-05-20 04:52:17,23312,2195062784,31305728,0.0,0.0938084116307702,0,13,0.01,0.02,0.0,0.0,0.0,10403840,0,7,4,1,0,sleeping,145,62,1724416,65536,19646,10922
2025-05-20 04:52:19,23312,2195062784,31305728,0.0,0.0938084116307702,0,13,0.01,0.02,0.0,0.0,0.0,10403840,0,7,4,1,0,sleeping,145,62,1724416,65536,19646,10922
2025-05-20 04:52:20,23312,2195062784,31305728,0.0,0.0938084116307702,0,13,0.01,0.02,0.0,0.0,0.0,10403840,0,7,4,1,0,sleeping,145,62,1724416,65536,19646,10922
2025-05-20 04:52:21,23312,2195062784,31305728,0.0,0.0938084116307702,0,13,0.01,0.02,0.0,0.0,0.0,10403840,0,7,4,1,0,sleeping,145,62,1724416,65536,19646,10922
2025-05-20 04:52:22,23312,2195062784,31305728,0.0,0.0938084116307702,0,13,0.01,0.02,0.0,0.0,0.0,10403840,0,7,4,1,0,sleeping,145,62,1724416,65536,19646,10922
2025-05-20 04:52:23,23312,2195062784,31305728,0.0,0.0938084116307702,0,13,0.01,0.02,0.0,0.0,0.0,10403840,0,7,4,1,0,sleeping,145,62,1724416,65536,19646,10922
2025-05-20 04:52:24,23312,2195062784,31305728,0.0,0.0938084116307702,0,13,0.01,0.02,0.0,0.0,0.0,10403840,0,7,4,1,0,sleeping,145,62,1724416,65536,19646,10922
2025-05-20 04:52:25,23312,2195062784,31305728,0.0,0.0938084116307702,0,13,0.01,0.02,0.0,0.0,0.0,10403840,0,7,4,1,0,sleeping,145,62,1724416,65536,19646,10922
2025-05-20 04:52:26,23312,2195062784,31305728,0.0,0.0938084116307702,0,13,0.01,0.02,0.0,0.0,0.0,10403840,0,7,4,1,0,sleeping,145,62,1724416,65536,19646,10922
2025-05-20 04:52:27,23312,2195062784,31305728,0.0,0.0938084116307702,0,13,0.01,0.02,0.0,0.0,0.0,10403840,0,7,4,1,0,sleeping,145,62,1724416,65536,19646,10922
2025-05-20 04:52:28,23312,2195062784,31305728,0.0,0.0938084116307702,0,13,0.01,0.02,0.0,0.0,0.0,10403840,0,7,4,1,0,sleeping,145,62,1724416,65536,19646,10922
2025-05-20 04:52:29,23312,2195062784,31305728,0.0,0.0938084116307702,0,13,0.01,0.02,0.0,0.0,0.0,10403840,0,7,4,1,0,sleeping,145,62,1724416,65536,19646,10922
2025-05-20 04:52:31,23312,2195062784,31305728,0.0,0.0938084116307702,0,13,0.01,0.02,0.0,0.0,0.0,10403840,0,7,4,1,0,sleeping,145,62,1724416,65536,19646,10922
2025-05-20 04:52:32,23312,2195062784,31305728,0.0,0.0938084116307702,0,13,0.01,0.02,0.0,0.0,0.0,10403840,0,7,4,1,0,sleeping,147,63,1724416,65536,19776,11044
2025-05-20 04:52:33,23312,2195062784,31305728,0.0,0.0938084116307702,0,13,0.01,0.02,0.0,0.0,0.0,10403840,0,7,4,1,0,sleeping,147,63,1724416,65536,19776,11044
2025-05-20 04:52:35,23312,2195062784,31305728,0.0,0.0938084116307702,0,13,0.01,0.02,0.0,0.0,0.0,10403840,0,7,4,1,0,sleeping,147,63,1724416,65536,19776,11044
2025-05-20 04:52:36,23312,2195062784,31305728,0.0,0.0938084116307702,0,13,0.01,0.02,0.0,0.0,0.0,10403840,0,7,4,1,0,sleeping,147,63,1724416,65536,19776,11044
2025-05-20 04:52:38,23312,2195062784,31305728,0.0,0.0938084116307702,0,13,0.01,0.02,0.0,0.0,0.0,10403840,0,7,4,1,0,sleeping,147,63,1724416,65536,19776,11044
2025-05-20 04:52:39,23312,2195062784,31305728,0.0,0.0938084116307702,0,13,0.01,0.02,0.0,0.0,0.0,10403840,0,7,4,1,0,sleeping,147,63,1724416,65536,19776,11044
2025-05-20 04:52:40,23312,2195062784,31305728,0.0,0.0938084116307702,0,13,0.01,0.02,0.0,0.0,0.0,10403840,0,7,4,1,0,sleeping,147,63,1724416,65536,19776,11044
2025-05-20 04:52:41,23312,2195062784,31305728,0.0,0.0938084116307702,0,13,0.01,0.02,0.0,0.0,0.0,10403840,0,7,4,1,0,sleeping,147,63,1724416,65536,19776,11044
2025-05-20 04:52:42,23312,2195062784,31305728,0.0,0.0938084116307702,0,13,0.01,0.02,0.0,0.0,0.0,10403840,0,7,4,1,0,sleeping,147,63,1724416,65536,19776,11044
2025-05-20 04:52:43,23312,2195062784,31305728,0.0,0.0938084116307702,0,13,0.01,0.02,0.0,0.0,0.0,10403840,0,7,4,1,0,sleeping,147,63,1724416,65536,19776,11044
2025-05-20 04:52:44,23312,2195062784,31305728,0.0,0.0938084116307702,0,13,0.01,0.02,0.0,0.0,0.0,10403840,0,7,4,1,0,sleeping,147,63,1724416,65536,19776,11044
2025-05-20 04:52:45,23312,2195062784,31305728,0.0,0.0938084116307702,0,13,0.01,0.02,0.0,0.0,0.0,10403840,0,7,4,1,0,sleeping,147,63,1724416,65536,19776,11044
2025-05-20 04:52:46,23312,2195062784,31305728,0.0,0.0938084116307702,0,13,0.01,0.02,0.0,0.0,0.0,10403840,0,7,4,1,0,sleeping,147,63,1724416,65536,19776,11044
2025-05-20 04:52:47,23312,2195062784,31305728,0.0,0.0938084116307702,0,13,0.01,0.02,0.0,0.0,0.0,10403840,0,7,4,1,0,sleeping,147,63,1724416,65536,19776,11044
2025-05-20 04:52:49,23312,2195062784,31305728,0.0,0.0938084116307702,0,13,0.01,0.02,0.0,0.0,0.0,10403840,0,7,4,1,0,sleeping,147,63,1724416,65536,19776,11044
2025-05-20 04:52:50,23312,2195062784,31305728,0.0,0.0938084116307702,0,13,0.01,0.02,0.0,0.0,0.0,10403840,0,7,4,1,0,sleeping,147,63,1724416,65536,19776,11044
2025-05-20 04:52:52,23312,2195062784,31305728,0.0,0.0938084116307702,0,13,0.01,0.02,0.0,0.0,0.0,10403840,0,7,4,1,0,sleeping,147,63,1724416,65536,19776,11044
2025-05-20 04:52:53,23312,2195062784,31305728,0.0,0.0938084116307702,0,13,0.01,0.02,0.0,0.0,0.0,10403840,0,7,4,1,0,sleeping,147,63,1724416,65536,19776,11044
2025-05-20 04:52:54,23312,2195062784,31305728,0.0,0.0938084116307702,0,13,0.01,0.02,0.0,0.0,0.0,10403840,0,7,4,1,0,sleeping,147,63,1724416,65536,19776,11044
2025-05-20 04:52:55,23312,2195062784,31305728,0.0,0.0938084116307702,0,13,0.01,0.02,0.0,0.0,0.0,10403840,0,7,4,1,0,sleeping,147,63,1724416,65536,19776,11044
2025-05-20 04:52:56,23312,2195062784,31305728,0.0,0.0938084116307702,0,13,0.01,0.02,0.0,0.0,0.0,10403840,0,7,4,1,0,sleeping,147,63,1724416,65536,19776,11044
2025-05-20 04:52:57,23312,2195062784,31305728,0.0,0.0938084116307702,0,13,0.01,0.02,0.0,0.0,0.0,10403840,0,7,4,1,0,sleeping,147,63,1724416,65536,19776,11044
2025-05-20 04:52:58,23312,2195062784,31305728,0.0,0.0938084116307702,0,13,0.01,0.02,0.0,0.0,0.0,10403840,0,7,4,1,0,sleeping,147,63,1724416,65536,19776,11044
2025-05-20 04:52:59,23312,2195062784,31305728,0.0,0.0938084116307702,0,13,0.01,0.02,0.0,0.0,0.0,10403840,0,7,4,1,0,sleeping,147,63,1724416,65536,19776,11044
2025-05-20 04:53:00,23312,2195062784,31305728,0.0,0.0938084116307702,0,13,0.01,0.02,0.0,0.0,0.0,10403840,0,7,4,1,0,sleeping,147,63,1724416,65536,19776,11044
2025-05-20 04:53:01,23312,2195062784,31305728,0.0,0.0938084116307702,0,13,0.01,0.02,0.0,0.0,0.0,10436608,0,7,4,1,0,sleeping,149,64,1724416,69632,19904,11164
2025-05-20 04:53:02,23312,2195062784,31305728,0.0,0.0938084116307702,0,13,0.01,0.02,0.0,0.0,0.0,10436608,0,7,4,1,0,sleeping,149,64,1724416,69632,19904,11164
2025-05-20 04:53:04,23312,2195062784,31305728,0.0,0.0938084116307702,0,13,0.01,0.02,0.0,0.0,0.0,10436608,0,7,4,1,0,sleeping,149,64,1724416,69632,19904,11164
2025-05-20 04:53:05,23312,2195062784,31305728,0.0,0.0938084116307702,0,13,0.01,0.02,0.0,0.0,0.0,10436608,0,7,4,1,0,sleeping,149,64,1724416,69632,19904,11164
2025-05-20 04:53:06,23312,2195062784,31305728,0.0,0.0938084116307702,0,13,0.01,0.02,0.0,0.0,0.0,10436608,0,7,4,1,0,sleeping,149,64,1724416,69632,19904,11164
2025-05-20 04:53:08,23312,2195062784,31305728,0.0,0.0938084116307702,0,13,0.01,0.02,0.0,0.0,0.0,10436608,0,7,4,1,0,sleeping,149,64,1724416,69632,19904,11164
2025-05-20 04:53:09,23312,2195062784,31305728,0.0,0.0938084116307702,0,13,0.01,0.02,0.0,0.0,0.0,10436608,0,7,4,1,0,sleeping,149,64,1724416,69632,19904,11164
2025-05-20 04:53:10,23312,2195062784,31305728,0.0,0.0938084116307702,0,13,0.01,0.02,0.0,0.0,0.0,10436608,0,7,4,1,0,sleeping,149,64,1724416,69632,19904,11164
2025-05-20 04:53:11,23312,2195062784,31305728,0.0,0.0938084116307702,0,13,0.01,0.02,0.0,0.0,0.0,10436608,0,7,4,1,0,sleeping,149,64,1724416,69632,19904,11164
2025-05-20 04:53:12,23312,2195062784,31305728,0.0,0.0938084116307702,0,13,0.01,0.02,0.0,0.0,0.0,10436608,0,7,4,1,0,sleeping,149,64,1724416,69632,19904,11164
2025-05-20 04:53:13,23312,2195062784,31305728,0.0,0.0938084116307702,0,13,0.01,0.02,0.0,0.0,0.0,10436608,0,7,4,1,0,sleeping,149,64,1724416,69632,19904,11164
2025-05-20 04:53:14,23312,2195062784,31305728,0.0,0.0938084116307702,0,13,0.01,0.02,0.0,0.0,0.0,10436608,0,7,4,1,0,sleeping,149,64,1724416,69632,19904,11164
2025-05-20 04:53:15,23312,2195062784,31305728,0.0,0.0938084116307702,0,13,0.01,0.02,0.0,0.0,0.0,10436608,0,7,4,1,0,sleeping,149,64,1724416,69632,19904,11164
2025-05-20 04:53:16,23312,2195062784,31305728,0.0,0.0938084116307702,0,13,0.01,0.02,0.0,0.0,0.0,10436608,0,7,4,1,0,sleeping,149,64,1724416,69632,19904,11164
2025-05-20 04:53:17,23312,2195062784,31305728,0.0,0.0938084116307702,0,13,0.01,0.02,0.0,0.0,0.0,10436608,0,7,4,1,0,sleeping,149,64,1724416,69632,19904,11164
2025-05-20 04:53:18,23312,2195062784,31305728,0.0,0.0938084116307702,0,13,0.01,0.02,0.0,0.0,0.0,10436608,0,7,4,1,0,sleeping,149,64,1724416,69632,19904,11164
2025-05-20 04:53:20,23312,2195062784,31305728,0.0,0.0938084116307702,0,13,0.01,0.02,0.0,0.0,0.0,10436608,0,7,4,1,0,sleeping,149,64,1724416,69632,19904,11164
2025-05-20 04:53:21,23312,2195062784,31305728,0.0,0.0938084116307702,0,13,0.01,0.02,0.0,0.0,0.0,10436608,0,7,4,1,0,sleeping,149,64,1724416,69632,19904,11164
2025-05-20 04:53:22,23312,2195062784,31305728,0.0,0.0938084116307702,0,13,0.01,0.02,0.0,0.0,0.0,10436608,0,6,4,1,0,sleeping,165,72,1724416,69632,20841,12037
2025-05-20 04:53:23,23312,2195062784,31305728,0.0,0.0938084116307702,0,13,0.01,0.02,0.0,0.0,0.0,10436608,0,6,4,1,0,sleeping,166,72,1724416,69632,20841,12037
