Time,PID,Virt,Res,CPU,Memory,TCP Connections,Thread Count,User,System,Children_User,Children_System,IO,uss,swap,processor_num,core_num,cpu_num,cpu_ids,process_status,read_count,write_count,read_bytes,write_bytes,read_chars,write_chars
2025-05-20 03:25:12,19163,2194472960,31473664,0.0,0.09431163613382679,0,13,0.01,0.01,0.0,0.0,0.0,26673152,0,7,4,1,0,sleeping,43,10,0,4096,13612,5693
2025-05-20 03:25:13,19163,2194472960,31473664,0.0,0.09431163613382679,0,13,0.01,0.01,0.0,0.0,0.0,10145792,0,7,4,1,0,sleeping,43,10,0,4096,13612,5693
2025-05-20 03:25:14,19163,2194472960,31473664,0.0,0.09431163613382679,0,13,0.01,0.01,0.0,0.0,0.0,10145792,0,7,4,1,0,sleeping,43,10,0,4096,13612,5693
2025-05-20 03:25:15,19163,2194472960,31473664,0.0,0.09431163613382679,0,13,0.01,0.01,0.0,0.0,0.0,10145792,0,7,4,1,0,sleeping,43,10,0,4096,13612,5693
2025-05-20 03:25:16,19163,2194472960,31473664,0.0,0.09431163613382679,0,13,0.01,0.01,0.0,0.0,0.0,10145792,0,8,4,1,0,sleeping,45,11,0,8192,13667,5740
2025-05-20 03:25:18,19163,2194472960,31473664,0.0,0.09431163613382679,0,13,0.01,0.01,0.0,0.0,0.0,10145792,0,8,4,1,0,sleeping,45,11,0,8192,13667,5740
2025-05-20 03:25:19,19163,2194472960,31473664,0.0,0.09431163613382679,0,13,0.01,0.01,0.0,0.0,0.0,10141696,0,7,4,1,0,sleeping,51,14,4096,12288,13860,5909
2025-05-20 03:25:20,19163,2194472960,31473664,0.0,0.09431163613382679,0,13,0.01,0.01,0.0,0.0,0.0,10141696,0,7,4,1,0,sleeping,51,14,4096,12288,13860,5909
2025-05-20 03:25:21,19163,2194472960,31473664,0.0,0.09431163613382679,0,13,0.01,0.01,0.0,0.0,0.0,10141696,0,7,4,1,0,sleeping,51,14,4096,12288,13860,5909
2025-05-20 03:25:22,19163,2194472960,31473664,0.0,0.09431163613382679,0,13,0.01,0.01,0.0,0.0,0.0,10141696,0,7,4,1,0,sleeping,51,14,4096,12288,13860,5909
2025-05-20 03:25:24,19163,2194472960,31473664,0.0,0.09431163613382679,0,13,0.01,0.01,0.0,0.0,0.0,10141696,0,7,4,1,0,sleeping,51,14,4096,12288,13860,5909
2025-05-20 03:25:25,19163,2194472960,31473664,0.0,0.09431163613382679,0,13,0.01,0.01,0.0,0.0,0.0,10141696,0,7,4,1,0,sleeping,51,14,4096,12288,13860,5909
2025-05-20 03:25:26,19163,2194472960,31473664,0.0,0.09431163613382679,0,13,0.01,0.01,0.0,0.0,0.0,10141696,0,7,4,1,0,sleeping,51,14,4096,12288,13860,5909
2025-05-20 03:25:27,19163,2194472960,31473664,0.0,0.09431163613382679,0,13,0.01,0.01,0.0,0.0,0.0,10141696,0,7,4,1,0,sleeping,51,14,4096,12288,13860,5909
2025-05-20 03:25:28,19163,2194472960,31473664,0.0,0.09431163613382679,0,13,0.01,0.01,0.0,0.0,0.0,10141696,0,7,4,1,0,sleeping,51,14,4096,12288,13860,5909
2025-05-20 03:25:29,19163,2194472960,31473664,0.0,0.09431163613382679,0,13,0.01,0.01,0.0,0.0,0.0,10141696,0,7,4,1,0,sleeping,51,14,4096,12288,13860,5909
2025-05-20 03:25:30,19163,2194472960,31473664,0.0,0.09431163613382679,0,13,0.01,0.01,0.0,0.0,0.0,10141696,0,7,4,1,0,sleeping,51,14,4096,12288,13860,5909
2025-05-20 03:25:31,19163,2194472960,31473664,0.0,0.09431163613382679,0,13,0.01,0.01,0.0,0.0,0.0,10141696,0,7,4,1,0,sleeping,51,14,4096,12288,13860,5909
2025-05-20 03:25:32,19163,2194472960,31473664,0.0,0.09431163613382679,0,13,0.01,0.01,0.0,0.0,0.0,10141696,0,7,4,1,0,sleeping,51,14,4096,12288,13860,5909
2025-05-20 03:25:33,19163,2194472960,31473664,0.0,0.09431163613382679,0,13,0.01,0.01,0.0,0.0,0.0,10141696,0,7,4,1,0,sleeping,51,14,4096,12288,13860,5909
2025-05-20 03:25:34,19163,2194472960,31473664,0.0,0.09431163613382679,0,13,0.01,0.01,0.0,0.0,0.0,10141696,0,7,4,1,0,sleeping,51,14,4096,12288,13860,5909
2025-05-20 03:25:35,19163,2194472960,31473664,0.0,0.09431163613382679,0,13,0.01,0.01,0.0,0.0,0.0,10141696,0,7,4,1,0,sleeping,51,14,4096,12288,13860,5909
2025-05-20 03:25:37,19163,2194472960,31473664,0.0,0.09431163613382679,0,13,0.01,0.01,0.0,0.0,0.0,10141696,0,7,4,1,0,sleeping,51,14,4096,12288,13860,5909
2025-05-20 03:25:38,19163,2194472960,31473664,0.0,0.09431163613382679,0,13,0.01,0.01,0.0,0.0,0.0,10141696,0,7,4,1,0,sleeping,51,14,4096,12288,13860,5909
2025-05-20 03:25:39,19163,2194472960,31473664,0.0,0.09431163613382679,0,13,0.01,0.01,0.0,0.0,0.0,10141696,0,7,4,1,0,sleeping,55,17,4096,16384,14796,6821
2025-05-20 03:25:40,19163,2194472960,31473664,0.0,0.09431163613382679,0,13,0.01,0.01,0.0,0.0,0.0,10141696,0,7,4,1,0,sleeping,55,17,4096,16384,14796,6821
2025-05-20 03:25:41,19163,2194472960,31473664,0.0,0.09431163613382679,0,13,0.01,0.01,0.0,0.0,0.0,10141696,0,7,4,1,0,sleeping,55,17,4096,16384,14796,6821
2025-05-20 03:25:42,19163,2194472960,31473664,3.6,0.09431163613382679,0,13,0.01,0.05,0.0,0.0,0.0,10149888,0,7,4,1,0,sleeping,3455,5458,4096,59482112,59524197,59472694
2025-05-20 03:25:43,19163,2194472960,31473664,0.0,0.09431163613382679,0,13,0.01,0.05,0.0,0.0,0.0,10141696,0,7,4,1,0,sleeping,3457,5459,4096,59482112,59524257,59472746
2025-05-20 03:25:44,19163,2194472960,31473664,0.0,0.09431163613382679,0,13,0.01,0.05,0.0,0.0,0.0,10141696,0,7,4,1,0,sleeping,3457,5459,4096,59482112,59524257,59472746
2025-05-20 03:25:46,19163,2194472960,31473664,0.0,0.09431163613382679,0,13,0.01,0.05,0.0,0.0,0.0,10141696,0,7,4,1,0,sleeping,3457,5459,4096,59482112,59524257,59472746
2025-05-20 03:25:48,19163,2194472960,31473664,0.0,0.09431163613382679,0,13,0.01,0.05,0.0,0.0,0.0,10141696,0,7,4,1,0,sleeping,3457,5459,4096,59482112,59524257,59472746
2025-05-20 03:25:49,19163,2194472960,31473664,0.0,0.09431163613382679,0,13,0.01,0.05,0.0,0.0,0.0,10141696,0,7,4,1,0,sleeping,3457,5459,4096,59482112,59524257,59472746
2025-05-20 03:25:50,19163,2194472960,31473664,0.0,0.09431163613382679,0,13,0.01,0.05,0.0,0.0,0.0,10141696,0,7,4,1,0,sleeping,3457,5459,4096,59482112,59524257,59472746
2025-05-20 03:25:51,19163,2194472960,31473664,0.0,0.09431163613382679,0,13,0.01,0.05,0.0,0.0,0.0,10141696,0,7,4,1,0,sleeping,3457,5459,4096,59482112,59524257,59472746
2025-05-20 03:25:53,19163,2194472960,31473664,0.0,0.09431163613382679,0,13,0.01,0.05,0.0,0.0,0.0,10141696,0,7,4,1,0,sleeping,3457,5459,4096,59482112,59524257,59472746
2025-05-20 03:25:54,19163,2194472960,31473664,0.0,0.09431163613382679,0,13,0.01,0.05,0.0,0.0,0.0,10141696,0,7,4,1,0,sleeping,3457,5459,4096,59482112,59524257,59472746
2025-05-20 03:25:55,19163,2194472960,31473664,0.0,0.09431163613382679,0,13,0.01,0.05,0.0,0.0,0.0,10141696,0,7,4,1,0,sleeping,3457,5459,4096,59482112,59524257,59472746
2025-05-20 03:25:56,19163,2194472960,31473664,0.0,0.09431163613382679,0,13,0.01,0.05,0.0,0.0,0.0,10141696,0,7,4,1,0,sleeping,3457,5459,4096,59482112,59524257,59472746
2025-05-20 03:25:57,19163,2194472960,31473664,0.0,0.09431163613382679,0,13,0.01,0.05,0.0,0.0,0.0,10141696,0,7,4,1,0,sleeping,3457,5459,4096,59482112,59524257,59472746
2025-05-20 03:25:58,19163,2194472960,31473664,0.0,0.09431163613382679,0,13,0.01,0.05,0.0,0.0,0.0,10141696,0,7,4,1,0,sleeping,3457,5459,4096,59482112,59524257,59472746
2025-05-20 03:25:59,19163,2194472960,31473664,0.0,0.09431163613382679,0,13,0.01,0.05,0.0,0.0,0.0,10141696,0,7,4,1,0,sleeping,3457,5459,4096,59482112,59524257,59472746
2025-05-20 03:26:00,19163,2194472960,31473664,0.0,0.09431163613382679,0,13,0.01,0.05,0.0,0.0,0.0,10141696,0,7,4,1,0,sleeping,3457,5459,4096,59482112,59524257,59472746
2025-05-20 03:26:01,19163,2194472960,31473664,0.0,0.09431163613382679,0,13,0.01,0.05,0.0,0.0,0.0,10141696,0,7,4,1,0,sleeping,3457,5459,4096,59482112,59524257,59472746
2025-05-20 03:26:02,19163,2194472960,31473664,0.0,0.09431163613382679,0,13,0.01,0.05,0.0,0.0,0.0,10141696,0,7,4,1,0,sleeping,3457,5459,4096,59482112,59524257,59472746
2025-05-20 03:26:03,19163,2194472960,31473664,0.0,0.09431163613382679,0,13,0.01,0.05,0.0,0.0,0.0,10141696,0,7,4,1,0,sleeping,3457,5459,4096,59482112,59524257,59472746
2025-05-20 03:26:05,19163,2194472960,31473664,0.0,0.09431163613382679,0,13,0.01,0.05,0.0,0.0,0.0,10141696,0,7,4,1,0,sleeping,3457,5459,4096,59482112,59524257,59472746
2025-05-20 03:26:06,19163,2194472960,31473664,0.0,0.09431163613382679,0,13,0.01,0.05,0.0,0.0,0.0,10141696,0,7,4,1,0,sleeping,3457,5459,4096,59482112,59524257,59472746
2025-05-20 03:26:07,19163,2194472960,31473664,0.0,0.09431163613382679,0,13,0.01,0.05,0.0,0.0,0.0,10141696,0,7,4,1,0,sleeping,3465,5463,4096,59482112,59525202,59473659
2025-05-20 03:26:08,19163,2194472960,31473664,0.0,0.09431163613382679,0,13,0.01,0.05,0.0,0.0,0.0,10141696,0,7,4,1,0,sleeping,3465,5463,4096,59482112,59525202,59473659
2025-05-20 03:26:09,19163,2194472960,31473664,0.0,0.09431163613382679,0,13,0.01,0.05,0.0,0.0,0.0,10141696,0,7,4,1,0,sleeping,3465,5463,4096,59482112,59525202,59473659
2025-05-20 03:26:10,19163,2194472960,31473664,5.4,0.09431163613382679,0,13,0.02,0.1,0.0,0.0,0.0,10084352,0,7,4,1,0,sleeping,7218,10329,4096,119013376,119095539,119005068
2025-05-20 03:26:11,19163,2194472960,31473664,0.0,0.09431163613382679,0,13,0.02,0.1,0.0,0.0,0.0,10084352,0,7,4,1,0,sleeping,7220,10330,4096,119013376,119095599,119005120
2025-05-20 03:26:12,19163,2194472960,31473664,0.0,0.09431163613382679,0,13,0.02,0.1,0.0,0.0,0.0,10084352,0,7,4,1,0,sleeping,7220,10330,4096,119013376,119095599,119005120
2025-05-20 03:26:13,19163,2194472960,31473664,0.0,0.09431163613382679,0,13,0.02,0.1,0.0,0.0,0.0,10084352,0,7,4,1,0,sleeping,7220,10330,4096,119013376,119095599,119005120
2025-05-20 03:26:14,19163,2194472960,31473664,0.0,0.09431163613382679,0,13,0.02,0.1,0.0,0.0,0.0,10084352,0,7,4,1,0,sleeping,7220,10330,4096,119013376,119095599,119005120
2025-05-20 03:26:15,19163,2194472960,31473664,0.0,0.09431163613382679,0,13,0.02,0.1,0.0,0.0,0.0,10084352,0,7,4,1,0,sleeping,7220,10330,4096,119013376,119095599,119005120
2025-05-20 03:26:17,19163,2194472960,31473664,0.0,0.09431163613382679,0,13,0.02,0.1,0.0,0.0,0.0,10084352,0,7,4,1,0,sleeping,7220,10330,4096,119013376,119095599,119005120
2025-05-20 03:26:18,19163,2194472960,31473664,0.0,0.09431163613382679,0,13,0.02,0.1,0.0,0.0,0.0,10084352,0,7,4,1,0,sleeping,7220,10330,4096,119013376,119095599,119005120
2025-05-20 03:26:19,19163,2194472960,31473664,0.0,0.09431163613382679,0,13,0.02,0.1,0.0,0.0,0.0,10084352,0,7,4,1,0,sleeping,7220,10330,4096,119013376,119095599,119005120
2025-05-20 03:26:20,19163,2194472960,31473664,0.0,0.09431163613382679,0,13,0.02,0.1,0.0,0.0,0.0,10084352,0,7,4,1,0,sleeping,7220,10330,4096,119013376,119095599,119005120
2025-05-20 03:26:21,19163,2194472960,31473664,0.0,0.09431163613382679,0,13,0.02,0.1,0.0,0.0,0.0,10084352,0,7,4,1,0,sleeping,7220,10330,4096,119013376,119095599,119005120
2025-05-20 03:26:22,19163,2194472960,31473664,0.0,0.09431163613382679,0,13,0.02,0.1,0.0,0.0,0.0,10084352,0,7,4,1,0,sleeping,7220,10330,4096,119013376,119095599,119005120
2025-05-20 03:26:23,19163,2194472960,31473664,0.0,0.09431163613382679,0,13,0.02,0.1,0.0,0.0,0.0,10084352,0,7,4,1,0,sleeping,7220,10330,4096,119013376,119095599,119005120
2025-05-20 03:26:24,19163,2194472960,31473664,0.0,0.09431163613382679,0,13,0.02,0.1,0.0,0.0,0.0,10084352,0,7,4,1,0,sleeping,7220,10330,4096,119013376,119095599,119005120
2025-05-20 03:26:25,19163,2194472960,31473664,0.0,0.09431163613382679,0,13,0.02,0.1,0.0,0.0,0.0,10084352,0,7,4,1,0,sleeping,7220,10330,4096,119013376,119095599,119005120
2025-05-20 03:26:26,19163,2194472960,31473664,0.0,0.09431163613382679,0,13,0.02,0.1,0.0,0.0,0.0,10084352,0,7,4,1,0,sleeping,7220,10330,4096,119013376,119095599,119005120
2025-05-20 03:26:27,19163,2194472960,31473664,0.0,0.09431163613382679,0,13,0.02,0.1,0.0,0.0,0.0,10084352,0,7,4,1,0,sleeping,7220,10330,4096,119013376,119095599,119005120
2025-05-20 03:26:29,19163,2194472960,31473664,0.0,0.09431163613382679,0,13,0.02,0.1,0.0,0.0,0.0,10084352,0,7,4,1,0,sleeping,7220,10330,4096,119013376,119095599,119005120
2025-05-20 03:26:30,19163,2194472960,31473664,0.0,0.09431163613382679,0,13,0.02,0.1,0.0,0.0,0.0,10084352,0,7,4,1,0,sleeping,7224,10332,4096,119021568,119096528,119006033
2025-05-20 03:26:31,19163,2194472960,31473664,0.0,0.09431163613382679,0,13,0.02,0.1,0.0,0.0,0.0,10084352,0,7,4,1,0,sleeping,7224,10332,4096,119021568,119096528,119006033
2025-05-20 03:26:32,19163,2194472960,31473664,0.0,0.09431163613382679,0,13,0.02,0.1,0.0,0.0,0.0,10084352,0,7,4,1,0,sleeping,7224,10332,4096,119021568,119096528,119006033
2025-05-20 03:26:33,19163,2194472960,31473664,0.0,0.09431163613382679,0,13,0.02,0.1,0.0,0.0,0.0,10084352,0,7,4,1,0,sleeping,7224,10332,4096,119021568,119096528,119006033
2025-05-20 03:26:34,19163,2194472960,31473664,4.5,0.09431163613382679,0,13,0.02,0.15,0.0,0.0,0.0,10084352,0,8,4,1,0,sleeping,10118,15719,4096,178528256,178646509,178512918
2025-05-20 03:26:35,19163,2194472960,31473664,0.0,0.09431163613382679,0,13,0.02,0.15,0.0,0.0,0.0,10084352,0,8,4,1,0,sleeping,10118,15719,4096,178528256,178646509,178512918
2025-05-20 03:26:36,19163,2194472960,31473664,0.0,0.09431163613382679,0,13,0.02,0.15,0.0,0.0,0.0,10084352,0,8,4,1,0,sleeping,10118,15719,4096,178528256,178646509,178512918
2025-05-20 03:26:37,19163,2194472960,31473664,0.0,0.09431163613382679,0,13,0.02,0.15,0.0,0.0,0.0,10084352,0,8,4,1,0,sleeping,10118,15719,4096,178528256,178646509,178512918
2025-05-20 03:26:38,19163,2194472960,31473664,0.0,0.09431163613382679,0,13,0.02,0.15,0.0,0.0,0.0,10084352,0,8,4,1,0,sleeping,10118,15719,4096,178528256,178646509,178512918
2025-05-20 03:26:40,19163,2194472960,31473664,0.0,0.09431163613382679,0,13,0.02,0.15,0.0,0.0,0.0,10084352,0,8,4,1,0,sleeping,10118,15719,4096,178528256,178646509,178512918
2025-05-20 03:26:41,19163,2194472960,31473664,0.0,0.09431163613382679,0,13,0.02,0.15,0.0,0.0,0.0,10084352,0,8,4,1,0,sleeping,10118,15719,4096,178528256,178646509,178512918
2025-05-20 03:26:42,19163,2194472960,31473664,0.0,0.09431163613382679,0,13,0.02,0.15,0.0,0.0,0.0,10084352,0,8,4,1,0,sleeping,10118,15719,4096,178528256,178646509,178512918
2025-05-20 03:26:43,19163,2194472960,31473664,0.0,0.09431163613382679,0,13,0.02,0.15,0.0,0.0,0.0,10084352,0,8,4,1,0,sleeping,10118,15719,4096,178528256,178646509,178512918
2025-05-20 03:26:44,19163,2194472960,31473664,0.0,0.09431163613382679,0,13,0.02,0.15,0.0,0.0,0.0,10084352,0,8,4,1,0,sleeping,10118,15719,4096,178528256,178646509,178512918
2025-05-20 03:26:45,19163,2194472960,31473664,0.0,0.09431163613382679,0,13,0.02,0.15,0.0,0.0,0.0,10084352,0,8,4,1,0,sleeping,10118,15719,4096,178528256,178646509,178512918
2025-05-20 03:26:46,19163,2194472960,31473664,0.0,0.09431163613382679,0,13,0.02,0.15,0.0,0.0,0.0,10084352,0,8,4,1,0,sleeping,10118,15719,4096,178528256,178646509,178512918
2025-05-20 03:26:47,19163,2194472960,31473664,0.0,0.09431163613382679,0,13,0.02,0.15,0.0,0.0,0.0,10084352,0,8,4,1,0,sleeping,10118,15719,4096,178528256,178646509,178512918
2025-05-20 03:26:48,19163,2194472960,31473664,0.0,0.09431163613382679,0,13,0.02,0.15,0.0,0.0,0.0,10084352,0,8,4,1,0,sleeping,10118,15719,4096,178528256,178646509,178512918
2025-05-20 03:26:50,19163,2194472960,31473664,0.0,0.09431163613382679,0,13,0.02,0.15,0.0,0.0,0.0,10084352,0,8,4,1,0,sleeping,10118,15719,4096,178528256,178646509,178512918
2025-05-20 03:26:51,19163,2194472960,31473664,0.0,0.09431163613382679,0,13,0.02,0.15,0.0,0.0,0.0,10084352,0,8,4,1,0,sleeping,10118,15719,4096,178528256,178646509,178512918
2025-05-20 03:26:52,19163,2194472960,31473664,0.0,0.09431163613382679,0,13,0.02,0.15,0.0,0.0,0.0,10084352,0,8,4,1,0,sleeping,10118,15719,4096,178528256,178646509,178512918
2025-05-20 03:26:53,19163,2194472960,31473664,0.0,0.09431163613382679,0,13,0.02,0.15,0.0,0.0,0.0,10084352,0,8,4,1,0,sleeping,10118,15719,4096,178528256,178646509,178512918
2025-05-20 03:26:54,19163,2194472960,31473664,0.0,0.09431163613382679,0,13,0.02,0.15,0.0,0.0,0.0,10084352,0,7,4,1,0,sleeping,10124,15722,4096,178528256,178647144,178513529
2025-05-20 03:26:55,19163,2194472960,31473664,0.0,0.09431163613382679,0,13,0.02,0.15,0.0,0.0,0.0,10084352,0,7,4,1,0,sleeping,10124,15722,4096,178528256,178647144,178513529
2025-05-20 03:26:56,19163,2194472960,31473664,0.0,0.09431163613382679,0,13,0.02,0.15,0.0,0.0,0.0,10084352,0,7,4,1,0,sleeping,10124,15722,4096,178528256,178647144,178513529
2025-05-20 03:26:57,19163,2194472960,31473664,0.0,0.09431163613382679,0,13,0.02,0.15,0.0,0.0,0.0,10084352,0,7,4,1,0,sleeping,10124,15722,4096,178528256,178647144,178513529
2025-05-20 03:26:58,19163,2194472960,31473664,4.5,0.09431163613382679,0,13,0.03,0.19,0.0,0.0,0.0,10084352,0,7,4,1,0,sleeping,13353,20038,4096,238067712,238221325,238053182
2025-05-20 03:26:59,19163,2194472960,31473664,0.0,0.09431163613382679,0,13,0.03,0.19,0.0,0.0,0.0,10084352,0,7,4,1,0,sleeping,13353,20038,4096,238067712,238221325,238053182
2025-05-20 03:27:00,19163,2194472960,31473664,0.0,0.09431163613382679,0,13,0.03,0.19,0.0,0.0,0.0,10084352,0,7,4,1,0,sleeping,13353,20038,4096,238067712,238221325,238053182
2025-05-20 03:27:02,19163,2194472960,31473664,0.0,0.09431163613382679,0,13,0.03,0.19,0.0,0.0,0.0,10084352,0,7,4,1,0,sleeping,13353,20038,4096,238067712,238221325,238053182
2025-05-20 03:27:03,19163,2194472960,31473664,0.0,0.09431163613382679,0,13,0.03,0.19,0.0,0.0,0.0,10084352,0,7,4,1,0,sleeping,13353,20038,4096,238067712,238221325,238053182
2025-05-20 03:27:04,19163,2194472960,31473664,0.0,0.09431163613382679,0,13,0.03,0.19,0.0,0.0,0.0,10084352,0,7,4,1,0,sleeping,13353,20038,4096,238067712,238221325,238053182
2025-05-20 03:27:05,19163,2194472960,31473664,0.0,0.09431163613382679,0,13,0.03,0.19,0.0,0.0,0.0,10084352,0,7,4,1,0,sleeping,13353,20038,4096,238067712,238221325,238053182
2025-05-20 03:27:06,19163,2194472960,31473664,0.0,0.09431163613382679,0,13,0.03,0.19,0.0,0.0,0.0,10084352,0,7,4,1,0,sleeping,13353,20038,4096,238067712,238221325,238053182
2025-05-20 03:27:07,19163,2194472960,31473664,0.0,0.09431163613382679,0,13,0.03,0.19,0.0,0.0,0.0,10084352,0,7,4,1,0,sleeping,13353,20038,4096,238067712,238221325,238053182
2025-05-20 03:27:08,19163,2194472960,31473664,0.0,0.09431163613382679,0,13,0.03,0.19,0.0,0.0,0.0,10084352,0,7,4,1,0,sleeping,13353,20038,4096,238067712,238221325,238053182
2025-05-20 03:27:09,19163,2194472960,31473664,0.0,0.09431163613382679,0,13,0.03,0.19,0.0,0.0,0.0,10084352,0,7,4,1,0,sleeping,13353,20038,4096,238067712,238221325,238053182
2025-05-20 03:27:10,19163,2194472960,31473664,0.0,0.09431163613382679,0,13,0.03,0.19,0.0,0.0,0.0,10084352,0,7,4,1,0,sleeping,13353,20038,4096,238067712,238221325,238053182
2025-05-20 03:27:11,19163,2194472960,31473664,0.0,0.09431163613382679,0,13,0.03,0.19,0.0,0.0,0.0,10084352,0,7,4,1,0,sleeping,13353,20038,4096,238067712,238221325,238053182
2025-05-20 03:27:12,19163,2194472960,31473664,0.0,0.09431163613382679,0,13,0.03,0.19,0.0,0.0,0.0,10084352,0,7,4,1,0,sleeping,13353,20038,4096,238067712,238221325,238053182
2025-05-20 03:27:14,19163,2194472960,31473664,0.0,0.09431163613382679,0,13,0.03,0.19,0.0,0.0,0.0,10084352,0,7,4,1,0,sleeping,13353,20038,4096,238067712,238221325,238053182
2025-05-20 03:27:15,19163,2194472960,31473664,0.0,0.09431163613382679,0,13,0.03,0.19,0.0,0.0,0.0,10084352,0,7,4,1,0,sleeping,13353,20038,4096,238067712,238221325,238053182
2025-05-20 03:27:16,19163,2194472960,31473664,0.0,0.09431163613382679,0,13,0.03,0.19,0.0,0.0,0.0,10084352,0,7,4,1,0,sleeping,13353,20038,4096,238067712,238221325,238053182
2025-05-20 03:27:17,19163,2195062784,31862784,0.0,0.09547764412871403,0,13,0.03,0.19,0.0,0.0,0.0,10457088,0,8,4,1,0,sleeping,13358,20041,4096,238071808,238222262,238054103
2025-05-20 03:27:18,19163,2195062784,31862784,0.0,0.09547764412871403,0,13,0.03,0.19,0.0,0.0,0.0,10457088,0,8,4,1,0,sleeping,13358,20041,4096,238071808,238222262,238054103
2025-05-20 03:27:19,19163,2195062784,31862784,0.0,0.09547764412871403,0,13,0.03,0.19,0.0,0.0,0.0,10457088,0,8,4,1,0,sleeping,13358,20041,4096,238071808,238222262,238054103
2025-05-20 03:27:20,19163,2195062784,31862784,4.5,0.09547764412871403,0,13,0.04,0.23,0.0,0.0,0.0,10461184,0,8,4,1,0,sleeping,16765,24690,4096,297562112,297749903,297544552
2025-05-20 03:27:21,19163,2195062784,31862784,0.0,0.09547764412871403,0,13,0.04,0.23,0.0,0.0,0.0,10461184,0,8,4,1,0,sleeping,16767,24691,4096,297562112,297749963,297544604
2025-05-20 03:27:22,19163,2195062784,31862784,0.0,0.09547764412871403,0,13,0.04,0.23,0.0,0.0,0.0,10461184,0,8,4,1,0,sleeping,16767,24691,4096,297562112,297749963,297544604
2025-05-20 03:27:23,19163,2195062784,31862784,0.0,0.09547764412871403,0,13,0.04,0.23,0.0,0.0,0.0,10461184,0,8,4,1,0,sleeping,16767,24691,4096,297562112,297749963,297544604
2025-05-20 03:27:24,19163,2195062784,31862784,0.0,0.09547764412871403,0,13,0.04,0.23,0.0,0.0,0.0,10461184,0,8,4,1,0,sleeping,16767,24691,4096,297562112,297749963,297544604
2025-05-20 03:27:26,19163,2195062784,31862784,0.0,0.09547764412871403,0,13,0.04,0.23,0.0,0.0,0.0,10461184,0,8,4,1,0,sleeping,16767,24691,4096,297562112,297749963,297544604
2025-05-20 03:27:27,19163,2195062784,31862784,0.0,0.09547764412871403,0,13,0.04,0.23,0.0,0.0,0.0,10461184,0,8,4,1,0,sleeping,16767,24691,4096,297562112,297749963,297544604
2025-05-20 03:27:29,19163,2195062784,31862784,0.0,0.09547764412871403,0,13,0.04,0.23,0.0,0.0,0.0,10461184,0,8,4,1,0,sleeping,16767,24691,4096,297562112,297749963,297544604
2025-05-20 03:27:30,19163,2195062784,31862784,0.0,0.09547764412871403,0,13,0.04,0.23,0.0,0.0,0.0,10461184,0,8,4,1,0,sleeping,16767,24691,4096,297562112,297749963,297544604
2025-05-20 03:27:32,19163,2195062784,31862784,0.0,0.09547764412871403,0,13,0.04,0.23,0.0,0.0,0.0,10461184,0,8,4,1,0,sleeping,16767,24691,4096,297562112,297749963,297544604
2025-05-20 03:27:33,19163,2195062784,31862784,0.0,0.09547764412871403,0,13,0.04,0.23,0.0,0.0,0.0,10461184,0,8,4,1,0,sleeping,16767,24691,4096,297562112,297749963,297544604
2025-05-20 03:27:34,19163,2195062784,31862784,0.0,0.09547764412871403,0,13,0.04,0.23,0.0,0.0,0.0,10461184,0,8,4,1,0,sleeping,16767,24691,4096,297562112,297749963,297544604
2025-05-20 03:27:35,19163,2195062784,31862784,0.0,0.09547764412871403,0,13,0.04,0.23,0.0,0.0,0.0,10461184,0,8,4,1,0,sleeping,16767,24691,4096,297562112,297749963,297544604
2025-05-20 03:27:36,19163,2195062784,31862784,0.0,0.09547764412871403,0,13,0.04,0.23,0.0,0.0,0.0,10461184,0,8,4,1,0,sleeping,16767,24691,4096,297562112,297749963,297544604
2025-05-20 03:27:37,19163,2195062784,31862784,0.0,0.09547764412871403,0,13,0.04,0.23,0.0,0.0,0.0,10461184,0,8,4,1,0,sleeping,16767,24691,4096,297562112,297749963,297544604
2025-05-20 03:27:38,19163,2195062784,31862784,0.0,0.09547764412871403,0,13,0.04,0.23,0.0,0.0,0.0,10461184,0,8,4,1,0,sleeping,16767,24691,4096,297562112,297749963,297544604
2025-05-20 03:27:39,19163,2195062784,31862784,0.0,0.09547764412871403,0,13,0.04,0.23,0.0,0.0,0.0,10342400,0,8,4,1,0,sleeping,16767,24691,4096,297562112,297749963,297544604
2025-05-20 03:27:40,19163,2195062784,31862784,0.0,0.09547764412871403,0,13,0.04,0.23,0.0,0.0,0.0,10342400,0,8,4,1,0,sleeping,16767,24691,4096,297562112,297749963,297544604
2025-05-20 03:27:41,19163,2195062784,31862784,0.0,0.09547764412871403,0,13,0.04,0.23,0.0,0.0,0.0,10342400,0,8,4,1,0,sleeping,16767,24691,4096,297562112,297749963,297544604
2025-05-20 03:27:43,19163,2195062784,31862784,0.0,0.09547764412871403,0,13,0.04,0.23,0.0,0.0,0.0,10342400,0,8,4,1,0,sleeping,16767,24691,4096,297562112,297749963,297544604
2025-05-20 03:27:44,19163,2195062784,31862784,0.0,0.09547764412871403,0,13,0.04,0.23,0.0,0.0,0.0,10342400,0,8,4,1,0,sleeping,16767,24691,4096,297562112,297749963,297544604
2025-05-20 03:27:45,19163,2195062784,31862784,0.0,0.09547764412871403,0,13,0.04,0.23,0.0,0.0,0.0,10342400,0,8,4,1,0,sleeping,16767,24691,4096,297562112,297749963,297544604
2025-05-20 03:27:46,19163,2195062784,31862784,0.0,0.09547764412871403,0,13,0.04,0.23,0.0,0.0,0.0,10342400,0,8,4,1,0,sleeping,16771,24693,4096,297562112,297750590,297545215
2025-05-20 03:27:47,19163,2195062784,31862784,0.0,0.09547764412871403,0,13,0.04,0.23,0.0,0.0,0.0,10342400,0,8,4,1,0,sleeping,16771,24693,4096,297562112,297750590,297545215
2025-05-20 03:27:48,19163,2195062784,31862784,0.0,0.09547764412871403,0,13,0.04,0.23,0.0,0.0,0.0,10342400,0,8,4,1,0,sleeping,16771,24693,4096,297562112,297750590,297545215
2025-05-20 03:27:49,19163,2195062784,31862784,6.4,0.09547764412871403,0,13,0.06,0.28,0.0,0.0,0.0,10342400,0,8,4,1,0,sleeping,20463,29906,4096,357089280,357319659,357072580
2025-05-20 03:27:50,19163,2195062784,31862784,0.0,0.09547764412871403,0,13,0.06,0.28,0.0,0.0,0.0,10342400,0,8,4,1,0,sleeping,20463,29906,4096,357089280,357319659,357072580
2025-05-20 03:27:51,19163,2195062784,31862784,0.0,0.09547764412871403,0,13,0.06,0.28,0.0,0.0,0.0,10342400,0,8,4,1,0,sleeping,20463,29906,4096,357089280,357319659,357072580
2025-05-20 03:27:52,19163,2195062784,31862784,0.0,0.09547764412871403,0,13,0.06,0.28,0.0,0.0,0.0,10342400,0,8,4,1,0,sleeping,20463,29906,4096,357089280,357319659,357072580
2025-05-20 03:27:53,19163,2195062784,31862784,0.0,0.09547764412871403,0,13,0.06,0.28,0.0,0.0,0.0,10342400,0,8,4,1,0,sleeping,20463,29906,4096,357089280,357319659,357072580
2025-05-20 03:27:55,19163,2195062784,31862784,0.0,0.09547764412871403,0,13,0.06,0.28,0.0,0.0,0.0,10342400,0,8,4,1,0,sleeping,20463,29906,4096,357089280,357319659,357072580
2025-05-20 03:27:56,19163,2195062784,31862784,0.0,0.09547764412871403,0,13,0.06,0.28,0.0,0.0,0.0,10342400,0,8,4,1,0,sleeping,20463,29906,4096,357089280,357319659,357072580
2025-05-20 03:27:57,19163,2195062784,31862784,0.0,0.09547764412871403,0,13,0.06,0.28,0.0,0.0,0.0,10342400,0,8,4,1,0,sleeping,20463,29906,4096,357089280,357319659,357072580
2025-05-20 03:27:58,19163,2195062784,31862784,0.0,0.09547764412871403,0,13,0.06,0.28,0.0,0.0,0.0,10342400,0,8,4,1,0,sleeping,20463,29906,4096,357089280,357319659,357072580
2025-05-20 03:27:59,19163,2195062784,31862784,0.0,0.09547764412871403,0,13,0.06,0.28,0.0,0.0,0.0,10342400,0,8,4,1,0,sleeping,20463,29906,4096,357089280,357319659,357072580
2025-05-20 03:28:00,19163,2195062784,31862784,0.0,0.09547764412871403,0,13,0.06,0.28,0.0,0.0,0.0,10342400,0,8,4,1,0,sleeping,20463,29906,4096,357089280,357319659,357072580
2025-05-20 03:28:01,19163,2195062784,31862784,0.0,0.09547764412871403,0,13,0.06,0.28,0.0,0.0,0.0,10342400,0,8,4,1,0,sleeping,20463,29906,4096,357089280,357319659,357072580
2025-05-20 03:28:02,19163,2195062784,31862784,0.0,0.09547764412871403,0,13,0.06,0.28,0.0,0.0,0.0,10342400,0,8,4,1,0,sleeping,20463,29906,4096,357089280,357319659,357072580
2025-05-20 03:28:03,19163,2195062784,31862784,0.0,0.09547764412871403,0,13,0.06,0.28,0.0,0.0,0.0,10342400,0,8,4,1,0,sleeping,20463,29906,4096,357089280,357319659,357072580
2025-05-20 03:28:04,19163,2195062784,31862784,0.0,0.09547764412871403,0,13,0.06,0.28,0.0,0.0,0.0,10342400,0,8,4,1,0,sleeping,20463,29906,4096,357089280,357319659,357072580
2025-05-20 03:28:05,19163,2195062784,31862784,0.0,0.09547764412871403,0,13,0.06,0.28,0.0,0.0,0.0,10342400,0,8,4,1,0,sleeping,20463,29906,4096,357089280,357319659,357072580
2025-05-20 03:28:07,19163,2195062784,31862784,0.0,0.09547764412871403,0,13,0.06,0.28,0.0,0.0,0.0,10342400,0,8,4,1,0,sleeping,20463,29906,4096,357089280,357319659,357072580
2025-05-20 03:28:08,19163,2195062784,31862784,0.0,0.09547764412871403,0,13,0.06,0.28,0.0,0.0,0.0,10342400,0,8,4,1,0,sleeping,20463,29906,4096,357089280,357319659,357072580
2025-05-20 03:28:09,19163,2195062784,31862784,0.0,0.09547764412871403,0,13,0.06,0.28,0.0,0.0,0.0,10342400,0,8,4,1,0,sleeping,20463,29906,4096,357089280,357319659,357072580
2025-05-20 03:28:10,19163,2195062784,31862784,0.0,0.09547764412871403,0,13,0.06,0.28,0.0,0.0,0.0,10342400,0,8,4,1,0,sleeping,20469,29909,4096,357097472,357320595,357073492
2025-05-20 03:28:11,19163,2195062784,31862784,0.0,0.09547764412871403,0,13,0.06,0.28,0.0,0.0,0.0,10342400,0,8,4,1,0,sleeping,20469,29909,4096,357097472,357320595,357073492
2025-05-20 03:28:12,19163,2195062784,31862784,0.0,0.09547764412871403,0,13,0.06,0.28,0.0,0.0,0.0,10342400,0,8,4,1,0,sleeping,20469,29909,4096,357097472,357320595,357073492
2025-05-20 03:28:13,19163,2195062784,31862784,3.6,0.09547764412871403,0,13,0.06,0.32,0.0,0.0,0.0,10342400,0,8,4,1,0,sleeping,24344,35067,4096,416661504,416926036,416637669
2025-05-20 03:28:14,19163,2195062784,31862784,0.0,0.09547764412871403,0,13,0.06,0.32,0.0,0.0,0.0,10342400,0,8,4,1,0,sleeping,24346,35068,4096,416661504,416926096,416637721
2025-05-20 03:28:15,19163,2195062784,31862784,0.0,0.09547764412871403,0,13,0.06,0.32,0.0,0.0,0.0,10342400,0,8,4,1,0,sleeping,24346,35068,4096,416661504,416926096,416637721
2025-05-20 03:28:17,19163,2195062784,31862784,0.0,0.09547764412871403,0,13,0.06,0.32,0.0,0.0,0.0,10342400,0,8,4,1,0,sleeping,24346,35068,4096,416661504,416926096,416637721
2025-05-20 03:28:18,19163,2195062784,31862784,0.0,0.09547764412871403,0,13,0.06,0.32,0.0,0.0,0.0,10342400,0,8,4,1,0,sleeping,24346,35068,4096,416661504,416926096,416637721
2025-05-20 03:28:19,19163,2195062784,31862784,0.0,0.09547764412871403,0,13,0.06,0.32,0.0,0.0,0.0,10342400,0,8,4,1,0,sleeping,24346,35068,4096,416661504,416926096,416637721
2025-05-20 03:28:20,19163,2195062784,31862784,0.0,0.09547764412871403,0,13,0.06,0.32,0.0,0.0,0.0,10342400,0,8,4,1,0,sleeping,24346,35068,4096,416661504,416926096,416637721
2025-05-20 03:28:21,19163,2195062784,31862784,0.0,0.09547764412871403,0,13,0.06,0.32,0.0,0.0,0.0,10342400,0,8,4,1,0,sleeping,24346,35068,4096,416661504,416926096,416637721
2025-05-20 03:28:22,19163,2195062784,31862784,0.0,0.09547764412871403,0,13,0.06,0.32,0.0,0.0,0.0,10342400,0,8,4,1,0,sleeping,24346,35068,4096,416661504,416926096,416637721
2025-05-20 03:28:23,19163,2195062784,31862784,0.0,0.09547764412871403,0,13,0.06,0.32,0.0,0.0,0.0,10342400,0,8,4,1,0,sleeping,24346,35068,4096,416661504,416926096,416637721
2025-05-20 03:28:24,19163,2195062784,31862784,0.0,0.09547764412871403,0,13,0.06,0.32,0.0,0.0,0.0,10342400,0,8,4,1,0,sleeping,24346,35068,4096,416661504,416926096,416637721
2025-05-20 03:28:25,19163,2195062784,31862784,0.0,0.09547764412871403,0,13,0.06,0.32,0.0,0.0,0.0,10342400,0,8,4,1,0,sleeping,24346,35068,4096,416661504,416926096,416637721
2025-05-20 03:28:26,19163,2195062784,31862784,0.0,0.09547764412871403,0,13,0.06,0.32,0.0,0.0,0.0,10342400,0,8,4,1,0,sleeping,24346,35068,4096,416661504,416926096,416637721
2025-05-20 03:28:27,19163,2195062784,31862784,0.0,0.09547764412871403,0,13,0.06,0.32,0.0,0.0,0.0,10342400,0,8,4,1,0,sleeping,24346,35068,4096,416661504,416926096,416637721
2025-05-20 03:28:29,19163,2195062784,31862784,0.0,0.09547764412871403,0,13,0.06,0.32,0.0,0.0,0.0,10342400,0,8,4,1,0,sleeping,24346,35068,4096,416661504,416926096,416637721
2025-05-20 03:28:30,19163,2195062784,31862784,0.0,0.09547764412871403,0,13,0.06,0.32,0.0,0.0,0.0,10342400,0,8,4,1,0,sleeping,24346,35068,4096,416661504,416926096,416637721
2025-05-20 03:28:31,19163,2195062784,31862784,0.0,0.09547764412871403,0,13,0.06,0.32,0.0,0.0,0.0,10342400,0,8,4,1,0,sleeping,24346,35068,4096,416661504,416926096,416637721
2025-05-20 03:28:32,19163,2195062784,31862784,0.0,0.09547764412871403,0,13,0.06,0.32,0.0,0.0,0.0,10342400,0,8,4,1,0,sleeping,24346,35068,4096,416661504,416926096,416637721
2025-05-20 03:28:33,19163,2195062784,31862784,0.0,0.09547764412871403,0,13,0.06,0.32,0.0,0.0,0.0,10342400,0,8,4,1,0,sleeping,24346,35068,4096,416661504,416926096,416637721
2025-05-20 03:28:34,19163,2195062784,31862784,0.0,0.09547764412871403,0,13,0.06,0.32,0.0,0.0,0.0,10342400,0,8,4,1,0,sleeping,24346,35068,4096,416661504,416926096,416637721
2025-05-20 03:28:35,19163,2195062784,31862784,0.0,0.09547764412871403,0,13,0.06,0.32,0.0,0.0,0.0,10342400,0,8,4,1,0,sleeping,24352,35071,4096,416661504,416926731,416638332
2025-05-20 03:28:37,19163,2195062784,31862784,0.0,0.09547764412871403,0,13,0.06,0.32,0.0,0.0,0.0,10342400,0,8,4,1,0,sleeping,24352,35071,4096,416661504,416926731,416638332
2025-05-20 03:28:38,19163,2195062784,31862784,0.0,0.09547764412871403,0,13,0.06,0.32,0.0,0.0,0.0,10342400,0,8,4,1,0,sleeping,24352,35071,4096,416661504,416926731,416638332
2025-05-20 03:28:39,19163,2195062784,31862784,6.3,0.09547764412871403,0,13,0.07,0.38,0.0,0.0,0.0,10342400,0,8,4,1,0,sleeping,28052,39574,4096,476209152,476510600,476186177
2025-05-20 03:28:40,19163,2195062784,31862784,0.0,0.09547764412871403,0,13,0.07,0.38,0.0,0.0,0.0,10342400,0,8,4,1,0,sleeping,28052,39574,4096,476209152,476510600,476186177
2025-05-20 03:28:41,19163,2195062784,31862784,0.0,0.09547764412871403,0,13,0.07,0.38,0.0,0.0,0.0,10342400,0,8,4,1,0,sleeping,28052,39574,4096,476209152,476510600,476186177
2025-05-20 03:28:42,19163,2195062784,31862784,0.0,0.09547764412871403,0,13,0.07,0.38,0.0,0.0,0.0,10342400,0,8,4,1,0,sleeping,28052,39574,4096,476209152,476510600,476186177
2025-05-20 03:28:43,19163,2195062784,31862784,0.0,0.09547764412871403,0,13,0.07,0.38,0.0,0.0,0.0,10342400,0,8,4,1,0,sleeping,28052,39574,4096,476209152,476510600,476186177
2025-05-20 03:28:44,19163,2195062784,31862784,0.0,0.09547764412871403,0,13,0.07,0.38,0.0,0.0,0.0,10342400,0,8,4,1,0,sleeping,28052,39574,4096,476209152,476510600,476186177
2025-05-20 03:28:45,19163,2195062784,31862784,0.0,0.09547764412871403,0,13,0.07,0.38,0.0,0.0,0.0,10342400,0,8,4,1,0,sleeping,28052,39574,4096,476209152,476510600,476186177
2025-05-20 03:28:46,19163,2195062784,31862784,0.0,0.09547764412871403,0,13,0.07,0.38,0.0,0.0,0.0,10342400,0,8,4,1,0,sleeping,28052,39574,4096,476209152,476510600,476186177
2025-05-20 03:28:47,19163,2195062784,31862784,0.0,0.09547764412871403,0,13,0.07,0.38,0.0,0.0,0.0,10342400,0,8,4,1,0,sleeping,28052,39574,4096,476209152,476510600,476186177
2025-05-20 03:28:49,19163,2195062784,31862784,0.0,0.09547764412871403,0,13,0.07,0.38,0.0,0.0,0.0,10342400,0,8,4,1,0,sleeping,28052,39574,4096,476209152,476510600,476186177
2025-05-20 03:28:50,19163,2195062784,31862784,0.0,0.09547764412871403,0,13,0.07,0.38,0.0,0.0,0.0,10342400,0,8,4,1,0,sleeping,28052,39574,4096,476209152,476510600,476186177
2025-05-20 03:28:51,19163,2195062784,31862784,0.0,0.09547764412871403,0,13,0.07,0.38,0.0,0.0,0.0,10342400,0,8,4,1,0,sleeping,28052,39574,4096,476209152,476510600,476186177
2025-05-20 03:28:52,19163,2195062784,31862784,0.0,0.09547764412871403,0,13,0.07,0.38,0.0,0.0,0.0,10342400,0,8,4,1,0,sleeping,28052,39574,4096,476209152,476510600,476186177
2025-05-20 03:28:53,19163,2195062784,31862784,0.0,0.09547764412871403,0,13,0.07,0.38,0.0,0.0,0.0,10342400,0,8,4,1,0,sleeping,28052,39574,4096,476209152,476510600,476186177
2025-05-20 03:28:54,19163,2195062784,31862784,0.0,0.09547764412871403,0,13,0.07,0.38,0.0,0.0,0.0,10342400,0,8,4,1,0,sleeping,28052,39574,4096,476209152,476510600,476186177
2025-05-20 03:28:55,19163,2195062784,31862784,0.0,0.09547764412871403,0,13,0.07,0.38,0.0,0.0,0.0,10342400,0,8,4,1,0,sleeping,28052,39574,4096,476209152,476510600,476186177
2025-05-20 03:28:56,19163,2195062784,31862784,0.0,0.09547764412871403,0,13,0.07,0.38,0.0,0.0,0.0,10342400,0,8,4,1,0,sleeping,28052,39574,4096,476209152,476510600,476186177
2025-05-20 03:28:57,19163,2195062784,31862784,0.0,0.09547764412871403,0,13,0.07,0.38,0.0,0.0,0.0,10342400,0,8,4,1,0,sleeping,28052,39574,4096,476209152,476510600,476186177
2025-05-20 03:28:58,19163,2195062784,31862784,0.0,0.09547764412871403,0,13,0.07,0.38,0.0,0.0,0.0,10342400,0,8,4,1,0,sleeping,28058,39577,4096,476213248,476511235,476186788
2025-05-20 03:28:59,19163,2195062784,31862784,0.0,0.09547764412871403,0,13,0.07,0.38,0.0,0.0,0.0,10342400,0,8,4,1,0,sleeping,28058,39577,4096,476213248,476511235,476186788
2025-05-20 03:29:01,19163,2195062784,31862784,0.0,0.09547764412871403,0,13,0.07,0.38,0.0,0.0,0.0,10342400,0,8,4,1,0,sleeping,28058,39577,4096,476213248,476511235,476186788
2025-05-20 03:29:02,19163,2195062784,31862784,5.5,0.09547764412871403,0,13,0.08,0.43,0.0,0.0,0.0,10342400,0,8,4,1,0,sleeping,31651,44715,4096,535711744,536051032,535685481
2025-05-20 03:29:03,19163,2195062784,31862784,0.0,0.09547764412871403,0,13,0.08,0.43,0.0,0.0,0.0,10342400,0,8,4,1,0,sleeping,31651,44715,4096,535711744,536051032,535685481
2025-05-20 03:29:04,19163,2195062784,31862784,0.0,0.09547764412871403,0,13,0.08,0.43,0.0,0.0,0.0,10342400,0,8,4,1,0,sleeping,31651,44715,4096,535711744,536051032,535685481
2025-05-20 03:29:05,19163,2195062784,31862784,0.0,0.09547764412871403,0,13,0.08,0.43,0.0,0.0,0.0,10342400,0,8,4,1,0,sleeping,31651,44715,4096,535711744,536051032,535685481
2025-05-20 03:29:06,19163,2195062784,31862784,0.0,0.09547764412871403,0,13,0.08,0.43,0.0,0.0,0.0,10342400,0,8,4,1,0,sleeping,31651,44715,4096,535711744,536051032,535685481
2025-05-20 03:29:07,19163,2195062784,31862784,0.0,0.09547764412871403,0,13,0.08,0.43,0.0,0.0,0.0,10342400,0,8,4,1,0,sleeping,31651,44715,4096,535711744,536051032,535685481
2025-05-20 03:29:08,19163,2195062784,31862784,0.0,0.09547764412871403,0,13,0.08,0.43,0.0,0.0,0.0,10342400,0,8,4,1,0,sleeping,31651,44715,4096,535711744,536051032,535685481
2025-05-20 03:29:10,19163,2195062784,31862784,0.0,0.09547764412871403,0,13,0.08,0.43,0.0,0.0,0.0,10342400,0,8,4,1,0,sleeping,31651,44715,4096,535711744,536051032,535685481
2025-05-20 03:29:11,19163,2195062784,31862784,0.0,0.09547764412871403,0,13,0.08,0.43,0.0,0.0,0.0,10342400,0,8,4,1,0,sleeping,31651,44715,4096,535711744,536051032,535685481
2025-05-20 03:29:12,19163,2195062784,31862784,0.0,0.09547764412871403,0,13,0.08,0.43,0.0,0.0,0.0,10342400,0,8,4,1,0,sleeping,31651,44715,4096,535711744,536051032,535685481
2025-05-20 03:29:13,19163,2195062784,31862784,0.0,0.09547764412871403,0,13,0.08,0.43,0.0,0.0,0.0,10342400,0,8,4,1,0,sleeping,31651,44715,4096,535711744,536051032,535685481
2025-05-20 03:29:14,19163,2195062784,31862784,0.0,0.09547764412871403,0,13,0.08,0.43,0.0,0.0,0.0,10342400,0,8,4,1,0,sleeping,31651,44715,4096,535711744,536051032,535685481
2025-05-20 03:29:15,19163,2195062784,31862784,0.0,0.09547764412871403,0,13,0.08,0.43,0.0,0.0,0.0,10342400,0,8,4,1,0,sleeping,31651,44715,4096,535711744,536051032,535685481
2025-05-20 03:29:16,19163,2195062784,31862784,0.0,0.09547764412871403,0,13,0.08,0.43,0.0,0.0,0.0,10342400,0,8,4,1,0,sleeping,31651,44715,4096,535711744,536051032,535685481
2025-05-20 03:29:17,19163,2195062784,31862784,0.0,0.09547764412871403,0,13,0.08,0.43,0.0,0.0,0.0,10342400,0,8,4,1,0,sleeping,31651,44715,4096,535711744,536051032,535685481
2025-05-20 03:29:18,19163,2195062784,31862784,0.0,0.09547764412871403,0,13,0.08,0.43,0.0,0.0,0.0,10342400,0,8,4,1,0,sleeping,31651,44715,4096,535711744,536051032,535685481
2025-05-20 03:29:19,19163,2195062784,31862784,0.0,0.09547764412871403,0,13,0.08,0.43,0.0,0.0,0.0,10342400,0,8,4,1,0,sleeping,31651,44715,4096,535711744,536051032,535685481
2025-05-20 03:29:21,19163,2195062784,31862784,0.0,0.09547764412871403,0,13,0.08,0.43,0.0,0.0,0.0,10342400,0,8,4,1,0,sleeping,31651,44715,4096,535711744,536051032,535685481
2025-05-20 03:29:22,19163,2195062784,31862784,0.0,0.09547764412871403,0,13,0.08,0.43,0.0,0.0,0.0,10342400,0,8,4,1,0,sleeping,31651,44715,4096,535711744,536051032,535685481
2025-05-20 03:29:23,19163,2195062784,31547392,0.0,0.094532563964437,0,13,0.08,0.43,0.0,0.0,0.0,9936896,0,7,4,1,0,sleeping,31656,44718,4096,535711744,536051667,535686100
2025-05-20 03:29:24,19163,2195062784,31547392,0.0,0.094532563964437,0,13,0.08,0.43,0.0,0.0,0.0,9936896,0,7,4,1,0,sleeping,31656,44718,4096,535711744,536051667,535686100
2025-05-20 03:29:25,19163,2195062784,31547392,0.0,0.094532563964437,0,13,0.08,0.43,0.0,0.0,0.0,9936896,0,7,4,1,0,sleeping,31656,44718,4096,535711744,536051667,535686100
2025-05-20 03:29:26,19163,2195062784,31547392,5.4,0.094532563964437,0,13,0.09,0.48,0.0,0.0,0.0,9936896,0,7,4,1,0,sleeping,34970,49107,4096,595181568,595556748,595156069
2025-05-20 03:29:27,19163,2195062784,31547392,0.0,0.094532563964437,0,13,0.09,0.48,0.0,0.0,0.0,9936896,0,7,4,1,0,sleeping,34972,49108,4096,595181568,595556808,595156121
2025-05-20 03:29:28,19163,2195062784,31547392,0.0,0.094532563964437,0,13,0.09,0.48,0.0,0.0,0.0,9936896,0,7,4,1,0,sleeping,34972,49108,4096,595181568,595556808,595156121
2025-05-20 03:29:29,19163,2195062784,31547392,0.0,0.094532563964437,0,13,0.09,0.48,0.0,0.0,0.0,9936896,0,7,4,1,0,sleeping,34972,49108,4096,595181568,595556808,595156121
2025-05-20 03:29:31,19163,2195062784,31547392,0.0,0.094532563964437,0,13,0.09,0.48,0.0,0.0,0.0,9936896,0,7,4,1,0,sleeping,34972,49108,4096,595181568,595556808,595156121
2025-05-20 03:29:32,19163,2195062784,31547392,0.0,0.094532563964437,0,13,0.09,0.48,0.0,0.0,0.0,9936896,0,7,4,1,0,sleeping,34972,49108,4096,595181568,595556808,595156121
2025-05-20 03:29:33,19163,2195062784,31547392,0.0,0.094532563964437,0,13,0.09,0.48,0.0,0.0,0.0,9936896,0,7,4,1,0,sleeping,34972,49108,4096,595181568,595556808,595156121
2025-05-20 03:29:34,19163,2195062784,31547392,0.0,0.094532563964437,0,13,0.09,0.48,0.0,0.0,0.0,9936896,0,7,4,1,0,sleeping,34972,49108,4096,595181568,595556808,595156121
2025-05-20 03:29:35,19163,2195062784,31547392,0.0,0.094532563964437,0,13,0.09,0.48,0.0,0.0,0.0,9936896,0,7,4,1,0,sleeping,34972,49108,4096,595181568,595556808,595156121
2025-05-20 03:29:36,19163,2195062784,31547392,0.0,0.094532563964437,0,13,0.09,0.48,0.0,0.0,0.0,9936896,0,7,4,1,0,sleeping,34972,49108,4096,595181568,595556808,595156121
2025-05-20 03:29:37,19163,2195062784,31547392,0.0,0.094532563964437,0,13,0.09,0.48,0.0,0.0,0.0,9936896,0,7,4,1,0,sleeping,34972,49108,4096,595181568,595556808,595156121
2025-05-20 03:29:38,19163,2195062784,31547392,0.0,0.094532563964437,0,13,0.09,0.48,0.0,0.0,0.0,9936896,0,7,4,1,0,sleeping,34972,49108,4096,595181568,595556808,595156121
2025-05-20 03:29:39,19163,2195062784,31547392,0.0,0.094532563964437,0,13,0.09,0.48,0.0,0.0,0.0,9936896,0,7,4,1,0,sleeping,34972,49108,4096,595181568,595556808,595156121
2025-05-20 03:29:41,19163,2195062784,31547392,0.0,0.094532563964437,0,13,0.09,0.48,0.0,0.0,0.0,9936896,0,7,4,1,0,sleeping,34972,49108,4096,595181568,595556808,595156121
2025-05-20 03:29:42,19163,2195062784,31547392,0.0,0.094532563964437,0,13,0.09,0.48,0.0,0.0,0.0,9936896,0,7,4,1,0,sleeping,34972,49108,4096,595181568,595556808,595156121
2025-05-20 03:29:43,19163,2195062784,31547392,0.0,0.094532563964437,0,13,0.09,0.48,0.0,0.0,0.0,9936896,0,7,4,1,0,sleeping,34972,49108,4096,595181568,595556808,595156121
2025-05-20 03:29:44,19163,2195062784,31547392,0.0,0.094532563964437,0,13,0.09,0.48,0.0,0.0,0.0,9936896,0,7,4,1,0,sleeping,34972,49108,4096,595181568,595556808,595156121
2025-05-20 03:29:45,19163,2195062784,31547392,0.0,0.094532563964437,0,13,0.09,0.48,0.0,0.0,0.0,9936896,0,7,4,1,0,sleeping,34972,49108,4096,595181568,595556808,595156121
2025-05-20 03:29:46,19163,2195062784,31547392,0.0,0.094532563964437,0,13,0.09,0.48,0.0,0.0,0.0,9936896,0,7,4,1,0,sleeping,34972,49108,4096,595181568,595556808,595156121
2025-05-20 03:29:47,19163,2195062784,31547392,0.0,0.094532563964437,0,13,0.09,0.48,0.0,0.0,0.0,9936896,0,7,4,1,0,sleeping,34976,49110,4096,595185664,595557435,595156732
2025-05-20 03:29:48,19163,2195062784,31547392,0.0,0.094532563964437,0,13,0.09,0.48,0.0,0.0,0.0,9936896,0,7,4,1,0,sleeping,34976,49110,4096,595185664,595557435,595156732
2025-05-20 03:29:49,19163,2195062784,31547392,0.0,0.094532563964437,0,13,0.09,0.48,0.0,0.0,0.0,9936896,0,7,4,1,0,sleeping,34976,49110,4096,595185664,595557435,595156732
2025-05-20 03:29:50,19163,2195062784,31547392,4.5,0.094532563964437,0,13,0.09,0.53,0.0,0.0,0.0,9936896,0,7,4,1,0,sleeping,38525,54010,4096,654696448,655107616,654667713
2025-05-20 03:29:51,19163,2195062784,31547392,0.0,0.094532563964437,0,13,0.09,0.53,0.0,0.0,0.0,9936896,0,7,4,1,0,sleeping,38525,54010,4096,654696448,655107616,654667713
2025-05-20 03:29:53,19163,2195062784,31547392,0.0,0.094532563964437,0,13,0.09,0.53,0.0,0.0,0.0,9936896,0,7,4,1,0,sleeping,38525,54010,4096,654696448,655107616,654667713
2025-05-20 03:29:54,19163,2195062784,31547392,0.0,0.094532563964437,0,13,0.09,0.53,0.0,0.0,0.0,9936896,0,7,4,1,0,sleeping,38525,54010,4096,654696448,655107616,654667713
2025-05-20 03:29:55,19163,2195062784,31547392,0.0,0.094532563964437,0,13,0.09,0.53,0.0,0.0,0.0,9936896,0,7,4,1,0,sleeping,38525,54010,4096,654696448,655107616,654667713
2025-05-20 03:29:56,19163,2195062784,31547392,0.0,0.094532563964437,0,13,0.09,0.53,0.0,0.0,0.0,9936896,0,7,4,1,0,sleeping,38525,54010,4096,654696448,655107616,654667713
2025-05-20 03:29:57,19163,2195062784,31547392,0.0,0.094532563964437,0,13,0.09,0.53,0.0,0.0,0.0,9936896,0,7,4,1,0,sleeping,38525,54010,4096,654696448,655107616,654667713
2025-05-20 03:29:58,19163,2195062784,31547392,0.0,0.094532563964437,0,13,0.09,0.53,0.0,0.0,0.0,9936896,0,7,4,1,0,sleeping,38525,54010,4096,654696448,655107616,654667713
2025-05-20 03:29:59,19163,2195062784,31547392,0.0,0.094532563964437,0,13,0.09,0.53,0.0,0.0,0.0,9936896,0,7,4,1,0,sleeping,38525,54010,4096,654696448,655107616,654667713
2025-05-20 03:30:00,19163,2195062784,31547392,0.0,0.094532563964437,0,13,0.09,0.53,0.0,0.0,0.0,9936896,0,7,4,1,0,sleeping,38525,54010,4096,654696448,655107616,654667713
2025-05-20 03:30:01,19163,2195062784,31547392,0.0,0.094532563964437,0,13,0.09,0.53,0.0,0.0,0.0,9936896,0,7,4,1,0,sleeping,38525,54010,4096,654696448,655107616,654667713
2025-05-20 03:30:02,19163,2195062784,31547392,0.0,0.094532563964437,0,13,0.09,0.53,0.0,0.0,0.0,9936896,0,7,4,1,0,sleeping,38525,54010,4096,654696448,655107616,654667713
2025-05-20 03:30:03,19163,2195062784,31547392,0.0,0.094532563964437,0,13,0.09,0.53,0.0,0.0,0.0,9936896,0,7,4,1,0,sleeping,38525,54010,4096,654696448,655107616,654667713
2025-05-20 03:30:05,19163,2195062784,31547392,0.0,0.094532563964437,0,13,0.09,0.53,0.0,0.0,0.0,9936896,0,7,4,1,0,sleeping,38525,54010,4096,654696448,655107616,654667713
2025-05-20 03:30:06,19163,2195062784,31547392,0.0,0.094532563964437,0,13,0.09,0.53,0.0,0.0,0.0,9936896,0,7,4,1,0,sleeping,38525,54010,4096,654696448,655107616,654667713
2025-05-20 03:30:07,19163,2195062784,31547392,0.0,0.094532563964437,0,13,0.09,0.53,0.0,0.0,0.0,9936896,0,7,4,1,0,sleeping,38525,54010,4096,654696448,655107616,654667713
2025-05-20 03:30:08,19163,2195062784,31547392,0.0,0.094532563964437,0,13,0.09,0.53,0.0,0.0,0.0,9936896,0,7,4,1,0,sleeping,38525,54010,4096,654696448,655107616,654667713
2025-05-20 03:30:09,19163,2195062784,31547392,0.0,0.094532563964437,0,13,0.09,0.53,0.0,0.0,0.0,9936896,0,7,4,1,0,sleeping,38525,54010,4096,654696448,655107616,654667713
2025-05-20 03:30:10,19163,2195062784,31547392,0.0,0.094532563964437,0,13,0.09,0.53,0.0,0.0,0.0,9936896,0,7,4,1,0,sleeping,38531,54013,4096,654700544,655108251,654668324
2025-05-20 03:30:11,19163,2195062784,31547392,0.0,0.094532563964437,0,13,0.09,0.53,0.0,0.0,0.0,9936896,0,7,4,1,0,sleeping,38531,54013,4096,654700544,655108251,654668324
2025-05-20 03:30:12,19163,2195062784,31547392,0.0,0.094532563964437,0,13,0.09,0.53,0.0,0.0,0.0,9936896,0,7,4,1,0,sleeping,38531,54013,4096,654700544,655108251,654668324
2025-05-20 03:30:13,19163,2195062784,31547392,4.6,0.094532563964437,0,13,0.1,0.57,0.0,0.0,0.0,9936896,0,8,4,1,0,sleeping,42332,58769,4096,714219520,714665472,714187497
2025-05-20 03:30:14,19163,2195062784,31547392,0.0,0.094532563964437,0,13,0.1,0.57,0.0,0.0,0.0,9936896,0,8,4,1,0,sleeping,42332,58769,4096,714219520,714665472,714187497
2025-05-20 03:30:15,19163,2195062784,31547392,0.0,0.094532563964437,0,13,0.1,0.57,0.0,0.0,0.0,9936896,0,8,4,1,0,sleeping,42332,58769,4096,714219520,714665472,714187497
2025-05-20 03:30:17,19163,2195062784,31547392,0.0,0.094532563964437,0,13,0.1,0.57,0.0,0.0,0.0,9936896,0,8,4,1,0,sleeping,42332,58769,4096,714219520,714665472,714187497
2025-05-20 03:30:18,19163,2195062784,31547392,0.0,0.094532563964437,0,13,0.1,0.57,0.0,0.0,0.0,9936896,0,8,4,1,0,sleeping,42332,58769,4096,714219520,714665472,714187497
2025-05-20 03:30:19,19163,2195062784,31547392,0.0,0.094532563964437,0,13,0.1,0.57,0.0,0.0,0.0,9936896,0,8,4,1,0,sleeping,42332,58769,4096,714219520,714665472,714187497
2025-05-20 03:30:20,19163,2195062784,31547392,0.0,0.094532563964437,0,13,0.1,0.57,0.0,0.0,0.0,9936896,0,8,4,1,0,sleeping,42332,58769,4096,714219520,714665472,714187497
2025-05-20 03:30:21,19163,2195062784,31547392,0.0,0.094532563964437,0,13,0.1,0.57,0.0,0.0,0.0,9936896,0,8,4,1,0,sleeping,42332,58769,4096,714219520,714665472,714187497
2025-05-20 03:30:22,19163,2195062784,31547392,0.0,0.094532563964437,0,13,0.1,0.57,0.0,0.0,0.0,9936896,0,8,4,1,0,sleeping,42332,58769,4096,714219520,714665472,714187497
2025-05-20 03:30:23,19163,2195062784,31547392,0.0,0.094532563964437,0,13,0.1,0.57,0.0,0.0,0.0,9936896,0,8,4,1,0,sleeping,42332,58769,4096,714219520,714665472,714187497
2025-05-20 03:30:24,19163,2195062784,31547392,0.0,0.094532563964437,0,13,0.1,0.57,0.0,0.0,0.0,9936896,0,8,4,1,0,sleeping,42332,58769,4096,714219520,714665472,714187497
2025-05-20 03:30:25,19163,2195062784,31547392,0.0,0.094532563964437,0,13,0.1,0.57,0.0,0.0,0.0,9936896,0,8,4,1,0,sleeping,42332,58769,4096,714219520,714665472,714187497
2025-05-20 03:30:27,19163,2195062784,31547392,0.0,0.094532563964437,0,13,0.1,0.57,0.0,0.0,0.0,9936896,0,8,4,1,0,sleeping,42332,58769,4096,714219520,714665472,714187497
2025-05-20 03:30:28,19163,2195062784,31547392,0.0,0.094532563964437,0,13,0.1,0.57,0.0,0.0,0.0,9936896,0,8,4,1,0,sleeping,42332,58769,4096,714219520,714665472,714187497
2025-05-20 03:30:29,19163,2195062784,31547392,0.0,0.094532563964437,0,13,0.1,0.57,0.0,0.0,0.0,9936896,0,8,4,1,0,sleeping,42332,58769,4096,714219520,714665472,714187497
2025-05-20 03:30:30,19163,2195062784,31547392,0.0,0.094532563964437,0,13,0.1,0.57,0.0,0.0,0.0,9936896,0,8,4,1,0,sleeping,42332,58769,4096,714219520,714665472,714187497
2025-05-20 03:30:31,19163,2195062784,31547392,0.0,0.094532563964437,0,13,0.1,0.57,0.0,0.0,0.0,9936896,0,8,4,1,0,sleeping,42332,58769,4096,714219520,714665472,714187497
2025-05-20 03:30:32,19163,2195062784,31547392,0.0,0.094532563964437,0,13,0.1,0.57,0.0,0.0,0.0,9936896,0,8,4,1,0,sleeping,42332,58769,4096,714219520,714665472,714187497
2025-05-20 03:30:33,19163,2195062784,31547392,0.0,0.094532563964437,0,13,0.1,0.57,0.0,0.0,0.0,9936896,0,8,4,1,0,sleeping,42332,58769,4096,714219520,714665472,714187497
2025-05-20 03:30:34,19163,2195062784,31547392,0.0,0.094532563964437,0,13,0.1,0.57,0.0,0.0,0.0,9936896,0,8,4,1,0,sleeping,42336,58771,4096,714223616,714666099,714188108
2025-05-20 03:30:35,19163,2195062784,31547392,0.0,0.094532563964437,0,13,0.1,0.57,0.0,0.0,0.0,9936896,0,8,4,1,0,sleeping,42336,58771,4096,714223616,714666099,714188108
2025-05-20 03:30:36,19163,2195062784,31547392,0.0,0.094532563964437,0,13,0.1,0.57,0.0,0.0,0.0,9936896,0,8,4,1,0,sleeping,42336,58771,4096,714223616,714666099,714188108
2025-05-20 03:30:38,19163,2195062784,31547392,0.0,0.094532563964437,0,13,0.1,0.57,0.0,0.0,0.0,9936896,0,8,4,1,0,sleeping,42336,58771,4096,714223616,714666099,714188108
2025-05-20 03:30:39,19163,2195062784,31547392,0.0,0.094532563964437,0,13,0.1,0.57,0.0,0.0,0.0,9936896,0,8,4,1,0,sleeping,42336,58771,4096,714223616,714666099,714188108
2025-05-20 03:30:40,19163,2195062784,31547392,0.0,0.094532563964437,0,13,0.1,0.57,0.0,0.0,0.0,9936896,0,8,4,1,0,sleeping,42336,58771,4096,714223616,714666099,714188108
2025-05-20 03:30:42,19163,2195062784,31547392,4.5,0.094532563964437,0,13,0.1,0.62,0.0,0.0,0.0,9936896,0,7,4,1,0,sleeping,45866,63357,4096,773742592,774221960,773707281
2025-05-20 03:30:43,19163,2195062784,31547392,0.0,0.094532563964437,0,13,0.1,0.62,0.0,0.0,0.0,9936896,0,7,4,1,0,sleeping,45866,63357,4096,773742592,774221960,773707281
2025-05-20 03:30:44,19163,2195062784,31547392,0.0,0.094532563964437,0,13,0.1,0.62,0.0,0.0,0.0,9936896,0,7,4,1,0,sleeping,45866,63357,4096,773742592,774221960,773707281
2025-05-20 03:30:45,19163,2195062784,31547392,0.0,0.094532563964437,0,13,0.1,0.62,0.0,0.0,0.0,9936896,0,7,4,1,0,sleeping,45866,63357,4096,773742592,774221960,773707281
2025-05-20 03:30:46,19163,2195062784,31547392,0.0,0.094532563964437,0,13,0.1,0.62,0.0,0.0,0.0,9936896,0,7,4,1,0,sleeping,45866,63357,4096,773742592,774221960,773707281
2025-05-20 03:30:47,19163,2195062784,31547392,0.0,0.094532563964437,0,13,0.1,0.62,0.0,0.0,0.0,9936896,0,7,4,1,0,sleeping,45866,63357,4096,773742592,774221960,773707281
2025-05-20 03:30:48,19163,2195062784,31547392,0.0,0.094532563964437,0,13,0.1,0.62,0.0,0.0,0.0,9936896,0,7,4,1,0,sleeping,45866,63357,4096,773742592,774221960,773707281
2025-05-20 03:30:49,19163,2195062784,31547392,0.0,0.094532563964437,0,13,0.1,0.62,0.0,0.0,0.0,9936896,0,7,4,1,0,sleeping,45866,63357,4096,773742592,774221960,773707281
2025-05-20 03:30:50,19163,2195062784,31547392,0.0,0.094532563964437,0,13,0.1,0.62,0.0,0.0,0.0,9936896,0,7,4,1,0,sleeping,45866,63357,4096,773742592,774221960,773707281
2025-05-20 03:30:51,19163,2195062784,31547392,0.0,0.094532563964437,0,13,0.1,0.62,0.0,0.0,0.0,9936896,0,7,4,1,0,sleeping,45866,63357,4096,773742592,774221960,773707281
2025-05-20 03:30:52,19163,2195062784,31547392,0.0,0.094532563964437,0,13,0.1,0.62,0.0,0.0,0.0,9936896,0,7,4,1,0,sleeping,45866,63357,4096,773742592,774221960,773707281
2025-05-20 03:30:54,19163,2195062784,31547392,0.0,0.094532563964437,0,13,0.1,0.62,0.0,0.0,0.0,9936896,0,7,4,1,0,sleeping,45866,63357,4096,773742592,774221960,773707281
2025-05-20 03:30:55,19163,2195062784,31547392,0.0,0.094532563964437,0,13,0.1,0.62,0.0,0.0,0.0,9936896,0,7,4,1,0,sleeping,45866,63357,4096,773742592,774221960,773707281
2025-05-20 03:30:56,19163,2195062784,31547392,0.0,0.094532563964437,0,13,0.1,0.62,0.0,0.0,0.0,9936896,0,7,4,1,0,sleeping,45866,63357,4096,773742592,774221960,773707281
2025-05-20 03:30:57,19163,2195062784,31547392,0.0,0.094532563964437,0,13,0.1,0.62,0.0,0.0,0.0,9936896,0,7,4,1,0,sleeping,45866,63357,4096,773742592,774221960,773707281
2025-05-20 03:30:58,19163,2195062784,31547392,0.0,0.094532563964437,0,13,0.1,0.62,0.0,0.0,0.0,9936896,0,7,4,1,0,sleeping,45866,63357,4096,773742592,774221960,773707281
2025-05-20 03:30:59,19163,2195062784,31547392,0.0,0.094532563964437,0,13,0.1,0.62,0.0,0.0,0.0,9936896,0,7,4,1,0,sleeping,45866,63357,4096,773742592,774221960,773707281
2025-05-20 03:31:00,19163,2195062784,31547392,0.0,0.094532563964437,0,13,0.1,0.62,0.0,0.0,0.0,9936896,0,7,4,1,0,sleeping,45866,63357,4096,773742592,774221960,773707281
2025-05-20 03:31:01,19163,2195062784,31547392,0.0,0.094532563964437,0,13,0.1,0.62,0.0,0.0,0.0,9936896,0,7,4,1,0,sleeping,45870,63359,4096,773742592,774222587,773707892
2025-05-20 03:31:02,19163,2195062784,31547392,0.0,0.094532563964437,0,13,0.1,0.62,0.0,0.0,0.0,9936896,0,7,4,1,0,sleeping,45870,63359,4096,773742592,774222587,773707892
2025-05-20 03:31:03,19163,2195062784,31547392,0.0,0.094532563964437,0,13,0.1,0.62,0.0,0.0,0.0,9936896,0,7,4,1,0,sleeping,45870,63359,4096,773742592,774222587,773707892
2025-05-20 03:31:04,19163,2195062784,31547392,4.6,0.094532563964437,0,13,0.11,0.66,0.0,0.0,0.0,9936896,0,7,4,1,0,sleeping,49094,67642,4096,833269760,833784216,833235257
2025-05-20 03:31:06,19163,2195062784,31547392,0.0,0.094532563964437,0,13,0.11,0.66,0.0,0.0,0.0,9936896,0,7,4,1,0,sleeping,49094,67642,4096,833269760,833784216,833235257
2025-05-20 03:31:07,19163,2195062784,31547392,0.0,0.094532563964437,0,13,0.11,0.66,0.0,0.0,0.0,9936896,0,7,4,1,0,sleeping,49094,67642,4096,833269760,833784216,833235257
2025-05-20 03:31:08,19163,2195062784,31547392,0.0,0.094532563964437,0,13,0.11,0.66,0.0,0.0,0.0,9936896,0,7,4,1,0,sleeping,49094,67642,4096,833269760,833784216,833235257
2025-05-20 03:31:09,19163,2195062784,31547392,0.0,0.094532563964437,0,13,0.11,0.66,0.0,0.0,0.0,9936896,0,7,4,1,0,sleeping,49094,67642,4096,833269760,833784216,833235257
2025-05-20 03:31:11,19163,2195062784,31547392,0.0,0.094532563964437,0,13,0.11,0.66,0.0,0.0,0.0,9936896,0,7,4,1,0,sleeping,49094,67642,4096,833269760,833784216,833235257
2025-05-20 03:31:12,19163,2195062784,31547392,0.0,0.094532563964437,0,13,0.11,0.66,0.0,0.0,0.0,9936896,0,7,4,1,0,sleeping,49094,67642,4096,833269760,833784216,833235257
2025-05-20 03:31:14,19163,2195062784,31547392,0.0,0.094532563964437,0,13,0.11,0.66,0.0,0.0,0.0,9936896,0,7,4,1,0,sleeping,49094,67642,4096,833269760,833784216,833235257
2025-05-20 03:31:15,19163,2195062784,31547392,0.0,0.094532563964437,0,13,0.11,0.66,0.0,0.0,0.0,9936896,0,7,4,1,0,sleeping,49094,67642,4096,833269760,833784216,833235257
2025-05-20 03:31:16,19163,2195062784,31547392,0.0,0.094532563964437,0,13,0.11,0.66,0.0,0.0,0.0,9936896,0,7,4,1,0,sleeping,49094,67642,4096,833269760,833784216,833235257
2025-05-20 03:31:17,19163,2195062784,31547392,0.0,0.094532563964437,0,13,0.11,0.66,0.0,0.0,0.0,9936896,0,7,4,1,0,sleeping,49094,67642,4096,833269760,833784216,833235257
2025-05-20 03:31:18,19163,2195062784,31547392,0.0,0.094532563964437,0,13,0.11,0.66,0.0,0.0,0.0,9936896,0,7,4,1,0,sleeping,49094,67642,4096,833269760,833784216,833235257
2025-05-20 03:31:19,19163,2195062784,31547392,0.0,0.094532563964437,0,13,0.11,0.66,0.0,0.0,0.0,9936896,0,7,4,1,0,sleeping,49094,67642,4096,833269760,833784216,833235257
2025-05-20 03:31:20,19163,2195062784,31547392,0.0,0.094532563964437,0,13,0.11,0.66,0.0,0.0,0.0,9936896,0,7,4,1,0,sleeping,49094,67642,4096,833269760,833784216,833235257
2025-05-20 03:31:21,19163,2195062784,31547392,0.0,0.094532563964437,0,13,0.11,0.66,0.0,0.0,0.0,9936896,0,7,4,1,0,sleeping,49094,67642,4096,833269760,833784216,833235257
2025-05-20 03:31:22,19163,2195062784,31547392,0.0,0.094532563964437,0,13,0.11,0.66,0.0,0.0,0.0,9936896,0,7,4,1,0,sleeping,49094,67642,4096,833269760,833784216,833235257
2025-05-20 03:31:23,19163,2195062784,31547392,0.0,0.094532563964437,0,13,0.11,0.66,0.0,0.0,0.0,9936896,0,7,4,1,0,sleeping,49094,67642,4096,833269760,833784216,833235257
2025-05-20 03:31:25,19163,2195062784,31547392,0.0,0.094532563964437,0,13,0.11,0.66,0.0,0.0,0.0,9936896,0,7,4,1,0,sleeping,49094,67642,4096,833269760,833784216,833235257
2025-05-20 03:31:26,19163,2195062784,31547392,0.0,0.094532563964437,0,13,0.11,0.66,0.0,0.0,0.0,9936896,0,7,4,1,0,sleeping,49094,67642,4096,833269760,833784216,833235257
2025-05-20 03:31:27,19163,2195062784,31547392,0.0,0.094532563964437,0,13,0.11,0.66,0.0,0.0,0.0,9936896,0,7,4,1,0,sleeping,49094,67642,4096,833269760,833784216,833235257
2025-05-20 03:31:28,19163,2195062784,31547392,0.0,0.094532563964437,0,13,0.11,0.66,0.0,0.0,0.0,9936896,0,7,4,1,0,sleeping,49094,67642,4096,833269760,833784216,833235257
2025-05-20 03:31:29,19163,2195062784,31547392,0.0,0.094532563964437,0,13,0.11,0.66,0.0,0.0,0.0,9998336,0,7,4,1,0,sleeping,49098,67644,4096,833273856,833785145,833236170
2025-05-20 03:31:30,19163,2195062784,31547392,0.0,0.094532563964437,0,13,0.11,0.66,0.0,0.0,0.0,9998336,0,7,4,1,0,sleeping,49098,67644,4096,833273856,833785145,833236170
2025-05-20 03:31:31,19163,2195062784,31547392,0.0,0.094532563964437,0,13,0.11,0.66,0.0,0.0,0.0,9998336,0,7,4,1,0,sleeping,49098,67644,4096,833273856,833785145,833236170
2025-05-20 03:31:32,19163,2195062784,31547392,5.5,0.094532563964437,0,13,0.12,0.71,0.0,0.0,0.0,9998336,0,6,4,1,0,sleeping,53059,72715,4096,892751872,893303926,892714383
2025-05-20 03:31:33,19163,2195062784,31547392,0.0,0.094532563964437,0,13,0.12,0.71,0.0,0.0,0.0,9998336,0,6,4,1,0,sleeping,53059,72715,4096,892751872,893303926,892714383
2025-05-20 03:31:34,19163,2195062784,31547392,0.0,0.094532563964437,0,13,0.12,0.71,0.0,0.0,0.0,9998336,0,6,4,1,0,sleeping,53059,72715,4096,892751872,893303926,892714383
2025-05-20 03:31:35,19163,2195062784,31547392,0.0,0.094532563964437,0,13,0.12,0.71,0.0,0.0,0.0,9998336,0,6,4,1,0,sleeping,53059,72715,4096,892751872,893303926,892714383
2025-05-20 03:31:37,19163,2195062784,31547392,0.0,0.094532563964437,0,13,0.12,0.71,0.0,0.0,0.0,9998336,0,6,4,1,0,sleeping,53059,72715,4096,892751872,893303926,892714383
2025-05-20 03:31:38,19163,2195062784,31547392,0.0,0.094532563964437,0,13,0.12,0.71,0.0,0.0,0.0,9998336,0,6,4,1,0,sleeping,53059,72715,4096,892751872,893303926,892714383
2025-05-20 03:31:39,19163,2195062784,31547392,0.0,0.094532563964437,0,13,0.12,0.71,0.0,0.0,0.0,9998336,0,6,4,1,0,sleeping,53059,72715,4096,892751872,893303926,892714383
2025-05-20 03:31:40,19163,2195062784,31547392,0.0,0.094532563964437,0,13,0.12,0.71,0.0,0.0,0.0,9998336,0,6,4,1,0,sleeping,53059,72715,4096,892751872,893303926,892714383
2025-05-20 03:31:41,19163,2195062784,31547392,0.0,0.094532563964437,0,13,0.12,0.71,0.0,0.0,0.0,9998336,0,6,4,1,0,sleeping,53059,72715,4096,892751872,893303926,892714383
2025-05-20 03:31:42,19163,2195062784,31547392,0.0,0.094532563964437,0,13,0.12,0.71,0.0,0.0,0.0,9998336,0,6,4,1,0,sleeping,53059,72715,4096,892751872,893303926,892714383
2025-05-20 03:31:43,19163,2195062784,31547392,0.0,0.094532563964437,0,13,0.12,0.71,0.0,0.0,0.0,9998336,0,6,4,1,0,sleeping,53059,72715,4096,892751872,893303926,892714383
2025-05-20 03:31:44,19163,2195062784,31547392,0.0,0.094532563964437,0,13,0.12,0.71,0.0,0.0,0.0,9998336,0,6,4,1,0,sleeping,53059,72715,4096,892751872,893303926,892714383
2025-05-20 03:31:46,19163,2195062784,31547392,0.0,0.094532563964437,0,13,0.12,0.71,0.0,0.0,0.0,9998336,0,6,4,1,0,sleeping,53059,72715,4096,892751872,893303926,892714383
2025-05-20 03:31:47,19163,2195062784,31547392,0.0,0.094532563964437,0,13,0.12,0.71,0.0,0.0,0.0,9998336,0,6,4,1,0,sleeping,53059,72715,4096,892751872,893303926,892714383
2025-05-20 03:31:48,19163,2195062784,31547392,0.0,0.094532563964437,0,13,0.12,0.71,0.0,0.0,0.0,9998336,0,6,4,1,0,sleeping,53059,72715,4096,892751872,893303926,892714383
2025-05-20 03:31:50,19163,2195062784,31547392,0.0,0.094532563964437,0,13,0.12,0.71,0.0,0.0,0.0,9998336,0,6,4,1,0,sleeping,53059,72715,4096,892751872,893303926,892714383
2025-05-20 03:31:51,19163,2195062784,31547392,0.0,0.094532563964437,0,13,0.12,0.71,0.0,0.0,0.0,9998336,0,6,4,1,0,sleeping,53059,72715,4096,892751872,893303926,892714383
2025-05-20 03:31:52,19163,2195062784,31547392,0.0,0.094532563964437,0,13,0.12,0.71,0.0,0.0,0.0,9998336,0,6,4,1,0,sleeping,53059,72715,4096,892751872,893303926,892714383
2025-05-20 03:31:53,19163,2195062784,31547392,0.0,0.094532563964437,0,13,0.12,0.71,0.0,0.0,0.0,9998336,0,6,4,1,0,sleeping,53059,72715,4096,892751872,893303926,892714383
2025-05-20 03:31:54,19163,2195062784,31547392,0.0,0.094532563964437,0,13,0.12,0.71,0.0,0.0,0.0,9998336,0,6,4,1,0,sleeping,53059,72715,4096,892751872,893303926,892714383
2025-05-20 03:31:55,19163,2195062784,31547392,0.0,0.094532563964437,0,13,0.12,0.71,0.0,0.0,0.0,9998336,0,6,4,1,0,sleeping,53063,72717,4096,892751872,893304553,892714994
2025-05-20 03:31:56,19163,2195062784,31547392,0.0,0.094532563964437,0,13,0.12,0.71,0.0,0.0,0.0,9998336,0,6,4,1,0,sleeping,53063,72717,4096,892751872,893304553,892714994
2025-05-20 03:31:57,19163,2195062784,31547392,0.0,0.094532563964437,0,13,0.12,0.71,0.0,0.0,0.0,9998336,0,6,4,1,0,sleeping,53063,72717,4096,892751872,893304553,892714994
2025-05-20 03:31:58,19163,2195062784,31547392,4.6,0.094532563964437,0,13,0.12,0.76,0.0,0.0,0.0,9998336,0,6,4,1,0,sleeping,56514,77534,4096,952262656,952854018,952225923
2025-05-20 03:31:59,19163,2195062784,31547392,0.0,0.094532563964437,0,13,0.12,0.76,0.0,0.0,0.0,9998336,0,6,4,1,0,sleeping,56516,77535,4096,952262656,952854078,952225975
2025-05-20 03:32:00,19163,2195062784,31547392,0.0,0.094532563964437,0,13,0.12,0.76,0.0,0.0,0.0,9998336,0,6,4,1,0,sleeping,56516,77535,4096,952262656,952854078,952225975
2025-05-20 03:32:02,19163,2195062784,31547392,0.0,0.094532563964437,0,13,0.12,0.76,0.0,0.0,0.0,9998336,0,6,4,1,0,sleeping,56516,77535,4096,952262656,952854078,952225975
2025-05-20 03:32:03,19163,2195062784,31547392,0.0,0.094532563964437,0,13,0.12,0.76,0.0,0.0,0.0,9998336,0,6,4,1,0,sleeping,56516,77535,4096,952262656,952854078,952225975
2025-05-20 03:32:04,19163,2195062784,31547392,0.0,0.094532563964437,0,13,0.12,0.76,0.0,0.0,0.0,9998336,0,6,4,1,0,sleeping,56516,77535,4096,952262656,952854078,952225975
2025-05-20 03:32:05,19163,2195062784,31547392,0.0,0.094532563964437,0,13,0.12,0.76,0.0,0.0,0.0,9998336,0,6,4,1,0,sleeping,56516,77535,4096,952262656,952854078,952225975
2025-05-20 03:32:06,19163,2195062784,31547392,0.0,0.094532563964437,0,13,0.12,0.76,0.0,0.0,0.0,9998336,0,6,4,1,0,sleeping,56516,77535,4096,952262656,952854078,952225975
2025-05-20 03:32:07,19163,2195062784,31547392,0.0,0.094532563964437,0,13,0.12,0.76,0.0,0.0,0.0,9998336,0,6,4,1,0,sleeping,56516,77535,4096,952262656,952854078,952225975
2025-05-20 03:32:08,19163,2195062784,31547392,0.0,0.094532563964437,0,13,0.12,0.76,0.0,0.0,0.0,9998336,0,6,4,1,0,sleeping,56516,77535,4096,952262656,952854078,952225975
2025-05-20 03:32:09,19163,2195062784,31547392,0.0,0.094532563964437,0,13,0.12,0.76,0.0,0.0,0.0,9998336,0,6,4,1,0,sleeping,56516,77535,4096,952262656,952854078,952225975
2025-05-20 03:32:10,19163,2195062784,31547392,0.0,0.094532563964437,0,13,0.12,0.76,0.0,0.0,0.0,9998336,0,6,4,1,0,sleeping,56516,77535,4096,952262656,952854078,952225975
2025-05-20 03:32:11,19163,2195062784,31547392,0.0,0.094532563964437,0,13,0.12,0.76,0.0,0.0,0.0,9998336,0,6,4,1,0,sleeping,56516,77535,4096,952262656,952854078,952225975
2025-05-20 03:32:13,19163,2195062784,31547392,0.0,0.094532563964437,0,13,0.12,0.76,0.0,0.0,0.0,9998336,0,6,4,1,0,sleeping,56516,77535,4096,952262656,952854078,952225975
2025-05-20 03:32:14,19163,2195062784,31547392,0.0,0.094532563964437,0,13,0.12,0.76,0.0,0.0,0.0,9998336,0,6,4,1,0,sleeping,56516,77535,4096,952262656,952854078,952225975
2025-05-20 03:32:15,19163,2195062784,31547392,0.0,0.094532563964437,0,13,0.12,0.76,0.0,0.0,0.0,9998336,0,6,4,1,0,sleeping,56516,77535,4096,952262656,952854078,952225975
2025-05-20 03:32:16,19163,2195062784,31547392,0.0,0.094532563964437,0,13,0.12,0.76,0.0,0.0,0.0,9998336,0,6,4,1,0,sleeping,56516,77535,4096,952262656,952854078,952225975
2025-05-20 03:32:17,19163,2195062784,31547392,0.0,0.094532563964437,0,13,0.12,0.76,0.0,0.0,0.0,9998336,0,6,4,1,0,sleeping,56516,77535,4096,952262656,952854078,952225975
2025-05-20 03:32:18,19163,2195062784,31547392,0.0,0.094532563964437,0,13,0.12,0.76,0.0,0.0,0.0,9998336,0,6,4,1,0,sleeping,56520,77537,4096,952270848,952854705,952226586
2025-05-20 03:32:19,19163,2195062784,31547392,0.0,0.094532563964437,0,13,0.12,0.76,0.0,0.0,0.0,9998336,0,6,4,1,0,sleeping,56520,77537,4096,952270848,952854705,952226586
2025-05-20 03:32:20,19163,2195062784,31547392,0.0,0.094532563964437,0,13,0.12,0.76,0.0,0.0,0.0,9998336,0,6,4,1,0,sleeping,56520,77537,4096,952270848,952854705,952226586
2025-05-20 03:32:21,19163,2195062784,31547392,5.5,0.094532563964437,0,13,0.14,0.8,0.0,0.0,0.0,9998336,0,6,4,1,0,sleeping,60005,82457,4096,1011806208,1012429622,1011762143
2025-05-20 03:32:22,19163,2195062784,31547392,0.0,0.094532563964437,0,13,0.14,0.8,0.0,0.0,0.0,9998336,0,6,4,1,0,sleeping,60005,82457,4096,1011806208,1012429622,1011762143
2025-05-20 03:32:23,19163,2195062784,31547392,0.0,0.094532563964437,0,13,0.14,0.8,0.0,0.0,0.0,9998336,0,6,4,1,0,sleeping,60005,82457,4096,1011806208,1012429622,1011762143
2025-05-20 03:32:25,19163,2195062784,31547392,0.0,0.094532563964437,0,13,0.14,0.8,0.0,0.0,0.0,9998336,0,6,4,1,0,sleeping,60005,82457,4096,1011806208,1012429622,1011762143
2025-05-20 03:32:26,19163,2195062784,31547392,0.0,0.094532563964437,0,13,0.14,0.8,0.0,0.0,0.0,9998336,0,6,4,1,0,sleeping,60005,82457,4096,1011806208,1012429622,1011762143
2025-05-20 03:32:27,19163,2195062784,31547392,0.0,0.094532563964437,0,13,0.14,0.8,0.0,0.0,0.0,9998336,0,6,4,1,0,sleeping,60005,82457,4096,1011806208,1012429622,1011762143
2025-05-20 03:32:28,19163,2195062784,31547392,0.0,0.094532563964437,0,13,0.14,0.8,0.0,0.0,0.0,9998336,0,6,4,1,0,sleeping,60005,82457,4096,1011806208,1012429622,1011762143
2025-05-20 03:32:29,19163,2195062784,31547392,0.0,0.094532563964437,0,13,0.14,0.8,0.0,0.0,0.0,9998336,0,6,4,1,0,sleeping,60005,82457,4096,1011806208,1012429622,1011762143
2025-05-20 03:32:30,19163,2195062784,31547392,0.0,0.094532563964437,0,13,0.14,0.8,0.0,0.0,0.0,9998336,0,6,4,1,0,sleeping,60005,82457,4096,1011806208,1012429622,1011762143
2025-05-20 03:32:31,19163,2195062784,31547392,0.0,0.094532563964437,0,13,0.14,0.8,0.0,0.0,0.0,9998336,0,6,4,1,0,sleeping,60005,82457,4096,1011806208,1012429622,1011762143
2025-05-20 03:32:32,19163,2195062784,31547392,0.0,0.094532563964437,0,13,0.14,0.8,0.0,0.0,0.0,9998336,0,6,4,1,0,sleeping,60005,82457,4096,1011806208,1012429622,1011762143
2025-05-20 03:32:33,19163,2195062784,31547392,0.0,0.094532563964437,0,13,0.14,0.8,0.0,0.0,0.0,9998336,0,6,4,1,0,sleeping,60005,82457,4096,1011806208,1012429622,1011762143
2025-05-20 03:32:35,19163,2195062784,31547392,0.0,0.094532563964437,0,13,0.14,0.8,0.0,0.0,0.0,9998336,0,6,4,1,0,sleeping,60005,82457,4096,1011806208,1012429622,1011762143
2025-05-20 03:32:36,19163,2195062784,31547392,0.0,0.094532563964437,0,13,0.14,0.8,0.0,0.0,0.0,9998336,0,6,4,1,0,sleeping,60005,82457,4096,1011806208,1012429622,1011762143
2025-05-20 03:32:37,19163,2195062784,31547392,0.0,0.094532563964437,0,13,0.14,0.8,0.0,0.0,0.0,9998336,0,6,4,1,0,sleeping,60005,82457,4096,1011806208,1012429622,1011762143
2025-05-20 03:32:38,19163,2195062784,31547392,0.0,0.094532563964437,0,13,0.14,0.8,0.0,0.0,0.0,9998336,0,6,4,1,0,sleeping,60005,82457,4096,1011806208,1012429622,1011762143
2025-05-20 03:32:39,19163,2195062784,31547392,0.0,0.094532563964437,0,13,0.14,0.8,0.0,0.0,0.0,9998336,0,6,4,1,0,sleeping,60005,82457,4096,1011806208,1012429622,1011762143
2025-05-20 03:32:40,19163,2195062784,31547392,0.0,0.094532563964437,0,13,0.14,0.8,0.0,0.0,0.0,9998336,0,6,4,1,0,sleeping,60005,82457,4096,1011806208,1012429622,1011762143
2025-05-20 03:32:41,19163,2195062784,31547392,0.0,0.094532563964437,0,13,0.14,0.8,0.0,0.0,0.0,9998336,0,6,4,1,0,sleeping,60005,82457,4096,1011806208,1012429622,1011762143
2025-05-20 03:32:42,19163,2195062784,31547392,0.0,0.094532563964437,0,13,0.14,0.8,0.0,0.0,0.0,9998336,0,7,4,1,0,sleeping,60011,82460,4096,1011806208,1012430257,1011762754
2025-05-20 03:32:43,19163,2195062784,31547392,0.0,0.094532563964437,0,13,0.14,0.8,0.0,0.0,0.0,9998336,0,7,4,1,0,sleeping,60011,82460,4096,1011806208,1012430257,1011762754
2025-05-20 03:32:44,19163,2195062784,31547392,0.0,0.094532563964437,0,13,0.14,0.8,0.0,0.0,0.0,9998336,0,7,4,1,0,sleeping,60011,82460,4096,1011806208,1012430257,1011762754
2025-05-20 03:32:45,19163,2195062784,31547392,4.6,0.094532563964437,0,13,0.14,0.85,0.0,0.0,0.0,9998336,0,6,4,1,0,sleeping,63628,87101,4096,1071312896,1071974270,1071269639
2025-05-20 03:32:47,19163,2195062784,31547392,0.0,0.094532563964437,0,13,0.14,0.85,0.0,0.0,0.0,9998336,0,6,4,1,0,sleeping,63628,87101,4096,1071312896,1071974270,1071269639
2025-05-20 03:32:48,19163,2195062784,31547392,0.0,0.094532563964437,0,13,0.14,0.85,0.0,0.0,0.0,9998336,0,6,4,1,0,sleeping,63628,87101,4096,1071312896,1071974270,1071269639
2025-05-20 03:32:49,19163,2195062784,31547392,0.0,0.094532563964437,0,13,0.14,0.85,0.0,0.0,0.0,9998336,0,6,4,1,0,sleeping,63628,87101,4096,1071312896,1071974270,1071269639
2025-05-20 03:32:50,19163,2195062784,31547392,0.0,0.094532563964437,0,13,0.14,0.85,0.0,0.0,0.0,9998336,0,6,4,1,0,sleeping,63628,87101,4096,1071312896,1071974270,1071269639
2025-05-20 03:32:51,19163,2195062784,31547392,0.0,0.094532563964437,0,13,0.14,0.85,0.0,0.0,0.0,9998336,0,6,4,1,0,sleeping,63628,87101,4096,1071312896,1071974270,1071269639
2025-05-20 03:32:52,19163,2195062784,31547392,0.0,0.094532563964437,0,13,0.14,0.85,0.0,0.0,0.0,9998336,0,6,4,1,0,sleeping,63628,87101,4096,1071312896,1071974270,1071269639
2025-05-20 03:32:53,19163,2195062784,31547392,0.0,0.094532563964437,0,13,0.14,0.85,0.0,0.0,0.0,9998336,0,6,4,1,0,sleeping,63628,87101,4096,1071312896,1071974270,1071269639
2025-05-20 03:32:54,19163,2195062784,31547392,0.0,0.094532563964437,0,13,0.14,0.85,0.0,0.0,0.0,9998336,0,6,4,1,0,sleeping,63628,87101,4096,1071312896,1071974270,1071269639
2025-05-20 03:32:55,19163,2195062784,31547392,0.0,0.094532563964437,0,13,0.14,0.85,0.0,0.0,0.0,9998336,0,6,4,1,0,sleeping,63628,87101,4096,1071312896,1071974270,1071269639
2025-05-20 03:32:56,19163,2195062784,31547392,0.0,0.094532563964437,0,13,0.14,0.85,0.0,0.0,0.0,9998336,0,6,4,1,0,sleeping,63628,87101,4096,1071312896,1071974270,1071269639
2025-05-20 03:32:57,19163,2195062784,31547392,0.0,0.094532563964437,0,13,0.14,0.85,0.0,0.0,0.0,9998336,0,6,4,1,0,sleeping,63628,87101,4096,1071312896,1071974270,1071269639
2025-05-20 03:32:58,19163,2195062784,31547392,0.0,0.094532563964437,0,13,0.14,0.85,0.0,0.0,0.0,9998336,0,6,4,1,0,sleeping,63628,87101,4096,1071312896,1071974270,1071269639
2025-05-20 03:33:00,19163,2195062784,31547392,0.0,0.094532563964437,0,13,0.14,0.85,0.0,0.0,0.0,9998336,0,6,4,1,0,sleeping,63628,87101,4096,1071312896,1071974270,1071269639
2025-05-20 03:33:01,19163,2195062784,31547392,0.0,0.094532563964437,0,13,0.14,0.85,0.0,0.0,0.0,9998336,0,6,4,1,0,sleeping,63628,87101,4096,1071312896,1071974270,1071269639
2025-05-20 03:33:02,19163,2195062784,31547392,0.0,0.094532563964437,0,13,0.14,0.85,0.0,0.0,0.0,9998336,0,6,4,1,0,sleeping,63628,87101,4096,1071312896,1071974270,1071269639
2025-05-20 03:33:03,19163,2195062784,31547392,0.0,0.094532563964437,0,13,0.14,0.85,0.0,0.0,0.0,9998336,0,6,4,1,0,sleeping,63628,87101,4096,1071312896,1071974270,1071269639
2025-05-20 03:33:04,19163,2195062784,31547392,0.0,0.094532563964437,0,13,0.14,0.85,0.0,0.0,0.0,9998336,0,6,4,1,0,sleeping,63628,87101,4096,1071312896,1071974270,1071269639
2025-05-20 03:33:05,19163,2195062784,31547392,0.0,0.094532563964437,0,13,0.14,0.85,0.0,0.0,0.0,9998336,0,7,4,1,0,sleeping,63634,87104,4096,1071316992,1071975207,1071270552
2025-05-20 03:33:06,19163,2195062784,31547392,0.0,0.094532563964437,0,13,0.14,0.85,0.0,0.0,0.0,9998336,0,7,4,1,0,sleeping,63634,87104,4096,1071316992,1071975207,1071270552
2025-05-20 03:33:07,19163,2195062784,31547392,0.0,0.094532563964437,0,13,0.14,0.85,0.0,0.0,0.0,9998336,0,7,4,1,0,sleeping,63634,87104,4096,1071316992,1071975207,1071270552
2025-05-20 03:33:08,19163,2195062784,31547392,4.5,0.094532563964437,0,13,0.15,0.89,0.0,0.0,0.0,9998336,0,7,4,1,0,sleeping,66501,92357,4096,1130840064,1131540500,1130793821
2025-05-20 03:33:09,19163,2195062784,31547392,0.0,0.094532563964437,0,13,0.15,0.89,0.0,0.0,0.0,9998336,0,7,4,1,0,sleeping,66501,92357,4096,1130840064,1131540500,1130793821
2025-05-20 03:33:11,19163,2195062784,31547392,0.0,0.094532563964437,0,13,0.15,0.89,0.0,0.0,0.0,9998336,0,7,4,1,0,sleeping,66501,92357,4096,1130840064,1131540500,1130793821
2025-05-20 03:33:12,19163,2195062784,31547392,0.0,0.094532563964437,0,13,0.15,0.89,0.0,0.0,0.0,9998336,0,7,4,1,0,sleeping,66501,92357,4096,1130840064,1131540500,1130793821
2025-05-20 03:33:13,19163,2195062784,31547392,0.0,0.094532563964437,0,13,0.15,0.89,0.0,0.0,0.0,9998336,0,7,4,1,0,sleeping,66501,92357,4096,1130840064,1131540500,1130793821
2025-05-20 03:33:14,19163,2195062784,31547392,0.0,0.094532563964437,0,13,0.15,0.89,0.0,0.0,0.0,9998336,0,7,4,1,0,sleeping,66501,92357,4096,1130840064,1131540500,1130793821
2025-05-20 03:33:16,19163,2195062784,31547392,0.0,0.094532563964437,0,13,0.15,0.89,0.0,0.0,0.0,9998336,0,7,4,1,0,sleeping,66501,92357,4096,1130840064,1131540500,1130793821
2025-05-20 03:33:17,19163,2195062784,31547392,0.0,0.094532563964437,0,13,0.15,0.89,0.0,0.0,0.0,9998336,0,7,4,1,0,sleeping,66501,92357,4096,1130840064,1131540500,1130793821
2025-05-20 03:33:18,19163,2195062784,31547392,0.0,0.094532563964437,0,13,0.15,0.89,0.0,0.0,0.0,9998336,0,7,4,1,0,sleeping,66501,92357,4096,1130840064,1131540500,1130793821
2025-05-20 03:33:19,19163,2195062784,31547392,0.0,0.094532563964437,0,13,0.15,0.89,0.0,0.0,0.0,9998336,0,7,4,1,0,sleeping,66501,92357,4096,1130840064,1131540500,1130793821
2025-05-20 03:33:20,19163,2195062784,31547392,0.0,0.094532563964437,0,13,0.15,0.89,0.0,0.0,0.0,9998336,0,7,4,1,0,sleeping,66501,92357,4096,1130840064,1131540500,1130793821
2025-05-20 03:33:21,19163,2195062784,31547392,0.0,0.094532563964437,0,13,0.15,0.89,0.0,0.0,0.0,9998336,0,7,4,1,0,sleeping,66501,92357,4096,1130840064,1131540500,1130793821
2025-05-20 03:33:22,19163,2195062784,31547392,0.0,0.094532563964437,0,13,0.15,0.89,0.0,0.0,0.0,9998336,0,7,4,1,0,sleeping,66501,92357,4096,1130840064,1131540500,1130793821
2025-05-20 03:33:24,19163,2195062784,31547392,0.0,0.094532563964437,0,13,0.15,0.89,0.0,0.0,0.0,9998336,0,7,4,1,0,sleeping,66501,92357,4096,1130840064,1131540500,1130793821
2025-05-20 03:33:25,19163,2195062784,31547392,0.0,0.094532563964437,0,13,0.15,0.89,0.0,0.0,0.0,9998336,0,7,4,1,0,sleeping,66501,92357,4096,1130840064,1131540500,1130793821
2025-05-20 03:33:26,19163,2195062784,31547392,0.0,0.094532563964437,0,13,0.15,0.89,0.0,0.0,0.0,9998336,0,7,4,1,0,sleeping,66501,92357,4096,1130840064,1131540500,1130793821
2025-05-20 03:33:27,19163,2195062784,31547392,0.0,0.094532563964437,0,13,0.15,0.89,0.0,0.0,0.0,9998336,0,7,4,1,0,sleeping,66501,92357,4096,1130840064,1131540500,1130793821
2025-05-20 03:33:28,19163,2195062784,31547392,0.0,0.094532563964437,0,13,0.15,0.89,0.0,0.0,0.0,9998336,0,7,4,1,0,sleeping,66501,92357,4096,1130840064,1131540500,1130793821
2025-05-20 03:33:29,19163,2195062784,31547392,0.0,0.094532563964437,0,13,0.15,0.89,0.0,0.0,0.0,9998336,0,7,4,1,0,sleeping,66501,92357,4096,1130840064,1131540500,1130793821
2025-05-20 03:33:30,19163,2195062784,31547392,0.0,0.094532563964437,0,13,0.15,0.89,0.0,0.0,0.0,9998336,0,7,4,1,0,sleeping,66501,92357,4096,1130840064,1131540500,1130793821
2025-05-20 03:33:31,19163,2195062784,31547392,0.0,0.094532563964437,0,13,0.15,0.89,0.0,0.0,0.0,10055680,0,6,4,1,0,sleeping,66505,92359,4096,1130840064,1131541127,1130794432
2025-05-20 03:33:32,19163,2195062784,31547392,0.0,0.094532563964437,0,13,0.15,0.89,0.0,0.0,0.0,10055680,0,6,4,1,0,sleeping,66505,92359,4096,1130840064,1131541127,1130794432
2025-05-20 03:33:33,19163,2195062784,31547392,0.0,0.094532563964437,0,13,0.15,0.89,0.0,0.0,0.0,10055680,0,6,4,1,0,sleeping,66505,92359,4096,1130840064,1131541127,1130794432
2025-05-20 03:33:34,19163,2195062784,31547392,4.6,0.094532563964437,0,13,0.15,0.94,0.0,0.0,0.0,10055680,0,8,4,1,0,sleeping,70479,97347,4096,1190313984,1191055148,1190268549
2025-05-20 03:33:36,19163,2195062784,31547392,0.0,0.094532563964437,0,13,0.15,0.94,0.0,0.0,0.0,10055680,0,8,4,1,0,sleeping,70479,97347,4096,1190313984,1191055148,1190268549
2025-05-20 03:33:37,19163,2195062784,31547392,0.0,0.094532563964437,0,13,0.15,0.94,0.0,0.0,0.0,10055680,0,8,4,1,0,sleeping,70479,97347,4096,1190313984,1191055148,1190268549
2025-05-20 03:33:38,19163,2195062784,31547392,0.0,0.094532563964437,0,13,0.15,0.94,0.0,0.0,0.0,10055680,0,8,4,1,0,sleeping,70479,97347,4096,1190313984,1191055148,1190268549
2025-05-20 03:33:39,19163,2195062784,31547392,0.0,0.094532563964437,0,13,0.15,0.94,0.0,0.0,0.0,10055680,0,8,4,1,0,sleeping,70479,97347,4096,1190313984,1191055148,1190268549
2025-05-20 03:33:40,19163,2195062784,31547392,0.0,0.094532563964437,0,13,0.15,0.94,0.0,0.0,0.0,10055680,0,8,4,1,0,sleeping,70479,97347,4096,1190313984,1191055148,1190268549
2025-05-20 03:33:41,19163,2195062784,31547392,0.0,0.094532563964437,0,13,0.15,0.94,0.0,0.0,0.0,10055680,0,8,4,1,0,sleeping,70479,97347,4096,1190313984,1191055148,1190268549
2025-05-20 03:33:42,19163,2195062784,31547392,0.0,0.094532563964437,0,13,0.15,0.94,0.0,0.0,0.0,10055680,0,8,4,1,0,sleeping,70479,97347,4096,1190313984,1191055148,1190268549
2025-05-20 03:33:43,19163,2195062784,31547392,0.0,0.094532563964437,0,13,0.15,0.94,0.0,0.0,0.0,10055680,0,8,4,1,0,sleeping,70479,97347,4096,1190313984,1191055148,1190268549
2025-05-20 03:33:44,19163,2195062784,31547392,0.0,0.094532563964437,0,13,0.15,0.94,0.0,0.0,0.0,10055680,0,8,4,1,0,sleeping,70479,97347,4096,1190313984,1191055148,1190268549
2025-05-20 03:33:46,19163,2195062784,31547392,0.0,0.094532563964437,0,13,0.15,0.94,0.0,0.0,0.0,10055680,0,8,4,1,0,sleeping,70479,97347,4096,1190313984,1191055148,1190268549
2025-05-20 03:33:47,19163,2195062784,31547392,0.0,0.094532563964437,0,13,0.15,0.94,0.0,0.0,0.0,10055680,0,8,4,1,0,sleeping,70479,97347,4096,1190313984,1191055148,1190268549
2025-05-20 03:33:48,19163,2195062784,31547392,0.0,0.094532563964437,0,13,0.15,0.94,0.0,0.0,0.0,10055680,0,8,4,1,0,sleeping,70479,97347,4096,1190313984,1191055148,1190268549
2025-05-20 03:33:49,19163,2195062784,31547392,0.0,0.094532563964437,0,13,0.15,0.94,0.0,0.0,0.0,10055680,0,8,4,1,0,sleeping,70479,97347,4096,1190313984,1191055148,1190268549
2025-05-20 03:33:50,19163,2195062784,31547392,0.0,0.094532563964437,0,13,0.15,0.94,0.0,0.0,0.0,10055680,0,8,4,1,0,sleeping,70479,97347,4096,1190313984,1191055148,1190268549
2025-05-20 03:33:51,19163,2195062784,31547392,0.0,0.094532563964437,0,13,0.15,0.94,0.0,0.0,0.0,10055680,0,8,4,1,0,sleeping,70479,97347,4096,1190313984,1191055148,1190268549
2025-05-20 03:33:52,19163,2195062784,31547392,0.0,0.094532563964437,0,13,0.15,0.94,0.0,0.0,0.0,10055680,0,8,4,1,0,sleeping,70479,97347,4096,1190313984,1191055148,1190268549
2025-05-20 03:33:53,19163,2195062784,31547392,0.0,0.094532563964437,0,13,0.15,0.94,0.0,0.0,0.0,10055680,0,8,4,1,0,sleeping,70479,97347,4096,1190313984,1191055148,1190268549
2025-05-20 03:33:54,19163,2195062784,31547392,0.0,0.094532563964437,0,13,0.15,0.94,0.0,0.0,0.0,10055680,0,8,4,1,0,sleeping,70479,97347,4096,1190313984,1191055148,1190268549
2025-05-20 03:33:55,19163,2195062784,31547392,0.9,0.094532563964437,0,13,0.15,0.95,0.0,0.0,0.0,10055680,0,6,4,1,0,sleeping,70483,97349,4096,1190322176,1191056078,1190269463
2025-05-20 03:33:56,19163,2195062784,31547392,0.0,0.094532563964437,0,13,0.15,0.95,0.0,0.0,0.0,10055680,0,6,4,1,0,sleeping,70483,97349,4096,1190322176,1191056078,1190269463
2025-05-20 03:33:58,19163,2195062784,31547392,0.0,0.094532563964437,0,13,0.15,0.95,0.0,0.0,0.0,10055680,0,6,4,1,0,sleeping,70483,97349,4096,1190322176,1191056078,1190269463
2025-05-20 03:33:59,19163,2195062784,31547392,4.5,0.094532563964437,0,13,0.16,0.99,0.0,0.0,0.0,10055680,0,6,4,1,0,sleeping,73807,101615,4096,1249828864,1250597091,1249776348
2025-05-20 03:34:00,19163,2195062784,31547392,0.0,0.094532563964437,0,13,0.16,0.99,0.0,0.0,0.0,10055680,0,6,4,1,0,sleeping,73807,101615,4096,1249828864,1250597091,1249776348
2025-05-20 03:34:01,19163,2195062784,31547392,0.0,0.094532563964437,0,13,0.16,0.99,0.0,0.0,0.0,10055680,0,6,4,1,0,sleeping,73807,101615,4096,1249828864,1250597091,1249776348
2025-05-20 03:34:03,19163,2195062784,31547392,0.0,0.094532563964437,0,13,0.16,0.99,0.0,0.0,0.0,10055680,0,6,4,1,0,sleeping,73807,101615,4096,1249828864,1250597091,1249776348
2025-05-20 03:34:04,19163,2195062784,31547392,0.0,0.094532563964437,0,13,0.16,0.99,0.0,0.0,0.0,10055680,0,6,4,1,0,sleeping,73807,101615,4096,1249828864,1250597091,1249776348
2025-05-20 03:34:06,19163,2195062784,31547392,0.0,0.094532563964437,0,13,0.16,0.99,0.0,0.0,0.0,10055680,0,6,4,1,0,sleeping,73807,101615,4096,1249828864,1250597091,1249776348
2025-05-20 03:34:07,19163,2195062784,31547392,0.0,0.094532563964437,0,13,0.16,0.99,0.0,0.0,0.0,10055680,0,6,4,1,0,sleeping,73807,101615,4096,1249828864,1250597091,1249776348
2025-05-20 03:34:08,19163,2195062784,31547392,0.0,0.094532563964437,0,13,0.16,0.99,0.0,0.0,0.0,10055680,0,6,4,1,0,sleeping,73807,101615,4096,1249828864,1250597091,1249776348
2025-05-20 03:34:09,19163,2195062784,31547392,0.0,0.094532563964437,0,13,0.16,0.99,0.0,0.0,0.0,10055680,0,6,4,1,0,sleeping,73807,101615,4096,1249828864,1250597091,1249776348
2025-05-20 03:34:10,19163,2195062784,31547392,0.0,0.094532563964437,0,13,0.16,0.99,0.0,0.0,0.0,10055680,0,6,4,1,0,sleeping,73807,101615,4096,1249828864,1250597091,1249776348
2025-05-20 03:34:11,19163,2195062784,31547392,0.0,0.094532563964437,0,13,0.16,0.99,0.0,0.0,0.0,10055680,0,6,4,1,0,sleeping,73807,101615,4096,1249828864,1250597091,1249776348
2025-05-20 03:34:12,19163,2195062784,31547392,0.0,0.094532563964437,0,13,0.16,0.99,0.0,0.0,0.0,10055680,0,6,4,1,0,sleeping,73807,101615,4096,1249828864,1250597091,1249776348
2025-05-20 03:34:14,19163,2195062784,31547392,0.0,0.094532563964437,0,13,0.16,0.99,0.0,0.0,0.0,10055680,0,6,4,1,0,sleeping,73807,101615,4096,1249828864,1250597091,1249776348
2025-05-20 03:34:15,19163,2195062784,31547392,0.0,0.094532563964437,0,13,0.16,0.99,0.0,0.0,0.0,10055680,0,6,4,1,0,sleeping,73807,101615,4096,1249828864,1250597091,1249776348
2025-05-20 03:34:16,19163,2195062784,31547392,0.0,0.094532563964437,0,13,0.16,0.99,0.0,0.0,0.0,10055680,0,6,4,1,0,sleeping,73807,101615,4096,1249828864,1250597091,1249776348
2025-05-20 03:34:17,19163,2195062784,31547392,0.0,0.094532563964437,0,13,0.16,0.99,0.0,0.0,0.0,10055680,0,6,4,1,0,sleeping,73807,101615,4096,1249828864,1250597091,1249776348
2025-05-20 03:34:18,19163,2195062784,31547392,0.0,0.094532563964437,0,13,0.16,0.99,0.0,0.0,0.0,10055680,0,6,4,1,0,sleeping,73807,101615,4096,1249828864,1250597091,1249776348
2025-05-20 03:34:19,19163,2195062784,31547392,0.0,0.094532563964437,0,13,0.16,0.99,0.0,0.0,0.0,10055680,0,6,4,1,0,sleeping,73807,101615,4096,1249828864,1250597091,1249776348
2025-05-20 03:34:20,19163,2195062784,31547392,0.0,0.094532563964437,0,13,0.16,0.99,0.0,0.0,0.0,10055680,0,6,4,1,0,sleeping,73807,101615,4096,1249828864,1250597091,1249776348
2025-05-20 03:34:21,19163,2195062784,31547392,0.0,0.094532563964437,0,13,0.16,0.99,0.0,0.0,0.0,10055680,0,6,4,1,0,sleeping,73807,101615,4096,1249828864,1250597091,1249776348
2025-05-20 03:34:22,19163,2195062784,31547392,0.0,0.094532563964437,0,13,0.16,0.99,0.0,0.0,0.0,10055680,0,6,4,1,0,sleeping,73807,101615,4096,1249828864,1250597091,1249776348
2025-05-20 03:34:23,19163,2195062784,31547392,0.0,0.094532563964437,0,13,0.16,0.99,0.0,0.0,0.0,10055680,0,6,4,1,0,sleeping,73811,101617,4096,1249828864,1250597718,1249776959
2025-05-20 03:34:24,19163,2195062784,31547392,0.0,0.094532563964437,0,13,0.16,0.99,0.0,0.0,0.0,10055680,0,6,4,1,0,sleeping,73811,101617,4096,1249828864,1250597718,1249776959
2025-05-20 03:34:26,19163,2195062784,31547392,0.0,0.094532563964437,0,13,0.16,0.99,0.0,0.0,0.0,10055680,0,6,4,1,0,sleeping,73811,101617,4096,1249828864,1250597718,1249776959
2025-05-20 03:34:27,19163,2195062784,31547392,5.3,0.094532563964437,0,13,0.16,1.05,0.0,0.0,0.0,10055680,0,8,4,1,0,sleeping,77780,106789,4096,1309335552,1310145927,1309283792
2025-05-20 03:34:28,19163,2195062784,31547392,0.0,0.094532563964437,0,13,0.16,1.05,0.0,0.0,0.0,10055680,0,7,4,1,0,sleeping,77782,106790,4096,1309339648,1310145987,1309283844
2025-05-20 03:34:29,19163,2195062784,31547392,0.0,0.094532563964437,0,13,0.16,1.05,0.0,0.0,0.0,10055680,0,7,4,1,0,sleeping,77782,106790,4096,1309339648,1310145987,1309283844
2025-05-20 03:34:30,19163,2195062784,31547392,0.0,0.094532563964437,0,13,0.16,1.05,0.0,0.0,0.0,10055680,0,7,4,1,0,sleeping,77782,106790,4096,1309339648,1310145987,1309283844
2025-05-20 03:34:32,19163,2195062784,31547392,0.0,0.094532563964437,0,13,0.16,1.05,0.0,0.0,0.0,10055680,0,7,4,1,0,sleeping,77782,106790,4096,1309339648,1310145987,1309283844
2025-05-20 03:34:33,19163,2195062784,31547392,0.0,0.094532563964437,0,13,0.16,1.05,0.0,0.0,0.0,10055680,0,7,4,1,0,sleeping,77782,106790,4096,1309339648,1310145987,1309283844
2025-05-20 03:34:34,19163,2195062784,31547392,0.0,0.094532563964437,0,13,0.16,1.05,0.0,0.0,0.0,10055680,0,7,4,1,0,sleeping,77782,106790,4096,1309339648,1310145987,1309283844
2025-05-20 03:34:35,19163,2195062784,31547392,0.0,0.094532563964437,0,13,0.16,1.05,0.0,0.0,0.0,10055680,0,7,4,1,0,sleeping,77782,106790,4096,1309339648,1310145987,1309283844
2025-05-20 03:34:36,19163,2195062784,31547392,0.0,0.094532563964437,0,13,0.16,1.05,0.0,0.0,0.0,10055680,0,7,4,1,0,sleeping,77782,106790,4096,1309339648,1310145987,1309283844
2025-05-20 03:34:37,19163,2195062784,31547392,0.0,0.094532563964437,0,13,0.16,1.05,0.0,0.0,0.0,10055680,0,7,4,1,0,sleeping,77782,106790,4096,1309339648,1310145987,1309283844
2025-05-20 03:34:39,19163,2195062784,31547392,0.0,0.094532563964437,0,13,0.16,1.05,0.0,0.0,0.0,10055680,0,7,4,1,0,sleeping,77782,106790,4096,1309339648,1310145987,1309283844
2025-05-20 03:34:40,19163,2195062784,31547392,0.0,0.094532563964437,0,13,0.16,1.05,0.0,0.0,0.0,10055680,0,7,4,1,0,sleeping,77782,106790,4096,1309339648,1310145987,1309283844
2025-05-20 03:34:41,19163,2195062784,31547392,0.0,0.094532563964437,0,13,0.16,1.05,0.0,0.0,0.0,10055680,0,7,4,1,0,sleeping,77782,106790,4096,1309339648,1310145987,1309283844
2025-05-20 03:34:42,19163,2195062784,31547392,0.0,0.094532563964437,0,13,0.16,1.05,0.0,0.0,0.0,10055680,0,7,4,1,0,sleeping,77782,106790,4096,1309339648,1310145987,1309283844
2025-05-20 03:34:43,19163,2195062784,31547392,0.0,0.094532563964437,0,13,0.16,1.05,0.0,0.0,0.0,10055680,0,7,4,1,0,sleeping,77782,106790,4096,1309339648,1310145987,1309283844
2025-05-20 03:34:44,19163,2195062784,31547392,0.0,0.094532563964437,0,13,0.16,1.05,0.0,0.0,0.0,10055680,0,7,4,1,0,sleeping,77782,106790,4096,1309339648,1310145987,1309283844
2025-05-20 03:34:45,19163,2195062784,31547392,0.0,0.094532563964437,0,13,0.16,1.05,0.0,0.0,0.0,10055680,0,7,4,1,0,sleeping,77782,106790,4096,1309339648,1310145987,1309283844
2025-05-20 03:34:46,19163,2195062784,31547392,0.0,0.094532563964437,0,13,0.16,1.05,0.0,0.0,0.0,10055680,0,7,4,1,0,sleeping,77782,106790,4096,1309339648,1310145987,1309283844
2025-05-20 03:34:47,19163,2195062784,31547392,0.0,0.094532563964437,0,13,0.16,1.05,0.0,0.0,0.0,10055680,0,7,4,1,0,sleeping,77782,106790,4096,1309339648,1310145987,1309283844
2025-05-20 03:34:48,19163,2195062784,31547392,0.0,0.094532563964437,0,13,0.16,1.05,0.0,0.0,0.0,10055680,0,7,4,1,0,sleeping,77782,106790,4096,1309339648,1310145987,1309283844
2025-05-20 03:34:49,19163,2195062784,31547392,0.0,0.094532563964437,0,13,0.16,1.05,0.0,0.0,0.0,10055680,0,7,4,1,0,sleeping,77788,106793,4096,1309339648,1310146924,1309284757
2025-05-20 03:34:51,19163,2195062784,31547392,0.0,0.094532563964437,0,13,0.16,1.05,0.0,0.0,0.0,10055680,0,7,4,1,0,sleeping,77788,106793,4096,1309339648,1310146924,1309284757
2025-05-20 03:34:52,19163,2195062784,31547392,0.0,0.094532563964437,0,13,0.16,1.05,0.0,0.0,0.0,10055680,0,7,4,1,0,sleeping,77788,106793,4096,1309339648,1310146924,1309284757
2025-05-20 03:34:53,19163,2195062784,31547392,0.0,0.094532563964437,0,13,0.16,1.05,0.0,0.0,0.0,10055680,0,7,4,1,0,sleeping,77788,106793,4096,1309339648,1310146924,1309284757
2025-05-20 03:34:54,19163,2195062784,31547392,0.0,0.094532563964437,0,13,0.16,1.05,0.0,0.0,0.0,10055680,0,7,4,1,0,sleeping,77788,106793,4096,1309339648,1310146924,1309284757
2025-05-20 03:34:56,19163,2195062784,31547392,0.0,0.094532563964437,0,13,0.16,1.05,0.0,0.0,0.0,10055680,0,7,4,1,0,sleeping,77788,106793,4096,1309339648,1310146924,1309284757
2025-05-20 03:34:58,19163,2195062784,31547392,0.0,0.094532563964437,0,13,0.16,1.05,0.0,0.0,0.0,10055680,0,7,4,1,0,sleeping,77788,106793,4096,1309339648,1310146924,1309284757
2025-05-20 03:34:59,19163,2195062784,31547392,4.5,0.094532563964437,0,13,0.17,1.09,0.0,0.0,0.0,10055680,0,6,4,1,0,sleeping,81519,111751,4096,1368854528,1369697569,1368795738
2025-05-20 03:35:00,19163,2195062784,31547392,0.0,0.094532563964437,0,13,0.17,1.09,0.0,0.0,0.0,10055680,0,6,4,1,0,sleeping,81519,111751,4096,1368854528,1369697569,1368795738
2025-05-20 03:35:01,19163,2195062784,31547392,0.0,0.094532563964437,0,13,0.17,1.09,0.0,0.0,0.0,10055680,0,6,4,1,0,sleeping,81519,111751,4096,1368854528,1369697569,1368795738
2025-05-20 03:35:02,19163,2195062784,31547392,0.0,0.094532563964437,0,13,0.17,1.09,0.0,0.0,0.0,10055680,0,6,4,1,0,sleeping,81519,111751,4096,1368854528,1369697569,1368795738
2025-05-20 03:35:03,19163,2195062784,31547392,0.0,0.094532563964437,0,13,0.17,1.09,0.0,0.0,0.0,10055680,0,6,4,1,0,sleeping,81519,111751,4096,1368854528,1369697569,1368795738
2025-05-20 03:35:04,19163,2195062784,31547392,0.0,0.094532563964437,0,13,0.17,1.09,0.0,0.0,0.0,10055680,0,6,4,1,0,sleeping,81519,111751,4096,1368854528,1369697569,1368795738
2025-05-20 03:35:05,19163,2195062784,31547392,0.0,0.094532563964437,0,13,0.17,1.09,0.0,0.0,0.0,10055680,0,6,4,1,0,sleeping,81519,111751,4096,1368854528,1369697569,1368795738
2025-05-20 03:35:06,19163,2195062784,31547392,0.0,0.094532563964437,0,13,0.17,1.09,0.0,0.0,0.0,10055680,0,6,4,1,0,sleeping,81519,111751,4096,1368854528,1369697569,1368795738
2025-05-20 03:35:08,19163,2195062784,31547392,0.0,0.094532563964437,0,13,0.17,1.09,0.0,0.0,0.0,10055680,0,6,4,1,0,sleeping,81519,111751,4096,1368854528,1369697569,1368795738
2025-05-20 03:35:09,19163,2195062784,31547392,0.0,0.094532563964437,0,13,0.17,1.09,0.0,0.0,0.0,10055680,0,6,4,1,0,sleeping,81519,111751,4096,1368854528,1369697569,1368795738
2025-05-20 03:35:10,19163,2195062784,31547392,0.0,0.094532563964437,0,13,0.17,1.09,0.0,0.0,0.0,10055680,0,6,4,1,0,sleeping,81519,111751,4096,1368854528,1369697569,1368795738
2025-05-20 03:35:11,19163,2195062784,31547392,0.0,0.094532563964437,0,13,0.17,1.09,0.0,0.0,0.0,10055680,0,6,4,1,0,sleeping,81519,111751,4096,1368854528,1369697569,1368795738
2025-05-20 03:35:12,19163,2195062784,31547392,0.0,0.094532563964437,0,13,0.17,1.09,0.0,0.0,0.0,10055680,0,6,4,1,0,sleeping,81519,111751,4096,1368854528,1369697569,1368795738
2025-05-20 03:35:13,19163,2195062784,31547392,0.0,0.094532563964437,0,13,0.17,1.09,0.0,0.0,0.0,10055680,0,6,4,1,0,sleeping,81519,111751,4096,1368854528,1369697569,1368795738
2025-05-20 03:35:14,19163,2195062784,31547392,0.0,0.094532563964437,0,13,0.17,1.09,0.0,0.0,0.0,10055680,0,6,4,1,0,sleeping,81519,111751,4096,1368854528,1369697569,1368795738
2025-05-20 03:35:15,19163,2195062784,31547392,0.0,0.094532563964437,0,13,0.17,1.09,0.0,0.0,0.0,10055680,0,6,4,1,0,sleeping,81519,111751,4096,1368854528,1369697569,1368795738
2025-05-20 03:35:16,19163,2195062784,31547392,0.0,0.094532563964437,0,13,0.17,1.09,0.0,0.0,0.0,10055680,0,6,4,1,0,sleeping,81519,111751,4096,1368854528,1369697569,1368795738
2025-05-20 03:35:17,19163,2195062784,31547392,0.0,0.094532563964437,0,13,0.17,1.09,0.0,0.0,0.0,10055680,0,6,4,1,0,sleeping,81519,111751,4096,1368854528,1369697569,1368795738
2025-05-20 03:35:18,19163,2195062784,31547392,0.0,0.094532563964437,0,13,0.17,1.09,0.0,0.0,0.0,10055680,0,6,4,1,0,sleeping,81523,111753,4096,1368854528,1369698497,1368796650
2025-05-20 03:35:20,19163,2195062784,31547392,0.0,0.094532563964437,0,13,0.17,1.09,0.0,0.0,0.0,10055680,0,6,4,1,0,sleeping,81523,111753,4096,1368854528,1369698497,1368796650
2025-05-20 03:35:21,19163,2195062784,31547392,0.0,0.094532563964437,0,13,0.17,1.09,0.0,0.0,0.0,10055680,0,6,4,1,0,sleeping,81523,111753,4096,1368854528,1369698497,1368796650
2025-05-20 03:35:22,19163,2195062784,31547392,5.5,0.094532563964437,0,13,0.18,1.14,0.0,0.0,0.0,10055680,0,6,4,1,0,sleeping,85026,116614,4096,1428373504,1429256558,1428315823
2025-05-20 03:35:23,19163,2195062784,31547392,0.0,0.094532563964437,0,13,0.18,1.14,0.0,0.0,0.0,10055680,0,6,4,1,0,sleeping,85026,116614,4096,1428373504,1429256558,1428315823
2025-05-20 03:35:24,19163,2195062784,31547392,0.0,0.094532563964437,0,13,0.18,1.14,0.0,0.0,0.0,10055680,0,6,4,1,0,sleeping,85026,116614,4096,1428373504,1429256558,1428315823
2025-05-20 03:35:25,19163,2195062784,31547392,0.0,0.094532563964437,0,13,0.18,1.14,0.0,0.0,0.0,10055680,0,6,4,1,0,sleeping,85026,116614,4096,1428373504,1429256558,1428315823
2025-05-20 03:35:26,19163,2195062784,31547392,0.0,0.094532563964437,0,13,0.18,1.14,0.0,0.0,0.0,10055680,0,6,4,1,0,sleeping,85026,116614,4096,1428373504,1429256558,1428315823
2025-05-20 03:35:27,19163,2195062784,31547392,0.0,0.094532563964437,0,13,0.18,1.14,0.0,0.0,0.0,10055680,0,6,4,1,0,sleeping,85026,116614,4096,1428373504,1429256558,1428315823
2025-05-20 03:35:29,19163,2195062784,31547392,0.0,0.094532563964437,0,13,0.18,1.14,0.0,0.0,0.0,10055680,0,6,4,1,0,sleeping,85026,116614,4096,1428373504,1429256558,1428315823
2025-05-20 03:35:30,19163,2195062784,31547392,0.0,0.094532563964437,0,13,0.18,1.14,0.0,0.0,0.0,10055680,0,6,4,1,0,sleeping,85026,116614,4096,1428373504,1429256558,1428315823
2025-05-20 03:35:32,19163,2195062784,31547392,0.0,0.094532563964437,0,13,0.18,1.14,0.0,0.0,0.0,10055680,0,6,4,1,0,sleeping,85026,116614,4096,1428373504,1429256558,1428315823
2025-05-20 03:35:33,19163,2195062784,31547392,0.0,0.094532563964437,0,13,0.18,1.14,0.0,0.0,0.0,10055680,0,6,4,1,0,sleeping,85026,116614,4096,1428373504,1429256558,1428315823
2025-05-20 03:35:34,19163,2195062784,31547392,0.0,0.094532563964437,0,13,0.18,1.14,0.0,0.0,0.0,10055680,0,6,4,1,0,sleeping,85026,116614,4096,1428373504,1429256558,1428315823
2025-05-20 03:35:35,19163,2195062784,31547392,0.0,0.094532563964437,0,13,0.18,1.14,0.0,0.0,0.0,10055680,0,6,4,1,0,sleeping,85026,116614,4096,1428373504,1429256558,1428315823
2025-05-20 03:35:37,19163,2195062784,31547392,0.0,0.094532563964437,0,13,0.18,1.14,0.0,0.0,0.0,10055680,0,6,4,1,0,sleeping,85026,116614,4096,1428373504,1429256558,1428315823
2025-05-20 03:35:38,19163,2195062784,31547392,0.0,0.094532563964437,0,13,0.18,1.14,0.0,0.0,0.0,10055680,0,6,4,1,0,sleeping,85026,116614,4096,1428373504,1429256558,1428315823
2025-05-20 03:35:39,19163,2195062784,31547392,0.0,0.094532563964437,0,13,0.18,1.14,0.0,0.0,0.0,10055680,0,6,4,1,0,sleeping,85026,116614,4096,1428373504,1429256558,1428315823
2025-05-20 03:35:40,19163,2195062784,31547392,0.0,0.094532563964437,0,13,0.18,1.14,0.0,0.0,0.0,10055680,0,6,4,1,0,sleeping,85026,116614,4096,1428373504,1429256558,1428315823
2025-05-20 03:35:41,19163,2195062784,31547392,0.0,0.094532563964437,0,13,0.18,1.14,0.0,0.0,0.0,10055680,0,6,4,1,0,sleeping,85026,116614,4096,1428373504,1429256558,1428315823
2025-05-20 03:35:42,19163,2195062784,31547392,0.0,0.094532563964437,0,13,0.18,1.14,0.0,0.0,0.0,10055680,0,6,4,1,0,sleeping,85026,116614,4096,1428373504,1429256558,1428315823
2025-05-20 03:35:43,19163,2195062784,31547392,0.0,0.094532563964437,0,13,0.18,1.14,0.0,0.0,0.0,10055680,0,6,4,1,0,sleeping,85026,116614,4096,1428373504,1429256558,1428315823
2025-05-20 03:35:44,19163,2195062784,31547392,0.0,0.094532563964437,0,13,0.18,1.14,0.0,0.0,0.0,10055680,0,6,4,1,0,sleeping,85026,116614,4096,1428373504,1429256558,1428315823
2025-05-20 03:35:45,19163,2195062784,31547392,0.0,0.094532563964437,0,13,0.18,1.14,0.0,0.0,0.0,10055680,0,6,4,1,0,sleeping,85026,116614,4096,1428373504,1429256558,1428315823
2025-05-20 03:35:46,19163,2195062784,31547392,0.0,0.094532563964437,0,13,0.18,1.14,0.0,0.0,0.0,10055680,0,7,4,1,0,sleeping,85030,116616,4096,1428381696,1429257488,1428316737
2025-05-20 03:35:47,19163,2195062784,31547392,0.0,0.094532563964437,0,13,0.18,1.14,0.0,0.0,0.0,10055680,0,7,4,1,0,sleeping,85030,116616,4096,1428381696,1429257488,1428316737
2025-05-20 03:35:49,19163,2195062784,31547392,0.0,0.094532563964437,0,13,0.18,1.14,0.0,0.0,0.0,10055680,0,7,4,1,0,sleeping,85030,116616,4096,1428381696,1429257488,1428316737
2025-05-20 03:35:50,19163,2195062784,31547392,4.6,0.094532563964437,0,13,0.18,1.19,0.0,0.0,0.0,10055680,0,8,4,1,0,sleeping,88390,121340,4096,1487851520,1488765301,1487786758
2025-05-20 03:35:51,19163,2195062784,31547392,0.0,0.094532563964437,0,13,0.18,1.19,0.0,0.0,0.0,10055680,0,8,4,1,0,sleeping,88390,121340,4096,1487851520,1488765301,1487786758
2025-05-20 03:35:52,19163,2195062784,31547392,0.0,0.094532563964437,0,13,0.18,1.19,0.0,0.0,0.0,10055680,0,8,4,1,0,sleeping,88390,121340,4096,1487851520,1488765301,1487786758
2025-05-20 03:35:53,19163,2195062784,31547392,0.0,0.094532563964437,0,13,0.18,1.19,0.0,0.0,0.0,10055680,0,8,4,1,0,sleeping,88390,121340,4096,1487851520,1488765301,1487786758
2025-05-20 03:35:54,19163,2195062784,31547392,0.0,0.094532563964437,0,13,0.18,1.19,0.0,0.0,0.0,10055680,0,8,4,1,0,sleeping,88390,121340,4096,1487851520,1488765301,1487786758
2025-05-20 03:35:55,19163,2195062784,31547392,0.0,0.094532563964437,0,13,0.18,1.19,0.0,0.0,0.0,10055680,0,8,4,1,0,sleeping,88390,121340,4096,1487851520,1488765301,1487786758
2025-05-20 03:35:56,19163,2195062784,31547392,0.0,0.094532563964437,0,13,0.18,1.19,0.0,0.0,0.0,10055680,0,8,4,1,0,sleeping,88390,121340,4096,1487851520,1488765301,1487786758
2025-05-20 03:35:57,19163,2195062784,31547392,0.0,0.094532563964437,0,13,0.18,1.19,0.0,0.0,0.0,10055680,0,8,4,1,0,sleeping,88390,121340,4096,1487851520,1488765301,1487786758
2025-05-20 03:35:58,19163,2195062784,31547392,0.0,0.094532563964437,0,13,0.18,1.19,0.0,0.0,0.0,10055680,0,8,4,1,0,sleeping,88390,121340,4096,1487851520,1488765301,1487786758
2025-05-20 03:35:59,19163,2195062784,31547392,0.0,0.094532563964437,0,13,0.18,1.19,0.0,0.0,0.0,10055680,0,8,4,1,0,sleeping,88390,121340,4096,1487851520,1488765301,1487786758
2025-05-20 03:36:01,19163,2195062784,31547392,0.0,0.094532563964437,0,13,0.18,1.19,0.0,0.0,0.0,10055680,0,8,4,1,0,sleeping,88390,121340,4096,1487851520,1488765301,1487786758
2025-05-20 03:36:02,19163,2195062784,31547392,0.0,0.094532563964437,0,13,0.18,1.19,0.0,0.0,0.0,10055680,0,8,4,1,0,sleeping,88390,121340,4096,1487851520,1488765301,1487786758
2025-05-20 03:36:03,19163,2195062784,31547392,0.0,0.094532563964437,0,13,0.18,1.19,0.0,0.0,0.0,10055680,0,8,4,1,0,sleeping,88390,121340,4096,1487851520,1488765301,1487786758
2025-05-20 03:36:04,19163,2195062784,31547392,0.0,0.094532563964437,0,13,0.18,1.19,0.0,0.0,0.0,10055680,0,8,4,1,0,sleeping,88390,121340,4096,1487851520,1488765301,1487786758
2025-05-20 03:36:06,19163,2195062784,31547392,0.0,0.094532563964437,0,13,0.18,1.19,0.0,0.0,0.0,10055680,0,8,4,1,0,sleeping,88390,121340,4096,1487851520,1488765301,1487786758
2025-05-20 03:36:07,19163,2195062784,31547392,0.0,0.094532563964437,0,13,0.18,1.19,0.0,0.0,0.0,10055680,0,8,4,1,0,sleeping,88390,121340,4096,1487851520,1488765301,1487786758
2025-05-20 03:36:08,19163,2195062784,31547392,0.0,0.094532563964437,0,13,0.18,1.19,0.0,0.0,0.0,10055680,0,8,4,1,0,sleeping,88390,121340,4096,1487851520,1488765301,1487786758
2025-05-20 03:36:09,19163,2195062784,31547392,0.0,0.094532563964437,0,13,0.18,1.19,0.0,0.0,0.0,10055680,0,8,4,1,0,sleeping,88390,121340,4096,1487851520,1488765301,1487786758
2025-05-20 03:36:10,19163,2195062784,31547392,0.0,0.094532563964437,0,13,0.18,1.19,0.0,0.0,0.0,10055680,0,8,4,1,0,sleeping,88390,121340,4096,1487851520,1488765301,1487786758
2025-05-20 03:36:11,19163,2195062784,31547392,0.0,0.094532563964437,0,13,0.18,1.19,0.0,0.0,0.0,10055680,0,8,4,1,0,sleeping,88390,121340,4096,1487851520,1488765301,1487786758
2025-05-20 03:36:12,19163,2195062784,31547392,0.0,0.094532563964437,0,13,0.18,1.19,0.0,0.0,0.0,10055680,0,7,4,1,0,sleeping,88396,121343,4096,1487855616,1488765936,1487787369
2025-05-20 03:36:14,19163,2195062784,31547392,0.0,0.094532563964437,0,13,0.18,1.19,0.0,0.0,0.0,10055680,0,7,4,1,0,sleeping,88396,121343,4096,1487855616,1488765936,1487787369
2025-05-20 03:36:15,19163,2195062784,31547392,0.0,0.094532563964437,0,13,0.18,1.19,0.0,0.0,0.0,10055680,0,7,4,1,0,sleeping,88396,121343,4096,1487855616,1488765936,1487787369
2025-05-20 03:36:16,19163,2195062784,31547392,6.2,0.094532563964437,0,13,0.19,1.25,0.0,0.0,0.0,10055680,0,7,4,1,0,sleeping,92043,126076,4096,1547386880,1548335209,1547318778
2025-05-20 03:36:17,19163,2195062784,31547392,0.0,0.094532563964437,0,13,0.19,1.25,0.0,0.0,0.0,10055680,0,7,4,1,0,sleeping,92045,126077,4096,1547386880,1548335269,1547318830
2025-05-20 03:36:18,19163,2195062784,31547392,0.0,0.094532563964437,0,13,0.19,1.25,0.0,0.0,0.0,10055680,0,7,4,1,0,sleeping,92045,126077,4096,1547386880,1548335269,1547318830
2025-05-20 03:36:19,19163,2195062784,31547392,0.0,0.094532563964437,0,13,0.19,1.25,0.0,0.0,0.0,10055680,0,7,4,1,0,sleeping,92045,126077,4096,1547386880,1548335269,1547318830
2025-05-20 03:36:20,19163,2195062784,31547392,0.0,0.094532563964437,0,13,0.19,1.25,0.0,0.0,0.0,10055680,0,7,4,1,0,sleeping,92045,126077,4096,1547386880,1548335269,1547318830
2025-05-20 03:36:21,19163,2195062784,31547392,0.0,0.094532563964437,0,13,0.19,1.25,0.0,0.0,0.0,10055680,0,7,4,1,0,sleeping,92045,126077,4096,1547386880,1548335269,1547318830
2025-05-20 03:36:22,19163,2195062784,31547392,0.0,0.094532563964437,0,13,0.19,1.25,0.0,0.0,0.0,10055680,0,7,4,1,0,sleeping,92045,126077,4096,1547386880,1548335269,1547318830
2025-05-20 03:36:23,19163,2195062784,31547392,0.0,0.094532563964437,0,13,0.19,1.25,0.0,0.0,0.0,10055680,0,7,4,1,0,sleeping,92045,126077,4096,1547386880,1548335269,1547318830
2025-05-20 03:36:24,19163,2195062784,31547392,0.0,0.094532563964437,0,13,0.19,1.25,0.0,0.0,0.0,10055680,0,7,4,1,0,sleeping,92045,126077,4096,1547386880,1548335269,1547318830
2025-05-20 03:36:26,19163,2195062784,31547392,0.0,0.094532563964437,0,13,0.19,1.25,0.0,0.0,0.0,10055680,0,7,4,1,0,sleeping,92045,126077,4096,1547386880,1548335269,1547318830
2025-05-20 03:36:27,19163,2195062784,31547392,0.0,0.094532563964437,0,13,0.19,1.25,0.0,0.0,0.0,10055680,0,7,4,1,0,sleeping,92045,126077,4096,1547386880,1548335269,1547318830
2025-05-20 03:36:28,19163,2195062784,31547392,0.0,0.094532563964437,0,13,0.19,1.25,0.0,0.0,0.0,10055680,0,7,4,1,0,sleeping,92045,126077,4096,1547386880,1548335269,1547318830
2025-05-20 03:36:29,19163,2195062784,31547392,0.0,0.094532563964437,0,13,0.19,1.25,0.0,0.0,0.0,10055680,0,7,4,1,0,sleeping,92045,126077,4096,1547386880,1548335269,1547318830
2025-05-20 03:36:30,19163,2195062784,31547392,0.0,0.094532563964437,0,13,0.19,1.25,0.0,0.0,0.0,10055680,0,7,4,1,0,sleeping,92045,126077,4096,1547386880,1548335269,1547318830
2025-05-20 03:36:32,19163,2195062784,31547392,0.0,0.094532563964437,0,13,0.19,1.25,0.0,0.0,0.0,10055680,0,7,4,1,0,sleeping,92045,126077,4096,1547386880,1548335269,1547318830
2025-05-20 03:36:33,19163,2195062784,31547392,0.0,0.094532563964437,0,13,0.19,1.25,0.0,0.0,0.0,10055680,0,7,4,1,0,sleeping,92045,126077,4096,1547386880,1548335269,1547318830
2025-05-20 03:36:34,19163,2195062784,31547392,0.0,0.094532563964437,0,13,0.19,1.25,0.0,0.0,0.0,10055680,0,7,4,1,0,sleeping,92045,126077,4096,1547386880,1548335269,1547318830
2025-05-20 03:36:35,19163,2195062784,31547392,0.0,0.094532563964437,0,13,0.19,1.25,0.0,0.0,0.0,10055680,0,7,4,1,0,sleeping,92045,126077,4096,1547386880,1548335269,1547318830
2025-05-20 03:36:36,19163,2195062784,31547392,0.0,0.094532563964437,0,13,0.19,1.25,0.0,0.0,0.0,10055680,0,7,4,1,0,sleeping,92045,126077,4096,1547386880,1548335269,1547318830
2025-05-20 03:36:38,19163,2195062784,31547392,0.0,0.094532563964437,0,13,0.19,1.25,0.0,0.0,0.0,10055680,0,7,4,1,0,sleeping,92045,126077,4096,1547386880,1548335269,1547318830
2025-05-20 03:36:39,19163,2195062784,31547392,0.0,0.094532563964437,0,13,0.19,1.25,0.0,0.0,0.0,10055680,0,7,4,1,0,sleeping,92045,126077,4096,1547386880,1548335269,1547318830
2025-05-20 03:36:40,19163,2195062784,31547392,0.0,0.094532563964437,0,13,0.19,1.25,0.0,0.0,0.0,10055680,0,7,4,1,0,sleeping,92049,126079,4096,1547386880,1548336199,1547319744
2025-05-20 03:36:41,19163,2195062784,31547392,0.0,0.094532563964437,0,13,0.19,1.25,0.0,0.0,0.0,10055680,0,7,4,1,0,sleeping,92049,126079,4096,1547386880,1548336199,1547319744
2025-05-20 03:36:42,19163,2195062784,31547392,0.0,0.094532563964437,0,13,0.19,1.25,0.0,0.0,0.0,10055680,0,7,4,1,0,sleeping,92049,126079,4096,1547386880,1548336199,1547319744
2025-05-20 03:36:43,19163,2195062784,31547392,4.5,0.094532563964437,0,13,0.19,1.3,0.0,0.0,0.0,10055680,0,7,4,1,0,sleeping,96027,131580,4096,1606914048,1607907572,1606847109
2025-05-20 03:36:44,19163,2195062784,31547392,0.0,0.094532563964437,0,13,0.19,1.3,0.0,0.0,0.0,10055680,0,7,4,1,0,sleeping,96027,131580,4096,1606914048,1607907572,1606847109
2025-05-20 03:36:45,19163,2195062784,31547392,0.0,0.094532563964437,0,13,0.19,1.3,0.0,0.0,0.0,10055680,0,7,4,1,0,sleeping,96027,131580,4096,1606914048,1607907572,1606847109
2025-05-20 03:36:46,19163,2195062784,31547392,0.0,0.094532563964437,0,13,0.19,1.3,0.0,0.0,0.0,10055680,0,7,4,1,0,sleeping,96027,131580,4096,1606914048,1607907572,1606847109
2025-05-20 03:36:47,19163,2195062784,31547392,0.0,0.094532563964437,0,13,0.19,1.3,0.0,0.0,0.0,10055680,0,7,4,1,0,sleeping,96027,131580,4096,1606914048,1607907572,1606847109
2025-05-20 03:36:48,19163,2195062784,31547392,0.0,0.094532563964437,0,13,0.19,1.3,0.0,0.0,0.0,10055680,0,7,4,1,0,sleeping,96027,131580,4096,1606914048,1607907572,1606847109
2025-05-20 03:36:50,19163,2195062784,31547392,0.0,0.094532563964437,0,13,0.19,1.3,0.0,0.0,0.0,10055680,0,7,4,1,0,sleeping,96027,131580,4096,1606914048,1607907572,1606847109
2025-05-20 03:36:51,19163,2195062784,31547392,0.0,0.094532563964437,0,13,0.19,1.3,0.0,0.0,0.0,10055680,0,7,4,1,0,sleeping,96027,131580,4096,1606914048,1607907572,1606847109
2025-05-20 03:36:52,19163,2195062784,31547392,0.0,0.094532563964437,0,13,0.19,1.3,0.0,0.0,0.0,10055680,0,7,4,1,0,sleeping,96027,131580,4096,1606914048,1607907572,1606847109
2025-05-20 03:36:53,19163,2195062784,31547392,0.0,0.094532563964437,0,13,0.19,1.3,0.0,0.0,0.0,10055680,0,7,4,1,0,sleeping,96027,131580,4096,1606914048,1607907572,1606847109
2025-05-20 03:36:54,19163,2195062784,31547392,0.0,0.094532563964437,0,13,0.19,1.3,0.0,0.0,0.0,10055680,0,7,4,1,0,sleeping,96027,131580,4096,1606914048,1607907572,1606847109
2025-05-20 03:36:55,19163,2195062784,31547392,0.0,0.094532563964437,0,13,0.19,1.3,0.0,0.0,0.0,10055680,0,7,4,1,0,sleeping,96027,131580,4096,1606914048,1607907572,1606847109
2025-05-20 03:36:56,19163,2195062784,31547392,0.0,0.094532563964437,0,13,0.19,1.3,0.0,0.0,0.0,10055680,0,7,4,1,0,sleeping,96027,131580,4096,1606914048,1607907572,1606847109
2025-05-20 03:36:57,19163,2195062784,31547392,0.0,0.094532563964437,0,13,0.19,1.3,0.0,0.0,0.0,10055680,0,7,4,1,0,sleeping,96027,131580,4096,1606914048,1607907572,1606847109
2025-05-20 03:36:58,19163,2195062784,31547392,0.0,0.094532563964437,0,13,0.19,1.3,0.0,0.0,0.0,10055680,0,7,4,1,0,sleeping,96027,131580,4096,1606914048,1607907572,1606847109
2025-05-20 03:36:59,19163,2195062784,31547392,0.0,0.094532563964437,0,13,0.19,1.3,0.0,0.0,0.0,10055680,0,7,4,1,0,sleeping,96027,131580,4096,1606914048,1607907572,1606847109
2025-05-20 03:37:01,19163,2195062784,31547392,0.0,0.094532563964437,0,13,0.19,1.3,0.0,0.0,0.0,10055680,0,7,4,1,0,sleeping,96027,131580,4096,1606914048,1607907572,1606847109
2025-05-20 03:37:03,19163,2195062784,31547392,0.0,0.094532563964437,0,13,0.19,1.3,0.0,0.0,0.0,10055680,0,7,4,1,0,sleeping,96027,131580,4096,1606914048,1607907572,1606847109
2025-05-20 03:37:04,19163,2195062784,31547392,0.0,0.094532563964437,0,13,0.19,1.3,0.0,0.0,0.0,10055680,0,7,4,1,0,sleeping,96027,131580,4096,1606914048,1607907572,1606847109
2025-05-20 03:37:05,19163,2195062784,31547392,0.0,0.094532563964437,0,13,0.19,1.3,0.0,0.0,0.0,10055680,0,7,4,1,0,sleeping,96027,131580,4096,1606914048,1607907572,1606847109
2025-05-20 03:37:06,19163,2195062784,31547392,0.0,0.094532563964437,0,13,0.19,1.3,0.0,0.0,0.0,10055680,0,7,4,1,0,sleeping,96031,131583,4096,1606918144,1607908207,1606847720
2025-05-20 03:37:07,19163,2195062784,31547392,0.0,0.094532563964437,0,13,0.19,1.3,0.0,0.0,0.0,10055680,0,7,4,1,0,sleeping,96031,131583,4096,1606918144,1607908207,1606847720
2025-05-20 03:37:08,19163,2195062784,31547392,0.0,0.094532563964437,0,13,0.19,1.3,0.0,0.0,0.0,10055680,0,7,4,1,0,sleeping,96031,131583,4096,1606918144,1607908207,1606847720
2025-05-20 03:37:10,19163,2195062784,31547392,5.4,0.094532563964437,0,13,0.2,1.35,0.0,0.0,0.0,10055680,0,7,4,1,0,sleeping,100265,137009,4096,1666428928,1667462544,1666358649
2025-05-20 03:37:11,19163,2195062784,31547392,0.0,0.094532563964437,0,13,0.2,1.35,0.0,0.0,0.0,10055680,0,7,4,1,0,sleeping,100267,137010,4096,1666428928,1667462604,1666358701
2025-05-20 03:37:12,19163,2195062784,31547392,0.0,0.094532563964437,0,13,0.2,1.35,0.0,0.0,0.0,10055680,0,7,4,1,0,sleeping,100267,137010,4096,1666428928,1667462604,1666358701
2025-05-20 03:37:13,19163,2195062784,31547392,0.0,0.094532563964437,0,13,0.2,1.35,0.0,0.0,0.0,10055680,0,7,4,1,0,sleeping,100267,137010,4096,1666428928,1667462604,1666358701
2025-05-20 03:37:14,19163,2195062784,31547392,0.0,0.094532563964437,0,13,0.2,1.35,0.0,0.0,0.0,10055680,0,7,4,1,0,sleeping,100267,137010,4096,1666428928,1667462604,1666358701
2025-05-20 03:37:15,19163,2195062784,31547392,0.0,0.094532563964437,0,13,0.2,1.35,0.0,0.0,0.0,10055680,0,7,4,1,0,sleeping,100267,137010,4096,1666428928,1667462604,1666358701
2025-05-20 03:37:16,19163,2195062784,31547392,0.0,0.094532563964437,0,13,0.2,1.35,0.0,0.0,0.0,10055680,0,7,4,1,0,sleeping,100267,137010,4096,1666428928,1667462604,1666358701
2025-05-20 03:37:17,19163,2195062784,31547392,0.0,0.094532563964437,0,13,0.2,1.35,0.0,0.0,0.0,10055680,0,7,4,1,0,sleeping,100267,137010,4096,1666428928,1667462604,1666358701
2025-05-20 03:37:18,19163,2195062784,31547392,0.0,0.094532563964437,0,13,0.2,1.35,0.0,0.0,0.0,10055680,0,7,4,1,0,sleeping,100267,137010,4096,1666428928,1667462604,1666358701
2025-05-20 03:37:19,19163,2195062784,31547392,0.0,0.094532563964437,0,13,0.2,1.35,0.0,0.0,0.0,10055680,0,7,4,1,0,sleeping,100267,137010,4096,1666428928,1667462604,1666358701
2025-05-20 03:37:20,19163,2195062784,31547392,0.0,0.094532563964437,0,13,0.2,1.35,0.0,0.0,0.0,10055680,0,7,4,1,0,sleeping,100267,137010,4096,1666428928,1667462604,1666358701
2025-05-20 03:37:22,19163,2195062784,31547392,0.0,0.094532563964437,0,13,0.2,1.35,0.0,0.0,0.0,10055680,0,7,4,1,0,sleeping,100267,137010,4096,1666428928,1667462604,1666358701
2025-05-20 03:37:23,19163,2195062784,31547392,0.0,0.094532563964437,0,13,0.2,1.35,0.0,0.0,0.0,10055680,0,7,4,1,0,sleeping,100267,137010,4096,1666428928,1667462604,1666358701
2025-05-20 03:37:24,19163,2195062784,31547392,0.0,0.094532563964437,0,13,0.2,1.35,0.0,0.0,0.0,10055680,0,7,4,1,0,sleeping,100267,137010,4096,1666428928,1667462604,1666358701
2025-05-20 03:37:25,19163,2195062784,31547392,0.0,0.094532563964437,0,13,0.2,1.35,0.0,0.0,0.0,10055680,0,7,4,1,0,sleeping,100267,137010,4096,1666428928,1667462604,1666358701
2025-05-20 03:37:26,19163,2195062784,31547392,0.0,0.094532563964437,0,13,0.2,1.35,0.0,0.0,0.0,10055680,0,7,4,1,0,sleeping,100267,137010,4096,1666428928,1667462604,1666358701
2025-05-20 03:37:27,19163,2195062784,31547392,0.0,0.094532563964437,0,13,0.2,1.35,0.0,0.0,0.0,10055680,0,7,4,1,0,sleeping,100267,137010,4096,1666428928,1667462604,1666358701
2025-05-20 03:37:29,19163,2195062784,31547392,0.0,0.094532563964437,0,13,0.2,1.35,0.0,0.0,0.0,10055680,0,7,4,1,0,sleeping,100267,137010,4096,1666428928,1667462604,1666358701
2025-05-20 03:37:30,19163,2195062784,31547392,0.0,0.094532563964437,0,13,0.2,1.35,0.0,0.0,0.0,10055680,0,7,4,1,0,sleeping,100267,137010,4096,1666428928,1667462604,1666358701
2025-05-20 03:37:31,19163,2195062784,31547392,0.0,0.094532563964437,0,13,0.2,1.35,0.0,0.0,0.0,10055680,0,7,4,1,0,sleeping,100267,137010,4096,1666428928,1667462604,1666358701
2025-05-20 03:37:33,19163,2195062784,31547392,0.0,0.094532563964437,0,13,0.2,1.35,0.0,0.0,0.0,10055680,0,7,4,1,0,sleeping,100267,137010,4096,1666428928,1667462604,1666358701
2025-05-20 03:37:34,19163,2195062784,31547392,0.0,0.094532563964437,0,13,0.2,1.35,0.0,0.0,0.0,10055680,0,8,4,1,0,sleeping,100271,137012,4096,1666428928,1667463231,1666359312
2025-05-20 03:37:35,19163,2195062784,31547392,0.0,0.094532563964437,0,13,0.2,1.35,0.0,0.0,0.0,10055680,0,8,4,1,0,sleeping,100271,137012,4096,1666428928,1667463231,1666359312
2025-05-20 03:37:36,19163,2195062784,31547392,0.0,0.094532563964437,0,13,0.2,1.35,0.0,0.0,0.0,10055680,0,8,4,1,0,sleeping,100271,137012,4096,1666428928,1667463231,1666359312
2025-05-20 03:37:37,19163,2195062784,31547392,4.4,0.094532563964437,0,13,0.21,1.39,0.0,0.0,0.0,10055680,0,7,4,1,0,sleeping,103832,142647,4096,1725952000,1727031580,1725882581
2025-05-20 03:37:38,19163,2195062784,31547392,0.0,0.094532563964437,0,13,0.21,1.39,0.0,0.0,0.0,10055680,0,7,4,1,0,sleeping,103832,142647,4096,1725952000,1727031580,1725882581
2025-05-20 03:37:39,19163,2195062784,31547392,0.0,0.094532563964437,0,13,0.21,1.39,0.0,0.0,0.0,10055680,0,7,4,1,0,sleeping,103832,142647,4096,1725952000,1727031580,1725882581
2025-05-20 03:37:40,19163,2195062784,31547392,0.0,0.094532563964437,0,13,0.21,1.39,0.0,0.0,0.0,10055680,0,7,4,1,0,sleeping,103832,142647,4096,1725952000,1727031580,1725882581
2025-05-20 03:37:41,19163,2195062784,31547392,0.0,0.094532563964437,0,13,0.21,1.39,0.0,0.0,0.0,10055680,0,7,4,1,0,sleeping,103832,142647,4096,1725952000,1727031580,1725882581
2025-05-20 03:37:42,19163,2195062784,31547392,0.0,0.094532563964437,0,13,0.21,1.39,0.0,0.0,0.0,10055680,0,7,4,1,0,sleeping,103832,142647,4096,1725952000,1727031580,1725882581
2025-05-20 03:37:44,19163,2195062784,31547392,0.0,0.094532563964437,0,13,0.21,1.39,0.0,0.0,0.0,10055680,0,7,4,1,0,sleeping,103832,142647,4096,1725952000,1727031580,1725882581
2025-05-20 03:37:45,19163,2195062784,31547392,0.0,0.094532563964437,0,13,0.21,1.39,0.0,0.0,0.0,10055680,0,7,4,1,0,sleeping,103832,142647,4096,1725952000,1727031580,1725882581
2025-05-20 03:37:46,19163,2195062784,31547392,0.0,0.094532563964437,0,13,0.21,1.39,0.0,0.0,0.0,10055680,0,7,4,1,0,sleeping,103832,142647,4096,1725952000,1727031580,1725882581
2025-05-20 03:37:47,19163,2195062784,31547392,0.0,0.094532563964437,0,13,0.21,1.39,0.0,0.0,0.0,10055680,0,7,4,1,0,sleeping,103832,142647,4096,1725952000,1727031580,1725882581
2025-05-20 03:37:48,19163,2195062784,31547392,0.0,0.094532563964437,0,13,0.21,1.39,0.0,0.0,0.0,10055680,0,7,4,1,0,sleeping,103832,142647,4096,1725952000,1727031580,1725882581
2025-05-20 03:37:49,19163,2195062784,31547392,0.0,0.094532563964437,0,13,0.21,1.39,0.0,0.0,0.0,10055680,0,7,4,1,0,sleeping,103832,142647,4096,1725952000,1727031580,1725882581
2025-05-20 03:37:50,19163,2195062784,31547392,0.0,0.094532563964437,0,13,0.21,1.39,0.0,0.0,0.0,10055680,0,7,4,1,0,sleeping,103832,142647,4096,1725952000,1727031580,1725882581
2025-05-20 03:37:51,19163,2195062784,31547392,0.0,0.094532563964437,0,13,0.21,1.39,0.0,0.0,0.0,10055680,0,7,4,1,0,sleeping,103832,142647,4096,1725952000,1727031580,1725882581
2025-05-20 03:37:52,19163,2195062784,31547392,0.0,0.094532563964437,0,13,0.21,1.39,0.0,0.0,0.0,10055680,0,7,4,1,0,sleeping,103832,142647,4096,1725952000,1727031580,1725882581
2025-05-20 03:37:53,19163,2195062784,31547392,0.0,0.094532563964437,0,13,0.21,1.39,0.0,0.0,0.0,10055680,0,7,4,1,0,sleeping,103832,142647,4096,1725952000,1727031580,1725882581
2025-05-20 03:37:54,19163,2195062784,31547392,0.0,0.094532563964437,0,13,0.21,1.39,0.0,0.0,0.0,10055680,0,7,4,1,0,sleeping,103832,142647,4096,1725952000,1727031580,1725882581
2025-05-20 03:37:55,19163,2195062784,31547392,0.0,0.094532563964437,0,13,0.21,1.39,0.0,0.0,0.0,10055680,0,7,4,1,0,sleeping,103832,142647,4096,1725952000,1727031580,1725882581
2025-05-20 03:37:57,19163,2195062784,31547392,0.0,0.094532563964437,0,13,0.21,1.39,0.0,0.0,0.0,10055680,0,6,4,1,0,sleeping,103836,142650,4096,1725960192,1727032215,1725883192
2025-05-20 03:37:58,19163,2195062784,31547392,0.0,0.094532563964437,0,13,0.21,1.39,0.0,0.0,0.0,10055680,0,6,4,1,0,sleeping,103836,142650,4096,1725960192,1727032215,1725883192
2025-05-20 03:37:59,19163,2195062784,31547392,0.0,0.094532563964437,0,13,0.21,1.39,0.0,0.0,0.0,10055680,0,6,4,1,0,sleeping,103836,142650,4096,1725960192,1727032215,1725883192
2025-05-20 03:38:00,19163,2195062784,31547392,5.5,0.094532563964437,0,13,0.22,1.44,0.0,0.0,0.0,10055680,0,6,4,1,0,sleeping,107547,147880,4096,1785466880,1786580940,1785390077
2025-05-20 03:38:01,19163,2195062784,31547392,0.0,0.094532563964437,0,13,0.22,1.44,0.0,0.0,0.0,10055680,0,6,4,1,0,sleeping,107547,147880,4096,1785466880,1786580940,1785390077
2025-05-20 03:38:02,19163,2195062784,31547392,0.0,0.094532563964437,0,13,0.22,1.44,0.0,0.0,0.0,10055680,0,6,4,1,0,sleeping,107547,147880,4096,1785466880,1786580940,1785390077
2025-05-20 03:38:03,19163,2195062784,31547392,0.0,0.094532563964437,0,13,0.22,1.44,0.0,0.0,0.0,10055680,0,6,4,1,0,sleeping,107547,147880,4096,1785466880,1786580940,1785390077
2025-05-20 03:38:04,19163,2195062784,31547392,0.0,0.094532563964437,0,13,0.22,1.44,0.0,0.0,0.0,10055680,0,6,4,1,0,sleeping,107547,147880,4096,1785466880,1786580940,1785390077
2025-05-20 03:38:06,19163,2195062784,31547392,0.0,0.094532563964437,0,13,0.22,1.44,0.0,0.0,0.0,10055680,0,6,4,1,0,sleeping,107547,147880,4096,1785466880,1786580940,1785390077
2025-05-20 03:38:07,19163,2195062784,31547392,0.0,0.094532563964437,0,13,0.22,1.44,0.0,0.0,0.0,10055680,0,6,4,1,0,sleeping,107547,147880,4096,1785466880,1786580940,1785390077
2025-05-20 03:38:09,19163,2195062784,31547392,0.0,0.094532563964437,0,13,0.22,1.44,0.0,0.0,0.0,10055680,0,6,4,1,0,sleeping,107547,147880,4096,1785466880,1786580940,1785390077
2025-05-20 03:38:10,19163,2195062784,31547392,0.0,0.094532563964437,0,13,0.22,1.44,0.0,0.0,0.0,10055680,0,6,4,1,0,sleeping,107547,147880,4096,1785466880,1786580940,1785390077
2025-05-20 03:38:11,19163,2195062784,31547392,0.0,0.094532563964437,0,13,0.22,1.44,0.0,0.0,0.0,10055680,0,6,4,1,0,sleeping,107547,147880,4096,1785466880,1786580940,1785390077
2025-05-20 03:38:12,19163,2195062784,31547392,0.0,0.094532563964437,0,13,0.22,1.44,0.0,0.0,0.0,10055680,0,6,4,1,0,sleeping,107547,147880,4096,1785466880,1786580940,1785390077
2025-05-20 03:38:14,19163,2195062784,31547392,0.0,0.094532563964437,0,13,0.22,1.44,0.0,0.0,0.0,10055680,0,6,4,1,0,sleeping,107547,147880,4096,1785466880,1786580940,1785390077
2025-05-20 03:38:15,19163,2195062784,31547392,0.0,0.094532563964437,0,13,0.22,1.44,0.0,0.0,0.0,10055680,0,6,4,1,0,sleeping,107547,147880,4096,1785466880,1786580940,1785390077
2025-05-20 03:38:16,19163,2195062784,31547392,0.0,0.094532563964437,0,13,0.22,1.44,0.0,0.0,0.0,10055680,0,6,4,1,0,sleeping,107547,147880,4096,1785466880,1786580940,1785390077
2025-05-20 03:38:17,19163,2195062784,31547392,0.0,0.094532563964437,0,13,0.22,1.44,0.0,0.0,0.0,10055680,0,6,4,1,0,sleeping,107547,147880,4096,1785466880,1786580940,1785390077
2025-05-20 03:38:18,19163,2195062784,31547392,0.0,0.094532563964437,0,13,0.22,1.44,0.0,0.0,0.0,10055680,0,6,4,1,0,sleeping,107547,147880,4096,1785466880,1786580940,1785390077
2025-05-20 03:38:19,19163,2195062784,31547392,0.0,0.094532563964437,0,13,0.22,1.44,0.0,0.0,0.0,10055680,0,6,4,1,0,sleeping,107547,147880,4096,1785466880,1786580940,1785390077
2025-05-20 03:38:20,19163,2195062784,31547392,0.0,0.094532563964437,0,13,0.22,1.44,0.0,0.0,0.0,10055680,0,6,4,1,0,sleeping,107547,147880,4096,1785466880,1786580940,1785390077
2025-05-20 03:38:21,19163,2195062784,31547392,0.0,0.094532563964437,0,13,0.22,1.44,0.0,0.0,0.0,10055680,0,6,4,1,0,sleeping,107547,147880,4096,1785466880,1786580940,1785390077
2025-05-20 03:38:22,19163,2195062784,31547392,0.0,0.094532563964437,0,13,0.22,1.44,0.0,0.0,0.0,10055680,0,6,4,1,0,sleeping,107547,147880,4096,1785466880,1786580940,1785390077
2025-05-20 03:38:23,19163,2195062784,31547392,0.0,0.094532563964437,0,13,0.22,1.44,0.0,0.0,0.0,10055680,0,6,4,1,0,sleeping,107547,147880,4096,1785466880,1786580940,1785390077
2025-05-20 03:38:24,19163,2195062784,31547392,0.0,0.094532563964437,0,13,0.22,1.44,0.0,0.0,0.0,10055680,0,6,4,1,0,sleeping,107551,147882,4096,1785466880,1786581567,1785390688
2025-05-20 03:38:26,19163,2195062784,31547392,0.0,0.094532563964437,0,13,0.22,1.44,0.0,0.0,0.0,10055680,0,6,4,1,0,sleeping,107551,147882,4096,1785466880,1786581567,1785390688
2025-05-20 03:38:27,19163,2195062784,31547392,0.0,0.094532563964437,0,13,0.22,1.44,0.0,0.0,0.0,10055680,0,6,4,1,0,sleeping,107551,147882,4096,1785466880,1786581567,1785390688
2025-05-20 03:38:28,19163,2195062784,31547392,4.6,0.094532563964437,0,13,0.23,1.48,0.0,0.0,0.0,10055680,0,8,4,1,0,sleeping,110847,152455,4096,1844985856,1846137324,1844909861
2025-05-20 03:38:29,19163,2195062784,31547392,0.0,0.094532563964437,0,13,0.23,1.48,0.0,0.0,0.0,10055680,0,8,4,1,0,sleeping,110847,152455,4096,1844985856,1846137324,1844909861
2025-05-20 03:38:30,19163,2195062784,31547392,0.0,0.094532563964437,0,13,0.23,1.48,0.0,0.0,0.0,10055680,0,8,4,1,0,sleeping,110847,152455,4096,1844985856,1846137324,1844909861
2025-05-20 03:38:31,19163,2195062784,31547392,0.0,0.094532563964437,0,13,0.23,1.48,0.0,0.0,0.0,10055680,0,8,4,1,0,sleeping,110847,152455,4096,1844985856,1846137324,1844909861
2025-05-20 03:38:32,19163,2195062784,31547392,0.0,0.094532563964437,0,13,0.23,1.48,0.0,0.0,0.0,10055680,0,8,4,1,0,sleeping,110847,152455,4096,1844985856,1846137324,1844909861
2025-05-20 03:38:33,19163,2195062784,31547392,0.0,0.094532563964437,0,13,0.23,1.48,0.0,0.0,0.0,10055680,0,8,4,1,0,sleeping,110847,152455,4096,1844985856,1846137324,1844909861
2025-05-20 03:38:34,19163,2195062784,31547392,0.0,0.094532563964437,0,13,0.23,1.48,0.0,0.0,0.0,10055680,0,8,4,1,0,sleeping,110847,152455,4096,1844985856,1846137324,1844909861
2025-05-20 03:38:35,19163,2195062784,31547392,0.0,0.094532563964437,0,13,0.23,1.48,0.0,0.0,0.0,10055680,0,8,4,1,0,sleeping,110847,152455,4096,1844985856,1846137324,1844909861
2025-05-20 03:38:36,19163,2195062784,31547392,0.0,0.094532563964437,0,13,0.23,1.48,0.0,0.0,0.0,10055680,0,8,4,1,0,sleeping,110847,152455,4096,1844985856,1846137324,1844909861
2025-05-20 03:38:38,19163,2195062784,31547392,0.0,0.094532563964437,0,13,0.23,1.48,0.0,0.0,0.0,10055680,0,8,4,1,0,sleeping,110847,152455,4096,1844985856,1846137324,1844909861
2025-05-20 03:38:39,19163,2195062784,31547392,0.0,0.094532563964437,0,13,0.23,1.48,0.0,0.0,0.0,10055680,0,8,4,1,0,sleeping,110847,152455,4096,1844985856,1846137324,1844909861
2025-05-20 03:38:40,19163,2195062784,31547392,0.0,0.094532563964437,0,13,0.23,1.48,0.0,0.0,0.0,10055680,0,8,4,1,0,sleeping,110847,152455,4096,1844985856,1846137324,1844909861
2025-05-20 03:38:41,19163,2195062784,31547392,0.0,0.094532563964437,0,13,0.23,1.48,0.0,0.0,0.0,10055680,0,8,4,1,0,sleeping,110847,152455,4096,1844985856,1846137324,1844909861
2025-05-20 03:38:42,19163,2195062784,31547392,0.0,0.094532563964437,0,13,0.23,1.48,0.0,0.0,0.0,10055680,0,8,4,1,0,sleeping,110847,152455,4096,1844985856,1846137324,1844909861
2025-05-20 03:38:43,19163,2195062784,31547392,0.0,0.094532563964437,0,13,0.23,1.48,0.0,0.0,0.0,10055680,0,8,4,1,0,sleeping,110847,152455,4096,1844985856,1846137324,1844909861
2025-05-20 03:38:44,19163,2195062784,31547392,0.0,0.094532563964437,0,13,0.23,1.48,0.0,0.0,0.0,10055680,0,8,4,1,0,sleeping,110847,152455,4096,1844985856,1846137324,1844909861
2025-05-20 03:38:45,19163,2195062784,31547392,0.0,0.094532563964437,0,13,0.23,1.48,0.0,0.0,0.0,10055680,0,8,4,1,0,sleeping,110847,152455,4096,1844985856,1846137324,1844909861
2025-05-20 03:38:46,19163,2195062784,31547392,0.0,0.094532563964437,0,13,0.23,1.48,0.0,0.0,0.0,10055680,0,8,4,1,0,sleeping,110847,152455,4096,1844985856,1846137324,1844909861
2025-05-20 03:38:47,19163,2195062784,31547392,0.0,0.094532563964437,0,13,0.23,1.48,0.0,0.0,0.0,10055680,0,8,4,1,0,sleeping,110847,152455,4096,1844985856,1846137324,1844909861
2025-05-20 03:38:49,19163,2195062784,31547392,0.0,0.094532563964437,0,13,0.23,1.48,0.0,0.0,0.0,10055680,0,7,4,1,0,sleeping,110853,152458,4096,1844989952,1846138258,1844910771
2025-05-20 03:38:50,19163,2195062784,31547392,0.0,0.094532563964437,0,13,0.23,1.48,0.0,0.0,0.0,10055680,0,7,4,1,0,sleeping,110853,152458,4096,1844989952,1846138258,1844910771
2025-05-20 03:38:51,19163,2195062784,31547392,0.0,0.094532563964437,0,13,0.23,1.48,0.0,0.0,0.0,10055680,0,7,4,1,0,sleeping,110853,152458,4096,1844989952,1846138258,1844910771
2025-05-20 03:38:52,19163,2195062784,31547392,5.5,0.094532563964437,0,13,0.24,1.53,0.0,0.0,0.0,10055680,0,7,4,1,0,sleeping,114261,157615,4096,1904521216,1905710923,1904442180
2025-05-20 03:38:53,19163,2195062784,31547392,0.0,0.094532563964437,0,13,0.24,1.53,0.0,0.0,0.0,10055680,0,7,4,1,0,sleeping,114263,157616,4096,1904521216,1905710983,1904442232
2025-05-20 03:38:54,19163,2195062784,31547392,0.0,0.094532563964437,0,13,0.24,1.53,0.0,0.0,0.0,10055680,0,7,4,1,0,sleeping,114263,157616,4096,1904521216,1905710983,1904442232
2025-05-20 03:38:55,19163,2195062784,31547392,0.0,0.094532563964437,0,13,0.24,1.53,0.0,0.0,0.0,10055680,0,7,4,1,0,sleeping,114263,157616,4096,1904521216,1905710983,1904442232
2025-05-20 03:38:56,19163,2195062784,31547392,0.0,0.094532563964437,0,13,0.24,1.53,0.0,0.0,0.0,10055680,0,7,4,1,0,sleeping,114263,157616,4096,1904521216,1905710983,1904442232
2025-05-20 03:38:57,19163,2195062784,31547392,0.0,0.094532563964437,0,13,0.24,1.53,0.0,0.0,0.0,10055680,0,7,4,1,0,sleeping,114263,157616,4096,1904521216,1905710983,1904442232
2025-05-20 03:38:58,19163,2195062784,31547392,0.0,0.094532563964437,0,13,0.24,1.53,0.0,0.0,0.0,10055680,0,7,4,1,0,sleeping,114263,157616,4096,1904521216,1905710983,1904442232
2025-05-20 03:39:00,19163,2195062784,31547392,0.0,0.094532563964437,0,13,0.24,1.53,0.0,0.0,0.0,10055680,0,7,4,1,0,sleeping,114263,157616,4096,1904521216,1905710983,1904442232
2025-05-20 03:39:01,19163,2195062784,31547392,0.0,0.094532563964437,0,13,0.24,1.53,0.0,0.0,0.0,10055680,0,7,4,1,0,sleeping,114263,157616,4096,1904521216,1905710983,1904442232
2025-05-20 03:39:02,19163,2195062784,31547392,0.0,0.094532563964437,0,13,0.24,1.53,0.0,0.0,0.0,10055680,0,7,4,1,0,sleeping,114263,157616,4096,1904521216,1905710983,1904442232
2025-05-20 03:39:03,19163,2195062784,31547392,0.0,0.094532563964437,0,13,0.24,1.53,0.0,0.0,0.0,10055680,0,7,4,1,0,sleeping,114263,157616,4096,1904521216,1905710983,1904442232
2025-05-20 03:39:04,19163,2195062784,31547392,0.0,0.094532563964437,0,13,0.24,1.53,0.0,0.0,0.0,10055680,0,7,4,1,0,sleeping,114263,157616,4096,1904521216,1905710983,1904442232
2025-05-20 03:39:05,19163,2195062784,31547392,0.0,0.094532563964437,0,13,0.24,1.53,0.0,0.0,0.0,10055680,0,7,4,1,0,sleeping,114263,157616,4096,1904521216,1905710983,1904442232
2025-05-20 03:39:06,19163,2195062784,31547392,0.0,0.094532563964437,0,13,0.24,1.53,0.0,0.0,0.0,10055680,0,7,4,1,0,sleeping,114263,157616,4096,1904521216,1905710983,1904442232
2025-05-20 03:39:07,19163,2195062784,31547392,0.0,0.094532563964437,0,13,0.24,1.53,0.0,0.0,0.0,10055680,0,7,4,1,0,sleeping,114263,157616,4096,1904521216,1905710983,1904442232
2025-05-20 03:39:08,19163,2195062784,31547392,0.0,0.094532563964437,0,13,0.24,1.53,0.0,0.0,0.0,10055680,0,7,4,1,0,sleeping,114263,157616,4096,1904521216,1905710983,1904442232
2025-05-20 03:39:09,19163,2195062784,31547392,0.0,0.094532563964437,0,13,0.24,1.53,0.0,0.0,0.0,10055680,0,7,4,1,0,sleeping,114263,157616,4096,1904521216,1905710983,1904442232
2025-05-20 03:39:10,19163,2195062784,31547392,0.0,0.094532563964437,0,13,0.24,1.53,0.0,0.0,0.0,10055680,0,7,4,1,0,sleeping,114263,157616,4096,1904521216,1905710983,1904442232
2025-05-20 03:39:12,19163,2195062784,31547392,0.0,0.094532563964437,0,13,0.24,1.53,0.0,0.0,0.0,10055680,0,8,4,1,0,sleeping,114267,157618,4096,1904521216,1905711610,1904442843
2025-05-20 03:39:13,19163,2195062784,31547392,0.0,0.094532563964437,0,13,0.24,1.53,0.0,0.0,0.0,10055680,0,8,4,1,0,sleeping,114267,157618,4096,1904521216,1905711610,1904442843
2025-05-20 03:39:14,19163,2195062784,31547392,0.0,0.094532563964437,0,13,0.24,1.53,0.0,0.0,0.0,10055680,0,8,4,1,0,sleeping,114267,157618,4096,1904521216,1905711610,1904442843
2025-05-20 03:39:15,19163,2195062784,31547392,0.0,0.094532563964437,0,13,0.24,1.53,0.0,0.0,0.0,10055680,0,8,4,1,0,sleeping,114267,157618,4096,1904521216,1905711610,1904442843
2025-05-20 03:39:16,19163,2195062784,31547392,9.8,0.094532563964437,0,13,0.26,1.63,0.0,0.0,0.0,10055680,0,7,4,1,0,sleeping,117639,161859,4096,1964044288,1965268755,1963966060
2025-05-20 03:39:17,19163,2195062784,31547392,0.0,0.094532563964437,0,13,0.26,1.63,0.0,0.0,0.0,10055680,0,7,4,1,0,sleeping,117641,161860,4096,1964044288,1965268815,1963966112
2025-05-20 03:39:18,19163,2195062784,31547392,0.0,0.094532563964437,0,13,0.26,1.63,0.0,0.0,0.0,10055680,0,7,4,1,0,sleeping,117641,161860,4096,1964044288,1965268815,1963966112
2025-05-20 03:39:19,19163,2195062784,31547392,0.0,0.094532563964437,0,13,0.26,1.63,0.0,0.0,0.0,10055680,0,7,4,1,0,sleeping,117641,161860,4096,1964044288,1965268815,1963966112
2025-05-20 03:39:21,19163,2195062784,31547392,0.0,0.094532563964437,0,13,0.26,1.63,0.0,0.0,0.0,10055680,0,7,4,1,0,sleeping,117641,161860,4096,1964044288,1965268815,1963966112
2025-05-20 03:39:22,19163,2195062784,31547392,0.0,0.094532563964437,0,13,0.26,1.63,0.0,0.0,0.0,10055680,0,7,4,1,0,sleeping,117641,161860,4096,1964044288,1965268815,1963966112
2025-05-20 03:39:23,19163,2195062784,31547392,0.0,0.094532563964437,0,13,0.26,1.63,0.0,0.0,0.0,10055680,0,7,4,1,0,sleeping,117641,161860,4096,1964044288,1965268815,1963966112
2025-05-20 03:39:24,19163,2195062784,31547392,0.0,0.094532563964437,0,13,0.26,1.63,0.0,0.0,0.0,10055680,0,7,4,1,0,sleeping,117641,161860,4096,1964044288,1965268815,1963966112
2025-05-20 03:39:25,19163,2195062784,31547392,0.0,0.094532563964437,0,13,0.26,1.63,0.0,0.0,0.0,10055680,0,7,4,1,0,sleeping,117641,161860,4096,1964044288,1965268815,1963966112
2025-05-20 03:39:26,19163,2195062784,31547392,0.0,0.094532563964437,0,13,0.26,1.63,0.0,0.0,0.0,10055680,0,7,4,1,0,sleeping,117641,161860,4096,1964044288,1965268815,1963966112
2025-05-20 03:39:27,19163,2195062784,31547392,0.0,0.094532563964437,0,13,0.26,1.63,0.0,0.0,0.0,10055680,0,7,4,1,0,sleeping,117641,161860,4096,1964044288,1965268815,1963966112
2025-05-20 03:39:28,19163,2195062784,31547392,0.0,0.094532563964437,0,13,0.26,1.63,0.0,0.0,0.0,10055680,0,7,4,1,0,sleeping,117641,161860,4096,1964044288,1965268815,1963966112
2025-05-20 03:39:29,19163,2195062784,31547392,0.0,0.094532563964437,0,13,0.26,1.63,0.0,0.0,0.0,10055680,0,7,4,1,0,sleeping,117641,161860,4096,1964044288,1965268815,1963966112
2025-05-20 03:39:30,19163,2195062784,31547392,0.0,0.094532563964437,0,13,0.26,1.63,0.0,0.0,0.0,10055680,0,7,4,1,0,sleeping,117641,161860,4096,1964044288,1965268815,1963966112
2025-05-20 03:39:32,19163,2195062784,31547392,0.0,0.094532563964437,0,13,0.26,1.63,0.0,0.0,0.0,10055680,0,7,4,1,0,sleeping,117641,161860,4096,1964044288,1965268815,1963966112
2025-05-20 03:39:33,19163,2195062784,31547392,0.0,0.094532563964437,0,13,0.26,1.63,0.0,0.0,0.0,10055680,0,7,4,1,0,sleeping,117641,161860,4096,1964044288,1965268815,1963966112
2025-05-20 03:39:34,19163,2195062784,31547392,0.0,0.094532563964437,0,13,0.26,1.63,0.0,0.0,0.0,10055680,0,7,4,1,0,sleeping,117641,161860,4096,1964044288,1965268815,1963966112
2025-05-20 03:39:35,19163,2195062784,31547392,0.0,0.094532563964437,0,13,0.26,1.63,0.0,0.0,0.0,10055680,0,7,4,1,0,sleeping,117641,161860,4096,1964044288,1965268815,1963966112
2025-05-20 03:39:36,19163,2195062784,31547392,0.0,0.094532563964437,0,13,0.26,1.63,0.0,0.0,0.0,10055680,0,7,4,1,0,sleeping,117641,161860,4096,1964044288,1965268815,1963966112
2025-05-20 03:39:37,19163,2195062784,31547392,0.0,0.094532563964437,0,13,0.26,1.63,0.0,0.0,0.0,10055680,0,7,4,1,0,sleeping,117645,161862,4096,1964052480,1965269744,1963967025
2025-05-20 03:39:38,19163,2195062784,31547392,0.0,0.094532563964437,0,13,0.26,1.63,0.0,0.0,0.0,10055680,0,7,4,1,0,sleeping,117645,161862,4096,1964052480,1965269744,1963967025
2025-05-20 03:39:39,19163,2195062784,31547392,0.0,0.094532563964437,0,13,0.26,1.63,0.0,0.0,0.0,10055680,0,7,4,1,0,sleeping,117645,161862,4096,1964052480,1965269744,1963967025
2025-05-20 03:39:40,19163,2195062784,31547392,5.4,0.094532563964437,0,13,0.27,1.68,0.0,0.0,0.0,10055680,0,6,4,1,0,sleeping,121684,167260,4096,2023583744,2024844389,2023498486
2025-05-20 03:39:41,19163,2195062784,31547392,0.0,0.094532563964437,0,13,0.27,1.68,0.0,0.0,0.0,10055680,0,6,4,1,0,sleeping,121684,167260,4096,2023583744,2024844389,2023498486
2025-05-20 03:39:43,19163,2195062784,31547392,0.0,0.094532563964437,0,13,0.27,1.68,0.0,0.0,0.0,10055680,0,6,4,1,0,sleeping,121684,167260,4096,2023583744,2024844389,2023498486
2025-05-20 03:39:44,19163,2195062784,31547392,0.0,0.094532563964437,0,13,0.27,1.68,0.0,0.0,0.0,10055680,0,6,4,1,0,sleeping,121684,167260,4096,2023583744,2024844389,2023498486
2025-05-20 03:39:46,19163,2195062784,31547392,0.0,0.094532563964437,0,13,0.27,1.68,0.0,0.0,0.0,10055680,0,6,4,1,0,sleeping,121684,167260,4096,2023583744,2024844389,2023498486
2025-05-20 03:39:47,19163,2195062784,31547392,0.0,0.094532563964437,0,13,0.27,1.68,0.0,0.0,0.0,10055680,0,6,4,1,0,sleeping,121684,167260,4096,2023583744,2024844389,2023498486
2025-05-20 03:39:48,19163,2195062784,31547392,0.0,0.094532563964437,0,13,0.27,1.68,0.0,0.0,0.0,10055680,0,6,4,1,0,sleeping,121684,167260,4096,2023583744,2024844389,2023498486
2025-05-20 03:39:49,19163,2195062784,31547392,0.0,0.094532563964437,0,13,0.27,1.68,0.0,0.0,0.0,10055680,0,6,4,1,0,sleeping,121684,167260,4096,2023583744,2024844389,2023498486
2025-05-20 03:39:50,19163,2195062784,31547392,0.0,0.094532563964437,0,13,0.27,1.68,0.0,0.0,0.0,10055680,0,6,4,1,0,sleeping,121684,167260,4096,2023583744,2024844389,2023498486
2025-05-20 03:39:51,19163,2195062784,31547392,0.0,0.094532563964437,0,13,0.27,1.68,0.0,0.0,0.0,10055680,0,6,4,1,0,sleeping,121684,167260,4096,2023583744,2024844389,2023498486
2025-05-20 03:39:52,19163,2195062784,31547392,0.0,0.094532563964437,0,13,0.27,1.68,0.0,0.0,0.0,10055680,0,6,4,1,0,sleeping,121684,167260,4096,2023583744,2024844389,2023498486
2025-05-20 03:39:53,19163,2195062784,31547392,0.0,0.094532563964437,0,13,0.27,1.68,0.0,0.0,0.0,10055680,0,6,4,1,0,sleeping,121684,167260,4096,2023583744,2024844389,2023498486
2025-05-20 03:39:54,19163,2195062784,31547392,0.0,0.094532563964437,0,13,0.27,1.68,0.0,0.0,0.0,10055680,0,6,4,1,0,sleeping,121684,167260,4096,2023583744,2024844389,2023498486
2025-05-20 03:39:55,19163,2195062784,31547392,0.0,0.094532563964437,0,13,0.27,1.68,0.0,0.0,0.0,10055680,0,6,4,1,0,sleeping,121684,167260,4096,2023583744,2024844389,2023498486
2025-05-20 03:39:56,19163,2195062784,31547392,0.0,0.094532563964437,0,13,0.27,1.68,0.0,0.0,0.0,10055680,0,6,4,1,0,sleeping,121684,167260,4096,2023583744,2024844389,2023498486
2025-05-20 03:39:58,19163,2195062784,31547392,0.0,0.094532563964437,0,13,0.27,1.68,0.0,0.0,0.0,10055680,0,6,4,1,0,sleeping,121684,167260,4096,2023583744,2024844389,2023498486
2025-05-20 03:39:59,19163,2195062784,31547392,0.0,0.094532563964437,0,13,0.27,1.68,0.0,0.0,0.0,10055680,0,6,4,1,0,sleeping,121684,167260,4096,2023583744,2024844389,2023498486
2025-05-20 03:40:00,19163,2195062784,31547392,0.0,0.094532563964437,0,13,0.27,1.68,0.0,0.0,0.0,10055680,0,6,4,1,0,sleeping,121684,167260,4096,2023583744,2024844389,2023498486
2025-05-20 03:40:01,19163,2195062784,31547392,0.0,0.094532563964437,0,13,0.27,1.68,0.0,0.0,0.0,10055680,0,6,4,1,0,sleeping,121684,167260,4096,2023583744,2024844389,2023498486
2025-05-20 03:40:02,19163,2195062784,31547392,0.0,0.094532563964437,0,13,0.27,1.68,0.0,0.0,0.0,10055680,0,6,4,1,0,sleeping,121684,167260,4096,2023583744,2024844389,2023498486
2025-05-20 03:40:03,19163,2195062784,31547392,0.0,0.094532563964437,0,13,0.27,1.68,0.0,0.0,0.0,10055680,0,6,4,1,0,sleeping,121690,167263,4096,2023583744,2024845323,2023499396
2025-05-20 03:40:04,19163,2195062784,31547392,0.0,0.094532563964437,0,13,0.27,1.68,0.0,0.0,0.0,10055680,0,6,4,1,0,sleeping,121690,167263,4096,2023583744,2024845323,2023499396
2025-05-20 03:40:05,19163,2195062784,31547392,0.0,0.094532563964437,0,13,0.27,1.68,0.0,0.0,0.0,10055680,0,6,4,1,0,sleeping,121690,167263,4096,2023583744,2024845323,2023499396
2025-05-20 03:40:06,19163,2195062784,31547392,5.5,0.094532563964437,0,13,0.28,1.73,0.0,0.0,0.0,10055680,0,6,4,1,0,sleeping,125207,172261,4096,2083061760,2084363520,2082977609
2025-05-20 03:40:07,19163,2195062784,31547392,0.0,0.094532563964437,0,13,0.28,1.73,0.0,0.0,0.0,10055680,0,6,4,1,0,sleeping,125207,172261,4096,2083061760,2084363520,2082977609
2025-05-20 03:40:08,19163,2195062784,31547392,0.0,0.094532563964437,0,13,0.28,1.73,0.0,0.0,0.0,10055680,0,6,4,1,0,sleeping,125207,172261,4096,2083061760,2084363520,2082977609
2025-05-20 03:40:10,19163,2195062784,31547392,0.0,0.094532563964437,0,13,0.28,1.73,0.0,0.0,0.0,10055680,0,6,4,1,0,sleeping,125207,172261,4096,2083061760,2084363520,2082977609
2025-05-20 03:40:11,19163,2195062784,31547392,0.0,0.094532563964437,0,13,0.28,1.73,0.0,0.0,0.0,10055680,0,6,4,1,0,sleeping,125207,172261,4096,2083061760,2084363520,2082977609
2025-05-20 03:40:12,19163,2195062784,31547392,0.0,0.094532563964437,0,13,0.28,1.73,0.0,0.0,0.0,10055680,0,6,4,1,0,sleeping,125207,172261,4096,2083061760,2084363520,2082977609
2025-05-20 03:40:13,19163,2195062784,31547392,0.0,0.094532563964437,0,13,0.28,1.73,0.0,0.0,0.0,10055680,0,6,4,1,0,sleeping,125207,172261,4096,2083061760,2084363520,2082977609
2025-05-20 03:40:14,19163,2195062784,31547392,0.0,0.094532563964437,0,13,0.28,1.73,0.0,0.0,0.0,10055680,0,6,4,1,0,sleeping,125207,172261,4096,2083061760,2084363520,2082977609
2025-05-20 03:40:15,19163,2195062784,31547392,0.0,0.094532563964437,0,13,0.28,1.73,0.0,0.0,0.0,10055680,0,6,4,1,0,sleeping,125207,172261,4096,2083061760,2084363520,2082977609
2025-05-20 03:40:16,19163,2195062784,31547392,0.0,0.094532563964437,0,13,0.28,1.73,0.0,0.0,0.0,10055680,0,6,4,1,0,sleeping,125207,172261,4096,2083061760,2084363520,2082977609
2025-05-20 03:40:18,19163,2195062784,31547392,0.0,0.094532563964437,0,13,0.28,1.73,0.0,0.0,0.0,10055680,0,6,4,1,0,sleeping,125207,172261,4096,2083061760,2084363520,2082977609
2025-05-20 03:40:19,19163,2195062784,31547392,0.0,0.094532563964437,0,13,0.28,1.73,0.0,0.0,0.0,10055680,0,6,4,1,0,sleeping,125207,172261,4096,2083061760,2084363520,2082977609
2025-05-20 03:40:20,19163,2195062784,31547392,0.0,0.094532563964437,0,13,0.28,1.73,0.0,0.0,0.0,10055680,0,6,4,1,0,sleeping,125207,172261,4096,2083061760,2084363520,2082977609
2025-05-20 03:40:21,19163,2195062784,31547392,0.0,0.094532563964437,0,13,0.28,1.73,0.0,0.0,0.0,10055680,0,6,4,1,0,sleeping,125207,172261,4096,2083061760,2084363520,2082977609
2025-05-20 03:40:22,19163,2195062784,31547392,0.0,0.094532563964437,0,13,0.28,1.73,0.0,0.0,0.0,10055680,0,6,4,1,0,sleeping,125207,172261,4096,2083061760,2084363520,2082977609
2025-05-20 03:40:23,19163,2195062784,31547392,0.0,0.094532563964437,0,13,0.28,1.73,0.0,0.0,0.0,10055680,0,6,4,1,0,sleeping,125207,172261,4096,2083061760,2084363520,2082977609
2025-05-20 03:40:24,19163,2195062784,31547392,0.0,0.094532563964437,0,13,0.28,1.73,0.0,0.0,0.0,10055680,0,6,4,1,0,sleeping,125207,172261,4096,2083061760,2084363520,2082977609
2025-05-20 03:40:25,19163,2195062784,31547392,0.0,0.094532563964437,0,13,0.28,1.73,0.0,0.0,0.0,10055680,0,6,4,1,0,sleeping,125207,172261,4096,2083061760,2084363520,2082977609
2025-05-20 03:40:26,19163,2195062784,31547392,0.0,0.094532563964437,0,13,0.28,1.73,0.0,0.0,0.0,10055680,0,6,4,1,0,sleeping,125207,172261,4096,2083061760,2084363520,2082977609
2025-05-20 03:40:27,19163,2195062784,31547392,0.0,0.094532563964437,0,13,0.28,1.73,0.0,0.0,0.0,10055680,0,6,4,1,0,sleeping,125211,172263,4096,2083065856,2084364147,2082978220
2025-05-20 03:40:28,19163,2195062784,31547392,0.0,0.094532563964437,0,13,0.28,1.73,0.0,0.0,0.0,10055680,0,6,4,1,0,sleeping,125211,172263,4096,2083065856,2084364147,2082978220
2025-05-20 03:40:29,19163,2195062784,31547392,0.0,0.094532563964437,0,13,0.28,1.73,0.0,0.0,0.0,10055680,0,6,4,1,0,sleeping,125211,172263,4096,2083065856,2084364147,2082978220
2025-05-20 03:40:31,19163,2195062784,31547392,0.0,0.094532563964437,0,13,0.28,1.73,0.0,0.0,0.0,10055680,0,6,4,1,0,sleeping,125211,172263,4096,2083065856,2084364147,2082978220
2025-05-20 03:40:32,19163,2195062784,31547392,4.6,0.094532563964437,0,13,0.28,1.78,0.0,0.0,0.0,10055680,0,6,4,1,0,sleeping,128689,177329,4096,2142605312,2143944328,2142517873
2025-05-20 03:40:33,19163,2195062784,31547392,0.0,0.094532563964437,0,13,0.28,1.78,0.0,0.0,0.0,10055680,0,6,4,1,0,sleeping,128689,177329,4096,2142605312,2143944328,2142517873
2025-05-20 03:40:34,19163,2195062784,31547392,0.0,0.094532563964437,0,13,0.28,1.78,0.0,0.0,0.0,10055680,0,6,4,1,0,sleeping,128689,177329,4096,2142605312,2143944328,2142517873
2025-05-20 03:40:35,19163,2195062784,31547392,0.0,0.094532563964437,0,13,0.28,1.78,0.0,0.0,0.0,10055680,0,6,4,1,0,sleeping,128689,177329,4096,2142605312,2143944328,2142517873
2025-05-20 03:40:36,19163,2195062784,31547392,0.0,0.094532563964437,0,13,0.28,1.78,0.0,0.0,0.0,10055680,0,6,4,1,0,sleeping,128689,177329,4096,2142605312,2143944328,2142517873
2025-05-20 03:40:37,19163,2195062784,31547392,0.0,0.094532563964437,0,13,0.28,1.78,0.0,0.0,0.0,10055680,0,6,4,1,0,sleeping,128689,177329,4096,2142605312,2143944328,2142517873
2025-05-20 03:40:38,19163,2195062784,31547392,0.0,0.094532563964437,0,13,0.28,1.78,0.0,0.0,0.0,10055680,0,6,4,1,0,sleeping,128689,177329,4096,2142605312,2143944328,2142517873
2025-05-20 03:40:40,19163,2195062784,31547392,0.0,0.094532563964437,0,13,0.28,1.78,0.0,0.0,0.0,10055680,0,6,4,1,0,sleeping,128689,177329,4096,2142605312,2143944328,2142517873
2025-05-20 03:40:41,19163,2195062784,31547392,0.0,0.094532563964437,0,13,0.28,1.78,0.0,0.0,0.0,10055680,0,6,4,1,0,sleeping,128689,177329,4096,2142605312,2143944328,2142517873
2025-05-20 03:40:42,19163,2195062784,31547392,0.0,0.094532563964437,0,13,0.28,1.78,0.0,0.0,0.0,10055680,0,6,4,1,0,sleeping,128689,177329,4096,2142605312,2143944328,2142517873
2025-05-20 03:40:43,19163,2195062784,31547392,0.0,0.094532563964437,0,13,0.28,1.78,0.0,0.0,0.0,10055680,0,6,4,1,0,sleeping,128689,177329,4096,2142605312,2143944328,2142517873
2025-05-20 03:40:44,19163,2195062784,31547392,0.0,0.094532563964437,0,13,0.28,1.78,0.0,0.0,0.0,10055680,0,6,4,1,0,sleeping,128689,177329,4096,2142605312,2143944328,2142517873
2025-05-20 03:40:45,19163,2195062784,31547392,0.0,0.094532563964437,0,13,0.28,1.78,0.0,0.0,0.0,10055680,0,6,4,1,0,sleeping,128689,177329,4096,2142605312,2143944328,2142517873
2025-05-20 03:40:46,19163,2195062784,31547392,0.0,0.094532563964437,0,13,0.28,1.78,0.0,0.0,0.0,10055680,0,6,4,1,0,sleeping,128689,177329,4096,2142605312,2143944328,2142517873
2025-05-20 03:40:47,19163,2195062784,31547392,0.0,0.094532563964437,0,13,0.28,1.78,0.0,0.0,0.0,10055680,0,6,4,1,0,sleeping,128689,177329,4096,2142605312,2143944328,2142517873
2025-05-20 03:40:48,19163,2195062784,31547392,0.0,0.094532563964437,0,13,0.28,1.78,0.0,0.0,0.0,10055680,0,6,4,1,0,sleeping,128689,177329,4096,2142605312,2143944328,2142517873
2025-05-20 03:40:49,19163,2195062784,31547392,0.0,0.094532563964437,0,13,0.28,1.78,0.0,0.0,0.0,10055680,0,6,4,1,0,sleeping,128689,177329,4096,2142605312,2143944328,2142517873
2025-05-20 03:40:51,19163,2195062784,31547392,0.0,0.094532563964437,0,13,0.28,1.78,0.0,0.0,0.0,10055680,0,6,4,1,0,sleeping,128689,177329,4096,2142605312,2143944328,2142517873
2025-05-20 03:40:52,19163,2195062784,31547392,0.0,0.094532563964437,0,13,0.28,1.78,0.0,0.0,0.0,10055680,0,6,4,1,0,sleeping,128689,177329,4096,2142605312,2143944328,2142517873
2025-05-20 03:40:53,19163,2195062784,31547392,0.0,0.094532563964437,0,13,0.28,1.78,0.0,0.0,0.0,10055680,0,6,4,1,0,sleeping,128693,177331,4096,2142605312,2143944955,2142518484
2025-05-20 03:40:54,19163,2195062784,31547392,0.0,0.094532563964437,0,13,0.28,1.78,0.0,0.0,0.0,10055680,0,6,4,1,0,sleeping,128693,177331,4096,2142605312,2143944955,2142518484
2025-05-20 03:40:55,19163,2195062784,31547392,0.0,0.094532563964437,0,13,0.28,1.78,0.0,0.0,0.0,10055680,0,6,4,1,0,sleeping,128693,177331,4096,2142605312,2143944955,2142518484
2025-05-20 03:40:56,19163,2195062784,31547392,5.4,0.094532563964437,0,13,0.29,1.83,0.0,0.0,0.0,10055680,0,6,4,1,0,sleeping,132226,182426,4096,2202124288,2203504888,2202037657
2025-05-20 03:40:57,19163,2195062784,31547392,0.0,0.094532563964437,0,13,0.29,1.83,0.0,0.0,0.0,10055680,0,6,4,1,0,sleeping,132226,182426,4096,2202124288,2203504888,2202037657
2025-05-20 03:40:58,19163,2195062784,31547392,0.0,0.094532563964437,0,13,0.29,1.83,0.0,0.0,0.0,10055680,0,6,4,1,0,sleeping,132226,182426,4096,2202124288,2203504888,2202037657
2025-05-20 03:40:59,19163,2195062784,31547392,0.0,0.094532563964437,0,13,0.29,1.83,0.0,0.0,0.0,10055680,0,6,4,1,0,sleeping,132226,182426,4096,2202124288,2203504888,2202037657
2025-05-20 03:41:00,19163,2195062784,31547392,0.0,0.094532563964437,0,13,0.29,1.83,0.0,0.0,0.0,10055680,0,6,4,1,0,sleeping,132226,182426,4096,2202124288,2203504888,2202037657
2025-05-20 03:41:02,19163,2195062784,31547392,0.0,0.094532563964437,0,13,0.29,1.83,0.0,0.0,0.0,10055680,0,6,4,1,0,sleeping,132226,182426,4096,2202124288,2203504888,2202037657
2025-05-20 03:41:03,19163,2195062784,31547392,0.0,0.094532563964437,0,13,0.29,1.83,0.0,0.0,0.0,10055680,0,6,4,1,0,sleeping,132226,182426,4096,2202124288,2203504888,2202037657
2025-05-20 03:41:05,19163,2195062784,31547392,0.0,0.094532563964437,0,13,0.29,1.83,0.0,0.0,0.0,10055680,0,6,4,1,0,sleeping,132226,182426,4096,2202124288,2203504888,2202037657
2025-05-20 03:41:06,19163,2195062784,31547392,0.0,0.094532563964437,0,13,0.29,1.83,0.0,0.0,0.0,10055680,0,6,4,1,0,sleeping,132226,182426,4096,2202124288,2203504888,2202037657
2025-05-20 03:41:07,19163,2195062784,31547392,0.0,0.094532563964437,0,13,0.29,1.83,0.0,0.0,0.0,10055680,0,6,4,1,0,sleeping,132226,182426,4096,2202124288,2203504888,2202037657
2025-05-20 03:41:08,19163,2195062784,31547392,0.0,0.094532563964437,0,13,0.29,1.83,0.0,0.0,0.0,10055680,0,6,4,1,0,sleeping,132226,182426,4096,2202124288,2203504888,2202037657
2025-05-20 03:41:09,19163,2195062784,31547392,0.0,0.094532563964437,0,13,0.29,1.83,0.0,0.0,0.0,10055680,0,6,4,1,0,sleeping,132226,182426,4096,2202124288,2203504888,2202037657
2025-05-20 03:41:10,19163,2195062784,31547392,0.0,0.094532563964437,0,13,0.29,1.83,0.0,0.0,0.0,10055680,0,6,4,1,0,sleeping,132226,182426,4096,2202124288,2203504888,2202037657
2025-05-20 03:41:11,19163,2195062784,31547392,0.0,0.094532563964437,0,13,0.29,1.83,0.0,0.0,0.0,10055680,0,6,4,1,0,sleeping,132226,182426,4096,2202124288,2203504888,2202037657
2025-05-20 03:41:12,19163,2195062784,31547392,0.0,0.094532563964437,0,13,0.29,1.83,0.0,0.0,0.0,10055680,0,6,4,1,0,sleeping,132226,182426,4096,2202124288,2203504888,2202037657
2025-05-20 03:41:13,19163,2195062784,31547392,0.0,0.094532563964437,0,13,0.29,1.83,0.0,0.0,0.0,10055680,0,6,4,1,0,sleeping,132226,182426,4096,2202124288,2203504888,2202037657
2025-05-20 03:41:14,19163,2195062784,31547392,0.0,0.094532563964437,0,13,0.29,1.83,0.0,0.0,0.0,10055680,0,6,4,1,0,sleeping,132226,182426,4096,2202124288,2203504888,2202037657
2025-05-20 03:41:16,19163,2195062784,31547392,0.0,0.094532563964437,0,13,0.29,1.83,0.0,0.0,0.0,10055680,0,6,4,1,0,sleeping,132226,182426,4096,2202124288,2203504888,2202037657
2025-05-20 03:41:17,19163,2195062784,31547392,0.0,0.094532563964437,0,13,0.29,1.83,0.0,0.0,0.0,10055680,0,6,4,1,0,sleeping,132226,182426,4096,2202124288,2203504888,2202037657
2025-05-20 03:41:18,19163,2195062784,31547392,0.0,0.094532563964437,0,13,0.29,1.83,0.0,0.0,0.0,10055680,0,6,4,1,0,sleeping,132226,182426,4096,2202124288,2203504888,2202037657
2025-05-20 03:41:19,19163,2195062784,31547392,0.0,0.094532563964437,0,13,0.29,1.83,0.0,0.0,0.0,10055680,0,7,4,1,0,sleeping,132230,182429,4096,2202132480,2203505823,2202038568
2025-05-20 03:41:20,19163,2195062784,31547392,0.0,0.094532563964437,0,13,0.29,1.83,0.0,0.0,0.0,10055680,0,7,4,1,0,sleeping,132230,182429,4096,2202132480,2203505823,2202038568
2025-05-20 03:41:21,19163,2195062784,31547392,0.0,0.094532563964437,0,13,0.29,1.83,0.0,0.0,0.0,10055680,0,7,4,1,0,sleeping,132230,182429,4096,2202132480,2203505823,2202038568
2025-05-20 03:41:22,19163,2195062784,31547392,4.6,0.094532563964437,0,13,0.3,1.87,0.0,0.0,0.0,10055680,0,6,4,1,0,sleeping,135739,187193,4096,2261659648,2263071248,2261565881
2025-05-20 03:41:23,19163,2195062784,31547392,0.0,0.094532563964437,0,13,0.3,1.87,0.0,0.0,0.0,10055680,0,6,4,1,0,sleeping,135741,187194,4096,2261659648,2263071308,2261565933
2025-05-20 03:41:24,19163,2195062784,31547392,0.0,0.094532563964437,0,13,0.3,1.87,0.0,0.0,0.0,10055680,0,6,4,1,0,sleeping,135741,187194,4096,2261659648,2263071308,2261565933
2025-05-20 03:41:25,19163,2195062784,31547392,0.0,0.094532563964437,0,13,0.3,1.87,0.0,0.0,0.0,10055680,0,6,4,1,0,sleeping,135741,187194,4096,2261659648,2263071308,2261565933
2025-05-20 03:41:26,19163,2195062784,31547392,0.0,0.094532563964437,0,13,0.3,1.87,0.0,0.0,0.0,10055680,0,6,4,1,0,sleeping,135741,187194,4096,2261659648,2263071308,2261565933
2025-05-20 03:41:28,19163,2195062784,31547392,0.0,0.094532563964437,0,13,0.3,1.87,0.0,0.0,0.0,10055680,0,6,4,1,0,sleeping,135741,187194,4096,2261659648,2263071308,2261565933
2025-05-20 03:41:29,19163,2195062784,31547392,0.0,0.094532563964437,0,13,0.3,1.87,0.0,0.0,0.0,10055680,0,6,4,1,0,sleeping,135741,187194,4096,2261659648,2263071308,2261565933
2025-05-20 03:41:30,19163,2195062784,31547392,0.0,0.094532563964437,0,13,0.3,1.87,0.0,0.0,0.0,10055680,0,6,4,1,0,sleeping,135741,187194,4096,2261659648,2263071308,2261565933
2025-05-20 03:41:31,19163,2195062784,31547392,0.0,0.094532563964437,0,13,0.3,1.87,0.0,0.0,0.0,10055680,0,6,4,1,0,sleeping,135741,187194,4096,2261659648,2263071308,2261565933
2025-05-20 03:41:32,19163,2195062784,31547392,0.0,0.094532563964437,0,13,0.3,1.87,0.0,0.0,0.0,10055680,0,6,4,1,0,sleeping,135741,187194,4096,2261659648,2263071308,2261565933
2025-05-20 03:41:33,19163,2195062784,31547392,0.0,0.094532563964437,0,13,0.3,1.87,0.0,0.0,0.0,10055680,0,6,4,1,0,sleeping,135741,187194,4096,2261659648,2263071308,2261565933
2025-05-20 03:41:34,19163,2195062784,31547392,0.0,0.094532563964437,0,13,0.3,1.87,0.0,0.0,0.0,10055680,0,6,4,1,0,sleeping,135741,187194,4096,2261659648,2263071308,2261565933
2025-05-20 03:41:35,19163,2195062784,31547392,0.0,0.094532563964437,0,13,0.3,1.87,0.0,0.0,0.0,10055680,0,6,4,1,0,sleeping,135741,187194,4096,2261659648,2263071308,2261565933
2025-05-20 03:41:36,19163,2195062784,31547392,0.0,0.094532563964437,0,13,0.3,1.87,0.0,0.0,0.0,10055680,0,6,4,1,0,sleeping,135741,187194,4096,2261659648,2263071308,2261565933
2025-05-20 03:41:37,19163,2195062784,31547392,0.0,0.094532563964437,0,13,0.3,1.87,0.0,0.0,0.0,10055680,0,6,4,1,0,sleeping,135741,187194,4096,2261659648,2263071308,2261565933
2025-05-20 03:41:38,19163,2195062784,31547392,0.0,0.094532563964437,0,13,0.3,1.87,0.0,0.0,0.0,10055680,0,6,4,1,0,sleeping,135741,187194,4096,2261659648,2263071308,2261565933
2025-05-20 03:41:40,19163,2195062784,31547392,0.0,0.094532563964437,0,13,0.3,1.87,0.0,0.0,0.0,10055680,0,6,4,1,0,sleeping,135741,187194,4096,2261659648,2263071308,2261565933
2025-05-20 03:41:41,19163,2195062784,31547392,0.0,0.094532563964437,0,13,0.3,1.87,0.0,0.0,0.0,10055680,0,6,4,1,0,sleeping,135741,187194,4096,2261659648,2263071308,2261565933
2025-05-20 03:41:42,19163,2195062784,31547392,0.0,0.094532563964437,0,13,0.3,1.87,0.0,0.0,0.0,10055680,0,7,4,1,0,sleeping,135747,187197,4096,2261659648,2263072245,2261566846
2025-05-20 03:41:43,19163,2195062784,31547392,0.0,0.094532563964437,0,13,0.3,1.87,0.0,0.0,0.0,10055680,0,7,4,1,0,sleeping,135747,187197,4096,2261659648,2263072245,2261566846
2025-05-20 03:41:44,19163,2195062784,31547392,0.0,0.094532563964437,0,13,0.3,1.87,0.0,0.0,0.0,10055680,0,7,4,1,0,sleeping,135747,187197,4096,2261659648,2263072245,2261566846
2025-05-20 03:41:45,19163,2195062784,31547392,0.0,0.094532563964437,0,13,0.3,1.87,0.0,0.0,0.0,10055680,0,7,4,1,0,sleeping,135747,187197,4096,2261659648,2263072245,2261566846
2025-05-20 03:41:46,19163,2195062784,31547392,5.4,0.094532563964437,0,13,0.31,1.92,0.0,0.0,0.0,10055680,0,6,4,1,0,sleeping,139067,192223,4096,2321190912,2322643914,2321098307
2025-05-20 03:41:47,19163,2195062784,31547392,0.0,0.094532563964437,0,13,0.31,1.92,0.0,0.0,0.0,10055680,0,6,4,1,0,sleeping,139067,192223,4096,2321190912,2322643914,2321098307
2025-05-20 03:41:48,19163,2195062784,31547392,0.0,0.094532563964437,0,13,0.31,1.92,0.0,0.0,0.0,10055680,0,6,4,1,0,sleeping,139067,192223,4096,2321190912,2322643914,2321098307
2025-05-20 03:41:49,19163,2195062784,31547392,0.0,0.094532563964437,0,13,0.31,1.92,0.0,0.0,0.0,10055680,0,6,4,1,0,sleeping,139067,192223,4096,2321190912,2322643914,2321098307
2025-05-20 03:41:51,19163,2195062784,31547392,0.0,0.094532563964437,0,13,0.31,1.92,0.0,0.0,0.0,10055680,0,6,4,1,0,sleeping,139067,192223,4096,2321190912,2322643914,2321098307
2025-05-20 03:41:52,19163,2195062784,31547392,0.0,0.094532563964437,0,13,0.31,1.92,0.0,0.0,0.0,10055680,0,6,4,1,0,sleeping,139067,192223,4096,2321190912,2322643914,2321098307
2025-05-20 03:41:53,19163,2195062784,31547392,0.0,0.094532563964437,0,13,0.31,1.92,0.0,0.0,0.0,10055680,0,6,4,1,0,sleeping,139067,192223,4096,2321190912,2322643914,2321098307
2025-05-20 03:41:54,19163,2195062784,31547392,0.0,0.094532563964437,0,13,0.31,1.92,0.0,0.0,0.0,10055680,0,6,4,1,0,sleeping,139067,192223,4096,2321190912,2322643914,2321098307
2025-05-20 03:41:55,19163,2195062784,31547392,0.0,0.094532563964437,0,13,0.31,1.92,0.0,0.0,0.0,10055680,0,6,4,1,0,sleeping,139067,192223,4096,2321190912,2322643914,2321098307
2025-05-20 03:41:56,19163,2195062784,31547392,0.0,0.094532563964437,0,13,0.31,1.92,0.0,0.0,0.0,10055680,0,6,4,1,0,sleeping,139067,192223,4096,2321190912,2322643914,2321098307
2025-05-20 03:41:57,19163,2195062784,31547392,0.0,0.094532563964437,0,13,0.31,1.92,0.0,0.0,0.0,10055680,0,6,4,1,0,sleeping,139067,192223,4096,2321190912,2322643914,2321098307
2025-05-20 03:41:58,19163,2195062784,31547392,0.0,0.094532563964437,0,13,0.31,1.92,0.0,0.0,0.0,10055680,0,6,4,1,0,sleeping,139067,192223,4096,2321190912,2322643914,2321098307
2025-05-20 03:41:59,19163,2195062784,31547392,0.0,0.094532563964437,0,13,0.31,1.92,0.0,0.0,0.0,10055680,0,6,4,1,0,sleeping,139067,192223,4096,2321190912,2322643914,2321098307
2025-05-20 03:42:00,19163,2195062784,31547392,0.0,0.094532563964437,0,13,0.31,1.92,0.0,0.0,0.0,10055680,0,6,4,1,0,sleeping,139067,192223,4096,2321190912,2322643914,2321098307
2025-05-20 03:42:01,19163,2195062784,31547392,0.0,0.094532563964437,0,13,0.31,1.92,0.0,0.0,0.0,10055680,0,6,4,1,0,sleeping,139067,192223,4096,2321190912,2322643914,2321098307
2025-05-20 03:42:03,19163,2195062784,31547392,0.0,0.094532563964437,0,13,0.31,1.92,0.0,0.0,0.0,10055680,0,6,4,1,0,sleeping,139067,192223,4096,2321190912,2322643914,2321098307
2025-05-20 03:42:04,19163,2195062784,31547392,0.0,0.094532563964437,0,13,0.31,1.92,0.0,0.0,0.0,10055680,0,6,4,1,0,sleeping,139067,192223,4096,2321190912,2322643914,2321098307
2025-05-20 03:42:05,19163,2195062784,31547392,0.0,0.094532563964437,0,13,0.31,1.92,0.0,0.0,0.0,10059776,0,7,4,1,0,sleeping,139073,192226,4096,2321195008,2322644851,2321099220
2025-05-20 03:42:06,19163,2195062784,31547392,0.0,0.094532563964437,0,13,0.31,1.92,0.0,0.0,0.0,10059776,0,7,4,1,0,sleeping,139073,192226,4096,2321195008,2322644851,2321099220
2025-05-20 03:42:07,19163,2195062784,31547392,0.0,0.094532563964437,0,13,0.31,1.92,0.0,0.0,0.0,10059776,0,7,4,1,0,sleeping,139073,192226,4096,2321195008,2322644851,2321099220
2025-05-20 03:42:08,19163,2195062784,31547392,3.6,0.094532563964437,0,13,0.31,1.96,0.0,0.0,0.0,10059776,0,7,4,1,0,sleeping,142282,196557,4096,2380677120,2382161756,2380581477
2025-05-20 03:42:09,19163,2195062784,31547392,0.9,0.094532563964437,0,13,0.31,1.97,0.0,0.0,0.0,10059776,0,6,4,1,0,sleeping,142284,196558,4096,2380677120,2382161816,2380581529
2025-05-20 03:42:10,19163,2195062784,31547392,0.0,0.094532563964437,0,13,0.31,1.97,0.0,0.0,0.0,10059776,0,6,4,1,0,sleeping,142284,196558,4096,2380677120,2382161816,2380581529
2025-05-20 03:42:11,19163,2195062784,31547392,0.0,0.094532563964437,0,13,0.31,1.97,0.0,0.0,0.0,10059776,0,6,4,1,0,sleeping,142284,196558,4096,2380677120,2382161816,2380581529
2025-05-20 03:42:12,19163,2195062784,31547392,0.0,0.094532563964437,0,13,0.31,1.97,0.0,0.0,0.0,10059776,0,6,4,1,0,sleeping,142284,196558,4096,2380677120,2382161816,2380581529
2025-05-20 03:42:13,19163,2195062784,31547392,0.0,0.094532563964437,0,13,0.31,1.97,0.0,0.0,0.0,10059776,0,6,4,1,0,sleeping,142284,196558,4096,2380677120,2382161816,2380581529
2025-05-20 03:42:15,19163,2195062784,31547392,0.0,0.094532563964437,0,13,0.31,1.97,0.0,0.0,0.0,10059776,0,6,4,1,0,sleeping,142284,196558,4096,2380677120,2382161816,2380581529
2025-05-20 03:42:16,19163,2195062784,31547392,0.0,0.094532563964437,0,13,0.31,1.97,0.0,0.0,0.0,10059776,0,6,4,1,0,sleeping,142284,196558,4096,2380677120,2382161816,2380581529
2025-05-20 03:42:17,19163,2195062784,31547392,0.0,0.094532563964437,0,13,0.31,1.97,0.0,0.0,0.0,10059776,0,6,4,1,0,sleeping,142284,196558,4096,2380677120,2382161816,2380581529
2025-05-20 03:42:18,19163,2195062784,31547392,0.0,0.094532563964437,0,13,0.31,1.97,0.0,0.0,0.0,10059776,0,6,4,1,0,sleeping,142284,196558,4096,2380677120,2382161816,2380581529
2025-05-20 03:42:19,19163,2195062784,31547392,0.0,0.094532563964437,0,13,0.31,1.97,0.0,0.0,0.0,10059776,0,6,4,1,0,sleeping,142284,196558,4096,2380677120,2382161816,2380581529
2025-05-20 03:42:20,19163,2195062784,31547392,0.0,0.094532563964437,0,13,0.31,1.97,0.0,0.0,0.0,10059776,0,6,4,1,0,sleeping,142284,196558,4096,2380677120,2382161816,2380581529
2025-05-20 03:42:21,19163,2195062784,31547392,0.0,0.094532563964437,0,13,0.31,1.97,0.0,0.0,0.0,10059776,0,6,4,1,0,sleeping,142284,196558,4096,2380677120,2382161816,2380581529
2025-05-20 03:42:22,19163,2195062784,31547392,0.0,0.094532563964437,0,13,0.31,1.97,0.0,0.0,0.0,10059776,0,6,4,1,0,sleeping,142284,196558,4096,2380677120,2382161816,2380581529
2025-05-20 03:42:23,19163,2195062784,31547392,0.0,0.094532563964437,0,13,0.31,1.97,0.0,0.0,0.0,10059776,0,6,4,1,0,sleeping,142284,196558,4096,2380677120,2382161816,2380581529
2025-05-20 03:42:25,19163,2195062784,31547392,0.0,0.094532563964437,0,13,0.31,1.97,0.0,0.0,0.0,10059776,0,6,4,1,0,sleeping,142284,196558,4096,2380677120,2382161816,2380581529
2025-05-20 03:42:26,19163,2195062784,31547392,0.0,0.094532563964437,0,13,0.31,1.97,0.0,0.0,0.0,10059776,0,6,4,1,0,sleeping,142284,196558,4096,2380677120,2382161816,2380581529
2025-05-20 03:42:27,19163,2195062784,31547392,0.0,0.094532563964437,0,13,0.31,1.97,0.0,0.0,0.0,10059776,0,6,4,1,0,sleeping,142284,196558,4096,2380677120,2382161816,2380581529
2025-05-20 03:42:28,19163,2195062784,31547392,0.0,0.094532563964437,0,13,0.31,1.97,0.0,0.0,0.0,10059776,0,6,4,1,0,sleeping,142284,196558,4096,2380677120,2382161816,2380581529
2025-05-20 03:42:29,19163,2195062784,31547392,0.0,0.094532563964437,0,13,0.31,1.97,0.0,0.0,0.0,10059776,0,6,4,1,0,sleeping,142284,196558,4096,2380677120,2382161816,2380581529
2025-05-20 03:42:30,19163,2195062784,31547392,0.0,0.094532563964437,0,13,0.31,1.97,0.0,0.0,0.0,10059776,0,7,4,1,0,sleeping,142290,196561,4096,2380677120,2382162451,2380582140
2025-05-20 03:42:31,19163,2195062784,31547392,0.0,0.094532563964437,0,13,0.31,1.97,0.0,0.0,0.0,10059776,0,7,4,1,0,sleeping,142290,196561,4096,2380677120,2382162451,2380582140
2025-05-20 03:42:32,19163,2195062784,31547392,0.0,0.094532563964437,0,13,0.31,1.97,0.0,0.0,0.0,10059776,0,7,4,1,0,sleeping,142290,196561,4096,2380677120,2382162451,2380582140
2025-05-20 03:42:33,19163,2195062784,31547392,4.6,0.094532563964437,0,13,0.32,2.01,0.0,0.0,0.0,10059776,0,7,4,1,0,sleeping,145782,201120,4096,2440179712,2441701712,2440084929
2025-05-20 03:42:34,19163,2195062784,31547392,0.0,0.094532563964437,0,13,0.32,2.01,0.0,0.0,0.0,10059776,0,7,4,1,0,sleeping,145782,201120,4096,2440179712,2441701712,2440084929
2025-05-20 03:42:36,19163,2195062784,31547392,0.0,0.094532563964437,0,13,0.32,2.01,0.0,0.0,0.0,10059776,0,7,4,1,0,sleeping,145782,201120,4096,2440179712,2441701712,2440084929
2025-05-20 03:42:37,19163,2195062784,31547392,0.0,0.094532563964437,0,13,0.32,2.01,0.0,0.0,0.0,10059776,0,7,4,1,0,sleeping,145782,201120,4096,2440179712,2441701712,2440084929
2025-05-20 03:42:38,19163,2195062784,31547392,0.0,0.094532563964437,0,13,0.32,2.01,0.0,0.0,0.0,10059776,0,7,4,1,0,sleeping,145782,201120,4096,2440179712,2441701712,2440084929
2025-05-20 03:42:39,19163,2195062784,31547392,0.0,0.094532563964437,0,13,0.32,2.01,0.0,0.0,0.0,10059776,0,7,4,1,0,sleeping,145782,201120,4096,2440179712,2441701712,2440084929
2025-05-20 03:42:40,19163,2195062784,31547392,0.0,0.094532563964437,0,13,0.32,2.01,0.0,0.0,0.0,10059776,0,7,4,1,0,sleeping,145782,201120,4096,2440179712,2441701712,2440084929
2025-05-20 03:42:41,19163,2195062784,31547392,0.0,0.094532563964437,0,13,0.32,2.01,0.0,0.0,0.0,10059776,0,7,4,1,0,sleeping,145782,201120,4096,2440179712,2441701712,2440084929
2025-05-20 03:42:42,19163,2195062784,31547392,0.0,0.094532563964437,0,13,0.32,2.01,0.0,0.0,0.0,10059776,0,7,4,1,0,sleeping,145782,201120,4096,2440179712,2441701712,2440084929
2025-05-20 03:42:43,19163,2195062784,31547392,0.0,0.094532563964437,0,13,0.32,2.01,0.0,0.0,0.0,10059776,0,7,4,1,0,sleeping,145782,201120,4096,2440179712,2441701712,2440084929
2025-05-20 03:42:44,19163,2195062784,31547392,0.0,0.094532563964437,0,13,0.32,2.01,0.0,0.0,0.0,10059776,0,7,4,1,0,sleeping,145782,201120,4096,2440179712,2441701712,2440084929
2025-05-20 03:42:45,19163,2195062784,31547392,0.0,0.094532563964437,0,13,0.32,2.01,0.0,0.0,0.0,10059776,0,7,4,1,0,sleeping,145782,201120,4096,2440179712,2441701712,2440084929
2025-05-20 03:42:46,19163,2195062784,31547392,0.0,0.094532563964437,0,13,0.32,2.01,0.0,0.0,0.0,10059776,0,7,4,1,0,sleeping,145782,201120,4096,2440179712,2441701712,2440084929
2025-05-20 03:42:47,19163,2195062784,31547392,0.0,0.094532563964437,0,13,0.32,2.01,0.0,0.0,0.0,10059776,0,7,4,1,0,sleeping,145782,201120,4096,2440179712,2441701712,2440084929
2025-05-20 03:42:49,19163,2195062784,31547392,0.0,0.094532563964437,0,13,0.32,2.01,0.0,0.0,0.0,10059776,0,7,4,1,0,sleeping,145782,201120,4096,2440179712,2441701712,2440084929
2025-05-20 03:42:50,19163,2195062784,31547392,0.0,0.094532563964437,0,13,0.32,2.01,0.0,0.0,0.0,10059776,0,7,4,1,0,sleeping,145782,201120,4096,2440179712,2441701712,2440084929
2025-05-20 03:42:51,19163,2195062784,31547392,0.0,0.094532563964437,0,13,0.32,2.01,0.0,0.0,0.0,10059776,0,7,4,1,0,sleeping,145782,201120,4096,2440179712,2441701712,2440084929
2025-05-20 03:42:52,19163,2195062784,31547392,0.0,0.094532563964437,0,13,0.32,2.01,0.0,0.0,0.0,10059776,0,6,4,1,0,sleeping,145788,201123,4096,2440183808,2441702347,2440085540
2025-05-20 03:42:53,19163,2195062784,31547392,0.0,0.094532563964437,0,13,0.32,2.01,0.0,0.0,0.0,10059776,0,6,4,1,0,sleeping,145788,201123,4096,2440183808,2441702347,2440085540
2025-05-20 03:42:54,19163,2195062784,31547392,0.0,0.094532563964437,0,13,0.32,2.01,0.0,0.0,0.0,10059776,0,6,4,1,0,sleeping,145788,201123,4096,2440183808,2441702347,2440085540
2025-05-20 03:42:55,19163,2195062784,31547392,0.0,0.094532563964437,0,13,0.32,2.01,0.0,0.0,0.0,10059776,0,6,4,1,0,sleeping,145788,201123,4096,2440183808,2441702347,2440085540
2025-05-20 03:42:56,19163,2195062784,31547392,5.5,0.094532563964437,0,13,0.33,2.06,0.0,0.0,0.0,10059776,0,6,4,1,0,sleeping,149841,206497,4096,2499706880,2501268608,2499608809
2025-05-20 03:42:57,19163,2195062784,31547392,0.0,0.094532563964437,0,13,0.33,2.06,0.0,0.0,0.0,10059776,0,6,4,1,0,sleeping,149841,206497,4096,2499706880,2501268608,2499608809
2025-05-20 03:42:58,19163,2195062784,31547392,0.0,0.094532563964437,0,13,0.33,2.06,0.0,0.0,0.0,10059776,0,6,4,1,0,sleeping,149841,206497,4096,2499706880,2501268608,2499608809
2025-05-20 03:43:00,19163,2195062784,31547392,0.0,0.094532563964437,0,13,0.33,2.06,0.0,0.0,0.0,10059776,0,6,4,1,0,sleeping,149841,206497,4096,2499706880,2501268608,2499608809
2025-05-20 03:43:01,19163,2195062784,31547392,0.0,0.094532563964437,0,13,0.33,2.06,0.0,0.0,0.0,10059776,0,6,4,1,0,sleeping,149841,206497,4096,2499706880,2501268608,2499608809
2025-05-20 03:43:02,19163,2195062784,31547392,0.0,0.094532563964437,0,13,0.33,2.06,0.0,0.0,0.0,10059776,0,6,4,1,0,sleeping,149841,206497,4096,2499706880,2501268608,2499608809
2025-05-20 03:43:04,19163,2195062784,31547392,0.0,0.094532563964437,0,13,0.33,2.06,0.0,0.0,0.0,10059776,0,6,4,1,0,sleeping,149841,206497,4096,2499706880,2501268608,2499608809
2025-05-20 03:43:05,19163,2195062784,31547392,0.0,0.094532563964437,0,13,0.33,2.06,0.0,0.0,0.0,10059776,0,6,4,1,0,sleeping,149841,206497,4096,2499706880,2501268608,2499608809
2025-05-20 03:43:06,19163,2195062784,31547392,0.0,0.094532563964437,0,13,0.33,2.06,0.0,0.0,0.0,10059776,0,6,4,1,0,sleeping,149841,206497,4096,2499706880,2501268608,2499608809
2025-05-20 03:43:07,19163,2195062784,31547392,0.0,0.094532563964437,0,13,0.33,2.06,0.0,0.0,0.0,10059776,0,6,4,1,0,sleeping,149841,206497,4096,2499706880,2501268608,2499608809
2025-05-20 03:43:08,19163,2195062784,31547392,0.0,0.094532563964437,0,13,0.33,2.06,0.0,0.0,0.0,10059776,0,6,4,1,0,sleeping,149841,206497,4096,2499706880,2501268608,2499608809
2025-05-20 03:43:09,19163,2195062784,31547392,0.0,0.094532563964437,0,13,0.33,2.06,0.0,0.0,0.0,10059776,0,6,4,1,0,sleeping,149841,206497,4096,2499706880,2501268608,2499608809
2025-05-20 03:43:10,19163,2195062784,31547392,0.0,0.094532563964437,0,13,0.33,2.06,0.0,0.0,0.0,10059776,0,6,4,1,0,sleeping,149841,206497,4096,2499706880,2501268608,2499608809
2025-05-20 03:43:11,19163,2195062784,31547392,0.0,0.094532563964437,0,13,0.33,2.06,0.0,0.0,0.0,10059776,0,6,4,1,0,sleeping,149841,206497,4096,2499706880,2501268608,2499608809
2025-05-20 03:43:12,19163,2195062784,31547392,0.0,0.094532563964437,0,13,0.33,2.06,0.0,0.0,0.0,10059776,0,6,4,1,0,sleeping,149841,206497,4096,2499706880,2501268608,2499608809
2025-05-20 03:43:14,19163,2195062784,31547392,0.0,0.094532563964437,0,13,0.33,2.06,0.0,0.0,0.0,10059776,0,6,4,1,0,sleeping,149841,206497,4096,2499706880,2501268608,2499608809
2025-05-20 03:43:15,19163,2195062784,31547392,0.0,0.094532563964437,0,13,0.33,2.06,0.0,0.0,0.0,10059776,0,6,4,1,0,sleeping,149841,206497,4096,2499706880,2501268608,2499608809
2025-05-20 03:43:16,19163,2195062784,31547392,0.0,0.094532563964437,0,13,0.33,2.06,0.0,0.0,0.0,10059776,0,6,4,1,0,sleeping,149841,206497,4096,2499706880,2501268608,2499608809
2025-05-20 03:43:17,19163,2195062784,31547392,0.0,0.094532563964437,0,13,0.33,2.06,0.0,0.0,0.0,10059776,0,6,4,1,0,sleeping,149841,206497,4096,2499706880,2501268608,2499608809
2025-05-20 03:43:18,19163,2195062784,31547392,0.0,0.094532563964437,0,13,0.33,2.06,0.0,0.0,0.0,10059776,0,6,4,1,0,sleeping,149841,206497,4096,2499706880,2501268608,2499608809
2025-05-20 03:43:19,19163,2195062784,31547392,0.0,0.094532563964437,0,13,0.33,2.06,0.0,0.0,0.0,10059776,0,6,4,1,0,sleeping,149845,206499,4096,2499710976,2501269235,2499609420
2025-05-20 03:43:20,19163,2195062784,31547392,0.0,0.094532563964437,0,13,0.33,2.06,0.0,0.0,0.0,10059776,0,6,4,1,0,sleeping,149845,206499,4096,2499710976,2501269235,2499609420
2025-05-20 03:43:21,19163,2195062784,31547392,0.0,0.094532563964437,0,13,0.33,2.06,0.0,0.0,0.0,10059776,0,6,4,1,0,sleeping,149845,206499,4096,2499710976,2501269235,2499609420
2025-05-20 03:43:22,19163,2195062784,31547392,4.6,0.094532563964437,0,13,0.33,2.11,0.0,0.0,0.0,10059776,0,6,4,1,0,sleeping,153320,211427,4096,2559246336,2560844216,2559144977
2025-05-20 03:43:23,19163,2195062784,31547392,0.0,0.094532563964437,0,13,0.33,2.11,0.0,0.0,0.0,10059776,0,6,4,1,0,sleeping,153320,211427,4096,2559246336,2560844216,2559144977
2025-05-20 03:43:24,19163,2195062784,31547392,0.0,0.094532563964437,0,13,0.33,2.11,0.0,0.0,0.0,10059776,0,6,4,1,0,sleeping,153320,211427,4096,2559246336,2560844216,2559144977
2025-05-20 03:43:26,19163,2195062784,31547392,0.0,0.094532563964437,0,13,0.33,2.11,0.0,0.0,0.0,10059776,0,6,4,1,0,sleeping,153320,211427,4096,2559246336,2560844216,2559144977
2025-05-20 03:43:27,19163,2195062784,31547392,0.0,0.094532563964437,0,13,0.33,2.11,0.0,0.0,0.0,10059776,0,6,4,1,0,sleeping,153320,211427,4096,2559246336,2560844216,2559144977
2025-05-20 03:43:28,19163,2195062784,31547392,0.0,0.094532563964437,0,13,0.33,2.11,0.0,0.0,0.0,10059776,0,6,4,1,0,sleeping,153320,211427,4096,2559246336,2560844216,2559144977
2025-05-20 03:43:29,19163,2195062784,31547392,0.0,0.094532563964437,0,13,0.33,2.11,0.0,0.0,0.0,10059776,0,6,4,1,0,sleeping,153320,211427,4096,2559246336,2560844216,2559144977
2025-05-20 03:43:30,19163,2195062784,31547392,0.0,0.094532563964437,0,13,0.33,2.11,0.0,0.0,0.0,10059776,0,6,4,1,0,sleeping,153320,211427,4096,2559246336,2560844216,2559144977
2025-05-20 03:43:31,19163,2195062784,31547392,0.0,0.094532563964437,0,13,0.33,2.11,0.0,0.0,0.0,10059776,0,6,4,1,0,sleeping,153320,211427,4096,2559246336,2560844216,2559144977
2025-05-20 03:43:32,19163,2195062784,31547392,0.0,0.094532563964437,0,13,0.33,2.11,0.0,0.0,0.0,10059776,0,6,4,1,0,sleeping,153320,211427,4096,2559246336,2560844216,2559144977
2025-05-20 03:43:33,19163,2195062784,31547392,0.0,0.094532563964437,0,13,0.33,2.11,0.0,0.0,0.0,10059776,0,6,4,1,0,sleeping,153320,211427,4096,2559246336,2560844216,2559144977
2025-05-20 03:43:34,19163,2195062784,31547392,0.0,0.094532563964437,0,13,0.33,2.11,0.0,0.0,0.0,10059776,0,6,4,1,0,sleeping,153320,211427,4096,2559246336,2560844216,2559144977
2025-05-20 03:43:35,19163,2195062784,31547392,0.0,0.094532563964437,0,13,0.33,2.11,0.0,0.0,0.0,10059776,0,6,4,1,0,sleeping,153320,211427,4096,2559246336,2560844216,2559144977
2025-05-20 03:43:36,19163,2195062784,31547392,0.0,0.094532563964437,0,13,0.33,2.11,0.0,0.0,0.0,10059776,0,6,4,1,0,sleeping,153320,211427,4096,2559246336,2560844216,2559144977
2025-05-20 03:43:38,19163,2195062784,31547392,0.0,0.094532563964437,0,13,0.33,2.11,0.0,0.0,0.0,10059776,0,6,4,1,0,sleeping,153320,211427,4096,2559246336,2560844216,2559144977
2025-05-20 03:43:39,19163,2195062784,31547392,0.0,0.094532563964437,0,13,0.33,2.11,0.0,0.0,0.0,10059776,0,6,4,1,0,sleeping,153320,211427,4096,2559246336,2560844216,2559144977
2025-05-20 03:43:40,19163,2195062784,31547392,0.0,0.094532563964437,0,13,0.33,2.11,0.0,0.0,0.0,10059776,0,6,4,1,0,sleeping,153320,211427,4096,2559246336,2560844216,2559144977
2025-05-20 03:43:41,19163,2195062784,31547392,0.0,0.094532563964437,0,13,0.33,2.11,0.0,0.0,0.0,10059776,0,6,4,1,0,sleeping,153320,211427,4096,2559246336,2560844216,2559144977
2025-05-20 03:43:42,19163,2195062784,31547392,0.9,0.094532563964437,0,13,0.34,2.11,0.0,0.0,0.0,10059776,0,6,4,1,0,sleeping,153324,211429,4096,2559250432,2560844843,2559145588
2025-05-20 03:43:43,19163,2195062784,31547392,0.0,0.094532563964437,0,13,0.34,2.11,0.0,0.0,0.0,10059776,0,6,4,1,0,sleeping,153324,211429,4096,2559250432,2560844843,2559145588
2025-05-20 03:43:44,19163,2195062784,31547392,0.0,0.094532563964437,0,13,0.34,2.11,0.0,0.0,0.0,10059776,0,6,4,1,0,sleeping,153324,211429,4096,2559250432,2560844843,2559145588
2025-05-20 03:43:45,19163,2195062784,31547392,6.3,0.094532563964437,0,13,0.34,2.18,0.0,0.0,0.0,10035200,0,6,4,1,0,sleeping,156742,215621,4096,2618769408,2620397552,2618664761
2025-05-20 03:43:46,19163,2195062784,31547392,0.0,0.094532563964437,0,13,0.34,2.18,0.0,0.0,0.0,10035200,0,6,4,1,0,sleeping,156742,215621,4096,2618769408,2620397552,2618664761
2025-05-20 03:43:47,19163,2195062784,31547392,0.0,0.094532563964437,0,13,0.34,2.18,0.0,0.0,0.0,10035200,0,6,4,1,0,sleeping,156742,215621,4096,2618769408,2620397552,2618664761
2025-05-20 03:43:49,19163,2195062784,31547392,0.0,0.094532563964437,0,13,0.34,2.18,0.0,0.0,0.0,10035200,0,6,4,1,0,sleeping,156742,215621,4096,2618769408,2620397552,2618664761
2025-05-20 03:43:50,19163,2195062784,31547392,0.0,0.094532563964437,0,13,0.34,2.18,0.0,0.0,0.0,10035200,0,6,4,1,0,sleeping,156742,215621,4096,2618769408,2620397552,2618664761
2025-05-20 03:43:51,19163,2195062784,31547392,0.0,0.094532563964437,0,13,0.34,2.18,0.0,0.0,0.0,10035200,0,6,4,1,0,sleeping,156742,215621,4096,2618769408,2620397552,2618664761
2025-05-20 03:43:52,19163,2195062784,31547392,0.0,0.094532563964437,0,13,0.34,2.18,0.0,0.0,0.0,10035200,0,6,4,1,0,sleeping,156742,215621,4096,2618769408,2620397552,2618664761
2025-05-20 03:43:53,19163,2195062784,31547392,0.0,0.094532563964437,0,13,0.34,2.18,0.0,0.0,0.0,10035200,0,6,4,1,0,sleeping,156742,215621,4096,2618769408,2620397552,2618664761
2025-05-20 03:43:54,19163,2195062784,31547392,0.0,0.094532563964437,0,13,0.34,2.18,0.0,0.0,0.0,10035200,0,6,4,1,0,sleeping,156742,215621,4096,2618769408,2620397552,2618664761
2025-05-20 03:43:55,19163,2195062784,31547392,0.0,0.094532563964437,0,13,0.34,2.18,0.0,0.0,0.0,10035200,0,6,4,1,0,sleeping,156742,215621,4096,2618769408,2620397552,2618664761
2025-05-20 03:43:56,19163,2195062784,31547392,0.0,0.094532563964437,0,13,0.34,2.18,0.0,0.0,0.0,10035200,0,6,4,1,0,sleeping,156742,215621,4096,2618769408,2620397552,2618664761
2025-05-20 03:43:57,19163,2195062784,31547392,0.0,0.094532563964437,0,13,0.34,2.18,0.0,0.0,0.0,10035200,0,6,4,1,0,sleeping,156742,215621,4096,2618769408,2620397552,2618664761
2025-05-20 03:43:58,19163,2195062784,31547392,0.0,0.094532563964437,0,13,0.34,2.18,0.0,0.0,0.0,10035200,0,6,4,1,0,sleeping,156742,215621,4096,2618769408,2620397552,2618664761
2025-05-20 03:43:59,19163,2195062784,31547392,0.0,0.094532563964437,0,13,0.34,2.18,0.0,0.0,0.0,10035200,0,6,4,1,0,sleeping,156742,215621,4096,2618769408,2620397552,2618664761
2025-05-20 03:44:00,19163,2195062784,31547392,0.0,0.094532563964437,0,13,0.34,2.18,0.0,0.0,0.0,10035200,0,6,4,1,0,sleeping,156742,215621,4096,2618769408,2620397552,2618664761
2025-05-20 03:44:02,19163,2195062784,31547392,0.0,0.094532563964437,0,13,0.34,2.18,0.0,0.0,0.0,10035200,0,6,4,1,0,sleeping,156742,215621,4096,2618769408,2620397552,2618664761
2025-05-20 03:44:03,19163,2195062784,31547392,0.0,0.094532563964437,0,13,0.34,2.18,0.0,0.0,0.0,10035200,0,6,4,1,0,sleeping,156742,215621,4096,2618769408,2620397552,2618664761
2025-05-20 03:44:04,19163,2195062784,31547392,0.0,0.094532563964437,0,13,0.34,2.18,0.0,0.0,0.0,10035200,0,6,4,1,0,sleeping,156742,215621,4096,2618769408,2620397552,2618664761
2025-05-20 03:44:05,19163,2195062784,31547392,0.0,0.094532563964437,0,13,0.34,2.18,0.0,0.0,0.0,10035200,0,7,4,1,0,sleeping,156746,215623,4096,2618769408,2620398178,2618665371
2025-05-20 03:44:06,19163,2195062784,31547392,0.0,0.094532563964437,0,13,0.34,2.18,0.0,0.0,0.0,10035200,0,7,4,1,0,sleeping,156746,215623,4096,2618769408,2620398178,2618665371
2025-05-20 03:44:07,19163,2195062784,31547392,0.0,0.094532563964437,0,13,0.34,2.18,0.0,0.0,0.0,10035200,0,7,4,1,0,sleeping,156746,215623,4096,2618769408,2620398178,2618665371
2025-05-20 03:44:08,19163,2195062784,31547392,5.5,0.094532563964437,0,13,0.35,2.23,0.0,0.0,0.0,10035200,0,7,4,1,0,sleeping,159976,219709,4096,2678304768,2679962327,2678196832
2025-05-20 03:44:09,19163,2195062784,31547392,0.0,0.094532563964437,0,13,0.35,2.23,0.0,0.0,0.0,10035200,0,7,4,1,0,sleeping,159976,219709,4096,2678304768,2679962327,2678196832
2025-05-20 03:44:10,19163,2195062784,31547392,0.0,0.094532563964437,0,13,0.35,2.23,0.0,0.0,0.0,10035200,0,7,4,1,0,sleeping,159976,219709,4096,2678304768,2679962327,2678196832
2025-05-20 03:44:11,19163,2195062784,31547392,0.0,0.094532563964437,0,13,0.35,2.23,0.0,0.0,0.0,10035200,0,7,4,1,0,sleeping,159976,219709,4096,2678304768,2679962327,2678196832
2025-05-20 03:44:13,19163,2195062784,31547392,0.0,0.094532563964437,0,13,0.35,2.23,0.0,0.0,0.0,10035200,0,7,4,1,0,sleeping,159976,219709,4096,2678304768,2679962327,2678196832
2025-05-20 03:44:14,19163,2195062784,31547392,0.0,0.094532563964437,0,13,0.35,2.23,0.0,0.0,0.0,10035200,0,7,4,1,0,sleeping,159976,219709,4096,2678304768,2679962327,2678196832
2025-05-20 03:44:15,19163,2195062784,31547392,0.0,0.094532563964437,0,13,0.35,2.23,0.0,0.0,0.0,10035200,0,7,4,1,0,sleeping,159976,219709,4096,2678304768,2679962327,2678196832
2025-05-20 03:44:16,19163,2195062784,31547392,0.0,0.094532563964437,0,13,0.35,2.23,0.0,0.0,0.0,10035200,0,7,4,1,0,sleeping,159976,219709,4096,2678304768,2679962327,2678196832
2025-05-20 03:44:17,19163,2195062784,31547392,0.0,0.094532563964437,0,13,0.35,2.23,0.0,0.0,0.0,10035200,0,7,4,1,0,sleeping,159976,219709,4096,2678304768,2679962327,2678196832
2025-05-20 03:44:18,19163,2195062784,31547392,0.0,0.094532563964437,0,13,0.35,2.23,0.0,0.0,0.0,10035200,0,7,4,1,0,sleeping,159976,219709,4096,2678304768,2679962327,2678196832
2025-05-20 03:44:19,19163,2195062784,31547392,0.0,0.094532563964437,0,13,0.35,2.23,0.0,0.0,0.0,10035200,0,7,4,1,0,sleeping,159976,219709,4096,2678304768,2679962327,2678196832
2025-05-20 03:44:20,19163,2195062784,31547392,0.0,0.094532563964437,0,13,0.35,2.23,0.0,0.0,0.0,10035200,0,7,4,1,0,sleeping,159976,219709,4096,2678304768,2679962327,2678196832
2025-05-20 03:44:21,19163,2195062784,31547392,0.0,0.094532563964437,0,13,0.35,2.23,0.0,0.0,0.0,10035200,0,7,4,1,0,sleeping,159976,219709,4096,2678304768,2679962327,2678196832
2025-05-20 03:44:22,19163,2195062784,31547392,0.0,0.094532563964437,0,13,0.35,2.23,0.0,0.0,0.0,10035200,0,7,4,1,0,sleeping,159976,219709,4096,2678304768,2679962327,2678196832
2025-05-20 03:44:23,19163,2195062784,31547392,0.0,0.094532563964437,0,13,0.35,2.23,0.0,0.0,0.0,10035200,0,7,4,1,0,sleeping,159976,219709,4096,2678304768,2679962327,2678196832
2025-05-20 03:44:25,19163,2195062784,31547392,0.0,0.094532563964437,0,13,0.35,2.23,0.0,0.0,0.0,10035200,0,7,4,1,0,sleeping,159976,219709,4096,2678304768,2679962327,2678196832
2025-05-20 03:44:26,19163,2195062784,31547392,0.0,0.094532563964437,0,13,0.35,2.23,0.0,0.0,0.0,10035200,0,7,4,1,0,sleeping,159976,219709,4096,2678304768,2679962327,2678196832
2025-05-20 03:44:27,19163,2195062784,31547392,0.0,0.094532563964437,0,13,0.35,2.23,0.0,0.0,0.0,10035200,0,7,4,1,0,sleeping,159980,219711,4096,2678304768,2679962954,2678197443
2025-05-20 03:44:28,19163,2195062784,31547392,0.0,0.094532563964437,0,13,0.35,2.23,0.0,0.0,0.0,10035200,0,7,4,1,0,sleeping,159980,219711,4096,2678304768,2679962954,2678197443
2025-05-20 03:44:29,19163,2195062784,31547392,0.0,0.094532563964437,0,13,0.35,2.23,0.0,0.0,0.0,10035200,0,7,4,1,0,sleeping,159980,219711,4096,2678304768,2679962954,2678197443
2025-05-20 03:44:30,19163,2195062784,31547392,3.6,0.094532563964437,0,13,0.35,2.27,0.0,0.0,0.0,10035200,0,7,4,1,0,sleeping,163030,223642,4096,2737774592,2739464371,2737667412
2025-05-20 03:44:31,19163,2195062784,31547392,0.0,0.094532563964437,0,13,0.35,2.27,0.0,0.0,0.0,10035200,0,7,4,1,0,sleeping,163032,223643,4096,2737774592,2739464431,2737667464
2025-05-20 03:44:32,19163,2195062784,31547392,0.0,0.094532563964437,0,13,0.35,2.27,0.0,0.0,0.0,10035200,0,7,4,1,0,sleeping,163032,223643,4096,2737774592,2739464431,2737667464
2025-05-20 03:44:33,19163,2195062784,31547392,0.0,0.094532563964437,0,13,0.35,2.27,0.0,0.0,0.0,10035200,0,7,4,1,0,sleeping,163032,223643,4096,2737774592,2739464431,2737667464
2025-05-20 03:44:34,19163,2195062784,31547392,0.0,0.094532563964437,0,13,0.35,2.27,0.0,0.0,0.0,10035200,0,7,4,1,0,sleeping,163032,223643,4096,2737774592,2739464431,2737667464
2025-05-20 03:44:35,19163,2195062784,31547392,0.0,0.094532563964437,0,13,0.35,2.27,0.0,0.0,0.0,10035200,0,7,4,1,0,sleeping,163032,223643,4096,2737774592,2739464431,2737667464
2025-05-20 03:44:37,19163,2195062784,31547392,0.0,0.094532563964437,0,13,0.35,2.27,0.0,0.0,0.0,10035200,0,7,4,1,0,sleeping,163032,223643,4096,2737774592,2739464431,2737667464
2025-05-20 03:44:38,19163,2195062784,31547392,0.0,0.094532563964437,0,13,0.35,2.27,0.0,0.0,0.0,10035200,0,7,4,1,0,sleeping,163032,223643,4096,2737774592,2739464431,2737667464
2025-05-20 03:44:39,19163,2195062784,31547392,0.0,0.094532563964437,0,13,0.35,2.27,0.0,0.0,0.0,10035200,0,7,4,1,0,sleeping,163032,223643,4096,2737774592,2739464431,2737667464
2025-05-20 03:44:40,19163,2195062784,31547392,0.0,0.094532563964437,0,13,0.35,2.27,0.0,0.0,0.0,10035200,0,7,4,1,0,sleeping,163032,223643,4096,2737774592,2739464431,2737667464
2025-05-20 03:44:41,19163,2195062784,31547392,0.0,0.094532563964437,0,13,0.35,2.27,0.0,0.0,0.0,10035200,0,7,4,1,0,sleeping,163032,223643,4096,2737774592,2739464431,2737667464
2025-05-20 03:44:42,19163,2195062784,31547392,0.0,0.094532563964437,0,13,0.35,2.27,0.0,0.0,0.0,10035200,0,7,4,1,0,sleeping,163032,223643,4096,2737774592,2739464431,2737667464
2025-05-20 03:44:44,19163,2195062784,31547392,0.0,0.094532563964437,0,13,0.35,2.27,0.0,0.0,0.0,10035200,0,7,4,1,0,sleeping,163032,223643,4096,2737774592,2739464431,2737667464
2025-05-20 03:44:45,19163,2195062784,31547392,0.0,0.094532563964437,0,13,0.35,2.27,0.0,0.0,0.0,10035200,0,7,4,1,0,sleeping,163032,223643,4096,2737774592,2739464431,2737667464
2025-05-20 03:44:46,19163,2195062784,31547392,0.0,0.094532563964437,0,13,0.35,2.27,0.0,0.0,0.0,10035200,0,7,4,1,0,sleeping,163032,223643,4096,2737774592,2739464431,2737667464
2025-05-20 03:44:47,19163,2195062784,31547392,0.0,0.094532563964437,0,13,0.35,2.27,0.0,0.0,0.0,10035200,0,7,4,1,0,sleeping,163032,223643,4096,2737774592,2739464431,2737667464
2025-05-20 03:44:48,19163,2195062784,31547392,0.0,0.094532563964437,0,13,0.35,2.27,0.0,0.0,0.0,10035200,0,7,4,1,0,sleeping,163032,223643,4096,2737774592,2739464431,2737667464
2025-05-20 03:44:49,19163,2195062784,31547392,0.0,0.094532563964437,0,13,0.35,2.27,0.0,0.0,0.0,10035200,0,7,4,1,0,sleeping,163032,223643,4096,2737774592,2739464431,2737667464
2025-05-20 03:44:51,19163,2195062784,31547392,0.0,0.094532563964437,0,13,0.35,2.27,0.0,0.0,0.0,10035200,0,7,4,1,0,sleeping,163032,223643,4096,2737774592,2739464431,2737667464
2025-05-20 03:44:52,19163,2195062784,31547392,0.0,0.094532563964437,0,13,0.35,2.27,0.0,0.0,0.0,10035200,0,7,4,1,0,sleeping,163032,223643,4096,2737774592,2739464431,2737667464
2025-05-20 03:44:53,19163,2195062784,31547392,0.0,0.094532563964437,0,13,0.35,2.27,0.0,0.0,0.0,10035200,0,7,4,1,0,sleeping,163032,223643,4096,2737774592,2739464431,2737667464
2025-05-20 03:44:54,19163,2195062784,31547392,0.0,0.094532563964437,0,13,0.35,2.27,0.0,0.0,0.0,10035200,0,7,4,1,0,sleeping,163036,223645,4096,2737778688,2739465058,2737668075
2025-05-20 03:44:55,19163,2195062784,31547392,0.0,0.094532563964437,0,13,0.35,2.27,0.0,0.0,0.0,10035200,0,7,4,1,0,sleeping,163036,223645,4096,2737778688,2739465058,2737668075
2025-05-20 03:44:56,19163,2195062784,31547392,0.0,0.094532563964437,0,13,0.35,2.27,0.0,0.0,0.0,10035200,0,7,4,1,0,sleeping,163036,223645,4096,2737778688,2739465058,2737668075
2025-05-20 03:44:57,19163,2195062784,31547392,5.4,0.094532563964437,0,13,0.37,2.31,0.0,0.0,0.0,10035200,0,7,4,1,0,sleeping,166418,228438,4096,2797293568,2799018479,2797183152
2025-05-20 03:44:58,19163,2195062784,31547392,0.0,0.094532563964437,0,13,0.37,2.31,0.0,0.0,0.0,10035200,0,7,4,1,0,sleeping,166418,228438,4096,2797293568,2799018479,2797183152
2025-05-20 03:44:59,19163,2195062784,31547392,0.0,0.094532563964437,0,13,0.37,2.31,0.0,0.0,0.0,10035200,0,7,4,1,0,sleeping,166418,228438,4096,2797293568,2799018479,2797183152
2025-05-20 03:45:00,19163,2195062784,31547392,0.0,0.094532563964437,0,13,0.37,2.31,0.0,0.0,0.0,10035200,0,7,4,1,0,sleeping,166418,228438,4096,2797293568,2799018479,2797183152
2025-05-20 03:45:01,19163,2195062784,31547392,0.0,0.094532563964437,0,13,0.37,2.31,0.0,0.0,0.0,10035200,0,7,4,1,0,sleeping,166418,228438,4096,2797293568,2799018479,2797183152
2025-05-20 03:45:03,19163,2195062784,31547392,0.0,0.094532563964437,0,13,0.37,2.31,0.0,0.0,0.0,10035200,0,7,4,1,0,sleeping,166418,228438,4096,2797293568,2799018479,2797183152
2025-05-20 03:45:04,19163,2195062784,31547392,0.0,0.094532563964437,0,13,0.37,2.31,0.0,0.0,0.0,10035200,0,7,4,1,0,sleeping,166418,228438,4096,2797293568,2799018479,2797183152
2025-05-20 03:45:05,19163,2195062784,31547392,0.0,0.094532563964437,0,13,0.37,2.31,0.0,0.0,0.0,10035200,0,7,4,1,0,sleeping,166418,228438,4096,2797293568,2799018479,2797183152
2025-05-20 03:45:06,19163,2195062784,31547392,0.0,0.094532563964437,0,13,0.37,2.31,0.0,0.0,0.0,10035200,0,7,4,1,0,sleeping,166418,228438,4096,2797293568,2799018479,2797183152
2025-05-20 03:45:07,19163,2195062784,31547392,0.0,0.094532563964437,0,13,0.37,2.31,0.0,0.0,0.0,10035200,0,7,4,1,0,sleeping,166418,228438,4096,2797293568,2799018479,2797183152
2025-05-20 03:45:08,19163,2195062784,31547392,0.0,0.094532563964437,0,13,0.37,2.31,0.0,0.0,0.0,10035200,0,7,4,1,0,sleeping,166418,228438,4096,2797293568,2799018479,2797183152
2025-05-20 03:45:09,19163,2195062784,31547392,0.0,0.094532563964437,0,13,0.37,2.31,0.0,0.0,0.0,10035200,0,7,4,1,0,sleeping,166418,228438,4096,2797293568,2799018479,2797183152
2025-05-20 03:45:10,19163,2195062784,31547392,0.0,0.094532563964437,0,13,0.37,2.31,0.0,0.0,0.0,10035200,0,7,4,1,0,sleeping,166418,228438,4096,2797293568,2799018479,2797183152
2025-05-20 03:45:11,19163,2195062784,31547392,0.0,0.094532563964437,0,13,0.37,2.31,0.0,0.0,0.0,10035200,0,7,4,1,0,sleeping,166418,228438,4096,2797293568,2799018479,2797183152
2025-05-20 03:45:12,19163,2195062784,31547392,0.0,0.094532563964437,0,13,0.37,2.31,0.0,0.0,0.0,10035200,0,7,4,1,0,sleeping,166418,228438,4096,2797293568,2799018479,2797183152
2025-05-20 03:45:13,19163,2195062784,31547392,0.0,0.094532563964437,0,13,0.37,2.31,0.0,0.0,0.0,10035200,0,7,4,1,0,sleeping,166418,228438,4096,2797293568,2799018479,2797183152
2025-05-20 03:45:14,19163,2195062784,31547392,0.0,0.094532563964437,0,13,0.37,2.31,0.0,0.0,0.0,10035200,0,7,4,1,0,sleeping,166418,228438,4096,2797293568,2799018479,2797183152
2025-05-20 03:45:16,19163,2195062784,31547392,0.0,0.094532563964437,0,13,0.37,2.31,0.0,0.0,0.0,10035200,0,7,4,1,0,sleeping,166422,228440,4096,2797301760,2799019408,2797184065
2025-05-20 03:45:17,19163,2195062784,31547392,0.0,0.094532563964437,0,13,0.37,2.31,0.0,0.0,0.0,10035200,0,7,4,1,0,sleeping,166422,228440,4096,2797301760,2799019408,2797184065
2025-05-20 03:45:18,19163,2195062784,31547392,0.0,0.094532563964437,0,13,0.37,2.31,0.0,0.0,0.0,10035200,0,7,4,1,0,sleeping,166422,228440,4096,2797301760,2799019408,2797184065
2025-05-20 03:45:19,19163,2195062784,31547392,4.5,0.094532563964437,0,13,0.38,2.35,0.0,0.0,0.0,10035200,0,7,4,1,0,sleeping,169790,232733,4096,2856833024,2858585161,2856715474
2025-05-20 03:45:20,19163,2195062784,31547392,0.0,0.094532563964437,0,13,0.38,2.35,0.0,0.0,0.0,10035200,0,7,4,1,0,sleeping,169792,232734,4096,2856833024,2858585221,2856715526
2025-05-20 03:45:21,19163,2195062784,31547392,0.0,0.094532563964437,0,13,0.38,2.35,0.0,0.0,0.0,10035200,0,7,4,1,0,sleeping,169792,232734,4096,2856833024,2858585221,2856715526
2025-05-20 03:45:22,19163,2195062784,31547392,0.0,0.094532563964437,0,13,0.38,2.35,0.0,0.0,0.0,10035200,0,7,4,1,0,sleeping,169792,232734,4096,2856833024,2858585221,2856715526
2025-05-20 03:45:23,19163,2195062784,31547392,0.0,0.094532563964437,0,13,0.38,2.35,0.0,0.0,0.0,10035200,0,7,4,1,0,sleeping,169792,232734,4096,2856833024,2858585221,2856715526
2025-05-20 03:45:25,19163,2195062784,31547392,0.0,0.094532563964437,0,13,0.38,2.35,0.0,0.0,0.0,10035200,0,7,4,1,0,sleeping,169792,232734,4096,2856833024,2858585221,2856715526
2025-05-20 03:45:26,19163,2195062784,31547392,0.0,0.094532563964437,0,13,0.38,2.35,0.0,0.0,0.0,10035200,0,7,4,1,0,sleeping,169792,232734,4096,2856833024,2858585221,2856715526
2025-05-20 03:45:28,19163,2195062784,31547392,0.0,0.094532563964437,0,13,0.38,2.35,0.0,0.0,0.0,10035200,0,7,4,1,0,sleeping,169792,232734,4096,2856833024,2858585221,2856715526
2025-05-20 03:45:29,19163,2195062784,31547392,0.0,0.094532563964437,0,13,0.38,2.35,0.0,0.0,0.0,10035200,0,7,4,1,0,sleeping,169792,232734,4096,2856833024,2858585221,2856715526
2025-05-20 03:45:30,19163,2195062784,31547392,0.0,0.094532563964437,0,13,0.38,2.35,0.0,0.0,0.0,10035200,0,7,4,1,0,sleeping,169792,232734,4096,2856833024,2858585221,2856715526
2025-05-20 03:45:31,19163,2195062784,31547392,0.0,0.094532563964437,0,13,0.38,2.35,0.0,0.0,0.0,10035200,0,7,4,1,0,sleeping,169792,232734,4096,2856833024,2858585221,2856715526
2025-05-20 03:45:32,19163,2195062784,31547392,0.0,0.094532563964437,0,13,0.38,2.35,0.0,0.0,0.0,10035200,0,7,4,1,0,sleeping,169792,232734,4096,2856833024,2858585221,2856715526
2025-05-20 03:45:33,19163,2195062784,31547392,0.0,0.094532563964437,0,13,0.38,2.35,0.0,0.0,0.0,10035200,0,7,4,1,0,sleeping,169792,232734,4096,2856833024,2858585221,2856715526
2025-05-20 03:45:34,19163,2195062784,31547392,0.0,0.094532563964437,0,13,0.38,2.35,0.0,0.0,0.0,10035200,0,7,4,1,0,sleeping,169792,232734,4096,2856833024,2858585221,2856715526
2025-05-20 03:45:36,19163,2195062784,31547392,0.0,0.094532563964437,0,13,0.38,2.35,0.0,0.0,0.0,10035200,0,7,4,1,0,sleeping,169792,232734,4096,2856833024,2858585221,2856715526
2025-05-20 03:45:37,19163,2195062784,31547392,0.0,0.094532563964437,0,13,0.38,2.35,0.0,0.0,0.0,10035200,0,7,4,1,0,sleeping,169792,232734,4096,2856833024,2858585221,2856715526
2025-05-20 03:45:38,19163,2195062784,31547392,0.0,0.094532563964437,0,13,0.38,2.35,0.0,0.0,0.0,10035200,0,7,4,1,0,sleeping,169792,232734,4096,2856833024,2858585221,2856715526
2025-05-20 03:45:39,19163,2195062784,31547392,0.0,0.094532563964437,0,13,0.38,2.35,0.0,0.0,0.0,10035200,0,7,4,1,0,sleeping,169792,232734,4096,2856833024,2858585221,2856715526
2025-05-20 03:45:40,19163,2195062784,31547392,0.0,0.094532563964437,0,13,0.38,2.35,0.0,0.0,0.0,10035200,0,7,4,1,0,sleeping,169792,232734,4096,2856833024,2858585221,2856715526
2025-05-20 03:45:41,19163,2195062784,31547392,0.0,0.094532563964437,0,13,0.38,2.35,0.0,0.0,0.0,10035200,0,7,4,1,0,sleeping,169792,232734,4096,2856833024,2858585221,2856715526
2025-05-20 03:45:42,19163,2195062784,31547392,0.0,0.094532563964437,0,13,0.38,2.35,0.0,0.0,0.0,10035200,0,7,4,1,0,sleeping,169792,232734,4096,2856833024,2858585221,2856715526
2025-05-20 03:45:43,19163,2195062784,31547392,0.0,0.094532563964437,0,13,0.38,2.35,0.0,0.0,0.0,10035200,0,8,4,1,0,sleeping,169796,232737,4096,2856837120,2858585856,2856716137
2025-05-20 03:45:44,19163,2195062784,31547392,0.0,0.094532563964437,0,13,0.38,2.35,0.0,0.0,0.0,10035200,0,8,4,1,0,sleeping,169796,232737,4096,2856837120,2858585856,2856716137
2025-05-20 03:45:45,19163,2195062784,31547392,0.0,0.094532563964437,0,13,0.38,2.35,0.0,0.0,0.0,10035200,0,8,4,1,0,sleeping,169796,232737,4096,2856837120,2858585856,2856716137
2025-05-20 03:45:46,19163,2195062784,31547392,5.4,0.094532563964437,0,13,0.39,2.4,0.0,0.0,0.0,10035200,0,8,4,1,0,sleeping,173635,238080,4096,2916372480,2918160061,2916247598
2025-05-20 03:45:47,19163,2195062784,31547392,0.0,0.094532563964437,0,13,0.39,2.4,0.0,0.0,0.0,10035200,0,8,4,1,0,sleeping,173635,238080,4096,2916372480,2918160061,2916247598
2025-05-20 03:45:49,19163,2195062784,31547392,0.0,0.094532563964437,0,13,0.39,2.4,0.0,0.0,0.0,10035200,0,8,4,1,0,sleeping,173635,238080,4096,2916372480,2918160061,2916247598
2025-05-20 03:45:50,19163,2195062784,31547392,0.0,0.094532563964437,0,13,0.39,2.4,0.0,0.0,0.0,10035200,0,8,4,1,0,sleeping,173635,238080,4096,2916372480,2918160061,2916247598
2025-05-20 03:45:51,19163,2195062784,31547392,0.0,0.094532563964437,0,13,0.39,2.4,0.0,0.0,0.0,10035200,0,8,4,1,0,sleeping,173635,238080,4096,2916372480,2918160061,2916247598
2025-05-20 03:45:52,19163,2195062784,31547392,0.0,0.094532563964437,0,13,0.39,2.4,0.0,0.0,0.0,10035200,0,8,4,1,0,sleeping,173635,238080,4096,2916372480,2918160061,2916247598
2025-05-20 03:45:53,19163,2195062784,31547392,0.0,0.094532563964437,0,13,0.39,2.4,0.0,0.0,0.0,10035200,0,8,4,1,0,sleeping,173635,238080,4096,2916372480,2918160061,2916247598
2025-05-20 03:45:54,19163,2195062784,31547392,0.0,0.094532563964437,0,13,0.39,2.4,0.0,0.0,0.0,10035200,0,8,4,1,0,sleeping,173635,238080,4096,2916372480,2918160061,2916247598
2025-05-20 03:45:55,19163,2195062784,31547392,0.0,0.094532563964437,0,13,0.39,2.4,0.0,0.0,0.0,10035200,0,8,4,1,0,sleeping,173635,238080,4096,2916372480,2918160061,2916247598
2025-05-20 03:45:56,19163,2195062784,31547392,0.0,0.094532563964437,0,13,0.39,2.4,0.0,0.0,0.0,10035200,0,8,4,1,0,sleeping,173635,238080,4096,2916372480,2918160061,2916247598
2025-05-20 03:45:58,19163,2195062784,31547392,0.0,0.094532563964437,0,13,0.39,2.4,0.0,0.0,0.0,10035200,0,8,4,1,0,sleeping,173635,238080,4096,2916372480,2918160061,2916247598
2025-05-20 03:45:59,19163,2195062784,31547392,0.0,0.094532563964437,0,13,0.39,2.4,0.0,0.0,0.0,10035200,0,8,4,1,0,sleeping,173635,238080,4096,2916372480,2918160061,2916247598
2025-05-20 03:46:00,19163,2195062784,31547392,0.0,0.094532563964437,0,13,0.39,2.4,0.0,0.0,0.0,10035200,0,8,4,1,0,sleeping,173635,238080,4096,2916372480,2918160061,2916247598
2025-05-20 03:46:01,19163,2195062784,31547392,0.0,0.094532563964437,0,13,0.39,2.4,0.0,0.0,0.0,10035200,0,8,4,1,0,sleeping,173635,238080,4096,2916372480,2918160061,2916247598
2025-05-20 03:46:02,19163,2195062784,31547392,0.0,0.094532563964437,0,13,0.39,2.4,0.0,0.0,0.0,10035200,0,8,4,1,0,sleeping,173635,238080,4096,2916372480,2918160061,2916247598
2025-05-20 03:46:03,19163,2195062784,31547392,0.0,0.094532563964437,0,13,0.39,2.4,0.0,0.0,0.0,10035200,0,8,4,1,0,sleeping,173635,238080,4096,2916372480,2918160061,2916247598
2025-05-20 03:46:04,19163,2195062784,31547392,0.0,0.094532563964437,0,13,0.39,2.4,0.0,0.0,0.0,10035200,0,8,4,1,0,sleeping,173635,238080,4096,2916372480,2918160061,2916247598
2025-05-20 03:46:05,19163,2195062784,31547392,0.0,0.094532563964437,0,13,0.39,2.4,0.0,0.0,0.0,10035200,0,8,4,1,0,sleeping,173635,238080,4096,2916372480,2918160061,2916247598
2025-05-20 03:46:06,19163,2195062784,31547392,0.0,0.094532563964437,0,13,0.39,2.4,0.0,0.0,0.0,10035200,0,8,4,1,0,sleeping,173635,238080,4096,2916372480,2918160061,2916247598
2025-05-20 03:46:07,19163,2195062784,31547392,0.0,0.094532563964437,0,13,0.39,2.4,0.0,0.0,0.0,10035200,0,7,4,1,0,sleeping,173639,238082,4096,2916372480,2918160990,2916248511
2025-05-20 03:46:08,19163,2195062784,31547392,0.0,0.094532563964437,0,13,0.39,2.4,0.0,0.0,0.0,10035200,0,7,4,1,0,sleeping,173639,238082,4096,2916372480,2918160990,2916248511
2025-05-20 03:46:10,19163,2195062784,31547392,0.0,0.094532563964437,0,13,0.39,2.4,0.0,0.0,0.0,10035200,0,7,4,1,0,sleeping,173639,238082,4096,2916372480,2918160990,2916248511
2025-05-20 03:46:11,19163,2195062784,31547392,4.4,0.094532563964437,0,13,0.39,2.45,0.0,0.0,0.0,10035200,0,7,4,1,0,sleeping,177038,242779,4096,2975916032,2977738167,2975788112
2025-05-20 03:46:12,19163,2195062784,31547392,0.0,0.094532563964437,0,13,0.39,2.45,0.0,0.0,0.0,10035200,0,7,4,1,0,sleeping,177040,242780,4096,2975916032,2977738227,2975788164
2025-05-20 03:46:13,19163,2195062784,31547392,0.0,0.094532563964437,0,13,0.39,2.45,0.0,0.0,0.0,10035200,0,7,4,1,0,sleeping,177040,242780,4096,2975916032,2977738227,2975788164
2025-05-20 03:46:14,19163,2195062784,31547392,0.0,0.094532563964437,0,13,0.39,2.45,0.0,0.0,0.0,10035200,0,7,4,1,0,sleeping,177040,242780,4096,2975916032,2977738227,2975788164
2025-05-20 03:46:15,19163,2195062784,31547392,0.0,0.094532563964437,0,13,0.39,2.45,0.0,0.0,0.0,10035200,0,7,4,1,0,sleeping,177040,242780,4096,2975916032,2977738227,2975788164
2025-05-20 03:46:16,19163,2195062784,31547392,0.0,0.094532563964437,0,13,0.39,2.45,0.0,0.0,0.0,10035200,0,7,4,1,0,sleeping,177040,242780,4096,2975916032,2977738227,2975788164
2025-05-20 03:46:17,19163,2195062784,31547392,0.0,0.094532563964437,0,13,0.39,2.45,0.0,0.0,0.0,10035200,0,7,4,1,0,sleeping,177040,242780,4096,2975916032,2977738227,2975788164
2025-05-20 03:46:18,19163,2195062784,31547392,0.0,0.094532563964437,0,13,0.39,2.45,0.0,0.0,0.0,10035200,0,7,4,1,0,sleeping,177040,242780,4096,2975916032,2977738227,2975788164
2025-05-20 03:46:19,19163,2195062784,31547392,0.0,0.094532563964437,0,13,0.39,2.45,0.0,0.0,0.0,10035200,0,7,4,1,0,sleeping,177040,242780,4096,2975916032,2977738227,2975788164
2025-05-20 03:46:21,19163,2195062784,31547392,0.0,0.094532563964437,0,13,0.39,2.45,0.0,0.0,0.0,10035200,0,7,4,1,0,sleeping,177040,242780,4096,2975916032,2977738227,2975788164
2025-05-20 03:46:22,19163,2195062784,31547392,0.0,0.094532563964437,0,13,0.39,2.45,0.0,0.0,0.0,10035200,0,7,4,1,0,sleeping,177040,242780,4096,2975916032,2977738227,2975788164
2025-05-20 03:46:23,19163,2195062784,31547392,0.0,0.094532563964437,0,13,0.39,2.45,0.0,0.0,0.0,10035200,0,7,4,1,0,sleeping,177040,242780,4096,2975916032,2977738227,2975788164
2025-05-20 03:46:25,19163,2195062784,31547392,0.0,0.094532563964437,0,13,0.39,2.45,0.0,0.0,0.0,10035200,0,7,4,1,0,sleeping,177040,242780,4096,2975916032,2977738227,2975788164
2025-05-20 03:46:26,19163,2195062784,31547392,0.0,0.094532563964437,0,13,0.39,2.45,0.0,0.0,0.0,10035200,0,7,4,1,0,sleeping,177040,242780,4096,2975916032,2977738227,2975788164
2025-05-20 03:46:27,19163,2195062784,31547392,0.0,0.094532563964437,0,13,0.39,2.45,0.0,0.0,0.0,10035200,0,7,4,1,0,sleeping,177040,242780,4096,2975916032,2977738227,2975788164
2025-05-20 03:46:28,19163,2195062784,31547392,0.0,0.094532563964437,0,13,0.39,2.45,0.0,0.0,0.0,10035200,0,7,4,1,0,sleeping,177040,242780,4096,2975916032,2977738227,2975788164
2025-05-20 03:46:29,19163,2195062784,31547392,0.0,0.094532563964437,0,13,0.39,2.45,0.0,0.0,0.0,10035200,0,7,4,1,0,sleeping,177040,242780,4096,2975916032,2977738227,2975788164
2025-05-20 03:46:30,19163,2195062784,31547392,0.0,0.094532563964437,0,13,0.39,2.45,0.0,0.0,0.0,10035200,0,7,4,1,0,sleeping,177040,242780,4096,2975916032,2977738227,2975788164
2025-05-20 03:46:31,19163,2195062784,31547392,0.0,0.094532563964437,0,13,0.39,2.45,0.0,0.0,0.0,10035200,0,7,4,1,0,sleeping,177040,242780,4096,2975916032,2977738227,2975788164
2025-05-20 03:46:32,19163,2195062784,31547392,0.0,0.094532563964437,0,13,0.39,2.45,0.0,0.0,0.0,10035200,0,7,4,1,0,sleeping,177040,242780,4096,2975916032,2977738227,2975788164
2025-05-20 03:46:33,19163,2195062784,31547392,0.0,0.094532563964437,0,13,0.39,2.45,0.0,0.0,0.0,10035200,0,7,4,1,0,sleeping,177040,242780,4096,2975916032,2977738227,2975788164
2025-05-20 03:46:35,19163,2195062784,31547392,0.0,0.094532563964437,0,13,0.39,2.45,0.0,0.0,0.0,10035200,0,7,4,1,0,sleeping,177044,242782,4096,2975916032,2977738854,2975788775
2025-05-20 03:46:36,19163,2195062784,31547392,0.0,0.094532563964437,0,13,0.39,2.45,0.0,0.0,0.0,10035200,0,7,4,1,0,sleeping,177044,242782,4096,2975916032,2977738854,2975788775
2025-05-20 03:46:37,19163,2195062784,31547392,0.0,0.094532563964437,0,13,0.39,2.45,0.0,0.0,0.0,10035200,0,7,4,1,0,sleeping,177044,242782,4096,2975916032,2977738854,2975788775
2025-05-20 03:46:38,19163,2195062784,31547392,5.5,0.094532563964437,0,13,0.4,2.5,0.0,0.0,0.0,10035200,0,7,4,1,0,sleeping,180417,247203,4096,3035398144,3037256531,3035271084
2025-05-20 03:46:39,19163,2195062784,31547392,0.0,0.094532563964437,0,13,0.4,2.5,0.0,0.0,0.0,10035200,0,7,4,1,0,sleeping,180417,247203,4096,3035398144,3037256531,3035271084
2025-05-20 03:46:40,19163,2195062784,31547392,0.0,0.094532563964437,0,13,0.4,2.5,0.0,0.0,0.0,10035200,0,7,4,1,0,sleeping,180417,247203,4096,3035398144,3037256531,3035271084
2025-05-20 03:46:41,19163,2195062784,31547392,0.0,0.094532563964437,0,13,0.4,2.5,0.0,0.0,0.0,10035200,0,7,4,1,0,sleeping,180417,247203,4096,3035398144,3037256531,3035271084
2025-05-20 03:46:42,19163,2195062784,31547392,0.0,0.094532563964437,0,13,0.4,2.5,0.0,0.0,0.0,10035200,0,7,4,1,0,sleeping,180417,247203,4096,3035398144,3037256531,3035271084
2025-05-20 03:46:43,19163,2195062784,31547392,0.0,0.094532563964437,0,13,0.4,2.5,0.0,0.0,0.0,10035200,0,7,4,1,0,sleeping,180417,247203,4096,3035398144,3037256531,3035271084
2025-05-20 03:46:44,19163,2195062784,31547392,0.0,0.094532563964437,0,13,0.4,2.5,0.0,0.0,0.0,10035200,0,7,4,1,0,sleeping,180417,247203,4096,3035398144,3037256531,3035271084
2025-05-20 03:46:45,19163,2195062784,31547392,0.0,0.094532563964437,0,13,0.4,2.5,0.0,0.0,0.0,10035200,0,7,4,1,0,sleeping,180417,247203,4096,3035398144,3037256531,3035271084
2025-05-20 03:46:47,19163,2195062784,31547392,0.0,0.094532563964437,0,13,0.4,2.5,0.0,0.0,0.0,10035200,0,7,4,1,0,sleeping,180417,247203,4096,3035398144,3037256531,3035271084
2025-05-20 03:46:48,19163,2195062784,31547392,0.0,0.094532563964437,0,13,0.4,2.5,0.0,0.0,0.0,10035200,0,7,4,1,0,sleeping,180417,247203,4096,3035398144,3037256531,3035271084
2025-05-20 03:46:49,19163,2195062784,31547392,0.0,0.094532563964437,0,13,0.4,2.5,0.0,0.0,0.0,10035200,0,7,4,1,0,sleeping,180417,247203,4096,3035398144,3037256531,3035271084
2025-05-20 03:46:50,19163,2195062784,31547392,0.0,0.094532563964437,0,13,0.4,2.5,0.0,0.0,0.0,10035200,0,7,4,1,0,sleeping,180417,247203,4096,3035398144,3037256531,3035271084
2025-05-20 03:46:51,19163,2195062784,31547392,0.0,0.094532563964437,0,13,0.4,2.5,0.0,0.0,0.0,10035200,0,7,4,1,0,sleeping,180417,247203,4096,3035398144,3037256531,3035271084
2025-05-20 03:46:52,19163,2195062784,31547392,0.0,0.094532563964437,0,13,0.4,2.5,0.0,0.0,0.0,10035200,0,7,4,1,0,sleeping,180417,247203,4096,3035398144,3037256531,3035271084
2025-05-20 03:46:53,19163,2195062784,31547392,0.0,0.094532563964437,0,13,0.4,2.5,0.0,0.0,0.0,10035200,0,7,4,1,0,sleeping,180417,247203,4096,3035398144,3037256531,3035271084
2025-05-20 03:46:54,19163,2195062784,31547392,0.0,0.094532563964437,0,13,0.4,2.5,0.0,0.0,0.0,10035200,0,7,4,1,0,sleeping,180417,247203,4096,3035398144,3037256531,3035271084
2025-05-20 03:46:55,19163,2195062784,31547392,0.0,0.094532563964437,0,13,0.4,2.5,0.0,0.0,0.0,10035200,0,7,4,1,0,sleeping,180417,247203,4096,3035398144,3037256531,3035271084
2025-05-20 03:46:56,19163,2195062784,31547392,0.0,0.094532563964437,0,13,0.4,2.5,0.0,0.0,0.0,10035200,0,7,4,1,0,sleeping,180417,247203,4096,3035398144,3037256531,3035271084
2025-05-20 03:46:57,19163,2195062784,31547392,0.0,0.094532563964437,0,13,0.4,2.5,0.0,0.0,0.0,10035200,0,8,4,1,0,sleeping,180421,247205,4096,3035406336,3037257158,3035271695
2025-05-20 03:46:59,19163,2195062784,31547392,0.0,0.094532563964437,0,13,0.4,2.5,0.0,0.0,0.0,10035200,0,8,4,1,0,sleeping,180421,247205,4096,3035406336,3037257158,3035271695
2025-05-20 03:47:00,19163,2195062784,31547392,0.0,0.094532563964437,0,13,0.4,2.5,0.0,0.0,0.0,10035200,0,8,4,1,0,sleeping,180421,247205,4096,3035406336,3037257158,3035271695
2025-05-20 03:47:01,19163,2195062784,31547392,4.6,0.094532563964437,0,13,0.4,2.55,0.0,0.0,0.0,10035200,0,7,4,1,0,sleeping,184400,252397,4096,3094917120,3096809675,3094782676
2025-05-20 03:47:02,19163,2195062784,31547392,0.0,0.094532563964437,0,13,0.4,2.55,0.0,0.0,0.0,10035200,0,7,4,1,0,sleeping,184400,252397,4096,3094917120,3096809675,3094782676
2025-05-20 03:47:03,19163,2195062784,31547392,0.0,0.094532563964437,0,13,0.4,2.55,0.0,0.0,0.0,10035200,0,7,4,1,0,sleeping,184400,252397,4096,3094917120,3096809675,3094782676
2025-05-20 03:47:04,19163,2195062784,31547392,0.0,0.094532563964437,0,13,0.4,2.55,0.0,0.0,0.0,10035200,0,7,4,1,0,sleeping,184400,252397,4096,3094917120,3096809675,3094782676
2025-05-20 03:47:05,19163,2195062784,31547392,0.0,0.094532563964437,0,13,0.4,2.55,0.0,0.0,0.0,10035200,0,7,4,1,0,sleeping,184400,252397,4096,3094917120,3096809675,3094782676
2025-05-20 03:47:06,19163,2195062784,31547392,0.0,0.094532563964437,0,13,0.4,2.55,0.0,0.0,0.0,10035200,0,7,4,1,0,sleeping,184400,252397,4096,3094917120,3096809675,3094782676
2025-05-20 03:47:07,19163,2195062784,31547392,0.0,0.094532563964437,0,13,0.4,2.55,0.0,0.0,0.0,10035200,0,7,4,1,0,sleeping,184400,252397,4096,3094917120,3096809675,3094782676
2025-05-20 03:47:09,19163,2195062784,31547392,0.0,0.094532563964437,0,13,0.4,2.55,0.0,0.0,0.0,10035200,0,7,4,1,0,sleeping,184400,252397,4096,3094917120,3096809675,3094782676
2025-05-20 03:47:10,19163,2195062784,31547392,0.0,0.094532563964437,0,13,0.4,2.55,0.0,0.0,0.0,10035200,0,7,4,1,0,sleeping,184400,252397,4096,3094917120,3096809675,3094782676
2025-05-20 03:47:11,19163,2195062784,31547392,0.0,0.094532563964437,0,13,0.4,2.55,0.0,0.0,0.0,10035200,0,7,4,1,0,sleeping,184400,252397,4096,3094917120,3096809675,3094782676
2025-05-20 03:47:12,19163,2195062784,31547392,0.0,0.094532563964437,0,13,0.4,2.55,0.0,0.0,0.0,10035200,0,7,4,1,0,sleeping,184400,252397,4096,3094917120,3096809675,3094782676
2025-05-20 03:47:13,19163,2195062784,31547392,0.0,0.094532563964437,0,13,0.4,2.55,0.0,0.0,0.0,10035200,0,7,4,1,0,sleeping,184400,252397,4096,3094917120,3096809675,3094782676
2025-05-20 03:47:14,19163,2195062784,31547392,0.0,0.094532563964437,0,13,0.4,2.55,0.0,0.0,0.0,10035200,0,7,4,1,0,sleeping,184400,252397,4096,3094917120,3096809675,3094782676
2025-05-20 03:47:15,19163,2195062784,31547392,0.0,0.094532563964437,0,13,0.4,2.55,0.0,0.0,0.0,10035200,0,7,4,1,0,sleeping,184400,252397,4096,3094917120,3096809675,3094782676
2025-05-20 03:47:16,19163,2195062784,31547392,0.0,0.094532563964437,0,13,0.4,2.55,0.0,0.0,0.0,10035200,0,7,4,1,0,sleeping,184400,252397,4096,3094917120,3096809675,3094782676
2025-05-20 03:47:17,19163,2195062784,31547392,0.0,0.094532563964437,0,13,0.4,2.55,0.0,0.0,0.0,10035200,0,7,4,1,0,sleeping,184400,252397,4096,3094917120,3096809675,3094782676
2025-05-20 03:47:18,19163,2195062784,31547392,0.0,0.094532563964437,0,13,0.4,2.55,0.0,0.0,0.0,10035200,0,7,4,1,0,sleeping,184400,252397,4096,3094917120,3096809675,3094782676
2025-05-20 03:47:19,19163,2195062784,31547392,0.0,0.094532563964437,0,13,0.4,2.55,0.0,0.0,0.0,10035200,0,7,4,1,0,sleeping,184400,252397,4096,3094917120,3096809675,3094782676
2025-05-20 03:47:21,19163,2195062784,31547392,0.0,0.094532563964437,0,13,0.4,2.55,0.0,0.0,0.0,10035200,0,7,4,1,0,sleeping,184400,252397,4096,3094917120,3096809675,3094782676
2025-05-20 03:47:22,19163,2195062784,31547392,0.0,0.094532563964437,0,13,0.4,2.55,0.0,0.0,0.0,10035200,0,7,4,1,0,sleeping,184406,252400,4096,3094917120,3096810611,3094783588
2025-05-20 03:47:23,19163,2195062784,31547392,0.0,0.094532563964437,0,13,0.4,2.55,0.0,0.0,0.0,10035200,0,7,4,1,0,sleeping,184406,252400,4096,3094917120,3096810611,3094783588
2025-05-20 03:47:24,19163,2195062784,31547392,0.0,0.094532563964437,0,13,0.4,2.55,0.0,0.0,0.0,10035200,0,7,4,1,0,sleeping,184406,252400,4096,3094917120,3096810611,3094783588
2025-05-20 03:47:25,19163,2195062784,31547392,0.0,0.094532563964437,0,13,0.4,2.55,0.0,0.0,0.0,10035200,0,7,4,1,0,sleeping,184406,252400,4096,3094917120,3096810611,3094783588
2025-05-20 03:47:26,19163,2195062784,31547392,0.0,0.094532563964437,0,13,0.4,2.55,0.0,0.0,0.0,10035200,0,7,4,1,0,sleeping,184406,252400,4096,3094917120,3096810611,3094783588
2025-05-20 03:47:28,19163,2195062784,31547392,0.0,0.094532563964437,0,13,0.4,2.55,0.0,0.0,0.0,10035200,0,7,4,1,0,sleeping,184406,252400,4096,3094917120,3096810611,3094783588
2025-05-20 03:47:29,19163,2195062784,31547392,6.7,0.094532563964437,0,13,0.43,2.61,0.0,0.0,0.0,10035200,0,7,4,1,0,sleeping,188306,257439,4096,3154448384,3156382332,3154314997
2025-05-20 03:47:31,19163,2195062784,31547392,0.0,0.094532563964437,0,13,0.43,2.61,0.0,0.0,0.0,10035200,0,7,4,1,0,sleeping,188308,257440,4096,3154448384,3156382392,3154315049
2025-05-20 03:47:32,19163,2195062784,31547392,0.0,0.094532563964437,0,13,0.43,2.61,0.0,0.0,0.0,10035200,0,7,4,1,0,sleeping,188308,257440,4096,3154448384,3156382392,3154315049
2025-05-20 03:47:33,19163,2195062784,31547392,0.0,0.094532563964437,0,13,0.43,2.61,0.0,0.0,0.0,9957376,0,7,4,1,0,sleeping,188308,257440,4096,3154448384,3156382392,3154315049
2025-05-20 03:47:34,19163,2195062784,31547392,0.0,0.094532563964437,0,13,0.43,2.61,0.0,0.0,0.0,9957376,0,7,4,1,0,sleeping,188308,257440,4096,3154448384,3156382392,3154315049
2025-05-20 03:47:35,19163,2195062784,31547392,0.0,0.094532563964437,0,13,0.43,2.61,0.0,0.0,0.0,9957376,0,7,4,1,0,sleeping,188308,257440,4096,3154448384,3156382392,3154315049
2025-05-20 03:47:36,19163,2195062784,31547392,0.0,0.094532563964437,0,13,0.43,2.61,0.0,0.0,0.0,9957376,0,7,4,1,0,sleeping,188308,257440,4096,3154448384,3156382392,3154315049
2025-05-20 03:47:37,19163,2195062784,31547392,0.0,0.094532563964437,0,13,0.43,2.61,0.0,0.0,0.0,9957376,0,7,4,1,0,sleeping,188308,257440,4096,3154448384,3156382392,3154315049
2025-05-20 03:47:38,19163,2195062784,31547392,0.0,0.094532563964437,0,13,0.43,2.61,0.0,0.0,0.0,9957376,0,7,4,1,0,sleeping,188308,257440,4096,3154448384,3156382392,3154315049
2025-05-20 03:47:39,19163,2195062784,31547392,0.0,0.094532563964437,0,13,0.43,2.61,0.0,0.0,0.0,9957376,0,7,4,1,0,sleeping,188308,257440,4096,3154448384,3156382392,3154315049
2025-05-20 03:47:40,19163,2195062784,31547392,0.0,0.094532563964437,0,13,0.43,2.61,0.0,0.0,0.0,9957376,0,7,4,1,0,sleeping,188308,257440,4096,3154448384,3156382392,3154315049
2025-05-20 03:47:41,19163,2195062784,31547392,0.0,0.094532563964437,0,13,0.43,2.61,0.0,0.0,0.0,9957376,0,7,4,1,0,sleeping,188308,257440,4096,3154448384,3156382392,3154315049
2025-05-20 03:47:43,19163,2195062784,31547392,0.0,0.094532563964437,0,13,0.43,2.61,0.0,0.0,0.0,9957376,0,7,4,1,0,sleeping,188308,257440,4096,3154448384,3156382392,3154315049
2025-05-20 03:47:44,19163,2195062784,31547392,0.0,0.094532563964437,0,13,0.43,2.61,0.0,0.0,0.0,9957376,0,7,4,1,0,sleeping,188308,257440,4096,3154448384,3156382392,3154315049
2025-05-20 03:47:45,19163,2195062784,31547392,0.0,0.094532563964437,0,13,0.43,2.61,0.0,0.0,0.0,9957376,0,7,4,1,0,sleeping,188308,257440,4096,3154448384,3156382392,3154315049
2025-05-20 03:47:46,19163,2195062784,31547392,0.0,0.094532563964437,0,13,0.43,2.61,0.0,0.0,0.0,9957376,0,7,4,1,0,sleeping,188308,257440,4096,3154448384,3156382392,3154315049
2025-05-20 03:47:47,19163,2195062784,31547392,0.0,0.094532563964437,0,13,0.43,2.61,0.0,0.0,0.0,9957376,0,7,4,1,0,sleeping,188308,257440,4096,3154448384,3156382392,3154315049
2025-05-20 03:47:48,19163,2195062784,31547392,0.0,0.094532563964437,0,13,0.43,2.61,0.0,0.0,0.0,9957376,0,7,4,1,0,sleeping,188308,257440,4096,3154448384,3156382392,3154315049
2025-05-20 03:47:49,19163,2195062784,31547392,0.0,0.094532563964437,0,13,0.43,2.61,0.0,0.0,0.0,9957376,0,7,4,1,0,sleeping,188312,257442,4096,3154452480,3156383018,3154315659
2025-05-20 03:47:50,19163,2195062784,31547392,0.0,0.094532563964437,0,13,0.43,2.61,0.0,0.0,0.0,9957376,0,7,4,1,0,sleeping,188312,257442,4096,3154452480,3156383018,3154315659
2025-05-20 03:47:51,19163,2195062784,31547392,0.0,0.094532563964437,0,13,0.43,2.61,0.0,0.0,0.0,9957376,0,7,4,1,0,sleeping,188312,257442,4096,3154452480,3156383018,3154315659
2025-05-20 03:47:52,19163,2195062784,31547392,4.5,0.094532563964437,0,13,0.44,2.65,0.0,0.0,0.0,9957376,0,8,4,1,0,sleeping,191758,262061,4096,3213959168,3215926803,3213822492
2025-05-20 03:47:53,19163,2195062784,31547392,0.0,0.094532563964437,0,13,0.44,2.65,0.0,0.0,0.0,9957376,0,7,4,1,0,sleeping,191760,262062,4096,3213959168,3215926863,3213822544
2025-05-20 03:47:55,19163,2195062784,31547392,0.0,0.094532563964437,0,13,0.44,2.65,0.0,0.0,0.0,9957376,0,7,4,1,0,sleeping,191760,262062,4096,3213959168,3215926863,3213822544
2025-05-20 03:47:56,19163,2195062784,31547392,0.0,0.094532563964437,0,13,0.44,2.65,0.0,0.0,0.0,9957376,0,7,4,1,0,sleeping,191760,262062,4096,3213959168,3215926863,3213822544
2025-05-20 03:47:57,19163,2195062784,31547392,0.0,0.094532563964437,0,13,0.44,2.65,0.0,0.0,0.0,9957376,0,7,4,1,0,sleeping,191760,262062,4096,3213959168,3215926863,3213822544
2025-05-20 03:47:58,19163,2195062784,31547392,0.0,0.094532563964437,0,13,0.44,2.65,0.0,0.0,0.0,9957376,0,7,4,1,0,sleeping,191760,262062,4096,3213959168,3215926863,3213822544
2025-05-20 03:47:59,19163,2195062784,31547392,0.0,0.094532563964437,0,13,0.44,2.65,0.0,0.0,0.0,9957376,0,7,4,1,0,sleeping,191760,262062,4096,3213959168,3215926863,3213822544
2025-05-20 03:48:01,19163,2195062784,31547392,0.0,0.094532563964437,0,13,0.44,2.65,0.0,0.0,0.0,9957376,0,7,4,1,0,sleeping,191760,262062,4096,3213959168,3215926863,3213822544
2025-05-20 03:48:02,19163,2195062784,31547392,0.0,0.094532563964437,0,13,0.44,2.65,0.0,0.0,0.0,9957376,0,7,4,1,0,sleeping,191760,262062,4096,3213959168,3215926863,3213822544
2025-05-20 03:48:03,19163,2195062784,31547392,0.0,0.094532563964437,0,13,0.44,2.65,0.0,0.0,0.0,9957376,0,7,4,1,0,sleeping,191760,262062,4096,3213959168,3215926863,3213822544
2025-05-20 03:48:04,19163,2195062784,31547392,0.0,0.094532563964437,0,13,0.44,2.65,0.0,0.0,0.0,9957376,0,7,4,1,0,sleeping,191760,262062,4096,3213959168,3215926863,3213822544
2025-05-20 03:48:05,19163,2195062784,31547392,0.0,0.094532563964437,0,13,0.44,2.65,0.0,0.0,0.0,9957376,0,7,4,1,0,sleeping,191760,262062,4096,3213959168,3215926863,3213822544
2025-05-20 03:48:06,19163,2195062784,31547392,0.0,0.094532563964437,0,13,0.44,2.65,0.0,0.0,0.0,9957376,0,7,4,1,0,sleeping,191760,262062,4096,3213959168,3215926863,3213822544
2025-05-20 03:48:08,19163,2195062784,31547392,0.0,0.094532563964437,0,13,0.44,2.65,0.0,0.0,0.0,9957376,0,7,4,1,0,sleeping,191760,262062,4096,3213959168,3215926863,3213822544
2025-05-20 03:48:09,19163,2195062784,31547392,0.0,0.094532563964437,0,13,0.44,2.65,0.0,0.0,0.0,9957376,0,7,4,1,0,sleeping,191760,262062,4096,3213959168,3215926863,3213822544
2025-05-20 03:48:10,19163,2195062784,31547392,0.0,0.094532563964437,0,13,0.44,2.65,0.0,0.0,0.0,9957376,0,7,4,1,0,sleeping,191760,262062,4096,3213959168,3215926863,3213822544
2025-05-20 03:48:11,19163,2195062784,31547392,0.0,0.094532563964437,0,13,0.44,2.65,0.0,0.0,0.0,9957376,0,7,4,1,0,sleeping,191760,262062,4096,3213959168,3215926863,3213822544
2025-05-20 03:48:12,19163,2195062784,31547392,0.0,0.094532563964437,0,13,0.44,2.65,0.0,0.0,0.0,9957376,0,7,4,1,0,sleeping,191760,262062,4096,3213959168,3215926863,3213822544
2025-05-20 03:48:13,19163,2195062784,31547392,0.0,0.094532563964437,0,13,0.44,2.65,0.0,0.0,0.0,9957376,0,7,4,1,0,sleeping,191760,262062,4096,3213959168,3215926863,3213822544
2025-05-20 03:48:14,19163,2195062784,31547392,0.0,0.094532563964437,0,13,0.44,2.65,0.0,0.0,0.0,9957376,0,7,4,1,0,sleeping,191760,262062,4096,3213959168,3215926863,3213822544
2025-05-20 03:48:15,19163,2195062784,31547392,0.9,0.094532563964437,0,13,0.44,2.66,0.0,0.0,0.0,9957376,0,7,4,1,0,sleeping,191764,262064,4096,3213959168,3215927489,3213823154
2025-05-20 03:48:16,19163,2195062784,31547392,0.0,0.094532563964437,0,13,0.44,2.66,0.0,0.0,0.0,9957376,0,7,4,1,0,sleeping,191764,262064,4096,3213959168,3215927489,3213823154
2025-05-20 03:48:17,19163,2195062784,31547392,0.0,0.094532563964437,0,13,0.44,2.66,0.0,0.0,0.0,9957376,0,7,4,1,0,sleeping,191764,262064,4096,3213959168,3215927489,3213823154
2025-05-20 03:48:18,19163,2195062784,31547392,4.5,0.094532563964437,0,13,0.45,2.7,0.0,0.0,0.0,9957376,0,6,4,1,0,sleeping,195283,266927,4096,3273474048,3275481418,3273338179
2025-05-20 03:48:20,19163,2195062784,31547392,0.0,0.094532563964437,0,13,0.45,2.7,0.0,0.0,0.0,9957376,0,6,4,1,0,sleeping,195285,266928,4096,3273474048,3275481478,3273338231
2025-05-20 03:48:21,19163,2195062784,31547392,0.0,0.094532563964437,0,13,0.45,2.7,0.0,0.0,0.0,9957376,0,6,4,1,0,sleeping,195285,266928,4096,3273474048,3275481478,3273338231
2025-05-20 03:48:22,19163,2195062784,31547392,0.0,0.094532563964437,0,13,0.45,2.7,0.0,0.0,0.0,9957376,0,6,4,1,0,sleeping,195285,266928,4096,3273474048,3275481478,3273338231
2025-05-20 03:48:23,19163,2195062784,31547392,0.0,0.094532563964437,0,13,0.45,2.7,0.0,0.0,0.0,9957376,0,6,4,1,0,sleeping,195285,266928,4096,3273474048,3275481478,3273338231
2025-05-20 03:48:24,19163,2195062784,31547392,0.0,0.094532563964437,0,13,0.45,2.7,0.0,0.0,0.0,9957376,0,6,4,1,0,sleeping,195285,266928,4096,3273474048,3275481478,3273338231
2025-05-20 03:48:25,19163,2195062784,31547392,0.0,0.094532563964437,0,13,0.45,2.7,0.0,0.0,0.0,9957376,0,6,4,1,0,sleeping,195285,266928,4096,3273474048,3275481478,3273338231
2025-05-20 03:48:26,19163,2195062784,31547392,0.0,0.094532563964437,0,13,0.45,2.7,0.0,0.0,0.0,9957376,0,6,4,1,0,sleeping,195285,266928,4096,3273474048,3275481478,3273338231
2025-05-20 03:48:27,19163,2195062784,31547392,0.0,0.094532563964437,0,13,0.45,2.7,0.0,0.0,0.0,9957376,0,6,4,1,0,sleeping,195285,266928,4096,3273474048,3275481478,3273338231
2025-05-20 03:48:28,19163,2195062784,31547392,0.0,0.094532563964437,0,13,0.45,2.7,0.0,0.0,0.0,9957376,0,6,4,1,0,sleeping,195285,266928,4096,3273474048,3275481478,3273338231
2025-05-20 03:48:30,19163,2195062784,31547392,0.0,0.094532563964437,0,13,0.45,2.7,0.0,0.0,0.0,9957376,0,6,4,1,0,sleeping,195285,266928,4096,3273474048,3275481478,3273338231
2025-05-20 03:48:31,19163,2195062784,31547392,0.0,0.094532563964437,0,13,0.45,2.7,0.0,0.0,0.0,9957376,0,6,4,1,0,sleeping,195285,266928,4096,3273474048,3275481478,3273338231
2025-05-20 03:48:32,19163,2195062784,31547392,0.0,0.094532563964437,0,13,0.45,2.7,0.0,0.0,0.0,9957376,0,6,4,1,0,sleeping,195285,266928,4096,3273474048,3275481478,3273338231
2025-05-20 03:48:33,19163,2195062784,31547392,0.0,0.094532563964437,0,13,0.45,2.7,0.0,0.0,0.0,9957376,0,6,4,1,0,sleeping,195285,266928,4096,3273474048,3275481478,3273338231
2025-05-20 03:48:34,19163,2195062784,31547392,0.0,0.094532563964437,0,13,0.45,2.7,0.0,0.0,0.0,9957376,0,6,4,1,0,sleeping,195285,266928,4096,3273474048,3275481478,3273338231
2025-05-20 03:48:35,19163,2195062784,31547392,0.0,0.094532563964437,0,13,0.45,2.7,0.0,0.0,0.0,9957376,0,6,4,1,0,sleeping,195285,266928,4096,3273474048,3275481478,3273338231
2025-05-20 03:48:36,19163,2195062784,31547392,0.0,0.094532563964437,0,13,0.45,2.7,0.0,0.0,0.0,9957376,0,6,4,1,0,sleeping,195285,266928,4096,3273474048,3275481478,3273338231
2025-05-20 03:48:37,19163,2195062784,31547392,0.0,0.094532563964437,0,13,0.45,2.7,0.0,0.0,0.0,9957376,0,6,4,1,0,sleeping,195285,266928,4096,3273474048,3275481478,3273338231
2025-05-20 03:48:38,19163,2195062784,31547392,0.0,0.094532563964437,0,13,0.45,2.7,0.0,0.0,0.0,9957376,0,6,4,1,0,sleeping,195285,266928,4096,3273474048,3275481478,3273338231
2025-05-20 03:48:39,19163,2195062784,31547392,0.0,0.094532563964437,0,13,0.45,2.7,0.0,0.0,0.0,9957376,0,6,4,1,0,sleeping,195289,266930,4096,3273478144,3275482104,3273338841
2025-05-20 03:48:41,19163,2195062784,31547392,0.0,0.094532563964437,0,13,0.45,2.7,0.0,0.0,0.0,9957376,0,6,4,1,0,sleeping,195289,266930,4096,3273478144,3275482104,3273338841
2025-05-20 03:48:42,19163,2195062784,31547392,0.0,0.094532563964437,0,13,0.45,2.7,0.0,0.0,0.0,9957376,0,6,4,1,0,sleeping,195289,266930,4096,3273478144,3275482104,3273338841
2025-05-20 03:48:43,19163,2195062784,31547392,5.4,0.094532563964437,0,13,0.46,2.75,0.0,0.0,0.0,9957376,0,6,4,1,0,sleeping,198704,271640,4096,3332947968,3334989805,3332808862
2025-05-20 03:48:44,19163,2195062784,31547392,0.0,0.094532563964437,0,13,0.46,2.75,0.0,0.0,0.0,9957376,0,6,4,1,0,sleeping,198704,271640,4096,3332947968,3334989805,3332808862
2025-05-20 03:48:45,19163,2195062784,31547392,0.0,0.094532563964437,0,13,0.46,2.75,0.0,0.0,0.0,9957376,0,6,4,1,0,sleeping,198704,271640,4096,3332947968,3334989805,3332808862
2025-05-20 03:48:46,19163,2195062784,31547392,0.0,0.094532563964437,0,13,0.46,2.75,0.0,0.0,0.0,9957376,0,6,4,1,0,sleeping,198704,271640,4096,3332947968,3334989805,3332808862
2025-05-20 03:48:47,19163,2195062784,31547392,0.0,0.094532563964437,0,13,0.46,2.75,0.0,0.0,0.0,9957376,0,6,4,1,0,sleeping,198704,271640,4096,3332947968,3334989805,3332808862
2025-05-20 03:48:48,19163,2195062784,31547392,0.0,0.094532563964437,0,13,0.46,2.75,0.0,0.0,0.0,9957376,0,6,4,1,0,sleeping,198704,271640,4096,3332947968,3334989805,3332808862
2025-05-20 03:48:50,19163,2195062784,31547392,0.0,0.094532563964437,0,13,0.46,2.75,0.0,0.0,0.0,9957376,0,6,4,1,0,sleeping,198704,271640,4096,3332947968,3334989805,3332808862
2025-05-20 03:48:51,19163,2195062784,31547392,0.0,0.094532563964437,0,13,0.46,2.75,0.0,0.0,0.0,9957376,0,6,4,1,0,sleeping,198704,271640,4096,3332947968,3334989805,3332808862
2025-05-20 03:48:52,19163,2195062784,31547392,0.0,0.094532563964437,0,13,0.46,2.75,0.0,0.0,0.0,9957376,0,6,4,1,0,sleeping,198704,271640,4096,3332947968,3334989805,3332808862
2025-05-20 03:48:53,19163,2195062784,31547392,0.0,0.094532563964437,0,13,0.46,2.75,0.0,0.0,0.0,9957376,0,6,4,1,0,sleeping,198704,271640,4096,3332947968,3334989805,3332808862
2025-05-20 03:48:54,19163,2195062784,31547392,0.0,0.094532563964437,0,13,0.46,2.75,0.0,0.0,0.0,9957376,0,6,4,1,0,sleeping,198704,271640,4096,3332947968,3334989805,3332808862
2025-05-20 03:48:55,19163,2195062784,31547392,0.0,0.094532563964437,0,13,0.46,2.75,0.0,0.0,0.0,9957376,0,6,4,1,0,sleeping,198704,271640,4096,3332947968,3334989805,3332808862
2025-05-20 03:48:56,19163,2195062784,31547392,0.0,0.094532563964437,0,13,0.46,2.75,0.0,0.0,0.0,9957376,0,6,4,1,0,sleeping,198704,271640,4096,3332947968,3334989805,3332808862
2025-05-20 03:48:57,19163,2195062784,31547392,0.0,0.094532563964437,0,13,0.46,2.75,0.0,0.0,0.0,9957376,0,6,4,1,0,sleeping,198704,271640,4096,3332947968,3334989805,3332808862
2025-05-20 03:48:58,19163,2195062784,31547392,0.0,0.094532563964437,0,13,0.46,2.75,0.0,0.0,0.0,9957376,0,6,4,1,0,sleeping,198704,271640,4096,3332947968,3334989805,3332808862
2025-05-20 03:48:59,19163,2195062784,31547392,0.0,0.094532563964437,0,13,0.46,2.75,0.0,0.0,0.0,9957376,0,6,4,1,0,sleeping,198704,271640,4096,3332947968,3334989805,3332808862
2025-05-20 03:49:00,19163,2195062784,31547392,0.0,0.094532563964437,0,13,0.46,2.75,0.0,0.0,0.0,9957376,0,6,4,1,0,sleeping,198704,271640,4096,3332947968,3334989805,3332808862
2025-05-20 03:49:01,19163,2195062784,31547392,0.0,0.094532563964437,0,13,0.46,2.75,0.0,0.0,0.0,9957376,0,6,4,1,0,sleeping,198704,271640,4096,3332947968,3334989805,3332808862
2025-05-20 03:49:03,19163,2195062784,31547392,0.0,0.094532563964437,0,13,0.46,2.75,0.0,0.0,0.0,9957376,0,6,4,1,0,sleeping,198704,271640,4096,3332947968,3334989805,3332808862
2025-05-20 03:49:04,19163,2195062784,31547392,0.0,0.094532563964437,0,13,0.46,2.75,0.0,0.0,0.0,9957376,0,6,4,1,0,sleeping,198708,271642,4096,3332952064,3334990431,3332809472
2025-05-20 03:49:05,19163,2195062784,31547392,0.0,0.094532563964437,0,13,0.46,2.75,0.0,0.0,0.0,9957376,0,6,4,1,0,sleeping,198708,271642,4096,3332952064,3334990431,3332809472
2025-05-20 03:49:06,19163,2195062784,31547392,0.0,0.094532563964437,0,13,0.46,2.75,0.0,0.0,0.0,9957376,0,6,4,1,0,sleeping,198708,271642,4096,3332952064,3334990431,3332809472
2025-05-20 03:49:07,19163,2195062784,31547392,4.5,0.094532563964437,0,13,0.46,2.8,0.0,0.0,0.0,9957376,0,7,4,1,0,sleeping,201990,275989,4096,3392466944,3394540232,3392324497
2025-05-20 03:49:08,19163,2195062784,31547392,0.0,0.094532563964437,0,13,0.46,2.8,0.0,0.0,0.0,9957376,0,6,4,1,0,sleeping,201992,275990,4096,3392466944,3394540292,3392324549
2025-05-20 03:49:09,19163,2195062784,31547392,0.0,0.094532563964437,0,13,0.46,2.8,0.0,0.0,0.0,9957376,0,6,4,1,0,sleeping,201992,275990,4096,3392466944,3394540292,3392324549
2025-05-20 03:49:10,19163,2195062784,31547392,0.0,0.094532563964437,0,13,0.46,2.8,0.0,0.0,0.0,9957376,0,6,4,1,0,sleeping,201992,275990,4096,3392466944,3394540292,3392324549
2025-05-20 03:49:11,19163,2195062784,31547392,0.0,0.094532563964437,0,13,0.46,2.8,0.0,0.0,0.0,9957376,0,6,4,1,0,sleeping,201992,275990,4096,3392466944,3394540292,3392324549
2025-05-20 03:49:12,19163,2195062784,31547392,0.0,0.094532563964437,0,13,0.46,2.8,0.0,0.0,0.0,9957376,0,6,4,1,0,sleeping,201992,275990,4096,3392466944,3394540292,3392324549
2025-05-20 03:49:14,19163,2195062784,31547392,0.0,0.094532563964437,0,13,0.46,2.8,0.0,0.0,0.0,9957376,0,6,4,1,0,sleeping,201992,275990,4096,3392466944,3394540292,3392324549
2025-05-20 03:49:15,19163,2195062784,31547392,0.0,0.094532563964437,0,13,0.46,2.8,0.0,0.0,0.0,9957376,0,6,4,1,0,sleeping,201992,275990,4096,3392466944,3394540292,3392324549
2025-05-20 03:49:16,19163,2195062784,31547392,0.0,0.094532563964437,0,13,0.46,2.8,0.0,0.0,0.0,9957376,0,6,4,1,0,sleeping,201992,275990,4096,3392466944,3394540292,3392324549
2025-05-20 03:49:17,19163,2195062784,31547392,0.0,0.094532563964437,0,13,0.46,2.8,0.0,0.0,0.0,9957376,0,6,4,1,0,sleeping,201992,275990,4096,3392466944,3394540292,3392324549
2025-05-20 03:49:18,19163,2195062784,31547392,0.0,0.094532563964437,0,13,0.46,2.8,0.0,0.0,0.0,9957376,0,6,4,1,0,sleeping,201992,275990,4096,3392466944,3394540292,3392324549
2025-05-20 03:49:19,19163,2195062784,31547392,0.0,0.094532563964437,0,13,0.46,2.8,0.0,0.0,0.0,9957376,0,6,4,1,0,sleeping,201992,275990,4096,3392466944,3394540292,3392324549
2025-05-20 03:49:20,19163,2195062784,31547392,0.0,0.094532563964437,0,13,0.46,2.8,0.0,0.0,0.0,9957376,0,6,4,1,0,sleeping,201992,275990,4096,3392466944,3394540292,3392324549
2025-05-20 03:49:21,19163,2195062784,31547392,0.0,0.094532563964437,0,13,0.46,2.8,0.0,0.0,0.0,9957376,0,6,4,1,0,sleeping,201992,275990,4096,3392466944,3394540292,3392324549
2025-05-20 03:49:22,19163,2195062784,31547392,0.0,0.094532563964437,0,13,0.46,2.8,0.0,0.0,0.0,9957376,0,6,4,1,0,sleeping,201992,275990,4096,3392466944,3394540292,3392324549
2025-05-20 03:49:23,19163,2195062784,31547392,0.0,0.094532563964437,0,13,0.46,2.8,0.0,0.0,0.0,9957376,0,6,4,1,0,sleeping,201992,275990,4096,3392466944,3394540292,3392324549
2025-05-20 03:49:24,19163,2195062784,31547392,0.0,0.094532563964437,0,13,0.46,2.8,0.0,0.0,0.0,9957376,0,6,4,1,0,sleeping,201992,275990,4096,3392466944,3394540292,3392324549
2025-05-20 03:49:25,19163,2195062784,31547392,0.0,0.094532563964437,0,13,0.46,2.8,0.0,0.0,0.0,9957376,0,6,4,1,0,sleeping,201992,275990,4096,3392466944,3394540292,3392324549
2025-05-20 03:49:27,19163,2195062784,31547392,0.0,0.094532563964437,0,13,0.46,2.8,0.0,0.0,0.0,9957376,0,6,4,1,0,sleeping,201996,275992,4096,3392471040,3394540919,3392325160
2025-05-20 03:49:28,19163,2195062784,31547392,0.0,0.094532563964437,0,13,0.46,2.8,0.0,0.0,0.0,9957376,0,6,4,1,0,sleeping,201996,275992,4096,3392471040,3394540919,3392325160
2025-05-20 03:49:29,19163,2195062784,31547392,0.0,0.094532563964437,0,13,0.46,2.8,0.0,0.0,0.0,9957376,0,6,4,1,0,sleeping,201996,275992,4096,3392471040,3394540919,3392325160
2025-05-20 03:49:30,19163,2195062784,31547392,5.4,0.094532563964437,0,13,0.47,2.85,0.0,0.0,0.0,9957376,0,6,4,1,0,sleeping,205372,280394,4096,3452006400,3454111640,3451860665
2025-05-20 03:49:31,19163,2195062784,31547392,0.0,0.094532563964437,0,13,0.47,2.85,0.0,0.0,0.0,9957376,0,6,4,1,0,sleeping,205374,280395,4096,3452006400,3454111698,3451860715
2025-05-20 03:49:32,19163,2195062784,31547392,0.0,0.094532563964437,0,13,0.47,2.85,0.0,0.0,0.0,9957376,0,6,4,1,0,sleeping,205374,280395,4096,3452006400,3454111698,3451860715
2025-05-20 03:49:33,19163,2195062784,31547392,0.0,0.094532563964437,0,13,0.47,2.85,0.0,0.0,0.0,9957376,0,6,4,1,0,sleeping,205374,280395,4096,3452006400,3454111698,3451860715
2025-05-20 03:49:34,19163,2195062784,31547392,0.0,0.094532563964437,0,13,0.47,2.85,0.0,0.0,0.0,9957376,0,6,4,1,0,sleeping,205374,280395,4096,3452006400,3454111698,3451860715
2025-05-20 03:49:36,19163,2195062784,31547392,0.0,0.094532563964437,0,13,0.47,2.85,0.0,0.0,0.0,9957376,0,6,4,1,0,sleeping,205374,280395,4096,3452006400,3454111698,3451860715
2025-05-20 03:49:37,19163,2195062784,31547392,0.0,0.094532563964437,0,13,0.47,2.85,0.0,0.0,0.0,9957376,0,6,4,1,0,sleeping,205374,280395,4096,3452006400,3454111698,3451860715
2025-05-20 03:49:38,19163,2195062784,31547392,0.0,0.094532563964437,0,13,0.47,2.85,0.0,0.0,0.0,9957376,0,6,4,1,0,sleeping,205374,280395,4096,3452006400,3454111698,3451860715
2025-05-20 03:49:39,19163,2195062784,31547392,0.0,0.094532563964437,0,13,0.47,2.85,0.0,0.0,0.0,9957376,0,6,4,1,0,sleeping,205374,280395,4096,3452006400,3454111698,3451860715
2025-05-20 03:49:40,19163,2195062784,31547392,0.0,0.094532563964437,0,13,0.47,2.85,0.0,0.0,0.0,9957376,0,6,4,1,0,sleeping,205374,280395,4096,3452006400,3454111698,3451860715
2025-05-20 03:49:41,19163,2195062784,31547392,0.0,0.094532563964437,0,13,0.47,2.85,0.0,0.0,0.0,9957376,0,6,4,1,0,sleeping,205374,280395,4096,3452006400,3454111698,3451860715
2025-05-20 03:49:42,19163,2195062784,31547392,0.0,0.094532563964437,0,13,0.47,2.85,0.0,0.0,0.0,9957376,0,6,4,1,0,sleeping,205374,280395,4096,3452006400,3454111698,3451860715
2025-05-20 03:49:43,19163,2195062784,31547392,0.0,0.094532563964437,0,13,0.47,2.85,0.0,0.0,0.0,9957376,0,6,4,1,0,sleeping,205374,280395,4096,3452006400,3454111698,3451860715
2025-05-20 03:49:44,19163,2195062784,31547392,0.0,0.094532563964437,0,13,0.47,2.85,0.0,0.0,0.0,9957376,0,6,4,1,0,sleeping,205374,280395,4096,3452006400,3454111698,3451860715
2025-05-20 03:49:45,19163,2195062784,31547392,0.0,0.094532563964437,0,13,0.47,2.85,0.0,0.0,0.0,9957376,0,6,4,1,0,sleeping,205374,280395,4096,3452006400,3454111698,3451860715
2025-05-20 03:49:47,19163,2195062784,31547392,0.0,0.094532563964437,0,13,0.47,2.85,0.0,0.0,0.0,9957376,0,6,4,1,0,sleeping,205374,280395,4096,3452006400,3454111698,3451860715
2025-05-20 03:49:48,19163,2195062784,31547392,0.0,0.094532563964437,0,13,0.47,2.85,0.0,0.0,0.0,9957376,0,6,4,1,0,sleeping,205374,280395,4096,3452006400,3454111698,3451860715
2025-05-20 03:49:49,19163,2195062784,31547392,0.0,0.094532563964437,0,13,0.47,2.85,0.0,0.0,0.0,9957376,0,6,4,1,0,sleeping,205374,280395,4096,3452006400,3454111698,3451860715
2025-05-20 03:49:50,19163,2195062784,31547392,0.0,0.094532563964437,0,13,0.47,2.85,0.0,0.0,0.0,9957376,0,6,4,1,0,sleeping,205374,280395,4096,3452006400,3454111698,3451860715
2025-05-20 03:49:51,19163,2195062784,31547392,0.0,0.094532563964437,0,13,0.47,2.85,0.0,0.0,0.0,9957376,0,6,4,1,0,sleeping,205374,280395,4096,3452006400,3454111698,3451860715
2025-05-20 03:49:52,19163,2195062784,31547392,0.0,0.094532563964437,0,13,0.47,2.85,0.0,0.0,0.0,9957376,0,6,4,1,0,sleeping,205378,280397,4096,3452006400,3454112325,3451861326
2025-05-20 03:49:53,19163,2195062784,31547392,0.0,0.094532563964437,0,13,0.47,2.85,0.0,0.0,0.0,9957376,0,6,4,1,0,sleeping,205378,280397,4096,3452006400,3454112325,3451861326
2025-05-20 03:49:54,19163,2195062784,31547392,0.0,0.094532563964437,0,13,0.47,2.85,0.0,0.0,0.0,9957376,0,6,4,1,0,sleeping,205378,280397,4096,3452006400,3454112325,3451861326
2025-05-20 03:49:55,19163,2195062784,31547392,4.5,0.094532563964437,0,13,0.48,2.89,0.0,0.0,0.0,9957376,0,8,4,1,0,sleeping,209535,285455,4096,3511529472,3513676005,3511384542
2025-05-20 03:49:56,19163,2195062784,31547392,0.0,0.094532563964437,0,13,0.48,2.89,0.0,0.0,0.0,9957376,0,8,4,1,0,sleeping,209535,285455,4096,3511529472,3513676005,3511384542
2025-05-20 03:49:57,19163,2195062784,31547392,0.0,0.094532563964437,0,13,0.48,2.89,0.0,0.0,0.0,9957376,0,8,4,1,0,sleeping,209535,285455,4096,3511529472,3513676005,3511384542
2025-05-20 03:49:59,19163,2195062784,31547392,0.0,0.094532563964437,0,13,0.48,2.89,0.0,0.0,0.0,9957376,0,8,4,1,0,sleeping,209539,285457,4096,3511533568,3513676631,3511385152
